uid,domainID,siteID,namedLocation,collectDate,identifiedDate,sampleID,sampleCode,slideID,acceptedTaxonID,targetTaxaPresent,scientificName,morphospeciesID,taxonRank,phylum,subphylum,class,subclass,infraclass,superorder,order,suborder,infraorder,superfamily,family,subfamily,tribe,subtribe,genus,specificEpithet,infraspecificEpithet,invertebrateLifeStage,sizeClass,sizeCategory,individualCount,subsamplePercent,estimatedTotalCount,immatureSpecimen,indeterminateSpecies,taxonRankQualifier,sampleCondition,distinctTaxon,identificationQualifier,identificationReferences,qcChecked,laboratoryName,identifiedBy,identificationRemarks,identificationHistoryID,dataQF
"61ad4a93-8064-4ec1-b2c1-7bccbf5d0112","D16","MART","MART.AOS.reach","2022-07-11T17:19Z","2023-08-18","MART.20220711.SURBER.1","A00000292708",,"LJASP","Y","Ljania sp.",,"genus","Arthropoda","Chelicerata","Arachnida","Acari",,"Acariformes","Trombidiformes","Prostigmata",,"Hygrobatoidea","Aturidae",,,,"Ljania","sp.",,"adult",1,,2,100,2,"N","N",,"condition OK","Y",,"Thorp and Rogers 2016","N","Rhithron Associates, Inc.","J. Webb",,,
"73daf47d-243f-4963-a9ee-5754ca47f730","D16","MART","MART.AOS.reach","2022-07-11T17:19Z","2023-08-22","MART.20220711.SURBER.4","A00000292711",,"CRISP6","Y","Cricotopus/Orthocladius sp.",,"speciesGroup","Arthropoda","Hexapoda","Insecta","Pterygota","Neoptera","Holometabola","Diptera","Nematocera","Culicomorpha",,"Chironomidae","Orthocladiinae",,,"Cricotopus/Orthocladius","sp.",,"larva",2,,6,100,6,"Y","N","early instar","condition OK","Y",,"Weiderholm, 1983; Weiderholm, 1986; Epler 2001; Ferrington et al. 2008; Andersen, Cranston and Epler 2013","N","Rhithron Associates, Inc.","A. Fasbender",,,
"b2428e79-1401-4cd2-9626-f961131604b6","D16","MART","MART.AOS.reach","2022-07-11T17:19Z","2023-08-22","MART.20220711.SURBER.1","A00000292708",,"ORTSP3","Y","Orthocladius sp.",,"genus","Arthropoda","Hexapoda","Insecta","Pterygota","Neoptera","Holometabola","Diptera","Nematocera","Culicomorpha",,"Chironomidae","Orthocladiinae",,,"Orthocladius","sp.",,"larva",2,,1,100,1,"N","N",,"condition OK","Y",,"Weiderholm, 1983; Weiderholm, 1986; Epler 2001; Ferrington et al. 2019; Andersen, Cranston and Epler 2013","N","Rhithron Associates, Inc.","A. Fasbender",,,
"0a377d84-32f8-40ed-ae59-d87241e9c919","D16","MART","MART.AOS.reach","2022-07-11T17:19Z","2023-08-18","MART.20220711.SURBER.1","A00000292708",,"BAESP2","Y","Baetis sp.",,"genus","Arthropoda","Hexapoda","Insecta","Pterygota","Palaeoptera",,"Ephemeroptera","Pisciforma",,,"Baetidae",,,,"Baetis","sp.",,"larva",3,,17,100,17,"N","N","damaged","damaged, affecting taxonomy and measurement","N",,"Merritt et al. 2019","N","Rhithron Associates, Inc.","J. Webb","mostly heads",,
"4a93af16-9558-452f-bb93-93936cc22e33","D16","MART","MART.AOS.reach","2022-07-11T17:19Z","2023-08-22","MART.20220711.SURBER.5","A00000292712",,"POLSP13","Y","Polypedilum sp.",,"genus","Arthropoda","Hexapoda","Insecta","Pterygota","Neoptera","Holometabola","Diptera","Nematocera","Culicomorpha",,"Chironomidae","Chironominae","Chironomini",,"Polypedilum","sp.",,"larva",5,,1,100,1,"N","N",,"condition OK","Y",,"Weiderholm, 1983; Weiderholm, 1986; Epler 2001; Ferrington et al. 2008; Andersen, Cranston and Epler 2013","N","Rhithron Associates, Inc.","A. Fasbender",,,
"0aa0521e-30b2-43f4-b60f-fe1b34b6f591","D16","MART","MART.AOS.reach","2022-07-11T17:19Z","2023-08-18","MART.20220711.SURBER.1","A00000292708",,"LEPSP4","Y","Leptophlebiidae sp.",,"family","Arthropoda","Hexapoda","Insecta","Pterygota","Palaeoptera",,"Ephemeroptera","Furcatergalia","Lanceolata",,"Leptophlebiidae",,,,,"sp.",,"larva",4,,2,100,2,"N","N","damaged","damaged, affecting taxonomy and measurement","Y",,"Merritt et al. 2019","N","Rhithron Associates, Inc.","J. Webb","heads only",,
"6dfdd420-8861-4d7c-827a-bc1059de8ebf","D16","MART","MART.AOS.reach","2022-07-11T17:19Z","2023-08-22","MART.20220711.SURBER.4","A00000292711",,"SYNSP3","Y","Synorthocladius sp.",,"genus","Arthropoda","Hexapoda","Insecta","Pterygota","Neoptera","Holometabola","Diptera","Nematocera","Culicomorpha",,"Chironomidae","Orthocladiinae",,,"Synorthocladius","sp.",,"larva",2,,1,100,1,"N","N",,"condition OK","Y",,"Weiderholm, 1983; Weiderholm, 1986; Epler 2001; Ferrington et al. 2019; Andersen, Cranston and Epler 2013","N","Rhithron Associates, Inc.","A. Fasbender",,,
"a54ebf44-736f-4427-ac68-43f1e4abfeed","D16","MART","MART.AOS.reach","2022-07-11T17:19Z","2023-08-18","MART.20220711.HESS.8","A00000292715",,"AMESP2","Y","Ameletus sp.",,"genus","Arthropoda","Hexapoda","Insecta","Pterygota","Palaeoptera",,"Ephemeroptera","Pisciforma",,,"Ameletidae",,,,"Ameletus","sp.",,"larva",2,,3,40,8,"N","N",,"condition OK","Y",,"Merritt et al. 2019","N","Rhithron Associates, Inc.","J. Webb",,,
"0d70f56f-d26a-4d49-829d-9ccbc0b91928","D16","MART","MART.AOS.reach","2022-07-11T17:19Z","2023-08-21","MART.20220711.HESS.6","A00000292713",,"ZAVSP","Y","Zavrelimyia sp.",,"genus","Arthropoda","Hexapoda","Insecta","Pterygota","Neoptera","Holometabola","Diptera","Nematocera","Culicomorpha",,"Chironomidae","Tanypodinae","Pentaneurini",,"Zavrelimyia","sp.",,"larva",4,,7,30,23,"N","N",,"condition OK","Y",,"Weiderholm, 1983; Weiderholm, 1986; Epler 2001; Ferrington et al. 2019; Andersen, Cranston and Epler 2013","N","Rhithron Associates, Inc.","R. Spring",,,
"0846c6d3-c3a7-4a14-b536-5aae46fab3d8","D16","MART","MART.AOS.reach","2022-07-11T17:19Z","2023-08-22","MART.20220711.HESS.8","A00000292715",,"TANSP11","Y","Tanytarsus sp.",,"genus","Arthropoda","Hexapoda","Insecta","Pterygota","Neoptera","Holometabola","Diptera","Nematocera","Culicomorpha",,"Chironomidae","Chironominae","Tanytarsini",,"Tanytarsus","sp.",,"larva",3,,3,40,8,"N","N",,"condition OK","Y",,"Weiderholm, 1983; Weiderholm, 1986; Epler 2001; Ferrington et al. 2019; Andersen, Cranston and Epler 2013","N","Rhithron Associates, Inc.","A. Fasbender",,,
"0f4c8a1e-b709-44f1-9e27-657ba4caccae","D16","MART","MART.AOS.reach","2022-07-11T17:19Z","2023-08-18","MART.20220711.HESS.8","A00000292715",,"CERSP10","Y","Ceratopogoninae sp.",,"subfamily","Arthropoda","Hexapoda","Insecta","Pterygota","Neoptera","Holometabola","Diptera","Nematocera","Culicomorpha",,"Ceratopogonidae","Ceratopogoninae",,,,"sp.",,"larva",5,,2,40,5,"N","N",,"condition OK","Y",,"Merritt et al. 2019","N","Rhithron Associates, Inc.","J. Webb",,,
"0da22fcb-e2d2-42c1-a765-eeb5dc09c4af","D16","MART","MART.AOS.reach","2022-07-11T17:19Z","2023-08-22","MART.20220711.SURBER.5","A00000292712",,"RHESP2","Y","Rheotanytarsus sp.",,"genus","Arthropoda","Hexapoda","Insecta","Pterygota","Neoptera","Holometabola","Diptera","Nematocera","Culicomorpha",,"Chironomidae","Chironominae","Tanytarsini",,"Rheotanytarsus","sp.",,"larva",4,,1,100,1,"N","N",,"condition OK","Y",,"Weiderholm, 1983; Weiderholm, 1986; Epler 2001; Ferrington et al. 2019; Andersen, Cranston and Epler 2013","N","Rhithron Associates, Inc.","A. Fasbender",,,
"181ab3b3-35d0-49a7-aedc-39ee28dafcb0","D16","MART","MART.AOS.reach","2022-07-11T17:19Z","2023-08-18","MART.20220711.HESS.7","A00000292714",,"AMESP2","Y","Ameletus sp.",,"genus","Arthropoda","Hexapoda","Insecta","Pterygota","Palaeoptera",,"Ephemeroptera","Pisciforma",,,"Ameletidae",,,,"Ameletus","sp.",,"larva",2,,32,60,53,"N","N",,"condition OK","Y",,"Merritt et al. 2019","N","Rhithron Associates, Inc.","J. Webb",,,
"47296a41-1b72-4159-a799-bd1f875561e1","D16","MART","MART.AOS.reach","2022-07-11T17:19Z","2023-08-21","MART.20220711.HESS.7","A00000292714",,"ORTSP1","Y","Orthocladiinae sp.",,"subfamily","Arthropoda","Hexapoda","Insecta","Pterygota","Neoptera","Holometabola","Diptera","Nematocera","Culicomorpha",,"Chironomidae","Orthocladiinae",,,,"sp.",,"larva",1,,2,60,3,"Y","N","early instar","condition OK","N",,"Weiderholm, 1983; Weiderholm, 1986; Epler 2001; Ferrington et al. 2019; Andersen, Cranston and Epler 2013","N","Rhithron Associates, Inc.","R. Spring",,,
"e276a4fd-8430-4434-be01-39a6874a02b1","D16","MART","MART.AOS.reach","2022-07-11T17:19Z","2023-08-18","MART.20220711.HESS.6","A00000292713",,"CERSP10","Y","Ceratopogoninae sp.",,"subfamily","Arthropoda","Hexapoda","Insecta","Pterygota","Neoptera","Holometabola","Diptera","Nematocera","Culicomorpha",,"Ceratopogonidae","Ceratopogoninae",,,,"sp.",,"larva",3,,4,30,13,"N","N",,"condition OK","Y",,"Merritt et al. 2019","N","Rhithron Associates, Inc.","J. Webb",,,
"36af21f0-3ab0-4e33-b3f4-c60e9f4f9540","D16","MART","MART.AOS.reach","2022-07-11T17:19Z","2023-08-21","MART.20220711.SURBER.4","A00000292711",,"POLSP5","Y","Polycentropodidae sp.",,"family","Arthropoda","Hexapoda","Insecta","Pterygota","Neoptera","Holometabola","Trichoptera",,,"Hydropsychoidea","Polycentropodidae",,,,,"sp.",,"larva",13,,1,100,1,"Y","N","early instar","condition OK","Y",,"Flint 1994; Wiggins 1996; Merritt et al. 2019; Chamorro and Holzenthal 2011","N","Rhithron Associates, Inc.","B. Moore","/// type",,
"ea77b005-19f9-44f7-924d-37543fe411c5","D16","MART","MART.AOS.reach","2022-07-11T17:19Z","2023-08-21","MART.20220711.SURBER.3","A00000292710",,"CALCAL","Y","Calineuria californica",,"species","Arthropoda","Hexapoda","Insecta","Pterygota","Neoptera","Polyneoptera","Plecoptera","Systellognatha",,,"Perlidae","Acroneuriinae","Acroneuriini",,"Calineuria","californica",,"larva",10,,1,40,3,"N","N",,"condition OK","Y",,"Stewart and Stark 2002; Merritt et al. 2019","Y","Rhithron Associates, Inc.","J. Webb",,,
"4012f0b9-7632-482b-bd00-560b42e083b6","D16","MART","MART.AOS.reach","2022-07-11T17:19Z","2023-08-22","MART.20220711.SURBER.1","A00000292708",,"THISP2","Y","Thienemanniella sp.",,"genus","Arthropoda","Hexapoda","Insecta","Pterygota","Neoptera","Holometabola","Diptera","Nematocera","Culicomorpha",,"Chironomidae","Orthocladiinae",,,"Thienemanniella","sp.",,"larva",2,,1,100,1,"N","N",,"condition OK","Y",,"Weiderholm, 1983; Weiderholm, 1986; Epler 2001; Ferrington et al. 2019; Andersen, Cranston and Epler 2013","N","Rhithron Associates, Inc.","A. Fasbender",,,
"f024ea66-19a5-4f10-9869-4231009bb68c","D16","MART","MART.AOS.reach","2022-07-11T17:19Z","2023-08-18","MART.20220711.SURBER.1","A00000292708",,"CINSP1","Y","Cinygmula sp.",,"genus","Arthropoda","Hexapoda","Insecta","Pterygota","Palaeoptera",,"Ephemeroptera","Pisciforma",,"Heptagenioidea","Heptageniidae",,,,"Cinygmula","sp.",,"larva",2,,3,100,3,"N","N",,"condition OK","Y",,"Merritt et al. 2019","N","Rhithron Associates, Inc.","J. Webb","heads only",,
"6430749b-37ed-4e66-b2f0-c7ad7f93d89f","D16","MART","MART.AOS.reach","2022-07-11T17:19Z","2023-08-22","MART.20220711.SURBER.2","A00000292709","BA22NEOMST36005C268","KRESP2","Y","Krenopelopia sp.",,"genus","Arthropoda","Hexapoda","Insecta","Pterygota","Neoptera","Holometabola","Diptera","Nematocera","Culicomorpha",,"Chironomidae","Tanypodinae","Pentaneurini",,"Krenopelopia","sp.",,"larva",4,,1,43,2,"N","N",,"condition OK","Y",,"Weiderholm, 1983; Weiderholm, 1986; Epler 2001; Ferrington et al. 2019; Andersen, Cranston and Epler 2013","N","Rhithron Associates, Inc.","A. Fasbender","Reference Collection(1)",,
"95b304c1-e46a-4aa0-ab11-51c8642dc104","D16","MART","MART.AOS.reach","2022-07-11T17:19Z","2023-08-22","MART.20220711.SURBER.5","A00000292712",,"THIGRO","Y","Thienemannimyia gr.",,"speciesGroup","Arthropoda","Hexapoda","Insecta","Pterygota","Neoptera","Holometabola","Diptera","Nematocera","Culicomorpha",,"Chironomidae","Tanypodinae","Pentaneurini",,"Thienemannimyia","gr.",,"larva",3,,1,100,1,"Y","N","early instar","condition OK","Y",,"Weiderholm, 1983; Weiderholm, 1986; Epler 2001; Ferrington et al. 2008; Andersen, Cranston and Epler 2017","N","Rhithron Associates, Inc.","A. Fasbender",,,
"87579595-db64-4bd7-b5e1-efc4a2b8b4f0","D16","MART","MART.AOS.reach","2022-07-11T17:19Z","2023-08-22","MART.20220711.SURBER.5","A00000292712",,"CRISP2","Y","Cricotopus sp.",,"genus","Arthropoda","Hexapoda","Insecta","Pterygota","Neoptera","Holometabola","Diptera","Nematocera","Culicomorpha",,"Chironomidae","Orthocladiinae",,,"Cricotopus","sp.",,"larva",2,,4,100,4,"N","N",,"condition OK","Y",,"Weiderholm, 1983; Weiderholm, 1986; Epler 2001; Ferrington et al. 2019; Andersen, Cranston and Epler 2013","N","Rhithron Associates, Inc.","A. Fasbender",,,
"adc12a79-4e69-4d3d-9a1e-46e56c2a7c08","D16","MART","MART.AOS.reach","2022-07-11T17:19Z","2023-08-18","MART.20220711.SURBER.1","A00000292708",,"ATUSP1","Y","Aturus sp.",,"genus","Arthropoda","Chelicerata","Arachnida","Acari",,"Acariformes","Trombidiformes","Prostigmata",,"Hygrobatoidea","Aturidae",,,,"Aturus","sp.",,"adult",1,,1,100,1,"N","N",,"condition OK","Y",,"Thorp and Rogers 2016","N","Rhithron Associates, Inc.","J. Webb",,,
"47471a7a-e7dd-4532-9603-5889ac51d240","D16","MART","MART.AOS.reach","2022-07-11T17:19Z","2023-08-18","MART.20220711.SURBER.2","A00000292709",,"DRUSP","Y","Drunella sp.",,"genus","Arthropoda","Hexapoda","Insecta","Pterygota","Palaeoptera",,"Ephemeroptera","Furcatergalia","Pannota","Ephemerelloidea","Ephemerellidae",,,,"Drunella","sp.",,"larva",1,,1,43,2,"Y","N","early instar","condition OK","Y",,"Merritt et al. 2019","N","Rhithron Associates, Inc.","J. Webb","grandis group",,
"6289e94b-29fb-49cd-b47a-4c588d305a94","D16","MART","MART.AOS.reach","2022-07-11T17:19Z","2023-08-18","MART.20220711.HESS.8","A00000292715",,"WOOSP","Y","Woolastookia sp.",,"genus","Arthropoda","Chelicerata","Arachnida","Acari",,"Acariformes","Trombidiformes","Prostigmata",,"Hygrobatoidea","Aturidae",,,,"Woolastookia","sp.",,"adult",1,,9,40,23,"N","N",,"condition OK","Y",,"Thorp and Rogers 2016","N","Rhithron Associates, Inc.","J. Webb",,,
"9531d456-ed2a-4239-be8c-45d7a1b492df","D16","MART","MART.AOS.reach","2022-07-11T17:19Z","2023-08-18","MART.20220711.SURBER.2","A00000292709",,"GLOSP3","Y","Glossosoma sp.",,"genus","Arthropoda","Hexapoda","Insecta","Pterygota","Neoptera","Holometabola","Trichoptera",,,"Glossosomatoidea","Glossosomatidae","Glossosomatinae","Glossosomatini",,"Glossosoma","sp.",,"larva",1,,1,43,2,"N","N",,"condition OK","Y",,"Merritt et al. 2019","N","Rhithron Associates, Inc.","J. Webb",,,
"4e177f70-6c4a-4382-babb-432e9de6da5f","D16","MART","MART.AOS.reach","2022-07-11T17:19Z","2023-08-21","MART.20220711.HESS.6","A00000292713",,"MICSP6","Y","Micropsectra sp.",,"genus","Arthropoda","Hexapoda","Insecta","Pterygota","Neoptera","Holometabola","Diptera","Nematocera","Culicomorpha",,"Chironomidae","Chironominae","Tanytarsini",,"Micropsectra","sp.",,"larva",1,,9,30,30,"N","N",,"condition OK","Y",,"Weiderholm, 1983; Weiderholm, 1986; Epler 2001; Ferrington et al. 2019; Andersen, Cranston and Epler 2013","N","Rhithron Associates, Inc.","R. Spring",,,
"80c0aa1a-af85-4a08-9d40-34d6c4db5ed5","D16","MART","MART.AOS.reach","2022-07-11T17:19Z","2023-08-18","MART.20220711.HESS.8","A00000292715",,"MICSP3","Y","Micrasema sp.",,"genus","Arthropoda","Hexapoda","Insecta","Pterygota","Neoptera","Holometabola","Trichoptera",,,"Limnephiloidea","Brachycentridae",,,,"Micrasema","sp.",,"larva",1,,31,40,78,"N","N",,"condition OK","Y",,"Wiggins 1996; Merritt et al. 2019","N","Rhithron Associates, Inc.","J. Webb",,,
"6544077e-e2df-4c0e-9056-29a001de079d","D16","MART","MART.AOS.reach","2022-07-11T17:19Z","2023-08-18","MART.20220711.SURBER.1","A00000292708",,"DRUSP","Y","Drunella sp.",,"genus","Arthropoda","Hexapoda","Insecta","Pterygota","Palaeoptera",,"Ephemeroptera","Furcatergalia","Pannota","Ephemerelloidea","Ephemerellidae",,,,"Drunella","sp.",,"larva",2,,1,100,1,"Y","N","early instar","condition OK","Y",,"Merritt et al. 2019","N","Rhithron Associates, Inc.","J. Webb","grandis group",,
"ed9d1397-61e8-41ba-acd1-6ba42b00a59e","D16","MART","MART.AOS.reach","2022-07-11T17:19Z","2023-08-21","MART.20220711.HESS.6","A00000292713",,"ZAVSP","Y","Zavrelimyia sp.",,"genus","Arthropoda","Hexapoda","Insecta","Pterygota","Neoptera","Holometabola","Diptera","Nematocera","Culicomorpha",,"Chironomidae","Tanypodinae","Pentaneurini",,"Zavrelimyia","sp.",,"larva",3,,2,30,7,"N","N",,"condition OK","Y",,"Weiderholm, 1983; Weiderholm, 1986; Epler 2001; Ferrington et al. 2019; Andersen, Cranston and Epler 2013","N","Rhithron Associates, Inc.","R. Spring",,,
"419091b4-927e-440f-8d0c-b9094466f201","D16","MART","MART.AOS.reach","2022-07-11T17:19Z","2023-08-18","MART.20220711.HESS.8","A00000292715",,"ELMSP","Y","Elmidae sp.",,"family","Arthropoda","Hexapoda","Insecta","Pterygota","Neoptera","Holometabola","Coleoptera","Polyphaga","Elateriformia","Byrrhoidea","Elmidae",,,,,"sp.",,"larva",1,,10,40,25,"Y","N","early instar","condition OK","N",,"Brown, 1972; Merritt et al. 2019","N","Rhithron Associates, Inc.","J. Webb",,,
"b389d0c1-b2c2-432a-a29f-8d10cbe80022","D16","MART","MART.AOS.reach","2022-07-11T17:19Z","2023-08-22","MART.20220711.SURBER.5","A00000292712",,"THISP2","Y","Thienemanniella sp.",,"genus","Arthropoda","Hexapoda","Insecta","Pterygota","Neoptera","Holometabola","Diptera","Nematocera","Culicomorpha",,"Chironomidae","Orthocladiinae",,,"Thienemanniella","sp.",,"pupa",2,,1,100,1,"N","N",,"condition OK","Y",,"Weiderholm, 1983; Weiderholm, 1986; Epler 2001; Ferrington et al. 2019; Andersen, Cranston and Epler 2013","N","Rhithron Associates, Inc.","A. Fasbender",,,
"66cba1f6-7eb9-4ed5-b21a-106181b05f28","D16","MART","MART.AOS.reach","2022-07-11T17:19Z","2023-08-18","MART.20220711.SURBER.1","A00000292708",,"LEPSP4","Y","Leptophlebiidae sp.",,"family","Arthropoda","Hexapoda","Insecta","Pterygota","Palaeoptera",,"Ephemeroptera","Furcatergalia","Lanceolata",,"Leptophlebiidae",,,,,"sp.",,"larva",2,,2,100,2,"N","N","damaged","damaged, affecting taxonomy and measurement","Y",,"Merritt et al. 2019","N","Rhithron Associates, Inc.","J. Webb","heads only",,
"bb106e9f-1b2c-4e14-a30e-44dd912de4a1","D16","MART","MART.AOS.reach","2022-07-11T17:19Z","2023-08-18","MART.20220711.HESS.8","A00000292715",,"PERSP1","Y","Perlidae sp.",,"family","Arthropoda","Hexapoda","Insecta","Pterygota","Neoptera","Polyneoptera","Plecoptera","Systellognatha",,,"Perlidae",,,,,"sp.",,"larva",2,,5,40,13,"Y","N","early instar","condition OK","N",,"Stewart and Stark 2002; Merritt et al. 2019","N","Rhithron Associates, Inc.","J. Webb",,,
"34526ddf-c839-43c3-ab6b-814c509b7a76","D16","MART","MART.AOS.reach","2022-07-11T17:19Z","2023-08-18","MART.20220711.HESS.8","A00000292715",,"EPHTIB","Y","Ephemerella tibialis",,"species","Arthropoda","Hexapoda","Insecta","Pterygota","Palaeoptera",,"Ephemeroptera","Furcatergalia","Pannota","Ephemerelloidea","Ephemerellidae",,,,"Ephemerella","tibialis",,"larva",7,,1,40,3,"N","N",,"condition OK","Y",,"Allen and Edmunds 1965","N","Rhithron Associates, Inc.","J. Webb",,,
"097e6e9b-d229-4777-a22b-eb509367b5ea","D16","MART","MART.AOS.reach","2022-07-11T17:19Z","2023-08-21","MART.20220711.SURBER.5","A00000292712",,"OSTSP","Y","Ostracoda sp.",,"class","Arthropoda","Crustacea","Ostracoda",,,,,,,,,,,,,"sp.",,"unknown",1,,1,100,1,"N","N",,"condition OK","Y",,"Thorp and Rogers 2016","N","Rhithron Associates, Inc.","B. Moore",,,
"2838c4fa-a8c8-4baa-94be-bf62a8c896d8","D16","MART","MART.AOS.reach","2022-07-11T17:19Z","2023-08-22","MART.20220711.SURBER.1","A00000292708",,"BRISP","Y","Brillia sp.",,"genus","Arthropoda","Hexapoda","Insecta","Pterygota","Neoptera","Holometabola","Diptera","Nematocera","Culicomorpha",,"Chironomidae","Orthocladiinae",,,"Brillia","sp.",,"larva",3,,6,100,6,"N","N",,"condition OK","Y",,"Weiderholm, 1983; Weiderholm, 1986; Epler 2001; Ferrington et al. 2019; Andersen, Cranston and Epler 2013","N","Rhithron Associates, Inc.","A. Fasbender",,,
"e9af0f59-01bd-443e-a683-dec2f11d4bf2","D16","MART","MART.AOS.reach","2022-07-11T17:19Z","2023-08-18","MART.20220711.HESS.8","A00000292715",,"CHLSP","Y","Chloroperlidae sp.",,"family","Arthropoda","Hexapoda","Insecta","Pterygota","Neoptera","Polyneoptera","Plecoptera","Systellognatha",,,"Chloroperlidae",,,,,"sp.",,"larva",3,,9,40,23,"Y","N","early instar","condition OK","Y",,"Stewart and Stark 2002; Merritt et al. 2019","N","Rhithron Associates, Inc.","J. Webb","sweltsa?",,
"174f9f5e-9809-4d42-8b4d-5a62b4f811ce","D16","MART","MART.AOS.reach","2022-07-11T17:19Z","2023-08-22","MART.20220711.SURBER.2","A00000292709",,"THIGRO","Y","Thienemannimyia gr.",,"speciesGroup","Arthropoda","Hexapoda","Insecta","Pterygota","Neoptera","Holometabola","Diptera","Nematocera","Culicomorpha",,"Chironomidae","Tanypodinae","Pentaneurini",,"Thienemannimyia","gr.",,"larva",4,,1,43,2,"Y","N","early instar","condition OK","Y",,"Weiderholm, 1983; Weiderholm, 1986; Epler 2001; Ferrington et al. 2008; Andersen, Cranston and Epler 2017","N","Rhithron Associates, Inc.","A. Fasbender",,,
"5c4260c9-2ec6-43b0-9192-726c6dc210fb","D16","MART","MART.AOS.reach","2022-07-11T17:19Z","2023-08-21","MART.20220711.HESS.7","A00000292714",,"CORSP19","Y","Corynoneura sp.",,"genus","Arthropoda","Hexapoda","Insecta","Pterygota","Neoptera","Holometabola","Diptera","Nematocera","Culicomorpha",,"Chironomidae","Orthocladiinae",,,"Corynoneura","sp.",,"pupa",1,,2,60,3,"N","N",,"condition OK","N",,"Weiderholm, 1983; Weiderholm, 1986; Epler 2001; Ferrington et al. 2019; Andersen, Cranston and Epler 2013","N","Rhithron Associates, Inc.","R. Spring",,,
"6f7303f3-9e45-4026-bbda-01ff19830572","D16","MART","MART.AOS.reach","2022-07-11T17:19Z","2023-08-21","MART.20220711.HESS.7","A00000292714",,"SYNSP3","Y","Synorthocladius sp.",,"genus","Arthropoda","Hexapoda","Insecta","Pterygota","Neoptera","Holometabola","Diptera","Nematocera","Culicomorpha",,"Chironomidae","Orthocladiinae",,,"Synorthocladius","sp.",,"larva",2,,2,60,3,"N","N",,"condition OK","Y",,"Weiderholm, 1983; Weiderholm, 1986; Epler 2001; Ferrington et al. 2019; Andersen, Cranston and Epler 2013","N","Rhithron Associates, Inc.","R. Spring",,,
"fde95696-69b9-437e-bdfd-606704210775","D16","MART","MART.AOS.reach","2022-07-11T17:19Z","2023-08-21","MART.20220711.SURBER.3","A00000292710",,"DRUDOD","Y","Drunella doddsii",,"species","Arthropoda","Hexapoda","Insecta","Pterygota","Palaeoptera",,"Ephemeroptera","Furcatergalia","Pannota","Ephemerelloidea","Ephemerellidae",,,,"Drunella","doddsii",,"larva",2,,3,40,8,"N","N",,"condition OK","Y",,"Allen and Edmunds 1962","Y","Rhithron Associates, Inc.","J. Webb",,,
"f96b0de2-68c3-4af0-9e56-494bc17cbd7f","D16","MART","MART.AOS.reach","2022-07-11T17:19Z","2023-08-21","MART.20220711.SURBER.4","A00000292711",,"CHLSP","Y","Chloroperlidae sp.",,"family","Arthropoda","Hexapoda","Insecta","Pterygota","Neoptera","Polyneoptera","Plecoptera","Systellognatha",,,"Chloroperlidae",,,,,"sp.",,"larva",2,,13,100,13,"Y","N","early instar","condition OK","N",,"Stewart and Stark 2002; Merritt et al. 2019","N","Rhithron Associates, Inc.","B. Moore",,,
"f2c9d6d1-1275-4a3d-a327-3c7de81e5c5b","D16","MART","MART.AOS.reach","2022-07-11T17:19Z","2023-08-18","MART.20220711.HESS.8","A00000292715",,"BAEFLA1","Y","Baetis flavistriga cx.",,"speciesGroup","Arthropoda","Hexapoda","Insecta","Pterygota","Palaeoptera",,"Ephemeroptera",,,,"Baetidae",,,,"Baetis","flavistriga cx.",,"larva",2,,1,40,3,"N","N",,"condition OK","Y",,"Morihara and McCafferty 1979; Wiersema, 2004; Webb et al. 2018","N","Rhithron Associates, Inc.","J. Webb",,,
"6938dc13-8de0-43fd-af12-8967ea7ab3e8","D16","MART","MART.AOS.reach","2022-07-11T17:19Z","2023-08-22","MART.20220711.SURBER.4","A00000292711",,"THIGRO","Y","Thienemannimyia gr.",,"speciesGroup","Arthropoda","Hexapoda","Insecta","Pterygota","Neoptera","Holometabola","Diptera","Nematocera","Culicomorpha",,"Chironomidae","Tanypodinae","Pentaneurini",,"Thienemannimyia","gr.",,"larva",2,,1,100,1,"Y","N","early instar","condition OK","Y",,"Weiderholm, 1983; Weiderholm, 1986; Epler 2001; Ferrington et al. 2008; Andersen, Cranston and Epler 2017","N","Rhithron Associates, Inc.","A. Fasbender",,,
"c2edde27-c504-4d66-ab1a-a86847d84f85","D16","MART","MART.AOS.reach","2022-07-11T17:19Z","2023-08-22","MART.20220711.SURBER.5","A00000292712",,"THIGRO","Y","Thienemannimyia gr.",,"speciesGroup","Arthropoda","Hexapoda","Insecta","Pterygota","Neoptera","Holometabola","Diptera","Nematocera","Culicomorpha",,"Chironomidae","Tanypodinae","Pentaneurini",,"Thienemannimyia","gr.",,"larva",4,,1,100,1,"Y","N","early instar","condition OK","Y",,"Weiderholm, 1983; Weiderholm, 1986; Epler 2001; Ferrington et al. 2008; Andersen, Cranston and Epler 2017","N","Rhithron Associates, Inc.","A. Fasbender",,,
"919414ac-5b70-4f38-9d4f-9e4a653c939e","D16","MART","MART.AOS.reach","2022-07-11T17:19Z","2023-08-21","MART.20220711.SURBER.5","A00000292712",,"AMESP2","Y","Ameletus sp.",,"genus","Arthropoda","Hexapoda","Insecta","Pterygota","Palaeoptera",,"Ephemeroptera","Pisciforma",,,"Ameletidae",,,,"Ameletus","sp.",,"larva",3,,4,100,4,"N","N",,"condition OK","Y",,"Merritt et al. 2019","N","Rhithron Associates, Inc.","B. Moore",,,
"81a5e6b5-0d7b-4dbc-a2f1-da681f318aa5","D16","MART","MART.AOS.reach","2022-07-11T17:19Z","2023-08-18","MART.20220711.SURBER.1","A00000292708",,"RHYNAR","Y","Rhyacophila narvae",,"species","Arthropoda","Hexapoda","Insecta","Pterygota","Neoptera","Holometabola","Trichoptera",,,"Rhyacophiloidea","Rhyacophilidae",,,,"Rhyacophila","narvae",,"larva",5,,1,100,1,"N","N",,"condition OK","Y",,"Prather and Morris 2001; Morse et al. 2017; Giersch et al. 2012","N","Rhithron Associates, Inc.","J. Webb",,,
"2d54d446-97a9-43c9-b21f-0eb8d4f9a77f","D16","MART","MART.AOS.reach","2022-07-11T17:19Z","2023-08-21","MART.20220711.HESS.6","A00000292713",,"NILSP","Y","Nilotanypus sp.",,"genus","Arthropoda","Hexapoda","Insecta","Pterygota","Neoptera","Holometabola","Diptera","Nematocera","Culicomorpha",,"Chironomidae","Tanypodinae","Pentaneurini",,"Nilotanypus","sp.",,"larva",2,,8,30,27,"N","N",,"condition OK","Y",,"Weiderholm, 1983; Weiderholm, 1986; Epler 2001; Ferrington et al. 2019; Andersen, Cranston and Epler 2013","N","Rhithron Associates, Inc.","R. Spring",,,
"4b4bbf29-e91d-4755-b340-0fc699c04758","D16","MART","MART.AOS.reach","2022-07-11T17:19Z","2023-08-18","MART.20220711.SURBER.1","A00000292708",,"OSTSP","Y","Ostracoda sp.",,"class","Arthropoda","Crustacea","Ostracoda",,,,,,,,,,,,,"sp.",,"unknown",1,,2,100,2,"N","N",,"condition OK","Y",,"Thorp and Rogers 2016","N","Rhithron Associates, Inc.","J. Webb",,,
"350f156b-b361-479f-b740-f0bf5378b6fc","D16","MART","MART.AOS.reach","2022-07-11T17:19Z","2023-08-22","MART.20220711.HESS.8","A00000292715",,"LARSP","Y","Larsia sp.",,"genus","Arthropoda","Hexapoda","Insecta","Pterygota","Neoptera","Holometabola","Diptera","Nematocera","Culicomorpha",,"Chironomidae","Tanypodinae","Pentaneurini",,"Larsia","sp.",,"larva",4,,1,40,3,"N","N",,"condition OK","Y",,"Weiderholm, 1983; Weiderholm, 1986; Epler 2001; Ferrington et al. 2019; Andersen, Cranston and Epler 2013","N","Rhithron Associates, Inc.","A. Fasbender",,,
"a2b076f0-72e5-4fa6-9b66-911867fcd839","D16","MART","MART.AOS.reach","2022-07-11T17:19Z","2023-08-21","MART.20220711.SURBER.4","A00000292711",,"CALCAL","Y","Calineuria californica",,"species","Arthropoda","Hexapoda","Insecta","Pterygota","Neoptera","Polyneoptera","Plecoptera","Systellognatha",,,"Perlidae","Acroneuriinae","Acroneuriini",,"Calineuria","californica",,"larva",4,,1,100,1,"N","N",,"condition OK","Y",,"Stewart and Stark 2002; Merritt et al. 2019","N","Rhithron Associates, Inc.","B. Moore",,,
"d9b48e48-112d-497e-bc94-5f447002e715","D16","MART","MART.AOS.reach","2022-07-11T17:19Z","2023-08-18","MART.20220711.HESS.7","A00000292714",,"AMESP4","Y","Ametor sp.",,"genus","Arthropoda","Hexapoda","Insecta","Pterygota","Neoptera","Holometabola","Coleoptera","Polyphaga","Staphyliniformia","Hydrophiloidea","Hydrophilidae","Hydrophilinae","Sperchopsini",,"Ametor","sp.",,"adult",5,,1,60,2,"N","N",,"condition OK","Y",,"Archangelesky 1997","N","Rhithron Associates, Inc.","J. Webb",,,
"93adb385-8d1a-4de7-a096-ecc15bab9188","D16","MART","MART.AOS.reach","2022-07-11T17:19Z","2023-08-18","MART.20220711.SURBER.1","A00000292708",,"PERSP1","Y","Perlidae sp.",,"family","Arthropoda","Hexapoda","Insecta","Pterygota","Neoptera","Polyneoptera","Plecoptera","Systellognatha",,,"Perlidae",,,,,"sp.",,"larva",2,,8,100,8,"Y","N","early instar","condition OK","N",,"Stewart and Stark 2002; Merritt et al. 2019","N","Rhithron Associates, Inc.","J. Webb",,,
"8a7d3c54-d700-4dea-8dc8-c44324a8002d","D16","MART","MART.AOS.reach","2022-07-11T17:19Z","2023-08-18","MART.20220711.SURBER.1","A00000292708",,"ELMSP","Y","Elmidae sp.",,"family","Arthropoda","Hexapoda","Insecta","Pterygota","Neoptera","Holometabola","Coleoptera","Polyphaga","Elateriformia","Byrrhoidea","Elmidae",,,,,"sp.",,"adult",2,,1,100,1,"N","N","damaged","damaged, affecting taxonomy and measurement","Y",,"Brown, 1972; Merritt et al. 2019","N","Rhithron Associates, Inc.","J. Webb","Heterlimnius/Optioservus",,
"16d27771-32fa-41a5-9a03-c678644429b2","D16","MART","MART.AOS.reach","2022-07-11T17:19Z","2023-08-21","MART.20220711.SURBER.3","A00000292710",,"BAEPIS1","Y","Baetis piscatoris cx.",,"speciesGroup","Arthropoda","Hexapoda","Insecta","Pterygota","Palaeoptera",,"Ephemeroptera",,,,"Baetidae",,,,"Baetis","piscatoris cx.",,"larva",4,,1,40,3,"N","N",,"condition OK","Y",,"Morihara and McCafferty 1979; Wiersema, 2004; Webb et al. 2018","Y","Rhithron Associates, Inc.","J. Webb",,,
"673fefe1-c7e9-4183-b0de-ccbcc5a53a99","D16","MART","MART.AOS.reach","2022-07-11T17:19Z","2023-08-18","MART.20220711.SURBER.2","A00000292709",,"LEPSP4","Y","Leptophlebiidae sp.",,"family","Arthropoda","Hexapoda","Insecta","Pterygota","Palaeoptera",,"Ephemeroptera","Furcatergalia","Lanceolata",,"Leptophlebiidae",,,,,"sp.",,"larva",4,,1,43,2,"N","N","damaged","damaged, affecting taxonomy and measurement","Y",,"Merritt et al. 2019","N","Rhithron Associates, Inc.","J. Webb",,,
"86a99e75-3fa3-4592-81aa-d821ac9037e1","D16","MART","MART.AOS.reach","2022-07-11T17:19Z","2023-08-21","MART.20220711.HESS.6","A00000292713",,"MICSP6","Y","Micropsectra sp.",,"genus","Arthropoda","Hexapoda","Insecta","Pterygota","Neoptera","Holometabola","Diptera","Nematocera","Culicomorpha",,"Chironomidae","Chironominae","Tanytarsini",,"Micropsectra","sp.",,"larva",3,,12,30,40,"N","N",,"condition OK","Y",,"Weiderholm, 1983; Weiderholm, 1986; Epler 2001; Ferrington et al. 2019; Andersen, Cranston and Epler 2013","N","Rhithron Associates, Inc.","R. Spring",,,
"22379863-d5a3-4df9-af50-a79e2f141ce0","D16","MART","MART.AOS.reach","2022-07-11T17:19Z","2023-08-18","MART.20220711.HESS.7","A00000292714",,"ACASP1","Y","Acari sp.",,"subclass","Arthropoda","Chelicerata","Arachnida","Acari",,,,,,,,,,,,"sp.",,"larva",1,,1,60,2,"N","N",,"condition OK","N",,"Thorp and Rogers 2016","N","Rhithron Associates, Inc.","J. Webb",,,
"0ea6f382-9d9b-42c1-8e9c-e2a3afa58a37","D16","MART","MART.AOS.reach","2022-07-11T17:19Z","2023-08-18","MART.20220711.HESS.6","A00000292713",,"DESAUG","Y","Despaxia augusta",,"species","Arthropoda","Hexapoda","Insecta","Pterygota","Neoptera","Polyneoptera","Plecoptera","Euholognatha",,,"Leuctridae","Leuctrinae",,,"Despaxia","augusta",,"larva",7,,2,30,7,"N","N",,"condition OK","Y",,"Stewart and Stark 2002; Merritt et al. 2019","N","Rhithron Associates, Inc.","J. Webb",,,
"e28d4788-ce92-4fa0-abff-dfe7977111b1","D16","MART","MART.AOS.reach","2022-07-11T17:19Z","2023-08-21","MART.20220711.HESS.6","A00000292713",,"NILSP","Y","Nilotanypus sp.",,"genus","Arthropoda","Hexapoda","Insecta","Pterygota","Neoptera","Holometabola","Diptera","Nematocera","Culicomorpha",,"Chironomidae","Tanypodinae","Pentaneurini",,"Nilotanypus","sp.",,"larva",3,,11,30,37,"N","N",,"condition OK","Y",,"Weiderholm, 1983; Weiderholm, 1986; Epler 2001; Ferrington et al. 2019; Andersen, Cranston and Epler 2013","N","Rhithron Associates, Inc.","R. Spring",,,
"a99bf7bc-ee49-4342-8711-153d5c267550","D16","MART","MART.AOS.reach","2022-07-11T17:19Z","2023-08-18","MART.20220711.HESS.7","A00000292714",,"APASP2","Y","Apatania sp.",,"genus","Arthropoda","Hexapoda","Insecta","Pterygota","Neoptera","Holometabola","Trichoptera",,,"Limnephiloidea","Apataniidae","Apataniinae","Apataniini",,"Apatania","sp.",,"larva",1,,6,60,10,"N","N",,"condition OK","Y",,"Wiggins 1996; Merritt et al. 2019","N","Rhithron Associates, Inc.","J. Webb",,,
"0f22a8eb-7f53-4e2e-b7be-ce4ef09c6929","D16","MART","MART.AOS.reach","2022-07-11T17:19Z","2023-08-22","MART.20220711.HESS.8","A00000292715",,"THIGRO","Y","Thienemannimyia gr.",,"speciesGroup","Arthropoda","Hexapoda","Insecta","Pterygota","Neoptera","Holometabola","Diptera","Nematocera","Culicomorpha",,"Chironomidae","Tanypodinae","Pentaneurini",,"Thienemannimyia","gr.",,"larva",3,,1,40,3,"Y","N","early instar","condition OK","Y",,"Weiderholm, 1983; Weiderholm, 1986; Epler 2001; Ferrington et al. 2008; Andersen, Cranston and Epler 2017","N","Rhithron Associates, Inc.","A. Fasbender",,,
"71d8dfcc-d991-46bb-8ba0-6699bc4e6964","D16","MART","MART.AOS.reach","2022-07-11T17:19Z","2023-08-21","MART.20220711.HESS.7","A00000292714","BA22NEOMST36002O1","ENCSP1","Y","Enchytraeidae sp.",,"family","Annelida","Clitellata","Oligochaeta","Oligochaeta",,,"Enchytraeida",,,,"Enchytraeidae",,,,,"sp.",,"unknown",2,,1,60,2,"N","N",,"condition OK","Y",,"Kathman and Brinkhurst, 1999","N","Rhithron Associates, Inc.","J. Webb",,,
"624b24ab-4101-4191-8fa4-b46bdbe0c25b","D16","MART","MART.AOS.reach","2022-07-11T17:19Z","2023-08-22","MART.20220711.HESS.8","A00000292715",,"CRISP6","Y","Cricotopus/Orthocladius sp.",,"speciesGroup","Arthropoda","Hexapoda","Insecta","Pterygota","Neoptera","Holometabola","Diptera","Nematocera","Culicomorpha",,"Chironomidae","Orthocladiinae",,,"Cricotopus/Orthocladius","sp.",,"larva",3,,6,40,15,"Y","N","early instar","condition OK","N",,"Weiderholm, 1983; Weiderholm, 1986; Epler 2001; Ferrington et al. 2008; Andersen, Cranston and Epler 2013","N","Rhithron Associates, Inc.","A. Fasbender",,,
"48919dde-704e-431b-acfc-5f4822470dac","D16","MART","MART.AOS.reach","2022-07-11T17:19Z","2023-08-21","MART.20220711.HESS.7","A00000292714",,"THIGRO","Y","Thienemannimyia gr.",,"speciesGroup","Arthropoda","Hexapoda","Insecta","Pterygota","Neoptera","Holometabola","Diptera","Nematocera","Culicomorpha",,"Chironomidae","Tanypodinae","Pentaneurini",,"Thienemannimyia","gr.",,"larva",6,,1,60,2,"Y","N","early instar","condition OK","Y",,"Weiderholm, 1983; Weiderholm, 1986; Epler 2001; Ferrington et al. 2008; Andersen, Cranston and Epler 2017","N","Rhithron Associates, Inc.","R. Spring",,,
"e96c1954-6cee-4ffd-a735-c3081c4c8c37","D16","MART","MART.AOS.reach","2022-07-11T17:19Z","2023-08-22","MART.20220711.SURBER.2","A00000292709",,"THIGRO","Y","Thienemannimyia gr.",,"speciesGroup","Arthropoda","Hexapoda","Insecta","Pterygota","Neoptera","Holometabola","Diptera","Nematocera","Culicomorpha",,"Chironomidae","Tanypodinae","Pentaneurini",,"Thienemannimyia","gr.",,"larva",3,,1,43,2,"Y","N","early instar","condition OK","Y",,"Weiderholm, 1983; Weiderholm, 1986; Epler 2001; Ferrington et al. 2008; Andersen, Cranston and Epler 2017","N","Rhithron Associates, Inc.","A. Fasbender",,,
"d1101e2f-6014-4822-aba2-694960f8ace2","D16","MART","MART.AOS.reach","2022-07-11T17:19Z","2023-08-22","MART.20220711.SURBER.4","A00000292711",,"PAGSP4","Y","Pagastia sp.",,"genus","Arthropoda","Hexapoda","Insecta","Pterygota","Neoptera","Holometabola","Diptera","Nematocera","Culicomorpha",,"Chironomidae","Diamesinae","Diamesini",,"Pagastia","sp.",,"larva",6,,1,100,1,"N","N",,"condition OK","Y",,"Weiderholm, 1983; Weiderholm, 1986; Epler 2001; Ferrington et al. 2019; Andersen, Cranston and Epler 2013","N","Rhithron Associates, Inc.","A. Fasbender",,,
"d4223e8e-6883-4041-8758-8f648d2bac18","D16","MART","MART.AOS.reach","2022-07-11T17:19Z","2023-08-21","MART.20220711.SURBER.5","A00000292712",,"CALCAL","Y","Calineuria californica",,"species","Arthropoda","Hexapoda","Insecta","Pterygota","Neoptera","Polyneoptera","Plecoptera","Systellognatha",,,"Perlidae","Acroneuriinae","Acroneuriini",,"Calineuria","californica",,"larva",2,,2,100,2,"N","N",,"condition OK","Y",,"Stewart and Stark 2002; Merritt et al. 2019","N","Rhithron Associates, Inc.","B. Moore",,,
"d123a759-d8b5-460f-a992-431e3fc124a5","D16","MART","MART.AOS.reach","2022-07-11T17:19Z","2023-08-22","MART.20220711.SURBER.2","A00000292709",,"CRISP2","Y","Cricotopus sp.",,"genus","Arthropoda","Hexapoda","Insecta","Pterygota","Neoptera","Holometabola","Diptera","Nematocera","Culicomorpha",,"Chironomidae","Orthocladiinae",,,"Cricotopus","sp.",,"larva",4,,1,43,2,"N","N",,"condition OK","Y",,"Weiderholm, 1983; Weiderholm, 1986; Epler 2001; Ferrington et al. 2019; Andersen, Cranston and Epler 2013","N","Rhithron Associates, Inc.","A. Fasbender",,,
"cecaa699-a127-4d2b-ad8d-954c20b8cc9e","D16","MART","MART.AOS.reach","2022-07-11T17:19Z","2023-08-18","MART.20220711.SURBER.1","A00000292708",,"PRIHEM","Y","Pristinicola hemphilli",,"species","Mollusca",,"Gastropoda",,,,"Neotaenioglossa",,,,"Hydrobiidae",,,,"Pristinicola","hemphilli",,"unknown",1,,1,100,1,"N","N",,"condition OK","Y",,"Thorp and Covich 2016","N","Rhithron Associates, Inc.","J. Webb",,,
"184739c5-492e-463c-b29b-fc161013652a","D16","MART","MART.AOS.reach","2022-07-11T17:19Z","2023-08-22","MART.20220711.SURBER.4","A00000292711",,"PARSP29","Y","Parorthocladius sp.",,"genus","Arthropoda","Hexapoda","Insecta","Pterygota","Neoptera","Holometabola","Diptera","Nematocera","Culicomorpha",,"Chironomidae","Orthocladiinae",,,"Parorthocladius","sp.",,"pupa",2,,1,100,1,"N","N",,"condition OK","N",,"Weiderholm, 1983; Weiderholm, 1986; Epler 2001; Ferrington et al. 2019; Andersen, Cranston and Epler 2013","N","Rhithron Associates, Inc.","A. Fasbender",,,
"275c4f39-ac6d-4fc4-9b79-8fd9765c8a31","D16","MART","MART.AOS.reach","2022-07-11T17:19Z","2023-08-21","MART.20220711.SURBER.4","A00000292711",,"CINSP1","Y","Cinygmula sp.",,"genus","Arthropoda","Hexapoda","Insecta","Pterygota","Palaeoptera",,"Ephemeroptera","Pisciforma",,"Heptagenioidea","Heptageniidae",,,,"Cinygmula","sp.",,"larva",2,,3,100,3,"N","N",,"condition OK","Y",,"Merritt et al. 2019","N","Rhithron Associates, Inc.","B. Moore",,,
"f42db288-a8b3-4540-bda9-a3367f4965e3","D16","MART","MART.AOS.reach","2022-07-11T17:19Z","2023-08-18","MART.20220711.HESS.8","A00000292715",,"DRUDOD","Y","Drunella doddsii",,"species","Arthropoda","Hexapoda","Insecta","Pterygota","Palaeoptera",,"Ephemeroptera","Furcatergalia","Pannota","Ephemerelloidea","Ephemerellidae",,,,"Drunella","doddsii",,"larva",2,,7,40,18,"N","N",,"condition OK","Y",,"Allen and Edmunds 1962","N","Rhithron Associates, Inc.","J. Webb",,,
"e5ef4de3-c283-4278-b141-bc1273b93763","D16","MART","MART.AOS.reach","2022-07-11T17:19Z","2023-08-18","MART.20220711.SURBER.2","A00000292709",,"PHISP","Y","Philopotamidae sp.",,"family","Arthropoda","Hexapoda","Insecta","Pterygota","Neoptera","Holometabola","Trichoptera",,,"Philopotamoidea","Philopotamidae",,,,,"sp.",,"pupa",5,,1,43,2,"N","N",,"condition OK","Y",,"Wiggins 1996; Merritt et al. 2019","N","Rhithron Associates, Inc.","J. Webb",,,
"f994af98-4088-42c9-9e75-2cc529c6ec78","D16","MART","MART.AOS.reach","2022-07-11T17:19Z","2023-08-21","MART.20220711.HESS.6","A00000292713",,"RHESP1","Y","Rheocricotopus sp.",,"genus","Arthropoda","Hexapoda","Insecta","Pterygota","Neoptera","Holometabola","Diptera","Nematocera","Culicomorpha",,"Chironomidae","Orthocladiinae",,,"Rheocricotopus","sp.",,"larva",1,,2,30,7,"N","N",,"condition OK","Y",,"Weiderholm, 1983; Weiderholm, 1986; Epler 2001; Ferrington et al. 2019; Andersen, Cranston and Epler 2013","N","Rhithron Associates, Inc.","R. Spring",,,
"05627851-0397-4489-a01d-5a9e8318f435","D16","MART","MART.AOS.reach","2022-07-11T17:19Z","2023-08-18","MART.20220711.HESS.7","A00000292714",,"LEPSP4","Y","Leptophlebiidae sp.",,"family","Arthropoda","Hexapoda","Insecta","Pterygota","Palaeoptera",,"Ephemeroptera","Furcatergalia","Lanceolata",,"Leptophlebiidae",,,,,"sp.",,"larva",4,,2,60,3,"N","N","damaged","damaged, affecting taxonomy and measurement","Y",,"Merritt et al. 2019","N","Rhithron Associates, Inc.","J. Webb",,,
"f40e435a-1efb-4e30-8756-d9f0bdba5a3b","D16","MART","MART.AOS.reach","2022-07-11T17:19Z","2023-08-21","MART.20220711.SURBER.4","A00000292711",,"SIMSP1","Y","Simulium sp.",,"genus","Arthropoda","Hexapoda","Insecta","Pterygota","Neoptera","Holometabola","Diptera","Nematocera","Culicomorpha",,"Simuliidae","Simuliinae","Simuliini",,"Simulium","sp.",,"larva",1,,2,100,2,"N","N",,"condition OK","Y",,"Adler et al. 2004; Merritt et al. 2019","N","Rhithron Associates, Inc.","B. Moore",,,
"e975dcb9-046e-4eab-aef2-0873c8359174","D16","MART","MART.AOS.reach","2022-07-11T17:19Z","2023-08-22","MART.20220711.SURBER.4","A00000292711",,"CRISP6","Y","Cricotopus/Orthocladius sp.",,"speciesGroup","Arthropoda","Hexapoda","Insecta","Pterygota","Neoptera","Holometabola","Diptera","Nematocera","Culicomorpha",,"Chironomidae","Orthocladiinae",,,"Cricotopus/Orthocladius","sp.",,"larva",4,,1,100,1,"Y","N","early instar","condition OK","Y",,"Weiderholm, 1983; Weiderholm, 1986; Epler 2001; Ferrington et al. 2008; Andersen, Cranston and Epler 2013","N","Rhithron Associates, Inc.","A. Fasbender",,,
"2a209451-86d1-42af-957e-e10a473537ea","D16","MART","MART.AOS.reach","2022-07-11T17:19Z","2023-08-18","MART.20220711.SURBER.2","A00000292709",,"ATUSP1","Y","Aturus sp.",,"genus","Arthropoda","Chelicerata","Arachnida","Acari",,"Acariformes","Trombidiformes","Prostigmata",,"Hygrobatoidea","Aturidae",,,,"Aturus","sp.",,"adult",1,,1,43,2,"N","N",,"condition OK","Y",,"Thorp and Rogers 2016","N","Rhithron Associates, Inc.","J. Webb",,,
"acadf18a-d696-431b-9bc6-2ddf35f3bfd6","D16","MART","MART.AOS.reach","2022-07-11T17:19Z","2023-08-21","MART.20220711.HESS.6","A00000292713",,"MICSP6","Y","Micropsectra sp.",,"genus","Arthropoda","Hexapoda","Insecta","Pterygota","Neoptera","Holometabola","Diptera","Nematocera","Culicomorpha",,"Chironomidae","Chironominae","Tanytarsini",,"Micropsectra","sp.",,"larva",5,,1,30,3,"N","N",,"condition OK","Y",,"Weiderholm, 1983; Weiderholm, 1986; Epler 2001; Ferrington et al. 2019; Andersen, Cranston and Epler 2013","N","Rhithron Associates, Inc.","R. Spring",,,
"e5d86084-7b0c-47a4-af0c-9a7608775b8c","D16","MART","MART.AOS.reach","2022-07-11T17:19Z","2023-08-22","MART.20220711.HESS.8","A00000292715",,"CRISP2","Y","Cricotopus sp.",,"genus","Arthropoda","Hexapoda","Insecta","Pterygota","Neoptera","Holometabola","Diptera","Nematocera","Culicomorpha",,"Chironomidae","Orthocladiinae",,,"Cricotopus","sp.",,"larva",5,,2,40,5,"N","N",,"condition OK","Y",,"Weiderholm, 1983; Weiderholm, 1986; Epler 2001; Ferrington et al. 2019; Andersen, Cranston and Epler 2013","N","Rhithron Associates, Inc.","A. Fasbender",,,
"20a8406f-7ef8-4af8-a552-d8b03023328f","D16","MART","MART.AOS.reach","2022-07-11T17:19Z","2023-08-18","MART.20220711.HESS.8","A00000292715",,"HETCOR","Y","Heterlimnius corpulentus",,"species","Arthropoda","Hexapoda","Insecta","Pterygota","Neoptera","Holometabola","Coleoptera","Polyphaga","Elateriformia","Byrrhoidea","Elmidae","Elminae","Elmini",,"Heterlimnius","corpulentus",,"larva",4,,2,40,5,"N","N",,"condition OK","N",,"Brown 1972; Merritt et al. 2019; Kamite, 2009","N","Rhithron Associates, Inc.","J. Webb",,,
"19be1b0c-8abf-45e7-8562-b7cac82b4266","D16","MART","MART.AOS.reach","2022-07-11T17:19Z","2023-08-18","MART.20220711.HESS.7","A00000292714",,"POLSP5","Y","Polycentropodidae sp.",,"family","Arthropoda","Hexapoda","Insecta","Pterygota","Neoptera","Holometabola","Trichoptera",,,"Hydropsychoidea","Polycentropodidae",,,,,"sp.",,"larva",11,,2,60,3,"Y","N","early instar","condition OK","Y",,"Flint 1994; Wiggins 1996; Merritt et al. 2019; Chamorro and Holzenthal 2011","N","Rhithron Associates, Inc.","J. Webb","Polycentropus s.l.",,
"e9b72613-beda-4a64-bc3f-37d1409bffc1","D16","MART","MART.AOS.reach","2022-07-11T17:19Z","2023-08-22","MART.20220711.HESS.8","A00000292715",,"SYNSP3","Y","Synorthocladius sp.",,"genus","Arthropoda","Hexapoda","Insecta","Pterygota","Neoptera","Holometabola","Diptera","Nematocera","Culicomorpha",,"Chironomidae","Orthocladiinae",,,"Synorthocladius","sp.",,"larva",3,,1,40,3,"N","N",,"condition OK","Y",,"Weiderholm, 1983; Weiderholm, 1986; Epler 2001; Ferrington et al. 2019; Andersen, Cranston and Epler 2013","N","Rhithron Associates, Inc.","A. Fasbender",,,
"97c0b257-6450-4cba-882f-aeacb2a14a20","D16","MART","MART.AOS.reach","2022-07-11T17:19Z","2023-08-18","MART.20220711.SURBER.2","A00000292709",,"BAETRI2","Y","Baetis tricaudatus cx.",,"speciesGroup","Arthropoda","Hexapoda","Insecta","Pterygota","Palaeoptera",,"Ephemeroptera",,,,"Baetidae",,,,"Baetis","tricaudatus cx.",,"larva",3,,18,43,42,"N","N",,"condition OK","Y",,"Morihara and McCafferty 1979; Wiersema, 2004; Webb et al. 2018","N","Rhithron Associates, Inc.","J. Webb",,,
"4e8479e6-5da4-402c-890e-63bcfa165fce","D16","MART","MART.AOS.reach","2022-07-11T17:19Z","2023-08-18","MART.20220711.HESS.6","A00000292713",,"SIASP1","Y","Sialis sp.",,"genus","Arthropoda","Hexapoda","Insecta","Pterygota","Neoptera","Neuropterida","Megaloptera",,,,"Sialidae",,,,"Sialis","sp.",,"larva",1,,2,30,7,"N","N",,"condition OK","Y",,"Merritt et al. 2019","N","Rhithron Associates, Inc.","J. Webb",,,
"3fcaf6cd-5558-40b1-ad87-cb42d6162ad7","D16","MART","MART.AOS.reach","2022-07-11T17:19Z","2023-08-18","MART.20220711.HESS.7","A00000292714",,"LEPSP4","Y","Leptophlebiidae sp.",,"family","Arthropoda","Hexapoda","Insecta","Pterygota","Palaeoptera",,"Ephemeroptera","Furcatergalia","Lanceolata",,"Leptophlebiidae",,,,,"sp.",,"larva",1,,3,60,5,"N","N","damaged","damaged, affecting taxonomy and measurement","Y",,"Merritt et al. 2019","N","Rhithron Associates, Inc.","J. Webb",,,
"e41ece58-3c11-4964-b340-02869f1b01ff","D16","MART","MART.AOS.reach","2022-07-11T17:19Z","2023-08-22","MART.20220711.SURBER.5","A00000292712",,"CRISP6","Y","Cricotopus/Orthocladius sp.",,"speciesGroup","Arthropoda","Hexapoda","Insecta","Pterygota","Neoptera","Holometabola","Diptera","Nematocera","Culicomorpha",,"Chironomidae","Orthocladiinae",,,"Cricotopus/Orthocladius","sp.",,"larva",4,,1,100,1,"Y","N","early instar","condition OK","N",,"Weiderholm, 1983; Weiderholm, 1986; Epler 2001; Ferrington et al. 2008; Andersen, Cranston and Epler 2013","N","Rhithron Associates, Inc.","A. Fasbender",,,
"3e599d32-9222-4b3d-b550-a81a68ae8eaf","D16","MART","MART.AOS.reach","2022-07-11T17:19Z","2023-08-22","MART.20220711.SURBER.4","A00000292711",,"BRISP","Y","Brillia sp.",,"genus","Arthropoda","Hexapoda","Insecta","Pterygota","Neoptera","Holometabola","Diptera","Nematocera","Culicomorpha",,"Chironomidae","Orthocladiinae",,,"Brillia","sp.",,"larva",1,,2,100,2,"N","N",,"condition OK","Y",,"Weiderholm, 1983; Weiderholm, 1986; Epler 2001; Ferrington et al. 2019; Andersen, Cranston and Epler 2013","N","Rhithron Associates, Inc.","A. Fasbender",,,
"bfc18d2b-b977-4aa4-a76b-85d0c2c80a45","D16","MART","MART.AOS.reach","2022-07-11T17:19Z","2023-08-22","MART.20220711.SURBER.2","A00000292709",,"CRISP6","Y","Cricotopus/Orthocladius sp.",,"speciesGroup","Arthropoda","Hexapoda","Insecta","Pterygota","Neoptera","Holometabola","Diptera","Nematocera","Culicomorpha",,"Chironomidae","Orthocladiinae",,,"Cricotopus/Orthocladius","sp.",,"larva",2,,3,43,7,"Y","N","early instar","condition OK","N",,"Weiderholm, 1983; Weiderholm, 1986; Epler 2001; Ferrington et al. 2008; Andersen, Cranston and Epler 2013","N","Rhithron Associates, Inc.","A. Fasbender",,,
"9dfc646b-b544-4a24-b934-66f2ee874d29","D16","MART","MART.AOS.reach","2022-07-11T17:19Z","2023-08-18","MART.20220711.HESS.8","A00000292715",,"HETCOR","Y","Heterlimnius corpulentus",,"species","Arthropoda","Hexapoda","Insecta","Pterygota","Neoptera","Holometabola","Coleoptera","Polyphaga","Elateriformia","Byrrhoidea","Elmidae","Elminae","Elmini",,"Heterlimnius","corpulentus",,"adult",2,,1,40,3,"N","N",,"condition OK","Y",,"Brown 1972; Merritt et al. 2019; Kamite, 2009","N","Rhithron Associates, Inc.","J. Webb",,,
"52730b41-b00a-4501-a8be-85c3f24705d1","D16","MART","MART.AOS.reach","2022-07-11T17:19Z","2023-08-21","MART.20220711.SURBER.5","A00000292712",,"BAETRI2","Y","Baetis tricaudatus cx.",,"speciesGroup","Arthropoda","Hexapoda","Insecta","Pterygota","Palaeoptera",,"Ephemeroptera",,,,"Baetidae",,,,"Baetis","tricaudatus cx.",,"larva",3,,2,100,2,"N","N",,"condition OK","Y",,"Morihara and McCafferty 1979; Wiersema, 2004; Webb et al. 2018","N","Rhithron Associates, Inc.","B. Moore",,,
"29b51a92-082f-4fce-aa12-45b1d49a68db","D16","MART","MART.AOS.reach","2022-07-11T17:19Z","2023-08-18","MART.20220711.HESS.6","A00000292713",,"CALCAL","Y","Calineuria californica",,"species","Arthropoda","Hexapoda","Insecta","Pterygota","Neoptera","Polyneoptera","Plecoptera","Systellognatha",,,"Perlidae","Acroneuriinae","Acroneuriini",,"Calineuria","californica",,"larva",7,,1,30,3,"N","N",,"condition OK","Y",,"Stewart and Stark 2002; Merritt et al. 2019","N","Rhithron Associates, Inc.","J. Webb",,,
"a496d53f-15ec-44aa-8367-04507594e025","D16","MART","MART.AOS.reach","2022-07-11T17:19Z","2023-08-21","MART.20220711.HESS.7","A00000292714",,"HETSP9","Y","Heterotrissocladius sp.",,"genus","Arthropoda","Hexapoda","Insecta","Pterygota","Neoptera","Holometabola","Diptera","Nematocera","Culicomorpha",,"Chironomidae","Orthocladiinae",,,"Heterotrissocladius","sp.",,"larva",1,,1,60,2,"N","N",,"condition OK","Y",,"Weiderholm, 1983; Weiderholm, 1986; Epler 2001; Ferrington et al. 2019; Andersen, Cranston and Epler 2013","N","Rhithron Associates, Inc.","R. Spring",,,
"8b8375d6-1527-4788-b9d1-d0919d6da6f7","D16","MART","MART.AOS.reach","2022-07-11T17:19Z","2023-08-18","MART.20220711.SURBER.2","A00000292709",,"WOOSP","Y","Woolastookia sp.",,"genus","Arthropoda","Chelicerata","Arachnida","Acari",,"Acariformes","Trombidiformes","Prostigmata",,"Hygrobatoidea","Aturidae",,,,"Woolastookia","sp.",,"adult",1,,1,43,2,"N","N",,"condition OK","Y",,"Thorp and Rogers 2016","N","Rhithron Associates, Inc.","J. Webb",,,
"31dc52e9-34f6-41b4-a7c9-865be41b0c5c","D16","MART","MART.AOS.reach","2022-07-11T17:19Z","2023-08-18","MART.20220711.HESS.6","A00000292713",,"ANASP11","Y","Anafroptilum sp.",,"genus","Arthropoda",,"Insecta",,,,"Ephemeroptera",,,"Baetoidea","Baetidae",,,,"Anafroptilum","sp.",,"larva",3,,1,30,3,"N","N",,"condition OK","Y",,"Jacobus and Wiersema, 2014","N","Rhithron Associates, Inc.","J. Webb",,,
"c8fd51a9-cbc8-4aa0-a58a-22d37291933c","D16","MART","MART.AOS.reach","2022-07-11T17:19Z","2023-08-22","MART.20220711.SURBER.1","A00000292708",,"EUKPSE","Y","Eukiefferiella pseudomontana gr.",,"speciesGroup","Arthropoda","Hexapoda","Insecta","Pterygota","Neoptera","Holometabola","Diptera","Nematocera","Culicomorpha",,"Chironomidae","Orthocladiinae",,,"Eukiefferiella","pseudomontana gr.",,"larva",2,,1,100,1,"N","N",,"condition OK","Y",,"Weiderholm, 1983; Bode, 1983; Weiderholm, 1986; Epler 2001; Ferrington et al. 2019; Andersen, Cranston and Epler 2013","N","Rhithron Associates, Inc.","A. Fasbender",,,
"bab350af-476d-4f79-b37c-62b4741eb0d7","D16","MART","MART.AOS.reach","2022-07-11T17:19Z","2023-08-21","MART.20220711.SURBER.3","A00000292710",,"BAETRI2","Y","Baetis tricaudatus cx.",,"speciesGroup","Arthropoda","Hexapoda","Insecta","Pterygota","Palaeoptera",,"Ephemeroptera",,,,"Baetidae",,,,"Baetis","tricaudatus cx.",,"larva",1,,1,40,3,"N","N",,"condition OK","Y",,"Morihara and McCafferty 1979; Wiersema, 2004; Webb et al. 2018","Y","Rhithron Associates, Inc.","J. Webb",,,
"82001703-e898-41f8-85d8-17cf87504f0d","D16","MART","MART.AOS.reach","2022-07-11T17:19Z","2023-08-22","MART.20220711.HESS.8","A00000292715",,"CRISP2","Y","Cricotopus sp.",,"genus","Arthropoda","Hexapoda","Insecta","Pterygota","Neoptera","Holometabola","Diptera","Nematocera","Culicomorpha",,"Chironomidae","Orthocladiinae",,,"Cricotopus","sp.",,"larva",4,,3,40,8,"N","N",,"condition OK","Y",,"Weiderholm, 1983; Weiderholm, 1986; Epler 2001; Ferrington et al. 2019; Andersen, Cranston and Epler 2013","N","Rhithron Associates, Inc.","A. Fasbender",,,
"ffcfbaad-57e3-47b1-9a19-4a73fc6a9fb9","D16","MART","MART.AOS.reach","2022-07-11T17:19Z","2023-08-21","MART.20220711.SURBER.4","A00000292711",,"ATRSP3","Y","Atractides sp.",,"genus","Arthropoda","Chelicerata","Arachnida","Acari",,"Acariformes","Trombidiformes","Prostigmata",,"Hygrobatoidea","Hygrobatidae",,,,"Atractides","sp.",,"adult",1,,1,100,1,"N","N",,"condition OK","Y",,"Thorp and Rogers 2016","N","Rhithron Associates, Inc.","B. Moore",,,
"9fb69052-c3a6-46b8-b6cc-4acde85f193f","D16","MART","MART.AOS.reach","2022-07-11T17:19Z","2023-08-18","MART.20220711.HESS.8","A00000292715",,"PLESP","Y","Plecoptera sp.",,"order","Arthropoda","Hexapoda","Insecta","Pterygota","Neoptera","Polyneoptera","Plecoptera",,,,,,,,,"sp.",,"larva",1,,1,40,3,"Y","N","early instar","condition OK","N",,"Merritt et al. 2019","N","Rhithron Associates, Inc.","J. Webb",,,
"fbb54028-1908-4132-82c5-d2474c74a38c","D16","MART","MART.AOS.reach","2022-07-11T17:19Z","2023-08-22","MART.20220711.SURBER.3","A00000292710",,"EUKTIR","Y","Eukiefferiella tirolensis",,"species","Arthropoda","Hexapoda","Insecta",,,,"Diptera","Nematocera",,,"Chironomidae","Orthocladiinae",,,"Eukiefferiella","tirolensis",,"larva",2,,1,40,3,"N","N",,"condition OK","Y",,"Epler 2001; Maschwitz and Cook 2000;Bode 1983","Y","Rhithron Associates, Inc.","A. Fasbender",,,
"b3629248-6c9a-4883-9dd5-a0ea40f5de28","D16","MART","MART.AOS.reach","2022-07-11T17:19Z","2023-08-22","MART.20220711.SURBER.5","A00000292712",,"TANSP11","Y","Tanytarsus sp.",,"genus","Arthropoda","Hexapoda","Insecta","Pterygota","Neoptera","Holometabola","Diptera","Nematocera","Culicomorpha",,"Chironomidae","Chironominae","Tanytarsini",,"Tanytarsus","sp.",,"larva",1,,2,100,2,"N","N",,"condition OK","Y",,"Weiderholm, 1983; Weiderholm, 1986; Epler 2001; Ferrington et al. 2019; Andersen, Cranston and Epler 2013","N","Rhithron Associates, Inc.","A. Fasbender",,,
"5907f0c0-ee72-4850-859e-4240c2634756","D16","MART","MART.AOS.reach","2022-07-11T17:19Z","2023-08-22","MART.20220711.SURBER.3","A00000292710",,"TVESP","Y","Tvetenia sp.",,"genus","Arthropoda","Hexapoda","Insecta","Pterygota","Neoptera","Holometabola","Diptera","Nematocera","Culicomorpha",,"Chironomidae","Orthocladiinae",,,"Tvetenia","sp.",,"larva",2,,1,40,3,"N","N",,"condition OK","Y",,"Weiderholm, 1983; Weiderholm, 1986; Epler 2001; Ferrington et al. 2019; Andersen, Cranston and Epler 2013","Y","Rhithron Associates, Inc.","A. Fasbender",,,
"e0535a1a-4479-4f76-ba46-a5b89b87ab35","D16","MART","MART.AOS.reach","2022-07-11T17:19Z","2023-08-22","MART.20220711.SURBER.3","A00000292710",,"THISP2","Y","Thienemanniella sp.",,"genus","Arthropoda","Hexapoda","Insecta","Pterygota","Neoptera","Holometabola","Diptera","Nematocera","Culicomorpha",,"Chironomidae","Orthocladiinae",,,"Thienemanniella","sp.",,"larva",2,,2,40,5,"N","N",,"condition OK","Y",,"Weiderholm, 1983; Weiderholm, 1986; Epler 2001; Ferrington et al. 2019; Andersen, Cranston and Epler 2013","Y","Rhithron Associates, Inc.","A. Fasbender",,,
"75a23050-26a6-4dea-9a8f-ec3a675dc445","D16","MART","MART.AOS.reach","2022-07-11T17:19Z","2023-08-21","MART.20220711.SURBER.4","A00000292711",,"SPESP4","Y","Sperchon sp.",,"genus","Arthropoda","Chelicerata","Arachnida","Acari",,"Acariformes","Trombidiformes","Prostigmata",,"Lebertioidea","Sperchontidae",,,,"Sperchon","sp.",,"adult",1,,1,100,1,"N","N",,"condition OK","Y",,"Thorp and Rogers 2016","N","Rhithron Associates, Inc.","B. Moore",,,
"c88fd00f-73cf-4db2-8c13-b95834230a0d","D16","MART","MART.AOS.reach","2022-07-11T17:19Z","2023-08-18","MART.20220711.HESS.7","A00000292714",,"CINSP1","Y","Cinygmula sp.",,"genus","Arthropoda","Hexapoda","Insecta","Pterygota","Palaeoptera",,"Ephemeroptera","Pisciforma",,"Heptagenioidea","Heptageniidae",,,,"Cinygmula","sp.",,"larva",2,,11,60,18,"N","N",,"condition OK","Y",,"Merritt et al. 2019","N","Rhithron Associates, Inc.","J. Webb",,,
"49599fda-53fa-4891-ad02-d48889937907","D16","MART","MART.AOS.reach","2022-07-11T17:19Z","2023-08-22","MART.20220711.SURBER.5","A00000292712",,"CRISP2","Y","Cricotopus sp.",,"genus","Arthropoda","Hexapoda","Insecta","Pterygota","Neoptera","Holometabola","Diptera","Nematocera","Culicomorpha",,"Chironomidae","Orthocladiinae",,,"Cricotopus","sp.",,"larva",3,,8,100,8,"N","N",,"condition OK","Y",,"Weiderholm, 1983; Weiderholm, 1986; Epler 2001; Ferrington et al. 2019; Andersen, Cranston and Epler 2013","N","Rhithron Associates, Inc.","A. Fasbender",,,
"639e9eef-3ad5-48c6-b654-a855f5095aa1","D16","MART","MART.AOS.reach","2022-07-11T17:19Z","2023-08-21","MART.20220711.SURBER.4","A00000292711",,"BAETRI2","Y","Baetis tricaudatus cx.",,"speciesGroup","Arthropoda","Hexapoda","Insecta","Pterygota","Palaeoptera",,"Ephemeroptera",,,,"Baetidae",,,,"Baetis","tricaudatus cx.",,"larva",1,,9,100,9,"N","N",,"condition OK","Y",,"Morihara and McCafferty 1979; Wiersema, 2004; Webb et al. 2018","N","Rhithron Associates, Inc.","B. Moore",,,
"55629752-d98a-47ae-b831-4ecfa7183040","D16","MART","MART.AOS.reach","2022-07-11T17:19Z","2023-08-21","MART.20220711.HESS.6","A00000292713",,"SYNSP3","Y","Synorthocladius sp.",,"genus","Arthropoda","Hexapoda","Insecta","Pterygota","Neoptera","Holometabola","Diptera","Nematocera","Culicomorpha",,"Chironomidae","Orthocladiinae",,,"Synorthocladius","sp.",,"larva",3,,4,30,13,"N","N",,"condition OK","Y",,"Weiderholm, 1983; Weiderholm, 1986; Epler 2001; Ferrington et al. 2019; Andersen, Cranston and Epler 2013","N","Rhithron Associates, Inc.","R. Spring",,,
"ea4fb76c-842f-4f04-b053-63d33aa6362c","D16","MART","MART.AOS.reach","2022-07-11T17:19Z","2023-08-22","MART.20220711.HESS.8","A00000292715",,"CRISP6","Y","Cricotopus/Orthocladius sp.",,"speciesGroup","Arthropoda","Hexapoda","Insecta","Pterygota","Neoptera","Holometabola","Diptera","Nematocera","Culicomorpha",,"Chironomidae","Orthocladiinae",,,"Cricotopus/Orthocladius","sp.",,"larva",2,,4,40,10,"Y","N","early instar","condition OK","N",,"Weiderholm, 1983; Weiderholm, 1986; Epler 2001; Ferrington et al. 2008; Andersen, Cranston and Epler 2013","N","Rhithron Associates, Inc.","A. Fasbender",,,
"d9b7d0ea-0b2d-4adb-8519-120dbd805d37","D16","MART","MART.AOS.reach","2022-07-11T17:19Z","2023-08-22","MART.20220711.SURBER.5","A00000292712",,"ZAVSP","Y","Zavrelimyia sp.",,"genus","Arthropoda","Hexapoda","Insecta","Pterygota","Neoptera","Holometabola","Diptera","Nematocera","Culicomorpha",,"Chironomidae","Tanypodinae","Pentaneurini",,"Zavrelimyia","sp.",,"larva",2,,1,100,1,"N","N",,"condition OK","Y",,"Weiderholm, 1983; Weiderholm, 1986; Epler 2001; Ferrington et al. 2019; Andersen, Cranston and Epler 2013","N","Rhithron Associates, Inc.","A. Fasbender",,,
"b7bad247-0a97-4672-bcbe-bc0080157f02","D16","MART","MART.AOS.reach","2022-07-11T17:19Z","2023-08-22","MART.20220711.HESS.8","A00000292715",,"TANSP11","Y","Tanytarsus sp.",,"genus","Arthropoda","Hexapoda","Insecta","Pterygota","Neoptera","Holometabola","Diptera","Nematocera","Culicomorpha",,"Chironomidae","Chironominae","Tanytarsini",,"Tanytarsus","sp.",,"pupa",2,,1,40,3,"N","N",,"condition OK","N",,"Weiderholm, 1983; Weiderholm, 1986; Epler 2001; Ferrington et al. 2019; Andersen, Cranston and Epler 2013","N","Rhithron Associates, Inc.","A. Fasbender",,,
"4ec03e78-b79a-416a-a895-7dba4e43dc4c","D16","MART","MART.AOS.reach","2022-07-11T17:19Z","2023-08-22","MART.20220711.SURBER.4","A00000292711",,"CRISP6","Y","Cricotopus/Orthocladius sp.",,"speciesGroup","Arthropoda","Hexapoda","Insecta","Pterygota","Neoptera","Holometabola","Diptera","Nematocera","Culicomorpha",,"Chironomidae","Orthocladiinae",,,"Cricotopus/Orthocladius","sp.",,"larva",3,,1,100,1,"Y","N","early instar","condition OK","Y",,"Weiderholm, 1983; Weiderholm, 1986; Epler 2001; Ferrington et al. 2008; Andersen, Cranston and Epler 2013","N","Rhithron Associates, Inc.","A. Fasbender",,,
"5d2a68a5-85ce-4034-a97e-40d602c8d73b","D16","MART","MART.AOS.reach","2022-07-11T17:19Z","2023-08-18","MART.20220711.HESS.6","A00000292713",,"ATUSP1","Y","Aturus sp.",,"genus","Arthropoda","Chelicerata","Arachnida","Acari",,"Acariformes","Trombidiformes","Prostigmata",,"Hygrobatoidea","Aturidae",,,,"Aturus","sp.",,"adult",1,,1,30,3,"N","N",,"condition OK","Y",,"Thorp and Rogers 2016","N","Rhithron Associates, Inc.","J. Webb",,,
"cd2c11f3-5cf9-4c0a-a6df-97a811e92ba3","D16","MART","MART.AOS.reach","2022-07-11T17:19Z","2023-08-18","MART.20220711.SURBER.1","A00000292708",,"DICSP6","Y","Dicranota sp.",,"genus","Arthropoda","Hexapoda","Insecta","Pterygota","Neoptera","Holometabola","Diptera","Nematocera","Tipulomorpha",,"Tipulidae","Limoniinae","Pediciini",,"Dicranota","sp.",,"larva",7,,1,100,1,"N","N",,"condition OK","Y",,"Gelhaus and Podeniene 2018; Merritt et al. 2019","N","Rhithron Associates, Inc.","J. Webb",,,
"14737704-3408-4bce-9723-03ceadd72507","D16","MART","MART.AOS.reach","2022-07-11T17:19Z","2023-08-18","MART.20220711.SURBER.2","A00000292709",,"MATTER","Y","Matriella teresa",,"species","Arthropoda","Hexapoda","Insecta","Pterygota","Palaeoptera",,"Ephemeroptera","Furcatergalia","Pannota","Ephemerelloidea","Ephemerellidae",,,,"Matriella","teresa",,"larva",3,,1,43,2,"N","N",,"condition OK","Y",,"Merritt et al. 2019","N","Rhithron Associates, Inc.","J. Webb",,,
"9b358310-8651-47f0-9a9f-390d3563c56d","D16","MART","MART.AOS.reach","2022-07-11T17:19Z","2023-08-21","MART.20220711.SURBER.3","A00000292710",,"HETCOR","Y","Heterlimnius corpulentus",,"species","Arthropoda","Hexapoda","Insecta","Pterygota","Neoptera","Holometabola","Coleoptera","Polyphaga","Elateriformia","Byrrhoidea","Elmidae","Elminae","Elmini",,"Heterlimnius","corpulentus",,"larva",3,,1,40,3,"N","N",,"condition OK","Y",,"Brown 1972; Merritt et al. 2019; Kamite, 2009","Y","Rhithron Associates, Inc.","J. Webb",,,
"4cea2c33-8574-4aa7-a26f-eefb7a6b0616","D16","MART","MART.AOS.reach","2022-07-11T17:19Z","2023-08-21","MART.20220711.SURBER.5","A00000292712",,"TORSP6","Y","Torrenticola sp.",,"genus","Arthropoda","Chelicerata","Arachnida","Acari",,"Acariformes","Trombidiformes","Prostigmata",,"Lebertioidea","Torrenticolidae",,,,"Torrenticola","sp.",,"adult",1,,5,100,5,"N","N",,"condition OK","Y",,"Thorp and Rogers 2016","N","Rhithron Associates, Inc.","B. Moore",,,
"6d9132cd-5c94-4be9-baac-a60b68aaeac2","D16","MART","MART.AOS.reach","2022-07-11T17:19Z","2023-08-21","MART.20220711.HESS.7","A00000292714",,"TANSP8","Y","Tanytarsini sp.",,"tribe","Arthropoda","Hexapoda","Insecta","Pterygota","Neoptera","Holometabola","Diptera","Nematocera","Culicomorpha",,"Chironomidae","Chironominae","Tanytarsini",,,"sp.",,"pupa",3,,1,60,2,"N","N","damaged","damaged, affecting taxonomy and measurement","N",,"Weiderholm, 1983; Weiderholm, 1986; Epler 2001; Ferrington et al. 2019; Andersen, Cranston and Epler 2013","N","Rhithron Associates, Inc.","R. Spring",,,
"8e8b186c-b6de-419b-90bc-082a215bf9a4","D16","MART","MART.AOS.reach","2022-07-11T17:19Z","2023-08-18","MART.20220711.SURBER.2","A00000292709",,"MICSP3","Y","Micrasema sp.",,"genus","Arthropoda","Hexapoda","Insecta","Pterygota","Neoptera","Holometabola","Trichoptera",,,"Limnephiloidea","Brachycentridae",,,,"Micrasema","sp.",,"larva",1,,28,43,65,"N","N",,"condition OK","Y",,"Wiggins 1996; Merritt et al. 2019","N","Rhithron Associates, Inc.","J. Webb",,,
"d0fe18a4-1d71-48db-9319-f9cacddcd7e5","D16","MART","MART.AOS.reach","2022-07-11T17:19Z","2023-08-18","MART.20220711.HESS.8","A00000292715",,"CHLSP","Y","Chloroperlidae sp.",,"family","Arthropoda","Hexapoda","Insecta","Pterygota","Neoptera","Polyneoptera","Plecoptera","Systellognatha",,,"Chloroperlidae",,,,,"sp.",,"larva",2,,7,40,18,"Y","N","early instar","condition OK","Y",,"Stewart and Stark 2002; Merritt et al. 2019","N","Rhithron Associates, Inc.","J. Webb","sweltsa?",,
"6f7f8f46-e43b-44a1-9bb7-6e998907eb90","D16","MART","MART.AOS.reach","2022-07-11T17:19Z","2023-08-21","MART.20220711.SURBER.4","A00000292711",,"CERSP10","Y","Ceratopogoninae sp.",,"subfamily","Arthropoda","Hexapoda","Insecta","Pterygota","Neoptera","Holometabola","Diptera","Nematocera","Culicomorpha",,"Ceratopogonidae","Ceratopogoninae",,,,"sp.",,"larva",3,,1,100,1,"N","N",,"condition OK","Y",,"Merritt et al. 2019","N","Rhithron Associates, Inc.","B. Moore",,,
"1176985c-4891-4b35-9558-7557fd4a85ae","D16","MART","MART.AOS.reach","2022-07-11T17:19Z","2023-08-18","MART.20220711.HESS.6","A00000292713",,"LIMSP5","Y","Limnephilidae sp.",,"family","Arthropoda","Hexapoda","Insecta","Pterygota","Neoptera","Holometabola","Trichoptera",,,"Limnephiloidea","Limnephilidae",,,,,"sp.",,"larva",3,,4,30,13,"Y","N","early instar","condition OK","Y",,"Wiggins 1996; Merritt et al. 2019","N","Rhithron Associates, Inc.","J. Webb",,,
"bbbada6a-d8e9-4a18-8a8f-198cbb15910d","D16","MART","MART.AOS.reach","2022-07-11T17:19Z","2023-08-18","MART.20220711.HESS.6","A00000292713",,"LIMSP5","Y","Limnephilidae sp.",,"family","Arthropoda","Hexapoda","Insecta","Pterygota","Neoptera","Holometabola","Trichoptera",,,"Limnephiloidea","Limnephilidae",,,,,"sp.",,"larva",5,,1,30,3,"Y","N","early instar","condition OK","Y",,"Wiggins 1996; Merritt et al. 2019","N","Rhithron Associates, Inc.","J. Webb",,,
"a0254c7e-1b38-4ddb-95c0-848d97b212f2","D16","MART","MART.AOS.reach","2022-07-11T17:19Z","2023-08-18","MART.20220711.HESS.6","A00000292713",,"CERSP10","Y","Ceratopogoninae sp.",,"subfamily","Arthropoda","Hexapoda","Insecta","Pterygota","Neoptera","Holometabola","Diptera","Nematocera","Culicomorpha",,"Ceratopogonidae","Ceratopogoninae",,,,"sp.",,"larva",4,,1,30,3,"N","N",,"condition OK","Y",,"Merritt et al. 2019","N","Rhithron Associates, Inc.","J. Webb",,,
"f9af84d9-0a64-4ae6-9c27-3c7a95a5af49","D16","MART","MART.AOS.reach","2022-07-11T17:19Z","2023-08-22","MART.20220711.HESS.8","A00000292715",,"TANSP8","Y","Tanytarsini sp.",,"tribe","Arthropoda","Hexapoda","Insecta","Pterygota","Neoptera","Holometabola","Diptera","Nematocera","Culicomorpha",,"Chironomidae","Chironominae","Tanytarsini",,,"sp.",,"larva",1,,2,40,5,"Y","N","early instar","condition OK","N",,"Weiderholm, 1983; Weiderholm, 1986; Epler 2001; Ferrington et al. 2019; Andersen, Cranston and Epler 2013","N","Rhithron Associates, Inc.","A. Fasbender",,,
"71948e78-3266-4827-80d2-0482a3769365","D16","MART","MART.AOS.reach","2022-07-11T17:19Z","2023-08-18","MART.20220711.HESS.7","A00000292714",,"SWESP","Y","Sweltsa sp.",,"genus","Arthropoda","Hexapoda","Insecta","Pterygota","Neoptera","Polyneoptera","Plecoptera","Systellognatha",,,"Chloroperlidae","Chloroperlinae",,,"Sweltsa","sp.",,"larva",3,,2,60,3,"N","N",,"condition OK","Y",,"Stewart and Stark 2002; Merritt et al. 2019","N","Rhithron Associates, Inc.","J. Webb",,,
"5cfa50f4-6ca1-49fd-8684-05cb78e5399a","D16","MART","MART.AOS.reach","2022-07-11T17:19Z","2023-08-21","MART.20220711.HESS.7","A00000292714",,"THIGRO","Y","Thienemannimyia gr.",,"speciesGroup","Arthropoda","Hexapoda","Insecta","Pterygota","Neoptera","Holometabola","Diptera","Nematocera","Culicomorpha",,"Chironomidae","Tanypodinae","Pentaneurini",,"Thienemannimyia","gr.",,"larva",3,,2,60,3,"Y","N","early instar","condition OK","Y",,"Weiderholm, 1983; Weiderholm, 1986; Epler 2001; Ferrington et al. 2008; Andersen, Cranston and Epler 2017","N","Rhithron Associates, Inc.","R. Spring",,,
"c7746224-7d24-460b-87e5-146092fbec5c","D16","MART","MART.AOS.reach","2022-07-11T17:19Z","2023-08-21","MART.20220711.HESS.7","A00000292714",,"CRISP2","Y","Cricotopus sp.",,"genus","Arthropoda","Hexapoda","Insecta","Pterygota","Neoptera","Holometabola","Diptera","Nematocera","Culicomorpha",,"Chironomidae","Orthocladiinae",,,"Cricotopus","sp.",,"larva",4,,5,60,8,"N","N",,"condition OK","Y",,"Weiderholm, 1983; Weiderholm, 1986; Epler 2001; Ferrington et al. 2019; Andersen, Cranston and Epler 2013","N","Rhithron Associates, Inc.","R. Spring",,,
"b7064b30-1863-4e55-aa3b-3f2c72e4c7b3","D16","MART","MART.AOS.reach","2022-07-11T17:19Z","2023-08-18","MART.20220711.HESS.7","A00000292714",,"COLSP1","Y","Collembola sp.",,"order","Arthropoda","Hexapoda","Collembola",,,,"Collembola",,,,,,,,,"sp.",,"unknown",1,,1,60,2,"N","N",,"condition OK","Y",,"Merritt et al. 2019","N","Rhithron Associates, Inc.","J. Webb",,,
"4d836da1-9062-48cd-81a1-2d4efcd22e9e","D16","MART","MART.AOS.reach","2022-07-11T17:19Z","2023-08-18","MART.20220711.HESS.7","A00000292714",,"MICSP3","Y","Micrasema sp.",,"genus","Arthropoda","Hexapoda","Insecta","Pterygota","Neoptera","Holometabola","Trichoptera",,,"Limnephiloidea","Brachycentridae",,,,"Micrasema","sp.",,"larva",1,,11,60,18,"N","N",,"condition OK","Y",,"Wiggins 1996; Merritt et al. 2019","N","Rhithron Associates, Inc.","J. Webb",,,
"25596a59-e362-4fb7-bb47-ece99653b6f6","D16","MART","MART.AOS.reach","2022-07-11T17:19Z","2023-08-18","MART.20220711.SURBER.2","A00000292709",,"BAETRI2","Y","Baetis tricaudatus cx.",,"speciesGroup","Arthropoda","Hexapoda","Insecta","Pterygota","Palaeoptera",,"Ephemeroptera",,,,"Baetidae",,,,"Baetis","tricaudatus cx.",,"larva",4,,6,43,14,"N","N",,"condition OK","Y",,"Morihara and McCafferty 1979; Wiersema, 2004; Webb et al. 2018","N","Rhithron Associates, Inc.","J. Webb",,,
"66ff2499-a643-4e8f-9a69-c989f47be86b","D16","MART","MART.AOS.reach","2022-07-11T17:19Z","2023-08-22","MART.20220711.SURBER.2","A00000292709",,"EUKTIR","Y","Eukiefferiella tirolensis",,"species","Arthropoda","Hexapoda","Insecta",,,,"Diptera","Nematocera",,,"Chironomidae","Orthocladiinae",,,"Eukiefferiella","tirolensis",,"larva",2,,2,43,5,"N","N",,"condition OK","Y",,"Epler 2001; Maschwitz and Cook 2000;Bode 1983","N","Rhithron Associates, Inc.","A. Fasbender",,,
"cd640c74-69bc-4401-9f28-ab0dbb3ef60a","D16","MART","MART.AOS.reach","2022-07-11T17:19Z","2023-08-18","MART.20220711.SURBER.1","A00000292708",,"BAETRI2","Y","Baetis tricaudatus cx.",,"speciesGroup","Arthropoda","Hexapoda","Insecta","Pterygota","Palaeoptera",,"Ephemeroptera",,,,"Baetidae",,,,"Baetis","tricaudatus cx.",,"larva",3,,1,100,1,"N","N",,"condition OK","Y",,"Morihara and McCafferty 1979; Wiersema, 2004; Webb et al. 2018","N","Rhithron Associates, Inc.","J. Webb",,,
"0ec1103c-25e6-4c18-a316-070c685cae64","D16","MART","MART.AOS.reach","2022-07-11T17:19Z","2023-08-18","MART.20220711.SURBER.1","A00000292708",,"CHLSP","Y","Chloroperlidae sp.",,"family","Arthropoda","Hexapoda","Insecta","Pterygota","Neoptera","Polyneoptera","Plecoptera","Systellognatha",,,"Chloroperlidae",,,,,"sp.",,"larva",3,,5,100,5,"Y","N","early instar","condition OK","Y",,"Stewart and Stark 2002; Merritt et al. 2019","N","Rhithron Associates, Inc.","J. Webb",,,
"1e2c3cf0-0b3b-48ca-ad4c-43bb09ec1124","D16","MART","MART.AOS.reach","2022-07-11T17:19Z","2023-08-22","MART.20220711.SURBER.5","A00000292712",,"CRISP6","Y","Cricotopus/Orthocladius sp.",,"speciesGroup","Arthropoda","Hexapoda","Insecta","Pterygota","Neoptera","Holometabola","Diptera","Nematocera","Culicomorpha",,"Chironomidae","Orthocladiinae",,,"Cricotopus/Orthocladius","sp.",,"larva",2,,3,100,3,"Y","N","early instar","condition OK","N",,"Weiderholm, 1983; Weiderholm, 1986; Epler 2001; Ferrington et al. 2008; Andersen, Cranston and Epler 2013","N","Rhithron Associates, Inc.","A. Fasbender",,,
"1812d7c0-4e26-44b3-a05e-391bc43752d3","D16","MART","MART.AOS.reach","2022-07-11T17:19Z","2023-08-18","MART.20220711.HESS.8","A00000292715",,"LEPSP4","Y","Leptophlebiidae sp.",,"family","Arthropoda","Hexapoda","Insecta","Pterygota","Palaeoptera",,"Ephemeroptera","Furcatergalia","Lanceolata",,"Leptophlebiidae",,,,,"sp.",,"larva",2,,3,40,8,"Y","N","early instar","condition OK","Y",,"Merritt et al. 2019","N","Rhithron Associates, Inc.","J. Webb",,,
"b5290cd6-54e4-468f-8f4c-6f61cd6de504","D16","MART","MART.AOS.reach","2022-07-11T17:19Z","2023-08-21","MART.20220711.SURBER.5","A00000292712",,"PRIHEM","Y","Pristinicola hemphilli",,"species","Mollusca",,"Gastropoda",,,,"Neotaenioglossa",,,,"Hydrobiidae",,,,"Pristinicola","hemphilli",,"unknown",2,,1,100,1,"N","N",,"condition OK","Y",,"Thorp and Covich 2016","N","Rhithron Associates, Inc.","B. Moore",,,
"2caf6cdd-2299-4b88-91e1-cd901b84ddfe","D16","MART","MART.AOS.reach","2022-07-11T17:19Z","2023-08-21","MART.20220711.HESS.7","A00000292714",,"LARSP","Y","Larsia sp.",,"genus","Arthropoda","Hexapoda","Insecta","Pterygota","Neoptera","Holometabola","Diptera","Nematocera","Culicomorpha",,"Chironomidae","Tanypodinae","Pentaneurini",,"Larsia","sp.",,"larva",3,,5,60,8,"N","N",,"condition OK","Y",,"Weiderholm, 1983; Weiderholm, 1986; Epler 2001; Ferrington et al. 2019; Andersen, Cranston and Epler 2013","N","Rhithron Associates, Inc.","R. Spring",,,
"25a6f3b5-5a89-4a4a-954a-e6369b9035cc","D16","MART","MART.AOS.reach","2022-07-11T17:19Z","2023-08-22","MART.20220711.SURBER.5","A00000292712",,"ORTSP1","Y","Orthocladiinae sp.",,"subfamily","Arthropoda","Hexapoda","Insecta","Pterygota","Neoptera","Holometabola","Diptera","Nematocera","Culicomorpha",,"Chironomidae","Orthocladiinae",,,,"sp.",,"larva",1,,2,100,2,"Y","N","early instar","condition OK","N",,"Weiderholm, 1983; Weiderholm, 1986; Epler 2001; Ferrington et al. 2019; Andersen, Cranston and Epler 2013","N","Rhithron Associates, Inc.","A. Fasbender",,,
"036ba514-d1cb-431a-a30d-93d8ff9cb346","D16","MART","MART.AOS.reach","2022-07-11T17:19Z","2023-08-18","MART.20220711.SURBER.1","A00000292708",,"DRUDOD","Y","Drunella doddsii",,"species","Arthropoda","Hexapoda","Insecta","Pterygota","Palaeoptera",,"Ephemeroptera","Furcatergalia","Pannota","Ephemerelloidea","Ephemerellidae",,,,"Drunella","doddsii",,"larva",2,,4,100,4,"N","N",,"condition OK","Y",,"Allen and Edmunds 1962","N","Rhithron Associates, Inc.","J. Webb",,,
"b8ac264d-d1e2-4dda-9986-1c17e256d625","D16","MART","MART.AOS.reach","2022-07-11T17:19Z","2023-08-21","MART.20220711.HESS.6","A00000292713",,"POLSP13","Y","Polypedilum sp.",,"genus","Arthropoda","Hexapoda","Insecta","Pterygota","Neoptera","Holometabola","Diptera","Nematocera","Culicomorpha",,"Chironomidae","Chironominae","Chironomini",,"Polypedilum","sp.",,"larva",3,,1,30,3,"N","N",,"condition OK","Y",,"Weiderholm, 1983; Weiderholm, 1986; Epler 2001; Ferrington et al. 2008; Andersen, Cranston and Epler 2013","N","Rhithron Associates, Inc.","R. Spring",,,
"87e031f1-8dd1-425f-971d-69c005bab103","D16","MART","MART.AOS.reach","2022-07-11T17:19Z","2023-08-18","MART.20220711.SURBER.2","A00000292709",,"ZAISP","Y","Zaitzevia sp.",,"genus","Arthropoda","Hexapoda","Insecta","Pterygota","Neoptera","Holometabola","Coleoptera","Polyphaga","Elateriformia","Byrrhoidea","Elmidae","Elminae","Macronychini",,"Zaitzevia","sp.",,"larva",3,,4,43,9,"N","N",,"condition OK","N",,"Brown 1972; Merritt et al. 2019","N","Rhithron Associates, Inc.","J. Webb",,,
"ff0788ca-4540-4aa6-b73e-29f551594257","D16","MART","MART.AOS.reach","2022-07-11T17:19Z","2023-08-22","MART.20220711.SURBER.4","A00000292711",,"ZAVSP","Y","Zavrelimyia sp.",,"genus","Arthropoda","Hexapoda","Insecta","Pterygota","Neoptera","Holometabola","Diptera","Nematocera","Culicomorpha",,"Chironomidae","Tanypodinae","Pentaneurini",,"Zavrelimyia","sp.",,"larva",4,,1,100,1,"N","N",,"condition OK","Y",,"Weiderholm, 1983; Weiderholm, 1986; Epler 2001; Ferrington et al. 2019; Andersen, Cranston and Epler 2013","N","Rhithron Associates, Inc.","A. Fasbender",,,
"a2bd06a0-432b-421a-b977-1129e7e31dc1","D16","MART","MART.AOS.reach","2022-07-11T17:19Z","2023-08-22","MART.20220711.HESS.8","A00000292715",,"CRISP2","Y","Cricotopus sp.",,"genus","Arthropoda","Hexapoda","Insecta","Pterygota","Neoptera","Holometabola","Diptera","Nematocera","Culicomorpha",,"Chironomidae","Orthocladiinae",,,"Cricotopus","sp.",,"larva",2,,4,40,10,"N","N",,"condition OK","Y",,"Weiderholm, 1983; Weiderholm, 1986; Epler 2001; Ferrington et al. 2019; Andersen, Cranston and Epler 2013","N","Rhithron Associates, Inc.","A. Fasbender",,,
"f641df41-c50c-4340-9ac9-6147c49b0d5b","D16","MART","MART.AOS.reach","2022-07-11T17:19Z","2023-08-21","MART.20220711.SURBER.3","A00000292710",,"LJASP","Y","Ljania sp.",,"genus","Arthropoda","Chelicerata","Arachnida","Acari",,"Acariformes","Trombidiformes","Prostigmata",,"Hygrobatoidea","Aturidae",,,,"Ljania","sp.",,"adult",1,,1,40,3,"N","N",,"condition OK","Y",,"Thorp and Rogers 2016","Y","Rhithron Associates, Inc.","J. Webb",,,
"2ce69a6c-5fe1-425c-9216-3b33b6da8fa8","D16","MART","MART.AOS.reach","2022-07-11T17:19Z","2023-08-18","MART.20220711.SURBER.2","A00000292709",,"PLESP","Y","Plecoptera sp.",,"order","Arthropoda","Hexapoda","Insecta","Pterygota","Neoptera","Polyneoptera","Plecoptera",,,,,,,,,"sp.",,"larva",1,,7,43,16,"Y","N","early instar","condition OK","N",,"Merritt et al. 2019","N","Rhithron Associates, Inc.","J. Webb","Perlid/perlodid",,
"c7137619-e072-4d5c-9a0c-b8ca8f8b8897","D16","MART","MART.AOS.reach","2022-07-11T17:19Z","2023-08-22","MART.20220711.SURBER.2","A00000292709",,"THISP2","Y","Thienemanniella sp.",,"genus","Arthropoda","Hexapoda","Insecta","Pterygota","Neoptera","Holometabola","Diptera","Nematocera","Culicomorpha",,"Chironomidae","Orthocladiinae",,,"Thienemanniella","sp.",,"larva",1,,4,43,9,"N","N",,"condition OK","Y",,"Weiderholm, 1983; Weiderholm, 1986; Epler 2001; Ferrington et al. 2019; Andersen, Cranston and Epler 2013","N","Rhithron Associates, Inc.","A. Fasbender",,,
"93ebdf6d-f971-4ff2-b87e-117eee8524fd","D16","MART","MART.AOS.reach","2022-07-11T17:19Z","2023-08-18","MART.20220711.HESS.8","A00000292715",,"TIPSP5","Y","Tipuloidea sp.",,"superfamily","Arthropoda","Hexapoda","Insecta","Pterygota","Neoptera","Holometabola","Diptera","Nematocera","Tipulomorpha",,,,,,,"sp.",,"pupa",5,,1,40,3,"N","N","damaged","damaged, affecting taxonomy and measurement","N",,"Merritt et al. 2019","N","Rhithron Associates, Inc.","J. Webb",,,
"53f71672-da21-4f24-aa98-23822a5cfc9e","D16","MART","MART.AOS.reach","2022-07-11T17:19Z","2023-08-21","MART.20220711.SURBER.4","A00000292711",,"GLOSP1","Y","Glossosomatidae sp.",,"family","Arthropoda","Hexapoda","Insecta","Pterygota","Neoptera","Holometabola","Trichoptera",,,"Glossosomatoidea","Glossosomatidae",,,,,"sp.",,"pupa",5,,1,100,1,"N","N",,"condition OK","N",,"Merritt et al. 2019; Wiggins 1996","N","Rhithron Associates, Inc.","B. Moore",,,
"df63f36c-a2ca-469c-bb66-b5ffb325109d","D16","MART","MART.AOS.reach","2022-07-11T17:19Z","2023-08-22","MART.20220711.SURBER.2","A00000292709",,"ORTSP3","Y","Orthocladius sp.",,"genus","Arthropoda","Hexapoda","Insecta","Pterygota","Neoptera","Holometabola","Diptera","Nematocera","Culicomorpha",,"Chironomidae","Orthocladiinae",,,"Orthocladius","sp.",,"larva",2,,1,43,2,"N","N",,"condition OK","Y",,"Weiderholm, 1983; Weiderholm, 1986; Epler 2001; Ferrington et al. 2019; Andersen, Cranston and Epler 2013","N","Rhithron Associates, Inc.","A. Fasbender",,,
"33eb8074-e793-4134-ade8-f0a9feb97fdf","D16","MART","MART.AOS.reach","2022-07-11T17:19Z","2023-08-18","MART.20220711.SURBER.2","A00000292709",,"BAETRI2","Y","Baetis tricaudatus cx.",,"speciesGroup","Arthropoda","Hexapoda","Insecta","Pterygota","Palaeoptera",,"Ephemeroptera",,,,"Baetidae",,,,"Baetis","tricaudatus cx.",,"larva",1,,68,43,158,"N","N",,"condition OK","Y",,"Morihara and McCafferty 1979; Wiersema, 2004; Webb et al. 2018","N","Rhithron Associates, Inc.","J. Webb",,,
"a78763b0-f46f-4aaf-82f1-79febb1395f2","D16","MART","MART.AOS.reach","2022-07-11T17:19Z","2023-08-18","MART.20220711.SURBER.2","A00000292709",,"OSTSP","Y","Ostracoda sp.",,"class","Arthropoda","Crustacea","Ostracoda",,,,,,,,,,,,,"sp.",,"unknown",1,,1,43,2,"N","N",,"condition OK","Y",,"Thorp and Rogers 2016","N","Rhithron Associates, Inc.","J. Webb",,,
"d5715e7c-e784-457e-9a85-571d460a7154","D16","MART","MART.AOS.reach","2022-07-11T17:19Z","2023-08-18","MART.20220711.HESS.6","A00000292713",,"OSTSP","Y","Ostracoda sp.",,"class","Arthropoda","Crustacea","Ostracoda",,,,,,,,,,,,,"sp.",,"unknown",1,,1,30,3,"N","N",,"condition OK","Y",,"Thorp and Rogers 2016","N","Rhithron Associates, Inc.","J. Webb",,,
"992f4a31-85ff-4aaa-b1eb-73f5aa47dca1","D16","MART","MART.AOS.reach","2022-07-11T17:19Z","2023-08-18","MART.20220711.SURBER.2","A00000292709",,"LJASP","Y","Ljania sp.",,"genus","Arthropoda","Chelicerata","Arachnida","Acari",,"Acariformes","Trombidiformes","Prostigmata",,"Hygrobatoidea","Aturidae",,,,"Ljania","sp.",,"adult",1,,2,43,5,"N","N",,"condition OK","Y",,"Thorp and Rogers 2016","N","Rhithron Associates, Inc.","J. Webb",,,
"d1f64b77-33e1-459d-a01a-e1de3f656d47","D16","MART","MART.AOS.reach","2022-07-11T17:19Z","2023-08-22","MART.20220711.SURBER.2","A00000292709",,"ORTSP1","Y","Orthocladiinae sp.",,"subfamily","Arthropoda","Hexapoda","Insecta","Pterygota","Neoptera","Holometabola","Diptera","Nematocera","Culicomorpha",,"Chironomidae","Orthocladiinae",,,,"sp.",,"larva",1,,2,43,5,"Y","N","early instar","condition OK","N",,"Weiderholm, 1983; Weiderholm, 1986; Epler 2001; Ferrington et al. 2019; Andersen, Cranston and Epler 2013","N","Rhithron Associates, Inc.","A. Fasbender",,,
"6583428a-afa4-42ee-b45e-a90f620352b8","D16","MART","MART.AOS.reach","2022-07-11T17:19Z","2023-08-18","MART.20220711.SURBER.1","A00000292708",,"GLOSP1","Y","Glossosomatidae sp.",,"family","Arthropoda","Hexapoda","Insecta","Pterygota","Neoptera","Holometabola","Trichoptera",,,"Glossosomatoidea","Glossosomatidae",,,,,"sp.",,"pupa",5,,2,100,2,"N","N",,"condition OK","Y",,"Merritt et al. 2019; Wiggins 1996","N","Rhithron Associates, Inc.","J. Webb",,,
"8d905ac2-5e7c-4ddb-a4fc-854f30cbba6e","D16","MART","MART.AOS.reach","2022-07-11T17:19Z","2023-08-22","MART.20220711.SURBER.5","A00000292712",,"PARSP29","Y","Parorthocladius sp.",,"genus","Arthropoda","Hexapoda","Insecta","Pterygota","Neoptera","Holometabola","Diptera","Nematocera","Culicomorpha",,"Chironomidae","Orthocladiinae",,,"Parorthocladius","sp.",,"larva",3,,1,100,1,"N","N",,"condition OK","Y",,"Weiderholm, 1983; Weiderholm, 1986; Epler 2001; Ferrington et al. 2019; Andersen, Cranston and Epler 2013","N","Rhithron Associates, Inc.","A. Fasbender",,,
"b383ef01-cad9-43cb-9070-83c26bbeac8f","D16","MART","MART.AOS.reach","2022-07-11T17:19Z","2023-08-18","MART.20220711.SURBER.2","A00000292709",,"HETCOR","Y","Heterlimnius corpulentus",,"species","Arthropoda","Hexapoda","Insecta","Pterygota","Neoptera","Holometabola","Coleoptera","Polyphaga","Elateriformia","Byrrhoidea","Elmidae","Elminae","Elmini",,"Heterlimnius","corpulentus",,"larva",3,,1,43,2,"N","N",,"condition OK","Y",,"Brown 1972; Merritt et al. 2019; Kamite, 2009","N","Rhithron Associates, Inc.","J. Webb",,,
"35d7859e-b3dc-4a88-888c-df8bd06caaf8","D16","MART","MART.AOS.reach","2022-07-11T17:19Z","2023-08-22","MART.20220711.SURBER.5","A00000292712",,"NILSP","Y","Nilotanypus sp.",,"genus","Arthropoda","Hexapoda","Insecta","Pterygota","Neoptera","Holometabola","Diptera","Nematocera","Culicomorpha",,"Chironomidae","Tanypodinae","Pentaneurini",,"Nilotanypus","sp.",,"larva",3,,1,100,1,"N","N",,"condition OK","Y",,"Weiderholm, 1983; Weiderholm, 1986; Epler 2001; Ferrington et al. 2019; Andersen, Cranston and Epler 2013","N","Rhithron Associates, Inc.","A. Fasbender",,,
"4411d5d1-bd83-4f4e-a3fe-a35ec5a5b0cd","D16","MART","MART.AOS.reach","2022-07-11T17:19Z","2023-08-21","MART.20220711.SURBER.4","A00000292711",,"PERSP1","Y","Perlidae sp.",,"family","Arthropoda","Hexapoda","Insecta","Pterygota","Neoptera","Polyneoptera","Plecoptera","Systellognatha",,,"Perlidae",,,,,"sp.",,"larva",2,,5,100,5,"Y","N","early instar","condition OK","N",,"Stewart and Stark 2002; Merritt et al. 2019","N","Rhithron Associates, Inc.","B. Moore",,,
"8a557cfc-ae45-4116-8f6c-f0865941e07c","D16","MART","MART.AOS.reach","2022-07-11T17:19Z","2023-08-22","MART.20220711.HESS.8","A00000292715",,"EUKTIR","Y","Eukiefferiella tirolensis",,"species","Arthropoda","Hexapoda","Insecta",,,,"Diptera","Nematocera",,,"Chironomidae","Orthocladiinae",,,"Eukiefferiella","tirolensis",,"larva",2,,1,40,3,"N","N",,"condition OK","Y",,"Epler 2001; Maschwitz and Cook 2000;Bode 1983","N","Rhithron Associates, Inc.","A. Fasbender",,,
"9e28eeae-a514-45ee-bf42-2d4ff20f5209","D16","MART","MART.AOS.reach","2022-07-11T17:19Z","2023-08-21","MART.20220711.SURBER.3","A00000292710",,"SIMSP1","Y","Simulium sp.",,"genus","Arthropoda","Hexapoda","Insecta","Pterygota","Neoptera","Holometabola","Diptera","Nematocera","Culicomorpha",,"Simuliidae","Simuliinae","Simuliini",,"Simulium","sp.",,"larva",1,,10,40,25,"N","N",,"condition OK","Y",,"Adler et al. 2004; Merritt et al. 2019","Y","Rhithron Associates, Inc.","J. Webb",,,
"f3f9ff46-1f97-4b3c-a972-958e23be45a3","D16","MART","MART.AOS.reach","2022-07-11T17:19Z","2023-08-18","MART.20220711.SURBER.2","A00000292709",,"EPESP","Y","Epeorus sp.",,"genus","Arthropoda","Hexapoda","Insecta","Pterygota","Palaeoptera",,"Ephemeroptera","Pisciforma",,"Heptagenioidea","Heptageniidae",,,,"Epeorus","sp.",,"larva",1,,4,43,9,"N","N","damaged","damaged, affecting taxonomy and measurement","N",,"Merritt et al. 2019","N","Rhithron Associates, Inc.","J. Webb",,,
"ba16fecc-b23b-415c-b5d6-41c33ea2d4aa","D16","MART","MART.AOS.reach","2022-07-11T17:19Z","2023-08-23","MART.20220711.SURBER.3","A00000292710","BA22NEOMST36006O1","ENCSP1","Y","Enchytraeidae sp.",,"family","Annelida","Clitellata","Oligochaeta","Oligochaeta",,,"Enchytraeida",,,,"Enchytraeidae",,,,,"sp.",,"unknown",2,,1,40,3,"N","N",,"condition OK","Y",,"Kathman and Brinkhurst, 1999","Y","Rhithron Associates, Inc.","J. Webb",,,
"7b0e93c8-d87c-4262-9a12-cb908ba76470","D16","MART","MART.AOS.reach","2022-07-11T17:19Z","2023-08-18","MART.20220711.SURBER.1","A00000292708",,"MICSP3","Y","Micrasema sp.",,"genus","Arthropoda","Hexapoda","Insecta","Pterygota","Neoptera","Holometabola","Trichoptera",,,"Limnephiloidea","Brachycentridae",,,,"Micrasema","sp.",,"larva",1,,25,100,25,"N","N",,"condition OK","Y",,"Wiggins 1996; Merritt et al. 2019","N","Rhithron Associates, Inc.","J. Webb",,,
"654decff-ccb5-4803-b518-5a83b8e02071","D16","MART","MART.AOS.reach","2022-07-11T17:19Z","2023-08-21","MART.20220711.SURBER.3","A00000292710",,"BAETRI2","Y","Baetis tricaudatus cx.",,"speciesGroup","Arthropoda","Hexapoda","Insecta","Pterygota","Palaeoptera",,"Ephemeroptera",,,,"Baetidae",,,,"Baetis","tricaudatus cx.",,"larva",4,,5,40,13,"N","N",,"condition OK","Y",,"Morihara and McCafferty 1979; Wiersema, 2004; Webb et al. 2018","Y","Rhithron Associates, Inc.","J. Webb",,,
"19951b63-161e-4bdd-8e19-1e989d39b865","D16","MART","MART.AOS.reach","2022-07-11T17:19Z","2023-08-21","MART.20220711.SURBER.5","A00000292712",,"HETCOR","Y","Heterlimnius corpulentus",,"species","Arthropoda","Hexapoda","Insecta","Pterygota","Neoptera","Holometabola","Coleoptera","Polyphaga","Elateriformia","Byrrhoidea","Elmidae","Elminae","Elmini",,"Heterlimnius","corpulentus",,"larva",2,,3,100,3,"N","N",,"condition OK","Y",,"Brown 1972; Merritt et al. 2019; Kamite, 2009","N","Rhithron Associates, Inc.","B. Moore",,,
"8e48baa7-04d5-48fa-81bc-6cb47e2943c7","D16","MART","MART.AOS.reach","2022-07-11T17:19Z","2023-08-21","MART.20220711.SURBER.4","A00000292711",,"PRIHEM","Y","Pristinicola hemphilli",,"species","Mollusca",,"Gastropoda",,,,"Neotaenioglossa",,,,"Hydrobiidae",,,,"Pristinicola","hemphilli",,"unknown",3,,1,100,1,"N","N",,"condition OK","Y",,"Thorp and Covich 2016","N","Rhithron Associates, Inc.","B. Moore",,,
"cd983979-a3a8-46dc-b6eb-c2c40b3e3d24","D16","MART","MART.AOS.reach","2022-07-11T17:19Z","2023-08-21","MART.20220711.SURBER.3","A00000292710",,"NEMSP","Y","Nematoda sp.",,"phylum","Nematoda",,,,,,,,,,,,,,,"sp.",,"unknown",3,,2,40,5,"N","N",,"condition OK","Y",,"Thorp and Rogers 2016","Y","Rhithron Associates, Inc.","J. Webb",,,
"d8e9691a-eee4-432a-b1b5-6bd4c981ce03","D16","MART","MART.AOS.reach","2022-07-11T17:19Z","2023-08-22","MART.20220711.HESS.8","A00000292715",,"ORTSP1","Y","Orthocladiinae sp.",,"subfamily","Arthropoda","Hexapoda","Insecta","Pterygota","Neoptera","Holometabola","Diptera","Nematocera","Culicomorpha",,"Chironomidae","Orthocladiinae",,,,"sp.",,"larva",1,,2,40,5,"Y","N","early instar","condition OK","N",,"Weiderholm, 1983; Weiderholm, 1986; Epler 2001; Ferrington et al. 2019; Andersen, Cranston and Epler 2013","N","Rhithron Associates, Inc.","A. Fasbender",,,
"3ade4485-d122-4d05-9664-f24839e31714","D16","MART","MART.AOS.reach","2022-07-11T17:19Z","2023-08-21","MART.20220711.HESS.7","A00000292714",,"CRISP2","Y","Cricotopus sp.",,"genus","Arthropoda","Hexapoda","Insecta","Pterygota","Neoptera","Holometabola","Diptera","Nematocera","Culicomorpha",,"Chironomidae","Orthocladiinae",,,"Cricotopus","sp.",,"larva",1,,3,60,5,"N","N",,"condition OK","Y",,"Weiderholm, 1983; Weiderholm, 1986; Epler 2001; Ferrington et al. 2019; Andersen, Cranston and Epler 2013","N","Rhithron Associates, Inc.","R. Spring",,,
"4c839ab2-bcbc-4852-805b-ca90c8477e26","D16","MART","MART.AOS.reach","2022-07-11T17:19Z","2023-08-18","MART.20220711.SURBER.1","A00000292708",,"NEMSP5","Y","Nemouridae sp.",,"family","Arthropoda","Hexapoda","Insecta","Pterygota","Neoptera","Polyneoptera","Plecoptera","Euholognatha",,,"Nemouridae",,,,,"sp.",,"larva",1,,12,100,12,"Y","N","early instar","condition OK","Y",,"Baumann et al. 1977; Stewart and Stark 2002; Merritt et al. 2019","N","Rhithron Associates, Inc.","J. Webb",,,
"0d18b863-6b97-4dcd-af06-7c75cfe29881","D16","MART","MART.AOS.reach","2022-07-11T17:19Z","2023-08-22","MART.20220711.SURBER.4","A00000292711",,"TANSP8","Y","Tanytarsini sp.",,"tribe","Arthropoda","Hexapoda","Insecta","Pterygota","Neoptera","Holometabola","Diptera","Nematocera","Culicomorpha",,"Chironomidae","Chironominae","Tanytarsini",,,"sp.",,"pupa",2,,1,100,1,"N","N","damaged","damaged, affecting taxonomy and measurement","N",,"Weiderholm, 1983; Weiderholm, 1986; Epler 2001; Ferrington et al. 2019; Andersen, Cranston and Epler 2013","N","Rhithron Associates, Inc.","A. Fasbender",,,
"7449b310-eb3e-422d-8587-9bb072a675eb","D16","MART","MART.AOS.reach","2022-07-11T17:19Z","2023-08-22","MART.20220711.SURBER.5","A00000292712",,"POLSP13","Y","Polypedilum sp.",,"genus","Arthropoda","Hexapoda","Insecta","Pterygota","Neoptera","Holometabola","Diptera","Nematocera","Culicomorpha",,"Chironomidae","Chironominae","Chironomini",,"Polypedilum","sp.",,"larva",4,,1,100,1,"N","N",,"condition OK","Y",,"Weiderholm, 1983; Weiderholm, 1986; Epler 2001; Ferrington et al. 2008; Andersen, Cranston and Epler 2013","N","Rhithron Associates, Inc.","A. Fasbender",,,
"da162a52-72c4-4091-9525-a9381ae39d2c","D16","MART","MART.AOS.reach","2022-07-11T17:19Z","2023-08-18","MART.20220711.HESS.8","A00000292715",,"TIPSP5","Y","Tipuloidea sp.",,"superfamily","Arthropoda","Hexapoda","Insecta","Pterygota","Neoptera","Holometabola","Diptera","Nematocera","Tipulomorpha",,,,,,,"sp.",,"larva",3,,1,40,3,"N","N","damaged","damaged, affecting taxonomy and measurement","Y",,"Merritt et al. 2019","N","Rhithron Associates, Inc.","J. Webb",,,
"e26ec6e8-39b5-4022-b3d6-72b369e48264","D16","MART","MART.AOS.reach","2022-07-11T17:19Z","2023-08-18","MART.20220711.SURBER.1","A00000292708",,"ZAIPOS","Y","Zaitzevia posthonia",,"species","Arthropoda","Hexapoda","Insecta","Pterygota","Neoptera","Holometabola","Coleoptera","Polyphaga","Elateriformia","Byrrhoidea","Elmidae","Elminae","Macronychini",,"Zaitzevia","posthonia",,"adult",2,,1,100,1,"N","N",,"condition OK","Y",,"Brown 2001; Sullivan 2011","N","Rhithron Associates, Inc.","J. Webb",,,
"d55e45cc-30dd-44f4-a974-44a4036b8bf6","D16","MART","MART.AOS.reach","2022-07-11T17:19Z","2023-08-22","MART.20220711.SURBER.2","A00000292709",,"SYNSP3","Y","Synorthocladius sp.",,"genus","Arthropoda","Hexapoda","Insecta","Pterygota","Neoptera","Holometabola","Diptera","Nematocera","Culicomorpha",,"Chironomidae","Orthocladiinae",,,"Synorthocladius","sp.",,"larva",2,,1,43,2,"N","N",,"condition OK","Y",,"Weiderholm, 1983; Weiderholm, 1986; Epler 2001; Ferrington et al. 2019; Andersen, Cranston and Epler 2013","N","Rhithron Associates, Inc.","A. Fasbender",,,
"dffc2dd5-0af3-4fc6-a66e-f00c9aca7c2a","D16","MART","MART.AOS.reach","2022-07-11T17:19Z","2023-08-18","MART.20220711.SURBER.2","A00000292709",,"SIMSP1","Y","Simulium sp.",,"genus","Arthropoda","Hexapoda","Insecta","Pterygota","Neoptera","Holometabola","Diptera","Nematocera","Culicomorpha",,"Simuliidae","Simuliinae","Simuliini",,"Simulium","sp.",,"larva",1,,2,43,5,"N","N",,"condition OK","Y",,"Adler et al. 2004; Merritt et al. 2019","N","Rhithron Associates, Inc.","J. Webb",,,
"ff9e4205-32e2-46cf-af4d-3ee6d23dbf5b","D16","MART","MART.AOS.reach","2022-07-11T17:19Z","2023-08-21","MART.20220711.HESS.7","A00000292714",,"CORSP19","Y","Corynoneura sp.",,"genus","Arthropoda","Hexapoda","Insecta","Pterygota","Neoptera","Holometabola","Diptera","Nematocera","Culicomorpha",,"Chironomidae","Orthocladiinae",,,"Corynoneura","sp.",,"larva",1,,1,60,2,"N","N",,"condition OK","Y",,"Weiderholm, 1983; Weiderholm, 1986; Epler 2001; Ferrington et al. 2019; Andersen, Cranston and Epler 2013","N","Rhithron Associates, Inc.","R. Spring",,,
"99d5d00e-10d8-4c6a-b95b-81e8a5dc46f6","D16","MART","MART.AOS.reach","2022-07-11T17:19Z","2023-08-18","MART.20220711.HESS.8","A00000292715",,"MALSP4","Y","Malenka sp.",,"genus","Arthropoda","Hexapoda","Insecta","Pterygota","Neoptera","Polyneoptera","Plecoptera","Euholognatha",,,"Nemouridae","Amphinemurinae",,,"Malenka","sp.",,"larva",2,,1,40,3,"N","N",,"condition OK","Y",,"Stewart and Stark 2002; Merritt et al. 2019","N","Rhithron Associates, Inc.","J. Webb",,,
"0b7e1562-3176-4ed7-9ef2-2d9054ff9a44","D16","MART","MART.AOS.reach","2022-07-11T17:19Z","2023-08-21","MART.20220711.SURBER.4","A00000292711",,"AMESP2","Y","Ameletus sp.",,"genus","Arthropoda","Hexapoda","Insecta","Pterygota","Palaeoptera",,"Ephemeroptera","Pisciforma",,,"Ameletidae",,,,"Ameletus","sp.",,"larva",2,,3,100,3,"N","N",,"condition OK","Y",,"Merritt et al. 2019","N","Rhithron Associates, Inc.","B. Moore",,,
"cfa95348-9421-4e2b-a53f-3c2f71bb6f27","D16","MART","MART.AOS.reach","2022-07-11T17:19Z","2023-08-18","MART.20220711.HESS.8","A00000292715",,"PARSP16","Y","Paraperla sp.",,"genus","Arthropoda","Hexapoda","Insecta","Pterygota","Neoptera","Polyneoptera","Plecoptera","Systellognatha",,,"Chloroperlidae","Paraperlinae",,,"Paraperla","sp.",,"larva",4,,1,40,3,"N","N",,"condition OK","Y",,"Stewart and Stark 2002; Merritt et al. 2019","N","Rhithron Associates, Inc.","J. Webb",,,
"860a8c6f-be1d-4f15-9dd5-653befd09331","D16","MART","MART.AOS.reach","2022-07-11T17:19Z","2023-08-18","MART.20220711.HESS.6","A00000292713",,"CAPSP2","Y","Capniidae sp.",,"family","Arthropoda","Hexapoda","Insecta","Pterygota","Neoptera","Polyneoptera","Plecoptera","Euholognatha",,,"Capniidae",,,,,"sp.",,"larva",1,,2,30,7,"Y","N","early instar","condition OK","Y",,"Stewart and Stark 2002; Merritt et al. 2019","N","Rhithron Associates, Inc.","J. Webb",,,
"a36488f7-dc0b-4f3b-8822-edb27ea6ae32","D16","MART","MART.AOS.reach","2022-07-11T17:19Z","2023-08-21","MART.20220711.HESS.7","A00000292714",,"MICSP6","Y","Micropsectra sp.",,"genus","Arthropoda","Hexapoda","Insecta","Pterygota","Neoptera","Holometabola","Diptera","Nematocera","Culicomorpha",,"Chironomidae","Chironominae","Tanytarsini",,"Micropsectra","sp.",,"larva",1,,19,60,32,"N","N",,"condition OK","Y",,"Weiderholm, 1983; Weiderholm, 1986; Epler 2001; Ferrington et al. 2019; Andersen, Cranston and Epler 2013","N","Rhithron Associates, Inc.","R. Spring",,,
"19186368-74bb-4a1e-99a2-632f0e25995d","D16","MART","MART.AOS.reach","2022-07-11T17:19Z","2023-08-18","MART.20220711.SURBER.2","A00000292709",,"EPESP","Y","Epeorus sp.",,"genus","Arthropoda","Hexapoda","Insecta","Pterygota","Palaeoptera",,"Ephemeroptera","Pisciforma",,"Heptagenioidea","Heptageniidae",,,,"Epeorus","sp.",,"larva",5,,2,43,5,"N","N","damaged","damaged, affecting taxonomy and measurement","N",,"Merritt et al. 2019","N","Rhithron Associates, Inc.","J. Webb",,,
"94850621-874e-4acd-876a-6c370d22528a","D16","MART","MART.AOS.reach","2022-07-11T17:19Z","2023-08-22","MART.20220711.SURBER.2","A00000292709",,"PARSP26","Y","Parametriocnemus sp.",,"genus","Arthropoda","Hexapoda","Insecta","Pterygota","Neoptera","Holometabola","Diptera","Nematocera","Culicomorpha",,"Chironomidae","Orthocladiinae",,,"Parametriocnemus","sp.",,"larva",3,,1,43,2,"N","N",,"condition OK","Y",,"Weiderholm, 1983; Weiderholm, 1986; Epler 2001; Ferrington et al. 2019; Andersen, Cranston and Epler 2013","N","Rhithron Associates, Inc.","A. Fasbender",,,
"5d0b6076-0670-4e51-8afc-b44d341c8319","D16","MART","MART.AOS.reach","2022-07-11T17:19Z","2023-08-18","MART.20220711.SURBER.2","A00000292709",,"ORISP1","Y","Oribatida sp.",,"suborder","Arthropoda","Chelicerata","Arachnida","Acari",,"Acariformes","Sarcoptiformes","Oribatida",,,,,,,,"sp.",,"adult",1,,3,43,7,"N","N",,"condition OK","Y",,"Thorp and Rogers 2016","N","Rhithron Associates, Inc.","J. Webb",,,
"6801abde-c7f1-4a3e-b3c3-5d28b961093e","D16","MART","MART.AOS.reach","2022-07-11T17:19Z","2023-08-18","MART.20220711.SURBER.2","A00000292709",,"PERSP1","Y","Perlidae sp.",,"family","Arthropoda","Hexapoda","Insecta","Pterygota","Neoptera","Polyneoptera","Plecoptera","Systellognatha",,,"Perlidae",,,,,"sp.",,"larva",2,,5,43,12,"Y","N","early instar","condition OK","N",,"Stewart and Stark 2002; Merritt et al. 2019","N","Rhithron Associates, Inc.","J. Webb",,,
"7a4dc8f5-b9d9-4db2-8251-09b1ea325ee0","D16","MART","MART.AOS.reach","2022-07-11T17:19Z","2023-08-18","MART.20220711.SURBER.2","A00000292709",,"POLSP17","Y","Polycelis sp.",,"genus","Platyhelminthes","Rhabditophora","Trepaxonemata",,,,"Neoophora",,,,"Planariidae",,,,"Polycelis","sp.",,"unknown",4,,2,43,5,"N","N",,"condition OK","Y",,"Thorp and Rogers 2016","N","Rhithron Associates, Inc.","J. Webb",,,
"620c94d7-b93d-4559-8759-872ec97fe1bc","D16","MART","MART.AOS.reach","2022-07-11T17:19Z","2023-08-22","MART.20220711.HESS.8","A00000292715",,"TANSP11","Y","Tanytarsus sp.",,"genus","Arthropoda","Hexapoda","Insecta","Pterygota","Neoptera","Holometabola","Diptera","Nematocera","Culicomorpha",,"Chironomidae","Chironominae","Tanytarsini",,"Tanytarsus","sp.",,"larva",1,,1,40,3,"N","N",,"condition OK","Y",,"Weiderholm, 1983; Weiderholm, 1986; Epler 2001; Ferrington et al. 2019; Andersen, Cranston and Epler 2013","N","Rhithron Associates, Inc.","A. Fasbender",,,
"e32873e6-6f27-4dbe-8617-9236780487e6","D16","MART","MART.AOS.reach","2022-07-11T17:19Z","2023-08-18","MART.20220711.SURBER.1","A00000292708",,"TORSP6","Y","Torrenticola sp.",,"genus","Arthropoda","Chelicerata","Arachnida","Acari",,"Acariformes","Trombidiformes","Prostigmata",,"Lebertioidea","Torrenticolidae",,,,"Torrenticola","sp.",,"adult",1,,20,100,20,"N","N",,"condition OK","Y",,"Thorp and Rogers 2016","N","Rhithron Associates, Inc.","J. Webb",,,
"5ed51f18-99dd-486c-85f2-5a9569e9267d","D16","MART","MART.AOS.reach","2022-07-11T17:19Z","2023-08-21","MART.20220711.SURBER.4","A00000292711",,"TESSP1","Y","Testudacarus sp.",,"genus","Arthropoda","Chelicerata","Arachnida","Acari",,"Acariformes","Trombidiformes","Prostigmata",,"Lebertioidea","Torrenticolidae",,,,"Testudacarus","sp.",,"adult",1,,1,100,1,"N","N",,"condition OK","Y",,"Thorp and Rogers 2016","N","Rhithron Associates, Inc.","B. Moore",,,
"85597674-322c-49dd-a4ca-4944df6588d8","D16","MART","MART.AOS.reach","2022-07-11T17:19Z","2023-08-18","MART.20220711.HESS.7","A00000292714",,"HETCOR","Y","Heterlimnius corpulentus",,"species","Arthropoda","Hexapoda","Insecta","Pterygota","Neoptera","Holometabola","Coleoptera","Polyphaga","Elateriformia","Byrrhoidea","Elmidae","Elminae","Elmini",,"Heterlimnius","corpulentus",,"adult",2,,2,60,3,"N","N",,"condition OK","Y",,"Brown 1972; Merritt et al. 2019; Kamite, 2009","N","Rhithron Associates, Inc.","J. Webb",,,
"3992f8d2-c969-4f26-bf4e-8b7941b335a5","D16","MART","MART.AOS.reach","2022-07-11T17:19Z","2023-08-18","MART.20220711.HESS.7","A00000292714",,"ZAIPOS","Y","Zaitzevia posthonia",,"species","Arthropoda","Hexapoda","Insecta","Pterygota","Neoptera","Holometabola","Coleoptera","Polyphaga","Elateriformia","Byrrhoidea","Elmidae","Elminae","Macronychini",,"Zaitzevia","posthonia",,"adult",2,,2,60,3,"N","N",,"condition OK","Y",,"Brown 2001; Sullivan 2011","N","Rhithron Associates, Inc.","J. Webb",,,
"d3816807-dec2-47eb-8583-2a3286f336f6","D16","MART","MART.AOS.reach","2022-07-11T17:19Z","2023-08-21","MART.20220711.HESS.6","A00000292713",,"SYNSP3","Y","Synorthocladius sp.",,"genus","Arthropoda","Hexapoda","Insecta","Pterygota","Neoptera","Holometabola","Diptera","Nematocera","Culicomorpha",,"Chironomidae","Orthocladiinae",,,"Synorthocladius","sp.",,"larva",1,,4,30,13,"N","N",,"condition OK","Y",,"Weiderholm, 1983; Weiderholm, 1986; Epler 2001; Ferrington et al. 2019; Andersen, Cranston and Epler 2013","N","Rhithron Associates, Inc.","R. Spring",,,
"53cdfdb0-aceb-42bc-9d35-8a9ca72da7bd","D16","MART","MART.AOS.reach","2022-07-11T17:19Z","2023-08-21","MART.20220711.HESS.7","A00000292714",,"TANSP8","Y","Tanytarsini sp.",,"tribe","Arthropoda","Hexapoda","Insecta","Pterygota","Neoptera","Holometabola","Diptera","Nematocera","Culicomorpha",,"Chironomidae","Chironominae","Tanytarsini",,,"sp.",,"larva",1,,1,60,2,"Y","N","early instar","condition OK","N",,"Weiderholm, 1983; Weiderholm, 1986; Epler 2001; Ferrington et al. 2019; Andersen, Cranston and Epler 2013","N","Rhithron Associates, Inc.","R. Spring",,,
"cbeae986-e5a0-4021-99d3-803fd3545d09","D16","MART","MART.AOS.reach","2022-07-11T17:19Z","2023-08-21","MART.20220711.SURBER.3","A00000292710",,"BRASP5","Y","Brachycentridae sp.",,"family","Arthropoda","Hexapoda","Insecta","Pterygota","Neoptera","Holometabola","Trichoptera",,,"Limnephiloidea","Brachycentridae",,,,,"sp.",,"larva",1,,1,40,3,"Y","N","early instar","condition OK","Y",,"Wiggins 1996; Merritt et al. 2019","Y","Rhithron Associates, Inc.","J. Webb",,,
"199c8900-cc41-4879-801b-f86fbbe454cb","D16","MART","MART.AOS.reach","2022-07-11T17:19Z","2023-08-18","MART.20220711.SURBER.2","A00000292709",,"CALCAL","Y","Calineuria californica",,"species","Arthropoda","Hexapoda","Insecta","Pterygota","Neoptera","Polyneoptera","Plecoptera","Systellognatha",,,"Perlidae","Acroneuriinae","Acroneuriini",,"Calineuria","californica",,"larva",18,,1,43,2,"N","N",,"condition OK","Y",,"Stewart and Stark 2002; Merritt et al. 2019","N","Rhithron Associates, Inc.","J. Webb",,,
"3b7f1963-6446-4342-8ad1-c1143f3e8901","D16","MART","MART.AOS.reach","2022-07-11T17:19Z","2023-08-22","MART.20220711.SURBER.2","A00000292709",,"THISP2","Y","Thienemanniella sp.",,"genus","Arthropoda","Hexapoda","Insecta","Pterygota","Neoptera","Holometabola","Diptera","Nematocera","Culicomorpha",,"Chironomidae","Orthocladiinae",,,"Thienemanniella","sp.",,"larva",2,,1,43,2,"N","N",,"condition OK","Y",,"Weiderholm, 1983; Weiderholm, 1986; Epler 2001; Ferrington et al. 2019; Andersen, Cranston and Epler 2013","N","Rhithron Associates, Inc.","A. Fasbender",,,
"8639715c-39e2-4123-a8a6-7e1e2a6a5467","D16","MART","MART.AOS.reach","2022-07-11T17:19Z","2023-08-21","MART.20220711.HESS.7","A00000292714",,"BRISP","Y","Brillia sp.",,"genus","Arthropoda","Hexapoda","Insecta","Pterygota","Neoptera","Holometabola","Diptera","Nematocera","Culicomorpha",,"Chironomidae","Orthocladiinae",,,"Brillia","sp.",,"larva",1,,10,60,17,"N","N",,"condition OK","Y",,"Weiderholm, 1983; Weiderholm, 1986; Epler 2001; Ferrington et al. 2019; Andersen, Cranston and Epler 2013","N","Rhithron Associates, Inc.","R. Spring",,,
"80b5c04f-de44-45d1-8bd3-fcbcdc5e1142","D16","MART","MART.AOS.reach","2022-07-11T17:19Z","2023-08-18","MART.20220711.HESS.6","A00000292713",,"HETCOR","Y","Heterlimnius corpulentus",,"species","Arthropoda","Hexapoda","Insecta","Pterygota","Neoptera","Holometabola","Coleoptera","Polyphaga","Elateriformia","Byrrhoidea","Elmidae","Elminae","Elmini",,"Heterlimnius","corpulentus",,"larva",4,,3,30,10,"N","N",,"condition OK","Y",,"Brown 1972; Merritt et al. 2019; Kamite, 2009","N","Rhithron Associates, Inc.","J. Webb",,,
"2840e749-f4f4-497b-be88-be72f5a531b2","D16","MART","MART.AOS.reach","2022-07-11T17:19Z","2023-08-21","MART.20220711.SURBER.4","A00000292711",,"EPELON","Y","Epeorus longimanus",,"species","Arthropoda","Hexapoda","Insecta","Pterygota","Palaeoptera",,"Ephemeroptera","Pisciforma",,"Heptagenioidea","Heptageniidae",,,,"Epeorus","longimanus",,"larva",7,,1,100,1,"N","N",,"condition OK","Y",,"Edmunds and Allen 1964","N","Rhithron Associates, Inc.","B. Moore",,,
"24fe64f7-edfa-4a34-b658-3f4003c07131","D16","MART","MART.AOS.reach","2022-07-11T17:19Z","2023-08-22","MART.20220711.SURBER.4","A00000292711",,"BRISP","Y","Brillia sp.",,"genus","Arthropoda","Hexapoda","Insecta","Pterygota","Neoptera","Holometabola","Diptera","Nematocera","Culicomorpha",,"Chironomidae","Orthocladiinae",,,"Brillia","sp.",,"larva",2,,1,100,1,"N","N",,"condition OK","Y",,"Weiderholm, 1983; Weiderholm, 1986; Epler 2001; Ferrington et al. 2019; Andersen, Cranston and Epler 2013","N","Rhithron Associates, Inc.","A. Fasbender",,,
"ed17f1ff-30f0-47d3-85c9-4740be28ff86","D16","MART","MART.AOS.reach","2022-07-11T17:19Z","2023-08-21","MART.20220711.SURBER.5","A00000292712",,"ZAISP","Y","Zaitzevia sp.",,"genus","Arthropoda","Hexapoda","Insecta","Pterygota","Neoptera","Holometabola","Coleoptera","Polyphaga","Elateriformia","Byrrhoidea","Elmidae","Elminae","Macronychini",,"Zaitzevia","sp.",,"adult",2,,1,100,1,"N","N","female","condition OK","Y",,"Brown 1972; Merritt et al. 2019","N","Rhithron Associates, Inc.","B. Moore",,,
"817594a7-c76a-4d45-a621-f78a16c06243","D16","MART","MART.AOS.reach","2022-07-11T17:19Z","2023-08-21","MART.20220711.SURBER.4","A00000292711",,"BAEPIS1","Y","Baetis piscatoris cx.",,"speciesGroup","Arthropoda","Hexapoda","Insecta","Pterygota","Palaeoptera",,"Ephemeroptera",,,,"Baetidae",,,,"Baetis","piscatoris cx.",,"larva",5,,3,100,3,"N","N",,"condition OK","Y",,"Morihara and McCafferty 1979; Wiersema, 2004; Webb et al. 2018","N","Rhithron Associates, Inc.","B. Moore",,,
"240d938c-3b37-4743-98d9-c3102493eb78","D16","MART","MART.AOS.reach","2022-07-11T17:19Z","2023-08-22","MART.20220711.SURBER.1","A00000292708",,"THIGRO","Y","Thienemannimyia gr.",,"speciesGroup","Arthropoda","Hexapoda","Insecta","Pterygota","Neoptera","Holometabola","Diptera","Nematocera","Culicomorpha",,"Chironomidae","Tanypodinae","Pentaneurini",,"Thienemannimyia","gr.",,"larva",3,,3,100,3,"Y","N","early instar","condition OK","Y",,"Weiderholm, 1983; Weiderholm, 1986; Epler 2001; Ferrington et al. 2008; Andersen, Cranston and Epler 2017","N","Rhithron Associates, Inc.","A. Fasbender",,,
"c6174c23-af06-4257-be45-6f1358563a0e","D16","MART","MART.AOS.reach","2022-07-11T17:19Z","2023-08-21","MART.20220711.HESS.7","A00000292714",,"POLSP13","Y","Polypedilum sp.",,"genus","Arthropoda","Hexapoda","Insecta","Pterygota","Neoptera","Holometabola","Diptera","Nematocera","Culicomorpha",,"Chironomidae","Chironominae","Chironomini",,"Polypedilum","sp.",,"larva",6,,1,60,2,"N","N",,"condition OK","Y",,"Weiderholm, 1983; Weiderholm, 1986; Epler 2001; Ferrington et al. 2008; Andersen, Cranston and Epler 2013","N","Rhithron Associates, Inc.","R. Spring",,,
"aee3e23a-b5ad-4212-a14e-0e3aa75a4ed8","D16","MART","MART.AOS.reach","2022-07-11T17:19Z","2023-08-22","MART.20220711.SURBER.5","A00000292712",,"CRISP6","Y","Cricotopus/Orthocladius sp.",,"speciesGroup","Arthropoda","Hexapoda","Insecta","Pterygota","Neoptera","Holometabola","Diptera","Nematocera","Culicomorpha",,"Chironomidae","Orthocladiinae",,,"Cricotopus/Orthocladius","sp.",,"larva",3,,4,100,4,"Y","N","early instar","condition OK","N",,"Weiderholm, 1983; Weiderholm, 1986; Epler 2001; Ferrington et al. 2008; Andersen, Cranston and Epler 2013","N","Rhithron Associates, Inc.","A. Fasbender",,,
"0f735f7b-acbf-467a-932d-ed7809370d5f","D16","MART","MART.AOS.reach","2022-07-11T17:19Z","2023-08-21","MART.20220711.HESS.7","A00000292714",,"ZAVSP","Y","Zavrelimyia sp.",,"genus","Arthropoda","Hexapoda","Insecta","Pterygota","Neoptera","Holometabola","Diptera","Nematocera","Culicomorpha",,"Chironomidae","Tanypodinae","Pentaneurini",,"Zavrelimyia","sp.",,"larva",1,,3,60,5,"N","N",,"condition OK","Y",,"Weiderholm, 1983; Weiderholm, 1986; Epler 2001; Ferrington et al. 2019; Andersen, Cranston and Epler 2013","N","Rhithron Associates, Inc.","R. Spring",,,
"f1572f62-654e-4a5c-a5c5-0e9805211362","D16","MART","MART.AOS.reach","2022-07-11T17:19Z","2023-08-18","MART.20220711.SURBER.2","A00000292709",,"LEBSP1","Y","Lebertia sp.",,"genus","Arthropoda","Chelicerata","Arachnida","Acari",,"Acariformes","Trombidiformes","Prostigmata",,"Lebertioidea","Lebertiidae",,,,"Lebertia","sp.",,"adult",1,,1,43,2,"N","N",,"condition OK","Y",,"Thorp and Rogers 2016","N","Rhithron Associates, Inc.","J. Webb",,,
"f5045d1a-7484-4116-9a52-47f32f818492","D16","MART","MART.AOS.reach","2022-07-11T17:19Z","2023-08-22","MART.20220711.HESS.8","A00000292715",,"CRISP2","Y","Cricotopus sp.",,"genus","Arthropoda","Hexapoda","Insecta","Pterygota","Neoptera","Holometabola","Diptera","Nematocera","Culicomorpha",,"Chironomidae","Orthocladiinae",,,"Cricotopus","sp.",,"larva",1,,2,40,5,"N","N",,"condition OK","Y",,"Weiderholm, 1983; Weiderholm, 1986; Epler 2001; Ferrington et al. 2019; Andersen, Cranston and Epler 2013","N","Rhithron Associates, Inc.","A. Fasbender",,,
"6cfa95a8-7d93-4f4b-b586-29fe621aebb8","D16","MART","MART.AOS.reach","2022-07-11T17:19Z","2023-08-18","MART.20220711.HESS.8","A00000292715",,"LJASP","Y","Ljania sp.",,"genus","Arthropoda","Chelicerata","Arachnida","Acari",,"Acariformes","Trombidiformes","Prostigmata",,"Hygrobatoidea","Aturidae",,,,"Ljania","sp.",,"adult",1,,2,40,5,"N","N",,"condition OK","Y",,"Thorp and Rogers 2016","N","Rhithron Associates, Inc.","J. Webb",,,
"72a1bc84-bcd4-4cb5-88e2-f550f625dbb6","D16","MART","MART.AOS.reach","2022-07-11T17:19Z","2023-08-21","MART.20220711.HESS.7","A00000292714","BA22NEOMST36002O1","ENCSP1","Y","Enchytraeidae sp.",,"family","Annelida","Clitellata","Oligochaeta","Oligochaeta",,,"Enchytraeida",,,,"Enchytraeidae",,,,,"sp.",,"unknown",3,,1,60,2,"N","N",,"condition OK","Y",,"Kathman and Brinkhurst, 1999","N","Rhithron Associates, Inc.","J. Webb",,,
"9d7dd7bf-4856-4dab-8238-f048b2956b78","D16","MART","MART.AOS.reach","2022-07-11T17:19Z","2023-08-18","MART.20220711.HESS.6","A00000292713",,"AMESP2","Y","Ameletus sp.",,"genus","Arthropoda","Hexapoda","Insecta","Pterygota","Palaeoptera",,"Ephemeroptera","Pisciforma",,,"Ameletidae",,,,"Ameletus","sp.",,"larva",1,,1,30,3,"N","N",,"condition OK","Y",,"Merritt et al. 2019","N","Rhithron Associates, Inc.","J. Webb",,,
"3f5c16cd-bfe0-4604-89f0-c47eaac74a3d","D16","MART","MART.AOS.reach","2022-07-11T17:19Z","2023-08-21","MART.20220711.SURBER.4","A00000292711",,"SIMSP1","Y","Simulium sp.",,"genus","Arthropoda","Hexapoda","Insecta","Pterygota","Neoptera","Holometabola","Diptera","Nematocera","Culicomorpha",,"Simuliidae","Simuliinae","Simuliini",,"Simulium","sp.",,"larva",2,,1,100,1,"N","N",,"condition OK","Y",,"Adler et al. 2004; Merritt et al. 2019","N","Rhithron Associates, Inc.","B. Moore",,,
"b65139b5-de34-43cd-9efd-0e69b7aacc8e","D16","MART","MART.AOS.reach","2022-07-11T17:19Z","2023-08-21","MART.20220711.HESS.6","A00000292713",,"BRISP","Y","Brillia sp.",,"genus","Arthropoda","Hexapoda","Insecta","Pterygota","Neoptera","Holometabola","Diptera","Nematocera","Culicomorpha",,"Chironomidae","Orthocladiinae",,,"Brillia","sp.",,"larva",2,,2,30,7,"N","N",,"condition OK","Y",,"Weiderholm, 1983; Weiderholm, 1986; Epler 2001; Ferrington et al. 2019; Andersen, Cranston and Epler 2013","N","Rhithron Associates, Inc.","R. Spring",,,
"848c6401-3d26-4c4b-8734-9810deb52420","D16","MART","MART.AOS.reach","2022-07-11T17:19Z","2023-08-18","MART.20220711.HESS.7","A00000292714",,"CAPSP2","Y","Capniidae sp.",,"family","Arthropoda","Hexapoda","Insecta","Pterygota","Neoptera","Polyneoptera","Plecoptera","Euholognatha",,,"Capniidae",,,,,"sp.",,"larva",1,,4,60,7,"Y","N","early instar","condition OK","Y",,"Stewart and Stark 2002; Merritt et al. 2019","N","Rhithron Associates, Inc.","J. Webb",,,
"abf474bf-0e9b-4391-8b0e-9312bebb7f25","D16","MART","MART.AOS.reach","2022-07-11T17:19Z","2023-08-18","MART.20220711.HESS.8","A00000292715",,"APASP2","Y","Apatania sp.",,"genus","Arthropoda","Hexapoda","Insecta","Pterygota","Neoptera","Holometabola","Trichoptera",,,"Limnephiloidea","Apataniidae","Apataniinae","Apataniini",,"Apatania","sp.",,"larva",1,,1,40,3,"N","N",,"condition OK","Y",,"Wiggins 1996; Merritt et al. 2019","N","Rhithron Associates, Inc.","J. Webb",,,
"5a6fd91c-a5f3-47b4-9b54-cb262745c979","D16","MART","MART.AOS.reach","2022-07-11T17:19Z","2023-08-18","MART.20220711.HESS.8","A00000292715",,"GLOSP3","Y","Glossosoma sp.",,"genus","Arthropoda","Hexapoda","Insecta","Pterygota","Neoptera","Holometabola","Trichoptera",,,"Glossosomatoidea","Glossosomatidae","Glossosomatinae","Glossosomatini",,"Glossosoma","sp.",,"larva",2,,2,40,5,"N","N",,"condition OK","Y",,"Merritt et al. 2019","N","Rhithron Associates, Inc.","J. Webb",,,
"0b6050ca-7d23-42d4-8677-9afa6eb88c15","D16","MART","MART.AOS.reach","2022-07-11T17:19Z","2023-08-22","MART.20220711.HESS.8","A00000292715",,"CORSP19","Y","Corynoneura sp.",,"genus","Arthropoda","Hexapoda","Insecta","Pterygota","Neoptera","Holometabola","Diptera","Nematocera","Culicomorpha",,"Chironomidae","Orthocladiinae",,,"Corynoneura","sp.",,"larva",2,,1,40,3,"N","N",,"condition OK","Y",,"Weiderholm, 1983; Weiderholm, 1986; Epler 2001; Ferrington et al. 2019; Andersen, Cranston and Epler 2013","N","Rhithron Associates, Inc.","A. Fasbender",,,
"d2a72a6c-6086-4280-9ec5-6eb68c204766","D16","MART","MART.AOS.reach","2022-07-11T17:19Z","2023-08-21","MART.20220711.HESS.6","A00000292713",,"LARSP","Y","Larsia sp.",,"genus","Arthropoda","Hexapoda","Insecta","Pterygota","Neoptera","Holometabola","Diptera","Nematocera","Culicomorpha",,"Chironomidae","Tanypodinae","Pentaneurini",,"Larsia","sp.",,"larva",4,,15,30,50,"N","N",,"condition OK","Y",,"Weiderholm, 1983; Weiderholm, 1986; Epler 2001; Ferrington et al. 2019; Andersen, Cranston and Epler 2013","N","Rhithron Associates, Inc.","R. Spring",,,
"b54fe60b-ee32-414c-a74c-79264e7e7502","D16","MART","MART.AOS.reach","2022-07-11T17:19Z","2023-08-18","MART.20220711.HESS.8","A00000292715",,"STYSP11","Y","Stygothrombium sp.",,"genus","Arthropoda","Chelicerata","Arachnida","Acari",,"Acariformes",,"Prostigmata","Anystina","Stygothrombidioidea","Stygothrombiidae",,,,"Stygothrombium","sp.",,"adult",1,,1,40,3,"N","N",,"condition OK","Y",,"Thorp and Rogers 2016","N","Rhithron Associates, Inc.","J. Webb",,,
"33ddeca9-c445-40a9-86be-36fe9889e945","D16","MART","MART.AOS.reach","2022-07-11T17:19Z","2023-08-21","MART.20220711.SURBER.5","A00000292712",,"CINSP1","Y","Cinygmula sp.",,"genus","Arthropoda","Hexapoda","Insecta","Pterygota","Palaeoptera",,"Ephemeroptera","Pisciforma",,"Heptagenioidea","Heptageniidae",,,,"Cinygmula","sp.",,"larva",2,,5,100,5,"N","N",,"condition OK","Y",,"Merritt et al. 2019","N","Rhithron Associates, Inc.","B. Moore",,,
"8c92b492-b535-4bb2-8a34-ecd536e3ffce","D16","MART","MART.AOS.reach","2022-07-11T17:19Z","2023-08-21","MART.20220711.SURBER.5","A00000292712",,"TESSP1","Y","Testudacarus sp.",,"genus","Arthropoda","Chelicerata","Arachnida","Acari",,"Acariformes","Trombidiformes","Prostigmata",,"Lebertioidea","Torrenticolidae",,,,"Testudacarus","sp.",,"adult",1,,3,100,3,"N","N",,"condition OK","Y",,"Thorp and Rogers 2016","N","Rhithron Associates, Inc.","B. Moore",,,
"dad85576-a3a5-4bac-88ee-b136e47c974a","D16","MART","MART.AOS.reach","2022-07-11T17:19Z","2023-08-18","MART.20220711.HESS.8","A00000292715",,"UTASP2","Y","Utaxatax sp.",,"genus","Arthropoda","Chelicerata","Arachnida","Acari",,"Acariformes","Trombidiformes","Prostigmata",,"Lebertioidea","Anisitsiellidae",,,,"Utaxatax","sp.",,"adult",1,,2,40,5,"N","N",,"condition OK","Y",,"Thorp and Rogers 2016","N","Rhithron Associates, Inc.","J. Webb",,,
"c99f4779-1b16-49e5-8861-500b7fbf5fce","D16","MART","MART.AOS.reach","2022-07-11T17:19Z","2023-08-21","MART.20220711.HESS.6","A00000292713",,"CRISP6","Y","Cricotopus/Orthocladius sp.",,"speciesGroup","Arthropoda","Hexapoda","Insecta","Pterygota","Neoptera","Holometabola","Diptera","Nematocera","Culicomorpha",,"Chironomidae","Orthocladiinae",,,"Cricotopus/Orthocladius","sp.",,"larva",2,,3,30,10,"Y","N","early instar","condition OK","Y",,"Weiderholm, 1983; Weiderholm, 1986; Epler 2001; Ferrington et al. 2008; Andersen, Cranston and Epler 2013","N","Rhithron Associates, Inc.","R. Spring",,,
"c0cde19a-f29d-4ccb-91e0-5ae89f40f701","D16","MART","MART.AOS.reach","2022-07-11T17:19Z","2023-08-21","MART.20220711.SURBER.5","A00000292712",,"BAEPIS1","Y","Baetis piscatoris cx.",,"speciesGroup","Arthropoda","Hexapoda","Insecta","Pterygota","Palaeoptera",,"Ephemeroptera",,,,"Baetidae",,,,"Baetis","piscatoris cx.",,"larva",5,,1,100,1,"N","N",,"condition OK","Y",,"Morihara and McCafferty 1979; Wiersema, 2004; Webb et al. 2018","N","Rhithron Associates, Inc.","B. Moore",,,
"94f0ea56-0fd9-441c-a1b1-e07250c2729b","D16","MART","MART.AOS.reach","2022-07-11T17:19Z","2023-08-18","MART.20220711.HESS.6","A00000292713",,"LEPSP4","Y","Leptophlebiidae sp.",,"family","Arthropoda","Hexapoda","Insecta","Pterygota","Palaeoptera",,"Ephemeroptera","Furcatergalia","Lanceolata",,"Leptophlebiidae",,,,,"sp.",,"larva",4,,4,30,13,"Y","N","early instar","condition OK","Y",,"Merritt et al. 2019","N","Rhithron Associates, Inc.","J. Webb",,,
"14851880-dd13-4d4a-9aa2-76aa71c7fb58","D16","MART","MART.AOS.reach","2022-07-11T17:19Z","2023-08-18","MART.20220711.HESS.8","A00000292715",,"CALCAL","Y","Calineuria californica",,"species","Arthropoda","Hexapoda","Insecta","Pterygota","Neoptera","Polyneoptera","Plecoptera","Systellognatha",,,"Perlidae","Acroneuriinae","Acroneuriini",,"Calineuria","californica",,"larva",10,,1,40,3,"N","N",,"condition OK","Y",,"Stewart and Stark 2002; Merritt et al. 2019","N","Rhithron Associates, Inc.","J. Webb",,,
"920d8551-c7d0-4cc9-b977-429bf528f4a7","D16","MART","MART.AOS.reach","2022-07-11T17:19Z","2023-08-22","MART.20220711.SURBER.5","A00000292712",,"TANSP11","Y","Tanytarsus sp.",,"genus","Arthropoda","Hexapoda","Insecta","Pterygota","Neoptera","Holometabola","Diptera","Nematocera","Culicomorpha",,"Chironomidae","Chironominae","Tanytarsini",,"Tanytarsus","sp.",,"larva",2,,1,100,1,"N","N",,"condition OK","Y",,"Weiderholm, 1983; Weiderholm, 1986; Epler 2001; Ferrington et al. 2019; Andersen, Cranston and Epler 2013","N","Rhithron Associates, Inc.","A. Fasbender",,,
"c1fdb988-bb93-49ac-9252-38cbf6160d89","D16","MART","MART.AOS.reach","2022-07-11T17:19Z","2023-08-22","MART.20220711.SURBER.4","A00000292711",,"PARSP29","Y","Parorthocladius sp.",,"genus","Arthropoda","Hexapoda","Insecta","Pterygota","Neoptera","Holometabola","Diptera","Nematocera","Culicomorpha",,"Chironomidae","Orthocladiinae",,,"Parorthocladius","sp.",,"larva",3,,2,100,2,"N","N",,"condition OK","Y",,"Weiderholm, 1983; Weiderholm, 1986; Epler 2001; Ferrington et al. 2019; Andersen, Cranston and Epler 2013","N","Rhithron Associates, Inc.","A. Fasbender",,,
"eebd3096-f132-4e47-8eaf-1a6fcde9dd94","D16","MART","MART.AOS.reach","2022-07-11T17:19Z","2023-08-21","MART.20220711.SURBER.3","A00000292710",,"NEMSP5","Y","Nemouridae sp.",,"family","Arthropoda","Hexapoda","Insecta","Pterygota","Neoptera","Polyneoptera","Plecoptera","Euholognatha",,,"Nemouridae",,,,,"sp.",,"larva",1,,12,40,30,"Y","N","early instar","condition OK","N",,"Baumann et al. 1977; Stewart and Stark 2002; Merritt et al. 2019","Y","Rhithron Associates, Inc.","J. Webb",,,
"a31e3e65-1256-4018-8de6-c635733e1a81","D16","MART","MART.AOS.reach","2022-07-11T17:19Z","2023-08-21","MART.20220711.SURBER.3","A00000292710",,"RHYSP3","Y","Rhyacophila sp.",,"genus","Arthropoda","Hexapoda","Insecta","Pterygota","Neoptera","Holometabola","Trichoptera",,,"Rhyacophiloidea","Rhyacophilidae",,,,"Rhyacophila","sp.",,"larva",3,,1,40,3,"N","N","damaged","damaged, affecting taxonomy and measurement","Y",,"Prather and Morris 2001; Morse et al. 2017; Giersch et al. 2012","Y","Rhithron Associates, Inc.","J. Webb",,,
"ede8520a-4094-4cc8-a4f8-98d916b86600","D16","MART","MART.AOS.reach","2022-07-11T17:19Z","2023-08-18","MART.20220711.HESS.8","A00000292715",,"ZAISP","Y","Zaitzevia sp.",,"genus","Arthropoda","Hexapoda","Insecta","Pterygota","Neoptera","Holometabola","Coleoptera","Polyphaga","Elateriformia","Byrrhoidea","Elmidae","Elminae","Macronychini",,"Zaitzevia","sp.",,"adult",2,,2,40,5,"N","N","female","condition OK","Y",,"Brown 1972; Merritt et al. 2019","N","Rhithron Associates, Inc.","J. Webb",,,
"244eae12-4ab9-4f82-b122-7fa80389ef57","D16","MART","MART.AOS.reach","2022-07-11T17:19Z","2023-08-21","MART.20220711.SURBER.3","A00000292710",,"PLESP","Y","Plecoptera sp.",,"order","Arthropoda","Hexapoda","Insecta","Pterygota","Neoptera","Polyneoptera","Plecoptera",,,,,,,,,"sp.",,"larva",1,,1,40,3,"Y","N","early instar","condition OK","N",,"Merritt et al. 2019","Y","Rhithron Associates, Inc.","J. Webb",,,
"8a88704a-bc76-488c-8665-b1fbc6194955","D16","MART","MART.AOS.reach","2022-07-11T17:19Z","2023-08-18","MART.20220711.SURBER.2","A00000292709",,"TORSP6","Y","Torrenticola sp.",,"genus","Arthropoda","Chelicerata","Arachnida","Acari",,"Acariformes","Trombidiformes","Prostigmata",,"Lebertioidea","Torrenticolidae",,,,"Torrenticola","sp.",,"adult",1,,12,43,28,"N","N",,"condition OK","Y",,"Thorp and Rogers 2016","N","Rhithron Associates, Inc.","J. Webb",,,
"1369dec4-f085-47e0-a2a8-fa8733ff70c3","D16","MART","MART.AOS.reach","2022-07-11T17:19Z","2023-08-22","MART.20220711.SURBER.5","A00000292712",,"CRISP2","Y","Cricotopus sp.",,"genus","Arthropoda","Hexapoda","Insecta","Pterygota","Neoptera","Holometabola","Diptera","Nematocera","Culicomorpha",,"Chironomidae","Orthocladiinae",,,"Cricotopus","sp.",,"larva",4,,8,100,8,"N","N",,"condition OK","Y",,"Weiderholm, 1983; Weiderholm, 1986; Epler 2001; Ferrington et al. 2019; Andersen, Cranston and Epler 2013","N","Rhithron Associates, Inc.","A. Fasbender",,,
"ded7efc3-9ca0-4926-9139-f939df19c9a0","D16","MART","MART.AOS.reach","2022-07-11T17:19Z","2023-08-21","MART.20220711.HESS.6","A00000292713",,"LARSP","Y","Larsia sp.",,"genus","Arthropoda","Hexapoda","Insecta","Pterygota","Neoptera","Holometabola","Diptera","Nematocera","Culicomorpha",,"Chironomidae","Tanypodinae","Pentaneurini",,"Larsia","sp.",,"pupa",3,,1,30,3,"N","N",,"condition OK","N",,"Weiderholm, 1983; Weiderholm, 1986; Epler 2001; Ferrington et al. 2019; Andersen, Cranston and Epler 2013","N","Rhithron Associates, Inc.","R. Spring",,,
"2da4e1d6-3193-4489-83be-b1b1db72e141","D16","MART","MART.AOS.reach","2022-07-11T17:19Z","2023-08-21","MART.20220711.HESS.6","A00000292713",,"SYNSP3","Y","Synorthocladius sp.",,"genus","Arthropoda","Hexapoda","Insecta","Pterygota","Neoptera","Holometabola","Diptera","Nematocera","Culicomorpha",,"Chironomidae","Orthocladiinae",,,"Synorthocladius","sp.",,"larva",2,,6,30,20,"N","N",,"condition OK","Y",,"Weiderholm, 1983; Weiderholm, 1986; Epler 2001; Ferrington et al. 2019; Andersen, Cranston and Epler 2013","N","Rhithron Associates, Inc.","R. Spring",,,
"433bb058-ec31-44aa-81c5-d9c0fd1fbe2a","D16","MART","MART.AOS.reach","2022-07-11T17:19Z","2023-08-18","MART.20220711.HESS.8","A00000292715",,"BAETRI2","Y","Baetis tricaudatus cx.",,"speciesGroup","Arthropoda","Hexapoda","Insecta","Pterygota","Palaeoptera",,"Ephemeroptera",,,,"Baetidae",,,,"Baetis","tricaudatus cx.",,"larva",1,,4,40,10,"N","N",,"condition OK","Y",,"Morihara and McCafferty 1979; Wiersema, 2004; Webb et al. 2018","N","Rhithron Associates, Inc.","J. Webb",,,
"0e1e85a5-ca7c-4062-be11-8ef59aa49cdd","D16","MART","MART.AOS.reach","2022-07-11T17:19Z","2023-08-22","MART.20220711.SURBER.1","A00000292708",,"BRISP","Y","Brillia sp.",,"genus","Arthropoda","Hexapoda","Insecta","Pterygota","Neoptera","Holometabola","Diptera","Nematocera","Culicomorpha",,"Chironomidae","Orthocladiinae",,,"Brillia","sp.",,"larva",2,,13,100,13,"N","N",,"condition OK","Y",,"Weiderholm, 1983; Weiderholm, 1986; Epler 2001; Ferrington et al. 2019; Andersen, Cranston and Epler 2013","N","Rhithron Associates, Inc.","A. Fasbender",,,
"f720ffe9-8d55-4424-869b-8ca658feee89","D16","MART","MART.AOS.reach","2022-07-11T17:19Z","2023-08-18","MART.20220711.SURBER.1","A00000292708",,"NEOSP13","Y","Neophylax sp.",,"genus","Arthropoda","Hexapoda","Insecta","Pterygota","Neoptera","Holometabola","Trichoptera",,,"Limnephiloidea","Uenoidae","Thremmatinae",,,"Neophylax","sp.",,"larva",5,,1,100,1,"N","N","damaged","damaged, affecting taxonomy and measurement","Y",,"Vineyard 1990; Wiggins 1996; Merritt et al. 2019","N","Rhithron Associates, Inc.","J. Webb",,,
"cc01e3d0-bdc7-4082-a7db-c62f43919030","D16","MART","MART.AOS.reach","2022-07-11T17:19Z","2023-08-18","MART.20220711.HESS.8","A00000292715",,"LEPSP4","Y","Leptophlebiidae sp.",,"family","Arthropoda","Hexapoda","Insecta","Pterygota","Palaeoptera",,"Ephemeroptera","Furcatergalia","Lanceolata",,"Leptophlebiidae",,,,,"sp.",,"larva",1,,3,40,8,"Y","N","early instar","condition OK","Y",,"Merritt et al. 2019","N","Rhithron Associates, Inc.","J. Webb",,,
"c97e830a-482f-4258-a5b1-4d508e4f8299","D16","MART","MART.AOS.reach","2022-07-11T17:19Z","2023-08-21","MART.20220711.HESS.6","A00000292713",,"CORSP19","Y","Corynoneura sp.",,"genus","Arthropoda","Hexapoda","Insecta","Pterygota","Neoptera","Holometabola","Diptera","Nematocera","Culicomorpha",,"Chironomidae","Orthocladiinae",,,"Corynoneura","sp.",,"larva",2,,2,30,7,"N","N",,"condition OK","Y",,"Weiderholm, 1983; Weiderholm, 1986; Epler 2001; Ferrington et al. 2019; Andersen, Cranston and Epler 2013","N","Rhithron Associates, Inc.","R. Spring",,,
"6994616e-cab1-4108-8b43-b2a3bb18b649","D16","MART","MART.AOS.reach","2022-07-11T17:19Z","2023-08-18","MART.20220711.SURBER.2","A00000292709",,"CHLSP","Y","Chloroperlidae sp.",,"family","Arthropoda","Hexapoda","Insecta","Pterygota","Neoptera","Polyneoptera","Plecoptera","Systellognatha",,,"Chloroperlidae",,,,,"sp.",,"larva",2,,2,43,5,"Y","N","early instar","condition OK","Y",,"Stewart and Stark 2002; Merritt et al. 2019","N","Rhithron Associates, Inc.","J. Webb","not Kathroperla",,
"c131ca5b-fbee-49fc-b7d9-4ba1e362ac84","D16","MART","MART.AOS.reach","2022-07-11T17:19Z","2023-08-22","MART.20220711.HESS.8","A00000292715",,"TANSP11","Y","Tanytarsus sp.",,"genus","Arthropoda","Hexapoda","Insecta","Pterygota","Neoptera","Holometabola","Diptera","Nematocera","Culicomorpha",,"Chironomidae","Chironominae","Tanytarsini",,"Tanytarsus","sp.",,"larva",2,,1,40,3,"N","N",,"condition OK","Y",,"Weiderholm, 1983; Weiderholm, 1986; Epler 2001; Ferrington et al. 2019; Andersen, Cranston and Epler 2013","N","Rhithron Associates, Inc.","A. Fasbender",,,
"73d168b4-ba32-4204-90bf-925ae8221cf1","D16","MART","MART.AOS.reach","2022-07-11T17:19Z","2023-08-21","MART.20220711.SURBER.3","A00000292710",,"DRUDOD","Y","Drunella doddsii",,"species","Arthropoda","Hexapoda","Insecta","Pterygota","Palaeoptera",,"Ephemeroptera","Furcatergalia","Pannota","Ephemerelloidea","Ephemerellidae",,,,"Drunella","doddsii",,"larva",1,,3,40,8,"N","N",,"condition OK","Y",,"Allen and Edmunds 1962","Y","Rhithron Associates, Inc.","J. Webb",,,
"6a9f7e48-71af-402d-98da-1efeacab418d","D16","MART","MART.AOS.reach","2022-07-11T17:19Z","2023-08-18","MART.20220711.HESS.7","A00000292714",,"ZAPCIN","Y","Zapada cinctipes",,"species","Arthropoda","Hexapoda","Insecta","Pterygota","Neoptera","Polyneoptera","Plecoptera","Euholognatha",,,"Nemouridae","Nemourinae",,,"Zapada","cinctipes",,"larva",1,,21,60,35,"N","N",,"condition OK","Y",,"Baumann et al. 1977; Stewart and Stark 2002; Merritt et al. 2019","N","Rhithron Associates, Inc.","J. Webb",,,
"a11c964c-dcd4-4945-94e3-15eff65a3b47","D16","MART","MART.AOS.reach","2022-07-11T17:19Z","2023-08-18","MART.20220711.SURBER.2","A00000292709",,"NEMSP","Y","Nematoda sp.",,"phylum","Nematoda",,,,,,,,,,,,,,,"sp.",,"unknown",10,,2,43,5,"N","N",,"condition OK","Y",,"Thorp and Rogers 2016","N","Rhithron Associates, Inc.","J. Webb",,,
"702e26ce-712e-4a86-8b13-059427578538","D16","MART","MART.AOS.reach","2022-07-11T17:19Z","2023-08-21","MART.20220711.SURBER.3","A00000292710",,"CHLSP","Y","Chloroperlidae sp.",,"family","Arthropoda","Hexapoda","Insecta","Pterygota","Neoptera","Polyneoptera","Plecoptera","Systellognatha",,,"Chloroperlidae",,,,,"sp.",,"larva",2,,1,40,3,"Y","N","early instar","condition OK","Y",,"Stewart and Stark 2002; Merritt et al. 2019","Y","Rhithron Associates, Inc.","J. Webb",,,
"bdb92fad-6bfa-49aa-839f-1e1a9125c4d7","D16","MART","MART.AOS.reach","2022-07-11T17:19Z","2023-08-18","MART.20220711.SURBER.1","A00000292708",,"PLESP","Y","Plecoptera sp.",,"order","Arthropoda","Hexapoda","Insecta","Pterygota","Neoptera","Polyneoptera","Plecoptera",,,,,,,,,"sp.",,"larva",1,,2,100,2,"Y","N","early instar","condition OK","N",,"Merritt et al. 2019","N","Rhithron Associates, Inc.","J. Webb",,,
"9605a417-78ce-485e-9c82-a61f0e4b1eb0","D16","MART","MART.AOS.reach","2022-07-11T17:19Z","2023-08-18","MART.20220711.HESS.7","A00000292714",,"TORSP6","Y","Torrenticola sp.",,"genus","Arthropoda","Chelicerata","Arachnida","Acari",,"Acariformes","Trombidiformes","Prostigmata",,"Lebertioidea","Torrenticolidae",,,,"Torrenticola","sp.",,"adult",1,,33,60,55,"N","N",,"condition OK","Y",,"Thorp and Rogers 2016","N","Rhithron Associates, Inc.","J. Webb",,,
"89b98f1a-b3d6-4c97-a808-75f8641fceb5","D16","MART","MART.AOS.reach","2022-07-11T17:19Z","2023-08-22","MART.20220711.HESS.8","A00000292715",,"THIGRO","Y","Thienemannimyia gr.",,"speciesGroup","Arthropoda","Hexapoda","Insecta","Pterygota","Neoptera","Holometabola","Diptera","Nematocera","Culicomorpha",,"Chironomidae","Tanypodinae","Pentaneurini",,"Thienemannimyia","gr.",,"larva",5,,1,40,3,"Y","N","early instar","condition OK","Y",,"Weiderholm, 1983; Weiderholm, 1986; Epler 2001; Ferrington et al. 2008; Andersen, Cranston and Epler 2017","N","Rhithron Associates, Inc.","A. Fasbender",,,
"30820743-d76f-4e9c-8bd1-083321cd5630","D16","MART","MART.AOS.reach","2022-07-11T17:19Z","2023-08-18","MART.20220711.SURBER.2","A00000292709",,"KATSP1","Y","Kathroperla sp.",,"genus","Arthropoda","Hexapoda","Insecta","Pterygota","Neoptera","Polyneoptera","Plecoptera","Systellognatha",,,"Chloroperlidae","Paraperlinae",,,"Kathroperla","sp.",,"larva",3,,2,43,5,"N","N",,"condition OK","Y",,"Stewart and Stark 2002; Merritt et al. 2019","N","Rhithron Associates, Inc.","J. Webb",,,
"540b5a39-9818-46fc-bb1c-c2eca97c447d","D16","MART","MART.AOS.reach","2022-07-11T17:19Z","2023-08-18","MART.20220711.HESS.6","A00000292713",,"POLSP17","Y","Polycelis sp.",,"genus","Platyhelminthes","Rhabditophora","Trepaxonemata",,,,"Neoophora",,,,"Planariidae",,,,"Polycelis","sp.",,"unknown",2,,2,30,7,"N","N",,"condition OK","Y",,"Thorp and Rogers 2016","N","Rhithron Associates, Inc.","J. Webb",,,
"ca92b8ec-083f-4601-9fa0-f766d5b57b17","D16","MART","MART.AOS.reach","2022-07-11T17:19Z","2023-08-22","MART.20220711.SURBER.4","A00000292711",,"THIGRO","Y","Thienemannimyia gr.",,"speciesGroup","Arthropoda","Hexapoda","Insecta","Pterygota","Neoptera","Holometabola","Diptera","Nematocera","Culicomorpha",,"Chironomidae","Tanypodinae","Pentaneurini",,"Thienemannimyia","gr.",,"larva",3,,1,100,1,"Y","N","early instar","condition OK","Y",,"Weiderholm, 1983; Weiderholm, 1986; Epler 2001; Ferrington et al. 2008; Andersen, Cranston and Epler 2017","N","Rhithron Associates, Inc.","A. Fasbender",,,
"d1733cac-f03a-4f5a-95b7-c207cb8957fd","D16","MART","MART.AOS.reach","2022-07-11T17:19Z","2023-08-22","MART.20220711.SURBER.1","A00000292708",,"PARSP29","Y","Parorthocladius sp.",,"genus","Arthropoda","Hexapoda","Insecta","Pterygota","Neoptera","Holometabola","Diptera","Nematocera","Culicomorpha",,"Chironomidae","Orthocladiinae",,,"Parorthocladius","sp.",,"larva",2,,21,100,21,"N","N",,"condition OK","Y",,"Weiderholm, 1983; Weiderholm, 1986; Epler 2001; Ferrington et al. 2019; Andersen, Cranston and Epler 2013","N","Rhithron Associates, Inc.","A. Fasbender",,,
"e5eb6b8b-d65d-4eff-bfd2-055c62ae08f7","D16","MART","MART.AOS.reach","2022-07-11T17:19Z","2023-08-18","MART.20220711.HESS.6","A00000292713",,"AMESP2","Y","Ameletus sp.",,"genus","Arthropoda","Hexapoda","Insecta","Pterygota","Palaeoptera",,"Ephemeroptera","Pisciforma",,,"Ameletidae",,,,"Ameletus","sp.",,"larva",2,,1,30,3,"N","N",,"condition OK","Y",,"Merritt et al. 2019","N","Rhithron Associates, Inc.","J. Webb",,,
"9ebfe342-cb8e-4a53-8633-9cd25352fb9e","D16","MART","MART.AOS.reach","2022-07-11T17:19Z","2023-08-18","MART.20220711.HESS.6","A00000292713",,"ORISP1","Y","Oribatida sp.",,"suborder","Arthropoda","Chelicerata","Arachnida","Acari",,"Acariformes","Sarcoptiformes","Oribatida",,,,,,,,"sp.",,"adult",1,,2,30,7,"N","N",,"condition OK","Y",,"Thorp and Rogers 2016","N","Rhithron Associates, Inc.","J. Webb",,,
"51b02fe1-f516-4f8e-965e-72da6d7524df","D16","MART","MART.AOS.reach","2022-07-11T17:19Z","2023-08-22","MART.20220711.SURBER.3","A00000292710",,"POLSP13","Y","Polypedilum sp.",,"genus","Arthropoda","Hexapoda","Insecta","Pterygota","Neoptera","Holometabola","Diptera","Nematocera","Culicomorpha",,"Chironomidae","Chironominae","Chironomini",,"Polypedilum","sp.",,"larva",5,,1,40,3,"N","N",,"condition OK","Y",,"Weiderholm, 1983; Weiderholm, 1986; Epler 2001; Ferrington et al. 2008; Andersen, Cranston and Epler 2013","Y","Rhithron Associates, Inc.","A. Fasbender",,,
"83508054-270f-453d-bf90-ffcd78924e80","D16","MART","MART.AOS.reach","2022-07-11T17:19Z","2023-08-21","MART.20220711.HESS.6","A00000292713",,"CHISP6","Y","Chironomini sp.",,"tribe","Arthropoda","Hexapoda","Insecta","Pterygota","Neoptera","Holometabola","Diptera","Nematocera","Culicomorpha",,"Chironomidae","Chironominae","Chironomini",,,"sp.",,"larva",1,,1,30,3,"Y","N","early instar","condition OK","N",,"Weiderholm, 1983; Weiderholm, 1986; Epler 2001; Ferrington et al. 2019; Andersen, Cranston and Epler 2013","N","Rhithron Associates, Inc.","R. Spring",,,
"9a997356-b3dc-46d5-9616-97b6a50ff518","D16","MART","MART.AOS.reach","2022-07-11T17:19Z","2023-08-21","MART.20220711.SURBER.4","A00000292711",,"LEPSP4","Y","Leptophlebiidae sp.",,"family","Arthropoda","Hexapoda","Insecta","Pterygota","Palaeoptera",,"Ephemeroptera","Furcatergalia","Lanceolata",,"Leptophlebiidae",,,,,"sp.",,"larva",5,,2,100,2,"Y","N","early instar","condition OK","Y",,"Merritt et al. 2019","N","Rhithron Associates, Inc.","B. Moore",,,
"12f6498d-811e-4cfa-bcdb-a16e3969bf58","D16","MART","MART.AOS.reach","2022-07-11T17:19Z","2023-08-18","MART.20220711.HESS.6","A00000292713",,"CERSP10","Y","Ceratopogoninae sp.",,"subfamily","Arthropoda","Hexapoda","Insecta","Pterygota","Neoptera","Holometabola","Diptera","Nematocera","Culicomorpha",,"Ceratopogonidae","Ceratopogoninae",,,,"sp.",,"larva",5,,1,30,3,"N","N",,"condition OK","Y",,"Merritt et al. 2019","N","Rhithron Associates, Inc.","J. Webb",,,
"58bd8887-3f74-48de-9522-bddb49fea47d","D16","MART","MART.AOS.reach","2022-07-11T17:19Z","2023-08-21","MART.20220711.HESS.6","A00000292713",,"BRISP","Y","Brillia sp.",,"genus","Arthropoda","Hexapoda","Insecta","Pterygota","Neoptera","Holometabola","Diptera","Nematocera","Culicomorpha",,"Chironomidae","Orthocladiinae",,,"Brillia","sp.",,"larva",1,,1,30,3,"N","N",,"condition OK","Y",,"Weiderholm, 1983; Weiderholm, 1986; Epler 2001; Ferrington et al. 2019; Andersen, Cranston and Epler 2013","N","Rhithron Associates, Inc.","R. Spring",,,
"964564b5-b11f-43be-99fd-e0c66c46b179","D16","MART","MART.AOS.reach","2022-07-11T17:19Z","2023-08-18","MART.20220711.SURBER.2","A00000292709",,"POLSP17","Y","Polycelis sp.",,"genus","Platyhelminthes","Rhabditophora","Trepaxonemata",,,,"Neoophora",,,,"Planariidae",,,,"Polycelis","sp.",,"unknown",3,,3,43,7,"N","N",,"condition OK","Y",,"Thorp and Rogers 2016","N","Rhithron Associates, Inc.","J. Webb",,,
"e5f74528-60c4-4ca3-a99c-14f0b73d77a5","D16","MART","MART.AOS.reach","2022-07-11T17:19Z","2023-08-18","MART.20220711.SURBER.2","A00000292709",,"ZAISP","Y","Zaitzevia sp.",,"genus","Arthropoda","Hexapoda","Insecta","Pterygota","Neoptera","Holometabola","Coleoptera","Polyphaga","Elateriformia","Byrrhoidea","Elmidae","Elminae","Macronychini",,"Zaitzevia","sp.",,"adult",2,,1,43,2,"N","N","female","condition OK","Y",,"Brown 1972; Merritt et al. 2019","N","Rhithron Associates, Inc.","J. Webb",,,
"e9c12137-c576-47cf-b942-f950cb3671e5","D16","MART","MART.AOS.reach","2022-07-11T17:19Z","2023-08-21","MART.20220711.HESS.7","A00000292714",,"POLSP13","Y","Polypedilum sp.",,"genus","Arthropoda","Hexapoda","Insecta","Pterygota","Neoptera","Holometabola","Diptera","Nematocera","Culicomorpha",,"Chironomidae","Chironominae","Chironomini",,"Polypedilum","sp.",,"larva",2,,2,60,3,"N","N",,"condition OK","Y",,"Weiderholm, 1983; Weiderholm, 1986; Epler 2001; Ferrington et al. 2008; Andersen, Cranston and Epler 2013","N","Rhithron Associates, Inc.","R. Spring",,,
"f5e4a4b1-3c22-4dec-967e-736337e9a277","D16","MART","MART.AOS.reach","2022-07-11T17:19Z","2023-08-18","MART.20220711.SURBER.2","A00000292709",,"EPHTIB","Y","Ephemerella tibialis",,"species","Arthropoda","Hexapoda","Insecta","Pterygota","Palaeoptera",,"Ephemeroptera","Furcatergalia","Pannota","Ephemerelloidea","Ephemerellidae",,,,"Ephemerella","tibialis",,"larva",3,,1,43,2,"N","N",,"condition OK","Y",,"Allen and Edmunds 1965","N","Rhithron Associates, Inc.","J. Webb",,,
"cb4b3199-0814-4ba0-b633-0051965d8d94","D16","MART","MART.AOS.reach","2022-07-11T17:19Z","2023-08-21","MART.20220711.SURBER.4","A00000292711",,"BAETRI2","Y","Baetis tricaudatus cx.",,"speciesGroup","Arthropoda","Hexapoda","Insecta","Pterygota","Palaeoptera",,"Ephemeroptera",,,,"Baetidae",,,,"Baetis","tricaudatus cx.",,"larva",3,,6,100,6,"N","N",,"condition OK","Y",,"Morihara and McCafferty 1979; Wiersema, 2004; Webb et al. 2018","N","Rhithron Associates, Inc.","B. Moore",,,
"aef7ab99-fe04-42fd-9e68-da1ca01bf975","D16","MART","MART.AOS.reach","2022-07-11T17:19Z","2023-08-22","MART.20220711.SURBER.2","A00000292709",,"PARSP29","Y","Parorthocladius sp.",,"genus","Arthropoda","Hexapoda","Insecta","Pterygota","Neoptera","Holometabola","Diptera","Nematocera","Culicomorpha",,"Chironomidae","Orthocladiinae",,,"Parorthocladius","sp.",,"larva",2,,3,43,7,"N","N",,"condition OK","Y",,"Weiderholm, 1983; Weiderholm, 1986; Epler 2001; Ferrington et al. 2019; Andersen, Cranston and Epler 2013","N","Rhithron Associates, Inc.","A. Fasbender",,,
"d1839e56-4c5a-4422-90f7-1916e1f0360d","D16","MART","MART.AOS.reach","2022-07-11T17:19Z","2023-08-22","MART.20220711.SURBER.2","A00000292709",,"EUKGRA","Y","Eukiefferiella gracei gr.",,"speciesGroup","Arthropoda","Hexapoda","Insecta","Pterygota","Neoptera","Holometabola","Diptera","Nematocera","Culicomorpha",,"Chironomidae","Orthocladiinae",,,"Eukiefferiella","gracei gr.",,"larva",1,,2,43,5,"N","N",,"condition OK","Y",,"Weiderholm, 1983; Bode, 1983; Weiderholm, 1986; Epler 2001; Ferrington et al. 2019; Andersen, Cranston and Epler 2013","N","Rhithron Associates, Inc.","A. Fasbender",,,
"4f2f5b30-be56-4efc-855f-cf78a54139ec","D16","MART","MART.AOS.reach","2022-07-11T17:19Z","2023-08-18","MART.20220711.SURBER.2","A00000292709",,"HETCOR","Y","Heterlimnius corpulentus",,"species","Arthropoda","Hexapoda","Insecta","Pterygota","Neoptera","Holometabola","Coleoptera","Polyphaga","Elateriformia","Byrrhoidea","Elmidae","Elminae","Elmini",,"Heterlimnius","corpulentus",,"larva",2,,1,43,2,"N","N",,"condition OK","Y",,"Brown 1972; Merritt et al. 2019; Kamite, 2009","N","Rhithron Associates, Inc.","J. Webb",,,
"7c401581-dd4d-4edd-8a74-b88c0bb0d24f","D16","MART","MART.AOS.reach","2022-07-11T17:19Z","2023-08-18","MART.20220711.SURBER.1","A00000292708",,"AMESP2","Y","Ameletus sp.",,"genus","Arthropoda","Hexapoda","Insecta","Pterygota","Palaeoptera",,"Ephemeroptera","Pisciforma",,,"Ameletidae",,,,"Ameletus","sp.",,"larva",6,,1,100,1,"N","N",,"condition OK","Y",,"Merritt et al. 2019","N","Rhithron Associates, Inc.","J. Webb","head only",,
"97806b18-f445-4f1d-8835-cd4a49384d93","D16","MART","MART.AOS.reach","2022-07-11T17:19Z","2023-08-22","MART.20220711.SURBER.4","A00000292711",,"CRISP6","Y","Cricotopus/Orthocladius sp.",,"speciesGroup","Arthropoda","Hexapoda","Insecta","Pterygota","Neoptera","Holometabola","Diptera","Nematocera","Culicomorpha",,"Chironomidae","Orthocladiinae",,,"Cricotopus/Orthocladius","sp.",,"larva",1,,1,100,1,"Y","N","early instar","condition OK","Y",,"Weiderholm, 1983; Weiderholm, 1986; Epler 2001; Ferrington et al. 2008; Andersen, Cranston and Epler 2013","N","Rhithron Associates, Inc.","A. Fasbender",,,
"471c9208-8d62-4008-a17d-1f688ebc596d","D16","MART","MART.AOS.reach","2022-07-11T17:19Z","2023-08-18","MART.20220711.HESS.7","A00000292714",,"HETCOR","Y","Heterlimnius corpulentus",,"species","Arthropoda","Hexapoda","Insecta","Pterygota","Neoptera","Holometabola","Coleoptera","Polyphaga","Elateriformia","Byrrhoidea","Elmidae","Elminae","Elmini",,"Heterlimnius","corpulentus",,"larva",4,,1,60,2,"N","N",,"condition OK","N",,"Brown 1972; Merritt et al. 2019; Kamite, 2009","N","Rhithron Associates, Inc.","J. Webb",,,
"6de41d0e-5824-47a9-9f2a-49018966d98d","D16","MART","MART.AOS.reach","2022-07-11T17:19Z","2023-08-22","MART.20220711.SURBER.4","A00000292711",,"THISP2","Y","Thienemanniella sp.",,"genus","Arthropoda","Hexapoda","Insecta","Pterygota","Neoptera","Holometabola","Diptera","Nematocera","Culicomorpha",,"Chironomidae","Orthocladiinae",,,"Thienemanniella","sp.",,"larva",1,,1,100,1,"N","N",,"condition OK","Y",,"Weiderholm, 1983; Weiderholm, 1986; Epler 2001; Ferrington et al. 2019; Andersen, Cranston and Epler 2013","N","Rhithron Associates, Inc.","A. Fasbender",,,
"99445167-2d46-478b-a1db-91fd8162c1ba","D16","MART","MART.AOS.reach","2022-07-11T17:19Z","2023-08-21","MART.20220711.HESS.6","A00000292713",,"THIGRO","Y","Thienemannimyia gr.",,"speciesGroup","Arthropoda","Hexapoda","Insecta","Pterygota","Neoptera","Holometabola","Diptera","Nematocera","Culicomorpha",,"Chironomidae","Tanypodinae","Pentaneurini",,"Thienemannimyia","gr.",,"larva",8,,1,30,3,"Y","N","early instar","condition OK","N",,"Weiderholm, 1983; Weiderholm, 1986; Epler 2001; Ferrington et al. 2008; Andersen, Cranston and Epler 2017","N","Rhithron Associates, Inc.","R. Spring",,,
"8ffb09af-d016-450b-a842-43bc11211d83","D16","MART","MART.AOS.reach","2022-07-11T17:19Z","2023-08-18","MART.20220711.HESS.8","A00000292715",,"GLOSP3","Y","Glossosoma sp.",,"genus","Arthropoda","Hexapoda","Insecta","Pterygota","Neoptera","Holometabola","Trichoptera",,,"Glossosomatoidea","Glossosomatidae","Glossosomatinae","Glossosomatini",,"Glossosoma","sp.",,"larva",1,,2,40,5,"N","N",,"condition OK","Y",,"Merritt et al. 2019","N","Rhithron Associates, Inc.","J. Webb",,,
"8983a314-3a38-47c7-ad2f-81e6e42c2d9c","D16","MART","MART.AOS.reach","2022-07-11T17:19Z","2023-08-22","MART.20220711.SURBER.5","A00000292712",,"BRISP","Y","Brillia sp.",,"genus","Arthropoda","Hexapoda","Insecta","Pterygota","Neoptera","Holometabola","Diptera","Nematocera","Culicomorpha",,"Chironomidae","Orthocladiinae",,,"Brillia","sp.",,"larva",2,,1,100,1,"N","N",,"condition OK","Y",,"Weiderholm, 1983; Weiderholm, 1986; Epler 2001; Ferrington et al. 2019; Andersen, Cranston and Epler 2013","N","Rhithron Associates, Inc.","A. Fasbender",,,
"2a50307c-da25-4dbd-b53b-8c082c3f15bf","D16","MART","MART.AOS.reach","2022-07-11T17:19Z","2023-08-21","MART.20220711.SURBER.5","A00000292712",,"PARSP123","Y","Partnunia sp.",,"genus","Arthropoda","Chelicerata","Arachnida","Acari",,"Acariformes","Trombidiformes",,,,"Protziidae",,,,"Partnunia","sp.",,"adult",1,,1,100,1,"N","N",,"condition OK","Y",,"Thorp and Rogers 2016; Smit 2022","N","Rhithron Associates, Inc.","B. Moore",,,
"6ad2fbad-e99d-4eb4-b51b-98b5d16c5946","D16","MART","MART.AOS.reach","2022-07-11T17:19Z","2023-08-18","MART.20220711.HESS.6","A00000292713",,"ANASP11","Y","Anafroptilum sp.",,"genus","Arthropoda",,"Insecta",,,,"Ephemeroptera",,,"Baetoidea","Baetidae",,,,"Anafroptilum","sp.",,"larva",2,,4,30,13,"N","N",,"condition OK","Y",,"Jacobus and Wiersema, 2014","N","Rhithron Associates, Inc.","J. Webb",,,
"b76949ed-aa1f-49e7-9ec6-10bc940b8534","D16","MART","MART.AOS.reach","2022-07-11T17:19Z","2023-08-18","MART.20220711.SURBER.1","A00000292708",,"SIMSP1","Y","Simulium sp.",,"genus","Arthropoda","Hexapoda","Insecta","Pterygota","Neoptera","Holometabola","Diptera","Nematocera","Culicomorpha",,"Simuliidae","Simuliinae","Simuliini",,"Simulium","sp.",,"larva",2,,1,100,1,"N","N",,"condition OK","Y",,"Adler et al. 2004; Merritt et al. 2019","N","Rhithron Associates, Inc.","J. Webb",,,
"6f2237b6-15db-44dc-914f-aa59e6ba08bf","D16","MART","MART.AOS.reach","2022-07-11T17:19Z","2023-08-18","MART.20220711.SURBER.2","A00000292709",,"CALCAL","Y","Calineuria californica",,"species","Arthropoda","Hexapoda","Insecta","Pterygota","Neoptera","Polyneoptera","Plecoptera","Systellognatha",,,"Perlidae","Acroneuriinae","Acroneuriini",,"Calineuria","californica",,"larva",4,,1,43,2,"N","N",,"condition OK","Y",,"Stewart and Stark 2002; Merritt et al. 2019","N","Rhithron Associates, Inc.","J. Webb",,,
"10892bd1-5d1c-4157-abe0-f532a60363d5","D16","MART","MART.AOS.reach","2022-07-11T17:19Z","2023-08-21","MART.20220711.HESS.6","A00000292713",,"CRISP6","Y","Cricotopus/Orthocladius sp.",,"speciesGroup","Arthropoda","Hexapoda","Insecta","Pterygota","Neoptera","Holometabola","Diptera","Nematocera","Culicomorpha",,"Chironomidae","Orthocladiinae",,,"Cricotopus/Orthocladius","sp.",,"larva",1,,2,30,7,"Y","N","early instar","condition OK","Y",,"Weiderholm, 1983; Weiderholm, 1986; Epler 2001; Ferrington et al. 2008; Andersen, Cranston and Epler 2013","N","Rhithron Associates, Inc.","R. Spring",,,
"ce8a3255-f345-4ff6-8805-7db0c9de1186","D16","MART","MART.AOS.reach","2022-07-11T17:19Z","2023-08-18","MART.20220711.HESS.7","A00000292714",,"PLUSP2","Y","Plumiperla sp.",,"genus","Arthropoda","Hexapoda","Insecta","Pterygota","Neoptera","Polyneoptera","Plecoptera","Systellognatha",,,"Chloroperlidae","Chloroperlinae",,,"Plumiperla","sp.",,"larva",5,,1,60,2,"N","N",,"condition OK","Y",,"Stewart and Stark, 2002","N","Rhithron Associates, Inc.","J. Webb",,,
"b724a8ff-73d2-4dd4-9f70-5160bafa2bc0","D16","MART","MART.AOS.reach","2022-07-11T17:19Z","2023-08-22","MART.20220711.SURBER.2","A00000292709",,"EUKCLA","Y","Eukiefferiella claripennis gr.",,"speciesGroup","Arthropoda","Hexapoda","Insecta","Pterygota","Neoptera","Holometabola","Diptera","Nematocera","Culicomorpha",,"Chironomidae","Orthocladiinae",,,"Eukiefferiella","claripennis gr.",,"larva",3,,1,43,2,"N","N",,"condition OK","Y",,"Weiderholm, 1983; Bode, 1983; Weiderholm, 1986; Epler 2001; Ferrington et al. 2019; Andersen, Cranston and Epler 2013","N","Rhithron Associates, Inc.","A. Fasbender",,,
"2855888f-1b86-4aef-81f3-9415774fe29f","D16","MART","MART.AOS.reach","2022-07-11T17:19Z","2023-08-22","MART.20220711.SURBER.2","A00000292709",,"EUKGRA","Y","Eukiefferiella gracei gr.",,"speciesGroup","Arthropoda","Hexapoda","Insecta","Pterygota","Neoptera","Holometabola","Diptera","Nematocera","Culicomorpha",,"Chironomidae","Orthocladiinae",,,"Eukiefferiella","gracei gr.",,"larva",3,,1,43,2,"N","N",,"condition OK","Y",,"Weiderholm, 1983; Bode, 1983; Weiderholm, 1986; Epler 2001; Ferrington et al. 2019; Andersen, Cranston and Epler 2013","N","Rhithron Associates, Inc.","A. Fasbender",,,
"44abf410-6f51-42c7-bc29-07fd6c9c8dc4","D16","MART","MART.AOS.reach","2022-07-11T17:19Z","2023-08-22","MART.20220711.SURBER.1","A00000292708",,"CRISP6","Y","Cricotopus/Orthocladius sp.",,"speciesGroup","Arthropoda","Hexapoda","Insecta","Pterygota","Neoptera","Holometabola","Diptera","Nematocera","Culicomorpha",,"Chironomidae","Orthocladiinae",,,"Cricotopus/Orthocladius","sp.",,"larva",2,,2,100,2,"Y","N","early instar","condition OK","N",,"Weiderholm, 1983; Weiderholm, 1986; Epler 2001; Ferrington et al. 2008; Andersen, Cranston and Epler 2013","N","Rhithron Associates, Inc.","A. Fasbender",,,
"755a949b-96f0-4a76-8189-ba7ef8ca2591","D16","MART","MART.AOS.reach","2022-07-11T17:19Z","2023-08-22","MART.20220711.SURBER.2","A00000292709",,"CRISP6","Y","Cricotopus/Orthocladius sp.",,"speciesGroup","Arthropoda","Hexapoda","Insecta","Pterygota","Neoptera","Holometabola","Diptera","Nematocera","Culicomorpha",,"Chironomidae","Orthocladiinae",,,"Cricotopus/Orthocladius","sp.",,"larva",3,,1,43,2,"Y","N","early instar","condition OK","N",,"Weiderholm, 1983; Weiderholm, 1986; Epler 2001; Ferrington et al. 2008; Andersen, Cranston and Epler 2013","N","Rhithron Associates, Inc.","A. Fasbender",,,
"6b73808a-7de1-4982-9802-2d092688ec32","D16","MART","MART.AOS.reach","2022-07-11T17:19Z","2023-08-21","MART.20220711.SURBER.4","A00000292711",,"SWESP","Y","Sweltsa sp.",,"genus","Arthropoda","Hexapoda","Insecta","Pterygota","Neoptera","Polyneoptera","Plecoptera","Systellognatha",,,"Chloroperlidae","Chloroperlinae",,,"Sweltsa","sp.",,"larva",2,,2,100,2,"N","N",,"condition OK","Y",,"Stewart and Stark 2002; Merritt et al. 2019","N","Rhithron Associates, Inc.","B. Moore",,,
"0439257c-5dbe-4ddf-82b7-7207baf8abdf","D16","MART","MART.AOS.reach","2022-07-11T17:19Z","2023-08-18","MART.20220711.HESS.6","A00000292713",,"LEPSP4","Y","Leptophlebiidae sp.",,"family","Arthropoda","Hexapoda","Insecta","Pterygota","Palaeoptera",,"Ephemeroptera","Furcatergalia","Lanceolata",,"Leptophlebiidae",,,,,"sp.",,"larva",2,,5,30,17,"Y","N","early instar","condition OK","Y",,"Merritt et al. 2019","N","Rhithron Associates, Inc.","J. Webb",,,
"124dec8d-6c1d-42d0-b6ee-d3929d410bc9","D16","MART","MART.AOS.reach","2022-07-11T17:19Z","2023-08-18","MART.20220711.HESS.8","A00000292715",,"EMPSP","Y","Empididae sp.",,"family","Arthropoda","Hexapoda","Insecta","Pterygota","Neoptera","Holometabola","Diptera","Brachycera","Muscomorpha",,"Empididae",,,,,"sp.",,"pupa",3,,1,40,3,"N","N",,"condition OK","Y",,"Merritt et al. 2019","N","Rhithron Associates, Inc.","J. Webb",,,
"457022a5-57ab-4f42-92e7-43033fec3bac","D16","MART","MART.AOS.reach","2022-07-11T17:19Z","2023-08-18","MART.20220711.SURBER.2","A00000292709",,"HEPSP","Y","Heptageniidae sp.",,"family","Arthropoda","Hexapoda","Insecta","Pterygota","Palaeoptera",,"Ephemeroptera","Pisciforma",,"Heptagenioidea","Heptageniidae",,,,,"sp.",,"larva",1,,2,43,5,"Y","N","early instar","condition OK","N",,"Merritt et al. 2019","N","Rhithron Associates, Inc.","J. Webb",,,
"ad1a0874-a4c4-49bb-9f28-4b3981c53272","D16","MART","MART.AOS.reach","2022-07-11T17:19Z","2023-08-18","MART.20220711.HESS.8","A00000292715",,"CERSP10","Y","Ceratopogoninae sp.",,"subfamily","Arthropoda","Hexapoda","Insecta","Pterygota","Neoptera","Holometabola","Diptera","Nematocera","Culicomorpha",,"Ceratopogonidae","Ceratopogoninae",,,,"sp.",,"larva",3,,2,40,5,"N","N",,"condition OK","Y",,"Merritt et al. 2019","N","Rhithron Associates, Inc.","J. Webb",,,
"f55a2d1a-2ccc-479c-9469-b2564aeb27da","D16","MART","MART.AOS.reach","2022-07-11T17:19Z","2023-08-22","MART.20220711.SURBER.5","A00000292712",,"LARSP","Y","Larsia sp.",,"genus","Arthropoda","Hexapoda","Insecta","Pterygota","Neoptera","Holometabola","Diptera","Nematocera","Culicomorpha",,"Chironomidae","Tanypodinae","Pentaneurini",,"Larsia","sp.",,"larva",2,,1,100,1,"N","N",,"condition OK","Y",,"Weiderholm, 1983; Weiderholm, 1986; Epler 2001; Ferrington et al. 2019; Andersen, Cranston and Epler 2013","N","Rhithron Associates, Inc.","A. Fasbender",,,
"43f3b4cf-7f2f-4d42-bbaf-7408d82f6154","D16","MART","MART.AOS.reach","2022-07-11T17:19Z","2023-08-22","MART.20220711.SURBER.2","A00000292709",,"TANSP8","Y","Tanytarsini sp.",,"tribe","Arthropoda","Hexapoda","Insecta","Pterygota","Neoptera","Holometabola","Diptera","Nematocera","Culicomorpha",,"Chironomidae","Chironominae","Tanytarsini",,,"sp.",,"larva",1,,9,43,21,"Y","N","early instar","condition OK","Y",,"Weiderholm, 1983; Weiderholm, 1986; Epler 2001; Ferrington et al. 2019; Andersen, Cranston and Epler 2013","N","Rhithron Associates, Inc.","A. Fasbender",,,
"4b2a6352-4059-483e-8a77-a9e5409e844f","D16","MART","MART.AOS.reach","2022-07-11T17:19Z","2023-08-22","MART.20220711.SURBER.3","A00000292710",,"TANSP7","Y","Tanypodinae sp.",,"subfamily","Arthropoda","Hexapoda","Insecta","Pterygota","Neoptera","Holometabola","Diptera","Nematocera","Culicomorpha",,"Chironomidae","Tanypodinae",,,,"sp.",,"larva",1,,1,40,3,"Y","N","early instar","condition OK","Y",,"Weiderholm, 1983; Weiderholm, 1986; Epler 2001; Ferrington et al. 2019; Andersen, Cranston and Epler 2013","Y","Rhithron Associates, Inc.","A. Fasbender",,,
"773c8b47-c897-4310-8de6-394c7df46072","D16","MART","MART.AOS.reach","2022-07-11T17:19Z","2023-08-18","MART.20220711.SURBER.1","A00000292708",,"EPHTIB","Y","Ephemerella tibialis",,"species","Arthropoda","Hexapoda","Insecta","Pterygota","Palaeoptera",,"Ephemeroptera","Furcatergalia","Pannota","Ephemerelloidea","Ephemerellidae",,,,"Ephemerella","tibialis",,"larva",8,,1,100,1,"N","N",,"condition OK","Y",,"Allen and Edmunds 1965","N","Rhithron Associates, Inc.","J. Webb",,,
"5a767dce-4c0b-44ba-b70f-a03be0e76b6c","D16","MART","MART.AOS.reach","2022-07-11T17:19Z","2023-08-18","MART.20220711.HESS.8","A00000292715",,"ATUSP1","Y","Aturus sp.",,"genus","Arthropoda","Chelicerata","Arachnida","Acari",,"Acariformes","Trombidiformes","Prostigmata",,"Hygrobatoidea","Aturidae",,,,"Aturus","sp.",,"adult",1,,5,40,13,"N","N",,"condition OK","Y",,"Thorp and Rogers 2016","N","Rhithron Associates, Inc.","J. Webb",,,
"b29d2916-8d0e-4ce6-80e6-119bae355efa","D16","MART","MART.AOS.reach","2022-07-11T17:19Z","2023-08-21","MART.20220711.SURBER.4","A00000292711",,"ZAPCIN","Y","Zapada cinctipes",,"species","Arthropoda","Hexapoda","Insecta","Pterygota","Neoptera","Polyneoptera","Plecoptera","Euholognatha",,,"Nemouridae","Nemourinae",,,"Zapada","cinctipes",,"larva",2,,31,100,31,"N","N",,"condition OK","Y",,"Baumann et al. 1977; Stewart and Stark 2002; Merritt et al. 2019","N","Rhithron Associates, Inc.","B. Moore",,,
"83bbafe3-4667-4325-a0bd-85f6f2d322a0","D16","MART","MART.AOS.reach","2022-07-11T17:19Z","2023-08-22","MART.20220711.SURBER.1","A00000292708",,"SYNSP3","Y","Synorthocladius sp.",,"genus","Arthropoda","Hexapoda","Insecta","Pterygota","Neoptera","Holometabola","Diptera","Nematocera","Culicomorpha",,"Chironomidae","Orthocladiinae",,,"Synorthocladius","sp.",,"larva",2,,1,100,1,"N","N",,"condition OK","Y",,"Weiderholm, 1983; Weiderholm, 1986; Epler 2001; Ferrington et al. 2019; Andersen, Cranston and Epler 2013","N","Rhithron Associates, Inc.","A. Fasbender",,,
"0a1a2484-4c75-4b82-9340-c619ae2becbe","D16","MART","MART.AOS.reach","2022-07-11T17:19Z","2023-08-21","MART.20220711.HESS.7","A00000292714",,"BRISP","Y","Brillia sp.",,"genus","Arthropoda","Hexapoda","Insecta","Pterygota","Neoptera","Holometabola","Diptera","Nematocera","Culicomorpha",,"Chironomidae","Orthocladiinae",,,"Brillia","sp.",,"larva",2,,1,60,2,"N","N",,"condition OK","Y",,"Weiderholm, 1983; Weiderholm, 1986; Epler 2001; Ferrington et al. 2019; Andersen, Cranston and Epler 2013","N","Rhithron Associates, Inc.","R. Spring",,,
"782c6160-7c1e-4b16-937d-600037ff1c3a","D16","MART","MART.AOS.reach","2022-07-11T17:19Z","2023-08-21","MART.20220711.SURBER.5","A00000292712",,"BAEPIS1","Y","Baetis piscatoris cx.",,"speciesGroup","Arthropoda","Hexapoda","Insecta","Pterygota","Palaeoptera",,"Ephemeroptera",,,,"Baetidae",,,,"Baetis","piscatoris cx.",,"larva",2,,3,100,3,"N","N",,"condition OK","Y",,"Morihara and McCafferty 1979; Wiersema, 2004; Webb et al. 2018","N","Rhithron Associates, Inc.","B. Moore",,,
"182090ca-ab3f-4045-bf7b-db62e7f77694","D16","MART","MART.AOS.reach","2022-07-11T17:19Z","2023-08-18","MART.20220711.HESS.8","A00000292715",,"SIMSP1","Y","Simulium sp.",,"genus","Arthropoda","Hexapoda","Insecta","Pterygota","Neoptera","Holometabola","Diptera","Nematocera","Culicomorpha",,"Simuliidae","Simuliinae","Simuliini",,"Simulium","sp.",,"larva",4,,1,40,3,"N","N",,"condition OK","Y",,"Adler et al. 2004; Merritt et al. 2019","N","Rhithron Associates, Inc.","J. Webb",,,
"e6a42749-29b1-42ed-b2e1-493314ceb84b","D16","MART","MART.AOS.reach","2022-07-11T17:19Z","2023-08-21","MART.20220711.SURBER.3","A00000292710",,"PERSP1","Y","Perlidae sp.",,"family","Arthropoda","Hexapoda","Insecta","Pterygota","Neoptera","Polyneoptera","Plecoptera","Systellognatha",,,"Perlidae",,,,,"sp.",,"larva",2,,4,40,10,"Y","N","early instar","condition OK","N",,"Stewart and Stark 2002; Merritt et al. 2019","Y","Rhithron Associates, Inc.","J. Webb",,,
"7992535e-f7c4-4899-b7ca-640ee6c6e121","D16","MART","MART.AOS.reach","2022-07-11T17:19Z","2023-08-18","MART.20220711.HESS.8","A00000292715",,"LEPSP4","Y","Leptophlebiidae sp.",,"family","Arthropoda","Hexapoda","Insecta","Pterygota","Palaeoptera",,"Ephemeroptera","Furcatergalia","Lanceolata",,"Leptophlebiidae",,,,,"sp.",,"larva",4,,4,40,10,"Y","N","early instar","condition OK","Y",,"Merritt et al. 2019","N","Rhithron Associates, Inc.","J. Webb",,,
"b606897c-7413-4633-b8f9-71b0f60b6fb2","D16","MART","MART.AOS.reach","2022-07-11T17:19Z","2023-08-21","MART.20220711.SURBER.3","A00000292710",,"EPESP","Y","Epeorus sp.",,"genus","Arthropoda","Hexapoda","Insecta","Pterygota","Palaeoptera",,"Ephemeroptera","Pisciforma",,"Heptagenioidea","Heptageniidae",,,,"Epeorus","sp.",,"larva",1,,6,40,15,"Y","N","early instar","condition OK","Y",,"Merritt et al. 2019","Y","Rhithron Associates, Inc.","J. Webb","1 albertae group?",,
"9dd7388b-ffc0-40f1-87db-503472d5452a","D16","MART","MART.AOS.reach","2022-07-11T17:19Z","2023-08-22","MART.20220711.SURBER.1","A00000292708",,"CRISP6","Y","Cricotopus/Orthocladius sp.",,"speciesGroup","Arthropoda","Hexapoda","Insecta","Pterygota","Neoptera","Holometabola","Diptera","Nematocera","Culicomorpha",,"Chironomidae","Orthocladiinae",,,"Cricotopus/Orthocladius","sp.",,"larva",3,,7,100,7,"Y","N","early instar","condition OK","N",,"Weiderholm, 1983; Weiderholm, 1986; Epler 2001; Ferrington et al. 2008; Andersen, Cranston and Epler 2013","N","Rhithron Associates, Inc.","A. Fasbender",,,
"7b1b13e3-f983-44b9-9a33-339c7bc13bc8","D16","MART","MART.AOS.reach","2022-07-11T17:19Z","2023-08-22","MART.20220711.SURBER.4","A00000292711",,"CORSP19","Y","Corynoneura sp.",,"genus","Arthropoda","Hexapoda","Insecta","Pterygota","Neoptera","Holometabola","Diptera","Nematocera","Culicomorpha",,"Chironomidae","Orthocladiinae",,,"Corynoneura","sp.",,"larva",2,,1,100,1,"N","N",,"condition OK","Y",,"Weiderholm, 1983; Weiderholm, 1986; Epler 2001; Ferrington et al. 2019; Andersen, Cranston and Epler 2013","N","Rhithron Associates, Inc.","A. Fasbender",,,
"e564e5fd-7345-4c9b-aab5-9416fe94b196","D16","MART","MART.AOS.reach","2022-07-11T17:19Z","2023-08-18","MART.20220711.HESS.6","A00000292713",,"WOOSP","Y","Woolastookia sp.",,"genus","Arthropoda","Chelicerata","Arachnida","Acari",,"Acariformes","Trombidiformes","Prostigmata",,"Hygrobatoidea","Aturidae",,,,"Woolastookia","sp.",,"adult",1,,4,30,13,"N","N",,"condition OK","Y",,"Thorp and Rogers 2016","N","Rhithron Associates, Inc.","J. Webb",,,
"b6416a31-3bce-4c93-a3d8-8cdbc2849188","D16","MART","MART.AOS.reach","2022-07-11T17:19Z","2023-08-21","MART.20220711.SURBER.3","A00000292710",,"TORSP6","Y","Torrenticola sp.",,"genus","Arthropoda","Chelicerata","Arachnida","Acari",,"Acariformes","Trombidiformes","Prostigmata",,"Lebertioidea","Torrenticolidae",,,,"Torrenticola","sp.",,"adult",1,,7,40,18,"N","N",,"condition OK","Y",,"Thorp and Rogers 2016","Y","Rhithron Associates, Inc.","J. Webb",,,
"7439d363-c7cb-4959-ba81-34015bfcdd9e","D16","MART","MART.AOS.reach","2022-07-11T17:19Z","2023-08-22","MART.20220711.SURBER.5","A00000292712",,"CRISP2","Y","Cricotopus sp.",,"genus","Arthropoda","Hexapoda","Insecta","Pterygota","Neoptera","Holometabola","Diptera","Nematocera","Culicomorpha",,"Chironomidae","Orthocladiinae",,,"Cricotopus","sp.",,"larva",1,,2,100,2,"N","N",,"condition OK","Y",,"Weiderholm, 1983; Weiderholm, 1986; Epler 2001; Ferrington et al. 2019; Andersen, Cranston and Epler 2013","N","Rhithron Associates, Inc.","A. Fasbender",,,
"b195aaf1-5871-4eae-8953-cb8f9c89c4b9","D16","MART","MART.AOS.reach","2022-07-11T17:19Z","2023-08-21","MART.20220711.HESS.6","A00000292713",,"LARSP","Y","Larsia sp.",,"genus","Arthropoda","Hexapoda","Insecta","Pterygota","Neoptera","Holometabola","Diptera","Nematocera","Culicomorpha",,"Chironomidae","Tanypodinae","Pentaneurini",,"Larsia","sp.",,"larva",2,,4,30,13,"N","N",,"condition OK","Y",,"Weiderholm, 1983; Weiderholm, 1986; Epler 2001; Ferrington et al. 2019; Andersen, Cranston and Epler 2013","N","Rhithron Associates, Inc.","R. Spring",,,
"edb0bd23-dd23-4122-97f6-04cad4c74ba3","D16","MART","MART.AOS.reach","2022-07-11T17:19Z","2023-08-18","MART.20220711.HESS.8","A00000292715",,"NEMSP5","Y","Nemouridae sp.",,"family","Arthropoda","Hexapoda","Insecta","Pterygota","Neoptera","Polyneoptera","Plecoptera","Euholognatha",,,"Nemouridae",,,,,"sp.",,"larva",1,,33,40,83,"Y","N","early instar","condition OK","N",,"Baumann et al. 1977; Stewart and Stark 2002; Merritt et al. 2019","N","Rhithron Associates, Inc.","J. Webb",,,
"c523249a-9f84-45e6-b9d9-30d49e829267","D16","MART","MART.AOS.reach","2022-07-11T17:19Z","2023-08-21","MART.20220711.HESS.7","A00000292714",,"TANSP11","Y","Tanytarsus sp.",,"genus","Arthropoda","Hexapoda","Insecta","Pterygota","Neoptera","Holometabola","Diptera","Nematocera","Culicomorpha",,"Chironomidae","Chironominae","Tanytarsini",,"Tanytarsus","sp.",,"larva",3,,6,60,10,"N","N",,"condition OK","Y",,"Weiderholm, 1983; Weiderholm, 1986; Epler 2001; Ferrington et al. 2019; Andersen, Cranston and Epler 2013","N","Rhithron Associates, Inc.","R. Spring",,,
"4f124a72-58b9-4670-88b6-0966d2792bc7","D16","MART","MART.AOS.reach","2022-07-11T17:19Z","2023-08-21","MART.20220711.HESS.7","A00000292714",,"TANSP11","Y","Tanytarsus sp.",,"genus","Arthropoda","Hexapoda","Insecta","Pterygota","Neoptera","Holometabola","Diptera","Nematocera","Culicomorpha",,"Chironomidae","Chironominae","Tanytarsini",,"Tanytarsus","sp.",,"larva",2,,2,60,3,"N","N",,"condition OK","Y",,"Weiderholm, 1983; Weiderholm, 1986; Epler 2001; Ferrington et al. 2019; Andersen, Cranston and Epler 2013","N","Rhithron Associates, Inc.","R. Spring",,,
"17a49198-0b1e-41b8-9488-d944f519eabb","D16","MART","MART.AOS.reach","2022-07-11T17:19Z","2023-08-22","MART.20220711.SURBER.5","A00000292712",,"TANSP8","Y","Tanytarsini sp.",,"tribe","Arthropoda","Hexapoda","Insecta","Pterygota","Neoptera","Holometabola","Diptera","Nematocera","Culicomorpha",,"Chironomidae","Chironominae","Tanytarsini",,,"sp.",,"larva",1,,3,100,3,"Y","N","early instar","condition OK","N",,"Weiderholm, 1983; Weiderholm, 1986; Epler 2001; Ferrington et al. 2019; Andersen, Cranston and Epler 2013","N","Rhithron Associates, Inc.","A. Fasbender",,,
"8ed1d671-1e79-4c88-a0c7-97178355bd7f","D16","MART","MART.AOS.reach","2022-07-11T17:19Z","2023-08-21","MART.20220711.HESS.7","A00000292714",,"MICSP6","Y","Micropsectra sp.",,"genus","Arthropoda","Hexapoda","Insecta","Pterygota","Neoptera","Holometabola","Diptera","Nematocera","Culicomorpha",,"Chironomidae","Chironominae","Tanytarsini",,"Micropsectra","sp.",,"larva",2,,14,60,23,"N","N",,"condition OK","Y",,"Weiderholm, 1983; Weiderholm, 1986; Epler 2001; Ferrington et al. 2019; Andersen, Cranston and Epler 2013","N","Rhithron Associates, Inc.","R. Spring",,,
"715cfe0e-1ee7-47c1-952b-2dfb5f15e3cb","D16","MART","MART.AOS.reach","2022-07-11T17:19Z","2023-08-18","MART.20220711.HESS.8","A00000292715",,"ZAISP","Y","Zaitzevia sp.",,"genus","Arthropoda","Hexapoda","Insecta","Pterygota","Neoptera","Holometabola","Coleoptera","Polyphaga","Elateriformia","Byrrhoidea","Elmidae","Elminae","Macronychini",,"Zaitzevia","sp.",,"larva",4,,1,40,3,"N","N",,"condition OK","N",,"Brown 1972; Merritt et al. 2019","N","Rhithron Associates, Inc.","J. Webb",,,
"8e1e0dfc-91af-42cd-86da-4abdf912069e","D16","MART","MART.AOS.reach","2022-07-11T17:19Z","2023-08-21","MART.20220711.SURBER.4","A00000292711",,"MICSP3","Y","Micrasema sp.",,"genus","Arthropoda","Hexapoda","Insecta","Pterygota","Neoptera","Holometabola","Trichoptera",,,"Limnephiloidea","Brachycentridae",,,,"Micrasema","sp.",,"larva",1,,68,100,68,"N","N",,"condition OK","Y",,"Wiggins 1996; Merritt et al. 2019","N","Rhithron Associates, Inc.","B. Moore",,,
"fe7199af-5753-4590-acd3-c9516f09d22d","D16","MART","MART.AOS.reach","2022-07-11T17:19Z","2023-08-22","MART.20220711.SURBER.5","A00000292712",,"LARSP","Y","Larsia sp.",,"genus","Arthropoda","Hexapoda","Insecta","Pterygota","Neoptera","Holometabola","Diptera","Nematocera","Culicomorpha",,"Chironomidae","Tanypodinae","Pentaneurini",,"Larsia","sp.",,"larva",4,,3,100,3,"N","N",,"condition OK","Y",,"Weiderholm, 1983; Weiderholm, 1986; Epler 2001; Ferrington et al. 2019; Andersen, Cranston and Epler 2013","N","Rhithron Associates, Inc.","A. Fasbender",,,
"480e8bdd-6df2-437d-8f31-f8d8df7566e8","D16","MART","MART.AOS.reach","2022-07-11T17:19Z","2023-08-21","MART.20220711.SURBER.5","A00000292712",,"WOOSP","Y","Woolastookia sp.",,"genus","Arthropoda","Chelicerata","Arachnida","Acari",,"Acariformes","Trombidiformes","Prostigmata",,"Hygrobatoidea","Aturidae",,,,"Woolastookia","sp.",,"adult",1,,1,100,1,"N","N",,"condition OK","Y",,"Thorp and Rogers 2016","N","Rhithron Associates, Inc.","B. Moore",,,
"490a588a-a2c8-4839-8b11-d0c0f02bed88","D16","MART","MART.AOS.reach","2022-07-11T17:19Z","2023-08-18","MART.20220711.SURBER.1","A00000292708",,"DIPHAG","Y","Diphetor hageni",,"species","Arthropoda","Hexapoda","Insecta","Pterygota","Palaeoptera",,"Ephemeroptera","Pisciforma",,,"Baetidae",,,,"Diphetor","hageni",,"larva",3,,1,100,1,"N","N",,"condition OK","Y",,"Morihara and McCafferty 1987; Meyer and McCafferty 2001; Merritt et al. 2019","N","Rhithron Associates, Inc.","J. Webb",,,
"e801c7f6-ea67-4ed4-90f5-9ae9a3abf321","D16","MART","MART.AOS.reach","2022-07-11T17:19Z","2023-08-18","MART.20220711.HESS.7","A00000292714",,"BAEPIS1","Y","Baetis piscatoris cx.",,"speciesGroup","Arthropoda","Hexapoda","Insecta","Pterygota","Palaeoptera",,"Ephemeroptera",,,,"Baetidae",,,,"Baetis","piscatoris cx.",,"larva",5,,5,60,8,"N","N",,"condition OK","Y",,"Morihara and McCafferty 1979; Wiersema, 2004; Webb et al. 2018","N","Rhithron Associates, Inc.","J. Webb",,,
"992a29ab-d6d4-4f7e-be3b-f4de077decab","D16","MART","MART.AOS.reach","2022-07-11T17:19Z","2023-08-18","MART.20220711.SURBER.2","A00000292709",,"MALSP4","Y","Malenka sp.",,"genus","Arthropoda","Hexapoda","Insecta","Pterygota","Neoptera","Polyneoptera","Plecoptera","Euholognatha",,,"Nemouridae","Amphinemurinae",,,"Malenka","sp.",,"larva",3,,2,43,5,"N","N",,"condition OK","Y",,"Stewart and Stark 2002; Merritt et al. 2019","N","Rhithron Associates, Inc.","J. Webb",,,
"98e0229d-3353-418c-874c-3c7ac79c5822","D16","MART","MART.AOS.reach","2022-07-11T17:19Z","2023-08-18","MART.20220711.SURBER.1","A00000292708",,"WORSP","Y","Wormaldia sp.",,"genus","Arthropoda","Hexapoda","Insecta","Pterygota","Neoptera","Holometabola","Trichoptera",,,"Philopotamoidea","Philopotamidae","Philopotaminae",,,"Wormaldia","sp.",,"larva",6,,1,100,1,"N","N",,"condition OK","Y",,"Wiggins 1996; Merritt et al. 2019","N","Rhithron Associates, Inc.","J. Webb",,,
"a83e4f70-08b1-4e38-a423-3a8ce12c8e97","D16","MART","MART.AOS.reach","2022-07-11T17:19Z","2023-08-22","MART.20220711.SURBER.1","A00000292708",,"PARSP29","Y","Parorthocladius sp.",,"genus","Arthropoda","Hexapoda","Insecta","Pterygota","Neoptera","Holometabola","Diptera","Nematocera","Culicomorpha",,"Chironomidae","Orthocladiinae",,,"Parorthocladius","sp.",,"pupa",2,,1,100,1,"N","N",,"condition OK","N",,"Weiderholm, 1983; Weiderholm, 1986; Epler 2001; Ferrington et al. 2019; Andersen, Cranston and Epler 2013","N","Rhithron Associates, Inc.","A. Fasbender",,,
"6db61eb4-9cf4-4221-bf2a-ee1d40da9ba1","D16","MART","MART.AOS.reach","2022-07-11T17:19Z","2023-08-21","MART.20220711.HESS.7","A00000292714",,"BRISP","Y","Brillia sp.",,"genus","Arthropoda","Hexapoda","Insecta","Pterygota","Neoptera","Holometabola","Diptera","Nematocera","Culicomorpha",,"Chironomidae","Orthocladiinae",,,"Brillia","sp.",,"larva",4,,1,60,2,"N","N",,"condition OK","Y",,"Weiderholm, 1983; Weiderholm, 1986; Epler 2001; Ferrington et al. 2019; Andersen, Cranston and Epler 2013","N","Rhithron Associates, Inc.","R. Spring",,,
"b3d12bbd-2ecd-4cfa-ba50-6802b931817e","D16","MART","MART.AOS.reach","2022-07-11T17:19Z","2023-08-18","MART.20220711.SURBER.2","A00000292709",,"CINSP1","Y","Cinygmula sp.",,"genus","Arthropoda","Hexapoda","Insecta","Pterygota","Palaeoptera",,"Ephemeroptera","Pisciforma",,"Heptagenioidea","Heptageniidae",,,,"Cinygmula","sp.",,"larva",2,,3,43,7,"N","N",,"condition OK","Y",,"Merritt et al. 2019","N","Rhithron Associates, Inc.","J. Webb",,,
"7da16237-24a1-4e59-8900-f9e7bf49de7b","D16","MART","MART.AOS.reach","2022-07-11T17:19Z","2023-08-18","MART.20220711.HESS.8","A00000292715",,"ATRSP3","Y","Atractides sp.",,"genus","Arthropoda","Chelicerata","Arachnida","Acari",,"Acariformes","Trombidiformes","Prostigmata",,"Hygrobatoidea","Hygrobatidae",,,,"Atractides","sp.",,"adult",1,,2,40,5,"N","N",,"condition OK","Y",,"Thorp and Rogers 2016","N","Rhithron Associates, Inc.","J. Webb",,,
"2e33a88c-80df-4180-9677-0a5de6d0187b","D16","MART","MART.AOS.reach","2022-07-11T17:19Z","2023-08-18","MART.20220711.HESS.8","A00000292715",,"POLSP17","Y","Polycelis sp.",,"genus","Platyhelminthes","Rhabditophora","Trepaxonemata",,,,"Neoophora",,,,"Planariidae",,,,"Polycelis","sp.",,"unknown",1,,1,40,3,"N","N",,"condition OK","Y",,"Thorp and Rogers 2016","N","Rhithron Associates, Inc.","J. Webb",,,
"717ca642-b73c-4653-b98f-3cdb389e864c","D16","MART","MART.AOS.reach","2022-07-11T17:19Z","2023-08-18","MART.20220711.SURBER.2","A00000292709",,"BAETRI2","Y","Baetis tricaudatus cx.",,"speciesGroup","Arthropoda","Hexapoda","Insecta","Pterygota","Palaeoptera",,"Ephemeroptera",,,,"Baetidae",,,,"Baetis","tricaudatus cx.",,"larva",2,,22,43,51,"N","N",,"condition OK","Y",,"Morihara and McCafferty 1979; Wiersema, 2004; Webb et al. 2018","N","Rhithron Associates, Inc.","J. Webb",,,
"a5b30f0f-d426-4e66-8a4d-c789d78c2057","D16","MART","MART.AOS.reach","2022-07-11T17:19Z","2023-08-22","MART.20220711.HESS.8","A00000292715",,"THISP2","Y","Thienemanniella sp.",,"genus","Arthropoda","Hexapoda","Insecta","Pterygota","Neoptera","Holometabola","Diptera","Nematocera","Culicomorpha",,"Chironomidae","Orthocladiinae",,,"Thienemanniella","sp.",,"larva",2,,3,40,8,"N","N",,"condition OK","Y",,"Weiderholm, 1983; Weiderholm, 1986; Epler 2001; Ferrington et al. 2019; Andersen, Cranston and Epler 2013","N","Rhithron Associates, Inc.","A. Fasbender",,,
"bf81b901-0008-4564-8348-143af97aee82","D16","MART","MART.AOS.reach","2022-07-11T17:19Z","2023-08-18","MART.20220711.HESS.7","A00000292714",,"GERSP","Y","Gerridae sp.",,"family","Arthropoda","Hexapoda","Insecta","Pterygota","Neoptera","Paraneoptera","Hemiptera","Heteroptera","Gerromorpha","Gerroidea","Gerridae",,,,,"sp.",,"larva",2,,1,60,2,"N","N",,"condition OK","Y",,"Merritt et al. 2019","N","Rhithron Associates, Inc.","J. Webb",,,
"d772bfe9-7b32-46d1-9c13-3cccb9b6ad4d","D16","MART","MART.AOS.reach","2022-07-11T17:19Z","2023-08-18","MART.20220711.HESS.8","A00000292715",,"BAETRI2","Y","Baetis tricaudatus cx.",,"speciesGroup","Arthropoda","Hexapoda","Insecta","Pterygota","Palaeoptera",,"Ephemeroptera",,,,"Baetidae",,,,"Baetis","tricaudatus cx.",,"larva",2,,1,40,3,"N","N",,"condition OK","Y",,"Morihara and McCafferty 1979; Wiersema, 2004; Webb et al. 2018","N","Rhithron Associates, Inc.","J. Webb",,,
"af7cda0e-20e8-4d5f-81e6-1c327060711a","D16","MART","MART.AOS.reach","2022-07-11T17:19Z","2023-08-21","MART.20220711.SURBER.5","A00000292712",,"BAEPIS1","Y","Baetis piscatoris cx.",,"speciesGroup","Arthropoda","Hexapoda","Insecta","Pterygota","Palaeoptera",,"Ephemeroptera",,,,"Baetidae",,,,"Baetis","piscatoris cx.",,"larva",4,,2,100,2,"N","N",,"condition OK","Y",,"Morihara and McCafferty 1979; Wiersema, 2004; Webb et al. 2018","N","Rhithron Associates, Inc.","B. Moore",,,
"afc06d11-bbf2-4b09-bb69-413c03e256aa","D16","MART","MART.AOS.reach","2022-07-11T17:19Z","2023-08-21","MART.20220711.HESS.6","A00000292713",,"POLSP13","Y","Polypedilum sp.",,"genus","Arthropoda","Hexapoda","Insecta","Pterygota","Neoptera","Holometabola","Diptera","Nematocera","Culicomorpha",,"Chironomidae","Chironominae","Chironomini",,"Polypedilum","sp.",,"larva",2,,4,30,13,"N","N",,"condition OK","Y",,"Weiderholm, 1983; Weiderholm, 1986; Epler 2001; Ferrington et al. 2008; Andersen, Cranston and Epler 2013","N","Rhithron Associates, Inc.","R. Spring",,,
"e539a697-6ea2-4ab3-8303-f507a3301e16","D16","MART","MART.AOS.reach","2022-07-11T17:19Z","2023-08-22","MART.20220711.HESS.8","A00000292715",,"CORSP19","Y","Corynoneura sp.",,"genus","Arthropoda","Hexapoda","Insecta","Pterygota","Neoptera","Holometabola","Diptera","Nematocera","Culicomorpha",,"Chironomidae","Orthocladiinae",,,"Corynoneura","sp.",,"pupa",1,,1,40,3,"N","N",,"condition OK","N",,"Weiderholm, 1983; Weiderholm, 1986; Epler 2001; Ferrington et al. 2019; Andersen, Cranston and Epler 2013","N","Rhithron Associates, Inc.","A. Fasbender",,,
"3d7044f8-dc6b-474f-871b-ef184162425c","D16","MART","MART.AOS.reach","2022-07-11T17:19Z","2023-08-18","MART.20220711.HESS.7","A00000292714",,"SWESP","Y","Sweltsa sp.",,"genus","Arthropoda","Hexapoda","Insecta","Pterygota","Neoptera","Polyneoptera","Plecoptera","Systellognatha",,,"Chloroperlidae","Chloroperlinae",,,"Sweltsa","sp.",,"larva",2,,2,60,3,"N","N",,"condition OK","Y",,"Stewart and Stark 2002; Merritt et al. 2019","N","Rhithron Associates, Inc.","J. Webb",,,
"69f90738-23cd-4983-bc3c-bd33720dc7c1","D16","MART","MART.AOS.reach","2022-07-11T17:19Z","2023-08-21","MART.20220711.SURBER.4","A00000292711",,"LEPSP4","Y","Leptophlebiidae sp.",,"family","Arthropoda","Hexapoda","Insecta","Pterygota","Palaeoptera",,"Ephemeroptera","Furcatergalia","Lanceolata",,"Leptophlebiidae",,,,,"sp.",,"larva",2,,3,100,3,"Y","N","early instar","condition OK","Y",,"Merritt et al. 2019","N","Rhithron Associates, Inc.","B. Moore",,,
"c0d968cd-6a4b-4048-ae36-1fa39b47b6e6","D16","MART","MART.AOS.reach","2022-07-11T17:19Z","2023-08-18","MART.20220711.HESS.7","A00000292714",,"OSTSP","Y","Ostracoda sp.",,"class","Arthropoda","Crustacea","Ostracoda",,,,,,,,,,,,,"sp.",,"unknown",1,,3,60,5,"N","N",,"condition OK","Y",,"Thorp and Rogers 2016","N","Rhithron Associates, Inc.","J. Webb",,,
"3b76cce8-273a-482c-b097-2eecb238650c","D16","MART","MART.AOS.reach","2022-07-11T17:19Z","2023-08-18","MART.20220711.HESS.6","A00000292713",,"LEPSP4","Y","Leptophlebiidae sp.",,"family","Arthropoda","Hexapoda","Insecta","Pterygota","Palaeoptera",,"Ephemeroptera","Furcatergalia","Lanceolata",,"Leptophlebiidae",,,,,"sp.",,"larva",1,,42,30,140,"Y","N","early instar","condition OK","Y",,"Merritt et al. 2019","N","Rhithron Associates, Inc.","J. Webb",,,
"221a0d35-df89-44b2-8377-cb57f20b7de8","D16","MART","MART.AOS.reach","2022-07-11T17:19Z","2023-08-21","MART.20220711.HESS.6","A00000292713",,"POLSP13","Y","Polypedilum sp.",,"genus","Arthropoda","Hexapoda","Insecta","Pterygota","Neoptera","Holometabola","Diptera","Nematocera","Culicomorpha",,"Chironomidae","Chironominae","Chironomini",,"Polypedilum","sp.",,"larva",4,,4,30,13,"N","N",,"condition OK","Y",,"Weiderholm, 1983; Weiderholm, 1986; Epler 2001; Ferrington et al. 2008; Andersen, Cranston and Epler 2013","N","Rhithron Associates, Inc.","R. Spring",,,
"5b71ea31-77c1-42e5-98f4-d14e83ac05e8","D16","MART","MART.AOS.reach","2022-07-11T17:19Z","2023-08-18","MART.20220711.HESS.7","A00000292714",,"ZAISP","Y","Zaitzevia sp.",,"genus","Arthropoda","Hexapoda","Insecta","Pterygota","Neoptera","Holometabola","Coleoptera","Polyphaga","Elateriformia","Byrrhoidea","Elmidae","Elminae","Macronychini",,"Zaitzevia","sp.",,"larva",3,,1,60,2,"N","N",,"condition OK","N",,"Brown 1972; Merritt et al. 2019","N","Rhithron Associates, Inc.","J. Webb",,,
"4e441570-c908-44b4-95e1-1ebe5bb10f74","D16","MART","MART.AOS.reach","2022-07-11T17:19Z","2023-08-18","MART.20220711.SURBER.2","A00000292709",,"PROSP38","Y","Protzia sp.",,"genus","Arthropoda","Chelicerata","Arachnida","Acari",,"Acariformes","Trombidiformes","Prostigmata",,"Hydryphantoidea","Hydryphantidae",,,,"Protzia","sp.",,"adult",1,,1,43,2,"N","N",,"condition OK","Y",,"Thorp and Rogers 2016","N","Rhithron Associates, Inc.","J. Webb",,,
"7532106f-f084-4260-8d73-28aa8b698f96","D16","MART","MART.AOS.reach","2022-07-11T17:19Z","2023-08-21","MART.20220711.HESS.7","A00000292714","BA22NEOMST36002O1","ENCSP1","Y","Enchytraeidae sp.",,"family","Annelida","Clitellata","Oligochaeta","Oligochaeta",,,"Enchytraeida",,,,"Enchytraeidae",,,,,"sp.",,"unknown",6,,1,60,2,"N","N",,"condition OK","Y",,"Kathman and Brinkhurst, 1999","N","Rhithron Associates, Inc.","J. Webb",,,
"a178bbf3-45e2-4825-af8a-b8164440b973","D16","MART","MART.AOS.reach","2022-07-11T17:19Z","2023-08-18","MART.20220711.HESS.7","A00000292714",,"BAESP2","Y","Baetis sp.",,"genus","Arthropoda","Hexapoda","Insecta","Pterygota","Palaeoptera",,"Ephemeroptera","Pisciforma",,,"Baetidae",,,,"Baetis","sp.",,"larva",1,,7,60,12,"Y","N","early instar","condition OK","N",,"Merritt et al. 2019","N","Rhithron Associates, Inc.","J. Webb",,,
"33f71890-fb82-42f5-9429-88481b453227","D16","MART","MART.AOS.reach","2022-07-11T17:19Z","2023-08-18","MART.20220711.HESS.6","A00000292713",,"ELMSP","Y","Elmidae sp.",,"family","Arthropoda","Hexapoda","Insecta","Pterygota","Neoptera","Holometabola","Coleoptera","Polyphaga","Elateriformia","Byrrhoidea","Elmidae",,,,,"sp.",,"larva",1,,1,30,3,"Y","N","early instar","condition OK","N",,"Brown, 1972; Merritt et al. 2019","N","Rhithron Associates, Inc.","J. Webb",,,
"3faa57d1-c5d4-426e-8e62-3bd68555578d","D16","MART","MART.AOS.reach","2022-07-11T17:19Z","2023-08-18","MART.20220711.SURBER.1","A00000292708",,"CALCAL","Y","Calineuria californica",,"species","Arthropoda","Hexapoda","Insecta","Pterygota","Neoptera","Polyneoptera","Plecoptera","Systellognatha",,,"Perlidae","Acroneuriinae","Acroneuriini",,"Calineuria","californica",,"larva",5,,2,100,2,"N","N",,"condition OK","Y",,"Stewart and Stark 2002; Merritt et al. 2019","N","Rhithron Associates, Inc.","J. Webb",,,
"c5839ae7-fd65-43dc-8396-2434784f949e","D16","MART","MART.AOS.reach","2022-07-11T17:19Z","2023-08-21","MART.20220711.HESS.7","A00000292714",,"THIGRO","Y","Thienemannimyia gr.",,"speciesGroup","Arthropoda","Hexapoda","Insecta","Pterygota","Neoptera","Holometabola","Diptera","Nematocera","Culicomorpha",,"Chironomidae","Tanypodinae","Pentaneurini",,"Thienemannimyia","gr.",,"larva",2,,1,60,2,"Y","N","early instar","condition OK","Y",,"Weiderholm, 1983; Weiderholm, 1986; Epler 2001; Ferrington et al. 2008; Andersen, Cranston and Epler 2017","N","Rhithron Associates, Inc.","R. Spring",,,
"8d3a568f-d8c8-4606-b70b-d333ea96fadc","D16","MART","MART.AOS.reach","2022-07-11T17:19Z","2023-08-18","MART.20220711.HESS.8","A00000292715",,"HEPSP","Y","Heptageniidae sp.",,"family","Arthropoda","Hexapoda","Insecta","Pterygota","Palaeoptera",,"Ephemeroptera","Pisciforma",,"Heptagenioidea","Heptageniidae",,,,,"sp.",,"larva",1,,12,40,30,"Y","N","early instar","condition OK","N",,"Merritt et al. 2019","N","Rhithron Associates, Inc.","J. Webb",,,
"6347667e-5c32-48cf-a696-c29fb948b568","D16","MART","MART.AOS.reach","2022-07-11T17:19Z","2023-08-22","MART.20220711.SURBER.5","A00000292712",,"SYNSP3","Y","Synorthocladius sp.",,"genus","Arthropoda","Hexapoda","Insecta","Pterygota","Neoptera","Holometabola","Diptera","Nematocera","Culicomorpha",,"Chironomidae","Orthocladiinae",,,"Synorthocladius","sp.",,"larva",2,,1,100,1,"N","N",,"condition OK","Y",,"Weiderholm, 1983; Weiderholm, 1986; Epler 2001; Ferrington et al. 2019; Andersen, Cranston and Epler 2013","N","Rhithron Associates, Inc.","A. Fasbender",,,
"56d789cc-b0b6-4f6f-8791-88dd1e32166e","D16","MART","MART.AOS.reach","2022-07-11T17:19Z","2023-08-18","MART.20220711.SURBER.1","A00000292708",,"HEPSP","Y","Heptageniidae sp.",,"family","Arthropoda","Hexapoda","Insecta","Pterygota","Palaeoptera",,"Ephemeroptera","Pisciforma",,"Heptagenioidea","Heptageniidae",,,,,"sp.",,"larva",1,,5,100,5,"Y","N","early instar","condition OK","N",,"Merritt et al. 2019","N","Rhithron Associates, Inc.","J. Webb","heads only",,
"5d70cdf9-e4ca-4ba3-a9c8-3c032f63c35b","D16","MART","MART.AOS.reach","2022-07-11T17:19Z","2023-08-21","MART.20220711.SURBER.3","A00000292710",,"MALSP4","Y","Malenka sp.",,"genus","Arthropoda","Hexapoda","Insecta","Pterygota","Neoptera","Polyneoptera","Plecoptera","Euholognatha",,,"Nemouridae","Amphinemurinae",,,"Malenka","sp.",,"larva",4,,1,40,3,"N","N",,"condition OK","Y",,"Stewart and Stark 2002; Merritt et al. 2019","Y","Rhithron Associates, Inc.","J. Webb",,,
"37c8d654-e5fc-472d-a2cc-d0f8c53bc9c2","D16","MART","MART.AOS.reach","2022-07-11T17:19Z","2023-08-21","MART.20220711.SURBER.4","A00000292711",,"OSTSP","Y","Ostracoda sp.",,"class","Arthropoda","Crustacea","Ostracoda",,,,,,,,,,,,,"sp.",,"unknown",1,,5,100,5,"N","N",,"condition OK","Y",,"Thorp and Rogers 2016","N","Rhithron Associates, Inc.","B. Moore",,,
"4d6227db-18ff-4a1d-9179-953a21e6591f","D16","MART","MART.AOS.reach","2022-07-11T17:19Z","2023-08-22","MART.20220711.SURBER.3","A00000292710",,"EUKCLA","Y","Eukiefferiella claripennis gr.",,"speciesGroup","Arthropoda","Hexapoda","Insecta","Pterygota","Neoptera","Holometabola","Diptera","Nematocera","Culicomorpha",,"Chironomidae","Orthocladiinae",,,"Eukiefferiella","claripennis gr.",,"larva",3,,2,40,5,"N","N",,"condition OK","Y",,"Weiderholm, 1983; Bode, 1983; Weiderholm, 1986; Epler 2001; Ferrington et al. 2019; Andersen, Cranston and Epler 2013","Y","Rhithron Associates, Inc.","A. Fasbender",,,
"02c62b9a-af49-41ab-936c-d11d1b2cda2f","D16","MART","MART.AOS.reach","2022-07-11T17:19Z","2023-08-21","MART.20220711.SURBER.5","A00000292712",,"DESAUG","Y","Despaxia augusta",,"species","Arthropoda","Hexapoda","Insecta","Pterygota","Neoptera","Polyneoptera","Plecoptera","Euholognatha",,,"Leuctridae","Leuctrinae",,,"Despaxia","augusta",,"larva",6,,1,100,1,"N","N",,"condition OK","Y",,"Stewart and Stark 2002; Merritt et al. 2019","N","Rhithron Associates, Inc.","B. Moore",,,
"95731a43-890f-4213-83d6-b03fa53f5b4d","D16","MART","MART.AOS.reach","2022-07-11T17:19Z","2023-08-18","MART.20220711.HESS.7","A00000292714",,"DRUSP","Y","Drunella sp.",,"genus","Arthropoda","Hexapoda","Insecta","Pterygota","Palaeoptera",,"Ephemeroptera","Furcatergalia","Pannota","Ephemerelloidea","Ephemerellidae",,,,"Drunella","sp.",,"larva",1,,1,60,2,"Y","N","early instar","condition OK","Y",,"Merritt et al. 2019","N","Rhithron Associates, Inc.","J. Webb","grandis group",,
"5b94a9ce-f4a4-424e-841a-4479f8e06c25","D16","MART","MART.AOS.reach","2022-07-11T17:19Z","2023-08-18","MART.20220711.HESS.6","A00000292713",,"HEPSP","Y","Heptageniidae sp.",,"family","Arthropoda","Hexapoda","Insecta","Pterygota","Palaeoptera",,"Ephemeroptera","Pisciforma",,"Heptagenioidea","Heptageniidae",,,,,"sp.",,"larva",1,,11,30,37,"Y","N","early instar","condition OK","Y",,"Merritt et al. 2019","N","Rhithron Associates, Inc.","J. Webb","likely Afghanurus",,
"b39b2079-b88b-4698-bf97-017349b81193","D16","MART","MART.AOS.reach","2022-07-11T17:19Z","2023-08-18","MART.20220711.HESS.8","A00000292715",,"ZAISP","Y","Zaitzevia sp.",,"genus","Arthropoda","Hexapoda","Insecta","Pterygota","Neoptera","Holometabola","Coleoptera","Polyphaga","Elateriformia","Byrrhoidea","Elmidae","Elminae","Macronychini",,"Zaitzevia","sp.",,"larva",3,,2,40,5,"N","N",,"condition OK","N",,"Brown 1972; Merritt et al. 2019","N","Rhithron Associates, Inc.","J. Webb",,,
"1599eceb-8e16-443e-92b7-aace2a890364","D16","MART","MART.AOS.reach","2022-07-11T17:19Z","2023-08-21","MART.20220711.HESS.6","A00000292713",,"TANSP8","Y","Tanytarsini sp.",,"tribe","Arthropoda","Hexapoda","Insecta","Pterygota","Neoptera","Holometabola","Diptera","Nematocera","Culicomorpha",,"Chironomidae","Chironominae","Tanytarsini",,,"sp.",,"larva",1,,5,30,17,"Y","N","early instar","condition OK","N",,"Weiderholm, 1983; Weiderholm, 1986; Epler 2001; Ferrington et al. 2019; Andersen, Cranston and Epler 2013","N","Rhithron Associates, Inc.","R. Spring",,,
"9e1c20ec-828c-4db7-b61a-e0dc595b3782","D16","MART","MART.AOS.reach","2022-07-11T17:19Z","2023-08-18","MART.20220711.HESS.8","A00000292715",,"BAEPIS1","Y","Baetis piscatoris cx.",,"speciesGroup","Arthropoda","Hexapoda","Insecta","Pterygota","Palaeoptera",,"Ephemeroptera",,,,"Baetidae",,,,"Baetis","piscatoris cx.",,"larva",4,,6,40,15,"N","N",,"condition OK","Y",,"Morihara and McCafferty 1979; Wiersema, 2004; Webb et al. 2018","N","Rhithron Associates, Inc.","J. Webb",,,
"6a8fd16c-084f-4dc6-a7d8-c7035528c06f","D16","MART","MART.AOS.reach","2022-07-11T17:19Z","2023-08-18","MART.20220711.HESS.7","A00000292714",,"PARSP16","Y","Paraperla sp.",,"genus","Arthropoda","Hexapoda","Insecta","Pterygota","Neoptera","Polyneoptera","Plecoptera","Systellognatha",,,"Chloroperlidae","Paraperlinae",,,"Paraperla","sp.",,"larva",2,,1,60,2,"N","N",,"condition OK","Y",,"Stewart and Stark 2002; Merritt et al. 2019","N","Rhithron Associates, Inc.","J. Webb",,,
"c14d5519-38c1-4899-b854-169cf5523c58","D16","MART","MART.AOS.reach","2022-07-11T17:19Z","2023-08-22","MART.20220711.SURBER.1","A00000292708",,"NILSP","Y","Nilotanypus sp.",,"genus","Arthropoda","Hexapoda","Insecta","Pterygota","Neoptera","Holometabola","Diptera","Nematocera","Culicomorpha",,"Chironomidae","Tanypodinae","Pentaneurini",,"Nilotanypus","sp.",,"larva",2,,1,100,1,"N","N",,"condition OK","Y",,"Weiderholm, 1983; Weiderholm, 1986; Epler 2001; Ferrington et al. 2019; Andersen, Cranston and Epler 2013","N","Rhithron Associates, Inc.","A. Fasbender",,,
"37dfbf75-d940-487a-bab5-1ffae6a16aae","D16","MART","MART.AOS.reach","2022-07-11T17:19Z","2023-08-22","MART.20220711.SURBER.4","A00000292711",,"ORTSP1","Y","Orthocladiinae sp.",,"subfamily","Arthropoda","Hexapoda","Insecta","Pterygota","Neoptera","Holometabola","Diptera","Nematocera","Culicomorpha",,"Chironomidae","Orthocladiinae",,,,"sp.",,"larva",1,,4,100,4,"Y","N","early instar","condition OK","N",,"Weiderholm, 1983; Weiderholm, 1986; Epler 2001; Ferrington et al. 2019; Andersen, Cranston and Epler 2013","N","Rhithron Associates, Inc.","A. Fasbender",,,
"5c995619-6fca-4aa5-b38c-2d4b7b45a95a","D16","MART","MART.AOS.reach","2022-07-11T17:19Z","2023-08-21","MART.20220711.SURBER.5","A00000292712",,"TIMHEC","Y","Timpanoga hecuba",,"species","Arthropoda","Hexapoda","Insecta","Pterygota","Palaeoptera",,"Ephemeroptera","Furcatergalia","Pannota","Ephemerelloidea","Ephemerellidae",,,,"Timpanoga","hecuba",,"larva",3,,1,100,1,"N","N",,"condition OK","Y",,"Merritt et al. 2019","N","Rhithron Associates, Inc.","B. Moore",,,
"7c697f77-c4d6-4661-a5cd-f08716696cf1","D16","MART","MART.AOS.reach","2022-07-11T17:19Z","2023-08-22","MART.20220711.SURBER.5","A00000292712",,"BRISP","Y","Brillia sp.",,"genus","Arthropoda","Hexapoda","Insecta","Pterygota","Neoptera","Holometabola","Diptera","Nematocera","Culicomorpha",,"Chironomidae","Orthocladiinae",,,"Brillia","sp.",,"larva",3,,1,100,1,"N","N",,"condition OK","Y",,"Weiderholm, 1983; Weiderholm, 1986; Epler 2001; Ferrington et al. 2019; Andersen, Cranston and Epler 2013","N","Rhithron Associates, Inc.","A. Fasbender",,,
"d01e96e7-3d5e-4073-9d74-6a36f0ebfe96","D16","MART","MART.AOS.reach","2022-07-11T17:19Z","2023-08-18","MART.20220711.HESS.6","A00000292713",,"ANASP11","Y","Anafroptilum sp.",,"genus","Arthropoda",,"Insecta",,,,"Ephemeroptera",,,"Baetoidea","Baetidae",,,,"Anafroptilum","sp.",,"larva",1,,3,30,10,"N","N",,"condition OK","Y",,"Jacobus and Wiersema, 2014","N","Rhithron Associates, Inc.","J. Webb",,,
"6679660b-9cf2-4769-9847-514e3f7eef80","D16","MART","MART.AOS.reach","2022-07-11T17:19Z","2023-08-22","MART.20220711.HESS.8","A00000292715",,"BRISP","Y","Brillia sp.",,"genus","Arthropoda","Hexapoda","Insecta","Pterygota","Neoptera","Holometabola","Diptera","Nematocera","Culicomorpha",,"Chironomidae","Orthocladiinae",,,"Brillia","sp.",,"larva",1,,3,40,8,"N","N",,"condition OK","Y",,"Weiderholm, 1983; Weiderholm, 1986; Epler 2001; Ferrington et al. 2019; Andersen, Cranston and Epler 2013","N","Rhithron Associates, Inc.","A. Fasbender",,,
"909c56ff-22e3-474b-ad5c-f4a750be4f27","D16","MART","MART.AOS.reach","2022-07-11T17:19Z","2023-08-18","MART.20220711.HESS.6","A00000292713",,"CERSP10","Y","Ceratopogoninae sp.",,"subfamily","Arthropoda","Hexapoda","Insecta","Pterygota","Neoptera","Holometabola","Diptera","Nematocera","Culicomorpha",,"Ceratopogonidae","Ceratopogoninae",,,,"sp.",,"larva",7,,1,30,3,"N","N",,"condition OK","Y",,"Merritt et al. 2019","N","Rhithron Associates, Inc.","J. Webb",,,
"fd69235a-b531-4eb6-a124-ffe599abe79b","D16","MART","MART.AOS.reach","2022-07-11T17:19Z","2023-08-18","MART.20220711.HESS.8","A00000292715",,"LEPSP4","Y","Leptophlebiidae sp.",,"family","Arthropoda","Hexapoda","Insecta","Pterygota","Palaeoptera",,"Ephemeroptera","Furcatergalia","Lanceolata",,"Leptophlebiidae",,,,,"sp.",,"larva",6,,1,40,3,"Y","N","early instar","condition OK","Y",,"Merritt et al. 2019","N","Rhithron Associates, Inc.","J. Webb",,,
"eb40aadd-d28c-4f76-9b04-e18bfcea2b19","D16","MART","MART.AOS.reach","2022-07-11T17:19Z","2023-08-18","MART.20220711.SURBER.1","A00000292708",,"WOOSP","Y","Woolastookia sp.",,"genus","Arthropoda","Chelicerata","Arachnida","Acari",,"Acariformes","Trombidiformes","Prostigmata",,"Hygrobatoidea","Aturidae",,,,"Woolastookia","sp.",,"adult",1,,1,100,1,"N","N",,"condition OK","Y",,"Thorp and Rogers 2016","N","Rhithron Associates, Inc.","J. Webb",,,
"663ed3e7-7c27-49fb-a0a1-c62296730ef7","D16","MART","MART.AOS.reach","2022-07-11T17:19Z","2023-08-21","MART.20220711.SURBER.3","A00000292710",,"CINSP1","Y","Cinygmula sp.",,"genus","Arthropoda","Hexapoda","Insecta","Pterygota","Palaeoptera",,"Ephemeroptera","Pisciforma",,"Heptagenioidea","Heptageniidae",,,,"Cinygmula","sp.",,"larva",2,,5,40,13,"N","N",,"condition OK","Y",,"Merritt et al. 2019","Y","Rhithron Associates, Inc.","J. Webb",,,
"3ce88f90-32a1-4369-ab65-f1dbf008cf81","D16","MART","MART.AOS.reach","2022-07-11T17:19Z","2023-08-21","MART.20220711.SURBER.4","A00000292711",,"LEPSP4","Y","Leptophlebiidae sp.",,"family","Arthropoda","Hexapoda","Insecta","Pterygota","Palaeoptera",,"Ephemeroptera","Furcatergalia","Lanceolata",,"Leptophlebiidae",,,,,"sp.",,"larva",6,,1,100,1,"Y","N","early instar","condition OK","Y",,"Merritt et al. 2019","N","Rhithron Associates, Inc.","B. Moore",,,
"424c252b-1609-4a2d-800f-280345fc8100","D16","MART","MART.AOS.reach","2022-07-11T17:19Z","2023-08-22","MART.20220711.HESS.8","A00000292715",,"SYNSP3","Y","Synorthocladius sp.",,"genus","Arthropoda","Hexapoda","Insecta","Pterygota","Neoptera","Holometabola","Diptera","Nematocera","Culicomorpha",,"Chironomidae","Orthocladiinae",,,"Synorthocladius","sp.",,"larva",1,,5,40,13,"N","N",,"condition OK","Y",,"Weiderholm, 1983; Weiderholm, 1986; Epler 2001; Ferrington et al. 2019; Andersen, Cranston and Epler 2013","N","Rhithron Associates, Inc.","A. Fasbender",,,
"33a3f1f5-5bf3-4e97-9d78-d174aaada3b2","D16","MART","MART.AOS.reach","2022-07-11T17:19Z","2023-08-21","MART.20220711.HESS.7","A00000292714",,"PARSP26","Y","Parametriocnemus sp.",,"genus","Arthropoda","Hexapoda","Insecta","Pterygota","Neoptera","Holometabola","Diptera","Nematocera","Culicomorpha",,"Chironomidae","Orthocladiinae",,,"Parametriocnemus","sp.",,"larva",2,,1,60,2,"N","N",,"condition OK","Y",,"Weiderholm, 1983; Weiderholm, 1986; Epler 2001; Ferrington et al. 2019; Andersen, Cranston and Epler 2013","N","Rhithron Associates, Inc.","R. Spring",,,
"da6fe95c-a120-4e79-a1e2-c5aa63aedf8f","D16","MART","MART.AOS.reach","2022-07-11T17:19Z","2023-08-21","MART.20220711.SURBER.4","A00000292711",,"RHYBET","Y","Rhyacophila betteni gr.",,"speciesGroup","Arthropoda","Hexapoda","Insecta","Pterygota","Neoptera","Holometabola","Trichoptera",,,"Rhyacophiloidea","Rhyacophilidae",,,,"Rhyacophila","betteni gr.",,"larva",8,,1,100,1,"N","N",,"condition OK","Y",,"Prather and Morris 2001; Morse et al. 2017; Giersch et al. 2012","N","Rhithron Associates, Inc.","B. Moore",,,
"1e21633e-8811-4a83-adab-47945ae05216","D16","MART","MART.AOS.reach","2022-07-11T17:19Z","2023-08-22","MART.20220711.SURBER.2","A00000292709",,"CRISP6","Y","Cricotopus/Orthocladius sp.",,"speciesGroup","Arthropoda","Hexapoda","Insecta","Pterygota","Neoptera","Holometabola","Diptera","Nematocera","Culicomorpha",,"Chironomidae","Orthocladiinae",,,"Cricotopus/Orthocladius","sp.",,"larva",1,,2,43,5,"Y","N","early instar","condition OK","N",,"Weiderholm, 1983; Weiderholm, 1986; Epler 2001; Ferrington et al. 2008; Andersen, Cranston and Epler 2013","N","Rhithron Associates, Inc.","A. Fasbender",,,
"bec02784-2cef-4a88-8f93-92325c1f20d2","D16","MART","MART.AOS.reach","2022-07-11T17:19Z","2023-08-18","MART.20220711.HESS.7","A00000292714",,"LJASP","Y","Ljania sp.",,"genus","Arthropoda","Chelicerata","Arachnida","Acari",,"Acariformes","Trombidiformes","Prostigmata",,"Hygrobatoidea","Aturidae",,,,"Ljania","sp.",,"adult",1,,4,60,7,"N","N",,"condition OK","Y",,"Thorp and Rogers 2016","N","Rhithron Associates, Inc.","J. Webb",,,
"ff2cb83b-89a8-4bd3-b75a-a72c764b83e1","D16","MART","MART.AOS.reach","2022-07-11T17:19Z","2023-08-22","MART.20220711.SURBER.4","A00000292711",,"TANSP8","Y","Tanytarsini sp.",,"tribe","Arthropoda","Hexapoda","Insecta","Pterygota","Neoptera","Holometabola","Diptera","Nematocera","Culicomorpha",,"Chironomidae","Chironominae","Tanytarsini",,,"sp.",,"larva",1,,3,100,3,"Y","N","early instar","condition OK","Y",,"Weiderholm, 1983; Weiderholm, 1986; Epler 2001; Ferrington et al. 2019; Andersen, Cranston and Epler 2013","N","Rhithron Associates, Inc.","A. Fasbender",,,
"eb2f1a04-2297-4dd7-b798-4095e95fdafb","D16","MART","MART.AOS.reach","2022-07-11T17:19Z","2023-08-18","MART.20220711.SURBER.1","A00000292708",,"POLSP17","Y","Polycelis sp.",,"genus","Platyhelminthes","Rhabditophora","Trepaxonemata",,,,"Neoophora",,,,"Planariidae",,,,"Polycelis","sp.",,"unknown",3,,1,100,1,"N","N",,"condition OK","Y",,"Thorp and Rogers 2016","N","Rhithron Associates, Inc.","J. Webb",,,
"650608ea-420b-4548-a1cd-990cd08242de","D16","MART","MART.AOS.reach","2022-07-11T17:19Z","2023-08-22","MART.20220711.SURBER.1","A00000292708",,"THIGRO","Y","Thienemannimyia gr.",,"speciesGroup","Arthropoda","Hexapoda","Insecta","Pterygota","Neoptera","Holometabola","Diptera","Nematocera","Culicomorpha",,"Chironomidae","Tanypodinae","Pentaneurini",,"Thienemannimyia","gr.",,"larva",4,,1,100,1,"Y","N","early instar","condition OK","Y",,"Weiderholm, 1983; Weiderholm, 1986; Epler 2001; Ferrington et al. 2008; Andersen, Cranston and Epler 2017","N","Rhithron Associates, Inc.","A. Fasbender",,,
"1dea26a4-296b-4c26-8a48-2813c18d1cc1","D16","MART","MART.AOS.reach","2022-07-11T17:19Z","2023-08-21","MART.20220711.SURBER.4","A00000292711",,"TIPSP5","Y","Tipuloidea sp.",,"superfamily","Arthropoda","Hexapoda","Insecta","Pterygota","Neoptera","Holometabola","Diptera","Nematocera","Tipulomorpha",,,,,,,"sp.",,"pupa",5,,1,100,1,"N","N","damaged","damaged, affecting taxonomy and measurement","Y",,"Merritt et al. 2019","N","Rhithron Associates, Inc.","B. Moore",,,
"b97171ea-9756-4c03-bd9d-44c067b79a59","D16","MART","MART.AOS.reach","2022-07-11T17:19Z","2023-08-18","MART.20220711.HESS.7","A00000292714",,"HETCOR","Y","Heterlimnius corpulentus",,"species","Arthropoda","Hexapoda","Insecta","Pterygota","Neoptera","Holometabola","Coleoptera","Polyphaga","Elateriformia","Byrrhoidea","Elmidae","Elminae","Elmini",,"Heterlimnius","corpulentus",,"larva",3,,5,60,8,"N","N",,"condition OK","N",,"Brown 1972; Merritt et al. 2019; Kamite, 2009","N","Rhithron Associates, Inc.","J. Webb",,,
"52190131-ac6f-413f-87c1-4abcdd4bf468","D16","MART","MART.AOS.reach","2022-07-11T17:19Z","2023-08-22","MART.20220711.SURBER.1","A00000292708",,"EUKGRA","Y","Eukiefferiella gracei gr.",,"speciesGroup","Arthropoda","Hexapoda","Insecta","Pterygota","Neoptera","Holometabola","Diptera","Nematocera","Culicomorpha",,"Chironomidae","Orthocladiinae",,,"Eukiefferiella","gracei gr.",,"larva",3,,4,100,4,"N","N",,"condition OK","Y",,"Weiderholm, 1983; Bode, 1983; Weiderholm, 1986; Epler 2001; Ferrington et al. 2019; Andersen, Cranston and Epler 2013","N","Rhithron Associates, Inc.","A. Fasbender",,,
"277fb71f-620d-4488-9145-a0c889a1c5bd","D16","MART","MART.AOS.reach","2022-07-11T17:19Z","2023-08-18","MART.20220711.SURBER.2","A00000292709",,"DRUDOD","Y","Drunella doddsii",,"species","Arthropoda","Hexapoda","Insecta","Pterygota","Palaeoptera",,"Ephemeroptera","Furcatergalia","Pannota","Ephemerelloidea","Ephemerellidae",,,,"Drunella","doddsii",,"larva",2,,4,43,9,"N","N",,"condition OK","Y",,"Allen and Edmunds 1962","N","Rhithron Associates, Inc.","J. Webb",,,
"43988c42-2aab-4fee-a165-cf0d13d54679","D16","MART","MART.AOS.reach","2022-07-11T17:19Z","2023-08-21","MART.20220711.SURBER.5","A00000292712",,"LEPSP4","Y","Leptophlebiidae sp.",,"family","Arthropoda","Hexapoda","Insecta","Pterygota","Palaeoptera",,"Ephemeroptera","Furcatergalia","Lanceolata",,"Leptophlebiidae",,,,,"sp.",,"larva",5,,9,100,9,"N","N","damaged","damaged, affecting taxonomy and measurement","Y",,"Merritt et al. 2019","N","Rhithron Associates, Inc.","B. Moore",,,
"53064d70-d277-4039-b4f8-734693ac5090","D16","MART","MART.AOS.reach","2022-07-11T17:19Z","2023-08-22","MART.20220711.SURBER.4","A00000292711",,"SYNSP3","Y","Synorthocladius sp.",,"genus","Arthropoda","Hexapoda","Insecta","Pterygota","Neoptera","Holometabola","Diptera","Nematocera","Culicomorpha",,"Chironomidae","Orthocladiinae",,,"Synorthocladius","sp.",,"larva",1,,1,100,1,"N","N",,"condition OK","Y",,"Weiderholm, 1983; Weiderholm, 1986; Epler 2001; Ferrington et al. 2019; Andersen, Cranston and Epler 2013","N","Rhithron Associates, Inc.","A. Fasbender",,,
"6fca9ae9-6d70-4741-93db-078f66f3f47f","D16","MART","MART.AOS.reach","2022-07-11T17:19Z","2023-08-18","MART.20220711.HESS.6","A00000292713",,"TRUSP","Y","Truncatelloidea sp.",,"superfamily","Mollusca",,"Gastropoda",,,,"Littorinimorpha",,,"Truncatelloidea",,,,,,"sp.",,"immature",1,,1,30,3,"Y","N",,"condition OK","Y",,"Criscione and Ponder 2013; Hersler 2017","N","Rhithron Associates, Inc.","J. Webb",,,
"fb742239-b23d-49e4-8e8e-b05c7eec8eed","D16","MART","MART.AOS.reach","2022-07-11T17:19Z","2023-08-18","MART.20220711.HESS.7","A00000292714",,"HEPSP","Y","Heptageniidae sp.",,"family","Arthropoda","Hexapoda","Insecta","Pterygota","Palaeoptera",,"Ephemeroptera","Pisciforma",,"Heptagenioidea","Heptageniidae",,,,,"sp.",,"larva",1,,22,60,37,"Y","N","early instar","condition OK","N",,"Merritt et al. 2019","N","Rhithron Associates, Inc.","J. Webb","likely all Afghanurus",,
"821c7131-b52e-4e6f-9cb6-40f429e7fc2f","D16","MART","MART.AOS.reach","2022-07-11T17:19Z","2023-08-21","MART.20220711.SURBER.4","A00000292711",,"DRUDOD","Y","Drunella doddsii",,"species","Arthropoda","Hexapoda","Insecta","Pterygota","Palaeoptera",,"Ephemeroptera","Furcatergalia","Pannota","Ephemerelloidea","Ephemerellidae",,,,"Drunella","doddsii",,"larva",2,,9,100,9,"N","N",,"condition OK","Y",,"Allen and Edmunds 1962","N","Rhithron Associates, Inc.","B. Moore",,,
"115a7235-150f-4ad2-8092-0fb02a4d99ac","D16","MART","MART.AOS.reach","2022-07-11T17:19Z","2023-08-18","MART.20220711.HESS.7","A00000292714",,"WOOSP","Y","Woolastookia sp.",,"genus","Arthropoda","Chelicerata","Arachnida","Acari",,"Acariformes","Trombidiformes","Prostigmata",,"Hygrobatoidea","Aturidae",,,,"Woolastookia","sp.",,"adult",1,,5,60,8,"N","N",,"condition OK","Y",,"Thorp and Rogers 2016","N","Rhithron Associates, Inc.","J. Webb",,,
"e281686a-dbc6-4351-a1a3-0eb05b709d0f","D16","MART","MART.AOS.reach","2022-07-11T17:19Z","2023-08-18","MART.20220711.HESS.7","A00000292714",,"ORISP1","Y","Oribatida sp.",,"suborder","Arthropoda","Chelicerata","Arachnida","Acari",,"Acariformes","Sarcoptiformes","Oribatida",,,,,,,,"sp.",,"adult",1,,1,60,2,"N","N",,"condition OK","Y",,"Thorp and Rogers 2016","N","Rhithron Associates, Inc.","J. Webb",,,
"25091095-ba44-4827-a424-8a6b27e3f75d","D16","MART","MART.AOS.reach","2022-07-11T17:19Z","2023-08-18","MART.20220711.SURBER.2","A00000292709",,"EPEALB2","Y","Epeorus albertae gr.",,"speciesGroup","Arthropoda","Hexapoda","Insecta","Pterygota","Palaeoptera",,"Ephemeroptera","Pisciforma",,"Heptagenioidea","Heptageniidae",,,,"Epeorus","albertae gr.",,"larva",5,,1,43,2,"N","N",,"condition OK","Y",,"Traver, 1935","N","Rhithron Associates, Inc.","J. Webb",,,
"62aead4e-94c7-4a10-a426-ba35f4d9999e","D16","MART","MART.AOS.reach","2022-07-11T17:19Z","2023-08-22","MART.20220711.HESS.8","A00000292715",,"BRISP","Y","Brillia sp.",,"genus","Arthropoda","Hexapoda","Insecta","Pterygota","Neoptera","Holometabola","Diptera","Nematocera","Culicomorpha",,"Chironomidae","Orthocladiinae",,,"Brillia","sp.",,"larva",2,,3,40,8,"N","N",,"condition OK","Y",,"Weiderholm, 1983; Weiderholm, 1986; Epler 2001; Ferrington et al. 2019; Andersen, Cranston and Epler 2013","N","Rhithron Associates, Inc.","A. Fasbender",,,
"30078e24-f6c8-4ce2-873d-975000a44273","D16","MART","MART.AOS.reach","2022-07-11T17:19Z","2023-08-21","MART.20220711.SURBER.5","A00000292712",,"MICSP3","Y","Micrasema sp.",,"genus","Arthropoda","Hexapoda","Insecta","Pterygota","Neoptera","Holometabola","Trichoptera",,,"Limnephiloidea","Brachycentridae",,,,"Micrasema","sp.",,"larva",1,,8,100,8,"N","N",,"condition OK","Y",,"Wiggins 1996; Merritt et al. 2019","N","Rhithron Associates, Inc.","B. Moore",,,
"a72d9e76-40d4-4095-be87-24fbee149796","D16","MART","MART.AOS.reach","2022-07-11T17:19Z","2023-08-18","MART.20220711.HESS.7","A00000292714",,"DICSP6","Y","Dicranota sp.",,"genus","Arthropoda","Hexapoda","Insecta","Pterygota","Neoptera","Holometabola","Diptera","Nematocera","Tipulomorpha",,"Tipulidae","Limoniinae","Pediciini",,"Dicranota","sp.",,"larva",6,,1,60,2,"N","N",,"condition OK","Y",,"Gelhaus and Podeniene 2018; Merritt et al. 2019","N","Rhithron Associates, Inc.","J. Webb",,,
"cbf04449-f120-4049-abf9-91d6edff89f8","D16","MART","MART.AOS.reach","2022-07-11T17:19Z","2023-08-21","MART.20220711.SURBER.5","A00000292712",,"POLSP5","Y","Polycentropodidae sp.",,"family","Arthropoda","Hexapoda","Insecta","Pterygota","Neoptera","Holometabola","Trichoptera",,,"Hydropsychoidea","Polycentropodidae",,,,,"sp.",,"larva",10,,1,100,1,"Y","N","early instar","condition OK","Y",,"Flint 1994; Wiggins 1996; Merritt et al. 2019; Chamorro and Holzenthal 2011","N","Rhithron Associates, Inc.","B. Moore","/// type",,
"5c414feb-521f-4cde-83f4-f584877d2a4c","D16","MART","MART.AOS.reach","2022-07-11T17:19Z","2023-08-18","MART.20220711.HESS.7","A00000292714",,"POLSP5","Y","Polycentropodidae sp.",,"family","Arthropoda","Hexapoda","Insecta","Pterygota","Neoptera","Holometabola","Trichoptera",,,"Hydropsychoidea","Polycentropodidae",,,,,"sp.",,"larva",5,,1,60,2,"Y","N","early instar","condition OK","Y",,"Flint 1994; Wiggins 1996; Merritt et al. 2019; Chamorro and Holzenthal 2011","N","Rhithron Associates, Inc.","J. Webb","Polycentropus s.l.",,
"806ae557-5a14-4147-8760-1f2e9cb11787","D16","MART","MART.AOS.reach","2022-07-11T17:19Z","2023-08-21","MART.20220711.SURBER.4","A00000292711",,"PLUSP2","Y","Plumiperla sp.",,"genus","Arthropoda","Hexapoda","Insecta","Pterygota","Neoptera","Polyneoptera","Plecoptera","Systellognatha",,,"Chloroperlidae","Chloroperlinae",,,"Plumiperla","sp.",,"larva",5,,1,100,1,"N","N",,"condition OK","Y",,"Stewart and Stark, 2002","N","Rhithron Associates, Inc.","B. Moore",,,
"42caad21-93f6-43a4-9cfb-ea6d1634a69a","D16","MART","MART.AOS.reach","2022-07-11T17:19Z","2023-08-18","MART.20220711.HESS.6","A00000292713",,"POLSP5","Y","Polycentropodidae sp.",,"family","Arthropoda","Hexapoda","Insecta","Pterygota","Neoptera","Holometabola","Trichoptera",,,"Hydropsychoidea","Polycentropodidae",,,,,"sp.",,"larva",14,,1,30,3,"Y","N","early instar","condition OK","Y",,"Flint 1994; Wiggins 1996; Merritt et al. 2019; Chamorro and Holzenthal 2011","N","Rhithron Associates, Inc.","J. Webb","Polycentropus s.l.",,
"1c3a6f17-8548-412b-8bc3-6e6d30337e74","D16","MART","MART.AOS.reach","2022-07-11T17:19Z","2023-08-21","MART.20220711.SURBER.4","A00000292711",,"POLSP5","Y","Polycentropodidae sp.",,"family","Arthropoda","Hexapoda","Insecta","Pterygota","Neoptera","Holometabola","Trichoptera",,,"Hydropsychoidea","Polycentropodidae",,,,,"sp.",,"larva",5,,1,100,1,"Y","N","early instar","condition OK","Y",,"Flint 1994; Wiggins 1996; Merritt et al. 2019; Chamorro and Holzenthal 2011","N","Rhithron Associates, Inc.","B. Moore","/// type",,
"ec115cc2-a2ad-443d-b872-d74801d425a1","D16","MART","MART.AOS.reach","2022-07-11T17:19Z","2023-08-22","MART.20220711.SURBER.5","A00000292712",,"MICSP6","Y","Micropsectra sp.",,"genus","Arthropoda","Hexapoda","Insecta","Pterygota","Neoptera","Holometabola","Diptera","Nematocera","Culicomorpha",,"Chironomidae","Chironominae","Tanytarsini",,"Micropsectra","sp.",,"larva",2,,1,100,1,"N","N",,"condition OK","Y",,"Weiderholm, 1983; Weiderholm, 1986; Epler 2001; Ferrington et al. 2019; Andersen, Cranston and Epler 2013","N","Rhithron Associates, Inc.","A. Fasbender",,,
"18953fb0-d589-46a3-93cb-63ec7ac87f21","D16","MART","MART.AOS.reach","2022-07-11T17:19Z","2023-08-18","MART.20220711.HESS.6","A00000292713",,"ACASP1","Y","Acari sp.",,"subclass","Arthropoda","Chelicerata","Arachnida","Acari",,,,,,,,,,,,"sp.",,"larva",1,,1,30,3,"N","N",,"condition OK","N",,"Thorp and Rogers 2016","N","Rhithron Associates, Inc.","J. Webb",,,
"e9b1f8a6-747f-4392-a8ee-894f50f4ea41","D16","MART","MART.AOS.reach","2022-07-11T17:19Z","2023-08-21","MART.20220711.SURBER.4","A00000292711",,"HETCOR","Y","Heterlimnius corpulentus",,"species","Arthropoda","Hexapoda","Insecta","Pterygota","Neoptera","Holometabola","Coleoptera","Polyphaga","Elateriformia","Byrrhoidea","Elmidae","Elminae","Elmini",,"Heterlimnius","corpulentus",,"adult",2,,1,100,1,"N","N",,"condition OK","Y",,"Brown 1972; Merritt et al. 2019; Kamite, 2009","N","Rhithron Associates, Inc.","B. Moore",,,
"8ed3849f-b45b-48ef-9aaf-d1281bf5a6f3","D16","MART","MART.AOS.reach","2022-07-11T17:19Z","2023-08-18","MART.20220711.SURBER.1","A00000292708",,"BAESP2","Y","Baetis sp.",,"genus","Arthropoda","Hexapoda","Insecta","Pterygota","Palaeoptera",,"Ephemeroptera","Pisciforma",,,"Baetidae",,,,"Baetis","sp.",,"larva",2,,31,100,31,"N","N","damaged","damaged, affecting taxonomy and measurement","N",,"Merritt et al. 2019","N","Rhithron Associates, Inc.","J. Webb","mostly heads",,
"755b4bfa-5031-4cbd-b44d-e39085392ff0","D16","MART","MART.AOS.reach","2022-07-11T17:19Z","2023-08-21","MART.20220711.SURBER.4","A00000292711",,"LJASP","Y","Ljania sp.",,"genus","Arthropoda","Chelicerata","Arachnida","Acari",,"Acariformes","Trombidiformes","Prostigmata",,"Hygrobatoidea","Aturidae",,,,"Ljania","sp.",,"adult",1,,2,100,2,"N","N",,"condition OK","Y",,"Thorp and Rogers 2016","N","Rhithron Associates, Inc.","B. Moore",,,
"342d2f75-fadf-4c14-9823-25b6388d3eea","D16","MART","MART.AOS.reach","2022-07-11T17:19Z","2023-08-22","MART.20220711.HESS.8","A00000292715",,"THISP2","Y","Thienemanniella sp.",,"genus","Arthropoda","Hexapoda","Insecta","Pterygota","Neoptera","Holometabola","Diptera","Nematocera","Culicomorpha",,"Chironomidae","Orthocladiinae",,,"Thienemanniella","sp.",,"larva",1,,2,40,5,"N","N",,"condition OK","Y",,"Weiderholm, 1983; Weiderholm, 1986; Epler 2001; Ferrington et al. 2019; Andersen, Cranston and Epler 2013","N","Rhithron Associates, Inc.","A. Fasbender",,,
"db680376-90d9-4bf3-9a71-525abbbe6208","D16","MART","MART.AOS.reach","2022-07-11T17:19Z","2023-08-21","MART.20220711.HESS.7","A00000292714",,"THIGRO","Y","Thienemannimyia gr.",,"speciesGroup","Arthropoda","Hexapoda","Insecta","Pterygota","Neoptera","Holometabola","Diptera","Nematocera","Culicomorpha",,"Chironomidae","Tanypodinae","Pentaneurini",,"Thienemannimyia","gr.",,"larva",5,,1,60,2,"Y","N","early instar","condition OK","Y",,"Weiderholm, 1983; Weiderholm, 1986; Epler 2001; Ferrington et al. 2008; Andersen, Cranston and Epler 2017","N","Rhithron Associates, Inc.","R. Spring",,,
"315bf49c-743c-4047-be3e-774d31611951","D16","MART","MART.AOS.reach","2022-07-11T17:19Z","2023-08-22","MART.20220711.SURBER.1","A00000292708",,"EUKCLA","Y","Eukiefferiella claripennis gr.",,"speciesGroup","Arthropoda","Hexapoda","Insecta","Pterygota","Neoptera","Holometabola","Diptera","Nematocera","Culicomorpha",,"Chironomidae","Orthocladiinae",,,"Eukiefferiella","claripennis gr.",,"larva",3,,1,100,1,"N","N",,"condition OK","Y",,"Weiderholm, 1983; Bode, 1983; Weiderholm, 1986; Epler 2001; Ferrington et al. 2019; Andersen, Cranston and Epler 2013","N","Rhithron Associates, Inc.","A. Fasbender",,,
"7feba1dc-6807-42f6-b4aa-50c21bcae91e","D16","MART","MART.AOS.reach","2022-07-11T17:19Z","2023-08-18","MART.20220711.HESS.7","A00000292714",,"LEPSP4","Y","Leptophlebiidae sp.",,"family","Arthropoda","Hexapoda","Insecta","Pterygota","Palaeoptera",,"Ephemeroptera","Furcatergalia","Lanceolata",,"Leptophlebiidae",,,,,"sp.",,"larva",5,,3,60,5,"N","N","damaged","damaged, affecting taxonomy and measurement","Y",,"Merritt et al. 2019","N","Rhithron Associates, Inc.","J. Webb",,,
"189e1338-c7d7-4659-91f6-27b886d533c0","D16","MART","MART.AOS.reach","2022-07-11T17:19Z","2023-08-18","MART.20220711.SURBER.1","A00000292708",,"ATRSP3","Y","Atractides sp.",,"genus","Arthropoda","Chelicerata","Arachnida","Acari",,"Acariformes","Trombidiformes","Prostigmata",,"Hygrobatoidea","Hygrobatidae",,,,"Atractides","sp.",,"adult",1,,1,100,1,"N","N",,"condition OK","Y",,"Thorp and Rogers 2016","N","Rhithron Associates, Inc.","J. Webb",,,
"3cce80f9-4227-4eaf-a6d4-ebf38d47c091","D16","MART","MART.AOS.reach","2022-07-11T17:19Z","2023-08-18","MART.20220711.SURBER.1","A00000292708",,"SPESP4","Y","Sperchon sp.",,"genus","Arthropoda","Chelicerata","Arachnida","Acari",,"Acariformes","Trombidiformes","Prostigmata",,"Lebertioidea","Sperchontidae",,,,"Sperchon","sp.",,"adult",1,,5,100,5,"N","N",,"condition OK","Y",,"Thorp and Rogers 2016","N","Rhithron Associates, Inc.","J. Webb",,,
"674c91f8-50db-4fad-94d3-984183d4952c","D16","MART","MART.AOS.reach","2022-07-11T17:19Z","2023-08-21","MART.20220711.SURBER.4","A00000292711",,"CINSP1","Y","Cinygmula sp.",,"genus","Arthropoda","Hexapoda","Insecta","Pterygota","Palaeoptera",,"Ephemeroptera","Pisciforma",,"Heptagenioidea","Heptageniidae",,,,"Cinygmula","sp.",,"larva",5,,12,100,12,"N","N",,"condition OK","Y",,"Merritt et al. 2019","N","Rhithron Associates, Inc.","B. Moore",,,
"2e786917-f118-4a9a-ad79-db39f3f0db8d","D16","MART","MART.AOS.reach","2022-07-11T17:19Z","2023-08-21","MART.20220711.SURBER.5","A00000292712",,"POLSP5","Y","Polycentropodidae sp.",,"family","Arthropoda","Hexapoda","Insecta","Pterygota","Neoptera","Holometabola","Trichoptera",,,"Hydropsychoidea","Polycentropodidae",,,,,"sp.",,"larva",3,,1,100,1,"Y","N","early instar","condition OK","Y",,"Flint 1994; Wiggins 1996; Merritt et al. 2019; Chamorro and Holzenthal 2011","N","Rhithron Associates, Inc.","B. Moore","/// type",,
"6608d7df-0495-4ced-b1b1-c9aa268d0049","D16","MART","MART.AOS.reach","2022-07-11T17:19Z","2023-08-21","MART.20220711.SURBER.5","A00000292712",,"LEPSP20","Y","Lepidostoma sp.",,"genus","Arthropoda","Hexapoda","Insecta","Pterygota","Neoptera","Holometabola","Trichoptera",,,"Limnephiloidea","Lepidostomatidae","Lepidostomatinae",,,"Lepidostoma","sp.",,"larva",3,,1,100,1,"N","N",,"condition OK","Y",,"Wiggins 1996; Merritt et al. 2019","N","Rhithron Associates, Inc.","B. Moore",,,
"c0947627-0cb9-4d01-b1a7-1eb363bc2d1c","D16","MART","MART.AOS.reach","2022-07-11T17:19Z","2023-08-18","MART.20220711.SURBER.1","A00000292708",,"BAESP2","Y","Baetis sp.",,"genus","Arthropoda","Hexapoda","Insecta","Pterygota","Palaeoptera",,"Ephemeroptera","Pisciforma",,,"Baetidae",,,,"Baetis","sp.",,"larva",4,,4,100,4,"N","N","damaged","damaged, affecting taxonomy and measurement","N",,"Merritt et al. 2019","N","Rhithron Associates, Inc.","J. Webb","mostly heads",,
"cb30cb4b-acb3-429d-8f85-e587111ac3c5","D16","MART","MART.AOS.reach","2022-07-11T17:19Z","2023-08-21","MART.20220711.HESS.6","A00000292713",,"TANSP11","Y","Tanytarsus sp.",,"genus","Arthropoda","Hexapoda","Insecta","Pterygota","Neoptera","Holometabola","Diptera","Nematocera","Culicomorpha",,"Chironomidae","Chironominae","Tanytarsini",,"Tanytarsus","sp.",,"larva",3,,5,30,17,"N","N",,"condition OK","Y",,"Weiderholm, 1983; Weiderholm, 1986; Epler 2001; Ferrington et al. 2019; Andersen, Cranston and Epler 2013","N","Rhithron Associates, Inc.","R. Spring",,,
"e3622669-4f02-43b4-b7e2-718514d4a504","D16","MART","MART.AOS.reach","2022-07-11T17:19Z","2023-08-18","MART.20220711.HESS.8","A00000292715",,"LEPSP4","Y","Leptophlebiidae sp.",,"family","Arthropoda","Hexapoda","Insecta","Pterygota","Palaeoptera",,"Ephemeroptera","Furcatergalia","Lanceolata",,"Leptophlebiidae",,,,,"sp.",,"larva",5,,3,40,8,"Y","N","early instar","condition OK","Y",,"Merritt et al. 2019","N","Rhithron Associates, Inc.","J. Webb",,,
"b4403627-1cb8-456c-80c7-087c046b4a31","D16","MART","MART.AOS.reach","2022-07-11T17:19Z","2023-08-18","MART.20220711.HESS.8","A00000292715",,"PRIHEM","Y","Pristinicola hemphilli",,"species","Mollusca",,"Gastropoda",,,,"Neotaenioglossa",,,,"Hydrobiidae",,,,"Pristinicola","hemphilli",,"unknown",2,,2,40,5,"N","N",,"condition OK","Y",,"Thorp and Covich 2016","N","Rhithron Associates, Inc.","J. Webb",,,
"584b8757-026b-44cc-8c0c-dae7b9882785","D16","MART","MART.AOS.reach","2022-07-11T17:19Z","2023-08-23","MART.20220711.SURBER.3","A00000292710","BA22NEOMST36006O1","ENCSP1","Y","Enchytraeidae sp.",,"family","Annelida","Clitellata","Oligochaeta","Oligochaeta",,,"Enchytraeida",,,,"Enchytraeidae",,,,,"sp.",,"unknown",4,,7,40,18,"N","N",,"condition OK","Y",,"Kathman and Brinkhurst, 1999","Y","Rhithron Associates, Inc.","J. Webb",,,
"36580e33-1057-4bc0-b356-902214cad16d","D16","MART","MART.AOS.reach","2022-07-11T17:19Z","2023-08-22","MART.20220711.SURBER.5","A00000292712",,"CRISP2","Y","Cricotopus sp.",,"genus","Arthropoda","Hexapoda","Insecta","Pterygota","Neoptera","Holometabola","Diptera","Nematocera","Culicomorpha",,"Chironomidae","Orthocladiinae",,,"Cricotopus","sp.",,"larva",6,,1,100,1,"N","N",,"condition OK","Y",,"Weiderholm, 1983; Weiderholm, 1986; Epler 2001; Ferrington et al. 2019; Andersen, Cranston and Epler 2013","N","Rhithron Associates, Inc.","A. Fasbender",,,
"fccc6a88-8579-40ee-bf0d-fbc521bc452c","D16","MART","MART.AOS.reach","2022-07-11T17:19Z","2023-08-21","MART.20220711.SURBER.3","A00000292710",,"EPHTIB","Y","Ephemerella tibialis",,"species","Arthropoda","Hexapoda","Insecta","Pterygota","Palaeoptera",,"Ephemeroptera","Furcatergalia","Pannota","Ephemerelloidea","Ephemerellidae",,,,"Ephemerella","tibialis",,"larva",7,,1,40,3,"N","N",,"condition OK","Y",,"Allen and Edmunds 1965","Y","Rhithron Associates, Inc.","J. Webb",,,
"292f3134-c8fa-4f01-84dd-95a855050815","D16","MART","MART.AOS.reach","2022-07-11T17:19Z","2023-08-18","MART.20220711.HESS.6","A00000292713",,"BAESP2","Y","Baetis sp.",,"genus","Arthropoda","Hexapoda","Insecta","Pterygota","Palaeoptera",,"Ephemeroptera","Pisciforma",,,"Baetidae",,,,"Baetis","sp.",,"larva",2,,1,30,3,"N","N","damaged","damaged, affecting taxonomy and measurement","Y",,"Merritt et al. 2019","N","Rhithron Associates, Inc.","J. Webb",,,
"5966095e-039e-4676-8550-6972b7b14367","D16","MART","MART.AOS.reach","2022-07-11T17:19Z","2023-08-22","MART.20220711.SURBER.2","A00000292709",,"BRISP","Y","Brillia sp.",,"genus","Arthropoda","Hexapoda","Insecta","Pterygota","Neoptera","Holometabola","Diptera","Nematocera","Culicomorpha",,"Chironomidae","Orthocladiinae",,,"Brillia","sp.",,"larva",2,,1,43,2,"N","N",,"condition OK","Y",,"Weiderholm, 1983; Weiderholm, 1986; Epler 2001; Ferrington et al. 2019; Andersen, Cranston and Epler 2013","N","Rhithron Associates, Inc.","A. Fasbender",,,
"c7d4c29c-1560-429d-afd4-67783d08739f","D16","MART","MART.AOS.reach","2022-07-11T17:19Z","2023-08-22","MART.20220711.SURBER.2","A00000292709",,"ORTSP3","Y","Orthocladius sp.",,"genus","Arthropoda","Hexapoda","Insecta","Pterygota","Neoptera","Holometabola","Diptera","Nematocera","Culicomorpha",,"Chironomidae","Orthocladiinae",,,"Orthocladius","sp.",,"larva",1,,1,43,2,"N","N",,"condition OK","Y",,"Weiderholm, 1983; Weiderholm, 1986; Epler 2001; Ferrington et al. 2019; Andersen, Cranston and Epler 2013","N","Rhithron Associates, Inc.","A. Fasbender",,,
"8216e80d-f273-4b53-ab98-1829b3ecaaa1","D16","MART","MART.AOS.reach","2022-07-11T17:19Z","2023-08-21","MART.20220711.SURBER.5","A00000292712",,"CALCAL","Y","Calineuria californica",,"species","Arthropoda","Hexapoda","Insecta","Pterygota","Neoptera","Polyneoptera","Plecoptera","Systellognatha",,,"Perlidae","Acroneuriinae","Acroneuriini",,"Calineuria","californica",,"larva",4,,2,100,2,"N","N",,"condition OK","Y",,"Stewart and Stark 2002; Merritt et al. 2019","N","Rhithron Associates, Inc.","B. Moore",,,
"4055bd52-a74f-4ebe-98e0-9321dfa32373","D16","MART","MART.AOS.reach","2022-07-11T17:19Z","2023-08-18","MART.20220711.SURBER.2","A00000292709",,"SIMSP1","Y","Simulium sp.",,"genus","Arthropoda","Hexapoda","Insecta","Pterygota","Neoptera","Holometabola","Diptera","Nematocera","Culicomorpha",,"Simuliidae","Simuliinae","Simuliini",,"Simulium","sp.",,"larva",3,,1,43,2,"N","N",,"condition OK","Y",,"Adler et al. 2004; Merritt et al. 2019","N","Rhithron Associates, Inc.","J. Webb",,,
"345d10c5-03ba-4f73-8700-d947d80bc6cf","D16","MART","MART.AOS.reach","2022-07-11T17:19Z","2023-08-18","MART.20220711.HESS.6","A00000292713",,"MONSP19","Y","Monatractides sp.",,"genus","Arthropoda","Chelicerata","Arachnida","Acari",,"Acariformes","Trombidiformes","Prostigmata",,"Lebertioidea","Torrenticolidae",,,,"Monatractides","sp.",,"adult",1,,2,30,7,"N","N",,"condition OK","Y",,"Thorp and Rogers 2016","N","Rhithron Associates, Inc.","J. Webb",,,
"74bfd4ca-537a-4d29-b615-7542ed8216d3","D16","MART","MART.AOS.reach","2022-07-11T17:19Z","2023-08-22","MART.20220711.SURBER.4","A00000292711",,"EUKSP","Y","Eukiefferiella sp.",,"genus","Arthropoda","Hexapoda","Insecta","Pterygota","Neoptera","Holometabola","Diptera","Nematocera","Culicomorpha",,"Chironomidae","Orthocladiinae",,,"Eukiefferiella","sp.",,"larva",1,,1,100,1,"Y","N","early instar","condition OK","Y",,"Weiderholm, 1983; Bode, 1983; Weiderholm, 1986; Epler 2001; Ferrington et al. 2019; Andersen, Cranston and Epler 2013","N","Rhithron Associates, Inc.","A. Fasbender",,,
"8789b90b-3c6c-4d14-b0de-0c014d4b9cee","D16","MART","MART.AOS.reach","2022-07-11T17:19Z","2023-08-22","MART.20220711.SURBER.1","A00000292708",,"EUKTIR","Y","Eukiefferiella tirolensis",,"species","Arthropoda","Hexapoda","Insecta",,,,"Diptera","Nematocera",,,"Chironomidae","Orthocladiinae",,,"Eukiefferiella","tirolensis",,"larva",3,,1,100,1,"N","N",,"condition OK","Y",,"Epler 2001; Maschwitz and Cook 2000;Bode 1983","N","Rhithron Associates, Inc.","A. Fasbender",,,
"6621c60b-04dd-4f56-984f-346d399891f8","D16","MART","MART.AOS.reach","2022-07-11T17:19Z","2023-08-18","MART.20220711.SURBER.1","A00000292708",,"ELMSP","Y","Elmidae sp.",,"family","Arthropoda","Hexapoda","Insecta","Pterygota","Neoptera","Holometabola","Coleoptera","Polyphaga","Elateriformia","Byrrhoidea","Elmidae",,,,,"sp.",,"larva",1,,2,100,2,"Y","N","early instar","condition OK","N",,"Brown, 1972; Merritt et al. 2019","N","Rhithron Associates, Inc.","J. Webb",,,
"78eb10f2-c6da-49c4-bb44-3263ff4a39fd","D16","MART","MART.AOS.reach","2022-07-11T17:19Z","2023-08-21","MART.20220711.SURBER.4","A00000292711",,"TORSP6","Y","Torrenticola sp.",,"genus","Arthropoda","Chelicerata","Arachnida","Acari",,"Acariformes","Trombidiformes","Prostigmata",,"Lebertioidea","Torrenticolidae",,,,"Torrenticola","sp.",,"adult",1,,22,100,22,"N","N",,"condition OK","Y",,"Thorp and Rogers 2016","N","Rhithron Associates, Inc.","B. Moore",,,
"5a53f37b-6f84-4b26-8af4-d4dc98259c5d","D16","MART","MART.AOS.reach","2022-07-11T17:19Z","2023-08-18","MART.20220711.SURBER.1","A00000292708",,"NEMSP","Y","Nematoda sp.",,"phylum","Nematoda",,,,,,,,,,,,,,,"sp.",,"unknown",10,,2,100,2,"N","N",,"condition OK","Y",,"Thorp and Rogers 2016","N","Rhithron Associates, Inc.","J. Webb",,,
"f92d7420-c601-408f-b7f2-66baa3f00961","D16","MART","MART.AOS.reach","2022-07-11T17:19Z","2023-08-22","MART.20220711.SURBER.5","A00000292712",,"TANSP11","Y","Tanytarsus sp.",,"genus","Arthropoda","Hexapoda","Insecta","Pterygota","Neoptera","Holometabola","Diptera","Nematocera","Culicomorpha",,"Chironomidae","Chironominae","Tanytarsini",,"Tanytarsus","sp.",,"larva",4,,3,100,3,"N","N",,"condition OK","Y",,"Weiderholm, 1983; Weiderholm, 1986; Epler 2001; Ferrington et al. 2019; Andersen, Cranston and Epler 2013","N","Rhithron Associates, Inc.","A. Fasbender",,,
"21dfe385-3be5-4091-93ab-a18a71956cb4","D16","MART","MART.AOS.reach","2022-07-11T17:19Z","2023-08-18","MART.20220711.SURBER.1","A00000292708",,"HYDSP5","Y","Hydroptilidae sp.",,"family","Arthropoda","Hexapoda","Insecta","Pterygota","Neoptera","Holometabola","Trichoptera",,,"Hydroptiloidea","Hydroptilidae",,,,,"sp.",,"larva",1,,1,100,1,"Y","N","early instar","condition OK","Y",,"Wiggins 1996; Merritt et al. 2019","N","Rhithron Associates, Inc.","J. Webb",,,
"617855d7-fa3d-4529-ae30-2b7e0eb164f9","D16","MART","MART.AOS.reach","2022-07-11T17:19Z","2023-08-18","MART.20220711.SURBER.2","A00000292709",,"CRYSP4","Y","Cryptolabis sp.",,"genus","Arthropoda","Hexapoda","Insecta","Pterygota","Neoptera","Holometabola","Diptera","Nematocera","Tipulomorpha",,"Tipulidae","Limoniinae","Eriopterini",,"Cryptolabis","sp.",,"larva",6,,2,43,5,"N","N",,"condition OK","Y",,"Gelhaus and Podeniene 2018; Merritt et al. 2019","N","Rhithron Associates, Inc.","J. Webb",,,
"6d269541-8bd2-438f-821c-8e9ab2b00469","D16","MART","MART.AOS.reach","2022-07-11T17:19Z","2023-08-18","MART.20220711.SURBER.2","A00000292709",,"NEMSP5","Y","Nemouridae sp.",,"family","Arthropoda","Hexapoda","Insecta","Pterygota","Neoptera","Polyneoptera","Plecoptera","Euholognatha",,,"Nemouridae",,,,,"sp.",,"larva",1,,49,43,114,"Y","N","early instar","condition OK","N",,"Baumann et al. 1977; Stewart and Stark 2002; Merritt et al. 2019","N","Rhithron Associates, Inc.","J. Webb",,,
"4e7e28b7-7a24-47bb-bbeb-ac5a6cafc075","D16","MART","MART.AOS.reach","2022-07-11T17:19Z","2023-08-21","MART.20220711.HESS.8","A00000292715","BA22NEOMST36003O1","ENCSP1","Y","Enchytraeidae sp.",,"family","Annelida","Clitellata","Oligochaeta","Oligochaeta",,,"Enchytraeida",,,,"Enchytraeidae",,,,,"sp.",,"unknown",2,,1,40,3,"N","N",,"condition OK","Y",,"Kathman and Brinkhurst, 1999","N","Rhithron Associates, Inc.","J. Webb",,,
"643d44e0-dd7c-448a-a805-8ea084a49506","D16","MART","MART.AOS.reach","2022-07-11T17:19Z","2023-08-18","MART.20220711.SURBER.1","A00000292708",,"RHYBET","Y","Rhyacophila betteni gr.",,"speciesGroup","Arthropoda","Hexapoda","Insecta","Pterygota","Neoptera","Holometabola","Trichoptera",,,"Rhyacophiloidea","Rhyacophilidae",,,,"Rhyacophila","betteni gr.",,"larva",2,,1,100,1,"N","N",,"condition OK","Y",,"Prather and Morris 2001; Morse et al. 2017; Giersch et al. 2012","N","Rhithron Associates, Inc.","J. Webb",,,
"474a90b0-88bf-45ab-a317-f7fbbf21210f","D16","MART","MART.AOS.reach","2022-07-11T17:19Z","2023-08-22","MART.20220711.SURBER.2","A00000292709",,"EUKGRA","Y","Eukiefferiella gracei gr.",,"speciesGroup","Arthropoda","Hexapoda","Insecta","Pterygota","Neoptera","Holometabola","Diptera","Nematocera","Culicomorpha",,"Chironomidae","Orthocladiinae",,,"Eukiefferiella","gracei gr.",,"larva",2,,3,43,7,"N","N",,"condition OK","Y",,"Weiderholm, 1983; Bode, 1983; Weiderholm, 1986; Epler 2001; Ferrington et al. 2019; Andersen, Cranston and Epler 2013","N","Rhithron Associates, Inc.","A. Fasbender",,,
"7dccb0a3-7639-498f-8b9a-b1ce7339b566","D16","MART","MART.AOS.reach","2022-07-11T17:19Z","2023-08-18","MART.20220711.HESS.7","A00000292714",,"CHLSP","Y","Chloroperlidae sp.",,"family","Arthropoda","Hexapoda","Insecta","Pterygota","Neoptera","Polyneoptera","Plecoptera","Systellognatha",,,"Chloroperlidae",,,,,"sp.",,"larva",2,,1,60,2,"Y","N","early instar","condition OK","N",,"Stewart and Stark 2002; Merritt et al. 2019","N","Rhithron Associates, Inc.","J. Webb",,,
"92d94bee-536f-4adb-a25b-56c5644e6933","D16","MART","MART.AOS.reach","2022-07-11T17:19Z","2023-08-21","MART.20220711.SURBER.4","A00000292711",,"BAEPIS1","Y","Baetis piscatoris cx.",,"speciesGroup","Arthropoda","Hexapoda","Insecta","Pterygota","Palaeoptera",,"Ephemeroptera",,,,"Baetidae",,,,"Baetis","piscatoris cx.",,"larva",2,,4,100,4,"N","N",,"condition OK","Y",,"Morihara and McCafferty 1979; Wiersema, 2004; Webb et al. 2018","N","Rhithron Associates, Inc.","B. Moore",,,
"ad5a4b84-d3e5-43c4-8fdf-8853ddadbb92","D16","MART","MART.AOS.reach","2022-07-11T17:19Z","2023-08-22","MART.20220711.HESS.8","A00000292715",,"CRISP6","Y","Cricotopus/Orthocladius sp.",,"speciesGroup","Arthropoda","Hexapoda","Insecta","Pterygota","Neoptera","Holometabola","Diptera","Nematocera","Culicomorpha",,"Chironomidae","Orthocladiinae",,,"Cricotopus/Orthocladius","sp.",,"larva",1,,10,40,25,"Y","N","early instar","condition OK","N",,"Weiderholm, 1983; Weiderholm, 1986; Epler 2001; Ferrington et al. 2008; Andersen, Cranston and Epler 2013","N","Rhithron Associates, Inc.","A. Fasbender",,,
"58c656e6-e480-46c8-8a06-f88d96fbd169","D16","MART","MART.AOS.reach","2022-07-11T17:19Z","2023-08-18","MART.20220711.HESS.6","A00000292713",,"TORSP6","Y","Torrenticola sp.",,"genus","Arthropoda","Chelicerata","Arachnida","Acari",,"Acariformes","Trombidiformes","Prostigmata",,"Lebertioidea","Torrenticolidae",,,,"Torrenticola","sp.",,"adult",1,,16,30,53,"N","N",,"condition OK","Y",,"Thorp and Rogers 2016","N","Rhithron Associates, Inc.","J. Webb",,,
"1f80dc84-f8e8-4bdb-a77e-50a9fea559c2","D16","MART","MART.AOS.reach","2022-07-11T17:19Z","2023-08-21","MART.20220711.SURBER.5","A00000292712",,"AMESP2","Y","Ameletus sp.",,"genus","Arthropoda","Hexapoda","Insecta","Pterygota","Palaeoptera",,"Ephemeroptera","Pisciforma",,,"Ameletidae",,,,"Ameletus","sp.",,"larva",5,,3,100,3,"N","N",,"condition OK","Y",,"Merritt et al. 2019","N","Rhithron Associates, Inc.","B. Moore",,,
"28a6c1ba-21e3-49e4-a80d-4a099b3ed646","D16","MART","MART.AOS.reach","2022-07-11T17:19Z","2023-08-18","MART.20220711.SURBER.1","A00000292708",,"BAESP2","Y","Baetis sp.",,"genus","Arthropoda","Hexapoda","Insecta","Pterygota","Palaeoptera",,"Ephemeroptera","Pisciforma",,,"Baetidae",,,,"Baetis","sp.",,"larva",1,,54,100,54,"N","N","damaged","damaged, affecting taxonomy and measurement","N",,"Merritt et al. 2019","N","Rhithron Associates, Inc.","J. Webb","mostly heads",,
"f96b21ad-7938-46ca-9d19-a44641dc4284","D16","MART","MART.AOS.reach","2022-07-11T17:19Z","2023-08-22","MART.20220711.SURBER.5","A00000292712",,"RHESP2","Y","Rheotanytarsus sp.",,"genus","Arthropoda","Hexapoda","Insecta","Pterygota","Neoptera","Holometabola","Diptera","Nematocera","Culicomorpha",,"Chironomidae","Chironominae","Tanytarsini",,"Rheotanytarsus","sp.",,"larva",3,,1,100,1,"N","N",,"condition OK","Y",,"Weiderholm, 1983; Weiderholm, 1986; Epler 2001; Ferrington et al. 2019; Andersen, Cranston and Epler 2013","N","Rhithron Associates, Inc.","A. Fasbender",,,
"7daedb7c-c8d3-4465-a6ea-57b13aeaa50a","D16","MART","MART.AOS.reach","2022-07-11T17:19Z","2023-08-21","MART.20220711.SURBER.5","A00000292712",,"MIDSP2","Y","Mideopsis sp.",,"genus","Arthropoda","Chelicerata","Arachnida","Acari",,"Acariformes","Trombidiformes","Prostigmata",,"Arrenuroidea","Mideopsidae",,,,"Mideopsis","sp.",,"adult",1,,1,100,1,"N","N",,"condition OK","Y",,"Thorp and Rogers 2016","N","Rhithron Associates, Inc.","B. Moore",,,
"715bc822-6cf8-434e-ad17-1a1e87a8e807","D16","MART","MART.AOS.reach","2022-07-11T17:19Z","2023-08-18","MART.20220711.HESS.6","A00000292713",,"MICSP3","Y","Micrasema sp.",,"genus","Arthropoda","Hexapoda","Insecta","Pterygota","Neoptera","Holometabola","Trichoptera",,,"Limnephiloidea","Brachycentridae",,,,"Micrasema","sp.",,"larva",1,,2,30,7,"N","N",,"condition OK","Y",,"Wiggins 1996; Merritt et al. 2019","N","Rhithron Associates, Inc.","J. Webb",,,
"929d721d-036c-4be0-bdeb-629224f75ff9","D16","MART","MART.AOS.reach","2022-07-11T17:19Z","2023-08-22","MART.20220711.SURBER.2","A00000292709",,"PAGSP4","Y","Pagastia sp.",,"genus","Arthropoda","Hexapoda","Insecta","Pterygota","Neoptera","Holometabola","Diptera","Nematocera","Culicomorpha",,"Chironomidae","Diamesinae","Diamesini",,"Pagastia","sp.",,"larva",3,,1,43,2,"N","N",,"condition OK","Y",,"Weiderholm, 1983; Weiderholm, 1986; Epler 2001; Ferrington et al. 2019; Andersen, Cranston and Epler 2013","N","Rhithron Associates, Inc.","A. Fasbender",,,
"b642559c-b11d-46d3-950c-ff74513df3f4","D16","MART","MART.AOS.reach","2022-07-11T17:19Z","2023-08-22","MART.20220711.HESS.8","A00000292715",,"RHESP2","Y","Rheotanytarsus sp.",,"genus","Arthropoda","Hexapoda","Insecta","Pterygota","Neoptera","Holometabola","Diptera","Nematocera","Culicomorpha",,"Chironomidae","Chironominae","Tanytarsini",,"Rheotanytarsus","sp.",,"pupa",4,,1,40,3,"N","N",,"condition OK","Y",,"Weiderholm, 1983; Weiderholm, 1986; Epler 2001; Ferrington et al. 2019; Andersen, Cranston and Epler 2013","N","Rhithron Associates, Inc.","A. Fasbender",,,
"10e5196c-bfdb-46b7-ad1e-8e10d4ee5b34","D16","MART","MART.AOS.reach","2022-07-11T17:19Z","2023-08-21","MART.20220711.SURBER.3","A00000292710",,"EPESP","Y","Epeorus sp.",,"genus","Arthropoda","Hexapoda","Insecta","Pterygota","Palaeoptera",,"Ephemeroptera","Pisciforma",,"Heptagenioidea","Heptageniidae",,,,"Epeorus","sp.",,"larva",7,,1,40,3,"Y","N","early instar","condition OK","Y",,"Merritt et al. 2019","Y","Rhithron Associates, Inc.","J. Webb","1 albertae group?",,
"1b31017e-8506-4dcc-8102-dcb233ea04e0","D16","MART","MART.AOS.reach","2022-07-11T17:19Z","2023-08-18","MART.20220711.SURBER.1","A00000292708",,"CINSP1","Y","Cinygmula sp.",,"genus","Arthropoda","Hexapoda","Insecta","Pterygota","Palaeoptera",,"Ephemeroptera","Pisciforma",,"Heptagenioidea","Heptageniidae",,,,"Cinygmula","sp.",,"larva",4,,3,100,3,"N","N",,"condition OK","Y",,"Merritt et al. 2019","N","Rhithron Associates, Inc.","J. Webb","heads only",,
"b3b2a338-cf11-4eeb-a990-e8243fe5b9c8","D16","MART","MART.AOS.reach","2022-07-11T17:19Z","2023-08-21","MART.20220711.HESS.6","A00000292713",,"MICSP6","Y","Micropsectra sp.",,"genus","Arthropoda","Hexapoda","Insecta","Pterygota","Neoptera","Holometabola","Diptera","Nematocera","Culicomorpha",,"Chironomidae","Chironominae","Tanytarsini",,"Micropsectra","sp.",,"larva",2,,55,30,183,"N","N",,"condition OK","Y",,"Weiderholm, 1983; Weiderholm, 1986; Epler 2001; Ferrington et al. 2019; Andersen, Cranston and Epler 2013","N","Rhithron Associates, Inc.","R. Spring",,,
"1fee23b6-9f35-496d-853f-0f5a4dd7c6e2","D16","MART","MART.AOS.reach","2022-07-11T17:19Z","2023-08-22","MART.20220711.SURBER.1","A00000292708",,"BRISP","Y","Brillia sp.",,"genus","Arthropoda","Hexapoda","Insecta","Pterygota","Neoptera","Holometabola","Diptera","Nematocera","Culicomorpha",,"Chironomidae","Orthocladiinae",,,"Brillia","sp.",,"larva",1,,3,100,3,"N","N",,"condition OK","Y",,"Weiderholm, 1983; Weiderholm, 1986; Epler 2001; Ferrington et al. 2019; Andersen, Cranston and Epler 2013","N","Rhithron Associates, Inc.","A. Fasbender",,,
"17b5eb7a-0529-4ecc-a08a-b5dfb777a311","D16","MART","MART.AOS.reach","2022-07-11T17:19Z","2023-08-22","MART.20220711.SURBER.5","A00000292712",,"CRISP6","Y","Cricotopus/Orthocladius sp.",,"speciesGroup","Arthropoda","Hexapoda","Insecta","Pterygota","Neoptera","Holometabola","Diptera","Nematocera","Culicomorpha",,"Chironomidae","Orthocladiinae",,,"Cricotopus/Orthocladius","sp.",,"larva",1,,3,100,3,"Y","N","early instar","condition OK","N",,"Weiderholm, 1983; Weiderholm, 1986; Epler 2001; Ferrington et al. 2008; Andersen, Cranston and Epler 2013","N","Rhithron Associates, Inc.","A. Fasbender",,,
"dd351a7d-1b0f-4a2b-bc3f-fbce19fb1c8a","D16","MART","MART.AOS.reach","2022-07-11T17:19Z","2023-08-21","MART.20220711.SURBER.5","A00000292712",,"DRUDOD","Y","Drunella doddsii",,"species","Arthropoda","Hexapoda","Insecta","Pterygota","Palaeoptera",,"Ephemeroptera","Furcatergalia","Pannota","Ephemerelloidea","Ephemerellidae",,,,"Drunella","doddsii",,"larva",2,,4,100,4,"N","N",,"condition OK","Y",,"Allen and Edmunds 1962","N","Rhithron Associates, Inc.","B. Moore",,,
"fa30d977-d815-41bd-8a9e-c9448d80d11f","D16","MART","MART.AOS.reach","2022-07-11T17:19Z","2023-08-18","MART.20220711.HESS.8","A00000292715",,"DIPHAG","Y","Diphetor hageni",,"species","Arthropoda","Hexapoda","Insecta","Pterygota","Palaeoptera",,"Ephemeroptera","Pisciforma",,,"Baetidae",,,,"Diphetor","hageni",,"larva",2,,1,40,3,"N","N",,"condition OK","Y",,"Morihara and McCafferty 1987; Meyer and McCafferty 2001; Merritt et al. 2019","N","Rhithron Associates, Inc.","J. Webb",,,
"c4f3dd05-0da5-4f46-9495-da3dbfd1cf66","D16","MART","MART.AOS.reach","2022-07-11T17:19Z","2023-08-21","MART.20220711.HESS.6","A00000292713","BA22NEOMST36001C269","CONSP5","Y","Conchapelopia sp.",,"genus","Arthropoda","Hexapoda","Insecta","Pterygota","Neoptera","Holometabola","Diptera","Nematocera","Culicomorpha",,"Chironomidae","Tanypodinae","Pentaneurini",,"Conchapelopia","sp.",,"pupa",5,,1,30,3,"N","N",,"condition OK","Y",,"Weiderholm, 1983; Weiderholm, 1986; Epler 2001; Ferrington et al. 2008; Andersen, Cranston and Epler 2013","N","Rhithron Associates, Inc.","R. Spring","Reference Collection(1)",,
"4b86fb01-1ae0-4319-836a-e036dc1f4bd1","D16","MART","MART.AOS.reach","2022-07-11T17:19Z","2023-08-22","MART.20220711.SURBER.3","A00000292710",,"CRISP2","Y","Cricotopus sp.",,"genus","Arthropoda","Hexapoda","Insecta","Pterygota","Neoptera","Holometabola","Diptera","Nematocera","Culicomorpha",,"Chironomidae","Orthocladiinae",,,"Cricotopus","sp.",,"larva",2,,1,40,3,"N","N",,"condition OK","Y",,"Weiderholm, 1983; Weiderholm, 1986; Epler 2001; Ferrington et al. 2019; Andersen, Cranston and Epler 2013","Y","Rhithron Associates, Inc.","A. Fasbender",,,
"9178b4ae-873e-4c92-95b3-49c6e5ff585f","D16","MART","MART.AOS.reach","2022-07-11T17:19Z","2023-08-22","MART.20220711.SURBER.3","A00000292710",,"PARSP29","Y","Parorthocladius sp.",,"genus","Arthropoda","Hexapoda","Insecta","Pterygota","Neoptera","Holometabola","Diptera","Nematocera","Culicomorpha",,"Chironomidae","Orthocladiinae",,,"Parorthocladius","sp.",,"larva",2,,1,40,3,"N","N",,"condition OK","Y",,"Weiderholm, 1983; Weiderholm, 1986; Epler 2001; Ferrington et al. 2019; Andersen, Cranston and Epler 2013","Y","Rhithron Associates, Inc.","A. Fasbender",,,
"145790df-e23e-4130-bcfb-9fa147dd54bb","D16","MART","MART.AOS.reach","2022-07-11T17:19Z","2023-08-22","MART.20220711.SURBER.2","A00000292709",,"POLSP13","Y","Polypedilum sp.",,"genus","Arthropoda","Hexapoda","Insecta","Pterygota","Neoptera","Holometabola","Diptera","Nematocera","Culicomorpha",,"Chironomidae","Chironominae","Chironomini",,"Polypedilum","sp.",,"larva",5,,1,43,2,"N","N",,"condition OK","Y",,"Weiderholm, 1983; Weiderholm, 1986; Epler 2001; Ferrington et al. 2008; Andersen, Cranston and Epler 2013","N","Rhithron Associates, Inc.","A. Fasbender",,,
"4f2b310e-23fc-4fb6-8e38-8776f823bb14","D16","MART","MART.AOS.reach","2022-07-11T17:19Z","2023-08-21","MART.20220711.SURBER.3","A00000292710",,"MONSP19","Y","Monatractides sp.",,"genus","Arthropoda","Chelicerata","Arachnida","Acari",,"Acariformes","Trombidiformes","Prostigmata",,"Lebertioidea","Torrenticolidae",,,,"Monatractides","sp.",,"adult",1,,1,40,3,"N","N",,"condition OK","Y",,"Thorp and Rogers 2016","Y","Rhithron Associates, Inc.","J. Webb",,,
"b488e370-bd35-4a99-96f4-444f79cfeb11","D16","MART","MART.AOS.reach","2022-07-11T17:19Z","2023-08-21","MART.20220711.SURBER.5","A00000292712",,"DIPHAG","Y","Diphetor hageni",,"species","Arthropoda","Hexapoda","Insecta","Pterygota","Palaeoptera",,"Ephemeroptera","Pisciforma",,,"Baetidae",,,,"Diphetor","hageni",,"larva",3,,3,100,3,"N","N",,"condition OK","Y",,"Morihara and McCafferty 1987; Meyer and McCafferty 2001; Merritt et al. 2019","N","Rhithron Associates, Inc.","B. Moore",,,
"843d1986-39a0-47e6-98c9-73a7a00a33f6","D16","MART","MART.AOS.reach","2022-07-11T17:19Z","2023-08-22","MART.20220711.SURBER.5","A00000292712",,"EUKBRE","Y","Eukiefferiella brehmi gr.",,"speciesGroup","Arthropoda","Hexapoda","Insecta","Pterygota","Neoptera","Holometabola","Diptera","Nematocera","Culicomorpha",,"Chironomidae","Orthocladiinae",,,"Eukiefferiella","brehmi gr.",,"larva",3,,1,100,1,"N","N",,"condition OK","Y",,"Weiderholm, 1983; Bode, 1983; Weiderholm, 1986; Epler 2001; Ferrington et al. 2019; Andersen, Cranston and Epler 2013","N","Rhithron Associates, Inc.","A. Fasbender",,,
"5d718f59-541f-430d-bd1e-f6d5afce0e40","D16","MART","MART.AOS.reach","2022-07-11T17:19Z","2023-08-22","MART.20220711.SURBER.2","A00000292709",,"CRISP2","Y","Cricotopus sp.",,"genus","Arthropoda","Hexapoda","Insecta","Pterygota","Neoptera","Holometabola","Diptera","Nematocera","Culicomorpha",,"Chironomidae","Orthocladiinae",,,"Cricotopus","sp.",,"larva",2,,1,43,2,"N","N",,"condition OK","Y",,"Weiderholm, 1983; Weiderholm, 1986; Epler 2001; Ferrington et al. 2019; Andersen, Cranston and Epler 2013","N","Rhithron Associates, Inc.","A. Fasbender",,,
"3a721957-3055-4517-b33e-fe48548cbff4","D16","MART","MART.AOS.reach","2022-07-11T17:19Z","2023-08-21","MART.20220711.HESS.7","A00000292714",,"CHISP6","Y","Chironomini sp.",,"tribe","Arthropoda","Hexapoda","Insecta","Pterygota","Neoptera","Holometabola","Diptera","Nematocera","Culicomorpha",,"Chironomidae","Chironominae","Chironomini",,,"sp.",,"larva",1,,1,60,2,"Y","N","early instar","condition OK","N",,"Weiderholm, 1983; Weiderholm, 1986; Epler 2001; Ferrington et al. 2019; Andersen, Cranston and Epler 2013","N","Rhithron Associates, Inc.","R. Spring",,,
"f36fb5ae-e540-499a-a193-f1422e2c2127","D16","MART","MART.AOS.reach","2022-07-11T17:19Z","2023-08-22","MART.20220711.SURBER.5","A00000292712",,"BRISP","Y","Brillia sp.",,"genus","Arthropoda","Hexapoda","Insecta","Pterygota","Neoptera","Holometabola","Diptera","Nematocera","Culicomorpha",,"Chironomidae","Orthocladiinae",,,"Brillia","sp.",,"larva",1,,2,100,2,"N","N",,"condition OK","Y",,"Weiderholm, 1983; Weiderholm, 1986; Epler 2001; Ferrington et al. 2019; Andersen, Cranston and Epler 2013","N","Rhithron Associates, Inc.","A. Fasbender",,,
"29ebe8d8-fc7d-4075-b68b-ce8dd2b559f4","D16","MART","MART.AOS.reach","2022-07-11T17:19Z","2023-08-21","MART.20220711.SURBER.4","A00000292711",,"GLOSP3","Y","Glossosoma sp.",,"genus","Arthropoda","Hexapoda","Insecta","Pterygota","Neoptera","Holometabola","Trichoptera",,,"Glossosomatoidea","Glossosomatidae","Glossosomatinae","Glossosomatini",,"Glossosoma","sp.",,"larva",2,,1,100,1,"N","N",,"condition OK","Y",,"Merritt et al. 2019","N","Rhithron Associates, Inc.","B. Moore",,,
"9c9bbda2-4f9b-41d8-a820-5c8efb40a2de","D16","MART","MART.AOS.reach","2022-07-11T17:19Z","2023-08-18","MART.20220711.HESS.8","A00000292715",,"BAETRI2","Y","Baetis tricaudatus cx.",,"speciesGroup","Arthropoda","Hexapoda","Insecta","Pterygota","Palaeoptera",,"Ephemeroptera",,,,"Baetidae",,,,"Baetis","tricaudatus cx.",,"larva",3,,1,40,3,"N","N",,"condition OK","Y",,"Morihara and McCafferty 1979; Wiersema, 2004; Webb et al. 2018","N","Rhithron Associates, Inc.","J. Webb",,,
"627b91e9-7c3f-4c17-b299-92ef705268cb","D16","MART","MART.AOS.reach","2022-07-11T17:19Z","2023-08-21","MART.20220711.HESS.6","A00000292713",,"CRISP6","Y","Cricotopus/Orthocladius sp.",,"speciesGroup","Arthropoda","Hexapoda","Insecta","Pterygota","Neoptera","Holometabola","Diptera","Nematocera","Culicomorpha",,"Chironomidae","Orthocladiinae",,,"Cricotopus/Orthocladius","sp.",,"larva",3,,1,30,3,"Y","N","early instar","condition OK","Y",,"Weiderholm, 1983; Weiderholm, 1986; Epler 2001; Ferrington et al. 2008; Andersen, Cranston and Epler 2013","N","Rhithron Associates, Inc.","R. Spring",,,
"c8052d39-6de3-4ed1-9e25-d64117106ba9","D16","MART","MART.AOS.reach","2022-07-11T17:19Z","2023-08-21","MART.20220711.HESS.7","A00000292714",,"CRISP2","Y","Cricotopus sp.",,"genus","Arthropoda","Hexapoda","Insecta","Pterygota","Neoptera","Holometabola","Diptera","Nematocera","Culicomorpha",,"Chironomidae","Orthocladiinae",,,"Cricotopus","sp.",,"larva",2,,11,60,18,"N","N",,"condition OK","Y",,"Weiderholm, 1983; Weiderholm, 1986; Epler 2001; Ferrington et al. 2019; Andersen, Cranston and Epler 2013","N","Rhithron Associates, Inc.","R. Spring",,,
"424588be-c3b7-4c79-b799-2d493f6102c8","D16","MART","MART.AOS.reach","2022-07-11T17:19Z","2023-08-21","MART.20220711.HESS.6","A00000292713",,"MICSP6","Y","Micropsectra sp.",,"genus","Arthropoda","Hexapoda","Insecta","Pterygota","Neoptera","Holometabola","Diptera","Nematocera","Culicomorpha",,"Chironomidae","Chironominae","Tanytarsini",,"Micropsectra","sp.",,"larva",4,,5,30,17,"N","N",,"condition OK","Y",,"Weiderholm, 1983; Weiderholm, 1986; Epler 2001; Ferrington et al. 2019; Andersen, Cranston and Epler 2013","N","Rhithron Associates, Inc.","R. Spring",,,
"43d958c2-825d-4d8e-b8cb-b6d6255b8def","D16","MART","MART.AOS.reach","2022-07-11T17:19Z","2023-08-22","MART.20220711.SURBER.1","A00000292708",,"PAGSP4","Y","Pagastia sp.",,"genus","Arthropoda","Hexapoda","Insecta","Pterygota","Neoptera","Holometabola","Diptera","Nematocera","Culicomorpha",,"Chironomidae","Diamesinae","Diamesini",,"Pagastia","sp.",,"larva",5,,1,100,1,"N","N",,"condition OK","Y",,"Weiderholm, 1983; Weiderholm, 1986; Epler 2001; Ferrington et al. 2019; Andersen, Cranston and Epler 2013","N","Rhithron Associates, Inc.","A. Fasbender",,,
"46718f0b-2e36-419f-8a2e-2ce65dc64c2e","D16","MART","MART.AOS.reach","2022-07-11T17:19Z","2023-08-18","MART.20220711.HESS.6","A00000292713",,"LJASP","Y","Ljania sp.",,"genus","Arthropoda","Chelicerata","Arachnida","Acari",,"Acariformes","Trombidiformes","Prostigmata",,"Hygrobatoidea","Aturidae",,,,"Ljania","sp.",,"adult",1,,3,30,10,"N","N",,"condition OK","Y",,"Thorp and Rogers 2016","N","Rhithron Associates, Inc.","J. Webb",,,
"054f0de7-ef8d-4beb-b398-1de5a8d69568","D16","MART","MART.AOS.reach","2022-07-11T17:19Z","2023-08-22","MART.20220711.SURBER.3","A00000292710",,"CRISP6","Y","Cricotopus/Orthocladius sp.",,"speciesGroup","Arthropoda","Hexapoda","Insecta","Pterygota","Neoptera","Holometabola","Diptera","Nematocera","Culicomorpha",,"Chironomidae","Orthocladiinae",,,"Cricotopus/Orthocladius","sp.",,"larva",1,,1,40,3,"Y","N","early instar","condition OK","N",,"Weiderholm, 1983; Weiderholm, 1986; Epler 2001; Ferrington et al. 2008; Andersen, Cranston and Epler 2013","Y","Rhithron Associates, Inc.","A. Fasbender",,,
"2e12d2b8-2d1c-46c3-848e-35b3e7547e8f","D16","MART","MART.AOS.reach","2022-07-11T17:19Z","2023-08-21","MART.20220711.SURBER.3","A00000292710",,"BAETRI2","Y","Baetis tricaudatus cx.",,"speciesGroup","Arthropoda","Hexapoda","Insecta","Pterygota","Palaeoptera",,"Ephemeroptera",,,,"Baetidae",,,,"Baetis","tricaudatus cx.",,"larva",2,,58,40,145,"N","N",,"condition OK","Y",,"Morihara and McCafferty 1979; Wiersema, 2004; Webb et al. 2018","Y","Rhithron Associates, Inc.","J. Webb",,,
"4f1c5bc8-97ae-4a56-b245-1ef151a7208f","D16","MART","MART.AOS.reach","2022-07-11T17:19Z","2023-08-18","MART.20220711.SURBER.2","A00000292709",,"TABSP1","Y","Tabanidae sp.",,"family","Arthropoda","Hexapoda","Insecta","Pterygota","Neoptera","Holometabola","Diptera","Brachycera","Tabanomorpha",,"Tabanidae",,,,,"sp.",,"larva",5,,1,43,2,"Y","N","early instar","condition OK","Y",,"Merritt et al. 2019","N","Rhithron Associates, Inc.","J. Webb",,,
"33a3c904-3cb1-4cbc-a1e0-ba7fa92c86ca","D16","MART","MART.AOS.reach","2022-07-11T17:19Z","2023-08-21","MART.20220711.SURBER.3","A00000292710",,"BAERHO","Y","Baetis rhodani gr.",,"speciesGroup","Arthropoda","Hexapoda","Insecta","Pterygota","Palaeoptera",,"Ephemeroptera",,,,"Baetidae",,,,"Baetis","rhodani gr.",,"larva",1,,158,40,395,"Y","N","early instar","condition OK","N",,"Morihara and McCafferty 1979; Wiersema, 2004; Webb et al. 2018","Y","Rhithron Associates, Inc.","J. Webb",,,
"6fe7b3b9-e629-4bd1-836f-a67e19da3d4d","D16","MART","MART.AOS.reach","2022-07-11T17:19Z","2023-08-21","MART.20220711.SURBER.4","A00000292711",,"HETCOR","Y","Heterlimnius corpulentus",,"species","Arthropoda","Hexapoda","Insecta","Pterygota","Neoptera","Holometabola","Coleoptera","Polyphaga","Elateriformia","Byrrhoidea","Elmidae","Elminae","Elmini",,"Heterlimnius","corpulentus",,"larva",2,,5,100,5,"N","N",,"condition OK","N",,"Brown 1972; Merritt et al. 2019; Kamite, 2009","N","Rhithron Associates, Inc.","B. Moore",,,
"c8d8740c-0d76-4326-af08-5d4e18a9352a","D16","MART","MART.AOS.reach","2022-07-11T17:19Z","2023-08-22","MART.20220711.SURBER.1","A00000292708",,"BRISP","Y","Brillia sp.",,"genus","Arthropoda","Hexapoda","Insecta","Pterygota","Neoptera","Holometabola","Diptera","Nematocera","Culicomorpha",,"Chironomidae","Orthocladiinae",,,"Brillia","sp.",,"larva",4,,2,100,2,"N","N",,"condition OK","Y",,"Weiderholm, 1983; Weiderholm, 1986; Epler 2001; Ferrington et al. 2019; Andersen, Cranston and Epler 2013","N","Rhithron Associates, Inc.","A. Fasbender",,,
"dc45442f-03f5-407a-8644-fae8dcd4e355","D16","MART","MART.AOS.reach","2022-07-11T17:19Z","2023-08-18","MART.20220711.HESS.7","A00000292714",,"PARSP16","Y","Paraperla sp.",,"genus","Arthropoda","Hexapoda","Insecta","Pterygota","Neoptera","Polyneoptera","Plecoptera","Systellognatha",,,"Chloroperlidae","Paraperlinae",,,"Paraperla","sp.",,"larva",4,,1,60,2,"N","N",,"condition OK","Y",,"Stewart and Stark 2002; Merritt et al. 2019","N","Rhithron Associates, Inc.","J. Webb",,,
"3cb8f56f-cd91-4d0e-a18a-e02f8c7d950c","D16","MART","MART.AOS.reach","2022-07-11T17:19Z","2023-08-21","MART.20220711.SURBER.5","A00000292712",,"GLOSP3","Y","Glossosoma sp.",,"genus","Arthropoda","Hexapoda","Insecta","Pterygota","Neoptera","Holometabola","Trichoptera",,,"Glossosomatoidea","Glossosomatidae","Glossosomatinae","Glossosomatini",,"Glossosoma","sp.",,"larva",1,,1,100,1,"N","N",,"condition OK","Y",,"Merritt et al. 2019","N","Rhithron Associates, Inc.","B. Moore",,,
"79347934-b3f5-499e-9bbe-cb25301b1748","D16","MART","MART.AOS.reach","2022-07-11T17:19Z","2023-08-18","MART.20220711.HESS.6","A00000292713",,"ZAPCIN","Y","Zapada cinctipes",,"species","Arthropoda","Hexapoda","Insecta","Pterygota","Neoptera","Polyneoptera","Plecoptera","Euholognatha",,,"Nemouridae","Nemourinae",,,"Zapada","cinctipes",,"larva",1,,3,30,10,"N","N",,"condition OK","Y",,"Baumann et al. 1977; Stewart and Stark 2002; Merritt et al. 2019","N","Rhithron Associates, Inc.","J. Webb",,,
"36812ed2-fc81-4ef7-aa99-6a5dfeb0bb08","D16","MART","MART.AOS.reach","2022-07-11T17:19Z","2023-08-21","MART.20220711.SURBER.5","A00000292712",,"ZAPCIN","Y","Zapada cinctipes",,"species","Arthropoda","Hexapoda","Insecta","Pterygota","Neoptera","Polyneoptera","Plecoptera","Euholognatha",,,"Nemouridae","Nemourinae",,,"Zapada","cinctipes",,"larva",2,,24,100,24,"N","N",,"condition OK","Y",,"Baumann et al. 1977; Stewart and Stark 2002; Merritt et al. 2019","N","Rhithron Associates, Inc.","B. Moore",,,
"0026c8d1-bf48-42c4-962d-1b4d7353ec94","D16","MART","MART.AOS.reach","2022-07-11T17:19Z","2023-08-21","MART.20220711.HESS.6","A00000292713",,"LARSP","Y","Larsia sp.",,"genus","Arthropoda","Hexapoda","Insecta","Pterygota","Neoptera","Holometabola","Diptera","Nematocera","Culicomorpha",,"Chironomidae","Tanypodinae","Pentaneurini",,"Larsia","sp.",,"larva",3,,7,30,23,"N","N",,"condition OK","Y",,"Weiderholm, 1983; Weiderholm, 1986; Epler 2001; Ferrington et al. 2019; Andersen, Cranston and Epler 2013","N","Rhithron Associates, Inc.","R. Spring",,,
"f8bc7546-8c24-4b6c-b4b7-cec03ca86036","D16","MART","MART.AOS.reach","2022-07-11T17:19Z","2023-08-18","MART.20220711.SURBER.1","A00000292708",,"CALCAL","Y","Calineuria californica",,"species","Arthropoda","Hexapoda","Insecta","Pterygota","Neoptera","Polyneoptera","Plecoptera","Systellognatha",,,"Perlidae","Acroneuriinae","Acroneuriini",,"Calineuria","californica",,"larva",3,,1,100,1,"N","N",,"condition OK","Y",,"Stewart and Stark 2002; Merritt et al. 2019","N","Rhithron Associates, Inc.","J. Webb",,,
"2228f53f-d682-42de-9ed4-b31e400f0ec6","D16","MART","MART.AOS.reach","2022-07-11T17:19Z","2023-08-21","MART.20220711.HESS.7","A00000292714",,"SYNSP3","Y","Synorthocladius sp.",,"genus","Arthropoda","Hexapoda","Insecta","Pterygota","Neoptera","Holometabola","Diptera","Nematocera","Culicomorpha",,"Chironomidae","Orthocladiinae",,,"Synorthocladius","sp.",,"larva",1,,1,60,2,"N","N",,"condition OK","Y",,"Weiderholm, 1983; Weiderholm, 1986; Epler 2001; Ferrington et al. 2019; Andersen, Cranston and Epler 2013","N","Rhithron Associates, Inc.","R. Spring",,,
"7630681d-2ab1-43f3-bc5e-a5f99a572239","D16","MART","MART.AOS.reach","2022-07-11T17:19Z","2023-08-18","MART.20220711.HESS.8","A00000292715",,"LIMSP5","Y","Limnephilidae sp.",,"family","Arthropoda","Hexapoda","Insecta","Pterygota","Neoptera","Holometabola","Trichoptera",,,"Limnephiloidea","Limnephilidae",,,,,"sp.",,"larva",2,,2,40,5,"Y","N","early instar","condition OK","Y",,"Wiggins 1996; Merritt et al. 2019","N","Rhithron Associates, Inc.","J. Webb",,,
"4578ec51-9382-4e40-a850-930f2a8e717a","D16","MART","MART.AOS.reach","2022-07-11T17:19Z","2023-08-18","MART.20220711.HESS.8","A00000292715",,"TORSP6","Y","Torrenticola sp.",,"genus","Arthropoda","Chelicerata","Arachnida","Acari",,"Acariformes","Trombidiformes","Prostigmata",,"Lebertioidea","Torrenticolidae",,,,"Torrenticola","sp.",,"adult",1,,44,40,110,"N","N",,"condition OK","Y",,"Thorp and Rogers 2016","N","Rhithron Associates, Inc.","J. Webb",,,
"2573a976-5018-4644-922a-7cdea9dc09b7","D16","MART","MART.AOS.reach","2022-07-11T17:19Z","2023-08-18","MART.20220711.HESS.7","A00000292714",,"BAEFLA1","Y","Baetis flavistriga cx.",,"speciesGroup","Arthropoda","Hexapoda","Insecta","Pterygota","Palaeoptera",,"Ephemeroptera",,,,"Baetidae",,,,"Baetis","flavistriga cx.",,"larva",2,,2,60,3,"N","N",,"condition OK","Y",,"Morihara and McCafferty 1979; Wiersema, 2004; Webb et al. 2018","N","Rhithron Associates, Inc.","J. Webb",,,
"8e4638be-2e7d-42c0-96f0-f72ccaf4df8d","D16","MART","MART.AOS.reach","2022-07-11T17:19Z","2023-08-18","MART.20220711.HESS.8","A00000292715",,"CINSP1","Y","Cinygmula sp.",,"genus","Arthropoda","Hexapoda","Insecta","Pterygota","Palaeoptera",,"Ephemeroptera","Pisciforma",,"Heptagenioidea","Heptageniidae",,,,"Cinygmula","sp.",,"larva",2,,5,40,13,"N","N",,"condition OK","Y",,"Merritt et al. 2019","N","Rhithron Associates, Inc.","J. Webb",,,
"7eb0f7d5-d7be-4603-a507-33b7e9301b23","D16","MART","MART.AOS.reach","2022-07-11T17:19Z","2023-08-21","MART.20220711.SURBER.4","A00000292711",,"LEBSP1","Y","Lebertia sp.",,"genus","Arthropoda","Chelicerata","Arachnida","Acari",,"Acariformes","Trombidiformes","Prostigmata",,"Lebertioidea","Lebertiidae",,,,"Lebertia","sp.",,"adult",1,,1,100,1,"N","N",,"condition OK","Y",,"Thorp and Rogers 2016","N","Rhithron Associates, Inc.","B. Moore",,,
"ebe01d4c-7d9a-47e2-ba24-6dc05a3978ca","D16","MART","MART.AOS.reach","2022-07-11T17:19Z","2023-08-22","MART.20220711.HESS.8","A00000292715",,"CRISP2","Y","Cricotopus sp.",,"genus","Arthropoda","Hexapoda","Insecta","Pterygota","Neoptera","Holometabola","Diptera","Nematocera","Culicomorpha",,"Chironomidae","Orthocladiinae",,,"Cricotopus","sp.",,"larva",3,,3,40,8,"N","N",,"condition OK","Y",,"Weiderholm, 1983; Weiderholm, 1986; Epler 2001; Ferrington et al. 2019; Andersen, Cranston and Epler 2013","N","Rhithron Associates, Inc.","A. Fasbender",,,
"9b9d68b9-9463-4c72-a252-002c0b160de0","D16","MART","MART.AOS.reach","2022-07-11T17:19Z","2023-08-22","MART.20220711.SURBER.1","A00000292708",,"EUKTIR","Y","Eukiefferiella tirolensis",,"species","Arthropoda","Hexapoda","Insecta",,,,"Diptera","Nematocera",,,"Chironomidae","Orthocladiinae",,,"Eukiefferiella","tirolensis",,"larva",2,,2,100,2,"N","N",,"condition OK","Y",,"Epler 2001; Maschwitz and Cook 2000;Bode 1983","N","Rhithron Associates, Inc.","A. Fasbender",,,
"cfd22ea4-5761-46b4-8c35-96c288b92c73","D16","MART","MART.AOS.reach","2022-07-11T17:19Z","2023-08-21","MART.20220711.SURBER.3","A00000292710",,"BAETRI2","Y","Baetis tricaudatus cx.",,"speciesGroup","Arthropoda","Hexapoda","Insecta","Pterygota","Palaeoptera",,"Ephemeroptera",,,,"Baetidae",,,,"Baetis","tricaudatus cx.",,"larva",3,,15,40,38,"N","N",,"condition OK","Y",,"Morihara and McCafferty 1979; Wiersema, 2004; Webb et al. 2018","Y","Rhithron Associates, Inc.","J. Webb",,,
"742d545f-eaf7-43ac-9900-45e808a86a6d","D16","MART","MART.AOS.reach","2022-07-11T17:19Z","2023-08-21","MART.20220711.SURBER.3","A00000292710",,"ATRSP3","Y","Atractides sp.",,"genus","Arthropoda","Chelicerata","Arachnida","Acari",,"Acariformes","Trombidiformes","Prostigmata",,"Hygrobatoidea","Hygrobatidae",,,,"Atractides","sp.",,"adult",1,,1,40,3,"N","N",,"condition OK","Y",,"Thorp and Rogers 2016","Y","Rhithron Associates, Inc.","J. Webb",,,
"6f610378-e9a7-4071-9dd7-2d46775ec8fe","D16","MART","MART.AOS.reach","2022-07-11T17:19Z","2023-08-18","MART.20220711.HESS.8","A00000292715",,"OSTSP","Y","Ostracoda sp.",,"class","Arthropoda","Crustacea","Ostracoda",,,,,,,,,,,,,"sp.",,"unknown",1,,1,40,3,"N","N",,"condition OK","Y",,"Thorp and Rogers 2016","N","Rhithron Associates, Inc.","J. Webb",,,
"da37267d-b395-4d99-a8b6-9d3cc7a7a0d6","D16","MART","MART.AOS.reach","2022-07-11T17:19Z","2023-08-21","MART.20220711.SURBER.4","A00000292711",,"GLOSP3","Y","Glossosoma sp.",,"genus","Arthropoda","Hexapoda","Insecta","Pterygota","Neoptera","Holometabola","Trichoptera",,,"Glossosomatoidea","Glossosomatidae","Glossosomatinae","Glossosomatini",,"Glossosoma","sp.",,"larva",1,,1,100,1,"N","N",,"condition OK","Y",,"Merritt et al. 2019","N","Rhithron Associates, Inc.","B. Moore",,,
"40098cf9-e0f8-46e1-9c8d-6fcb8a9ab686","D16","MART","MART.AOS.reach","2022-07-11T17:19Z","2023-08-22","MART.20220711.SURBER.2","A00000292709",,"TANSP8","Y","Tanytarsini sp.",,"tribe","Arthropoda","Hexapoda","Insecta","Pterygota","Neoptera","Holometabola","Diptera","Nematocera","Culicomorpha",,"Chironomidae","Chironominae","Tanytarsini",,,"sp.",,"larva",2,,2,43,5,"Y","N","early instar","condition OK","Y",,"Weiderholm, 1983; Weiderholm, 1986; Epler 2001; Ferrington et al. 2019; Andersen, Cranston and Epler 2013","N","Rhithron Associates, Inc.","A. Fasbender",,,
"d278b18c-dc6d-4c13-9f0d-6e6fabbf9d62","D16","MART","MART.AOS.reach","2022-07-11T17:19Z","2023-08-21","MART.20220711.SURBER.5","A00000292712",,"AFGSP","Y","Afghanurus sp.",,"genus","Arthropoda","Hexapoda","Insecta","Pterygota","Palaeoptera",,"Ephemeroptera","Pisciforma",,"Heptagenioidea","Heptageniidae",,,,"Afghanurus","sp.",,"larva",1,,4,100,4,"N","N",,"condition OK","Y",,"Merritt et al. 2019","N","Rhithron Associates, Inc.","B. Moore",,,
