uid,domainID,siteID,namedLocation,collectDate,identifiedDate,sampleID,sampleCode,slideID,acceptedTaxonID,targetTaxaPresent,scientificName,morphospeciesID,taxonRank,phylum,subphylum,class,subclass,infraclass,superorder,order,suborder,infraorder,superfamily,family,subfamily,tribe,subtribe,genus,specificEpithet,infraspecificEpithet,invertebrateLifeStage,sizeClass,sizeCategory,individualCount,subsamplePercent,estimatedTotalCount,immatureSpecimen,indeterminateSpecies,taxonRankQualifier,sampleCondition,distinctTaxon,identificationQualifier,identificationReferences,qcChecked,laboratoryName,identifiedBy,identificationRemarks,identificationHistoryID,dataQF
"c015a78e-3a1a-4f9c-8a88-905f5c4bc164","D15","REDB","REDB.AOS.reach","2019-07-08T17:13Z","2019-08-02","REDB.20190708.HESS.3","A00000058834",,"THIGRO","Y","Thienemannimyia gr.",,"speciesGroup","Arthropoda","Hexapoda","Insecta","Pterygota","Neoptera","Holometabola","Diptera","Nematocera","Culicomorpha",,"Chironomidae","Tanypodinae","Pentaneurini",,"Thienemannimyia","gr.",,"larva",5,,1,37,3,"Y","N","early instar","condition OK","Y",,"Weiderholm, 1983; Weiderholm, 1986; Epler 2001; Ferrington et al. 2008; Andersen, Cranston and Epler 2017","Y","Rhithron Associates, Inc.","A. Fasbender",,,
"8a5bd903-2f2c-4216-980f-c5090e546f7e","D15","REDB","REDB.AOS.reach","2019-07-08T17:13Z","2019-08-05","REDB.20190708.HESS.8","A00000058849",,"LEPSP20","Y","Lepidostoma sp.",,"genus","Arthropoda","Hexapoda","Insecta","Pterygota","Neoptera","Holometabola","Trichoptera",,,"Limnephiloidea","Lepidostomatidae","Lepidostomatinae",,,"Lepidostoma","sp.",,"larva",8,,2,17,12,"N","N",,"condition OK","Y",,"Wiggins 1996; Merritt et al. 2019","N","Rhithron Associates, Inc.","J. Webb",,,
"c39f92cd-3bcc-4ce9-8550-e0490166e76a","D15","REDB","REDB.AOS.reach","2019-07-08T17:13Z","2019-08-05","REDB.20190708.HESS.2","A00000058835",,"CHLSP","Y","Chloroperlidae sp.",,"family","Arthropoda","Hexapoda","Insecta","Pterygota","Neoptera","Polyneoptera","Plecoptera","Systellognatha",,,"Chloroperlidae",,,,,"sp.",,"larva",1,,1,17,6,"Y","N","early instar","condition OK","Y",,"Stewart and Stark 2002; Merritt et al. 2019","N","Rhithron Associates, Inc.","B. Moore",,,
"70070975-0696-46c7-8443-e020a9b40683","D15","REDB","REDB.AOS.reach","2019-07-08T17:13Z","2019-08-05","REDB.20190708.HESS.6","A00000058817",,"EPELON","Y","Epeorus longimanus",,"species","Arthropoda","Hexapoda","Insecta","Pterygota","Palaeoptera",,"Ephemeroptera","Pisciforma",,"Heptagenioidea","Heptageniidae",,,,"Epeorus","longimanus",,"larva",2,,1,27,4,"N","N",,"condition OK","Y",,"Edmunds and Allen 1964","N","Rhithron Associates, Inc.","J. Webb",,,
"36a96bc5-bf67-41e3-ba86-d245b437148e","D15","REDB","REDB.AOS.reach","2019-07-08T17:13Z","2019-08-02","REDB.20190708.HESS.2","A00000058835","BA19NEOMST07002O1","NAISP","Y","Naididae sp.",,"family","Annelida","Clitellata","Oligochaeta","Oligochaeta",,,"Tubificida",,,,"Naididae",,,,,"sp.",,"immature",4,,1,17,6,"Y","N",,"condition OK","Y",,"Kathman and Brinkhurst, 1999","N","Rhithron Associates, Inc.","A. Fasbender","Rhyacodrilinae/Tubificinae w/ HC",,
"977c48be-c978-4c1c-b349-267f474c4126","D15","REDB","REDB.AOS.reach","2019-07-08T17:13Z","2019-08-05","REDB.20190708.HESS.1","A00000058850",,"SIMSP1","Y","Simulium sp.",,"genus","Arthropoda","Hexapoda","Insecta","Pterygota","Neoptera","Holometabola","Diptera","Nematocera","Culicomorpha",,"Simuliidae","Simuliinae","Simuliini",,"Simulium","sp.",,"larva",4,,2,53,4,"N","N",,"condition OK","Y",,"Adler et al. 2004; Merritt et al. 2019","N","Rhithron Associates, Inc.","B. Moore",,,
"362c4b3e-37ab-4f0d-b58b-c42a0ea9170c","D15","REDB","REDB.AOS.reach","2019-07-08T17:13Z","2019-08-05","REDB.20190708.HESS.7","A00000058816",,"NEOSP30","Y","Neoplasta sp.",,"genus","Arthropoda","Hexapoda","Insecta","Pterygota","Neoptera","Holometabola","Diptera","Brachycera","Muscomorpha",,"Empididae","Hemerodromiinae","Hemerodromiini",,"Neoplasta","sp.",,"larva",3,,1,40,3,"N","N",,"condition OK","Y",,"Merritt et al. 2019","N","Rhithron Associates, Inc.","J. Webb",,,
"cfbf019b-89d2-45ed-a0df-c928c618d753","D15","REDB","REDB.AOS.reach","2019-07-08T17:13Z","2019-08-05","REDB.20190708.HESS.6","A00000058817",,"NEMSP5","Y","Nemouridae sp.",,"family","Arthropoda","Hexapoda","Insecta","Pterygota","Neoptera","Polyneoptera","Plecoptera","Euholognatha",,,"Nemouridae",,,,,"sp.",,"larva",1,,72,27,267,"Y","N","early instar","condition OK","N",,"Baumann et al. 1977; Stewart and Stark 2002; Merritt et al. 2019","N","Rhithron Associates, Inc.","J. Webb",,,
"9aaa00da-9085-4932-a9a3-e31f70315dda","D15","REDB","REDB.AOS.reach","2019-07-08T17:13Z","2019-08-02","REDB.20190708.HESS.6","A00000058817","BA19NEOMST07006O1|BA19NEOMST07006O3|BA19NEOMST07006O2|BA19NEOMST07006O4","RHYSP5","Y","Rhyacodrilus sp.",,"genus","Annelida","Clitellata","Oligochaeta","Oligochaeta",,,"Tubificida",,,,"Naididae","Rhyacodrilinae",,,"Rhyacodrilus","sp.",,"immature",4,,1,27,4,"Y","N",,"condition OK","Y",,"Kathman and Brinkhurst, 1999","N","Rhithron Associates, Inc.","A. Fasbender","Reference Collection(1)",,
"59d03560-40cc-479a-b88d-d1961c03dc51","D15","REDB","REDB.AOS.reach","2019-07-08T17:13Z","2019-08-02","REDB.20190708.HESS.4","A00000058818",,"PAGSP4","Y","Pagastia sp.",,"genus","Arthropoda","Hexapoda","Insecta","Pterygota","Neoptera","Holometabola","Diptera","Nematocera","Culicomorpha",,"Chironomidae","Diamesinae","Diamesini",,"Pagastia","sp.",,"larva",2,,2,100,2,"N","N",,"condition OK","Y",,"Weiderholm, 1983; Weiderholm, 1986; Epler 2001; Ferrington et al. 2019; Andersen, Cranston and Epler 2013","N","Rhithron Associates, Inc.","B. Hayford",,,
"293f6faa-ce41-4e4b-af9c-9c647ceabb48","D15","REDB","REDB.AOS.reach","2019-07-08T17:13Z","2019-08-05","REDB.20190708.HESS.4","A00000058818",,"HYDSP23","Y","Hydropsyche sp.",,"genus","Arthropoda","Hexapoda","Insecta","Pterygota","Neoptera","Holometabola","Trichoptera",,,"Hydropsychoidea","Hydropsychidae","Hydropsychinae",,,"Hydropsyche","sp.",,"larva",12,,1,100,1,"N","N",,"condition OK","Y",,"Wiggins, 1996; Geraci, 2010","N","Rhithron Associates, Inc.","B. Moore",,,
"2e1bdd34-25cf-4f3d-ad10-6054a5a10436","D15","REDB","REDB.AOS.reach","2019-07-08T17:13Z","2019-08-05","REDB.20190708.HESS.7","A00000058816",,"OSTSP","Y","Ostracoda sp.",,"class","Arthropoda","Crustacea","Ostracoda",,,,,,,,,,,,,"sp.",,"unknown",1,,3,40,8,"N","N",,"condition OK","Y",,"Thorp and Rogers 2016","N","Rhithron Associates, Inc.","J. Webb",,,
"b191779b-2ab5-450f-9157-ae58900331ac","D15","REDB","REDB.AOS.reach","2019-07-08T17:13Z","2019-08-05","REDB.20190708.HESS.2","A00000058835",,"PISSP4","Y","Pisidium sp.",,"genus","Mollusca",,"Bivalvia","Heterodonta",,,"Veneroida",,,"Corbiculoidea","Pisidiidae",,,,"Pisidium","sp.",,"unknown",2,,23,17,135,"N","N",,"condition OK","Y",,"Burch 1989; Mackie, 2007; Thorp and Rogers 2016","N","Rhithron Associates, Inc.","B. Moore",,,
"4eb58599-dd5a-4b1d-982f-5f8f5907f7e5","D15","REDB","REDB.AOS.reach","2019-07-08T17:13Z","2019-08-05","REDB.20190708.HESS.3","A00000058834",,"LEBSP1","Y","Lebertia sp.",,"genus","Arthropoda","Chelicerata","Arachnida","Acari",,"Acariformes","Trombidiformes","Prostigmata",,"Lebertioidea","Lebertiidae",,,,"Lebertia","sp.",,"adult",1,,1,37,3,"N","N",,"condition OK","Y",,"Thorp and Rogers 2016","Y","Rhithron Associates, Inc.","B. Moore",,,
"409bbed7-0666-4789-a934-301e0c5c084b","D15","REDB","REDB.AOS.reach","2019-07-08T17:13Z","2019-08-05","REDB.20190708.HESS.5","A00000058833",,"TRUSP","Y","Truncatelloidea sp.",,"superfamily","Mollusca",,"Gastropoda",,,,"Littorinimorpha",,,"Truncatelloidea",,,,,,"sp.",,"immature",1,,2,17,12,"Y","N",,"condition OK","Y",,"Criscione and Ponder 2013; Hersler 2017","N","Rhithron Associates, Inc.","J. Webb",,,
"8d5796b9-6c13-4953-ae75-1dc6e0b8453f","D15","REDB","REDB.AOS.reach","2019-07-08T17:13Z","2019-08-02","REDB.20190708.HESS.5","A00000058833",,"RHESP2","Y","Rheotanytarsus sp.",,"genus","Arthropoda","Hexapoda","Insecta","Pterygota","Neoptera","Holometabola","Diptera","Nematocera","Culicomorpha",,"Chironomidae","Chironominae","Tanytarsini",,"Rheotanytarsus","sp.",,"larva",3,,1,17,6,"N","N",,"condition OK","Y",,"Weiderholm, 1983; Weiderholm, 1986; Epler 2001; Ferrington et al. 2019; Andersen, Cranston and Epler 2013","N","Rhithron Associates, Inc.","B. Hayford",,,
"5c45d345-e684-4920-b8b0-77bf241b73c7","D15","REDB","REDB.AOS.reach","2019-07-08T17:13Z","2019-08-05","REDB.20190708.HESS.5","A00000058833",,"PERSP1","Y","Perlidae sp.",,"family","Arthropoda","Hexapoda","Insecta","Pterygota","Neoptera","Polyneoptera","Plecoptera","Systellognatha",,,"Perlidae",,,,,"sp.",,"larva",1,,1,17,6,"Y","N","early instar","condition OK","Y",,"Stewart and Stark 2002; Merritt et al. 2019","N","Rhithron Associates, Inc.","J. Webb",,,
"b9dd8549-4cef-4327-b5c2-7e4ca7ad432f","D15","REDB","REDB.AOS.reach","2019-07-08T17:13Z","2019-08-05","REDB.20190708.HESS.6","A00000058817",,"LEPSP4","Y","Leptophlebiidae sp.",,"family","Arthropoda","Hexapoda","Insecta","Pterygota","Palaeoptera",,"Ephemeroptera","Furcatergalia","Lanceolata",,"Leptophlebiidae",,,,,"sp.",,"larva",2,,1,27,4,"N","N","damaged","damaged, affecting taxonomy and measurement","Y",,"Merritt et al. 2019","N","Rhithron Associates, Inc.","J. Webb",,,
"62b14035-28b1-492b-99d1-03929977ea04","D15","REDB","REDB.AOS.reach","2019-07-08T17:13Z","2019-08-02","REDB.20190708.HESS.2","A00000058835",,"RHESP2","Y","Rheotanytarsus sp.",,"genus","Arthropoda","Hexapoda","Insecta","Pterygota","Neoptera","Holometabola","Diptera","Nematocera","Culicomorpha",,"Chironomidae","Chironominae","Tanytarsini",,"Rheotanytarsus","sp.",,"larva",3,,1,17,6,"N","N",,"condition OK","Y",,"Weiderholm, 1983; Weiderholm, 1986; Epler 2001; Ferrington et al. 2019; Andersen, Cranston and Epler 2013","N","Rhithron Associates, Inc.","A. Fasbender",,,
"6cb560de-29c0-4f58-a01b-8bfdb6a0cd7a","D15","REDB","REDB.AOS.reach","2019-07-08T17:13Z","2019-08-02","REDB.20190708.HESS.3","A00000058834",,"CRISP6","Y","Cricotopus/Orthocladius sp.",,"speciesGroup","Arthropoda","Hexapoda","Insecta","Pterygota","Neoptera","Holometabola","Diptera","Nematocera","Culicomorpha",,"Chironomidae","Orthocladiinae",,,"Cricotopus/Orthocladius","sp.",,"larva",2,,2,37,5,"Y","N","early instar","condition OK","Y",,"Weiderholm, 1983; Weiderholm, 1986; Epler 2001; Ferrington et al. 2008; Andersen, Cranston and Epler 2013","Y","Rhithron Associates, Inc.","A. Fasbender",,,
"02fe220e-010c-4b13-b7ce-c3770627c29a","D15","REDB","REDB.AOS.reach","2019-07-08T17:13Z","2019-08-05","REDB.20190708.HESS.7","A00000058816",,"MALSP4","Y","Malenka sp.",,"genus","Arthropoda","Hexapoda","Insecta","Pterygota","Neoptera","Polyneoptera","Plecoptera","Euholognatha",,,"Nemouridae","Amphinemurinae",,,"Malenka","sp.",,"larva",2,,4,40,10,"N","N",,"condition OK","Y",,"Stewart and Stark 2002; Merritt et al. 2019","N","Rhithron Associates, Inc.","J. Webb",,,
"baccb736-879a-4a21-87ac-a9f0111bab58","D15","REDB","REDB.AOS.reach","2019-07-08T17:13Z","2019-08-02","REDB.20190708.HESS.6","A00000058817","BA19NEOMST07006O2|BA19NEOMST07006O1|BA19NEOMST07006O3|BA19NEOMST07006O4","NAISP","Y","Naididae sp.",,"family","Annelida","Clitellata","Oligochaeta","Oligochaeta",,,"Tubificida",,,,"Naididae",,,,,"sp.",,"immature",6,,1,27,4,"Y","N",,"condition OK","N",,"Kathman and Brinkhurst, 1999","N","Rhithron Associates, Inc.","A. Fasbender","Rhyacodrilinae/Tubificinae w/ HC",,
"4a70fa0c-c2f0-4881-9cbb-10623506cbfe","D15","REDB","REDB.AOS.reach","2019-07-08T17:13Z","2019-08-02","REDB.20190708.HESS.2","A00000058835",,"DIASP8","Y","Diamesa sp.",,"genus","Arthropoda","Hexapoda","Insecta","Pterygota","Neoptera","Holometabola","Diptera","Nematocera","Culicomorpha",,"Chironomidae","Diamesinae","Diamesini",,"Diamesa","sp.",,"larva",8,,1,17,6,"N","N",,"condition OK","Y",,"Weiderholm, 1983; Weiderholm, 1986; Epler 2001; Ferrington et al. 2019; Andersen, Cranston and Epler 2013","N","Rhithron Associates, Inc.","A. Fasbender",,,
"d8191430-4d96-4044-95d4-b90b8cbc6f74","D15","REDB","REDB.AOS.reach","2019-07-08T17:13Z","2019-08-05","REDB.20190708.HESS.1","A00000058850",,"SIMSP1","Y","Simulium sp.",,"genus","Arthropoda","Hexapoda","Insecta","Pterygota","Neoptera","Holometabola","Diptera","Nematocera","Culicomorpha",,"Simuliidae","Simuliinae","Simuliini",,"Simulium","sp.",,"larva",3,,5,53,9,"N","N",,"condition OK","Y",,"Adler et al. 2004; Merritt et al. 2019","N","Rhithron Associates, Inc.","B. Moore",,,
"6d866263-eac5-45d2-8eca-4388ce4bbb90","D15","REDB","REDB.AOS.reach","2019-07-08T17:13Z","2019-08-05","REDB.20190708.HESS.6","A00000058817",,"PISSP2","Y","Pisidiidae sp.",,"family","Mollusca",,"Bivalvia","Heterodonta",,,"Veneroida",,,"Corbiculoidea","Pisidiidae",,,,,"sp.",,"immature",1,,1,27,4,"Y","N",,"condition OK","Y",,"Mackie 2007; Thorp and Rogers 2016","N","Rhithron Associates, Inc.","J. Webb",,,
"ce4c33bc-3ff9-4462-a820-083af7bb5ab4","D15","REDB","REDB.AOS.reach","2019-07-08T17:13Z","2019-08-05","REDB.20190708.HESS.4","A00000058818",,"RHYBRU","Y","Rhyacophila brunnea/vemna gr.",,"speciesGroup","Arthropoda","Hexapoda","Insecta","Pterygota","Neoptera","Holometabola","Trichoptera",,,"Rhyacophiloidea","Rhyacophilidae",,,,"Rhyacophila","brunnea/vemna gr.",,"larva",6,,1,100,1,"N","N",,"condition OK","Y",,"Prather and Morris 2001; Morse et al. 2017; Giersch et al. 2012","N","Rhithron Associates, Inc.","B. Moore",,,
"a354f168-f07e-4662-8987-f6353148dbb4","D15","REDB","REDB.AOS.reach","2019-07-08T17:13Z","2019-08-05","REDB.20190708.HESS.5","A00000058833",,"BAERHO","Y","Baetis rhodani gr.",,"speciesGroup","Arthropoda","Hexapoda","Insecta","Pterygota","Palaeoptera",,"Ephemeroptera",,,,"Baetidae",,,,"Baetis","rhodani gr.",,"larva",1,,48,17,282,"Y","N","early instar","condition OK","N",,"Morihara and McCafferty 1979; Wiersema, 2004; Webb et al. 2018","N","Rhithron Associates, Inc.","J. Webb",,"06f3370f-281a-420f-aacd-48731a956563",
"f4784a43-8b4c-43a1-861a-a8935456c7bc","D15","REDB","REDB.AOS.reach","2019-07-08T17:13Z","2019-08-02","REDB.20190708.HESS.1","A00000058850",,"THIGRO","Y","Thienemannimyia gr.",,"speciesGroup","Arthropoda","Hexapoda","Insecta","Pterygota","Neoptera","Holometabola","Diptera","Nematocera","Culicomorpha",,"Chironomidae","Tanypodinae","Pentaneurini",,"Thienemannimyia","gr.",,"larva",3,,1,53,2,"Y","N","early instar","condition OK","Y",,"Weiderholm, 1983; Weiderholm, 1986; Epler 2001; Ferrington et al. 2008; Andersen, Cranston and Epler 2017","N","Rhithron Associates, Inc.","A. Fasbender",,,
"4139e6c9-d8cd-4222-9380-e5fd5c2d1aef","D15","REDB","REDB.AOS.reach","2019-07-08T17:13Z","2019-08-05","REDB.20190708.HESS.6","A00000058817",,"NEOSP30","Y","Neoplasta sp.",,"genus","Arthropoda","Hexapoda","Insecta","Pterygota","Neoptera","Holometabola","Diptera","Brachycera","Muscomorpha",,"Empididae","Hemerodromiinae","Hemerodromiini",,"Neoplasta","sp.",,"larva",2,,1,27,4,"N","N",,"condition OK","Y",,"Merritt et al. 2019","N","Rhithron Associates, Inc.","J. Webb",,,
"a4eb089f-de98-4510-bf53-8e86141ad665","D15","REDB","REDB.AOS.reach","2019-07-08T17:13Z","2019-08-05","REDB.20190708.HESS.8","A00000058849",,"DIPHAG","Y","Diphetor hageni",,"species","Arthropoda","Hexapoda","Insecta","Pterygota","Palaeoptera",,"Ephemeroptera","Pisciforma",,,"Baetidae",,,,"Diphetor","hageni",,"larva",3,,2,17,12,"N","N",,"condition OK","Y",,"Morihara and McCafferty 1987; Meyer and McCafferty 2001; Merritt et al. 2019","N","Rhithron Associates, Inc.","J. Webb",,,
"8ffc73c5-f2eb-4ab6-b224-d38b618df5f3","D15","REDB","REDB.AOS.reach","2019-07-08T17:13Z","2019-08-02","REDB.20190708.HESS.6","A00000058817",,"CRISP6","Y","Cricotopus/Orthocladius sp.",,"speciesGroup","Arthropoda","Hexapoda","Insecta","Pterygota","Neoptera","Holometabola","Diptera","Nematocera","Culicomorpha",,"Chironomidae","Orthocladiinae",,,"Cricotopus/Orthocladius","sp.",,"larva",2,,1,27,4,"Y","N","early instar","condition OK","Y",,"Weiderholm, 1983; Weiderholm, 1986; Epler 2001; Ferrington et al. 2008; Andersen, Cranston and Epler 2013","N","Rhithron Associates, Inc.","B. Hayford",,,
"f571dbd1-ad6a-43ec-be50-9b028acd6e5d","D15","REDB","REDB.AOS.reach","2019-07-08T17:13Z","2019-08-05","REDB.20190708.HESS.2","A00000058835",,"PISSP4","Y","Pisidium sp.",,"genus","Mollusca",,"Bivalvia","Heterodonta",,,"Veneroida",,,"Corbiculoidea","Pisidiidae",,,,"Pisidium","sp.",,"unknown",1,,13,17,76,"N","N",,"condition OK","Y",,"Burch 1989; Mackie, 2007; Thorp and Rogers 2016","N","Rhithron Associates, Inc.","B. Moore",,,
"3c0b9890-2eb7-4679-8920-5ec8fbfb9eee","D15","REDB","REDB.AOS.reach","2019-07-08T17:13Z","2019-08-05","REDB.20190708.HESS.1","A00000058850",,"DRUCOL","Y","Drunella coloradensis/flavilinea",,"speciesGroup","Arthropoda","Hexapoda","Insecta","Pterygota","Palaeoptera",,"Ephemeroptera","Furcatergalia","Pannota","Ephemerelloidea","Ephemerellidae",,,,"Drunella","coloradensis/flavilinea",,"larva",8,,1,53,2,"N","N",,"condition OK","Y",,"Allen and Edmunds 1962","N","Rhithron Associates, Inc.","B. Moore","Reference Collection(1)",,
"d33abcb9-2a1d-48ff-925f-49f00235917a","D15","REDB","REDB.AOS.reach","2019-07-08T17:13Z","2019-08-02","REDB.20190708.HESS.6","A00000058817",,"PARSP26","Y","Parametriocnemus sp.",,"genus","Arthropoda","Hexapoda","Insecta","Pterygota","Neoptera","Holometabola","Diptera","Nematocera","Culicomorpha",,"Chironomidae","Orthocladiinae",,,"Parametriocnemus","sp.",,"larva",5,,1,27,4,"N","N",,"condition OK","Y",,"Weiderholm, 1983; Weiderholm, 1986; Epler 2001; Ferrington et al. 2019; Andersen, Cranston and Epler 2013","N","Rhithron Associates, Inc.","B. Hayford",,,
"d68fea59-f615-4bdf-b162-dbae8e5109c6","D15","REDB","REDB.AOS.reach","2019-07-08T17:13Z","2019-08-05","REDB.20190708.HESS.4","A00000058818",,"ATRSP3","Y","Atractides sp.",,"genus","Arthropoda","Chelicerata","Arachnida","Acari",,"Acariformes","Trombidiformes","Prostigmata",,"Hygrobatoidea","Hygrobatidae",,,,"Atractides","sp.",,"adult",1,,1,100,1,"N","N",,"condition OK","Y",,"Thorp and Rogers 2016","N","Rhithron Associates, Inc.","B. Moore",,,
"b45dd4b0-749e-41b0-88b8-44d37c3325f6","D15","REDB","REDB.AOS.reach","2019-07-08T17:13Z","2019-08-02","REDB.20190708.HESS.5","A00000058833",,"EUKGRA","Y","Eukiefferiella gracei gr.",,"speciesGroup","Arthropoda","Hexapoda","Insecta","Pterygota","Neoptera","Holometabola","Diptera","Nematocera","Culicomorpha",,"Chironomidae","Orthocladiinae",,,"Eukiefferiella","gracei gr.",,"larva",2,,1,17,6,"N","N",,"condition OK","Y",,"Weiderholm, 1983; Bode, 1983; Weiderholm, 1986; Epler 2001; Ferrington et al. 2019; Andersen, Cranston and Epler 2013","N","Rhithron Associates, Inc.","B. Hayford",,,
"7ebec95b-3a73-4ff6-a7ff-bfc9a5528fa9","D15","REDB","REDB.AOS.reach","2019-07-08T17:13Z","2019-08-02","REDB.20190708.HESS.1","A00000058850","BA19NEOMST07001O1","ENCSP1","Y","Enchytraeidae sp.",,"family","Annelida","Clitellata","Oligochaeta","Oligochaeta",,,"Enchytraeida",,,,"Enchytraeidae",,,,,"sp.",,"unknown",3,,1,53,2,"N","N",,"condition OK","Y",,"Kathman and Brinkhurst, 1999","N","Rhithron Associates, Inc.","A. Fasbender",,,
"234d78c5-ab7e-4a0a-bff2-9b139f7b50b8","D15","REDB","REDB.AOS.reach","2019-07-08T17:13Z","2019-08-05","REDB.20190708.HESS.8","A00000058849",,"BAERHO","Y","Baetis rhodani gr.",,"speciesGroup","Arthropoda","Hexapoda","Insecta","Pterygota","Palaeoptera",,"Ephemeroptera",,,,"Baetidae",,,,"Baetis","rhodani gr.",,"larva",1,,5,17,29,"N","N","damaged","damaged, affecting taxonomy and measurement","Y",,"Morihara and McCafferty 1979; Wiersema, 2004; Webb et al. 2018","N","Rhithron Associates, Inc.","J. Webb",,"b56ac2f7-f233-4074-8cc4-60f01e66d9a4",
"13e48c91-af99-4641-a3a9-73532ab79695","D15","REDB","REDB.AOS.reach","2019-07-08T17:13Z","2019-08-05","REDB.20190708.HESS.8","A00000058849",,"HYDSP24","Y","Hydroptila sp.",,"genus","Arthropoda","Hexapoda","Insecta","Pterygota","Neoptera","Holometabola","Trichoptera",,,"Hydroptiloidea","Hydroptilidae","Hydroptilinae","Hydroptilini",,"Hydroptila","sp.",,"larva",4,,1,17,6,"N","N",,"condition OK","Y",,"Wiggins 1996; Merritt et al. 2019","N","Rhithron Associates, Inc.","J. Webb",,,
"7f2d8831-4c94-4713-837e-a81f8934f3cf","D15","REDB","REDB.AOS.reach","2019-07-08T17:13Z","2019-08-05","REDB.20190708.HESS.8","A00000058849",,"TRUSP","Y","Truncatelloidea sp.",,"superfamily","Mollusca",,"Gastropoda",,,,"Littorinimorpha",,,"Truncatelloidea",,,,,,"sp.",,"immature",3,,1,17,6,"Y","N",,"condition OK","Y",,"Criscione and Ponder 2013; Hersler 2017","N","Rhithron Associates, Inc.","J. Webb","1 NZM?",,
"4b941363-4005-4781-affe-08511b48a96f","D15","REDB","REDB.AOS.reach","2019-07-08T17:13Z","2019-08-02","REDB.20190708.HESS.4","A00000058818","BA19NEOMST07004O2|BA19NEOMST07004O4|BA19NEOMST07004O5|BA19NEOMST07004O3|BA19NEOMST07004O1","NAISP","Y","Naididae sp.",,"family","Annelida","Clitellata","Oligochaeta","Oligochaeta",,,"Tubificida",,,,"Naididae",,,,,"sp.",,"immature",3,,8,100,8,"Y","N",,"condition OK","N",,"Kathman and Brinkhurst, 1999","N","Rhithron Associates, Inc.","A. Fasbender","Rhyacodrilinae/Tubificinae w/ HC",,
"8f89a822-e24e-48fc-9ca5-68e813f83d1d","D15","REDB","REDB.AOS.reach","2019-07-08T17:13Z","2019-08-05","REDB.20190708.HESS.2","A00000058835",,"DICSP6","Y","Dicranota sp.",,"genus","Arthropoda","Hexapoda","Insecta","Pterygota","Neoptera","Holometabola","Diptera","Nematocera","Tipulomorpha",,"Tipulidae","Limoniinae","Pediciini",,"Dicranota","sp.",,"larva",9,,1,17,6,"N","N",,"condition OK","Y",,"Gelhaus and Podeniene 2018; Merritt et al. 2019","N","Rhithron Associates, Inc.","B. Moore",,,
"8da55ba1-5344-44c5-8bc8-c9ddbd58b74a","D15","REDB","REDB.AOS.reach","2019-07-08T17:13Z","2019-08-05","REDB.20190708.HESS.6","A00000058817",,"ATUSP1","Y","Aturus sp.",,"genus","Arthropoda","Chelicerata","Arachnida","Acari",,"Acariformes","Trombidiformes","Prostigmata",,"Hygrobatoidea","Aturidae",,,,"Aturus","sp.",,"adult",1,,2,27,7,"N","N",,"condition OK","Y",,"Thorp and Rogers 2016","N","Rhithron Associates, Inc.","J. Webb",,,
"70bd30b9-37ef-4a69-9ec5-ba505b5d87cc","D15","REDB","REDB.AOS.reach","2019-07-08T17:13Z","2019-08-05","REDB.20190708.HESS.8","A00000058849",,"WANSP","Y","Wandesia sp.",,"genus","Arthropoda","Chelicerata","Arachnida","Acari",,"Acariformes","Trombidiformes","Prostigmata",,"Hydryphantoidea","Hydryphantidae",,,,"Wandesia","sp.",,"adult",1,,42,17,247,"N","N",,"condition OK","Y",,"Thorp and Rogers 2016","N","Rhithron Associates, Inc.","J. Webb",,,
"cfc25614-594a-4560-a5a3-9c8b07244622","D15","REDB","REDB.AOS.reach","2019-07-08T17:13Z","2019-08-05","REDB.20190708.HESS.1","A00000058850",,"HYDSP23","Y","Hydropsyche sp.",,"genus","Arthropoda","Hexapoda","Insecta","Pterygota","Neoptera","Holometabola","Trichoptera",,,"Hydropsychoidea","Hydropsychidae","Hydropsychinae",,,"Hydropsyche","sp.",,"larva",10,,1,53,2,"N","N",,"condition OK","Y",,"Wiggins, 1996; Geraci, 2010","N","Rhithron Associates, Inc.","B. Moore",,,
"91b90c99-e9ae-4456-8cf0-f4fdcc8485ff","D15","REDB","REDB.AOS.reach","2019-07-08T17:13Z","2019-08-05","REDB.20190708.HESS.3","A00000058834",,"PERSP1","Y","Perlidae sp.",,"family","Arthropoda","Hexapoda","Insecta","Pterygota","Neoptera","Polyneoptera","Plecoptera","Systellognatha",,,"Perlidae",,,,,"sp.",,"larva",2,,1,37,3,"Y","N","early instar","condition OK","Y",,"Stewart and Stark 2002; Merritt et al. 2019","Y","Rhithron Associates, Inc.","B. Moore",,,
"daaa2f40-e2a8-4764-bed6-d357582c0afd","D15","REDB","REDB.AOS.reach","2019-07-08T17:13Z","2019-08-05","REDB.20190708.HESS.8","A00000058849",,"HETCOR","Y","Heterlimnius corpulentus",,"species","Arthropoda","Hexapoda","Insecta","Pterygota","Neoptera","Holometabola","Coleoptera","Polyphaga","Elateriformia","Byrrhoidea","Elmidae","Elminae","Elmini",,"Heterlimnius","corpulentus",,"larva",3,,2,17,12,"N","N",,"condition OK","Y",,"Brown 1972; Merritt et al. 2019; Kamite, 2009","N","Rhithron Associates, Inc.","J. Webb",,,
"30e21d07-119e-4969-8a5d-b6c2df57cfc8","D15","REDB","REDB.AOS.reach","2019-07-08T17:13Z","2019-08-02","REDB.20190708.HESS.5","A00000058833",,"THIGRO","Y","Thienemannimyia gr.",,"speciesGroup","Arthropoda","Hexapoda","Insecta","Pterygota","Neoptera","Holometabola","Diptera","Nematocera","Culicomorpha",,"Chironomidae","Tanypodinae","Pentaneurini",,"Thienemannimyia","gr.",,"larva",6,,2,17,12,"Y","N","early instar","condition OK","Y",,"Weiderholm, 1983; Weiderholm, 1986; Epler 2001; Ferrington et al. 2008; Andersen, Cranston and Epler 2017","N","Rhithron Associates, Inc.","B. Hayford",,,
"36392af7-14f5-4445-90b1-fb599af1007f","D15","REDB","REDB.AOS.reach","2019-07-08T17:13Z","2019-08-02","REDB.20190708.HESS.7","A00000058816",,"EUKDEV","Y","Eukiefferiella devonica gr.",,"speciesGroup","Arthropoda","Hexapoda","Insecta","Pterygota","Neoptera","Holometabola","Diptera","Nematocera","Culicomorpha",,"Chironomidae","Orthocladiinae",,,"Eukiefferiella","devonica gr.",,"larva",3,,1,40,3,"N","N",,"condition OK","Y",,"Weiderholm, 1983; Bode, 1983; Weiderholm, 1986; Epler 2001; Ferrington et al. 2019; Andersen, Cranston and Epler 2013","N","Rhithron Associates, Inc.","B. Hayford",,,
"47e2f8da-86f0-42b6-94b5-0d6c298efdd4","D15","REDB","REDB.AOS.reach","2019-07-08T17:13Z","2019-08-05","REDB.20190708.HESS.4","A00000058818",,"PISSP4","Y","Pisidium sp.",,"genus","Mollusca",,"Bivalvia","Heterodonta",,,"Veneroida",,,"Corbiculoidea","Pisidiidae",,,,"Pisidium","sp.",,"unknown",1,,4,100,4,"N","N",,"condition OK","Y",,"Burch 1989; Mackie, 2007; Thorp and Rogers 2016","N","Rhithron Associates, Inc.","B. Moore",,,
"969e702e-7c66-4762-9ed7-4b386fb8a631","D15","REDB","REDB.AOS.reach","2019-07-08T17:13Z","2019-08-05","REDB.20190708.HESS.1","A00000058850",,"RHYBRU","Y","Rhyacophila brunnea/vemna gr.",,"speciesGroup","Arthropoda","Hexapoda","Insecta","Pterygota","Neoptera","Holometabola","Trichoptera",,,"Rhyacophiloidea","Rhyacophilidae",,,,"Rhyacophila","brunnea/vemna gr.",,"larva",11,,1,53,2,"N","N",,"condition OK","Y",,"Prather and Morris 2001; Morse et al. 2017; Giersch et al. 2012","N","Rhithron Associates, Inc.","B. Moore",,,
"b86a7c91-4e2b-433c-aeb7-80d8e43d0f75","D15","REDB","REDB.AOS.reach","2019-07-08T17:13Z","2019-08-05","REDB.20190708.HESS.3","A00000058834",,"POLSP17","Y","Polycelis sp.",,"genus","Platyhelminthes","Rhabditophora","Trepaxonemata",,,,"Neoophora",,,,"Planariidae",,,,"Polycelis","sp.",,"unknown",3,,3,37,8,"N","N",,"condition OK","Y",,"Thorp and Rogers 2016","Y","Rhithron Associates, Inc.","B. Moore",,,
"be2b4eaf-a947-4822-9550-cec53def1f8c","D15","REDB","REDB.AOS.reach","2019-07-08T17:13Z","2019-08-05","REDB.20190708.HESS.2","A00000058835",,"TRUSP","Y","Truncatelloidea sp.",,"superfamily","Mollusca",,"Gastropoda",,,,"Littorinimorpha",,,"Truncatelloidea",,,,,,"sp.",,"immature",1,,5,17,29,"Y","N",,"condition OK","Y",,"Criscione and Ponder 2013; Hersler 2017","N","Rhithron Associates, Inc.","B. Moore",,,
"7f341ee3-2e00-4707-80fe-d24a8b7a2554","D15","REDB","REDB.AOS.reach","2019-07-08T17:13Z","2019-08-05","REDB.20190708.HESS.2","A00000058835",,"BAETRI2","Y","Baetis tricaudatus cx.",,"speciesGroup","Arthropoda","Hexapoda","Insecta","Pterygota","Palaeoptera",,"Ephemeroptera",,,,"Baetidae",,,,"Baetis","tricaudatus cx.",,"larva",5,,1,17,6,"N","N",,"condition OK","Y",,"Morihara and McCafferty 1979; Wiersema, 2004; Webb et al. 2018","N","Rhithron Associates, Inc.","B. Moore",,"84b219eb-ee9d-4035-9700-2841ab8622ce",
"9e94fe0a-bcff-4045-8470-fa6ccf4d2ffc","D15","REDB","REDB.AOS.reach","2019-07-08T17:13Z","2019-08-05","REDB.20190708.HESS.4","A00000058818",,"NARSP","Y","Narpus sp.",,"genus","Arthropoda","Hexapoda","Insecta","Pterygota","Neoptera","Holometabola","Coleoptera","Polyphaga","Elateriformia","Byrrhoidea","Elmidae","Elminae","Elmini",,"Narpus","sp.",,"larva",2,,2,100,2,"N","N",,"condition OK","Y",,"Merritt et al. 2019","N","Rhithron Associates, Inc.","B. Moore",,,
"94ed1c7a-bb36-429c-9794-ce3bb52edb88","D15","REDB","REDB.AOS.reach","2019-07-08T17:13Z","2019-08-05","REDB.20190708.HESS.4","A00000058818",,"POLSP17","Y","Polycelis sp.",,"genus","Platyhelminthes","Rhabditophora","Trepaxonemata",,,,"Neoophora",,,,"Planariidae",,,,"Polycelis","sp.",,"unknown",2,,14,100,14,"N","N",,"condition OK","Y",,"Thorp and Rogers 2016","N","Rhithron Associates, Inc.","B. Moore",,,
"2074cf51-1d32-4561-bec4-1e4d73ada186","D15","REDB","REDB.AOS.reach","2019-07-08T17:13Z","2019-08-05","REDB.20190708.HESS.8","A00000058849",,"BAERHO","Y","Baetis rhodani gr.",,"speciesGroup","Arthropoda","Hexapoda","Insecta","Pterygota","Palaeoptera",,"Ephemeroptera",,,,"Baetidae",,,,"Baetis","rhodani gr.",,"larva",6,,2,17,12,"N","N","damaged","damaged, affecting taxonomy and measurement","Y",,"Morihara and McCafferty 1979; Wiersema, 2004; Webb et al. 2018","N","Rhithron Associates, Inc.","J. Webb",,"acc9d93d-d0e7-46a5-b557-1dea5bf2e305",
"b3292022-fb06-4bbb-bbbb-d7da6435106f","D15","REDB","REDB.AOS.reach","2019-07-08T17:13Z","2019-08-05","REDB.20190708.HESS.8","A00000058849",,"TRUSP","Y","Truncatelloidea sp.",,"superfamily","Mollusca",,"Gastropoda",,,,"Littorinimorpha",,,"Truncatelloidea",,,,,,"sp.",,"immature",1,,3,17,18,"Y","N",,"condition OK","Y",,"Criscione and Ponder 2013; Hersler 2017","N","Rhithron Associates, Inc.","J. Webb","1 NZM?",,
"fc8129de-63d3-4206-9f10-4d1b7d08b563","D15","REDB","REDB.AOS.reach","2019-07-08T17:13Z","2019-08-02","REDB.20190708.HESS.5","A00000058833",,"HYDSP26","Y","Hydrobaenus sp.",,"genus","Arthropoda","Hexapoda","Insecta","Pterygota","Neoptera","Holometabola","Diptera","Nematocera","Culicomorpha",,"Chironomidae","Orthocladiinae",,,"Hydrobaenus","sp.",,"larva",4,,1,17,6,"N","N",,"condition OK","Y",,"Weiderholm, 1983; Weiderholm, 1986; Epler 2001; Ferrington et al. 2019; Andersen, Cranston and Epler 2013","N","Rhithron Associates, Inc.","B. Hayford",,,
"ebc829d1-7e06-4706-8a1e-15ad7d6c4a14","D15","REDB","REDB.AOS.reach","2019-07-08T17:13Z","2019-08-02","REDB.20190708.HESS.4","A00000058818",,"THIGRO","Y","Thienemannimyia gr.",,"speciesGroup","Arthropoda","Hexapoda","Insecta","Pterygota","Neoptera","Holometabola","Diptera","Nematocera","Culicomorpha",,"Chironomidae","Tanypodinae","Pentaneurini",,"Thienemannimyia","gr.",,"larva",5,,2,100,2,"Y","N","early instar","condition OK","Y",,"Weiderholm, 1983; Weiderholm, 1986; Epler 2001; Ferrington et al. 2008; Andersen, Cranston and Epler 2017","N","Rhithron Associates, Inc.","B. Hayford",,,
"4886a7a3-7775-4318-98a5-9962607ba871","D15","REDB","REDB.AOS.reach","2019-07-08T17:13Z","2019-08-02","REDB.20190708.HESS.8","A00000058849",,"THIGRO","Y","Thienemannimyia gr.",,"speciesGroup","Arthropoda","Hexapoda","Insecta","Pterygota","Neoptera","Holometabola","Diptera","Nematocera","Culicomorpha",,"Chironomidae","Tanypodinae","Pentaneurini",,"Thienemannimyia","gr.",,"larva",6,,3,17,18,"Y","N","early instar","condition OK","Y",,"Weiderholm, 1983; Weiderholm, 1986; Epler 2001; Ferrington et al. 2008; Andersen, Cranston and Epler 2017","N","Rhithron Associates, Inc.","B. Hayford",,,
"e35c2a5e-fd34-4ebe-9b80-c5812c292146","D15","REDB","REDB.AOS.reach","2019-07-08T17:13Z","2019-08-02","REDB.20190708.HESS.4","A00000058818","BA19NEOMST07004O1|BA19NEOMST07004O2|BA19NEOMST07004O4|BA19NEOMST07004O3|BA19NEOMST07004O5","ENCSP1","Y","Enchytraeidae sp.",,"family","Annelida","Clitellata","Oligochaeta","Oligochaeta",,,"Enchytraeida",,,,"Enchytraeidae",,,,,"sp.",,"unknown",3,,1,100,1,"N","N",,"condition OK","Y",,"Kathman and Brinkhurst, 1999","N","Rhithron Associates, Inc.","A. Fasbender",,,
"fbd9f6fc-5ace-470d-b1a7-f187a46c5542","D15","REDB","REDB.AOS.reach","2019-07-08T17:13Z","2019-08-05","REDB.20190708.HESS.7","A00000058816",,"PISSP2","Y","Pisidiidae sp.",,"family","Mollusca",,"Bivalvia","Heterodonta",,,"Veneroida",,,"Corbiculoidea","Pisidiidae",,,,,"sp.",,"immature",1,,7,40,18,"Y","N",,"condition OK","N",,"Mackie 2007; Thorp and Rogers 2016","N","Rhithron Associates, Inc.","J. Webb",,,
"24affc8c-0819-4926-ad77-fdf6a6fd1441","D15","REDB","REDB.AOS.reach","2019-07-08T17:13Z","2019-08-05","REDB.20190708.HESS.4","A00000058818",,"LIMSP5","Y","Limnephilidae sp.",,"family","Arthropoda","Hexapoda","Insecta","Pterygota","Neoptera","Holometabola","Trichoptera",,,"Limnephiloidea","Limnephilidae",,,,,"sp.",,"larva",1,,3,100,3,"Y","N","early instar","condition OK","Y",,"Wiggins 1996; Merritt et al. 2019","N","Rhithron Associates, Inc.","B. Moore",,,
"950f743b-f100-4767-b0c9-c5d577e50aba","D15","REDB","REDB.AOS.reach","2019-07-08T17:13Z","2019-08-05","REDB.20190708.HESS.2","A00000058835",,"DICSP6","Y","Dicranota sp.",,"genus","Arthropoda","Hexapoda","Insecta","Pterygota","Neoptera","Holometabola","Diptera","Nematocera","Tipulomorpha",,"Tipulidae","Limoniinae","Pediciini",,"Dicranota","sp.",,"larva",10,,1,17,6,"N","N",,"condition OK","Y",,"Gelhaus and Podeniene 2018; Merritt et al. 2019","N","Rhithron Associates, Inc.","B. Moore",,,
"4f692f06-5d5f-4fc1-91ec-b55234ec73d5","D15","REDB","REDB.AOS.reach","2019-07-08T17:13Z","2019-08-02","REDB.20190708.HESS.8","A00000058849",,"BRUEUM","Y","Brundiniella eumorpha",,"species","Arthropoda","Hexapoda","Insecta","Pterygota","Neoptera","Holometabola","Diptera","Nematocera","Culicomorpha",,"Chironomidae","Tanypodinae","Macropelopiini",,"Brundiniella","eumorpha",,"larva",5,,3,17,18,"N","N",,"condition OK","Y",,"Weiderholm, 1983; Weiderholm, 1986; Epler 2001; Ferrington et al. 2008; Andersen, Cranston and Epler 2013","N","Rhithron Associates, Inc.","B. Hayford",,,
"6222a650-4c46-4219-8065-1c31f29a9171","D15","REDB","REDB.AOS.reach","2019-07-08T17:13Z","2019-08-05","REDB.20190708.HESS.8","A00000058849",,"POLSP17","Y","Polycelis sp.",,"genus","Platyhelminthes","Rhabditophora","Trepaxonemata",,,,"Neoophora",,,,"Planariidae",,,,"Polycelis","sp.",,"unknown",3,,6,17,35,"N","N",,"condition OK","Y",,"Thorp and Rogers 2016","N","Rhithron Associates, Inc.","J. Webb",,,
"b72ea58c-26d3-43fb-a58f-40d5c9459495","D15","REDB","REDB.AOS.reach","2019-07-08T17:13Z","2019-08-05","REDB.20190708.HESS.7","A00000058816",,"BAETRI2","Y","Baetis tricaudatus cx.",,"speciesGroup","Arthropoda","Hexapoda","Insecta","Pterygota","Palaeoptera",,"Ephemeroptera",,,,"Baetidae",,,,"Baetis","tricaudatus cx.",,"larva",2,,2,40,5,"N","N",,"condition OK","Y",,"Morihara and McCafferty 1979; Wiersema, 2004; Webb et al. 2018","N","Rhithron Associates, Inc.","J. Webb",,"d64d6b1e-c650-4829-9e7b-65a0b3d0b5bc",
"c8baf4f2-f8df-4f2e-bac7-6a40db374b52","D15","REDB","REDB.AOS.reach","2019-07-08T17:13Z","2019-08-02","REDB.20190708.HESS.5","A00000058833",,"CRISP2","Y","Cricotopus sp.",,"genus","Arthropoda","Hexapoda","Insecta","Pterygota","Neoptera","Holometabola","Diptera","Nematocera","Culicomorpha",,"Chironomidae","Orthocladiinae",,,"Cricotopus","sp.",,"pupa",3,,1,17,6,"N","N",,"condition OK","Y",,"Weiderholm, 1983; Weiderholm, 1986; Epler 2001; Ferrington et al. 2019; Andersen, Cranston and Epler 2013","N","Rhithron Associates, Inc.","B. Hayford",,,
"0d6a6716-a58f-412a-8054-4b5f3f55b687","D15","REDB","REDB.AOS.reach","2019-07-08T17:13Z","2019-08-02","REDB.20190708.HESS.8","A00000058849",,"MICSP6","Y","Micropsectra sp.",,"genus","Arthropoda","Hexapoda","Insecta","Pterygota","Neoptera","Holometabola","Diptera","Nematocera","Culicomorpha",,"Chironomidae","Chironominae","Tanytarsini",,"Micropsectra","sp.",,"larva",1,,9,17,53,"N","N",,"condition OK","Y",,"Weiderholm, 1983; Weiderholm, 1986; Epler 2001; Ferrington et al. 2019; Andersen, Cranston and Epler 2013","N","Rhithron Associates, Inc.","B. Hayford",,,
"0f4a5fe6-41fd-41e8-9612-6c27c1bcd904","D15","REDB","REDB.AOS.reach","2019-07-08T17:13Z","2019-08-02","REDB.20190708.HESS.7","A00000058816","BA19NEOMST07007O1","NAISP","Y","Naididae sp.",,"family","Annelida","Clitellata","Oligochaeta","Oligochaeta",,,"Tubificida",,,,"Naididae",,,,,"sp.",,"immature",5,,1,40,3,"Y","N",,"condition OK","Y",,"Kathman and Brinkhurst, 1999","N","Rhithron Associates, Inc.","A. Fasbender","w/o HC",,
"8903a12e-b257-4ca1-8a87-626d488b51e2","D15","REDB","REDB.AOS.reach","2019-07-08T17:13Z","2019-08-05","REDB.20190708.HESS.2","A00000058835",,"SIMSP1","Y","Simulium sp.",,"genus","Arthropoda","Hexapoda","Insecta","Pterygota","Neoptera","Holometabola","Diptera","Nematocera","Culicomorpha",,"Simuliidae","Simuliinae","Simuliini",,"Simulium","sp.",,"larva",3,,9,17,53,"N","N",,"condition OK","Y",,"Adler et al. 2004; Merritt et al. 2019","N","Rhithron Associates, Inc.","B. Moore",,,
"57cdc80e-bc1f-4f02-86f5-88ff6c8cd6df","D15","REDB","REDB.AOS.reach","2019-07-08T17:13Z","2019-08-05","REDB.20190708.HESS.1","A00000058850",,"BAETRI2","Y","Baetis tricaudatus cx.",,"speciesGroup","Arthropoda","Hexapoda","Insecta","Pterygota","Palaeoptera",,"Ephemeroptera",,,,"Baetidae",,,,"Baetis","tricaudatus cx.",,"larva",3,,2,53,4,"N","N",,"condition OK","Y",,"Morihara and McCafferty 1979; Wiersema, 2004; Webb et al. 2018","N","Rhithron Associates, Inc.","B. Moore",,"bdd0748b-2d60-4683-933b-57ce0a8e833e",
"86152423-8f61-4162-9ef2-a10e01ec9cc9","D15","REDB","REDB.AOS.reach","2019-07-08T17:13Z","2019-08-05","REDB.20190708.HESS.4","A00000058818",,"THYSP6","Y","Thyopsella sp.",,"genus","Arthropoda","Chelicerata","Arachnida","Acari",,"Acariformes","Trombidiformes","Prostigmata",,"Hydryphantoidea","Hydryphantidae",,,,"Thyopsella","sp.",,"adult",1,,1,100,1,"N","N",,"condition OK","Y",,"Thorp and Rogers 2016","N","Rhithron Associates, Inc.","B. Moore",,,
"d899e48c-10de-4f35-9320-32a6bc6d10e9","D15","REDB","REDB.AOS.reach","2019-07-08T17:13Z","2019-08-02","REDB.20190708.HESS.7","A00000058816",,"THIGRO","Y","Thienemannimyia gr.",,"speciesGroup","Arthropoda","Hexapoda","Insecta","Pterygota","Neoptera","Holometabola","Diptera","Nematocera","Culicomorpha",,"Chironomidae","Tanypodinae","Pentaneurini",,"Thienemannimyia","gr.",,"larva",6,,1,40,3,"Y","N","early instar","condition OK","Y",,"Weiderholm, 1983; Weiderholm, 1986; Epler 2001; Ferrington et al. 2008; Andersen, Cranston and Epler 2017","N","Rhithron Associates, Inc.","B. Hayford",,,
"9350747f-7e91-4501-99f4-f4294ef9fa2b","D15","REDB","REDB.AOS.reach","2019-07-08T17:13Z","2019-08-02","REDB.20190708.HESS.8","A00000058849",,"TANSP8","Y","Tanytarsini sp.",,"tribe","Arthropoda","Hexapoda","Insecta","Pterygota","Neoptera","Holometabola","Diptera","Nematocera","Culicomorpha",,"Chironomidae","Chironominae","Tanytarsini",,,"sp.",,"larva",1,,1,17,6,"Y","N","early instar","condition OK","N",,"Weiderholm, 1983; Weiderholm, 1986; Epler 2001; Ferrington et al. 2019; Andersen, Cranston and Epler 2013","N","Rhithron Associates, Inc.","B. Hayford",,,
"29ddc760-0b40-4379-93fc-7ad4a5db2976","D15","REDB","REDB.AOS.reach","2019-07-08T17:13Z","2019-08-05","REDB.20190708.HESS.4","A00000058818",,"POLSP17","Y","Polycelis sp.",,"genus","Platyhelminthes","Rhabditophora","Trepaxonemata",,,,"Neoophora",,,,"Planariidae",,,,"Polycelis","sp.",,"unknown",5,,3,100,3,"N","N",,"condition OK","Y",,"Thorp and Rogers 2016","N","Rhithron Associates, Inc.","B. Moore",,,
"f592e781-6d1e-4dce-8212-bf738137dade","D15","REDB","REDB.AOS.reach","2019-07-08T17:13Z","2019-08-02","REDB.20190708.HESS.5","A00000058833",,"ORTSP3","Y","Orthocladius sp.",,"genus","Arthropoda","Hexapoda","Insecta","Pterygota","Neoptera","Holometabola","Diptera","Nematocera","Culicomorpha",,"Chironomidae","Orthocladiinae",,,"Orthocladius","sp.",,"pupa",3,,2,17,12,"N","N",,"condition OK","Y",,"Weiderholm, 1983; Weiderholm, 1986; Epler 2001; Ferrington et al. 2019; Andersen, Cranston and Epler 2013","N","Rhithron Associates, Inc.","B. Hayford",,,
"ad2794e6-08d6-4361-9c81-3d2a12969015","D15","REDB","REDB.AOS.reach","2019-07-08T17:13Z","2019-08-02","REDB.20190708.HESS.5","A00000058833","BA19NEOMST07005O1","NAISP","Y","Naididae sp.",,"family","Annelida","Clitellata","Oligochaeta","Oligochaeta",,,"Tubificida",,,,"Naididae",,,,,"sp.",,"immature",3,,2,17,12,"Y","N",,"condition OK","N",,"Kathman and Brinkhurst, 1999","N","Rhithron Associates, Inc.","A. Fasbender","Rhyacodrilinae/Tubificinae w/ HC",,
"adc4391b-a45f-4a25-b1ae-f1b4e9ac2441","D15","REDB","REDB.AOS.reach","2019-07-08T17:13Z","2019-08-05","REDB.20190708.HESS.1","A00000058850",,"HETCOR","Y","Heterlimnius corpulentus",,"species","Arthropoda","Hexapoda","Insecta","Pterygota","Neoptera","Holometabola","Coleoptera","Polyphaga","Elateriformia","Byrrhoidea","Elmidae","Elminae","Elmini",,"Heterlimnius","corpulentus",,"larva",2,,1,53,2,"N","N",,"condition OK","Y",,"Brown 1972; Merritt et al. 2019; Kamite, 2009","N","Rhithron Associates, Inc.","B. Moore",,,
"b0f944b2-95dc-4e80-adb2-6508cef3819d","D15","REDB","REDB.AOS.reach","2019-07-08T17:13Z","2019-08-02","REDB.20190708.HESS.6","A00000058817",,"DIASP8","Y","Diamesa sp.",,"genus","Arthropoda","Hexapoda","Insecta","Pterygota","Neoptera","Holometabola","Diptera","Nematocera","Culicomorpha",,"Chironomidae","Diamesinae","Diamesini",,"Diamesa","sp.",,"pupa",4,,1,27,4,"N","N",,"condition OK","Y",,"Weiderholm, 1983; Weiderholm, 1986; Epler 2001; Ferrington et al. 2019; Andersen, Cranston and Epler 2013","N","Rhithron Associates, Inc.","B. Hayford",,,
"b4b09c37-6547-46ea-97fd-05c45d69ef92","D15","REDB","REDB.AOS.reach","2019-07-08T17:13Z","2019-08-05","REDB.20190708.HESS.3","A00000058834",,"TRISP","Y","Trichoptera sp.",,"order","Arthropoda","Hexapoda","Insecta","Pterygota","Neoptera","Holometabola","Trichoptera",,,,,,,,,"sp.",,"larva",1,,2,37,5,"Y","N","early instar","condition OK","Y",,"Merritt et al. 2019; Wiggins 1996","Y","Rhithron Associates, Inc.","B. Moore","Thremmatidae/Limnephilidae",,
"faa10935-c316-4b69-90ae-da659d2100fc","D15","REDB","REDB.AOS.reach","2019-07-08T17:13Z","2019-08-02","REDB.20190708.HESS.8","A00000058849",,"MONSP6","Y","Monodiamesa sp.",,"genus","Arthropoda","Hexapoda","Insecta","Pterygota","Neoptera","Holometabola","Diptera","Nematocera","Culicomorpha",,"Chironomidae","Prodiamesinae",,,"Monodiamesa","sp.",,"larva",6,,2,17,12,"N","N",,"condition OK","Y",,"Weiderholm, 1983; Weiderholm, 1986; Epler 2001; Ferrington et al. 2019; Andersen, Cranston and Epler 2013","N","Rhithron Associates, Inc.","B. Hayford",,,
"b8020ad9-f88c-4fc5-8564-243b113a46b1","D15","REDB","REDB.AOS.reach","2019-07-08T17:13Z","2019-08-05","REDB.20190708.HESS.8","A00000058849",,"FORSP3","Y","Forcipomyiinae sp.",,"subfamily","Arthropoda","Hexapoda","Insecta","Pterygota","Neoptera","Holometabola","Diptera","Nematocera","Culicomorpha",,"Ceratopogonidae","Forcipomyiinae",,,,"sp.",,"larva",1,,1,17,6,"Y","N","early instar","condition OK","Y",,"Merritt et al. 2019","N","Rhithron Associates, Inc.","J. Webb",,,
"3196ef6a-0513-48f9-b3af-e5830a591f73","D15","REDB","REDB.AOS.reach","2019-07-08T17:13Z","2019-08-02","REDB.20190708.HESS.4","A00000058818",,"CRISP6","Y","Cricotopus/Orthocladius sp.",,"speciesGroup","Arthropoda","Hexapoda","Insecta","Pterygota","Neoptera","Holometabola","Diptera","Nematocera","Culicomorpha",,"Chironomidae","Orthocladiinae",,,"Cricotopus/Orthocladius","sp.",,"larva",1,,2,100,2,"Y","N","early instar","condition OK","Y",,"Weiderholm, 1983; Weiderholm, 1986; Epler 2001; Ferrington et al. 2008; Andersen, Cranston and Epler 2013","N","Rhithron Associates, Inc.","B. Hayford",,,
"b378e06b-c78d-4a4d-a178-77da259c2b1b","D15","REDB","REDB.AOS.reach","2019-07-08T17:13Z","2019-08-05","REDB.20190708.HESS.3","A00000058834",,"OSTSP","Y","Ostracoda sp.",,"class","Arthropoda","Crustacea","Ostracoda",,,,,,,,,,,,,"sp.",,"unknown",1,,3,37,8,"N","N",,"condition OK","Y",,"Thorp and Rogers 2016","Y","Rhithron Associates, Inc.","B. Moore",,,
"5183d08d-bf77-44b2-8a50-8b9d105d24b0","D15","REDB","REDB.AOS.reach","2019-07-08T17:13Z","2019-08-05","REDB.20190708.HESS.1","A00000058850",,"HYDSP23","Y","Hydropsyche sp.",,"genus","Arthropoda","Hexapoda","Insecta","Pterygota","Neoptera","Holometabola","Trichoptera",,,"Hydropsychoidea","Hydropsychidae","Hydropsychinae",,,"Hydropsyche","sp.",,"larva",5,,1,53,2,"N","N",,"condition OK","Y",,"Wiggins, 1996; Geraci, 2010","N","Rhithron Associates, Inc.","B. Moore",,,
"cc0d2d5a-1a57-492c-97f7-837604f78736","D15","REDB","REDB.AOS.reach","2019-07-08T17:13Z","2019-08-05","REDB.20190708.HESS.6","A00000058817",,"ELMSP","Y","Elmidae sp.",,"family","Arthropoda","Hexapoda","Insecta","Pterygota","Neoptera","Holometabola","Coleoptera","Polyphaga","Elateriformia","Byrrhoidea","Elmidae",,,,,"sp.",,"larva",2,,1,27,4,"Y","N","early instar","condition OK","N",,"Brown, 1972; Merritt et al. 2019","N","Rhithron Associates, Inc.","J. Webb",,,
"54f02ed2-ef8c-48f7-9aff-5c078f4e4214","D15","REDB","REDB.AOS.reach","2019-07-08T17:13Z","2019-08-02","REDB.20190708.HESS.6","A00000058817",,"THIGRO","Y","Thienemannimyia gr.",,"speciesGroup","Arthropoda","Hexapoda","Insecta","Pterygota","Neoptera","Holometabola","Diptera","Nematocera","Culicomorpha",,"Chironomidae","Tanypodinae","Pentaneurini",,"Thienemannimyia","gr.",,"larva",3,,1,27,4,"Y","N","early instar","condition OK","Y",,"Weiderholm, 1983; Weiderholm, 1986; Epler 2001; Ferrington et al. 2008; Andersen, Cranston and Epler 2017","N","Rhithron Associates, Inc.","B. Hayford",,,
"e123556d-8d28-4fb6-9135-e693f5f7bf37","D15","REDB","REDB.AOS.reach","2019-07-08T17:13Z","2019-08-05","REDB.20190708.HESS.8","A00000058849",,"NEMSP5","Y","Nemouridae sp.",,"family","Arthropoda","Hexapoda","Insecta","Pterygota","Neoptera","Polyneoptera","Plecoptera","Euholognatha",,,"Nemouridae",,,,,"sp.",,"larva",1,,40,17,235,"Y","N","early instar","condition OK","N",,"Baumann et al. 1977; Stewart and Stark 2002; Merritt et al. 2019","N","Rhithron Associates, Inc.","J. Webb",,,
"4ff8269c-1b04-4c91-a2c1-7c435f5421eb","D15","REDB","REDB.AOS.reach","2019-07-08T17:13Z","2019-08-05","REDB.20190708.HESS.5","A00000058833",,"POLSP17","Y","Polycelis sp.",,"genus","Platyhelminthes","Rhabditophora","Trepaxonemata",,,,"Neoophora",,,,"Planariidae",,,,"Polycelis","sp.",,"unknown",2,,4,17,24,"N","N",,"condition OK","Y",,"Thorp and Rogers 2016","N","Rhithron Associates, Inc.","J. Webb",,,
"26ff3d3a-181d-45a5-9f4d-950d06d6e426","D15","REDB","REDB.AOS.reach","2019-07-08T17:13Z","2019-08-02","REDB.20190708.HESS.4","A00000058818",,"DIASP8","Y","Diamesa sp.",,"genus","Arthropoda","Hexapoda","Insecta","Pterygota","Neoptera","Holometabola","Diptera","Nematocera","Culicomorpha",,"Chironomidae","Diamesinae","Diamesini",,"Diamesa","sp.",,"larva",10,,1,100,1,"N","N",,"condition OK","Y",,"Weiderholm, 1983; Weiderholm, 1986; Epler 2001; Ferrington et al. 2019; Andersen, Cranston and Epler 2013","N","Rhithron Associates, Inc.","B. Hayford",,,
"7ac1c63d-f121-4a4a-a10c-445f645609f3","D15","REDB","REDB.AOS.reach","2019-07-08T17:13Z","2019-08-05","REDB.20190708.HESS.7","A00000058816",,"TRUSP","Y","Truncatelloidea sp.",,"superfamily","Mollusca",,"Gastropoda",,,,"Littorinimorpha",,,"Truncatelloidea",,,,,,"sp.",,"immature",1,,2,40,5,"Y","N",,"condition OK","Y",,"Criscione and Ponder 2013; Hersler 2017","N","Rhithron Associates, Inc.","J. Webb",,,
"046c869d-28c3-485c-8f6a-9b2c32a10bb9","D15","REDB","REDB.AOS.reach","2019-07-08T17:13Z","2019-08-02","REDB.20190708.HESS.4","A00000058818",,"CRISP6","Y","Cricotopus/Orthocladius sp.",,"speciesGroup","Arthropoda","Hexapoda","Insecta","Pterygota","Neoptera","Holometabola","Diptera","Nematocera","Culicomorpha",,"Chironomidae","Orthocladiinae",,,"Cricotopus/Orthocladius","sp.",,"larva",3,,2,100,2,"Y","N","early instar","condition OK","Y",,"Weiderholm, 1983; Weiderholm, 1986; Epler 2001; Ferrington et al. 2008; Andersen, Cranston and Epler 2013","N","Rhithron Associates, Inc.","B. Hayford",,,
"66b1d2de-c4e6-4267-8763-8e3611724ac4","D15","REDB","REDB.AOS.reach","2019-07-08T17:13Z","2019-08-05","REDB.20190708.HESS.2","A00000058835",,"MIDSP2","Y","Mideopsis sp.",,"genus","Arthropoda","Chelicerata","Arachnida","Acari",,"Acariformes","Trombidiformes","Prostigmata",,"Arrenuroidea","Mideopsidae",,,,"Mideopsis","sp.",,"adult",1,,1,17,6,"N","N",,"condition OK","Y",,"Thorp and Rogers 2016","N","Rhithron Associates, Inc.","B. Moore","Reference Collection(1)",,
"6a7193f2-3e1f-4826-9706-22bcdbe33e03","D15","REDB","REDB.AOS.reach","2019-07-08T17:13Z","2019-08-05","REDB.20190708.HESS.2","A00000058835",,"BAETRI2","Y","Baetis tricaudatus cx.",,"speciesGroup","Arthropoda","Hexapoda","Insecta","Pterygota","Palaeoptera",,"Ephemeroptera",,,,"Baetidae",,,,"Baetis","tricaudatus cx.",,"larva",2,,10,17,59,"N","N",,"condition OK","Y",,"Morihara and McCafferty 1979; Wiersema, 2004; Webb et al. 2018","N","Rhithron Associates, Inc.","B. Moore",,"89afe5f8-0f98-48f5-a73e-b64925b6da21",
"ce53e345-1420-4b9f-9499-b36e0fa15c0b","D15","REDB","REDB.AOS.reach","2019-07-08T17:13Z","2019-08-02","REDB.20190708.HESS.2","A00000058835",,"STESP10","Y","Stempellinella sp.",,"genus","Arthropoda","Hexapoda","Insecta","Pterygota","Neoptera","Holometabola","Diptera","Nematocera","Culicomorpha",,"Chironomidae","Chironominae","Tanytarsini",,"Stempellinella","sp.",,"pupa",2,,1,17,6,"N","N",,"condition OK","N",,"Weiderholm, 1983; Weiderholm, 1986; Epler 2001; Ferrington et al. 2019; Andersen, Cranston and Epler 2013","N","Rhithron Associates, Inc.","A. Fasbender",,,
"8175f9a4-e32d-4c49-9b82-5e50bfe55c47","D15","REDB","REDB.AOS.reach","2019-07-08T17:13Z","2019-08-02","REDB.20190708.HESS.3","A00000058834",,"PAGSP4","Y","Pagastia sp.",,"genus","Arthropoda","Hexapoda","Insecta","Pterygota","Neoptera","Holometabola","Diptera","Nematocera","Culicomorpha",,"Chironomidae","Diamesinae","Diamesini",,"Pagastia","sp.",,"larva",2,,2,37,5,"N","N",,"condition OK","Y",,"Weiderholm, 1983; Weiderholm, 1986; Epler 2001; Ferrington et al. 2019; Andersen, Cranston and Epler 2013","Y","Rhithron Associates, Inc.","A. Fasbender",,,
"cf1a8a64-7feb-4018-b730-c0ef2a4c33f7","D15","REDB","REDB.AOS.reach","2019-07-08T17:13Z","2019-08-05","REDB.20190708.HESS.7","A00000058816",,"RHYVOF","Y","Rhyacophila vofixa gr.",,"speciesGroup","Arthropoda","Hexapoda","Insecta","Pterygota","Neoptera","Holometabola","Trichoptera",,,"Rhyacophiloidea","Rhyacophilidae",,,,"Rhyacophila","vofixa gr.",,"larva",4,,1,40,3,"N","N",,"condition OK","Y",,"Prather and Morris 2001; Morse et al. 2017; Giersch et al. 2012","N","Rhithron Associates, Inc.","J. Webb",,,
"a4e2f58e-358d-484d-9adf-9bbef3e876f1","D15","REDB","REDB.AOS.reach","2019-07-08T17:13Z","2019-08-02","REDB.20190708.HESS.1","A00000058850",,"RHESP2","Y","Rheotanytarsus sp.",,"genus","Arthropoda","Hexapoda","Insecta","Pterygota","Neoptera","Holometabola","Diptera","Nematocera","Culicomorpha",,"Chironomidae","Chironominae","Tanytarsini",,"Rheotanytarsus","sp.",,"larva",2,,1,53,2,"N","N",,"condition OK","Y",,"Weiderholm, 1983; Weiderholm, 1986; Epler 2001; Ferrington et al. 2019; Andersen, Cranston and Epler 2013","N","Rhithron Associates, Inc.","A. Fasbender",,,
"e6a3ec10-3bc3-4161-9bf4-d23e7d783112","D15","REDB","REDB.AOS.reach","2019-07-08T17:13Z","2019-08-05","REDB.20190708.HESS.4","A00000058818",,"DICSP6","Y","Dicranota sp.",,"genus","Arthropoda","Hexapoda","Insecta","Pterygota","Neoptera","Holometabola","Diptera","Nematocera","Tipulomorpha",,"Tipulidae","Limoniinae","Pediciini",,"Dicranota","sp.",,"larva",8,,1,100,1,"N","N",,"condition OK","Y",,"Gelhaus and Podeniene 2018; Merritt et al. 2019","N","Rhithron Associates, Inc.","B. Moore",,,
"71eb9b06-5191-4584-af00-15be822cda3b","D15","REDB","REDB.AOS.reach","2019-07-08T17:13Z","2019-08-02","REDB.20190708.HESS.8","A00000058849",,"LARSP","Y","Larsia sp.",,"genus","Arthropoda","Hexapoda","Insecta","Pterygota","Neoptera","Holometabola","Diptera","Nematocera","Culicomorpha",,"Chironomidae","Tanypodinae","Pentaneurini",,"Larsia","sp.",,"larva",5,,2,17,12,"N","N",,"condition OK","Y",,"Weiderholm, 1983; Weiderholm, 1986; Epler 2001; Ferrington et al. 2019; Andersen, Cranston and Epler 2013","N","Rhithron Associates, Inc.","B. Hayford",,,
"abe6bb51-944f-4eb8-a5fb-8a26f08d1fad","D15","REDB","REDB.AOS.reach","2019-07-08T17:13Z","2019-08-02","REDB.20190708.HESS.5","A00000058833",,"CRISP6","Y","Cricotopus/Orthocladius sp.",,"speciesGroup","Arthropoda","Hexapoda","Insecta","Pterygota","Neoptera","Holometabola","Diptera","Nematocera","Culicomorpha",,"Chironomidae","Orthocladiinae",,,"Cricotopus/Orthocladius","sp.",,"larva",2,,1,17,6,"Y","N","early instar","condition OK","N",,"Weiderholm, 1983; Weiderholm, 1986; Epler 2001; Ferrington et al. 2008; Andersen, Cranston and Epler 2013","N","Rhithron Associates, Inc.","B. Hayford",,,
"e78dd44c-d0ef-4699-9d54-4a247cd29024","D15","REDB","REDB.AOS.reach","2019-07-08T17:13Z","2019-08-02","REDB.20190708.HESS.8","A00000058849",,"MICSP6","Y","Micropsectra sp.",,"genus","Arthropoda","Hexapoda","Insecta","Pterygota","Neoptera","Holometabola","Diptera","Nematocera","Culicomorpha",,"Chironomidae","Chironominae","Tanytarsini",,"Micropsectra","sp.",,"larva",4,,6,17,35,"N","N",,"condition OK","Y",,"Weiderholm, 1983; Weiderholm, 1986; Epler 2001; Ferrington et al. 2019; Andersen, Cranston and Epler 2013","N","Rhithron Associates, Inc.","B. Hayford",,,
"487a8a0b-cb3c-4025-b2c4-97cc3439a22f","D15","REDB","REDB.AOS.reach","2019-07-08T17:13Z","2019-08-02","REDB.20190708.HESS.4","A00000058818","BA19NEOMST07004O3|BA19NEOMST07004O1|BA19NEOMST07004O5|BA19NEOMST07004O2|BA19NEOMST07004O4","RHYSP5","Y","Rhyacodrilus sp.",,"genus","Annelida","Clitellata","Oligochaeta","Oligochaeta",,,"Tubificida",,,,"Naididae","Rhyacodrilinae",,,"Rhyacodrilus","sp.",,"immature",5,,4,100,4,"Y","N",,"condition OK","Y",,"Kathman and Brinkhurst, 1999","N","Rhithron Associates, Inc.","A. Fasbender",,,
"0cad2ee0-eebd-4720-9ef9-b44033cf3d87","D15","REDB","REDB.AOS.reach","2019-07-08T17:13Z","2019-08-05","REDB.20190708.HESS.2","A00000058835",,"LEBSP1","Y","Lebertia sp.",,"genus","Arthropoda","Chelicerata","Arachnida","Acari",,"Acariformes","Trombidiformes","Prostigmata",,"Lebertioidea","Lebertiidae",,,,"Lebertia","sp.",,"adult",1,,1,17,6,"N","N",,"condition OK","Y",,"Thorp and Rogers 2016","N","Rhithron Associates, Inc.","B. Moore",,,
"faa0a439-c3ee-4067-9634-93e6ec5320b0","D15","REDB","REDB.AOS.reach","2019-07-08T17:13Z","2019-08-02","REDB.20190708.HESS.8","A00000058849",,"BRUEUM","Y","Brundiniella eumorpha",,"species","Arthropoda","Hexapoda","Insecta","Pterygota","Neoptera","Holometabola","Diptera","Nematocera","Culicomorpha",,"Chironomidae","Tanypodinae","Macropelopiini",,"Brundiniella","eumorpha",,"larva",6,,1,17,6,"N","N",,"condition OK","Y",,"Weiderholm, 1983; Weiderholm, 1986; Epler 2001; Ferrington et al. 2008; Andersen, Cranston and Epler 2013","N","Rhithron Associates, Inc.","B. Hayford",,,
"0d5ecb97-8917-4858-9a5f-65daf7311990","D15","REDB","REDB.AOS.reach","2019-07-08T17:13Z","2019-08-05","REDB.20190708.HESS.1","A00000058850",,"PERSP1","Y","Perlidae sp.",,"family","Arthropoda","Hexapoda","Insecta","Pterygota","Neoptera","Polyneoptera","Plecoptera","Systellognatha",,,"Perlidae",,,,,"sp.",,"larva",2,,1,53,2,"Y","N","early instar","condition OK","Y",,"Stewart and Stark 2002; Merritt et al. 2019","N","Rhithron Associates, Inc.","B. Moore",,,
"ca6b1a7b-b701-43a8-8604-371e152832f7","D15","REDB","REDB.AOS.reach","2019-07-08T17:13Z","2019-08-02","REDB.20190708.HESS.6","A00000058817",,"EUKBRE","Y","Eukiefferiella brehmi gr.",,"speciesGroup","Arthropoda","Hexapoda","Insecta","Pterygota","Neoptera","Holometabola","Diptera","Nematocera","Culicomorpha",,"Chironomidae","Orthocladiinae",,,"Eukiefferiella","brehmi gr.",,"larva",2,,4,27,15,"N","N",,"condition OK","Y",,"Weiderholm, 1983; Bode, 1983; Weiderholm, 1986; Epler 2001; Ferrington et al. 2019; Andersen, Cranston and Epler 2013","N","Rhithron Associates, Inc.","B. Hayford",,,
"bfe2b055-3add-477f-9b8f-1dd7574b19c6","D15","REDB","REDB.AOS.reach","2019-07-08T17:13Z","2019-08-05","REDB.20190708.HESS.4","A00000058818",,"BAETRI2","Y","Baetis tricaudatus cx.",,"speciesGroup","Arthropoda","Hexapoda","Insecta","Pterygota","Palaeoptera",,"Ephemeroptera",,,,"Baetidae",,,,"Baetis","tricaudatus cx.",,"larva",3,,11,100,11,"N","N",,"condition OK","Y",,"Morihara and McCafferty 1979; Wiersema, 2004; Webb et al. 2018","N","Rhithron Associates, Inc.","B. Moore",,"0abbea03-310a-44b4-9a01-6de47fbd232c",
"d56bb0ea-d4dc-41a7-bb66-90cacc56433b","D15","REDB","REDB.AOS.reach","2019-07-08T17:13Z","2019-08-02","REDB.20190708.HESS.4","A00000058818",,"PARSP26","Y","Parametriocnemus sp.",,"genus","Arthropoda","Hexapoda","Insecta","Pterygota","Neoptera","Holometabola","Diptera","Nematocera","Culicomorpha",,"Chironomidae","Orthocladiinae",,,"Parametriocnemus","sp.",,"larva",6,,1,100,1,"N","N",,"condition OK","Y",,"Weiderholm, 1983; Weiderholm, 1986; Epler 2001; Ferrington et al. 2019; Andersen, Cranston and Epler 2013","N","Rhithron Associates, Inc.","B. Hayford",,,
"3c595be6-e731-4b89-a565-fbc72e0a21b3","D15","REDB","REDB.AOS.reach","2019-07-08T17:13Z","2019-08-05","REDB.20190708.HESS.3","A00000058834",,"TAESP","Y","Taeniopterygidae sp.",,"family","Arthropoda","Hexapoda","Insecta","Pterygota","Neoptera","Polyneoptera","Plecoptera","Euholognatha",,,"Taeniopterygidae",,,,,"sp.",,"larva",1,,61,37,165,"Y","N","early instar","condition OK","Y",,"Stewart and Stark 2002; Merritt et al. 2019","Y","Rhithron Associates, Inc.","B. Moore",,,
"85bbdab6-dc93-4971-8159-01253bb6e683","D15","REDB","REDB.AOS.reach","2019-07-08T17:13Z","2019-08-02","REDB.20190708.HESS.4","A00000058818",,"CHASP12","Y","Chaetocladius sp.",,"genus","Arthropoda","Hexapoda","Insecta","Pterygota","Neoptera","Holometabola","Diptera","Nematocera","Culicomorpha",,"Chironomidae","Orthocladiinae",,,"Chaetocladius","sp.",,"larva",7,,3,100,3,"N","N",,"condition OK","Y",,"Weiderholm, 1983; Weiderholm, 1986; Epler 2001; Ferrington et al. 2019; Andersen, Cranston and Epler 2013","N","Rhithron Associates, Inc.","B. Hayford",,,
"915d13f0-43be-48dc-bfd3-5e17d7dd054f","D15","REDB","REDB.AOS.reach","2019-07-08T17:13Z","2019-08-05","REDB.20190708.HESS.1","A00000058850",,"POLSP17","Y","Polycelis sp.",,"genus","Platyhelminthes","Rhabditophora","Trepaxonemata",,,,"Neoophora",,,,"Planariidae",,,,"Polycelis","sp.",,"unknown",3,,1,53,2,"N","N",,"condition OK","Y",,"Thorp and Rogers 2016","N","Rhithron Associates, Inc.","B. Moore",,,
"4ed1469a-0cc2-45e0-8081-f19e433fd3c1","D15","REDB","REDB.AOS.reach","2019-07-08T17:13Z","2019-08-02","REDB.20190708.HESS.7","A00000058816",,"EUKBRE","Y","Eukiefferiella brehmi gr.",,"speciesGroup","Arthropoda","Hexapoda","Insecta","Pterygota","Neoptera","Holometabola","Diptera","Nematocera","Culicomorpha",,"Chironomidae","Orthocladiinae",,,"Eukiefferiella","brehmi gr.",,"larva",1,,4,40,10,"N","N",,"condition OK","Y",,"Weiderholm, 1983; Bode, 1983; Weiderholm, 1986; Epler 2001; Ferrington et al. 2019; Andersen, Cranston and Epler 2013","N","Rhithron Associates, Inc.","B. Hayford",,,
"70a3d38e-11bb-423b-8316-8232d21ef004","D15","REDB","REDB.AOS.reach","2019-07-08T17:13Z","2019-08-02","REDB.20190708.HESS.3","A00000058834",,"KRESP1","Y","Krenosmittia sp.",,"genus","Arthropoda","Hexapoda","Insecta","Pterygota","Neoptera","Holometabola","Diptera","Nematocera","Culicomorpha",,"Chironomidae","Orthocladiinae",,,"Krenosmittia","sp.",,"larva",2,,1,37,3,"N","N",,"condition OK","Y",,"Weiderholm, 1983; Weiderholm, 1986; Epler 2001; Ferrington et al. 2019; Andersen, Cranston and Epler 2013","Y","Rhithron Associates, Inc.","A. Fasbender",,,
"e88813f1-46e1-4e6d-9386-b603015204a3","D15","REDB","REDB.AOS.reach","2019-07-08T17:13Z","2019-08-05","REDB.20190708.HESS.3","A00000058834",,"SIMSP1","Y","Simulium sp.",,"genus","Arthropoda","Hexapoda","Insecta","Pterygota","Neoptera","Holometabola","Diptera","Nematocera","Culicomorpha",,"Simuliidae","Simuliinae","Simuliini",,"Simulium","sp.",,"larva",3,,1,37,3,"N","N",,"condition OK","Y",,"Adler et al. 2004; Merritt et al. 2019","Y","Rhithron Associates, Inc.","B. Moore",,,
"1bafc7ac-56db-4ce5-be66-08773a238649","D15","REDB","REDB.AOS.reach","2019-07-08T17:13Z","2019-08-05","REDB.20190708.HESS.3","A00000058834",,"CERSP10","Y","Ceratopogoninae sp.",,"subfamily","Arthropoda","Hexapoda","Insecta","Pterygota","Neoptera","Holometabola","Diptera","Nematocera","Culicomorpha",,"Ceratopogonidae","Ceratopogoninae",,,,"sp.",,"larva",3,,1,37,3,"N","N",,"condition OK","Y",,"Merritt et al. 2019","Y","Rhithron Associates, Inc.","B. Moore",,,
"34c7aef1-f995-4a02-96f2-fa99f3c1eab5","D15","REDB","REDB.AOS.reach","2019-07-08T17:13Z","2019-08-05","REDB.20190708.HESS.7","A00000058816",,"HYDSP24","Y","Hydroptila sp.",,"genus","Arthropoda","Hexapoda","Insecta","Pterygota","Neoptera","Holometabola","Trichoptera",,,"Hydroptiloidea","Hydroptilidae","Hydroptilinae","Hydroptilini",,"Hydroptila","sp.",,"larva",4,,1,40,3,"N","N",,"condition OK","Y",,"Wiggins 1996; Merritt et al. 2019","N","Rhithron Associates, Inc.","J. Webb",,,
"7d49ce21-9ea2-42b7-9fc1-931459a24c79","D15","REDB","REDB.AOS.reach","2019-07-08T17:13Z","2019-08-05","REDB.20190708.HESS.4","A00000058818",,"TAESP","Y","Taeniopterygidae sp.",,"family","Arthropoda","Hexapoda","Insecta","Pterygota","Neoptera","Polyneoptera","Plecoptera","Euholognatha",,,"Taeniopterygidae",,,,,"sp.",,"larva",1,,19,100,19,"Y","N","early instar","condition OK","Y",,"Stewart and Stark 2002; Merritt et al. 2019","N","Rhithron Associates, Inc.","B. Moore",,,
"7ea4ec41-9f41-4107-a77a-48fadbc87188","D15","REDB","REDB.AOS.reach","2019-07-08T17:13Z","2019-08-02","REDB.20190708.HESS.7","A00000058816","BA19NEOMST07007O1","ENCSP1","Y","Enchytraeidae sp.",,"family","Annelida","Clitellata","Oligochaeta","Oligochaeta",,,"Enchytraeida",,,,"Enchytraeidae",,,,,"sp.",,"unknown",5,,1,40,3,"N","N",,"condition OK","Y",,"Kathman and Brinkhurst, 1999","N","Rhithron Associates, Inc.","A. Fasbender",,,
"e6ddc825-c639-4feb-8c1c-076139e74e17","D15","REDB","REDB.AOS.reach","2019-07-08T17:13Z","2019-08-02","REDB.20190708.HESS.4","A00000058818","BA19NEOMST07004O4|BA19NEOMST07004O1|BA19NEOMST07004O3|BA19NEOMST07004O5|BA19NEOMST07004O2","RHYSP5","Y","Rhyacodrilus sp.",,"genus","Annelida","Clitellata","Oligochaeta","Oligochaeta",,,"Tubificida",,,,"Naididae","Rhyacodrilinae",,,"Rhyacodrilus","sp.",,"immature",4,"4a",7,100,7,"Y","N",,"condition OK","Y",,"Kathman and Brinkhurst, 1999","N","Rhithron Associates, Inc.","A. Fasbender",,,
"cee0b859-7ab0-4c3c-b52c-976bd356f9b6","D15","REDB","REDB.AOS.reach","2019-07-08T17:13Z","2019-08-02","REDB.20190708.HESS.6","A00000058817",,"EUKBRE","Y","Eukiefferiella brehmi gr.",,"speciesGroup","Arthropoda","Hexapoda","Insecta","Pterygota","Neoptera","Holometabola","Diptera","Nematocera","Culicomorpha",,"Chironomidae","Orthocladiinae",,,"Eukiefferiella","brehmi gr.",,"larva",1,,4,27,15,"N","N",,"condition OK","Y",,"Weiderholm, 1983; Bode, 1983; Weiderholm, 1986; Epler 2001; Ferrington et al. 2019; Andersen, Cranston and Epler 2013","N","Rhithron Associates, Inc.","B. Hayford",,,
"c07b853e-969e-4461-91d5-796a16377894","D15","REDB","REDB.AOS.reach","2019-07-08T17:13Z","2019-08-05","REDB.20190708.HESS.8","A00000058849",,"LEPSP20","Y","Lepidostoma sp.",,"genus","Arthropoda","Hexapoda","Insecta","Pterygota","Neoptera","Holometabola","Trichoptera",,,"Limnephiloidea","Lepidostomatidae","Lepidostomatinae",,,"Lepidostoma","sp.",,"larva",10,,1,17,6,"N","N",,"condition OK","Y",,"Wiggins 1996; Merritt et al. 2019","N","Rhithron Associates, Inc.","J. Webb",,,
"67ee92a8-f1f9-40dc-b832-613159b9ec81","D15","REDB","REDB.AOS.reach","2019-07-08T17:13Z","2019-08-05","REDB.20190708.HESS.2","A00000058835",,"POLSP17","Y","Polycelis sp.",,"genus","Platyhelminthes","Rhabditophora","Trepaxonemata",,,,"Neoophora",,,,"Planariidae",,,,"Polycelis","sp.",,"unknown",2,,3,17,18,"N","N",,"condition OK","Y",,"Thorp and Rogers 2016","N","Rhithron Associates, Inc.","B. Moore",,,
"ada945b2-5cec-4c10-97fe-57803c21c469","D15","REDB","REDB.AOS.reach","2019-07-08T17:13Z","2019-08-05","REDB.20190708.HESS.5","A00000058833",,"CERSP10","Y","Ceratopogoninae sp.",,"subfamily","Arthropoda","Hexapoda","Insecta","Pterygota","Neoptera","Holometabola","Diptera","Nematocera","Culicomorpha",,"Ceratopogonidae","Ceratopogoninae",,,,"sp.",,"larva",4,,1,17,6,"N","N",,"condition OK","Y",,"Merritt et al. 2019","N","Rhithron Associates, Inc.","J. Webb",,,
"5a62680f-64ae-4a9f-939f-62aefe2d7528","D15","REDB","REDB.AOS.reach","2019-07-08T17:13Z","2019-08-02","REDB.20190708.HESS.5","A00000058833","BA19NEOMST07005O1","NAISP","Y","Naididae sp.",,"family","Annelida","Clitellata","Oligochaeta","Oligochaeta",,,"Tubificida",,,,"Naididae",,,,,"sp.",,"immature",5,,1,17,6,"Y","N",,"condition OK","N",,"Kathman and Brinkhurst, 1999","N","Rhithron Associates, Inc.","A. Fasbender","Rhyacodrilinae/Tubificinae w/ HC",,
"e7569e7f-dc36-4266-a57b-5bb1d138bc8f","D15","REDB","REDB.AOS.reach","2019-07-08T17:13Z","2019-08-05","REDB.20190708.HESS.3","A00000058834",,"SIMSP1","Y","Simulium sp.",,"genus","Arthropoda","Hexapoda","Insecta","Pterygota","Neoptera","Holometabola","Diptera","Nematocera","Culicomorpha",,"Simuliidae","Simuliinae","Simuliini",,"Simulium","sp.",,"larva",2,,1,37,3,"N","N",,"condition OK","Y",,"Adler et al. 2004; Merritt et al. 2019","Y","Rhithron Associates, Inc.","B. Moore",,,
"4066d418-9c01-4d66-8213-a72736a73915","D15","REDB","REDB.AOS.reach","2019-07-08T17:13Z","2019-08-05","REDB.20190708.HESS.3","A00000058834",,"NEOSP30","Y","Neoplasta sp.",,"genus","Arthropoda","Hexapoda","Insecta","Pterygota","Neoptera","Holometabola","Diptera","Brachycera","Muscomorpha",,"Empididae","Hemerodromiinae","Hemerodromiini",,"Neoplasta","sp.",,"larva",2,,1,37,3,"N","N",,"condition OK","Y",,"Merritt et al. 2019","Y","Rhithron Associates, Inc.","B. Moore",,,
"fc3b57ec-79d7-4fab-a1f0-573e4f67b732","D15","REDB","REDB.AOS.reach","2019-07-08T17:13Z","2019-08-02","REDB.20190708.HESS.3","A00000058834",,"THIGRO","Y","Thienemannimyia gr.",,"speciesGroup","Arthropoda","Hexapoda","Insecta","Pterygota","Neoptera","Holometabola","Diptera","Nematocera","Culicomorpha",,"Chironomidae","Tanypodinae","Pentaneurini",,"Thienemannimyia","gr.",,"larva",4,,5,37,14,"Y","N","early instar","condition OK","Y",,"Weiderholm, 1983; Weiderholm, 1986; Epler 2001; Ferrington et al. 2008; Andersen, Cranston and Epler 2017","Y","Rhithron Associates, Inc.","A. Fasbender",,,
"80df41c4-939a-406f-859d-876c8f03962e","D15","REDB","REDB.AOS.reach","2019-07-08T17:13Z","2019-08-02","REDB.20190708.HESS.8","A00000058849",,"CRISP6","Y","Cricotopus/Orthocladius sp.",,"speciesGroup","Arthropoda","Hexapoda","Insecta","Pterygota","Neoptera","Holometabola","Diptera","Nematocera","Culicomorpha",,"Chironomidae","Orthocladiinae",,,"Cricotopus/Orthocladius","sp.",,"larva",2,,2,17,12,"Y","N","early instar","condition OK","Y",,"Weiderholm, 1983; Weiderholm, 1986; Epler 2001; Ferrington et al. 2008; Andersen, Cranston and Epler 2013","N","Rhithron Associates, Inc.","B. Hayford",,,
"0897b258-65a9-4647-87da-b2c581387051","D15","REDB","REDB.AOS.reach","2019-07-08T17:13Z","2019-08-02","REDB.20190708.HESS.8","A00000058849",,"MICSP6","Y","Micropsectra sp.",,"genus","Arthropoda","Hexapoda","Insecta","Pterygota","Neoptera","Holometabola","Diptera","Nematocera","Culicomorpha",,"Chironomidae","Chironominae","Tanytarsini",,"Micropsectra","sp.",,"larva",2,,21,17,124,"N","N",,"condition OK","Y",,"Weiderholm, 1983; Weiderholm, 1986; Epler 2001; Ferrington et al. 2019; Andersen, Cranston and Epler 2013","N","Rhithron Associates, Inc.","B. Hayford",,,
"a401dad3-1f6d-4918-851a-db84a0129864","D15","REDB","REDB.AOS.reach","2019-07-08T17:13Z","2019-08-05","REDB.20190708.HESS.5","A00000058833",,"NEMSP5","Y","Nemouridae sp.",,"family","Arthropoda","Hexapoda","Insecta","Pterygota","Neoptera","Polyneoptera","Plecoptera","Euholognatha",,,"Nemouridae",,,,,"sp.",,"larva",1,,167,17,982,"Y","N","early instar","condition OK","Y",,"Baumann et al. 1977; Stewart and Stark 2002; Merritt et al. 2019","N","Rhithron Associates, Inc.","J. Webb",,,
"a407d674-9c22-4afc-85c8-8217a814f10b","D15","REDB","REDB.AOS.reach","2019-07-08T17:13Z","2019-08-05","REDB.20190708.HESS.8","A00000058849",,"TAESP","Y","Taeniopterygidae sp.",,"family","Arthropoda","Hexapoda","Insecta","Pterygota","Neoptera","Polyneoptera","Plecoptera","Euholognatha",,,"Taeniopterygidae",,,,,"sp.",,"larva",1,,26,17,153,"Y","N","early instar","condition OK","Y",,"Stewart and Stark 2002; Merritt et al. 2019","N","Rhithron Associates, Inc.","J. Webb",,,
"83e2e89b-12db-4331-aba6-170b2abe6cd5","D15","REDB","REDB.AOS.reach","2019-07-08T17:13Z","2019-08-05","REDB.20190708.HESS.6","A00000058817",,"MALSP4","Y","Malenka sp.",,"genus","Arthropoda","Hexapoda","Insecta","Pterygota","Neoptera","Polyneoptera","Plecoptera","Euholognatha",,,"Nemouridae","Amphinemurinae",,,"Malenka","sp.",,"larva",2,,1,27,4,"N","N",,"condition OK","Y",,"Stewart and Stark 2002; Merritt et al. 2019","N","Rhithron Associates, Inc.","J. Webb",,,
"8236a6e1-9bdd-41bc-92cd-f3d2001dc8b7","D15","REDB","REDB.AOS.reach","2019-07-08T17:13Z","2019-08-05","REDB.20190708.HESS.8","A00000058849",,"TRUSP","Y","Truncatelloidea sp.",,"superfamily","Mollusca",,"Gastropoda",,,,"Littorinimorpha",,,"Truncatelloidea",,,,,,"sp.",,"immature",2,,1,17,6,"Y","N",,"condition OK","Y",,"Criscione and Ponder 2013; Hersler 2017","N","Rhithron Associates, Inc.","J. Webb","1 NZM?",,
"bc84f87c-76c0-4581-b9bc-7eba5d4c11b8","D15","REDB","REDB.AOS.reach","2019-07-08T17:13Z","2019-08-02","REDB.20190708.HESS.8","A00000058849",,"BRUEUM","Y","Brundiniella eumorpha",,"species","Arthropoda","Hexapoda","Insecta","Pterygota","Neoptera","Holometabola","Diptera","Nematocera","Culicomorpha",,"Chironomidae","Tanypodinae","Macropelopiini",,"Brundiniella","eumorpha",,"larva",4,,2,17,12,"N","N",,"condition OK","Y",,"Weiderholm, 1983; Weiderholm, 1986; Epler 2001; Ferrington et al. 2008; Andersen, Cranston and Epler 2013","N","Rhithron Associates, Inc.","B. Hayford",,,
"22bfb24a-3e44-4d8c-b91b-2bebad83bc6e","D15","REDB","REDB.AOS.reach","2019-07-08T17:13Z","2019-08-02","REDB.20190708.HESS.8","A00000058849",,"RHESP2","Y","Rheotanytarsus sp.",,"genus","Arthropoda","Hexapoda","Insecta","Pterygota","Neoptera","Holometabola","Diptera","Nematocera","Culicomorpha",,"Chironomidae","Chironominae","Tanytarsini",,"Rheotanytarsus","sp.",,"larva",3,,2,17,12,"N","N",,"condition OK","Y",,"Weiderholm, 1983; Weiderholm, 1986; Epler 2001; Ferrington et al. 2019; Andersen, Cranston and Epler 2013","N","Rhithron Associates, Inc.","B. Hayford",,,
"8435fcd6-6ad8-48f1-be0a-34fa8de6ff12","D15","REDB","REDB.AOS.reach","2019-07-08T17:13Z","2019-08-02","REDB.20190708.HESS.2","A00000058835",,"STESP10","Y","Stempellinella sp.",,"genus","Arthropoda","Hexapoda","Insecta","Pterygota","Neoptera","Holometabola","Diptera","Nematocera","Culicomorpha",,"Chironomidae","Chironominae","Tanytarsini",,"Stempellinella","sp.",,"larva",2,,3,17,18,"N","N",,"condition OK","Y",,"Weiderholm, 1983; Weiderholm, 1986; Epler 2001; Ferrington et al. 2019; Andersen, Cranston and Epler 2013","N","Rhithron Associates, Inc.","A. Fasbender",,,
"05e2045f-c85e-4521-b72d-8d2e77f2e85d","D15","REDB","REDB.AOS.reach","2019-07-08T17:13Z","2019-08-05","REDB.20190708.HESS.6","A00000058817",,"WORSP","Y","Wormaldia sp.",,"genus","Arthropoda","Hexapoda","Insecta","Pterygota","Neoptera","Holometabola","Trichoptera",,,"Philopotamoidea","Philopotamidae","Philopotaminae",,,"Wormaldia","sp.",,"larva",4,,1,27,4,"N","N",,"condition OK","Y",,"Wiggins 1996; Merritt et al. 2019","N","Rhithron Associates, Inc.","J. Webb",,,
"26b1441f-937a-43c4-bf53-9f397aa3e95b","D15","REDB","REDB.AOS.reach","2019-07-08T17:13Z","2019-08-05","REDB.20190708.HESS.4","A00000058818",,"BAESP2","Y","Baetis sp.",,"genus","Arthropoda","Hexapoda","Insecta","Pterygota","Palaeoptera",,"Ephemeroptera","Pisciforma",,,"Baetidae",,,,"Baetis","sp.",,"larva",1,,68,100,68,"Y","N","early instar","condition OK","N",,"Merritt et al. 2019","N","Rhithron Associates, Inc.","B. Moore",,,
"7e9c932e-38c6-4299-be78-156da95a8a17","D15","REDB","REDB.AOS.reach","2019-07-08T17:13Z","2019-08-02","REDB.20190708.HESS.1","A00000058850",,"PENSP7","Y","Pentaneura sp.",,"genus","Arthropoda","Hexapoda","Insecta","Pterygota","Neoptera","Holometabola","Diptera","Nematocera","Culicomorpha",,"Chironomidae","Tanypodinae","Pentaneurini",,"Pentaneura","sp.",,"larva",2,,2,53,4,"N","N",,"condition OK","Y",,"Weiderholm, 1983; Weiderholm, 1986; Epler 2001; Ferrington et al. 2019; Andersen, Cranston and Epler 2013","N","Rhithron Associates, Inc.","A. Fasbender",,,
"c2d55cc1-c185-49f8-8af2-eb7e4d3c98fe","D15","REDB","REDB.AOS.reach","2019-07-08T17:13Z","2019-08-05","REDB.20190708.HESS.5","A00000058833",,"OSTSP","Y","Ostracoda sp.",,"class","Arthropoda","Crustacea","Ostracoda",,,,,,,,,,,,,"sp.",,"unknown",1,,2,17,12,"N","N",,"condition OK","Y",,"Thorp and Rogers 2016","N","Rhithron Associates, Inc.","J. Webb",,,
"0db15994-a453-41f5-8a77-47e55c05f6ee","D15","REDB","REDB.AOS.reach","2019-07-08T17:13Z","2019-08-05","REDB.20190708.HESS.1","A00000058850",,"LEPSP4","Y","Leptophlebiidae sp.",,"family","Arthropoda","Hexapoda","Insecta","Pterygota","Palaeoptera",,"Ephemeroptera","Furcatergalia","Lanceolata",,"Leptophlebiidae",,,,,"sp.",,"larva",2,,3,53,6,"N","N","damaged","damaged, affecting taxonomy and measurement","Y",,"Merritt et al. 2019","N","Rhithron Associates, Inc.","B. Moore",,,
"7af38abe-da79-43aa-810d-1726143bd916","D15","REDB","REDB.AOS.reach","2019-07-08T17:13Z","2019-08-02","REDB.20190708.HESS.7","A00000058816",,"THIGRO","Y","Thienemannimyia gr.",,"speciesGroup","Arthropoda","Hexapoda","Insecta","Pterygota","Neoptera","Holometabola","Diptera","Nematocera","Culicomorpha",,"Chironomidae","Tanypodinae","Pentaneurini",,"Thienemannimyia","gr.",,"larva",5,,3,40,8,"Y","N","early instar","condition OK","Y",,"Weiderholm, 1983; Weiderholm, 1986; Epler 2001; Ferrington et al. 2008; Andersen, Cranston and Epler 2017","N","Rhithron Associates, Inc.","B. Hayford",,,
"d9b7c04c-57d4-4b05-ac3d-519dba7d42bb","D15","REDB","REDB.AOS.reach","2019-07-08T17:13Z","2019-08-05","REDB.20190708.HESS.1","A00000058850",,"NEMSP5","Y","Nemouridae sp.",,"family","Arthropoda","Hexapoda","Insecta","Pterygota","Neoptera","Polyneoptera","Plecoptera","Euholognatha",,,"Nemouridae",,,,,"sp.",,"larva",1,,132,53,249,"Y","N","early instar","condition OK","N",,"Baumann et al. 1977; Stewart and Stark 2002; Merritt et al. 2019","N","Rhithron Associates, Inc.","B. Moore",,,
"52997784-ed12-4074-9a01-c3c227a54b47","D15","REDB","REDB.AOS.reach","2019-07-08T17:13Z","2019-08-02","REDB.20190708.HESS.3","A00000058834",,"EUKBRE","Y","Eukiefferiella brehmi gr.",,"speciesGroup","Arthropoda","Hexapoda","Insecta","Pterygota","Neoptera","Holometabola","Diptera","Nematocera","Culicomorpha",,"Chironomidae","Orthocladiinae",,,"Eukiefferiella","brehmi gr.",,"larva",1,,1,37,3,"N","N",,"condition OK","Y",,"Weiderholm, 1983; Bode, 1983; Weiderholm, 1986; Epler 2001; Ferrington et al. 2019; Andersen, Cranston and Epler 2013","Y","Rhithron Associates, Inc.","A. Fasbender",,,
"315eb41f-6265-4993-ac1f-09ade6c9179b","D15","REDB","REDB.AOS.reach","2019-07-08T17:13Z","2019-08-05","REDB.20190708.HESS.5","A00000058833",,"WANSP","Y","Wandesia sp.",,"genus","Arthropoda","Chelicerata","Arachnida","Acari",,"Acariformes","Trombidiformes","Prostigmata",,"Hydryphantoidea","Hydryphantidae",,,,"Wandesia","sp.",,"adult",1,,2,17,12,"N","N",,"condition OK","Y",,"Thorp and Rogers 2016","N","Rhithron Associates, Inc.","J. Webb",,,
"ab871917-be22-4693-bd93-954d3e9702b0","D15","REDB","REDB.AOS.reach","2019-07-08T17:13Z","2019-08-05","REDB.20190708.HESS.2","A00000058835",,"NEOSP69","Y","Neoleptophlebia sp.",,"genus","Arthropoda","Hexapoda","Insecta","Pterygota","Palaeoptera",,"Ephemeroptera","Furcatergalia","Lanceolata",,"Leptophlebiidae",,,,"Neoleptophlebia","sp.",,"larva",2,,4,17,24,"N","N",,"condition OK","Y",,"Merritt et al. 2019; Tiunova and Kluge 2016","N","Rhithron Associates, Inc.","B. Moore",,,
"952fa55a-234f-4d46-bd1c-7e58d0b273c8","D15","REDB","REDB.AOS.reach","2019-07-08T17:13Z","2019-08-02","REDB.20190708.HESS.2","A00000058835",,"PENSP7","Y","Pentaneura sp.",,"genus","Arthropoda","Hexapoda","Insecta","Pterygota","Neoptera","Holometabola","Diptera","Nematocera","Culicomorpha",,"Chironomidae","Tanypodinae","Pentaneurini",,"Pentaneura","sp.",,"larva",3,,2,17,12,"N","N",,"condition OK","Y",,"Weiderholm, 1983; Weiderholm, 1986; Epler 2001; Ferrington et al. 2019; Andersen, Cranston and Epler 2013","N","Rhithron Associates, Inc.","A. Fasbender",,,
"edcef29e-e82f-45fc-9248-6d2fc47a49ef","D15","REDB","REDB.AOS.reach","2019-07-08T17:13Z","2019-08-05","REDB.20190708.HESS.3","A00000058834",,"BAETRI2","Y","Baetis tricaudatus cx.",,"speciesGroup","Arthropoda","Hexapoda","Insecta","Pterygota","Palaeoptera",,"Ephemeroptera",,,,"Baetidae",,,,"Baetis","tricaudatus cx.",,"larva",5,,1,37,3,"N","N",,"condition OK","Y",,"Morihara and McCafferty 1979; Wiersema, 2004; Webb et al. 2018","Y","Rhithron Associates, Inc.","B. Moore",,"b7fd5b28-0920-4c31-979b-678e276ce465",
"8063fc84-9ef1-413a-a729-f32fdfa7543b","D15","REDB","REDB.AOS.reach","2019-07-08T17:13Z","2019-08-05","REDB.20190708.HESS.6","A00000058817",,"POLSP17","Y","Polycelis sp.",,"genus","Platyhelminthes","Rhabditophora","Trepaxonemata",,,,"Neoophora",,,,"Planariidae",,,,"Polycelis","sp.",,"unknown",2,,4,27,15,"N","N",,"condition OK","Y",,"Thorp and Rogers 2016","N","Rhithron Associates, Inc.","J. Webb",,,
"391548f5-4169-44cc-aa24-0f8d9e910fc9","D15","REDB","REDB.AOS.reach","2019-07-08T17:13Z","2019-08-05","REDB.20190708.HESS.7","A00000058816",,"POLSP17","Y","Polycelis sp.",,"genus","Platyhelminthes","Rhabditophora","Trepaxonemata",,,,"Neoophora",,,,"Planariidae",,,,"Polycelis","sp.",,"unknown",4,,2,40,5,"N","N",,"condition OK","Y",,"Thorp and Rogers 2016","N","Rhithron Associates, Inc.","J. Webb",,,
"16b4cbae-3cdd-44a4-95dd-0bce11935406","D15","REDB","REDB.AOS.reach","2019-07-08T17:13Z","2019-08-05","REDB.20190708.HESS.4","A00000058818",,"HETCOR","Y","Heterlimnius corpulentus",,"species","Arthropoda","Hexapoda","Insecta","Pterygota","Neoptera","Holometabola","Coleoptera","Polyphaga","Elateriformia","Byrrhoidea","Elmidae","Elminae","Elmini",,"Heterlimnius","corpulentus",,"larva",2,,3,100,3,"N","N",,"condition OK","Y",,"Brown 1972; Merritt et al. 2019; Kamite, 2009","N","Rhithron Associates, Inc.","B. Moore",,,
"26c323b5-3042-4815-8100-d86c3edef9c1","D15","REDB","REDB.AOS.reach","2019-07-08T17:13Z","2019-08-02","REDB.20190708.HESS.7","A00000058816",,"ORTSP1","Y","Orthocladiinae sp.",,"subfamily","Arthropoda","Hexapoda","Insecta","Pterygota","Neoptera","Holometabola","Diptera","Nematocera","Culicomorpha",,"Chironomidae","Orthocladiinae",,,,"sp.",,"pupa",2,,1,40,3,"N","N","damaged","damaged, affecting taxonomy and measurement","N",,"Weiderholm, 1983; Weiderholm, 1986; Epler 2001; Ferrington et al. 2019; Andersen, Cranston and Epler 2013","N","Rhithron Associates, Inc.","B. Hayford",,,
"f079fe2f-3cfa-42a4-8ed7-2d35eb324f49","D15","REDB","REDB.AOS.reach","2019-07-08T17:13Z","2019-08-02","REDB.20190708.HESS.7","A00000058816",,"KRESP1","Y","Krenosmittia sp.",,"genus","Arthropoda","Hexapoda","Insecta","Pterygota","Neoptera","Holometabola","Diptera","Nematocera","Culicomorpha",,"Chironomidae","Orthocladiinae",,,"Krenosmittia","sp.",,"pupa",2,,1,40,3,"N","N",,"condition OK","Y",,"Weiderholm, 1983; Weiderholm, 1986; Epler 2001; Ferrington et al. 2019; Andersen, Cranston and Epler 2013","N","Rhithron Associates, Inc.","B. Hayford","Reference Collection(1)",,
"a15a46ab-73d4-408b-b054-384a11846959","D15","REDB","REDB.AOS.reach","2019-07-08T17:13Z","2019-08-02","REDB.20190708.HESS.8","A00000058849",,"BRUEUM","Y","Brundiniella eumorpha",,"species","Arthropoda","Hexapoda","Insecta","Pterygota","Neoptera","Holometabola","Diptera","Nematocera","Culicomorpha",,"Chironomidae","Tanypodinae","Macropelopiini",,"Brundiniella","eumorpha",,"larva",7,,1,17,6,"N","N",,"condition OK","Y",,"Weiderholm, 1983; Weiderholm, 1986; Epler 2001; Ferrington et al. 2008; Andersen, Cranston and Epler 2013","N","Rhithron Associates, Inc.","B. Hayford",,,
"55c64736-108a-4073-a6a5-185a47d7f695","D15","REDB","REDB.AOS.reach","2019-07-08T17:13Z","2019-08-02","REDB.20190708.HESS.2","A00000058835",,"MICSP6","Y","Micropsectra sp.",,"genus","Arthropoda","Hexapoda","Insecta","Pterygota","Neoptera","Holometabola","Diptera","Nematocera","Culicomorpha",,"Chironomidae","Chironominae","Tanytarsini",,"Micropsectra","sp.",,"larva",2,,2,17,12,"N","N",,"condition OK","Y",,"Weiderholm, 1983; Weiderholm, 1986; Epler 2001; Ferrington et al. 2019; Andersen, Cranston and Epler 2013","N","Rhithron Associates, Inc.","A. Fasbender",,,
"2264e338-eb13-485f-ae36-188a1b1dc5f0","D15","REDB","REDB.AOS.reach","2019-07-08T17:13Z","2019-08-02","REDB.20190708.HESS.3","A00000058834","BA19NEOMST07003O1","NAISP","Y","Naididae sp.",,"family","Annelida","Clitellata","Oligochaeta","Oligochaeta",,,"Tubificida",,,,"Naididae",,,,,"sp.",,"immature",5,,1,37,3,"Y","N",,"condition OK","Y",,"Kathman and Brinkhurst, 1999","Y","Rhithron Associates, Inc.","A. Fasbender","w/o HC",,
"af70ac79-fbae-446c-8d13-c676b71a4741","D15","REDB","REDB.AOS.reach","2019-07-08T17:13Z","2019-08-02","REDB.20190708.HESS.4","A00000058818",,"THIGRO","Y","Thienemannimyia gr.",,"speciesGroup","Arthropoda","Hexapoda","Insecta","Pterygota","Neoptera","Holometabola","Diptera","Nematocera","Culicomorpha",,"Chironomidae","Tanypodinae","Pentaneurini",,"Thienemannimyia","gr.",,"larva",4,,3,100,3,"Y","N","early instar","condition OK","Y",,"Weiderholm, 1983; Weiderholm, 1986; Epler 2001; Ferrington et al. 2008; Andersen, Cranston and Epler 2017","N","Rhithron Associates, Inc.","B. Hayford",,,
"504006c8-d5e7-4b28-a848-43a635f64e54","D15","REDB","REDB.AOS.reach","2019-07-08T17:13Z","2019-08-02","REDB.20190708.HESS.1","A00000058850",,"DIASP8","Y","Diamesa sp.",,"genus","Arthropoda","Hexapoda","Insecta","Pterygota","Neoptera","Holometabola","Diptera","Nematocera","Culicomorpha",,"Chironomidae","Diamesinae","Diamesini",,"Diamesa","sp.",,"larva",8,,1,53,2,"N","N",,"condition OK","Y",,"Weiderholm, 1983; Weiderholm, 1986; Epler 2001; Ferrington et al. 2019; Andersen, Cranston and Epler 2013","N","Rhithron Associates, Inc.","A. Fasbender",,,
"4338f3fe-8439-4d00-9d4e-61eabae58b8f","D15","REDB","REDB.AOS.reach","2019-07-08T17:13Z","2019-08-05","REDB.20190708.HESS.4","A00000058818",,"CLEADD","Y","Cleptelmis addenda",,"species","Arthropoda","Hexapoda","Insecta","Pterygota","Neoptera","Holometabola","Coleoptera","Polyphaga","Elateriformia","Byrrhoidea","Elmidae","Elminae","Elmini",,"Cleptelmis","addenda",,"larva",3,,1,100,1,"N","N",,"condition OK","Y",,"Merritt et al. 2019; Shepard 1989; Brown 1983","N","Rhithron Associates, Inc.","B. Moore",,,
"e42989b3-9ec7-439d-b81f-917e5f1fc7e2","D15","REDB","REDB.AOS.reach","2019-07-08T17:13Z","2019-08-02","REDB.20190708.HESS.6","A00000058817",,"RHESP2","Y","Rheotanytarsus sp.",,"genus","Arthropoda","Hexapoda","Insecta","Pterygota","Neoptera","Holometabola","Diptera","Nematocera","Culicomorpha",,"Chironomidae","Chironominae","Tanytarsini",,"Rheotanytarsus","sp.",,"larva",3,,1,27,4,"N","N",,"condition OK","Y",,"Weiderholm, 1983; Weiderholm, 1986; Epler 2001; Ferrington et al. 2019; Andersen, Cranston and Epler 2013","N","Rhithron Associates, Inc.","B. Hayford",,,
"5dbe547c-98b7-405f-9324-7180eab081fc","D15","REDB","REDB.AOS.reach","2019-07-08T17:13Z","2019-08-02","REDB.20190708.HESS.3","A00000058834",,"PENSP7","Y","Pentaneura sp.",,"genus","Arthropoda","Hexapoda","Insecta","Pterygota","Neoptera","Holometabola","Diptera","Nematocera","Culicomorpha",,"Chironomidae","Tanypodinae","Pentaneurini",,"Pentaneura","sp.",,"larva",4,,1,37,3,"N","N",,"condition OK","Y",,"Weiderholm, 1983; Weiderholm, 1986; Epler 2001; Ferrington et al. 2019; Andersen, Cranston and Epler 2013","Y","Rhithron Associates, Inc.","A. Fasbender",,,
"5ebe7097-18c7-4be2-9311-38dc3201ecd3","D15","REDB","REDB.AOS.reach","2019-07-08T17:13Z","2019-08-05","REDB.20190708.HESS.6","A00000058817",,"POLSP17","Y","Polycelis sp.",,"genus","Platyhelminthes","Rhabditophora","Trepaxonemata",,,,"Neoophora",,,,"Planariidae",,,,"Polycelis","sp.",,"unknown",1,,3,27,11,"N","N",,"condition OK","Y",,"Thorp and Rogers 2016","N","Rhithron Associates, Inc.","J. Webb",,,
"61a8b94d-cdec-4b2a-9e9d-6396117148d9","D15","REDB","REDB.AOS.reach","2019-07-08T17:13Z","2019-08-02","REDB.20190708.HESS.8","A00000058849",,"RHESP2","Y","Rheotanytarsus sp.",,"genus","Arthropoda","Hexapoda","Insecta","Pterygota","Neoptera","Holometabola","Diptera","Nematocera","Culicomorpha",,"Chironomidae","Chironominae","Tanytarsini",,"Rheotanytarsus","sp.",,"pupa",2,,2,17,12,"N","N",,"condition OK","N",,"Weiderholm, 1983; Weiderholm, 1986; Epler 2001; Ferrington et al. 2019; Andersen, Cranston and Epler 2013","N","Rhithron Associates, Inc.","B. Hayford",,,
"379831b8-6cb9-4b9b-ba63-c373ac29231f","D15","REDB","REDB.AOS.reach","2019-07-08T17:13Z","2019-08-02","REDB.20190708.HESS.6","A00000058817","BA19NEOMST07006O1|BA19NEOMST07006O3|BA19NEOMST07006O4|BA19NEOMST07006O2","ENCSP1","Y","Enchytraeidae sp.",,"family","Annelida","Clitellata","Oligochaeta","Oligochaeta",,,"Enchytraeida",,,,"Enchytraeidae",,,,,"sp.",,"unknown",3,,1,27,4,"N","N",,"condition OK","Y",,"Kathman and Brinkhurst, 1999","N","Rhithron Associates, Inc.","A. Fasbender",,,
"30db2885-b46a-4682-a99d-98ed7e393213","D15","REDB","REDB.AOS.reach","2019-07-08T17:13Z","2019-08-05","REDB.20190708.HESS.6","A00000058817",,"POLSP17","Y","Polycelis sp.",,"genus","Platyhelminthes","Rhabditophora","Trepaxonemata",,,,"Neoophora",,,,"Planariidae",,,,"Polycelis","sp.",,"unknown",5,,1,27,4,"N","N",,"condition OK","Y",,"Thorp and Rogers 2016","N","Rhithron Associates, Inc.","J. Webb",,,
"ded43e7c-ae2f-41f5-b6bb-2660ac593363","D15","REDB","REDB.AOS.reach","2019-07-08T17:13Z","2019-08-05","REDB.20190708.HESS.5","A00000058833",,"HYDSP23","Y","Hydropsyche sp.",,"genus","Arthropoda","Hexapoda","Insecta","Pterygota","Neoptera","Holometabola","Trichoptera",,,"Hydropsychoidea","Hydropsychidae","Hydropsychinae",,,"Hydropsyche","sp.",,"larva",11,,2,17,12,"N","N",,"condition OK","Y",,"Wiggins, 1996; Geraci, 2010","N","Rhithron Associates, Inc.","J. Webb",,,
"c8d846d5-7d89-4725-b8d5-36a5b92b45d7","D15","REDB","REDB.AOS.reach","2019-07-08T17:13Z","2019-08-02","REDB.20190708.HESS.2","A00000058835",,"PENSP7","Y","Pentaneura sp.",,"genus","Arthropoda","Hexapoda","Insecta","Pterygota","Neoptera","Holometabola","Diptera","Nematocera","Culicomorpha",,"Chironomidae","Tanypodinae","Pentaneurini",,"Pentaneura","sp.",,"larva",2,,1,17,6,"N","N",,"condition OK","Y",,"Weiderholm, 1983; Weiderholm, 1986; Epler 2001; Ferrington et al. 2019; Andersen, Cranston and Epler 2013","N","Rhithron Associates, Inc.","A. Fasbender",,,
"c8564802-818d-4050-9558-c00e18ed4bf4","D15","REDB","REDB.AOS.reach","2019-07-08T17:13Z","2019-08-02","REDB.20190708.HESS.3","A00000058834",,"THIGRO","Y","Thienemannimyia gr.",,"speciesGroup","Arthropoda","Hexapoda","Insecta","Pterygota","Neoptera","Holometabola","Diptera","Nematocera","Culicomorpha",,"Chironomidae","Tanypodinae","Pentaneurini",,"Thienemannimyia","gr.",,"larva",2,,1,37,3,"Y","N","early instar","condition OK","Y",,"Weiderholm, 1983; Weiderholm, 1986; Epler 2001; Ferrington et al. 2008; Andersen, Cranston and Epler 2017","Y","Rhithron Associates, Inc.","A. Fasbender",,,
"d08ae6e8-6c0a-4062-afa8-e5df6f0493ca","D15","REDB","REDB.AOS.reach","2019-07-08T17:13Z","2019-08-05","REDB.20190708.HESS.7","A00000058816",,"NEMSP5","Y","Nemouridae sp.",,"family","Arthropoda","Hexapoda","Insecta","Pterygota","Neoptera","Polyneoptera","Plecoptera","Euholognatha",,,"Nemouridae",,,,,"sp.",,"larva",1,,109,40,273,"Y","N","early instar","condition OK","N",,"Baumann et al. 1977; Stewart and Stark 2002; Merritt et al. 2019","N","Rhithron Associates, Inc.","J. Webb",,,
"96098e73-7c17-460b-a1ac-f1ebe62380e4","D15","REDB","REDB.AOS.reach","2019-07-08T17:13Z","2019-08-02","REDB.20190708.HESS.4","A00000058818","BA19NEOMST07004O2|BA19NEOMST07004O3|BA19NEOMST07004O5|BA19NEOMST07004O4|BA19NEOMST07004O1","NAISP","Y","Naididae sp.",,"family","Annelida","Clitellata","Oligochaeta","Oligochaeta",,,"Tubificida",,,,"Naididae",,,,,"sp.",,"immature",5,,2,100,2,"Y","N",,"condition OK","N",,"Kathman and Brinkhurst, 1999","N","Rhithron Associates, Inc.","A. Fasbender","Rhyacodrilinae/Tubificinae w/ HC",,
"c773625d-b4e7-4557-85b2-120f0d19fc1d","D15","REDB","REDB.AOS.reach","2019-07-08T17:13Z","2019-08-02","REDB.20190708.HESS.5","A00000058833",,"THIGRO","Y","Thienemannimyia gr.",,"speciesGroup","Arthropoda","Hexapoda","Insecta","Pterygota","Neoptera","Holometabola","Diptera","Nematocera","Culicomorpha",,"Chironomidae","Tanypodinae","Pentaneurini",,"Thienemannimyia","gr.",,"larva",3,,5,17,29,"Y","N","early instar","condition OK","Y",,"Weiderholm, 1983; Weiderholm, 1986; Epler 2001; Ferrington et al. 2008; Andersen, Cranston and Epler 2017","N","Rhithron Associates, Inc.","B. Hayford",,,
"a2e67e03-4cf1-4023-b18a-3d9143d31b0f","D15","REDB","REDB.AOS.reach","2019-07-08T17:13Z","2019-08-05","REDB.20190708.HESS.8","A00000058849",,"POLSP17","Y","Polycelis sp.",,"genus","Platyhelminthes","Rhabditophora","Trepaxonemata",,,,"Neoophora",,,,"Planariidae",,,,"Polycelis","sp.",,"unknown",5,,1,17,6,"N","N",,"condition OK","Y",,"Thorp and Rogers 2016","N","Rhithron Associates, Inc.","J. Webb",,,
"d6f42210-7902-459b-a398-5b870e0755f6","D15","REDB","REDB.AOS.reach","2019-07-08T17:13Z","2019-08-02","REDB.20190708.HESS.7","A00000058816",,"DIASP8","Y","Diamesa sp.",,"genus","Arthropoda","Hexapoda","Insecta","Pterygota","Neoptera","Holometabola","Diptera","Nematocera","Culicomorpha",,"Chironomidae","Diamesinae","Diamesini",,"Diamesa","sp.",,"larva",9,,1,40,3,"N","N",,"condition OK","Y",,"Weiderholm, 1983; Weiderholm, 1986; Epler 2001; Ferrington et al. 2019; Andersen, Cranston and Epler 2013","N","Rhithron Associates, Inc.","B. Hayford",,,
"80fbd984-18dc-4265-92bb-e7f6fab92940","D15","REDB","REDB.AOS.reach","2019-07-08T17:13Z","2019-08-05","REDB.20190708.HESS.8","A00000058849",,"OSTSP","Y","Ostracoda sp.",,"class","Arthropoda","Crustacea","Ostracoda",,,,,,,,,,,,,"sp.",,"unknown",1,,18,17,106,"N","N",,"condition OK","Y",,"Thorp and Rogers 2016","N","Rhithron Associates, Inc.","J. Webb",,,
"a60e0a7a-b0b0-4834-94c5-51122144e18e","D15","REDB","REDB.AOS.reach","2019-07-08T17:13Z","2019-08-05","REDB.20190708.HESS.7","A00000058816",,"BAETRI2","Y","Baetis tricaudatus cx.",,"speciesGroup","Arthropoda","Hexapoda","Insecta","Pterygota","Palaeoptera",,"Ephemeroptera",,,,"Baetidae",,,,"Baetis","tricaudatus cx.",,"larva",5,,2,40,5,"N","N",,"condition OK","Y",,"Morihara and McCafferty 1979; Wiersema, 2004; Webb et al. 2018","N","Rhithron Associates, Inc.","J. Webb",,"7fd5ec52-bd6b-4957-8212-e8a7468e1965",
"e3383b86-ddd0-4ac9-942c-52bbe3902ae2","D15","REDB","REDB.AOS.reach","2019-07-08T17:13Z","2019-08-02","REDB.20190708.HESS.5","A00000058833",,"EUKDEV","Y","Eukiefferiella devonica gr.",,"speciesGroup","Arthropoda","Hexapoda","Insecta","Pterygota","Neoptera","Holometabola","Diptera","Nematocera","Culicomorpha",,"Chironomidae","Orthocladiinae",,,"Eukiefferiella","devonica gr.",,"larva",2,,1,17,6,"N","N",,"condition OK","Y",,"Weiderholm, 1983; Bode, 1983; Weiderholm, 1986; Epler 2001; Ferrington et al. 2019; Andersen, Cranston and Epler 2013","N","Rhithron Associates, Inc.","B. Hayford",,,
"8269d07f-d30e-4251-b6ba-326b3f521ce9","D15","REDB","REDB.AOS.reach","2019-07-08T17:13Z","2019-08-05","REDB.20190708.HESS.3","A00000058834",,"DIPHAG","Y","Diphetor hageni",,"species","Arthropoda","Hexapoda","Insecta","Pterygota","Palaeoptera",,"Ephemeroptera","Pisciforma",,,"Baetidae",,,,"Diphetor","hageni",,"larva",4,,1,37,3,"N","N",,"condition OK","Y",,"Morihara and McCafferty 1987; Meyer and McCafferty 2001; Merritt et al. 2019","Y","Rhithron Associates, Inc.","B. Moore",,,
"ae750b93-b9cb-43e7-9def-72ef427c55a0","D15","REDB","REDB.AOS.reach","2019-07-08T17:13Z","2019-08-05","REDB.20190708.HESS.1","A00000058850",,"BAESP2","Y","Baetis sp.",,"genus","Arthropoda","Hexapoda","Insecta","Pterygota","Palaeoptera",,"Ephemeroptera","Pisciforma",,,"Baetidae",,,,"Baetis","sp.",,"larva",2,,16,53,30,"Y","N","early instar","condition OK","N",,"Merritt et al. 2019","N","Rhithron Associates, Inc.","B. Moore",,,
"5d23b1cf-6238-4699-8039-8a1acb4fd0fb","D15","REDB","REDB.AOS.reach","2019-07-08T17:13Z","2019-08-05","REDB.20190708.HESS.3","A00000058834",,"ATRSP3","Y","Atractides sp.",,"genus","Arthropoda","Chelicerata","Arachnida","Acari",,"Acariformes","Trombidiformes","Prostigmata",,"Hygrobatoidea","Hygrobatidae",,,,"Atractides","sp.",,"adult",1,,1,37,3,"N","N",,"condition OK","Y",,"Thorp and Rogers 2016","Y","Rhithron Associates, Inc.","B. Moore",,,
"93140b13-5f30-4d06-b4dd-4e07dd8f6317","D15","REDB","REDB.AOS.reach","2019-07-08T17:13Z","2019-08-05","REDB.20190708.HESS.2","A00000058835",,"NEMSP5","Y","Nemouridae sp.",,"family","Arthropoda","Hexapoda","Insecta","Pterygota","Neoptera","Polyneoptera","Plecoptera","Euholognatha",,,"Nemouridae",,,,,"sp.",,"larva",1,,176,17,1035,"Y","N","early instar","condition OK","N",,"Baumann et al. 1977; Stewart and Stark 2002; Merritt et al. 2019","N","Rhithron Associates, Inc.","B. Moore",,,
"ff6fd349-c841-41e9-9b09-84fd75c87103","D15","REDB","REDB.AOS.reach","2019-07-08T17:13Z","2019-08-02","REDB.20190708.HESS.6","A00000058817",,"RHESP2","Y","Rheotanytarsus sp.",,"genus","Arthropoda","Hexapoda","Insecta","Pterygota","Neoptera","Holometabola","Diptera","Nematocera","Culicomorpha",,"Chironomidae","Chironominae","Tanytarsini",,"Rheotanytarsus","sp.",,"pupa",3,,1,27,4,"N","N",,"condition OK","N",,"Weiderholm, 1983; Weiderholm, 1986; Epler 2001; Ferrington et al. 2019; Andersen, Cranston and Epler 2013","N","Rhithron Associates, Inc.","B. Hayford",,,
"b061cc73-be35-490a-8a2a-03ac3a25817e","D15","REDB","REDB.AOS.reach","2019-07-08T17:13Z","2019-08-05","REDB.20190708.HESS.2","A00000058835",,"OSTSP","Y","Ostracoda sp.",,"class","Arthropoda","Crustacea","Ostracoda",,,,,,,,,,,,,"sp.",,"unknown",1,,11,17,65,"N","N",,"condition OK","Y",,"Thorp and Rogers 2016","N","Rhithron Associates, Inc.","B. Moore",,,
"6b313ef2-fc51-4147-b31e-672f1ea37b02","D15","REDB","REDB.AOS.reach","2019-07-08T17:13Z","2019-08-05","REDB.20190708.HESS.4","A00000058818",,"CERSP10","Y","Ceratopogoninae sp.",,"subfamily","Arthropoda","Hexapoda","Insecta","Pterygota","Neoptera","Holometabola","Diptera","Nematocera","Culicomorpha",,"Ceratopogonidae","Ceratopogoninae",,,,"sp.",,"larva",5,,1,100,1,"N","N",,"condition OK","Y",,"Merritt et al. 2019","N","Rhithron Associates, Inc.","B. Moore",,,
"33c01348-2bd2-409c-b049-597c2b20c3dd","D15","REDB","REDB.AOS.reach","2019-07-08T17:13Z","2019-08-02","REDB.20190708.HESS.3","A00000058834",,"RHESP2","Y","Rheotanytarsus sp.",,"genus","Arthropoda","Hexapoda","Insecta","Pterygota","Neoptera","Holometabola","Diptera","Nematocera","Culicomorpha",,"Chironomidae","Chironominae","Tanytarsini",,"Rheotanytarsus","sp.",,"pupa",2,,1,37,3,"N","N",,"condition OK","N",,"Weiderholm, 1983; Weiderholm, 1986; Epler 2001; Ferrington et al. 2019; Andersen, Cranston and Epler 2013","Y","Rhithron Associates, Inc.","A. Fasbender",,,
"ab041ffd-4fea-4d63-a027-d9da74185f2e","D15","REDB","REDB.AOS.reach","2019-07-08T17:13Z","2019-08-02","REDB.20190708.HESS.7","A00000058816",,"EUKDEV","Y","Eukiefferiella devonica gr.",,"speciesGroup","Arthropoda","Hexapoda","Insecta","Pterygota","Neoptera","Holometabola","Diptera","Nematocera","Culicomorpha",,"Chironomidae","Orthocladiinae",,,"Eukiefferiella","devonica gr.",,"larva",2,,2,40,5,"N","N",,"condition OK","Y",,"Weiderholm, 1983; Bode, 1983; Weiderholm, 1986; Epler 2001; Ferrington et al. 2019; Andersen, Cranston and Epler 2013","N","Rhithron Associates, Inc.","B. Hayford",,,
"d3f4ebff-3d0b-42bb-9bb2-509754afc520","D15","REDB","REDB.AOS.reach","2019-07-08T17:13Z","2019-08-02","REDB.20190708.HESS.8","A00000058849",,"CRISP6","Y","Cricotopus/Orthocladius sp.",,"speciesGroup","Arthropoda","Hexapoda","Insecta","Pterygota","Neoptera","Holometabola","Diptera","Nematocera","Culicomorpha",,"Chironomidae","Orthocladiinae",,,"Cricotopus/Orthocladius","sp.",,"larva",1,,1,17,6,"Y","N","early instar","condition OK","Y",,"Weiderholm, 1983; Weiderholm, 1986; Epler 2001; Ferrington et al. 2008; Andersen, Cranston and Epler 2013","N","Rhithron Associates, Inc.","B. Hayford",,,
"cc88688b-79f3-4a66-bfe2-16469a8ff95d","D15","REDB","REDB.AOS.reach","2019-07-08T17:13Z","2019-08-05","REDB.20190708.HESS.1","A00000058850",,"PISSP4","Y","Pisidium sp.",,"genus","Mollusca",,"Bivalvia","Heterodonta",,,"Veneroida",,,"Corbiculoidea","Pisidiidae",,,,"Pisidium","sp.",,"unknown",1,,6,53,11,"N","N",,"condition OK","Y",,"Burch 1989; Mackie, 2007; Thorp and Rogers 2016","N","Rhithron Associates, Inc.","B. Moore",,,
"577dc0e6-8c1c-4b65-ae2a-4f3825e34257","D15","REDB","REDB.AOS.reach","2019-07-08T17:13Z","2019-08-05","REDB.20190708.HESS.6","A00000058817",,"EMPSP","Y","Empididae sp.",,"family","Arthropoda","Hexapoda","Insecta","Pterygota","Neoptera","Holometabola","Diptera","Brachycera","Muscomorpha",,"Empididae",,,,,"sp.",,"pupa",3,,1,27,4,"N","N",,"condition OK","N",,"Merritt et al. 2019","N","Rhithron Associates, Inc.","J. Webb","Neoplasta",,
"314a272e-fb02-4d17-b456-7e8d98f7d27f","D15","REDB","REDB.AOS.reach","2019-07-08T17:13Z","2019-08-02","REDB.20190708.HESS.6","A00000058817","BA19NEOMST07006O2|BA19NEOMST07006O1|BA19NEOMST07006O3|BA19NEOMST07006O4","RHYSP5","Y","Rhyacodrilus sp.",,"genus","Annelida","Clitellata","Oligochaeta","Oligochaeta",,,"Tubificida",,,,"Naididae","Rhyacodrilinae",,,"Rhyacodrilus","sp.",,"immature",8,,1,27,4,"Y","N",,"condition OK","Y",,"Kathman and Brinkhurst, 1999","N","Rhithron Associates, Inc.","A. Fasbender","Reference Collection(1)",,
"13845ac2-4512-4377-afdf-55c73e0d00e3","D15","REDB","REDB.AOS.reach","2019-07-08T17:13Z","2019-08-05","REDB.20190708.HESS.7","A00000058816",,"PISSP4","Y","Pisidium sp.",,"genus","Mollusca",,"Bivalvia","Heterodonta",,,"Veneroida",,,"Corbiculoidea","Pisidiidae",,,,"Pisidium","sp.",,"unknown",2,,1,40,3,"N","N",,"condition OK","Y",,"Burch 1989; Mackie, 2007; Thorp and Rogers 2016","N","Rhithron Associates, Inc.","J. Webb",,,
"019dcf76-8f3d-4b6e-9e5a-f5f6f196b486","D15","REDB","REDB.AOS.reach","2019-07-08T17:13Z","2019-08-02","REDB.20190708.HESS.8","A00000058849",,"ORTSP1","Y","Orthocladiinae sp.",,"subfamily","Arthropoda","Hexapoda","Insecta","Pterygota","Neoptera","Holometabola","Diptera","Nematocera","Culicomorpha",,"Chironomidae","Orthocladiinae",,,,"sp.",,"larva",1,,1,17,6,"N","N","damaged","damaged, affecting taxonomy and measurement","N",,"Weiderholm, 1983; Weiderholm, 1986; Epler 2001; Ferrington et al. 2019; Andersen, Cranston and Epler 2013","N","Rhithron Associates, Inc.","B. Hayford",,,
"19fb4490-ce1d-48b9-b643-adf18349cf5f","D15","REDB","REDB.AOS.reach","2019-07-08T17:13Z","2019-08-02","REDB.20190708.HESS.5","A00000058833",,"EUKBRE","Y","Eukiefferiella brehmi gr.",,"speciesGroup","Arthropoda","Hexapoda","Insecta","Pterygota","Neoptera","Holometabola","Diptera","Nematocera","Culicomorpha",,"Chironomidae","Orthocladiinae",,,"Eukiefferiella","brehmi gr.",,"larva",2,,2,17,12,"N","N",,"condition OK","Y",,"Weiderholm, 1983; Bode, 1983; Weiderholm, 1986; Epler 2001; Ferrington et al. 2019; Andersen, Cranston and Epler 2013","N","Rhithron Associates, Inc.","B. Hayford",,,
"b911997b-2d19-41b3-bf2c-9b90f2aa0282","D15","REDB","REDB.AOS.reach","2019-07-08T17:13Z","2019-08-02","REDB.20190708.HESS.3","A00000058834",,"CRISP6","Y","Cricotopus/Orthocladius sp.",,"speciesGroup","Arthropoda","Hexapoda","Insecta","Pterygota","Neoptera","Holometabola","Diptera","Nematocera","Culicomorpha",,"Chironomidae","Orthocladiinae",,,"Cricotopus/Orthocladius","sp.",,"larva",1,,3,37,8,"Y","N","early instar","condition OK","Y",,"Weiderholm, 1983; Weiderholm, 1986; Epler 2001; Ferrington et al. 2008; Andersen, Cranston and Epler 2013","Y","Rhithron Associates, Inc.","A. Fasbender",,,
"af374e70-285f-44e6-b8dd-1e6877d5963a","D15","REDB","REDB.AOS.reach","2019-07-08T17:13Z","2019-08-05","REDB.20190708.HESS.6","A00000058817",,"TAESP","Y","Taeniopterygidae sp.",,"family","Arthropoda","Hexapoda","Insecta","Pterygota","Neoptera","Polyneoptera","Plecoptera","Euholognatha",,,"Taeniopterygidae",,,,,"sp.",,"larva",1,,136,27,504,"Y","N","early instar","condition OK","Y",,"Stewart and Stark 2002; Merritt et al. 2019","N","Rhithron Associates, Inc.","J. Webb",,,
"9c1e2c2c-7153-4418-9592-39c77e1ab487","D15","REDB","REDB.AOS.reach","2019-07-08T17:13Z","2019-08-05","REDB.20190708.HESS.8","A00000058849",,"CERSP10","Y","Ceratopogoninae sp.",,"subfamily","Arthropoda","Hexapoda","Insecta","Pterygota","Neoptera","Holometabola","Diptera","Nematocera","Culicomorpha",,"Ceratopogonidae","Ceratopogoninae",,,,"sp.",,"larva",3,,2,17,12,"N","N",,"condition OK","Y",,"Merritt et al. 2019","N","Rhithron Associates, Inc.","J. Webb",,,
"6d362225-8340-4c43-9a9f-36820d220222","D15","REDB","REDB.AOS.reach","2019-07-08T17:13Z","2019-08-05","REDB.20190708.HESS.7","A00000058816",,"TIPSP3","Y","Tipula sp.",,"genus","Arthropoda","Hexapoda","Insecta","Pterygota","Neoptera","Holometabola","Diptera","Nematocera","Tipulomorpha",,"Tipulidae","Tipulinae",,,"Tipula","sp.",,"larva",30,,1,40,3,"N","N",,"condition OK","Y",,"Gelhaus and Podeniene 2018; Merritt et al. 2019","N","Rhithron Associates, Inc.","J. Webb",,,
"549dc2c9-b261-44e7-b83a-ac28bb1bd013","D15","REDB","REDB.AOS.reach","2019-07-08T17:13Z","2019-08-02","REDB.20190708.HESS.7","A00000058816",,"ORTSP3","Y","Orthocladius sp.",,"genus","Arthropoda","Hexapoda","Insecta","Pterygota","Neoptera","Holometabola","Diptera","Nematocera","Culicomorpha",,"Chironomidae","Orthocladiinae",,,"Orthocladius","sp.",,"larva",3,,2,40,5,"N","N",,"condition OK","Y",,"Weiderholm, 1983; Weiderholm, 1986; Epler 2001; Ferrington et al. 2019; Andersen, Cranston and Epler 2013","N","Rhithron Associates, Inc.","B. Hayford",,,
"cdb3af33-3523-4764-8e7e-b45c241c80f4","D15","REDB","REDB.AOS.reach","2019-07-08T17:13Z","2019-08-05","REDB.20190708.HESS.2","A00000058835",,"LEPSP20","Y","Lepidostoma sp.",,"genus","Arthropoda","Hexapoda","Insecta","Pterygota","Neoptera","Holometabola","Trichoptera",,,"Limnephiloidea","Lepidostomatidae","Lepidostomatinae",,,"Lepidostoma","sp.",,"larva",4,,1,17,6,"N","N",,"condition OK","Y",,"Wiggins 1996; Merritt et al. 2019","N","Rhithron Associates, Inc.","B. Moore",,,
"a77ba383-f912-469a-98e2-9853a207c639","D15","REDB","REDB.AOS.reach","2019-07-08T17:13Z","2019-08-05","REDB.20190708.HESS.5","A00000058833",,"PISSP2","Y","Pisidiidae sp.",,"family","Mollusca",,"Bivalvia","Heterodonta",,,"Veneroida",,,"Corbiculoidea","Pisidiidae",,,,,"sp.",,"immature",1,,3,17,18,"Y","N",,"condition OK","Y",,"Mackie 2007; Thorp and Rogers 2016","N","Rhithron Associates, Inc.","J. Webb",,,
"bf55154e-da10-4cd9-be50-4303bdc5e497","D15","REDB","REDB.AOS.reach","2019-07-08T17:13Z","2019-08-02","REDB.20190708.HESS.6","A00000058817",,"THIGRO","Y","Thienemannimyia gr.",,"speciesGroup","Arthropoda","Hexapoda","Insecta","Pterygota","Neoptera","Holometabola","Diptera","Nematocera","Culicomorpha",,"Chironomidae","Tanypodinae","Pentaneurini",,"Thienemannimyia","gr.",,"larva",4,,3,27,11,"Y","N","early instar","condition OK","Y",,"Weiderholm, 1983; Weiderholm, 1986; Epler 2001; Ferrington et al. 2008; Andersen, Cranston and Epler 2017","N","Rhithron Associates, Inc.","B. Hayford",,,
"b8a1e537-59e3-4659-9934-5527763e5fd2","D15","REDB","REDB.AOS.reach","2019-07-08T17:13Z","2019-08-05","REDB.20190708.HESS.6","A00000058817",,"ELMSP","Y","Elmidae sp.",,"family","Arthropoda","Hexapoda","Insecta","Pterygota","Neoptera","Holometabola","Coleoptera","Polyphaga","Elateriformia","Byrrhoidea","Elmidae",,,,,"sp.",,"larva",1,,1,27,4,"Y","N","early instar","condition OK","N",,"Brown, 1972; Merritt et al. 2019","N","Rhithron Associates, Inc.","J. Webb",,,
"c1b01c1a-5868-4ecd-a4e9-80531f44660b","D15","REDB","REDB.AOS.reach","2019-07-08T17:13Z","2019-08-02","REDB.20190708.HESS.5","A00000058833",,"THIGRO","Y","Thienemannimyia gr.",,"speciesGroup","Arthropoda","Hexapoda","Insecta","Pterygota","Neoptera","Holometabola","Diptera","Nematocera","Culicomorpha",,"Chironomidae","Tanypodinae","Pentaneurini",,"Thienemannimyia","gr.",,"larva",4,,2,17,12,"Y","N","early instar","condition OK","Y",,"Weiderholm, 1983; Weiderholm, 1986; Epler 2001; Ferrington et al. 2008; Andersen, Cranston and Epler 2017","N","Rhithron Associates, Inc.","B. Hayford",,,
"865f9fbb-0d62-42e4-8327-148178470d59","D15","REDB","REDB.AOS.reach","2019-07-08T17:13Z","2019-08-02","REDB.20190708.HESS.3","A00000058834",,"CHASP12","Y","Chaetocladius sp.",,"genus","Arthropoda","Hexapoda","Insecta","Pterygota","Neoptera","Holometabola","Diptera","Nematocera","Culicomorpha",,"Chironomidae","Orthocladiinae",,,"Chaetocladius","sp.",,"larva",5,,1,37,3,"N","N",,"condition OK","Y",,"Weiderholm, 1983; Weiderholm, 1986; Epler 2001; Ferrington et al. 2019; Andersen, Cranston and Epler 2013","Y","Rhithron Associates, Inc.","A. Fasbender",,,
"7ae90421-3081-4a29-bffa-759c02329dde","D15","REDB","REDB.AOS.reach","2019-07-08T17:13Z","2019-08-05","REDB.20190708.HESS.4","A00000058818",,"OSTSP","Y","Ostracoda sp.",,"class","Arthropoda","Crustacea","Ostracoda",,,,,,,,,,,,,"sp.",,"unknown",1,,3,100,3,"N","N",,"condition OK","Y",,"Thorp and Rogers 2016","N","Rhithron Associates, Inc.","B. Moore",,,
"42d20bb3-8dd0-44c5-b544-43cda2e663c2","D15","REDB","REDB.AOS.reach","2019-07-08T17:13Z","2019-08-02","REDB.20190708.HESS.6","A00000058817","BA19NEOMST07006O3|BA19NEOMST07006O4|BA19NEOMST07006O1|BA19NEOMST07006O2","RHYSP5","Y","Rhyacodrilus sp.",,"genus","Annelida","Clitellata","Oligochaeta","Oligochaeta",,,"Tubificida",,,,"Naididae","Rhyacodrilinae",,,"Rhyacodrilus","sp.",,"immature",13,,1,27,4,"Y","N",,"condition OK","Y",,"Kathman and Brinkhurst, 1999","N","Rhithron Associates, Inc.","A. Fasbender","Reference Collection(1)",,
"4f47f8c9-b8df-43ff-bc76-5dcb1a225e77","D15","REDB","REDB.AOS.reach","2019-07-08T17:13Z","2019-08-05","REDB.20190708.HESS.2","A00000058835",,"TRUSP","Y","Truncatelloidea sp.",,"superfamily","Mollusca",,"Gastropoda",,,,"Littorinimorpha",,,"Truncatelloidea",,,,,,"sp.",,"immature",3,,1,17,6,"Y","N",,"condition OK","Y",,"Criscione and Ponder 2013; Hersler 2017","N","Rhithron Associates, Inc.","B. Moore",,,
"23d3205f-3345-4374-bb01-1bc241ebaa16","D15","REDB","REDB.AOS.reach","2019-07-08T17:13Z","2019-08-05","REDB.20190708.HESS.3","A00000058834",,"POLSP17","Y","Polycelis sp.",,"genus","Platyhelminthes","Rhabditophora","Trepaxonemata",,,,"Neoophora",,,,"Planariidae",,,,"Polycelis","sp.",,"unknown",5,,2,37,5,"N","N",,"condition OK","Y",,"Thorp and Rogers 2016","Y","Rhithron Associates, Inc.","B. Moore",,,
"b5d6e8db-5cff-4b3f-aaa8-cb42d32f85eb","D15","REDB","REDB.AOS.reach","2019-07-08T17:13Z","2019-08-02","REDB.20190708.HESS.3","A00000058834",,"THIGRO","Y","Thienemannimyia gr.",,"speciesGroup","Arthropoda","Hexapoda","Insecta","Pterygota","Neoptera","Holometabola","Diptera","Nematocera","Culicomorpha",,"Chironomidae","Tanypodinae","Pentaneurini",,"Thienemannimyia","gr.",,"larva",3,,2,37,5,"Y","N","early instar","condition OK","Y",,"Weiderholm, 1983; Weiderholm, 1986; Epler 2001; Ferrington et al. 2008; Andersen, Cranston and Epler 2017","Y","Rhithron Associates, Inc.","A. Fasbender",,,
"966d215e-e97a-4ece-9ee0-2d3375dfa022","D15","REDB","REDB.AOS.reach","2019-07-08T17:13Z","2019-08-02","REDB.20190708.HESS.6","A00000058817","BA19NEOMST07006O1|BA19NEOMST07006O2|BA19NEOMST07006O4|BA19NEOMST07006O3","NAISP","Y","Naididae sp.",,"family","Annelida","Clitellata","Oligochaeta","Oligochaeta",,,"Tubificida",,,,"Naididae",,,,,"sp.",,"immature",3,,3,27,11,"Y","N",,"condition OK","N",,"Kathman and Brinkhurst, 1999","N","Rhithron Associates, Inc.","A. Fasbender","Rhyacodrilinae/Tubificinae w/ HC",,
"1ff60714-42af-4591-b280-cfe41beb91f0","D15","REDB","REDB.AOS.reach","2019-07-08T17:13Z","2019-08-02","REDB.20190708.HESS.6","A00000058817",,"BRISP","Y","Brillia sp.",,"genus","Arthropoda","Hexapoda","Insecta","Pterygota","Neoptera","Holometabola","Diptera","Nematocera","Culicomorpha",,"Chironomidae","Orthocladiinae",,,"Brillia","sp.",,"larva",3,,1,27,4,"N","N",,"condition OK","Y",,"Weiderholm, 1983; Weiderholm, 1986; Epler 2001; Ferrington et al. 2019; Andersen, Cranston and Epler 2013","N","Rhithron Associates, Inc.","B. Hayford",,,
"b4bd9b62-de7e-4f0b-84a2-ac5cf7dbcf3e","D15","REDB","REDB.AOS.reach","2019-07-08T17:13Z","2019-08-02","REDB.20190708.HESS.3","A00000058834",,"RHESP2","Y","Rheotanytarsus sp.",,"genus","Arthropoda","Hexapoda","Insecta","Pterygota","Neoptera","Holometabola","Diptera","Nematocera","Culicomorpha",,"Chironomidae","Chironominae","Tanytarsini",,"Rheotanytarsus","sp.",,"pupa",3,,1,37,3,"N","N",,"condition OK","N",,"Weiderholm, 1983; Weiderholm, 1986; Epler 2001; Ferrington et al. 2019; Andersen, Cranston and Epler 2013","Y","Rhithron Associates, Inc.","A. Fasbender",,,
"807a5e13-07a6-42f2-8680-c2bd343ab6f8","D15","REDB","REDB.AOS.reach","2019-07-08T17:13Z","2019-08-02","REDB.20190708.HESS.4","A00000058818",,"RHESP2","Y","Rheotanytarsus sp.",,"genus","Arthropoda","Hexapoda","Insecta","Pterygota","Neoptera","Holometabola","Diptera","Nematocera","Culicomorpha",,"Chironomidae","Chironominae","Tanytarsini",,"Rheotanytarsus","sp.",,"larva",3,,2,100,2,"N","N",,"condition OK","Y",,"Weiderholm, 1983; Weiderholm, 1986; Epler 2001; Ferrington et al. 2019; Andersen, Cranston and Epler 2013","N","Rhithron Associates, Inc.","B. Hayford",,,
"13e3700a-a42b-42b2-aaba-270b4a6527b0","D15","REDB","REDB.AOS.reach","2019-07-08T17:13Z","2019-08-05","REDB.20190708.HESS.6","A00000058817",,"TRUSP","Y","Truncatelloidea sp.",,"superfamily","Mollusca",,"Gastropoda",,,,"Littorinimorpha",,,"Truncatelloidea",,,,,,"sp.",,"immature",1,,1,27,4,"Y","N",,"condition OK","Y",,"Criscione and Ponder 2013; Hersler 2017","N","Rhithron Associates, Inc.","J. Webb",,,
"4f241214-3257-4f42-8dbe-ebcff76829a4","D15","REDB","REDB.AOS.reach","2019-07-08T17:13Z","2019-08-05","REDB.20190708.HESS.8","A00000058849",,"WORSP","Y","Wormaldia sp.",,"genus","Arthropoda","Hexapoda","Insecta","Pterygota","Neoptera","Holometabola","Trichoptera",,,"Philopotamoidea","Philopotamidae","Philopotaminae",,,"Wormaldia","sp.",,"larva",3,,1,17,6,"N","N",,"condition OK","Y",,"Wiggins 1996; Merritt et al. 2019","N","Rhithron Associates, Inc.","J. Webb","bad condition",,
"c90e707e-0c6a-4d13-8c66-d527b681b39a","D15","REDB","REDB.AOS.reach","2019-07-08T17:13Z","2019-08-02","REDB.20190708.HESS.7","A00000058816",,"EUKDEV","Y","Eukiefferiella devonica gr.",,"speciesGroup","Arthropoda","Hexapoda","Insecta","Pterygota","Neoptera","Holometabola","Diptera","Nematocera","Culicomorpha",,"Chironomidae","Orthocladiinae",,,"Eukiefferiella","devonica gr.",,"larva",1,,2,40,5,"N","N",,"condition OK","Y",,"Weiderholm, 1983; Bode, 1983; Weiderholm, 1986; Epler 2001; Ferrington et al. 2019; Andersen, Cranston and Epler 2013","N","Rhithron Associates, Inc.","B. Hayford",,,
"dfcb44e6-fe43-4e42-987e-fe3c1395fb5e","D15","REDB","REDB.AOS.reach","2019-07-08T17:13Z","2019-08-02","REDB.20190708.HESS.8","A00000058849",,"CRISP6","Y","Cricotopus/Orthocladius sp.",,"speciesGroup","Arthropoda","Hexapoda","Insecta","Pterygota","Neoptera","Holometabola","Diptera","Nematocera","Culicomorpha",,"Chironomidae","Orthocladiinae",,,"Cricotopus/Orthocladius","sp.",,"larva",3,,1,17,6,"Y","N","early instar","condition OK","Y",,"Weiderholm, 1983; Weiderholm, 1986; Epler 2001; Ferrington et al. 2008; Andersen, Cranston and Epler 2013","N","Rhithron Associates, Inc.","B. Hayford",,,
"207fa470-3a07-4ebc-b561-b28e6f1b600e","D15","REDB","REDB.AOS.reach","2019-07-08T17:13Z","2019-08-05","REDB.20190708.HESS.3","A00000058834",,"NEMSP","Y","Nematoda sp.",,"phylum","Nematoda",,,,,,,,,,,,,,,"sp.",,"unknown",2,,10,37,27,"N","N",,"condition OK","Y",,"Thorp and Rogers 2016","Y","Rhithron Associates, Inc.","B. Moore",,,
"8ba6f459-bcc6-427e-8280-379bbcd4757d","D15","REDB","REDB.AOS.reach","2019-07-08T17:13Z","2019-08-05","REDB.20190708.HESS.6","A00000058817",,"THYSP6","Y","Thyopsella sp.",,"genus","Arthropoda","Chelicerata","Arachnida","Acari",,"Acariformes","Trombidiformes","Prostigmata",,"Hydryphantoidea","Hydryphantidae",,,,"Thyopsella","sp.",,"adult",1,,1,27,4,"N","N",,"condition OK","Y",,"Thorp and Rogers 2016","N","Rhithron Associates, Inc.","J. Webb","Reference Collection(1)",,
"10ba18be-c617-4e4f-9d82-4249582e18ad","D15","REDB","REDB.AOS.reach","2019-07-08T17:13Z","2019-08-02","REDB.20190708.HESS.8","A00000058849",,"HELSP10","Y","Heleniella sp.",,"genus","Arthropoda","Hexapoda","Insecta","Pterygota","Neoptera","Holometabola","Diptera","Nematocera","Culicomorpha",,"Chironomidae","Orthocladiinae",,,"Heleniella","sp.",,"larva",3,,5,17,29,"N","N",,"condition OK","Y",,"Weiderholm, 1983; Weiderholm, 1986; Epler 2001; Ferrington et al. 2019; Andersen, Cranston and Epler 2013","N","Rhithron Associates, Inc.","B. Hayford",,,
"fe26865e-981b-461d-8de9-7399493cd081","D15","REDB","REDB.AOS.reach","2019-07-08T17:13Z","2019-08-05","REDB.20190708.HESS.1","A00000058850",,"HYDSP23","Y","Hydropsyche sp.",,"genus","Arthropoda","Hexapoda","Insecta","Pterygota","Neoptera","Holometabola","Trichoptera",,,"Hydropsychoidea","Hydropsychidae","Hydropsychinae",,,"Hydropsyche","sp.",,"larva",12,,1,53,2,"N","N",,"condition OK","Y",,"Wiggins, 1996; Geraci, 2010","N","Rhithron Associates, Inc.","B. Moore",,,
"f5542865-aeb4-4c98-b3db-be38a227da6d","D15","REDB","REDB.AOS.reach","2019-07-08T17:13Z","2019-08-02","REDB.20190708.HESS.4","A00000058818","BA19NEOMST07004O2|BA19NEOMST07004O5|BA19NEOMST07004O1|BA19NEOMST07004O4|BA19NEOMST07004O3","RHYSP5","Y","Rhyacodrilus sp.",,"genus","Annelida","Clitellata","Oligochaeta","Oligochaeta",,,"Tubificida",,,,"Naididae","Rhyacodrilinae",,,"Rhyacodrilus","sp.",,"immature",3,,1,100,1,"Y","N",,"condition OK","Y",,"Kathman and Brinkhurst, 1999","N","Rhithron Associates, Inc.","A. Fasbender",,,
"87ab9cd1-9476-432e-b633-2d63f734e8da","D15","REDB","REDB.AOS.reach","2019-07-08T17:13Z","2019-08-02","REDB.20190708.HESS.6","A00000058817",,"CRISP6","Y","Cricotopus/Orthocladius sp.",,"speciesGroup","Arthropoda","Hexapoda","Insecta","Pterygota","Neoptera","Holometabola","Diptera","Nematocera","Culicomorpha",,"Chironomidae","Orthocladiinae",,,"Cricotopus/Orthocladius","sp.",,"larva",3,,1,27,4,"Y","N","early instar","condition OK","Y",,"Weiderholm, 1983; Weiderholm, 1986; Epler 2001; Ferrington et al. 2008; Andersen, Cranston and Epler 2013","N","Rhithron Associates, Inc.","B. Hayford",,,
"6b24f244-3395-48a8-83aa-d2928517cd7d","D15","REDB","REDB.AOS.reach","2019-07-08T17:13Z","2019-08-02","REDB.20190708.HESS.4","A00000058818","BA19NEOMST07004O1|BA19NEOMST07004O5|BA19NEOMST07004O3|BA19NEOMST07004O4|BA19NEOMST07004O2","RHYSP5","Y","Rhyacodrilus sp.",,"genus","Annelida","Clitellata","Oligochaeta","Oligochaeta",,,"Tubificida",,,,"Naididae","Rhyacodrilinae",,,"Rhyacodrilus","sp.",,"immature",12,,1,100,1,"Y","N",,"condition OK","Y",,"Kathman and Brinkhurst, 1999","N","Rhithron Associates, Inc.","A. Fasbender",,,
"6773afe5-722d-483a-8e36-020eb1118429","D15","REDB","REDB.AOS.reach","2019-07-08T17:13Z","2019-08-05","REDB.20190708.HESS.4","A00000058818",,"HYDSP23","Y","Hydropsyche sp.",,"genus","Arthropoda","Hexapoda","Insecta","Pterygota","Neoptera","Holometabola","Trichoptera",,,"Hydropsychoidea","Hydropsychidae","Hydropsychinae",,,"Hydropsyche","sp.",,"larva",14,,1,100,1,"N","N",,"condition OK","Y",,"Wiggins, 1996; Geraci, 2010","N","Rhithron Associates, Inc.","B. Moore",,,
"dbcf1c36-fe64-4292-bb47-a7e1ae41e1e9","D15","REDB","REDB.AOS.reach","2019-07-08T17:13Z","2019-08-05","REDB.20190708.HESS.1","A00000058850",,"POLSP17","Y","Polycelis sp.",,"genus","Platyhelminthes","Rhabditophora","Trepaxonemata",,,,"Neoophora",,,,"Planariidae",,,,"Polycelis","sp.",,"unknown",2,,2,53,4,"N","N",,"condition OK","Y",,"Thorp and Rogers 2016","N","Rhithron Associates, Inc.","B. Moore",,,
"49351222-98e9-4ba9-b0f5-d3af45c21d60","D15","REDB","REDB.AOS.reach","2019-07-08T17:13Z","2019-08-05","REDB.20190708.HESS.3","A00000058834",,"POLSP17","Y","Polycelis sp.",,"genus","Platyhelminthes","Rhabditophora","Trepaxonemata",,,,"Neoophora",,,,"Planariidae",,,,"Polycelis","sp.",,"unknown",2,,4,37,11,"N","N",,"condition OK","Y",,"Thorp and Rogers 2016","Y","Rhithron Associates, Inc.","B. Moore",,,
"3bb62a09-ef04-4e37-93e7-5fe069f7b393","D15","REDB","REDB.AOS.reach","2019-07-08T17:13Z","2019-08-02","REDB.20190708.HESS.1","A00000058850",,"PARSP26","Y","Parametriocnemus sp.",,"genus","Arthropoda","Hexapoda","Insecta","Pterygota","Neoptera","Holometabola","Diptera","Nematocera","Culicomorpha",,"Chironomidae","Orthocladiinae",,,"Parametriocnemus","sp.",,"larva",3,,1,53,2,"N","N",,"condition OK","Y",,"Weiderholm, 1983; Weiderholm, 1986; Epler 2001; Ferrington et al. 2019; Andersen, Cranston and Epler 2013","N","Rhithron Associates, Inc.","A. Fasbender",,,
"11e1f943-2d29-4d11-b6a4-2770bc52ee12","D15","REDB","REDB.AOS.reach","2019-07-08T17:13Z","2019-08-05","REDB.20190708.HESS.7","A00000058816",,"TRUSP","Y","Truncatelloidea sp.",,"superfamily","Mollusca",,"Gastropoda",,,,"Littorinimorpha",,,"Truncatelloidea",,,,,,"sp.",,"immature",2,,1,40,3,"Y","N",,"condition OK","Y",,"Criscione and Ponder 2013; Hersler 2017","N","Rhithron Associates, Inc.","J. Webb",,,
"e46a4303-dece-4ee1-9066-3b7fa49cfa7f","D15","REDB","REDB.AOS.reach","2019-07-08T17:13Z","2019-08-05","REDB.20190708.HESS.2","A00000058835",,"NEOSP69","Y","Neoleptophlebia sp.",,"genus","Arthropoda","Hexapoda","Insecta","Pterygota","Palaeoptera",,"Ephemeroptera","Furcatergalia","Lanceolata",,"Leptophlebiidae",,,,"Neoleptophlebia","sp.",,"larva",3,,1,17,6,"N","N",,"condition OK","Y",,"Merritt et al. 2019; Tiunova and Kluge 2016","N","Rhithron Associates, Inc.","B. Moore",,,
"6d4cfa84-aa6f-4d3e-8e3c-0a374cad3a3d","D15","REDB","REDB.AOS.reach","2019-07-08T17:13Z","2019-08-05","REDB.20190708.HESS.1","A00000058850",,"MALSP4","Y","Malenka sp.",,"genus","Arthropoda","Hexapoda","Insecta","Pterygota","Neoptera","Polyneoptera","Plecoptera","Euholognatha",,,"Nemouridae","Amphinemurinae",,,"Malenka","sp.",,"larva",2,,6,53,11,"N","N",,"condition OK","Y",,"Stewart and Stark 2002; Merritt et al. 2019","N","Rhithron Associates, Inc.","B. Moore",,,
"c10b0a9d-5536-4aff-80dd-cfbe81719b30","D15","REDB","REDB.AOS.reach","2019-07-08T17:13Z","2019-08-02","REDB.20190708.HESS.4","A00000058818",,"PENSP7","Y","Pentaneura sp.",,"genus","Arthropoda","Hexapoda","Insecta","Pterygota","Neoptera","Holometabola","Diptera","Nematocera","Culicomorpha",,"Chironomidae","Tanypodinae","Pentaneurini",,"Pentaneura","sp.",,"larva",3,,2,100,2,"N","N",,"condition OK","Y",,"Weiderholm, 1983; Weiderholm, 1986; Epler 2001; Ferrington et al. 2019; Andersen, Cranston and Epler 2013","N","Rhithron Associates, Inc.","B. Hayford",,,
"5580edd0-1f57-4404-8031-d70a0f0a4eba","D15","REDB","REDB.AOS.reach","2019-07-08T17:13Z","2019-08-05","REDB.20190708.HESS.3","A00000058834",,"WANSP","Y","Wandesia sp.",,"genus","Arthropoda","Chelicerata","Arachnida","Acari",,"Acariformes","Trombidiformes","Prostigmata",,"Hydryphantoidea","Hydryphantidae",,,,"Wandesia","sp.",,"adult",1,,3,37,8,"N","N",,"condition OK","Y",,"Thorp and Rogers 2016","Y","Rhithron Associates, Inc.","B. Moore",,,
"6ffc2415-25a6-4a18-ac1a-74c4e1c1a3d5","D15","REDB","REDB.AOS.reach","2019-07-08T17:13Z","2019-08-02","REDB.20190708.HESS.8","A00000058849",,"HELSP10","Y","Heleniella sp.",,"genus","Arthropoda","Hexapoda","Insecta","Pterygota","Neoptera","Holometabola","Diptera","Nematocera","Culicomorpha",,"Chironomidae","Orthocladiinae",,,"Heleniella","sp.",,"larva",1,,4,17,24,"N","N",,"condition OK","Y",,"Weiderholm, 1983; Weiderholm, 1986; Epler 2001; Ferrington et al. 2019; Andersen, Cranston and Epler 2013","N","Rhithron Associates, Inc.","B. Hayford",,,
"e7578d08-2238-46d6-b725-464b9644fa54","D15","REDB","REDB.AOS.reach","2019-07-08T17:13Z","2019-08-05","REDB.20190708.HESS.4","A00000058818",,"TRUSP","Y","Truncatelloidea sp.",,"superfamily","Mollusca",,"Gastropoda",,,,"Littorinimorpha",,,"Truncatelloidea",,,,,,"sp.",,"immature",1,,4,100,4,"Y","N",,"condition OK","Y",,"Criscione and Ponder 2013; Hersler 2017","N","Rhithron Associates, Inc.","B. Moore",,,
"9a01a428-73a9-4883-b123-cd6cb4579e97","D15","REDB","REDB.AOS.reach","2019-07-08T17:13Z","2019-08-05","REDB.20190708.HESS.3","A00000058834",,"DRUCOL","Y","Drunella coloradensis/flavilinea",,"speciesGroup","Arthropoda","Hexapoda","Insecta","Pterygota","Palaeoptera",,"Ephemeroptera","Furcatergalia","Pannota","Ephemerelloidea","Ephemerellidae",,,,"Drunella","coloradensis/flavilinea",,"larva",6,,1,37,3,"N","N",,"condition OK","Y",,"Allen and Edmunds 1962","Y","Rhithron Associates, Inc.","B. Moore",,,
"e43f157f-17d0-452c-ac69-a7b6587faf95","D15","REDB","REDB.AOS.reach","2019-07-08T17:13Z","2019-08-05","REDB.20190708.HESS.4","A00000058818",,"HYDSP23","Y","Hydropsyche sp.",,"genus","Arthropoda","Hexapoda","Insecta","Pterygota","Neoptera","Holometabola","Trichoptera",,,"Hydropsychoidea","Hydropsychidae","Hydropsychinae",,,"Hydropsyche","sp.",,"larva",4,,1,100,1,"N","N",,"condition OK","Y",,"Wiggins, 1996; Geraci, 2010","N","Rhithron Associates, Inc.","B. Moore",,,
"6314374e-43ff-4cce-960b-0b3f069830b8","D15","REDB","REDB.AOS.reach","2019-07-08T17:13Z","2019-08-05","REDB.20190708.HESS.6","A00000058817",,"BAERHO","Y","Baetis rhodani gr.",,"speciesGroup","Arthropoda","Hexapoda","Insecta","Pterygota","Palaeoptera",,"Ephemeroptera",,,,"Baetidae",,,,"Baetis","rhodani gr.",,"larva",1,,40,27,148,"Y","N","early instar","condition OK","N",,"Morihara and McCafferty 1979; Wiersema, 2004; Webb et al. 2018","N","Rhithron Associates, Inc.","J. Webb",,"a3ca68b6-ecc2-4a55-955f-d2450abcef2f",
"69c0cfd0-6665-4bea-9ebc-ea2e940a2eaf","D15","REDB","REDB.AOS.reach","2019-07-08T17:13Z","2019-08-05","REDB.20190708.HESS.5","A00000058833",,"TAESP","Y","Taeniopterygidae sp.",,"family","Arthropoda","Hexapoda","Insecta","Pterygota","Neoptera","Polyneoptera","Plecoptera","Euholognatha",,,"Taeniopterygidae",,,,,"sp.",,"larva",1,,133,17,782,"Y","N","early instar","condition OK","Y",,"Stewart and Stark 2002; Merritt et al. 2019","N","Rhithron Associates, Inc.","J. Webb",,,
"a67c1948-4798-4576-8ef7-533567fdd904","D15","REDB","REDB.AOS.reach","2019-07-08T17:13Z","2019-08-02","REDB.20190708.HESS.7","A00000058816",,"ORTSP3","Y","Orthocladius sp.",,"genus","Arthropoda","Hexapoda","Insecta","Pterygota","Neoptera","Holometabola","Diptera","Nematocera","Culicomorpha",,"Chironomidae","Orthocladiinae",,,"Orthocladius","sp.",,"larva",1,,3,40,8,"N","N",,"condition OK","Y",,"Weiderholm, 1983; Weiderholm, 1986; Epler 2001; Ferrington et al. 2019; Andersen, Cranston and Epler 2013","N","Rhithron Associates, Inc.","B. Hayford",,,
"0cad8b09-f8db-45c8-9122-4a80748c7dfa","D15","REDB","REDB.AOS.reach","2019-07-08T17:13Z","2019-08-05","REDB.20190708.HESS.3","A00000058834",,"NEMSP5","Y","Nemouridae sp.",,"family","Arthropoda","Hexapoda","Insecta","Pterygota","Neoptera","Polyneoptera","Plecoptera","Euholognatha",,,"Nemouridae",,,,,"sp.",,"larva",1,,81,37,219,"Y","N","early instar","condition OK","Y",,"Baumann et al. 1977; Stewart and Stark 2002; Merritt et al. 2019","Y","Rhithron Associates, Inc.","B. Moore",,,
"45312643-ba82-4ff9-a0d0-4c93cb562f40","D15","REDB","REDB.AOS.reach","2019-07-08T17:13Z","2019-08-05","REDB.20190708.HESS.4","A00000058818",,"POLSP17","Y","Polycelis sp.",,"genus","Platyhelminthes","Rhabditophora","Trepaxonemata",,,,"Neoophora",,,,"Planariidae",,,,"Polycelis","sp.",,"unknown",3,,6,100,6,"N","N",,"condition OK","Y",,"Thorp and Rogers 2016","N","Rhithron Associates, Inc.","B. Moore",,,
"ffd96520-e749-4c7b-bbe3-9b6e6233218b","D15","REDB","REDB.AOS.reach","2019-07-08T17:13Z","2019-08-02","REDB.20190708.HESS.2","A00000058835",,"THIGRO","Y","Thienemannimyia gr.",,"speciesGroup","Arthropoda","Hexapoda","Insecta","Pterygota","Neoptera","Holometabola","Diptera","Nematocera","Culicomorpha",,"Chironomidae","Tanypodinae","Pentaneurini",,"Thienemannimyia","gr.",,"larva",2,,1,17,6,"Y","N","early instar","condition OK","Y",,"Weiderholm, 1983; Weiderholm, 1986; Epler 2001; Ferrington et al. 2008; Andersen, Cranston and Epler 2017","N","Rhithron Associates, Inc.","A. Fasbender",,,
"ab96a15f-20fe-49ee-9991-1eb9afc0aa6b","D15","REDB","REDB.AOS.reach","2019-07-08T17:13Z","2019-08-05","REDB.20190708.HESS.6","A00000058817",,"RHYVOF","Y","Rhyacophila vofixa gr.",,"speciesGroup","Arthropoda","Hexapoda","Insecta","Pterygota","Neoptera","Holometabola","Trichoptera",,,"Rhyacophiloidea","Rhyacophilidae",,,,"Rhyacophila","vofixa gr.",,"larva",4,,1,27,4,"N","N",,"condition OK","Y",,"Prather and Morris 2001; Morse et al. 2017; Giersch et al. 2012","N","Rhithron Associates, Inc.","J. Webb",,,
"8a7c133d-7e7e-49bc-9fcb-ccb7429f073a","D15","REDB","REDB.AOS.reach","2019-07-08T17:13Z","2019-08-05","REDB.20190708.HESS.1","A00000058850",,"DIPHAG","Y","Diphetor hageni",,"species","Arthropoda","Hexapoda","Insecta","Pterygota","Palaeoptera",,"Ephemeroptera","Pisciforma",,,"Baetidae",,,,"Diphetor","hageni",,"larva",3,,1,53,2,"N","N",,"condition OK","Y",,"Morihara and McCafferty 1987; Meyer and McCafferty 2001; Merritt et al. 2019","N","Rhithron Associates, Inc.","B. Moore",,,
"1e3398bf-73f0-432b-a6b8-320b1cfaf350","D15","REDB","REDB.AOS.reach","2019-07-08T17:13Z","2019-08-02","REDB.20190708.HESS.6","A00000058817","BA19NEOMST07006O4|BA19NEOMST07006O2|BA19NEOMST07006O3|BA19NEOMST07006O1","RHYSP5","Y","Rhyacodrilus sp.",,"genus","Annelida","Clitellata","Oligochaeta","Oligochaeta",,,"Tubificida",,,,"Naididae","Rhyacodrilinae",,,"Rhyacodrilus","sp.",,"immature",12,,3,27,11,"Y","N",,"condition OK","Y",,"Kathman and Brinkhurst, 1999","N","Rhithron Associates, Inc.","A. Fasbender","Reference Collection(1)",,
"62116a59-e407-4502-b06b-38d44b1c5bd4","D15","REDB","REDB.AOS.reach","2019-07-08T17:13Z","2019-08-02","REDB.20190708.HESS.4","A00000058818",,"CRISP6","Y","Cricotopus/Orthocladius sp.",,"speciesGroup","Arthropoda","Hexapoda","Insecta","Pterygota","Neoptera","Holometabola","Diptera","Nematocera","Culicomorpha",,"Chironomidae","Orthocladiinae",,,"Cricotopus/Orthocladius","sp.",,"larva",2,,1,100,1,"Y","N","early instar","condition OK","Y",,"Weiderholm, 1983; Weiderholm, 1986; Epler 2001; Ferrington et al. 2008; Andersen, Cranston and Epler 2013","N","Rhithron Associates, Inc.","B. Hayford",,,
"1547c81f-207e-47e4-8f32-71b08a6f2a36","D15","REDB","REDB.AOS.reach","2019-07-08T17:13Z","2019-08-05","REDB.20190708.HESS.5","A00000058833",,"EPELON","Y","Epeorus longimanus",,"species","Arthropoda","Hexapoda","Insecta","Pterygota","Palaeoptera",,"Ephemeroptera","Pisciforma",,"Heptagenioidea","Heptageniidae",,,,"Epeorus","longimanus",,"larva",2,,1,17,6,"N","N",,"condition OK","Y",,"Edmunds and Allen 1964","N","Rhithron Associates, Inc.","J. Webb",,,
"44ce1b4f-957a-4c94-9eaa-e02c7a37d45e","D15","REDB","REDB.AOS.reach","2019-07-08T17:13Z","2019-08-02","REDB.20190708.HESS.8","A00000058849",,"THIGRO","Y","Thienemannimyia gr.",,"speciesGroup","Arthropoda","Hexapoda","Insecta","Pterygota","Neoptera","Holometabola","Diptera","Nematocera","Culicomorpha",,"Chironomidae","Tanypodinae","Pentaneurini",,"Thienemannimyia","gr.",,"larva",3,,2,17,12,"Y","N","early instar","condition OK","Y",,"Weiderholm, 1983; Weiderholm, 1986; Epler 2001; Ferrington et al. 2008; Andersen, Cranston and Epler 2017","N","Rhithron Associates, Inc.","B. Hayford",,,
"0207c3cd-bf0f-4371-8f44-57dd5ae00039","D15","REDB","REDB.AOS.reach","2019-07-08T17:13Z","2019-08-05","REDB.20190708.HESS.3","A00000058834",,"TRUSP","Y","Truncatelloidea sp.",,"superfamily","Mollusca",,"Gastropoda",,,,"Littorinimorpha",,,"Truncatelloidea",,,,,,"sp.",,"immature",1,,4,37,11,"Y","N",,"condition OK","Y",,"Criscione and Ponder 2013; Hersler 2017","Y","Rhithron Associates, Inc.","B. Moore",,,
"0f80ef02-dcf3-4358-8420-3cf46a023e05","D15","REDB","REDB.AOS.reach","2019-07-08T17:13Z","2019-08-02","REDB.20190708.HESS.8","A00000058849",,"STESP10","Y","Stempellinella sp.",,"genus","Arthropoda","Hexapoda","Insecta","Pterygota","Neoptera","Holometabola","Diptera","Nematocera","Culicomorpha",,"Chironomidae","Chironominae","Tanytarsini",,"Stempellinella","sp.",,"larva",2,,4,17,24,"N","N",,"condition OK","Y",,"Weiderholm, 1983; Weiderholm, 1986; Epler 2001; Ferrington et al. 2019; Andersen, Cranston and Epler 2013","N","Rhithron Associates, Inc.","B. Hayford",,,
"0b97c49f-f881-413a-a9cc-c6c05d705aad","D15","REDB","REDB.AOS.reach","2019-07-08T17:13Z","2019-08-02","REDB.20190708.HESS.7","A00000058816",,"EUKBRE","Y","Eukiefferiella brehmi gr.",,"speciesGroup","Arthropoda","Hexapoda","Insecta","Pterygota","Neoptera","Holometabola","Diptera","Nematocera","Culicomorpha",,"Chironomidae","Orthocladiinae",,,"Eukiefferiella","brehmi gr.",,"larva",2,,2,40,5,"N","N",,"condition OK","Y",,"Weiderholm, 1983; Bode, 1983; Weiderholm, 1986; Epler 2001; Ferrington et al. 2019; Andersen, Cranston and Epler 2013","N","Rhithron Associates, Inc.","B. Hayford",,,
"68a5752d-a7f8-43f7-b9a5-6291f8b93c0b","D15","REDB","REDB.AOS.reach","2019-07-08T17:13Z","2019-08-05","REDB.20190708.HESS.1","A00000058850",,"LIMSP5","Y","Limnephilidae sp.",,"family","Arthropoda","Hexapoda","Insecta","Pterygota","Neoptera","Holometabola","Trichoptera",,,"Limnephiloidea","Limnephilidae",,,,,"sp.",,"larva",2,,3,53,6,"Y","N","early instar","condition OK","Y",,"Wiggins 1996; Merritt et al. 2019","N","Rhithron Associates, Inc.","B. Moore",,,
"941cda7e-3bcd-4b63-8894-acb30fb7f28d","D15","REDB","REDB.AOS.reach","2019-07-08T17:13Z","2019-08-02","REDB.20190708.HESS.3","A00000058834",,"EUKBRE","Y","Eukiefferiella brehmi gr.",,"speciesGroup","Arthropoda","Hexapoda","Insecta","Pterygota","Neoptera","Holometabola","Diptera","Nematocera","Culicomorpha",,"Chironomidae","Orthocladiinae",,,"Eukiefferiella","brehmi gr.",,"larva",2,,2,37,5,"N","N",,"condition OK","Y",,"Weiderholm, 1983; Bode, 1983; Weiderholm, 1986; Epler 2001; Ferrington et al. 2019; Andersen, Cranston and Epler 2013","Y","Rhithron Associates, Inc.","A. Fasbender",,,
"632185a9-d87f-49f6-bb44-85384abf10ec","D15","REDB","REDB.AOS.reach","2019-07-08T17:13Z","2019-08-02","REDB.20190708.HESS.2","A00000058835",,"THIGRO","Y","Thienemannimyia gr.",,"speciesGroup","Arthropoda","Hexapoda","Insecta","Pterygota","Neoptera","Holometabola","Diptera","Nematocera","Culicomorpha",,"Chironomidae","Tanypodinae","Pentaneurini",,"Thienemannimyia","gr.",,"larva",4,,3,17,18,"Y","N","early instar","condition OK","Y",,"Weiderholm, 1983; Weiderholm, 1986; Epler 2001; Ferrington et al. 2008; Andersen, Cranston and Epler 2017","N","Rhithron Associates, Inc.","A. Fasbender",,,
"a9d6ca54-a396-4a4d-87cd-32c451762144","D15","REDB","REDB.AOS.reach","2019-07-08T17:13Z","2019-08-02","REDB.20190708.HESS.8","A00000058849",,"THIGRO","Y","Thienemannimyia gr.",,"speciesGroup","Arthropoda","Hexapoda","Insecta","Pterygota","Neoptera","Holometabola","Diptera","Nematocera","Culicomorpha",,"Chironomidae","Tanypodinae","Pentaneurini",,"Thienemannimyia","gr.",,"larva",7,,1,17,6,"Y","N","early instar","condition OK","Y",,"Weiderholm, 1983; Weiderholm, 1986; Epler 2001; Ferrington et al. 2008; Andersen, Cranston and Epler 2017","N","Rhithron Associates, Inc.","B. Hayford",,,
"b9258f59-d32c-499a-b06d-584a3889c249","D15","REDB","REDB.AOS.reach","2019-07-08T17:13Z","2019-08-05","REDB.20190708.HESS.1","A00000058850",,"PISSP4","Y","Pisidium sp.",,"genus","Mollusca",,"Bivalvia","Heterodonta",,,"Veneroida",,,"Corbiculoidea","Pisidiidae",,,,"Pisidium","sp.",,"unknown",2,,5,53,9,"N","N",,"condition OK","Y",,"Burch 1989; Mackie, 2007; Thorp and Rogers 2016","N","Rhithron Associates, Inc.","B. Moore",,,
"fc3a04bb-f517-49ff-acb9-0583a51d4751","D15","REDB","REDB.AOS.reach","2019-07-08T17:13Z","2019-08-05","REDB.20190708.HESS.3","A00000058834",,"BAESP2","Y","Baetis sp.",,"genus","Arthropoda","Hexapoda","Insecta","Pterygota","Palaeoptera",,"Ephemeroptera","Pisciforma",,,"Baetidae",,,,"Baetis","sp.",,"larva",1,,99,37,268,"Y","N","early instar","condition OK","N",,"Merritt et al. 2019","Y","Rhithron Associates, Inc.","B. Moore",,,
"daa6c759-1dfe-4ae3-b8c9-0d788f79c732","D15","REDB","REDB.AOS.reach","2019-07-08T17:13Z","2019-08-02","REDB.20190708.HESS.1","A00000058850",,"PENSP7","Y","Pentaneura sp.",,"genus","Arthropoda","Hexapoda","Insecta","Pterygota","Neoptera","Holometabola","Diptera","Nematocera","Culicomorpha",,"Chironomidae","Tanypodinae","Pentaneurini",,"Pentaneura","sp.",,"larva",3,,2,53,4,"N","N",,"condition OK","Y",,"Weiderholm, 1983; Weiderholm, 1986; Epler 2001; Ferrington et al. 2019; Andersen, Cranston and Epler 2013","N","Rhithron Associates, Inc.","A. Fasbender",,,
"89e38b1e-32c3-4e2b-a974-b0cb83377313","D15","REDB","REDB.AOS.reach","2019-07-08T17:13Z","2019-08-05","REDB.20190708.HESS.6","A00000058817",,"OSTSP","Y","Ostracoda sp.",,"class","Arthropoda","Crustacea","Ostracoda",,,,,,,,,,,,,"sp.",,"unknown",1,,6,27,22,"N","N",,"condition OK","Y",,"Thorp and Rogers 2016","N","Rhithron Associates, Inc.","J. Webb",,,
"587a38b6-16c1-4c14-b2a9-304bd211bee8","D15","REDB","REDB.AOS.reach","2019-07-08T17:13Z","2019-08-05","REDB.20190708.HESS.5","A00000058833",,"EPHSP","Y","Ephemeroptera sp.",,"order","Arthropoda","Hexapoda","Insecta","Pterygota","Palaeoptera",,"Ephemeroptera",,,,,,,,,"sp.",,"larva",1,,1,17,6,"Y","N","early instar","condition OK","N",,"Merritt et al. 2019","N","Rhithron Associates, Inc.","J. Webb",,,
"e8308040-29d3-4f6e-8fc4-69c8ca02c421","D15","REDB","REDB.AOS.reach","2019-07-08T17:13Z","2019-08-05","REDB.20190708.HESS.8","A00000058849",,"MALSP4","Y","Malenka sp.",,"genus","Arthropoda","Hexapoda","Insecta","Pterygota","Neoptera","Polyneoptera","Plecoptera","Euholognatha",,,"Nemouridae","Amphinemurinae",,,"Malenka","sp.",,"larva",2,,5,17,29,"N","N",,"condition OK","Y",,"Stewart and Stark 2002; Merritt et al. 2019","N","Rhithron Associates, Inc.","J. Webb","Reference Collection(1)",,
"c3253c54-70cb-41da-bd19-ccb022760af6","D15","REDB","REDB.AOS.reach","2019-07-08T17:13Z","2019-08-02","REDB.20190708.HESS.6","A00000058817","BA19NEOMST07006O3|BA19NEOMST07006O2|BA19NEOMST07006O4|BA19NEOMST07006O1","RHYSP5","Y","Rhyacodrilus sp.",,"genus","Annelida","Clitellata","Oligochaeta","Oligochaeta",,,"Tubificida",,,,"Naididae","Rhyacodrilinae",,,"Rhyacodrilus","sp.",,"immature",10,,3,27,11,"Y","N",,"condition OK","Y",,"Kathman and Brinkhurst, 1999","N","Rhithron Associates, Inc.","A. Fasbender","Reference Collection(1)",,
"2018bc6e-64af-45e4-82aa-af95990ec3bf","D15","REDB","REDB.AOS.reach","2019-07-08T17:13Z","2019-08-05","REDB.20190708.HESS.7","A00000058816",,"LEPSP4","Y","Leptophlebiidae sp.",,"family","Arthropoda","Hexapoda","Insecta","Pterygota","Palaeoptera",,"Ephemeroptera","Furcatergalia","Lanceolata",,"Leptophlebiidae",,,,,"sp.",,"larva",2,,1,40,3,"Y","N","early instar","condition OK","Y",,"Merritt et al. 2019","N","Rhithron Associates, Inc.","J. Webb",,,
"a8c24a8b-af19-442e-992b-238fa3254a6d","D15","REDB","REDB.AOS.reach","2019-07-08T17:13Z","2019-08-02","REDB.20190708.HESS.4","A00000058818","BA19NEOMST07004O4|BA19NEOMST07004O2|BA19NEOMST07004O5|BA19NEOMST07004O3|BA19NEOMST07004O1","NAISP","Y","Naididae sp.",,"family","Annelida","Clitellata","Oligochaeta","Oligochaeta",,,"Tubificida",,,,"Naididae",,,,,"sp.",,"immature",4,,9,100,9,"Y","N",,"condition OK","N",,"Kathman and Brinkhurst, 1999","N","Rhithron Associates, Inc.","A. Fasbender","Rhyacodrilinae/Tubificinae w/ HC",,
"80a2c8ae-1014-4d5f-a919-b7026270c900","D15","REDB","REDB.AOS.reach","2019-07-08T17:13Z","2019-08-02","REDB.20190708.HESS.3","A00000058834",,"RHESP2","Y","Rheotanytarsus sp.",,"genus","Arthropoda","Hexapoda","Insecta","Pterygota","Neoptera","Holometabola","Diptera","Nematocera","Culicomorpha",,"Chironomidae","Chironominae","Tanytarsini",,"Rheotanytarsus","sp.",,"larva",3,,2,37,5,"N","N",,"condition OK","Y",,"Weiderholm, 1983; Weiderholm, 1986; Epler 2001; Ferrington et al. 2019; Andersen, Cranston and Epler 2013","Y","Rhithron Associates, Inc.","A. Fasbender",,,
"94eb9bc1-b10d-42fa-b832-0b10456c8b3d","D15","REDB","REDB.AOS.reach","2019-07-08T17:13Z","2019-08-05","REDB.20190708.HESS.4","A00000058818",,"NEMSP","Y","Nematoda sp.",,"phylum","Nematoda",,,,,,,,,,,,,,,"sp.",,"unknown",3,,4,100,4,"N","N",,"condition OK","Y",,"Thorp and Rogers 2016","N","Rhithron Associates, Inc.","B. Moore",,,
"0f8aa676-1c66-4b4a-b5a6-2e670622effa","D15","REDB","REDB.AOS.reach","2019-07-08T17:13Z","2019-08-02","REDB.20190708.HESS.1","A00000058850",,"PENSP7","Y","Pentaneura sp.",,"genus","Arthropoda","Hexapoda","Insecta","Pterygota","Neoptera","Holometabola","Diptera","Nematocera","Culicomorpha",,"Chironomidae","Tanypodinae","Pentaneurini",,"Pentaneura","sp.",,"larva",5,,1,53,2,"N","N",,"condition OK","Y",,"Weiderholm, 1983; Weiderholm, 1986; Epler 2001; Ferrington et al. 2019; Andersen, Cranston and Epler 2013","N","Rhithron Associates, Inc.","A. Fasbender",,,
"b5eb14dd-9b1b-4a15-8647-e0a89e61ec11","D15","REDB","REDB.AOS.reach","2019-07-08T17:13Z","2019-08-05","REDB.20190708.HESS.8","A00000058849",,"PTYSP2","Y","Ptychoptera sp.",,"genus","Arthropoda","Hexapoda","Insecta","Pterygota","Neoptera","Holometabola","Diptera","Nematocera","Ptychopteromorpha",,"Ptychopteridae","Ptychopterinae",,,"Ptychoptera","sp.",,"larva",3,,4,17,24,"N","N",,"condition OK","Y",,"Merritt et al. 2019","N","Rhithron Associates, Inc.","J. Webb",,,
"d6288925-efbe-42b4-98af-af824bb8ed15","D15","REDB","REDB.AOS.reach","2019-07-08T17:13Z","2019-08-02","REDB.20190708.HESS.3","A00000058834",,"PENSP7","Y","Pentaneura sp.",,"genus","Arthropoda","Hexapoda","Insecta","Pterygota","Neoptera","Holometabola","Diptera","Nematocera","Culicomorpha",,"Chironomidae","Tanypodinae","Pentaneurini",,"Pentaneura","sp.",,"larva",3,,1,37,3,"N","N",,"condition OK","Y",,"Weiderholm, 1983; Weiderholm, 1986; Epler 2001; Ferrington et al. 2019; Andersen, Cranston and Epler 2013","Y","Rhithron Associates, Inc.","A. Fasbender",,,
"e2f5192b-4ca0-4234-9a0d-4c3025ce7e0b","D15","REDB","REDB.AOS.reach","2019-07-08T17:13Z","2019-08-05","REDB.20190708.HESS.3","A00000058834",,"BAESP2","Y","Baetis sp.",,"genus","Arthropoda","Hexapoda","Insecta","Pterygota","Palaeoptera",,"Ephemeroptera","Pisciforma",,,"Baetidae",,,,"Baetis","sp.",,"larva",2,,10,37,27,"Y","N","early instar","condition OK","N",,"Merritt et al. 2019","Y","Rhithron Associates, Inc.","B. Moore",,,
"6f4beeae-fb8b-46f6-a1de-f00459e7c7e9","D15","REDB","REDB.AOS.reach","2019-07-08T17:13Z","2019-08-02","REDB.20190708.HESS.5","A00000058833",,"PENSP7","Y","Pentaneura sp.",,"genus","Arthropoda","Hexapoda","Insecta","Pterygota","Neoptera","Holometabola","Diptera","Nematocera","Culicomorpha",,"Chironomidae","Tanypodinae","Pentaneurini",,"Pentaneura","sp.",,"larva",4,,1,17,6,"N","N",,"condition OK","Y",,"Weiderholm, 1983; Weiderholm, 1986; Epler 2001; Ferrington et al. 2019; Andersen, Cranston and Epler 2013","N","Rhithron Associates, Inc.","B. Hayford",,,
"6dc55a6f-72b2-4218-8fbe-c15f375802ae","D15","REDB","REDB.AOS.reach","2019-07-08T17:13Z","2019-08-05","REDB.20190708.HESS.2","A00000058835",,"HETCOR","Y","Heterlimnius corpulentus",,"species","Arthropoda","Hexapoda","Insecta","Pterygota","Neoptera","Holometabola","Coleoptera","Polyphaga","Elateriformia","Byrrhoidea","Elmidae","Elminae","Elmini",,"Heterlimnius","corpulentus",,"larva",1,,2,17,12,"N","N",,"condition OK","Y",,"Brown 1972; Merritt et al. 2019; Kamite, 2009","N","Rhithron Associates, Inc.","B. Moore",,,
"c088addc-2531-4fc5-b319-3aa4b7d61914","D15","REDB","REDB.AOS.reach","2019-07-08T17:13Z","2019-08-05","REDB.20190708.HESS.2","A00000058835",,"SIMSP1","Y","Simulium sp.",,"genus","Arthropoda","Hexapoda","Insecta","Pterygota","Neoptera","Holometabola","Diptera","Nematocera","Culicomorpha",,"Simuliidae","Simuliinae","Simuliini",,"Simulium","sp.",,"larva",5,,2,17,12,"N","N",,"condition OK","Y",,"Adler et al. 2004; Merritt et al. 2019","N","Rhithron Associates, Inc.","B. Moore",,,
"4ab07d28-505c-4e10-87f4-8108bbde7e72","D15","REDB","REDB.AOS.reach","2019-07-08T17:13Z","2019-08-05","REDB.20190708.HESS.1","A00000058850",,"RHYVOF","Y","Rhyacophila vofixa gr.",,"speciesGroup","Arthropoda","Hexapoda","Insecta","Pterygota","Neoptera","Holometabola","Trichoptera",,,"Rhyacophiloidea","Rhyacophilidae",,,,"Rhyacophila","vofixa gr.",,"larva",2,,1,53,2,"N","N",,"condition OK","Y",,"Prather and Morris 2001; Morse et al. 2017; Giersch et al. 2012","N","Rhithron Associates, Inc.","B. Moore",,,
"e06220c2-2d92-4f60-960f-f7f8b299ff9c","D15","REDB","REDB.AOS.reach","2019-07-08T17:13Z","2019-08-05","REDB.20190708.HESS.8","A00000058849",,"HYDSP23","Y","Hydropsyche sp.",,"genus","Arthropoda","Hexapoda","Insecta","Pterygota","Neoptera","Holometabola","Trichoptera",,,"Hydropsychoidea","Hydropsychidae","Hydropsychinae",,,"Hydropsyche","sp.",,"larva",4,,1,17,6,"N","N",,"condition OK","Y",,"Wiggins, 1996; Geraci, 2010","N","Rhithron Associates, Inc.","J. Webb",,,
"6ab19f42-84cd-4e3c-85a0-bd13f9831049","D15","REDB","REDB.AOS.reach","2019-07-08T17:13Z","2019-08-02","REDB.20190708.HESS.5","A00000058833",,"PARSP26","Y","Parametriocnemus sp.",,"genus","Arthropoda","Hexapoda","Insecta","Pterygota","Neoptera","Holometabola","Diptera","Nematocera","Culicomorpha",,"Chironomidae","Orthocladiinae",,,"Parametriocnemus","sp.",,"larva",4,,1,17,6,"N","N",,"condition OK","Y",,"Weiderholm, 1983; Weiderholm, 1986; Epler 2001; Ferrington et al. 2019; Andersen, Cranston and Epler 2013","N","Rhithron Associates, Inc.","B. Hayford",,,
"5ef7724e-c9df-4581-9dae-2e0bc9eaa3ee","D15","REDB","REDB.AOS.reach","2019-07-08T17:13Z","2019-08-02","REDB.20190708.HESS.3","A00000058834",,"CRISP6","Y","Cricotopus/Orthocladius sp.",,"speciesGroup","Arthropoda","Hexapoda","Insecta","Pterygota","Neoptera","Holometabola","Diptera","Nematocera","Culicomorpha",,"Chironomidae","Orthocladiinae",,,"Cricotopus/Orthocladius","sp.",,"larva",3,,1,37,3,"Y","N","early instar","condition OK","Y",,"Weiderholm, 1983; Weiderholm, 1986; Epler 2001; Ferrington et al. 2008; Andersen, Cranston and Epler 2013","Y","Rhithron Associates, Inc.","A. Fasbender",,,
"6b2a9369-7bd6-4438-b243-6511e4592133","D15","REDB","REDB.AOS.reach","2019-07-08T17:13Z","2019-08-05","REDB.20190708.HESS.7","A00000058816",,"WANSP","Y","Wandesia sp.",,"genus","Arthropoda","Chelicerata","Arachnida","Acari",,"Acariformes","Trombidiformes","Prostigmata",,"Hydryphantoidea","Hydryphantidae",,,,"Wandesia","sp.",,"adult",1,,2,40,5,"N","N",,"condition OK","Y",,"Thorp and Rogers 2016","N","Rhithron Associates, Inc.","J. Webb",,,
"723f9338-d58c-497a-a714-f6381170ef04","D15","REDB","REDB.AOS.reach","2019-07-08T17:13Z","2019-08-05","REDB.20190708.HESS.1","A00000058850",,"CHLSP","Y","Chloroperlidae sp.",,"family","Arthropoda","Hexapoda","Insecta","Pterygota","Neoptera","Polyneoptera","Plecoptera","Systellognatha",,,"Chloroperlidae",,,,,"sp.",,"larva",3,,1,53,2,"Y","N","early instar","condition OK","Y",,"Stewart and Stark 2002; Merritt et al. 2019","N","Rhithron Associates, Inc.","B. Moore",,,
"fe82b95c-51df-4261-a451-5310c87a0562","D15","REDB","REDB.AOS.reach","2019-07-08T17:13Z","2019-08-02","REDB.20190708.HESS.3","A00000058834",,"MICSP6","Y","Micropsectra sp.",,"genus","Arthropoda","Hexapoda","Insecta","Pterygota","Neoptera","Holometabola","Diptera","Nematocera","Culicomorpha",,"Chironomidae","Chironominae","Tanytarsini",,"Micropsectra","sp.",,"larva",2,,3,37,8,"N","N",,"condition OK","Y",,"Weiderholm, 1983; Weiderholm, 1986; Epler 2001; Ferrington et al. 2019; Andersen, Cranston and Epler 2013","Y","Rhithron Associates, Inc.","A. Fasbender",,,
"33ad3a20-e88d-42fc-8464-f287c183c328","D15","REDB","REDB.AOS.reach","2019-07-08T17:13Z","2019-08-05","REDB.20190708.HESS.2","A00000058835",,"WANSP","Y","Wandesia sp.",,"genus","Arthropoda","Chelicerata","Arachnida","Acari",,"Acariformes","Trombidiformes","Prostigmata",,"Hydryphantoidea","Hydryphantidae",,,,"Wandesia","sp.",,"adult",1,,2,17,12,"N","N",,"condition OK","Y",,"Thorp and Rogers 2016","N","Rhithron Associates, Inc.","B. Moore",,,
"a832e6cb-e81d-4ffd-9035-a0f38e1641a6","D15","REDB","REDB.AOS.reach","2019-07-08T17:13Z","2019-08-05","REDB.20190708.HESS.8","A00000058849",,"PISSP2","Y","Pisidiidae sp.",,"family","Mollusca",,"Bivalvia","Heterodonta",,,"Veneroida",,,"Corbiculoidea","Pisidiidae",,,,,"sp.",,"immature",1,,58,17,341,"Y","N",,"condition OK","Y",,"Mackie 2007; Thorp and Rogers 2016","N","Rhithron Associates, Inc.","J. Webb",,,
"89f2e29b-e938-4432-a2e8-9f0e0af4d5d7","D15","REDB","REDB.AOS.reach","2019-07-08T17:13Z","2019-08-02","REDB.20190708.HESS.8","A00000058849",,"CHASP12","Y","Chaetocladius sp.",,"genus","Arthropoda","Hexapoda","Insecta","Pterygota","Neoptera","Holometabola","Diptera","Nematocera","Culicomorpha",,"Chironomidae","Orthocladiinae",,,"Chaetocladius","sp.",,"larva",5,,1,17,6,"N","N",,"condition OK","Y",,"Weiderholm, 1983; Weiderholm, 1986; Epler 2001; Ferrington et al. 2019; Andersen, Cranston and Epler 2013","N","Rhithron Associates, Inc.","B. Hayford",,,
"efb45b53-ea7a-4224-bab2-3a0e5f141c07","D15","REDB","REDB.AOS.reach","2019-07-08T17:13Z","2019-08-02","REDB.20190708.HESS.6","A00000058817","BA19NEOMST07006O2|BA19NEOMST07006O3|BA19NEOMST07006O4|BA19NEOMST07006O1","ENCSP1","Y","Enchytraeidae sp.",,"family","Annelida","Clitellata","Oligochaeta","Oligochaeta",,,"Enchytraeida",,,,"Enchytraeidae",,,,,"sp.",,"unknown",2,,3,27,11,"N","N",,"condition OK","Y",,"Kathman and Brinkhurst, 1999","N","Rhithron Associates, Inc.","A. Fasbender",,,
"47d13a38-86a5-4cc0-911b-0828f7dee04e","D15","REDB","REDB.AOS.reach","2019-07-08T17:13Z","2019-08-05","REDB.20190708.HESS.1","A00000058850",,"HETCOR","Y","Heterlimnius corpulentus",,"species","Arthropoda","Hexapoda","Insecta","Pterygota","Neoptera","Holometabola","Coleoptera","Polyphaga","Elateriformia","Byrrhoidea","Elmidae","Elminae","Elmini",,"Heterlimnius","corpulentus",,"larva",5,,1,53,2,"N","N",,"condition OK","Y",,"Brown 1972; Merritt et al. 2019; Kamite, 2009","N","Rhithron Associates, Inc.","B. Moore",,,
"1bb55722-f625-411c-9e89-0baeb76e6717","D15","REDB","REDB.AOS.reach","2019-07-08T17:13Z","2019-08-05","REDB.20190708.HESS.8","A00000058849",,"CHYCEN","Y","Chyranda centralis",,"species","Arthropoda",,"Insecta","Pterygota","Neoptera",,"Trichoptera","Integripalpia","Plenitentoria","Limnephiloidea","Limnephilidae","Limnephilinae","Stenophylacini",,"Chyranda","centralis",,"larva",14,,1,17,6,"N","N",,"condition OK","Y",,"Wiggins 1996","N","Rhithron Associates, Inc.","J. Webb","Reference Collection(1)",,
"375b60d9-cabc-41f5-b96e-6df6d5fece16","D15","REDB","REDB.AOS.reach","2019-07-08T17:13Z","2019-08-05","REDB.20190708.HESS.6","A00000058817",,"OPTSP","Y","Optioservus sp.",,"genus","Arthropoda","Hexapoda","Insecta","Pterygota","Neoptera","Holometabola","Coleoptera","Polyphaga","Elateriformia","Byrrhoidea","Elmidae","Elminae","Elmini",,"Optioservus","sp.",,"adult",2,,1,27,4,"N","N",,"condition OK","Y",,"Brown 1972; Merritt et al. 2019","N","Rhithron Associates, Inc.","J. Webb",,,
"f090bb40-7f0e-4470-aa1a-c14354da1b56","D15","REDB","REDB.AOS.reach","2019-07-08T17:13Z","2019-08-05","REDB.20190708.HESS.8","A00000058849",,"NARSP","Y","Narpus sp.",,"genus","Arthropoda","Hexapoda","Insecta","Pterygota","Neoptera","Holometabola","Coleoptera","Polyphaga","Elateriformia","Byrrhoidea","Elmidae","Elminae","Elmini",,"Narpus","sp.",,"larva",2,,1,17,6,"N","N",,"condition OK","Y",,"Merritt et al. 2019","N","Rhithron Associates, Inc.","J. Webb",,,
"7cec5b7c-942e-4057-ba37-ad9e8a2f1c2f","D15","REDB","REDB.AOS.reach","2019-07-08T17:13Z","2019-08-02","REDB.20190708.HESS.2","A00000058835",,"CHISP6","Y","Chironomini sp.",,"tribe","Arthropoda","Hexapoda","Insecta","Pterygota","Neoptera","Holometabola","Diptera","Nematocera","Culicomorpha",,"Chironomidae","Chironominae","Chironomini",,,"sp.",,"larva",1,,1,17,6,"Y","N","early instar","condition OK","Y",,"Weiderholm, 1983; Weiderholm, 1986; Epler 2001; Ferrington et al. 2019; Andersen, Cranston and Epler 2013","N","Rhithron Associates, Inc.","A. Fasbender",,,
"727c7010-89f4-40cd-a19e-bf46f05bff80","D15","REDB","REDB.AOS.reach","2019-07-08T17:13Z","2019-08-05","REDB.20190708.HESS.1","A00000058850",,"BAESP2","Y","Baetis sp.",,"genus","Arthropoda","Hexapoda","Insecta","Pterygota","Palaeoptera",,"Ephemeroptera","Pisciforma",,,"Baetidae",,,,"Baetis","sp.",,"larva",1,,141,53,266,"Y","N","early instar","condition OK","N",,"Merritt et al. 2019","N","Rhithron Associates, Inc.","B. Moore",,,
"cf5f85d8-194c-4c0d-a4a1-552dfa16903b","D15","REDB","REDB.AOS.reach","2019-07-08T17:13Z","2019-08-05","REDB.20190708.HESS.5","A00000058833",,"BAETRI2","Y","Baetis tricaudatus cx.",,"speciesGroup","Arthropoda","Hexapoda","Insecta","Pterygota","Palaeoptera",,"Ephemeroptera",,,,"Baetidae",,,,"Baetis","tricaudatus cx.",,"larva",3,,2,17,12,"N","N",,"condition OK","Y",,"Morihara and McCafferty 1979; Wiersema, 2004; Webb et al. 2018","N","Rhithron Associates, Inc.","J. Webb",,"8eed5f2b-1fe6-4ed1-a737-26d4301129c5",
"5f5d5368-2919-41e2-99e8-aa48c54d89e1","D15","REDB","REDB.AOS.reach","2019-07-08T17:13Z","2019-08-05","REDB.20190708.HESS.8","A00000058849",,"BAERHO","Y","Baetis rhodani gr.",,"speciesGroup","Arthropoda","Hexapoda","Insecta","Pterygota","Palaeoptera",,"Ephemeroptera",,,,"Baetidae",,,,"Baetis","rhodani gr.",,"larva",3,,1,17,6,"N","N","damaged","damaged, affecting taxonomy and measurement","Y",,"Morihara and McCafferty 1979; Wiersema, 2004; Webb et al. 2018","N","Rhithron Associates, Inc.","J. Webb",,"078df824-15d5-481c-97a3-35f858e23b75",
"fc135a68-c265-43e7-960d-2668ebab5501","D15","REDB","REDB.AOS.reach","2019-07-08T17:13Z","2019-08-02","REDB.20190708.HESS.2","A00000058835","BA19NEOMST07002O1","NAISP","Y","Naididae sp.",,"family","Annelida","Clitellata","Oligochaeta","Oligochaeta",,,"Tubificida",,,,"Naididae",,,,,"sp.",,"immature",5,,1,17,6,"Y","N",,"condition OK","Y",,"Kathman and Brinkhurst, 1999","N","Rhithron Associates, Inc.","A. Fasbender","w/o HC",,
"7af849be-8c46-4d26-bc40-68a10404c6a9","D15","REDB","REDB.AOS.reach","2019-07-08T17:13Z","2019-08-05","REDB.20190708.HESS.7","A00000058816",,"EPHSP","Y","Ephemeroptera sp.",,"order","Arthropoda","Hexapoda","Insecta","Pterygota","Palaeoptera",,"Ephemeroptera",,,,,,,,,"sp.",,"larva",1,,1,40,3,"Y","N","early instar","condition OK","N",,"Merritt et al. 2019","N","Rhithron Associates, Inc.","J. Webb",,,
"182f2ac1-bd6c-4140-b00a-a15bc67966d7","D15","REDB","REDB.AOS.reach","2019-07-08T17:13Z","2019-08-02","REDB.20190708.HESS.8","A00000058849",,"TANSP11","Y","Tanytarsus sp.",,"genus","Arthropoda","Hexapoda","Insecta","Pterygota","Neoptera","Holometabola","Diptera","Nematocera","Culicomorpha",,"Chironomidae","Chironominae","Tanytarsini",,"Tanytarsus","sp.",,"larva",2,,2,17,12,"N","N",,"condition OK","Y",,"Weiderholm, 1983; Weiderholm, 1986; Epler 2001; Ferrington et al. 2019; Andersen, Cranston and Epler 2013","N","Rhithron Associates, Inc.","B. Hayford",,,
"e212cbc7-3060-4aac-919c-b9bd7afd3318","D15","REDB","REDB.AOS.reach","2019-07-08T17:13Z","2019-08-05","REDB.20190708.HESS.4","A00000058818",,"FELSP1","Y","Feltria sp.",,"genus","Arthropoda","Chelicerata","Arachnida","Acari",,"Acariformes","Trombidiformes","Prostigmata",,"Hygrobatoidea","Feltriidae",,,,"Feltria","sp.",,"adult",1,,1,100,1,"N","N",,"condition OK","Y",,"Thorp and Rogers 2016","N","Rhithron Associates, Inc.","B. Moore",,,
"b62aebc7-8799-4458-8647-2dd93ba60584","D15","REDB","REDB.AOS.reach","2019-07-08T17:13Z","2019-08-05","REDB.20190708.HESS.2","A00000058835",,"POLSP17","Y","Polycelis sp.",,"genus","Platyhelminthes","Rhabditophora","Trepaxonemata",,,,"Neoophora",,,,"Planariidae",,,,"Polycelis","sp.",,"unknown",4,,3,17,18,"N","N",,"condition OK","Y",,"Thorp and Rogers 2016","N","Rhithron Associates, Inc.","B. Moore",,,
"a2a426f9-bb7e-489e-a386-341e59faf380","D15","REDB","REDB.AOS.reach","2019-07-08T17:13Z","2019-08-05","REDB.20190708.HESS.5","A00000058833",,"HETCOR","Y","Heterlimnius corpulentus",,"species","Arthropoda","Hexapoda","Insecta","Pterygota","Neoptera","Holometabola","Coleoptera","Polyphaga","Elateriformia","Byrrhoidea","Elmidae","Elminae","Elmini",,"Heterlimnius","corpulentus",,"larva",2,,1,17,6,"N","N",,"condition OK","Y",,"Brown 1972; Merritt et al. 2019; Kamite, 2009","N","Rhithron Associates, Inc.","J. Webb",,,
"d0625309-feb2-40cd-aecf-31ffe3087923","D15","REDB","REDB.AOS.reach","2019-07-08T17:13Z","2019-08-02","REDB.20190708.HESS.4","A00000058818",,"RHESP2","Y","Rheotanytarsus sp.",,"genus","Arthropoda","Hexapoda","Insecta","Pterygota","Neoptera","Holometabola","Diptera","Nematocera","Culicomorpha",,"Chironomidae","Chironominae","Tanytarsini",,"Rheotanytarsus","sp.",,"pupa",3,,1,100,1,"N","N",,"condition OK","N",,"Weiderholm, 1983; Weiderholm, 1986; Epler 2001; Ferrington et al. 2019; Andersen, Cranston and Epler 2013","N","Rhithron Associates, Inc.","B. Hayford",,,
"69646d9e-661f-4068-a11f-c5cfdcd1e39d","D15","REDB","REDB.AOS.reach","2019-07-08T17:13Z","2019-08-05","REDB.20190708.HESS.5","A00000058833",,"CHLSP","Y","Chloroperlidae sp.",,"family","Arthropoda","Hexapoda","Insecta","Pterygota","Neoptera","Polyneoptera","Plecoptera","Systellognatha",,,"Chloroperlidae",,,,,"sp.",,"larva",3,,1,17,6,"Y","N","early instar","condition OK","Y",,"Stewart and Stark 2002; Merritt et al. 2019","N","Rhithron Associates, Inc.","J. Webb",,,
"d003a292-a922-49e9-9053-a53b82b836c5","D15","REDB","REDB.AOS.reach","2019-07-08T17:13Z","2019-08-02","REDB.20190708.HESS.4","A00000058818","BA19NEOMST07004O5|BA19NEOMST07004O2|BA19NEOMST07004O1|BA19NEOMST07004O3|BA19NEOMST07004O4","NAISP","Y","Naididae sp.",,"family","Annelida","Clitellata","Oligochaeta","Oligochaeta",,,"Tubificida",,,,"Naididae",,,,,"sp.",,"immature",2,,1,100,1,"Y","N",,"condition OK","N",,"Kathman and Brinkhurst, 1999","N","Rhithron Associates, Inc.","A. Fasbender","Rhyacodrilinae/Tubificinae w/ HC",,
"15506685-834c-45b0-b084-46bafe22aac0","D15","REDB","REDB.AOS.reach","2019-07-08T17:13Z","2019-08-05","REDB.20190708.HESS.7","A00000058816",,"TAESP","Y","Taeniopterygidae sp.",,"family","Arthropoda","Hexapoda","Insecta","Pterygota","Neoptera","Polyneoptera","Plecoptera","Euholognatha",,,"Taeniopterygidae",,,,,"sp.",,"larva",1,,121,40,303,"Y","N","early instar","condition OK","Y",,"Stewart and Stark 2002; Merritt et al. 2019","N","Rhithron Associates, Inc.","J. Webb",,,
"3e7efaca-1f63-480e-98ba-d27aa2c94fd2","D15","REDB","REDB.AOS.reach","2019-07-08T17:13Z","2019-08-05","REDB.20190708.HESS.5","A00000058833",,"LEPSP4","Y","Leptophlebiidae sp.",,"family","Arthropoda","Hexapoda","Insecta","Pterygota","Palaeoptera",,"Ephemeroptera","Furcatergalia","Lanceolata",,"Leptophlebiidae",,,,,"sp.",,"larva",2,,2,17,12,"Y","N","early instar","condition OK","Y",,"Merritt et al. 2019","N","Rhithron Associates, Inc.","J. Webb","Neoleptophlebia?",,
"07268c79-9d3d-4949-a887-c005b04b28a6","D15","REDB","REDB.AOS.reach","2019-07-08T17:13Z","2019-08-02","REDB.20190708.HESS.5","A00000058833","BA19NEOMST07005O1","NAISP","Y","Naididae sp.",,"family","Annelida","Clitellata","Oligochaeta","Oligochaeta",,,"Tubificida",,,,"Naididae",,,,,"sp.",,"immature",2,,3,17,18,"Y","N",,"condition OK","N",,"Kathman and Brinkhurst, 1999","N","Rhithron Associates, Inc.","A. Fasbender","Rhyacodrilinae/Tubificinae w/ HC",,
"aec572ce-d949-4be4-95ff-e724db716e11","D15","REDB","REDB.AOS.reach","2019-07-08T17:13Z","2019-08-05","REDB.20190708.HESS.3","A00000058834",,"PISSP4","Y","Pisidium sp.",,"genus","Mollusca",,"Bivalvia","Heterodonta",,,"Veneroida",,,"Corbiculoidea","Pisidiidae",,,,"Pisidium","sp.",,"unknown",1,,3,37,8,"N","N",,"condition OK","Y",,"Burch 1989; Mackie, 2007; Thorp and Rogers 2016","Y","Rhithron Associates, Inc.","B. Moore",,,
"bb7ecae1-f29f-42a3-b6d6-ee97d18ce787","D15","REDB","REDB.AOS.reach","2019-07-08T17:13Z","2019-08-05","REDB.20190708.HESS.2","A00000058835",,"DICSP6","Y","Dicranota sp.",,"genus","Arthropoda","Hexapoda","Insecta","Pterygota","Neoptera","Holometabola","Diptera","Nematocera","Tipulomorpha",,"Tipulidae","Limoniinae","Pediciini",,"Dicranota","sp.",,"larva",8,,1,17,6,"N","N",,"condition OK","Y",,"Gelhaus and Podeniene 2018; Merritt et al. 2019","N","Rhithron Associates, Inc.","B. Moore",,,
"e5da22d7-1865-4dd4-a212-a0e68449472a","D15","REDB","REDB.AOS.reach","2019-07-08T17:13Z","2019-08-02","REDB.20190708.HESS.8","A00000058849",,"STESP10","Y","Stempellinella sp.",,"genus","Arthropoda","Hexapoda","Insecta","Pterygota","Neoptera","Holometabola","Diptera","Nematocera","Culicomorpha",,"Chironomidae","Chironominae","Tanytarsini",,"Stempellinella","sp.",,"pupa",2,,3,17,18,"N","N",,"condition OK","N",,"Weiderholm, 1983; Weiderholm, 1986; Epler 2001; Ferrington et al. 2019; Andersen, Cranston and Epler 2013","N","Rhithron Associates, Inc.","B. Hayford",,,
"7ef8c86f-776a-426c-b9a9-f1ded25d38a6","D15","REDB","REDB.AOS.reach","2019-07-08T17:13Z","2019-08-05","REDB.20190708.HESS.6","A00000058817",,"MALSP4","Y","Malenka sp.",,"genus","Arthropoda","Hexapoda","Insecta","Pterygota","Neoptera","Polyneoptera","Plecoptera","Euholognatha",,,"Nemouridae","Amphinemurinae",,,"Malenka","sp.",,"larva",3,,1,27,4,"N","N",,"condition OK","Y",,"Stewart and Stark 2002; Merritt et al. 2019","N","Rhithron Associates, Inc.","J. Webb",,,
"aebda348-9f89-4270-990c-70143e920658","D15","REDB","REDB.AOS.reach","2019-07-08T17:13Z","2019-08-02","REDB.20190708.HESS.7","A00000058816",,"ORTSP3","Y","Orthocladius sp.",,"genus","Arthropoda","Hexapoda","Insecta","Pterygota","Neoptera","Holometabola","Diptera","Nematocera","Culicomorpha",,"Chironomidae","Orthocladiinae",,,"Orthocladius","sp.",,"larva",2,,2,40,5,"N","N",,"condition OK","Y",,"Weiderholm, 1983; Weiderholm, 1986; Epler 2001; Ferrington et al. 2019; Andersen, Cranston and Epler 2013","N","Rhithron Associates, Inc.","B. Hayford",,,
"11c25f61-4075-4e68-b646-39e72d7fca15","D15","REDB","REDB.AOS.reach","2019-07-08T17:13Z","2019-08-02","REDB.20190708.HESS.1","A00000058850",,"PAGSP4","Y","Pagastia sp.",,"genus","Arthropoda","Hexapoda","Insecta","Pterygota","Neoptera","Holometabola","Diptera","Nematocera","Culicomorpha",,"Chironomidae","Diamesinae","Diamesini",,"Pagastia","sp.",,"larva",1,,1,53,2,"N","N",,"condition OK","Y",,"Weiderholm, 1983; Weiderholm, 1986; Epler 2001; Ferrington et al. 2019; Andersen, Cranston and Epler 2013","N","Rhithron Associates, Inc.","A. Fasbender",,,
"0ab58bf2-a53d-41ee-8ee9-09523ebdb408","D15","REDB","REDB.AOS.reach","2019-07-08T17:13Z","2019-08-05","REDB.20190708.HESS.8","A00000058849",,"PISSP2","Y","Pisidiidae sp.",,"family","Mollusca",,"Bivalvia","Heterodonta",,,"Veneroida",,,"Corbiculoidea","Pisidiidae",,,,,"sp.",,"immature",2,,12,17,71,"Y","N",,"condition OK","Y",,"Mackie 2007; Thorp and Rogers 2016","N","Rhithron Associates, Inc.","J. Webb",,,
"dc5f7e3d-95fb-41ea-b5ab-09cb5590dc23","D15","REDB","REDB.AOS.reach","2019-07-08T17:13Z","2019-08-02","REDB.20190708.HESS.7","A00000058816",,"PAGSP4","Y","Pagastia sp.",,"genus","Arthropoda","Hexapoda","Insecta","Pterygota","Neoptera","Holometabola","Diptera","Nematocera","Culicomorpha",,"Chironomidae","Diamesinae","Diamesini",,"Pagastia","sp.",,"larva",3,,1,40,3,"N","N",,"condition OK","Y",,"Weiderholm, 1983; Weiderholm, 1986; Epler 2001; Ferrington et al. 2019; Andersen, Cranston and Epler 2013","N","Rhithron Associates, Inc.","B. Hayford",,,
"e31b4b78-4021-450c-aab2-a40f926a59d1","D15","REDB","REDB.AOS.reach","2019-07-08T17:13Z","2019-08-05","REDB.20190708.HESS.6","A00000058817",,"BAETRI2","Y","Baetis tricaudatus cx.",,"speciesGroup","Arthropoda","Hexapoda","Insecta","Pterygota","Palaeoptera",,"Ephemeroptera",,,,"Baetidae",,,,"Baetis","tricaudatus cx.",,"larva",2,,9,27,33,"N","N",,"condition OK","Y",,"Morihara and McCafferty 1979; Wiersema, 2004; Webb et al. 2018","N","Rhithron Associates, Inc.","J. Webb",,"eea515c4-2726-4438-8a8b-9fa21f59f2fd",
"7af85c4a-12cc-4fdd-a7de-38606e5a8a90","D15","REDB","REDB.AOS.reach","2019-07-08T17:13Z","2019-08-05","REDB.20190708.HESS.8","A00000058849",,"LEBSP1","Y","Lebertia sp.",,"genus","Arthropoda","Chelicerata","Arachnida","Acari",,"Acariformes","Trombidiformes","Prostigmata",,"Lebertioidea","Lebertiidae",,,,"Lebertia","sp.",,"adult",1,,1,17,6,"N","N",,"condition OK","Y",,"Thorp and Rogers 2016","N","Rhithron Associates, Inc.","J. Webb",,,
"5be51e56-5260-4bee-88b3-0054527b1dee","D15","REDB","REDB.AOS.reach","2019-07-08T17:13Z","2019-08-02","REDB.20190708.HESS.7","A00000058816",,"PENSP7","Y","Pentaneura sp.",,"genus","Arthropoda","Hexapoda","Insecta","Pterygota","Neoptera","Holometabola","Diptera","Nematocera","Culicomorpha",,"Chironomidae","Tanypodinae","Pentaneurini",,"Pentaneura","sp.",,"larva",3,,1,40,3,"N","N",,"condition OK","Y",,"Weiderholm, 1983; Weiderholm, 1986; Epler 2001; Ferrington et al. 2019; Andersen, Cranston and Epler 2013","N","Rhithron Associates, Inc.","B. Hayford",,,
"db438a3b-cf59-42e0-acc6-c50378a9b0a4","D15","REDB","REDB.AOS.reach","2019-07-08T17:13Z","2019-08-05","REDB.20190708.HESS.2","A00000058835",,"SIMSP1","Y","Simulium sp.",,"genus","Arthropoda","Hexapoda","Insecta","Pterygota","Neoptera","Holometabola","Diptera","Nematocera","Culicomorpha",,"Simuliidae","Simuliinae","Simuliini",,"Simulium","sp.",,"larva",2,,5,17,29,"N","N",,"condition OK","Y",,"Adler et al. 2004; Merritt et al. 2019","N","Rhithron Associates, Inc.","B. Moore",,,
"279c6c10-b4b9-46f9-bba3-e884f59e625e","D15","REDB","REDB.AOS.reach","2019-07-08T17:13Z","2019-08-05","REDB.20190708.HESS.6","A00000058817",,"WANSP","Y","Wandesia sp.",,"genus","Arthropoda","Chelicerata","Arachnida","Acari",,"Acariformes","Trombidiformes","Prostigmata",,"Hydryphantoidea","Hydryphantidae",,,,"Wandesia","sp.",,"adult",1,,1,27,4,"N","N",,"condition OK","Y",,"Thorp and Rogers 2016","N","Rhithron Associates, Inc.","J. Webb",,,
"93ea1846-baa2-4bcf-9613-12ce9239fd73","D15","REDB","REDB.AOS.reach","2019-07-08T17:13Z","2019-08-02","REDB.20190708.HESS.4","A00000058818",,"DIASP8","Y","Diamesa sp.",,"genus","Arthropoda","Hexapoda","Insecta","Pterygota","Neoptera","Holometabola","Diptera","Nematocera","Culicomorpha",,"Chironomidae","Diamesinae","Diamesini",,"Diamesa","sp.",,"larva",9,,2,100,2,"N","N",,"condition OK","Y",,"Weiderholm, 1983; Weiderholm, 1986; Epler 2001; Ferrington et al. 2019; Andersen, Cranston and Epler 2013","N","Rhithron Associates, Inc.","B. Hayford",,,
"a47a0f35-a6ac-4675-8902-cee5bc09b175","D15","REDB","REDB.AOS.reach","2019-07-08T17:13Z","2019-08-05","REDB.20190708.HESS.4","A00000058818",,"PISSP4","Y","Pisidium sp.",,"genus","Mollusca",,"Bivalvia","Heterodonta",,,"Veneroida",,,"Corbiculoidea","Pisidiidae",,,,"Pisidium","sp.",,"unknown",2,,2,100,2,"N","N",,"condition OK","Y",,"Burch 1989; Mackie, 2007; Thorp and Rogers 2016","N","Rhithron Associates, Inc.","B. Moore",,,
"5733bbd3-a326-4001-88ef-cef5511e861c","D15","REDB","REDB.AOS.reach","2019-07-08T17:13Z","2019-08-02","REDB.20190708.HESS.4","A00000058818",,"EUKBRE","Y","Eukiefferiella brehmi gr.",,"speciesGroup","Arthropoda","Hexapoda","Insecta","Pterygota","Neoptera","Holometabola","Diptera","Nematocera","Culicomorpha",,"Chironomidae","Orthocladiinae",,,"Eukiefferiella","brehmi gr.",,"larva",1,,1,100,1,"N","N",,"condition OK","Y",,"Weiderholm, 1983; Bode, 1983; Weiderholm, 1986; Epler 2001; Ferrington et al. 2019; Andersen, Cranston and Epler 2013","N","Rhithron Associates, Inc.","B. Hayford",,,
"0c08ccc5-7c0b-4637-886c-5d0007b72205","D15","REDB","REDB.AOS.reach","2019-07-08T17:13Z","2019-08-05","REDB.20190708.HESS.2","A00000058835",,"DIPHAG","Y","Diphetor hageni",,"species","Arthropoda","Hexapoda","Insecta","Pterygota","Palaeoptera",,"Ephemeroptera","Pisciforma",,,"Baetidae",,,,"Diphetor","hageni",,"larva",3,,5,17,29,"N","N",,"condition OK","Y",,"Morihara and McCafferty 1987; Meyer and McCafferty 2001; Merritt et al. 2019","N","Rhithron Associates, Inc.","B. Moore",,,
"972bada7-2a0a-4b49-9143-c8bfd850ed4b","D15","REDB","REDB.AOS.reach","2019-07-08T17:13Z","2019-08-05","REDB.20190708.HESS.3","A00000058834",,"BAETRI2","Y","Baetis tricaudatus cx.",,"speciesGroup","Arthropoda","Hexapoda","Insecta","Pterygota","Palaeoptera",,"Ephemeroptera",,,,"Baetidae",,,,"Baetis","tricaudatus cx.",,"larva",3,,8,37,22,"N","N",,"condition OK","Y",,"Morihara and McCafferty 1979; Wiersema, 2004; Webb et al. 2018","Y","Rhithron Associates, Inc.","B. Moore",,"394be337-7463-40bf-b2aa-44cb3e9fb4b7",
"0a542439-c546-4e58-ae70-63666a4fa5e7","D15","REDB","REDB.AOS.reach","2019-07-08T17:13Z","2019-08-02","REDB.20190708.HESS.8","A00000058849",,"MICSP6","Y","Micropsectra sp.",,"genus","Arthropoda","Hexapoda","Insecta","Pterygota","Neoptera","Holometabola","Diptera","Nematocera","Culicomorpha",,"Chironomidae","Chironominae","Tanytarsini",,"Micropsectra","sp.",,"larva",3,,18,17,106,"N","N",,"condition OK","Y",,"Weiderholm, 1983; Weiderholm, 1986; Epler 2001; Ferrington et al. 2019; Andersen, Cranston and Epler 2013","N","Rhithron Associates, Inc.","B. Hayford",,,
"7a204858-2f86-4894-8191-b6637aae78ea","D15","REDB","REDB.AOS.reach","2019-07-08T17:13Z","2019-08-02","REDB.20190708.HESS.6","A00000058817",,"TANSP11","Y","Tanytarsus sp.",,"genus","Arthropoda","Hexapoda","Insecta","Pterygota","Neoptera","Holometabola","Diptera","Nematocera","Culicomorpha",,"Chironomidae","Chironominae","Tanytarsini",,"Tanytarsus","sp.",,"larva",5,,2,27,7,"N","N",,"condition OK","Y",,"Weiderholm, 1983; Weiderholm, 1986; Epler 2001; Ferrington et al. 2019; Andersen, Cranston and Epler 2013","N","Rhithron Associates, Inc.","B. Hayford",,,
"31a5c78d-f615-4c83-8d1f-f6cc30fb78cc","D15","REDB","REDB.AOS.reach","2019-07-08T17:13Z","2019-08-02","REDB.20190708.HESS.1","A00000058850",,"THIGRO","Y","Thienemannimyia gr.",,"speciesGroup","Arthropoda","Hexapoda","Insecta","Pterygota","Neoptera","Holometabola","Diptera","Nematocera","Culicomorpha",,"Chironomidae","Tanypodinae","Pentaneurini",,"Thienemannimyia","gr.",,"larva",4,,2,53,4,"Y","N","early instar","condition OK","Y",,"Weiderholm, 1983; Weiderholm, 1986; Epler 2001; Ferrington et al. 2008; Andersen, Cranston and Epler 2017","N","Rhithron Associates, Inc.","A. Fasbender",,,
"b7ffcbb5-651d-49a8-b61c-6018b87890fe","D15","REDB","REDB.AOS.reach","2019-07-08T17:13Z","2019-08-05","REDB.20190708.HESS.3","A00000058834",,"PISSP4","Y","Pisidium sp.",,"genus","Mollusca",,"Bivalvia","Heterodonta",,,"Veneroida",,,"Corbiculoidea","Pisidiidae",,,,"Pisidium","sp.",,"unknown",2,,1,37,3,"N","N",,"condition OK","Y",,"Burch 1989; Mackie, 2007; Thorp and Rogers 2016","Y","Rhithron Associates, Inc.","B. Moore",,,
"dfae23f4-a80e-441f-83f4-9f984bfec3c9","D15","REDB","REDB.AOS.reach","2019-07-08T17:13Z","2019-08-02","REDB.20190708.HESS.4","A00000058818",,"PAGSP4","Y","Pagastia sp.",,"genus","Arthropoda","Hexapoda","Insecta","Pterygota","Neoptera","Holometabola","Diptera","Nematocera","Culicomorpha",,"Chironomidae","Diamesinae","Diamesini",,"Pagastia","sp.",,"larva",6,,1,100,1,"N","N",,"condition OK","Y",,"Weiderholm, 1983; Weiderholm, 1986; Epler 2001; Ferrington et al. 2019; Andersen, Cranston and Epler 2013","N","Rhithron Associates, Inc.","B. Hayford",,,
"77c9700d-00b4-4887-9f6b-4cb835e11538","D15","REDB","REDB.AOS.reach","2019-07-08T17:13Z","2019-08-05","REDB.20190708.HESS.7","A00000058816",,"BAERHO","Y","Baetis rhodani gr.",,"speciesGroup","Arthropoda","Hexapoda","Insecta","Pterygota","Palaeoptera",,"Ephemeroptera",,,,"Baetidae",,,,"Baetis","rhodani gr.",,"larva",1,,35,40,88,"Y","N","early instar","condition OK","N",,"Morihara and McCafferty 1979; Wiersema, 2004; Webb et al. 2018","N","Rhithron Associates, Inc.","J. Webb",,"7a230d47-41bf-4a11-823d-37b5258b20ab",
"8d34630e-96da-4612-b07f-8f46cab8b6df","D15","REDB","REDB.AOS.reach","2019-07-08T17:13Z","2019-08-02","REDB.20190708.HESS.4","A00000058818","BA19NEOMST07004O4|BA19NEOMST07004O2|BA19NEOMST07004O3|BA19NEOMST07004O5|BA19NEOMST07004O1","RHYSP5","Y","Rhyacodrilus sp.",,"genus","Annelida","Clitellata","Oligochaeta","Oligochaeta",,,"Tubificida",,,,"Naididae","Rhyacodrilinae",,,"Rhyacodrilus","sp.",,"immature",4,"4b",1,100,1,"Y","N",,"condition OK","Y",,"Kathman and Brinkhurst, 1999","N","Rhithron Associates, Inc.","A. Fasbender",,,
"72a95eb4-9f08-485f-9233-e2e1579cce79","D15","REDB","REDB.AOS.reach","2019-07-08T17:13Z","2019-08-05","REDB.20190708.HESS.5","A00000058833",,"TRUSP","Y","Truncatelloidea sp.",,"superfamily","Mollusca",,"Gastropoda",,,,"Littorinimorpha",,,"Truncatelloidea",,,,,,"sp.",,"immature",3,,1,17,6,"Y","N",,"condition OK","Y",,"Criscione and Ponder 2013; Hersler 2017","N","Rhithron Associates, Inc.","J. Webb",,,
"c0b0ca1a-f651-4024-bc8c-66d5167279b7","D15","REDB","REDB.AOS.reach","2019-07-08T17:13Z","2019-08-05","REDB.20190708.HESS.3","A00000058834",,"TRUSP","Y","Truncatelloidea sp.",,"superfamily","Mollusca",,"Gastropoda",,,,"Littorinimorpha",,,"Truncatelloidea",,,,,,"sp.",,"immature",3,,2,37,5,"Y","N",,"condition OK","Y",,"Criscione and Ponder 2013; Hersler 2017","Y","Rhithron Associates, Inc.","B. Moore",,,
"4dbdb684-a176-4c70-88ed-8906d701f154","D15","REDB","REDB.AOS.reach","2019-07-08T17:13Z","2019-08-02","REDB.20190708.HESS.5","A00000058833","BA19NEOMST07005O1","RHYSP5","Y","Rhyacodrilus sp.",,"genus","Annelida","Clitellata","Oligochaeta","Oligochaeta",,,"Tubificida",,,,"Naididae","Rhyacodrilinae",,,"Rhyacodrilus","sp.",,"immature",9,,1,17,6,"Y","N",,"condition OK","Y",,"Kathman and Brinkhurst, 1999","N","Rhithron Associates, Inc.","A. Fasbender",,,
"13423606-319e-4a53-b74e-0460e3eb0eb7","D15","REDB","REDB.AOS.reach","2019-07-08T17:13Z","2019-08-05","REDB.20190708.HESS.5","A00000058833",,"BAERHO","Y","Baetis rhodani gr.",,"speciesGroup","Arthropoda","Hexapoda","Insecta","Pterygota","Palaeoptera",,"Ephemeroptera",,,,"Baetidae",,,,"Baetis","rhodani gr.",,"larva",5,,1,17,6,"Y","N","early instar","condition OK","N",,"Morihara and McCafferty 1979; Wiersema, 2004; Webb et al. 2018","N","Rhithron Associates, Inc.","J. Webb",,"18b3eb7c-48f5-4625-87b2-11f9ab25dcd9",
"b484150c-04b8-4cb2-987c-14af529c43e9","D15","REDB","REDB.AOS.reach","2019-07-08T17:13Z","2019-08-05","REDB.20190708.HESS.7","A00000058816",,"POLSP17","Y","Polycelis sp.",,"genus","Platyhelminthes","Rhabditophora","Trepaxonemata",,,,"Neoophora",,,,"Planariidae",,,,"Polycelis","sp.",,"unknown",2,,3,40,8,"N","N",,"condition OK","Y",,"Thorp and Rogers 2016","N","Rhithron Associates, Inc.","J. Webb",,,
"cf340c08-c015-460e-a853-f258914ab2d5","D15","REDB","REDB.AOS.reach","2019-07-08T17:13Z","2019-08-02","REDB.20190708.HESS.2","A00000058835",,"CHASP12","Y","Chaetocladius sp.",,"genus","Arthropoda","Hexapoda","Insecta","Pterygota","Neoptera","Holometabola","Diptera","Nematocera","Culicomorpha",,"Chironomidae","Orthocladiinae",,,"Chaetocladius","sp.",,"larva",6,,1,17,6,"N","N",,"condition OK","Y",,"Weiderholm, 1983; Weiderholm, 1986; Epler 2001; Ferrington et al. 2019; Andersen, Cranston and Epler 2013","N","Rhithron Associates, Inc.","A. Fasbender",,,
"85121b25-a736-485e-8590-6a5353103986","D15","REDB","REDB.AOS.reach","2019-07-08T17:13Z","2019-08-02","REDB.20190708.HESS.5","A00000058833",,"PARSP26","Y","Parametriocnemus sp.",,"genus","Arthropoda","Hexapoda","Insecta","Pterygota","Neoptera","Holometabola","Diptera","Nematocera","Culicomorpha",,"Chironomidae","Orthocladiinae",,,"Parametriocnemus","sp.",,"pupa",3,,1,17,6,"N","N",,"condition OK","N",,"Weiderholm, 1983; Weiderholm, 1986; Epler 2001; Ferrington et al. 2019; Andersen, Cranston and Epler 2013","N","Rhithron Associates, Inc.","B. Hayford","Reference Collection(1)",,
"c83f7ccf-465f-4eb5-9bb6-7b24b714f258","D15","REDB","REDB.AOS.reach","2019-07-08T17:13Z","2019-08-02","REDB.20190708.HESS.8","A00000058849",,"LARSP","Y","Larsia sp.",,"genus","Arthropoda","Hexapoda","Insecta","Pterygota","Neoptera","Holometabola","Diptera","Nematocera","Culicomorpha",,"Chironomidae","Tanypodinae","Pentaneurini",,"Larsia","sp.",,"larva",3,,2,17,12,"N","N",,"condition OK","Y",,"Weiderholm, 1983; Weiderholm, 1986; Epler 2001; Ferrington et al. 2019; Andersen, Cranston and Epler 2013","N","Rhithron Associates, Inc.","B. Hayford",,,
"34f2c709-69c1-4869-9e46-ee9ec9b92179","D15","REDB","REDB.AOS.reach","2019-07-08T17:13Z","2019-08-05","REDB.20190708.HESS.2","A00000058835",,"POLSP17","Y","Polycelis sp.",,"genus","Platyhelminthes","Rhabditophora","Trepaxonemata",,,,"Neoophora",,,,"Planariidae",,,,"Polycelis","sp.",,"unknown",8,,1,17,6,"N","N",,"condition OK","Y",,"Thorp and Rogers 2016","N","Rhithron Associates, Inc.","B. Moore",,,
"b9a72cbe-74ea-440d-adbc-098247766516","D15","REDB","REDB.AOS.reach","2019-07-08T17:13Z","2019-08-05","REDB.20190708.HESS.2","A00000058835",,"MALSP4","Y","Malenka sp.",,"genus","Arthropoda","Hexapoda","Insecta","Pterygota","Neoptera","Polyneoptera","Plecoptera","Euholognatha",,,"Nemouridae","Amphinemurinae",,,"Malenka","sp.",,"larva",2,,14,17,82,"N","N",,"condition OK","Y",,"Stewart and Stark 2002; Merritt et al. 2019","N","Rhithron Associates, Inc.","B. Moore",,,
"1afacfe5-ff6d-4733-a62e-805bcabab31d","D15","REDB","REDB.AOS.reach","2019-07-08T17:13Z","2019-08-05","REDB.20190708.HESS.2","A00000058835",,"TORSP6","Y","Torrenticola sp.",,"genus","Arthropoda","Chelicerata","Arachnida","Acari",,"Acariformes","Trombidiformes","Prostigmata",,"Lebertioidea","Torrenticolidae",,,,"Torrenticola","sp.",,"adult",1,,1,17,6,"N","N",,"condition OK","Y",,"Thorp and Rogers 2016","N","Rhithron Associates, Inc.","B. Moore",,,
"68e8500d-a8dd-4f88-88dc-ba26bf6df951","D15","REDB","REDB.AOS.reach","2019-07-08T17:13Z","2019-08-02","REDB.20190708.HESS.7","A00000058816",,"PAGSP4","Y","Pagastia sp.",,"genus","Arthropoda","Hexapoda","Insecta","Pterygota","Neoptera","Holometabola","Diptera","Nematocera","Culicomorpha",,"Chironomidae","Diamesinae","Diamesini",,"Pagastia","sp.",,"larva",2,,3,40,8,"N","N",,"condition OK","Y",,"Weiderholm, 1983; Weiderholm, 1986; Epler 2001; Ferrington et al. 2019; Andersen, Cranston and Epler 2013","N","Rhithron Associates, Inc.","B. Hayford",,,
"c98d952d-62f4-4d06-ac59-65f680e70bf0","D15","REDB","REDB.AOS.reach","2019-07-08T17:13Z","2019-08-02","REDB.20190708.HESS.5","A00000058833",,"PENSP7","Y","Pentaneura sp.",,"genus","Arthropoda","Hexapoda","Insecta","Pterygota","Neoptera","Holometabola","Diptera","Nematocera","Culicomorpha",,"Chironomidae","Tanypodinae","Pentaneurini",,"Pentaneura","sp.",,"larva",5,,1,17,6,"N","N",,"condition OK","Y",,"Weiderholm, 1983; Weiderholm, 1986; Epler 2001; Ferrington et al. 2019; Andersen, Cranston and Epler 2013","N","Rhithron Associates, Inc.","B. Hayford",,,
"031646de-b5ef-423f-ba6f-0f4adafe2525","D15","REDB","REDB.AOS.reach","2019-07-08T17:13Z","2019-08-05","REDB.20190708.HESS.2","A00000058835",,"POLSP17","Y","Polycelis sp.",,"genus","Platyhelminthes","Rhabditophora","Trepaxonemata",,,,"Neoophora",,,,"Planariidae",,,,"Polycelis","sp.",,"unknown",6,,1,17,6,"N","N",,"condition OK","Y",,"Thorp and Rogers 2016","N","Rhithron Associates, Inc.","B. Moore",,,
"4b2bc495-2515-4803-b729-f07228db7069","D15","REDB","REDB.AOS.reach","2019-07-08T17:13Z","2019-08-05","REDB.20190708.HESS.4","A00000058818",,"SIMSP1","Y","Simulium sp.",,"genus","Arthropoda","Hexapoda","Insecta","Pterygota","Neoptera","Holometabola","Diptera","Nematocera","Culicomorpha",,"Simuliidae","Simuliinae","Simuliini",,"Simulium","sp.",,"larva",2,,1,100,1,"N","N",,"condition OK","Y",,"Adler et al. 2004; Merritt et al. 2019","N","Rhithron Associates, Inc.","B. Moore",,,
"9344dedd-b0b7-4e61-a319-03f567a5ee98","D15","REDB","REDB.AOS.reach","2019-07-08T17:13Z","2019-08-05","REDB.20190708.HESS.8","A00000058849",,"PSYSP3","Y","Psychoglypha sp.",,"genus","Arthropoda","Hexapoda","Insecta","Pterygota","Neoptera","Holometabola","Trichoptera",,,"Limnephiloidea","Limnephilidae","Limnephilinae","Chilostigmini",,"Psychoglypha","sp.",,"larva",16,,1,17,6,"N","N",,"condition OK","Y",,"Wiggins 1996; Merritt et al. 2019","N","Rhithron Associates, Inc.","J. Webb","Reference Collection(1)",,
"61596b24-ec3d-4ecc-9594-5887ba3e47ff","D15","REDB","REDB.AOS.reach","2019-07-08T17:13Z","2019-08-05","REDB.20190708.HESS.4","A00000058818",,"NEMSP5","Y","Nemouridae sp.",,"family","Arthropoda","Hexapoda","Insecta","Pterygota","Neoptera","Polyneoptera","Plecoptera","Euholognatha",,,"Nemouridae",,,,,"sp.",,"larva",1,,73,100,73,"Y","N","early instar","condition OK","Y",,"Baumann et al. 1977; Stewart and Stark 2002; Merritt et al. 2019","N","Rhithron Associates, Inc.","B. Moore",,,
"41dc5cd2-8788-4d58-b8d3-bae91c096373","D15","REDB","REDB.AOS.reach","2019-07-08T17:13Z","2019-08-05","REDB.20190708.HESS.8","A00000058849",,"ELMSP","Y","Elmidae sp.",,"family","Arthropoda","Hexapoda","Insecta","Pterygota","Neoptera","Holometabola","Coleoptera","Polyphaga","Elateriformia","Byrrhoidea","Elmidae",,,,,"sp.",,"larva",1,,2,17,12,"Y","N","early instar","condition OK","N",,"Brown, 1972; Merritt et al. 2019","N","Rhithron Associates, Inc.","J. Webb",,,
