uid,domainID,siteID,namedLocation,collectDate,identifiedDate,sampleID,sampleCode,slideID,acceptedTaxonID,targetTaxaPresent,scientificName,morphospeciesID,taxonRank,phylum,subphylum,class,subclass,infraclass,superorder,order,suborder,infraorder,superfamily,family,subfamily,tribe,subtribe,genus,specificEpithet,infraspecificEpithet,invertebrateLifeStage,sizeClass,sizeCategory,individualCount,subsamplePercent,estimatedTotalCount,immatureSpecimen,indeterminateSpecies,taxonRankQualifier,sampleCondition,distinctTaxon,identificationQualifier,identificationReferences,qcChecked,laboratoryName,identifiedBy,identificationRemarks,identificationHistoryID,dataQF
"af28cf7b-7d44-4ec5-a374-c409c4a4a88f","D17","BIGC","BIGC.AOS.reach","2023-07-20T17:42Z","2024-10-09","BIGC.20230720.SURBER.1","A00000396415",,"PARSP26","Y","Parametriocnemus sp.",,"genus","Arthropoda","Hexapoda","Insecta","Pterygota","Neoptera","Holometabola","Diptera","Nematocera","Culicomorpha",,"Chironomidae","Orthocladiinae",,,"Parametriocnemus","sp.",,"larva",3,,1,70,1,"N","N",,"condition OK","Y",,"Weiderholm, 1983; Weiderholm, 1986; Epler 2001; Ferrington et al. 2019; Andersen, Cranston and Epler 2013","N","Rhithron Associates, Inc.","R. Spring",,,
"ff75db3b-6d45-4d5a-b65f-e3d6064c7f28","D17","BIGC","BIGC.AOS.reach","2023-07-20T17:42Z","2024-10-10","BIGC.20230720.HESS.1","A00000396398","BA23NEOMST28001O1","ENCSP1","Y","Enchytraeidae sp.",,"family","Annelida","Clitellata","Oligochaeta","Oligochaeta",,,"Enchytraeida",,,,"Enchytraeidae",,,,,"sp.",,"unknown",1,,1,30,3,"N","N",,"condition OK","Y",,"Kathman and Brinkhurst, 1999","N","Rhithron Associates, Inc.","A. Fasbender",,,
"61f99f9b-cc60-4e13-a2d3-f14942a69c5d","D17","BIGC","BIGC.AOS.reach","2023-07-20T17:42Z","2024-10-08","BIGC.20230720.SURBER.2","A00000396416",,"BAETRI2","Y","Baetis tricaudatus cx.",,"speciesGroup","Arthropoda","Hexapoda","Insecta","Pterygota","Palaeoptera",,"Ephemeroptera",,,,"Baetidae",,,,"Baetis","tricaudatus cx.",,"larva",2,,5,7,71,"N","N",,"condition OK","Y",,"Morihara and McCafferty 1979; Wiersema, 2004; Webb et al. 2018","N","Rhithron Associates, Inc.","J. Webb",,,
"13871a69-ac87-41ad-a8fb-186c5d4915f2","D17","BIGC","BIGC.AOS.reach","2023-07-20T17:42Z","2024-10-08","BIGC.20230720.SURBER.1","A00000396415",,"CAPSP2","Y","Capniidae sp.",,"family","Arthropoda","Hexapoda","Insecta","Pterygota","Neoptera","Polyneoptera","Plecoptera","Euholognatha",,,"Capniidae",,,,,"sp.",,"larva",2,,1,70,1,"Y","N","early instar","condition OK","Y",,"Stewart and Stark 2002; Merritt et al. 2019","N","Rhithron Associates, Inc.","S. Sullivan",,,
"309c2e67-1b9b-47a0-9bee-890f29a98e81","D17","BIGC","BIGC.AOS.reach","2023-07-20T17:42Z","2024-10-08","BIGC.20230720.HESS.1","A00000396398",,"PENSP7","Y","Pentaneura sp.",,"genus","Arthropoda","Hexapoda","Insecta","Pterygota","Neoptera","Holometabola","Diptera","Nematocera","Culicomorpha",,"Chironomidae","Tanypodinae","Pentaneurini",,"Pentaneura","sp.",,"larva",5,,5,30,17,"N","N",,"condition OK","Y",,"Weiderholm, 1983; Weiderholm, 1986; Epler 2001; Ferrington et al. 2019; Andersen, Cranston and Epler 2013","N","Rhithron Associates, Inc.","R. Spring",,,
"81d4fc45-266b-432c-bd67-9c7f22162214","D17","BIGC","BIGC.AOS.reach","2023-07-20T17:42Z","2024-10-09","BIGC.20230720.SURBER.3","A00000396538",,"BAETRI2","Y","Baetis tricaudatus cx.",,"speciesGroup","Arthropoda","Hexapoda","Insecta","Pterygota","Palaeoptera",,"Ephemeroptera",,,,"Baetidae",,,,"Baetis","tricaudatus cx.",,"larva",4,,12,10,120,"N","N",,"condition OK","Y",,"Morihara and McCafferty 1979; Wiersema, 2004; Webb et al. 2018","Y","Rhithron Associates, Inc.","S. Sullivan",,,
"2f439476-81c0-4bdd-91b1-d8962be3b8ef","D17","BIGC","BIGC.AOS.reach","2023-07-20T17:42Z","2024-10-08","BIGC.20230720.HESS.1","A00000396398",,"PENSP7","Y","Pentaneura sp.",,"genus","Arthropoda","Hexapoda","Insecta","Pterygota","Neoptera","Holometabola","Diptera","Nematocera","Culicomorpha",,"Chironomidae","Tanypodinae","Pentaneurini",,"Pentaneura","sp.",,"larva",2,,9,30,30,"N","N",,"condition OK","Y",,"Weiderholm, 1983; Weiderholm, 1986; Epler 2001; Ferrington et al. 2019; Andersen, Cranston and Epler 2013","N","Rhithron Associates, Inc.","R. Spring",,,
"8dde3ab5-bc8c-4264-967f-66d32ac1a3bc","D17","BIGC","BIGC.AOS.reach","2023-07-20T17:42Z","2024-10-08","BIGC.20230720.HESS.2","A00000396397",,"BRISP","Y","Brillia sp.",,"genus","Arthropoda","Hexapoda","Insecta","Pterygota","Neoptera","Holometabola","Diptera","Nematocera","Culicomorpha",,"Chironomidae","Orthocladiinae",,,"Brillia","sp.",,"larva",2,,2,100,2,"N","N",,"condition OK","Y",,"Weiderholm, 1983; Weiderholm, 1986; Epler 2001; Ferrington et al. 2019; Andersen, Cranston and Epler 2013","N","Rhithron Associates, Inc.","R. Spring",,,
"66d46246-fd77-4f23-99f2-cbdc16f9004a","D17","BIGC","BIGC.AOS.reach","2023-07-20T17:42Z","2024-10-09","BIGC.20230720.HESS.5","A00000396335",,"PENSP7","Y","Pentaneura sp.",,"genus","Arthropoda","Hexapoda","Insecta","Pterygota","Neoptera","Holometabola","Diptera","Nematocera","Culicomorpha",,"Chironomidae","Tanypodinae","Pentaneurini",,"Pentaneura","sp.",,"larva",1,,5,100,5,"N","N",,"condition OK","Y",,"Weiderholm, 1983; Weiderholm, 1986; Epler 2001; Ferrington et al. 2019; Andersen, Cranston and Epler 2013","N","Rhithron Associates, Inc.","R. Spring",,,
"750d94d1-1068-4caa-9dfa-54ec7e322c8f","D17","BIGC","BIGC.AOS.reach","2023-07-20T17:42Z","2024-10-08","BIGC.20230720.SURBER.2","A00000396416",,"WORSP","Y","Wormaldia sp.",,"genus","Arthropoda","Hexapoda","Insecta","Pterygota","Neoptera","Holometabola","Trichoptera",,,"Philopotamoidea","Philopotamidae","Philopotaminae",,,"Wormaldia","sp.",,"larva",8,,1,7,14,"N","N",,"condition OK","Y",,"Wiggins 1996; Merritt et al. 2019","N","Rhithron Associates, Inc.","J. Webb",,,
"14dd980f-45d0-4d99-9ebe-0041af525b3d","D17","BIGC","BIGC.AOS.reach","2023-07-20T17:42Z","2024-10-09","BIGC.20230720.HESS.3","A00000396413",,"ZAPSP","Y","Zapada sp.",,"genus","Arthropoda","Hexapoda","Insecta","Pterygota","Neoptera","Polyneoptera","Plecoptera","Euholognatha",,,"Nemouridae","Nemourinae",,,"Zapada","sp.",,"larva",1,,1,100,1,"Y","N","early instar","condition OK","Y",,"Baumann et al. 1977; Stewart and Stark 2002; Merritt et al. 2019","N","Rhithron Associates, Inc.","S. Sullivan",,,
"b8ef0f0d-4317-4284-87ae-d183b81a08d8","D17","BIGC","BIGC.AOS.reach","2023-07-20T17:42Z","2024-10-09","BIGC.20230720.SURBER.2","A00000396416",,"PENSP7","Y","Pentaneura sp.",,"genus","Arthropoda","Hexapoda","Insecta","Pterygota","Neoptera","Holometabola","Diptera","Nematocera","Culicomorpha",,"Chironomidae","Tanypodinae","Pentaneurini",,"Pentaneura","sp.",,"larva",3,,1,7,14,"N","N",,"condition OK","Y",,"Weiderholm, 1983; Weiderholm, 1986; Epler 2001; Ferrington et al. 2019; Andersen, Cranston and Epler 2013","N","Rhithron Associates, Inc.","R. Spring",,,
"97ae8f2b-ce23-4dca-b819-49f325d2ca2b","D17","BIGC","BIGC.AOS.reach","2023-07-20T17:42Z","2024-10-09","BIGC.20230720.SURBER.3","A00000396538",,"EPHSP","Y","Ephemeroptera sp.",,"order","Arthropoda","Hexapoda","Insecta","Pterygota","Palaeoptera",,"Ephemeroptera",,,,,,,,,"sp.",,"larva",1,,2,10,20,"Y","N","early instar","condition OK","N",,"Merritt et al. 2019","Y","Rhithron Associates, Inc.","S. Sullivan",,,
"554a75a3-6049-422e-8b61-f0e7ab477cf5","D17","BIGC","BIGC.AOS.reach","2023-07-20T17:42Z","2024-10-09","BIGC.20230720.SURBER.1","A00000396415",,"CRISP6","Y","Cricotopus/Orthocladius sp.",,"speciesGroup","Arthropoda","Hexapoda","Insecta","Pterygota","Neoptera","Holometabola","Diptera","Nematocera","Culicomorpha",,"Chironomidae","Orthocladiinae",,,"Cricotopus/Orthocladius","sp.",,"larva",2,,7,70,10,"Y","N","early instar","condition OK","N",,"Weiderholm, 1983; Weiderholm, 1986; Epler 2001; Ferrington et al. 2008; Andersen, Cranston and Epler 2013","N","Rhithron Associates, Inc.","R. Spring",,,
"c62b0128-78d4-4928-8154-5b817a8c5359","D17","BIGC","BIGC.AOS.reach","2023-07-20T17:42Z","2024-10-08","BIGC.20230720.HESS.2","A00000396397",,"DICSP6","Y","Dicranota sp.",,"genus","Arthropoda","Hexapoda","Insecta","Pterygota","Neoptera","Holometabola","Diptera","Nematocera","Tipulomorpha",,"Tipulidae","Limoniinae","Pediciini",,"Dicranota","sp.",,"larva",6,,2,100,2,"N","N",,"condition OK","Y",,"Gelhaus and Podeniene 2018; Merritt et al. 2019","N","Rhithron Associates, Inc.","J. Webb",,,
"26dc52e0-af10-4de0-a4b6-8fe361e6c3ca","D17","BIGC","BIGC.AOS.reach","2023-07-20T17:42Z","2024-10-08","BIGC.20230720.HESS.1","A00000396398",,"CHLSP","Y","Chloroperlidae sp.",,"family","Arthropoda","Hexapoda","Insecta","Pterygota","Neoptera","Polyneoptera","Plecoptera","Systellognatha",,,"Chloroperlidae",,,,,"sp.",,"larva",2,,1,30,3,"Y","N","early instar","condition OK","Y",,"Stewart and Stark 2002; Merritt et al. 2019","N","Rhithron Associates, Inc.","B. Moore",,,
"d1fb364d-c9e8-46fe-a234-167f83ae4cbb","D17","BIGC","BIGC.AOS.reach","2023-07-20T17:42Z","2024-10-08","BIGC.20230720.HESS.1","A00000396398",,"MICSP5","Y","Microtendipes sp.",,"genus","Arthropoda","Hexapoda","Insecta","Pterygota","Neoptera","Holometabola","Diptera","Nematocera","Culicomorpha",,"Chironomidae","Chironominae","Chironomini",,"Microtendipes","sp.",,"larva",5,,1,30,3,"N","N",,"condition OK","Y",,"Weiderholm, 1983; Weiderholm, 1986; Epler 2001; Ferrington et al. 2019; Andersen, Cranston and Epler 2013","N","Rhithron Associates, Inc.","R. Spring",,,
"0ddd7701-58be-4f77-bf74-6a12f543b240","D17","BIGC","BIGC.AOS.reach","2023-07-20T17:42Z","2024-10-09","BIGC.20230720.HESS.4","A00000396399",,"CORSP17","Y","Cordulegaster sp.",,"genus","Arthropoda","Hexapoda","Insecta","Pterygota","Palaeoptera",,"Odonata","Anisoptera",,,"Cordulegastridae",,,,"Cordulegaster","sp.",,"larva",5,,1,100,1,"Y","N","early instar","condition OK","Y",,"Needham et al. 2000; Merritt et al. 2019; Tennessen 2019","N","Rhithron Associates, Inc.","S. Sullivan",,,
"bd13e4e3-1c9c-4232-b7ca-357f05bd976c","D17","BIGC","BIGC.AOS.reach","2023-07-20T17:42Z","2024-10-08","BIGC.20230720.HESS.1","A00000396398",,"CERSP10","Y","Ceratopogoninae sp.",,"subfamily","Arthropoda","Hexapoda","Insecta","Pterygota","Neoptera","Holometabola","Diptera","Nematocera","Culicomorpha",,"Ceratopogonidae","Ceratopogoninae",,,,"sp.",,"larva",2,,1,30,3,"N","N",,"condition OK","Y",,"Merritt et al. 2019","N","Rhithron Associates, Inc.","B. Moore",,,
"3b384484-f847-4275-9a92-421f34c32887","D17","BIGC","BIGC.AOS.reach","2023-07-20T17:42Z","2024-10-08","BIGC.20230720.SURBER.1","A00000396415",,"BAETRI2","Y","Baetis tricaudatus cx.",,"speciesGroup","Arthropoda","Hexapoda","Insecta","Pterygota","Palaeoptera",,"Ephemeroptera",,,,"Baetidae",,,,"Baetis","tricaudatus cx.",,"larva",5,,7,70,10,"N","N",,"condition OK","Y",,"Morihara and McCafferty 1979; Wiersema, 2004; Webb et al. 2018","N","Rhithron Associates, Inc.","S. Sullivan",,,
"19d5a8b4-a461-4358-a192-e2e4a5e92ccd","D17","BIGC","BIGC.AOS.reach","2023-07-20T17:42Z","2024-10-08","BIGC.20230720.HESS.2","A00000396397",,"HYGSP","Y","Hygrobatidae sp.",,"family","Arthropoda","Chelicerata","Arachnida","Acari",,"Acariformes","Trombidiformes","Prostigmata",,"Hygrobatoidea","Hygrobatidae",,,,,"sp.",,"adult",1,,1,100,1,"N","N","damaged","damaged, affecting taxonomy and measurement","Y",,"Thorp and Rogers 2016","N","Rhithron Associates, Inc.","J. Webb",,,
"ee3a3fd4-e728-4dee-b7b0-791c7c87cd05","D17","BIGC","BIGC.AOS.reach","2023-07-20T17:42Z","2024-10-09","BIGC.20230720.HESS.3","A00000396413",,"LIMSP50","Y","Limoniidae sp.",,"family","Arthropoda",,"Insecta",,,,"Diptera",,,,"Limoniidae sp.",,,,,"sp.",,"larva",1,,1,100,1,"Y","N","early instar","condition OK","Y",,"Merritt et al. 2019","N","Rhithron Associates, Inc.","S. Sullivan",,,
"399265a8-309a-42ce-8937-5217924b57a4","D17","BIGC","BIGC.AOS.reach","2023-07-20T17:42Z","2024-10-10","BIGC.20230720.SURBER.3","A00000396538",,"MICSP6","Y","Micropsectra sp.",,"genus","Arthropoda","Hexapoda","Insecta","Pterygota","Neoptera","Holometabola","Diptera","Nematocera","Culicomorpha",,"Chironomidae","Chironominae","Tanytarsini",,"Micropsectra","sp.",,"larva",4,,1,10,10,"N","N",,"condition OK","Y",,"Weiderholm, 1983; Weiderholm, 1986; Epler 2001; Ferrington et al. 2019; Andersen, Cranston and Epler 2013","Y","Rhithron Associates, Inc.","R. Spring",,,
"ec0e774f-ad91-4e17-bd07-4c63280dd508","D17","BIGC","BIGC.AOS.reach","2023-07-20T17:42Z","2024-10-09","BIGC.20230720.SURBER.3","A00000396538",,"EMPSP","Y","Empididae sp.",,"family","Arthropoda","Hexapoda","Insecta","Pterygota","Neoptera","Holometabola","Diptera","Brachycera","Muscomorpha",,"Empididae",,,,,"sp.",,"larva",1,,2,10,20,"Y","N","early instar","condition OK","Y",,"Merritt et al. 2019","Y","Rhithron Associates, Inc.","S. Sullivan",,,
"4aa5af5f-9f0c-4e4a-8970-0959a6281500","D17","BIGC","BIGC.AOS.reach","2023-07-20T17:42Z","2024-10-08","BIGC.20230720.HESS.3","A00000396413",,"PARSP26","Y","Parametriocnemus sp.",,"genus","Arthropoda","Hexapoda","Insecta","Pterygota","Neoptera","Holometabola","Diptera","Nematocera","Culicomorpha",,"Chironomidae","Orthocladiinae",,,"Parametriocnemus","sp.",,"larva",3,,1,100,1,"N","N",,"condition OK","Y",,"Weiderholm, 1983; Weiderholm, 1986; Epler 2001; Ferrington et al. 2019; Andersen, Cranston and Epler 2013","N","Rhithron Associates, Inc.","R. Spring",,,
"7a44d9f2-05df-4746-8be5-908b08f50b06","D17","BIGC","BIGC.AOS.reach","2023-07-20T17:42Z","2024-10-09","BIGC.20230720.HESS.4","A00000396399",,"SWESP","Y","Sweltsa sp.",,"genus","Arthropoda","Hexapoda","Insecta","Pterygota","Neoptera","Polyneoptera","Plecoptera","Systellognatha",,,"Chloroperlidae","Chloroperlinae",,,"Sweltsa","sp.",,"larva",3,,2,100,2,"N","N",,"condition OK","Y",,"Stewart and Stark 2002; Merritt et al. 2019","N","Rhithron Associates, Inc.","S. Sullivan",,,
"396a21b2-a9dd-404a-a9ed-e2a8b723cb9a","D17","BIGC","BIGC.AOS.reach","2023-07-20T17:42Z","2024-10-08","BIGC.20230720.HESS.1","A00000396398",,"TANSP11","Y","Tanytarsus sp.",,"genus","Arthropoda","Hexapoda","Insecta","Pterygota","Neoptera","Holometabola","Diptera","Nematocera","Culicomorpha",,"Chironomidae","Chironominae","Tanytarsini",,"Tanytarsus","sp.",,"larva",2,,3,30,10,"N","N",,"condition OK","Y",,"Weiderholm, 1983; Weiderholm, 1986; Epler 2001; Ferrington et al. 2019; Andersen, Cranston and Epler 2013","N","Rhithron Associates, Inc.","R. Spring",,,
"dd674507-0785-400b-b1ac-09dba137f2e8","D17","BIGC","BIGC.AOS.reach","2023-07-20T17:42Z","2024-10-09","BIGC.20230720.SURBER.1","A00000396415",,"PARSP26","Y","Parametriocnemus sp.",,"genus","Arthropoda","Hexapoda","Insecta","Pterygota","Neoptera","Holometabola","Diptera","Nematocera","Culicomorpha",,"Chironomidae","Orthocladiinae",,,"Parametriocnemus","sp.",,"larva",2,,4,70,6,"N","N",,"condition OK","Y",,"Weiderholm, 1983; Weiderholm, 1986; Epler 2001; Ferrington et al. 2019; Andersen, Cranston and Epler 2013","N","Rhithron Associates, Inc.","R. Spring",,,
"d397a741-6005-4d39-a98c-d089f9a1aee8","D17","BIGC","BIGC.AOS.reach","2023-07-20T17:42Z","2024-10-08","BIGC.20230720.HESS.1","A00000396398",,"NEMSP","Y","Nematoda sp.",,"phylum","Nematoda",,,,,,,,,,,,,,,"sp.",,"unknown",5,,1,30,3,"N","N",,"condition OK","Y",,"Thorp and Rogers 2016","N","Rhithron Associates, Inc.","B. Moore",,,
"8707a82d-5508-47c3-9a65-f191e66e5c75","D17","BIGC","BIGC.AOS.reach","2023-07-20T17:42Z","2024-10-10","BIGC.20230720.HESS.3","A00000396413","BA23NEOMST28003O1","SLAAPP","Y","Slavina appendiculata",,"species","Annelida","Clitellata","Oligochaeta","Oligochaeta",,,"Tubificida",,,,"Naididae","Naidinae",,,"Slavina","appendiculata",,"unknown",3,,1,100,1,"N","N",,"condition OK","Y",,"Kathman and Brinkhurst, 1999","N","Rhithron Associates, Inc.","A. Fasbender",,,
"b7b12f7d-5e39-49aa-a380-032736f7e69a","D17","BIGC","BIGC.AOS.reach","2023-07-20T17:42Z","2024-10-08","BIGC.20230720.SURBER.1","A00000396415",,"SWESP","Y","Sweltsa sp.",,"genus","Arthropoda","Hexapoda","Insecta","Pterygota","Neoptera","Polyneoptera","Plecoptera","Systellognatha",,,"Chloroperlidae","Chloroperlinae",,,"Sweltsa","sp.",,"larva",3,,2,70,3,"N","N",,"condition OK","Y",,"Stewart and Stark 2002; Merritt et al. 2019","N","Rhithron Associates, Inc.","S. Sullivan",,,
"07b5d4e9-ca99-4cf6-a785-d15591fca9f0","D17","BIGC","BIGC.AOS.reach","2023-07-20T17:42Z","2024-10-09","BIGC.20230720.HESS.5","A00000396335",,"PISSP2","Y","Pisidiidae sp.",,"family","Mollusca",,"Bivalvia","Heterodonta",,,"Veneroida",,,"Corbiculoidea","Pisidiidae",,,,,"sp.",,"immature",3,,1,100,1,"Y","N",,"condition OK","Y",,"Mackie 2007; Thorp and Rogers 2016","N","Rhithron Associates, Inc.","S. Sullivan",,,
"ee65fdb5-34a7-4e8a-aa21-efc8c58edd08","D17","BIGC","BIGC.AOS.reach","2023-07-20T17:42Z","2024-10-10","BIGC.20230720.SURBER.3","A00000396538",,"MICSP6","Y","Micropsectra sp.",,"genus","Arthropoda","Hexapoda","Insecta","Pterygota","Neoptera","Holometabola","Diptera","Nematocera","Culicomorpha",,"Chironomidae","Chironominae","Tanytarsini",,"Micropsectra","sp.",,"larva",1,,6,10,60,"N","N",,"condition OK","Y",,"Weiderholm, 1983; Weiderholm, 1986; Epler 2001; Ferrington et al. 2019; Andersen, Cranston and Epler 2013","Y","Rhithron Associates, Inc.","R. Spring",,,
"34aebd9a-edd4-4de4-b125-2a54bb6676d5","D17","BIGC","BIGC.AOS.reach","2023-07-20T17:42Z","2024-10-08","BIGC.20230720.HESS.1","A00000396398",,"ORTSP1","Y","Orthocladiinae sp.",,"subfamily","Arthropoda","Hexapoda","Insecta","Pterygota","Neoptera","Holometabola","Diptera","Nematocera","Culicomorpha",,"Chironomidae","Orthocladiinae",,,,"sp.",,"larva",1,,24,30,80,"Y","N","early instar","condition OK","N",,"Weiderholm, 1983; Weiderholm, 1986; Epler 2001; Ferrington et al. 2019; Andersen, Cranston and Epler 2013","N","Rhithron Associates, Inc.","R. Spring",,,
"6db0b30a-9726-4234-839e-f3332725387c","D17","BIGC","BIGC.AOS.reach","2023-07-20T17:42Z","2024-10-08","BIGC.20230720.SURBER.1","A00000396415",,"TORSP6","Y","Torrenticola sp.",,"genus","Arthropoda","Chelicerata","Arachnida","Acari",,"Acariformes","Trombidiformes","Prostigmata",,"Lebertioidea","Torrenticolidae",,,,"Torrenticola","sp.",,"adult",1,,6,70,9,"N","N",,"condition OK","Y",,"Thorp and Rogers 2016","N","Rhithron Associates, Inc.","S. Sullivan",,,
"2fc76867-ae70-49d3-b811-fac5fce0ef8b","D17","BIGC","BIGC.AOS.reach","2023-07-20T17:42Z","2024-10-09","BIGC.20230720.HESS.4","A00000396399",,"PENSP7","Y","Pentaneura sp.",,"genus","Arthropoda","Hexapoda","Insecta","Pterygota","Neoptera","Holometabola","Diptera","Nematocera","Culicomorpha",,"Chironomidae","Tanypodinae","Pentaneurini",,"Pentaneura","sp.",,"larva",4,,3,100,3,"N","N",,"condition OK","Y",,"Weiderholm, 1983; Weiderholm, 1986; Epler 2001; Ferrington et al. 2019; Andersen, Cranston and Epler 2013","N","Rhithron Associates, Inc.","R. Spring",,,
"83af0abc-03e7-40fe-b040-f9c752d3aad4","D17","BIGC","BIGC.AOS.reach","2023-07-20T17:42Z","2024-10-08","BIGC.20230720.HESS.1","A00000396398",,"LEPSP20","Y","Lepidostoma sp.",,"genus","Arthropoda","Hexapoda","Insecta","Pterygota","Neoptera","Holometabola","Trichoptera",,,"Limnephiloidea","Lepidostomatidae","Lepidostomatinae",,,"Lepidostoma","sp.",,"larva",1,,2,30,7,"N","N",,"condition OK","Y",,"Wiggins 1996; Merritt et al. 2019","N","Rhithron Associates, Inc.","B. Moore",,,
"1c50b601-662c-4c60-aa66-408f391fdb76","D17","BIGC","BIGC.AOS.reach","2023-07-20T17:42Z","2024-10-09","BIGC.20230720.SURBER.3","A00000396538",,"SIMSP1","Y","Simulium sp.",,"genus","Arthropoda","Hexapoda","Insecta","Pterygota","Neoptera","Holometabola","Diptera","Nematocera","Culicomorpha",,"Simuliidae","Simuliinae","Simuliini",,"Simulium","sp.",,"larva",2,,13,10,130,"N","N",,"condition OK","Y",,"Adler et al. 2004; Merritt et al. 2019","Y","Rhithron Associates, Inc.","S. Sullivan",,,
"7d001966-f5ae-4a5a-a829-c7e372592772","D17","BIGC","BIGC.AOS.reach","2023-07-20T17:42Z","2024-10-09","BIGC.20230720.SURBER.2","A00000396416",,"PARSP26","Y","Parametriocnemus sp.",,"genus","Arthropoda","Hexapoda","Insecta","Pterygota","Neoptera","Holometabola","Diptera","Nematocera","Culicomorpha",,"Chironomidae","Orthocladiinae",,,"Parametriocnemus","sp.",,"larva",1,,1,7,14,"N","N",,"condition OK","Y",,"Weiderholm, 1983; Weiderholm, 1986; Epler 2001; Ferrington et al. 2019; Andersen, Cranston and Epler 2013","N","Rhithron Associates, Inc.","R. Spring",,,
"58be2b3f-450d-452f-bb14-2eeaeb6579d6","D17","BIGC","BIGC.AOS.reach","2023-07-20T17:42Z","2024-10-08","BIGC.20230720.HESS.1","A00000396398",,"BAETRI2","Y","Baetis tricaudatus cx.",,"speciesGroup","Arthropoda","Hexapoda","Insecta","Pterygota","Palaeoptera",,"Ephemeroptera",,,,"Baetidae",,,,"Baetis","tricaudatus cx.",,"larva",3,,2,30,7,"N","N",,"condition OK","Y",,"Morihara and McCafferty 1979; Wiersema, 2004; Webb et al. 2018","N","Rhithron Associates, Inc.","B. Moore",,,
"7dc250db-ecb9-4f21-8986-ae0fb1c98897","D17","BIGC","BIGC.AOS.reach","2023-07-20T17:42Z","2024-10-08","BIGC.20230720.HESS.1","A00000396398",,"PARSP31","Y","Paracladopelma sp.",,"genus","Arthropoda","Hexapoda","Insecta","Pterygota","Neoptera","Holometabola","Diptera","Nematocera","Culicomorpha",,"Chironomidae","Chironominae","Chironomini",,"Paracladopelma","sp.",,"larva",1,,1,30,3,"N","N",,"condition OK","Y",,"Weiderholm, 1983; Weiderholm, 1986; Epler 2001; Ferrington et al. 2019; Andersen, Cranston and Epler 2013","N","Rhithron Associates, Inc.","R. Spring",,,
"9428d887-1d44-4aee-8c67-040fb6415e38","D17","BIGC","BIGC.AOS.reach","2023-07-20T17:42Z","2024-10-08","BIGC.20230720.HESS.2","A00000396397",,"LEPSP20","Y","Lepidostoma sp.",,"genus","Arthropoda","Hexapoda","Insecta","Pterygota","Neoptera","Holometabola","Trichoptera",,,"Limnephiloidea","Lepidostomatidae","Lepidostomatinae",,,"Lepidostoma","sp.",,"larva",2,,3,100,3,"N","N",,"condition OK","Y",,"Wiggins 1996; Merritt et al. 2019","N","Rhithron Associates, Inc.","J. Webb",,,
"941750f8-23d9-4ff8-a235-d065df537728","D17","BIGC","BIGC.AOS.reach","2023-07-20T17:42Z","2024-10-09","BIGC.20230720.SURBER.1","A00000396415",,"RHESP2","Y","Rheotanytarsus sp.",,"genus","Arthropoda","Hexapoda","Insecta","Pterygota","Neoptera","Holometabola","Diptera","Nematocera","Culicomorpha",,"Chironomidae","Chironominae","Tanytarsini",,"Rheotanytarsus","sp.",,"larva",3,,6,70,9,"N","N",,"condition OK","Y",,"Weiderholm, 1983; Weiderholm, 1986; Epler 2001; Ferrington et al. 2019; Andersen, Cranston and Epler 2013","N","Rhithron Associates, Inc.","R. Spring",,,
"c1a27d48-0aae-4255-8b36-8c0f09dbaa8c","D17","BIGC","BIGC.AOS.reach","2023-07-20T17:42Z","2024-10-09","BIGC.20230720.SURBER.2","A00000396416",,"EUKBRE","Y","Eukiefferiella brehmi gr.",,"speciesGroup","Arthropoda","Hexapoda","Insecta","Pterygota","Neoptera","Holometabola","Diptera","Nematocera","Culicomorpha",,"Chironomidae","Orthocladiinae",,,"Eukiefferiella","brehmi gr.",,"larva",3,,1,7,14,"N","N",,"condition OK","Y",,"Weiderholm, 1983; Bode, 1983; Weiderholm, 1986; Epler 2001; Ferrington et al. 2019; Andersen, Cranston and Epler 2013","N","Rhithron Associates, Inc.","R. Spring",,,
"54898b3b-a7c7-46e4-bd8d-52dbf31831e5","D17","BIGC","BIGC.AOS.reach","2023-07-20T17:42Z","2024-10-09","BIGC.20230720.SURBER.3","A00000396538",,"AMIASP","Y","Amiocentrus aspilus",,"species","Arthropoda","Hexapoda","Insecta","Pterygota","Neoptera","Holometabola","Trichoptera",,,"Limnephiloidea","Brachycentridae",,,,"Amiocentrus","aspilus",,"larva",2,,18,10,180,"N","N",,"condition OK","Y",,"Wiggins 1996; Merritt et al. 2019","Y","Rhithron Associates, Inc.","S. Sullivan",,,
"d5df8ade-2a0c-4bdd-b10b-37fbb9cc91db","D17","BIGC","BIGC.AOS.reach","2023-07-20T17:42Z","2024-10-08","BIGC.20230720.HESS.3","A00000396413",,"PENSP7","Y","Pentaneura sp.",,"genus","Arthropoda","Hexapoda","Insecta","Pterygota","Neoptera","Holometabola","Diptera","Nematocera","Culicomorpha",,"Chironomidae","Tanypodinae","Pentaneurini",,"Pentaneura","sp.",,"larva",2,,4,100,4,"N","N",,"condition OK","Y",,"Weiderholm, 1983; Weiderholm, 1986; Epler 2001; Ferrington et al. 2019; Andersen, Cranston and Epler 2013","N","Rhithron Associates, Inc.","R. Spring",,,
"367034ed-5bff-43b2-be10-0ed75be4ca44","D17","BIGC","BIGC.AOS.reach","2023-07-20T17:42Z","2024-10-08","BIGC.20230720.HESS.1","A00000396398",,"ROESP","Y","Roederiodes sp.",,"genus","Arthropoda","Hexapoda","Insecta","Pterygota","Neoptera","Holometabola","Diptera","Brachycera","Muscomorpha",,"Empididae","Clinocerinae",,,"Roederiodes","sp.",,"larva",2,,3,30,10,"N","N",,"condition OK","Y",,"M,C,B 2019","N","Rhithron Associates, Inc.","B. Moore",,,
"cebeb15c-8ddd-43ef-8690-ad154b38db0a","D17","BIGC","BIGC.AOS.reach","2023-07-20T17:42Z","2024-10-08","BIGC.20230720.HESS.2","A00000396397",,"NEMSP","Y","Nematoda sp.",,"phylum","Nematoda",,,,,,,,,,,,,,,"sp.",,"unknown",3,,4,100,4,"N","N",,"condition OK","Y",,"Thorp and Rogers 2016","N","Rhithron Associates, Inc.","J. Webb",,,
"ed47f44a-3525-4f98-862d-49b1efb6b948","D17","BIGC","BIGC.AOS.reach","2023-07-20T17:42Z","2024-10-08","BIGC.20230720.SURBER.2","A00000396416",,"NEMSP","Y","Nematoda sp.",,"phylum","Nematoda",,,,,,,,,,,,,,,"sp.",,"unknown",3,,2,7,29,"N","N",,"condition OK","Y",,"Thorp and Rogers 2016","N","Rhithron Associates, Inc.","J. Webb",,,
"4b8e16f8-cf88-4bf4-9872-16f328b5840f","D17","BIGC","BIGC.AOS.reach","2023-07-20T17:42Z","2024-10-08","BIGC.20230720.SURBER.1","A00000396415",,"BAETRI2","Y","Baetis tricaudatus cx.",,"speciesGroup","Arthropoda","Hexapoda","Insecta","Pterygota","Palaeoptera",,"Ephemeroptera",,,,"Baetidae",,,,"Baetis","tricaudatus cx.",,"larva",2,,3,70,4,"N","N",,"condition OK","Y",,"Morihara and McCafferty 1979; Wiersema, 2004; Webb et al. 2018","N","Rhithron Associates, Inc.","S. Sullivan",,,
"411dd656-0b73-4c8a-be95-6c3481fe7c79","D17","BIGC","BIGC.AOS.reach","2023-07-20T17:42Z","2024-10-08","BIGC.20230720.HESS.1","A00000396398",,"CERSP10","Y","Ceratopogoninae sp.",,"subfamily","Arthropoda","Hexapoda","Insecta","Pterygota","Neoptera","Holometabola","Diptera","Nematocera","Culicomorpha",,"Ceratopogonidae","Ceratopogoninae",,,,"sp.",,"larva",6,,1,30,3,"N","N",,"condition OK","Y",,"Merritt et al. 2019","N","Rhithron Associates, Inc.","B. Moore",,,
"b0dc6344-02f1-4803-8f20-e16ddd8c5762","D17","BIGC","BIGC.AOS.reach","2023-07-20T17:42Z","2024-10-08","BIGC.20230720.SURBER.2","A00000396416",,"LEBSP1","Y","Lebertia sp.",,"genus","Arthropoda","Chelicerata","Arachnida","Acari",,"Acariformes","Trombidiformes","Prostigmata",,"Lebertioidea","Lebertiidae",,,,"Lebertia","sp.",,"adult",1,,2,7,29,"N","N",,"condition OK","Y",,"Thorp and Rogers 2016","N","Rhithron Associates, Inc.","J. Webb",,,
"f3980f75-1c77-477d-a8be-839741d1f979","D17","BIGC","BIGC.AOS.reach","2023-07-20T17:42Z","2024-10-08","BIGC.20230720.SURBER.2","A00000396416",,"BAETRI2","Y","Baetis tricaudatus cx.",,"speciesGroup","Arthropoda","Hexapoda","Insecta","Pterygota","Palaeoptera",,"Ephemeroptera",,,,"Baetidae",,,,"Baetis","tricaudatus cx.",,"larva",3,,5,7,71,"N","N",,"condition OK","Y",,"Morihara and McCafferty 1979; Wiersema, 2004; Webb et al. 2018","N","Rhithron Associates, Inc.","J. Webb",,,
"27f4a494-483d-493f-9de0-424b0ec27966","D17","BIGC","BIGC.AOS.reach","2023-07-20T17:42Z","2024-10-10","BIGC.20230720.SURBER.3","A00000396538","BA23NEOMST28008O1","ENCSP1","Y","Enchytraeidae sp.",,"family","Annelida","Clitellata","Oligochaeta","Oligochaeta",,,"Enchytraeida",,,,"Enchytraeidae",,,,,"sp.",,"unknown",1,,1,10,10,"N","N",,"condition OK","Y",,"Kathman and Brinkhurst, 1999","Y","Rhithron Associates, Inc.","A. Fasbender",,,
"5cc1bf4d-59bb-4490-857c-ca289994de34","D17","BIGC","BIGC.AOS.reach","2023-07-20T17:42Z","2024-10-08","BIGC.20230720.HESS.3","A00000396413",,"STESP10","Y","Stempellinella sp.",,"genus","Arthropoda","Hexapoda","Insecta","Pterygota","Neoptera","Holometabola","Diptera","Nematocera","Culicomorpha",,"Chironomidae","Chironominae","Tanytarsini",,"Stempellinella","sp.",,"larva",2,,29,100,29,"N","N",,"condition OK","Y",,"Weiderholm, 1983; Weiderholm, 1986; Epler 2001; Ferrington et al. 2019; Andersen, Cranston and Epler 2013","N","Rhithron Associates, Inc.","R. Spring",,,
"162f0213-c4c7-430f-a5f0-5aaa135239ab","D17","BIGC","BIGC.AOS.reach","2023-07-20T17:42Z","2024-10-08","BIGC.20230720.HESS.1","A00000396398",,"NEOSP30","Y","Neoplasta sp.",,"genus","Arthropoda","Hexapoda","Insecta","Pterygota","Neoptera","Holometabola","Diptera","Brachycera","Muscomorpha",,"Empididae","Hemerodromiinae","Hemerodromiini",,"Neoplasta","sp.",,"larva",2,,1,30,3,"N","N",,"condition OK","Y",,"Merritt et al. 2019","N","Rhithron Associates, Inc.","B. Moore",,,
"54d47c6f-3bc2-4154-8462-557bba1d2b75","D17","BIGC","BIGC.AOS.reach","2023-07-20T17:42Z","2024-10-09","BIGC.20230720.HESS.3","A00000396413",,"XYSSP","Y","Xystonotus sp.",,"genus","Arthropoda","Chelicerata","Arachnida","Acari",,"Acariformes","Trombidiformes","Prostigmata",,"Arrenuroidea","Mideopsidae",,,,"Xystonotus","sp.",,"adult",1,,1,100,1,"N","N",,"condition OK","Y",,"Thorp and Rogers 2016","N","Rhithron Associates, Inc.","S. Sullivan",,,
"c6903fd5-5398-46f5-b643-4453f8d54897","D17","BIGC","BIGC.AOS.reach","2023-07-20T17:42Z","2024-10-09","BIGC.20230720.HESS.5","A00000396335",,"TRISP22","Y","Trichoclinocera sp.",,"genus","Arthropoda","Hexapoda","Insecta","Pterygota","Neoptera","Holometabola","Diptera","Brachycera","Muscomorpha",,"Empididae","Clinocerinae",,,"Trichoclinocera","sp.",,"larva",1,,11,100,11,"N","N",,"condition OK","Y",,"Merritt et al. 2019","N","Rhithron Associates, Inc.","S. Sullivan",,,
"08d7473f-3caf-465a-bff4-4e9eb8174fa7","D17","BIGC","BIGC.AOS.reach","2023-07-20T17:42Z","2024-10-09","BIGC.20230720.SURBER.1","A00000396415",,"PENSP7","Y","Pentaneura sp.",,"genus","Arthropoda","Hexapoda","Insecta","Pterygota","Neoptera","Holometabola","Diptera","Nematocera","Culicomorpha",,"Chironomidae","Tanypodinae","Pentaneurini",,"Pentaneura","sp.",,"larva",2,,1,70,1,"N","N",,"condition OK","Y",,"Weiderholm, 1983; Weiderholm, 1986; Epler 2001; Ferrington et al. 2019; Andersen, Cranston and Epler 2013","N","Rhithron Associates, Inc.","R. Spring",,,
"e97ecfc5-0d09-4b0d-accc-ccc91770285f","D17","BIGC","BIGC.AOS.reach","2023-07-20T17:42Z","2024-10-10","BIGC.20230720.SURBER.3","A00000396538",,"CRISP2","Y","Cricotopus sp.",,"genus","Arthropoda","Hexapoda","Insecta","Pterygota","Neoptera","Holometabola","Diptera","Nematocera","Culicomorpha",,"Chironomidae","Orthocladiinae",,,"Cricotopus","sp.",,"larva",4,,1,10,10,"N","N",,"condition OK","Y",,"Weiderholm, 1983; Weiderholm, 1986; Epler 2001; Ferrington et al. 2019; Andersen, Cranston and Epler 2013","Y","Rhithron Associates, Inc.","R. Spring","unique",,
"38ea9496-55cc-4be0-8062-377981ac8653","D17","BIGC","BIGC.AOS.reach","2023-07-20T17:42Z","2024-10-08","BIGC.20230720.HESS.1","A00000396398",,"OPTSP","Y","Optioservus sp.",,"genus","Arthropoda","Hexapoda","Insecta","Pterygota","Neoptera","Holometabola","Coleoptera","Polyphaga","Elateriformia","Byrrhoidea","Elmidae","Elminae","Elmini",,"Optioservus","sp.",,"larva",1,,9,30,30,"N","N",,"condition OK","Y",,"Brown 1972; Merritt et al. 2019","N","Rhithron Associates, Inc.","B. Moore",,,
"2c4a2d95-c4ba-41f2-a797-798cacd14085","D17","BIGC","BIGC.AOS.reach","2023-07-20T17:42Z","2024-10-08","BIGC.20230720.HESS.3","A00000396413",,"CORSP19","Y","Corynoneura sp.",,"genus","Arthropoda","Hexapoda","Insecta","Pterygota","Neoptera","Holometabola","Diptera","Nematocera","Culicomorpha",,"Chironomidae","Orthocladiinae",,,"Corynoneura","sp.",,"pupa",1,,1,100,1,"N","N",,"condition OK","N",,"Weiderholm, 1983; Weiderholm, 1986; Epler 2001; Ferrington et al. 2019; Andersen, Cranston and Epler 2013","N","Rhithron Associates, Inc.","R. Spring",,,
"19710ade-043e-4522-813b-721b0cb8f0ce","D17","BIGC","BIGC.AOS.reach","2023-07-20T17:42Z","2024-10-09","BIGC.20230720.HESS.4","A00000396399",,"RHESP2","Y","Rheotanytarsus sp.",,"genus","Arthropoda","Hexapoda","Insecta","Pterygota","Neoptera","Holometabola","Diptera","Nematocera","Culicomorpha",,"Chironomidae","Chironominae","Tanytarsini",,"Rheotanytarsus","sp.",,"larva",2,,3,100,3,"N","N",,"condition OK","Y",,"Weiderholm, 1983; Weiderholm, 1986; Epler 2001; Ferrington et al. 2019; Andersen, Cranston and Epler 2013","N","Rhithron Associates, Inc.","R. Spring",,,
"4e6d386c-183b-4411-88dc-f24b0c8f226b","D17","BIGC","BIGC.AOS.reach","2023-07-20T17:42Z","2024-10-08","BIGC.20230720.SURBER.1","A00000396415",,"PARSP18","Y","Parapsyche sp.",,"genus","Arthropoda","Hexapoda","Insecta","Pterygota","Neoptera","Holometabola","Trichoptera",,,"Hydropsychoidea","Hydropsychidae","Arctopsychinae",,,"Parapsyche","sp.",,"larva",3,,1,70,1,"Y","N","early instar","condition OK","Y",,"Wiggins 1996","N","Rhithron Associates, Inc.","S. Sullivan",,,
"e51177b7-40ec-4d69-95de-9e69d527d1c2","D17","BIGC","BIGC.AOS.reach","2023-07-20T17:42Z","2024-10-09","BIGC.20230720.SURBER.2","A00000396416",,"EUKCLA","Y","Eukiefferiella claripennis gr.",,"speciesGroup","Arthropoda","Hexapoda","Insecta","Pterygota","Neoptera","Holometabola","Diptera","Nematocera","Culicomorpha",,"Chironomidae","Orthocladiinae",,,"Eukiefferiella","claripennis gr.",,"larva",2,,7,7,100,"N","N",,"condition OK","Y",,"Weiderholm, 1983; Bode, 1983; Weiderholm, 1986; Epler 2001; Ferrington et al. 2019; Andersen, Cranston and Epler 2013","N","Rhithron Associates, Inc.","R. Spring",,,
"c451586d-f15a-4580-8d3c-3d37ea9aa69e","D17","BIGC","BIGC.AOS.reach","2023-07-20T17:42Z","2024-10-08","BIGC.20230720.HESS.3","A00000396413",,"CHISP6","Y","Chironomini sp.",,"tribe","Arthropoda","Hexapoda","Insecta","Pterygota","Neoptera","Holometabola","Diptera","Nematocera","Culicomorpha",,"Chironomidae","Chironominae","Chironomini",,,"sp.",,"larva",1,,6,100,6,"Y","N","early instar","condition OK","N",,"Weiderholm, 1983; Weiderholm, 1986; Epler 2001; Ferrington et al. 2019; Andersen, Cranston and Epler 2013","N","Rhithron Associates, Inc.","R. Spring",,,
"89d82b41-0e7e-47a6-a5cd-2f48f83f2155","D17","BIGC","BIGC.AOS.reach","2023-07-20T17:42Z","2024-10-08","BIGC.20230720.SURBER.2","A00000396416",,"TABSP1","Y","Tabanidae sp.",,"family","Arthropoda","Hexapoda","Insecta","Pterygota","Neoptera","Holometabola","Diptera","Brachycera","Tabanomorpha",,"Tabanidae",,,,,"sp.",,"larva",4,,1,7,14,"Y","N","early instar","condition OK","Y",,"Merritt et al. 2019","N","Rhithron Associates, Inc.","J. Webb",,,
"14a6cc1d-6eec-43ba-9bb6-87aedd1f8ca2","D17","BIGC","BIGC.AOS.reach","2023-07-20T17:42Z","2024-10-08","BIGC.20230720.HESS.2","A00000396397",,"TRISP22","Y","Trichoclinocera sp.",,"genus","Arthropoda","Hexapoda","Insecta","Pterygota","Neoptera","Holometabola","Diptera","Brachycera","Muscomorpha",,"Empididae","Clinocerinae",,,"Trichoclinocera","sp.",,"larva",1,,1,100,1,"N","N",,"condition OK","Y",,"Merritt et al. 2019","N","Rhithron Associates, Inc.","J. Webb",,,
"ac0cec9d-988d-4b10-a099-6bfac9bee932","D17","BIGC","BIGC.AOS.reach","2023-07-20T17:42Z","2024-10-09","BIGC.20230720.SURBER.2","A00000396416",,"CRISP2","Y","Cricotopus sp.",,"genus","Arthropoda","Hexapoda","Insecta","Pterygota","Neoptera","Holometabola","Diptera","Nematocera","Culicomorpha",,"Chironomidae","Orthocladiinae",,,"Cricotopus","sp.",,"larva",4,,5,7,71,"N","N",,"condition OK","Y",,"Weiderholm, 1983; Weiderholm, 1986; Epler 2001; Ferrington et al. 2019; Andersen, Cranston and Epler 2013","N","Rhithron Associates, Inc.","R. Spring",,,
"1651a5f6-d4d1-494b-ba29-521a98421cc5","D17","BIGC","BIGC.AOS.reach","2023-07-20T17:42Z","2024-10-08","BIGC.20230720.HESS.3","A00000396413",,"THIGRO","Y","Thienemannimyia gr.",,"speciesGroup","Arthropoda","Hexapoda","Insecta","Pterygota","Neoptera","Holometabola","Diptera","Nematocera","Culicomorpha",,"Chironomidae","Tanypodinae","Pentaneurini",,"Thienemannimyia","gr.",,"larva",1,,1,100,1,"Y","N","early instar","condition OK","Y",,"Weiderholm, 1983; Weiderholm, 1986; Epler 2001; Ferrington et al. 2008; Andersen, Cranston and Epler 2017","N","Rhithron Associates, Inc.","R. Spring",,,
"a322aa0a-3fda-4166-9c46-7829d2692542","D17","BIGC","BIGC.AOS.reach","2023-07-20T17:42Z","2024-10-08","BIGC.20230720.SURBER.2","A00000396416",,"ACASP1","Y","Acari sp.",,"subclass","Arthropoda","Chelicerata","Arachnida","Acari",,,,,,,,,,,,"sp.",,"larva",1,,1,7,14,"N","N",,"condition OK","N",,"Thorp and Rogers 2016","N","Rhithron Associates, Inc.","J. Webb",,,
"94d2970d-0211-44e1-8c3c-5f79e456804f","D17","BIGC","BIGC.AOS.reach","2023-07-20T17:42Z","2024-10-09","BIGC.20230720.HESS.4","A00000396399",,"NEMSP","Y","Nematoda sp.",,"phylum","Nematoda",,,,,,,,,,,,,,,"sp.",,"unknown",2,,2,100,2,"N","N",,"condition OK","Y",,"Thorp and Rogers 2016","N","Rhithron Associates, Inc.","S. Sullivan",,,
"c5f22a1a-b0e3-42fc-ae3d-108f2b5b76da","D17","BIGC","BIGC.AOS.reach","2023-07-20T17:42Z","2024-10-10","BIGC.20230720.HESS.5","A00000396335","BA23NEOMST28005O1","CHASP10","Y","Chaetogaster sp.",,"genus","Annelida","Clitellata","Oligochaeta","Oligochaeta",,,"Tubificida",,,,"Naididae","Naidinae",,,"Chaetogaster","sp.",,"immature",1,,1,100,1,"Y","N",,"condition OK","Y",,"Kathman and Brinkhurst, 1999","N","Rhithron Associates, Inc.","A. Fasbender",,,
"9c70667a-8958-4db3-bebb-7b4cebfd2fb9","D17","BIGC","BIGC.AOS.reach","2023-07-20T17:42Z","2024-10-08","BIGC.20230720.HESS.3","A00000396413",,"PAGSP5","Y","Pagastiella sp.",,"genus","Arthropoda","Hexapoda","Insecta","Pterygota","Neoptera","Holometabola","Diptera","Nematocera","Culicomorpha",,"Chironomidae","Chironominae","Chironomini",,"Pagastiella","sp.",,"larva",2,,1,100,1,"N","N",,"condition OK","Y",,"Weiderholm, 1983; Weiderholm, 1986; Epler 2001; Ferrington et al. 2019; Andersen, Cranston and Epler 2013","N","Rhithron Associates, Inc.","R. Spring",,,
"34bccaf2-b7f4-4d37-af32-d30c6020ae25","D17","BIGC","BIGC.AOS.reach","2023-07-20T17:42Z","2024-10-09","BIGC.20230720.SURBER.1","A00000396415",,"TVESP","Y","Tvetenia sp.",,"genus","Arthropoda","Hexapoda","Insecta","Pterygota","Neoptera","Holometabola","Diptera","Nematocera","Culicomorpha",,"Chironomidae","Orthocladiinae",,,"Tvetenia","sp.",,"larva",2,,3,70,4,"N","N",,"condition OK","Y",,"Weiderholm, 1983; Weiderholm, 1986; Epler 2001; Ferrington et al. 2019; Andersen, Cranston and Epler 2013","N","Rhithron Associates, Inc.","R. Spring",,,
"be2f730c-d600-42d3-91e8-359ede7aa195","D17","BIGC","BIGC.AOS.reach","2023-07-20T17:42Z","2024-10-08","BIGC.20230720.HESS.2","A00000396397",,"LEPSP4","Y","Leptophlebiidae sp.",,"family","Arthropoda","Hexapoda","Insecta","Pterygota","Palaeoptera",,"Ephemeroptera","Furcatergalia","Lanceolata",,"Leptophlebiidae",,,,,"sp.",,"larva",1,,1,100,1,"N","N","damaged","damaged, affecting taxonomy and measurement","Y",,"Merritt et al. 2019","N","Rhithron Associates, Inc.","J. Webb",,,
"232cfcc3-9a08-4e52-be34-4d2ab84757d4","D17","BIGC","BIGC.AOS.reach","2023-07-20T17:42Z","2024-10-09","BIGC.20230720.HESS.4","A00000396399",,"TANSP8","Y","Tanytarsini sp.",,"tribe","Arthropoda","Hexapoda","Insecta","Pterygota","Neoptera","Holometabola","Diptera","Nematocera","Culicomorpha",,"Chironomidae","Chironominae","Tanytarsini",,,"sp.",,"larva",1,,7,100,7,"Y","N","early instar","condition OK","N",,"Weiderholm, 1983; Weiderholm, 1986; Epler 2001; Ferrington et al. 2019; Andersen, Cranston and Epler 2013","N","Rhithron Associates, Inc.","R. Spring",,,
"5b0ba93d-1f5f-4bd1-9da4-d72b846bb452","D17","BIGC","BIGC.AOS.reach","2023-07-20T17:42Z","2024-10-09","BIGC.20230720.SURBER.3","A00000396538",,"SIMSP1","Y","Simulium sp.",,"genus","Arthropoda","Hexapoda","Insecta","Pterygota","Neoptera","Holometabola","Diptera","Nematocera","Culicomorpha",,"Simuliidae","Simuliinae","Simuliini",,"Simulium","sp.",,"larva",1,,6,10,60,"N","N",,"condition OK","Y",,"Adler et al. 2004; Merritt et al. 2019","Y","Rhithron Associates, Inc.","S. Sullivan",,,
"a90edb69-f102-4ba7-ab09-169095d1fc04","D17","BIGC","BIGC.AOS.reach","2023-07-20T17:42Z","2024-10-09","BIGC.20230720.HESS.5","A00000396335",,"MICSP6","Y","Micropsectra sp.",,"genus","Arthropoda","Hexapoda","Insecta","Pterygota","Neoptera","Holometabola","Diptera","Nematocera","Culicomorpha",,"Chironomidae","Chironominae","Tanytarsini",,"Micropsectra","sp.",,"larva",2,,2,100,2,"N","N",,"condition OK","Y",,"Weiderholm, 1983; Weiderholm, 1986; Epler 2001; Ferrington et al. 2019; Andersen, Cranston and Epler 2013","N","Rhithron Associates, Inc.","R. Spring",,,
"39b1a180-dbe5-4bb6-9bef-6379d5ed2f1b","D17","BIGC","BIGC.AOS.reach","2023-07-20T17:42Z","2024-10-08","BIGC.20230720.SURBER.1","A00000396415",,"ANTMON","Y","Antocha monticola",,"species","Arthropoda","Hexapoda","Insecta","Pterygota","Neoptera","Holometabola","Diptera","Nematocera","Tipulomorpha",,"Tipulidae","Limoniinae","Limoniini",,"Antocha","monticola",,"larva",1,,8,70,11,"N","N",,"condition OK","Y",,"Gelhaus and Podeniene 2018; Merritt et al. 2019","N","Rhithron Associates, Inc.","S. Sullivan",,,
"6984f8f5-3323-47bf-8f7d-b93c80f48189","D17","BIGC","BIGC.AOS.reach","2023-07-20T17:42Z","2024-10-08","BIGC.20230720.HESS.1","A00000396398",,"THIGRO","Y","Thienemannimyia gr.",,"speciesGroup","Arthropoda","Hexapoda","Insecta","Pterygota","Neoptera","Holometabola","Diptera","Nematocera","Culicomorpha",,"Chironomidae","Tanypodinae","Pentaneurini",,"Thienemannimyia","gr.",,"larva",1,,3,30,10,"Y","N","early instar","condition OK","Y",,"Weiderholm, 1983; Weiderholm, 1986; Epler 2001; Ferrington et al. 2008; Andersen, Cranston and Epler 2017","N","Rhithron Associates, Inc.","R. Spring",,,
"dce2f93b-197d-4670-93a5-d6a7e152aa74","D17","BIGC","BIGC.AOS.reach","2023-07-20T17:42Z","2024-10-09","BIGC.20230720.SURBER.3","A00000396538",,"TESSP1","Y","Testudacarus sp.",,"genus","Arthropoda","Chelicerata","Arachnida","Acari",,"Acariformes","Trombidiformes","Prostigmata",,"Lebertioidea","Torrenticolidae",,,,"Testudacarus","sp.",,"adult",1,,4,10,40,"N","N",,"condition OK","Y",,"Thorp and Rogers 2016","Y","Rhithron Associates, Inc.","S. Sullivan",,,
"5b157614-b965-472f-82b8-0e8993e3fb99","D17","BIGC","BIGC.AOS.reach","2023-07-20T17:42Z","2024-10-09","BIGC.20230720.HESS.5","A00000396335",,"ALOSP","Y","Alotanypus sp.",,"genus","Arthropoda","Hexapoda","Insecta","Pterygota","Neoptera","Holometabola","Diptera","Nematocera","Culicomorpha",,"Chironomidae","Tanypodinae","Coelotanypodini",,"Alotanypus","sp.",,"larva",2,,2,100,2,"N","N",,"condition OK","Y",,"Weiderholm, 1983; Weiderholm, 1986; Epler 2001; Ferrington et al. 2019; Andersen, Cranston and Epler 2013","N","Rhithron Associates, Inc.","R. Spring",,,
"8a7878f1-9a46-4f2b-b356-4f4aea87c581","D17","BIGC","BIGC.AOS.reach","2023-07-20T17:42Z","2024-10-08","BIGC.20230720.HESS.2","A00000396397",,"HEXSP3","Y","Hexatoma sp.",,"genus","Arthropoda","Hexapoda","Insecta","Pterygota","Neoptera","Holometabola","Diptera","Nematocera","Tipulomorpha",,"Tipulidae","Limoniinae","Hexatomini",,"Hexatoma","sp.",,"larva",4,,1,100,1,"N","N",,"condition OK","Y",,"Gelhaus and Podeniene 2018; Merritt et al. 2019","N","Rhithron Associates, Inc.","J. Webb",,,
"ec3c4e8c-c1b9-4176-a489-31b44bee6d9f","D17","BIGC","BIGC.AOS.reach","2023-07-20T17:42Z","2024-10-09","BIGC.20230720.HESS.5","A00000396335",,"PSESP19","Y","Psectrocladius sp.",,"genus","Arthropoda","Hexapoda","Insecta","Pterygota","Neoptera","Holometabola","Diptera","Nematocera","Culicomorpha",,"Chironomidae","Orthocladiinae",,,"Psectrocladius","sp.",,"larva",7,,1,100,1,"N","N",,"condition OK","Y",,"Weiderholm, 1983; Weiderholm, 1986; Epler 2001; Ferrington et al. 2019; Andersen, Cranston and Epler 2013","N","Rhithron Associates, Inc.","R. Spring",,,
"91028a5d-44ea-487b-a778-f0cc3405ff2a","D17","BIGC","BIGC.AOS.reach","2023-07-20T17:42Z","2024-10-09","BIGC.20230720.SURBER.1","A00000396415",,"PENSP7","Y","Pentaneura sp.",,"genus","Arthropoda","Hexapoda","Insecta","Pterygota","Neoptera","Holometabola","Diptera","Nematocera","Culicomorpha",,"Chironomidae","Tanypodinae","Pentaneurini",,"Pentaneura","sp.",,"larva",5,,1,70,1,"N","N",,"condition OK","Y",,"Weiderholm, 1983; Weiderholm, 1986; Epler 2001; Ferrington et al. 2019; Andersen, Cranston and Epler 2013","N","Rhithron Associates, Inc.","R. Spring",,,
"fd9b691b-fc93-4a5a-9b16-e3d5d0bfbb32","D17","BIGC","BIGC.AOS.reach","2023-07-20T17:42Z","2024-10-09","BIGC.20230720.HESS.4","A00000396399",,"HELSP10","Y","Heleniella sp.",,"genus","Arthropoda","Hexapoda","Insecta","Pterygota","Neoptera","Holometabola","Diptera","Nematocera","Culicomorpha",,"Chironomidae","Orthocladiinae",,,"Heleniella","sp.",,"pupa",2,,1,100,1,"N","N",,"condition OK","Y",,"Weiderholm, 1983; Weiderholm, 1986; Epler 2001; Ferrington et al. 2019; Andersen, Cranston and Epler 2013","N","Rhithron Associates, Inc.","R. Spring",,,
"48efb158-1d74-4d69-872c-376ded1d35a6","D17","BIGC","BIGC.AOS.reach","2023-07-20T17:42Z","2024-10-09","BIGC.20230720.HESS.5","A00000396335",,"ALOSP","Y","Alotanypus sp.",,"genus","Arthropoda","Hexapoda","Insecta","Pterygota","Neoptera","Holometabola","Diptera","Nematocera","Culicomorpha",,"Chironomidae","Tanypodinae","Coelotanypodini",,"Alotanypus","sp.",,"larva",1,,1,100,1,"N","N",,"condition OK","Y",,"Weiderholm, 1983; Weiderholm, 1986; Epler 2001; Ferrington et al. 2019; Andersen, Cranston and Epler 2013","N","Rhithron Associates, Inc.","R. Spring",,,
"c64938f2-1329-48bb-82f2-352c05c5cfdb","D17","BIGC","BIGC.AOS.reach","2023-07-20T17:42Z","2024-10-09","BIGC.20230720.HESS.4","A00000396399",,"CAPSP2","Y","Capniidae sp.",,"family","Arthropoda","Hexapoda","Insecta","Pterygota","Neoptera","Polyneoptera","Plecoptera","Euholognatha",,,"Capniidae",,,,,"sp.",,"larva",2,,1,100,1,"Y","N","early instar","condition OK","Y",,"Stewart and Stark 2002; Merritt et al. 2019","N","Rhithron Associates, Inc.","S. Sullivan",,,
"1454bd66-a3b5-463a-955e-1dffe03c635a","D17","BIGC","BIGC.AOS.reach","2023-07-20T17:42Z","2024-10-09","BIGC.20230720.SURBER.2","A00000396416",,"EUKDEV","Y","Eukiefferiella devonica gr.",,"speciesGroup","Arthropoda","Hexapoda","Insecta","Pterygota","Neoptera","Holometabola","Diptera","Nematocera","Culicomorpha",,"Chironomidae","Orthocladiinae",,,"Eukiefferiella","devonica gr.",,"larva",1,,2,7,29,"N","N",,"condition OK","Y",,"Weiderholm, 1983; Bode, 1983; Weiderholm, 1986; Epler 2001; Ferrington et al. 2019; Andersen, Cranston and Epler 2013","N","Rhithron Associates, Inc.","R. Spring",,,
"d5678fde-5e4f-46d3-9f18-457a70cfc35b","D17","BIGC","BIGC.AOS.reach","2023-07-20T17:42Z","2024-10-08","BIGC.20230720.HESS.2","A00000396397",,"RHESP2","Y","Rheotanytarsus sp.",,"genus","Arthropoda","Hexapoda","Insecta","Pterygota","Neoptera","Holometabola","Diptera","Nematocera","Culicomorpha",,"Chironomidae","Chironominae","Tanytarsini",,"Rheotanytarsus","sp.",,"larva",2,,1,100,1,"N","N",,"condition OK","Y",,"Weiderholm, 1983; Weiderholm, 1986; Epler 2001; Ferrington et al. 2019; Andersen, Cranston and Epler 2013","N","Rhithron Associates, Inc.","R. Spring",,,
"13ec5739-d182-4437-b172-8feeb5f9b282","D17","BIGC","BIGC.AOS.reach","2023-07-20T17:42Z","2024-10-09","BIGC.20230720.SURBER.3","A00000396538",,"ATUSP1","Y","Aturus sp.",,"genus","Arthropoda","Chelicerata","Arachnida","Acari",,"Acariformes","Trombidiformes","Prostigmata",,"Hygrobatoidea","Aturidae",,,,"Aturus","sp.",,"adult",1,,5,10,50,"N","N",,"condition OK","Y",,"Thorp and Rogers 2016","Y","Rhithron Associates, Inc.","S. Sullivan",,,
"a4271ced-3a05-47cd-b931-8110f9d87fa7","D17","BIGC","BIGC.AOS.reach","2023-07-20T17:42Z","2024-10-09","BIGC.20230720.HESS.5","A00000396335",,"TRUSP","Y","Truncatelloidea sp.",,"superfamily","Mollusca",,"Gastropoda",,,,"Littorinimorpha",,,"Truncatelloidea",,,,,,"sp.",,"immature",2,,1,100,1,"Y","N",,"condition OK","Y",,"Criscione and Ponder 2013; Hersler 2017","N","Rhithron Associates, Inc.","S. Sullivan",,,
"108b1378-1178-40ac-a3d0-243757631227","D17","BIGC","BIGC.AOS.reach","2023-07-20T17:42Z","2024-10-09","BIGC.20230720.HESS.5","A00000396335",,"PARSP31","Y","Paracladopelma sp.",,"genus","Arthropoda","Hexapoda","Insecta","Pterygota","Neoptera","Holometabola","Diptera","Nematocera","Culicomorpha",,"Chironomidae","Chironominae","Chironomini",,"Paracladopelma","sp.",,"larva",4,,3,100,3,"N","N",,"condition OK","Y",,"Weiderholm, 1983; Weiderholm, 1986; Epler 2001; Ferrington et al. 2019; Andersen, Cranston and Epler 2013","N","Rhithron Associates, Inc.","R. Spring",,,
"bec2604f-702d-499c-a909-c7f427d7ba4c","D17","BIGC","BIGC.AOS.reach","2023-07-20T17:42Z","2024-10-09","BIGC.20230720.SURBER.1","A00000396415",,"MICSP5","Y","Microtendipes sp.",,"genus","Arthropoda","Hexapoda","Insecta","Pterygota","Neoptera","Holometabola","Diptera","Nematocera","Culicomorpha",,"Chironomidae","Chironominae","Chironomini",,"Microtendipes","sp.",,"larva",2,,1,70,1,"N","N",,"condition OK","Y",,"Weiderholm, 1983; Weiderholm, 1986; Epler 2001; Ferrington et al. 2019; Andersen, Cranston and Epler 2013","N","Rhithron Associates, Inc.","R. Spring",,,
"9af44ef1-6489-4a0f-b88b-8f6ef2804854","D17","BIGC","BIGC.AOS.reach","2023-07-20T17:42Z","2024-10-09","BIGC.20230720.SURBER.3","A00000396538",,"CHLSP","Y","Chloroperlidae sp.",,"family","Arthropoda","Hexapoda","Insecta","Pterygota","Neoptera","Polyneoptera","Plecoptera","Systellognatha",,,"Chloroperlidae",,,,,"sp.",,"larva",2,,1,10,10,"Y","N","early instar","condition OK","Y",,"Stewart and Stark 2002; Merritt et al. 2019","Y","Rhithron Associates, Inc.","S. Sullivan",,,
"8894454a-3853-41c5-9265-3e29b81eb9b7","D17","BIGC","BIGC.AOS.reach","2023-07-20T17:42Z","2024-10-09","BIGC.20230720.SURBER.3","A00000396538",,"TINSP1","Y","Tinodes sp.",,"genus","Arthropoda","Hexapoda","Insecta","Pterygota","Neoptera","Holometabola","Trichoptera",,,"Hydropsychoidea","Psychomyiidae","Psychomyiinae",,,"Tinodes","sp.",,"larva",2,,1,10,10,"N","N",,"condition OK","Y",,"Wiggins 1996; Merritt et al. 2019","Y","Rhithron Associates, Inc.","S. Sullivan",,,
"383522d8-7c6f-4ecd-bdef-9a5ee2d7969b","D17","BIGC","BIGC.AOS.reach","2023-07-20T17:42Z","2024-10-09","BIGC.20230720.HESS.5","A00000396335",,"PLESP","Y","Plecoptera sp.",,"order","Arthropoda","Hexapoda","Insecta","Pterygota","Neoptera","Polyneoptera","Plecoptera",,,,,,,,,"sp.",,"larva",1,,1,100,1,"Y","N","early instar","condition OK","Y",,"Merritt et al. 2019","N","Rhithron Associates, Inc.","S. Sullivan",,,
"6bdef371-71ca-4db0-ad8a-6648d72c7009","D17","BIGC","BIGC.AOS.reach","2023-07-20T17:42Z","2024-10-08","BIGC.20230720.HESS.1","A00000396398",,"HYDSP24","Y","Hydroptila sp.",,"genus","Arthropoda","Hexapoda","Insecta","Pterygota","Neoptera","Holometabola","Trichoptera",,,"Hydroptiloidea","Hydroptilidae","Hydroptilinae","Hydroptilini",,"Hydroptila","sp.",,"larva",3,,10,30,33,"N","N",,"condition OK","Y",,"Wiggins 1996; Merritt et al. 2019","N","Rhithron Associates, Inc.","B. Moore",,,
"1874136c-5c3c-4903-ba27-3b944018904a","D17","BIGC","BIGC.AOS.reach","2023-07-20T17:42Z","2024-10-09","BIGC.20230720.HESS.4","A00000396399",,"RHESP1","Y","Rheocricotopus sp.",,"genus","Arthropoda","Hexapoda","Insecta","Pterygota","Neoptera","Holometabola","Diptera","Nematocera","Culicomorpha",,"Chironomidae","Orthocladiinae",,,"Rheocricotopus","sp.",,"larva",1,,1,100,1,"N","N",,"condition OK","Y",,"Weiderholm, 1983; Weiderholm, 1986; Epler 2001; Ferrington et al. 2019; Andersen, Cranston and Epler 2013","N","Rhithron Associates, Inc.","R. Spring",,,
"6e2eeca2-c9f0-4ac7-a4ad-56915903b654","D17","BIGC","BIGC.AOS.reach","2023-07-20T17:42Z","2024-10-09","BIGC.20230720.SURBER.1","A00000396415",,"TVESP","Y","Tvetenia sp.",,"genus","Arthropoda","Hexapoda","Insecta","Pterygota","Neoptera","Holometabola","Diptera","Nematocera","Culicomorpha",,"Chironomidae","Orthocladiinae",,,"Tvetenia","sp.",,"larva",1,,5,70,7,"N","N",,"condition OK","Y",,"Weiderholm, 1983; Weiderholm, 1986; Epler 2001; Ferrington et al. 2019; Andersen, Cranston and Epler 2013","N","Rhithron Associates, Inc.","R. Spring",,,
"d665ac32-de38-4022-91f9-dbdf8c069920","D17","BIGC","BIGC.AOS.reach","2023-07-20T17:42Z","2024-10-09","BIGC.20230720.SURBER.3","A00000396538",,"ORISP1","Y","Oribatida sp.",,"suborder","Arthropoda","Chelicerata","Arachnida","Acari",,"Acariformes","Sarcoptiformes","Oribatida",,,,,,,,"sp.",,"adult",1,,2,10,20,"N","N",,"condition OK","Y",,"Thorp and Rogers 2016","Y","Rhithron Associates, Inc.","S. Sullivan",,,
"21c19b69-2ca6-4888-9399-5486cc07374e","D17","BIGC","BIGC.AOS.reach","2023-07-20T17:42Z","2024-10-10","BIGC.20230720.SURBER.3","A00000396538",,"PENSP7","Y","Pentaneura sp.",,"genus","Arthropoda","Hexapoda","Insecta","Pterygota","Neoptera","Holometabola","Diptera","Nematocera","Culicomorpha",,"Chironomidae","Tanypodinae","Pentaneurini",,"Pentaneura","sp.",,"larva",4,,2,10,20,"N","N",,"condition OK","Y",,"Weiderholm, 1983; Weiderholm, 1986; Epler 2001; Ferrington et al. 2019; Andersen, Cranston and Epler 2013","Y","Rhithron Associates, Inc.","R. Spring",,,
"2c6a743f-3972-488d-a32b-5defd014c0e8","D17","BIGC","BIGC.AOS.reach","2023-07-20T17:42Z","2024-10-09","BIGC.20230720.HESS.5","A00000396335",,"ELOSP2","Y","Eloeophila sp.",,"genus","Arthropoda",,"Insecta",,,,"Diptera",,,,"Limoniidae",,,,"Eloeophila","sp.",,"larva",4,,2,100,2,"N","N",,"condition OK","Y",,"Merritt et al. 2019","N","Rhithron Associates, Inc.","S. Sullivan",,,
"4216f9b7-de3b-4854-90b4-94381d392188","D17","BIGC","BIGC.AOS.reach","2023-07-20T17:42Z","2024-10-08","BIGC.20230720.HESS.1","A00000396398",,"CERSP10","Y","Ceratopogoninae sp.",,"subfamily","Arthropoda","Hexapoda","Insecta","Pterygota","Neoptera","Holometabola","Diptera","Nematocera","Culicomorpha",,"Ceratopogonidae","Ceratopogoninae",,,,"sp.",,"larva",3,,1,30,3,"N","N",,"condition OK","Y",,"Merritt et al. 2019","N","Rhithron Associates, Inc.","B. Moore",,,
"c4bdd09c-07ed-47f5-be15-27f95753b367","D17","BIGC","BIGC.AOS.reach","2023-07-20T17:42Z","2024-10-09","BIGC.20230720.SURBER.2","A00000396416",,"RHESP2","Y","Rheotanytarsus sp.",,"genus","Arthropoda","Hexapoda","Insecta","Pterygota","Neoptera","Holometabola","Diptera","Nematocera","Culicomorpha",,"Chironomidae","Chironominae","Tanytarsini",,"Rheotanytarsus","sp.",,"larva",2,,13,7,186,"N","N",,"condition OK","Y",,"Weiderholm, 1983; Weiderholm, 1986; Epler 2001; Ferrington et al. 2019; Andersen, Cranston and Epler 2013","N","Rhithron Associates, Inc.","R. Spring",,,
"57350458-20e5-4615-abb8-04c5f2e0c153","D17","BIGC","BIGC.AOS.reach","2023-07-20T17:42Z","2024-10-09","BIGC.20230720.HESS.5","A00000396335",,"POLSP13","Y","Polypedilum sp.",,"genus","Arthropoda","Hexapoda","Insecta","Pterygota","Neoptera","Holometabola","Diptera","Nematocera","Culicomorpha",,"Chironomidae","Chironominae","Chironomini",,"Polypedilum","sp.",,"larva",2,,3,100,3,"N","N",,"condition OK","Y",,"Weiderholm, 1983; Weiderholm, 1986; Epler 2001; Ferrington et al. 2008; Andersen, Cranston and Epler 2013","N","Rhithron Associates, Inc.","R. Spring",,,
"53a255d9-4765-42b4-b9ba-714f60ce153f","D17","BIGC","BIGC.AOS.reach","2023-07-20T17:42Z","2024-10-09","BIGC.20230720.HESS.4","A00000396399",,"LEPSP4","Y","Leptophlebiidae sp.",,"family","Arthropoda","Hexapoda","Insecta","Pterygota","Palaeoptera",,"Ephemeroptera","Furcatergalia","Lanceolata",,"Leptophlebiidae",,,,,"sp.",,"larva",3,,1,100,1,"N","N","damaged","damaged, affecting taxonomy and measurement","Y",,"Merritt et al. 2019","N","Rhithron Associates, Inc.","S. Sullivan",,,
"561c8a0f-7c1d-4c44-b18c-d28e6a528fee","D17","BIGC","BIGC.AOS.reach","2023-07-20T17:42Z","2024-10-08","BIGC.20230720.SURBER.1","A00000396415",,"AMIASP","Y","Amiocentrus aspilus",,"species","Arthropoda","Hexapoda","Insecta","Pterygota","Neoptera","Holometabola","Trichoptera",,,"Limnephiloidea","Brachycentridae",,,,"Amiocentrus","aspilus",,"larva",2,,35,70,50,"N","N",,"condition OK","Y",,"Wiggins 1996; Merritt et al. 2019","N","Rhithron Associates, Inc.","S. Sullivan",,,
"7b752f8e-f28a-49d2-8d34-1456a1994a55","D17","BIGC","BIGC.AOS.reach","2023-07-20T17:42Z","2024-10-08","BIGC.20230720.SURBER.2","A00000396416",,"ORISP1","Y","Oribatida sp.",,"suborder","Arthropoda","Chelicerata","Arachnida","Acari",,"Acariformes","Sarcoptiformes","Oribatida",,,,,,,,"sp.",,"adult",1,,3,7,43,"N","N",,"condition OK","Y",,"Thorp and Rogers 2016","N","Rhithron Associates, Inc.","J. Webb",,,
"ce692138-ebf9-496b-a318-e894f2ff4e4b","D17","BIGC","BIGC.AOS.reach","2023-07-20T17:42Z","2024-10-09","BIGC.20230720.SURBER.2","A00000396416",,"THISP2","Y","Thienemanniella sp.",,"genus","Arthropoda","Hexapoda","Insecta","Pterygota","Neoptera","Holometabola","Diptera","Nematocera","Culicomorpha",,"Chironomidae","Orthocladiinae",,,"Thienemanniella","sp.",,"larva",1,,1,7,14,"N","N",,"condition OK","Y",,"Weiderholm, 1983; Weiderholm, 1986; Epler 2001; Ferrington et al. 2019; Andersen, Cranston and Epler 2013","N","Rhithron Associates, Inc.","R. Spring",,,
"89d7d785-062b-4ab0-aec5-f50f014c6517","D17","BIGC","BIGC.AOS.reach","2023-07-20T17:42Z","2024-10-09","BIGC.20230720.SURBER.3","A00000396538",,"SPESP4","Y","Sperchon sp.",,"genus","Arthropoda","Chelicerata","Arachnida","Acari",,"Acariformes","Trombidiformes","Prostigmata",,"Lebertioidea","Sperchontidae",,,,"Sperchon","sp.",,"adult",1,,2,10,20,"N","N",,"condition OK","Y",,"Thorp and Rogers 2016","Y","Rhithron Associates, Inc.","S. Sullivan",,,
"7341f818-4488-4c63-bfbc-e74456a74008","D17","BIGC","BIGC.AOS.reach","2023-07-20T17:42Z","2024-10-08","BIGC.20230720.HESS.1","A00000396398",,"CRISP6","Y","Cricotopus/Orthocladius sp.",,"speciesGroup","Arthropoda","Hexapoda","Insecta","Pterygota","Neoptera","Holometabola","Diptera","Nematocera","Culicomorpha",,"Chironomidae","Orthocladiinae",,,"Cricotopus/Orthocladius","sp.",,"larva",3,,2,30,7,"Y","N","early instar","condition OK","N",,"Weiderholm, 1983; Weiderholm, 1986; Epler 2001; Ferrington et al. 2008; Andersen, Cranston and Epler 2013","N","Rhithron Associates, Inc.","R. Spring",,,
"575eccf9-f146-4f3c-ac94-12c969f68650","D17","BIGC","BIGC.AOS.reach","2023-07-20T17:42Z","2024-10-08","BIGC.20230720.HESS.1","A00000396398",,"NEMSP","Y","Nematoda sp.",,"phylum","Nematoda",,,,,,,,,,,,,,,"sp.",,"unknown",2,,3,30,10,"N","N",,"condition OK","Y",,"Thorp and Rogers 2016","N","Rhithron Associates, Inc.","B. Moore",,,
"9f1f69f2-3589-421c-be4a-1c56f5a1c916","D17","BIGC","BIGC.AOS.reach","2023-07-20T17:42Z","2024-10-08","BIGC.20230720.HESS.1","A00000396398",,"OPTSP","Y","Optioservus sp.",,"genus","Arthropoda","Hexapoda","Insecta","Pterygota","Neoptera","Holometabola","Coleoptera","Polyphaga","Elateriformia","Byrrhoidea","Elmidae","Elminae","Elmini",,"Optioservus","sp.",,"larva",3,,4,30,13,"N","N",,"condition OK","Y",,"Brown 1972; Merritt et al. 2019","N","Rhithron Associates, Inc.","B. Moore",,,
"f56985a8-ecd0-4356-925e-eb18ebf41393","D17","BIGC","BIGC.AOS.reach","2023-07-20T17:42Z","2024-10-08","BIGC.20230720.SURBER.2","A00000396416",,"SIMSP1","Y","Simulium sp.",,"genus","Arthropoda","Hexapoda","Insecta","Pterygota","Neoptera","Holometabola","Diptera","Nematocera","Culicomorpha",,"Simuliidae","Simuliinae","Simuliini",,"Simulium","sp.",,"larva",7,,5,7,71,"N","N",,"condition OK","Y",,"Adler et al. 2004; Merritt et al. 2019","N","Rhithron Associates, Inc.","J. Webb",,,
"08e0cb78-7d3c-4413-bbe4-3e791587a63c","D17","BIGC","BIGC.AOS.reach","2023-07-20T17:42Z","2024-10-10","BIGC.20230720.SURBER.3","A00000396538",,"CRISP6","Y","Cricotopus/Orthocladius sp.",,"speciesGroup","Arthropoda","Hexapoda","Insecta","Pterygota","Neoptera","Holometabola","Diptera","Nematocera","Culicomorpha",,"Chironomidae","Orthocladiinae",,,"Cricotopus/Orthocladius","sp.",,"larva",2,,2,10,20,"Y","N","early instar","condition OK","N",,"Weiderholm, 1983; Weiderholm, 1986; Epler 2001; Ferrington et al. 2008; Andersen, Cranston and Epler 2013","Y","Rhithron Associates, Inc.","R. Spring",,,
"4dc5073f-3d22-4f86-9c67-ddee5f8467ca","D17","BIGC","BIGC.AOS.reach","2023-07-20T17:42Z","2024-10-09","BIGC.20230720.HESS.4","A00000396399",,"CORSP19","Y","Corynoneura sp.",,"genus","Arthropoda","Hexapoda","Insecta","Pterygota","Neoptera","Holometabola","Diptera","Nematocera","Culicomorpha",,"Chironomidae","Orthocladiinae",,,"Corynoneura","sp.",,"larva",1,,3,100,3,"N","N",,"condition OK","Y",,"Weiderholm, 1983; Weiderholm, 1986; Epler 2001; Ferrington et al. 2019; Andersen, Cranston and Epler 2013","N","Rhithron Associates, Inc.","R. Spring",,,
"4a490135-8341-469c-b73d-69cb7eaec4b1","D17","BIGC","BIGC.AOS.reach","2023-07-20T17:42Z","2024-10-09","BIGC.20230720.HESS.4","A00000396399",,"RHESP1","Y","Rheocricotopus sp.",,"genus","Arthropoda","Hexapoda","Insecta","Pterygota","Neoptera","Holometabola","Diptera","Nematocera","Culicomorpha",,"Chironomidae","Orthocladiinae",,,"Rheocricotopus","sp.",,"larva",2,,1,100,1,"N","N",,"condition OK","Y",,"Weiderholm, 1983; Weiderholm, 1986; Epler 2001; Ferrington et al. 2019; Andersen, Cranston and Epler 2013","N","Rhithron Associates, Inc.","R. Spring",,,
"5e3d7329-0c38-4469-bb47-d2da5712a677","D17","BIGC","BIGC.AOS.reach","2023-07-20T17:42Z","2024-10-08","BIGC.20230720.SURBER.1","A00000396415",,"CORSP5","Y","Corydalidae sp.",,"family","Arthropoda","Hexapoda","Insecta","Pterygota","Neoptera","Neuropterida","Megaloptera",,,,"Corydalidae",,,,,"sp.",,"larva",3,,1,70,1,"Y","N","early instar","condition OK","Y",,"Merritt et al. 2019","N","Rhithron Associates, Inc.","S. Sullivan",,,
"6e09c8cc-6db6-49e3-a3b3-4f4c902db3ac","D17","BIGC","BIGC.AOS.reach","2023-07-20T17:42Z","2024-10-10","BIGC.20230720.SURBER.3","A00000396538",,"EUKSP","Y","Eukiefferiella sp.",,"genus","Arthropoda","Hexapoda","Insecta","Pterygota","Neoptera","Holometabola","Diptera","Nematocera","Culicomorpha",,"Chironomidae","Orthocladiinae",,,"Eukiefferiella","sp.",,"larva",1,,17,10,170,"Y","N","early instar","condition OK","Y",,"Weiderholm, 1983; Bode, 1983; Weiderholm, 1986; Epler 2001; Ferrington et al. 2019; Andersen, Cranston and Epler 2013","Y","Rhithron Associates, Inc.","R. Spring","unique",,
"34d2b009-a70e-4555-aeb4-46aa6ed09678","D17","BIGC","BIGC.AOS.reach","2023-07-20T17:42Z","2024-10-09","BIGC.20230720.SURBER.3","A00000396538",,"EUBEDW","Y","Eubrianax edwardsii",,"species","Arthropoda","Hexapoda","Insecta","Pterygota","Neoptera","Holometabola","Coleoptera","Polyphaga","Elateriformia","Byrrhoidea","Psephenidae","Eubrianacinae",,,"Eubrianax","edwardsii",,"larva",3,,1,10,10,"N","N",,"condition OK","Y",,"Merritt et al. 2019","Y","Rhithron Associates, Inc.","S. Sullivan",,,
"73dc3a63-573a-4d3e-bd66-938515c9c288","D17","BIGC","BIGC.AOS.reach","2023-07-20T17:42Z","2024-10-08","BIGC.20230720.SURBER.2","A00000396416",,"HYDSP24","Y","Hydroptila sp.",,"genus","Arthropoda","Hexapoda","Insecta","Pterygota","Neoptera","Holometabola","Trichoptera",,,"Hydroptiloidea","Hydroptilidae","Hydroptilinae","Hydroptilini",,"Hydroptila","sp.",,"larva",1,,6,7,86,"N","N",,"condition OK","Y",,"Wiggins 1996; Merritt et al. 2019","N","Rhithron Associates, Inc.","J. Webb",,,
"91bfb9c6-bb33-4d41-b29e-ffb2bec47093","D17","BIGC","BIGC.AOS.reach","2023-07-20T17:42Z","2024-10-10","BIGC.20230720.SURBER.3","A00000396538",,"RHESP1","Y","Rheocricotopus sp.",,"genus","Arthropoda","Hexapoda","Insecta","Pterygota","Neoptera","Holometabola","Diptera","Nematocera","Culicomorpha",,"Chironomidae","Orthocladiinae",,,"Rheocricotopus","sp.",,"larva",3,,1,10,10,"N","N",,"condition OK","Y",,"Weiderholm, 1983; Weiderholm, 1986; Epler 2001; Ferrington et al. 2019; Andersen, Cranston and Epler 2013","Y","Rhithron Associates, Inc.","R. Spring",,,
"554211d7-d8c2-4c63-931d-59386b7027f7","D17","BIGC","BIGC.AOS.reach","2023-07-20T17:42Z","2024-10-09","BIGC.20230720.HESS.4","A00000396399",,"PARSP25","Y","Parakiefferiella sp.",,"genus","Arthropoda","Hexapoda","Insecta","Pterygota","Neoptera","Holometabola","Diptera","Nematocera","Culicomorpha",,"Chironomidae","Orthocladiinae",,,"Parakiefferiella","sp.",,"larva",1,,1,100,1,"N","N",,"condition OK","Y",,"Weiderholm, 1983; Weiderholm, 1986; Epler 2001; Ferrington et al. 2019; Andersen, Cranston and Epler 2013","N","Rhithron Associates, Inc.","R. Spring",,,
"70191ed7-f1d2-418c-a3ca-3205dbb15eb9","D17","BIGC","BIGC.AOS.reach","2023-07-20T17:42Z","2024-10-08","BIGC.20230720.HESS.1","A00000396398",,"LEBSP1","Y","Lebertia sp.",,"genus","Arthropoda","Chelicerata","Arachnida","Acari",,"Acariformes","Trombidiformes","Prostigmata",,"Lebertioidea","Lebertiidae",,,,"Lebertia","sp.",,"adult",1,,6,30,20,"N","N",,"condition OK","Y",,"Thorp and Rogers 2016","N","Rhithron Associates, Inc.","B. Moore",,,
"c89a2c6f-1182-4dea-b33b-e39b6753c453","D17","BIGC","BIGC.AOS.reach","2023-07-20T17:42Z","2024-10-09","BIGC.20230720.HESS.3","A00000396413",,"AMPDIS","Y","Ampumixis dispar",,"species","Arthropoda","Hexapoda","Insecta","Pterygota","Neoptera","Holometabola","Coleoptera","Polyphaga","Elateriformia","Byrrhoidea","Elmidae","Elminae","Elmini",,"Ampumixis","dispar",,"larva",3,,3,100,3,"N","N",,"condition OK","Y",,"Brown, 1972; Merritt et al. 2019","N","Rhithron Associates, Inc.","S. Sullivan",,,
"f2e13915-47c5-41fb-93b2-8dff06872300","D17","BIGC","BIGC.AOS.reach","2023-07-20T17:42Z","2024-10-09","BIGC.20230720.HESS.5","A00000396335",,"POLSP13","Y","Polypedilum sp.",,"genus","Arthropoda","Hexapoda","Insecta","Pterygota","Neoptera","Holometabola","Diptera","Nematocera","Culicomorpha",,"Chironomidae","Chironominae","Chironomini",,"Polypedilum","sp.",,"larva",1,,2,100,2,"N","N",,"condition OK","Y",,"Weiderholm, 1983; Weiderholm, 1986; Epler 2001; Ferrington et al. 2008; Andersen, Cranston and Epler 2013","N","Rhithron Associates, Inc.","R. Spring",,,
"a57dc643-b0b4-40b8-8acc-7a76e3fae47b","D17","BIGC","BIGC.AOS.reach","2023-07-20T17:42Z","2024-10-09","BIGC.20230720.HESS.4","A00000396399",,"HETCAL","Y","Heteroplectron californicum",,"species","Arthropoda","Hexapoda","Insecta","Pterygota","Neoptera","Holometabola","Trichoptera",,,"Leptoceroidea","Calamoceratidae","Calamoceratinae",,,"Heteroplectron","californicum",,"larva",3,,1,100,1,"N","N",,"condition OK","Y",,"Wiggins 1996; Merritt et al. 2019","N","Rhithron Associates, Inc.","S. Sullivan",,,
"0fa8702d-d28c-47eb-b870-161167cec774","D17","BIGC","BIGC.AOS.reach","2023-07-20T17:42Z","2024-10-09","BIGC.20230720.SURBER.1","A00000396415",,"CORSP19","Y","Corynoneura sp.",,"genus","Arthropoda","Hexapoda","Insecta","Pterygota","Neoptera","Holometabola","Diptera","Nematocera","Culicomorpha",,"Chironomidae","Orthocladiinae",,,"Corynoneura","sp.",,"larva",2,,1,70,1,"N","N",,"condition OK","Y",,"Weiderholm, 1983; Weiderholm, 1986; Epler 2001; Ferrington et al. 2019; Andersen, Cranston and Epler 2013","N","Rhithron Associates, Inc.","R. Spring",,,
"98a66bde-7396-4766-8a39-594883b2d428","D17","BIGC","BIGC.AOS.reach","2023-07-20T17:42Z","2024-10-09","BIGC.20230720.HESS.4","A00000396399",,"GOMSP","Y","Gomphidae sp.",,"family","Arthropoda","Hexapoda","Insecta","Pterygota","Palaeoptera",,"Odonata","Anisoptera",,,"Gomphidae",,,,,"sp.",,"larva",4,,1,100,1,"Y","N","early instar","condition OK","Y",,"Needham et al. 2000; Merritt et al. 2019; Tennessen 2019","N","Rhithron Associates, Inc.","S. Sullivan",,,
"30a238c6-a0bb-4259-8907-f60bdf9ddfd8","D17","BIGC","BIGC.AOS.reach","2023-07-20T17:42Z","2024-10-09","BIGC.20230720.HESS.4","A00000396399",,"CERSP10","Y","Ceratopogoninae sp.",,"subfamily","Arthropoda","Hexapoda","Insecta","Pterygota","Neoptera","Holometabola","Diptera","Nematocera","Culicomorpha",,"Ceratopogonidae","Ceratopogoninae",,,,"sp.",,"larva",3,,7,100,7,"N","N",,"condition OK","Y",,"Merritt et al. 2019","N","Rhithron Associates, Inc.","S. Sullivan",,,
"3d9e4906-cc2d-4eb8-9996-4de4a17e81cf","D17","BIGC","BIGC.AOS.reach","2023-07-20T17:42Z","2024-10-10","BIGC.20230720.SURBER.3","A00000396538",,"RHESP2","Y","Rheotanytarsus sp.",,"genus","Arthropoda","Hexapoda","Insecta","Pterygota","Neoptera","Holometabola","Diptera","Nematocera","Culicomorpha",,"Chironomidae","Chironominae","Tanytarsini",,"Rheotanytarsus","sp.",,"pupa",2,,1,10,10,"N","N",,"condition OK","N",,"Weiderholm, 1983; Weiderholm, 1986; Epler 2001; Ferrington et al. 2019; Andersen, Cranston and Epler 2013","Y","Rhithron Associates, Inc.","R. Spring",,,
"76023ffe-c1eb-4453-93e4-9e3b16bf2828","D17","BIGC","BIGC.AOS.reach","2023-07-20T17:42Z","2024-10-10","BIGC.20230720.SURBER.3","A00000396538",,"PENSP7","Y","Pentaneura sp.",,"genus","Arthropoda","Hexapoda","Insecta","Pterygota","Neoptera","Holometabola","Diptera","Nematocera","Culicomorpha",,"Chironomidae","Tanypodinae","Pentaneurini",,"Pentaneura","sp.",,"larva",2,,2,10,20,"N","N",,"condition OK","Y",,"Weiderholm, 1983; Weiderholm, 1986; Epler 2001; Ferrington et al. 2019; Andersen, Cranston and Epler 2013","Y","Rhithron Associates, Inc.","R. Spring",,,
"86bc1b3c-c81b-466b-96d7-bb01a870a583","D17","BIGC","BIGC.AOS.reach","2023-07-20T17:42Z","2024-10-09","BIGC.20230720.HESS.5","A00000396335",,"SIMSP1","Y","Simulium sp.",,"genus","Arthropoda","Hexapoda","Insecta","Pterygota","Neoptera","Holometabola","Diptera","Nematocera","Culicomorpha",,"Simuliidae","Simuliinae","Simuliini",,"Simulium","sp.",,"pupa",3,,1,100,1,"N","N",,"condition OK","N",,"Adler et al. 2004; Merritt et al. 2019","N","Rhithron Associates, Inc.","S. Sullivan",,,
"fa9cf6d6-4b24-4c3c-9d1e-34c5041f90af","D17","BIGC","BIGC.AOS.reach","2023-07-20T17:42Z","2024-10-08","BIGC.20230720.SURBER.1","A00000396415",,"CLEADD","Y","Cleptelmis addenda",,"species","Arthropoda","Hexapoda","Insecta","Pterygota","Neoptera","Holometabola","Coleoptera","Polyphaga","Elateriformia","Byrrhoidea","Elmidae","Elminae","Elmini",,"Cleptelmis","addenda",,"larva",2,,1,70,1,"N","N",,"condition OK","Y",,"Merritt et al. 2019; Shepard 1989; Brown 1983","N","Rhithron Associates, Inc.","S. Sullivan",,,
"9c91b6fb-0428-4e4e-9488-549087439884","D17","BIGC","BIGC.AOS.reach","2023-07-20T17:42Z","2024-10-09","BIGC.20230720.HESS.5","A00000396335",,"BAESP","Y","Baetidae sp.",,"family","Arthropoda","Hexapoda","Insecta","Pterygota","Palaeoptera",,"Ephemeroptera","Pisciforma",,,"Baetidae",,,,,"sp.",,"larva",1,,1,100,1,"Y","N","early instar","condition OK","Y",,"Merritt et al. 2019","N","Rhithron Associates, Inc.","S. Sullivan",,,
"26549997-9c21-4231-90d6-8074939b3a1e","D17","BIGC","BIGC.AOS.reach","2023-07-20T17:42Z","2024-10-10","BIGC.20230720.SURBER.3","A00000396538",,"CORSP19","Y","Corynoneura sp.",,"genus","Arthropoda","Hexapoda","Insecta","Pterygota","Neoptera","Holometabola","Diptera","Nematocera","Culicomorpha",,"Chironomidae","Orthocladiinae",,,"Corynoneura","sp.",,"larva",1,,7,10,70,"N","N",,"condition OK","Y",,"Weiderholm, 1983; Weiderholm, 1986; Epler 2001; Ferrington et al. 2019; Andersen, Cranston and Epler 2013","Y","Rhithron Associates, Inc.","R. Spring",,,
"902e47b0-7e40-42af-ae6e-61d23fff4615","D17","BIGC","BIGC.AOS.reach","2023-07-20T17:42Z","2024-10-08","BIGC.20230720.HESS.2","A00000396397",,"TANSP11","Y","Tanytarsus sp.",,"genus","Arthropoda","Hexapoda","Insecta","Pterygota","Neoptera","Holometabola","Diptera","Nematocera","Culicomorpha",,"Chironomidae","Chironominae","Tanytarsini",,"Tanytarsus","sp.",,"larva",1,,2,100,2,"N","N",,"condition OK","Y",,"Weiderholm, 1983; Weiderholm, 1986; Epler 2001; Ferrington et al. 2019; Andersen, Cranston and Epler 2013","N","Rhithron Associates, Inc.","R. Spring",,,
"feb92d86-4a64-4e34-8c5f-8bf9bb6bd3eb","D17","BIGC","BIGC.AOS.reach","2023-07-20T17:42Z","2024-10-09","BIGC.20230720.SURBER.2","A00000396416",,"CRISP2","Y","Cricotopus sp.",,"genus","Arthropoda","Hexapoda","Insecta","Pterygota","Neoptera","Holometabola","Diptera","Nematocera","Culicomorpha",,"Chironomidae","Orthocladiinae",,,"Cricotopus","sp.",,"larva",3,,2,7,29,"N","N",,"condition OK","Y",,"Weiderholm, 1983; Weiderholm, 1986; Epler 2001; Ferrington et al. 2019; Andersen, Cranston and Epler 2013","N","Rhithron Associates, Inc.","R. Spring",,,
"f1b94c69-84d7-4318-b4a0-5a0c72340b71","D17","BIGC","BIGC.AOS.reach","2023-07-20T17:42Z","2024-10-10","BIGC.20230720.SURBER.3","A00000396538",,"CRISP6","Y","Cricotopus/Orthocladius sp.",,"speciesGroup","Arthropoda","Hexapoda","Insecta","Pterygota","Neoptera","Holometabola","Diptera","Nematocera","Culicomorpha",,"Chironomidae","Orthocladiinae",,,"Cricotopus/Orthocladius","sp.",,"larva",1,,10,10,100,"Y","N","early instar","condition OK","N",,"Weiderholm, 1983; Weiderholm, 1986; Epler 2001; Ferrington et al. 2008; Andersen, Cranston and Epler 2013","Y","Rhithron Associates, Inc.","R. Spring",,,
"b634a851-383c-4e3b-aa1f-3b019971f562","D17","BIGC","BIGC.AOS.reach","2023-07-20T17:42Z","2024-10-08","BIGC.20230720.HESS.1","A00000396398",,"BAETRI2","Y","Baetis tricaudatus cx.",,"speciesGroup","Arthropoda","Hexapoda","Insecta","Pterygota","Palaeoptera",,"Ephemeroptera",,,,"Baetidae",,,,"Baetis","tricaudatus cx.",,"larva",1,,1,30,3,"N","N",,"condition OK","Y",,"Morihara and McCafferty 1979; Wiersema, 2004; Webb et al. 2018","N","Rhithron Associates, Inc.","B. Moore",,,
"8ee1ced0-62ab-48fb-bd41-10933c9435f7","D17","BIGC","BIGC.AOS.reach","2023-07-20T17:42Z","2024-10-09","BIGC.20230720.HESS.4","A00000396399",,"CHISP6","Y","Chironomini sp.",,"tribe","Arthropoda","Hexapoda","Insecta","Pterygota","Neoptera","Holometabola","Diptera","Nematocera","Culicomorpha",,"Chironomidae","Chironominae","Chironomini",,,"sp.",,"larva",1,,1,100,1,"Y","N","early instar","condition OK","N",,"Weiderholm, 1983; Weiderholm, 1986; Epler 2001; Ferrington et al. 2019; Andersen, Cranston and Epler 2013","N","Rhithron Associates, Inc.","R. Spring",,,
"4ab0f686-e9c7-4bbe-95fa-71fb6fe966ed","D17","BIGC","BIGC.AOS.reach","2023-07-20T17:42Z","2024-10-09","BIGC.20230720.HESS.5","A00000396335",,"HYDSP24","Y","Hydroptila sp.",,"genus","Arthropoda","Hexapoda","Insecta","Pterygota","Neoptera","Holometabola","Trichoptera",,,"Hydroptiloidea","Hydroptilidae","Hydroptilinae","Hydroptilini",,"Hydroptila","sp.",,"larva",2,,10,100,10,"N","N",,"condition OK","Y",,"Wiggins 1996; Merritt et al. 2019","N","Rhithron Associates, Inc.","S. Sullivan",,,
"61d70b7b-f1bb-4207-9071-ddabd06fbda3","D17","BIGC","BIGC.AOS.reach","2023-07-20T17:42Z","2024-10-09","BIGC.20230720.HESS.5","A00000396335",,"TANSP7","Y","Tanypodinae sp.",,"subfamily","Arthropoda","Hexapoda","Insecta","Pterygota","Neoptera","Holometabola","Diptera","Nematocera","Culicomorpha",,"Chironomidae","Tanypodinae",,,,"sp.",,"larva",1,,2,100,2,"Y","N","early instar","condition OK","N",,"Weiderholm, 1983; Weiderholm, 1986; Epler 2001; Ferrington et al. 2019; Andersen, Cranston and Epler 2013","N","Rhithron Associates, Inc.","R. Spring",,,
"27d1de54-ecb9-43d5-a876-14646cb16f4d","D17","BIGC","BIGC.AOS.reach","2023-07-20T17:42Z","2024-10-08","BIGC.20230720.HESS.3","A00000396413",,"CORSP19","Y","Corynoneura sp.",,"genus","Arthropoda","Hexapoda","Insecta","Pterygota","Neoptera","Holometabola","Diptera","Nematocera","Culicomorpha",,"Chironomidae","Orthocladiinae",,,"Corynoneura","sp.",,"larva",1,,3,100,3,"N","N",,"condition OK","Y",,"Weiderholm, 1983; Weiderholm, 1986; Epler 2001; Ferrington et al. 2019; Andersen, Cranston and Epler 2013","N","Rhithron Associates, Inc.","R. Spring",,,
"ba9916a8-6ffc-4f63-994a-740d273c5c0b","D17","BIGC","BIGC.AOS.reach","2023-07-20T17:42Z","2024-10-09","BIGC.20230720.SURBER.1","A00000396415",,"CRISP2","Y","Cricotopus sp.",,"genus","Arthropoda","Hexapoda","Insecta","Pterygota","Neoptera","Holometabola","Diptera","Nematocera","Culicomorpha",,"Chironomidae","Orthocladiinae",,,"Cricotopus","sp.",,"larva",4,,6,70,9,"N","N",,"condition OK","Y",,"Weiderholm, 1983; Weiderholm, 1986; Epler 2001; Ferrington et al. 2019; Andersen, Cranston and Epler 2013","N","Rhithron Associates, Inc.","R. Spring",,,
"95fe5f71-a78b-4e62-a4d9-9a0a254d14f9","D17","BIGC","BIGC.AOS.reach","2023-07-20T17:42Z","2024-10-09","BIGC.20230720.SURBER.3","A00000396538",,"ZAPCIN","Y","Zapada cinctipes",,"species","Arthropoda","Hexapoda","Insecta","Pterygota","Neoptera","Polyneoptera","Plecoptera","Euholognatha",,,"Nemouridae","Nemourinae",,,"Zapada","cinctipes",,"larva",2,,3,10,30,"N","N",,"condition OK","Y",,"Baumann et al. 1977; Stewart and Stark 2002; Merritt et al. 2019","Y","Rhithron Associates, Inc.","S. Sullivan",,,
"3c213b5e-5d98-474b-9204-d55b9316e979","D17","BIGC","BIGC.AOS.reach","2023-07-20T17:42Z","2024-10-09","BIGC.20230720.HESS.5","A00000396335",,"ORISP1","Y","Oribatida sp.",,"suborder","Arthropoda","Chelicerata","Arachnida","Acari",,"Acariformes","Sarcoptiformes","Oribatida",,,,,,,,"sp.",,"adult",1,,2,100,2,"N","N",,"condition OK","Y",,"Thorp and Rogers 2016","N","Rhithron Associates, Inc.","S. Sullivan",,,
"b1065367-a129-45be-adbd-33146138cdc5","D17","BIGC","BIGC.AOS.reach","2023-07-20T17:42Z","2024-10-10","BIGC.20230720.SURBER.3","A00000396538",,"TVESP","Y","Tvetenia sp.",,"genus","Arthropoda","Hexapoda","Insecta","Pterygota","Neoptera","Holometabola","Diptera","Nematocera","Culicomorpha",,"Chironomidae","Orthocladiinae",,,"Tvetenia","sp.",,"larva",1,,5,10,50,"N","N",,"condition OK","Y",,"Weiderholm, 1983; Weiderholm, 1986; Epler 2001; Ferrington et al. 2019; Andersen, Cranston and Epler 2013","Y","Rhithron Associates, Inc.","R. Spring",,,
"a5bfd045-2a48-405b-a39c-56883905ff8c","D17","BIGC","BIGC.AOS.reach","2023-07-20T17:42Z","2024-10-09","BIGC.20230720.HESS.5","A00000396335",,"PENSP7","Y","Pentaneura sp.",,"genus","Arthropoda","Hexapoda","Insecta","Pterygota","Neoptera","Holometabola","Diptera","Nematocera","Culicomorpha",,"Chironomidae","Tanypodinae","Pentaneurini",,"Pentaneura","sp.",,"larva",5,,4,100,4,"N","N",,"condition OK","Y",,"Weiderholm, 1983; Weiderholm, 1986; Epler 2001; Ferrington et al. 2019; Andersen, Cranston and Epler 2013","N","Rhithron Associates, Inc.","R. Spring",,,
"2a9ae11f-8b12-45de-8e00-0476616ec008","D17","BIGC","BIGC.AOS.reach","2023-07-20T17:42Z","2024-10-08","BIGC.20230720.HESS.1","A00000396398",,"NEMSP5","Y","Nemouridae sp.",,"family","Arthropoda","Hexapoda","Insecta","Pterygota","Neoptera","Polyneoptera","Plecoptera","Euholognatha",,,"Nemouridae",,,,,"sp.",,"larva",1,,1,30,3,"Y","N","early instar","condition OK","N",,"Baumann et al. 1977; Stewart and Stark 2002; Merritt et al. 2019","N","Rhithron Associates, Inc.","B. Moore",,,
"05052b65-247a-479d-82f3-665f9443b9fa","D17","BIGC","BIGC.AOS.reach","2023-07-20T17:42Z","2024-10-08","BIGC.20230720.SURBER.1","A00000396415",,"MICSP3","Y","Micrasema sp.",,"genus","Arthropoda","Hexapoda","Insecta","Pterygota","Neoptera","Holometabola","Trichoptera",,,"Limnephiloidea","Brachycentridae",,,,"Micrasema","sp.",,"larva",2,,2,70,3,"N","N",,"condition OK","Y",,"Wiggins 1996; Merritt et al. 2019","N","Rhithron Associates, Inc.","S. Sullivan",,,
"80a11882-2175-4834-8afd-f0867950486e","D17","BIGC","BIGC.AOS.reach","2023-07-20T17:42Z","2024-10-08","BIGC.20230720.HESS.2","A00000396397",,"BAETRI2","Y","Baetis tricaudatus cx.",,"speciesGroup","Arthropoda","Hexapoda","Insecta","Pterygota","Palaeoptera",,"Ephemeroptera",,,,"Baetidae",,,,"Baetis","tricaudatus cx.",,"larva",1,,1,100,1,"N","N",,"condition OK","Y",,"Morihara and McCafferty 1979; Wiersema, 2004; Webb et al. 2018","N","Rhithron Associates, Inc.","J. Webb",,,
"88f364df-4b7d-41df-95f4-18d06c261744","D17","BIGC","BIGC.AOS.reach","2023-07-20T17:42Z","2024-10-10","BIGC.20230720.SURBER.3","A00000396538",,"MICSP6","Y","Micropsectra sp.",,"genus","Arthropoda","Hexapoda","Insecta","Pterygota","Neoptera","Holometabola","Diptera","Nematocera","Culicomorpha",,"Chironomidae","Chironominae","Tanytarsini",,"Micropsectra","sp.",,"larva",2,,6,10,60,"N","N",,"condition OK","Y",,"Weiderholm, 1983; Weiderholm, 1986; Epler 2001; Ferrington et al. 2019; Andersen, Cranston and Epler 2013","Y","Rhithron Associates, Inc.","R. Spring",,,
"c6565f67-9448-4756-ae41-c2b361a0068c","D17","BIGC","BIGC.AOS.reach","2023-07-20T17:42Z","2024-10-09","BIGC.20230720.HESS.5","A00000396335",,"CONSP5","Y","Conchapelopia sp.",,"genus","Arthropoda","Hexapoda","Insecta","Pterygota","Neoptera","Holometabola","Diptera","Nematocera","Culicomorpha",,"Chironomidae","Tanypodinae","Pentaneurini",,"Conchapelopia","sp.",,"larva",8,,1,100,1,"N","N",,"condition OK","Y",,"Weiderholm, 1983; Weiderholm, 1986; Epler 2001; Ferrington et al. 2008; Andersen, Cranston and Epler 2013","N","Rhithron Associates, Inc.","R. Spring",,,
"95d57c5f-d3ce-4266-bc25-109d34fabfef","D17","BIGC","BIGC.AOS.reach","2023-07-20T17:42Z","2024-10-08","BIGC.20230720.HESS.1","A00000396398",,"RHESP2","Y","Rheotanytarsus sp.",,"genus","Arthropoda","Hexapoda","Insecta","Pterygota","Neoptera","Holometabola","Diptera","Nematocera","Culicomorpha",,"Chironomidae","Chironominae","Tanytarsini",,"Rheotanytarsus","sp.",,"larva",2,,6,30,20,"N","N",,"condition OK","Y",,"Weiderholm, 1983; Weiderholm, 1986; Epler 2001; Ferrington et al. 2019; Andersen, Cranston and Epler 2013","N","Rhithron Associates, Inc.","R. Spring",,,
"d60cb9cd-0ea4-48ac-8b4d-e1994ccc96f9","D17","BIGC","BIGC.AOS.reach","2023-07-20T17:42Z","2024-10-10","BIGC.20230720.HESS.5","A00000396335","BA23NEOMST28005O1","PRISP1","Y","Pristina sp.",,"genus","Annelida","Clitellata","Oligochaeta","Oligochaeta",,,"Tubificida",,,,"Naididae","Pristininae",,,"Pristina","sp.",,"unknown",2,,1,100,1,"N","N",,"condition OK","Y",,"Kathman and Brinkhurst, 1999","N","Rhithron Associates, Inc.","A. Fasbender",,,
"9a013d26-b530-47e3-a51e-52fd50943ebc","D17","BIGC","BIGC.AOS.reach","2023-07-20T17:42Z","2024-10-09","BIGC.20230720.SURBER.2","A00000396416",,"EUKCLA","Y","Eukiefferiella claripennis gr.",,"speciesGroup","Arthropoda","Hexapoda","Insecta","Pterygota","Neoptera","Holometabola","Diptera","Nematocera","Culicomorpha",,"Chironomidae","Orthocladiinae",,,"Eukiefferiella","claripennis gr.",,"larva",1,,3,7,43,"N","N",,"condition OK","Y",,"Weiderholm, 1983; Bode, 1983; Weiderholm, 1986; Epler 2001; Ferrington et al. 2019; Andersen, Cranston and Epler 2013","N","Rhithron Associates, Inc.","R. Spring",,,
"8b5ad4fd-c229-459d-99c3-3d731346876b","D17","BIGC","BIGC.AOS.reach","2023-07-20T17:42Z","2024-10-09","BIGC.20230720.HESS.3","A00000396413",,"LECSTR","Y","Leconectes striatellus",,"species","Arthropoda","Hexapoda","Insecta","Pterygota","Neoptera","Holometabola","Coleoptera",,,,"Dytiscidae","Hydroporinae",,,"Leconectes","striatellus",,"adult",4,,1,100,1,"N","N",,"condition OK","Y",,"Fery and Ribera, 2018","N","Rhithron Associates, Inc.","S. Sullivan",,,
"1f06b35d-4ce4-4bb7-8c6c-23ce7cab0256","D17","BIGC","BIGC.AOS.reach","2023-07-20T17:42Z","2024-10-08","BIGC.20230720.HESS.3","A00000396413",,"POLSP13","Y","Polypedilum sp.",,"genus","Arthropoda","Hexapoda","Insecta","Pterygota","Neoptera","Holometabola","Diptera","Nematocera","Culicomorpha",,"Chironomidae","Chironominae","Chironomini",,"Polypedilum","sp.",,"larva",1,,4,100,4,"N","N",,"condition OK","Y",,"Weiderholm, 1983; Weiderholm, 1986; Epler 2001; Ferrington et al. 2008; Andersen, Cranston and Epler 2013","N","Rhithron Associates, Inc.","R. Spring",,,
"b958a563-cdcf-4083-bdd7-bed67c9fa07f","D17","BIGC","BIGC.AOS.reach","2023-07-20T17:42Z","2024-10-08","BIGC.20230720.HESS.1","A00000396398",,"ORISP1","Y","Oribatida sp.",,"suborder","Arthropoda","Chelicerata","Arachnida","Acari",,"Acariformes","Sarcoptiformes","Oribatida",,,,,,,,"sp.",,"adult",1,,7,30,23,"N","N",,"condition OK","Y",,"Thorp and Rogers 2016","N","Rhithron Associates, Inc.","B. Moore",,,
"1f0dc1c1-b858-475a-a8f1-e54bc4f7132a","D17","BIGC","BIGC.AOS.reach","2023-07-20T17:42Z","2024-10-08","BIGC.20230720.SURBER.1","A00000396415",,"HEMSP4","Y","Hemerodromia sp.",,"genus","Arthropoda","Hexapoda","Insecta","Pterygota","Neoptera","Holometabola","Diptera","Brachycera","Muscomorpha",,"Empididae","Hemerodromiinae","Hemerodromiini",,"Hemerodromia","sp.",,"larva",2,,5,70,7,"N","N",,"condition OK","Y",,"Merritt et al. 2019","N","Rhithron Associates, Inc.","S. Sullivan",,,
"97fb4a64-6376-4483-91ca-88170fff9ea5","D17","BIGC","BIGC.AOS.reach","2023-07-20T17:42Z","2024-10-08","BIGC.20230720.HESS.1","A00000396398",,"STESP10","Y","Stempellinella sp.",,"genus","Arthropoda","Hexapoda","Insecta","Pterygota","Neoptera","Holometabola","Diptera","Nematocera","Culicomorpha",,"Chironomidae","Chironominae","Tanytarsini",,"Stempellinella","sp.",,"larva",1,,2,30,7,"N","N",,"condition OK","Y",,"Weiderholm, 1983; Weiderholm, 1986; Epler 2001; Ferrington et al. 2019; Andersen, Cranston and Epler 2013","N","Rhithron Associates, Inc.","R. Spring",,,
"f94c0bff-f97d-485f-9061-d86cfdaba9c0","D17","BIGC","BIGC.AOS.reach","2023-07-20T17:42Z","2024-10-09","BIGC.20230720.SURBER.1","A00000396415",,"CRISP6","Y","Cricotopus/Orthocladius sp.",,"speciesGroup","Arthropoda","Hexapoda","Insecta","Pterygota","Neoptera","Holometabola","Diptera","Nematocera","Culicomorpha",,"Chironomidae","Orthocladiinae",,,"Cricotopus/Orthocladius","sp.",,"larva",3,,3,70,4,"Y","N","early instar","condition OK","N",,"Weiderholm, 1983; Weiderholm, 1986; Epler 2001; Ferrington et al. 2008; Andersen, Cranston and Epler 2013","N","Rhithron Associates, Inc.","R. Spring",,,
"e6446af1-f71c-4365-bf1c-d5ea78667ab5","D17","BIGC","BIGC.AOS.reach","2023-07-20T17:42Z","2024-10-08","BIGC.20230720.HESS.1","A00000396398",,"CHISP6","Y","Chironomini sp.",,"tribe","Arthropoda","Hexapoda","Insecta","Pterygota","Neoptera","Holometabola","Diptera","Nematocera","Culicomorpha",,"Chironomidae","Chironominae","Chironomini",,,"sp.",,"larva",1,,1,30,3,"Y","N","early instar","condition OK","N",,"Weiderholm, 1983; Weiderholm, 1986; Epler 2001; Ferrington et al. 2019; Andersen, Cranston and Epler 2013","N","Rhithron Associates, Inc.","R. Spring",,,
"3030a7f0-0ee1-4dba-a335-39b13f6ef9f4","D17","BIGC","BIGC.AOS.reach","2023-07-20T17:42Z","2024-10-09","BIGC.20230720.HESS.3","A00000396413",,"CERSP2","Y","Ceratopogonidae sp.",,"family","Arthropoda","Hexapoda","Insecta","Pterygota","Neoptera","Holometabola","Diptera","Nematocera","Culicomorpha",,"Ceratopogonidae",,,,,"sp.",,"pupa",2,,1,100,1,"N","N",,"condition OK","N",,"Merritt et al. 2019","N","Rhithron Associates, Inc.","S. Sullivan","Dasyhelea",,
"93714816-5596-45ce-81a9-7be6335b1d86","D17","BIGC","BIGC.AOS.reach","2023-07-20T17:42Z","2024-10-08","BIGC.20230720.HESS.1","A00000396398",,"RHESP2","Y","Rheotanytarsus sp.",,"genus","Arthropoda","Hexapoda","Insecta","Pterygota","Neoptera","Holometabola","Diptera","Nematocera","Culicomorpha",,"Chironomidae","Chironominae","Tanytarsini",,"Rheotanytarsus","sp.",,"larva",1,,2,30,7,"N","N",,"condition OK","Y",,"Weiderholm, 1983; Weiderholm, 1986; Epler 2001; Ferrington et al. 2019; Andersen, Cranston and Epler 2013","N","Rhithron Associates, Inc.","R. Spring",,,
"e2c1ca06-4701-4426-8538-cbc12c2c1f34","D17","BIGC","BIGC.AOS.reach","2023-07-20T17:42Z","2024-10-08","BIGC.20230720.HESS.3","A00000396413",,"PHASP9","Y","Phaenopsectra sp.",,"genus","Arthropoda","Hexapoda","Insecta","Pterygota","Neoptera","Holometabola","Diptera","Nematocera","Culicomorpha",,"Chironomidae","Chironominae","Chironomini",,"Phaenopsectra","sp.",,"larva",2,,2,100,2,"N","N",,"condition OK","Y",,"Weiderholm, 1983; Weiderholm, 1986; Epler 2001; Ferrington et al. 2019; Andersen, Cranston and Epler 2013","N","Rhithron Associates, Inc.","R. Spring",,,
"9f371afa-10b2-4c33-98b4-8fb7b7482b97","D17","BIGC","BIGC.AOS.reach","2023-07-20T17:42Z","2024-10-08","BIGC.20230720.HESS.3","A00000396413",,"PARSP31","Y","Paracladopelma sp.",,"genus","Arthropoda","Hexapoda","Insecta","Pterygota","Neoptera","Holometabola","Diptera","Nematocera","Culicomorpha",,"Chironomidae","Chironominae","Chironomini",,"Paracladopelma","sp.",,"larva",2,,3,100,3,"N","N",,"condition OK","Y",,"Weiderholm, 1983; Weiderholm, 1986; Epler 2001; Ferrington et al. 2019; Andersen, Cranston and Epler 2013","N","Rhithron Associates, Inc.","R. Spring",,,
"7d658c1c-5a09-4801-a0d5-d7e47027aae1","D17","BIGC","BIGC.AOS.reach","2023-07-20T17:42Z","2024-10-10","BIGC.20230720.HESS.1","A00000396398","BA23NEOMST28001O1","NAICOM","Y","Nais communis/variabilis",,"speciesGroup","Annelida","Clitellata","Oligochaeta","Oligochaeta",,,"Tubificida",,,,"Naididae","Naidinae",,,"Nais","communis/variabilis",,"immature",2,,1,30,3,"Y","N",,"condition OK","Y",,"Kathman and Brinkhurst, 1999","N","Rhithron Associates, Inc.","A. Fasbender",,,
"2ddd5ff2-ffb3-4093-a95f-5c620741ff76","D17","BIGC","BIGC.AOS.reach","2023-07-20T17:42Z","2024-10-08","BIGC.20230720.HESS.3","A00000396413",,"TANSP11","Y","Tanytarsus sp.",,"genus","Arthropoda","Hexapoda","Insecta","Pterygota","Neoptera","Holometabola","Diptera","Nematocera","Culicomorpha",,"Chironomidae","Chironominae","Tanytarsini",,"Tanytarsus","sp.",,"larva",1,,27,100,27,"N","N",,"condition OK","Y",,"Weiderholm, 1983; Weiderholm, 1986; Epler 2001; Ferrington et al. 2019; Andersen, Cranston and Epler 2013","N","Rhithron Associates, Inc.","R. Spring",,,
"79800cda-36ee-428d-9082-d06fc3433c3c","D17","BIGC","BIGC.AOS.reach","2023-07-20T17:42Z","2024-10-10","BIGC.20230720.SURBER.3","A00000396538",,"RHESP2","Y","Rheotanytarsus sp.",,"genus","Arthropoda","Hexapoda","Insecta","Pterygota","Neoptera","Holometabola","Diptera","Nematocera","Culicomorpha",,"Chironomidae","Chironominae","Tanytarsini",,"Rheotanytarsus","sp.",,"larva",2,,34,10,340,"N","N",,"condition OK","Y",,"Weiderholm, 1983; Weiderholm, 1986; Epler 2001; Ferrington et al. 2019; Andersen, Cranston and Epler 2013","Y","Rhithron Associates, Inc.","R. Spring",,,
"1afb5c6b-ae27-4476-a7f6-eacafe7032f8","D17","BIGC","BIGC.AOS.reach","2023-07-20T17:42Z","2024-10-09","BIGC.20230720.HESS.5","A00000396335",,"POLSP13","Y","Polypedilum sp.",,"genus","Arthropoda","Hexapoda","Insecta","Pterygota","Neoptera","Holometabola","Diptera","Nematocera","Culicomorpha",,"Chironomidae","Chironominae","Chironomini",,"Polypedilum","sp.",,"larva",3,,1,100,1,"N","N",,"condition OK","Y",,"Weiderholm, 1983; Weiderholm, 1986; Epler 2001; Ferrington et al. 2008; Andersen, Cranston and Epler 2013","N","Rhithron Associates, Inc.","R. Spring",,,
"757c471f-4235-49c4-819f-533bea07cb2d","D17","BIGC","BIGC.AOS.reach","2023-07-20T17:42Z","2024-10-08","BIGC.20230720.SURBER.2","A00000396416",,"SIMSP1","Y","Simulium sp.",,"genus","Arthropoda","Hexapoda","Insecta","Pterygota","Neoptera","Holometabola","Diptera","Nematocera","Culicomorpha",,"Simuliidae","Simuliinae","Simuliini",,"Simulium","sp.",,"larva",4,,8,7,114,"N","N",,"condition OK","Y",,"Adler et al. 2004; Merritt et al. 2019","N","Rhithron Associates, Inc.","J. Webb",,,
"913cdbab-91e2-4b04-b990-bf21291e9153","D17","BIGC","BIGC.AOS.reach","2023-07-20T17:42Z","2024-10-09","BIGC.20230720.SURBER.3","A00000396538",,"LEPSP20","Y","Lepidostoma sp.",,"genus","Arthropoda","Hexapoda","Insecta","Pterygota","Neoptera","Holometabola","Trichoptera",,,"Limnephiloidea","Lepidostomatidae","Lepidostomatinae",,,"Lepidostoma","sp.",,"larva",2,,6,10,60,"N","N",,"condition OK","Y",,"Wiggins 1996; Merritt et al. 2019","Y","Rhithron Associates, Inc.","S. Sullivan",,,
"4337dbd0-7ecb-49cc-8690-957a1f8b7964","D17","BIGC","BIGC.AOS.reach","2023-07-20T17:42Z","2024-10-08","BIGC.20230720.HESS.1","A00000396398",,"BAETRI2","Y","Baetis tricaudatus cx.",,"speciesGroup","Arthropoda","Hexapoda","Insecta","Pterygota","Palaeoptera",,"Ephemeroptera",,,,"Baetidae",,,,"Baetis","tricaudatus cx.",,"larva",4,,1,30,3,"N","N",,"condition OK","Y",,"Morihara and McCafferty 1979; Wiersema, 2004; Webb et al. 2018","N","Rhithron Associates, Inc.","B. Moore",,,
"f17a0157-a23f-4347-9a17-fa1553eb7c33","D17","BIGC","BIGC.AOS.reach","2023-07-20T17:42Z","2024-10-09","BIGC.20230720.SURBER.3","A00000396538",,"HYDSP5","Y","Hydroptilidae sp.",,"family","Arthropoda","Hexapoda","Insecta","Pterygota","Neoptera","Holometabola","Trichoptera",,,"Hydroptiloidea","Hydroptilidae",,,,,"sp.",,"larva",1,,16,10,160,"Y","N","early instar","condition OK","N",,"Wiggins 1996; Merritt et al. 2019","Y","Rhithron Associates, Inc.","S. Sullivan",,,
"af2d4859-7fea-46be-991b-8b3fe29a7b3f","D17","BIGC","BIGC.AOS.reach","2023-07-20T17:42Z","2024-10-08","BIGC.20230720.HESS.1","A00000396398",,"CRISP6","Y","Cricotopus/Orthocladius sp.",,"speciesGroup","Arthropoda","Hexapoda","Insecta","Pterygota","Neoptera","Holometabola","Diptera","Nematocera","Culicomorpha",,"Chironomidae","Orthocladiinae",,,"Cricotopus/Orthocladius","sp.",,"larva",1,,6,30,20,"Y","N","early instar","condition OK","N",,"Weiderholm, 1983; Weiderholm, 1986; Epler 2001; Ferrington et al. 2008; Andersen, Cranston and Epler 2013","N","Rhithron Associates, Inc.","R. Spring",,,
"45c4871a-e8f2-40bb-a9c9-01db1e184ae5","D17","BIGC","BIGC.AOS.reach","2023-07-20T17:42Z","2024-10-08","BIGC.20230720.HESS.1","A00000396398",,"MALSP4","Y","Malenka sp.",,"genus","Arthropoda","Hexapoda","Insecta","Pterygota","Neoptera","Polyneoptera","Plecoptera","Euholognatha",,,"Nemouridae","Amphinemurinae",,,"Malenka","sp.",,"larva",3,,1,30,3,"N","N",,"condition OK","Y",,"Stewart and Stark 2002; Merritt et al. 2019","N","Rhithron Associates, Inc.","B. Moore",,,
"338ffb48-ea3d-43d4-a3a3-5ac61ccae32e","D17","BIGC","BIGC.AOS.reach","2023-07-20T17:42Z","2024-10-09","BIGC.20230720.SURBER.2","A00000396416",,"STESP10","Y","Stempellinella sp.",,"genus","Arthropoda","Hexapoda","Insecta","Pterygota","Neoptera","Holometabola","Diptera","Nematocera","Culicomorpha",,"Chironomidae","Chironominae","Tanytarsini",,"Stempellinella","sp.",,"pupa",2,,1,7,14,"N","N",,"condition OK","Y",,"Weiderholm, 1983; Weiderholm, 1986; Epler 2001; Ferrington et al. 2019; Andersen, Cranston and Epler 2013","N","Rhithron Associates, Inc.","R. Spring",,,
"f9d12d70-7326-4be6-b5f0-4bbdce9ea704","D17","BIGC","BIGC.AOS.reach","2023-07-20T17:42Z","2024-10-08","BIGC.20230720.HESS.1","A00000396398",,"BAETRI2","Y","Baetis tricaudatus cx.",,"speciesGroup","Arthropoda","Hexapoda","Insecta","Pterygota","Palaeoptera",,"Ephemeroptera",,,,"Baetidae",,,,"Baetis","tricaudatus cx.",,"larva",2,,1,30,3,"N","N",,"condition OK","Y",,"Morihara and McCafferty 1979; Wiersema, 2004; Webb et al. 2018","N","Rhithron Associates, Inc.","B. Moore",,,
"adc37be8-0cfc-41d3-8e6d-5052114d83c9","D17","BIGC","BIGC.AOS.reach","2023-07-20T17:42Z","2024-10-08","BIGC.20230720.HESS.3","A00000396413",,"POLSP13","Y","Polypedilum sp.",,"genus","Arthropoda","Hexapoda","Insecta","Pterygota","Neoptera","Holometabola","Diptera","Nematocera","Culicomorpha",,"Chironomidae","Chironominae","Chironomini",,"Polypedilum","sp.",,"larva",2,,1,100,1,"N","N",,"condition OK","Y",,"Weiderholm, 1983; Weiderholm, 1986; Epler 2001; Ferrington et al. 2008; Andersen, Cranston and Epler 2013","N","Rhithron Associates, Inc.","R. Spring",,,
"5b3e9f1d-b795-4173-b4a1-f80ff888e4c2","D17","BIGC","BIGC.AOS.reach","2023-07-20T17:42Z","2024-10-09","BIGC.20230720.HESS.5","A00000396335",,"OSTSP","Y","Ostracoda sp.",,"class","Arthropoda","Crustacea","Ostracoda",,,,,,,,,,,,,"sp.",,"unknown",1,,5,100,5,"N","N",,"condition OK","Y",,"Thorp and Rogers 2016","N","Rhithron Associates, Inc.","S. Sullivan",,,
"f2dcbf7d-7d79-4da2-851f-3d57c42c21fc","D17","BIGC","BIGC.AOS.reach","2023-07-20T17:42Z","2024-10-09","BIGC.20230720.HESS.5","A00000396335",,"PARSP31","Y","Paracladopelma sp.",,"genus","Arthropoda","Hexapoda","Insecta","Pterygota","Neoptera","Holometabola","Diptera","Nematocera","Culicomorpha",,"Chironomidae","Chironominae","Chironomini",,"Paracladopelma","sp.",,"larva",1,,7,100,7,"N","N",,"condition OK","Y",,"Weiderholm, 1983; Weiderholm, 1986; Epler 2001; Ferrington et al. 2019; Andersen, Cranston and Epler 2013","N","Rhithron Associates, Inc.","R. Spring",,,
"baaaba44-adda-4d75-9148-eefa2246a6aa","D17","BIGC","BIGC.AOS.reach","2023-07-20T17:42Z","2024-10-09","BIGC.20230720.HESS.5","A00000396335",,"TRISP22","Y","Trichoclinocera sp.",,"genus","Arthropoda","Hexapoda","Insecta","Pterygota","Neoptera","Holometabola","Diptera","Brachycera","Muscomorpha",,"Empididae","Clinocerinae",,,"Trichoclinocera","sp.",,"larva",2,,4,100,4,"N","N",,"condition OK","Y",,"Merritt et al. 2019","N","Rhithron Associates, Inc.","S. Sullivan",,,
"15304a03-61cd-4803-b93d-16fa47256452","D17","BIGC","BIGC.AOS.reach","2023-07-20T17:42Z","2024-10-08","BIGC.20230720.SURBER.1","A00000396415",,"AGASP4","Y","Agapetus sp.",,"genus","Arthropoda","Hexapoda","Insecta","Pterygota","Neoptera","Holometabola","Trichoptera",,,"Glossosomatoidea","Glossosomatidae","Agapetinae",,,"Agapetus","sp.",,"larva",2,,1,70,1,"N","N",,"condition OK","Y",,"Wiggins 1996","N","Rhithron Associates, Inc.","S. Sullivan",,,
"72af1eae-49c9-48d1-89a9-cb9634191fd1","D17","BIGC","BIGC.AOS.reach","2023-07-20T17:42Z","2024-10-09","BIGC.20230720.HESS.4","A00000396399",,"CORSP19","Y","Corynoneura sp.",,"genus","Arthropoda","Hexapoda","Insecta","Pterygota","Neoptera","Holometabola","Diptera","Nematocera","Culicomorpha",,"Chironomidae","Orthocladiinae",,,"Corynoneura","sp.",,"pupa",1,,1,100,1,"N","N",,"condition OK","N",,"Weiderholm, 1983; Weiderholm, 1986; Epler 2001; Ferrington et al. 2019; Andersen, Cranston and Epler 2013","N","Rhithron Associates, Inc.","R. Spring",,,
"5f7d2998-e168-439b-aacb-28127ad20a09","D17","BIGC","BIGC.AOS.reach","2023-07-20T17:42Z","2024-10-09","BIGC.20230720.HESS.4","A00000396399",,"PENSP7","Y","Pentaneura sp.",,"genus","Arthropoda","Hexapoda","Insecta","Pterygota","Neoptera","Holometabola","Diptera","Nematocera","Culicomorpha",,"Chironomidae","Tanypodinae","Pentaneurini",,"Pentaneura","sp.",,"larva",3,,7,100,7,"N","N",,"condition OK","Y",,"Weiderholm, 1983; Weiderholm, 1986; Epler 2001; Ferrington et al. 2019; Andersen, Cranston and Epler 2013","N","Rhithron Associates, Inc.","R. Spring",,,
"b6421cfc-741d-46dd-88dd-c4f548856d12","D17","BIGC","BIGC.AOS.reach","2023-07-20T17:42Z","2024-10-09","BIGC.20230720.HESS.4","A00000396399",,"MICSP6","Y","Micropsectra sp.",,"genus","Arthropoda","Hexapoda","Insecta","Pterygota","Neoptera","Holometabola","Diptera","Nematocera","Culicomorpha",,"Chironomidae","Chironominae","Tanytarsini",,"Micropsectra","sp.",,"larva",4,,1,100,1,"N","N",,"condition OK","Y",,"Weiderholm, 1983; Weiderholm, 1986; Epler 2001; Ferrington et al. 2019; Andersen, Cranston and Epler 2013","N","Rhithron Associates, Inc.","R. Spring",,,
"5c450343-cf0e-43a3-9dab-c121e6308601","D17","BIGC","BIGC.AOS.reach","2023-07-20T17:42Z","2024-10-09","BIGC.20230720.SURBER.3","A00000396538",,"DICSP6","Y","Dicranota sp.",,"genus","Arthropoda","Hexapoda","Insecta","Pterygota","Neoptera","Holometabola","Diptera","Nematocera","Tipulomorpha",,"Tipulidae","Limoniinae","Pediciini",,"Dicranota","sp.",,"larva",5,,1,10,10,"N","N",,"condition OK","Y",,"Gelhaus and Podeniene 2018; Merritt et al. 2019","Y","Rhithron Associates, Inc.","S. Sullivan",,,
"e250663d-e058-4990-89a7-461df3a91a16","D17","BIGC","BIGC.AOS.reach","2023-07-20T17:42Z","2024-10-09","BIGC.20230720.HESS.4","A00000396399",,"PENSP7","Y","Pentaneura sp.",,"genus","Arthropoda","Hexapoda","Insecta","Pterygota","Neoptera","Holometabola","Diptera","Nematocera","Culicomorpha",,"Chironomidae","Tanypodinae","Pentaneurini",,"Pentaneura","sp.",,"larva",2,,3,100,3,"N","N",,"condition OK","Y",,"Weiderholm, 1983; Weiderholm, 1986; Epler 2001; Ferrington et al. 2019; Andersen, Cranston and Epler 2013","N","Rhithron Associates, Inc.","R. Spring",,,
"daa6de65-ce71-4f75-8f30-93387050cc0c","D17","BIGC","BIGC.AOS.reach","2023-07-20T17:42Z","2024-10-08","BIGC.20230720.HESS.1","A00000396398",,"AMIASP","Y","Amiocentrus aspilus",,"species","Arthropoda","Hexapoda","Insecta","Pterygota","Neoptera","Holometabola","Trichoptera",,,"Limnephiloidea","Brachycentridae",,,,"Amiocentrus","aspilus",,"larva",1,,15,30,50,"N","N",,"condition OK","Y",,"Wiggins 1996; Merritt et al. 2019","N","Rhithron Associates, Inc.","B. Moore",,,
"1ead56e7-c994-40e8-bf0f-c97c27821068","D17","BIGC","BIGC.AOS.reach","2023-07-20T17:42Z","2024-10-08","BIGC.20230720.SURBER.2","A00000396416",,"BAETRI2","Y","Baetis tricaudatus cx.",,"speciesGroup","Arthropoda","Hexapoda","Insecta","Pterygota","Palaeoptera",,"Ephemeroptera",,,,"Baetidae",,,,"Baetis","tricaudatus cx.",,"larva",4,,7,7,100,"N","N",,"condition OK","Y",,"Morihara and McCafferty 1979; Wiersema, 2004; Webb et al. 2018","N","Rhithron Associates, Inc.","J. Webb",,,
"ba374185-4fc4-4b5d-9ffd-6140a5b55826","D17","BIGC","BIGC.AOS.reach","2023-07-20T17:42Z","2024-10-09","BIGC.20230720.HESS.4","A00000396399",,"TVESP","Y","Tvetenia sp.",,"genus","Arthropoda","Hexapoda","Insecta","Pterygota","Neoptera","Holometabola","Diptera","Nematocera","Culicomorpha",,"Chironomidae","Orthocladiinae",,,"Tvetenia","sp.",,"larva",3,,1,100,1,"N","N",,"condition OK","Y",,"Weiderholm, 1983; Weiderholm, 1986; Epler 2001; Ferrington et al. 2019; Andersen, Cranston and Epler 2013","N","Rhithron Associates, Inc.","R. Spring",,,
"f063fb42-9f03-40d7-908c-26279df2724c","D17","BIGC","BIGC.AOS.reach","2023-07-20T17:42Z","2024-10-08","BIGC.20230720.SURBER.1","A00000396415",,"ANTMON","Y","Antocha monticola",,"species","Arthropoda","Hexapoda","Insecta","Pterygota","Neoptera","Holometabola","Diptera","Nematocera","Tipulomorpha",,"Tipulidae","Limoniinae","Limoniini",,"Antocha","monticola",,"larva",2,,2,70,3,"N","N",,"condition OK","Y",,"Gelhaus and Podeniene 2018; Merritt et al. 2019","N","Rhithron Associates, Inc.","S. Sullivan",,,
"5458925a-ff10-49a7-9880-ac6b58ca038d","D17","BIGC","BIGC.AOS.reach","2023-07-20T17:42Z","2024-10-09","BIGC.20230720.SURBER.1","A00000396415",,"EUKSP","Y","Eukiefferiella sp.",,"genus","Arthropoda","Hexapoda","Insecta","Pterygota","Neoptera","Holometabola","Diptera","Nematocera","Culicomorpha",,"Chironomidae","Orthocladiinae",,,"Eukiefferiella","sp.",,"larva",1,,14,70,20,"Y","N","early instar","condition OK","Y",,"Weiderholm, 1983; Bode, 1983; Weiderholm, 1986; Epler 2001; Ferrington et al. 2019; Andersen, Cranston and Epler 2013","N","Rhithron Associates, Inc.","R. Spring",,,
"628e3981-9d1b-4bfe-bc22-e7f18ee3cb51","D17","BIGC","BIGC.AOS.reach","2023-07-20T17:42Z","2024-10-08","BIGC.20230720.SURBER.1","A00000396415",,"AMPDIS","Y","Ampumixis dispar",,"species","Arthropoda","Hexapoda","Insecta","Pterygota","Neoptera","Holometabola","Coleoptera","Polyphaga","Elateriformia","Byrrhoidea","Elmidae","Elminae","Elmini",,"Ampumixis","dispar",,"larva",4,,2,70,3,"N","N",,"condition OK","Y",,"Brown, 1972; Merritt et al. 2019","N","Rhithron Associates, Inc.","S. Sullivan",,,
"8c781e6b-a4e3-4b39-9f3c-e9882cd367e7","D17","BIGC","BIGC.AOS.reach","2023-07-20T17:42Z","2024-10-09","BIGC.20230720.SURBER.1","A00000396415",,"PARSP26","Y","Parametriocnemus sp.",,"genus","Arthropoda","Hexapoda","Insecta","Pterygota","Neoptera","Holometabola","Diptera","Nematocera","Culicomorpha",,"Chironomidae","Orthocladiinae",,,"Parametriocnemus","sp.",,"larva",1,,3,70,4,"N","N",,"condition OK","Y",,"Weiderholm, 1983; Weiderholm, 1986; Epler 2001; Ferrington et al. 2019; Andersen, Cranston and Epler 2013","N","Rhithron Associates, Inc.","R. Spring",,,
"a16f0428-0b56-4373-aba6-cb16af62baef","D17","BIGC","BIGC.AOS.reach","2023-07-20T17:42Z","2024-10-08","BIGC.20230720.HESS.1","A00000396398",,"MICSP5","Y","Microtendipes sp.",,"genus","Arthropoda","Hexapoda","Insecta","Pterygota","Neoptera","Holometabola","Diptera","Nematocera","Culicomorpha",,"Chironomidae","Chironominae","Chironomini",,"Microtendipes","sp.",,"larva",3,,1,30,3,"N","N",,"condition OK","Y",,"Weiderholm, 1983; Weiderholm, 1986; Epler 2001; Ferrington et al. 2019; Andersen, Cranston and Epler 2013","N","Rhithron Associates, Inc.","R. Spring",,,
"a2750906-03b9-48ae-9471-9c92a3c63bbd","D17","BIGC","BIGC.AOS.reach","2023-07-20T17:42Z","2024-10-09","BIGC.20230720.HESS.3","A00000396413",,"CERSP10","Y","Ceratopogoninae sp.",,"subfamily","Arthropoda","Hexapoda","Insecta","Pterygota","Neoptera","Holometabola","Diptera","Nematocera","Culicomorpha",,"Ceratopogonidae","Ceratopogoninae",,,,"sp.",,"larva",3,,8,100,8,"N","N",,"condition OK","Y",,"Merritt et al. 2019","N","Rhithron Associates, Inc.","S. Sullivan",,,
"ee4d580c-17d5-4e81-a003-78369275fff9","D17","BIGC","BIGC.AOS.reach","2023-07-20T17:42Z","2024-10-08","BIGC.20230720.HESS.1","A00000396398",,"TVESP","Y","Tvetenia sp.",,"genus","Arthropoda","Hexapoda","Insecta","Pterygota","Neoptera","Holometabola","Diptera","Nematocera","Culicomorpha",,"Chironomidae","Orthocladiinae",,,"Tvetenia","sp.",,"larva",1,,6,30,20,"N","N",,"condition OK","Y",,"Weiderholm, 1983; Weiderholm, 1986; Epler 2001; Ferrington et al. 2019; Andersen, Cranston and Epler 2013","N","Rhithron Associates, Inc.","R. Spring",,,
"fb73af91-0675-4f86-a9e9-08e22fbb6909","D17","BIGC","BIGC.AOS.reach","2023-07-20T17:42Z","2024-10-09","BIGC.20230720.HESS.3","A00000396413",,"NEMSP","Y","Nematoda sp.",,"phylum","Nematoda",,,,,,,,,,,,,,,"sp.",,"unknown",2,,19,100,19,"N","N",,"condition OK","Y",,"Thorp and Rogers 2016","N","Rhithron Associates, Inc.","S. Sullivan",,,
"ef1688a8-2cea-4ac3-98bd-2221c346551f","D17","BIGC","BIGC.AOS.reach","2023-07-20T17:42Z","2024-10-09","BIGC.20230720.HESS.5","A00000396335",,"STESP10","Y","Stempellinella sp.",,"genus","Arthropoda","Hexapoda","Insecta","Pterygota","Neoptera","Holometabola","Diptera","Nematocera","Culicomorpha",,"Chironomidae","Chironominae","Tanytarsini",,"Stempellinella","sp.",,"larva",2,,4,100,4,"N","N",,"condition OK","Y",,"Weiderholm, 1983; Weiderholm, 1986; Epler 2001; Ferrington et al. 2019; Andersen, Cranston and Epler 2013","N","Rhithron Associates, Inc.","R. Spring",,,
"2f889c6a-aa44-4f7c-9db1-1574dda1a3e4","D17","BIGC","BIGC.AOS.reach","2023-07-20T17:42Z","2024-10-09","BIGC.20230720.SURBER.2","A00000396416",,"CRISP2","Y","Cricotopus sp.",,"genus","Arthropoda","Hexapoda","Insecta","Pterygota","Neoptera","Holometabola","Diptera","Nematocera","Culicomorpha",,"Chironomidae","Orthocladiinae",,,"Cricotopus","sp.",,"larva",2,,11,7,157,"N","N",,"condition OK","Y",,"Weiderholm, 1983; Weiderholm, 1986; Epler 2001; Ferrington et al. 2019; Andersen, Cranston and Epler 2013","N","Rhithron Associates, Inc.","R. Spring",,,
"8191f811-8dd1-4524-a8ee-4743cbdee54c","D17","BIGC","BIGC.AOS.reach","2023-07-20T17:42Z","2024-10-08","BIGC.20230720.HESS.1","A00000396398",,"HYDSP24","Y","Hydroptila sp.",,"genus","Arthropoda","Hexapoda","Insecta","Pterygota","Neoptera","Holometabola","Trichoptera",,,"Hydroptiloidea","Hydroptilidae","Hydroptilinae","Hydroptilini",,"Hydroptila","sp.",,"larva",2,,5,30,17,"N","N",,"condition OK","Y",,"Wiggins 1996; Merritt et al. 2019","N","Rhithron Associates, Inc.","B. Moore",,,
"2588166f-b2bd-4497-81ee-745535c93957","D17","BIGC","BIGC.AOS.reach","2023-07-20T17:42Z","2024-10-09","BIGC.20230720.SURBER.3","A00000396538",,"SIMSP1","Y","Simulium sp.",,"genus","Arthropoda","Hexapoda","Insecta","Pterygota","Neoptera","Holometabola","Diptera","Nematocera","Culicomorpha",,"Simuliidae","Simuliinae","Simuliini",,"Simulium","sp.",,"larva",3,,24,10,240,"N","N",,"condition OK","Y",,"Adler et al. 2004; Merritt et al. 2019","Y","Rhithron Associates, Inc.","S. Sullivan",,,
"23244310-60f8-49a5-929b-dfbcd99664d4","D17","BIGC","BIGC.AOS.reach","2023-07-20T17:42Z","2024-10-08","BIGC.20230720.HESS.1","A00000396398",,"GERSP","Y","Gerridae sp.",,"family","Arthropoda","Hexapoda","Insecta","Pterygota","Neoptera","Paraneoptera","Hemiptera","Heteroptera","Gerromorpha","Gerroidea","Gerridae",,,,,"sp.",,"larva",1,,1,30,3,"N","N",,"condition OK","Y",,"Merritt et al. 2019","N","Rhithron Associates, Inc.","B. Moore",,,
"1008eb12-c527-4b35-b518-c4fcfc3b588d","D17","BIGC","BIGC.AOS.reach","2023-07-20T17:42Z","2024-10-09","BIGC.20230720.HESS.4","A00000396399",,"PARSP25","Y","Parakiefferiella sp.",,"genus","Arthropoda","Hexapoda","Insecta","Pterygota","Neoptera","Holometabola","Diptera","Nematocera","Culicomorpha",,"Chironomidae","Orthocladiinae",,,"Parakiefferiella","sp.",,"larva",3,,1,100,1,"N","N",,"condition OK","Y",,"Weiderholm, 1983; Weiderholm, 1986; Epler 2001; Ferrington et al. 2019; Andersen, Cranston and Epler 2013","N","Rhithron Associates, Inc.","R. Spring",,,
"11b60ff8-4d98-4600-9c31-d5f38262b205","D17","BIGC","BIGC.AOS.reach","2023-07-20T17:42Z","2024-10-09","BIGC.20230720.SURBER.3","A00000396538",,"BAETRI2","Y","Baetis tricaudatus cx.",,"speciesGroup","Arthropoda","Hexapoda","Insecta","Pterygota","Palaeoptera",,"Ephemeroptera",,,,"Baetidae",,,,"Baetis","tricaudatus cx.",,"larva",6,,5,10,50,"N","N",,"condition OK","Y",,"Morihara and McCafferty 1979; Wiersema, 2004; Webb et al. 2018","Y","Rhithron Associates, Inc.","S. Sullivan",,,
"2299ffe8-1dd0-45b5-9742-829cbcb29249","D17","BIGC","BIGC.AOS.reach","2023-07-20T17:42Z","2024-10-08","BIGC.20230720.SURBER.2","A00000396416",,"SIMSP","Y","Simuliidae sp.",,"family","Arthropoda","Hexapoda","Insecta","Pterygota","Neoptera","Holometabola","Diptera","Nematocera","Culicomorpha",,"Simuliidae",,,,,"sp.",,"larva",1,,1,7,14,"Y","N","early instar","condition OK","N",,"Adler et al. 2004; Merritt et al. 2019","N","Rhithron Associates, Inc.","J. Webb",,,
"a9f713b4-d71c-4544-9e39-3d4ede05b44b","D17","BIGC","BIGC.AOS.reach","2023-07-20T17:42Z","2024-10-08","BIGC.20230720.SURBER.1","A00000396415",,"SPESP5","Y","Sperchonopsis sp.",,"genus","Arthropoda","Chelicerata","Arachnida","Acari",,"Acariformes","Trombidiformes","Prostigmata",,"Lebertioidea","Sperchontidae",,,,"Sperchonopsis","sp.",,"adult",1,,4,70,6,"N","N",,"condition OK","Y",,"Thorp and Rogers 2016","N","Rhithron Associates, Inc.","S. Sullivan",,,
"c35ddc8b-35a6-40ce-bbfd-a923fb67785a","D17","BIGC","BIGC.AOS.reach","2023-07-20T17:42Z","2024-10-10","BIGC.20230720.SURBER.1","A00000396415","BA23NEOMST28006O1","PRISP1","Y","Pristina sp.",,"genus","Annelida","Clitellata","Oligochaeta","Oligochaeta",,,"Tubificida",,,,"Naididae","Pristininae",,,"Pristina","sp.",,"unknown",2,,1,70,1,"N","N",,"condition OK","Y",,"Kathman and Brinkhurst, 1999","N","Rhithron Associates, Inc.","A. Fasbender",,,
"8ddfeb4e-fa38-4c1e-a801-f00b40530259","D17","BIGC","BIGC.AOS.reach","2023-07-20T17:42Z","2024-10-09","BIGC.20230720.HESS.5","A00000396335",,"OPTSP","Y","Optioservus sp.",,"genus","Arthropoda","Hexapoda","Insecta","Pterygota","Neoptera","Holometabola","Coleoptera","Polyphaga","Elateriformia","Byrrhoidea","Elmidae","Elminae","Elmini",,"Optioservus","sp.",,"larva",2,,1,100,1,"N","N",,"condition OK","Y",,"Brown 1972; Merritt et al. 2019","N","Rhithron Associates, Inc.","S. Sullivan",,,
"81b85e53-ea38-4097-b1e5-dc85f2b51281","D17","BIGC","BIGC.AOS.reach","2023-07-20T17:42Z","2024-10-08","BIGC.20230720.HESS.1","A00000396398",,"CAPSP2","Y","Capniidae sp.",,"family","Arthropoda","Hexapoda","Insecta","Pterygota","Neoptera","Polyneoptera","Plecoptera","Euholognatha",,,"Capniidae",,,,,"sp.",,"larva",1,,4,30,13,"Y","N","early instar","condition OK","Y",,"Stewart and Stark 2002; Merritt et al. 2019","N","Rhithron Associates, Inc.","B. Moore",,,
"7b4e09eb-38fb-4d00-9001-cac9da1aa700","D17","BIGC","BIGC.AOS.reach","2023-07-20T17:42Z","2024-10-09","BIGC.20230720.HESS.4","A00000396399",,"MICSP6","Y","Micropsectra sp.",,"genus","Arthropoda","Hexapoda","Insecta","Pterygota","Neoptera","Holometabola","Diptera","Nematocera","Culicomorpha",,"Chironomidae","Chironominae","Tanytarsini",,"Micropsectra","sp.",,"larva",2,,2,100,2,"N","N",,"condition OK","Y",,"Weiderholm, 1983; Weiderholm, 1986; Epler 2001; Ferrington et al. 2019; Andersen, Cranston and Epler 2013","N","Rhithron Associates, Inc.","R. Spring",,,
"a40d9e6e-acb5-4082-be6f-c473523b2982","D17","BIGC","BIGC.AOS.reach","2023-07-20T17:42Z","2024-10-09","BIGC.20230720.SURBER.3","A00000396538",,"HYDSP24","Y","Hydroptila sp.",,"genus","Arthropoda","Hexapoda","Insecta","Pterygota","Neoptera","Holometabola","Trichoptera",,,"Hydroptiloidea","Hydroptilidae","Hydroptilinae","Hydroptilini",,"Hydroptila","sp.",,"larva",3,,9,10,90,"N","N",,"condition OK","Y",,"Wiggins 1996; Merritt et al. 2019","Y","Rhithron Associates, Inc.","S. Sullivan",,,
"ba457977-b59f-447b-ab6a-ad4ba77b1f51","D17","BIGC","BIGC.AOS.reach","2023-07-20T17:42Z","2024-10-08","BIGC.20230720.SURBER.2","A00000396416",,"ROESP","Y","Roederiodes sp.",,"genus","Arthropoda","Hexapoda","Insecta","Pterygota","Neoptera","Holometabola","Diptera","Brachycera","Muscomorpha",,"Empididae","Clinocerinae",,,"Roederiodes","sp.",,"larva",1,,1,7,14,"N","N",,"condition OK","Y",,"M,C,B 2019","N","Rhithron Associates, Inc.","J. Webb",,,
"afce1a53-4da6-43ae-a070-b6b26b146070","D17","BIGC","BIGC.AOS.reach","2023-07-20T17:42Z","2024-10-08","BIGC.20230720.SURBER.1","A00000396415",,"ZAISP","Y","Zaitzevia sp.",,"genus","Arthropoda","Hexapoda","Insecta","Pterygota","Neoptera","Holometabola","Coleoptera","Polyphaga","Elateriformia","Byrrhoidea","Elmidae","Elminae","Macronychini",,"Zaitzevia","sp.",,"larva",2,,1,70,1,"N","N",,"condition OK","Y",,"Brown 1972; Merritt et al. 2019","N","Rhithron Associates, Inc.","S. Sullivan",,,
"da1abdab-812f-4e7e-a553-b8145ff55d93","D17","BIGC","BIGC.AOS.reach","2023-07-20T17:42Z","2024-10-10","BIGC.20230720.SURBER.3","A00000396538",,"EUKDEV","Y","Eukiefferiella devonica gr.",,"speciesGroup","Arthropoda","Hexapoda","Insecta","Pterygota","Neoptera","Holometabola","Diptera","Nematocera","Culicomorpha",,"Chironomidae","Orthocladiinae",,,"Eukiefferiella","devonica gr.",,"larva",2,,1,10,10,"N","N",,"condition OK","Y",,"Weiderholm, 1983; Bode, 1983; Weiderholm, 1986; Epler 2001; Ferrington et al. 2019; Andersen, Cranston and Epler 2013","Y","Rhithron Associates, Inc.","R. Spring",,,
"df5f5895-ace1-4c02-8322-0b00936aac30","D17","BIGC","BIGC.AOS.reach","2023-07-20T17:42Z","2024-10-09","BIGC.20230720.HESS.4","A00000396399",,"HYDSP24","Y","Hydroptila sp.",,"genus","Arthropoda","Hexapoda","Insecta","Pterygota","Neoptera","Holometabola","Trichoptera",,,"Hydroptiloidea","Hydroptilidae","Hydroptilinae","Hydroptilini",,"Hydroptila","sp.",,"larva",3,,5,100,5,"N","N",,"condition OK","Y",,"Wiggins 1996; Merritt et al. 2019","N","Rhithron Associates, Inc.","S. Sullivan",,,
"b6432bb0-2141-4789-b40c-3b8235706679","D17","BIGC","BIGC.AOS.reach","2023-07-20T17:42Z","2024-10-09","BIGC.20230720.HESS.5","A00000396335",,"CERSP10","Y","Ceratopogoninae sp.",,"subfamily","Arthropoda","Hexapoda","Insecta","Pterygota","Neoptera","Holometabola","Diptera","Nematocera","Culicomorpha",,"Ceratopogonidae","Ceratopogoninae",,,,"sp.",,"larva",3,,4,100,4,"N","N",,"condition OK","Y",,"Merritt et al. 2019","N","Rhithron Associates, Inc.","S. Sullivan",,,
"cb8c518d-d526-4e56-b390-78256a2c13df","D17","BIGC","BIGC.AOS.reach","2023-07-20T17:42Z","2024-10-09","BIGC.20230720.SURBER.3","A00000396538",,"CLEADD","Y","Cleptelmis addenda",,"species","Arthropoda","Hexapoda","Insecta","Pterygota","Neoptera","Holometabola","Coleoptera","Polyphaga","Elateriformia","Byrrhoidea","Elmidae","Elminae","Elmini",,"Cleptelmis","addenda",,"larva",4,,4,10,40,"N","N",,"condition OK","N",,"Merritt et al. 2019; Shepard 1989; Brown 1983","Y","Rhithron Associates, Inc.","S. Sullivan",,,
"70124825-ff0a-4147-b6bc-1454cb9a1479","D17","BIGC","BIGC.AOS.reach","2023-07-20T17:42Z","2024-10-08","BIGC.20230720.SURBER.2","A00000396416",,"BAETRI2","Y","Baetis tricaudatus cx.",,"speciesGroup","Arthropoda","Hexapoda","Insecta","Pterygota","Palaeoptera",,"Ephemeroptera",,,,"Baetidae",,,,"Baetis","tricaudatus cx.",,"larva",1,,22,7,314,"N","N",,"condition OK","Y",,"Morihara and McCafferty 1979; Wiersema, 2004; Webb et al. 2018","N","Rhithron Associates, Inc.","J. Webb",,,
"a2fd571d-4e2a-497b-8ad7-f62c5a649aee","D17","BIGC","BIGC.AOS.reach","2023-07-20T17:42Z","2024-10-08","BIGC.20230720.SURBER.2","A00000396416",,"COLSP1","Y","Collembola sp.",,"order","Arthropoda","Hexapoda","Collembola",,,,"Collembola",,,,,,,,,"sp.",,"unknown",1,,1,7,14,"N","N",,"condition OK","Y",,"Merritt et al. 2019","N","Rhithron Associates, Inc.","J. Webb",,,
"3d95c77a-adec-488c-a6f8-c31b12d785a1","D17","BIGC","BIGC.AOS.reach","2023-07-20T17:42Z","2024-10-08","BIGC.20230720.HESS.1","A00000396398",,"PSESP19","Y","Psectrocladius sp.",,"genus","Arthropoda","Hexapoda","Insecta","Pterygota","Neoptera","Holometabola","Diptera","Nematocera","Culicomorpha",,"Chironomidae","Orthocladiinae",,,"Psectrocladius","sp.",,"larva",3,,1,30,3,"N","N",,"condition OK","Y",,"Weiderholm, 1983; Weiderholm, 1986; Epler 2001; Ferrington et al. 2019; Andersen, Cranston and Epler 2013","N","Rhithron Associates, Inc.","R. Spring",,,
"a325e327-f250-43d3-b855-1b87c7d59367","D17","BIGC","BIGC.AOS.reach","2023-07-20T17:42Z","2024-10-09","BIGC.20230720.SURBER.1","A00000396415",,"MICSP6","Y","Micropsectra sp.",,"genus","Arthropoda","Hexapoda","Insecta","Pterygota","Neoptera","Holometabola","Diptera","Nematocera","Culicomorpha",,"Chironomidae","Chironominae","Tanytarsini",,"Micropsectra","sp.",,"larva",1,,3,70,4,"N","N",,"condition OK","Y",,"Weiderholm, 1983; Weiderholm, 1986; Epler 2001; Ferrington et al. 2019; Andersen, Cranston and Epler 2013","N","Rhithron Associates, Inc.","R. Spring",,,
"57da5773-7f99-4356-bc47-eaca98b1b780","D17","BIGC","BIGC.AOS.reach","2023-07-20T17:42Z","2024-10-09","BIGC.20230720.HESS.5","A00000396335",,"PENSP7","Y","Pentaneura sp.",,"genus","Arthropoda","Hexapoda","Insecta","Pterygota","Neoptera","Holometabola","Diptera","Nematocera","Culicomorpha",,"Chironomidae","Tanypodinae","Pentaneurini",,"Pentaneura","sp.",,"larva",6,,2,100,2,"N","N",,"condition OK","Y",,"Weiderholm, 1983; Weiderholm, 1986; Epler 2001; Ferrington et al. 2019; Andersen, Cranston and Epler 2013","N","Rhithron Associates, Inc.","R. Spring",,,
"e6d3bbd2-9078-4937-82a9-fa5db619aea1","D17","BIGC","BIGC.AOS.reach","2023-07-20T17:42Z","2024-10-08","BIGC.20230720.HESS.2","A00000396397",,"BAETRI2","Y","Baetis tricaudatus cx.",,"speciesGroup","Arthropoda","Hexapoda","Insecta","Pterygota","Palaeoptera",,"Ephemeroptera",,,,"Baetidae",,,,"Baetis","tricaudatus cx.",,"larva",4,,2,100,2,"N","N",,"condition OK","Y",,"Morihara and McCafferty 1979; Wiersema, 2004; Webb et al. 2018","N","Rhithron Associates, Inc.","J. Webb",,,
"c26a8d51-169d-45b1-b490-79795d59f3d4","D17","BIGC","BIGC.AOS.reach","2023-07-20T17:42Z","2024-10-08","BIGC.20230720.HESS.3","A00000396413",,"STESP10","Y","Stempellinella sp.",,"genus","Arthropoda","Hexapoda","Insecta","Pterygota","Neoptera","Holometabola","Diptera","Nematocera","Culicomorpha",,"Chironomidae","Chironominae","Tanytarsini",,"Stempellinella","sp.",,"larva",1,,12,100,12,"N","N",,"condition OK","Y",,"Weiderholm, 1983; Weiderholm, 1986; Epler 2001; Ferrington et al. 2019; Andersen, Cranston and Epler 2013","N","Rhithron Associates, Inc.","R. Spring",,,
"3cf4fccf-3190-49ef-82da-24d842a1a53b","D17","BIGC","BIGC.AOS.reach","2023-07-20T17:42Z","2024-10-09","BIGC.20230720.SURBER.2","A00000396416",,"EUKSP","Y","Eukiefferiella sp.",,"genus","Arthropoda","Hexapoda","Insecta","Pterygota","Neoptera","Holometabola","Diptera","Nematocera","Culicomorpha",,"Chironomidae","Orthocladiinae",,,"Eukiefferiella","sp.",,"larva",1,,26,7,371,"Y","N","early instar","condition OK","N",,"Weiderholm, 1983; Bode, 1983; Weiderholm, 1986; Epler 2001; Ferrington et al. 2019; Andersen, Cranston and Epler 2013","N","Rhithron Associates, Inc.","R. Spring",,,
"acd7a444-d044-4dce-92c8-07583a173bcf","D17","BIGC","BIGC.AOS.reach","2023-07-20T17:42Z","2024-10-09","BIGC.20230720.HESS.5","A00000396335",,"PARSP26","Y","Parametriocnemus sp.",,"genus","Arthropoda","Hexapoda","Insecta","Pterygota","Neoptera","Holometabola","Diptera","Nematocera","Culicomorpha",,"Chironomidae","Orthocladiinae",,,"Parametriocnemus","sp.",,"larva",4,,1,100,1,"N","N",,"condition OK","Y",,"Weiderholm, 1983; Weiderholm, 1986; Epler 2001; Ferrington et al. 2019; Andersen, Cranston and Epler 2013","N","Rhithron Associates, Inc.","R. Spring",,,
"5b48d0f3-e8c1-4018-9255-048731e705a2","D17","BIGC","BIGC.AOS.reach","2023-07-20T17:42Z","2024-10-08","BIGC.20230720.SURBER.2","A00000396416",,"BAETRI2","Y","Baetis tricaudatus cx.",,"speciesGroup","Arthropoda","Hexapoda","Insecta","Pterygota","Palaeoptera",,"Ephemeroptera",,,,"Baetidae",,,,"Baetis","tricaudatus cx.",,"larva",5,,1,7,14,"N","N",,"condition OK","Y",,"Morihara and McCafferty 1979; Wiersema, 2004; Webb et al. 2018","N","Rhithron Associates, Inc.","J. Webb",,,
"199a0d7c-3e5f-4bf8-b821-72738360618f","D17","BIGC","BIGC.AOS.reach","2023-07-20T17:42Z","2024-10-08","BIGC.20230720.HESS.2","A00000396397",,"DICSP6","Y","Dicranota sp.",,"genus","Arthropoda","Hexapoda","Insecta","Pterygota","Neoptera","Holometabola","Diptera","Nematocera","Tipulomorpha",,"Tipulidae","Limoniinae","Pediciini",,"Dicranota","sp.",,"larva",9,,1,100,1,"N","N",,"condition OK","Y",,"Gelhaus and Podeniene 2018; Merritt et al. 2019","N","Rhithron Associates, Inc.","J. Webb",,,
"52a88310-5913-4739-a091-6c6a53255c49","D17","BIGC","BIGC.AOS.reach","2023-07-20T17:42Z","2024-10-09","BIGC.20230720.SURBER.2","A00000396416",,"TVESP","Y","Tvetenia sp.",,"genus","Arthropoda","Hexapoda","Insecta","Pterygota","Neoptera","Holometabola","Diptera","Nematocera","Culicomorpha",,"Chironomidae","Orthocladiinae",,,"Tvetenia","sp.",,"larva",1,,2,7,29,"N","N",,"condition OK","Y",,"Weiderholm, 1983; Weiderholm, 1986; Epler 2001; Ferrington et al. 2019; Andersen, Cranston and Epler 2013","N","Rhithron Associates, Inc.","R. Spring",,,
"dad64c1f-8957-4699-8b33-e359a0e04ee4","D17","BIGC","BIGC.AOS.reach","2023-07-20T17:42Z","2024-10-09","BIGC.20230720.HESS.5","A00000396335",,"MICSP3","Y","Micrasema sp.",,"genus","Arthropoda","Hexapoda","Insecta","Pterygota","Neoptera","Holometabola","Trichoptera",,,"Limnephiloidea","Brachycentridae",,,,"Micrasema","sp.",,"larva",1,,1,100,1,"N","N",,"condition OK","Y",,"Wiggins 1996; Merritt et al. 2019","N","Rhithron Associates, Inc.","S. Sullivan",,,
"f0b3a067-bca8-43cd-b15c-8d35d63fd105","D17","BIGC","BIGC.AOS.reach","2023-07-20T17:42Z","2024-10-09","BIGC.20230720.HESS.5","A00000396335",,"AMPDIS","Y","Ampumixis dispar",,"species","Arthropoda","Hexapoda","Insecta","Pterygota","Neoptera","Holometabola","Coleoptera","Polyphaga","Elateriformia","Byrrhoidea","Elmidae","Elminae","Elmini",,"Ampumixis","dispar",,"larva",3,,1,100,1,"N","N",,"condition OK","Y",,"Brown, 1972; Merritt et al. 2019","N","Rhithron Associates, Inc.","S. Sullivan",,,
"1e3e46da-2355-4288-90d4-99d0e32ca7f1","D17","BIGC","BIGC.AOS.reach","2023-07-20T17:42Z","2024-10-09","BIGC.20230720.HESS.5","A00000396335",,"PSESP19","Y","Psectrocladius sp.",,"genus","Arthropoda","Hexapoda","Insecta","Pterygota","Neoptera","Holometabola","Diptera","Nematocera","Culicomorpha",,"Chironomidae","Orthocladiinae",,,"Psectrocladius","sp.",,"larva",1,,1,100,1,"N","N",,"condition OK","Y",,"Weiderholm, 1983; Weiderholm, 1986; Epler 2001; Ferrington et al. 2019; Andersen, Cranston and Epler 2013","N","Rhithron Associates, Inc.","R. Spring",,,
"3d14ea28-4af4-4935-b6c0-83118cfe16a0","D17","BIGC","BIGC.AOS.reach","2023-07-20T17:42Z","2024-10-08","BIGC.20230720.HESS.2","A00000396397",,"PSESP19","Y","Psectrocladius sp.",,"genus","Arthropoda","Hexapoda","Insecta","Pterygota","Neoptera","Holometabola","Diptera","Nematocera","Culicomorpha",,"Chironomidae","Orthocladiinae",,,"Psectrocladius","sp.",,"larva",3,,1,100,1,"N","N",,"condition OK","Y",,"Weiderholm, 1983; Weiderholm, 1986; Epler 2001; Ferrington et al. 2019; Andersen, Cranston and Epler 2013","N","Rhithron Associates, Inc.","R. Spring",,,
"3059d2ed-f010-402f-881d-7be303b093b6","D17","BIGC","BIGC.AOS.reach","2023-07-20T17:42Z","2024-10-09","BIGC.20230720.SURBER.1","A00000396415",,"PAGSP4","Y","Pagastia sp.",,"genus","Arthropoda","Hexapoda","Insecta","Pterygota","Neoptera","Holometabola","Diptera","Nematocera","Culicomorpha",,"Chironomidae","Diamesinae","Diamesini",,"Pagastia","sp.",,"larva",3,,1,70,1,"N","N",,"condition OK","Y",,"Weiderholm, 1983; Weiderholm, 1986; Epler 2001; Ferrington et al. 2019; Andersen, Cranston and Epler 2013","N","Rhithron Associates, Inc.","R. Spring",,,
"4932dcf3-a5f3-4330-af48-21c102961243","D17","BIGC","BIGC.AOS.reach","2023-07-20T17:42Z","2024-10-08","BIGC.20230720.HESS.1","A00000396398",,"LOPSP","Y","Lopescladius sp.",,"genus","Arthropoda","Hexapoda","Insecta","Pterygota","Neoptera","Holometabola","Diptera","Nematocera","Culicomorpha",,"Chironomidae","Orthocladiinae",,,"Lopescladius","sp.",,"larva",3,,1,30,3,"N","N",,"condition OK","Y",,"Weiderholm, 1983; Weiderholm, 1986; Epler 2001; Ferrington et al. 2019; Andersen, Cranston and Epler 2013","N","Rhithron Associates, Inc.","R. Spring",,,
"46ca0fe1-dff0-4f86-b2c6-6fe3b57a43d1","D17","BIGC","BIGC.AOS.reach","2023-07-20T17:42Z","2024-10-09","BIGC.20230720.HESS.4","A00000396399",,"PENSP7","Y","Pentaneura sp.",,"genus","Arthropoda","Hexapoda","Insecta","Pterygota","Neoptera","Holometabola","Diptera","Nematocera","Culicomorpha",,"Chironomidae","Tanypodinae","Pentaneurini",,"Pentaneura","sp.",,"larva",5,,1,100,1,"N","N",,"condition OK","Y",,"Weiderholm, 1983; Weiderholm, 1986; Epler 2001; Ferrington et al. 2019; Andersen, Cranston and Epler 2013","N","Rhithron Associates, Inc.","R. Spring",,,
"88c48785-542b-4056-93c2-2a5d4bffcb99","D17","BIGC","BIGC.AOS.reach","2023-07-20T17:42Z","2024-10-09","BIGC.20230720.HESS.4","A00000396399",,"PSISP3","Y","Psilometriocnemus sp.",,"genus","Arthropoda","Hexapoda","Insecta","Pterygota","Neoptera","Holometabola","Diptera","Nematocera","Culicomorpha",,"Chironomidae","Orthocladiinae",,,"Psilometriocnemus","sp.",,"larva",1,,1,100,1,"N","N",,"condition OK","Y",,"Weiderholm, 1983; Weiderholm, 1986; Epler 2001; Ferrington et al. 2019; Andersen, Cranston and Epler 2013","N","Rhithron Associates, Inc.","R. Spring",,,
"4d2a2016-7ff6-4cde-8791-061b961440ce","D17","BIGC","BIGC.AOS.reach","2023-07-20T17:42Z","2024-10-08","BIGC.20230720.HESS.1","A00000396398",,"ATUSP1","Y","Aturus sp.",,"genus","Arthropoda","Chelicerata","Arachnida","Acari",,"Acariformes","Trombidiformes","Prostigmata",,"Hygrobatoidea","Aturidae",,,,"Aturus","sp.",,"adult",1,,1,30,3,"N","N",,"condition OK","Y",,"Thorp and Rogers 2016","N","Rhithron Associates, Inc.","B. Moore",,,
"af9b4a04-2a87-4a8e-86c7-db1325152586","D17","BIGC","BIGC.AOS.reach","2023-07-20T17:42Z","2024-10-10","BIGC.20230720.HESS.3","A00000396413","BA23NEOMST28003O1","PRISP1","Y","Pristina sp.",,"genus","Annelida","Clitellata","Oligochaeta","Oligochaeta",,,"Tubificida",,,,"Naididae","Pristininae",,,"Pristina","sp.",,"unknown",2,,4,100,4,"N","N",,"condition OK","Y",,"Kathman and Brinkhurst, 1999","N","Rhithron Associates, Inc.","A. Fasbender",,,
"ceddc36b-4029-4890-864c-919bd7fe0bc1","D17","BIGC","BIGC.AOS.reach","2023-07-20T17:42Z","2024-10-09","BIGC.20230720.SURBER.2","A00000396416",,"RHESP1","Y","Rheocricotopus sp.",,"genus","Arthropoda","Hexapoda","Insecta","Pterygota","Neoptera","Holometabola","Diptera","Nematocera","Culicomorpha",,"Chironomidae","Orthocladiinae",,,"Rheocricotopus","sp.",,"larva",2,,2,7,29,"N","N",,"condition OK","Y",,"Weiderholm, 1983; Weiderholm, 1986; Epler 2001; Ferrington et al. 2019; Andersen, Cranston and Epler 2013","N","Rhithron Associates, Inc.","R. Spring",,,
"32f3799f-f092-4834-a226-8c4b4204a5ae","D17","BIGC","BIGC.AOS.reach","2023-07-20T17:42Z","2024-10-08","BIGC.20230720.HESS.1","A00000396398",,"PARSP26","Y","Parametriocnemus sp.",,"genus","Arthropoda","Hexapoda","Insecta","Pterygota","Neoptera","Holometabola","Diptera","Nematocera","Culicomorpha",,"Chironomidae","Orthocladiinae",,,"Parametriocnemus","sp.",,"larva",3,,1,30,3,"N","N",,"condition OK","Y",,"Weiderholm, 1983; Weiderholm, 1986; Epler 2001; Ferrington et al. 2019; Andersen, Cranston and Epler 2013","N","Rhithron Associates, Inc.","R. Spring",,,
"f7f89eb2-9392-4c7c-8310-33cba504e1d8","D17","BIGC","BIGC.AOS.reach","2023-07-20T17:42Z","2024-10-08","BIGC.20230720.HESS.1","A00000396398",,"CRISP6","Y","Cricotopus/Orthocladius sp.",,"speciesGroup","Arthropoda","Hexapoda","Insecta","Pterygota","Neoptera","Holometabola","Diptera","Nematocera","Culicomorpha",,"Chironomidae","Orthocladiinae",,,"Cricotopus/Orthocladius","sp.",,"larva",2,,16,30,53,"Y","N","early instar","condition OK","N",,"Weiderholm, 1983; Weiderholm, 1986; Epler 2001; Ferrington et al. 2008; Andersen, Cranston and Epler 2013","N","Rhithron Associates, Inc.","R. Spring",,,
"4e7c0e68-4ff3-4123-b602-7d0957247d62","D17","BIGC","BIGC.AOS.reach","2023-07-20T17:42Z","2024-10-09","BIGC.20230720.HESS.3","A00000396413",,"OSTSP","Y","Ostracoda sp.",,"class","Arthropoda","Crustacea","Ostracoda",,,,,,,,,,,,,"sp.",,"unknown",1,,2,100,2,"N","N",,"condition OK","Y",,"Thorp and Rogers 2016","N","Rhithron Associates, Inc.","S. Sullivan",,,
"c25cc81b-6adc-49df-9c49-48c56c7ac30e","D17","BIGC","BIGC.AOS.reach","2023-07-20T17:42Z","2024-10-08","BIGC.20230720.HESS.1","A00000396398",,"BRISP","Y","Brillia sp.",,"genus","Arthropoda","Hexapoda","Insecta","Pterygota","Neoptera","Holometabola","Diptera","Nematocera","Culicomorpha",,"Chironomidae","Orthocladiinae",,,"Brillia","sp.",,"larva",1,,2,30,7,"N","N",,"condition OK","Y",,"Weiderholm, 1983; Weiderholm, 1986; Epler 2001; Ferrington et al. 2019; Andersen, Cranston and Epler 2013","N","Rhithron Associates, Inc.","R. Spring",,,
"d31ac021-e377-45b1-99a2-e89a73ce25d7","D17","BIGC","BIGC.AOS.reach","2023-07-20T17:42Z","2024-10-08","BIGC.20230720.HESS.2","A00000396397",,"LOPSP","Y","Lopescladius sp.",,"genus","Arthropoda","Hexapoda","Insecta","Pterygota","Neoptera","Holometabola","Diptera","Nematocera","Culicomorpha",,"Chironomidae","Orthocladiinae",,,"Lopescladius","sp.",,"larva",3,,1,100,1,"N","N",,"condition OK","Y",,"Weiderholm, 1983; Weiderholm, 1986; Epler 2001; Ferrington et al. 2019; Andersen, Cranston and Epler 2013","N","Rhithron Associates, Inc.","R. Spring",,,
"4d688347-9d3b-467f-9a3b-44ab50dd74c4","D17","BIGC","BIGC.AOS.reach","2023-07-20T17:42Z","2024-10-08","BIGC.20230720.HESS.1","A00000396398",,"POLSP13","Y","Polypedilum sp.",,"genus","Arthropoda","Hexapoda","Insecta","Pterygota","Neoptera","Holometabola","Diptera","Nematocera","Culicomorpha",,"Chironomidae","Chironominae","Chironomini",,"Polypedilum","sp.",,"larva",1,,1,30,3,"N","N",,"condition OK","Y",,"Weiderholm, 1983; Weiderholm, 1986; Epler 2001; Ferrington et al. 2008; Andersen, Cranston and Epler 2013","N","Rhithron Associates, Inc.","R. Spring",,,
"3d082063-3458-44f6-a91d-0522d9b415e2","D17","BIGC","BIGC.AOS.reach","2023-07-20T17:42Z","2024-10-10","BIGC.20230720.SURBER.3","A00000396538",,"RHESP1","Y","Rheocricotopus sp.",,"genus","Arthropoda","Hexapoda","Insecta","Pterygota","Neoptera","Holometabola","Diptera","Nematocera","Culicomorpha",,"Chironomidae","Orthocladiinae",,,"Rheocricotopus","sp.",,"larva",1,,1,10,10,"N","N",,"condition OK","Y",,"Weiderholm, 1983; Weiderholm, 1986; Epler 2001; Ferrington et al. 2019; Andersen, Cranston and Epler 2013","Y","Rhithron Associates, Inc.","R. Spring",,,
"cd316545-3fbc-40b6-a946-f3922cd23f17","D17","BIGC","BIGC.AOS.reach","2023-07-20T17:42Z","2024-10-09","BIGC.20230720.SURBER.1","A00000396415",,"CRISP6","Y","Cricotopus/Orthocladius sp.",,"speciesGroup","Arthropoda","Hexapoda","Insecta","Pterygota","Neoptera","Holometabola","Diptera","Nematocera","Culicomorpha",,"Chironomidae","Orthocladiinae",,,"Cricotopus/Orthocladius","sp.",,"larva",1,,16,70,23,"Y","N","early instar","condition OK","N",,"Weiderholm, 1983; Weiderholm, 1986; Epler 2001; Ferrington et al. 2008; Andersen, Cranston and Epler 2013","N","Rhithron Associates, Inc.","R. Spring",,,
"ed0839bd-ad45-46bf-85c7-2bcab21c3c9c","D17","BIGC","BIGC.AOS.reach","2023-07-20T17:42Z","2024-10-09","BIGC.20230720.HESS.5","A00000396335",,"PARSP26","Y","Parametriocnemus sp.",,"genus","Arthropoda","Hexapoda","Insecta","Pterygota","Neoptera","Holometabola","Diptera","Nematocera","Culicomorpha",,"Chironomidae","Orthocladiinae",,,"Parametriocnemus","sp.",,"larva",2,,1,100,1,"N","N",,"condition OK","Y",,"Weiderholm, 1983; Weiderholm, 1986; Epler 2001; Ferrington et al. 2019; Andersen, Cranston and Epler 2013","N","Rhithron Associates, Inc.","R. Spring",,,
"8877e50a-8312-4a0f-8144-277f596947f4","D17","BIGC","BIGC.AOS.reach","2023-07-20T17:42Z","2024-10-09","BIGC.20230720.HESS.5","A00000396335",,"STESP10","Y","Stempellinella sp.",,"genus","Arthropoda","Hexapoda","Insecta","Pterygota","Neoptera","Holometabola","Diptera","Nematocera","Culicomorpha",,"Chironomidae","Chironominae","Tanytarsini",,"Stempellinella","sp.",,"larva",1,,3,100,3,"N","N",,"condition OK","Y",,"Weiderholm, 1983; Weiderholm, 1986; Epler 2001; Ferrington et al. 2019; Andersen, Cranston and Epler 2013","N","Rhithron Associates, Inc.","R. Spring",,,
"f39b171a-d45f-4589-8644-fe4c8223a34d","D17","BIGC","BIGC.AOS.reach","2023-07-20T17:42Z","2024-10-08","BIGC.20230720.HESS.1","A00000396398",,"POLSP13","Y","Polypedilum sp.",,"genus","Arthropoda","Hexapoda","Insecta","Pterygota","Neoptera","Holometabola","Diptera","Nematocera","Culicomorpha",,"Chironomidae","Chironominae","Chironomini",,"Polypedilum","sp.",,"larva",4,,1,30,3,"N","N",,"condition OK","Y",,"Weiderholm, 1983; Weiderholm, 1986; Epler 2001; Ferrington et al. 2008; Andersen, Cranston and Epler 2013","N","Rhithron Associates, Inc.","R. Spring",,,
"e63ece5e-d493-4530-b534-090f53144bee","D17","BIGC","BIGC.AOS.reach","2023-07-20T17:42Z","2024-10-08","BIGC.20230720.HESS.2","A00000396397",,"SIMSP1","Y","Simulium sp.",,"genus","Arthropoda","Hexapoda","Insecta","Pterygota","Neoptera","Holometabola","Diptera","Nematocera","Culicomorpha",,"Simuliidae","Simuliinae","Simuliini",,"Simulium","sp.",,"larva",2,,1,100,1,"N","N",,"condition OK","Y",,"Adler et al. 2004; Merritt et al. 2019","N","Rhithron Associates, Inc.","J. Webb",,,
"541fc532-f8f6-45d3-a467-0614d8b03dc8","D17","BIGC","BIGC.AOS.reach","2023-07-20T17:42Z","2024-10-08","BIGC.20230720.SURBER.1","A00000396415",,"HEXSP3","Y","Hexatoma sp.",,"genus","Arthropoda","Hexapoda","Insecta","Pterygota","Neoptera","Holometabola","Diptera","Nematocera","Tipulomorpha",,"Tipulidae","Limoniinae","Hexatomini",,"Hexatoma","sp.",,"larva",10,,1,70,1,"N","N",,"condition OK","Y",,"Gelhaus and Podeniene 2018; Merritt et al. 2019","N","Rhithron Associates, Inc.","S. Sullivan",,,
"25d378d2-f2a9-45be-a49d-b0192eaefebe","D17","BIGC","BIGC.AOS.reach","2023-07-20T17:42Z","2024-10-10","BIGC.20230720.HESS.5","A00000396335","BA23NEOMST28005O1","NAISP1","Y","Nais sp.",,"genus","Annelida","Clitellata","Oligochaeta","Oligochaeta",,,"Tubificida",,,,"Naididae","Naidinae",,,"Nais","sp.",,"immature",2,,1,100,1,"Y","N",,"condition OK","Y",,"Kathman and Brinkhurst, 1999","N","Rhithron Associates, Inc.","A. Fasbender",,,
"47e29528-78e0-4ef4-9db1-33de3bc9444b","D17","BIGC","BIGC.AOS.reach","2023-07-20T17:42Z","2024-10-10","BIGC.20230720.SURBER.3","A00000396538",,"RHESP2","Y","Rheotanytarsus sp.",,"genus","Arthropoda","Hexapoda","Insecta","Pterygota","Neoptera","Holometabola","Diptera","Nematocera","Culicomorpha",,"Chironomidae","Chironominae","Tanytarsini",,"Rheotanytarsus","sp.",,"larva",3,,9,10,90,"N","N",,"condition OK","Y",,"Weiderholm, 1983; Weiderholm, 1986; Epler 2001; Ferrington et al. 2019; Andersen, Cranston and Epler 2013","Y","Rhithron Associates, Inc.","R. Spring",,,
"4ef21f29-afc3-4d46-b136-7ce7e1240c60","D17","BIGC","BIGC.AOS.reach","2023-07-20T17:42Z","2024-10-08","BIGC.20230720.SURBER.1","A00000396415",,"ORISP1","Y","Oribatida sp.",,"suborder","Arthropoda","Chelicerata","Arachnida","Acari",,"Acariformes","Sarcoptiformes","Oribatida",,,,,,,,"sp.",,"adult",1,,15,70,21,"N","N",,"condition OK","Y",,"Thorp and Rogers 2016","N","Rhithron Associates, Inc.","S. Sullivan",,,
"107821ec-3443-4c11-bd5a-2ee19f5e0cd4","D17","BIGC","BIGC.AOS.reach","2023-07-20T17:42Z","2024-10-09","BIGC.20230720.SURBER.3","A00000396538",,"BAETRI2","Y","Baetis tricaudatus cx.",,"speciesGroup","Arthropoda","Hexapoda","Insecta","Pterygota","Palaeoptera",,"Ephemeroptera",,,,"Baetidae",,,,"Baetis","tricaudatus cx.",,"larva",2,,29,10,290,"N","N",,"condition OK","Y",,"Morihara and McCafferty 1979; Wiersema, 2004; Webb et al. 2018","Y","Rhithron Associates, Inc.","S. Sullivan",,,
"dfd937ff-0395-4efd-8493-2c99d40aebd7","D17","BIGC","BIGC.AOS.reach","2023-07-20T17:42Z","2024-10-09","BIGC.20230720.SURBER.3","A00000396538",,"ELMSP","Y","Elmidae sp.",,"family","Arthropoda","Hexapoda","Insecta","Pterygota","Neoptera","Holometabola","Coleoptera","Polyphaga","Elateriformia","Byrrhoidea","Elmidae",,,,,"sp.",,"larva",1,,10,10,100,"Y","N","early instar","condition OK","N",,"Brown, 1972; Merritt et al. 2019","Y","Rhithron Associates, Inc.","S. Sullivan",,,
"aa88809f-289d-48c7-9ee8-75c4a824be7e","D17","BIGC","BIGC.AOS.reach","2023-07-20T17:42Z","2024-10-10","BIGC.20230720.SURBER.3","A00000396538",,"THIGRO","Y","Thienemannimyia gr.",,"speciesGroup","Arthropoda","Hexapoda","Insecta","Pterygota","Neoptera","Holometabola","Diptera","Nematocera","Culicomorpha",,"Chironomidae","Tanypodinae","Pentaneurini",,"Thienemannimyia","gr.",,"larva",2,,2,10,20,"Y","N","early instar","condition OK","Y",,"Weiderholm, 1983; Weiderholm, 1986; Epler 2001; Ferrington et al. 2008; Andersen, Cranston and Epler 2017","Y","Rhithron Associates, Inc.","R. Spring",,,
"560bff61-2d3b-48d0-b37b-5c27b1a5769d","D17","BIGC","BIGC.AOS.reach","2023-07-20T17:42Z","2024-10-08","BIGC.20230720.HESS.2","A00000396397",,"HYDSP24","Y","Hydroptila sp.",,"genus","Arthropoda","Hexapoda","Insecta","Pterygota","Neoptera","Holometabola","Trichoptera",,,"Hydroptiloidea","Hydroptilidae","Hydroptilinae","Hydroptilini",,"Hydroptila","sp.",,"larva",2,,4,100,4,"N","N",,"condition OK","Y",,"Wiggins 1996; Merritt et al. 2019","N","Rhithron Associates, Inc.","J. Webb",,,
"767da7a2-58e6-4669-b678-b6f4397e27e7","D17","BIGC","BIGC.AOS.reach","2023-07-20T17:42Z","2024-10-08","BIGC.20230720.HESS.1","A00000396398",,"DICSP6","Y","Dicranota sp.",,"genus","Arthropoda","Hexapoda","Insecta","Pterygota","Neoptera","Holometabola","Diptera","Nematocera","Tipulomorpha",,"Tipulidae","Limoniinae","Pediciini",,"Dicranota","sp.",,"larva",4,,1,30,3,"N","N",,"condition OK","Y",,"Gelhaus and Podeniene 2018; Merritt et al. 2019","N","Rhithron Associates, Inc.","B. Moore",,,
"c4303c1d-0e18-4fce-ac7e-70454abbc722","D17","BIGC","BIGC.AOS.reach","2023-07-20T17:42Z","2024-10-09","BIGC.20230720.HESS.5","A00000396335",,"CRISP6","Y","Cricotopus/Orthocladius sp.",,"speciesGroup","Arthropoda","Hexapoda","Insecta","Pterygota","Neoptera","Holometabola","Diptera","Nematocera","Culicomorpha",,"Chironomidae","Orthocladiinae",,,"Cricotopus/Orthocladius","sp.",,"larva",1,,1,100,1,"Y","N","early instar","condition OK","Y",,"Weiderholm, 1983; Weiderholm, 1986; Epler 2001; Ferrington et al. 2008; Andersen, Cranston and Epler 2013","N","Rhithron Associates, Inc.","R. Spring",,,
"48f57f6f-98d0-4b54-a6c5-ec3be13d9204","D17","BIGC","BIGC.AOS.reach","2023-07-20T17:42Z","2024-10-09","BIGC.20230720.SURBER.3","A00000396538",,"AMPDIS","Y","Ampumixis dispar",,"species","Arthropoda","Hexapoda","Insecta","Pterygota","Neoptera","Holometabola","Coleoptera","Polyphaga","Elateriformia","Byrrhoidea","Elmidae","Elminae","Elmini",,"Ampumixis","dispar",,"larva",2,,1,10,10,"N","N",,"condition OK","Y",,"Brown, 1972; Merritt et al. 2019","Y","Rhithron Associates, Inc.","S. Sullivan",,,
"18eea18d-3634-48a3-af05-4f71fdb22529","D17","BIGC","BIGC.AOS.reach","2023-07-20T17:42Z","2024-10-08","BIGC.20230720.SURBER.2","A00000396416",,"SIMSP1","Y","Simulium sp.",,"genus","Arthropoda","Hexapoda","Insecta","Pterygota","Neoptera","Holometabola","Diptera","Nematocera","Culicomorpha",,"Simuliidae","Simuliinae","Simuliini",,"Simulium","sp.",,"pupa",2,,1,7,14,"N","N",,"condition OK","N",,"Adler et al. 2004; Merritt et al. 2019","N","Rhithron Associates, Inc.","J. Webb",,,
"fefd466b-137e-46fa-a2d4-896dab8c911f","D17","BIGC","BIGC.AOS.reach","2023-07-20T17:42Z","2024-10-09","BIGC.20230720.SURBER.1","A00000396415",,"RHESP2","Y","Rheotanytarsus sp.",,"genus","Arthropoda","Hexapoda","Insecta","Pterygota","Neoptera","Holometabola","Diptera","Nematocera","Culicomorpha",,"Chironomidae","Chironominae","Tanytarsini",,"Rheotanytarsus","sp.",,"larva",2,,31,70,44,"N","N",,"condition OK","Y",,"Weiderholm, 1983; Weiderholm, 1986; Epler 2001; Ferrington et al. 2019; Andersen, Cranston and Epler 2013","N","Rhithron Associates, Inc.","R. Spring",,,
"938533c6-b39b-480b-94e5-41420b26c2bd","D17","BIGC","BIGC.AOS.reach","2023-07-20T17:42Z","2024-10-09","BIGC.20230720.HESS.5","A00000396335",,"MACSP13","Y","Macropelopia sp.",,"genus","Arthropoda","Hexapoda","Insecta","Pterygota","Neoptera","Holometabola","Diptera","Nematocera","Culicomorpha",,"Chironomidae","Tanypodinae","Macropelopiini",,"Macropelopia","sp.",,"larva",7,,1,100,1,"N","N",,"condition OK","Y",,"Weiderholm, 1983; Weiderholm, 1986; Epler 2001; Ferrington et al. 2019; Andersen, Cranston and Epler 2013","N","Rhithron Associates, Inc.","R. Spring",,,
"1a8fb71d-979f-44da-8a28-8e5dbc632ae4","D17","BIGC","BIGC.AOS.reach","2023-07-20T17:42Z","2024-10-09","BIGC.20230720.HESS.3","A00000396413",,"TIPSP3","Y","Tipula sp.",,"genus","Arthropoda","Hexapoda","Insecta","Pterygota","Neoptera","Holometabola","Diptera","Nematocera","Tipulomorpha",,"Tipulidae","Tipulinae",,,"Tipula","sp.",,"larva",8,,1,100,1,"N","N",,"condition OK","Y",,"Gelhaus and Podeniene 2018; Merritt et al. 2019","N","Rhithron Associates, Inc.","S. Sullivan",,,
"ac224f0c-2ac2-45b4-b05e-71ae78bb7a3e","D17","BIGC","BIGC.AOS.reach","2023-07-20T17:42Z","2024-10-08","BIGC.20230720.HESS.3","A00000396413",,"PSESP19","Y","Psectrocladius sp.",,"genus","Arthropoda","Hexapoda","Insecta","Pterygota","Neoptera","Holometabola","Diptera","Nematocera","Culicomorpha",,"Chironomidae","Orthocladiinae",,,"Psectrocladius","sp.",,"larva",3,,1,100,1,"N","N",,"condition OK","Y",,"Weiderholm, 1983; Weiderholm, 1986; Epler 2001; Ferrington et al. 2019; Andersen, Cranston and Epler 2013","N","Rhithron Associates, Inc.","R. Spring",,,
"29161183-c5e7-4b67-a657-86d9e45aa0e5","D17","BIGC","BIGC.AOS.reach","2023-07-20T17:42Z","2024-10-10","BIGC.20230720.SURBER.3","A00000396538","BA23NEOMST28008O1","NAICOM","Y","Nais communis/variabilis",,"speciesGroup","Annelida","Clitellata","Oligochaeta","Oligochaeta",,,"Tubificida",,,,"Naididae","Naidinae",,,"Nais","communis/variabilis",,"immature",2,,2,10,20,"Y","N",,"condition OK","Y",,"Kathman and Brinkhurst, 1999","Y","Rhithron Associates, Inc.","A. Fasbender",,,
"7d343575-9136-47be-a939-4efe36776939","D17","BIGC","BIGC.AOS.reach","2023-07-20T17:42Z","2024-10-09","BIGC.20230720.SURBER.2","A00000396416",,"CRISP6","Y","Cricotopus/Orthocladius sp.",,"speciesGroup","Arthropoda","Hexapoda","Insecta","Pterygota","Neoptera","Holometabola","Diptera","Nematocera","Culicomorpha",,"Chironomidae","Orthocladiinae",,,"Cricotopus/Orthocladius","sp.",,"larva",2,,7,7,100,"Y","N","early instar","condition OK","N",,"Weiderholm, 1983; Weiderholm, 1986; Epler 2001; Ferrington et al. 2008; Andersen, Cranston and Epler 2013","N","Rhithron Associates, Inc.","R. Spring",,,
"5a26834d-9dcc-404b-9bec-934486acbce3","D17","BIGC","BIGC.AOS.reach","2023-07-20T17:42Z","2024-10-08","BIGC.20230720.HESS.3","A00000396413",,"STESP10","Y","Stempellinella sp.",,"genus","Arthropoda","Hexapoda","Insecta","Pterygota","Neoptera","Holometabola","Diptera","Nematocera","Culicomorpha",,"Chironomidae","Chironominae","Tanytarsini",,"Stempellinella","sp.",,"pupa",2,,2,100,2,"N","N",,"condition OK","N",,"Weiderholm, 1983; Weiderholm, 1986; Epler 2001; Ferrington et al. 2019; Andersen, Cranston and Epler 2013","N","Rhithron Associates, Inc.","R. Spring",,,
"e531cc39-b795-4d5c-83e0-d2379d427f9c","D17","BIGC","BIGC.AOS.reach","2023-07-20T17:42Z","2024-10-09","BIGC.20230720.SURBER.1","A00000396415",,"THIGRO","Y","Thienemannimyia gr.",,"speciesGroup","Arthropoda","Hexapoda","Insecta","Pterygota","Neoptera","Holometabola","Diptera","Nematocera","Culicomorpha",,"Chironomidae","Tanypodinae","Pentaneurini",,"Thienemannimyia","gr.",,"larva",2,,2,70,3,"Y","N","early instar","condition OK","Y",,"Weiderholm, 1983; Weiderholm, 1986; Epler 2001; Ferrington et al. 2008; Andersen, Cranston and Epler 2017","N","Rhithron Associates, Inc.","R. Spring",,,
"1eee39bc-8072-480e-b9c1-7adf791f104e","D17","BIGC","BIGC.AOS.reach","2023-07-20T17:42Z","2024-10-08","BIGC.20230720.HESS.1","A00000396398",,"PENSP7","Y","Pentaneura sp.",,"genus","Arthropoda","Hexapoda","Insecta","Pterygota","Neoptera","Holometabola","Diptera","Nematocera","Culicomorpha",,"Chironomidae","Tanypodinae","Pentaneurini",,"Pentaneura","sp.",,"larva",4,,5,30,17,"N","N",,"condition OK","Y",,"Weiderholm, 1983; Weiderholm, 1986; Epler 2001; Ferrington et al. 2019; Andersen, Cranston and Epler 2013","N","Rhithron Associates, Inc.","R. Spring",,,
"404fddb8-937a-40bc-b06d-85b230a9b5d1","D17","BIGC","BIGC.AOS.reach","2023-07-20T17:42Z","2024-10-08","BIGC.20230720.SURBER.2","A00000396416",,"SERSP5","Y","Serratella sp.",,"genus","Arthropoda","Hexapoda","Insecta","Pterygota","Palaeoptera",,"Ephemeroptera","Furcatergalia","Pannota","Ephemerelloidea","Ephemerellidae",,,,"Serratella","sp.",,"larva",2,,1,7,14,"Y","N","early instar","condition OK","Y",,"Merritt et al. 2019; Jacobus and McCafferty 2008","N","Rhithron Associates, Inc.","J. Webb",,,
"7fb7b55a-07a9-4de2-b741-0738b403975f","D17","BIGC","BIGC.AOS.reach","2023-07-20T17:42Z","2024-10-09","BIGC.20230720.SURBER.3","A00000396538",,"EPHSP1","Y","Ephemerellidae sp.",,"family","Arthropoda","Hexapoda","Insecta","Pterygota","Palaeoptera",,"Ephemeroptera","Furcatergalia","Pannota","Ephemerelloidea","Ephemerellidae",,,,,"sp.",,"larva",1,,1,10,10,"Y","N","early instar","condition OK","Y",,"Merritt et al. 2019","Y","Rhithron Associates, Inc.","S. Sullivan",,,
"61514640-0d57-477a-a8bf-18976b88217e","D17","BIGC","BIGC.AOS.reach","2023-07-20T17:42Z","2024-10-08","BIGC.20230720.HESS.2","A00000396397",,"HYDSP24","Y","Hydroptila sp.",,"genus","Arthropoda","Hexapoda","Insecta","Pterygota","Neoptera","Holometabola","Trichoptera",,,"Hydroptiloidea","Hydroptilidae","Hydroptilinae","Hydroptilini",,"Hydroptila","sp.",,"larva",3,,2,100,2,"N","N",,"condition OK","Y",,"Wiggins 1996; Merritt et al. 2019","N","Rhithron Associates, Inc.","J. Webb",,,
"0a2cebdd-5cdf-40b0-b319-c0d5e9032203","D17","BIGC","BIGC.AOS.reach","2023-07-20T17:42Z","2024-10-09","BIGC.20230720.SURBER.3","A00000396538",,"SPESP5","Y","Sperchonopsis sp.",,"genus","Arthropoda","Chelicerata","Arachnida","Acari",,"Acariformes","Trombidiformes","Prostigmata",,"Lebertioidea","Sperchontidae",,,,"Sperchonopsis","sp.",,"adult",1,,1,10,10,"N","N",,"condition OK","Y",,"Thorp and Rogers 2016","Y","Rhithron Associates, Inc.","S. Sullivan",,,
"8d077956-a692-4cb3-9a01-f97bedde7c45","D17","BIGC","BIGC.AOS.reach","2023-07-20T17:42Z","2024-10-09","BIGC.20230720.SURBER.2","A00000396416",,"TVESP","Y","Tvetenia sp.",,"genus","Arthropoda","Hexapoda","Insecta","Pterygota","Neoptera","Holometabola","Diptera","Nematocera","Culicomorpha",,"Chironomidae","Orthocladiinae",,,"Tvetenia","sp.",,"larva",3,,1,7,14,"N","N",,"condition OK","Y",,"Weiderholm, 1983; Weiderholm, 1986; Epler 2001; Ferrington et al. 2019; Andersen, Cranston and Epler 2013","N","Rhithron Associates, Inc.","R. Spring",,,
"43e25ef9-3eba-422c-b9d3-3518ab917f13","D17","BIGC","BIGC.AOS.reach","2023-07-20T17:42Z","2024-10-08","BIGC.20230720.HESS.2","A00000396397",,"SIMSP1","Y","Simulium sp.",,"genus","Arthropoda","Hexapoda","Insecta","Pterygota","Neoptera","Holometabola","Diptera","Nematocera","Culicomorpha",,"Simuliidae","Simuliinae","Simuliini",,"Simulium","sp.",,"larva",3,,1,100,1,"N","N",,"condition OK","Y",,"Adler et al. 2004; Merritt et al. 2019","N","Rhithron Associates, Inc.","J. Webb",,,
"5901d4dd-939a-4408-9e25-426b958310b9","D17","BIGC","BIGC.AOS.reach","2023-07-20T17:42Z","2024-10-08","BIGC.20230720.HESS.2","A00000396397",,"POLSP13","Y","Polypedilum sp.",,"genus","Arthropoda","Hexapoda","Insecta","Pterygota","Neoptera","Holometabola","Diptera","Nematocera","Culicomorpha",,"Chironomidae","Chironominae","Chironomini",,"Polypedilum","sp.",,"larva",2,,2,100,2,"N","N",,"condition OK","Y",,"Weiderholm, 1983; Weiderholm, 1986; Epler 2001; Ferrington et al. 2008; Andersen, Cranston and Epler 2013","N","Rhithron Associates, Inc.","R. Spring",,,
"837596ad-9169-4d39-8779-24de1cdbef3d","D17","BIGC","BIGC.AOS.reach","2023-07-20T17:42Z","2024-10-08","BIGC.20230720.HESS.1","A00000396398",,"PARSP26","Y","Parametriocnemus sp.",,"genus","Arthropoda","Hexapoda","Insecta","Pterygota","Neoptera","Holometabola","Diptera","Nematocera","Culicomorpha",,"Chironomidae","Orthocladiinae",,,"Parametriocnemus","sp.",,"larva",1,,4,30,13,"N","N",,"condition OK","Y",,"Weiderholm, 1983; Weiderholm, 1986; Epler 2001; Ferrington et al. 2019; Andersen, Cranston and Epler 2013","N","Rhithron Associates, Inc.","R. Spring",,,
"22b60b5b-e0c7-474e-8d13-bba9d5901330","D17","BIGC","BIGC.AOS.reach","2023-07-20T17:42Z","2024-10-08","BIGC.20230720.HESS.1","A00000396398",,"DICSP6","Y","Dicranota sp.",,"genus","Arthropoda","Hexapoda","Insecta","Pterygota","Neoptera","Holometabola","Diptera","Nematocera","Tipulomorpha",,"Tipulidae","Limoniinae","Pediciini",,"Dicranota","sp.",,"larva",1,,2,30,7,"N","N",,"condition OK","Y",,"Gelhaus and Podeniene 2018; Merritt et al. 2019","N","Rhithron Associates, Inc.","B. Moore",,,
"5a4b6455-cd10-4a6e-ac96-8e31d845e6f9","D17","BIGC","BIGC.AOS.reach","2023-07-20T17:42Z","2024-10-10","BIGC.20230720.SURBER.1","A00000396415","BA23NEOMST28006O1","ENCSP1","Y","Enchytraeidae sp.",,"family","Annelida","Clitellata","Oligochaeta","Oligochaeta",,,"Enchytraeida",,,,"Enchytraeidae",,,,,"sp.",,"unknown",1,,1,70,1,"N","N",,"condition OK","Y",,"Kathman and Brinkhurst, 1999","N","Rhithron Associates, Inc.","A. Fasbender",,,
"7a8e98e5-b605-4755-9c42-609ede2f6e8a","D17","BIGC","BIGC.AOS.reach","2023-07-20T17:42Z","2024-10-10","BIGC.20230720.HESS.3","A00000396413","BA23NEOMST28003O1","ENCSP1","Y","Enchytraeidae sp.",,"family","Annelida","Clitellata","Oligochaeta","Oligochaeta",,,"Enchytraeida",,,,"Enchytraeidae",,,,,"sp.",,"unknown",1,,1,100,1,"N","N",,"condition OK","Y",,"Kathman and Brinkhurst, 1999","N","Rhithron Associates, Inc.","A. Fasbender",,,
"58432a7f-d17e-4374-92d6-b1e847c8582e","D17","BIGC","BIGC.AOS.reach","2023-07-20T17:42Z","2024-10-08","BIGC.20230720.HESS.3","A00000396413",,"POLSP13","Y","Polypedilum sp.",,"genus","Arthropoda","Hexapoda","Insecta","Pterygota","Neoptera","Holometabola","Diptera","Nematocera","Culicomorpha",,"Chironomidae","Chironominae","Chironomini",,"Polypedilum","sp.",,"larva",3,,1,100,1,"N","N",,"condition OK","Y",,"Weiderholm, 1983; Weiderholm, 1986; Epler 2001; Ferrington et al. 2008; Andersen, Cranston and Epler 2013","N","Rhithron Associates, Inc.","R. Spring",,,
"c8b470b9-cb4e-4bd3-af98-389b5a32b2dd","D17","BIGC","BIGC.AOS.reach","2023-07-20T17:42Z","2024-10-08","BIGC.20230720.HESS.1","A00000396398",,"CRISP2","Y","Cricotopus sp.",,"genus","Arthropoda","Hexapoda","Insecta","Pterygota","Neoptera","Holometabola","Diptera","Nematocera","Culicomorpha",,"Chironomidae","Orthocladiinae",,,"Cricotopus","sp.",,"larva",3,,5,30,17,"N","N",,"condition OK","Y",,"Weiderholm, 1983; Weiderholm, 1986; Epler 2001; Ferrington et al. 2019; Andersen, Cranston and Epler 2013","N","Rhithron Associates, Inc.","R. Spring",,,
"8f265006-3454-4bea-a432-abdb5aabd35a","D17","BIGC","BIGC.AOS.reach","2023-07-20T17:42Z","2024-10-09","BIGC.20230720.SURBER.3","A00000396538",,"ANTMON","Y","Antocha monticola",,"species","Arthropoda","Hexapoda","Insecta","Pterygota","Neoptera","Holometabola","Diptera","Nematocera","Tipulomorpha",,"Tipulidae","Limoniinae","Limoniini",,"Antocha","monticola",,"larva",1,,1,10,10,"N","N",,"condition OK","Y",,"Gelhaus and Podeniene 2018; Merritt et al. 2019","Y","Rhithron Associates, Inc.","S. Sullivan",,,
"ee00924a-93a9-40f9-9064-056b4520c10f","D17","BIGC","BIGC.AOS.reach","2023-07-20T17:42Z","2024-10-09","BIGC.20230720.SURBER.3","A00000396538",,"RHISP5","Y","Rhizelmis sp.",,"genus","Arthropoda","Hexapoda","Insecta","Pterygota","Neoptera","Holometabola","Coleoptera","Polyphaga","Elateriformia","Byrrhoidea","Elmidae","Elminae","Elmini",,"Rhizelmis","sp.",,"adult",3,,1,10,10,"N","N",,"condition OK","Y",,"Brown, 1972; Merritt et al. 2019","Y","Rhithron Associates, Inc.","S. Sullivan",,,
"7c46b5c6-9025-4208-8d0b-d7c923313e90","D17","BIGC","BIGC.AOS.reach","2023-07-20T17:42Z","2024-10-08","BIGC.20230720.HESS.3","A00000396413",,"PENSP7","Y","Pentaneura sp.",,"genus","Arthropoda","Hexapoda","Insecta","Pterygota","Neoptera","Holometabola","Diptera","Nematocera","Culicomorpha",,"Chironomidae","Tanypodinae","Pentaneurini",,"Pentaneura","sp.",,"larva",5,,1,100,1,"N","N",,"condition OK","Y",,"Weiderholm, 1983; Weiderholm, 1986; Epler 2001; Ferrington et al. 2019; Andersen, Cranston and Epler 2013","N","Rhithron Associates, Inc.","R. Spring",,,
"0285fc11-c0a4-409e-8c5e-0e0822fdb034","D17","BIGC","BIGC.AOS.reach","2023-07-20T17:42Z","2024-10-08","BIGC.20230720.HESS.1","A00000396398",,"CRISP2","Y","Cricotopus sp.",,"genus","Arthropoda","Hexapoda","Insecta","Pterygota","Neoptera","Holometabola","Diptera","Nematocera","Culicomorpha",,"Chironomidae","Orthocladiinae",,,"Cricotopus","sp.",,"larva",2,,2,30,7,"N","N",,"condition OK","Y",,"Weiderholm, 1983; Weiderholm, 1986; Epler 2001; Ferrington et al. 2019; Andersen, Cranston and Epler 2013","N","Rhithron Associates, Inc.","R. Spring",,,
"0e353ea8-2895-4719-865c-11452d938165","D17","BIGC","BIGC.AOS.reach","2023-07-20T17:42Z","2024-10-08","BIGC.20230720.HESS.1","A00000396398",,"TANSP11","Y","Tanytarsus sp.",,"genus","Arthropoda","Hexapoda","Insecta","Pterygota","Neoptera","Holometabola","Diptera","Nematocera","Culicomorpha",,"Chironomidae","Chironominae","Tanytarsini",,"Tanytarsus","sp.",,"larva",1,,8,30,27,"N","N",,"condition OK","Y",,"Weiderholm, 1983; Weiderholm, 1986; Epler 2001; Ferrington et al. 2019; Andersen, Cranston and Epler 2013","N","Rhithron Associates, Inc.","R. Spring",,,
"9fc742b2-2bf7-464f-908f-f834c8a8a417","D17","BIGC","BIGC.AOS.reach","2023-07-20T17:42Z","2024-10-08","BIGC.20230720.HESS.1","A00000396398",,"HYDSP24","Y","Hydroptila sp.",,"genus","Arthropoda","Hexapoda","Insecta","Pterygota","Neoptera","Holometabola","Trichoptera",,,"Hydroptiloidea","Hydroptilidae","Hydroptilinae","Hydroptilini",,"Hydroptila","sp.",,"larva",1,,39,30,130,"N","N",,"condition OK","Y",,"Wiggins 1996; Merritt et al. 2019","N","Rhithron Associates, Inc.","B. Moore",,,
"789ed74e-6942-4769-8c82-3e38a1524b97","D17","BIGC","BIGC.AOS.reach","2023-07-20T17:42Z","2024-10-08","BIGC.20230720.HESS.1","A00000396398",,"PARSP26","Y","Parametriocnemus sp.",,"genus","Arthropoda","Hexapoda","Insecta","Pterygota","Neoptera","Holometabola","Diptera","Nematocera","Culicomorpha",,"Chironomidae","Orthocladiinae",,,"Parametriocnemus","sp.",,"larva",2,,4,30,13,"N","N",,"condition OK","Y",,"Weiderholm, 1983; Weiderholm, 1986; Epler 2001; Ferrington et al. 2019; Andersen, Cranston and Epler 2013","N","Rhithron Associates, Inc.","R. Spring",,,
"77285d7f-2dc0-444c-aff1-7ec4ccf00d88","D17","BIGC","BIGC.AOS.reach","2023-07-20T17:42Z","2024-10-09","BIGC.20230720.HESS.5","A00000396335",,"AESSP","Y","Aeshnidae sp.",,"family","Arthropoda","Hexapoda","Insecta","Pterygota","Palaeoptera",,"Odonata","Anisoptera",,,"Aeshnidae",,,,,"sp.",,"larva",5,,2,100,2,"Y","N","early instar","condition OK","Y",,"Needham et al. 2000; Merritt et al. 2019; Tennessen 2019","N","Rhithron Associates, Inc.","S. Sullivan",,,
"11f7f7d9-60a0-4973-82b9-3f5265f0325b","D17","BIGC","BIGC.AOS.reach","2023-07-20T17:42Z","2024-10-08","BIGC.20230720.SURBER.2","A00000396416",,"WORSP","Y","Wormaldia sp.",,"genus","Arthropoda","Hexapoda","Insecta","Pterygota","Neoptera","Holometabola","Trichoptera",,,"Philopotamoidea","Philopotamidae","Philopotaminae",,,"Wormaldia","sp.",,"larva",5,,1,7,14,"N","N",,"condition OK","Y",,"Wiggins 1996; Merritt et al. 2019","N","Rhithron Associates, Inc.","J. Webb",,,
"8fab4567-1b94-4233-b27a-d44e51fe73b0","D17","BIGC","BIGC.AOS.reach","2023-07-20T17:42Z","2024-10-10","BIGC.20230720.SURBER.3","A00000396538",,"RHESP2","Y","Rheotanytarsus sp.",,"genus","Arthropoda","Hexapoda","Insecta","Pterygota","Neoptera","Holometabola","Diptera","Nematocera","Culicomorpha",,"Chironomidae","Chironominae","Tanytarsini",,"Rheotanytarsus","sp.",,"larva",1,,7,10,70,"N","N",,"condition OK","Y",,"Weiderholm, 1983; Weiderholm, 1986; Epler 2001; Ferrington et al. 2019; Andersen, Cranston and Epler 2013","Y","Rhithron Associates, Inc.","R. Spring",,,
"daa1c92e-9c73-46bb-8ebc-c5f00f8b6346","D17","BIGC","BIGC.AOS.reach","2023-07-20T17:42Z","2024-10-08","BIGC.20230720.HESS.2","A00000396397",,"STESP10","Y","Stempellinella sp.",,"genus","Arthropoda","Hexapoda","Insecta","Pterygota","Neoptera","Holometabola","Diptera","Nematocera","Culicomorpha",,"Chironomidae","Chironominae","Tanytarsini",,"Stempellinella","sp.",,"larva",1,,1,100,1,"N","N",,"condition OK","Y",,"Weiderholm, 1983; Weiderholm, 1986; Epler 2001; Ferrington et al. 2019; Andersen, Cranston and Epler 2013","N","Rhithron Associates, Inc.","R. Spring",,,
"e8ca890b-1b6c-49b8-ab33-099d2efdb971","D17","BIGC","BIGC.AOS.reach","2023-07-20T17:42Z","2024-10-09","BIGC.20230720.SURBER.2","A00000396416",,"PARSP25","Y","Parakiefferiella sp.",,"genus","Arthropoda","Hexapoda","Insecta","Pterygota","Neoptera","Holometabola","Diptera","Nematocera","Culicomorpha",,"Chironomidae","Orthocladiinae",,,"Parakiefferiella","sp.",,"larva",1,,1,7,14,"N","N",,"condition OK","Y",,"Weiderholm, 1983; Weiderholm, 1986; Epler 2001; Ferrington et al. 2019; Andersen, Cranston and Epler 2013","N","Rhithron Associates, Inc.","R. Spring",,,
"3bc9e274-dbc2-49ce-8889-f86e33ecbe06","D17","BIGC","BIGC.AOS.reach","2023-07-20T17:42Z","2024-10-09","BIGC.20230720.HESS.4","A00000396399",,"PENSP7","Y","Pentaneura sp.",,"genus","Arthropoda","Hexapoda","Insecta","Pterygota","Neoptera","Holometabola","Diptera","Nematocera","Culicomorpha",,"Chironomidae","Tanypodinae","Pentaneurini",,"Pentaneura","sp.",,"larva",1,,1,100,1,"N","N",,"condition OK","Y",,"Weiderholm, 1983; Weiderholm, 1986; Epler 2001; Ferrington et al. 2019; Andersen, Cranston and Epler 2013","N","Rhithron Associates, Inc.","R. Spring",,,
"d526a2e1-8b4e-4499-ba59-42151c3e0de7","D17","BIGC","BIGC.AOS.reach","2023-07-20T17:42Z","2024-10-08","BIGC.20230720.HESS.2","A00000396397",,"HEXSP3","Y","Hexatoma sp.",,"genus","Arthropoda","Hexapoda","Insecta","Pterygota","Neoptera","Holometabola","Diptera","Nematocera","Tipulomorpha",,"Tipulidae","Limoniinae","Hexatomini",,"Hexatoma","sp.",,"larva",3,,4,100,4,"N","N",,"condition OK","Y",,"Gelhaus and Podeniene 2018; Merritt et al. 2019","N","Rhithron Associates, Inc.","J. Webb",,,
"79247858-f0d4-4500-8fc7-a390199136e7","D17","BIGC","BIGC.AOS.reach","2023-07-20T17:42Z","2024-10-08","BIGC.20230720.SURBER.1","A00000396415",,"SIMSP1","Y","Simulium sp.",,"genus","Arthropoda","Hexapoda","Insecta","Pterygota","Neoptera","Holometabola","Diptera","Nematocera","Culicomorpha",,"Simuliidae","Simuliinae","Simuliini",,"Simulium","sp.",,"larva",3,,4,70,6,"N","N",,"condition OK","Y",,"Adler et al. 2004; Merritt et al. 2019","N","Rhithron Associates, Inc.","S. Sullivan",,,
"658f2f23-c3b8-4ac1-84ee-3bf719d5958e","D17","BIGC","BIGC.AOS.reach","2023-07-20T17:42Z","2024-10-10","BIGC.20230720.SURBER.3","A00000396538",,"TVESP","Y","Tvetenia sp.",,"genus","Arthropoda","Hexapoda","Insecta","Pterygota","Neoptera","Holometabola","Diptera","Nematocera","Culicomorpha",,"Chironomidae","Orthocladiinae",,,"Tvetenia","sp.",,"larva",2,,2,10,20,"N","N",,"condition OK","Y",,"Weiderholm, 1983; Weiderholm, 1986; Epler 2001; Ferrington et al. 2019; Andersen, Cranston and Epler 2013","Y","Rhithron Associates, Inc.","R. Spring",,,
"0f743143-b436-4f3f-b742-928d06747337","D17","BIGC","BIGC.AOS.reach","2023-07-20T17:42Z","2024-10-09","BIGC.20230720.HESS.5","A00000396335",,"SIMSP1","Y","Simulium sp.",,"genus","Arthropoda","Hexapoda","Insecta","Pterygota","Neoptera","Holometabola","Diptera","Nematocera","Culicomorpha",,"Simuliidae","Simuliinae","Simuliini",,"Simulium","sp.",,"larva",4,,1,100,1,"N","N",,"condition OK","Y",,"Adler et al. 2004; Merritt et al. 2019","N","Rhithron Associates, Inc.","S. Sullivan",,,
"25d6b55e-5a75-44fe-90eb-bfdd96896ca2","D17","BIGC","BIGC.AOS.reach","2023-07-20T17:42Z","2024-10-08","BIGC.20230720.HESS.2","A00000396397",,"PARSP31","Y","Paracladopelma sp.",,"genus","Arthropoda","Hexapoda","Insecta","Pterygota","Neoptera","Holometabola","Diptera","Nematocera","Culicomorpha",,"Chironomidae","Chironominae","Chironomini",,"Paracladopelma","sp.",,"larva",2,,1,100,1,"N","N",,"condition OK","Y",,"Weiderholm, 1983; Weiderholm, 1986; Epler 2001; Ferrington et al. 2019; Andersen, Cranston and Epler 2013","N","Rhithron Associates, Inc.","R. Spring",,,
"ccf589fc-3201-4131-83f5-0f83e900da80","D17","BIGC","BIGC.AOS.reach","2023-07-20T17:42Z","2024-10-08","BIGC.20230720.HESS.2","A00000396397",,"PROSP24","Y","Prodiamesa sp.",,"genus","Arthropoda","Hexapoda","Insecta","Pterygota","Neoptera","Holometabola","Diptera","Nematocera","Culicomorpha",,"Chironomidae","Prodiamesinae",,,"Prodiamesa","sp.",,"larva",3,,1,100,1,"N","N",,"condition OK","Y",,"Weiderholm, 1983; Weiderholm, 1986; Epler 2001; Ferrington et al. 2019; Andersen, Cranston and Epler 2013","N","Rhithron Associates, Inc.","R. Spring",,,
"8e8c87c0-07d7-4607-a04f-f80ef1c64ade","D17","BIGC","BIGC.AOS.reach","2023-07-20T17:42Z","2024-10-08","BIGC.20230720.SURBER.1","A00000396415",,"HYDSP4","Y","Hydropsychidae sp.",,"family","Arthropoda","Hexapoda","Insecta","Pterygota","Neoptera","Holometabola","Trichoptera",,,"Hydropsychoidea","Hydropsychidae",,,,,"sp.",,"larva",1,,1,70,1,"Y","N","early instar","condition OK","N",,"Wiggins 1996, Merritt et al. 2019","N","Rhithron Associates, Inc.","S. Sullivan",,,
"99e71874-1eaa-4c59-8348-7860cc326f5b","D17","BIGC","BIGC.AOS.reach","2023-07-20T17:42Z","2024-10-10","BIGC.20230720.SURBER.3","A00000396538",,"CRIBIC1","Y","Cricotopus bicinctus",,"species","Arthropoda","Hexapoda","Insecta","Pterygota","Neoptera","Holometabola","Diptera","Nematocera","Culicomorpha",,"Chironomidae","Orthocladiinae",,,"Cricotopus","bicinctus",,"larva",3,,1,10,10,"N","N",,"condition OK","Y",,"Weiderholm, 1983; Weiderholm, 1986; Epler 2001; Ferrington et al. 2019; Andersen, Cranston and Epler 2013","Y","Rhithron Associates, Inc.","R. Spring",,,
"c7e23608-ab6b-45fd-ae3f-1b7b27001ab8","D17","BIGC","BIGC.AOS.reach","2023-07-20T17:42Z","2024-10-09","BIGC.20230720.HESS.3","A00000396413",,"GOMSP","Y","Gomphidae sp.",,"family","Arthropoda","Hexapoda","Insecta","Pterygota","Palaeoptera",,"Odonata","Anisoptera",,,"Gomphidae",,,,,"sp.",,"larva",6,,1,100,1,"Y","N","early instar","condition OK","Y",,"Needham et al. 2000; Merritt et al. 2019; Tennessen 2019","N","Rhithron Associates, Inc.","S. Sullivan",,,
"767260c3-c48a-45b3-9524-fc5b3648357c","D17","BIGC","BIGC.AOS.reach","2023-07-20T17:42Z","2024-10-09","BIGC.20230720.HESS.4","A00000396399",,"OSTSP","Y","Ostracoda sp.",,"class","Arthropoda","Crustacea","Ostracoda",,,,,,,,,,,,,"sp.",,"unknown",1,,1,100,1,"N","N",,"condition OK","Y",,"Thorp and Rogers 2016","N","Rhithron Associates, Inc.","S. Sullivan",,,
"c3c93416-bb68-431a-abd3-c3c5ef88e23f","D17","BIGC","BIGC.AOS.reach","2023-07-20T17:42Z","2024-10-08","BIGC.20230720.SURBER.2","A00000396416",,"SIMSP1","Y","Simulium sp.",,"genus","Arthropoda","Hexapoda","Insecta","Pterygota","Neoptera","Holometabola","Diptera","Nematocera","Culicomorpha",,"Simuliidae","Simuliinae","Simuliini",,"Simulium","sp.",,"larva",1,,43,7,614,"N","N",,"condition OK","Y",,"Adler et al. 2004; Merritt et al. 2019","N","Rhithron Associates, Inc.","J. Webb",,,
"9d1dd8b3-3ac3-4faa-91be-681e330edbf2","D17","BIGC","BIGC.AOS.reach","2023-07-20T17:42Z","2024-10-09","BIGC.20230720.HESS.5","A00000396335",,"PARSP31","Y","Paracladopelma sp.",,"genus","Arthropoda","Hexapoda","Insecta","Pterygota","Neoptera","Holometabola","Diptera","Nematocera","Culicomorpha",,"Chironomidae","Chironominae","Chironomini",,"Paracladopelma","sp.",,"larva",3,,2,100,2,"N","N",,"condition OK","Y",,"Weiderholm, 1983; Weiderholm, 1986; Epler 2001; Ferrington et al. 2019; Andersen, Cranston and Epler 2013","N","Rhithron Associates, Inc.","R. Spring",,,
"55e0dc2c-b2ec-4b64-aca6-5c8f1aa25f86","D17","BIGC","BIGC.AOS.reach","2023-07-20T17:42Z","2024-10-08","BIGC.20230720.SURBER.2","A00000396416",,"SIMSP1","Y","Simulium sp.",,"genus","Arthropoda","Hexapoda","Insecta","Pterygota","Neoptera","Holometabola","Diptera","Nematocera","Culicomorpha",,"Simuliidae","Simuliinae","Simuliini",,"Simulium","sp.",,"larva",5,,2,7,29,"N","N",,"condition OK","Y",,"Adler et al. 2004; Merritt et al. 2019","N","Rhithron Associates, Inc.","J. Webb",,,
"db234df8-e81e-4d32-af13-7dc9d409dc9c","D17","BIGC","BIGC.AOS.reach","2023-07-20T17:42Z","2024-10-10","BIGC.20230720.HESS.5","A00000396335","BA23NEOMST28005O1","ENCSP1","Y","Enchytraeidae sp.",,"family","Annelida","Clitellata","Oligochaeta","Oligochaeta",,,"Enchytraeida",,,,"Enchytraeidae",,,,,"sp.",,"unknown",3,,1,100,1,"N","N",,"condition OK","Y",,"Kathman and Brinkhurst, 1999","N","Rhithron Associates, Inc.","A. Fasbender",,,
"8ba885a6-8d95-4c04-9375-c0c47b1d47e3","D17","BIGC","BIGC.AOS.reach","2023-07-20T17:42Z","2024-10-09","BIGC.20230720.SURBER.2","A00000396416",,"CRISP6","Y","Cricotopus/Orthocladius sp.",,"speciesGroup","Arthropoda","Hexapoda","Insecta","Pterygota","Neoptera","Holometabola","Diptera","Nematocera","Culicomorpha",,"Chironomidae","Orthocladiinae",,,"Cricotopus/Orthocladius","sp.",,"larva",1,,3,7,43,"Y","N","early instar","condition OK","N",,"Weiderholm, 1983; Weiderholm, 1986; Epler 2001; Ferrington et al. 2008; Andersen, Cranston and Epler 2013","N","Rhithron Associates, Inc.","R. Spring",,,
"d6d674b2-0b2f-497f-a932-202ae44d051b","D17","BIGC","BIGC.AOS.reach","2023-07-20T17:42Z","2024-10-09","BIGC.20230720.HESS.3","A00000396413",,"HYDSP24","Y","Hydroptila sp.",,"genus","Arthropoda","Hexapoda","Insecta","Pterygota","Neoptera","Holometabola","Trichoptera",,,"Hydroptiloidea","Hydroptilidae","Hydroptilinae","Hydroptilini",,"Hydroptila","sp.",,"larva",3,,7,100,7,"N","N",,"condition OK","Y",,"Wiggins 1996; Merritt et al. 2019","N","Rhithron Associates, Inc.","S. Sullivan",,,
"b1e59b65-2a76-411a-8705-26caacd9b5ce","D17","BIGC","BIGC.AOS.reach","2023-07-20T17:42Z","2024-10-08","BIGC.20230720.HESS.1","A00000396398",,"TORSP6","Y","Torrenticola sp.",,"genus","Arthropoda","Chelicerata","Arachnida","Acari",,"Acariformes","Trombidiformes","Prostigmata",,"Lebertioidea","Torrenticolidae",,,,"Torrenticola","sp.",,"adult",1,,1,30,3,"N","N",,"condition OK","Y",,"Thorp and Rogers 2016","N","Rhithron Associates, Inc.","B. Moore",,,
"56d4a880-2901-421f-8bfd-5e5491c114b7","D17","BIGC","BIGC.AOS.reach","2023-07-20T17:42Z","2024-10-08","BIGC.20230720.HESS.1","A00000396398",,"ALOSP","Y","Alotanypus sp.",,"genus","Arthropoda","Hexapoda","Insecta","Pterygota","Neoptera","Holometabola","Diptera","Nematocera","Culicomorpha",,"Chironomidae","Tanypodinae","Coelotanypodini",,"Alotanypus","sp.",,"larva",3,,1,30,3,"N","N",,"condition OK","Y",,"Weiderholm, 1983; Weiderholm, 1986; Epler 2001; Ferrington et al. 2019; Andersen, Cranston and Epler 2013","N","Rhithron Associates, Inc.","R. Spring",,,
"dba27a3f-9622-4ded-9141-af1e9eda55fb","D17","BIGC","BIGC.AOS.reach","2023-07-20T17:42Z","2024-10-08","BIGC.20230720.SURBER.2","A00000396416",,"AMIASP","Y","Amiocentrus aspilus",,"species","Arthropoda","Hexapoda","Insecta","Pterygota","Neoptera","Holometabola","Trichoptera",,,"Limnephiloidea","Brachycentridae",,,,"Amiocentrus","aspilus",,"larva",1,,19,7,271,"N","N",,"condition OK","Y",,"Wiggins 1996; Merritt et al. 2019","N","Rhithron Associates, Inc.","J. Webb",,,
"46c8b0de-5a52-41ed-91ca-fa553a59efb2","D17","BIGC","BIGC.AOS.reach","2023-07-20T17:42Z","2024-10-09","BIGC.20230720.SURBER.3","A00000396538",,"ARGSP5","Y","Argia sp.",,"genus","Arthropoda","Hexapoda","Insecta","Pterygota","Palaeoptera",,"Odonata","Zygoptera",,,"Coenagrionidae",,,,"Argia","sp.",,"larva",5,,1,10,10,"N","N",,"condition OK","Y",,"Merritt et al. 2019; Westfall and May 1996","Y","Rhithron Associates, Inc.","S. Sullivan",,,
"e5ae297c-94b7-417a-bf64-6bf48495c767","D17","BIGC","BIGC.AOS.reach","2023-07-20T17:42Z","2024-10-08","BIGC.20230720.HESS.2","A00000396397",,"POLSP13","Y","Polypedilum sp.",,"genus","Arthropoda","Hexapoda","Insecta","Pterygota","Neoptera","Holometabola","Diptera","Nematocera","Culicomorpha",,"Chironomidae","Chironominae","Chironomini",,"Polypedilum","sp.",,"larva",3,,7,100,7,"N","N",,"condition OK","Y",,"Weiderholm, 1983; Weiderholm, 1986; Epler 2001; Ferrington et al. 2008; Andersen, Cranston and Epler 2013","N","Rhithron Associates, Inc.","R. Spring",,,
"7ba3677c-3299-4e69-92c2-634626a6c85d","D17","BIGC","BIGC.AOS.reach","2023-07-20T17:42Z","2024-10-08","BIGC.20230720.HESS.1","A00000396398",,"OCTSPE","Y","Octogomphus specularis",,"species","Arthropoda","Hexapoda","Insecta","Pterygota","Palaeoptera",,"Odonata","Anisoptera",,,"Gomphidae",,,,"Octogomphus","specularis",,"larva",6,,1,30,3,"N","N",,"condition OK","Y",,"Needham et al. 2000; Merritt et al. 2019; Tennessen 2019","N","Rhithron Associates, Inc.","B. Moore",,,
"cdf4ea3e-d3ce-45e1-96f6-422bb88794bc","D17","BIGC","BIGC.AOS.reach","2023-07-20T17:42Z","2024-10-08","BIGC.20230720.HESS.1","A00000396398",,"TANSP7","Y","Tanypodinae sp.",,"subfamily","Arthropoda","Hexapoda","Insecta","Pterygota","Neoptera","Holometabola","Diptera","Nematocera","Culicomorpha",,"Chironomidae","Tanypodinae",,,,"sp.",,"larva",1,,3,30,10,"Y","N","early instar","condition OK","N",,"Weiderholm, 1983; Weiderholm, 1986; Epler 2001; Ferrington et al. 2019; Andersen, Cranston and Epler 2013","N","Rhithron Associates, Inc.","R. Spring",,,
"6840826e-9e84-428d-9f0c-8d6f47ef8a30","D17","BIGC","BIGC.AOS.reach","2023-07-20T17:42Z","2024-10-09","BIGC.20230720.SURBER.2","A00000396416",,"RHESP2","Y","Rheotanytarsus sp.",,"genus","Arthropoda","Hexapoda","Insecta","Pterygota","Neoptera","Holometabola","Diptera","Nematocera","Culicomorpha",,"Chironomidae","Chironominae","Tanytarsini",,"Rheotanytarsus","sp.",,"larva",1,,4,7,57,"N","N",,"condition OK","Y",,"Weiderholm, 1983; Weiderholm, 1986; Epler 2001; Ferrington et al. 2019; Andersen, Cranston and Epler 2013","N","Rhithron Associates, Inc.","R. Spring",,,
"ad610f80-2f9c-4386-a697-cdb505c333e7","D17","BIGC","BIGC.AOS.reach","2023-07-20T17:42Z","2024-10-09","BIGC.20230720.HESS.5","A00000396335",,"LEPSP4","Y","Leptophlebiidae sp.",,"family","Arthropoda","Hexapoda","Insecta","Pterygota","Palaeoptera",,"Ephemeroptera","Furcatergalia","Lanceolata",,"Leptophlebiidae",,,,,"sp.",,"larva",2,,5,100,5,"N","N","damaged","damaged, affecting taxonomy and measurement","Y",,"Merritt et al. 2019","N","Rhithron Associates, Inc.","S. Sullivan",,,
"c62eccfd-d194-49ee-97fd-9383cde76f5b","D17","BIGC","BIGC.AOS.reach","2023-07-20T17:42Z","2024-10-08","BIGC.20230720.HESS.2","A00000396397",,"PENSP7","Y","Pentaneura sp.",,"genus","Arthropoda","Hexapoda","Insecta","Pterygota","Neoptera","Holometabola","Diptera","Nematocera","Culicomorpha",,"Chironomidae","Tanypodinae","Pentaneurini",,"Pentaneura","sp.",,"larva",4,,1,100,1,"N","N",,"condition OK","Y",,"Weiderholm, 1983; Weiderholm, 1986; Epler 2001; Ferrington et al. 2019; Andersen, Cranston and Epler 2013","N","Rhithron Associates, Inc.","R. Spring",,,
"a325bf3b-3081-4c14-a178-d9a45b2e7f64","D17","BIGC","BIGC.AOS.reach","2023-07-20T17:42Z","2024-10-08","BIGC.20230720.HESS.1","A00000396398",,"RHESP2","Y","Rheotanytarsus sp.",,"genus","Arthropoda","Hexapoda","Insecta","Pterygota","Neoptera","Holometabola","Diptera","Nematocera","Culicomorpha",,"Chironomidae","Chironominae","Tanytarsini",,"Rheotanytarsus","sp.",,"larva",3,,5,30,17,"N","N",,"condition OK","Y",,"Weiderholm, 1983; Weiderholm, 1986; Epler 2001; Ferrington et al. 2019; Andersen, Cranston and Epler 2013","N","Rhithron Associates, Inc.","R. Spring",,,
"c747310c-49e1-44cf-bd06-5033cab87a30","D17","BIGC","BIGC.AOS.reach","2023-07-20T17:42Z","2024-10-10","BIGC.20230720.SURBER.3","A00000396538",,"PARSP26","Y","Parametriocnemus sp.",,"genus","Arthropoda","Hexapoda","Insecta","Pterygota","Neoptera","Holometabola","Diptera","Nematocera","Culicomorpha",,"Chironomidae","Orthocladiinae",,,"Parametriocnemus","sp.",,"larva",2,,3,10,30,"N","N",,"condition OK","Y",,"Weiderholm, 1983; Weiderholm, 1986; Epler 2001; Ferrington et al. 2019; Andersen, Cranston and Epler 2013","Y","Rhithron Associates, Inc.","R. Spring",,,
"b7e0119b-2e5a-4437-aeeb-63bb63b58f2b","D17","BIGC","BIGC.AOS.reach","2023-07-20T17:42Z","2024-10-10","BIGC.20230720.SURBER.3","A00000396538",,"TVESP","Y","Tvetenia sp.",,"genus","Arthropoda","Hexapoda","Insecta","Pterygota","Neoptera","Holometabola","Diptera","Nematocera","Culicomorpha",,"Chironomidae","Orthocladiinae",,,"Tvetenia","sp.",,"larva",3,,2,10,20,"N","N",,"condition OK","Y",,"Weiderholm, 1983; Weiderholm, 1986; Epler 2001; Ferrington et al. 2019; Andersen, Cranston and Epler 2013","Y","Rhithron Associates, Inc.","R. Spring",,,
"e7b7dcb1-fb5b-4245-9616-e3bb61a1018f","D17","BIGC","BIGC.AOS.reach","2023-07-20T17:42Z","2024-10-08","BIGC.20230720.SURBER.1","A00000396415",,"BAETRI2","Y","Baetis tricaudatus cx.",,"speciesGroup","Arthropoda","Hexapoda","Insecta","Pterygota","Palaeoptera",,"Ephemeroptera",,,,"Baetidae",,,,"Baetis","tricaudatus cx.",,"larva",4,,15,70,21,"N","N",,"condition OK","Y",,"Morihara and McCafferty 1979; Wiersema, 2004; Webb et al. 2018","N","Rhithron Associates, Inc.","S. Sullivan",,,
"fda0cd2a-f149-44e3-9614-dffbc8ef446f","D17","BIGC","BIGC.AOS.reach","2023-07-20T17:42Z","2024-10-08","BIGC.20230720.HESS.1","A00000396398",,"SIMSP1","Y","Simulium sp.",,"genus","Arthropoda","Hexapoda","Insecta","Pterygota","Neoptera","Holometabola","Diptera","Nematocera","Culicomorpha",,"Simuliidae","Simuliinae","Simuliini",,"Simulium","sp.",,"larva",2,,1,30,3,"N","N",,"condition OK","Y",,"Adler et al. 2004; Merritt et al. 2019","N","Rhithron Associates, Inc.","B. Moore",,,
"34372b35-5ab0-46b5-89db-3a2437534318","D17","BIGC","BIGC.AOS.reach","2023-07-20T17:42Z","2024-10-09","BIGC.20230720.HESS.4","A00000396399",,"DICSP6","Y","Dicranota sp.",,"genus","Arthropoda","Hexapoda","Insecta","Pterygota","Neoptera","Holometabola","Diptera","Nematocera","Tipulomorpha",,"Tipulidae","Limoniinae","Pediciini",,"Dicranota","sp.",,"larva",2,,1,100,1,"N","N",,"condition OK","Y",,"Gelhaus and Podeniene 2018; Merritt et al. 2019","N","Rhithron Associates, Inc.","S. Sullivan",,,
"d157b6d6-6604-4129-9180-61048a69c18b","D17","BIGC","BIGC.AOS.reach","2023-07-20T17:42Z","2024-10-08","BIGC.20230720.SURBER.1","A00000396415",,"LEPSP20","Y","Lepidostoma sp.",,"genus","Arthropoda","Hexapoda","Insecta","Pterygota","Neoptera","Holometabola","Trichoptera",,,"Limnephiloidea","Lepidostomatidae","Lepidostomatinae",,,"Lepidostoma","sp.",,"larva",1,,3,70,4,"N","N",,"condition OK","Y",,"Wiggins 1996; Merritt et al. 2019","N","Rhithron Associates, Inc.","S. Sullivan",,,
"3b14f769-e7b5-4757-8d54-aec800ec5c3e","D17","BIGC","BIGC.AOS.reach","2023-07-20T17:42Z","2024-10-09","BIGC.20230720.HESS.3","A00000396413",,"EMPSP","Y","Empididae sp.",,"family","Arthropoda","Hexapoda","Insecta","Pterygota","Neoptera","Holometabola","Diptera","Brachycera","Muscomorpha",,"Empididae",,,,,"sp.",,"larva",2,,8,100,8,"Y","N","early instar","condition OK","Y",,"Merritt et al. 2019","N","Rhithron Associates, Inc.","S. Sullivan",,,
"2141cbd4-42b3-48ea-a203-78be0a925e49","D17","BIGC","BIGC.AOS.reach","2023-07-20T17:42Z","2024-10-08","BIGC.20230720.SURBER.2","A00000396416",,"SPESP4","Y","Sperchon sp.",,"genus","Arthropoda","Chelicerata","Arachnida","Acari",,"Acariformes","Trombidiformes","Prostigmata",,"Lebertioidea","Sperchontidae",,,,"Sperchon","sp.",,"adult",1,,4,7,57,"N","N",,"condition OK","Y",,"Thorp and Rogers 2016","N","Rhithron Associates, Inc.","J. Webb",,,
"967e91bd-5003-436c-8cca-502503e57721","D17","BIGC","BIGC.AOS.reach","2023-07-20T17:42Z","2024-10-09","BIGC.20230720.HESS.4","A00000396399",,"BAETRI2","Y","Baetis tricaudatus cx.",,"speciesGroup","Arthropoda","Hexapoda","Insecta","Pterygota","Palaeoptera",,"Ephemeroptera",,,,"Baetidae",,,,"Baetis","tricaudatus cx.",,"larva",2,,1,100,1,"N","N",,"condition OK","Y",,"Morihara and McCafferty 1979; Wiersema, 2004; Webb et al. 2018","N","Rhithron Associates, Inc.","S. Sullivan",,,
"6ef544b5-24c0-4738-b6a5-cbf30c7baeb7","D17","BIGC","BIGC.AOS.reach","2023-07-20T17:42Z","2024-10-10","BIGC.20230720.SURBER.3","A00000396538","BA23NEOMST28008O1","NAICOM","Y","Nais communis/variabilis",,"speciesGroup","Annelida","Clitellata","Oligochaeta","Oligochaeta",,,"Tubificida",,,,"Naididae","Naidinae",,,"Nais","communis/variabilis",,"immature",3,,1,10,10,"Y","N",,"condition OK","Y",,"Kathman and Brinkhurst, 1999","Y","Rhithron Associates, Inc.","A. Fasbender",,,
"cab67c3f-3a98-4b35-b904-f3a1ec303add","D17","BIGC","BIGC.AOS.reach","2023-07-20T17:42Z","2024-10-09","BIGC.20230720.SURBER.1","A00000396415",,"MICSP5","Y","Microtendipes sp.",,"genus","Arthropoda","Hexapoda","Insecta","Pterygota","Neoptera","Holometabola","Diptera","Nematocera","Culicomorpha",,"Chironomidae","Chironominae","Chironomini",,"Microtendipes","sp.",,"larva",1,,1,70,1,"N","N",,"condition OK","Y",,"Weiderholm, 1983; Weiderholm, 1986; Epler 2001; Ferrington et al. 2019; Andersen, Cranston and Epler 2013","N","Rhithron Associates, Inc.","R. Spring",,,
"8ba002cd-5fef-4b78-80c9-167a6fc8495b","D17","BIGC","BIGC.AOS.reach","2023-07-20T17:42Z","2024-10-09","BIGC.20230720.HESS.3","A00000396413",,"PLESP","Y","Plecoptera sp.",,"order","Arthropoda","Hexapoda","Insecta","Pterygota","Neoptera","Polyneoptera","Plecoptera",,,,,,,,,"sp.",,"larva",1,,2,100,2,"Y","N","early instar","condition OK","Y",,"Merritt et al. 2019","N","Rhithron Associates, Inc.","S. Sullivan","Capniidae?",,
"e01ef3b6-dd5f-4a13-b95b-eb1a9387ed15","D17","BIGC","BIGC.AOS.reach","2023-07-20T17:42Z","2024-10-09","BIGC.20230720.HESS.5","A00000396335",,"HYDSP24","Y","Hydroptila sp.",,"genus","Arthropoda","Hexapoda","Insecta","Pterygota","Neoptera","Holometabola","Trichoptera",,,"Hydroptiloidea","Hydroptilidae","Hydroptilinae","Hydroptilini",,"Hydroptila","sp.",,"larva",1,,61,100,61,"N","N",,"condition OK","Y",,"Wiggins 1996; Merritt et al. 2019","N","Rhithron Associates, Inc.","S. Sullivan",,,
"e46799c7-48ac-4f6c-8871-da1abf6c9834","D17","BIGC","BIGC.AOS.reach","2023-07-20T17:42Z","2024-10-09","BIGC.20230720.HESS.5","A00000396335",,"NATSP2","Y","Natarsia sp.",,"genus","Arthropoda","Hexapoda","Insecta","Pterygota","Neoptera","Holometabola","Diptera","Nematocera","Culicomorpha",,"Chironomidae","Tanypodinae","Natarsiini",,"Natarsia","sp.",,"larva",8,,1,100,1,"N","N",,"condition OK","Y",,"Weiderholm, 1983; Weiderholm, 1986; Epler 2001; Ferrington et al. 2019; Andersen, Cranston and Epler 2013","N","Rhithron Associates, Inc.","R. Spring",,,
"fa7f08af-ef26-42eb-9669-d1a96a0f2b27","D17","BIGC","BIGC.AOS.reach","2023-07-20T17:42Z","2024-10-09","BIGC.20230720.HESS.4","A00000396399",,"PARSP26","Y","Parametriocnemus sp.",,"genus","Arthropoda","Hexapoda","Insecta","Pterygota","Neoptera","Holometabola","Diptera","Nematocera","Culicomorpha",,"Chironomidae","Orthocladiinae",,,"Parametriocnemus","sp.",,"larva",3,,2,100,2,"N","N",,"condition OK","Y",,"Weiderholm, 1983; Weiderholm, 1986; Epler 2001; Ferrington et al. 2019; Andersen, Cranston and Epler 2013","N","Rhithron Associates, Inc.","R. Spring",,,
"c075d9c5-6fcf-47e6-807b-b4388c6998bd","D17","BIGC","BIGC.AOS.reach","2023-07-20T17:42Z","2024-10-08","BIGC.20230720.HESS.1","A00000396398",,"OSTSP","Y","Ostracoda sp.",,"class","Arthropoda","Crustacea","Ostracoda",,,,,,,,,,,,,"sp.",,"unknown",1,,1,30,3,"N","N",,"condition OK","Y",,"Thorp and Rogers 2016","N","Rhithron Associates, Inc.","B. Moore",,,
"8546e526-f8be-44c8-b9e5-ad44f5cd0e2f","D17","BIGC","BIGC.AOS.reach","2023-07-20T17:42Z","2024-10-09","BIGC.20230720.HESS.5","A00000396335",,"PHASP9","Y","Phaenopsectra sp.",,"genus","Arthropoda","Hexapoda","Insecta","Pterygota","Neoptera","Holometabola","Diptera","Nematocera","Culicomorpha",,"Chironomidae","Chironominae","Chironomini",,"Phaenopsectra","sp.",,"larva",2,,3,100,3,"N","N",,"condition OK","Y",,"Weiderholm, 1983; Weiderholm, 1986; Epler 2001; Ferrington et al. 2019; Andersen, Cranston and Epler 2013","N","Rhithron Associates, Inc.","R. Spring",,,
"14280341-d006-4afd-b844-42cd769ab330","D17","BIGC","BIGC.AOS.reach","2023-07-20T17:42Z","2024-10-10","BIGC.20230720.SURBER.3","A00000396538",,"ORTSP3","Y","Orthocladius sp.",,"genus","Arthropoda","Hexapoda","Insecta","Pterygota","Neoptera","Holometabola","Diptera","Nematocera","Culicomorpha",,"Chironomidae","Orthocladiinae",,,"Orthocladius","sp.",,"larva",6,,1,10,10,"N","N",,"condition OK","Y",,"Weiderholm, 1983; Weiderholm, 1986; Epler 2001; Ferrington et al. 2019; Andersen, Cranston and Epler 2013","Y","Rhithron Associates, Inc.","R. Spring",,,
"a7890e46-7d4a-4619-910d-ef013ca334a9","D17","BIGC","BIGC.AOS.reach","2023-07-20T17:42Z","2024-10-09","BIGC.20230720.HESS.5","A00000396335",,"CERSP2","Y","Ceratopogonidae sp.",,"family","Arthropoda","Hexapoda","Insecta","Pterygota","Neoptera","Holometabola","Diptera","Nematocera","Culicomorpha",,"Ceratopogonidae",,,,,"sp.",,"pupa",2,,2,100,2,"N","N",,"condition OK","N",,"Merritt et al. 2019","N","Rhithron Associates, Inc.","S. Sullivan",,,
"2332e51c-8339-4626-a41b-d933954963f7","D17","BIGC","BIGC.AOS.reach","2023-07-20T17:42Z","2024-10-09","BIGC.20230720.SURBER.1","A00000396415",,"RHESP2","Y","Rheotanytarsus sp.",,"genus","Arthropoda","Hexapoda","Insecta","Pterygota","Neoptera","Holometabola","Diptera","Nematocera","Culicomorpha",,"Chironomidae","Chironominae","Tanytarsini",,"Rheotanytarsus","sp.",,"larva",1,,6,70,9,"N","N",,"condition OK","Y",,"Weiderholm, 1983; Weiderholm, 1986; Epler 2001; Ferrington et al. 2019; Andersen, Cranston and Epler 2013","N","Rhithron Associates, Inc.","R. Spring",,,
"c41b0467-0d44-4f45-b42a-e654a3defa15","D17","BIGC","BIGC.AOS.reach","2023-07-20T17:42Z","2024-10-09","BIGC.20230720.HESS.5","A00000396335",,"THIGRO","Y","Thienemannimyia gr.",,"speciesGroup","Arthropoda","Hexapoda","Insecta","Pterygota","Neoptera","Holometabola","Diptera","Nematocera","Culicomorpha",,"Chironomidae","Tanypodinae","Pentaneurini",,"Thienemannimyia","gr.",,"larva",2,,5,100,5,"Y","N","early instar","condition OK","N",,"Weiderholm, 1983; Weiderholm, 1986; Epler 2001; Ferrington et al. 2008; Andersen, Cranston and Epler 2017","N","Rhithron Associates, Inc.","R. Spring",,,
"de57433d-f8bf-49eb-934d-9e1584046fe2","D17","BIGC","BIGC.AOS.reach","2023-07-20T17:42Z","2024-10-08","BIGC.20230720.HESS.1","A00000396398",,"EUKSP","Y","Eukiefferiella sp.",,"genus","Arthropoda","Hexapoda","Insecta","Pterygota","Neoptera","Holometabola","Diptera","Nematocera","Culicomorpha",,"Chironomidae","Orthocladiinae",,,"Eukiefferiella","sp.",,"larva",1,,11,30,37,"Y","N","early instar","condition OK","Y",,"Weiderholm, 1983; Bode, 1983; Weiderholm, 1986; Epler 2001; Ferrington et al. 2019; Andersen, Cranston and Epler 2013","N","Rhithron Associates, Inc.","R. Spring",,,
"d9e3a356-02af-40f0-84ef-79e115a1a140","D17","BIGC","BIGC.AOS.reach","2023-07-20T17:42Z","2024-10-09","BIGC.20230720.HESS.5","A00000396335",,"BRISP","Y","Brillia sp.",,"genus","Arthropoda","Hexapoda","Insecta","Pterygota","Neoptera","Holometabola","Diptera","Nematocera","Culicomorpha",,"Chironomidae","Orthocladiinae",,,"Brillia","sp.",,"larva",3,,2,100,2,"N","N",,"condition OK","Y",,"Weiderholm, 1983; Weiderholm, 1986; Epler 2001; Ferrington et al. 2019; Andersen, Cranston and Epler 2013","N","Rhithron Associates, Inc.","R. Spring",,,
"9a57039b-b07b-42a8-8588-7af9f92b8eed","D17","BIGC","BIGC.AOS.reach","2023-07-20T17:42Z","2024-10-09","BIGC.20230720.SURBER.2","A00000396416",,"PARSP26","Y","Parametriocnemus sp.",,"genus","Arthropoda","Hexapoda","Insecta","Pterygota","Neoptera","Holometabola","Diptera","Nematocera","Culicomorpha",,"Chironomidae","Orthocladiinae",,,"Parametriocnemus","sp.",,"larva",2,,1,7,14,"N","N",,"condition OK","Y",,"Weiderholm, 1983; Weiderholm, 1986; Epler 2001; Ferrington et al. 2019; Andersen, Cranston and Epler 2013","N","Rhithron Associates, Inc.","R. Spring",,,
"c66c5a68-b688-41a0-a700-1c259965e42c","D17","BIGC","BIGC.AOS.reach","2023-07-20T17:42Z","2024-10-08","BIGC.20230720.HESS.2","A00000396397",,"CLASP6","Y","Cladotanytarsus sp.",,"genus","Arthropoda","Hexapoda","Insecta","Pterygota","Neoptera","Holometabola","Diptera","Nematocera","Culicomorpha",,"Chironomidae","Chironominae","Tanytarsini",,"Cladotanytarsus","sp.",,"larva",1,,1,100,1,"N","N",,"condition OK","Y",,"Weiderholm, 1983; Weiderholm, 1986; Epler 2001; Ferrington et al. 2019; Andersen, Cranston and Epler 2013","N","Rhithron Associates, Inc.","R. Spring",,,
"1719c5c2-8af9-4fcf-b2d4-7d225ded3cf1","D17","BIGC","BIGC.AOS.reach","2023-07-20T17:42Z","2024-10-08","BIGC.20230720.HESS.3","A00000396413",,"BRISP","Y","Brillia sp.",,"genus","Arthropoda","Hexapoda","Insecta","Pterygota","Neoptera","Holometabola","Diptera","Nematocera","Culicomorpha",,"Chironomidae","Orthocladiinae",,,"Brillia","sp.",,"larva",1,,4,100,4,"N","N",,"condition OK","Y",,"Weiderholm, 1983; Weiderholm, 1986; Epler 2001; Ferrington et al. 2019; Andersen, Cranston and Epler 2013","N","Rhithron Associates, Inc.","R. Spring",,,
"1afff419-8cd2-43cc-b1bd-1d4f57877fe5","D17","BIGC","BIGC.AOS.reach","2023-07-20T17:42Z","2024-10-09","BIGC.20230720.SURBER.3","A00000396538",,"ZAISP","Y","Zaitzevia sp.",,"genus","Arthropoda","Hexapoda","Insecta","Pterygota","Neoptera","Holometabola","Coleoptera","Polyphaga","Elateriformia","Byrrhoidea","Elmidae","Elminae","Macronychini",,"Zaitzevia","sp.",,"larva",3,,1,10,10,"N","N",,"condition OK","Y",,"Brown 1972; Merritt et al. 2019","Y","Rhithron Associates, Inc.","S. Sullivan",,,
"8a7ae3a1-6d33-41f3-adc9-198649d826ba","D17","BIGC","BIGC.AOS.reach","2023-07-20T17:42Z","2024-10-09","BIGC.20230720.HESS.5","A00000396335",,"MICSP6","Y","Micropsectra sp.",,"genus","Arthropoda","Hexapoda","Insecta","Pterygota","Neoptera","Holometabola","Diptera","Nematocera","Culicomorpha",,"Chironomidae","Chironominae","Tanytarsini",,"Micropsectra","sp.",,"larva",1,,11,100,11,"N","N",,"condition OK","Y",,"Weiderholm, 1983; Weiderholm, 1986; Epler 2001; Ferrington et al. 2019; Andersen, Cranston and Epler 2013","N","Rhithron Associates, Inc.","R. Spring",,,
"bb7ba8b7-175e-47eb-ae7b-e8290d536a25","D17","BIGC","BIGC.AOS.reach","2023-07-20T17:42Z","2024-10-09","BIGC.20230720.HESS.4","A00000396399",,"PARSP31","Y","Paracladopelma sp.",,"genus","Arthropoda","Hexapoda","Insecta","Pterygota","Neoptera","Holometabola","Diptera","Nematocera","Culicomorpha",,"Chironomidae","Chironominae","Chironomini",,"Paracladopelma","sp.",,"larva",3,,3,100,3,"N","N",,"condition OK","Y",,"Weiderholm, 1983; Weiderholm, 1986; Epler 2001; Ferrington et al. 2019; Andersen, Cranston and Epler 2013","N","Rhithron Associates, Inc.","R. Spring",,,
"cfda30cf-2dba-42ff-b610-e8ce77bb04b0","D17","BIGC","BIGC.AOS.reach","2023-07-20T17:42Z","2024-10-09","BIGC.20230720.HESS.4","A00000396399",,"ARGSP5","Y","Argia sp.",,"genus","Arthropoda","Hexapoda","Insecta","Pterygota","Palaeoptera",,"Odonata","Zygoptera",,,"Coenagrionidae",,,,"Argia","sp.",,"larva",4,,1,100,1,"N","N",,"condition OK","Y",,"Merritt et al. 2019; Westfall and May 1996","N","Rhithron Associates, Inc.","S. Sullivan",,,
"296c681d-1a00-4db3-8bc1-f99e63d2f3f6","D17","BIGC","BIGC.AOS.reach","2023-07-20T17:42Z","2024-10-09","BIGC.20230720.HESS.3","A00000396413",,"CERSP10","Y","Ceratopogoninae sp.",,"subfamily","Arthropoda","Hexapoda","Insecta","Pterygota","Neoptera","Holometabola","Diptera","Nematocera","Culicomorpha",,"Ceratopogonidae","Ceratopogoninae",,,,"sp.",,"larva",6,,1,100,1,"N","N",,"condition OK","Y",,"Merritt et al. 2019","N","Rhithron Associates, Inc.","S. Sullivan",,,
"1caee635-2573-41ea-b956-ac9731990786","D17","BIGC","BIGC.AOS.reach","2023-07-20T17:42Z","2024-10-09","BIGC.20230720.SURBER.2","A00000396416",,"TVESP","Y","Tvetenia sp.",,"genus","Arthropoda","Hexapoda","Insecta","Pterygota","Neoptera","Holometabola","Diptera","Nematocera","Culicomorpha",,"Chironomidae","Orthocladiinae",,,"Tvetenia","sp.",,"larva",2,,1,7,14,"N","N",,"condition OK","Y",,"Weiderholm, 1983; Weiderholm, 1986; Epler 2001; Ferrington et al. 2019; Andersen, Cranston and Epler 2013","N","Rhithron Associates, Inc.","R. Spring",,,
"81fce5a3-a448-4e6b-9378-047f9de2235a","D17","BIGC","BIGC.AOS.reach","2023-07-20T17:42Z","2024-10-08","BIGC.20230720.SURBER.1","A00000396415",,"OPTSP","Y","Optioservus sp.",,"genus","Arthropoda","Hexapoda","Insecta","Pterygota","Neoptera","Holometabola","Coleoptera","Polyphaga","Elateriformia","Byrrhoidea","Elmidae","Elminae","Elmini",,"Optioservus","sp.",,"adult",3,,1,70,1,"N","N",,"condition OK","Y",,"Brown 1972; Merritt et al. 2019","N","Rhithron Associates, Inc.","S. Sullivan",,,
"5fe91d15-d7d0-4902-b53f-31f076465ab5","D17","BIGC","BIGC.AOS.reach","2023-07-20T17:42Z","2024-10-08","BIGC.20230720.SURBER.2","A00000396416",,"EUBEDW","Y","Eubrianax edwardsii",,"species","Arthropoda","Hexapoda","Insecta","Pterygota","Neoptera","Holometabola","Coleoptera","Polyphaga","Elateriformia","Byrrhoidea","Psephenidae","Eubrianacinae",,,"Eubrianax","edwardsii",,"larva",4,,1,7,14,"N","N",,"condition OK","Y",,"Merritt et al. 2019","N","Rhithron Associates, Inc.","J. Webb",,,
"f51c9832-33dd-467b-8c9d-0affd6224505","D17","BIGC","BIGC.AOS.reach","2023-07-20T17:42Z","2024-10-08","BIGC.20230720.HESS.2","A00000396397",,"PENSP7","Y","Pentaneura sp.",,"genus","Arthropoda","Hexapoda","Insecta","Pterygota","Neoptera","Holometabola","Diptera","Nematocera","Culicomorpha",,"Chironomidae","Tanypodinae","Pentaneurini",,"Pentaneura","sp.",,"larva",5,,3,100,3,"N","N",,"condition OK","Y",,"Weiderholm, 1983; Weiderholm, 1986; Epler 2001; Ferrington et al. 2019; Andersen, Cranston and Epler 2013","N","Rhithron Associates, Inc.","R. Spring",,,
"590daf5d-88da-43d4-850e-b638969375b8","D17","BIGC","BIGC.AOS.reach","2023-07-20T17:42Z","2024-10-08","BIGC.20230720.HESS.1","A00000396398",,"EPHSP1","Y","Ephemerellidae sp.",,"family","Arthropoda","Hexapoda","Insecta","Pterygota","Palaeoptera",,"Ephemeroptera","Furcatergalia","Pannota","Ephemerelloidea","Ephemerellidae",,,,,"sp.",,"larva",1,,13,30,43,"Y","N","early instar","condition OK","Y",,"Merritt et al. 2019","N","Rhithron Associates, Inc.","B. Moore",,,
"95bff2ad-5969-4192-a6d7-93b93d0bf9c9","D17","BIGC","BIGC.AOS.reach","2023-07-20T17:42Z","2024-10-08","BIGC.20230720.SURBER.1","A00000396415",,"BAETRI2","Y","Baetis tricaudatus cx.",,"speciesGroup","Arthropoda","Hexapoda","Insecta","Pterygota","Palaeoptera",,"Ephemeroptera",,,,"Baetidae",,,,"Baetis","tricaudatus cx.",,"larva",3,,26,70,37,"N","N",,"condition OK","Y",,"Morihara and McCafferty 1979; Wiersema, 2004; Webb et al. 2018","N","Rhithron Associates, Inc.","S. Sullivan",,,
"1ce98240-bcc1-43be-9911-520d1fedbe50","D17","BIGC","BIGC.AOS.reach","2023-07-20T17:42Z","2024-10-09","BIGC.20230720.HESS.5","A00000396335",,"GOMSP","Y","Gomphidae sp.",,"family","Arthropoda","Hexapoda","Insecta","Pterygota","Palaeoptera",,"Odonata","Anisoptera",,,"Gomphidae",,,,,"sp.",,"larva",6,,1,100,1,"Y","N","early instar","condition OK","Y",,"Needham et al. 2000; Merritt et al. 2019; Tennessen 2019","N","Rhithron Associates, Inc.","S. Sullivan",,,
"98455092-5785-4310-98c9-1af6e445e6d2","D17","BIGC","BIGC.AOS.reach","2023-07-20T17:42Z","2024-10-09","BIGC.20230720.SURBER.3","A00000396538",,"NEMSP","Y","Nematoda sp.",,"phylum","Nematoda",,,,,,,,,,,,,,,"sp.",,"unknown",2,,1,10,10,"N","N",,"condition OK","Y",,"Thorp and Rogers 2016","Y","Rhithron Associates, Inc.","S. Sullivan",,,
"3453d8e0-badd-4630-84ac-53ad782d4015","D17","BIGC","BIGC.AOS.reach","2023-07-20T17:42Z","2024-10-09","BIGC.20230720.HESS.3","A00000396413",,"LEPSP20","Y","Lepidostoma sp.",,"genus","Arthropoda","Hexapoda","Insecta","Pterygota","Neoptera","Holometabola","Trichoptera",,,"Limnephiloidea","Lepidostomatidae","Lepidostomatinae",,,"Lepidostoma","sp.",,"larva",1,,2,100,2,"N","N",,"condition OK","Y",,"Wiggins 1996; Merritt et al. 2019","N","Rhithron Associates, Inc.","S. Sullivan",,,
"bd784220-7f97-418a-9d9c-018441891eea","D17","BIGC","BIGC.AOS.reach","2023-07-20T17:42Z","2024-10-09","BIGC.20230720.SURBER.3","A00000396538",,"DICSP6","Y","Dicranota sp.",,"genus","Arthropoda","Hexapoda","Insecta","Pterygota","Neoptera","Holometabola","Diptera","Nematocera","Tipulomorpha",,"Tipulidae","Limoniinae","Pediciini",,"Dicranota","sp.",,"larva",3,,1,10,10,"N","N",,"condition OK","Y",,"Gelhaus and Podeniene 2018; Merritt et al. 2019","Y","Rhithron Associates, Inc.","S. Sullivan",,,
"1756f54d-5f7d-4fe7-8536-ce5957c83604","D17","BIGC","BIGC.AOS.reach","2023-07-20T17:42Z","2024-10-09","BIGC.20230720.HESS.5","A00000396335",,"HYDSP24","Y","Hydroptila sp.",,"genus","Arthropoda","Hexapoda","Insecta","Pterygota","Neoptera","Holometabola","Trichoptera",,,"Hydroptiloidea","Hydroptilidae","Hydroptilinae","Hydroptilini",,"Hydroptila","sp.",,"larva",3,,18,100,18,"N","N",,"condition OK","Y",,"Wiggins 1996; Merritt et al. 2019","N","Rhithron Associates, Inc.","S. Sullivan",,,
"bffaf946-c35b-4b57-a8c7-792aa68ab204","D17","BIGC","BIGC.AOS.reach","2023-07-20T17:42Z","2024-10-08","BIGC.20230720.HESS.3","A00000396413",,"CLASP6","Y","Cladotanytarsus sp.",,"genus","Arthropoda","Hexapoda","Insecta","Pterygota","Neoptera","Holometabola","Diptera","Nematocera","Culicomorpha",,"Chironomidae","Chironominae","Tanytarsini",,"Cladotanytarsus","sp.",,"larva",1,,1,100,1,"N","N",,"condition OK","Y",,"Weiderholm, 1983; Weiderholm, 1986; Epler 2001; Ferrington et al. 2019; Andersen, Cranston and Epler 2013","N","Rhithron Associates, Inc.","R. Spring",,,
"7ea4c845-8bfd-4e95-a4d2-864b814b39e9","D17","BIGC","BIGC.AOS.reach","2023-07-20T17:42Z","2024-10-08","BIGC.20230720.HESS.3","A00000396413",,"PENSP7","Y","Pentaneura sp.",,"genus","Arthropoda","Hexapoda","Insecta","Pterygota","Neoptera","Holometabola","Diptera","Nematocera","Culicomorpha",,"Chironomidae","Tanypodinae","Pentaneurini",,"Pentaneura","sp.",,"larva",1,,1,100,1,"N","N",,"condition OK","Y",,"Weiderholm, 1983; Weiderholm, 1986; Epler 2001; Ferrington et al. 2019; Andersen, Cranston and Epler 2013","N","Rhithron Associates, Inc.","R. Spring",,,
"4ee40e10-a69b-4dbc-bfbd-1f79c70aa855","D17","BIGC","BIGC.AOS.reach","2023-07-20T17:42Z","2024-10-09","BIGC.20230720.HESS.4","A00000396399",,"CRYSP4","Y","Cryptolabis sp.",,"genus","Arthropoda","Hexapoda","Insecta","Pterygota","Neoptera","Holometabola","Diptera","Nematocera","Tipulomorpha",,"Tipulidae","Limoniinae","Eriopterini",,"Cryptolabis","sp.",,"larva",3,,3,100,3,"N","N",,"condition OK","Y",,"Gelhaus and Podeniene 2018; Merritt et al. 2019","N","Rhithron Associates, Inc.","S. Sullivan",,,
"67033807-3715-47ac-a039-c67caf5366b1","D17","BIGC","BIGC.AOS.reach","2023-07-20T17:42Z","2024-10-09","BIGC.20230720.HESS.5","A00000396335",,"PARSP31","Y","Paracladopelma sp.",,"genus","Arthropoda","Hexapoda","Insecta","Pterygota","Neoptera","Holometabola","Diptera","Nematocera","Culicomorpha",,"Chironomidae","Chironominae","Chironomini",,"Paracladopelma","sp.",,"larva",2,,13,100,13,"N","N",,"condition OK","Y",,"Weiderholm, 1983; Weiderholm, 1986; Epler 2001; Ferrington et al. 2019; Andersen, Cranston and Epler 2013","N","Rhithron Associates, Inc.","R. Spring",,,
"d53b2e57-3512-4e41-971f-9ee9490225ba","D17","BIGC","BIGC.AOS.reach","2023-07-20T17:42Z","2024-10-08","BIGC.20230720.HESS.2","A00000396397",,"OPTSP","Y","Optioservus sp.",,"genus","Arthropoda","Hexapoda","Insecta","Pterygota","Neoptera","Holometabola","Coleoptera","Polyphaga","Elateriformia","Byrrhoidea","Elmidae","Elminae","Elmini",,"Optioservus","sp.",,"larva",2,,1,100,1,"N","N",,"condition OK","Y",,"Brown 1972; Merritt et al. 2019","N","Rhithron Associates, Inc.","J. Webb",,,
"c02b2cef-1ad6-4daa-b865-221ffc822cb0","D17","BIGC","BIGC.AOS.reach","2023-07-20T17:42Z","2024-10-08","BIGC.20230720.HESS.3","A00000396413",,"PARSP31","Y","Paracladopelma sp.",,"genus","Arthropoda","Hexapoda","Insecta","Pterygota","Neoptera","Holometabola","Diptera","Nematocera","Culicomorpha",,"Chironomidae","Chironominae","Chironomini",,"Paracladopelma","sp.",,"larva",1,,2,100,2,"N","N",,"condition OK","Y",,"Weiderholm, 1983; Weiderholm, 1986; Epler 2001; Ferrington et al. 2019; Andersen, Cranston and Epler 2013","N","Rhithron Associates, Inc.","R. Spring",,,
"686c1535-1c35-481b-8863-9e4861d442a7","D17","BIGC","BIGC.AOS.reach","2023-07-20T17:42Z","2024-10-09","BIGC.20230720.HESS.5","A00000396335",,"NILSP","Y","Nilotanypus sp.",,"genus","Arthropoda","Hexapoda","Insecta","Pterygota","Neoptera","Holometabola","Diptera","Nematocera","Culicomorpha",,"Chironomidae","Tanypodinae","Pentaneurini",,"Nilotanypus","sp.",,"larva",2,,1,100,1,"N","N",,"condition OK","Y",,"Weiderholm, 1983; Weiderholm, 1986; Epler 2001; Ferrington et al. 2019; Andersen, Cranston and Epler 2013","N","Rhithron Associates, Inc.","R. Spring",,,
"60da54cf-4d69-41b5-9b4c-b79d533794ae","D17","BIGC","BIGC.AOS.reach","2023-07-20T17:42Z","2024-10-08","BIGC.20230720.HESS.2","A00000396397",,"PENSP7","Y","Pentaneura sp.",,"genus","Arthropoda","Hexapoda","Insecta","Pterygota","Neoptera","Holometabola","Diptera","Nematocera","Culicomorpha",,"Chironomidae","Tanypodinae","Pentaneurini",,"Pentaneura","sp.",,"larva",3,,4,100,4,"N","N",,"condition OK","Y",,"Weiderholm, 1983; Weiderholm, 1986; Epler 2001; Ferrington et al. 2019; Andersen, Cranston and Epler 2013","N","Rhithron Associates, Inc.","R. Spring",,,
"6fe11770-dfdc-48f7-8a84-87e2bf9aca5d","D17","BIGC","BIGC.AOS.reach","2023-07-20T17:42Z","2024-10-08","BIGC.20230720.HESS.3","A00000396413",,"TANSP7","Y","Tanypodinae sp.",,"subfamily","Arthropoda","Hexapoda","Insecta","Pterygota","Neoptera","Holometabola","Diptera","Nematocera","Culicomorpha",,"Chironomidae","Tanypodinae",,,,"sp.",,"larva",1,,4,100,4,"Y","N","early instar","condition OK","N",,"Weiderholm, 1983; Weiderholm, 1986; Epler 2001; Ferrington et al. 2019; Andersen, Cranston and Epler 2013","N","Rhithron Associates, Inc.","R. Spring",,,
"be71c59f-46f5-41bd-bab0-b3759d8e2cf3","D17","BIGC","BIGC.AOS.reach","2023-07-20T17:42Z","2024-10-09","BIGC.20230720.HESS.5","A00000396335",,"CORSP17","Y","Cordulegaster sp.",,"genus","Arthropoda","Hexapoda","Insecta","Pterygota","Palaeoptera",,"Odonata","Anisoptera",,,"Cordulegastridae",,,,"Cordulegaster","sp.",,"larva",6,,1,100,1,"Y","N","early instar","condition OK","Y",,"Needham et al. 2000; Merritt et al. 2019; Tennessen 2019","N","Rhithron Associates, Inc.","S. Sullivan",,,
"434f3c9a-ffb3-4ec3-81cf-d6d7e0b1af7c","D17","BIGC","BIGC.AOS.reach","2023-07-20T17:42Z","2024-10-09","BIGC.20230720.SURBER.3","A00000396538",,"LEBSP1","Y","Lebertia sp.",,"genus","Arthropoda","Chelicerata","Arachnida","Acari",,"Acariformes","Trombidiformes","Prostigmata",,"Lebertioidea","Lebertiidae",,,,"Lebertia","sp.",,"adult",1,,3,10,30,"N","N",,"condition OK","Y",,"Thorp and Rogers 2016","Y","Rhithron Associates, Inc.","S. Sullivan",,,
"6f27d324-b818-476e-abc9-8f021a3d87ff","D17","BIGC","BIGC.AOS.reach","2023-07-20T17:42Z","2024-10-10","BIGC.20230720.HESS.4","A00000396399","BA23NEOMST28004O1","NAISP1","Y","Nais sp.",,"genus","Annelida","Clitellata","Oligochaeta","Oligochaeta",,,"Tubificida",,,,"Naididae","Naidinae",,,"Nais","sp.",,"immature",2,,2,100,2,"Y","N",,"condition OK","Y",,"Kathman and Brinkhurst, 1999","N","Rhithron Associates, Inc.","A. Fasbender",,,
"6b61eb44-c056-4b24-89db-a44c438d656f","D17","BIGC","BIGC.AOS.reach","2023-07-20T17:42Z","2024-10-08","BIGC.20230720.HESS.1","A00000396398",,"NEOSP69","Y","Neoleptophlebia sp.",,"genus","Arthropoda","Hexapoda","Insecta","Pterygota","Palaeoptera",,"Ephemeroptera","Furcatergalia","Lanceolata",,"Leptophlebiidae",,,,"Neoleptophlebia","sp.",,"larva",3,,1,30,3,"N","N",,"condition OK","Y",,"Merritt et al. 2019; Tiunova and Kluge 2016","N","Rhithron Associates, Inc.","B. Moore",,,
"105dc83a-7870-4a01-ab93-abeac75ac4f2","D17","BIGC","BIGC.AOS.reach","2023-07-20T17:42Z","2024-10-09","BIGC.20230720.HESS.5","A00000396335",,"PENSP7","Y","Pentaneura sp.",,"genus","Arthropoda","Hexapoda","Insecta","Pterygota","Neoptera","Holometabola","Diptera","Nematocera","Culicomorpha",,"Chironomidae","Tanypodinae","Pentaneurini",,"Pentaneura","sp.",,"larva",2,,10,100,10,"N","N",,"condition OK","Y",,"Weiderholm, 1983; Weiderholm, 1986; Epler 2001; Ferrington et al. 2019; Andersen, Cranston and Epler 2013","N","Rhithron Associates, Inc.","R. Spring",,,
"dbd0a64a-8aa5-413d-8c5d-20258f2ee0fb","D17","BIGC","BIGC.AOS.reach","2023-07-20T17:42Z","2024-10-08","BIGC.20230720.SURBER.2","A00000396416",,"HYDSP4","Y","Hydropsychidae sp.",,"family","Arthropoda","Hexapoda","Insecta","Pterygota","Neoptera","Holometabola","Trichoptera",,,"Hydropsychoidea","Hydropsychidae",,,,,"sp.",,"larva",1,,1,7,14,"Y","N","early instar","condition OK","Y",,"Wiggins 1996, Merritt et al. 2019","N","Rhithron Associates, Inc.","J. Webb",,,
"7f1afda4-784e-4686-b36a-dddfb3b7bede","D17","BIGC","BIGC.AOS.reach","2023-07-20T17:42Z","2024-10-08","BIGC.20230720.SURBER.2","A00000396416",,"SIMSP1","Y","Simulium sp.",,"genus","Arthropoda","Hexapoda","Insecta","Pterygota","Neoptera","Holometabola","Diptera","Nematocera","Culicomorpha",,"Simuliidae","Simuliinae","Simuliini",,"Simulium","sp.",,"larva",3,,16,7,229,"N","N",,"condition OK","Y",,"Adler et al. 2004; Merritt et al. 2019","N","Rhithron Associates, Inc.","J. Webb",,,
"39062af5-607c-4d4c-a1a8-cfdfee7d797a","D17","BIGC","BIGC.AOS.reach","2023-07-20T17:42Z","2024-10-09","BIGC.20230720.HESS.3","A00000396413",,"HYDSP5","Y","Hydroptilidae sp.",,"family","Arthropoda","Hexapoda","Insecta","Pterygota","Neoptera","Holometabola","Trichoptera",,,"Hydroptiloidea","Hydroptilidae",,,,,"sp.",,"larva",1,,30,100,30,"Y","N","early instar","condition OK","N",,"Wiggins 1996; Merritt et al. 2019","N","Rhithron Associates, Inc.","S. Sullivan",,,
"be7e8260-44d0-47e1-b0e8-241eb2e3c7c9","D17","BIGC","BIGC.AOS.reach","2023-07-20T17:42Z","2024-10-08","BIGC.20230720.SURBER.2","A00000396416",,"HYDSP24","Y","Hydroptila sp.",,"genus","Arthropoda","Hexapoda","Insecta","Pterygota","Neoptera","Holometabola","Trichoptera",,,"Hydroptiloidea","Hydroptilidae","Hydroptilinae","Hydroptilini",,"Hydroptila","sp.",,"larva",2,,5,7,71,"N","N",,"condition OK","Y",,"Wiggins 1996; Merritt et al. 2019","N","Rhithron Associates, Inc.","J. Webb",,,
"e27c926b-da96-4ffc-863f-0c2b0ae792e9","D17","BIGC","BIGC.AOS.reach","2023-07-20T17:42Z","2024-10-10","BIGC.20230720.HESS.3","A00000396413","BA23NEOMST28003O1","CHASP10","Y","Chaetogaster sp.",,"genus","Annelida","Clitellata","Oligochaeta","Oligochaeta",,,"Tubificida",,,,"Naididae","Naidinae",,,"Chaetogaster","sp.",,"immature",2,,1,100,1,"Y","N",,"condition OK","Y",,"Kathman and Brinkhurst, 1999","N","Rhithron Associates, Inc.","A. Fasbender",,,
"eadbd5bc-2801-47cb-9111-e0ed814d56bc","D17","BIGC","BIGC.AOS.reach","2023-07-20T17:42Z","2024-10-08","BIGC.20230720.HESS.2","A00000396397",,"HYDSP24","Y","Hydroptila sp.",,"genus","Arthropoda","Hexapoda","Insecta","Pterygota","Neoptera","Holometabola","Trichoptera",,,"Hydroptiloidea","Hydroptilidae","Hydroptilinae","Hydroptilini",,"Hydroptila","sp.",,"larva",1,,1,100,1,"N","N",,"condition OK","Y",,"Wiggins 1996; Merritt et al. 2019","N","Rhithron Associates, Inc.","J. Webb",,,
"ebea7fdf-c016-418d-ae31-e2b93dd46123","D17","BIGC","BIGC.AOS.reach","2023-07-20T17:42Z","2024-10-08","BIGC.20230720.SURBER.1","A00000396415",,"HYDSP24","Y","Hydroptila sp.",,"genus","Arthropoda","Hexapoda","Insecta","Pterygota","Neoptera","Holometabola","Trichoptera",,,"Hydroptiloidea","Hydroptilidae","Hydroptilinae","Hydroptilini",,"Hydroptila","sp.",,"larva",2,,23,70,33,"N","N",,"condition OK","Y",,"Wiggins 1996; Merritt et al. 2019","N","Rhithron Associates, Inc.","S. Sullivan",,,
"1c00de13-2f91-44f0-bc9d-da68a42d8d25","D17","BIGC","BIGC.AOS.reach","2023-07-20T17:42Z","2024-10-08","BIGC.20230720.HESS.1","A00000396398",,"STESP10","Y","Stempellinella sp.",,"genus","Arthropoda","Hexapoda","Insecta","Pterygota","Neoptera","Holometabola","Diptera","Nematocera","Culicomorpha",,"Chironomidae","Chironominae","Tanytarsini",,"Stempellinella","sp.",,"larva",2,,4,30,13,"N","N",,"condition OK","Y",,"Weiderholm, 1983; Weiderholm, 1986; Epler 2001; Ferrington et al. 2019; Andersen, Cranston and Epler 2013","N","Rhithron Associates, Inc.","R. Spring",,,
"8eb6628f-9b96-4db5-b86c-284300f938d1","D17","BIGC","BIGC.AOS.reach","2023-07-20T17:42Z","2024-10-08","BIGC.20230720.SURBER.2","A00000396416",,"SIMSP1","Y","Simulium sp.",,"genus","Arthropoda","Hexapoda","Insecta","Pterygota","Neoptera","Holometabola","Diptera","Nematocera","Culicomorpha",,"Simuliidae","Simuliinae","Simuliini",,"Simulium","sp.",,"larva",2,,28,7,400,"N","N",,"condition OK","Y",,"Adler et al. 2004; Merritt et al. 2019","N","Rhithron Associates, Inc.","J. Webb",,,
"335b99a3-1505-4ffe-be3d-13b6ffb57666","D17","BIGC","BIGC.AOS.reach","2023-07-20T17:42Z","2024-10-09","BIGC.20230720.SURBER.2","A00000396416",,"ORTSP1","Y","Orthocladiinae sp.",,"subfamily","Arthropoda","Hexapoda","Insecta","Pterygota","Neoptera","Holometabola","Diptera","Nematocera","Culicomorpha",,"Chironomidae","Orthocladiinae",,,,"sp.",,"larva",1,,34,7,486,"Y","N","early instar","condition OK","N",,"Weiderholm, 1983; Weiderholm, 1986; Epler 2001; Ferrington et al. 2019; Andersen, Cranston and Epler 2013","N","Rhithron Associates, Inc.","R. Spring",,,
"c29ea336-a341-4769-8eb8-3e2c32c5de69","D17","BIGC","BIGC.AOS.reach","2023-07-20T17:42Z","2024-10-08","BIGC.20230720.HESS.1","A00000396398",,"ZAPCIN","Y","Zapada cinctipes",,"species","Arthropoda","Hexapoda","Insecta","Pterygota","Neoptera","Polyneoptera","Plecoptera","Euholognatha",,,"Nemouridae","Nemourinae",,,"Zapada","cinctipes",,"larva",1,,1,30,3,"N","N",,"condition OK","Y",,"Baumann et al. 1977; Stewart and Stark 2002; Merritt et al. 2019","N","Rhithron Associates, Inc.","B. Moore",,,
"c0303c81-02c6-4058-bf36-c0a2474d1733","D17","BIGC","BIGC.AOS.reach","2023-07-20T17:42Z","2024-10-08","BIGC.20230720.HESS.1","A00000396398",,"LEPSP20","Y","Lepidostoma sp.",,"genus","Arthropoda","Hexapoda","Insecta","Pterygota","Neoptera","Holometabola","Trichoptera",,,"Limnephiloidea","Lepidostomatidae","Lepidostomatinae",,,"Lepidostoma","sp.",,"larva",2,,2,30,7,"N","N",,"condition OK","Y",,"Wiggins 1996; Merritt et al. 2019","N","Rhithron Associates, Inc.","B. Moore",,,
"02a89972-1e42-46e1-9ee6-fa31469962b1","D17","BIGC","BIGC.AOS.reach","2023-07-20T17:42Z","2024-10-09","BIGC.20230720.SURBER.1","A00000396415",,"RHESP1","Y","Rheocricotopus sp.",,"genus","Arthropoda","Hexapoda","Insecta","Pterygota","Neoptera","Holometabola","Diptera","Nematocera","Culicomorpha",,"Chironomidae","Orthocladiinae",,,"Rheocricotopus","sp.",,"larva",2,,2,70,3,"N","N",,"condition OK","Y",,"Weiderholm, 1983; Weiderholm, 1986; Epler 2001; Ferrington et al. 2019; Andersen, Cranston and Epler 2013","N","Rhithron Associates, Inc.","R. Spring",,,
"723ac9f1-05e9-4eb1-942d-f2babeb0e7c3","D17","BIGC","BIGC.AOS.reach","2023-07-20T17:42Z","2024-10-08","BIGC.20230720.SURBER.1","A00000396415",,"GLOSP1","Y","Glossosomatidae sp.",,"family","Arthropoda","Hexapoda","Insecta","Pterygota","Neoptera","Holometabola","Trichoptera",,,"Glossosomatoidea","Glossosomatidae",,,,,"sp.",,"pupa",3,,1,70,1,"N","N",,"condition OK","N",,"Merritt et al. 2019; Wiggins 1996","N","Rhithron Associates, Inc.","S. Sullivan",,,
"f1b871d0-2309-4798-aff5-39a318f9aa56","D17","BIGC","BIGC.AOS.reach","2023-07-20T17:42Z","2024-10-10","BIGC.20230720.SURBER.3","A00000396538",,"CRISP2","Y","Cricotopus sp.",,"genus","Arthropoda","Hexapoda","Insecta","Pterygota","Neoptera","Holometabola","Diptera","Nematocera","Culicomorpha",,"Chironomidae","Orthocladiinae",,,"Cricotopus","sp.",,"larva",3,,6,10,60,"N","N",,"condition OK","Y",,"Weiderholm, 1983; Weiderholm, 1986; Epler 2001; Ferrington et al. 2019; Andersen, Cranston and Epler 2013","Y","Rhithron Associates, Inc.","R. Spring","unique",,
"f5ddae19-7c93-484f-9e6f-b57911b4a0cc","D17","BIGC","BIGC.AOS.reach","2023-07-20T17:42Z","2024-10-10","BIGC.20230720.HESS.3","A00000396413","BA23NEOMST28003O1","CHASP10","Y","Chaetogaster sp.",,"genus","Annelida","Clitellata","Oligochaeta","Oligochaeta",,,"Tubificida",,,,"Naididae","Naidinae",,,"Chaetogaster","sp.",,"immature",1,,1,100,1,"Y","N",,"condition OK","Y",,"Kathman and Brinkhurst, 1999","N","Rhithron Associates, Inc.","A. Fasbender",,,
"da633cc5-9290-4c0c-9c7f-76f0eee56103","D17","BIGC","BIGC.AOS.reach","2023-07-20T17:42Z","2024-10-09","BIGC.20230720.HESS.5","A00000396335",,"PENSP7","Y","Pentaneura sp.",,"genus","Arthropoda","Hexapoda","Insecta","Pterygota","Neoptera","Holometabola","Diptera","Nematocera","Culicomorpha",,"Chironomidae","Tanypodinae","Pentaneurini",,"Pentaneura","sp.",,"larva",4,,3,100,3,"N","N",,"condition OK","Y",,"Weiderholm, 1983; Weiderholm, 1986; Epler 2001; Ferrington et al. 2019; Andersen, Cranston and Epler 2013","N","Rhithron Associates, Inc.","R. Spring",,,
"03ba00c7-661d-473b-aaf7-aa74b8b5a108","D17","BIGC","BIGC.AOS.reach","2023-07-20T17:42Z","2024-10-10","BIGC.20230720.SURBER.3","A00000396538",,"RHESP2","Y","Rheotanytarsus sp.",,"genus","Arthropoda","Hexapoda","Insecta","Pterygota","Neoptera","Holometabola","Diptera","Nematocera","Culicomorpha",,"Chironomidae","Chironominae","Tanytarsini",,"Rheotanytarsus","sp.",,"larva",4,,5,10,50,"N","N",,"condition OK","Y",,"Weiderholm, 1983; Weiderholm, 1986; Epler 2001; Ferrington et al. 2019; Andersen, Cranston and Epler 2013","Y","Rhithron Associates, Inc.","R. Spring",,,
"89a7ec96-9b1b-422d-9f95-71142a6be0e0","D17","BIGC","BIGC.AOS.reach","2023-07-20T17:42Z","2024-10-09","BIGC.20230720.SURBER.3","A00000396538",,"SIMSP1","Y","Simulium sp.",,"genus","Arthropoda","Hexapoda","Insecta","Pterygota","Neoptera","Holometabola","Diptera","Nematocera","Culicomorpha",,"Simuliidae","Simuliinae","Simuliini",,"Simulium","sp.",,"pupa",3,,1,10,10,"N","N",,"condition OK","N",,"Adler et al. 2004; Merritt et al. 2019","Y","Rhithron Associates, Inc.","S. Sullivan",,,
"161b64ee-278d-4d50-85c9-3f356f935f11","D17","BIGC","BIGC.AOS.reach","2023-07-20T17:42Z","2024-10-09","BIGC.20230720.HESS.5","A00000396335",,"NEMSP","Y","Nematoda sp.",,"phylum","Nematoda",,,,,,,,,,,,,,,"sp.",,"unknown",2,,40,100,40,"N","N",,"condition OK","Y",,"Thorp and Rogers 2016","N","Rhithron Associates, Inc.","S. Sullivan",,,
"482601f8-2a2a-40d2-85e1-1ab41bcae9f0","D17","BIGC","BIGC.AOS.reach","2023-07-20T17:42Z","2024-10-08","BIGC.20230720.HESS.1","A00000396398",,"ATRSP3","Y","Atractides sp.",,"genus","Arthropoda","Chelicerata","Arachnida","Acari",,"Acariformes","Trombidiformes","Prostigmata",,"Hygrobatoidea","Hygrobatidae",,,,"Atractides","sp.",,"adult",1,,2,30,7,"N","N",,"condition OK","Y",,"Thorp and Rogers 2016","N","Rhithron Associates, Inc.","B. Moore",,,
"0da7edc3-b215-47a3-87be-4e73fd4d991d","D17","BIGC","BIGC.AOS.reach","2023-07-20T17:42Z","2024-10-09","BIGC.20230720.HESS.4","A00000396399",,"LEPSP20","Y","Lepidostoma sp.",,"genus","Arthropoda","Hexapoda","Insecta","Pterygota","Neoptera","Holometabola","Trichoptera",,,"Limnephiloidea","Lepidostomatidae","Lepidostomatinae",,,"Lepidostoma","sp.",,"larva",2,,2,100,2,"N","N",,"condition OK","Y",,"Wiggins 1996; Merritt et al. 2019","N","Rhithron Associates, Inc.","S. Sullivan",,,
"0d41eef0-5957-4ab9-9592-d924e5279970","D17","BIGC","BIGC.AOS.reach","2023-07-20T17:42Z","2024-10-09","BIGC.20230720.HESS.5","A00000396335",,"CHISP6","Y","Chironomini sp.",,"tribe","Arthropoda","Hexapoda","Insecta","Pterygota","Neoptera","Holometabola","Diptera","Nematocera","Culicomorpha",,"Chironomidae","Chironominae","Chironomini",,,"sp.",,"larva",1,,1,100,1,"Y","N","early instar","condition OK","N",,"Weiderholm, 1983; Weiderholm, 1986; Epler 2001; Ferrington et al. 2019; Andersen, Cranston and Epler 2013","N","Rhithron Associates, Inc.","R. Spring",,,
"98ebd95b-193c-49b4-ab42-b952d2c017f2","D17","BIGC","BIGC.AOS.reach","2023-07-20T17:42Z","2024-10-08","BIGC.20230720.HESS.2","A00000396397",,"PENSP7","Y","Pentaneura sp.",,"genus","Arthropoda","Hexapoda","Insecta","Pterygota","Neoptera","Holometabola","Diptera","Nematocera","Culicomorpha",,"Chironomidae","Tanypodinae","Pentaneurini",,"Pentaneura","sp.",,"larva",1,,1,100,1,"N","N",,"condition OK","Y",,"Weiderholm, 1983; Weiderholm, 1986; Epler 2001; Ferrington et al. 2019; Andersen, Cranston and Epler 2013","N","Rhithron Associates, Inc.","R. Spring",,,
"9afbbe63-0e2f-4959-81bc-7405635f59bc","D17","BIGC","BIGC.AOS.reach","2023-07-20T17:42Z","2024-10-10","BIGC.20230720.SURBER.3","A00000396538",,"PARSP26","Y","Parametriocnemus sp.",,"genus","Arthropoda","Hexapoda","Insecta","Pterygota","Neoptera","Holometabola","Diptera","Nematocera","Culicomorpha",,"Chironomidae","Orthocladiinae",,,"Parametriocnemus","sp.",,"larva",1,,3,10,30,"N","N",,"condition OK","Y",,"Weiderholm, 1983; Weiderholm, 1986; Epler 2001; Ferrington et al. 2019; Andersen, Cranston and Epler 2013","Y","Rhithron Associates, Inc.","R. Spring",,,
"6cec828f-109d-4859-a058-715c25f631ac","D17","BIGC","BIGC.AOS.reach","2023-07-20T17:42Z","2024-10-09","BIGC.20230720.HESS.5","A00000396335",,"CERSP10","Y","Ceratopogoninae sp.",,"subfamily","Arthropoda","Hexapoda","Insecta","Pterygota","Neoptera","Holometabola","Diptera","Nematocera","Culicomorpha",,"Ceratopogonidae","Ceratopogoninae",,,,"sp.",,"larva",2,,2,100,2,"N","N",,"condition OK","Y",,"Merritt et al. 2019","N","Rhithron Associates, Inc.","S. Sullivan",,,
"adf66761-e9ea-4137-a4b5-8e00566b5129","D17","BIGC","BIGC.AOS.reach","2023-07-20T17:42Z","2024-10-10","BIGC.20230720.HESS.4","A00000396399","BA23NEOMST28004O1","NAISP1","Y","Nais sp.",,"genus","Annelida","Clitellata","Oligochaeta","Oligochaeta",,,"Tubificida",,,,"Naididae","Naidinae",,,"Nais","sp.",,"immature",1,,1,100,1,"Y","N",,"condition OK","Y",,"Kathman and Brinkhurst, 1999","N","Rhithron Associates, Inc.","A. Fasbender",,,
"d36eba3c-09fb-4932-a624-a31498885987","D17","BIGC","BIGC.AOS.reach","2023-07-20T17:42Z","2024-10-08","BIGC.20230720.HESS.1","A00000396398",,"NEOSP30","Y","Neoplasta sp.",,"genus","Arthropoda","Hexapoda","Insecta","Pterygota","Neoptera","Holometabola","Diptera","Brachycera","Muscomorpha",,"Empididae","Hemerodromiinae","Hemerodromiini",,"Neoplasta","sp.",,"larva",1,,1,30,3,"N","N",,"condition OK","Y",,"Merritt et al. 2019","N","Rhithron Associates, Inc.","B. Moore",,,
"8262f8ae-7cad-4e9c-8e53-e6d7e0a57730","D17","BIGC","BIGC.AOS.reach","2023-07-20T17:42Z","2024-10-08","BIGC.20230720.HESS.2","A00000396397",,"PENSP7","Y","Pentaneura sp.",,"genus","Arthropoda","Hexapoda","Insecta","Pterygota","Neoptera","Holometabola","Diptera","Nematocera","Culicomorpha",,"Chironomidae","Tanypodinae","Pentaneurini",,"Pentaneura","sp.",,"larva",2,,5,100,5,"N","N",,"condition OK","Y",,"Weiderholm, 1983; Weiderholm, 1986; Epler 2001; Ferrington et al. 2019; Andersen, Cranston and Epler 2013","N","Rhithron Associates, Inc.","R. Spring",,,
"0c08d762-ec1c-46a3-aa78-406bb6874572","D17","BIGC","BIGC.AOS.reach","2023-07-20T17:42Z","2024-10-08","BIGC.20230720.HESS.1","A00000396398",,"SPESP4","Y","Sperchon sp.",,"genus","Arthropoda","Chelicerata","Arachnida","Acari",,"Acariformes","Trombidiformes","Prostigmata",,"Lebertioidea","Sperchontidae",,,,"Sperchon","sp.",,"adult",1,,3,30,10,"N","N",,"condition OK","Y",,"Thorp and Rogers 2016","N","Rhithron Associates, Inc.","B. Moore",,,
"a0e619e5-6b93-4aa4-ad37-6de26eda2122","D17","BIGC","BIGC.AOS.reach","2023-07-20T17:42Z","2024-10-08","BIGC.20230720.HESS.1","A00000396398",,"CRISP2","Y","Cricotopus sp.",,"genus","Arthropoda","Hexapoda","Insecta","Pterygota","Neoptera","Holometabola","Diptera","Nematocera","Culicomorpha",,"Chironomidae","Orthocladiinae",,,"Cricotopus","sp.",,"larva",5,,1,30,3,"N","N",,"condition OK","Y",,"Weiderholm, 1983; Weiderholm, 1986; Epler 2001; Ferrington et al. 2019; Andersen, Cranston and Epler 2013","N","Rhithron Associates, Inc.","R. Spring",,,
"db8f7534-1741-4acc-ac2d-92d1f6270dc7","D17","BIGC","BIGC.AOS.reach","2023-07-20T17:42Z","2024-10-09","BIGC.20230720.HESS.3","A00000396413",,"CORSP17","Y","Cordulegaster sp.",,"genus","Arthropoda","Hexapoda","Insecta","Pterygota","Palaeoptera",,"Odonata","Anisoptera",,,"Cordulegastridae",,,,"Cordulegaster","sp.",,"larva",5,,1,100,1,"Y","N","early instar","condition OK","Y",,"Needham et al. 2000; Merritt et al. 2019; Tennessen 2019","N","Rhithron Associates, Inc.","S. Sullivan",,,
"d74c083d-fd8b-4f16-a5f0-8dfb472b9a70","D17","BIGC","BIGC.AOS.reach","2023-07-20T17:42Z","2024-10-09","BIGC.20230720.HESS.4","A00000396399",,"EMPSP","Y","Empididae sp.",,"family","Arthropoda","Hexapoda","Insecta","Pterygota","Neoptera","Holometabola","Diptera","Brachycera","Muscomorpha",,"Empididae",,,,,"sp.",,"larva",1,,2,100,2,"Y","N","early instar","condition OK","Y",,"Merritt et al. 2019","N","Rhithron Associates, Inc.","S. Sullivan",,,
"b33455b2-04f9-43b1-82ef-56f9fbf0c798","D17","BIGC","BIGC.AOS.reach","2023-07-20T17:42Z","2024-10-09","BIGC.20230720.SURBER.3","A00000396538",,"CLEADD","Y","Cleptelmis addenda",,"species","Arthropoda","Hexapoda","Insecta","Pterygota","Neoptera","Holometabola","Coleoptera","Polyphaga","Elateriformia","Byrrhoidea","Elmidae","Elminae","Elmini",,"Cleptelmis","addenda",,"adult",3,,5,10,50,"N","N",,"condition OK","Y",,"Merritt et al. 2019; Shepard 1989; Brown 1983","Y","Rhithron Associates, Inc.","S. Sullivan",,,
"debba0dc-ec59-433c-88de-e0d7eab21f99","D17","BIGC","BIGC.AOS.reach","2023-07-20T17:42Z","2024-10-09","BIGC.20230720.HESS.3","A00000396413",,"EPHSP","Y","Ephemeroptera sp.",,"order","Arthropoda","Hexapoda","Insecta","Pterygota","Palaeoptera",,"Ephemeroptera",,,,,,,,,"sp.",,"larva",1,,4,100,4,"Y","N","early instar","condition OK","Y",,"Merritt et al. 2019","N","Rhithron Associates, Inc.","S. Sullivan","Ephemerellidae?",,
"816cfcf2-5359-4927-949d-236714f69559","D17","BIGC","BIGC.AOS.reach","2023-07-20T17:42Z","2024-10-08","BIGC.20230720.SURBER.1","A00000396415",,"HYDSP24","Y","Hydroptila sp.",,"genus","Arthropoda","Hexapoda","Insecta","Pterygota","Neoptera","Holometabola","Trichoptera",,,"Hydroptiloidea","Hydroptilidae","Hydroptilinae","Hydroptilini",,"Hydroptila","sp.",,"larva",3,,9,70,13,"N","N",,"condition OK","Y",,"Wiggins 1996; Merritt et al. 2019","N","Rhithron Associates, Inc.","S. Sullivan",,,
"2ae0d7b3-bebe-447e-ab23-1fc5232bb269","D17","BIGC","BIGC.AOS.reach","2023-07-20T17:42Z","2024-10-09","BIGC.20230720.HESS.5","A00000396335",,"NEMSP","Y","Nematoda sp.",,"phylum","Nematoda",,,,,,,,,,,,,,,"sp.",,"unknown",3,,11,100,11,"N","N",,"condition OK","Y",,"Thorp and Rogers 2016","N","Rhithron Associates, Inc.","S. Sullivan",,,
"ab55e177-afc7-4449-8c5d-13ebf257bbd9","D17","BIGC","BIGC.AOS.reach","2023-07-20T17:42Z","2024-10-08","BIGC.20230720.HESS.1","A00000396398",,"CRISP2","Y","Cricotopus sp.",,"genus","Arthropoda","Hexapoda","Insecta","Pterygota","Neoptera","Holometabola","Diptera","Nematocera","Culicomorpha",,"Chironomidae","Orthocladiinae",,,"Cricotopus","sp.",,"larva",4,,4,30,13,"N","N",,"condition OK","Y",,"Weiderholm, 1983; Weiderholm, 1986; Epler 2001; Ferrington et al. 2019; Andersen, Cranston and Epler 2013","N","Rhithron Associates, Inc.","R. Spring",,,
"e55505c0-5b31-4832-a731-f84c930f4e4d","D17","BIGC","BIGC.AOS.reach","2023-07-20T17:42Z","2024-10-09","BIGC.20230720.HESS.4","A00000396399",,"STESP10","Y","Stempellinella sp.",,"genus","Arthropoda","Hexapoda","Insecta","Pterygota","Neoptera","Holometabola","Diptera","Nematocera","Culicomorpha",,"Chironomidae","Chironominae","Tanytarsini",,"Stempellinella","sp.",,"larva",1,,11,100,11,"N","N",,"condition OK","Y",,"Weiderholm, 1983; Weiderholm, 1986; Epler 2001; Ferrington et al. 2019; Andersen, Cranston and Epler 2013","N","Rhithron Associates, Inc.","R. Spring",,,
"47208113-d303-4826-a65a-d2665e3552f7","D17","BIGC","BIGC.AOS.reach","2023-07-20T17:42Z","2024-10-08","BIGC.20230720.HESS.1","A00000396398",,"TVESP","Y","Tvetenia sp.",,"genus","Arthropoda","Hexapoda","Insecta","Pterygota","Neoptera","Holometabola","Diptera","Nematocera","Culicomorpha",,"Chironomidae","Orthocladiinae",,,"Tvetenia","sp.",,"larva",2,,2,30,7,"N","N",,"condition OK","Y",,"Weiderholm, 1983; Weiderholm, 1986; Epler 2001; Ferrington et al. 2019; Andersen, Cranston and Epler 2013","N","Rhithron Associates, Inc.","R. Spring",,,
"e5204093-c0c5-42a2-afe8-bd66fc8666a7","D17","BIGC","BIGC.AOS.reach","2023-07-20T17:42Z","2024-10-09","BIGC.20230720.HESS.3","A00000396413",,"CALSP14","Y","Callibaetis sp.",,"genus","Arthropoda","Hexapoda","Insecta","Pterygota","Palaeoptera",,"Ephemeroptera","Pisciforma",,,"Baetidae",,,,"Callibaetis","sp.",,"larva",3,,1,100,1,"N","N",,"condition OK","Y",,"Merritt et al. 2019","N","Rhithron Associates, Inc.","S. Sullivan",,,
"da42ca57-a244-4086-94ec-389c8fcb610e","D17","BIGC","BIGC.AOS.reach","2023-07-20T17:42Z","2024-10-08","BIGC.20230720.SURBER.2","A00000396416",,"EMPSP","Y","Empididae sp.",,"family","Arthropoda","Hexapoda","Insecta","Pterygota","Neoptera","Holometabola","Diptera","Brachycera","Muscomorpha",,"Empididae",,,,,"sp.",,"larva",1,,7,7,100,"Y","N","early instar","condition OK","N",,"Merritt et al. 2019","N","Rhithron Associates, Inc.","J. Webb",,,
"3becd769-3791-4770-bf7b-90c5bd537ccc","D17","BIGC","BIGC.AOS.reach","2023-07-20T17:42Z","2024-10-08","BIGC.20230720.HESS.3","A00000396413",,"RHESP2","Y","Rheotanytarsus sp.",,"genus","Arthropoda","Hexapoda","Insecta","Pterygota","Neoptera","Holometabola","Diptera","Nematocera","Culicomorpha",,"Chironomidae","Chironominae","Tanytarsini",,"Rheotanytarsus","sp.",,"larva",2,,2,100,2,"N","N",,"condition OK","Y",,"Weiderholm, 1983; Weiderholm, 1986; Epler 2001; Ferrington et al. 2019; Andersen, Cranston and Epler 2013","N","Rhithron Associates, Inc.","R. Spring",,,
"8506dfd8-88f8-4671-8b3b-d670253b4e65","D17","BIGC","BIGC.AOS.reach","2023-07-20T17:42Z","2024-10-08","BIGC.20230720.HESS.2","A00000396397",,"CERSP10","Y","Ceratopogoninae sp.",,"subfamily","Arthropoda","Hexapoda","Insecta","Pterygota","Neoptera","Holometabola","Diptera","Nematocera","Culicomorpha",,"Ceratopogonidae","Ceratopogoninae",,,,"sp.",,"larva",4,,6,100,6,"N","N",,"condition OK","Y",,"Merritt et al. 2019","N","Rhithron Associates, Inc.","J. Webb",,,
"aeaaaa2a-6ab4-4c28-bc60-35bfe3dfd238","D17","BIGC","BIGC.AOS.reach","2023-07-20T17:42Z","2024-10-08","BIGC.20230720.SURBER.1","A00000396415",,"SPESP4","Y","Sperchon sp.",,"genus","Arthropoda","Chelicerata","Arachnida","Acari",,"Acariformes","Trombidiformes","Prostigmata",,"Lebertioidea","Sperchontidae",,,,"Sperchon","sp.",,"adult",1,,8,70,11,"N","N",,"condition OK","Y",,"Thorp and Rogers 2016","N","Rhithron Associates, Inc.","S. Sullivan",,,
"1c0259ae-6b42-441a-b8da-62ed761b7b3b","D17","BIGC","BIGC.AOS.reach","2023-07-20T17:42Z","2024-10-08","BIGC.20230720.HESS.3","A00000396413",,"PENSP7","Y","Pentaneura sp.",,"genus","Arthropoda","Hexapoda","Insecta","Pterygota","Neoptera","Holometabola","Diptera","Nematocera","Culicomorpha",,"Chironomidae","Tanypodinae","Pentaneurini",,"Pentaneura","sp.",,"larva",3,,3,100,3,"N","N",,"condition OK","Y",,"Weiderholm, 1983; Weiderholm, 1986; Epler 2001; Ferrington et al. 2019; Andersen, Cranston and Epler 2013","N","Rhithron Associates, Inc.","R. Spring",,,
"b4c9e7f5-2fba-4fd2-90a8-347ae8253e39","D17","BIGC","BIGC.AOS.reach","2023-07-20T17:42Z","2024-10-08","BIGC.20230720.SURBER.1","A00000396415",,"EUBEDW","Y","Eubrianax edwardsii",,"species","Arthropoda","Hexapoda","Insecta","Pterygota","Neoptera","Holometabola","Coleoptera","Polyphaga","Elateriformia","Byrrhoidea","Psephenidae","Eubrianacinae",,,"Eubrianax","edwardsii",,"larva",3,,6,70,9,"N","N",,"condition OK","Y",,"Merritt et al. 2019","N","Rhithron Associates, Inc.","S. Sullivan",,,
"63a02255-38ca-4dd1-8fd9-fbcc1c38aec3","D17","BIGC","BIGC.AOS.reach","2023-07-20T17:42Z","2024-10-08","BIGC.20230720.HESS.1","A00000396398",,"SPESP5","Y","Sperchonopsis sp.",,"genus","Arthropoda","Chelicerata","Arachnida","Acari",,"Acariformes","Trombidiformes","Prostigmata",,"Lebertioidea","Sperchontidae",,,,"Sperchonopsis","sp.",,"adult",1,,1,30,3,"N","N",,"condition OK","Y",,"Thorp and Rogers 2016","N","Rhithron Associates, Inc.","B. Moore",,,
"8cf1388f-e930-47e2-b3d8-24e3a3e77079","D17","BIGC","BIGC.AOS.reach","2023-07-20T17:42Z","2024-10-08","BIGC.20230720.SURBER.1","A00000396415",,"SIMSP1","Y","Simulium sp.",,"genus","Arthropoda","Hexapoda","Insecta","Pterygota","Neoptera","Holometabola","Diptera","Nematocera","Culicomorpha",,"Simuliidae","Simuliinae","Simuliini",,"Simulium","sp.",,"larva",2,,8,70,11,"N","N",,"condition OK","Y",,"Adler et al. 2004; Merritt et al. 2019","N","Rhithron Associates, Inc.","S. Sullivan",,,
"272a14e3-55bd-451d-b877-71e01fcda623","D17","BIGC","BIGC.AOS.reach","2023-07-20T17:42Z","2024-10-09","BIGC.20230720.SURBER.2","A00000396416",,"MICSP6","Y","Micropsectra sp.",,"genus","Arthropoda","Hexapoda","Insecta","Pterygota","Neoptera","Holometabola","Diptera","Nematocera","Culicomorpha",,"Chironomidae","Chironominae","Tanytarsini",,"Micropsectra","sp.",,"larva",2,,2,7,29,"N","N",,"condition OK","Y",,"Weiderholm, 1983; Weiderholm, 1986; Epler 2001; Ferrington et al. 2019; Andersen, Cranston and Epler 2013","N","Rhithron Associates, Inc.","R. Spring",,,
"9e0644e3-0d8e-4081-b3a0-08e8d743468d","D17","BIGC","BIGC.AOS.reach","2023-07-20T17:42Z","2024-10-09","BIGC.20230720.HESS.5","A00000396335",,"PENSP7","Y","Pentaneura sp.",,"genus","Arthropoda","Hexapoda","Insecta","Pterygota","Neoptera","Holometabola","Diptera","Nematocera","Culicomorpha",,"Chironomidae","Tanypodinae","Pentaneurini",,"Pentaneura","sp.",,"larva",3,,3,100,3,"N","N",,"condition OK","Y",,"Weiderholm, 1983; Weiderholm, 1986; Epler 2001; Ferrington et al. 2019; Andersen, Cranston and Epler 2013","N","Rhithron Associates, Inc.","R. Spring",,,
"c5bb20f8-b4dd-45b4-b051-25393c1a5f60","D17","BIGC","BIGC.AOS.reach","2023-07-20T17:42Z","2024-10-08","BIGC.20230720.HESS.3","A00000396413",,"TANSP8","Y","Tanytarsini sp.",,"tribe","Arthropoda","Hexapoda","Insecta","Pterygota","Neoptera","Holometabola","Diptera","Nematocera","Culicomorpha",,"Chironomidae","Chironominae","Tanytarsini",,,"sp.",,"larva",1,,11,100,11,"Y","N","early instar","condition OK","N",,"Weiderholm, 1983; Weiderholm, 1986; Epler 2001; Ferrington et al. 2019; Andersen, Cranston and Epler 2013","N","Rhithron Associates, Inc.","R. Spring",,,
"7cef6552-ddee-4022-adfb-7f3cc59506e9","D17","BIGC","BIGC.AOS.reach","2023-07-20T17:42Z","2024-10-09","BIGC.20230720.HESS.4","A00000396399",,"HYDSP5","Y","Hydroptilidae sp.",,"family","Arthropoda","Hexapoda","Insecta","Pterygota","Neoptera","Holometabola","Trichoptera",,,"Hydroptiloidea","Hydroptilidae",,,,,"sp.",,"larva",1,,16,100,16,"Y","N","early instar","condition OK","N",,"Wiggins 1996; Merritt et al. 2019","N","Rhithron Associates, Inc.","S. Sullivan",,,
"da229e5c-b45b-4d88-820f-7d49be3ad3c7","D17","BIGC","BIGC.AOS.reach","2023-07-20T17:42Z","2024-10-09","BIGC.20230720.SURBER.2","A00000396416",,"PARSP26","Y","Parametriocnemus sp.",,"genus","Arthropoda","Hexapoda","Insecta","Pterygota","Neoptera","Holometabola","Diptera","Nematocera","Culicomorpha",,"Chironomidae","Orthocladiinae",,,"Parametriocnemus","sp.",,"larva",3,,1,7,14,"N","N",,"condition OK","Y",,"Weiderholm, 1983; Weiderholm, 1986; Epler 2001; Ferrington et al. 2019; Andersen, Cranston and Epler 2013","N","Rhithron Associates, Inc.","R. Spring",,,
"5d50fd42-04c2-43b4-98e6-74209d3ae5ff","D17","BIGC","BIGC.AOS.reach","2023-07-20T17:42Z","2024-10-09","BIGC.20230720.HESS.4","A00000396399",,"STESP10","Y","Stempellinella sp.",,"genus","Arthropoda","Hexapoda","Insecta","Pterygota","Neoptera","Holometabola","Diptera","Nematocera","Culicomorpha",,"Chironomidae","Chironominae","Tanytarsini",,"Stempellinella","sp.",,"pupa",1,,1,100,1,"N","N",,"condition OK","N",,"Weiderholm, 1983; Weiderholm, 1986; Epler 2001; Ferrington et al. 2019; Andersen, Cranston and Epler 2013","N","Rhithron Associates, Inc.","R. Spring",,,
