uid,domainID,siteID,namedLocation,collectDate,identifiedDate,sampleID,sampleCode,slideID,acceptedTaxonID,targetTaxaPresent,scientificName,morphospeciesID,taxonRank,phylum,subphylum,class,subclass,infraclass,superorder,order,suborder,infraorder,superfamily,family,subfamily,tribe,subtribe,genus,specificEpithet,infraspecificEpithet,invertebrateLifeStage,sizeClass,sizeCategory,individualCount,subsamplePercent,estimatedTotalCount,immatureSpecimen,indeterminateSpecies,taxonRankQualifier,sampleCondition,distinctTaxon,identificationQualifier,identificationReferences,qcChecked,laboratoryName,identifiedBy,identificationRemarks,identificationHistoryID,dataQF
"c0aeaa83-73ff-438d-b9ee-a62edb94582d","D15","REDB","REDB.AOS.reach","2015-10-12T15:30Z","2016-03-21","REDB.20151012.SURBER.1",,,"LEPSP4","Y","Leptophlebiidae sp.",,"family","Arthropoda","Hexapoda","Insecta","Pterygota","Palaeoptera",,"Ephemeroptera","Furcatergalia","Lanceolata",,"Leptophlebiidae",,,,,"sp.",,"larva",5,,1,100,1,"N","Y",,"damaged, affecting analysis","Y",,"Merritt et al. 2008","N","GEI Consultants Inc.","KG","Missing gills",,"legacyData"
"3f52c828-ed2f-4412-b561-0db03c09e3e4","D15","REDB","REDB.AOS.reach","2015-10-12T15:30Z","2016-03-22","REDB.20151012.SURBER.2",,,"POLCOR","Y","Polycelis coronata",,"species","Platyhelminthes","Rhabditophora","Trepaxonemata",,,,"Neoophora",,,,"Planariidae",,,,"Polycelis","coronata",,"adult",2,,1,100,1,"N","N",,"condition OK","Y",,"Smith 2001","N","GEI Consultants Inc.","KG",,,"legacyData"
"a8ca239b-7722-4462-ae48-3cbb039bb7c1","D15","REDB","REDB.AOS.reach","2015-10-12T15:30Z","2016-03-28","REDB.20151012.SURBER.3",,,"PISSP4","Y","Pisidium sp.",,"genus","Mollusca",,"Bivalvia","Heterodonta",,,"Veneroida",,,"Corbiculoidea","Pisidiidae",,,,"Pisidium","sp.",,"adult",3,,1,100,1,"N","Y",,"condition OK","Y",,"Smith 2001","N","GEI Consultants Inc.","KG",,,"legacyData"
"e8217d3d-3809-4f99-a40e-15d87d2b8bb7","D15","REDB","REDB.AOS.reach","2015-10-12T15:30Z","2016-03-28","REDB.20151012.SURBER.5",,,"POLCOR","Y","Polycelis coronata",,"species","Platyhelminthes","Rhabditophora","Trepaxonemata",,,,"Neoophora",,,,"Planariidae",,,,"Polycelis","coronata",,"larva",2,,3,100,3,"N","N",,"condition OK","Y",,"Smith 2001","Y","GEI Consultants Inc.","KG",,,"legacyData"
"bedbd2e2-7f08-4202-9630-39c51e0e6d92","D15","REDB","REDB.AOS.reach","2015-10-12T15:30Z","2016-03-28","REDB.20151012.SURBER.3",,,"ATRSP3","Y","Atractides sp.",,"genus","Arthropoda","Chelicerata","Arachnida","Acari",,"Acariformes","Trombidiformes","Prostigmata",,"Hygrobatoidea","Hygrobatidae",,,,"Atractides","sp.",,"adult",1,,3,100,3,"N","Y",,"condition OK","Y",,"Thorp and Covich 2001","N","GEI Consultants Inc.","KG",,,"legacyData"
"813de6a3-0093-4b0f-8037-334c896edb0d","D15","REDB","REDB.AOS.reach","2015-10-12T15:30Z","2016-03-21","REDB.20151012.SURBER.1",,,"LEPSP4","Y","Leptophlebiidae sp.",,"family","Arthropoda","Hexapoda","Insecta","Pterygota","Palaeoptera",,"Ephemeroptera","Furcatergalia","Lanceolata",,"Leptophlebiidae",,,,,"sp.",,"larva",2,,10,100,10,"N","Y",,"damaged, affecting analysis","Y",,"Merritt et al. 2008","N","GEI Consultants Inc.","KG","Missing gills",,"legacyData"
"e131f571-a579-40df-847f-e4ad60b37a4e","D15","REDB","REDB.AOS.reach","2015-10-12T15:30Z","2016-03-28","REDB.20151012.SURBER.5",,,"NEMSP","Y","Nematoda sp.",,"phylum","Nematoda",,,,,,,,,,,,,,,"sp.",,"adult",3,,1,100,1,"N","Y",,"condition OK","Y",,"Smith 2001","Y","GEI Consultants Inc.","KG",,,"legacyData"
"1a7d26b7-4667-4ddc-8192-73cd74aa05f7","D15","REDB","REDB.AOS.reach","2015-10-12T15:30Z","2016-03-28","REDB.20151012.SURBER.5",,,"ZAPCIN","Y","Zapada cinctipes",,"species","Arthropoda","Hexapoda","Insecta","Pterygota","Neoptera","Polyneoptera","Plecoptera","Euholognatha",,,"Nemouridae","Nemourinae",,,"Zapada","cinctipes",,"larva",3,,9,100,9,"N","N",,"condition OK","Y",,"Merritt et al. 2008; Stewart and Stark 2002; Baumann et al. 1977","Y","GEI Consultants Inc.","KG",,,"legacyData"
"354f03e2-b955-4713-a1f3-32f59255d41c","D15","REDB","REDB.AOS.reach","2015-10-12T15:30Z","2016-03-21","REDB.20151012.SURBER.1",,,"PLESP","Y","Plecoptera sp.",,"order","Arthropoda","Hexapoda","Insecta","Pterygota","Neoptera","Polyneoptera","Plecoptera",,,,,,,,,"sp.",,"larva",2,,10,100,10,"Y","Y",,"condition OK","N",,"Merritt et al. 2008","N","GEI Consultants Inc.","KG",,,"legacyData"
"4cdbf9da-99cf-4b5c-b06d-ce4a66d68a62","D15","REDB","REDB.AOS.reach","2015-10-12T15:30Z","2016-03-28","REDB.20151012.SURBER.3",,,"DIPHAG","Y","Diphetor hageni",,"species","Arthropoda","Hexapoda","Insecta","Pterygota","Palaeoptera",,"Ephemeroptera","Pisciforma",,,"Baetidae",,,,"Diphetor","hageni",,"larva",3,,15,100,15,"N","N",,"condition OK","Y",,"Merritt et al. 2008; Meyer and McCafferty 2001","N","GEI Consultants Inc.","KG",,,"legacyData"
"8cbcf480-c080-473f-a7e3-b68d24e3e4b5","D15","REDB","REDB.AOS.reach","2015-10-12T15:30Z","2016-03-28","REDB.20151012.SURBER.5",,,"ANTMON","Y","Antocha monticola",,"species","Arthropoda","Hexapoda","Insecta","Pterygota","Neoptera","Holometabola","Diptera","Nematocera","Tipulomorpha",,"Tipulidae","Limoniinae","Limoniini",,"Antocha","monticola",,"larva",4,,1,100,1,"N","N",,"condition OK","Y",,"Merritt et al. 2008; Alexander 1967","Y","GEI Consultants Inc.","KG",,,"legacyData"
"dff8364c-78bf-45ab-8f3e-c68203406394","D15","REDB","REDB.AOS.reach","2015-10-12T15:30Z","2016-03-28","REDB.20151012.SURBER.5",,,"LEPSP4","Y","Leptophlebiidae sp.",,"family","Arthropoda","Hexapoda","Insecta","Pterygota","Palaeoptera",,"Ephemeroptera","Furcatergalia","Lanceolata",,"Leptophlebiidae",,,,,"sp.",,"larva",6,,1,100,1,"N","Y",,"damaged, affecting analysis","Y",,"Merritt et al. 2008","Y","GEI Consultants Inc.","KG","Missing gills",,"legacyData"
"0fa778e4-3e35-4842-9089-c43028adc712","D15","REDB","REDB.AOS.reach","2015-10-12T15:30Z","2016-03-21","REDB.20151012.SURBER.1",,,"PLESP","Y","Plecoptera sp.",,"order","Arthropoda","Hexapoda","Insecta","Pterygota","Neoptera","Polyneoptera","Plecoptera",,,,,,,,,"sp.",,"larva",,,1,100,1,"Y","Y",,"damaged, affecting measurement","N",,"Merritt et al. 2008","N","GEI Consultants Inc.","KG","Head only",,"legacyData"
"6d370e01-006d-4eac-9ceb-3a63ca0f88d5","D15","REDB","REDB.AOS.reach","2015-10-12T15:30Z","2016-03-22","REDB.20151012.SURBER.2",,,"NEOSP30","Y","Neoplasta sp.",,"genus","Arthropoda","Hexapoda","Insecta","Pterygota","Neoptera","Holometabola","Diptera","Brachycera","Muscomorpha",,"Empididae","Hemerodromiinae","Hemerodromiini",,"Neoplasta","sp.",,"larva",1,,1,100,1,"N","Y",,"condition OK","Y",,"Merritt et al. 2008","N","GEI Consultants Inc.","KG",,,"legacyData"
"f8a2daf9-611f-46ff-a936-d9712705eff4","D15","REDB","REDB.AOS.reach","2015-10-12T15:30Z","2016-03-28","REDB.20151012.SURBER.5",,,"PYRSP5","Y","Pyrgulopsis sp.",,"genus","Mollusca",,"Gastropoda",,,,"Neotaenioglossa",,,,"Hydrobiidae",,,,"Pyrgulopsis","sp.",,"adult",3,,2,100,2,"N","Y",,"condition OK","Y",,"Smith 2001","Y","GEI Consultants Inc.","KG",,,"legacyData"
"dd87d68b-0270-4cc5-8a55-fc045c58e563","D15","REDB","REDB.AOS.reach","2015-10-12T15:30Z","2016-03-21","REDB.20151012.SURBER.1",,,"MICSP3","Y","Micrasema sp.",,"genus","Arthropoda","Hexapoda","Insecta","Pterygota","Neoptera","Holometabola","Trichoptera",,,"Limnephiloidea","Brachycentridae",,,,"Micrasema","sp.",,"larva",3,,2,100,2,"N","Y",,"condition OK","Y",,"Merritt et al. 2008; Wiggins 1996","N","GEI Consultants Inc.","KG",,,"legacyData"
"602c1fd5-abb5-480d-9a49-618096936d78","D15","REDB","REDB.AOS.reach","2015-10-12T15:30Z","2016-03-28","REDB.20151012.SURBER.3",,,"ELMSP","Y","Elmidae sp.",,"family","Arthropoda","Hexapoda","Insecta","Pterygota","Neoptera","Holometabola","Coleoptera","Polyphaga","Elateriformia","Byrrhoidea","Elmidae",,,,,"sp.",,"larva",3,"3a",1,100,1,"Y","N",,"condition OK","N",,"Merritt et al. 2008","N","GEI Consultants Inc.","KG","Spp. 2; body hemicylindrical",,"legacyData"
"4d0f3387-ee1d-4cde-9d6a-0bec9fa0d971","D15","REDB","REDB.AOS.reach","2015-10-12T15:30Z","2016-03-21","REDB.20151012.SURBER.1",,,"BAETRI","Y","Baetis tricaudatus",,"species","Arthropoda","Hexapoda","Insecta","Pterygota","Palaeoptera",,"Ephemeroptera","Pisciforma",,,"Baetidae",,,,"Baetis","tricaudatus",,"larva",3,,10,100,10,"N","N",,"condition OK","Y",,"Merritt et al. 2008; Morihara and McCafferty 1979","N","GEI Consultants Inc.","KG",,,"legacyData"
"6297d67b-447e-4580-bc55-7480c65209d3","D15","REDB","REDB.AOS.reach","2015-10-12T15:30Z","2016-03-28","REDB.20151012.SURBER.5",,,"ANTMON","Y","Antocha monticola",,"species","Arthropoda","Hexapoda","Insecta","Pterygota","Neoptera","Holometabola","Diptera","Nematocera","Tipulomorpha",,"Tipulidae","Limoniinae","Limoniini",,"Antocha","monticola",,"larva",3,,2,100,2,"N","N",,"condition OK","Y",,"Merritt et al. 2008; Alexander 1967","Y","GEI Consultants Inc.","KG",,,"legacyData"
"3dc68e6d-6e2c-4802-bd39-ed3efe0adcb3","D15","REDB","REDB.AOS.reach","2015-10-12T15:30Z","2016-04-16","REDB.20151012.SURBER.5",,"NE(15)1015-5-CHI","EUKSP","Y","Eukiefferiella sp.",,"genus","Arthropoda","Hexapoda","Insecta","Pterygota","Neoptera","Holometabola","Diptera","Nematocera","Culicomorpha",,"Chironomidae","Orthocladiinae",,,"Eukiefferiella","sp.",,"larva",2,,2,100,2,"N","Y",,"condition OK","Y",,"Ferrington et al. 2008","N","GEI Consultants Inc.","LF",,,"legacyData"
"de3da37d-2532-49ff-8354-8969f4293e2d","D15","REDB","REDB.AOS.reach","2015-10-12T15:30Z","2016-04-29","REDB.20151012.SURBER.5",,"NE(15)1015-5-OLI","EISTET","Y","Eiseniella tetraedra",,"species","Annelida","Clitellata","Oligochaeta","Oligochaeta",,"Metagynophora","Opisthopora","Crassiclitellata",,"Lumbricoidea","Lumbricidae",,,,"Eiseniella","tetraedra",,"adult",,,1,100,1,"N","N",,"damaged, affecting measurement","Y",,"Kathman and Brinkhurst 1999","N","GEI Consultants Inc.","UR","Posterior segments missing",,"legacyData"
"9c2c99ba-98ec-440f-ad34-00e894fcc325","D15","REDB","REDB.AOS.reach","2015-10-12T15:30Z","2016-03-28","REDB.20151012.SURBER.5",,,"COLSP1","Y","Collembola sp.",,"order","Arthropoda","Hexapoda","Collembola",,,,"Collembola",,,,,,,,,"sp.",,"adult",1,,1,100,1,"Y","Y",,"condition OK","Y",,"Merritt et al. 2008","Y","GEI Consultants Inc.","KG",,,"legacyData"
"3d562fe2-7583-4be0-b9ae-f52fb406f626","D15","REDB","REDB.AOS.reach","2015-10-12T15:30Z","2016-03-28","REDB.20151012.SURBER.5",,,"LEPSP4","Y","Leptophlebiidae sp.",,"family","Arthropoda","Hexapoda","Insecta","Pterygota","Palaeoptera",,"Ephemeroptera","Furcatergalia","Lanceolata",,"Leptophlebiidae",,,,,"sp.",,"larva",3,,3,100,3,"N","Y",,"damaged, affecting analysis","Y",,"Merritt et al. 2008","Y","GEI Consultants Inc.","KG","Missing gills",,"legacyData"
"98be3cda-1a60-49cd-954a-789dc00e5108","D15","REDB","REDB.AOS.reach","2015-10-12T15:30Z","2016-03-28","REDB.20151012.SURBER.5",,,"ZAPCIN","Y","Zapada cinctipes",,"species","Arthropoda","Hexapoda","Insecta","Pterygota","Neoptera","Polyneoptera","Plecoptera","Euholognatha",,,"Nemouridae","Nemourinae",,,"Zapada","cinctipes",,"larva",4,,2,100,2,"N","N",,"condition OK","Y",,"Merritt et al. 2008; Stewart and Stark 2002; Baumann et al. 1977","Y","GEI Consultants Inc.","KG",,,"legacyData"
"6fdf0d56-1b95-4770-9567-b7a67e47c729","D15","REDB","REDB.AOS.reach","2015-10-12T15:30Z","2016-03-21","REDB.20151012.SURBER.1",,,"HYDSP23","Y","Hydropsyche sp.",,"genus","Arthropoda","Hexapoda","Insecta","Pterygota","Neoptera","Holometabola","Trichoptera",,,"Hydropsychoidea","Hydropsychidae","Hydropsychinae",,,"Hydropsyche","sp.",,"larva",3,,4,100,4,"N","Y",,"condition OK","Y",,"Merritt et al. 2008; Wiggins 1996","N","GEI Consultants Inc.","KG",,,"legacyData"
"66816c0c-e044-4445-8e12-e16e0ae6584b","D15","REDB","REDB.AOS.reach","2015-10-12T15:30Z","2016-04-14","REDB.20151012.SURBER.2",,"NE(15)1015-2-CHI","RHESP2","Y","Rheotanytarsus sp.",,"genus","Arthropoda","Hexapoda","Insecta","Pterygota","Neoptera","Holometabola","Diptera","Nematocera","Culicomorpha",,"Chironomidae","Chironominae","Tanytarsini",,"Rheotanytarsus","sp.",,"larva",2,"2a",8,100,8,"N","Y",,"condition OK","Y",,"Ferrington et al. 2008","N","GEI Consultants Inc.","LF","Broken, length estimated",,"legacyData"
"12df5079-d9b3-4d4b-b17e-7917ffa42340","D15","REDB","REDB.AOS.reach","2015-10-12T15:30Z","2016-03-28","REDB.20151012.SURBER.3",,,"ANTMON","Y","Antocha monticola",,"species","Arthropoda","Hexapoda","Insecta","Pterygota","Neoptera","Holometabola","Diptera","Nematocera","Tipulomorpha",,"Tipulidae","Limoniinae","Limoniini",,"Antocha","monticola",,"larva",3,,1,100,1,"N","N",,"condition OK","Y",,"Merritt et al. 2008; Alexander 1967","N","GEI Consultants Inc.","KG",,,"legacyData"
"fe0d8789-8f3c-486c-b638-4eaaa2cfe693","D15","REDB","REDB.AOS.reach","2015-10-12T15:30Z","2016-03-28","REDB.20151012.SURBER.5",,,"HEPSP","Y","Heptageniidae sp.",,"family","Arthropoda","Hexapoda","Insecta","Pterygota","Palaeoptera",,"Ephemeroptera","Pisciforma",,"Heptagenioidea","Heptageniidae",,,,,"sp.",,"larva",2,,2,100,2,"Y","Y",,"condition OK","Y",,"Merritt et al. 2008","Y","GEI Consultants Inc.","KG",,,"legacyData"
"51437a88-6dc2-4910-ab99-f7043fdca4c8","D15","REDB","REDB.AOS.reach","2015-10-12T15:30Z","2016-03-21","REDB.20151012.SURBER.1",,,"ZAPCIN","Y","Zapada cinctipes",,"species","Arthropoda","Hexapoda","Insecta","Pterygota","Neoptera","Polyneoptera","Plecoptera","Euholognatha",,,"Nemouridae","Nemourinae",,,"Zapada","cinctipes",,"larva",,,4,100,4,"N","N",,"damaged, affecting measurement","Y",,"Merritt et al. 2008; Stewart and Stark 2002; Baumann et al. 1977","N","GEI Consultants Inc.","KG","Missing abdomen",,"legacyData"
"d375e9e8-4e54-4206-9fcc-43f97fa10f33","D15","REDB","REDB.AOS.reach","2015-10-12T15:30Z","2016-03-28","REDB.20151012.SURBER.3",,,"MICSP3","Y","Micrasema sp.",,"genus","Arthropoda","Hexapoda","Insecta","Pterygota","Neoptera","Holometabola","Trichoptera",,,"Limnephiloidea","Brachycentridae",,,,"Micrasema","sp.",,"larva",2,,11,100,11,"N","Y",,"condition OK","Y",,"Merritt et al. 2008; Wiggins 1996","N","GEI Consultants Inc.","KG",,,"legacyData"
"e147c68b-f572-452c-b659-1758b821b1a4","D15","REDB","REDB.AOS.reach","2015-10-12T15:30Z","2016-04-15","REDB.20151012.SURBER.3",,"NE(15)1015-3-CHI","ORTGR","Y","Orthocladius/Cricotopus gr.",,"speciesGroup","Arthropoda","Hexapoda","Insecta",,"Neoptera","Holometabola","Diptera","Nematocera","Culicomorpha",,"Chironomidae","Orthocladiinae",,,,"gr.",,"larva",1,,2,100,2,"N","Y",,"condition OK","Y",,"Ferrington et al. 2008","N","GEI Consultants Inc.","LF",,,"legacyData"
"e3c2737b-0e66-4c4b-b060-1e9f0c408b47","D15","REDB","REDB.AOS.reach","2015-10-12T15:30Z","2016-04-14","REDB.20151012.SURBER.2",,"NE(15)1015-2-CHI","RHESP2","Y","Rheotanytarsus sp.",,"genus","Arthropoda","Hexapoda","Insecta","Pterygota","Neoptera","Holometabola","Diptera","Nematocera","Culicomorpha",,"Chironomidae","Chironominae","Tanytarsini",,"Rheotanytarsus","sp.",,"larva",3,"3a",4,100,4,"N","Y",,"condition OK","Y",,"Ferrington et al. 2008","N","GEI Consultants Inc.","LF","Broken, length estimated",,"legacyData"
"e5c1ad76-e4ae-43a7-8276-77b00eb99fec","D15","REDB","REDB.AOS.reach","2015-10-12T15:30Z","2016-03-22","REDB.20151012.SURBER.2",,,"MICSP3","Y","Micrasema sp.",,"genus","Arthropoda","Hexapoda","Insecta","Pterygota","Neoptera","Holometabola","Trichoptera",,,"Limnephiloidea","Brachycentridae",,,,"Micrasema","sp.",,"larva",1,,17,100,17,"N","Y",,"condition OK","Y",,"Merritt et al. 2008; Wiggins 1996","N","GEI Consultants Inc.","KG",,,"legacyData"
"7d000a10-56a2-4c50-bdc4-90c48570689b","D15","REDB","REDB.AOS.reach","2015-10-12T15:30Z","2016-03-28","REDB.20151012.SURBER.5",,,"HEPSP","Y","Heptageniidae sp.",,"family","Arthropoda","Hexapoda","Insecta","Pterygota","Palaeoptera",,"Ephemeroptera","Pisciforma",,"Heptagenioidea","Heptageniidae",,,,,"sp.",,"larva",1,,5,100,5,"Y","Y",,"condition OK","Y",,"Merritt et al. 2008","Y","GEI Consultants Inc.","KG",,,"legacyData"
"969068b9-3cba-4c56-9cec-39827842c613","D15","REDB","REDB.AOS.reach","2015-10-12T15:30Z","2016-03-28","REDB.20151012.SURBER.5",,,"PISSP4","Y","Pisidium sp.",,"genus","Mollusca",,"Bivalvia","Heterodonta",,,"Veneroida",,,"Corbiculoidea","Pisidiidae",,,,"Pisidium","sp.",,"adult",2,,16,100,16,"N","Y",,"condition OK","Y",,"Smith 2001","Y","GEI Consultants Inc.","KG",,,"legacyData"
"a93bb6c8-32ff-4d40-a1cf-d07a714760cf","D15","REDB","REDB.AOS.reach","2015-10-12T15:30Z","2016-03-28","REDB.20151012.SURBER.5",,,"BAESP2","Y","Baetis sp.",,"genus","Arthropoda","Hexapoda","Insecta","Pterygota","Palaeoptera",,"Ephemeroptera","Pisciforma",,,"Baetidae",,,,"Baetis","sp.",,"larva",2,,17,100,17,"Y","N",,"condition OK","N",,"Merritt et al. 2008","Y","GEI Consultants Inc.","KG",,,"legacyData"
"f9447995-1045-4a66-8699-f24c8b44b9bc","D15","REDB","REDB.AOS.reach","2015-10-12T15:30Z","2016-04-29","REDB.20151012.SURBER.3",,"NE(15)1015-3-OLI","NAISP","Y","Naididae sp.","Tubificidae without capilliform setae","family","Annelida","Clitellata","Oligochaeta","Oligochaeta",,,"Tubificida",,,,"Naididae",,,,,"sp.",,"adult",,,1,100,1,"Y","N",,"damaged, affecting measurement","Y",,"Kathman and Brinkhurst 1999","N","GEI Consultants Inc.","UR","Posterior segments missing",,"legacyData"
"c104345d-36ed-4b2f-9d26-b7f6c910979d","D15","REDB","REDB.AOS.reach","2015-10-12T15:30Z","2016-03-22","REDB.20151012.SURBER.2",,,"ELMSP","Y","Elmidae sp.",,"family","Arthropoda","Hexapoda","Insecta","Pterygota","Neoptera","Holometabola","Coleoptera","Polyphaga","Elateriformia","Byrrhoidea","Elmidae",,,,,"sp.",,"larva",1,,5,100,5,"Y","Y",,"condition OK","N",,"Merritt et al. 2008","N","GEI Consultants Inc.","KG",,,"legacyData"
"4c7c634d-1369-4eae-b3b2-d69b515a4d51","D15","REDB","REDB.AOS.reach","2015-10-12T15:30Z","2016-04-16","REDB.20151012.SURBER.5",,"NE(15)1015-5-CHI","CONGR","Y","Conchapelopia/Thienemannimyia gr.",,"speciesGroup","Arthropoda","Hexapoda","Insecta",,"Neoptera","Holometabola","Diptera","Nematocera","Culicomorpha",,"Chironomidae","Tanypodinae","Pentaneurini",,,"gr.",,"larva",4,,2,100,2,"N","Y",,"condition OK","Y",,"Ferrington et al. 2008","N","GEI Consultants Inc.","LF",,,"legacyData"
"3f32f145-126b-4ba9-a944-fdd9f125d06a","D15","REDB","REDB.AOS.reach","2015-10-12T15:30Z","2016-03-28","REDB.20151012.SURBER.3",,,"BAESP","Y","Baetidae sp.",,"family","Arthropoda","Hexapoda","Insecta","Pterygota","Palaeoptera",,"Ephemeroptera","Pisciforma",,,"Baetidae",,,,,"sp.",,"larva",1,,6,100,6,"Y","N",,"condition OK","N",,"Merritt et al. 2008","N","GEI Consultants Inc.","KG",,,"legacyData"
"c72c7b77-88d8-4e43-9a33-ade50d5985c5","D15","REDB","REDB.AOS.reach","2015-10-12T15:30Z","2016-04-15","REDB.20151012.SURBER.3",,"NE(15)1015-3-CHI","TANSP11","Y","Tanytarsus sp.",,"genus","Arthropoda","Hexapoda","Insecta","Pterygota","Neoptera","Holometabola","Diptera","Nematocera","Culicomorpha",,"Chironomidae","Chironominae","Tanytarsini",,"Tanytarsus","sp.",,"larva",2,,3,100,3,"N","Y",,"condition OK","Y",,"Ferrington et al. 2008","N","GEI Consultants Inc.","LF","Sp with elongate spur",,"legacyData"
"de7bd47b-052c-4069-9b7d-9d725f12ddcd","D15","REDB","REDB.AOS.reach","2015-10-12T15:30Z","2016-03-28","REDB.20151012.SURBER.5",,,"PYRSP5","Y","Pyrgulopsis sp.",,"genus","Mollusca",,"Gastropoda",,,,"Neotaenioglossa",,,,"Hydrobiidae",,,,"Pyrgulopsis","sp.",,"adult",2,,1,100,1,"N","Y",,"condition OK","Y",,"Smith 2001","Y","GEI Consultants Inc.","KG",,,"legacyData"
"3b4f3dc6-3ed4-43a0-9172-a68e91f227bb","D15","REDB","REDB.AOS.reach","2015-10-12T15:30Z","2016-04-29","REDB.20151012.SURBER.3",,"NE(15)1015-3-OLI","LUMSP2","Y","Lumbriculidae sp.",,"family","Annelida","Clitellata","Oligochaeta","Oligochaeta",,,"Lumbriculida",,,,"Lumbriculidae",,,,,"sp.",,"adult",,,2,100,2,"N","N",,"damaged, affecting measurement","Y",,"Kathman and Brinkhurst 1999","N","GEI Consultants Inc.","UR","Posterior segments missing",,"legacyData"
"42d55514-f39f-4390-b925-c2c21f747007","D15","REDB","REDB.AOS.reach","2015-10-12T15:30Z","2016-03-21","REDB.20151012.SURBER.1",,,"HEPSP","Y","Heptageniidae sp.",,"family","Arthropoda","Hexapoda","Insecta","Pterygota","Palaeoptera",,"Ephemeroptera","Pisciforma",,"Heptagenioidea","Heptageniidae",,,,,"sp.",,"larva",3,,1,100,1,"Y","Y",,"condition OK","Y",,"Merritt et al. 2008","N","GEI Consultants Inc.","KG",,,"legacyData"
"b1b60b22-b7be-4912-90ae-869dd7cfe8bf","D15","REDB","REDB.AOS.reach","2015-10-12T15:30Z","2016-04-15","REDB.20151012.SURBER.3",,"NE(15)1015-3-CHI","CONGR","Y","Conchapelopia/Thienemannimyia gr.",,"speciesGroup","Arthropoda","Hexapoda","Insecta",,"Neoptera","Holometabola","Diptera","Nematocera","Culicomorpha",,"Chironomidae","Tanypodinae","Pentaneurini",,,"gr.",,"larva",2,,10,100,10,"N","Y",,"condition OK","Y",,"Ferrington et al. 2008","N","GEI Consultants Inc.","LF",,,"legacyData"
"fe8c9a1e-6c84-4c96-bf78-a4162bb85112","D15","REDB","REDB.AOS.reach","2015-10-12T15:30Z","2016-03-21","REDB.20151012.SURBER.1",,,"BAESP2","Y","Baetis sp.",,"genus","Arthropoda","Hexapoda","Insecta","Pterygota","Palaeoptera",,"Ephemeroptera","Pisciforma",,,"Baetidae",,,,"Baetis","sp.",,"larva",1,,45,100,45,"Y","N",,"condition OK","N",,"Merritt et al. 2008","N","GEI Consultants Inc.","KG",,,"legacyData"
"67337f33-102f-463a-9092-5f222a975145","D15","REDB","REDB.AOS.reach","2015-10-12T15:30Z","2016-03-21","REDB.20151012.SURBER.1",,,"CERSP10","Y","Ceratopogoninae sp.",,"subfamily","Arthropoda","Hexapoda","Insecta","Pterygota","Neoptera","Holometabola","Diptera","Nematocera","Culicomorpha",,"Ceratopogonidae","Ceratopogoninae",,,,"sp.",,"larva",4,,1,100,1,"Y","Y",,"condition OK","Y",,"Merritt et al. 2008","N","GEI Consultants Inc.","KG",,,"legacyData"
"9fdec79a-32d3-40f1-9835-ab98fda7c696","D15","REDB","REDB.AOS.reach","2015-10-12T15:30Z","2016-03-22","REDB.20151012.SURBER.2",,,"COLSP1","Y","Collembola sp.",,"order","Arthropoda","Hexapoda","Collembola",,,,"Collembola",,,,,,,,,"sp.",,"adult",1,,1,100,1,"Y","Y",,"condition OK","Y",,"Merritt et al. 2008","N","GEI Consultants Inc.","KG","Head detached during identification",,"legacyData"
"b6539f42-35e6-47c7-9a9a-caccb7499f04","D15","REDB","REDB.AOS.reach","2015-10-12T15:30Z","2016-03-28","REDB.20151012.SURBER.5",,,"BAETRI","Y","Baetis tricaudatus",,"species","Arthropoda","Hexapoda","Insecta","Pterygota","Palaeoptera",,"Ephemeroptera","Pisciforma",,,"Baetidae",,,,"Baetis","tricaudatus",,"larva",3,,4,100,4,"N","N",,"condition OK","Y",,"Merritt et al. 2008; Morihara and McCafferty 1979","Y","GEI Consultants Inc.","KG",,,"legacyData"
"f476b67b-6f47-49c1-90f4-8bc6015ae07c","D15","REDB","REDB.AOS.reach","2015-10-12T15:30Z","2016-03-28","REDB.20151012.SURBER.5",,,"RHYVOF","Y","Rhyacophila vofixa gr.",,"speciesGroup","Arthropoda","Hexapoda","Insecta","Pterygota","Neoptera","Holometabola","Trichoptera",,,"Rhyacophiloidea","Rhyacophilidae",,,,"Rhyacophila","vofixa gr.",,"larva",4,,1,100,1,"N","Y",,"condition OK","Y",,"Merritt et al. 2008; Wiggins 1996; Smith 1998","Y","GEI Consultants Inc.","KG",,,"legacyData"
"770b2f9e-1ff5-4fcf-a6f6-4e447c5f7351","D15","REDB","REDB.AOS.reach","2015-10-12T15:30Z","2016-04-14","REDB.20151012.SURBER.1",,"NE(15)1015-1-CHI","ORTGR","Y","Orthocladius/Cricotopus gr.",,"speciesGroup","Arthropoda","Hexapoda","Insecta",,"Neoptera","Holometabola","Diptera","Nematocera","Culicomorpha",,"Chironomidae","Orthocladiinae",,,,"gr.",,"larva",1,,1,100,1,"N","Y",,"damaged, affecting measurement","Y",,"Ferrington et al. 2008","N","GEI Consultants Inc.","LF","Broken, length estimated",,"legacyData"
"d8bc51f1-136e-417c-ab42-8745323a3191","D15","REDB","REDB.AOS.reach","2015-10-12T15:30Z","2016-03-21","REDB.20151012.SURBER.1",,,"ZAPCIN","Y","Zapada cinctipes",,"species","Arthropoda","Hexapoda","Insecta","Pterygota","Neoptera","Polyneoptera","Plecoptera","Euholognatha",,,"Nemouridae","Nemourinae",,,"Zapada","cinctipes",,"larva",2,,3,100,3,"N","N",,"condition OK","Y",,"Merritt et al. 2008; Stewart and Stark 2002; Baumann et al. 1977","N","GEI Consultants Inc.","KG",,,"legacyData"
"c008c3c9-5d8a-40f6-8633-3fc51ea870b7","D15","REDB","REDB.AOS.reach","2015-10-12T15:30Z","2016-03-28","REDB.20151012.SURBER.5",,"NE(15)1015-5-OLI","EISTET","Y","Eiseniella tetraedra",,"species","Annelida","Clitellata","Oligochaeta","Oligochaeta",,"Metagynophora","Opisthopora","Crassiclitellata",,"Lumbricoidea","Lumbricidae",,,,"Eiseniella","tetraedra",,"adult",13,,1,100,1,"N","N",,"condition OK","Y",,"Smith 2001","Y","GEI Consultants Inc.","KG",,,"legacyData"
"09c7e28a-4af1-45b4-8db7-db442c3a639a","D15","REDB","REDB.AOS.reach","2015-10-12T15:30Z","2016-03-28","REDB.20151012.SURBER.5",,,"BAETRI","Y","Baetis tricaudatus",,"species","Arthropoda","Hexapoda","Insecta","Pterygota","Palaeoptera",,"Ephemeroptera","Pisciforma",,,"Baetidae",,,,"Baetis","tricaudatus",,"larva",6,,1,100,1,"N","N",,"condition OK","Y",,"Merritt et al. 2008; Morihara and McCafferty 1979","Y","GEI Consultants Inc.","KG",,,"legacyData"
"4e057975-de0a-4377-94ad-b9c06e702d43","D15","REDB","REDB.AOS.reach","2015-10-12T15:30Z","2016-03-28","REDB.20151012.SURBER.3",,,"HEPSP","Y","Heptageniidae sp.",,"family","Arthropoda","Hexapoda","Insecta","Pterygota","Palaeoptera",,"Ephemeroptera","Pisciforma",,"Heptagenioidea","Heptageniidae",,,,,"sp.",,"larva",1,,1,100,1,"Y","Y",,"condition OK","Y",,"Merritt et al. 2008","N","GEI Consultants Inc.","KG",,,"legacyData"
"40ac6a87-a61f-408e-b196-8933dc0996a9","D15","REDB","REDB.AOS.reach","2015-10-12T15:30Z","2016-03-28","REDB.20151012.SURBER.3",,,"RHYSP3","Y","Rhyacophila sp.",,"genus","Arthropoda","Hexapoda","Insecta","Pterygota","Neoptera","Holometabola","Trichoptera",,,"Rhyacophiloidea","Rhyacophilidae",,,,"Rhyacophila","sp.",,"larva",2,,1,100,1,"Y","Y",,"condition OK","Y",,"Merritt et al. 2008; Wiggins 1996","N","GEI Consultants Inc.","KG",,,"legacyData"
"2b228506-f5df-40df-b0a2-08ec50a56667","D15","REDB","REDB.AOS.reach","2015-10-12T15:30Z","2016-03-21","REDB.20151012.SURBER.1",,,"PROSP2","Y","Prostigmata sp.",,"suborder","Arthropoda","Chelicerata","Arachnida","Acari",,"Acariformes","Trombidiformes","Prostigmata",,,,,,,,"sp.",,"none",1,"1a",3,100,3,"Y","Y",,"condition OK","N",,"Thorp and Covich 2001","N","GEI Consultants Inc.","KG","Deutonymph; spp. 1 (probably Sperchon)",,"legacyData"
"377b7590-eb17-47bc-af78-833a8de27907","D15","REDB","REDB.AOS.reach","2015-10-12T15:30Z","2016-03-28","REDB.20151012.SURBER.3",,,"ZAPCIN","Y","Zapada cinctipes",,"species","Arthropoda","Hexapoda","Insecta","Pterygota","Neoptera","Polyneoptera","Plecoptera","Euholognatha",,,"Nemouridae","Nemourinae",,,"Zapada","cinctipes",,"larva",3,,3,100,3,"N","N",,"condition OK","Y",,"Merritt et al. 2008; Stewart and Stark 2002; Baumann et al. 1977","N","GEI Consultants Inc.","KG",,,"legacyData"
"0fbce334-a060-416b-9bd1-d00d80bbd0ec","D15","REDB","REDB.AOS.reach","2015-10-12T15:30Z","2016-04-16","REDB.20151012.SURBER.5",,"NE(15)1015-5-CHI","CONGR","Y","Conchapelopia/Thienemannimyia gr.",,"speciesGroup","Arthropoda","Hexapoda","Insecta",,"Neoptera","Holometabola","Diptera","Nematocera","Culicomorpha",,"Chironomidae","Tanypodinae","Pentaneurini",,,"gr.",,"larva",3,,2,100,2,"N","Y",,"condition OK","Y",,"Ferrington et al. 2008","N","GEI Consultants Inc.","LF",,,"legacyData"
"04dca7c8-a859-4b31-b482-8a00ff863f87","D15","REDB","REDB.AOS.reach","2015-10-12T15:30Z","2016-03-28","REDB.20151012.SURBER.3",,,"HEPSP","Y","Heptageniidae sp.",,"family","Arthropoda","Hexapoda","Insecta","Pterygota","Palaeoptera",,"Ephemeroptera","Pisciforma",,"Heptagenioidea","Heptageniidae",,,,,"sp.",,"larva",2,,3,100,3,"Y","Y",,"condition OK","Y",,"Merritt et al. 2008","N","GEI Consultants Inc.","KG",,,"legacyData"
"85b91c06-5c90-46c9-b4a9-85ebe067ae71","D15","REDB","REDB.AOS.reach","2015-10-12T15:30Z","2016-04-14","REDB.20151012.SURBER.1",,"NE(15)1015-1-CHI","RHESP2","Y","Rheotanytarsus sp.",,"genus","Arthropoda","Hexapoda","Insecta","Pterygota","Neoptera","Holometabola","Diptera","Nematocera","Culicomorpha",,"Chironomidae","Chironominae","Tanytarsini",,"Rheotanytarsus","sp.",,"larva",1,,1,100,1,"N","Y",,"condition OK","Y",,"Ferrington et al. 2008","N","GEI Consultants Inc.","LF",,,"legacyData"
"61009555-b8f6-4f3b-8563-1bc5a4dae25c","D15","REDB","REDB.AOS.reach","2015-10-12T15:30Z","2016-03-28","REDB.20151012.SURBER.3",,,"FLUSP","Y","Fluminicola sp.",,"genus","Mollusca",,"Gastropoda",,,,"Neotaenioglossa",,,,"Hydrobiidae",,,,"Fluminicola","sp.",,"adult",3,,1,100,1,"N","Y",,"condition OK","Y",,"Smith 2001","N","GEI Consultants Inc.","KG",,,"legacyData"
"935e673b-7302-4881-8aa8-452e20e574f0","D15","REDB","REDB.AOS.reach","2015-10-12T15:30Z","2016-04-14","REDB.20151012.SURBER.2",,"NE(15)1015-2-CHI","ORTGR","Y","Orthocladius/Cricotopus gr.",,"speciesGroup","Arthropoda","Hexapoda","Insecta",,"Neoptera","Holometabola","Diptera","Nematocera","Culicomorpha",,"Chironomidae","Orthocladiinae",,,,"gr.",,"larva",2,"2a",8,100,8,"N","Y",,"condition OK","Y",,"Ferrington et al. 2008","N","GEI Consultants Inc.","LF",,,"legacyData"
"7072477e-268c-46b5-a491-bca0919f2458","D15","REDB","REDB.AOS.reach","2015-10-12T15:30Z","2016-03-21","REDB.20151012.SURBER.1",,,"LIMSP5","Y","Limnephilidae sp.",,"family","Arthropoda","Hexapoda","Insecta","Pterygota","Neoptera","Holometabola","Trichoptera",,,"Limnephiloidea","Limnephilidae",,,,,"sp.",,"larva",3,,1,100,1,"Y","Y",,"condition OK","Y",,"Merritt et al. 2008; Wiggins 1996","N","GEI Consultants Inc.","KG","Head detached during identification",,"legacyData"
"56a49cef-096d-4348-81fd-29212db00752","D15","REDB","REDB.AOS.reach","2015-10-12T15:30Z","2016-03-28","REDB.20151012.SURBER.3",,,"PROSP27","Y","Probezzia sp.",,"genus","Arthropoda","Hexapoda","Insecta","Pterygota","Neoptera","Holometabola","Diptera","Nematocera","Culicomorpha",,"Ceratopogonidae","Ceratopogoninae","Sphaeromiini",,"Probezzia","sp.",,"larva",6,,1,100,1,"N","Y",,"condition OK","Y",,"Merritt et al. 2008","N","GEI Consultants Inc.","KG",,,"legacyData"
"75872a9d-f45b-49d8-bbdf-bc95eb05aadb","D15","REDB","REDB.AOS.reach","2015-10-12T15:30Z","2016-03-21","REDB.20151012.SURBER.1",,,"ARCSP14","Y","Arctopsyche sp.",,"genus","Arthropoda","Hexapoda","Insecta","Pterygota","Neoptera","Holometabola","Trichoptera",,,"Hydropsychoidea","Hydropsychidae","Arctopsychinae",,,"Arctopsyche","sp.",,"larva",16,,1,100,1,"N","Y",,"condition OK","Y",,"Merritt et al. 2008; Wiggins 1996; Cushman 2014","N","GEI Consultants Inc.","KG",,,"legacyData"
"12dfb3e2-821b-43d3-8f08-4cd0533852fd","D15","REDB","REDB.AOS.reach","2015-10-12T15:30Z","2016-03-22","REDB.20151012.SURBER.2",,,"PERSP2","Y","Perlodidae sp.",,"family","Arthropoda","Hexapoda","Insecta","Pterygota","Neoptera","Polyneoptera","Plecoptera","Systellognatha",,,"Perlodidae",,,,,"sp.",,"larva",2,,1,100,1,"Y","Y",,"condition OK","Y",,"Merritt et al. 2008; Stewart and Stark 2002","N","GEI Consultants Inc.","KG",,,"legacyData"
"563a3021-de26-4cd7-8e6e-4597b5f62be6","D15","REDB","REDB.AOS.reach","2015-10-12T15:30Z","2016-04-14","REDB.20151012.SURBER.1",,"NE(15)1015-1-CHI","EUKSP","Y","Eukiefferiella sp.",,"genus","Arthropoda","Hexapoda","Insecta","Pterygota","Neoptera","Holometabola","Diptera","Nematocera","Culicomorpha",,"Chironomidae","Orthocladiinae",,,"Eukiefferiella","sp.",,"larva",2,,1,100,1,"N","Y",,"condition OK","Y",,"Ferrington et al. 2008","N","GEI Consultants Inc.","LF",,,"legacyData"
"b7180fdb-0b20-4399-b0d9-d3ec1a21773b","D15","REDB","REDB.AOS.reach","2015-10-12T15:30Z","2016-03-28","REDB.20151012.SURBER.3",,,"ELMSP","Y","Elmidae sp.",,"family","Arthropoda","Hexapoda","Insecta","Pterygota","Neoptera","Holometabola","Coleoptera","Polyphaga","Elateriformia","Byrrhoidea","Elmidae",,,,,"sp.",,"larva",1,,1,100,1,"Y","N",,"condition OK","N",,"Merritt et al. 2008","N","GEI Consultants Inc.","KG",,,"legacyData"
"33895833-8c9a-43cc-906d-8bb738b643f0","D15","REDB","REDB.AOS.reach","2015-10-12T15:30Z","2016-04-16","REDB.20151012.SURBER.5",,"NE(15)1015-5-CHI","CONGR","Y","Conchapelopia/Thienemannimyia gr.",,"speciesGroup","Arthropoda","Hexapoda","Insecta",,"Neoptera","Holometabola","Diptera","Nematocera","Culicomorpha",,"Chironomidae","Tanypodinae","Pentaneurini",,,"gr.",,"larva",2,,13,100,13,"N","Y",,"condition OK","Y",,"Ferrington et al. 2008","N","GEI Consultants Inc.","LF",,,"legacyData"
"15c03732-18d9-45c7-a12c-9752f9aa45cb","D15","REDB","REDB.AOS.reach","2015-10-12T15:30Z","2016-03-28","REDB.20151012.SURBER.5",,,"CAPSP13","Y","Capniidae/Leuctridae sp.",,"speciesGroup","Arthropoda","Hexapoda","Insecta","Pterygota","Neoptera","Polyneoptera","Plecoptera","Euholognatha",,,"Capniidae/Leuctridae",,,,"Capniidae/Leuctridae","sp.",,"larva",2,,1,100,1,"Y","Y",,"condition OK","Y",,"Merritt et al. 2008","Y","GEI Consultants Inc.","KG",,,"legacyData"
"f4faf5ac-952d-4d46-92e1-576e1303a73d","D15","REDB","REDB.AOS.reach","2015-10-12T15:30Z","2016-03-22","REDB.20151012.SURBER.2",,,"PLESP","Y","Plecoptera sp.",,"order","Arthropoda","Hexapoda","Insecta","Pterygota","Neoptera","Polyneoptera","Plecoptera",,,,,,,,,"sp.",,"larva",,,1,100,1,"Y","Y",,"damaged, affecting measurement","N",,"Merritt et al. 2008","N","GEI Consultants Inc.","KG","Missing abdomen",,"legacyData"
"53a959fd-57be-4703-95bc-d40564e59ae5","D15","REDB","REDB.AOS.reach","2015-10-12T15:30Z","2016-04-14","REDB.20151012.SURBER.1",,"NE(15)1015-1-CHI","CONGR","Y","Conchapelopia/Thienemannimyia gr.",,"speciesGroup","Arthropoda","Hexapoda","Insecta",,"Neoptera","Holometabola","Diptera","Nematocera","Culicomorpha",,"Chironomidae","Tanypodinae","Pentaneurini",,,"gr.",,"larva",3,,1,100,1,"N","Y",,"condition OK","Y",,"Ferrington et al. 2008","N","GEI Consultants Inc.","LF",,,"legacyData"
"a1d8c031-85ed-4310-8699-b13c7aa41d07","D15","REDB","REDB.AOS.reach","2015-10-12T15:30Z","2016-04-16","REDB.20151012.SURBER.5",,"NE(15)1015-5-CHI","PAGSP4","Y","Pagastia sp.",,"genus","Arthropoda","Hexapoda","Insecta","Pterygota","Neoptera","Holometabola","Diptera","Nematocera","Culicomorpha",,"Chironomidae","Diamesinae","Diamesini",,"Pagastia","sp.",,"larva",5,,2,100,2,"N","Y",,"condition OK","Y",,"Ferrington et al. 2008","N","GEI Consultants Inc.","LF",,,"legacyData"
"17eecfbc-278f-4bf9-9fc5-a2f7c86d10bc","D15","REDB","REDB.AOS.reach","2015-10-12T15:30Z","2016-04-14","REDB.20151012.SURBER.1",,"NE(15)1015-1-CHI","CONGR","Y","Conchapelopia/Thienemannimyia gr.",,"speciesGroup","Arthropoda","Hexapoda","Insecta",,"Neoptera","Holometabola","Diptera","Nematocera","Culicomorpha",,"Chironomidae","Tanypodinae","Pentaneurini",,,"gr.",,"larva",2,,3,100,3,"N","Y",,"condition OK","Y",,"Ferrington et al. 2008","N","GEI Consultants Inc.","LF",,,"legacyData"
"8a5c895d-fefa-4ee5-a0fd-d4ad4851f4ac","D15","REDB","REDB.AOS.reach","2015-10-12T15:30Z","2016-04-15","REDB.20151012.SURBER.3",,"NE(15)1015-3-CHI","CRISP2","Y","Cricotopus sp.",,"genus","Arthropoda","Hexapoda","Insecta","Pterygota","Neoptera","Holometabola","Diptera","Nematocera","Culicomorpha",,"Chironomidae","Orthocladiinae",,,"Cricotopus","sp.",,"larva",2,,5,100,5,"N","Y",,"condition OK","Y",,"Ferrington et al. 2008","N","GEI Consultants Inc.","LF",,,"legacyData"
"955f5938-9828-47fb-8ad2-20aebcbecf18","D15","REDB","REDB.AOS.reach","2015-10-12T15:30Z","2016-03-22","REDB.20151012.SURBER.2",,,"BAESP2","Y","Baetis sp.",,"genus","Arthropoda","Hexapoda","Insecta","Pterygota","Palaeoptera",,"Ephemeroptera","Pisciforma",,,"Baetidae",,,,"Baetis","sp.",,"larva",2,,1,100,1,"Y","N",,"condition OK","N",,"Merritt et al. 2008","N","GEI Consultants Inc.","KG",,,"legacyData"
"7a9a01e2-a850-40b8-af3b-19ef1d09aefe","D15","REDB","REDB.AOS.reach","2015-10-12T15:30Z","2016-04-14","REDB.20151012.SURBER.2",,"NE(15)1015-2-CHI","RHESP2","Y","Rheotanytarsus sp.",,"genus","Arthropoda","Hexapoda","Insecta","Pterygota","Neoptera","Holometabola","Diptera","Nematocera","Culicomorpha",,"Chironomidae","Chironominae","Tanytarsini",,"Rheotanytarsus","sp.",,"larva",3,"3b",4,100,4,"N","Y",,"condition OK","Y",,"Ferrington et al. 2008","N","GEI Consultants Inc.","LF",,,"legacyData"
"1de2bc66-13a6-438b-8866-58122bfc12c0","D15","REDB","REDB.AOS.reach","2015-10-12T15:30Z","2016-03-22","REDB.20151012.SURBER.2",,,"DIXSP1","Y","Dixa sp.",,"genus","Arthropoda","Hexapoda","Insecta","Pterygota","Neoptera","Holometabola","Diptera","Nematocera","Culicomorpha",,"Dixidae",,,,"Dixa","sp.",,"larva",8,,1,100,1,"N","Y",,"condition OK","Y",,"Merritt et al. 2008","N","GEI Consultants Inc.","KG",,,"legacyData"
"b1c9cc1e-c4e5-4b47-91eb-d356033769e8","D15","REDB","REDB.AOS.reach","2015-10-12T15:30Z","2016-03-28","REDB.20151012.SURBER.5",,,"PROSP2","Y","Prostigmata sp.",,"suborder","Arthropoda","Chelicerata","Arachnida","Acari",,"Acariformes","Trombidiformes","Prostigmata",,,,,,,,"sp.",,"adult",1,"1b",2,100,2,"Y","Y",,"condition OK","N",,"Thorp and Covich 2001","Y","GEI Consultants Inc.","KG","Deutonymph; probably Sperchon sp.",,"legacyData"
"68054e42-d88c-416a-8ffb-be57e6797f4e","D15","REDB","REDB.AOS.reach","2015-10-12T15:30Z","2016-03-28","REDB.20151012.SURBER.3",,,"EMPSP","Y","Empididae sp.",,"family","Arthropoda","Hexapoda","Insecta","Pterygota","Neoptera","Holometabola","Diptera","Brachycera","Muscomorpha",,"Empididae",,,,,"sp.",,"larva",,,1,100,1,"Y","Y",,"damaged, affecting measurement","N",,"Merritt et al. 2008","N","GEI Consultants Inc.","KG","Missing posterior half",,"legacyData"
"3261f841-7a53-40c8-9900-089f16aa0444","D15","REDB","REDB.AOS.reach","2015-10-12T15:30Z","2016-03-28","REDB.20151012.SURBER.3",,,"ANTMON","Y","Antocha monticola",,"species","Arthropoda","Hexapoda","Insecta","Pterygota","Neoptera","Holometabola","Diptera","Nematocera","Tipulomorpha",,"Tipulidae","Limoniinae","Limoniini",,"Antocha","monticola",,"larva",6,,1,100,1,"N","N",,"condition OK","Y",,"Merritt et al. 2008; Alexander 1967","N","GEI Consultants Inc.","KG",,,"legacyData"
"bbcdf964-e199-4f8e-8186-24f16d19b70b","D15","REDB","REDB.AOS.reach","2015-10-12T15:30Z","2016-03-28","REDB.20151012.SURBER.5",,,"EPHSP","Y","Ephemeroptera sp.",,"order","Arthropoda","Hexapoda","Insecta","Pterygota","Palaeoptera",,"Ephemeroptera",,,,,,,,,"sp.",,"larva",1,,8,100,8,"Y","Y",,"condition OK","N",,"Merritt et al. 2008","Y","GEI Consultants Inc.","KG","Probably Leptophlebiidae",,"legacyData"
"c5270df6-aa9d-4369-8fba-71fc27dd0027","D15","REDB","REDB.AOS.reach","2015-10-12T15:30Z","2016-03-28","REDB.20151012.SURBER.5",,,"ZAPCIN","Y","Zapada cinctipes",,"species","Arthropoda","Hexapoda","Insecta","Pterygota","Neoptera","Polyneoptera","Plecoptera","Euholognatha",,,"Nemouridae","Nemourinae",,,"Zapada","cinctipes",,"larva",1,,1,100,1,"N","N",,"condition OK","Y",,"Merritt et al. 2008; Stewart and Stark 2002; Baumann et al. 1977","Y","GEI Consultants Inc.","KG",,,"legacyData"
"87c0ede3-eeac-432b-b10c-ba112cc06f77","D15","REDB","REDB.AOS.reach","2015-10-12T15:30Z","2016-03-28","REDB.20151012.SURBER.3",,,"TRISP","Y","Trichoptera sp.",,"order","Arthropoda","Hexapoda","Insecta","Pterygota","Neoptera","Holometabola","Trichoptera",,,,,,,,,"sp.",,"larva",1,,8,100,8,"Y","Y",,"condition OK","N",,"Merritt et al. 2008; Wiggins 1996","N","GEI Consultants Inc.","KG","Has a case",,"legacyData"
"18dfeb86-b707-43fe-bbfd-c67db5f95e7a","D15","REDB","REDB.AOS.reach","2015-10-12T15:30Z","2016-03-21","REDB.20151012.SURBER.1",,,"RHYBRU1","Y","Rhyacophila brunnea gr.",,"speciesGroup","Arthropoda","Hexapoda","Insecta","Pterygota","Neoptera","Holometabola","Trichoptera",,,"Rhyacophiloidea","Rhyacophilidae",,,,"Rhyacophila","brunnea gr.",,"larva",9,,1,100,1,"N","Y",,"condition OK","Y",,"Merritt et al. 2008; Wiggins 1996; Smith 1998","N","GEI Consultants Inc.","KG",,,"legacyData"
"f10dcd65-3925-4435-8b86-47739f855690","D15","REDB","REDB.AOS.reach","2015-10-12T15:30Z","2016-03-21","REDB.20151012.SURBER.1",,,"HEXSP3","Y","Hexatoma sp.",,"genus","Arthropoda","Hexapoda","Insecta","Pterygota","Neoptera","Holometabola","Diptera","Nematocera","Tipulomorpha",,"Tipulidae","Limoniinae","Hexatomini",,"Hexatoma","sp.",,"larva",6,,1,100,1,"N","Y",,"condition OK","Y",,"Merritt et al. 2008; Gelhaus 2008","N","GEI Consultants Inc.","KG",,,"legacyData"
"558db419-4590-44eb-b275-8b9bdc875004","D15","REDB","REDB.AOS.reach","2015-10-12T15:30Z","2016-04-14","REDB.20151012.SURBER.2",,"NE(15)1015-2-CHI","CONGR","Y","Conchapelopia/Thienemannimyia gr.",,"speciesGroup","Arthropoda","Hexapoda","Insecta",,"Neoptera","Holometabola","Diptera","Nematocera","Culicomorpha",,"Chironomidae","Tanypodinae","Pentaneurini",,,"gr.",,"larva",1,,4,100,4,"N","Y",,"condition OK","Y",,"Ferrington et al. 2008","N","GEI Consultants Inc.","LF",,,"legacyData"
"39ce601c-58c9-4913-adc5-1d66089025e3","D15","REDB","REDB.AOS.reach","2015-10-12T15:30Z","2016-03-28","REDB.20151012.SURBER.5",,,"DICSP6","Y","Dicranota sp.",,"genus","Arthropoda","Hexapoda","Insecta","Pterygota","Neoptera","Holometabola","Diptera","Nematocera","Tipulomorpha",,"Tipulidae","Limoniinae","Pediciini",,"Dicranota","sp.",,"larva",4,,1,100,1,"N","Y",,"condition OK","Y",,"Merritt et al. 2008","Y","GEI Consultants Inc.","KG",,,"legacyData"
"ea055e6e-7bce-4c9a-85fe-1d0e9d93af3e","D15","REDB","REDB.AOS.reach","2015-10-12T15:30Z","2016-03-22","REDB.20151012.SURBER.2",,,"BAESP","Y","Baetidae sp.",,"family","Arthropoda","Hexapoda","Insecta","Pterygota","Palaeoptera",,"Ephemeroptera","Pisciforma",,,"Baetidae",,,,,"sp.",,"larva",1,,1,100,1,"Y","N",,"condition OK","N",,"Merritt et al. 2008","N","GEI Consultants Inc.","KG",,,"legacyData"
"58beec9b-808f-4ab2-bbe9-db4893b6b917","D15","REDB","REDB.AOS.reach","2015-10-12T15:30Z","2016-02-10","REDB.20151012.SURBER.4",,"NE(15)1015-4-OLI","OLISPP","N","Oligochaeta spp.",,"subclass","Annelida","Clitellata","Oligochaeta","Oligochaeta",,,,,,,,,,,,"spp.",,,,,,,,,,,"other (specified in remarks)",,,,"N","GEI Consultants Inc.","unknown","sample discarded due to error in the field",,"legacyData"
"d38d23cc-6af6-46d1-b2e6-a075640baadd","D15","REDB","REDB.AOS.reach","2015-10-12T15:30Z","2016-03-21","REDB.20151012.SURBER.1",,,"HYDSP23","Y","Hydropsyche sp.",,"genus","Arthropoda","Hexapoda","Insecta","Pterygota","Neoptera","Holometabola","Trichoptera",,,"Hydropsychoidea","Hydropsychidae","Hydropsychinae",,,"Hydropsyche","sp.",,"larva",7,,2,100,2,"N","Y",,"condition OK","Y",,"Merritt et al. 2008; Wiggins 1996","N","GEI Consultants Inc.","KG",,,"legacyData"
"4fc6158d-50a1-457f-a1a9-cda6630c56d1","D15","REDB","REDB.AOS.reach","2015-10-12T15:30Z","2016-03-21","REDB.20151012.SURBER.1",,,"ELMSP","Y","Elmidae sp.",,"family","Arthropoda","Hexapoda","Insecta","Pterygota","Neoptera","Holometabola","Coleoptera","Polyphaga","Elateriformia","Byrrhoidea","Elmidae",,,,,"sp.",,"larva",1,"1a",3,100,3,"Y","N",,"condition OK","N",,"Merritt et al. 2008","N","GEI Consultants Inc.","KG","Spp. 1; body subtriangular",,"legacyData"
"f12c7ba8-9fe9-4c87-8d30-13485fba2b44","D15","REDB","REDB.AOS.reach","2015-10-12T15:30Z","2016-03-21","REDB.20151012.SURBER.1",,,"PISSP2","Y","Pisidiidae sp.",,"family","Mollusca",,"Bivalvia","Heterodonta",,,"Veneroida",,,"Corbiculoidea","Pisidiidae",,,,,"sp.",,"adult",2,,1,100,1,"Y","Y",,"condition OK","Y",,"Smith 2001","N","GEI Consultants Inc.","KG",,,"legacyData"
"c1f6b374-fa1d-4725-a729-f915e644a760","D15","REDB","REDB.AOS.reach","2015-10-12T15:30Z","2016-03-21","REDB.20151012.SURBER.1",,,"PERSP2","Y","Perlodidae sp.",,"family","Arthropoda","Hexapoda","Insecta","Pterygota","Neoptera","Polyneoptera","Plecoptera","Systellognatha",,,"Perlodidae",,,,,"sp.",,"larva",2,,4,100,4,"Y","Y",,"condition OK","Y",,"Merritt et al. 2008; Stewart and Stark 2002","N","GEI Consultants Inc.","KG",,,"legacyData"
"8ee51dc0-b8d6-4438-8374-5934b0a26589","D15","REDB","REDB.AOS.reach","2015-10-12T15:30Z","2016-04-14","REDB.20151012.SURBER.1",,"NE(15)1015-1-CHI","BRISP","Y","Brillia sp.",,"genus","Arthropoda","Hexapoda","Insecta","Pterygota","Neoptera","Holometabola","Diptera","Nematocera","Culicomorpha",,"Chironomidae","Orthocladiinae",,,"Brillia","sp.",,"larva",4,,1,100,1,"N","Y",,"condition OK","Y",,"Ferrington et al. 2008","N","GEI Consultants Inc.","LF",,,"legacyData"
"8871b7d2-9239-4c74-b889-294e6000ed7f","D15","REDB","REDB.AOS.reach","2015-10-12T15:30Z","2016-03-28","REDB.20151012.SURBER.5",,,"LEPSP4","Y","Leptophlebiidae sp.",,"family","Arthropoda","Hexapoda","Insecta","Pterygota","Palaeoptera",,"Ephemeroptera","Furcatergalia","Lanceolata",,"Leptophlebiidae",,,,,"sp.",,"larva",2,,9,100,9,"N","Y",,"damaged, affecting analysis","Y",,"Merritt et al. 2008","Y","GEI Consultants Inc.","KG","Missing gills",,"legacyData"
"df4a6b9e-e17d-47c7-a69e-6211b7ff9a71","D15","REDB","REDB.AOS.reach","2015-10-12T15:30Z","2016-03-21","REDB.20151012.SURBER.1",,,"EPHSP1","Y","Ephemerellidae sp.",,"family","Arthropoda","Hexapoda","Insecta","Pterygota","Palaeoptera",,"Ephemeroptera","Furcatergalia","Pannota","Ephemerelloidea","Ephemerellidae",,,,,"sp.",,"larva",1,,6,100,6,"N","N",,"damaged, affecting analysis","Y",,"Merritt et al. 2008","N","GEI Consultants Inc.","KG","Missing gills",,"legacyData"
"feb55662-bd7e-4619-9127-44f4ecd43009","D15","REDB","REDB.AOS.reach","2015-10-12T15:30Z","2016-03-28","REDB.20151012.SURBER.5",,,"LEPSP4","Y","Leptophlebiidae sp.",,"family","Arthropoda","Hexapoda","Insecta","Pterygota","Palaeoptera",,"Ephemeroptera","Furcatergalia","Lanceolata",,"Leptophlebiidae",,,,,"sp.",,"larva",5,,1,100,1,"N","Y",,"damaged, affecting analysis","Y",,"Merritt et al. 2008","Y","GEI Consultants Inc.","KG","Missing gills",,"legacyData"
"9c79dcf5-f2eb-4bce-bac8-ab30b3490408","D15","REDB","REDB.AOS.reach","2015-10-12T15:30Z","2016-03-28","REDB.20151012.SURBER.3",,,"NEMSP","Y","Nematoda sp.",,"phylum","Nematoda",,,,,,,,,,,,,,,"sp.",,"adult",3,,2,100,2,"N","Y",,"condition OK","Y",,"Smith 2001","N","GEI Consultants Inc.","KG",,,"legacyData"
"6e015259-ba21-433e-a51f-e806301971f7","D15","REDB","REDB.AOS.reach","2015-10-12T15:30Z","2016-03-28","REDB.20151012.SURBER.3",,,"NEMSP5","Y","Nemouridae sp.",,"family","Arthropoda","Hexapoda","Insecta","Pterygota","Neoptera","Polyneoptera","Plecoptera","Euholognatha",,,"Nemouridae",,,,,"sp.",,"larva",2,,1,100,1,"Y","Y",,"condition OK","N",,"Merritt et al. 2008; Baumann et al. 1977","N","GEI Consultants Inc.","KG",,,"legacyData"
"b53acb3c-e996-4448-b038-193f33439b65","D15","REDB","REDB.AOS.reach","2015-10-12T15:30Z","2016-04-14","REDB.20151012.SURBER.1",,"NE(15)1015-1-CHI","EUKSP","Y","Eukiefferiella sp.",,"genus","Arthropoda","Hexapoda","Insecta","Pterygota","Neoptera","Holometabola","Diptera","Nematocera","Culicomorpha",,"Chironomidae","Orthocladiinae",,,"Eukiefferiella","sp.",,"larva",1,,1,100,1,"N","Y",,"condition OK","Y",,"Ferrington et al. 2008","N","GEI Consultants Inc.","LF","Broken, length estimated",,"legacyData"
"e8345903-16ab-4f69-b6f4-82dea7dc454f","D15","REDB","REDB.AOS.reach","2015-10-12T15:30Z","2016-03-28","REDB.20151012.SURBER.3",,,"MICSP3","Y","Micrasema sp.",,"genus","Arthropoda","Hexapoda","Insecta","Pterygota","Neoptera","Holometabola","Trichoptera",,,"Limnephiloidea","Brachycentridae",,,,"Micrasema","sp.",,"larva",3,,1,100,1,"N","Y",,"condition OK","Y",,"Merritt et al. 2008; Wiggins 1996","N","GEI Consultants Inc.","KG",,,"legacyData"
"cd551646-7bec-45b8-8942-17ff71b2ad1f","D15","REDB","REDB.AOS.reach","2015-10-12T15:30Z","2016-03-28","REDB.20151012.SURBER.5",,,"RHYBRU1","Y","Rhyacophila brunnea gr.",,"speciesGroup","Arthropoda","Hexapoda","Insecta","Pterygota","Neoptera","Holometabola","Trichoptera",,,"Rhyacophiloidea","Rhyacophilidae",,,,"Rhyacophila","brunnea gr.",,"larva",3,,1,100,1,"N","Y",,"condition OK","Y",,"Merritt et al. 2008; Wiggins 1996; Smith 1998","Y","GEI Consultants Inc.","KG",,,"legacyData"
"0f8370be-3df7-4c5b-870f-b63ce090b9c2","D15","REDB","REDB.AOS.reach","2015-10-12T15:30Z","2016-04-14","REDB.20151012.SURBER.1",,"NE(15)1015-1-CHI","EUKSP","Y","Eukiefferiella sp.",,"genus","Arthropoda","Hexapoda","Insecta","Pterygota","Neoptera","Holometabola","Diptera","Nematocera","Culicomorpha",,"Chironomidae","Orthocladiinae",,,"Eukiefferiella","sp.",,"larva",4,"4a",1,100,1,"N","Y",,"condition OK","Y",,"Ferrington et al. 2008","N","GEI Consultants Inc.","LF",,,"legacyData"
"651effaf-deb5-4aa9-91e8-2788bc85b745","D15","REDB","REDB.AOS.reach","2015-10-12T15:30Z","2016-03-28","REDB.20151012.SURBER.5",,,"LEPSP4","Y","Leptophlebiidae sp.",,"family","Arthropoda","Hexapoda","Insecta","Pterygota","Palaeoptera",,"Ephemeroptera","Furcatergalia","Lanceolata",,"Leptophlebiidae",,,,,"sp.",,"larva",,,3,100,3,"N","Y",,"damaged, affecting measurement","Y",,"Merritt et al. 2008","Y","GEI Consultants Inc.","KG","Missing abdomen, head only",,"legacyData"
"4230157e-d492-49a5-b505-6fc1b9ae612e","D15","REDB","REDB.AOS.reach","2015-10-12T15:30Z","2016-03-21","REDB.20151012.SURBER.1",,,"BAESP","Y","Baetidae sp.",,"family","Arthropoda","Hexapoda","Insecta","Pterygota","Palaeoptera",,"Ephemeroptera","Pisciforma",,,"Baetidae",,,,,"sp.",,"larva",,,6,100,6,"Y","N",,"damaged, affecting measurement","N",,"Merritt et al. 2008","N","GEI Consultants Inc.","KG","Probably Diphetor hageni, missing abdomen",,"legacyData"
"1e2b0875-300a-4ff7-986b-17073004f827","D15","REDB","REDB.AOS.reach","2015-10-12T15:30Z","2016-03-28","REDB.20151012.SURBER.5",,,"RHYBRU1","Y","Rhyacophila brunnea gr.",,"speciesGroup","Arthropoda","Hexapoda","Insecta","Pterygota","Neoptera","Holometabola","Trichoptera",,,"Rhyacophiloidea","Rhyacophilidae",,,,"Rhyacophila","brunnea gr.",,"larva",2,,1,100,1,"N","Y",,"condition OK","Y",,"Merritt et al. 2008; Wiggins 1996; Smith 1998","Y","GEI Consultants Inc.","KG",,,"legacyData"
"957c5212-ade4-4de6-a796-492b6e1ab7b9","D15","REDB","REDB.AOS.reach","2015-10-12T15:30Z","2016-04-15","REDB.20151012.SURBER.3",,"NE(15)1015-3-CHI","PAGSP4","Y","Pagastia sp.",,"genus","Arthropoda","Hexapoda","Insecta","Pterygota","Neoptera","Holometabola","Diptera","Nematocera","Culicomorpha",,"Chironomidae","Diamesinae","Diamesini",,"Pagastia","sp.",,"larva",4,,2,100,2,"N","Y",,"condition OK","Y",,"Ferrington et al. 2008","N","GEI Consultants Inc.","LF",,,"legacyData"
"d08b5283-dcf0-4378-8630-6404fee08c62","D15","REDB","REDB.AOS.reach","2015-10-12T15:30Z","2016-03-28","REDB.20151012.SURBER.5",,,"NEOSP30","Y","Neoplasta sp.",,"genus","Arthropoda","Hexapoda","Insecta","Pterygota","Neoptera","Holometabola","Diptera","Brachycera","Muscomorpha",,"Empididae","Hemerodromiinae","Hemerodromiini",,"Neoplasta","sp.",,"larva",1,,2,100,2,"N","Y",,"condition OK","Y",,"Merritt et al. 2008","Y","GEI Consultants Inc.","KG",,,"legacyData"
"a2d9f1cf-502c-426a-b273-1a75adc7c62a","D15","REDB","REDB.AOS.reach","2015-10-12T15:30Z","2016-04-14","REDB.20151012.SURBER.1",,"NE(15)1015-1-CHI","RHESP2","Y","Rheotanytarsus sp.",,"genus","Arthropoda","Hexapoda","Insecta","Pterygota","Neoptera","Holometabola","Diptera","Nematocera","Culicomorpha",,"Chironomidae","Chironominae","Tanytarsini",,"Rheotanytarsus","sp.",,"larva",2,"2a",3,100,3,"N","Y",,"condition OK","Y",,"Ferrington et al. 2008","N","GEI Consultants Inc.","LF","Broken, length estimated",,"legacyData"
"570c238a-4c1e-4d48-ad65-8ce6b368f9c9","D15","REDB","REDB.AOS.reach","2015-10-12T15:30Z","2016-03-28","REDB.20151012.SURBER.3",,,"SPESP4","Y","Sperchon sp.",,"genus","Arthropoda","Chelicerata","Arachnida","Acari",,"Acariformes","Trombidiformes","Prostigmata",,"Lebertioidea","Sperchontidae",,,,"Sperchon","sp.",,"adult",1,,3,100,3,"N","Y",,"condition OK","Y",,"Thorp and Covich 2001","N","GEI Consultants Inc.","KG",,,"legacyData"
"dcb1223a-3baa-4071-978f-96c48a63db04","D15","REDB","REDB.AOS.reach","2015-10-12T15:30Z","2016-04-14","REDB.20151012.SURBER.1",,"NE(15)1015-1-CHI","CHISP2","Y","Chironomidae sp.",,"family","Arthropoda","Hexapoda","Insecta","Pterygota","Neoptera","Holometabola","Diptera","Nematocera","Culicomorpha",,"Chironomidae",,,,,"sp.",,"larva",2,,1,100,1,"Y","Y",,"condition OK","Y",,"Ferrington et al. 2008","N","GEI Consultants Inc.","LF","Unknown early instar larva",,"legacyData"
"30073f53-6261-48aa-b3e7-8476025928df","D15","REDB","REDB.AOS.reach","2015-10-12T15:30Z","2016-04-14","REDB.20151012.SURBER.1",,"NE(15)1015-1-CHI","ORTGR","Y","Orthocladius/Cricotopus gr.",,"speciesGroup","Arthropoda","Hexapoda","Insecta",,"Neoptera","Holometabola","Diptera","Nematocera","Culicomorpha",,"Chironomidae","Orthocladiinae",,,,"gr.",,"larva",1,,1,100,1,"N","Y",,"condition OK","Y",,"Ferrington et al. 2008","N","GEI Consultants Inc.","LF",,,"legacyData"
"e374ac72-14fd-4708-836f-a2f8f10ecf32","D15","REDB","REDB.AOS.reach","2015-10-12T15:30Z","2016-03-28","REDB.20151012.SURBER.3",,,"BAEBIC","Y","Baetis bicaudatus",,"species","Arthropoda","Hexapoda","Insecta","Pterygota","Palaeoptera",,"Ephemeroptera","Pisciforma",,,"Baetidae",,,,"Baetis","bicaudatus",,"larva",2,,7,100,7,"N","N",,"condition OK","Y",,"Merritt et al. 2008; Morihara and McCafferty 1979","N","GEI Consultants Inc.","KG",,,"legacyData"
"664321de-209a-4f94-8c48-e5a912990d5f","D15","REDB","REDB.AOS.reach","2015-10-12T15:30Z","2016-03-21","REDB.20151012.SURBER.1",,,"HYDSP2","Y","Hydrobiidae sp.",,"family","Mollusca",,"Gastropoda",,,,"Neotaenioglossa",,,,"Hydrobiidae",,,,,"sp.",,"adult",4,,2,100,2,"N","Y",,"condition OK","Y",,"Thorp and Covich 2001","N","GEI Consultants Inc.","KG",,,"legacyData"
"6315b331-997f-418a-a099-a1d0bf199079","D15","REDB","REDB.AOS.reach","2015-10-12T15:30Z","2016-03-21","REDB.20151012.SURBER.1",,,"PROSP21","Y","Prosimulium sp.",,"genus","Arthropoda","Hexapoda","Insecta","Pterygota","Neoptera","Holometabola","Diptera","Nematocera","Culicomorpha",,"Simuliidae","Simuliinae","Prosimuliini",,"Prosimulium","sp.",,"larva",2,,9,100,9,"N","Y",,"condition OK","Y",,"Merritt et al. 2008","N","GEI Consultants Inc.","KG",,,"legacyData"
"cafc3cdc-5559-45a8-8717-84be74343939","D15","REDB","REDB.AOS.reach","2015-10-12T15:30Z","2016-03-22","REDB.20151012.SURBER.2",,,"RHYSP3","Y","Rhyacophila sp.",,"genus","Arthropoda","Hexapoda","Insecta","Pterygota","Neoptera","Holometabola","Trichoptera",,,"Rhyacophiloidea","Rhyacophilidae",,,,"Rhyacophila","sp.",,"larva",1,"1a",1,100,1,"Y","Y",,"condition OK","Y",,"Merritt et al. 2008; Wiggins 1996","N","GEI Consultants Inc.","KG",,,"legacyData"
"d473e643-2340-490f-81fe-50660190fb05","D15","REDB","REDB.AOS.reach","2015-10-12T15:30Z","2016-03-22","REDB.20151012.SURBER.2",,,"PLESP","Y","Plecoptera sp.",,"order","Arthropoda","Hexapoda","Insecta","Pterygota","Neoptera","Polyneoptera","Plecoptera",,,,,,,,,"sp.",,"larva",1,,1,100,1,"Y","Y",,"condition OK","N",,"Merritt et al. 2008","N","GEI Consultants Inc.","KG",,,"legacyData"
"aae25660-f1b0-430d-860f-b226d471e083","D15","REDB","REDB.AOS.reach","2015-10-12T15:30Z","2016-03-28","REDB.20151012.SURBER.3",,,"PISSP4","Y","Pisidium sp.",,"genus","Mollusca",,"Bivalvia","Heterodonta",,,"Veneroida",,,"Corbiculoidea","Pisidiidae",,,,"Pisidium","sp.",,"adult",2,,11,100,11,"N","Y",,"condition OK","Y",,"Smith 2001","N","GEI Consultants Inc.","KG",,,"legacyData"
"2040cee2-28b7-493b-92f3-15159d81d6d4","D15","REDB","REDB.AOS.reach","2015-10-12T15:30Z","2016-03-28","REDB.20151012.SURBER.3",,,"ANTMON","Y","Antocha monticola",,"species","Arthropoda","Hexapoda","Insecta","Pterygota","Neoptera","Holometabola","Diptera","Nematocera","Tipulomorpha",,"Tipulidae","Limoniinae","Limoniini",,"Antocha","monticola",,"larva",2,,3,100,3,"N","N",,"condition OK","Y",,"Merritt et al. 2008; Alexander 1967","N","GEI Consultants Inc.","KG",,,"legacyData"
"10eff897-ed88-4b36-969b-149685423cd2","D15","REDB","REDB.AOS.reach","2015-10-12T15:30Z","2016-04-16","REDB.20151012.SURBER.5",,"NE(15)1015-5-CHI","ORTGR","Y","Orthocladius/Cricotopus gr.",,"speciesGroup","Arthropoda","Hexapoda","Insecta",,"Neoptera","Holometabola","Diptera","Nematocera","Culicomorpha",,"Chironomidae","Orthocladiinae",,,,"gr.",,"larva",2,"2c",11,100,11,"N","Y",,"condition OK","Y",,"Ferrington et al. 2008","N","GEI Consultants Inc.","LF",,,"legacyData"
"112da515-d769-42d4-9d64-6338a9d6b3bc","D15","REDB","REDB.AOS.reach","2015-10-12T15:30Z","2016-03-28","REDB.20151012.SURBER.5",,,"RHYSP3","Y","Rhyacophila sp.",,"genus","Arthropoda","Hexapoda","Insecta","Pterygota","Neoptera","Holometabola","Trichoptera",,,"Rhyacophiloidea","Rhyacophilidae",,,,"Rhyacophila","sp.",,"larva",1,,7,100,7,"Y","Y",,"condition OK","N",,"Merritt et al. 2008; Wiggins 1996","Y","GEI Consultants Inc.","KG",,,"legacyData"
"9f2a328d-1b43-4dcd-bcc7-097c8618fbd1","D15","REDB","REDB.AOS.reach","2015-10-12T15:30Z","2016-03-28","REDB.20151012.SURBER.3",,,"ANTMON","Y","Antocha monticola",,"species","Arthropoda","Hexapoda","Insecta","Pterygota","Neoptera","Holometabola","Diptera","Nematocera","Tipulomorpha",,"Tipulidae","Limoniinae","Limoniini",,"Antocha","monticola",,"larva",5,,2,100,2,"N","N",,"condition OK","Y",,"Merritt et al. 2008; Alexander 1967","N","GEI Consultants Inc.","KG",,,"legacyData"
"463d7aeb-1de9-4a08-b102-ef69b98f091e","D15","REDB","REDB.AOS.reach","2015-10-12T15:30Z","2016-03-22","REDB.20151012.SURBER.2",,,"RHYSP3","Y","Rhyacophila sp.",,"genus","Arthropoda","Hexapoda","Insecta","Pterygota","Neoptera","Holometabola","Trichoptera",,,"Rhyacophiloidea","Rhyacophilidae",,,,"Rhyacophila","sp.",,"larva",1,"1b",1,100,1,"Y","Y",,"condition OK","Y",,"Merritt et al. 2008; Wiggins 1996","N","GEI Consultants Inc.","KG",,,"legacyData"
"8a656830-5fb8-4e9d-b1d0-4578e8755aa1","D15","REDB","REDB.AOS.reach","2015-10-12T15:30Z","2016-03-28","REDB.20151012.SURBER.5",,,"HETCOR","Y","Heterlimnius corpulentus",,"species","Arthropoda","Hexapoda","Insecta","Pterygota","Neoptera","Holometabola","Coleoptera","Polyphaga","Elateriformia","Byrrhoidea","Elmidae","Elminae","Elmini",,"Heterlimnius","corpulentus",,"larva",4,,1,100,1,"N","Y",,"condition OK","Y",,"Merritt et al. 2008; Brown 1983","Y","GEI Consultants Inc.","KG",,,"legacyData"
"7371078b-c4dc-402c-875e-b9d5b5f58fd4","D15","REDB","REDB.AOS.reach","2015-10-12T15:30Z","2016-03-21","REDB.20151012.SURBER.1",,,"ZAPCIN","Y","Zapada cinctipes",,"species","Arthropoda","Hexapoda","Insecta","Pterygota","Neoptera","Polyneoptera","Plecoptera","Euholognatha",,,"Nemouridae","Nemourinae",,,"Zapada","cinctipes",,"larva",5,,3,100,3,"N","N",,"condition OK","Y",,"Merritt et al. 2008; Stewart and Stark 2002; Baumann et al. 1977","N","GEI Consultants Inc.","KG",,,"legacyData"
"24bf266f-c79f-4195-a209-a5b9554ce918","D15","REDB","REDB.AOS.reach","2015-10-12T15:30Z","2016-03-21","REDB.20151012.SURBER.1",,,"PROSP21","Y","Prosimulium sp.",,"genus","Arthropoda","Hexapoda","Insecta","Pterygota","Neoptera","Holometabola","Diptera","Nematocera","Culicomorpha",,"Simuliidae","Simuliinae","Prosimuliini",,"Prosimulium","sp.",,"larva",1,,2,100,2,"N","Y",,"condition OK","Y",,"Merritt et al. 2008","N","GEI Consultants Inc.","KG",,,"legacyData"
"14e59fc1-034e-4881-b661-f29108c543c3","D15","REDB","REDB.AOS.reach","2015-10-12T15:30Z","2016-04-16","REDB.20151012.SURBER.5",,"NE(15)1015-5-CHI","ORTGR","Y","Orthocladius/Cricotopus gr.",,"speciesGroup","Arthropoda","Hexapoda","Insecta",,"Neoptera","Holometabola","Diptera","Nematocera","Culicomorpha",,"Chironomidae","Orthocladiinae",,,,"gr.",,"larva",2,"2d",2,100,2,"N","Y",,"condition OK","Y",,"Ferrington et al. 2008","N","GEI Consultants Inc.","LF","Broken, length estimated",,"legacyData"
"04490096-ec97-400c-8530-0466f7db65bd","D15","REDB","REDB.AOS.reach","2015-10-12T15:30Z","2016-03-21","REDB.20151012.SURBER.1",,,"NARCON","Y","Narpus concolor",,"species","Arthropoda","Hexapoda","Insecta","Pterygota","Neoptera","Holometabola","Coleoptera","Polyphaga","Elateriformia","Byrrhoidea","Elmidae","Elminae","Elmini",,"Narpus","concolor",,"larva",2,,1,100,1,"N","Y",,"condition OK","Y",,"Merritt et al. 2008; Ward et al. 2002","N","GEI Consultants Inc.","KG",,,"legacyData"
"d1314945-1f9c-493c-9bf0-ffed773a9f46","D15","REDB","REDB.AOS.reach","2015-10-12T15:30Z","2016-04-14","REDB.20151012.SURBER.1",,"NE(15)1015-1-CHI","TANSP11","Y","Tanytarsus sp.",,"genus","Arthropoda","Hexapoda","Insecta","Pterygota","Neoptera","Holometabola","Diptera","Nematocera","Culicomorpha",,"Chironomidae","Chironominae","Tanytarsini",,"Tanytarsus","sp.",,"larva",2,,4,100,4,"N","Y",,"condition OK","Y",,"Ferrington et al. 2008","N","GEI Consultants Inc.","LF",,,"legacyData"
"a3ec6cb1-4ae7-487a-be8c-95f64d095850","D15","REDB","REDB.AOS.reach","2015-10-12T15:30Z","2016-03-21","REDB.20151012.SURBER.1",,,"SPESP4","Y","Sperchon sp.",,"genus","Arthropoda","Chelicerata","Arachnida","Acari",,"Acariformes","Trombidiformes","Prostigmata",,"Lebertioidea","Sperchontidae",,,,"Sperchon","sp.",,"adult",1,,1,100,1,"N","Y",,"condition OK","Y",,"Thorp and Covich 2001","N","GEI Consultants Inc.","KG",,,"legacyData"
"1152be99-03a3-4643-8618-1a50fda270a6","D15","REDB","REDB.AOS.reach","2015-10-12T15:30Z","2016-03-22","REDB.20151012.SURBER.2",,,"RHYSP3","Y","Rhyacophila sp.",,"genus","Arthropoda","Hexapoda","Insecta","Pterygota","Neoptera","Holometabola","Trichoptera",,,"Rhyacophiloidea","Rhyacophilidae",,,,"Rhyacophila","sp.",,"larva",,,1,100,1,"Y","Y",,"damaged, affecting measurement","Y",,"Merritt et al. 2008; Wiggins 1996","N","GEI Consultants Inc.","KG","Missing anal prolegs and part of abdomen",,"legacyData"
"12b820c4-31aa-4ea7-a3d4-c0c711858bba","D15","REDB","REDB.AOS.reach","2015-10-12T15:30Z","2016-03-28","REDB.20151012.SURBER.3",,,"HETCOR","Y","Heterlimnius corpulentus",,"species","Arthropoda","Hexapoda","Insecta","Pterygota","Neoptera","Holometabola","Coleoptera","Polyphaga","Elateriformia","Byrrhoidea","Elmidae","Elminae","Elmini",,"Heterlimnius","corpulentus",,"larva",5,,1,100,1,"N","Y",,"condition OK","Y",,"Merritt et al. 2008; Brown 1983","N","GEI Consultants Inc.","KG",,,"legacyData"
"1623fc6b-04fe-49bc-b0bd-c619312382ad","D15","REDB","REDB.AOS.reach","2015-10-12T15:30Z","2016-04-14","REDB.20151012.SURBER.2",,"NE(15)1015-2-CHI","PAGSP4","Y","Pagastia sp.",,"genus","Arthropoda","Hexapoda","Insecta","Pterygota","Neoptera","Holometabola","Diptera","Nematocera","Culicomorpha",,"Chironomidae","Diamesinae","Diamesini",,"Pagastia","sp.",,"larva",3,,4,100,4,"N","Y",,"condition OK","Y",,"Ferrington et al. 2008","N","GEI Consultants Inc.","LF",,,"legacyData"
"2ed189ef-642b-4a63-8088-91638711e2c3","D15","REDB","REDB.AOS.reach","2015-10-12T15:30Z","2016-03-28","REDB.20151012.SURBER.3",,,"ELMSP","Y","Elmidae sp.",,"family","Arthropoda","Hexapoda","Insecta","Pterygota","Neoptera","Holometabola","Coleoptera","Polyphaga","Elateriformia","Byrrhoidea","Elmidae",,,,,"sp.",,"larva",2,"2a",2,100,2,"Y","N",,"condition OK","N",,"Merritt et al. 2008","N","GEI Consultants Inc.","KG",,,"legacyData"
"993c46e3-cae4-4db9-9f85-dfbbce6ddcf9","D15","REDB","REDB.AOS.reach","2015-10-12T15:30Z","2016-03-28","REDB.20151012.SURBER.5",,,"PLESP","Y","Plecoptera sp.",,"order","Arthropoda","Hexapoda","Insecta","Pterygota","Neoptera","Polyneoptera","Plecoptera",,,,,,,,,"sp.",,"larva",1,,1,100,1,"Y","Y",,"condition OK","N",,"Merritt et al. 2008","Y","GEI Consultants Inc.","KG",,,"legacyData"
"805a0909-c9dd-4431-823b-80b41c909929","D15","REDB","REDB.AOS.reach","2015-10-12T15:30Z","2016-03-28","REDB.20151012.SURBER.3",,,"ZAPCIN","Y","Zapada cinctipes",,"species","Arthropoda","Hexapoda","Insecta","Pterygota","Neoptera","Polyneoptera","Plecoptera","Euholognatha",,,"Nemouridae","Nemourinae",,,"Zapada","cinctipes",,"larva",4,,1,100,1,"N","N",,"condition OK","Y",,"Merritt et al. 2008; Stewart and Stark 2002; Baumann et al. 1977","N","GEI Consultants Inc.","KG",,,"legacyData"
"96d4b31d-5acf-4402-9531-0ace539ff4f0","D15","REDB","REDB.AOS.reach","2015-10-12T15:30Z","2016-03-21","REDB.20151012.SURBER.1",,,"TORSP1","Y","Torrenticolidae sp.",,"family","Arthropoda","Chelicerata","Arachnida","Acari",,"Acariformes","Trombidiformes","Prostigmata",,"Lebertioidea","Torrenticolidae",,,,,"sp.",,"adult",1,,1,100,1,"N","Y",,"condition OK","Y",,"Thorp and Covich 2001","N","GEI Consultants Inc.","KG",,,"legacyData"
"689382b1-7fa1-4133-8db5-5a352e03279e","D15","REDB","REDB.AOS.reach","2015-10-12T15:30Z","2016-04-29","REDB.20151012.SURBER.1",,"NE(15)1015-1-OLI","NAISP","Y","Naididae sp.","Tubificidae with capilliform setae","family","Annelida","Clitellata","Oligochaeta","Oligochaeta",,,"Tubificida",,,,"Naididae",,,,,"sp.",,"adult",2,,1,100,1,"Y","N",,"condition OK","Y",,"Kathman and Brinkhurst 1999","N","GEI Consultants Inc.","UR",,,"legacyData"
"ab7a001d-b454-4cb1-a12e-f13d9339c43d","D15","REDB","REDB.AOS.reach","2015-10-12T15:30Z","2016-03-21","REDB.20151012.SURBER.1",,,"SIMSP1","Y","Simulium sp.",,"genus","Arthropoda","Hexapoda","Insecta","Pterygota","Neoptera","Holometabola","Diptera","Nematocera","Culicomorpha",,"Simuliidae","Simuliinae","Simuliini",,"Simulium","sp.",,"larva",2,,1,100,1,"N","Y",,"condition OK","Y",,"Merritt et al. 2008","N","GEI Consultants Inc.","KG",,,"legacyData"
"a3612fb4-c333-44cd-b84c-b78995c77eca","D15","REDB","REDB.AOS.reach","2015-10-12T15:30Z","2016-03-28","REDB.20151012.SURBER.3",,,"DIPHAG","Y","Diphetor hageni",,"species","Arthropoda","Hexapoda","Insecta","Pterygota","Palaeoptera",,"Ephemeroptera","Pisciforma",,,"Baetidae",,,,"Diphetor","hageni",,"larva",2,,39,100,39,"N","N",,"condition OK","Y",,"Merritt et al. 2008; Meyer and McCafferty 2001","N","GEI Consultants Inc.","KG",,,"legacyData"
"69f56252-397c-44ff-8abb-a06ee3e0b278","D15","REDB","REDB.AOS.reach","2015-10-12T15:30Z","2016-03-22","REDB.20151012.SURBER.2",,,"DIPHAG","Y","Diphetor hageni",,"species","Arthropoda","Hexapoda","Insecta","Pterygota","Palaeoptera",,"Ephemeroptera","Pisciforma",,,"Baetidae",,,,"Diphetor","hageni",,"larva",2,,1,100,1,"N","N",,"condition OK","Y",,"Merritt et al. 2008; Meyer and McCafferty 2001","N","GEI Consultants Inc.","KG",,,"legacyData"
"69c16ba5-3782-4aca-b3fa-71f72f8d4a81","D15","REDB","REDB.AOS.reach","2015-10-12T15:30Z","2016-04-14","REDB.20151012.SURBER.1",,"NE(15)1015-1-CHI","EUKSP","Y","Eukiefferiella sp.",,"genus","Arthropoda","Hexapoda","Insecta","Pterygota","Neoptera","Holometabola","Diptera","Nematocera","Culicomorpha",,"Chironomidae","Orthocladiinae",,,"Eukiefferiella","sp.",,"larva",3,,1,100,1,"N","Y",,"condition OK","Y",,"Ferrington et al. 2008","N","GEI Consultants Inc.","LF",,,"legacyData"
"52c54846-920e-411f-9434-fb24ad6592f2","D15","REDB","REDB.AOS.reach","2015-10-12T15:30Z","2016-03-22","REDB.20151012.SURBER.2",,,"EPESP","Y","Epeorus sp.",,"genus","Arthropoda","Hexapoda","Insecta","Pterygota","Palaeoptera",,"Ephemeroptera","Pisciforma",,"Heptagenioidea","Heptageniidae",,,,"Epeorus","sp.",,"larva",1,,1,100,1,"Y","N",,"condition OK","Y",,"Merritt et al. 2008","N","GEI Consultants Inc.","KG",,,"legacyData"
"756945a4-511f-4c92-9beb-d5e46b966e62","D15","REDB","REDB.AOS.reach","2015-10-12T15:30Z","2016-03-21","REDB.20151012.SURBER.1",,,"HYDSP15","Y","Hydryphantidae sp.",,"family","Arthropoda","Chelicerata","Arachnida","Acari",,"Acariformes","Trombidiformes","Prostigmata",,"Hydryphantoidea","Hydryphantidae",,,,,"sp.",,"adult",1,,1,100,1,"Y","Y",,"condition OK","Y",,"Thorp and Covich 2001","N","GEI Consultants Inc.","KG",,,"legacyData"
"34f56783-38a1-4f52-9d0c-1ee162cc1399","D15","REDB","REDB.AOS.reach","2015-10-12T15:30Z","2016-03-28","REDB.20151012.SURBER.3",,,"BAESP2","Y","Baetis sp.",,"genus","Arthropoda","Hexapoda","Insecta","Pterygota","Palaeoptera",,"Ephemeroptera","Pisciforma",,,"Baetidae",,,,"Baetis","sp.",,"larva",,,1,100,1,"N","N",,"damaged, affecting measurement","N",,"Merritt et al. 2008","N","GEI Consultants Inc.","KG","Missing abdomen; no cerci",,"legacyData"
"a3ec0f66-f01a-4459-a1e7-3891c0b5528a","D15","REDB","REDB.AOS.reach","2015-10-12T15:30Z","2016-03-28","REDB.20151012.SURBER.5",,,"PROSP21","Y","Prosimulium sp.",,"genus","Arthropoda","Hexapoda","Insecta","Pterygota","Neoptera","Holometabola","Diptera","Nematocera","Culicomorpha",,"Simuliidae","Simuliinae","Prosimuliini",,"Prosimulium","sp.",,"larva",2,,1,100,1,"N","Y",,"condition OK","Y",,"Merritt et al. 2008","Y","GEI Consultants Inc.","KG",,,"legacyData"
"28cc7cfd-459e-46c3-ab84-11cc51c7e872","D15","REDB","REDB.AOS.reach","2015-10-12T15:30Z","2016-03-21","REDB.20151012.SURBER.1",,,"HEPSP","Y","Heptageniidae sp.",,"family","Arthropoda","Hexapoda","Insecta","Pterygota","Palaeoptera",,"Ephemeroptera","Pisciforma",,"Heptagenioidea","Heptageniidae",,,,,"sp.",,"larva",1,,3,100,3,"Y","Y",,"condition OK","Y",,"Merritt et al. 2008","N","GEI Consultants Inc.","KG",,,"legacyData"
"9649bf75-dd1b-4fa9-8e08-7cbe129a429c","D15","REDB","REDB.AOS.reach","2015-10-12T15:30Z","2016-03-28","REDB.20151012.SURBER.3",,,"ANTMON","Y","Antocha monticola",,"species","Arthropoda","Hexapoda","Insecta","Pterygota","Neoptera","Holometabola","Diptera","Nematocera","Tipulomorpha",,"Tipulidae","Limoniinae","Limoniini",,"Antocha","monticola",,"larva",4,,2,100,2,"N","N",,"condition OK","Y",,"Merritt et al. 2008; Alexander 1967","N","GEI Consultants Inc.","KG",,,"legacyData"
"ad4d1640-46ba-4dc5-b6fe-cc8f2bb39901","D15","REDB","REDB.AOS.reach","2015-10-12T15:30Z","2016-03-21","REDB.20151012.SURBER.1",,,"RHYVOF","Y","Rhyacophila vofixa gr.",,"speciesGroup","Arthropoda","Hexapoda","Insecta","Pterygota","Neoptera","Holometabola","Trichoptera",,,"Rhyacophiloidea","Rhyacophilidae",,,,"Rhyacophila","vofixa gr.",,"larva",7,,1,100,1,"N","Y",,"condition OK","Y",,"Merritt et al. 2008; Wiggins 1996; Smith 1998","N","GEI Consultants Inc.","KG",,,"legacyData"
"05a5695c-8a4b-450e-9951-6de84f4737b9","D15","REDB","REDB.AOS.reach","2015-10-12T15:30Z","2016-04-15","REDB.20151012.SURBER.3",,"NE(15)1015-3-CHI","POLSP13","Y","Polypedilum sp.",,"genus","Arthropoda","Hexapoda","Insecta","Pterygota","Neoptera","Holometabola","Diptera","Nematocera","Culicomorpha",,"Chironomidae","Chironominae","Chironomini",,"Polypedilum","sp.",,"larva",3,,2,100,2,"N","Y",,"condition OK","Y",,"Ferrington et al. 2008","N","GEI Consultants Inc.","LF",,,"legacyData"
"2454c01d-d9c8-46e7-aa99-2e6887e8170f","D15","REDB","REDB.AOS.reach","2015-10-12T15:30Z","2016-04-14","REDB.20151012.SURBER.1",,"NE(15)1015-1-CHI","BRISP","Y","Brillia sp.",,"genus","Arthropoda","Hexapoda","Insecta","Pterygota","Neoptera","Holometabola","Diptera","Nematocera","Culicomorpha",,"Chironomidae","Orthocladiinae",,,"Brillia","sp.",,"larva",2,,1,100,1,"N","Y",,"condition OK","Y",,"Ferrington et al. 2008","N","GEI Consultants Inc.","LF",,,"legacyData"
"98db2d97-ed59-4bc0-aa25-f51a6223a311","D15","REDB","REDB.AOS.reach","2015-10-12T15:30Z","2016-03-22","REDB.20151012.SURBER.2",,,"ELMSP","Y","Elmidae sp.",,"family","Arthropoda","Hexapoda","Insecta","Pterygota","Neoptera","Holometabola","Coleoptera","Polyphaga","Elateriformia","Byrrhoidea","Elmidae",,,,,"sp.",,"larva",,,1,100,1,"Y","Y",,"damaged, affecting measurement","N",,"Merritt et al. 2008","N","GEI Consultants Inc.","KG","Missing abdomen",,"legacyData"
"3e7f581b-e709-4035-8be5-0ed9bf1a8059","D15","REDB","REDB.AOS.reach","2015-10-12T15:30Z","2016-03-28","REDB.20151012.SURBER.5",,,"MICSP3","Y","Micrasema sp.",,"genus","Arthropoda","Hexapoda","Insecta","Pterygota","Neoptera","Holometabola","Trichoptera",,,"Limnephiloidea","Brachycentridae",,,,"Micrasema","sp.",,"larva",1,,16,100,16,"N","Y",,"condition OK","Y",,"Merritt et al. 2008; Wiggins 1996","Y","GEI Consultants Inc.","KG",,,"legacyData"
"058da584-6331-431b-abc3-2d8f8f27342f","D15","REDB","REDB.AOS.reach","2015-10-12T15:30Z","2016-03-21","REDB.20151012.SURBER.1",,,"SIMSP1","Y","Simulium sp.",,"genus","Arthropoda","Hexapoda","Insecta","Pterygota","Neoptera","Holometabola","Diptera","Nematocera","Culicomorpha",,"Simuliidae","Simuliinae","Simuliini",,"Simulium","sp.",,"larva",4,,1,100,1,"N","Y",,"condition OK","Y",,"Merritt et al. 2008","N","GEI Consultants Inc.","KG",,,"legacyData"
"d9e1952d-b23d-48ae-a57b-3e5bfd1cc941","D15","REDB","REDB.AOS.reach","2015-10-12T15:30Z","2016-04-15","REDB.20151012.SURBER.3",,"NE(15)1015-3-CHI","CONGR","Y","Conchapelopia/Thienemannimyia gr.",,"speciesGroup","Arthropoda","Hexapoda","Insecta",,"Neoptera","Holometabola","Diptera","Nematocera","Culicomorpha",,"Chironomidae","Tanypodinae","Pentaneurini",,,"gr.",,"larva",3,,2,100,2,"N","Y",,"condition OK","Y",,"Ferrington et al. 2008","N","GEI Consultants Inc.","LF",,,"legacyData"
"9c2552cc-3b2d-4ff9-b30b-a21b041a18a1","D15","REDB","REDB.AOS.reach","2015-10-12T15:30Z","2016-03-28","REDB.20151012.SURBER.3",,,"HYDSP2","Y","Hydrobiidae sp.",,"family","Mollusca",,"Gastropoda",,,,"Neotaenioglossa",,,,"Hydrobiidae",,,,,"sp.",,"adult",1,,67,100,67,"Y","Y",,"condition OK","N",,"Thorp and Covich 2001","N","GEI Consultants Inc.","KG",,,"legacyData"
"d7f57d22-33af-433c-bd2e-5e80c72aa823","D15","REDB","REDB.AOS.reach","2015-10-12T15:30Z","2016-04-15","REDB.20151012.SURBER.3",,"NE(15)1015-3-CHI","PAGSP4","Y","Pagastia sp.",,"genus","Arthropoda","Hexapoda","Insecta","Pterygota","Neoptera","Holometabola","Diptera","Nematocera","Culicomorpha",,"Chironomidae","Diamesinae","Diamesini",,"Pagastia","sp.",,"larva",3,,2,100,2,"N","Y",,"condition OK","Y",,"Ferrington et al. 2008","N","GEI Consultants Inc.","LF",,,"legacyData"
"542e9da9-0f1e-4b40-b9ed-04389eaab483","D15","REDB","REDB.AOS.reach","2015-10-12T15:30Z","2016-02-10","REDB.20151012.SURBER.4",,"NE(15)1015-4-CHI","CHISPP2","N","Chironomidae spp.",,"family","Arthropoda","Hexapoda","Insecta","Pterygota","Neoptera","Holometabola","Diptera","Nematocera","Culicomorpha",,"Chironomidae",,,,,"spp.",,,,,,,,,,,"other (specified in remarks)",,,,"N","GEI Consultants Inc.","unknown","sample discarded due to error in the field",,"legacyData"
"835dc3bc-0b77-43cf-8249-b5a2a3ad0659","D15","REDB","REDB.AOS.reach","2015-10-12T15:30Z","2016-03-28","REDB.20151012.SURBER.3",,,"BAESP2","Y","Baetis sp.",,"genus","Arthropoda","Hexapoda","Insecta","Pterygota","Palaeoptera",,"Ephemeroptera","Pisciforma",,,"Baetidae",,,,"Baetis","sp.",,"larva",1,,7,100,7,"Y","N",,"condition OK","N",,"Merritt et al. 2008","N","GEI Consultants Inc.","KG",,,"legacyData"
"73ea775f-3090-4678-9dda-067dc00b79ae","D15","REDB","REDB.AOS.reach","2015-10-12T15:30Z","2016-04-14","REDB.20151012.SURBER.1",,"NE(15)1015-1-CHI","RHESP2","Y","Rheotanytarsus sp.",,"genus","Arthropoda","Hexapoda","Insecta","Pterygota","Neoptera","Holometabola","Diptera","Nematocera","Culicomorpha",,"Chironomidae","Chironominae","Tanytarsini",,"Rheotanytarsus","sp.",,"larva",2,"2b",17,100,17,"N","Y",,"condition OK","Y",,"Ferrington et al. 2008","N","GEI Consultants Inc.","LF",,,"legacyData"
"09c418b6-886b-4daf-96f5-51412ea7c9af","D15","REDB","REDB.AOS.reach","2015-10-12T15:30Z","2016-04-14","REDB.20151012.SURBER.1",,"NE(15)1015-1-CHI","TVESP","Y","Tvetenia sp.",,"genus","Arthropoda","Hexapoda","Insecta","Pterygota","Neoptera","Holometabola","Diptera","Nematocera","Culicomorpha",,"Chironomidae","Orthocladiinae",,,"Tvetenia","sp.",,"larva",4,,1,100,1,"N","Y",,"condition OK","Y",,"Ferrington et al. 2008","N","GEI Consultants Inc.","LF",,,"legacyData"
"ecbf9b72-5c92-4024-8f98-de058c310d50","D15","REDB","REDB.AOS.reach","2015-10-12T15:30Z","2016-03-21","REDB.20151012.SURBER.1",,,"MICSP3","Y","Micrasema sp.",,"genus","Arthropoda","Hexapoda","Insecta","Pterygota","Neoptera","Holometabola","Trichoptera",,,"Limnephiloidea","Brachycentridae",,,,"Micrasema","sp.",,"larva",2,,7,100,7,"N","Y",,"condition OK","Y",,"Merritt et al. 2008; Wiggins 1996","N","GEI Consultants Inc.","KG",,,"legacyData"
"47eecfa7-8d96-493c-8e90-94b1f739348f","D15","REDB","REDB.AOS.reach","2015-10-12T15:30Z","2016-03-28","REDB.20151012.SURBER.5",,,"PISSP2","Y","Pisidiidae sp.",,"family","Mollusca",,"Bivalvia","Heterodonta",,,"Veneroida",,,"Corbiculoidea","Pisidiidae",,,,,"sp.",,"adult",1,,11,100,11,"Y","Y",,"condition OK","N",,"Smith 2001","Y","GEI Consultants Inc.","KG",,,"legacyData"
"44cb6f73-3787-4e08-8721-b01709cce99c","D15","REDB","REDB.AOS.reach","2015-10-12T15:30Z","2016-03-28","REDB.20151012.SURBER.5",,,"TESSP1","Y","Testudacarus sp.",,"genus","Arthropoda","Chelicerata","Arachnida","Acari",,"Acariformes","Trombidiformes","Prostigmata",,"Lebertioidea","Torrenticolidae",,,,"Testudacarus","sp.",,"adult",1,,3,100,3,"N","Y",,"condition OK","Y",,"Thorp and Covich 2001","Y","GEI Consultants Inc.","KG",,,"legacyData"
"5f891626-d653-4635-a4dd-90bbb0912c3c","D15","REDB","REDB.AOS.reach","2015-10-12T15:30Z","2016-03-21","REDB.20151012.SURBER.1",,,"BAESP2","Y","Baetis sp.",,"genus","Arthropoda","Hexapoda","Insecta","Pterygota","Palaeoptera",,"Ephemeroptera","Pisciforma",,,"Baetidae",,,,"Baetis","sp.",,"larva",2,,46,100,46,"Y","N",,"condition OK","N",,"Merritt et al. 2008","N","GEI Consultants Inc.","KG",,,"legacyData"
"d3ef0b20-3178-470f-85c1-237d606cb22d","D15","REDB","REDB.AOS.reach","2015-10-12T15:30Z","2016-03-28","REDB.20151012.SURBER.3",,,"CERSP10","Y","Ceratopogoninae sp.",,"subfamily","Arthropoda","Hexapoda","Insecta","Pterygota","Neoptera","Holometabola","Diptera","Nematocera","Culicomorpha",,"Ceratopogonidae","Ceratopogoninae",,,,"sp.",,"larva",3,,1,100,1,"Y","Y",,"condition OK","Y",,"Merritt et al. 2008","N","GEI Consultants Inc.","KG",,,"legacyData"
"2c550f82-0fba-41be-83dd-9190e98ccc58","D15","REDB","REDB.AOS.reach","2015-10-12T15:30Z","2016-03-21","REDB.20151012.SURBER.1",,,"PERSP2","Y","Perlodidae sp.",,"family","Arthropoda","Hexapoda","Insecta","Pterygota","Neoptera","Polyneoptera","Plecoptera","Systellognatha",,,"Perlodidae",,,,,"sp.",,"larva",3,,3,100,3,"Y","Y",,"condition OK","Y",,"Merritt et al. 2008; Stewart and Stark 2002","N","GEI Consultants Inc.","KG",,,"legacyData"
"f18c2c02-8ba7-4b18-99c5-245bf3d21039","D15","REDB","REDB.AOS.reach","2015-10-12T15:30Z","2016-04-14","REDB.20151012.SURBER.2",,"NE(15)1015-2-CHI","EUKSP","Y","Eukiefferiella sp.",,"genus","Arthropoda","Hexapoda","Insecta","Pterygota","Neoptera","Holometabola","Diptera","Nematocera","Culicomorpha",,"Chironomidae","Orthocladiinae",,,"Eukiefferiella","sp.",,"larva",2,,8,100,8,"N","Y",,"condition OK","Y",,"Ferrington et al. 2008","N","GEI Consultants Inc.","LF",,,"legacyData"
"e454a95c-5fa0-44be-814b-c68ef6c1b51f","D15","REDB","REDB.AOS.reach","2015-10-12T15:30Z","2016-03-21","REDB.20151012.SURBER.1",,,"TRISP","Y","Trichoptera sp.",,"order","Arthropoda","Hexapoda","Insecta","Pterygota","Neoptera","Holometabola","Trichoptera",,,,,,,,,"sp.",,"larva",1,"1a",1,100,1,"Y","Y",,"condition OK","N",,"Merritt et al. 2008; Wiggins 1996","N","GEI Consultants Inc.","KG","Spp. 1",,"legacyData"
"4bed5ebb-52aa-4fbd-ac66-4089856a8f46","D15","REDB","REDB.AOS.reach","2015-10-12T15:30Z","2016-03-28","REDB.20151012.SURBER.5",,,"ATUSP2","Y","Aturus/Kongsbergia sp.",,"speciesGroup","Arthropoda","Chelicerata","Arachnida","Acari",,"Acariformes","Trombidiformes","Prostigmata",,"Hygrobatoidea","Aturidae",,,,"Aturus/Kongsbergia","sp.",,"adult",1,,2,100,2,"N","Y",,"condition OK","Y",,"Peckarsky et al. 1990","Y","GEI Consultants Inc.","KG",,,"legacyData"
"67ea9167-0cb3-443a-9ceb-07d87d5fe84e","D15","REDB","REDB.AOS.reach","2015-10-12T15:30Z","2016-03-21","REDB.20151012.SURBER.1",,,"NARCON","Y","Narpus concolor",,"species","Arthropoda","Hexapoda","Insecta","Pterygota","Neoptera","Holometabola","Coleoptera","Polyphaga","Elateriformia","Byrrhoidea","Elmidae","Elminae","Elmini",,"Narpus","concolor",,"larva",5,,1,100,1,"N","Y",,"condition OK","Y",,"Merritt et al. 2008; Ward et al. 2002","N","GEI Consultants Inc.","KG",,,"legacyData"
"d407db68-0d84-43e4-b5f5-2a15f1afd680","D15","REDB","REDB.AOS.reach","2015-10-12T15:30Z","2016-03-22","REDB.20151012.SURBER.2",,,"SIMSP","Y","Simuliidae sp.",,"family","Arthropoda","Hexapoda","Insecta","Pterygota","Neoptera","Holometabola","Diptera","Nematocera","Culicomorpha",,"Simuliidae",,,,,"sp.",,"larva",2,,1,100,1,"Y","Y",,"condition OK","Y",,"Merritt et al. 2008","N","GEI Consultants Inc.","KG",,,"legacyData"
"c1c8d6df-ba08-4e62-90af-060523f8b09f","D15","REDB","REDB.AOS.reach","2015-10-12T15:30Z","2016-03-22","REDB.20151012.SURBER.2",,,"CERSP10","Y","Ceratopogoninae sp.",,"subfamily","Arthropoda","Hexapoda","Insecta","Pterygota","Neoptera","Holometabola","Diptera","Nematocera","Culicomorpha",,"Ceratopogonidae","Ceratopogoninae",,,,"sp.",,"larva",3,,1,100,1,"Y","Y",,"condition OK","Y",,"Merritt et al. 2008","N","GEI Consultants Inc.","KG",,,"legacyData"
"005f9b68-ae00-4035-8087-889c952078f0","D15","REDB","REDB.AOS.reach","2015-10-12T15:30Z","2016-03-28","REDB.20151012.SURBER.5",,,"NEMSP5","Y","Nemouridae sp.",,"family","Arthropoda","Hexapoda","Insecta","Pterygota","Neoptera","Polyneoptera","Plecoptera","Euholognatha",,,"Nemouridae",,,,,"sp.",,"larva",2,,1,100,1,"N","Y",,"damaged, affecting analysis","N",,"Merritt et al. 2008; Baumann et al. 1977","Y","GEI Consultants Inc.","KG","Missing legs",,"legacyData"
"6eb3b2b3-a44e-41d3-b1f4-abd2fb651b2b","D15","REDB","REDB.AOS.reach","2015-10-12T15:30Z","2016-03-21","REDB.20151012.SURBER.1",,,"TRISP","Y","Trichoptera sp.",,"order","Arthropoda","Hexapoda","Insecta","Pterygota","Neoptera","Holometabola","Trichoptera",,,,,,,,,"sp.",,"larva",1,"1b",1,100,1,"Y","Y",,"condition OK","N",,"Merritt et al. 2008; Wiggins 1996","N","GEI Consultants Inc.","KG","Spp. 2",,"legacyData"
"75d7fd35-8907-4e50-bbd8-a296686109f2","D15","REDB","REDB.AOS.reach","2015-10-12T15:30Z","2016-04-14","REDB.20151012.SURBER.2",,"NE(15)1015-2-CHI","EUKSP","Y","Eukiefferiella sp.",,"genus","Arthropoda","Hexapoda","Insecta","Pterygota","Neoptera","Holometabola","Diptera","Nematocera","Culicomorpha",,"Chironomidae","Orthocladiinae",,,"Eukiefferiella","sp.",,"larva",1,,4,100,4,"N","Y",,"condition OK","Y",,"Ferrington et al. 2008","N","GEI Consultants Inc.","LF",,,"legacyData"
"34805d3e-bb2f-4c18-8e8c-cdaa1a43af3b","D15","REDB","REDB.AOS.reach","2015-10-12T15:30Z","2016-03-28","REDB.20151012.SURBER.5",,,"DIPHAG","Y","Diphetor hageni",,"species","Arthropoda","Hexapoda","Insecta","Pterygota","Palaeoptera",,"Ephemeroptera","Pisciforma",,,"Baetidae",,,,"Diphetor","hageni",,"larva",2,,38,100,38,"N","N",,"condition OK","Y",,"Merritt et al. 2008; Meyer and McCafferty 2001","Y","GEI Consultants Inc.","KG",,,"legacyData"
"0b44d444-8e9f-4543-9145-b8fb513063bb","D15","REDB","REDB.AOS.reach","2015-10-12T15:30Z","2016-03-21","REDB.20151012.SURBER.1",,,"ZAPCIN","Y","Zapada cinctipes",,"species","Arthropoda","Hexapoda","Insecta","Pterygota","Neoptera","Polyneoptera","Plecoptera","Euholognatha",,,"Nemouridae","Nemourinae",,,"Zapada","cinctipes",,"larva",3,,12,100,12,"N","N",,"condition OK","Y",,"Merritt et al. 2008; Stewart and Stark 2002; Baumann et al. 1977","N","GEI Consultants Inc.","KG",,,"legacyData"
"81b2e64f-c4b0-4ef7-b979-8f420b59185c","D15","REDB","REDB.AOS.reach","2015-10-12T15:30Z","2016-04-16","REDB.20151012.SURBER.5",,"NE(15)1015-5-CHI","PAGSP4","Y","Pagastia sp.",,"genus","Arthropoda","Hexapoda","Insecta","Pterygota","Neoptera","Holometabola","Diptera","Nematocera","Culicomorpha",,"Chironomidae","Diamesinae","Diamesini",,"Pagastia","sp.",,"larva",4,,4,100,4,"N","Y",,"condition OK","Y",,"Ferrington et al. 2008","N","GEI Consultants Inc.","LF",,,"legacyData"
"e503757e-6cf1-4008-b6dd-9add3578b81e","D15","REDB","REDB.AOS.reach","2015-10-12T15:30Z","2016-03-21","REDB.20151012.SURBER.1",,,"CHLSP","Y","Chloroperlidae sp.",,"family","Arthropoda","Hexapoda","Insecta","Pterygota","Neoptera","Polyneoptera","Plecoptera","Systellognatha",,,"Chloroperlidae",,,,,"sp.",,"larva",2,,4,100,4,"Y","Y",,"condition OK","Y",,"Merritt et al. 2008; Stewart and Stark 2002","N","GEI Consultants Inc.","KG",,,"legacyData"
"e4068df0-b084-4a5d-9f2e-d2b1a405345f","D15","REDB","REDB.AOS.reach","2015-10-12T15:30Z","2016-03-21","REDB.20151012.SURBER.1",,,"ATUSP2","Y","Aturus/Kongsbergia sp.",,"speciesGroup","Arthropoda","Chelicerata","Arachnida","Acari",,"Acariformes","Trombidiformes","Prostigmata",,"Hygrobatoidea","Aturidae",,,,"Aturus/Kongsbergia","sp.",,"adult",1,,2,100,2,"N","Y",,"condition OK","Y",,"Peckarsky et al. 1990","N","GEI Consultants Inc.","KG",,,"legacyData"
"f6bc73d8-41a3-4611-8e4b-2b5dc6383ca3","D15","REDB","REDB.AOS.reach","2015-10-12T15:30Z","2016-03-28","REDB.20151012.SURBER.3",,,"LEPSP4","Y","Leptophlebiidae sp.",,"family","Arthropoda","Hexapoda","Insecta","Pterygota","Palaeoptera",,"Ephemeroptera","Furcatergalia","Lanceolata",,"Leptophlebiidae",,,,,"sp.",,"larva",3,,2,100,2,"N","Y",,"damaged, affecting analysis","Y",,"Merritt et al. 2008","N","GEI Consultants Inc.","KG","Missing gills",,"legacyData"
"75ebb334-6af4-41c6-9213-dbaf82241119","D15","REDB","REDB.AOS.reach","2015-10-12T15:30Z","2016-04-16","REDB.20151012.SURBER.5",,"NE(15)1015-5-CHI","CONGR","Y","Conchapelopia/Thienemannimyia gr.",,"speciesGroup","Arthropoda","Hexapoda","Insecta",,"Neoptera","Holometabola","Diptera","Nematocera","Culicomorpha",,"Chironomidae","Tanypodinae","Pentaneurini",,,"gr.",,"larva",1,,2,100,2,"N","Y",,"condition OK","Y",,"Ferrington et al. 2008","N","GEI Consultants Inc.","LF",,,"legacyData"
"b2257483-ae2b-4e91-905b-2a11e475eca1","D15","REDB","REDB.AOS.reach","2015-10-12T15:30Z","2016-03-21","REDB.20151012.SURBER.1",,,"DIPHAG","Y","Diphetor hageni",,"species","Arthropoda","Hexapoda","Insecta","Pterygota","Palaeoptera",,"Ephemeroptera","Pisciforma",,,"Baetidae",,,,"Diphetor","hageni",,"larva",3,,3,100,3,"N","N",,"condition OK","Y",,"Merritt et al. 2008; Meyer and McCafferty 2001","N","GEI Consultants Inc.","KG",,,"legacyData"
"6ee02856-1c3b-4f1d-848c-62151d15fcf5","D15","REDB","REDB.AOS.reach","2015-10-12T15:30Z","2016-03-28","REDB.20151012.SURBER.3",,,"HEPSP","Y","Heptageniidae sp.",,"family","Arthropoda","Hexapoda","Insecta","Pterygota","Palaeoptera",,"Ephemeroptera","Pisciforma",,"Heptagenioidea","Heptageniidae",,,,,"sp.",,"larva",3,,1,100,1,"Y","Y",,"condition OK","Y",,"Merritt et al. 2008","N","GEI Consultants Inc.","KG",,,"legacyData"
"bac00338-aea2-48c4-85e3-7248b3f1723f","D15","REDB","REDB.AOS.reach","2015-10-12T15:30Z","2016-03-21","REDB.20151012.SURBER.1",,,"OLISP6","Y","Oligophlebodes sp.",,"genus","Arthropoda","Hexapoda","Insecta","Pterygota","Neoptera","Holometabola","Trichoptera",,,"Limnephiloidea","Uenoidae","Thremmatinae",,,"Oligophlebodes","sp.",,"larva",2,,1,100,1,"N","Y",,"condition OK","Y",,"Merritt et al. 2008; Wiggins 1996","N","GEI Consultants Inc.","KG",,,"legacyData"
"e32fdee8-05c8-4f8e-bedf-0523344b9f6e","D15","REDB","REDB.AOS.reach","2015-10-12T15:30Z","2016-03-21","REDB.20151012.SURBER.1",,,"LEPSP4","Y","Leptophlebiidae sp.",,"family","Arthropoda","Hexapoda","Insecta","Pterygota","Palaeoptera",,"Ephemeroptera","Furcatergalia","Lanceolata",,"Leptophlebiidae",,,,,"sp.",,"larva",,,8,100,8,"N","Y",,"damaged, affecting measurement","Y",,"Merritt et al. 2008","N","GEI Consultants Inc.","KG","Missing abdomen/gills",,"legacyData"
"03c1834a-88e1-4b49-99da-f275e2f5c283","D15","REDB","REDB.AOS.reach","2015-10-12T15:30Z","2016-03-28","REDB.20151012.SURBER.3",,,"EPHSP1","Y","Ephemerellidae sp.",,"family","Arthropoda","Hexapoda","Insecta","Pterygota","Palaeoptera",,"Ephemeroptera","Furcatergalia","Pannota","Ephemerelloidea","Ephemerellidae",,,,,"sp.",,"larva",1,,1,100,1,"Y","N",,"condition OK","Y",,"Merritt et al. 2008","N","GEI Consultants Inc.","KG",,,"legacyData"
"c3efe806-b648-4a3d-971a-432aae8f9aa5","D15","REDB","REDB.AOS.reach","2015-10-12T15:30Z","2016-03-28","REDB.20151012.SURBER.5",,,"NEMSP5","Y","Nemouridae sp.",,"family","Arthropoda","Hexapoda","Insecta","Pterygota","Neoptera","Polyneoptera","Plecoptera","Euholognatha",,,"Nemouridae",,,,,"sp.",,"larva",3,,2,100,2,"N","Y",,"damaged, affecting analysis","N",,"Merritt et al. 2008; Baumann et al. 1977","Y","GEI Consultants Inc.","KG","Missing legs",,"legacyData"
"fd0c256d-5f95-4231-8e68-059fb1d6bb8f","D15","REDB","REDB.AOS.reach","2015-10-12T15:30Z","2016-03-28","REDB.20151012.SURBER.5",,,"PERSP2","Y","Perlodidae sp.",,"family","Arthropoda","Hexapoda","Insecta","Pterygota","Neoptera","Polyneoptera","Plecoptera","Systellognatha",,,"Perlodidae",,,,,"sp.",,"larva",2,,6,100,6,"Y","Y",,"condition OK","Y",,"Merritt et al. 2008; Stewart and Stark 2002","Y","GEI Consultants Inc.","KG",,,"legacyData"
"2f8341ba-eaa1-443a-a81b-7cf6591706dc","D15","REDB","REDB.AOS.reach","2015-10-12T15:30Z","2016-03-21","REDB.20151012.SURBER.1",,,"SIMSP1","Y","Simulium sp.",,"genus","Arthropoda","Hexapoda","Insecta","Pterygota","Neoptera","Holometabola","Diptera","Nematocera","Culicomorpha",,"Simuliidae","Simuliinae","Simuliini",,"Simulium","sp.",,"pupa",3,,1,100,1,"N","Y",,"condition OK","Y",,"Merritt et al. 2008","N","GEI Consultants Inc.","KG",,,"legacyData"
"ace4c54c-dca4-43f7-b28c-86ad94ec099f","D15","REDB","REDB.AOS.reach","2015-10-12T15:30Z","2016-03-28","REDB.20151012.SURBER.5",,,"DICSP6","Y","Dicranota sp.",,"genus","Arthropoda","Hexapoda","Insecta","Pterygota","Neoptera","Holometabola","Diptera","Nematocera","Tipulomorpha",,"Tipulidae","Limoniinae","Pediciini",,"Dicranota","sp.",,"larva",5,,1,100,1,"N","Y",,"condition OK","Y",,"Merritt et al. 2008","Y","GEI Consultants Inc.","KG",,,"legacyData"
"967410f0-e7d9-4708-ad72-cc28a3402faa","D15","REDB","REDB.AOS.reach","2015-10-12T15:30Z","2016-03-28","REDB.20151012.SURBER.3",,,"PERSP2","Y","Perlodidae sp.",,"family","Arthropoda","Hexapoda","Insecta","Pterygota","Neoptera","Polyneoptera","Plecoptera","Systellognatha",,,"Perlodidae",,,,,"sp.",,"larva",2,,3,100,3,"Y","Y",,"condition OK","N",,"Merritt et al. 2008; Stewart and Stark 2002","N","GEI Consultants Inc.","KG",,,"legacyData"
"a52bf5ce-f7ff-429c-b161-1f3618aa06b3","D15","REDB","REDB.AOS.reach","2015-10-12T15:30Z","2016-04-16","REDB.20151012.SURBER.5",,"NE(15)1015-5-CHI","RHESP2","Y","Rheotanytarsus sp.",,"genus","Arthropoda","Hexapoda","Insecta","Pterygota","Neoptera","Holometabola","Diptera","Nematocera","Culicomorpha",,"Chironomidae","Chironominae","Tanytarsini",,"Rheotanytarsus","sp.",,"larva",2,,11,100,11,"N","Y",,"condition OK","Y",,"Ferrington et al. 2008","N","GEI Consultants Inc.","LF",,,"legacyData"
"64aeffa6-c57a-4552-936f-ade9f175c709","D15","REDB","REDB.AOS.reach","2015-10-12T15:30Z","2016-03-22","REDB.20151012.SURBER.2",,,"CLEADD","Y","Cleptelmis addenda",,"species","Arthropoda","Hexapoda","Insecta","Pterygota","Neoptera","Holometabola","Coleoptera","Polyphaga","Elateriformia","Byrrhoidea","Elmidae","Elminae","Elmini",,"Cleptelmis","addenda",,"adult",1,,1,100,1,"N","N",,"condition OK","Y",,"Merritt et al. 2008; Shepard 1989; Brown 1983","N","GEI Consultants Inc.","KG",,,"legacyData"
"1b4b457f-40cc-445b-851b-83044b38ffa6","D15","REDB","REDB.AOS.reach","2015-10-12T15:30Z","2016-03-28","REDB.20151012.SURBER.5",,,"PERSP2","Y","Perlodidae sp.",,"family","Arthropoda","Hexapoda","Insecta","Pterygota","Neoptera","Polyneoptera","Plecoptera","Systellognatha",,,"Perlodidae",,,,,"sp.",,"larva",1,,1,100,1,"Y","Y",,"condition OK","Y",,"Merritt et al. 2008; Stewart and Stark 2002","Y","GEI Consultants Inc.","KG",,,"legacyData"
"e264429f-0f34-4169-b40a-7cd05d54fef6","D15","REDB","REDB.AOS.reach","2015-10-12T15:30Z","2016-03-28","REDB.20151012.SURBER.5",,,"FLUSP","Y","Fluminicola sp.",,"genus","Mollusca",,"Gastropoda",,,,"Neotaenioglossa",,,,"Hydrobiidae",,,,"Fluminicola","sp.",,"adult",2,,1,100,1,"N","Y",,"condition OK","Y",,"Smith 2001","Y","GEI Consultants Inc.","KG",,,"legacyData"
"208af0f6-dc94-4d96-a7b2-a5e49bfd4e0f","D15","REDB","REDB.AOS.reach","2015-10-12T15:30Z","2016-03-22","REDB.20151012.SURBER.2",,,"HYDSP15","Y","Hydryphantidae sp.",,"family","Arthropoda","Chelicerata","Arachnida","Acari",,"Acariformes","Trombidiformes","Prostigmata",,"Hydryphantoidea","Hydryphantidae",,,,,"sp.",,"adult",1,,1,100,1,"Y","Y",,"condition OK","Y",,"Thorp and Covich 2001","N","GEI Consultants Inc.","KG",,,"legacyData"
"5faeeea9-7111-433f-9661-fa1da6dd745a","D15","REDB","REDB.AOS.reach","2015-10-12T15:30Z","2016-03-21","REDB.20151012.SURBER.1",,,"EPHSP1","Y","Ephemerellidae sp.",,"family","Arthropoda","Hexapoda","Insecta","Pterygota","Palaeoptera",,"Ephemeroptera","Furcatergalia","Pannota","Ephemerelloidea","Ephemerellidae",,,,,"sp.",,"larva",1,,1,100,1,"Y","N",,"condition OK","Y",,"Merritt et al. 2008","N","GEI Consultants Inc.","KG",,,"legacyData"
"5692fa5e-52be-40a9-b9bb-1ea189b60661","D15","REDB","REDB.AOS.reach","2015-10-12T15:30Z","2016-03-28","REDB.20151012.SURBER.3",,,"NEMSP5","Y","Nemouridae sp.",,"family","Arthropoda","Hexapoda","Insecta","Pterygota","Neoptera","Polyneoptera","Plecoptera","Euholognatha",,,"Nemouridae",,,,,"sp.",,"larva",1,,1,100,1,"Y","Y",,"condition OK","N",,"Merritt et al. 2008; Baumann et al. 1977","N","GEI Consultants Inc.","KG","Missing abdomen",,"legacyData"
"c665e92e-a96b-41d2-8596-a1ee57b56d8c","D15","REDB","REDB.AOS.reach","2015-10-12T15:30Z","2016-03-21","REDB.20151012.SURBER.1",,,"HYDSP2","Y","Hydrobiidae sp.",,"family","Mollusca",,"Gastropoda",,,,"Neotaenioglossa",,,,"Hydrobiidae",,,,,"sp.",,"adult",1,,2,100,2,"N","Y",,"condition OK","Y",,"Thorp and Covich 2001","N","GEI Consultants Inc.","KG",,,"legacyData"
"2bc8f4c7-a3c8-415e-acc4-9c463053e071","D15","REDB","REDB.AOS.reach","2015-10-12T15:30Z","2016-03-22","REDB.20151012.SURBER.2",,,"HETCOR","Y","Heterlimnius corpulentus",,"species","Arthropoda","Hexapoda","Insecta","Pterygota","Neoptera","Holometabola","Coleoptera","Polyphaga","Elateriformia","Byrrhoidea","Elmidae","Elminae","Elmini",,"Heterlimnius","corpulentus",,"larva",5,,1,100,1,"N","Y",,"condition OK","Y",,"Merritt et al. 2008; Brown 1983","N","GEI Consultants Inc.","KG",,,"legacyData"
"32c611c4-4898-4033-9ed2-742e26249be2","D15","REDB","REDB.AOS.reach","2015-10-12T15:30Z","2016-03-28","REDB.20151012.SURBER.3",,,"NEOSP30","Y","Neoplasta sp.",,"genus","Arthropoda","Hexapoda","Insecta","Pterygota","Neoptera","Holometabola","Diptera","Brachycera","Muscomorpha",,"Empididae","Hemerodromiinae","Hemerodromiini",,"Neoplasta","sp.",,"larva",2,,1,100,1,"N","Y",,"condition OK","Y",,"Merritt et al. 2008","N","GEI Consultants Inc.","KG",,,"legacyData"
"1491ea22-7329-4478-a192-7c5be50aa0fe","D15","REDB","REDB.AOS.reach","2015-10-12T15:30Z","2016-03-28","REDB.20151012.SURBER.5",,,"ELMSP","Y","Elmidae sp.",,"family","Arthropoda","Hexapoda","Insecta","Pterygota","Neoptera","Holometabola","Coleoptera","Polyphaga","Elateriformia","Byrrhoidea","Elmidae",,,,,"sp.",,"larva",2,,1,100,1,"Y","Y",,"condition OK","N",,"Merritt et al. 2008","Y","GEI Consultants Inc.","KG",,,"legacyData"
"c0e5c27d-6165-481a-a6d7-5d62d1568048","D15","REDB","REDB.AOS.reach","2015-10-12T15:30Z","2016-03-28","REDB.20151012.SURBER.5",,,"ZAPCIN","Y","Zapada cinctipes",,"species","Arthropoda","Hexapoda","Insecta","Pterygota","Neoptera","Polyneoptera","Plecoptera","Euholognatha",,,"Nemouridae","Nemourinae",,,"Zapada","cinctipes",,"larva",2,,3,100,3,"N","N",,"condition OK","Y",,"Merritt et al. 2008; Stewart and Stark 2002; Baumann et al. 1977","Y","GEI Consultants Inc.","KG",,,"legacyData"
"70b8a31d-3aec-43b5-96a6-152addfb423e","D15","REDB","REDB.AOS.reach","2015-10-12T15:30Z","2016-03-21","REDB.20151012.SURBER.1",,,"LEPSP4","Y","Leptophlebiidae sp.",,"family","Arthropoda","Hexapoda","Insecta","Pterygota","Palaeoptera",,"Ephemeroptera","Furcatergalia","Lanceolata",,"Leptophlebiidae",,,,,"sp.",,"larva",3,,4,100,4,"N","Y",,"damaged, affecting analysis","Y",,"Merritt et al. 2008","N","GEI Consultants Inc.","KG","Missing gills",,"legacyData"
"e6db557d-0af6-46dd-8612-aa29e9b23dbf","D15","REDB","REDB.AOS.reach","2015-10-12T15:30Z","2016-03-21","REDB.20151012.SURBER.1",,,"HYDSP23","Y","Hydropsyche sp.",,"genus","Arthropoda","Hexapoda","Insecta","Pterygota","Neoptera","Holometabola","Trichoptera",,,"Hydropsychoidea","Hydropsychidae","Hydropsychinae",,,"Hydropsyche","sp.",,"larva",4,,3,100,3,"N","Y",,"condition OK","Y",,"Merritt et al. 2008; Wiggins 1996","N","GEI Consultants Inc.","KG",,,"legacyData"
"6a4c215e-0a76-49f7-a267-5ebb1048cdfe","D15","REDB","REDB.AOS.reach","2015-10-12T15:30Z","2016-04-15","REDB.20151012.SURBER.3",,"NE(15)1015-3-CHI","ORTGR","Y","Orthocladius/Cricotopus gr.",,"speciesGroup","Arthropoda","Hexapoda","Insecta",,"Neoptera","Holometabola","Diptera","Nematocera","Culicomorpha",,"Chironomidae","Orthocladiinae",,,,"gr.",,"larva",2,,7,100,7,"N","Y",,"condition OK","Y",,"Ferrington et al. 2008","N","GEI Consultants Inc.","LF",,,"legacyData"
"e456ef0f-5b1c-4674-a685-5dcd955689ef","D15","REDB","REDB.AOS.reach","2015-10-12T15:30Z","2016-03-21","REDB.20151012.SURBER.1",,,"OLISP6","Y","Oligophlebodes sp.",,"genus","Arthropoda","Hexapoda","Insecta","Pterygota","Neoptera","Holometabola","Trichoptera",,,"Limnephiloidea","Uenoidae","Thremmatinae",,,"Oligophlebodes","sp.",,"larva",3,,1,100,1,"N","Y",,"condition OK","Y",,"Merritt et al. 2008; Wiggins 1996","N","GEI Consultants Inc.","KG",,,"legacyData"
"7ea303ac-09ef-42ce-afc6-54e064f5e439","D15","REDB","REDB.AOS.reach","2015-10-12T15:30Z","2016-03-28","REDB.20151012.SURBER.5",,,"DIPHAG","Y","Diphetor hageni",,"species","Arthropoda","Hexapoda","Insecta","Pterygota","Palaeoptera",,"Ephemeroptera","Pisciforma",,,"Baetidae",,,,"Diphetor","hageni",,"larva",3,,1,100,1,"N","N",,"condition OK","Y",,"Merritt et al. 2008; Meyer and McCafferty 2001","Y","GEI Consultants Inc.","KG",,,"legacyData"
"2202333a-58f5-43ef-85d5-911dfa0c3431","D15","REDB","REDB.AOS.reach","2015-10-12T15:30Z","2016-03-21","REDB.20151012.SURBER.1",,,"BAETRI","Y","Baetis tricaudatus",,"species","Arthropoda","Hexapoda","Insecta","Pterygota","Palaeoptera",,"Ephemeroptera","Pisciforma",,,"Baetidae",,,,"Baetis","tricaudatus",,"larva",4,,2,100,2,"N","N",,"condition OK","Y",,"Merritt et al. 2008; Morihara and McCafferty 1979","N","GEI Consultants Inc.","KG",,,"legacyData"
"a0097877-245e-4f58-a822-38b01e4d7580","D15","REDB","REDB.AOS.reach","2015-10-12T15:30Z","2016-03-21","REDB.20151012.SURBER.1",,,"HYDSP2","Y","Hydrobiidae sp.",,"family","Mollusca",,"Gastropoda",,,,"Neotaenioglossa",,,,"Hydrobiidae",,,,,"sp.",,"adult",3,,3,100,3,"N","Y",,"condition OK","Y",,"Thorp and Covich 2001","N","GEI Consultants Inc.","KG",,,"legacyData"
"40a5b753-295a-4c87-91d8-97b27cfc0182","D15","REDB","REDB.AOS.reach","2015-10-12T15:30Z","2016-03-21","REDB.20151012.SURBER.1",,,"HYDSP5","Y","Hydroptilidae sp.",,"family","Arthropoda","Hexapoda","Insecta","Pterygota","Neoptera","Holometabola","Trichoptera",,,"Hydroptiloidea","Hydroptilidae",,,,,"sp.",,"pupa",4,,1,100,1,"N","Y",,"condition OK","Y",,"Merritt et al. 2008; Wiggins 1996","N","GEI Consultants Inc.","KG","Head detached during identification, placed in case",,"legacyData"
"551e278c-15d4-495c-b14a-5563f73ab638","D15","REDB","REDB.AOS.reach","2015-10-12T15:30Z","2016-04-15","REDB.20151012.SURBER.3",,"NE(15)1015-3-CHI","EUKSP","Y","Eukiefferiella sp.",,"genus","Arthropoda","Hexapoda","Insecta","Pterygota","Neoptera","Holometabola","Diptera","Nematocera","Culicomorpha",,"Chironomidae","Orthocladiinae",,,"Eukiefferiella","sp.",,"larva",2,,3,100,3,"N","Y",,"condition OK","Y",,"Ferrington et al. 2008","N","GEI Consultants Inc.","LF",,,"legacyData"
"3768f738-dc9c-4335-99be-9941303cef7f","D15","REDB","REDB.AOS.reach","2015-10-12T15:30Z","2016-03-21","REDB.20151012.SURBER.1",,,"ELMSP","Y","Elmidae sp.",,"family","Arthropoda","Hexapoda","Insecta","Pterygota","Neoptera","Holometabola","Coleoptera","Polyphaga","Elateriformia","Byrrhoidea","Elmidae",,,,,"sp.",,"larva",1,"1b",1,100,1,"Y","N",,"condition OK","N",,"Merritt et al. 2008","N","GEI Consultants Inc.","KG","Spp. 2; body hemicylindrical",,"legacyData"
"1b34d229-1473-4bcc-a375-4b07bd8de082","D15","REDB","REDB.AOS.reach","2015-10-12T15:30Z","2016-03-22","REDB.20151012.SURBER.2",,,"ATUSP2","Y","Aturus/Kongsbergia sp.",,"speciesGroup","Arthropoda","Chelicerata","Arachnida","Acari",,"Acariformes","Trombidiformes","Prostigmata",,"Hygrobatoidea","Aturidae",,,,"Aturus/Kongsbergia","sp.",,"adult",1,,3,100,3,"N","Y",,"condition OK","Y",,"Peckarsky et al. 1990","N","GEI Consultants Inc.","KG",,,"legacyData"
"51dd2bdd-5c29-484c-9074-46b96204716a","D15","REDB","REDB.AOS.reach","2015-10-12T15:30Z","2016-03-21","REDB.20151012.SURBER.1",,,"DIPHAG","Y","Diphetor hageni",,"species","Arthropoda","Hexapoda","Insecta","Pterygota","Palaeoptera",,"Ephemeroptera","Pisciforma",,,"Baetidae",,,,"Diphetor","hageni",,"larva",2,,26,100,26,"N","N",,"condition OK","Y",,"Merritt et al. 2008; Meyer and McCafferty 2001","N","GEI Consultants Inc.","KG",,,"legacyData"
"2ccf8e31-738b-49f6-ab5e-4b0568d95515","D15","REDB","REDB.AOS.reach","2015-10-12T15:30Z","2016-03-28","REDB.20151012.SURBER.3",,,"POLCOR","Y","Polycelis coronata",,"species","Platyhelminthes","Rhabditophora","Trepaxonemata",,,,"Neoophora",,,,"Planariidae",,,,"Polycelis","coronata",,"adult",3,,1,100,1,"N","N",,"condition OK","Y",,"Smith 2001","N","GEI Consultants Inc.","KG","Torn in two",,"legacyData"
"6b6bc9f2-5ac2-4bc2-90e9-1bab350fd9f8","D15","REDB","REDB.AOS.reach","2015-10-12T15:30Z","2016-03-21","REDB.20151012.SURBER.1",,,"HESCON","Y","Hesperophylax consimilis",,"species","Arthropoda","Hexapoda","Insecta","Pterygota","Neoptera","Holometabola","Trichoptera",,,"Limnephiloidea","Limnephilidae","Limnephilinae","Limnephilini",,"Hesperophylax","consimilis",,"larva",17,,1,100,1,"N","Y",,"condition OK","Y",,"Merritt et al. 2008; Wiggins 1996; Parker and Wiggins 1985","N","GEI Consultants Inc.","KG",,,"legacyData"
"ed929d42-9a2a-412d-88c9-73f2351260af","D15","REDB","REDB.AOS.reach","2015-10-12T15:30Z","2016-03-28","REDB.20151012.SURBER.3",,,"PISSP2","Y","Pisidiidae sp.",,"family","Mollusca",,"Bivalvia","Heterodonta",,,"Veneroida",,,"Corbiculoidea","Pisidiidae",,,,,"sp.",,"adult",1,,18,100,18,"Y","Y",,"condition OK","N",,"Smith 2001","N","GEI Consultants Inc.","KG",,,"legacyData"
"9d82e931-7d55-46f5-b998-bb61b7fb9b02","D15","REDB","REDB.AOS.reach","2015-10-12T15:30Z","2016-03-28","REDB.20151012.SURBER.5",,,"ATUSP","Y","Aturidae sp.",,"family","Arthropoda","Chelicerata","Arachnida","Acari",,"Acariformes","Trombidiformes","Prostigmata",,"Hygrobatoidea","Aturidae",,,,,"sp.",,"adult",1,,1,100,1,"Y","Y",,"condition OK","N",,"Peckarsky et al. 1990","Y","GEI Consultants Inc.","KG","Deutonymph; probably Aturus sp.",,"legacyData"
"4c519b94-7875-4a75-833b-112e51fb88c0","D15","REDB","REDB.AOS.reach","2015-10-12T15:30Z","2016-03-28","REDB.20151012.SURBER.3",,,"FLUSP","Y","Fluminicola sp.",,"genus","Mollusca",,"Gastropoda",,,,"Neotaenioglossa",,,,"Hydrobiidae",,,,"Fluminicola","sp.",,"adult",2,,2,100,2,"N","Y",,"condition OK","Y",,"Smith 2001","N","GEI Consultants Inc.","KG",,,"legacyData"
"e7d33b28-6d5f-46df-8761-08245399591d","D15","REDB","REDB.AOS.reach","2015-10-12T15:30Z","2016-04-16","REDB.20151012.SURBER.5",,"NE(15)1015-5-CHI","HELSP10","Y","Heleniella sp.",,"genus","Arthropoda","Hexapoda","Insecta","Pterygota","Neoptera","Holometabola","Diptera","Nematocera","Culicomorpha",,"Chironomidae","Orthocladiinae",,,"Heleniella","sp.",,"larva",3,,2,100,2,"N","Y",,"condition OK","Y",,"Ferrington et al. 2008","N","GEI Consultants Inc.","LF",,,"legacyData"
"47b2dc67-71f6-4d58-ac3d-e2b388d7277c","D15","REDB","REDB.AOS.reach","2015-10-12T15:30Z","2016-03-28","REDB.20151012.SURBER.5",,,"BAESP","Y","Baetidae sp.",,"family","Arthropoda","Hexapoda","Insecta","Pterygota","Palaeoptera",,"Ephemeroptera","Pisciforma",,,"Baetidae",,,,,"sp.",,"larva",1,"1a",7,100,7,"Y","N",,"condition OK","N",,"Merritt et al. 2008","Y","GEI Consultants Inc.","KG","Probably Baetis sp.",,"legacyData"
"7490ad22-a88c-4f09-b9b9-16dd86114c1d","D15","REDB","REDB.AOS.reach","2015-10-12T15:30Z","2016-03-28","REDB.20151012.SURBER.3",,,"BAESP","Y","Baetidae sp.",,"family","Arthropoda","Hexapoda","Insecta","Pterygota","Palaeoptera",,"Ephemeroptera","Pisciforma",,,"Baetidae",,,,,"sp.",,"larva",,,6,100,6,"N","N",,"damaged, affecting measurement","N",,"Merritt et al. 2008","N","GEI Consultants Inc.","KG","Missing abdomen",,"legacyData"
"f39542c8-dc72-4e6b-9e08-0bbc8b5a10c3","D15","REDB","REDB.AOS.reach","2015-10-12T15:30Z","2016-03-28","REDB.20151012.SURBER.5",,,"PROSP2","Y","Prostigmata sp.",,"suborder","Arthropoda","Chelicerata","Arachnida","Acari",,"Acariformes","Trombidiformes","Prostigmata",,,,,,,,"sp.",,"adult",1,"1a",4,100,4,"Y","Y",,"condition OK","N",,"Thorp and Covich 2001","Y","GEI Consultants Inc.","KG","Deutonymph",,"legacyData"
"b25d1cd4-1122-4234-b3c9-14bae14cf742","D15","REDB","REDB.AOS.reach","2015-10-12T15:30Z","2016-03-28","REDB.20151012.SURBER.5",,,"CAPSP13","Y","Capniidae/Leuctridae sp.",,"speciesGroup","Arthropoda","Hexapoda","Insecta","Pterygota","Neoptera","Polyneoptera","Plecoptera","Euholognatha",,,"Capniidae/Leuctridae",,,,"Capniidae/Leuctridae","sp.",,"larva",3,,1,100,1,"Y","Y",,"condition OK","Y",,"Merritt et al. 2008","Y","GEI Consultants Inc.","KG",,,"legacyData"
"a8fcbb9d-c591-4444-ad1c-2fc71867787c","D15","REDB","REDB.AOS.reach","2015-10-12T15:30Z","2016-04-29","REDB.20151012.SURBER.3",,"NE(15)1015-3-OLI","NAISP","Y","Naididae sp.","Tubificidae with capilliform setae","family","Annelida","Clitellata","Oligochaeta","Oligochaeta",,,"Tubificida",,,,"Naididae",,,,,"sp.",,"adult",,,2,100,2,"Y","N",,"damaged, affecting measurement","Y",,"Kathman and Brinkhurst 1999","N","GEI Consultants Inc.","UR","Posterior segments missing",,"legacyData"
"fbda3d54-495e-4567-b017-07511191204f","D15","REDB","REDB.AOS.reach","2015-10-12T15:30Z","2016-03-21","REDB.20151012.SURBER.1",,,"BAESP","Y","Baetidae sp.",,"family","Arthropoda","Hexapoda","Insecta","Pterygota","Palaeoptera",,"Ephemeroptera","Pisciforma",,,"Baetidae",,,,,"sp.",,"larva",1,,16,100,16,"Y","N",,"condition OK","N",,"Merritt et al. 2008","N","GEI Consultants Inc.","KG","Probably Diphetor hageni",,"legacyData"
"f468ed6e-d992-49d1-b31f-27fd20cc6169","D15","REDB","REDB.AOS.reach","2015-10-12T15:30Z","2016-04-16","REDB.20151012.SURBER.5",,"NE(15)1015-5-CHI","HELSP10","Y","Heleniella sp.",,"genus","Arthropoda","Hexapoda","Insecta","Pterygota","Neoptera","Holometabola","Diptera","Nematocera","Culicomorpha",,"Chironomidae","Orthocladiinae",,,"Heleniella","sp.",,"larva",4,,2,100,2,"N","Y",,"condition OK","Y",,"Ferrington et al. 2008","N","GEI Consultants Inc.","LF",,,"legacyData"
"f967da20-60b8-4bd3-8103-02b1be518296","D15","REDB","REDB.AOS.reach","2015-10-12T15:30Z","2016-03-28","REDB.20151012.SURBER.3",,,"ELMSP","Y","Elmidae sp.",,"family","Arthropoda","Hexapoda","Insecta","Pterygota","Neoptera","Holometabola","Coleoptera","Polyphaga","Elateriformia","Byrrhoidea","Elmidae",,,,,"sp.",,"larva",,,,30,,"N","N",,"damaged, affecting analysis","N",,"Merritt et al. 2008","N","GEI Consultants Inc.","KG","1 Headless",,
"bf0f6964-b4a4-4ac7-b962-4520fbd8be20","D15","REDB","REDB.AOS.reach","2015-10-12T15:30Z","2016-03-28","REDB.20151012.SURBER.3",,,"TESSP1","Y","Testudacarus sp.",,"genus","Arthropoda","Chelicerata","Arachnida","Acari",,"Acariformes","Trombidiformes","Prostigmata",,"Lebertioidea","Torrenticolidae",,,,"Testudacarus","sp.",,"adult",1,,2,100,2,"N","Y",,"condition OK","Y",,"Thorp and Covich 2001","N","GEI Consultants Inc.","KG",,,"legacyData"
"58a5aa6e-eade-4677-9b49-230e48f8f917","D15","REDB","REDB.AOS.reach","2015-10-12T15:30Z","2016-03-28","REDB.20151012.SURBER.3",,,"CHESP17","Y","Chelifera/Metachela sp.",,"speciesGroup","Arthropoda","Hexapoda","Insecta","Pterygota","Neoptera","Holometabola","Diptera","Brachycera","Muscomorpha",,"Empididae","Hemerodromiinae","Hemerodromiini",,"Chelifera/Metachela","sp.",,"larva",2,,1,100,1,"N","N",,"condition OK","Y",,"Merritt et al. 2008; Brammer et al. 2009","N","GEI Consultants Inc.","KG","Probably Chelifera sp.",,"legacyData"
"95d02281-3691-442f-9c89-c94693e85bbd","D15","REDB","REDB.AOS.reach","2015-10-12T15:30Z","2016-03-28","REDB.20151012.SURBER.3",,,"MICSP3","Y","Micrasema sp.",,"genus","Arthropoda","Hexapoda","Insecta","Pterygota","Neoptera","Holometabola","Trichoptera",,,"Limnephiloidea","Brachycentridae",,,,"Micrasema","sp.",,"larva",1,,10,100,10,"N","Y",,"condition OK","Y",,"Merritt et al. 2008; Wiggins 1996","N","GEI Consultants Inc.","KG",,,"legacyData"
"19299514-551e-4c22-873f-e022ca0384fe","D15","REDB","REDB.AOS.reach","2015-10-12T15:30Z","2016-04-15","REDB.20151012.SURBER.3",,"NE(15)1015-3-CHI","ORTGR","Y","Orthocladius/Cricotopus gr.",,"speciesGroup","Arthropoda","Hexapoda","Insecta",,"Neoptera","Holometabola","Diptera","Nematocera","Culicomorpha",,"Chironomidae","Orthocladiinae",,,,"gr.",,"larva",3,,7,100,7,"N","Y",,"condition OK","Y",,"Ferrington et al. 2008","N","GEI Consultants Inc.","LF",,,"legacyData"
"1e49a92b-950f-4f2d-8703-af1dbedbb46f","D15","REDB","REDB.AOS.reach","2015-10-12T15:30Z","2016-03-21","REDB.20151012.SURBER.1",,,"NARCON","Y","Narpus concolor",,"species","Arthropoda","Hexapoda","Insecta","Pterygota","Neoptera","Holometabola","Coleoptera","Polyphaga","Elateriformia","Byrrhoidea","Elmidae","Elminae","Elmini",,"Narpus","concolor",,"larva",6,,1,100,1,"N","Y",,"condition OK","Y",,"Merritt et al. 2008; Ward et al. 2002","N","GEI Consultants Inc.","KG",,,"legacyData"
"dfe64a29-cbe1-46cc-82b4-9b734b482d55","D15","REDB","REDB.AOS.reach","2015-10-12T15:30Z","2016-03-28","REDB.20151012.SURBER.5",,,"LEPSP4","Y","Leptophlebiidae sp.",,"family","Arthropoda","Hexapoda","Insecta","Pterygota","Palaeoptera",,"Ephemeroptera","Furcatergalia","Lanceolata",,"Leptophlebiidae",,,,,"sp.",,"larva",4,,2,100,2,"N","Y",,"damaged, affecting analysis","Y",,"Merritt et al. 2008","Y","GEI Consultants Inc.","KG","Missing gills",,"legacyData"
"57189e7b-bd36-4a6f-9ddc-e90a904f0fc5","D15","REDB","REDB.AOS.reach","2015-10-12T15:30Z","2016-03-28","REDB.20151012.SURBER.5",,,"MICSP3","Y","Micrasema sp.",,"genus","Arthropoda","Hexapoda","Insecta","Pterygota","Neoptera","Holometabola","Trichoptera",,,"Limnephiloidea","Brachycentridae",,,,"Micrasema","sp.",,"larva",3,,1,100,1,"N","Y",,"condition OK","Y",,"Merritt et al. 2008; Wiggins 1996","Y","GEI Consultants Inc.","KG",,,"legacyData"
"a5669138-ce44-427d-b2fc-382523969b3d","D15","REDB","REDB.AOS.reach","2015-10-12T15:30Z","2016-03-28","REDB.20151012.SURBER.3",,,"ELMSP","Y","Elmidae sp.",,"family","Arthropoda","Hexapoda","Insecta","Pterygota","Neoptera","Holometabola","Coleoptera","Polyphaga","Elateriformia","Byrrhoidea","Elmidae",,,,,"sp.",,"larva",3,"3b",1,100,1,"Y","N",,"condition OK","N",,"Merritt et al. 2008","N","GEI Consultants Inc.","KG","Spp. 1; body subtriangular",,"legacyData"
"13915f98-7d58-4019-b6d5-7dd7898fc11a","D15","REDB","REDB.AOS.reach","2015-10-12T15:30Z","2016-03-28","REDB.20151012.SURBER.3",,,"LEPSP4","Y","Leptophlebiidae sp.",,"family","Arthropoda","Hexapoda","Insecta","Pterygota","Palaeoptera",,"Ephemeroptera","Furcatergalia","Lanceolata",,"Leptophlebiidae",,,,,"sp.",,"larva",,,2,100,2,"N","Y",,"damaged, affecting measurement","Y",,"Merritt et al. 2008","N","GEI Consultants Inc.","KG","Missing gills",,"legacyData"
"ec6a16eb-c205-41fc-aa7c-246309e4d212","D15","REDB","REDB.AOS.reach","2015-10-12T15:30Z","2016-03-28","REDB.20151012.SURBER.3",,,"ELMSP","Y","Elmidae sp.",,"family","Arthropoda","Hexapoda","Insecta","Pterygota","Neoptera","Holometabola","Coleoptera","Polyphaga","Elateriformia","Byrrhoidea","Elmidae",,,,,"sp.",,"larva",2,"2b",3,100,3,"Y","N",,"condition OK","N",,"Merritt et al. 2008","N","GEI Consultants Inc.","KG",,,"legacyData"
"d0e3a9cc-f20d-4f13-bcd7-9036ebd00c2b","D15","REDB","REDB.AOS.reach","2015-10-12T15:30Z","2016-04-14","REDB.20151012.SURBER.2",,"NE(15)1015-2-CHI","RHESP2","Y","Rheotanytarsus sp.",,"genus","Arthropoda","Hexapoda","Insecta","Pterygota","Neoptera","Holometabola","Diptera","Nematocera","Culicomorpha",,"Chironomidae","Chironominae","Tanytarsini",,"Rheotanytarsus","sp.",,"larva",2,"2b",72,100,72,"N","Y",,"condition OK","Y",,"Ferrington et al. 2008","N","GEI Consultants Inc.","LF",,,"legacyData"
"675ec3e5-76ff-4c8d-bc84-072c0ad91e28","D15","REDB","REDB.AOS.reach","2015-10-12T15:30Z","2016-03-21","REDB.20151012.SURBER.1",,,"PROSP2","Y","Prostigmata sp.",,"suborder","Arthropoda","Chelicerata","Arachnida","Acari",,"Acariformes","Trombidiformes","Prostigmata",,,,,,,,"sp.",,"none",1,"1b",1,100,1,"Y","Y",,"condition OK","N",,"Thorp and Covich 2001","N","GEI Consultants Inc.","KG","Deutonymph; spp. 2 (probably Lebertia)",,"legacyData"
"b653c95d-25b5-4c04-acfe-0378a59d484b","D15","REDB","REDB.AOS.reach","2015-10-12T15:30Z","2016-03-21","REDB.20151012.SURBER.1",,,"BAESP2","Y","Baetis sp.",,"genus","Arthropoda","Hexapoda","Insecta","Pterygota","Palaeoptera",,"Ephemeroptera","Pisciforma",,,"Baetidae",,,,"Baetis","sp.",,"larva",,,22,100,22,"Y","N",,"damaged, affecting measurement","N",,"Merritt et al. 2008","N","GEI Consultants Inc.","KG","Missing abdomen",,"legacyData"
"e224e711-b2a1-4e36-902a-a1d8ad035ef8","D15","REDB","REDB.AOS.reach","2015-10-12T15:30Z","2016-04-14","REDB.20151012.SURBER.1",,"NE(15)1015-1-CHI","BRISP","Y","Brillia sp.",,"genus","Arthropoda","Hexapoda","Insecta","Pterygota","Neoptera","Holometabola","Diptera","Nematocera","Culicomorpha",,"Chironomidae","Orthocladiinae",,,"Brillia","sp.",,"larva",6,,1,100,1,"N","Y",,"condition OK","Y",,"Ferrington et al. 2008","N","GEI Consultants Inc.","LF",,,"legacyData"
"5ba83724-1ed7-478c-a4a3-21316aff69aa","D15","REDB","REDB.AOS.reach","2015-10-12T15:30Z","2016-04-29","REDB.20151012.SURBER.2",,"NE(15)1015-2-OLI","NAISP","Y","Naididae sp.","Tubificidae with capilliform setae","family","Annelida","Clitellata","Oligochaeta","Oligochaeta",,,"Tubificida",,,,"Naididae",,,,,"sp.",,"adult",2,,1,100,1,"Y","N",,"condition OK","Y",,"Kathman and Brinkhurst 1999","N","GEI Consultants Inc.","UR",,,"legacyData"
"4361f6c8-1a3d-4a26-933e-25bf67416e07","D15","REDB","REDB.AOS.reach","2015-10-12T15:30Z","2016-04-14","REDB.20151012.SURBER.2",,"NE(15)1015-2-CHI","TANSP7","Y","Tanypodinae sp.",,"subfamily","Arthropoda","Hexapoda","Insecta","Pterygota","Neoptera","Holometabola","Diptera","Nematocera","Culicomorpha",,"Chironomidae","Tanypodinae",,,,"sp.",,"larva",1,,4,100,4,"Y","Y",,"condition OK","Y",,"Ferrington et al. 2008","N","GEI Consultants Inc.","LF","Unidentifiable early instar",,"legacyData"
"c81019f8-b774-43e6-ac57-277e7e790654","D15","REDB","REDB.AOS.reach","2015-10-12T15:30Z","2016-03-28","REDB.20151012.SURBER.5",,,"BAESP","Y","Baetidae sp.",,"family","Arthropoda","Hexapoda","Insecta","Pterygota","Palaeoptera",,"Ephemeroptera","Pisciforma",,,"Baetidae",,,,,"sp.",,"larva",1,"1b",18,100,18,"Y","N",,"condition OK","N",,"Merritt et al. 2008","Y","GEI Consultants Inc.","KG","Probably Diphetor hageni",,"legacyData"
"39220fb5-c9bf-44b7-848d-947e34c269df","D15","REDB","REDB.AOS.reach","2015-10-12T15:30Z","2016-03-28","REDB.20151012.SURBER.5",,,"HYDSP2","Y","Hydrobiidae sp.",,"family","Mollusca",,"Gastropoda",,,,"Neotaenioglossa",,,,"Hydrobiidae",,,,,"sp.",,"adult",1,,17,100,17,"Y","Y",,"condition OK","N",,"Thorp and Covich 2001","Y","GEI Consultants Inc.","KG",,,"legacyData"
"1a471335-0513-4aae-835f-5b7dbd97e373","D15","REDB","REDB.AOS.reach","2015-10-12T15:30Z","2016-03-21","REDB.20151012.SURBER.1",,,"POLCOR","Y","Polycelis coronata",,"species","Platyhelminthes","Rhabditophora","Trepaxonemata",,,,"Neoophora",,,,"Planariidae",,,,"Polycelis","coronata",,"adult",3,,4,100,4,"N","N",,"condition OK","Y",,"Smith 2001","N","GEI Consultants Inc.","KG",,,"legacyData"
"45c0989f-f886-4d9c-8d63-fb28c268cf44","D15","REDB","REDB.AOS.reach","2015-10-12T15:30Z","2016-03-21","REDB.20151012.SURBER.1",,,"RHYBRU1","Y","Rhyacophila brunnea gr.",,"speciesGroup","Arthropoda","Hexapoda","Insecta","Pterygota","Neoptera","Holometabola","Trichoptera",,,"Rhyacophiloidea","Rhyacophilidae",,,,"Rhyacophila","brunnea gr.",,"larva",4,,1,100,1,"N","Y",,"condition OK","Y",,"Merritt et al. 2008; Wiggins 1996; Smith 1998","N","GEI Consultants Inc.","KG",,,"legacyData"
"965c15dc-3ebb-4eaf-b74f-ae33cd1645a2","D15","REDB","REDB.AOS.reach","2015-10-12T15:30Z","2016-03-28","REDB.20151012.SURBER.3",,,"EPHSP1","Y","Ephemerellidae sp.",,"family","Arthropoda","Hexapoda","Insecta","Pterygota","Palaeoptera",,"Ephemeroptera","Furcatergalia","Pannota","Ephemerelloidea","Ephemerellidae",,,,,"sp.",,"larva",1,,10,100,10,"N","N",,"damaged, affecting analysis","Y",,"Merritt et al. 2008","N","GEI Consultants Inc.","KG","Missing gills",,"legacyData"
"5e0defa9-72ee-4178-8a39-55dfccad21e0","D15","REDB","REDB.AOS.reach","2015-10-12T15:30Z","2016-04-29","REDB.20151012.SURBER.1",,"NE(15)1015-1-OLI","NAISP","Y","Naididae sp.","Tubificidae with capilliform setae","family","Annelida","Clitellata","Oligochaeta","Oligochaeta",,,"Tubificida",,,,"Naididae",,,,,"sp.",,"adult",,,1,100,1,"Y","N",,"damaged, affecting measurement","Y",,"Kathman and Brinkhurst 1999","N","GEI Consultants Inc.","UR","Posterior segments missing",,"legacyData"
"f34e57ed-bcdd-4113-930c-5a4e2c59688b","D15","REDB","REDB.AOS.reach","2015-10-12T15:30Z","2016-03-21","REDB.20151012.SURBER.1",,,"HYDSP23","Y","Hydropsyche sp.",,"genus","Arthropoda","Hexapoda","Insecta","Pterygota","Neoptera","Holometabola","Trichoptera",,,"Hydropsychoidea","Hydropsychidae","Hydropsychinae",,,"Hydropsyche","sp.",,"larva",9,,1,100,1,"N","Y",,"condition OK","Y",,"Merritt et al. 2008; Wiggins 1996","N","GEI Consultants Inc.","KG",,,"legacyData"
"7da57f74-edf5-4af8-b1f6-0eed23e4f5ed","D15","REDB","REDB.AOS.reach","2015-10-12T15:30Z","2016-04-29","REDB.20151012.SURBER.1",,"NE(15)1015-1-OLI","EISTET","Y","Eiseniella tetraedra",,"species","Annelida","Clitellata","Oligochaeta","Oligochaeta",,"Metagynophora","Opisthopora","Crassiclitellata",,"Lumbricoidea","Lumbricidae",,,,"Eiseniella","tetraedra",,"adult",6,,1,100,1,"N","N",,"condition OK","Y",,"Kathman and Brinkhurst 1999","N","GEI Consultants Inc.","UR",,,"legacyData"
"4bf020f8-cc9f-4e30-b62c-314b3149c3ea","D15","REDB","REDB.AOS.reach","2015-10-12T15:30Z","2016-03-21","REDB.20151012.SURBER.1",,,"HEPSP","Y","Heptageniidae sp.",,"family","Arthropoda","Hexapoda","Insecta","Pterygota","Palaeoptera",,"Ephemeroptera","Pisciforma",,"Heptagenioidea","Heptageniidae",,,,,"sp.",,"larva",,,2,100,2,"Y","Y",,"damaged, affecting measurement","Y",,"Merritt et al. 2008","N","GEI Consultants Inc.","KG","Missing abdomen",,"legacyData"
"893d2cbc-c619-43ac-846e-7f3a70f9391a","D15","REDB","REDB.AOS.reach","2015-10-12T15:30Z","2016-03-28","REDB.20151012.SURBER.3",,,"LEPSP4","Y","Leptophlebiidae sp.",,"family","Arthropoda","Hexapoda","Insecta","Pterygota","Palaeoptera",,"Ephemeroptera","Furcatergalia","Lanceolata",,"Leptophlebiidae",,,,,"sp.",,"larva",2,,10,100,10,"N","Y",,"damaged, affecting analysis","Y",,"Merritt et al. 2008","N","GEI Consultants Inc.","KG","Missing gills",,"legacyData"
"24de2589-adee-4065-b003-cfbbfb715f16","D15","REDB","REDB.AOS.reach","2015-10-12T15:30Z","2016-03-21","REDB.20151012.SURBER.1",,,"HEPSP","Y","Heptageniidae sp.",,"family","Arthropoda","Hexapoda","Insecta","Pterygota","Palaeoptera",,"Ephemeroptera","Pisciforma",,"Heptagenioidea","Heptageniidae",,,,,"sp.",,"larva",2,,4,100,4,"Y","Y",,"condition OK","Y",,"Merritt et al. 2008","N","GEI Consultants Inc.","KG",,,"legacyData"
"8def48f4-ad7e-4723-9e55-ff9f766a40a8","D15","REDB","REDB.AOS.reach","2015-10-12T15:30Z","2016-03-21","REDB.20151012.SURBER.1",,,"ZAPCIN","Y","Zapada cinctipes",,"species","Arthropoda","Hexapoda","Insecta","Pterygota","Neoptera","Polyneoptera","Plecoptera","Euholognatha",,,"Nemouridae","Nemourinae",,,"Zapada","cinctipes",,"larva",4,,13,100,13,"N","N",,"condition OK","Y",,"Merritt et al. 2008; Stewart and Stark 2002; Baumann et al. 1977","N","GEI Consultants Inc.","KG",,,"legacyData"
"3a275e33-bd93-4405-8d60-a132f15a4e26","D15","REDB","REDB.AOS.reach","2015-10-12T15:30Z","2016-04-14","REDB.20151012.SURBER.2",,"NE(15)1015-2-CHI","ORTGR","Y","Orthocladius/Cricotopus gr.",,"speciesGroup","Arthropoda","Hexapoda","Insecta",,"Neoptera","Holometabola","Diptera","Nematocera","Culicomorpha",,"Chironomidae","Orthocladiinae",,,,"gr.",,"larva",2,"2b",4,100,4,"N","Y",,"condition OK","Y",,"Ferrington et al. 2008","N","GEI Consultants Inc.","LF","Broken, length estimated",,"legacyData"
"a7b73cc6-e28c-4641-8496-ad67e8f7fe0b","D15","REDB","REDB.AOS.reach","2015-10-12T15:30Z","2016-04-14","REDB.20151012.SURBER.1",,"NE(15)1015-1-CHI","EUKSP","Y","Eukiefferiella sp.",,"genus","Arthropoda","Hexapoda","Insecta","Pterygota","Neoptera","Holometabola","Diptera","Nematocera","Culicomorpha",,"Chironomidae","Orthocladiinae",,,"Eukiefferiella","sp.",,"larva",4,"4b",1,100,1,"N","Y",,"condition OK","Y",,"Ferrington et al. 2008","N","GEI Consultants Inc.","LF","Broken, length estimated",,"legacyData"
"ba696f6a-ab6e-4102-a6aa-c154540d10a8","D15","REDB","REDB.AOS.reach","2015-10-12T15:30Z","2016-04-15","REDB.20151012.SURBER.3",,"NE(15)1015-3-CHI","ORTGR","Y","Orthocladius/Cricotopus gr.",,"speciesGroup","Arthropoda","Hexapoda","Insecta",,"Neoptera","Holometabola","Diptera","Nematocera","Culicomorpha",,"Chironomidae","Orthocladiinae",,,,"gr.",,"larva",,,2,100,2,"N","Y",,"damaged, affecting measurement","Y",,"Ferrington et al. 2008","N","GEI Consultants Inc.","LF","Broken",,"legacyData"
"a2a91426-eb29-4510-8891-343e3bdadc1b","D15","REDB","REDB.AOS.reach","2015-10-12T15:30Z","2016-03-21","REDB.20151012.SURBER.1",,,"LEPSP4","Y","Leptophlebiidae sp.",,"family","Arthropoda","Hexapoda","Insecta","Pterygota","Palaeoptera",,"Ephemeroptera","Furcatergalia","Lanceolata",,"Leptophlebiidae",,,,,"sp.",,"larva",4,,1,100,1,"N","Y",,"damaged, affecting analysis","Y",,"Merritt et al. 2008","N","GEI Consultants Inc.","KG","Missing gills",,"legacyData"
"faa987a9-0add-4fc3-85cc-317b1e8368dc","D15","REDB","REDB.AOS.reach","2015-10-12T15:30Z","2016-03-22","REDB.20151012.SURBER.2",,,"CERSP10","Y","Ceratopogoninae sp.",,"subfamily","Arthropoda","Hexapoda","Insecta","Pterygota","Neoptera","Holometabola","Diptera","Nematocera","Culicomorpha",,"Ceratopogonidae","Ceratopogoninae",,,,"sp.",,"larva",4,,1,100,1,"Y","Y",,"condition OK","Y",,"Merritt et al. 2008","N","GEI Consultants Inc.","KG",,,"legacyData"
"4b49f675-25c2-4066-a489-599449be32ca","D15","REDB","REDB.AOS.reach","2015-10-12T15:30Z","2016-03-28","REDB.20151012.SURBER.3",,,"ZAPCIN","Y","Zapada cinctipes",,"species","Arthropoda","Hexapoda","Insecta","Pterygota","Neoptera","Polyneoptera","Plecoptera","Euholognatha",,,"Nemouridae","Nemourinae",,,"Zapada","cinctipes",,"larva",2,,3,100,3,"N","N",,"condition OK","Y",,"Merritt et al. 2008; Stewart and Stark 2002; Baumann et al. 1977","N","GEI Consultants Inc.","KG",,,"legacyData"
"e96256e3-dc30-4761-82f1-1eec3d65ec55","D15","REDB","REDB.AOS.reach","2015-10-12T15:30Z","2016-03-28","REDB.20151012.SURBER.3",,,"OLISP6","Y","Oligophlebodes sp.",,"genus","Arthropoda","Hexapoda","Insecta","Pterygota","Neoptera","Holometabola","Trichoptera",,,"Limnephiloidea","Uenoidae","Thremmatinae",,,"Oligophlebodes","sp.",,"larva",3,,1,100,1,"N","Y",,"condition OK","Y",,"Merritt et al. 2008; Wiggins 1996","N","GEI Consultants Inc.","KG",,,"legacyData"
"1b341f10-90d3-4042-877c-e1c1f6b7e24e","D15","REDB","REDB.AOS.reach","2015-10-12T15:30Z","2016-04-15","REDB.20151012.SURBER.3",,"NE(15)1015-3-CHI","PAGSP4","Y","Pagastia sp.",,"genus","Arthropoda","Hexapoda","Insecta","Pterygota","Neoptera","Holometabola","Diptera","Nematocera","Culicomorpha",,"Chironomidae","Diamesinae","Diamesini",,"Pagastia","sp.",,"larva",2,,3,100,3,"N","Y",,"condition OK","Y",,"Ferrington et al. 2008","N","GEI Consultants Inc.","LF",,,"legacyData"
"bb090d36-9013-4587-b84f-665cebcddd0f","D15","REDB","REDB.AOS.reach","2015-10-12T15:30Z","2016-03-21","REDB.20151012.SURBER.1",,,"SIMSP1","Y","Simulium sp.",,"genus","Arthropoda","Hexapoda","Insecta","Pterygota","Neoptera","Holometabola","Diptera","Nematocera","Culicomorpha",,"Simuliidae","Simuliinae","Simuliini",,"Simulium","sp.",,"larva",3,,1,100,1,"N","Y",,"condition OK","Y",,"Merritt et al. 2008","N","GEI Consultants Inc.","KG",,,"legacyData"
"689febc4-213a-4b53-bca9-90c1642998b5","D15","REDB","REDB.AOS.reach","2015-10-12T15:30Z","2016-03-28","REDB.20151012.SURBER.5",,,"DIPHAG","Y","Diphetor hageni",,"species","Arthropoda","Hexapoda","Insecta","Pterygota","Palaeoptera",,"Ephemeroptera","Pisciforma",,,"Baetidae",,,,"Diphetor","hageni",,"larva",,,19,100,19,"N","N",,"damaged, affecting measurement","Y",,"Merritt et al. 2008; Meyer and McCafferty 2001","Y","GEI Consultants Inc.","KG","Missing abdomen",,"legacyData"
"e883b3f9-32dd-4d5e-8faa-e4ee616f150b","D15","REDB","REDB.AOS.reach","2015-10-12T15:30Z","2016-04-14","REDB.20151012.SURBER.1",,"NE(15)1015-1-CHI","CORSP19","Y","Corynoneura sp.",,"genus","Arthropoda","Hexapoda","Insecta","Pterygota","Neoptera","Holometabola","Diptera","Nematocera","Culicomorpha",,"Chironomidae","Orthocladiinae",,,"Corynoneura","sp.",,"larva",2,,1,100,1,"N","Y",,"condition OK","Y",,"Ferrington et al. 2008","N","GEI Consultants Inc.","LF",,,"legacyData"
"ecc483da-2ceb-449e-a66d-ff63ce9f65b2","D15","REDB","REDB.AOS.reach","2015-10-12T15:30Z","2016-03-28","REDB.20151012.SURBER.3",,,"PROSP2","Y","Prostigmata sp.",,"suborder","Arthropoda","Chelicerata","Arachnida","Acari",,"Acariformes","Trombidiformes","Prostigmata",,,,,,,,"sp.",,"none",1,,1,100,1,"Y","Y",,"condition OK","N",,"Thorp and Covich 2001","N","GEI Consultants Inc.","KG","Deutonymph, probably Sperchon sp.",,"legacyData"
"02b4f0e2-07ff-4061-9a8f-5f00d694dd50","D15","REDB","REDB.AOS.reach","2015-10-12T15:30Z","2016-03-21","REDB.20151012.SURBER.1",,,"MICSP3","Y","Micrasema sp.",,"genus","Arthropoda","Hexapoda","Insecta","Pterygota","Neoptera","Holometabola","Trichoptera",,,"Limnephiloidea","Brachycentridae",,,,"Micrasema","sp.",,"larva",1,,1,100,1,"N","Y",,"condition OK","Y",,"Merritt et al. 2008; Wiggins 1996","N","GEI Consultants Inc.","KG",,,"legacyData"
"0b9ea1f0-bea9-4da8-859c-b2b553ab5cb7","D15","REDB","REDB.AOS.reach","2015-10-12T15:30Z","2016-03-28","REDB.20151012.SURBER.3",,,"BAETRI","Y","Baetis tricaudatus",,"species","Arthropoda","Hexapoda","Insecta","Pterygota","Palaeoptera",,"Ephemeroptera","Pisciforma",,,"Baetidae",,,,"Baetis","tricaudatus",,"larva",3,,1,100,1,"N","N",,"condition OK","Y",,"Merritt et al. 2008; Morihara and McCafferty 1979","N","GEI Consultants Inc.","KG",,,"legacyData"
"fd8630ac-b5c4-44a2-9f21-642951e0c4a4","D15","REDB","REDB.AOS.reach","2015-10-12T15:30Z","2016-03-22","REDB.20151012.SURBER.2",,,"CERSP10","Y","Ceratopogoninae sp.",,"subfamily","Arthropoda","Hexapoda","Insecta","Pterygota","Neoptera","Holometabola","Diptera","Nematocera","Culicomorpha",,"Ceratopogonidae","Ceratopogoninae",,,,"sp.",,"larva",,,,100,,"N","Y",,"damaged, affecting analysis","N",,"Merritt et al. 2008","N","GEI Consultants Inc.","KG","1 headless",,
"f04ac6b9-2d0c-4add-b8bc-8386eca2b3fb","D15","REDB","REDB.AOS.reach","2015-10-12T15:30Z","2016-03-21","REDB.20151012.SURBER.1",,,"SIMSP","Y","Simuliidae sp.",,"family","Arthropoda","Hexapoda","Insecta","Pterygota","Neoptera","Holometabola","Diptera","Nematocera","Culicomorpha",,"Simuliidae",,,,,"sp.",,"larva",1,,2,100,2,"Y","Y",,"condition OK","N",,"Merritt et al. 2008","N","GEI Consultants Inc.","KG",,,"legacyData"
"c865b9ca-8656-425e-b032-9312fa33dd5b","D15","REDB","REDB.AOS.reach","2015-10-12T15:30Z","2016-03-28","REDB.20151012.SURBER.5",,,"PERSP2","Y","Perlodidae sp.",,"family","Arthropoda","Hexapoda","Insecta","Pterygota","Neoptera","Polyneoptera","Plecoptera","Systellognatha",,,"Perlodidae",,,,,"sp.",,"larva",3,,2,100,2,"Y","Y",,"condition OK","Y",,"Merritt et al. 2008; Stewart and Stark 2002","Y","GEI Consultants Inc.","KG",,,"legacyData"
"bbbb7435-efee-4526-8270-f764e6c2a2fd","D15","REDB","REDB.AOS.reach","2015-10-12T15:30Z","2016-03-28","REDB.20151012.SURBER.5",,,"RHYSP3","Y","Rhyacophila sp.",,"genus","Arthropoda","Hexapoda","Insecta","Pterygota","Neoptera","Holometabola","Trichoptera",,,"Rhyacophiloidea","Rhyacophilidae",,,,"Rhyacophila","sp.",,"larva",2,,3,100,3,"Y","Y",,"condition OK","N",,"Merritt et al. 2008; Wiggins 1996","Y","GEI Consultants Inc.","KG",,,"legacyData"
"3c029ba9-3d0e-496d-85b2-d4417ee916bb","D15","REDB","REDB.AOS.reach","2015-10-12T15:30Z","2016-03-22","REDB.20151012.SURBER.2",,,"BAETRI","Y","Baetis tricaudatus",,"species","Arthropoda","Hexapoda","Insecta","Pterygota","Palaeoptera",,"Ephemeroptera","Pisciforma",,,"Baetidae",,,,"Baetis","tricaudatus",,"larva",4,,1,100,1,"N","N",,"condition OK","Y",,"Merritt et al. 2008; Morihara and McCafferty 1979","N","GEI Consultants Inc.","KG",,,"legacyData"
"3c6b8da0-9cb2-4b70-9a1d-f1cb9add8f1e","D15","REDB","REDB.AOS.reach","2015-10-12T15:30Z","2016-03-22","REDB.20151012.SURBER.2",,,"ELMSP","Y","Elmidae sp.",,"family","Arthropoda","Hexapoda","Insecta","Pterygota","Neoptera","Holometabola","Coleoptera","Polyphaga","Elateriformia","Byrrhoidea","Elmidae",,,,,"sp.",,"larva",2,,2,100,2,"Y","Y",,"condition OK","N",,"Merritt et al. 2008","N","GEI Consultants Inc.","KG",,,"legacyData"
"8f5ff190-7ff3-49b1-a1f0-a66ec3af243c","D15","REDB","REDB.AOS.reach","2015-10-12T15:30Z","2016-03-28","REDB.20151012.SURBER.3",,,"POLCOR","Y","Polycelis coronata",,"species","Platyhelminthes","Rhabditophora","Trepaxonemata",,,,"Neoophora",,,,"Planariidae",,,,"Polycelis","coronata",,"adult",,,1,100,1,"N","N",,"damaged, affecting measurement","Y",,"Smith 2001","N","GEI Consultants Inc.","KG","Missing posterior half",,"legacyData"
"c0003620-84e6-4547-a9ae-97d6cafa4127","D15","REDB","REDB.AOS.reach","2015-10-12T15:30Z","2016-03-28","REDB.20151012.SURBER.5",,,"HETCOR","Y","Heterlimnius corpulentus",,"species","Arthropoda","Hexapoda","Insecta","Pterygota","Neoptera","Holometabola","Coleoptera","Polyphaga","Elateriformia","Byrrhoidea","Elmidae","Elminae","Elmini",,"Heterlimnius","corpulentus",,"larva",5,,1,100,1,"N","Y",,"condition OK","Y",,"Merritt et al. 2008; Brown 1983","Y","GEI Consultants Inc.","KG",,,"legacyData"
"338f2f84-f30c-4c9a-a331-db4f9d4e7266","D15","REDB","REDB.AOS.reach","2015-10-12T15:30Z","2016-03-22","REDB.20151012.SURBER.2",,,"BAESP2","Y","Baetis sp.",,"genus","Arthropoda","Hexapoda","Insecta","Pterygota","Palaeoptera",,"Ephemeroptera","Pisciforma",,,"Baetidae",,,,"Baetis","sp.",,"larva",,,2,100,2,"Y","N",,"damaged, affecting measurement","N",,"Merritt et al. 2008","N","GEI Consultants Inc.","KG","Missing abdomen; no cerci",,"legacyData"
"b4db30ad-2e3d-403f-a789-e88eaf9966e9","D15","REDB","REDB.AOS.reach","2015-10-12T15:30Z","2016-03-22","REDB.20151012.SURBER.2",,"NE(15)1015-2-CHI","CHISP2","Y","Chironomidae sp.",,"family","Arthropoda","Hexapoda","Insecta","Pterygota","Neoptera","Holometabola","Diptera","Nematocera","Culicomorpha",,"Chironomidae",,,,,"sp.",,"pupa",,,1,100,1,"N","Y",,"damaged, affecting measurement","N",,"Merritt et al. 2008","N","GEI Consultants Inc.","KG","Missing abdomen",,"legacyData"
"1106a531-f24d-4655-aced-3e74445de003","D15","REDB","REDB.AOS.reach","2015-10-12T15:30Z","2016-03-28","REDB.20151012.SURBER.5",,"NE(15)1015-5-OLI","EISTET","Y","Eiseniella tetraedra",,"species","Annelida","Clitellata","Oligochaeta","Oligochaeta",,"Metagynophora","Opisthopora","Crassiclitellata",,"Lumbricoidea","Lumbricidae",,,,"Eiseniella","tetraedra",,"adult",7,,1,100,1,"N","N",,"condition OK","Y",,"Smith 2001","Y","GEI Consultants Inc.","KG",,,"legacyData"
"ba1b0257-94bc-45ab-8155-5290d585928c","D15","REDB","REDB.AOS.reach","2015-10-12T15:30Z","2016-03-28","REDB.20151012.SURBER.5",,,"MICSP3","Y","Micrasema sp.",,"genus","Arthropoda","Hexapoda","Insecta","Pterygota","Neoptera","Holometabola","Trichoptera",,,"Limnephiloidea","Brachycentridae",,,,"Micrasema","sp.",,"larva",2,,4,100,4,"N","Y",,"condition OK","Y",,"Merritt et al. 2008; Wiggins 1996","Y","GEI Consultants Inc.","KG",,,"legacyData"
