uid,domainID,siteID,namedLocation,collectDate,identifiedDate,sampleID,sampleCode,slideID,acceptedTaxonID,targetTaxaPresent,scientificName,morphospeciesID,taxonRank,phylum,subphylum,class,subclass,infraclass,superorder,order,suborder,infraorder,superfamily,family,subfamily,tribe,subtribe,genus,specificEpithet,infraspecificEpithet,invertebrateLifeStage,sizeClass,sizeCategory,individualCount,subsamplePercent,estimatedTotalCount,immatureSpecimen,indeterminateSpecies,taxonRankQualifier,sampleCondition,distinctTaxon,identificationQualifier,identificationReferences,qcChecked,laboratoryName,identifiedBy,identificationRemarks,identificationHistoryID,dataQF
"87faa824-ae10-4573-bcea-893404757709","D16","MCRA","MCRA.AOS.reach","2019-07-31T16:57Z","2020-02-04","MCRA.20190731.SURBER.1","A00000060864",,"PAGSP4","Y","Pagastia sp.",,"genus","Arthropoda","Hexapoda","Insecta","Pterygota","Neoptera","Holometabola","Diptera","Nematocera","Culicomorpha",,"Chironomidae","Diamesinae","Diamesini",,"Pagastia","sp.",,"larva",2,,3,100,3,"N","N",,"condition OK","Y",,"Weiderholm, 1983; Weiderholm, 1986; Epler 2001; Ferrington et al. 2019; Andersen, Cranston and Epler 2013","N","Rhithron Associates, Inc.","B. Hayford",,,
"df7c41f8-f81f-4aa7-965c-5d512cd95963","D16","MCRA","MCRA.AOS.reach","2019-07-31T16:57Z","2020-02-04","MCRA.20190731.SURBER.1","A00000060864",,"BRISP","Y","Brillia sp.",,"genus","Arthropoda","Hexapoda","Insecta","Pterygota","Neoptera","Holometabola","Diptera","Nematocera","Culicomorpha",,"Chironomidae","Orthocladiinae",,,"Brillia","sp.",,"larva",2,,1,100,1,"N","N",,"condition OK","Y",,"Weiderholm, 1983; Weiderholm, 1986; Epler 2001; Ferrington et al. 2019; Andersen, Cranston and Epler 2013","N","Rhithron Associates, Inc.","B. Hayford",,,
"39270280-1261-4d60-9664-908459d840db","D16","MCRA","MCRA.AOS.reach","2019-07-31T16:57Z","2020-02-06","MCRA.20190731.SURBER.4","A00000060867",,"LIMSP5","Y","Limnephilidae sp.",,"family","Arthropoda","Hexapoda","Insecta","Pterygota","Neoptera","Holometabola","Trichoptera",,,"Limnephiloidea","Limnephilidae",,,,,"sp.",,"larva",2,,1,100,1,"Y","N","early instar","condition OK","Y",,"Wiggins 1996; Merritt et al. 2019","Y","Rhithron Associates, Inc.","R. Spring",,,
"229122a6-9080-4842-bee6-e8364c747a47","D16","MCRA","MCRA.AOS.reach","2019-07-31T16:57Z","2020-02-04","MCRA.20190731.SURBER.8","A00000060855",,"RHESP2","Y","Rheotanytarsus sp.",,"genus","Arthropoda","Hexapoda","Insecta","Pterygota","Neoptera","Holometabola","Diptera","Nematocera","Culicomorpha",,"Chironomidae","Chironominae","Tanytarsini",,"Rheotanytarsus","sp.",,"larva",3,,1,100,1,"N","N",,"condition OK","Y",,"Weiderholm, 1983; Weiderholm, 1986; Epler 2001; Ferrington et al. 2019; Andersen, Cranston and Epler 2013","N","Rhithron Associates, Inc.","A. Fasbender",,,
"dc69d576-017c-473b-bd3f-7f7ed5a4e18b","D16","MCRA","MCRA.AOS.reach","2019-07-31T16:57Z","2020-02-04","MCRA.20190731.SURBER.2","A00000060865",,"CRISP2","Y","Cricotopus sp.",,"genus","Arthropoda","Hexapoda","Insecta","Pterygota","Neoptera","Holometabola","Diptera","Nematocera","Culicomorpha",,"Chironomidae","Orthocladiinae",,,"Cricotopus","sp.",,"larva",3,,2,90,2,"N","N",,"condition OK","Y",,"Weiderholm, 1983; Weiderholm, 1986; Epler 2001; Ferrington et al. 2019; Andersen, Cranston and Epler 2013","N","Rhithron Associates, Inc.","B. Hayford",,,
"8605d7b2-9faa-40fb-9fde-ebf21ae8bb45","D16","MCRA","MCRA.AOS.reach","2019-07-31T16:57Z","2020-02-04","MCRA.20190731.SURBER.3","A00000060866",,"EUKBRE","Y","Eukiefferiella brehmi gr.",,"speciesGroup","Arthropoda","Hexapoda","Insecta","Pterygota","Neoptera","Holometabola","Diptera","Nematocera","Culicomorpha",,"Chironomidae","Orthocladiinae",,,"Eukiefferiella","brehmi gr.",,"larva",2,,1,67,1,"N","N",,"condition OK","Y",,"Weiderholm, 1983; Bode, 1983; Weiderholm, 1986; Epler 2001; Ferrington et al. 2019; Andersen, Cranston and Epler 2013","N","Rhithron Associates, Inc.","A. Fasbender",,,
"ed44c387-b0d2-4d47-a405-3fb5fc42b60c","D16","MCRA","MCRA.AOS.reach","2019-07-31T16:57Z","2020-02-06","MCRA.20190731.SURBER.5","A00000060868",,"NEOSP69","Y","Neoleptophlebia sp.",,"genus","Arthropoda","Hexapoda","Insecta","Pterygota","Palaeoptera",,"Ephemeroptera","Furcatergalia","Lanceolata",,"Leptophlebiidae",,,,"Neoleptophlebia","sp.",,"larva",3,,1,100,1,"N","N",,"condition OK","Y",,"Merritt et al. 2019; Tiunova and Kluge 2016","N","Rhithron Associates, Inc.","R. Spring",,,
"57743cee-9807-4b17-b119-bbbab436180d","D16","MCRA","MCRA.AOS.reach","2019-07-31T16:57Z","2020-02-04","MCRA.20190731.SURBER.4","A00000060867",,"CRISP6","Y","Cricotopus/Orthocladius sp.",,"speciesGroup","Arthropoda","Hexapoda","Insecta","Pterygota","Neoptera","Holometabola","Diptera","Nematocera","Culicomorpha",,"Chironomidae","Orthocladiinae",,,"Cricotopus/Orthocladius","sp.",,"larva",1,,1,100,1,"Y","N","early instar","condition OK","Y",,"Weiderholm, 1983; Weiderholm, 1986; Epler 2001; Ferrington et al. 2008; Andersen, Cranston and Epler 2013","Y","Rhithron Associates, Inc.","A. Fasbender",,,
"4ac620d5-b41c-4fee-a96f-4d532c94cd02","D16","MCRA","MCRA.AOS.reach","2019-07-31T16:57Z","2020-02-06","MCRA.20190731.SURBER.6","A00000060871",,"ATRSP1","Y","Atrichopogon sp.",,"genus","Arthropoda","Hexapoda","Insecta","Pterygota","Neoptera","Holometabola","Diptera","Nematocera","Culicomorpha",,"Ceratopogonidae","Forcipomyiinae",,,"Atrichopogon","sp.",,"larva",2,,4,100,4,"N","N",,"condition OK","Y",,"Merritt et al. 2019","N","Rhithron Associates, Inc.","R. Spring","Reference Collection(1)",,
"cd5194e9-4e7b-411d-bddd-be34af33799d","D16","MCRA","MCRA.AOS.reach","2019-07-31T16:57Z","2020-02-07","MCRA.20190731.SURBER.1","A00000060864",,"CAPSP2","Y","Capniidae sp.",,"family","Arthropoda","Hexapoda","Insecta","Pterygota","Neoptera","Polyneoptera","Plecoptera","Euholognatha",,,"Capniidae",,,,,"sp.",,"larva",2,,1,100,1,"Y","N","early instar","condition OK","Y",,"Stewart and Stark 2002; Merritt et al. 2019","N","Rhithron Associates, Inc.","R. Spring",,,
"f4d7ca5e-43a6-47d1-a7a0-3621a7ed75a8","D16","MCRA","MCRA.AOS.reach","2019-07-31T16:57Z","2020-02-06","MCRA.20190731.SURBER.5","A00000060868",,"CAPSP2","Y","Capniidae sp.",,"family","Arthropoda","Hexapoda","Insecta","Pterygota","Neoptera","Polyneoptera","Plecoptera","Euholognatha",,,"Capniidae",,,,,"sp.",,"larva",1,,1,100,1,"Y","N","early instar","condition OK","Y",,"Stewart and Stark 2002; Merritt et al. 2019","N","Rhithron Associates, Inc.","R. Spring",,,
"53a476c3-640b-46b2-a639-20cb32d2977a","D16","MCRA","MCRA.AOS.reach","2019-07-31T16:57Z","2020-02-04","MCRA.20190731.SURBER.1","A00000060864",,"THISP2","Y","Thienemanniella sp.",,"genus","Arthropoda","Hexapoda","Insecta","Pterygota","Neoptera","Holometabola","Diptera","Nematocera","Culicomorpha",,"Chironomidae","Orthocladiinae",,,"Thienemanniella","sp.",,"larva",1,,5,100,5,"N","N",,"condition OK","Y",,"Weiderholm, 1983; Weiderholm, 1986; Epler 2001; Ferrington et al. 2019; Andersen, Cranston and Epler 2013","N","Rhithron Associates, Inc.","B. Hayford",,,
"5ae51f2a-bd9a-4f59-82d6-9ef9d72b26fc","D16","MCRA","MCRA.AOS.reach","2019-07-31T16:57Z","2020-02-07","MCRA.20190731.SURBER.1","A00000060864",,"LEPSP4","Y","Leptophlebiidae sp.",,"family","Arthropoda","Hexapoda","Insecta","Pterygota","Palaeoptera",,"Ephemeroptera","Furcatergalia","Lanceolata",,"Leptophlebiidae",,,,,"sp.",,"larva",3,,1,100,1,"Y","N","early instar","condition OK","Y",,"Merritt et al. 2019","N","Rhithron Associates, Inc.","R. Spring",,,
"451ff553-e96e-4f5b-8dc8-a66fbe18463a","D16","MCRA","MCRA.AOS.reach","2019-07-31T16:57Z","2020-02-06","MCRA.20190731.SURBER.6","A00000060871",,"HETCOR","Y","Heterlimnius corpulentus",,"species","Arthropoda","Hexapoda","Insecta","Pterygota","Neoptera","Holometabola","Coleoptera","Polyphaga","Elateriformia","Byrrhoidea","Elmidae","Elminae","Elmini",,"Heterlimnius","corpulentus",,"adult",3,,1,100,1,"N","N",,"condition OK","Y",,"Brown 1972; Merritt et al. 2019; Kamite, 2009","N","Rhithron Associates, Inc.","R. Spring",,,
"0fee302e-7d02-4d6c-b046-25394932c105","D16","MCRA","MCRA.AOS.reach","2019-07-31T16:57Z","2020-02-06","MCRA.20190731.SURBER.5","A00000060868",,"BAESP2","Y","Baetis sp.",,"genus","Arthropoda","Hexapoda","Insecta","Pterygota","Palaeoptera",,"Ephemeroptera","Pisciforma",,,"Baetidae",,,,"Baetis","sp.",,"larva",1,,3,100,3,"Y","N","early instar","condition OK","N",,"Merritt et al. 2019","N","Rhithron Associates, Inc.","R. Spring",,,
"94704cd2-92d3-4d73-82a7-d1a001db4322","D16","MCRA","MCRA.AOS.reach","2019-07-31T16:57Z","2020-02-07","MCRA.20190731.SURBER.3","A00000060866",,"POLSP17","Y","Polycelis sp.",,"genus","Platyhelminthes","Rhabditophora","Trepaxonemata",,,,"Neoophora",,,,"Planariidae",,,,"Polycelis","sp.",,"unknown",4,,2,67,3,"N","N",,"condition OK","Y",,"Thorp and Rogers 2016","N","Rhithron Associates, Inc.","R. Spring",,,
"41bedc0d-fe48-4a4a-a5ae-33286e15c12f","D16","MCRA","MCRA.AOS.reach","2019-07-31T16:57Z","2020-02-06","MCRA.20190731.SURBER.5","A00000060868",,"CINSP1","Y","Cinygmula sp.",,"genus","Arthropoda","Hexapoda","Insecta","Pterygota","Palaeoptera",,"Ephemeroptera","Pisciforma",,"Heptagenioidea","Heptageniidae",,,,"Cinygmula","sp.",,"larva",1,,1,100,1,"N","N",,"condition OK","Y",,"Merritt et al. 2019","N","Rhithron Associates, Inc.","R. Spring",,,
"ab04abf2-2e66-4b50-af44-bdc15714f396","D16","MCRA","MCRA.AOS.reach","2019-07-31T16:57Z","2020-02-04","MCRA.20190731.SURBER.5","A00000060868",,"BRISP","Y","Brillia sp.",,"genus","Arthropoda","Hexapoda","Insecta","Pterygota","Neoptera","Holometabola","Diptera","Nematocera","Culicomorpha",,"Chironomidae","Orthocladiinae",,,"Brillia","sp.",,"larva",2,,2,100,2,"N","N",,"condition OK","Y",,"Weiderholm, 1983; Weiderholm, 1986; Epler 2001; Ferrington et al. 2019; Andersen, Cranston and Epler 2013","N","Rhithron Associates, Inc.","A. Fasbender",,,
"b7d7d6b8-22e3-40ae-9ced-b9277905d349","D16","MCRA","MCRA.AOS.reach","2019-07-31T16:57Z","2020-02-06","MCRA.20190731.SURBER.6","A00000060871",,"POLSP17","Y","Polycelis sp.",,"genus","Platyhelminthes","Rhabditophora","Trepaxonemata",,,,"Neoophora",,,,"Planariidae",,,,"Polycelis","sp.",,"unknown",2,,1,100,1,"N","N",,"condition OK","Y",,"Thorp and Rogers 2016","N","Rhithron Associates, Inc.","R. Spring",,,
"d30b166e-24e4-46b8-a7d3-b34bb9130492","D16","MCRA","MCRA.AOS.reach","2019-07-31T16:57Z","2020-02-04","MCRA.20190731.SURBER.1","A00000060864",,"CORSP19","Y","Corynoneura sp.",,"genus","Arthropoda","Hexapoda","Insecta","Pterygota","Neoptera","Holometabola","Diptera","Nematocera","Culicomorpha",,"Chironomidae","Orthocladiinae",,,"Corynoneura","sp.",,"larva",2,,1,100,1,"N","N",,"condition OK","Y",,"Weiderholm, 1983; Weiderholm, 1986; Epler 2001; Ferrington et al. 2019; Andersen, Cranston and Epler 2013","N","Rhithron Associates, Inc.","B. Hayford",,,
"e33ca8cc-0494-4428-a0dd-0b979e2f5691","D16","MCRA","MCRA.AOS.reach","2019-07-31T16:57Z","2020-02-07","MCRA.20190731.SURBER.2","A00000060865",,"CINSP1","Y","Cinygmula sp.",,"genus","Arthropoda","Hexapoda","Insecta","Pterygota","Palaeoptera",,"Ephemeroptera","Pisciforma",,"Heptagenioidea","Heptageniidae",,,,"Cinygmula","sp.",,"larva",1,,1,90,1,"N","N",,"condition OK","Y",,"Merritt et al. 2019","N","Rhithron Associates, Inc.","R. Spring",,,
"ed010404-8164-4313-8a0b-6df1cd40f107","D16","MCRA","MCRA.AOS.reach","2019-07-31T16:57Z","2020-02-04","MCRA.20190731.SURBER.5","A00000060868",,"ZAVSP","Y","Zavrelimyia sp.",,"genus","Arthropoda","Hexapoda","Insecta","Pterygota","Neoptera","Holometabola","Diptera","Nematocera","Culicomorpha",,"Chironomidae","Tanypodinae","Pentaneurini",,"Zavrelimyia","sp.",,"larva",3,,2,100,2,"N","N",,"condition OK","Y",,"Weiderholm, 1983; Weiderholm, 1986; Epler 2001; Ferrington et al. 2019; Andersen, Cranston and Epler 2013","N","Rhithron Associates, Inc.","A. Fasbender",,,
"f1c79010-9d97-4b11-94e0-8ad7b35f6705","D16","MCRA","MCRA.AOS.reach","2019-07-31T16:57Z","2020-02-06","MCRA.20190731.SURBER.7","A00000060872",,"EPHSP4","Y","Ephemerella sp.",,"genus","Arthropoda","Hexapoda","Insecta","Pterygota","Palaeoptera",,"Ephemeroptera","Furcatergalia","Pannota","Ephemerelloidea","Ephemerellidae",,,,"Ephemerella","sp.",,"larva",2,,1,100,1,"N","N","damaged","damaged, affecting taxonomy and measurement","Y",,"Allen and Edmunds 1965; Merritt et al. 2019","N","Rhithron Associates, Inc.","R. Spring",,,
"2b96befc-5a64-40ae-8419-6fedd456b0e9","D16","MCRA","MCRA.AOS.reach","2019-07-31T16:57Z","2020-02-06","MCRA.20190731.SURBER.7","A00000060872",,"BAESP2","Y","Baetis sp.",,"genus","Arthropoda","Hexapoda","Insecta","Pterygota","Palaeoptera",,"Ephemeroptera","Pisciforma",,,"Baetidae",,,,"Baetis","sp.",,"larva",1,,15,100,15,"Y","N","early instar","condition OK","N",,"Merritt et al. 2019","N","Rhithron Associates, Inc.","R. Spring",,,
"f3a31e20-ae24-42db-a708-9ebe49c0951a","D16","MCRA","MCRA.AOS.reach","2019-07-31T16:57Z","2020-02-07","MCRA.20190731.SURBER.1","A00000060864",,"EPHTIB","Y","Ephemerella tibialis",,"species","Arthropoda","Hexapoda","Insecta","Pterygota","Palaeoptera",,"Ephemeroptera","Furcatergalia","Pannota","Ephemerelloidea","Ephemerellidae",,,,"Ephemerella","tibialis",,"larva",4,,2,100,2,"N","N",,"condition OK","Y",,"Allen and Edmunds 1965","N","Rhithron Associates, Inc.","R. Spring",,,
"8e3660e1-0105-4eb0-bdfc-10cff947ef2c","D16","MCRA","MCRA.AOS.reach","2019-07-31T16:57Z","2020-02-07","MCRA.20190731.SURBER.3","A00000060866",,"ATRSP3","Y","Atractides sp.",,"genus","Arthropoda","Chelicerata","Arachnida","Acari",,"Acariformes","Trombidiformes","Prostigmata",,"Hygrobatoidea","Hygrobatidae",,,,"Atractides","sp.",,"adult",1,,1,67,1,"N","N",,"condition OK","Y",,"Thorp and Rogers 2016","N","Rhithron Associates, Inc.","R. Spring",,,
"0c950fba-953c-4160-b457-e1e86f4af7f1","D16","MCRA","MCRA.AOS.reach","2019-07-31T16:57Z","2020-02-06","MCRA.20190731.SURBER.7","A00000060872",,"BAEPIS1","Y","Baetis piscatoris cx.",,"speciesGroup","Arthropoda","Hexapoda","Insecta","Pterygota","Palaeoptera",,"Ephemeroptera",,,,"Baetidae",,,,"Baetis","piscatoris cx.",,"larva",4,,2,100,2,"N","N",,"condition OK","Y",,"Morihara and McCafferty 1979; Wiersema, 2004; Webb et al. 2018","N","Rhithron Associates, Inc.","R. Spring",,"1239b00e-a4b0-43bb-a53d-1492c93a1615",
"5bef528e-ecfc-4130-9428-1284b733931a","D16","MCRA","MCRA.AOS.reach","2019-07-31T16:57Z","2020-02-06","MCRA.20190731.SURBER.6","A00000060871",,"BAEPIS1","Y","Baetis piscatoris cx.",,"speciesGroup","Arthropoda","Hexapoda","Insecta","Pterygota","Palaeoptera",,"Ephemeroptera",,,,"Baetidae",,,,"Baetis","piscatoris cx.",,"larva",4,,1,100,1,"N","N",,"condition OK","Y",,"Morihara and McCafferty 1979; Wiersema, 2004; Webb et al. 2018","N","Rhithron Associates, Inc.","R. Spring",,"bcdebac5-ef80-455d-a1fc-e99c74e02d7b",
"b8ce6e79-4ab0-41ff-a143-50de4fb028ea","D16","MCRA","MCRA.AOS.reach","2019-07-31T16:57Z","2020-02-04","MCRA.20190731.SURBER.8","A00000060855",,"BRISP","Y","Brillia sp.",,"genus","Arthropoda","Hexapoda","Insecta","Pterygota","Neoptera","Holometabola","Diptera","Nematocera","Culicomorpha",,"Chironomidae","Orthocladiinae",,,"Brillia","sp.",,"larva",2,,3,100,3,"N","N",,"condition OK","Y",,"Weiderholm, 1983; Weiderholm, 1986; Epler 2001; Ferrington et al. 2019; Andersen, Cranston and Epler 2013","N","Rhithron Associates, Inc.","A. Fasbender",,,
"ab043a15-79af-4665-8aab-8942f03e3cd4","D16","MCRA","MCRA.AOS.reach","2019-07-31T16:57Z","2020-02-06","MCRA.20190731.SURBER.8","A00000060855",,"CINSP1","Y","Cinygmula sp.",,"genus","Arthropoda","Hexapoda","Insecta","Pterygota","Palaeoptera",,"Ephemeroptera","Pisciforma",,"Heptagenioidea","Heptageniidae",,,,"Cinygmula","sp.",,"larva",2,,2,100,2,"N","N",,"condition OK","Y",,"Merritt et al. 2019","N","Rhithron Associates, Inc.","R. Spring",,,
"adb31cf6-5d1a-434c-9c93-d74e2fa224b1","D16","MCRA","MCRA.AOS.reach","2019-07-31T16:57Z","2020-02-07","MCRA.20190731.SURBER.3","A00000060866",,"IROSP","Y","Ironodes sp.",,"genus","Arthropoda","Hexapoda","Insecta","Pterygota","Palaeoptera",,"Ephemeroptera","Pisciforma",,"Heptagenioidea","Heptageniidae",,,,"Ironodes","sp.",,"larva",2,,1,67,1,"N","N",,"condition OK","Y",,"Merritt et al. 2019","N","Rhithron Associates, Inc.","R. Spring","Reference Collection(1)",,
"a7ccf78e-b331-461a-8425-16ea4b2914c5","D16","MCRA","MCRA.AOS.reach","2019-07-31T16:57Z","2020-02-07","MCRA.20190731.SURBER.3","A00000060866",,"GLOSP1","Y","Glossosomatidae sp.",,"family","Arthropoda","Hexapoda","Insecta","Pterygota","Neoptera","Holometabola","Trichoptera",,,"Glossosomatoidea","Glossosomatidae",,,,,"sp.",,"pupa",5,,1,67,1,"N","N",,"condition OK","N",,"Merritt et al. 2019; Wiggins 1996","N","Rhithron Associates, Inc.","R. Spring",,,
"a0c443d7-40ae-4e7a-8bbd-bd24b2090701","D16","MCRA","MCRA.AOS.reach","2019-07-31T16:57Z","2020-02-07","MCRA.20190731.SURBER.2","A00000060865",,"HETCOR","Y","Heterlimnius corpulentus",,"species","Arthropoda","Hexapoda","Insecta","Pterygota","Neoptera","Holometabola","Coleoptera","Polyphaga","Elateriformia","Byrrhoidea","Elmidae","Elminae","Elmini",,"Heterlimnius","corpulentus",,"larva",2,,2,90,2,"N","N",,"condition OK","Y",,"Brown 1972; Merritt et al. 2019; Kamite, 2009","N","Rhithron Associates, Inc.","R. Spring",,,
"ccc2a83a-0a27-4ade-92fb-7ee5f9a08134","D16","MCRA","MCRA.AOS.reach","2019-07-31T16:57Z","2020-02-06","MCRA.20190731.SURBER.7","A00000060872",,"NEOSP13","Y","Neophylax sp.",,"genus","Arthropoda","Hexapoda","Insecta","Pterygota","Neoptera","Holometabola","Trichoptera",,,"Limnephiloidea","Uenoidae","Thremmatinae",,,"Neophylax","sp.",,"larva",4,,1,100,1,"Y","N","early instar","condition OK","Y",,"Vineyard 1990; Wiggins 1996; Merritt et al. 2019","N","Rhithron Associates, Inc.","R. Spring",,,
"10451531-4fca-41f3-ba09-0cee9c151f95","D16","MCRA","MCRA.AOS.reach","2019-07-31T16:57Z","2020-02-07","MCRA.20190731.SURBER.3","A00000060866",,"ZAPCIN","Y","Zapada cinctipes",,"species","Arthropoda","Hexapoda","Insecta","Pterygota","Neoptera","Polyneoptera","Plecoptera","Euholognatha",,,"Nemouridae","Nemourinae",,,"Zapada","cinctipes",,"larva",1,,1,67,1,"N","N",,"condition OK","Y",,"Baumann et al. 1977; Stewart and Stark 2002; Merritt et al. 2019","N","Rhithron Associates, Inc.","R. Spring",,,
"d15b1ed7-b841-404d-8b4b-9fc913657dbe","D16","MCRA","MCRA.AOS.reach","2019-07-31T16:57Z","2020-02-06","MCRA.20190731.SURBER.7","A00000060872",,"PERSP1","Y","Perlidae sp.",,"family","Arthropoda","Hexapoda","Insecta","Pterygota","Neoptera","Polyneoptera","Plecoptera","Systellognatha",,,"Perlidae",,,,,"sp.",,"larva",3,,1,100,1,"Y","N","early instar","condition OK","Y",,"Stewart and Stark 2002; Merritt et al. 2019","N","Rhithron Associates, Inc.","R. Spring",,,
"cb2eb89b-f45d-49fc-99c0-44b12ea00ae5","D16","MCRA","MCRA.AOS.reach","2019-07-31T16:57Z","2020-02-06","MCRA.20190731.SURBER.7","A00000060872",,"THRSP6","Y","Thremmatidae sp.",,"family","Arthropoda",,"Insecta",,,,"Trichoptera",,,,"Thremmatidae sp.",,,,,"sp.",,"larva",2,,1,100,1,"Y","N","early instar","condition OK","N",,"Merritt et al. 2019","N","Rhithron Associates, Inc.","R. Spring",,,
"8aa29731-e589-4da1-b45a-3393e5374e51","D16","MCRA","MCRA.AOS.reach","2019-07-31T16:57Z","2020-02-07","MCRA.20190731.SURBER.2","A00000060865",,"PERSP2","Y","Perlodidae sp.",,"family","Arthropoda","Hexapoda","Insecta","Pterygota","Neoptera","Polyneoptera","Plecoptera","Systellognatha",,,"Perlodidae",,,,,"sp.",,"larva",2,,1,90,1,"Y","N","early instar","condition OK","Y",,"Stewart and Stark 2002; Merritt et al. 2019","N","Rhithron Associates, Inc.","R. Spring",,,
"e8e6aaaa-3016-4fb8-8804-427679325677","D16","MCRA","MCRA.AOS.reach","2019-07-31T16:57Z","2020-02-04","MCRA.20190731.SURBER.3","A00000060866",,"THIGRO","Y","Thienemannimyia gr.",,"speciesGroup","Arthropoda","Hexapoda","Insecta","Pterygota","Neoptera","Holometabola","Diptera","Nematocera","Culicomorpha",,"Chironomidae","Tanypodinae","Pentaneurini",,"Thienemannimyia","gr.",,"larva",1,,1,67,1,"Y","N","early instar","condition OK","Y",,"Weiderholm, 1983; Weiderholm, 1986; Epler 2001; Ferrington et al. 2008; Andersen, Cranston and Epler 2017","N","Rhithron Associates, Inc.","A. Fasbender",,,
"e9d44256-97be-49d0-868c-f05960f3705f","D16","MCRA","MCRA.AOS.reach","2019-07-31T16:57Z","2020-02-04","MCRA.20190731.SURBER.1","A00000060864",,"BRISP","Y","Brillia sp.",,"genus","Arthropoda","Hexapoda","Insecta","Pterygota","Neoptera","Holometabola","Diptera","Nematocera","Culicomorpha",,"Chironomidae","Orthocladiinae",,,"Brillia","sp.",,"larva",3,,1,100,1,"N","N",,"condition OK","Y",,"Weiderholm, 1983; Weiderholm, 1986; Epler 2001; Ferrington et al. 2019; Andersen, Cranston and Epler 2013","N","Rhithron Associates, Inc.","B. Hayford",,,
"469a5388-b12f-4c06-bd0c-2289ac1b670a","D16","MCRA","MCRA.AOS.reach","2019-07-31T16:57Z","2020-02-04","MCRA.20190731.SURBER.1","A00000060864",,"CRISP2","Y","Cricotopus sp.",,"genus","Arthropoda","Hexapoda","Insecta","Pterygota","Neoptera","Holometabola","Diptera","Nematocera","Culicomorpha",,"Chironomidae","Orthocladiinae",,,"Cricotopus","sp.",,"larva",2,,1,100,1,"N","N",,"condition OK","Y",,"Weiderholm, 1983; Weiderholm, 1986; Epler 2001; Ferrington et al. 2019; Andersen, Cranston and Epler 2013","N","Rhithron Associates, Inc.","B. Hayford",,,
"cda76a84-6455-4648-b548-afac5fa9f6c6","D16","MCRA","MCRA.AOS.reach","2019-07-31T16:57Z","2020-02-07","MCRA.20190731.SURBER.2","A00000060865",,"SWESP","Y","Sweltsa sp.",,"genus","Arthropoda","Hexapoda","Insecta","Pterygota","Neoptera","Polyneoptera","Plecoptera","Systellognatha",,,"Chloroperlidae","Chloroperlinae",,,"Sweltsa","sp.",,"larva",3,,2,90,2,"N","N",,"condition OK","Y",,"Stewart and Stark 2002; Merritt et al. 2019","N","Rhithron Associates, Inc.","R. Spring",,,
"495bb1a5-ff00-4e78-9028-62ce6500e9e1","D16","MCRA","MCRA.AOS.reach","2019-07-31T16:57Z","2020-02-04","MCRA.20190731.SURBER.7","A00000060872",,"RHESP2","Y","Rheotanytarsus sp.",,"genus","Arthropoda","Hexapoda","Insecta","Pterygota","Neoptera","Holometabola","Diptera","Nematocera","Culicomorpha",,"Chironomidae","Chironominae","Tanytarsini",,"Rheotanytarsus","sp.",,"pupa",3,,1,100,1,"N","N",,"condition OK","N",,"Weiderholm, 1983; Weiderholm, 1986; Epler 2001; Ferrington et al. 2019; Andersen, Cranston and Epler 2013","N","Rhithron Associates, Inc.","A. Fasbender",,,
"74bc9a5f-ea44-423a-9cdc-c8073900e6b8","D16","MCRA","MCRA.AOS.reach","2019-07-31T16:57Z","2020-02-04","MCRA.20190731.SURBER.6","A00000060871",,"MICSP6","Y","Micropsectra sp.",,"genus","Arthropoda","Hexapoda","Insecta","Pterygota","Neoptera","Holometabola","Diptera","Nematocera","Culicomorpha",,"Chironomidae","Chironominae","Tanytarsini",,"Micropsectra","sp.",,"larva",4,,1,100,1,"N","N",,"condition OK","Y",,"Weiderholm, 1983; Weiderholm, 1986; Epler 2001; Ferrington et al. 2019; Andersen, Cranston and Epler 2013","N","Rhithron Associates, Inc.","A. Fasbender",,,
"067ff089-a5b4-4ac3-ab70-8d0c0d00e85b","D16","MCRA","MCRA.AOS.reach","2019-07-31T16:57Z","2020-02-04","MCRA.20190731.SURBER.2","A00000060865",,"BRISP","Y","Brillia sp.",,"genus","Arthropoda","Hexapoda","Insecta","Pterygota","Neoptera","Holometabola","Diptera","Nematocera","Culicomorpha",,"Chironomidae","Orthocladiinae",,,"Brillia","sp.",,"larva",1,,1,90,1,"N","N",,"condition OK","Y",,"Weiderholm, 1983; Weiderholm, 1986; Epler 2001; Ferrington et al. 2019; Andersen, Cranston and Epler 2013","N","Rhithron Associates, Inc.","B. Hayford",,,
"ab151862-2037-4a0c-8538-b4db93fe1127","D16","MCRA","MCRA.AOS.reach","2019-07-31T16:57Z","2020-02-04","MCRA.20190731.SURBER.1","A00000060864",,"RHESP1","Y","Rheocricotopus sp.",,"genus","Arthropoda","Hexapoda","Insecta","Pterygota","Neoptera","Holometabola","Diptera","Nematocera","Culicomorpha",,"Chironomidae","Orthocladiinae",,,"Rheocricotopus","sp.",,"larva",2,,1,100,1,"N","N",,"condition OK","Y",,"Weiderholm, 1983; Weiderholm, 1986; Epler 2001; Ferrington et al. 2019; Andersen, Cranston and Epler 2013","N","Rhithron Associates, Inc.","B. Hayford",,,
"0538b549-3adb-489f-9daf-14589d33a8a0","D16","MCRA","MCRA.AOS.reach","2019-07-31T16:57Z","2020-02-06","MCRA.20190731.SURBER.8","A00000060855",,"ATUSP1","Y","Aturus sp.",,"genus","Arthropoda","Chelicerata","Arachnida","Acari",,"Acariformes","Trombidiformes","Prostigmata",,"Hygrobatoidea","Aturidae",,,,"Aturus","sp.",,"adult",1,,1,100,1,"N","N",,"condition OK","Y",,"Thorp and Rogers 2016","N","Rhithron Associates, Inc.","R. Spring",,,
"6f90f326-d4cc-4420-a556-47da4871aeb5","D16","MCRA","MCRA.AOS.reach","2019-07-31T16:57Z","2020-02-06","MCRA.20190731.SURBER.6","A00000060871",,"RHYBET","Y","Rhyacophila betteni gr.",,"speciesGroup","Arthropoda","Hexapoda","Insecta","Pterygota","Neoptera","Holometabola","Trichoptera",,,"Rhyacophiloidea","Rhyacophilidae",,,,"Rhyacophila","betteni gr.",,"larva",3,,2,100,2,"N","N",,"condition OK","Y",,"Prather and Morris 2001; Morse et al. 2017; Giersch et al. 2012","N","Rhithron Associates, Inc.","R. Spring","Reference Collection(1)",,
"75fe7c74-cd43-47cc-a700-38edacb845a3","D16","MCRA","MCRA.AOS.reach","2019-07-31T16:57Z","2020-02-07","MCRA.20190731.SURBER.3","A00000060866",,"HETCOR","Y","Heterlimnius corpulentus",,"species","Arthropoda","Hexapoda","Insecta","Pterygota","Neoptera","Holometabola","Coleoptera","Polyphaga","Elateriformia","Byrrhoidea","Elmidae","Elminae","Elmini",,"Heterlimnius","corpulentus",,"larva",4,,1,67,1,"N","N",,"condition OK","Y",,"Brown 1972; Merritt et al. 2019; Kamite, 2009","N","Rhithron Associates, Inc.","R. Spring",,,
"f2a869e7-31b8-4cdd-a349-7642cef0b50a","D16","MCRA","MCRA.AOS.reach","2019-07-31T16:57Z","2020-02-06","MCRA.20190731.SURBER.8","A00000060855",,"AMESP2","Y","Ameletus sp.",,"genus","Arthropoda","Hexapoda","Insecta","Pterygota","Palaeoptera",,"Ephemeroptera","Pisciforma",,,"Ameletidae",,,,"Ameletus","sp.",,"larva",2,,2,100,2,"N","N",,"condition OK","Y",,"Merritt et al. 2019","N","Rhithron Associates, Inc.","R. Spring",,,
"57d3d30d-0f77-48db-ae03-49f3274a11dc","D16","MCRA","MCRA.AOS.reach","2019-07-31T16:57Z","2020-02-04","MCRA.20190731.SURBER.2","A00000060865",,"EUKCLA","Y","Eukiefferiella claripennis gr.",,"speciesGroup","Arthropoda","Hexapoda","Insecta","Pterygota","Neoptera","Holometabola","Diptera","Nematocera","Culicomorpha",,"Chironomidae","Orthocladiinae",,,"Eukiefferiella","claripennis gr.",,"larva",2,,2,90,2,"N","N",,"condition OK","Y",,"Weiderholm, 1983; Bode, 1983; Weiderholm, 1986; Epler 2001; Ferrington et al. 2019; Andersen, Cranston and Epler 2013","N","Rhithron Associates, Inc.","B. Hayford",,,
"a1f3b80d-f24b-4775-8016-a83fb19426fc","D16","MCRA","MCRA.AOS.reach","2019-07-31T16:57Z","2020-02-06","MCRA.20190731.SURBER.6","A00000060871",,"LEBSP1","Y","Lebertia sp.",,"genus","Arthropoda","Chelicerata","Arachnida","Acari",,"Acariformes","Trombidiformes","Prostigmata",,"Lebertioidea","Lebertiidae",,,,"Lebertia","sp.",,"adult",1,,1,100,1,"N","N",,"condition OK","Y",,"Thorp and Rogers 2016","N","Rhithron Associates, Inc.","R. Spring",,,
"ddc7fb29-10ab-44d7-907e-d910273fe1a6","D16","MCRA","MCRA.AOS.reach","2019-07-31T16:57Z","2020-02-06","MCRA.20190731.SURBER.6","A00000060871",,"AMESP2","Y","Ameletus sp.",,"genus","Arthropoda","Hexapoda","Insecta","Pterygota","Palaeoptera",,"Ephemeroptera","Pisciforma",,,"Ameletidae",,,,"Ameletus","sp.",,"larva",1,,1,100,1,"N","N",,"condition OK","Y",,"Merritt et al. 2019","N","Rhithron Associates, Inc.","R. Spring",,,
"916d21ac-8ee6-40ea-9fa6-bc8f6296cbd3","D16","MCRA","MCRA.AOS.reach","2019-07-31T16:57Z","2020-02-07","MCRA.20190731.SURBER.3","A00000060866",,"THRSP6","Y","Thremmatidae sp.",,"family","Arthropoda",,"Insecta",,,,"Trichoptera",,,,"Thremmatidae sp.",,,,,"sp.",,"larva",1,,2,67,3,"Y","N","early instar","condition OK","Y",,"Merritt et al. 2019","N","Rhithron Associates, Inc.","R. Spring",,,
"2818f47f-4c8e-42a6-8e43-fad264b5f5b0","D16","MCRA","MCRA.AOS.reach","2019-07-31T16:57Z","2020-02-07","MCRA.20190731.SURBER.1","A00000060864",,"ATRSP3","Y","Atractides sp.",,"genus","Arthropoda","Chelicerata","Arachnida","Acari",,"Acariformes","Trombidiformes","Prostigmata",,"Hygrobatoidea","Hygrobatidae",,,,"Atractides","sp.",,"adult",1,,3,100,3,"N","N",,"condition OK","Y",,"Thorp and Rogers 2016","N","Rhithron Associates, Inc.","R. Spring",,,
"0fa45357-5817-4c2c-8921-ba23d02f5982","D16","MCRA","MCRA.AOS.reach","2019-07-31T16:57Z","2020-02-06","MCRA.20190731.SURBER.5","A00000060868",,"NEOSP69","Y","Neoleptophlebia sp.",,"genus","Arthropoda","Hexapoda","Insecta","Pterygota","Palaeoptera",,"Ephemeroptera","Furcatergalia","Lanceolata",,"Leptophlebiidae",,,,"Neoleptophlebia","sp.",,"larva",2,,5,100,5,"N","N",,"condition OK","Y",,"Merritt et al. 2019; Tiunova and Kluge 2016","N","Rhithron Associates, Inc.","R. Spring",,,
"8d8db731-af61-4bc3-9452-58f415e3fa77","D16","MCRA","MCRA.AOS.reach","2019-07-31T16:57Z","2020-02-07","MCRA.20190731.SURBER.3","A00000060866",,"RHYBET","Y","Rhyacophila betteni gr.",,"speciesGroup","Arthropoda","Hexapoda","Insecta","Pterygota","Neoptera","Holometabola","Trichoptera",,,"Rhyacophiloidea","Rhyacophilidae",,,,"Rhyacophila","betteni gr.",,"larva",4,,1,67,1,"N","N",,"condition OK","Y",,"Prather and Morris 2001; Morse et al. 2017; Giersch et al. 2012","N","Rhithron Associates, Inc.","R. Spring",,,
"da571c58-7c74-4ac2-a681-cfdd55fcabb5","D16","MCRA","MCRA.AOS.reach","2019-07-31T16:57Z","2020-02-06","MCRA.20190731.SURBER.4","A00000060867",,"CAUSP3","Y","Caudatella sp.",,"genus","Arthropoda","Hexapoda","Insecta","Pterygota","Palaeoptera",,"Ephemeroptera","Furcatergalia","Pannota","Ephemerelloidea","Ephemerellidae",,,,"Caudatella","sp.",,"larva",2,,10,100,10,"Y","N","early instar","condition OK","Y",,"Merritt et al. 2019","Y","Rhithron Associates, Inc.","R. Spring",,,
"dd668286-59b7-452b-ac80-aa9983d426d5","D16","MCRA","MCRA.AOS.reach","2019-07-31T16:57Z","2020-02-06","MCRA.20190731.SURBER.5","A00000060868",,"EPHSP4","Y","Ephemerella sp.",,"genus","Arthropoda","Hexapoda","Insecta","Pterygota","Palaeoptera",,"Ephemeroptera","Furcatergalia","Pannota","Ephemerelloidea","Ephemerellidae",,,,"Ephemerella","sp.",,"larva",2,,1,100,1,"Y","N","early instar","condition OK","Y",,"Allen and Edmunds 1965; Merritt et al. 2019","N","Rhithron Associates, Inc.","R. Spring",,,
"bb55bacf-e28e-459b-91d7-932ccdbe8427","D16","MCRA","MCRA.AOS.reach","2019-07-31T16:57Z","2020-02-04","MCRA.20190731.SURBER.1","A00000060864",,"PARSP29","Y","Parorthocladius sp.",,"genus","Arthropoda","Hexapoda","Insecta","Pterygota","Neoptera","Holometabola","Diptera","Nematocera","Culicomorpha",,"Chironomidae","Orthocladiinae",,,"Parorthocladius","sp.",,"pupa",2,,1,100,1,"N","N",,"condition OK","N",,"Weiderholm, 1983; Weiderholm, 1986; Epler 2001; Ferrington et al. 2019; Andersen, Cranston and Epler 2013","N","Rhithron Associates, Inc.","B. Hayford",,,
"dd659267-ee38-48e4-b5cd-879321db1dd7","D16","MCRA","MCRA.AOS.reach","2019-07-31T16:57Z","2020-02-07","MCRA.20190731.SURBER.1","A00000060864",,"HETCOR","Y","Heterlimnius corpulentus",,"species","Arthropoda","Hexapoda","Insecta","Pterygota","Neoptera","Holometabola","Coleoptera","Polyphaga","Elateriformia","Byrrhoidea","Elmidae","Elminae","Elmini",,"Heterlimnius","corpulentus",,"larva",2,,4,100,4,"N","N",,"condition OK","Y",,"Brown 1972; Merritt et al. 2019; Kamite, 2009","N","Rhithron Associates, Inc.","R. Spring",,,
"92e835e8-c576-40c0-868e-1b8c0dd6b66f","D16","MCRA","MCRA.AOS.reach","2019-07-31T16:57Z","2020-02-07","MCRA.20190731.SURBER.1","A00000060864",,"BAEPIS1","Y","Baetis piscatoris cx.",,"speciesGroup","Arthropoda","Hexapoda","Insecta","Pterygota","Palaeoptera",,"Ephemeroptera",,,,"Baetidae",,,,"Baetis","piscatoris cx.",,"larva",3,,13,100,13,"N","N",,"condition OK","Y",,"Morihara and McCafferty 1979; Wiersema, 2004; Webb et al. 2018","N","Rhithron Associates, Inc.","R. Spring",,"e91f3960-bac8-4bc8-b52d-85fa02d5c8e3",
"75c5e859-8afd-4ffd-b506-8d290c248261","D16","MCRA","MCRA.AOS.reach","2019-07-31T16:57Z","2020-02-04","MCRA.20190731.SURBER.7","A00000060872",,"THISP2","Y","Thienemanniella sp.",,"genus","Arthropoda","Hexapoda","Insecta","Pterygota","Neoptera","Holometabola","Diptera","Nematocera","Culicomorpha",,"Chironomidae","Orthocladiinae",,,"Thienemanniella","sp.",,"larva",1,,2,100,2,"N","N",,"condition OK","Y",,"Weiderholm, 1983; Weiderholm, 1986; Epler 2001; Ferrington et al. 2019; Andersen, Cranston and Epler 2013","N","Rhithron Associates, Inc.","A. Fasbender",,,
"9017dc1e-653c-42ab-a1b6-35dbd380683e","D16","MCRA","MCRA.AOS.reach","2019-07-31T16:57Z","2020-02-04","MCRA.20190731.SURBER.8","A00000060855",,"TVESP","Y","Tvetenia sp.",,"genus","Arthropoda","Hexapoda","Insecta","Pterygota","Neoptera","Holometabola","Diptera","Nematocera","Culicomorpha",,"Chironomidae","Orthocladiinae",,,"Tvetenia","sp.",,"larva",1,,2,100,2,"N","N",,"condition OK","Y",,"Weiderholm, 1983; Weiderholm, 1986; Epler 2001; Ferrington et al. 2019; Andersen, Cranston and Epler 2013","N","Rhithron Associates, Inc.","A. Fasbender",,,
"07a7aa5f-7bbd-47d7-8152-26bd3e6db2aa","D16","MCRA","MCRA.AOS.reach","2019-07-31T16:57Z","2020-02-04","MCRA.20190731.SURBER.4","A00000060867",,"CRISP6","Y","Cricotopus/Orthocladius sp.",,"speciesGroup","Arthropoda","Hexapoda","Insecta","Pterygota","Neoptera","Holometabola","Diptera","Nematocera","Culicomorpha",,"Chironomidae","Orthocladiinae",,,"Cricotopus/Orthocladius","sp.",,"larva",4,,1,100,1,"Y","N","early instar","condition OK","Y",,"Weiderholm, 1983; Weiderholm, 1986; Epler 2001; Ferrington et al. 2008; Andersen, Cranston and Epler 2013","Y","Rhithron Associates, Inc.","A. Fasbender",,,
"ed7beabd-bbdf-46fe-8a3d-07cb4142072c","D16","MCRA","MCRA.AOS.reach","2019-07-31T16:57Z","2020-02-04","MCRA.20190731.SURBER.1","A00000060864",,"PARSP29","Y","Parorthocladius sp.",,"genus","Arthropoda","Hexapoda","Insecta","Pterygota","Neoptera","Holometabola","Diptera","Nematocera","Culicomorpha",,"Chironomidae","Orthocladiinae",,,"Parorthocladius","sp.",,"larva",2,,2,100,2,"N","N",,"condition OK","Y",,"Weiderholm, 1983; Weiderholm, 1986; Epler 2001; Ferrington et al. 2019; Andersen, Cranston and Epler 2013","N","Rhithron Associates, Inc.","B. Hayford",,,
"3d380e43-eb10-4cdf-b3a7-41f9e30c39cf","D16","MCRA","MCRA.AOS.reach","2019-07-31T16:57Z","2020-02-06","MCRA.20190731.SURBER.7","A00000060872",,"BAEPIS1","Y","Baetis piscatoris cx.",,"speciesGroup","Arthropoda","Hexapoda","Insecta","Pterygota","Palaeoptera",,"Ephemeroptera",,,,"Baetidae",,,,"Baetis","piscatoris cx.",,"larva",3,,8,100,8,"N","N",,"condition OK","Y",,"Morihara and McCafferty 1979; Wiersema, 2004; Webb et al. 2018","N","Rhithron Associates, Inc.","R. Spring",,"d18c1367-aeb3-435d-a23e-9722a921c484",
"5dc82e08-13aa-4ef6-b865-cfd3f89afb02","D16","MCRA","MCRA.AOS.reach","2019-07-31T16:57Z","2020-02-04","MCRA.20190731.SURBER.1","A00000060864",,"TVESP","Y","Tvetenia sp.",,"genus","Arthropoda","Hexapoda","Insecta","Pterygota","Neoptera","Holometabola","Diptera","Nematocera","Culicomorpha",,"Chironomidae","Orthocladiinae",,,"Tvetenia","sp.",,"larva",1,,1,100,1,"N","N",,"condition OK","Y",,"Weiderholm, 1983; Weiderholm, 1986; Epler 2001; Ferrington et al. 2019; Andersen, Cranston and Epler 2013","N","Rhithron Associates, Inc.","B. Hayford",,,
"df3e16b1-3414-44c2-bb22-7efaf2135b15","D16","MCRA","MCRA.AOS.reach","2019-07-31T16:57Z","2020-02-06","MCRA.20190731.SURBER.6","A00000060871",,"AMPDIS","Y","Ampumixis dispar",,"species","Arthropoda","Hexapoda","Insecta","Pterygota","Neoptera","Holometabola","Coleoptera","Polyphaga","Elateriformia","Byrrhoidea","Elmidae","Elminae","Elmini",,"Ampumixis","dispar",,"larva",1,,1,100,1,"N","N",,"condition OK","Y",,"Brown, 1972; Merritt et al. 2019","N","Rhithron Associates, Inc.","R. Spring","Reference Collection(1)",,
"f4e2e3a2-b867-4ca5-91b6-b8b6d5a77c71","D16","MCRA","MCRA.AOS.reach","2019-07-31T16:57Z","2020-02-07","MCRA.20190731.SURBER.2","A00000060865",,"TRISP","Y","Trichoptera sp.",,"order","Arthropoda","Hexapoda","Insecta","Pterygota","Neoptera","Holometabola","Trichoptera",,,,,,,,,"sp.",,"larva",1,,31,90,34,"Y","N","early instar","condition OK","N",,"Merritt et al. 2019; Wiggins 1996","N","Rhithron Associates, Inc.","R. Spring",,,
"891b6d25-44f5-4ad9-b40d-7ae42c8fb08d","D16","MCRA","MCRA.AOS.reach","2019-07-31T16:57Z","2020-02-06","MCRA.20190731.SURBER.4","A00000060867",,"DRUSP","Y","Drunella sp.",,"genus","Arthropoda","Hexapoda","Insecta","Pterygota","Palaeoptera",,"Ephemeroptera","Furcatergalia","Pannota","Ephemerelloidea","Ephemerellidae",,,,"Drunella","sp.",,"larva",1,,2,100,2,"Y","N","early instar","condition OK","Y",,"Merritt et al. 2019","Y","Rhithron Associates, Inc.","R. Spring","grandis gr.",,
"03859c46-2878-4d2a-a3bf-f7c2dd472c73","D16","MCRA","MCRA.AOS.reach","2019-07-31T16:57Z","2020-02-04","MCRA.20190731.SURBER.1","A00000060864",,"SYNSP3","Y","Synorthocladius sp.",,"genus","Arthropoda","Hexapoda","Insecta","Pterygota","Neoptera","Holometabola","Diptera","Nematocera","Culicomorpha",,"Chironomidae","Orthocladiinae",,,"Synorthocladius","sp.",,"larva",2,,1,100,1,"N","N",,"condition OK","Y",,"Weiderholm, 1983; Weiderholm, 1986; Epler 2001; Ferrington et al. 2019; Andersen, Cranston and Epler 2013","N","Rhithron Associates, Inc.","B. Hayford",,,
"c31a9dd0-f50c-4713-8bc1-e97376b55185","D16","MCRA","MCRA.AOS.reach","2019-07-31T16:57Z","2020-02-07","MCRA.20190731.SURBER.1","A00000060864",,"RHYHYA","Y","Rhyacophila hyalinata gr.",,"speciesGroup","Arthropoda","Hexapoda","Insecta","Pterygota","Neoptera","Holometabola","Trichoptera",,,"Rhyacophiloidea","Rhyacophilidae",,,,"Rhyacophila","hyalinata gr.",,"larva",5,,1,100,1,"N","N",,"condition OK","Y",,"Prather and Morris 2001; Morse et al. 2017; Giersch et al. 2012","N","Rhithron Associates, Inc.","R. Spring","Reference Collection(1)",,
"99938d21-77bc-48c7-a51e-e131361a21cd","D16","MCRA","MCRA.AOS.reach","2019-07-31T16:57Z","2020-02-04","MCRA.20190731.SURBER.1","A00000060864",,"TVESP","Y","Tvetenia sp.",,"genus","Arthropoda","Hexapoda","Insecta","Pterygota","Neoptera","Holometabola","Diptera","Nematocera","Culicomorpha",,"Chironomidae","Orthocladiinae",,,"Tvetenia","sp.",,"larva",3,,2,100,2,"N","N",,"condition OK","Y",,"Weiderholm, 1983; Weiderholm, 1986; Epler 2001; Ferrington et al. 2019; Andersen, Cranston and Epler 2013","N","Rhithron Associates, Inc.","B. Hayford",,,
"32156792-6bc8-45e3-aed4-34390fa374d3","D16","MCRA","MCRA.AOS.reach","2019-07-31T16:57Z","2020-02-07","MCRA.20190731.SURBER.2","A00000060865",,"PERSP1","Y","Perlidae sp.",,"family","Arthropoda","Hexapoda","Insecta","Pterygota","Neoptera","Polyneoptera","Plecoptera","Systellognatha",,,"Perlidae",,,,,"sp.",,"larva",2,,5,90,6,"Y","N","early instar","condition OK","Y",,"Stewart and Stark 2002; Merritt et al. 2019","N","Rhithron Associates, Inc.","R. Spring",,,
"9d9b5681-866a-44df-a990-c543bdeaf17f","D16","MCRA","MCRA.AOS.reach","2019-07-31T16:57Z","2020-02-06","MCRA.20190731.SURBER.4","A00000060867",,"MICSP3","Y","Micrasema sp.",,"genus","Arthropoda","Hexapoda","Insecta","Pterygota","Neoptera","Holometabola","Trichoptera",,,"Limnephiloidea","Brachycentridae",,,,"Micrasema","sp.",,"larva",2,,28,100,28,"N","N",,"condition OK","Y",,"Wiggins 1996; Merritt et al. 2019","Y","Rhithron Associates, Inc.","R. Spring",,,
"3df1cc8d-defd-4bd1-a150-48b2963e9e65","D16","MCRA","MCRA.AOS.reach","2019-07-31T16:57Z","2020-02-06","MCRA.20190731.SURBER.5","A00000060868",,"ATUSP1","Y","Aturus sp.",,"genus","Arthropoda","Chelicerata","Arachnida","Acari",,"Acariformes","Trombidiformes","Prostigmata",,"Hygrobatoidea","Aturidae",,,,"Aturus","sp.",,"adult",1,,4,100,4,"N","N",,"condition OK","Y",,"Thorp and Rogers 2016","N","Rhithron Associates, Inc.","R. Spring",,,
"7ffe064d-149c-42d8-808f-711cff348ebb","D16","MCRA","MCRA.AOS.reach","2019-07-31T16:57Z","2020-02-06","MCRA.20190731.SURBER.4","A00000060867",,"SIMSP1","Y","Simulium sp.",,"genus","Arthropoda","Hexapoda","Insecta","Pterygota","Neoptera","Holometabola","Diptera","Nematocera","Culicomorpha",,"Simuliidae","Simuliinae","Simuliini",,"Simulium","sp.",,"larva",2,,1,100,1,"N","N",,"condition OK","Y",,"Adler et al. 2004; Merritt et al. 2019","Y","Rhithron Associates, Inc.","R. Spring",,,
"41c2403a-7f2b-4eb5-80b8-d21e19934848","D16","MCRA","MCRA.AOS.reach","2019-07-31T16:57Z","2020-02-06","MCRA.20190731.SURBER.6","A00000060871",,"RHISP4","Y","Rhithrogena sp.",,"genus","Arthropoda","Hexapoda","Insecta","Pterygota","Palaeoptera",,"Ephemeroptera","Pisciforma",,"Heptagenioidea","Heptageniidae",,,,"Rhithrogena","sp.",,"larva",3,,1,100,1,"N","N",,"condition OK","Y",,"Merritt et al. 2019","N","Rhithron Associates, Inc.","R. Spring",,,
"027d3308-5d70-4e0c-9fa5-79d43e4c804c","D16","MCRA","MCRA.AOS.reach","2019-07-31T16:57Z","2020-02-06","MCRA.20190731.SURBER.7","A00000060872",,"THASP1","Y","Thaumaleidae sp.",,"family","Arthropoda","Hexapoda","Insecta","Pterygota","Neoptera","Holometabola","Diptera","Nematocera","Culicomorpha",,"Thaumaleidae",,,,,"sp.",,"larva",1,,1,100,1,"N","N",,"condition OK","Y",,"Merritt et al. 2019","N","Rhithron Associates, Inc.","R. Spring","Reference Collection(1)",,
"64d78773-77c5-421f-928b-397e017068e4","D16","MCRA","MCRA.AOS.reach","2019-07-31T16:57Z","2020-02-04","MCRA.20190731.SURBER.1","A00000060864",,"LARSP","Y","Larsia sp.",,"genus","Arthropoda","Hexapoda","Insecta","Pterygota","Neoptera","Holometabola","Diptera","Nematocera","Culicomorpha",,"Chironomidae","Tanypodinae","Pentaneurini",,"Larsia","sp.",,"larva",4,,1,100,1,"N","N",,"condition OK","Y",,"Weiderholm, 1983; Weiderholm, 1986; Epler 2001; Ferrington et al. 2019; Andersen, Cranston and Epler 2013","N","Rhithron Associates, Inc.","B. Hayford",,,
"c9042a9f-daab-4f53-a197-7489306b6419","D16","MCRA","MCRA.AOS.reach","2019-07-31T16:57Z","2020-02-06","MCRA.20190731.SURBER.8","A00000060855",,"BAEPIS1","Y","Baetis piscatoris cx.",,"speciesGroup","Arthropoda","Hexapoda","Insecta","Pterygota","Palaeoptera",,"Ephemeroptera",,,,"Baetidae",,,,"Baetis","piscatoris cx.",,"larva",3,,2,100,2,"N","N",,"condition OK","Y",,"Morihara and McCafferty 1979; Wiersema, 2004; Webb et al. 2018","N","Rhithron Associates, Inc.","R. Spring",,"60bac1a8-75f7-45be-96df-c0a4f0e82410",
"fafc2b36-9ac5-4927-be06-d40fe5d0bd7b","D16","MCRA","MCRA.AOS.reach","2019-07-31T16:57Z","2020-02-06","MCRA.20190731.SURBER.4","A00000060867",,"YORSP","Y","Yoraperla sp.",,"genus","Arthropoda","Hexapoda","Insecta","Pterygota","Neoptera","Polyneoptera","Plecoptera","Systellognatha",,,"Peltoperlidae","Peltoperlinae",,,"Yoraperla","sp.",,"larva",2,,13,100,13,"N","N",,"condition OK","Y",,"Stewart and Stark 2002; Merritt et al. 2019","Y","Rhithron Associates, Inc.","R. Spring",,,
"bc9bfa41-d22b-46df-9859-d36664e21f0b","D16","MCRA","MCRA.AOS.reach","2019-07-31T16:57Z","2020-02-07","MCRA.20190731.SURBER.1","A00000060864",,"ACASP1","Y","Acari sp.",,"subclass","Arthropoda","Chelicerata","Arachnida","Acari",,,,,,,,,,,,"sp.",,"larva",1,,3,100,3,"N","N",,"condition OK","N",,"Thorp and Rogers 2016","N","Rhithron Associates, Inc.","R. Spring",,,
"b126ac5d-0f90-4409-b076-f7b228c722a3","D16","MCRA","MCRA.AOS.reach","2019-07-31T16:57Z","2020-02-07","MCRA.20190731.SURBER.3","A00000060866",,"APASP2","Y","Apatania sp.",,"genus","Arthropoda","Hexapoda","Insecta","Pterygota","Neoptera","Holometabola","Trichoptera",,,"Limnephiloidea","Apataniidae","Apataniinae","Apataniini",,"Apatania","sp.",,"larva",2,,3,67,4,"N","N",,"condition OK","Y",,"Wiggins 1996; Merritt et al. 2019","N","Rhithron Associates, Inc.","R. Spring",,,
"2d4bee4f-c224-4a4f-a281-98a81b2909a5","D16","MCRA","MCRA.AOS.reach","2019-07-31T16:57Z","2020-02-04","MCRA.20190731.SURBER.1","A00000060864",,"MICSP6","Y","Micropsectra sp.",,"genus","Arthropoda","Hexapoda","Insecta","Pterygota","Neoptera","Holometabola","Diptera","Nematocera","Culicomorpha",,"Chironomidae","Chironominae","Tanytarsini",,"Micropsectra","sp.",,"larva",4,,2,100,2,"N","N",,"condition OK","Y",,"Weiderholm, 1983; Weiderholm, 1986; Epler 2001; Ferrington et al. 2019; Andersen, Cranston and Epler 2013","N","Rhithron Associates, Inc.","B. Hayford",,,
"54e2d1fe-ddd7-4569-afce-eab6c522b687","D16","MCRA","MCRA.AOS.reach","2019-07-31T16:57Z","2020-02-07","MCRA.20190731.SURBER.2","A00000060865",,"RHYNAR","Y","Rhyacophila narvae",,"species","Arthropoda","Hexapoda","Insecta","Pterygota","Neoptera","Holometabola","Trichoptera",,,"Rhyacophiloidea","Rhyacophilidae",,,,"Rhyacophila","narvae",,"larva",4,,1,90,1,"N","N",,"condition OK","Y",,"Prather and Morris 2001; Morse et al. 2017; Giersch et al. 2012","N","Rhithron Associates, Inc.","R. Spring",,,
"b5c645ad-6fad-4745-a27e-7f8d4db8d334","D16","MCRA","MCRA.AOS.reach","2019-07-31T16:57Z","2020-02-04","MCRA.20190731.SURBER.1","A00000060864",,"THISP1","Y","Thienemannimyia sp.",,"genus","Arthropoda","Hexapoda","Insecta","Pterygota","Neoptera","Holometabola","Diptera","Nematocera","Culicomorpha",,"Chironomidae","Tanypodinae","Pentaneurini",,"Thienemannimyia","sp.",,"pupa",4,,1,100,1,"N","N",,"condition OK","Y",,"Anderson, Cranston and Epler, 2013","N","Rhithron Associates, Inc.","B. Hayford",,,
"7ab1a2a0-eb1a-472c-9047-1ef824d2c346","D16","MCRA","MCRA.AOS.reach","2019-07-31T16:57Z","2020-02-06","MCRA.20190731.SURBER.6","A00000060871",,"YORSP","Y","Yoraperla sp.",,"genus","Arthropoda","Hexapoda","Insecta","Pterygota","Neoptera","Polyneoptera","Plecoptera","Systellognatha",,,"Peltoperlidae","Peltoperlinae",,,"Yoraperla","sp.",,"larva",2,,1,100,1,"N","N",,"condition OK","Y",,"Stewart and Stark 2002; Merritt et al. 2019","N","Rhithron Associates, Inc.","R. Spring",,,
"1baf5054-df28-4a67-acc7-0d9e3663f555","D16","MCRA","MCRA.AOS.reach","2019-07-31T16:57Z","2020-02-07","MCRA.20190731.SURBER.1","A00000060864",,"CAUSP3","Y","Caudatella sp.",,"genus","Arthropoda","Hexapoda","Insecta","Pterygota","Palaeoptera",,"Ephemeroptera","Furcatergalia","Pannota","Ephemerelloidea","Ephemerellidae",,,,"Caudatella","sp.",,"larva",2,,3,100,3,"Y","N","early instar","condition OK","Y",,"Merritt et al. 2019","N","Rhithron Associates, Inc.","R. Spring",,,
"c0ce772a-f979-4517-8592-192ac3b09b4b","D16","MCRA","MCRA.AOS.reach","2019-07-31T16:57Z","2020-02-06","MCRA.20190731.SURBER.7","A00000060872",,"DIXSP1","Y","Dixa sp.",,"genus","Arthropoda","Hexapoda","Insecta","Pterygota","Neoptera","Holometabola","Diptera","Nematocera","Culicomorpha",,"Dixidae",,,,"Dixa","sp.",,"larva",3,,1,100,1,"N","N",,"condition OK","Y",,"Merritt et al. 2019","N","Rhithron Associates, Inc.","R. Spring",,,
"6badb1d0-3428-4f5d-bbac-4846a8622a84","D16","MCRA","MCRA.AOS.reach","2019-07-31T16:57Z","2020-02-06","MCRA.20190731.SURBER.8","A00000060855",,"BAESP2","Y","Baetis sp.",,"genus","Arthropoda","Hexapoda","Insecta","Pterygota","Palaeoptera",,"Ephemeroptera","Pisciforma",,,"Baetidae",,,,"Baetis","sp.",,"larva",2,,9,100,9,"Y","N","early instar","condition OK","N",,"Merritt et al. 2019","N","Rhithron Associates, Inc.","R. Spring",,,
"42802e12-8480-4cac-8764-2630460ab238","D16","MCRA","MCRA.AOS.reach","2019-07-31T16:57Z","2020-02-06","MCRA.20190731.SURBER.6","A00000060871",,"CHLSP","Y","Chloroperlidae sp.",,"family","Arthropoda","Hexapoda","Insecta","Pterygota","Neoptera","Polyneoptera","Plecoptera","Systellognatha",,,"Chloroperlidae",,,,,"sp.",,"larva",2,,4,100,4,"Y","N","early instar","condition OK","Y",,"Stewart and Stark 2002; Merritt et al. 2019","N","Rhithron Associates, Inc.","R. Spring",,,
"28af3faf-0da6-4135-829c-771cf836af1f","D16","MCRA","MCRA.AOS.reach","2019-07-31T16:57Z","2020-02-04","MCRA.20190731.SURBER.5","A00000060868",,"SYNSP3","Y","Synorthocladius sp.",,"genus","Arthropoda","Hexapoda","Insecta","Pterygota","Neoptera","Holometabola","Diptera","Nematocera","Culicomorpha",,"Chironomidae","Orthocladiinae",,,"Synorthocladius","sp.",,"larva",3,,1,100,1,"N","N",,"condition OK","Y",,"Weiderholm, 1983; Weiderholm, 1986; Epler 2001; Ferrington et al. 2019; Andersen, Cranston and Epler 2013","N","Rhithron Associates, Inc.","A. Fasbender",,,
"5ef5e529-ad1f-4560-b876-c2414204db59","D16","MCRA","MCRA.AOS.reach","2019-07-31T16:57Z","2020-02-06","MCRA.20190731.SURBER.7","A00000060872",,"RHISP4","Y","Rhithrogena sp.",,"genus","Arthropoda","Hexapoda","Insecta","Pterygota","Palaeoptera",,"Ephemeroptera","Pisciforma",,"Heptagenioidea","Heptageniidae",,,,"Rhithrogena","sp.",,"larva",2,,1,100,1,"N","N",,"condition OK","Y",,"Merritt et al. 2019","N","Rhithron Associates, Inc.","R. Spring",,,
"ebbb1329-f051-4d08-9da9-099c76253861","D16","MCRA","MCRA.AOS.reach","2019-07-31T16:57Z","2020-02-07","MCRA.20190731.SURBER.2","A00000060865",,"RHYSP3","Y","Rhyacophila sp.",,"genus","Arthropoda","Hexapoda","Insecta","Pterygota","Neoptera","Holometabola","Trichoptera",,,"Rhyacophiloidea","Rhyacophilidae",,,,"Rhyacophila","sp.",,"larva",1,,2,90,2,"Y","N","early instar","condition OK","N",,"Prather and Morris 2001; Morse et al. 2017; Giersch et al. 2012","N","Rhithron Associates, Inc.","R. Spring",,,
"7a7c1a7d-6171-4aa6-b5fc-b78c15086318","D16","MCRA","MCRA.AOS.reach","2019-07-31T16:57Z","2020-02-06","MCRA.20190731.SURBER.7","A00000060872",,"THASP1","Y","Thaumaleidae sp.",,"family","Arthropoda","Hexapoda","Insecta","Pterygota","Neoptera","Holometabola","Diptera","Nematocera","Culicomorpha",,"Thaumaleidae",,,,,"sp.",,"larva",3,,1,100,1,"N","N",,"condition OK","Y",,"Merritt et al. 2019","N","Rhithron Associates, Inc.","R. Spring","Reference Collection(1)",,
"47ec68d3-2863-462c-89b8-f29389c83e80","D16","MCRA","MCRA.AOS.reach","2019-07-31T16:57Z","2020-02-04","MCRA.20190731.SURBER.2","A00000060865",,"CRISP2","Y","Cricotopus sp.",,"genus","Arthropoda","Hexapoda","Insecta","Pterygota","Neoptera","Holometabola","Diptera","Nematocera","Culicomorpha",,"Chironomidae","Orthocladiinae",,,"Cricotopus","sp.",,"larva",2,,1,90,1,"N","N",,"condition OK","Y",,"Weiderholm, 1983; Weiderholm, 1986; Epler 2001; Ferrington et al. 2019; Andersen, Cranston and Epler 2013","N","Rhithron Associates, Inc.","B. Hayford",,,
"477e27c5-cbe2-40fd-93e0-7bb8da2acc6b","D16","MCRA","MCRA.AOS.reach","2019-07-31T16:57Z","2020-02-06","MCRA.20190731.SURBER.7","A00000060872",,"BAEPIS1","Y","Baetis piscatoris cx.",,"speciesGroup","Arthropoda","Hexapoda","Insecta","Pterygota","Palaeoptera",,"Ephemeroptera",,,,"Baetidae",,,,"Baetis","piscatoris cx.",,"larva",2,,5,100,5,"N","N",,"condition OK","Y",,"Morihara and McCafferty 1979; Wiersema, 2004; Webb et al. 2018","N","Rhithron Associates, Inc.","R. Spring",,"0a961308-a181-40b5-896b-29151782c38d",
"c775cd5b-ab68-46b4-bb5a-fe924c098422","D16","MCRA","MCRA.AOS.reach","2019-07-31T16:57Z","2020-02-07","MCRA.20190731.SURBER.1","A00000060864",,"ANTMON","Y","Antocha monticola",,"species","Arthropoda","Hexapoda","Insecta","Pterygota","Neoptera","Holometabola","Diptera","Nematocera","Tipulomorpha",,"Tipulidae","Limoniinae","Limoniini",,"Antocha","monticola",,"larva",6,,1,100,1,"N","N",,"condition OK","Y",,"Gelhaus and Podeniene 2018; Merritt et al. 2019","N","Rhithron Associates, Inc.","R. Spring",,,
"4e6bb424-efd3-4c01-9048-f68102f50dae","D16","MCRA","MCRA.AOS.reach","2019-07-31T16:57Z","2020-02-06","MCRA.20190731.SURBER.7","A00000060872",,"LEPSP4","Y","Leptophlebiidae sp.",,"family","Arthropoda","Hexapoda","Insecta","Pterygota","Palaeoptera",,"Ephemeroptera","Furcatergalia","Lanceolata",,"Leptophlebiidae",,,,,"sp.",,"larva",1,,1,100,1,"Y","N","early instar","condition OK","Y",,"Merritt et al. 2019","N","Rhithron Associates, Inc.","R. Spring",,,
"8407a31b-c417-45d0-b028-d84d4140db04","D16","MCRA","MCRA.AOS.reach","2019-07-31T16:57Z","2020-02-06","MCRA.20190731.SURBER.8","A00000060855",,"DRUSP","Y","Drunella sp.",,"genus","Arthropoda","Hexapoda","Insecta","Pterygota","Palaeoptera",,"Ephemeroptera","Furcatergalia","Pannota","Ephemerelloidea","Ephemerellidae",,,,"Drunella","sp.",,"larva",1,,1,100,1,"Y","N","early instar","condition OK","Y",,"Merritt et al. 2019","N","Rhithron Associates, Inc.","R. Spring","grandis gr.",,
"b8131974-e1f5-4cda-b7f0-05124a011239","D16","MCRA","MCRA.AOS.reach","2019-07-31T16:57Z","2020-02-06","MCRA.20190731.SURBER.6","A00000060871",,"RHYBET","Y","Rhyacophila betteni gr.",,"speciesGroup","Arthropoda","Hexapoda","Insecta","Pterygota","Neoptera","Holometabola","Trichoptera",,,"Rhyacophiloidea","Rhyacophilidae",,,,"Rhyacophila","betteni gr.",,"larva",2,,1,100,1,"N","N",,"condition OK","Y",,"Prather and Morris 2001; Morse et al. 2017; Giersch et al. 2012","N","Rhithron Associates, Inc.","R. Spring","Reference Collection(1)",,
"f80343e1-3cd6-4ae5-acfc-e77eb602159c","D16","MCRA","MCRA.AOS.reach","2019-07-31T16:57Z","2020-02-04","MCRA.20190731.SURBER.6","A00000060871","BA19NEOMST13030O1","ENCSP1","Y","Enchytraeidae sp.",,"family","Annelida","Clitellata","Oligochaeta","Oligochaeta",,,"Enchytraeida",,,,"Enchytraeidae",,,,,"sp.",,"unknown",3,,2,100,2,"N","N",,"condition OK","Y",,"Kathman and Brinkhurst, 1999","N","Rhithron Associates, Inc.","A. Fasbender",,,
"9c62e103-4edb-42b2-8d99-ea97c6142868","D16","MCRA","MCRA.AOS.reach","2019-07-31T16:57Z","2020-02-07","MCRA.20190731.SURBER.1","A00000060864",,"PERSP1","Y","Perlidae sp.",,"family","Arthropoda","Hexapoda","Insecta","Pterygota","Neoptera","Polyneoptera","Plecoptera","Systellognatha",,,"Perlidae",,,,,"sp.",,"larva",3,,1,100,1,"Y","N","early instar","condition OK","Y",,"Stewart and Stark 2002; Merritt et al. 2019","N","Rhithron Associates, Inc.","R. Spring",,,
"236878c8-2f47-47c0-936b-cb54547ae016","D16","MCRA","MCRA.AOS.reach","2019-07-31T16:57Z","2020-02-04","MCRA.20190731.SURBER.5","A00000060868",,"CORSP19","Y","Corynoneura sp.",,"genus","Arthropoda","Hexapoda","Insecta","Pterygota","Neoptera","Holometabola","Diptera","Nematocera","Culicomorpha",,"Chironomidae","Orthocladiinae",,,"Corynoneura","sp.",,"larva",2,,2,100,2,"N","N",,"condition OK","Y",,"Weiderholm, 1983; Weiderholm, 1986; Epler 2001; Ferrington et al. 2019; Andersen, Cranston and Epler 2013","N","Rhithron Associates, Inc.","A. Fasbender",,,
"e0cb4b22-b1c1-4a2e-ae3c-64421ecc5b35","D16","MCRA","MCRA.AOS.reach","2019-07-31T16:57Z","2020-02-04","MCRA.20190731.SURBER.2","A00000060865",,"THIGRO","Y","Thienemannimyia gr.",,"speciesGroup","Arthropoda","Hexapoda","Insecta","Pterygota","Neoptera","Holometabola","Diptera","Nematocera","Culicomorpha",,"Chironomidae","Tanypodinae","Pentaneurini",,"Thienemannimyia","gr.",,"larva",3,,3,90,3,"Y","N","early instar","condition OK","Y",,"Weiderholm, 1983; Weiderholm, 1986; Epler 2001; Ferrington et al. 2008; Andersen, Cranston and Epler 2017","N","Rhithron Associates, Inc.","B. Hayford",,,
"2ce0dd16-f445-40e7-af56-bac712eead8c","D16","MCRA","MCRA.AOS.reach","2019-07-31T16:57Z","2020-02-06","MCRA.20190731.SURBER.6","A00000060871",,"TAESP","Y","Taeniopterygidae sp.",,"family","Arthropoda","Hexapoda","Insecta","Pterygota","Neoptera","Polyneoptera","Plecoptera","Euholognatha",,,"Taeniopterygidae",,,,,"sp.",,"larva",1,,1,100,1,"Y","N","early instar","condition OK","Y",,"Stewart and Stark 2002; Merritt et al. 2019","N","Rhithron Associates, Inc.","R. Spring",,,
"48cba20a-f861-48f0-b597-782f9cee8e7f","D16","MCRA","MCRA.AOS.reach","2019-07-31T16:57Z","2020-02-06","MCRA.20190731.SURBER.5","A00000060868",,"BAEPIS1","Y","Baetis piscatoris cx.",,"speciesGroup","Arthropoda","Hexapoda","Insecta","Pterygota","Palaeoptera",,"Ephemeroptera",,,,"Baetidae",,,,"Baetis","piscatoris cx.",,"larva",2,,7,100,7,"N","N",,"condition OK","Y",,"Morihara and McCafferty 1979; Wiersema, 2004; Webb et al. 2018","N","Rhithron Associates, Inc.","R. Spring",,"bb178aee-41fd-437f-b13c-b856175212bd",
"62d4d9f9-8f38-4ee0-814b-66a392ff801a","D16","MCRA","MCRA.AOS.reach","2019-07-31T16:57Z","2020-02-06","MCRA.20190731.SURBER.6","A00000060871",,"PERSP2","Y","Perlodidae sp.",,"family","Arthropoda","Hexapoda","Insecta","Pterygota","Neoptera","Polyneoptera","Plecoptera","Systellognatha",,,"Perlodidae",,,,,"sp.",,"larva",1,,2,100,2,"Y","N","early instar","condition OK","Y",,"Stewart and Stark 2002; Merritt et al. 2019","N","Rhithron Associates, Inc.","R. Spring",,,
"8c29054e-fba5-4e63-8d20-4e980b9b54ab","D16","MCRA","MCRA.AOS.reach","2019-07-31T16:57Z","2020-02-07","MCRA.20190731.SURBER.2","A00000060865",,"DRUSP","Y","Drunella sp.",,"genus","Arthropoda","Hexapoda","Insecta","Pterygota","Palaeoptera",,"Ephemeroptera","Furcatergalia","Pannota","Ephemerelloidea","Ephemerellidae",,,,"Drunella","sp.",,"larva",1,,1,90,1,"Y","N","early instar","condition OK","Y",,"Merritt et al. 2019","N","Rhithron Associates, Inc.","R. Spring","grandis gr.",,
"74275597-f1cd-4427-8098-2cdbba5f3008","D16","MCRA","MCRA.AOS.reach","2019-07-31T16:57Z","2020-02-06","MCRA.20190731.SURBER.6","A00000060871",,"ATRSP1","Y","Atrichopogon sp.",,"genus","Arthropoda","Hexapoda","Insecta","Pterygota","Neoptera","Holometabola","Diptera","Nematocera","Culicomorpha",,"Ceratopogonidae","Forcipomyiinae",,,"Atrichopogon","sp.",,"larva",1,,3,100,3,"N","N",,"condition OK","Y",,"Merritt et al. 2019","N","Rhithron Associates, Inc.","R. Spring","Reference Collection(1)",,
"bbc9f5f4-2ec0-4007-b542-ca4abe3ff5b4","D16","MCRA","MCRA.AOS.reach","2019-07-31T16:57Z","2020-02-06","MCRA.20190731.SURBER.6","A00000060871",,"GLOSP1","Y","Glossosomatidae sp.",,"family","Arthropoda","Hexapoda","Insecta","Pterygota","Neoptera","Holometabola","Trichoptera",,,"Glossosomatoidea","Glossosomatidae",,,,,"sp.",,"larva",1,,10,100,10,"Y","N","early instar","condition OK","Y",,"Merritt et al. 2019; Wiggins 1996","N","Rhithron Associates, Inc.","R. Spring",,,
"5ba02257-d527-492d-bb0f-d21befc31623","D16","MCRA","MCRA.AOS.reach","2019-07-31T16:57Z","2020-02-04","MCRA.20190731.SURBER.2","A00000060865","BA19NEOMST13026O1","ENCSP1","Y","Enchytraeidae sp.",,"family","Annelida","Clitellata","Oligochaeta","Oligochaeta",,,"Enchytraeida",,,,"Enchytraeidae",,,,,"sp.",,"unknown",3,,5,90,6,"N","N",,"condition OK","Y",,"Kathman and Brinkhurst, 1999","N","Rhithron Associates, Inc.","A. Fasbender",,,
"8316f95d-afa7-464e-b4c2-90d67106f5ed","D16","MCRA","MCRA.AOS.reach","2019-07-31T16:57Z","2020-02-06","MCRA.20190731.SURBER.5","A00000060868",,"DRUSP","Y","Drunella sp.",,"genus","Arthropoda","Hexapoda","Insecta","Pterygota","Palaeoptera",,"Ephemeroptera","Furcatergalia","Pannota","Ephemerelloidea","Ephemerellidae",,,,"Drunella","sp.",,"larva",1,,1,100,1,"Y","N","early instar","condition OK","Y",,"Merritt et al. 2019","N","Rhithron Associates, Inc.","R. Spring","grandis gr",,
"c279849b-3bd0-43dd-b003-f672649c3fd4","D16","MCRA","MCRA.AOS.reach","2019-07-31T16:57Z","2020-02-04","MCRA.20190731.SURBER.2","A00000060865","BA19NEOMST13026O1","ENCSP1","Y","Enchytraeidae sp.",,"family","Annelida","Clitellata","Oligochaeta","Oligochaeta",,,"Enchytraeida",,,,"Enchytraeidae",,,,,"sp.",,"unknown",2,,2,90,2,"N","N",,"condition OK","Y",,"Kathman and Brinkhurst, 1999","N","Rhithron Associates, Inc.","A. Fasbender",,,
"f7b1a462-6472-40a1-ba0a-c1c171e1cced","D16","MCRA","MCRA.AOS.reach","2019-07-31T16:57Z","2020-02-07","MCRA.20190731.SURBER.2","A00000060865",,"BAETRI2","Y","Baetis tricaudatus cx.",,"speciesGroup","Arthropoda","Hexapoda","Insecta","Pterygota","Palaeoptera",,"Ephemeroptera",,,,"Baetidae",,,,"Baetis","tricaudatus cx.",,"larva",2,,4,90,4,"N","N",,"condition OK","Y",,"Morihara and McCafferty 1979; Wiersema, 2004; Webb et al. 2018","N","Rhithron Associates, Inc.","R. Spring",,"5910b00a-b845-4d92-8b2d-8828f29c4be5",
"324119f7-66f3-498f-9cb1-0d61f7813e00","D16","MCRA","MCRA.AOS.reach","2019-07-31T16:57Z","2020-02-06","MCRA.20190731.SURBER.4","A00000060867",,"CAUSP3","Y","Caudatella sp.",,"genus","Arthropoda","Hexapoda","Insecta","Pterygota","Palaeoptera",,"Ephemeroptera","Furcatergalia","Pannota","Ephemerelloidea","Ephemerellidae",,,,"Caudatella","sp.",,"larva",1,,7,100,7,"Y","N","early instar","condition OK","Y",,"Merritt et al. 2019","Y","Rhithron Associates, Inc.","R. Spring",,,
"2469242c-b378-49b0-9ec9-21bdb07a24ae","D16","MCRA","MCRA.AOS.reach","2019-07-31T16:57Z","2020-02-06","MCRA.20190731.SURBER.5","A00000060868",,"TORSP6","Y","Torrenticola sp.",,"genus","Arthropoda","Chelicerata","Arachnida","Acari",,"Acariformes","Trombidiformes","Prostigmata",,"Lebertioidea","Torrenticolidae",,,,"Torrenticola","sp.",,"adult",1,,3,100,3,"N","N",,"condition OK","Y",,"Thorp and Rogers 2016","N","Rhithron Associates, Inc.","R. Spring",,,
"66c22c77-b6b3-438b-a6a4-8dac73fbf169","D16","MCRA","MCRA.AOS.reach","2019-07-31T16:57Z","2020-02-04","MCRA.20190731.SURBER.1","A00000060864",,"STESP10","Y","Stempellinella sp.",,"genus","Arthropoda","Hexapoda","Insecta","Pterygota","Neoptera","Holometabola","Diptera","Nematocera","Culicomorpha",,"Chironomidae","Chironominae","Tanytarsini",,"Stempellinella","sp.",,"larva",1,,13,100,13,"N","N",,"condition OK","Y",,"Weiderholm, 1983; Weiderholm, 1986; Epler 2001; Ferrington et al. 2019; Andersen, Cranston and Epler 2013","N","Rhithron Associates, Inc.","B. Hayford",,,
"d702fbb3-7d54-4e8e-b5db-78ac8a6bd4b8","D16","MCRA","MCRA.AOS.reach","2019-07-31T16:57Z","2020-02-06","MCRA.20190731.SURBER.8","A00000060855",,"HETCOR","Y","Heterlimnius corpulentus",,"species","Arthropoda","Hexapoda","Insecta","Pterygota","Neoptera","Holometabola","Coleoptera","Polyphaga","Elateriformia","Byrrhoidea","Elmidae","Elminae","Elmini",,"Heterlimnius","corpulentus",,"larva",3,,1,100,1,"N","N",,"condition OK","Y",,"Brown 1972; Merritt et al. 2019; Kamite, 2009","N","Rhithron Associates, Inc.","R. Spring",,,
"1000cca6-5bfb-4a18-b893-ce936b24d611","D16","MCRA","MCRA.AOS.reach","2019-07-31T16:57Z","2020-02-06","MCRA.20190731.SURBER.6","A00000060871",,"MONSP19","Y","Monatractides sp.",,"genus","Arthropoda","Chelicerata","Arachnida","Acari",,"Acariformes","Trombidiformes","Prostigmata",,"Lebertioidea","Torrenticolidae",,,,"Monatractides","sp.",,"adult",1,,1,100,1,"N","N",,"condition OK","Y",,"Thorp and Rogers 2016","N","Rhithron Associates, Inc.","R. Spring",,,
"5799a7ba-1465-4652-92d0-56fbfb7c1104","D16","MCRA","MCRA.AOS.reach","2019-07-31T16:57Z","2020-02-04","MCRA.20190731.SURBER.1","A00000060864",,"TANSP8","Y","Tanytarsini sp.",,"tribe","Arthropoda","Hexapoda","Insecta","Pterygota","Neoptera","Holometabola","Diptera","Nematocera","Culicomorpha",,"Chironomidae","Chironominae","Tanytarsini",,,"sp.",,"larva",1,,2,100,2,"Y","N","early instar","condition OK","N",,"Weiderholm, 1983; Weiderholm, 1986; Epler 2001; Ferrington et al. 2019; Andersen, Cranston and Epler 2013","N","Rhithron Associates, Inc.","B. Hayford",,,
"53621580-e496-42e5-9036-5c4bc7b56e30","D16","MCRA","MCRA.AOS.reach","2019-07-31T16:57Z","2020-02-04","MCRA.20190731.SURBER.1","A00000060864",,"CRISP6","Y","Cricotopus/Orthocladius sp.",,"speciesGroup","Arthropoda","Hexapoda","Insecta","Pterygota","Neoptera","Holometabola","Diptera","Nematocera","Culicomorpha",,"Chironomidae","Orthocladiinae",,,"Cricotopus/Orthocladius","sp.",,"larva",3,,1,100,1,"Y","N","early instar","condition OK","N",,"Weiderholm, 1983; Weiderholm, 1986; Epler 2001; Ferrington et al. 2008; Andersen, Cranston and Epler 2013","N","Rhithron Associates, Inc.","B. Hayford",,,
"97322aed-280c-48af-a4db-e7fe12dc7c32","D16","MCRA","MCRA.AOS.reach","2019-07-31T16:57Z","2020-02-07","MCRA.20190731.SURBER.1","A00000060864",,"AMESP2","Y","Ameletus sp.",,"genus","Arthropoda","Hexapoda","Insecta","Pterygota","Palaeoptera",,"Ephemeroptera","Pisciforma",,,"Ameletidae",,,,"Ameletus","sp.",,"larva",6,,1,100,1,"N","N",,"condition OK","Y",,"Merritt et al. 2019","N","Rhithron Associates, Inc.","R. Spring",,,
"b3169707-f0db-4d77-a5cd-cc0decfef38d","D16","MCRA","MCRA.AOS.reach","2019-07-31T16:57Z","2020-02-06","MCRA.20190731.SURBER.7","A00000060872",,"TAESP","Y","Taeniopterygidae sp.",,"family","Arthropoda","Hexapoda","Insecta","Pterygota","Neoptera","Polyneoptera","Plecoptera","Euholognatha",,,"Taeniopterygidae",,,,,"sp.",,"larva",1,,2,100,2,"Y","N","early instar","condition OK","Y",,"Stewart and Stark 2002; Merritt et al. 2019","N","Rhithron Associates, Inc.","R. Spring",,,
"7b91cb99-4c9e-4e97-bcf4-40e9afa25790","D16","MCRA","MCRA.AOS.reach","2019-07-31T16:57Z","2020-02-07","MCRA.20190731.SURBER.1","A00000060864",,"LEUSP2","Y","Leuctridae sp.",,"family","Arthropoda","Hexapoda","Insecta","Pterygota","Neoptera","Polyneoptera","Plecoptera","Euholognatha",,,"Leuctridae",,,,,"sp.",,"larva",6,,1,100,1,"N","N","damaged","damaged, affecting taxonomy and measurement","Y",,"Stewart and Stark 2002; Merritt et al. 2019","N","Rhithron Associates, Inc.","R. Spring",,,
"33d27289-9bf7-4d52-8471-a95f2114ed98","D16","MCRA","MCRA.AOS.reach","2019-07-31T16:57Z","2020-02-04","MCRA.20190731.SURBER.8","A00000060855",,"TANSP7","Y","Tanypodinae sp.",,"subfamily","Arthropoda","Hexapoda","Insecta","Pterygota","Neoptera","Holometabola","Diptera","Nematocera","Culicomorpha",,"Chironomidae","Tanypodinae",,,,"sp.",,"larva",1,,1,100,1,"Y","N","early instar","condition OK","Y",,"Weiderholm, 1983; Weiderholm, 1986; Epler 2001; Ferrington et al. 2019; Andersen, Cranston and Epler 2013","N","Rhithron Associates, Inc.","A. Fasbender",,,
"b2a500a7-6414-47f3-a3a4-f6423d27c98a","D16","MCRA","MCRA.AOS.reach","2019-07-31T16:57Z","2020-02-04","MCRA.20190731.SURBER.7","A00000060872",,"RHESP2","Y","Rheotanytarsus sp.",,"genus","Arthropoda","Hexapoda","Insecta","Pterygota","Neoptera","Holometabola","Diptera","Nematocera","Culicomorpha",,"Chironomidae","Chironominae","Tanytarsini",,"Rheotanytarsus","sp.",,"larva",3,,3,100,3,"N","N",,"condition OK","Y",,"Weiderholm, 1983; Weiderholm, 1986; Epler 2001; Ferrington et al. 2019; Andersen, Cranston and Epler 2013","N","Rhithron Associates, Inc.","A. Fasbender",,,
"4eb90dd9-9f9f-4d4f-8410-fc5a8d796f4c","D16","MCRA","MCRA.AOS.reach","2019-07-31T16:57Z","2020-02-07","MCRA.20190731.SURBER.1","A00000060864",,"LEPSP20","Y","Lepidostoma sp.",,"genus","Arthropoda","Hexapoda","Insecta","Pterygota","Neoptera","Holometabola","Trichoptera",,,"Limnephiloidea","Lepidostomatidae","Lepidostomatinae",,,"Lepidostoma","sp.",,"larva",1,,2,100,2,"N","N",,"condition OK","Y",,"Wiggins 1996; Merritt et al. 2019","N","Rhithron Associates, Inc.","R. Spring",,,
"dac4f035-4bd7-4199-9b13-6c1cdccb1bd5","D16","MCRA","MCRA.AOS.reach","2019-07-31T16:57Z","2020-02-07","MCRA.20190731.SURBER.2","A00000060865",,"MICSP3","Y","Micrasema sp.",,"genus","Arthropoda","Hexapoda","Insecta","Pterygota","Neoptera","Holometabola","Trichoptera",,,"Limnephiloidea","Brachycentridae",,,,"Micrasema","sp.",,"larva",1,,1,90,1,"N","N",,"condition OK","Y",,"Wiggins 1996; Merritt et al. 2019","N","Rhithron Associates, Inc.","R. Spring",,,
"a53e211e-68fd-4156-b54f-40f5daf61050","D16","MCRA","MCRA.AOS.reach","2019-07-31T16:57Z","2020-02-07","MCRA.20190731.SURBER.1","A00000060864",,"BAETRI2","Y","Baetis tricaudatus cx.",,"speciesGroup","Arthropoda","Hexapoda","Insecta","Pterygota","Palaeoptera",,"Ephemeroptera",,,,"Baetidae",,,,"Baetis","tricaudatus cx.",,"larva",2,,7,100,7,"N","N",,"condition OK","Y",,"Morihara and McCafferty 1979; Wiersema, 2004; Webb et al. 2018","N","Rhithron Associates, Inc.","R. Spring",,"e42bd4f1-0efd-4250-b764-1ce762ac463a",
"798828f2-09c4-4d40-921e-c1e061daadb2","D16","MCRA","MCRA.AOS.reach","2019-07-31T16:57Z","2020-02-06","MCRA.20190731.SURBER.8","A00000060855",,"TRISP","Y","Trichoptera sp.",,"order","Arthropoda","Hexapoda","Insecta","Pterygota","Neoptera","Holometabola","Trichoptera",,,,,,,,,"sp.",,"larva",1,,2,100,2,"Y","N","early instar","condition OK","N",,"Merritt et al. 2019; Wiggins 1996","N","Rhithron Associates, Inc.","R. Spring",,,
"bd458639-e1e8-4207-a77f-ddb1465f5e26","D16","MCRA","MCRA.AOS.reach","2019-07-31T16:57Z","2020-02-06","MCRA.20190731.SURBER.4","A00000060867",,"BAEPIS1","Y","Baetis piscatoris cx.",,"speciesGroup","Arthropoda","Hexapoda","Insecta","Pterygota","Palaeoptera",,"Ephemeroptera",,,,"Baetidae",,,,"Baetis","piscatoris cx.",,"larva",3,,3,100,3,"N","N",,"condition OK","Y",,"Morihara and McCafferty 1979; Wiersema, 2004; Webb et al. 2018","Y","Rhithron Associates, Inc.","R. Spring",,"3cd62698-eaf5-4125-aa53-27922f7e3033",
"3ac2a59a-8ee2-45bf-9b78-4462f879c6f3","D16","MCRA","MCRA.AOS.reach","2019-07-31T16:57Z","2020-02-06","MCRA.20190731.SURBER.8","A00000060855",,"ISOSP9","Y","Isoperla sp.",,"genus","Arthropoda","Hexapoda","Insecta","Pterygota","Neoptera","Polyneoptera","Plecoptera","Systellognatha",,,"Perlodidae","Isoperlinae",,,"Isoperla","sp.",,"larva",2,,1,100,1,"N","N",,"condition OK","Y",,"Stewart and Stark 2002; Merritt et al. 2019","N","Rhithron Associates, Inc.","R. Spring",,,
"6472059e-ed97-46a9-9006-4557c5e20f49","D16","MCRA","MCRA.AOS.reach","2019-07-31T16:57Z","2020-02-06","MCRA.20190731.SURBER.5","A00000060868",,"SIASP1","Y","Sialis sp.",,"genus","Arthropoda","Hexapoda","Insecta","Pterygota","Neoptera","Neuropterida","Megaloptera",,,,"Sialidae",,,,"Sialis","sp.",,"larva",1,,1,100,1,"N","N",,"condition OK","Y",,"Merritt et al. 2019","N","Rhithron Associates, Inc.","R. Spring",,,
"3df41009-30b7-49b9-8e17-5488f1049911","D16","MCRA","MCRA.AOS.reach","2019-07-31T16:57Z","2020-02-04","MCRA.20190731.SURBER.3","A00000060866",,"STESP10","Y","Stempellinella sp.",,"genus","Arthropoda","Hexapoda","Insecta","Pterygota","Neoptera","Holometabola","Diptera","Nematocera","Culicomorpha",,"Chironomidae","Chironominae","Tanytarsini",,"Stempellinella","sp.",,"larva",2,,2,67,3,"N","N",,"condition OK","Y",,"Weiderholm, 1983; Weiderholm, 1986; Epler 2001; Ferrington et al. 2019; Andersen, Cranston and Epler 2013","N","Rhithron Associates, Inc.","A. Fasbender",,,
"ef3cdc23-5b08-4880-b2db-3db0275349e4","D16","MCRA","MCRA.AOS.reach","2019-07-31T16:57Z","2020-02-07","MCRA.20190731.SURBER.3","A00000060866",,"TORSP6","Y","Torrenticola sp.",,"genus","Arthropoda","Chelicerata","Arachnida","Acari",,"Acariformes","Trombidiformes","Prostigmata",,"Lebertioidea","Torrenticolidae",,,,"Torrenticola","sp.",,"adult",1,,5,67,7,"N","N",,"condition OK","Y",,"Thorp and Rogers 2016","N","Rhithron Associates, Inc.","R. Spring",,,
"8864a501-bb62-435f-ac21-58b8b9f9f92d","D16","MCRA","MCRA.AOS.reach","2019-07-31T16:57Z","2020-02-06","MCRA.20190731.SURBER.6","A00000060871",,"YORSP","Y","Yoraperla sp.",,"genus","Arthropoda","Hexapoda","Insecta","Pterygota","Neoptera","Polyneoptera","Plecoptera","Systellognatha",,,"Peltoperlidae","Peltoperlinae",,,"Yoraperla","sp.",,"larva",1,,1,100,1,"N","N",,"condition OK","Y",,"Stewart and Stark 2002; Merritt et al. 2019","N","Rhithron Associates, Inc.","R. Spring",,,
"258ffff9-8f9e-4e86-af3c-d08d5dbe1652","D16","MCRA","MCRA.AOS.reach","2019-07-31T16:57Z","2020-02-07","MCRA.20190731.SURBER.3","A00000060866",,"GLOSP1","Y","Glossosomatidae sp.",,"family","Arthropoda","Hexapoda","Insecta","Pterygota","Neoptera","Holometabola","Trichoptera",,,"Glossosomatoidea","Glossosomatidae",,,,,"sp.",,"pupa",6,,1,67,1,"N","N",,"condition OK","N",,"Merritt et al. 2019; Wiggins 1996","N","Rhithron Associates, Inc.","R. Spring",,,
"aaf8bc54-4dd4-4d49-92c5-0d979dc2abe1","D16","MCRA","MCRA.AOS.reach","2019-07-31T16:57Z","2020-02-06","MCRA.20190731.SURBER.8","A00000060855",,"OSTSP","Y","Ostracoda sp.",,"class","Arthropoda","Crustacea","Ostracoda",,,,,,,,,,,,,"sp.",,"unknown",1,,1,100,1,"N","N",,"condition OK","Y",,"Thorp and Rogers 2016","N","Rhithron Associates, Inc.","R. Spring",,,
"9512e31d-5562-48ef-8abd-2fed8f597ed6","D16","MCRA","MCRA.AOS.reach","2019-07-31T16:57Z","2020-02-07","MCRA.20190731.SURBER.1","A00000060864",,"RHYSP3","Y","Rhyacophila sp.",,"genus","Arthropoda","Hexapoda","Insecta","Pterygota","Neoptera","Holometabola","Trichoptera",,,"Rhyacophiloidea","Rhyacophilidae",,,,"Rhyacophila","sp.",,"larva",2,,1,100,1,"Y","N","early instar","condition OK","Y",,"Prather and Morris 2001; Morse et al. 2017; Giersch et al. 2012","N","Rhithron Associates, Inc.","R. Spring","unique",,
"8bca6c7d-7c25-4203-a459-026f2cfa9e66","D16","MCRA","MCRA.AOS.reach","2019-07-31T16:57Z","2020-02-06","MCRA.20190731.SURBER.6","A00000060871",,"TESSP1","Y","Testudacarus sp.",,"genus","Arthropoda","Chelicerata","Arachnida","Acari",,"Acariformes","Trombidiformes","Prostigmata",,"Lebertioidea","Torrenticolidae",,,,"Testudacarus","sp.",,"adult",1,,1,100,1,"N","N",,"condition OK","Y",,"Thorp and Rogers 2016","N","Rhithron Associates, Inc.","R. Spring",,,
"2e5f33ba-c1dc-456c-a22a-9726c5a10544","D16","MCRA","MCRA.AOS.reach","2019-07-31T16:57Z","2020-02-06","MCRA.20190731.SURBER.7","A00000060872",,"YORSP","Y","Yoraperla sp.",,"genus","Arthropoda","Hexapoda","Insecta","Pterygota","Neoptera","Polyneoptera","Plecoptera","Systellognatha",,,"Peltoperlidae","Peltoperlinae",,,"Yoraperla","sp.",,"larva",1,,4,100,4,"N","N",,"condition OK","Y",,"Stewart and Stark 2002; Merritt et al. 2019","N","Rhithron Associates, Inc.","R. Spring",,,
"17883c18-560b-41b4-839b-24dfaff246a8","D16","MCRA","MCRA.AOS.reach","2019-07-31T16:57Z","2020-02-06","MCRA.20190731.SURBER.4","A00000060867",,"YORSP","Y","Yoraperla sp.",,"genus","Arthropoda","Hexapoda","Insecta","Pterygota","Neoptera","Polyneoptera","Plecoptera","Systellognatha",,,"Peltoperlidae","Peltoperlinae",,,"Yoraperla","sp.",,"larva",1,,12,100,12,"N","N",,"condition OK","Y",,"Stewart and Stark 2002; Merritt et al. 2019","Y","Rhithron Associates, Inc.","R. Spring",,,
"10714f1d-3f6a-44aa-ba45-bd50978676f2","D16","MCRA","MCRA.AOS.reach","2019-07-31T16:57Z","2020-02-06","MCRA.20190731.SURBER.8","A00000060855",,"ZAPCIN","Y","Zapada cinctipes",,"species","Arthropoda","Hexapoda","Insecta","Pterygota","Neoptera","Polyneoptera","Plecoptera","Euholognatha",,,"Nemouridae","Nemourinae",,,"Zapada","cinctipes",,"larva",1,,2,100,2,"N","N",,"condition OK","Y",,"Baumann et al. 1977; Stewart and Stark 2002; Merritt et al. 2019","N","Rhithron Associates, Inc.","R. Spring",,,
"7d694325-1d8b-492a-a7b4-7111aca5a0d6","D16","MCRA","MCRA.AOS.reach","2019-07-31T16:57Z","2020-02-06","MCRA.20190731.SURBER.5","A00000060868",,"OSTSP","Y","Ostracoda sp.",,"class","Arthropoda","Crustacea","Ostracoda",,,,,,,,,,,,,"sp.",,"unknown",1,,1,100,1,"N","N",,"condition OK","Y",,"Thorp and Rogers 2016","N","Rhithron Associates, Inc.","R. Spring",,,
"3f664ad9-9596-4fae-b158-9e157f9d30e6","D16","MCRA","MCRA.AOS.reach","2019-07-31T16:57Z","2020-02-06","MCRA.20190731.SURBER.7","A00000060872",,"BAETRI2","Y","Baetis tricaudatus cx.",,"speciesGroup","Arthropoda","Hexapoda","Insecta","Pterygota","Palaeoptera",,"Ephemeroptera",,,,"Baetidae",,,,"Baetis","tricaudatus cx.",,"larva",2,,5,100,5,"N","N",,"condition OK","Y",,"Morihara and McCafferty 1979; Wiersema, 2004; Webb et al. 2018","N","Rhithron Associates, Inc.","R. Spring",,"0395f61d-8c9a-4b44-85ed-0e1b9ededf00",
"3ed449e3-ce3a-43c8-82a7-124da06d9f10","D16","MCRA","MCRA.AOS.reach","2019-07-31T16:57Z","2020-02-07","MCRA.20190731.SURBER.3","A00000060866",,"SIMSP1","Y","Simulium sp.",,"genus","Arthropoda","Hexapoda","Insecta","Pterygota","Neoptera","Holometabola","Diptera","Nematocera","Culicomorpha",,"Simuliidae","Simuliinae","Simuliini",,"Simulium","sp.",,"larva",4,,1,67,1,"N","N",,"condition OK","Y",,"Adler et al. 2004; Merritt et al. 2019","N","Rhithron Associates, Inc.","R. Spring",,,
"38d35bd2-950a-4f0e-b92b-f107d9cc3dfc","D16","MCRA","MCRA.AOS.reach","2019-07-31T16:57Z","2020-02-07","MCRA.20190731.SURBER.2","A00000060865",,"MIDSP2","Y","Mideopsis sp.",,"genus","Arthropoda","Chelicerata","Arachnida","Acari",,"Acariformes","Trombidiformes","Prostigmata",,"Arrenuroidea","Mideopsidae",,,,"Mideopsis","sp.",,"adult",1,,1,90,1,"N","N",,"condition OK","Y",,"Thorp and Rogers 2016","N","Rhithron Associates, Inc.","R. Spring",,,
"0e184c5b-9aeb-4534-95cf-d8f0a48eb214","D16","MCRA","MCRA.AOS.reach","2019-07-31T16:57Z","2020-02-06","MCRA.20190731.SURBER.4","A00000060867",,"ATUSP1","Y","Aturus sp.",,"genus","Arthropoda","Chelicerata","Arachnida","Acari",,"Acariformes","Trombidiformes","Prostigmata",,"Hygrobatoidea","Aturidae",,,,"Aturus","sp.",,"adult",1,,2,100,2,"N","N",,"condition OK","Y",,"Thorp and Rogers 2016","Y","Rhithron Associates, Inc.","R. Spring",,,
"6a3889c7-e022-46c8-ba44-33c2ed4cf459","D16","MCRA","MCRA.AOS.reach","2019-07-31T16:57Z","2020-02-06","MCRA.20190731.SURBER.8","A00000060855",,"SIMSP1","Y","Simulium sp.",,"genus","Arthropoda","Hexapoda","Insecta","Pterygota","Neoptera","Holometabola","Diptera","Nematocera","Culicomorpha",,"Simuliidae","Simuliinae","Simuliini",,"Simulium","sp.",,"larva",1,,1,100,1,"N","N",,"condition OK","Y",,"Adler et al. 2004; Merritt et al. 2019","N","Rhithron Associates, Inc.","R. Spring",,,
"4fe170a3-c653-442f-92ba-03bca312e659","D16","MCRA","MCRA.AOS.reach","2019-07-31T16:57Z","2020-02-06","MCRA.20190731.SURBER.6","A00000060871",,"CINSP1","Y","Cinygmula sp.",,"genus","Arthropoda","Hexapoda","Insecta","Pterygota","Palaeoptera",,"Ephemeroptera","Pisciforma",,"Heptagenioidea","Heptageniidae",,,,"Cinygmula","sp.",,"larva",2,,3,100,3,"N","N",,"condition OK","Y",,"Merritt et al. 2019","N","Rhithron Associates, Inc.","R. Spring",,,
"f895243d-2f97-4454-86ef-7538558f7924","D16","MCRA","MCRA.AOS.reach","2019-07-31T16:57Z","2020-02-06","MCRA.20190731.SURBER.8","A00000060855",,"MALSP4","Y","Malenka sp.",,"genus","Arthropoda","Hexapoda","Insecta","Pterygota","Neoptera","Polyneoptera","Plecoptera","Euholognatha",,,"Nemouridae","Amphinemurinae",,,"Malenka","sp.",,"larva",2,,1,100,1,"N","N",,"condition OK","Y",,"Stewart and Stark 2002; Merritt et al. 2019","N","Rhithron Associates, Inc.","R. Spring",,,
"8a235a81-787a-4039-b03f-bf7c3709e4a2","D16","MCRA","MCRA.AOS.reach","2019-07-31T16:57Z","2020-02-06","MCRA.20190731.SURBER.5","A00000060868",,"LEPSP20","Y","Lepidostoma sp.",,"genus","Arthropoda","Hexapoda","Insecta","Pterygota","Neoptera","Holometabola","Trichoptera",,,"Limnephiloidea","Lepidostomatidae","Lepidostomatinae",,,"Lepidostoma","sp.",,"larva",1,,1,100,1,"N","N",,"condition OK","Y",,"Wiggins 1996; Merritt et al. 2019","N","Rhithron Associates, Inc.","R. Spring",,,
"5fd94e34-0495-4311-af5e-fdef8ff6d49f","D16","MCRA","MCRA.AOS.reach","2019-07-31T16:57Z","2020-02-06","MCRA.20190731.SURBER.7","A00000060872",,"ZAPCIN","Y","Zapada cinctipes",,"species","Arthropoda","Hexapoda","Insecta","Pterygota","Neoptera","Polyneoptera","Plecoptera","Euholognatha",,,"Nemouridae","Nemourinae",,,"Zapada","cinctipes",,"larva",1,,1,100,1,"N","N",,"condition OK","Y",,"Baumann et al. 1977; Stewart and Stark 2002; Merritt et al. 2019","N","Rhithron Associates, Inc.","R. Spring",,,
"a8b53f2b-238b-4ba9-b178-662b3ec74553","D16","MCRA","MCRA.AOS.reach","2019-07-31T16:57Z","2020-02-07","MCRA.20190731.SURBER.3","A00000060866",,"ZAPORE","Y","Zapada oregonensis gr.",,"speciesGroup","Arthropoda","Hexapoda","Insecta","Pterygota","Neoptera","Polyneoptera","Plecoptera","Euholognatha",,,"Nemouridae","Nemourinae",,,"Zapada","oregonensis gr.",,"larva",1,,1,67,1,"N","N",,"condition OK","Y",,"Baumann et al. 1977; Stewart and Stark 2002; Merritt et al. 2019; Morse et al. 2017","N","Rhithron Associates, Inc.","R. Spring",,,
"04b05e8a-b977-4a50-a329-4e1908144027","D16","MCRA","MCRA.AOS.reach","2019-07-31T16:57Z","2020-02-06","MCRA.20190731.SURBER.8","A00000060855",,"TORSP6","Y","Torrenticola sp.",,"genus","Arthropoda","Chelicerata","Arachnida","Acari",,"Acariformes","Trombidiformes","Prostigmata",,"Lebertioidea","Torrenticolidae",,,,"Torrenticola","sp.",,"adult",1,,3,100,3,"N","N",,"condition OK","Y",,"Thorp and Rogers 2016","N","Rhithron Associates, Inc.","R. Spring",,,
"59a667b1-9f32-4db8-9af8-37d130377b97","D16","MCRA","MCRA.AOS.reach","2019-07-31T16:57Z","2020-02-07","MCRA.20190731.SURBER.2","A00000060865",,"GLOSP3","Y","Glossosoma sp.",,"genus","Arthropoda","Hexapoda","Insecta","Pterygota","Neoptera","Holometabola","Trichoptera",,,"Glossosomatoidea","Glossosomatidae","Glossosomatinae","Glossosomatini",,"Glossosoma","sp.",,"larva",2,,5,90,6,"N","N",,"condition OK","Y",,"Merritt et al. 2019","N","Rhithron Associates, Inc.","R. Spring",,,
"0d16d166-2009-47a5-b0bb-d19bce4a2842","D16","MCRA","MCRA.AOS.reach","2019-07-31T16:57Z","2020-02-07","MCRA.20190731.SURBER.3","A00000060866",,"PERSP2","Y","Perlodidae sp.",,"family","Arthropoda","Hexapoda","Insecta","Pterygota","Neoptera","Polyneoptera","Plecoptera","Systellognatha",,,"Perlodidae",,,,,"sp.",,"larva",2,,2,67,3,"Y","N","early instar","condition OK","Y",,"Stewart and Stark 2002; Merritt et al. 2019","N","Rhithron Associates, Inc.","R. Spring",,,
"319a85d8-deba-4e9c-be24-54da78ce0922","D16","MCRA","MCRA.AOS.reach","2019-07-31T16:57Z","2020-02-04","MCRA.20190731.SURBER.1","A00000060864",,"EUKDEV","Y","Eukiefferiella devonica gr.",,"speciesGroup","Arthropoda","Hexapoda","Insecta","Pterygota","Neoptera","Holometabola","Diptera","Nematocera","Culicomorpha",,"Chironomidae","Orthocladiinae",,,"Eukiefferiella","devonica gr.",,"larva",1,,2,100,2,"N","N",,"condition OK","Y",,"Weiderholm, 1983; Bode, 1983; Weiderholm, 1986; Epler 2001; Ferrington et al. 2019; Andersen, Cranston and Epler 2013","N","Rhithron Associates, Inc.","B. Hayford",,,
"9d57b59b-b726-4de0-83f0-43da0083584c","D16","MCRA","MCRA.AOS.reach","2019-07-31T16:57Z","2020-02-07","MCRA.20190731.SURBER.1","A00000060864",,"YORSP","Y","Yoraperla sp.",,"genus","Arthropoda","Hexapoda","Insecta","Pterygota","Neoptera","Polyneoptera","Plecoptera","Systellognatha",,,"Peltoperlidae","Peltoperlinae",,,"Yoraperla","sp.",,"larva",1,,11,100,11,"N","N",,"condition OK","Y",,"Stewart and Stark 2002; Merritt et al. 2019","N","Rhithron Associates, Inc.","R. Spring",,,
"5cea744d-46e2-406b-a205-0591fcabf48e","D16","MCRA","MCRA.AOS.reach","2019-07-31T16:57Z","2020-02-06","MCRA.20190731.SURBER.8","A00000060855",,"TESSP1","Y","Testudacarus sp.",,"genus","Arthropoda","Chelicerata","Arachnida","Acari",,"Acariformes","Trombidiformes","Prostigmata",,"Lebertioidea","Torrenticolidae",,,,"Testudacarus","sp.",,"adult",1,,2,100,2,"N","N",,"condition OK","Y",,"Thorp and Rogers 2016","N","Rhithron Associates, Inc.","R. Spring",,,
"6592fb3c-8b14-437e-8e69-79c4b3a692e4","D16","MCRA","MCRA.AOS.reach","2019-07-31T16:57Z","2020-02-06","MCRA.20190731.SURBER.5","A00000060868",,"PERSP1","Y","Perlidae sp.",,"family","Arthropoda","Hexapoda","Insecta","Pterygota","Neoptera","Polyneoptera","Plecoptera","Systellognatha",,,"Perlidae",,,,,"sp.",,"larva",3,,1,100,1,"Y","N","early instar","condition OK","Y",,"Stewart and Stark 2002; Merritt et al. 2019","N","Rhithron Associates, Inc.","R. Spring",,,
"e80ad614-a46c-4163-81ed-0cb0476b28e8","D16","MCRA","MCRA.AOS.reach","2019-07-31T16:57Z","2020-02-07","MCRA.20190731.SURBER.2","A00000060865",,"HEXSP3","Y","Hexatoma sp.",,"genus","Arthropoda","Hexapoda","Insecta","Pterygota","Neoptera","Holometabola","Diptera","Nematocera","Tipulomorpha",,"Tipulidae","Limoniinae","Hexatomini",,"Hexatoma","sp.",,"larva",7,,1,90,1,"N","N",,"condition OK","Y",,"Gelhaus and Podeniene 2018; Merritt et al. 2019","N","Rhithron Associates, Inc.","R. Spring",,,
"13d1f64e-47f4-47e0-9c87-bfa9ae17e250","D16","MCRA","MCRA.AOS.reach","2019-07-31T16:57Z","2020-02-04","MCRA.20190731.SURBER.2","A00000060865",,"PARSP26","Y","Parametriocnemus sp.",,"genus","Arthropoda","Hexapoda","Insecta","Pterygota","Neoptera","Holometabola","Diptera","Nematocera","Culicomorpha",,"Chironomidae","Orthocladiinae",,,"Parametriocnemus","sp.",,"larva",3,,1,90,1,"N","N",,"condition OK","Y",,"Weiderholm, 1983; Weiderholm, 1986; Epler 2001; Ferrington et al. 2019; Andersen, Cranston and Epler 2013","N","Rhithron Associates, Inc.","B. Hayford",,,
"6788696d-642b-4b94-9c5a-d36f8fc89066","D16","MCRA","MCRA.AOS.reach","2019-07-31T16:57Z","2020-02-07","MCRA.20190731.SURBER.1","A00000060864",,"WOOSP","Y","Woolastookia sp.",,"genus","Arthropoda","Chelicerata","Arachnida","Acari",,"Acariformes","Trombidiformes","Prostigmata",,"Hygrobatoidea","Aturidae",,,,"Woolastookia","sp.",,"adult",1,,1,100,1,"N","N",,"condition OK","Y",,"Thorp and Rogers 2016","N","Rhithron Associates, Inc.","R. Spring",,,
"f4f5a6e2-114f-4edd-ab1f-5067b3903f27","D16","MCRA","MCRA.AOS.reach","2019-07-31T16:57Z","2020-02-07","MCRA.20190731.SURBER.1","A00000060864",,"AMESP2","Y","Ameletus sp.",,"genus","Arthropoda","Hexapoda","Insecta","Pterygota","Palaeoptera",,"Ephemeroptera","Pisciforma",,,"Ameletidae",,,,"Ameletus","sp.",,"larva",1,,2,100,2,"N","N",,"condition OK","Y",,"Merritt et al. 2019","N","Rhithron Associates, Inc.","R. Spring",,,
"6f10021f-a0d7-4122-b80d-ef3b779fc8af","D16","MCRA","MCRA.AOS.reach","2019-07-31T16:57Z","2020-02-04","MCRA.20190731.SURBER.1","A00000060864",,"EUKGRA","Y","Eukiefferiella gracei gr.",,"speciesGroup","Arthropoda","Hexapoda","Insecta","Pterygota","Neoptera","Holometabola","Diptera","Nematocera","Culicomorpha",,"Chironomidae","Orthocladiinae",,,"Eukiefferiella","gracei gr.",,"larva",3,,1,100,1,"N","N",,"condition OK","Y",,"Weiderholm, 1983; Bode, 1983; Weiderholm, 1986; Epler 2001; Ferrington et al. 2019; Andersen, Cranston and Epler 2013","N","Rhithron Associates, Inc.","B. Hayford",,,
"45c40354-d1b0-46f1-bccb-9898f8c84580","D16","MCRA","MCRA.AOS.reach","2019-07-31T16:57Z","2020-02-06","MCRA.20190731.SURBER.5","A00000060868",,"HETCOR","Y","Heterlimnius corpulentus",,"species","Arthropoda","Hexapoda","Insecta","Pterygota","Neoptera","Holometabola","Coleoptera","Polyphaga","Elateriformia","Byrrhoidea","Elmidae","Elminae","Elmini",,"Heterlimnius","corpulentus",,"larva",4,,1,100,1,"N","N",,"condition OK","Y",,"Brown 1972; Merritt et al. 2019; Kamite, 2009","N","Rhithron Associates, Inc.","R. Spring",,,
"9b4ba7d2-a0bc-425f-9f0c-20b6e8cac910","D16","MCRA","MCRA.AOS.reach","2019-07-31T16:57Z","2020-02-04","MCRA.20190731.SURBER.5","A00000060868",,"ZAVSP","Y","Zavrelimyia sp.",,"genus","Arthropoda","Hexapoda","Insecta","Pterygota","Neoptera","Holometabola","Diptera","Nematocera","Culicomorpha",,"Chironomidae","Tanypodinae","Pentaneurini",,"Zavrelimyia","sp.",,"larva",5,,1,100,1,"N","N",,"condition OK","Y",,"Weiderholm, 1983; Weiderholm, 1986; Epler 2001; Ferrington et al. 2019; Andersen, Cranston and Epler 2013","N","Rhithron Associates, Inc.","A. Fasbender",,,
"76ed7bae-91ab-4278-b19c-fe1959ee3928","D16","MCRA","MCRA.AOS.reach","2019-07-31T16:57Z","2020-02-07","MCRA.20190731.SURBER.1","A00000060864",,"ATUSP1","Y","Aturus sp.",,"genus","Arthropoda","Chelicerata","Arachnida","Acari",,"Acariformes","Trombidiformes","Prostigmata",,"Hygrobatoidea","Aturidae",,,,"Aturus","sp.",,"adult",1,,5,100,5,"N","N",,"condition OK","Y",,"Thorp and Rogers 2016","N","Rhithron Associates, Inc.","R. Spring",,,
"ee7f8eb3-17c2-4d2b-be86-192a43bcb231","D16","MCRA","MCRA.AOS.reach","2019-07-31T16:57Z","2020-02-06","MCRA.20190731.SURBER.6","A00000060871",,"AMESP2","Y","Ameletus sp.",,"genus","Arthropoda","Hexapoda","Insecta","Pterygota","Palaeoptera",,"Ephemeroptera","Pisciforma",,,"Ameletidae",,,,"Ameletus","sp.",,"larva",2,,2,100,2,"N","N",,"condition OK","Y",,"Merritt et al. 2019","N","Rhithron Associates, Inc.","R. Spring",,,
"180c862a-72fd-433b-9bdf-41a71b0049b3","D16","MCRA","MCRA.AOS.reach","2019-07-31T16:57Z","2020-02-06","MCRA.20190731.SURBER.7","A00000060872",,"LEPSP20","Y","Lepidostoma sp.",,"genus","Arthropoda","Hexapoda","Insecta","Pterygota","Neoptera","Holometabola","Trichoptera",,,"Limnephiloidea","Lepidostomatidae","Lepidostomatinae",,,"Lepidostoma","sp.",,"larva",2,,1,100,1,"N","N",,"condition OK","Y",,"Wiggins 1996; Merritt et al. 2019","N","Rhithron Associates, Inc.","R. Spring",,,
"13012cb1-bcf2-4ff8-99b6-431bfcca7bbf","D16","MCRA","MCRA.AOS.reach","2019-07-31T16:57Z","2020-02-04","MCRA.20190731.SURBER.5","A00000060868",,"BRISP","Y","Brillia sp.",,"genus","Arthropoda","Hexapoda","Insecta","Pterygota","Neoptera","Holometabola","Diptera","Nematocera","Culicomorpha",,"Chironomidae","Orthocladiinae",,,"Brillia","sp.",,"larva",1,,2,100,2,"N","N",,"condition OK","Y",,"Weiderholm, 1983; Weiderholm, 1986; Epler 2001; Ferrington et al. 2019; Andersen, Cranston and Epler 2013","N","Rhithron Associates, Inc.","A. Fasbender",,,
"3d4a2be9-0763-45be-8d08-11742b22d38a","D16","MCRA","MCRA.AOS.reach","2019-07-31T16:57Z","2020-02-07","MCRA.20190731.SURBER.2","A00000060865",,"POLSP17","Y","Polycelis sp.",,"genus","Platyhelminthes","Rhabditophora","Trepaxonemata",,,,"Neoophora",,,,"Planariidae",,,,"Polycelis","sp.",,"unknown",2,,2,90,2,"N","N",,"condition OK","Y",,"Thorp and Rogers 2016","N","Rhithron Associates, Inc.","R. Spring",,,
"ed2ea390-500b-4a7f-835c-523a8d0e9882","D16","MCRA","MCRA.AOS.reach","2019-07-31T16:57Z","2020-02-04","MCRA.20190731.SURBER.6","A00000060871",,"PARSP26","Y","Parametriocnemus sp.",,"genus","Arthropoda","Hexapoda","Insecta","Pterygota","Neoptera","Holometabola","Diptera","Nematocera","Culicomorpha",,"Chironomidae","Orthocladiinae",,,"Parametriocnemus","sp.",,"larva",2,,1,100,1,"N","N",,"condition OK","Y",,"Weiderholm, 1983; Weiderholm, 1986; Epler 2001; Ferrington et al. 2019; Andersen, Cranston and Epler 2013","N","Rhithron Associates, Inc.","A. Fasbender",,,
"ba00d745-ca68-46db-8a78-b923dffdb4e0","D16","MCRA","MCRA.AOS.reach","2019-07-31T16:57Z","2020-02-06","MCRA.20190731.SURBER.4","A00000060867",,"BAESP2","Y","Baetis sp.",,"genus","Arthropoda","Hexapoda","Insecta","Pterygota","Palaeoptera",,"Ephemeroptera","Pisciforma",,,"Baetidae",,,,"Baetis","sp.",,"larva",1,,17,100,17,"Y","N","early instar","condition OK","N",,"Merritt et al. 2019","Y","Rhithron Associates, Inc.","R. Spring",,,
"32e937e9-7658-48e1-96ea-745e6e100adf","D16","MCRA","MCRA.AOS.reach","2019-07-31T16:57Z","2020-02-06","MCRA.20190731.SURBER.8","A00000060855",,"EPHSP4","Y","Ephemerella sp.",,"genus","Arthropoda","Hexapoda","Insecta","Pterygota","Palaeoptera",,"Ephemeroptera","Furcatergalia","Pannota","Ephemerelloidea","Ephemerellidae",,,,"Ephemerella","sp.",,"larva",2,,1,100,1,"Y","N","early instar","condition OK","Y",,"Allen and Edmunds 1965; Merritt et al. 2019","N","Rhithron Associates, Inc.","R. Spring",,,
"6cdcda67-ec0a-4f7a-b1c3-4c19d66835fe","D16","MCRA","MCRA.AOS.reach","2019-07-31T16:57Z","2020-02-07","MCRA.20190731.SURBER.3","A00000060866",,"SPESP5","Y","Sperchonopsis sp.",,"genus","Arthropoda","Chelicerata","Arachnida","Acari",,"Acariformes","Trombidiformes","Prostigmata",,"Lebertioidea","Sperchontidae",,,,"Sperchonopsis","sp.",,"adult",1,,1,67,1,"N","N",,"condition OK","Y",,"Thorp and Rogers 2016","N","Rhithron Associates, Inc.","R. Spring",,,
"73113555-418b-4f05-9e7f-9ecc75632ec6","D16","MCRA","MCRA.AOS.reach","2019-07-31T16:57Z","2020-02-07","MCRA.20190731.SURBER.2","A00000060865",,"LEPSP20","Y","Lepidostoma sp.",,"genus","Arthropoda","Hexapoda","Insecta","Pterygota","Neoptera","Holometabola","Trichoptera",,,"Limnephiloidea","Lepidostomatidae","Lepidostomatinae",,,"Lepidostoma","sp.",,"larva",1,,1,90,1,"N","N",,"condition OK","Y",,"Wiggins 1996; Merritt et al. 2019","N","Rhithron Associates, Inc.","R. Spring",,,
"ab4a2a10-4f77-4ced-a4f8-0088a8908201","D16","MCRA","MCRA.AOS.reach","2019-07-31T16:57Z","2020-02-07","MCRA.20190731.SURBER.3","A00000060866",,"ATUSP1","Y","Aturus sp.",,"genus","Arthropoda","Chelicerata","Arachnida","Acari",,"Acariformes","Trombidiformes","Prostigmata",,"Hygrobatoidea","Aturidae",,,,"Aturus","sp.",,"adult",1,,1,67,1,"N","N",,"condition OK","Y",,"Thorp and Rogers 2016","N","Rhithron Associates, Inc.","R. Spring",,,
"97af841e-1ab6-4594-87c0-d35a565c687c","D16","MCRA","MCRA.AOS.reach","2019-07-31T16:57Z","2020-02-07","MCRA.20190731.SURBER.1","A00000060864",,"HYDSP18","Y","Hydroporinae sp.",,"subfamily","Arthropoda","Hexapoda","Insecta","Pterygota","Neoptera","Holometabola","Coleoptera","Adephaga",,,"Dytiscidae","Hydroporinae",,,,"sp.",,"larva",1,,1,100,1,"N","N",,"condition OK","Y",,"Larson Alarie and Roughley, 2000","N","Rhithron Associates, Inc.","R. Spring",,,
"cbdbcf34-a5d4-4e26-b71f-4d5a915b72ec","D16","MCRA","MCRA.AOS.reach","2019-07-31T16:57Z","2020-02-07","MCRA.20190731.SURBER.1","A00000060864",,"EPHSP1","Y","Ephemerellidae sp.",,"family","Arthropoda","Hexapoda","Insecta","Pterygota","Palaeoptera",,"Ephemeroptera","Furcatergalia","Pannota","Ephemerelloidea","Ephemerellidae",,,,,"sp.",,"larva",1,,1,100,1,"Y","N","early instar","condition OK","N",,"Merritt et al. 2019","N","Rhithron Associates, Inc.","R. Spring",,,
"6728fc16-f2e0-4b89-b06c-84e08fe210d3","D16","MCRA","MCRA.AOS.reach","2019-07-31T16:57Z","2020-02-07","MCRA.20190731.SURBER.3","A00000060866",,"IROSP","Y","Ironodes sp.",,"genus","Arthropoda","Hexapoda","Insecta","Pterygota","Palaeoptera",,"Ephemeroptera","Pisciforma",,"Heptagenioidea","Heptageniidae",,,,"Ironodes","sp.",,"larva",3,,1,67,1,"N","N",,"condition OK","Y",,"Merritt et al. 2019","N","Rhithron Associates, Inc.","R. Spring","Reference Collection(1)",,
"74777c59-42ca-4220-9318-276b9b7554f0","D16","MCRA","MCRA.AOS.reach","2019-07-31T16:57Z","2020-02-07","MCRA.20190731.SURBER.1","A00000060864",,"PRIHEM","Y","Pristinicola hemphilli",,"species","Mollusca",,"Gastropoda",,,,"Neotaenioglossa",,,,"Hydrobiidae",,,,"Pristinicola","hemphilli",,"unknown",2,,1,100,1,"N","N",,"condition OK","Y",,"Thorp and Covich 2016","N","Rhithron Associates, Inc.","R. Spring","Reference Collection(1)",,
"a7e91132-9861-4a00-ab95-f6e201189f36","D16","MCRA","MCRA.AOS.reach","2019-07-31T16:57Z","2020-02-07","MCRA.20190731.SURBER.2","A00000060865",,"EPHALL","Y","Ephemerella alleni",,"species","Arthropoda","Hexapoda","Insecta","Pterygota","Palaeoptera",,"Ephemeroptera","Furcatergalia","Pannota","Ephemerelloidea","Ephemerellidae",,,,"Ephemerella","alleni",,"larva",2,,5,90,6,"N","N",,"condition OK","Y",,"Allen and Edmunds 1965; Jacobus and McCafferty 2008","N","Rhithron Associates, Inc.","R. Spring",,,
"c7bb9c1e-6bc9-4bca-a4d9-6d9078851d23","D16","MCRA","MCRA.AOS.reach","2019-07-31T16:57Z","2020-02-04","MCRA.20190731.SURBER.2","A00000060865",,"ORTSP1","Y","Orthocladiinae sp.",,"subfamily","Arthropoda","Hexapoda","Insecta","Pterygota","Neoptera","Holometabola","Diptera","Nematocera","Culicomorpha",,"Chironomidae","Orthocladiinae",,,,"sp.",,"larva",1,,3,90,3,"Y","N","early instar","condition OK","N",,"Weiderholm, 1983; Weiderholm, 1986; Epler 2001; Ferrington et al. 2019; Andersen, Cranston and Epler 2013","N","Rhithron Associates, Inc.","B. Hayford",,,
"4ac52c85-5ed7-4d32-85b9-546447231f07","D16","MCRA","MCRA.AOS.reach","2019-07-31T16:57Z","2020-02-07","MCRA.20190731.SURBER.1","A00000060864",,"DRUSP","Y","Drunella sp.",,"genus","Arthropoda","Hexapoda","Insecta","Pterygota","Palaeoptera",,"Ephemeroptera","Furcatergalia","Pannota","Ephemerelloidea","Ephemerellidae",,,,"Drunella","sp.",,"larva",2,,4,100,4,"Y","N","early instar","condition OK","Y",,"Merritt et al. 2019","N","Rhithron Associates, Inc.","R. Spring","grandis gr",,
"f748b9d0-253b-4347-bcaf-61c41fd39249","D16","MCRA","MCRA.AOS.reach","2019-07-31T16:57Z","2020-02-04","MCRA.20190731.SURBER.8","A00000060855",,"ORTSP1","Y","Orthocladiinae sp.",,"subfamily","Arthropoda","Hexapoda","Insecta","Pterygota","Neoptera","Holometabola","Diptera","Nematocera","Culicomorpha",,"Chironomidae","Orthocladiinae",,,,"sp.",,"larva",1,,2,100,2,"Y","N","early instar","condition OK","N",,"Weiderholm, 1983; Weiderholm, 1986; Epler 2001; Ferrington et al. 2019; Andersen, Cranston and Epler 2013","N","Rhithron Associates, Inc.","A. Fasbender",,,
"1612b079-a15d-4eb2-aaee-236c9329a7d9","D16","MCRA","MCRA.AOS.reach","2019-07-31T16:57Z","2020-02-06","MCRA.20190731.SURBER.7","A00000060872",,"BAETRI2","Y","Baetis tricaudatus cx.",,"speciesGroup","Arthropoda","Hexapoda","Insecta","Pterygota","Palaeoptera",,"Ephemeroptera",,,,"Baetidae",,,,"Baetis","tricaudatus cx.",,"larva",3,,1,100,1,"N","N",,"condition OK","Y",,"Morihara and McCafferty 1979; Wiersema, 2004; Webb et al. 2018","N","Rhithron Associates, Inc.","R. Spring",,"1154cf6e-058a-423a-ab2a-c0a835ecef15",
"bee87b32-c581-49a4-8db3-d057135c8f49","D16","MCRA","MCRA.AOS.reach","2019-07-31T16:57Z","2020-02-06","MCRA.20190731.SURBER.7","A00000060872",,"THRSP6","Y","Thremmatidae sp.",,"family","Arthropoda",,"Insecta",,,,"Trichoptera",,,,"Thremmatidae sp.",,,,,"sp.",,"larva",1,,4,100,4,"Y","N","early instar","condition OK","N",,"Merritt et al. 2019","N","Rhithron Associates, Inc.","R. Spring",,,
"d47486c2-c6e8-482c-974c-0635842c24ad","D16","MCRA","MCRA.AOS.reach","2019-07-31T16:57Z","2020-02-07","MCRA.20190731.SURBER.3","A00000060866",,"PRIHEM","Y","Pristinicola hemphilli",,"species","Mollusca",,"Gastropoda",,,,"Neotaenioglossa",,,,"Hydrobiidae",,,,"Pristinicola","hemphilli",,"unknown",2,,1,67,1,"N","N",,"condition OK","Y",,"Thorp and Covich 2016","N","Rhithron Associates, Inc.","R. Spring",,,
"f381c61a-457f-4d0c-aaf9-aafbd0d92be8","D16","MCRA","MCRA.AOS.reach","2019-07-31T16:57Z","2020-02-06","MCRA.20190731.SURBER.8","A00000060855",,"THASP1","Y","Thaumaleidae sp.",,"family","Arthropoda","Hexapoda","Insecta","Pterygota","Neoptera","Holometabola","Diptera","Nematocera","Culicomorpha",,"Thaumaleidae",,,,,"sp.",,"larva",4,,1,100,1,"N","N",,"condition OK","Y",,"Merritt et al. 2019","N","Rhithron Associates, Inc.","R. Spring",,,
"f5a0bbe3-369e-4c31-b4a0-388212629a6a","D16","MCRA","MCRA.AOS.reach","2019-07-31T16:57Z","2020-02-07","MCRA.20190731.SURBER.2","A00000060865",,"AMESP2","Y","Ameletus sp.",,"genus","Arthropoda","Hexapoda","Insecta","Pterygota","Palaeoptera",,"Ephemeroptera","Pisciforma",,,"Ameletidae",,,,"Ameletus","sp.",,"larva",3,,1,90,1,"N","N",,"condition OK","Y",,"Merritt et al. 2019","N","Rhithron Associates, Inc.","R. Spring",,,
"53367d5d-963c-4a52-ada3-b6a249854a27","D16","MCRA","MCRA.AOS.reach","2019-07-31T16:57Z","2020-02-06","MCRA.20190731.SURBER.4","A00000060867",,"PERSP2","Y","Perlodidae sp.",,"family","Arthropoda","Hexapoda","Insecta","Pterygota","Neoptera","Polyneoptera","Plecoptera","Systellognatha",,,"Perlodidae",,,,,"sp.",,"larva",1,,1,100,1,"Y","N","early instar","condition OK","Y",,"Stewart and Stark 2002; Merritt et al. 2019","Y","Rhithron Associates, Inc.","R. Spring",,,
"287ad569-9a83-419b-96fe-7f4335729861","D16","MCRA","MCRA.AOS.reach","2019-07-31T16:57Z","2020-02-07","MCRA.20190731.SURBER.2","A00000060865",,"HETCOR","Y","Heterlimnius corpulentus",,"species","Arthropoda","Hexapoda","Insecta","Pterygota","Neoptera","Holometabola","Coleoptera","Polyphaga","Elateriformia","Byrrhoidea","Elmidae","Elminae","Elmini",,"Heterlimnius","corpulentus",,"larva",4,,2,90,2,"N","N",,"condition OK","Y",,"Brown 1972; Merritt et al. 2019; Kamite, 2009","N","Rhithron Associates, Inc.","R. Spring",,,
"30121cd6-dddf-44d3-83ad-1201a3e5829e","D16","MCRA","MCRA.AOS.reach","2019-07-31T16:57Z","2020-02-04","MCRA.20190731.SURBER.6","A00000060871",,"CORSP19","Y","Corynoneura sp.",,"genus","Arthropoda","Hexapoda","Insecta","Pterygota","Neoptera","Holometabola","Diptera","Nematocera","Culicomorpha",,"Chironomidae","Orthocladiinae",,,"Corynoneura","sp.",,"pupa",1,,4,100,4,"N","N",,"condition OK","Y",,"Weiderholm, 1983; Weiderholm, 1986; Epler 2001; Ferrington et al. 2019; Andersen, Cranston and Epler 2013","N","Rhithron Associates, Inc.","A. Fasbender",,,
"69108c37-5dab-4120-ad66-0475e2e4558e","D16","MCRA","MCRA.AOS.reach","2019-07-31T16:57Z","2020-02-06","MCRA.20190731.SURBER.5","A00000060868",,"BAEPIS1","Y","Baetis piscatoris cx.",,"speciesGroup","Arthropoda","Hexapoda","Insecta","Pterygota","Palaeoptera",,"Ephemeroptera",,,,"Baetidae",,,,"Baetis","piscatoris cx.",,"larva",3,,8,100,8,"N","N",,"condition OK","Y",,"Morihara and McCafferty 1979; Wiersema, 2004; Webb et al. 2018","N","Rhithron Associates, Inc.","R. Spring",,"4ed07319-a1cb-48a0-a5c8-eb67a5aa8c01",
"6ce681f6-71f4-4154-998c-142b21d05824","D16","MCRA","MCRA.AOS.reach","2019-07-31T16:57Z","2020-02-06","MCRA.20190731.SURBER.5","A00000060868",,"HETCOR","Y","Heterlimnius corpulentus",,"species","Arthropoda","Hexapoda","Insecta","Pterygota","Neoptera","Holometabola","Coleoptera","Polyphaga","Elateriformia","Byrrhoidea","Elmidae","Elminae","Elmini",,"Heterlimnius","corpulentus",,"larva",1,,1,100,1,"N","N",,"condition OK","Y",,"Brown 1972; Merritt et al. 2019; Kamite, 2009","N","Rhithron Associates, Inc.","R. Spring",,,
"64ed8b17-a8a4-412e-b2ce-4593f22f8924","D16","MCRA","MCRA.AOS.reach","2019-07-31T16:57Z","2020-02-06","MCRA.20190731.SURBER.8","A00000060855",,"ORISP1","Y","Oribatida sp.",,"suborder","Arthropoda","Chelicerata","Arachnida","Acari",,"Acariformes","Sarcoptiformes","Oribatida",,,,,,,,"sp.",,"adult",1,,1,100,1,"N","N",,"condition OK","Y",,"Thorp and Rogers 2016","N","Rhithron Associates, Inc.","R. Spring",,,
"6adaa93f-5ca8-4045-9440-3f6737d00373","D16","MCRA","MCRA.AOS.reach","2019-07-31T16:57Z","2020-02-04","MCRA.20190731.SURBER.1","A00000060864",,"EUKDEV","Y","Eukiefferiella devonica gr.",,"speciesGroup","Arthropoda","Hexapoda","Insecta","Pterygota","Neoptera","Holometabola","Diptera","Nematocera","Culicomorpha",,"Chironomidae","Orthocladiinae",,,"Eukiefferiella","devonica gr.",,"larva",2,,1,100,1,"N","N",,"condition OK","Y",,"Weiderholm, 1983; Bode, 1983; Weiderholm, 1986; Epler 2001; Ferrington et al. 2019; Andersen, Cranston and Epler 2013","N","Rhithron Associates, Inc.","B. Hayford",,,
"dcff6c46-4def-486b-8e9c-b8d8adf88cb5","D16","MCRA","MCRA.AOS.reach","2019-07-31T16:57Z","2020-02-07","MCRA.20190731.SURBER.3","A00000060866",,"CAUSP3","Y","Caudatella sp.",,"genus","Arthropoda","Hexapoda","Insecta","Pterygota","Palaeoptera",,"Ephemeroptera","Furcatergalia","Pannota","Ephemerelloidea","Ephemerellidae",,,,"Caudatella","sp.",,"larva",1,,17,67,25,"Y","N","early instar","condition OK","Y",,"Merritt et al. 2019","N","Rhithron Associates, Inc.","R. Spring",,,
"d213e106-ee4d-477b-bed4-e6d44cee4766","D16","MCRA","MCRA.AOS.reach","2019-07-31T16:57Z","2020-02-07","MCRA.20190731.SURBER.1","A00000060864",,"THRSP6","Y","Thremmatidae sp.",,"family","Arthropoda",,"Insecta",,,,"Trichoptera",,,,"Thremmatidae sp.",,,,,"sp.",,"larva",1,,18,100,18,"Y","N","early instar","condition OK","Y",,"Merritt et al. 2019","N","Rhithron Associates, Inc.","R. Spring",,,
"eeaeacf0-501f-40e4-a463-cea47f7089f8","D16","MCRA","MCRA.AOS.reach","2019-07-31T16:57Z","2020-02-04","MCRA.20190731.SURBER.2","A00000060865",,"CORSP19","Y","Corynoneura sp.",,"genus","Arthropoda","Hexapoda","Insecta","Pterygota","Neoptera","Holometabola","Diptera","Nematocera","Culicomorpha",,"Chironomidae","Orthocladiinae",,,"Corynoneura","sp.",,"larva",2,,1,90,1,"N","N",,"condition OK","Y",,"Weiderholm, 1983; Weiderholm, 1986; Epler 2001; Ferrington et al. 2019; Andersen, Cranston and Epler 2013","N","Rhithron Associates, Inc.","B. Hayford",,,
"ae91bf0a-e57f-4668-a743-260dd3517dc4","D16","MCRA","MCRA.AOS.reach","2019-07-31T16:57Z","2020-02-07","MCRA.20190731.SURBER.2","A00000060865",,"RHISP4","Y","Rhithrogena sp.",,"genus","Arthropoda","Hexapoda","Insecta","Pterygota","Palaeoptera",,"Ephemeroptera","Pisciforma",,"Heptagenioidea","Heptageniidae",,,,"Rhithrogena","sp.",,"larva",1,,1,90,1,"N","N",,"condition OK","Y",,"Merritt et al. 2019","N","Rhithron Associates, Inc.","R. Spring",,,
"cee1745f-1d9e-4a56-9fe8-384809b32e49","D16","MCRA","MCRA.AOS.reach","2019-07-31T16:57Z","2020-02-07","MCRA.20190731.SURBER.1","A00000060864",,"EPHALL","Y","Ephemerella alleni",,"species","Arthropoda","Hexapoda","Insecta","Pterygota","Palaeoptera",,"Ephemeroptera","Furcatergalia","Pannota","Ephemerelloidea","Ephemerellidae",,,,"Ephemerella","alleni",,"larva",1,,2,100,2,"N","N",,"condition OK","Y",,"Allen and Edmunds 1965; Jacobus and McCafferty 2008","N","Rhithron Associates, Inc.","R. Spring","Reference Collection(1)",,
"41e337a3-2abc-4a2e-9386-964bda813c0c","D16","MCRA","MCRA.AOS.reach","2019-07-31T16:57Z","2020-02-07","MCRA.20190731.SURBER.3","A00000060866",,"NEMSP","Y","Nematoda sp.",,"phylum","Nematoda",,,,,,,,,,,,,,,"sp.",,"unknown",2,,1,67,1,"N","N",,"condition OK","Y",,"Thorp and Rogers 2016","N","Rhithron Associates, Inc.","R. Spring",,,
"1ae60ac0-9d83-4d56-af09-7544c1d8b201","D16","MCRA","MCRA.AOS.reach","2019-07-31T16:57Z","2020-02-07","MCRA.20190731.SURBER.1","A00000060864",,"POLSP17","Y","Polycelis sp.",,"genus","Platyhelminthes","Rhabditophora","Trepaxonemata",,,,"Neoophora",,,,"Planariidae",,,,"Polycelis","sp.",,"unknown",2,,1,100,1,"N","N",,"condition OK","Y",,"Thorp and Rogers 2016","N","Rhithron Associates, Inc.","R. Spring",,,
"750d191a-1f87-4942-8037-48f6bd4db87f","D16","MCRA","MCRA.AOS.reach","2019-07-31T16:57Z","2020-02-04","MCRA.20190731.SURBER.5","A00000060868",,"BRISP","Y","Brillia sp.",,"genus","Arthropoda","Hexapoda","Insecta","Pterygota","Neoptera","Holometabola","Diptera","Nematocera","Culicomorpha",,"Chironomidae","Orthocladiinae",,,"Brillia","sp.",,"larva",3,,1,100,1,"N","N",,"condition OK","Y",,"Weiderholm, 1983; Weiderholm, 1986; Epler 2001; Ferrington et al. 2019; Andersen, Cranston and Epler 2013","N","Rhithron Associates, Inc.","A. Fasbender",,,
"3aa4d91b-11b9-4492-8d04-cd272a770141","D16","MCRA","MCRA.AOS.reach","2019-07-31T16:57Z","2020-02-04","MCRA.20190731.SURBER.2","A00000060865",,"EUKBRE","Y","Eukiefferiella brehmi gr.",,"speciesGroup","Arthropoda","Hexapoda","Insecta","Pterygota","Neoptera","Holometabola","Diptera","Nematocera","Culicomorpha",,"Chironomidae","Orthocladiinae",,,"Eukiefferiella","brehmi gr.",,"larva",1,,1,90,1,"N","N",,"condition OK","Y",,"Weiderholm, 1983; Bode, 1983; Weiderholm, 1986; Epler 2001; Ferrington et al. 2019; Andersen, Cranston and Epler 2013","N","Rhithron Associates, Inc.","B. Hayford",,,
"4dfd3ccc-c711-4b43-b83c-85817a88b4f3","D16","MCRA","MCRA.AOS.reach","2019-07-31T16:57Z","2020-02-07","MCRA.20190731.SURBER.1","A00000060864",,"HETCOR","Y","Heterlimnius corpulentus",,"species","Arthropoda","Hexapoda","Insecta","Pterygota","Neoptera","Holometabola","Coleoptera","Polyphaga","Elateriformia","Byrrhoidea","Elmidae","Elminae","Elmini",,"Heterlimnius","corpulentus",,"larva",1,,1,100,1,"N","N",,"condition OK","Y",,"Brown 1972; Merritt et al. 2019; Kamite, 2009","N","Rhithron Associates, Inc.","R. Spring",,,
"4087f81c-384b-41a4-8379-53589aaca51e","D16","MCRA","MCRA.AOS.reach","2019-07-31T16:57Z","2020-02-07","MCRA.20190731.SURBER.2","A00000060865",,"BAESP2","Y","Baetis sp.",,"genus","Arthropoda","Hexapoda","Insecta","Pterygota","Palaeoptera",,"Ephemeroptera","Pisciforma",,,"Baetidae",,,,"Baetis","sp.",,"larva",1,,10,90,11,"Y","N","early instar","condition OK","N",,"Merritt et al. 2019","N","Rhithron Associates, Inc.","R. Spring",,,
"da03e24d-d7e7-449a-ba60-64626d47e1d1","D16","MCRA","MCRA.AOS.reach","2019-07-31T16:57Z","2020-02-04","MCRA.20190731.SURBER.4","A00000060867","BA19NEOMST13028O1","ENCSP1","Y","Enchytraeidae sp.",,"family","Annelida","Clitellata","Oligochaeta","Oligochaeta",,,"Enchytraeida",,,,"Enchytraeidae",,,,,"sp.",,"unknown",3,,1,100,1,"N","N",,"condition OK","Y",,"Kathman and Brinkhurst, 1999","Y","Rhithron Associates, Inc.","A. Fasbender",,,
"e41d94c1-c88c-45a0-b6a5-401f6a75a792","D16","MCRA","MCRA.AOS.reach","2019-07-31T16:57Z","2020-02-06","MCRA.20190731.SURBER.5","A00000060868",,"RHYVOF","Y","Rhyacophila vofixa gr.",,"speciesGroup","Arthropoda","Hexapoda","Insecta","Pterygota","Neoptera","Holometabola","Trichoptera",,,"Rhyacophiloidea","Rhyacophilidae",,,,"Rhyacophila","vofixa gr.",,"larva",2,,1,100,1,"N","N",,"condition OK","Y",,"Prather and Morris 2001; Morse et al. 2017; Giersch et al. 2012","N","Rhithron Associates, Inc.","R. Spring",,,
"03ab9c0f-4fc7-4ad6-a383-98af968ba17a","D16","MCRA","MCRA.AOS.reach","2019-07-31T16:57Z","2020-02-07","MCRA.20190731.SURBER.1","A00000060864",,"PERSP1","Y","Perlidae sp.",,"family","Arthropoda","Hexapoda","Insecta","Pterygota","Neoptera","Polyneoptera","Plecoptera","Systellognatha",,,"Perlidae",,,,,"sp.",,"larva",2,,10,100,10,"Y","N","early instar","condition OK","Y",,"Stewart and Stark 2002; Merritt et al. 2019","N","Rhithron Associates, Inc.","R. Spring",,,
"6c77d3bb-ebb3-4da6-80ab-199e0bc623c6","D16","MCRA","MCRA.AOS.reach","2019-07-31T16:57Z","2020-02-04","MCRA.20190731.SURBER.2","A00000060865",,"BRISP","Y","Brillia sp.",,"genus","Arthropoda","Hexapoda","Insecta","Pterygota","Neoptera","Holometabola","Diptera","Nematocera","Culicomorpha",,"Chironomidae","Orthocladiinae",,,"Brillia","sp.",,"larva",2,,1,90,1,"N","N",,"condition OK","Y",,"Weiderholm, 1983; Weiderholm, 1986; Epler 2001; Ferrington et al. 2019; Andersen, Cranston and Epler 2013","N","Rhithron Associates, Inc.","B. Hayford",,,
"a5eb4f0c-524d-4f19-b5f8-f56f4bdfa1e1","D16","MCRA","MCRA.AOS.reach","2019-07-31T16:57Z","2020-02-06","MCRA.20190731.SURBER.7","A00000060872",,"BAETRI2","Y","Baetis tricaudatus cx.",,"speciesGroup","Arthropoda","Hexapoda","Insecta","Pterygota","Palaeoptera",,"Ephemeroptera",,,,"Baetidae",,,,"Baetis","tricaudatus cx.",,"larva",1,,2,100,2,"N","N",,"condition OK","Y",,"Morihara and McCafferty 1979; Wiersema, 2004; Webb et al. 2018","N","Rhithron Associates, Inc.","R. Spring",,"c3faad6a-9f6f-424d-b156-500ffe672058",
"da14fd65-c083-4202-bd12-8fbd638abeb2","D16","MCRA","MCRA.AOS.reach","2019-07-31T16:57Z","2020-02-07","MCRA.20190731.SURBER.1","A00000060864",,"RHYBET","Y","Rhyacophila betteni gr.",,"speciesGroup","Arthropoda","Hexapoda","Insecta","Pterygota","Neoptera","Holometabola","Trichoptera",,,"Rhyacophiloidea","Rhyacophilidae",,,,"Rhyacophila","betteni gr.",,"larva",3,,1,100,1,"N","N",,"condition OK","Y",,"Prather and Morris 2001; Morse et al. 2017; Giersch et al. 2012","N","Rhithron Associates, Inc.","R. Spring",,,
"1a7a0751-c4cd-4915-addc-b5682169ced6","D16","MCRA","MCRA.AOS.reach","2019-07-31T16:57Z","2020-02-07","MCRA.20190731.SURBER.3","A00000060866",,"YORSP","Y","Yoraperla sp.",,"genus","Arthropoda","Hexapoda","Insecta","Pterygota","Neoptera","Polyneoptera","Plecoptera","Systellognatha",,,"Peltoperlidae","Peltoperlinae",,,"Yoraperla","sp.",,"larva",1,,66,67,99,"N","N",,"condition OK","Y",,"Stewart and Stark 2002; Merritt et al. 2019","N","Rhithron Associates, Inc.","R. Spring",,,
"f9d650c1-44d6-4bb9-aefc-aa69060b3100","D16","MCRA","MCRA.AOS.reach","2019-07-31T16:57Z","2020-02-07","MCRA.20190731.SURBER.2","A00000060865",,"YORSP","Y","Yoraperla sp.",,"genus","Arthropoda","Hexapoda","Insecta","Pterygota","Neoptera","Polyneoptera","Plecoptera","Systellognatha",,,"Peltoperlidae","Peltoperlinae",,,"Yoraperla","sp.",,"larva",2,,1,90,1,"N","N",,"condition OK","Y",,"Stewart and Stark 2002; Merritt et al. 2019","N","Rhithron Associates, Inc.","R. Spring",,,
"e716b20b-eb6e-4af7-9fa9-825518a14bd6","D16","MCRA","MCRA.AOS.reach","2019-07-31T16:57Z","2020-02-07","MCRA.20190731.SURBER.3","A00000060866",,"HETCOR","Y","Heterlimnius corpulentus",,"species","Arthropoda","Hexapoda","Insecta","Pterygota","Neoptera","Holometabola","Coleoptera","Polyphaga","Elateriformia","Byrrhoidea","Elmidae","Elminae","Elmini",,"Heterlimnius","corpulentus",,"larva",2,,1,67,1,"N","N",,"condition OK","Y",,"Brown 1972; Merritt et al. 2019; Kamite, 2009","N","Rhithron Associates, Inc.","R. Spring",,,
"238c8f4d-cda1-4084-bbf1-9f0fb56c97c9","D16","MCRA","MCRA.AOS.reach","2019-07-31T16:57Z","2020-02-07","MCRA.20190731.SURBER.3","A00000060866",,"EPHALL","Y","Ephemerella alleni",,"species","Arthropoda","Hexapoda","Insecta","Pterygota","Palaeoptera",,"Ephemeroptera","Furcatergalia","Pannota","Ephemerelloidea","Ephemerellidae",,,,"Ephemerella","alleni",,"larva",3,,1,67,1,"N","N",,"condition OK","Y",,"Allen and Edmunds 1965; Jacobus and McCafferty 2008","N","Rhithron Associates, Inc.","R. Spring",,,
"4a3cdc1a-d648-4758-96b0-c7412e177c2e","D16","MCRA","MCRA.AOS.reach","2019-07-31T16:57Z","2020-02-07","MCRA.20190731.SURBER.2","A00000060865",,"GLOSP3","Y","Glossosoma sp.",,"genus","Arthropoda","Hexapoda","Insecta","Pterygota","Neoptera","Holometabola","Trichoptera",,,"Glossosomatoidea","Glossosomatidae","Glossosomatinae","Glossosomatini",,"Glossosoma","sp.",,"larva",1,,10,90,11,"N","N",,"condition OK","Y",,"Merritt et al. 2019","N","Rhithron Associates, Inc.","R. Spring",,,
"b4e8889b-61d3-485f-9bd2-e9c5f675e92c","D16","MCRA","MCRA.AOS.reach","2019-07-31T16:57Z","2020-02-06","MCRA.20190731.SURBER.5","A00000060868",,"LEUSP2","Y","Leuctridae sp.",,"family","Arthropoda","Hexapoda","Insecta","Pterygota","Neoptera","Polyneoptera","Plecoptera","Euholognatha",,,"Leuctridae",,,,,"sp.",,"larva",6,,1,100,1,"N","N","damaged","damaged, affecting taxonomy and measurement","Y",,"Stewart and Stark 2002; Merritt et al. 2019","N","Rhithron Associates, Inc.","R. Spring",,,
"270ab16c-47d0-42be-b875-21b89f5d488a","D16","MCRA","MCRA.AOS.reach","2019-07-31T16:57Z","2020-02-07","MCRA.20190731.SURBER.3","A00000060866",,"GLOSP1","Y","Glossosomatidae sp.",,"family","Arthropoda","Hexapoda","Insecta","Pterygota","Neoptera","Holometabola","Trichoptera",,,"Glossosomatoidea","Glossosomatidae",,,,,"sp.",,"larva",1,,1,67,1,"Y","N","early instar","condition OK","Y",,"Merritt et al. 2019; Wiggins 1996","N","Rhithron Associates, Inc.","R. Spring",,,
"28c306bf-bde0-4b9a-a884-a2befc5c9dc5","D16","MCRA","MCRA.AOS.reach","2019-07-31T16:57Z","2020-02-06","MCRA.20190731.SURBER.6","A00000060871",,"LEPSP4","Y","Leptophlebiidae sp.",,"family","Arthropoda","Hexapoda","Insecta","Pterygota","Palaeoptera",,"Ephemeroptera","Furcatergalia","Lanceolata",,"Leptophlebiidae",,,,,"sp.",,"larva",2,,1,100,1,"Y","N","early instar","condition OK","Y",,"Merritt et al. 2019","N","Rhithron Associates, Inc.","R. Spring",,,
"7a38117f-9f3f-4c16-ba7d-c852c75ef588","D16","MCRA","MCRA.AOS.reach","2019-07-31T16:57Z","2020-02-04","MCRA.20190731.SURBER.3","A00000060866",,"THIGRO","Y","Thienemannimyia gr.",,"speciesGroup","Arthropoda","Hexapoda","Insecta","Pterygota","Neoptera","Holometabola","Diptera","Nematocera","Culicomorpha",,"Chironomidae","Tanypodinae","Pentaneurini",,"Thienemannimyia","gr.",,"larva",2,,1,67,1,"Y","N","early instar","condition OK","Y",,"Weiderholm, 1983; Weiderholm, 1986; Epler 2001; Ferrington et al. 2008; Andersen, Cranston and Epler 2017","N","Rhithron Associates, Inc.","A. Fasbender",,,
"534c9164-f8c3-4485-a20f-0d64765e6f05","D16","MCRA","MCRA.AOS.reach","2019-07-31T16:57Z","2020-02-07","MCRA.20190731.SURBER.2","A00000060865",,"ZAPCIN","Y","Zapada cinctipes",,"species","Arthropoda","Hexapoda","Insecta","Pterygota","Neoptera","Polyneoptera","Plecoptera","Euholognatha",,,"Nemouridae","Nemourinae",,,"Zapada","cinctipes",,"larva",1,,6,90,7,"N","N",,"condition OK","Y",,"Baumann et al. 1977; Stewart and Stark 2002; Merritt et al. 2019","N","Rhithron Associates, Inc.","R. Spring",,,
"0470c9ed-fb51-42f6-a798-e63c66c17792","D16","MCRA","MCRA.AOS.reach","2019-07-31T16:57Z","2020-02-07","MCRA.20190731.SURBER.1","A00000060864",,"LEPSP4","Y","Leptophlebiidae sp.",,"family","Arthropoda","Hexapoda","Insecta","Pterygota","Palaeoptera",,"Ephemeroptera","Furcatergalia","Lanceolata",,"Leptophlebiidae",,,,,"sp.",,"larva",1,,4,100,4,"Y","N","early instar","condition OK","Y",,"Merritt et al. 2019","N","Rhithron Associates, Inc.","R. Spring",,,
"812acb38-3eff-42b3-b98b-1af9eebdabbc","D16","MCRA","MCRA.AOS.reach","2019-07-31T16:57Z","2020-02-06","MCRA.20190731.SURBER.7","A00000060872",,"TORSP6","Y","Torrenticola sp.",,"genus","Arthropoda","Chelicerata","Arachnida","Acari",,"Acariformes","Trombidiformes","Prostigmata",,"Lebertioidea","Torrenticolidae",,,,"Torrenticola","sp.",,"adult",1,,1,100,1,"N","N",,"condition OK","Y",,"Thorp and Rogers 2016","N","Rhithron Associates, Inc.","R. Spring",,,
"75546db5-5753-4644-b3e7-52f3ca9bc7d5","D16","MCRA","MCRA.AOS.reach","2019-07-31T16:57Z","2020-02-06","MCRA.20190731.SURBER.6","A00000060871",,"CAPSP2","Y","Capniidae sp.",,"family","Arthropoda","Hexapoda","Insecta","Pterygota","Neoptera","Polyneoptera","Plecoptera","Euholognatha",,,"Capniidae",,,,,"sp.",,"larva",1,,1,100,1,"Y","N","early instar","condition OK","Y",,"Stewart and Stark 2002; Merritt et al. 2019","N","Rhithron Associates, Inc.","R. Spring",,,
"030566ab-927c-4832-a736-956cf9a140a0","D16","MCRA","MCRA.AOS.reach","2019-07-31T16:57Z","2020-02-06","MCRA.20190731.SURBER.4","A00000060867",,"SIMSP1","Y","Simulium sp.",,"genus","Arthropoda","Hexapoda","Insecta","Pterygota","Neoptera","Holometabola","Diptera","Nematocera","Culicomorpha",,"Simuliidae","Simuliinae","Simuliini",,"Simulium","sp.",,"larva",3,,1,100,1,"N","N",,"condition OK","Y",,"Adler et al. 2004; Merritt et al. 2019","Y","Rhithron Associates, Inc.","R. Spring",,,
"67623953-fa39-4603-8324-f1559f767ef7","D16","MCRA","MCRA.AOS.reach","2019-07-31T16:57Z","2020-02-04","MCRA.20190731.SURBER.2","A00000060865",,"THISP2","Y","Thienemanniella sp.",,"genus","Arthropoda","Hexapoda","Insecta","Pterygota","Neoptera","Holometabola","Diptera","Nematocera","Culicomorpha",,"Chironomidae","Orthocladiinae",,,"Thienemanniella","sp.",,"larva",2,,2,90,2,"N","N",,"condition OK","Y",,"Weiderholm, 1983; Weiderholm, 1986; Epler 2001; Ferrington et al. 2019; Andersen, Cranston and Epler 2013","N","Rhithron Associates, Inc.","B. Hayford",,,
"05f0cc36-f579-46a2-85a2-20e54ab02003","D16","MCRA","MCRA.AOS.reach","2019-07-31T16:57Z","2020-02-06","MCRA.20190731.SURBER.4","A00000060867",,"DRUDOD","Y","Drunella doddsii",,"species","Arthropoda","Hexapoda","Insecta","Pterygota","Palaeoptera",,"Ephemeroptera","Furcatergalia","Pannota","Ephemerelloidea","Ephemerellidae",,,,"Drunella","doddsii",,"larva",1,,1,100,1,"N","N",,"condition OK","Y",,"Allen and Edmunds 1962","Y","Rhithron Associates, Inc.","R. Spring",,,
"efdec3d1-8fa6-4c54-b514-91464c7bedf6","D16","MCRA","MCRA.AOS.reach","2019-07-31T16:57Z","2020-02-04","MCRA.20190731.SURBER.7","A00000060872",,"TVESP","Y","Tvetenia sp.",,"genus","Arthropoda","Hexapoda","Insecta","Pterygota","Neoptera","Holometabola","Diptera","Nematocera","Culicomorpha",,"Chironomidae","Orthocladiinae",,,"Tvetenia","sp.",,"larva",1,,1,100,1,"N","N",,"condition OK","Y",,"Weiderholm, 1983; Weiderholm, 1986; Epler 2001; Ferrington et al. 2019; Andersen, Cranston and Epler 2013","N","Rhithron Associates, Inc.","A. Fasbender",,,
"ebf5b65b-a14d-4aa1-8798-53002aabb3a3","D16","MCRA","MCRA.AOS.reach","2019-07-31T16:57Z","2020-02-04","MCRA.20190731.SURBER.6","A00000060871","BA19NEOMST13030O1","ENCSP1","Y","Enchytraeidae sp.",,"family","Annelida","Clitellata","Oligochaeta","Oligochaeta",,,"Enchytraeida",,,,"Enchytraeidae",,,,,"sp.",,"unknown",1,,3,100,3,"N","N",,"condition OK","Y",,"Kathman and Brinkhurst, 1999","N","Rhithron Associates, Inc.","A. Fasbender",,,
"5e43b649-0534-4079-bc1b-6d1c4c1aeef4","D16","MCRA","MCRA.AOS.reach","2019-07-31T16:57Z","2020-02-07","MCRA.20190731.SURBER.1","A00000060864",,"CAPSP2","Y","Capniidae sp.",,"family","Arthropoda","Hexapoda","Insecta","Pterygota","Neoptera","Polyneoptera","Plecoptera","Euholognatha",,,"Capniidae",,,,,"sp.",,"larva",1,,2,100,2,"Y","N","early instar","condition OK","Y",,"Stewart and Stark 2002; Merritt et al. 2019","N","Rhithron Associates, Inc.","R. Spring",,,
"3202cf59-a74f-47b2-b6ce-9223f6cc47ce","D16","MCRA","MCRA.AOS.reach","2019-07-31T16:57Z","2020-02-07","MCRA.20190731.SURBER.1","A00000060864",,"SWESP","Y","Sweltsa sp.",,"genus","Arthropoda","Hexapoda","Insecta","Pterygota","Neoptera","Polyneoptera","Plecoptera","Systellognatha",,,"Chloroperlidae","Chloroperlinae",,,"Sweltsa","sp.",,"larva",1,,2,100,2,"N","N",,"condition OK","Y",,"Stewart and Stark 2002; Merritt et al. 2019","N","Rhithron Associates, Inc.","R. Spring",,,
"ec5f80b4-584e-4f23-ab8c-8cb6858c9a93","D16","MCRA","MCRA.AOS.reach","2019-07-31T16:57Z","2020-02-06","MCRA.20190731.SURBER.4","A00000060867",,"MICSP3","Y","Micrasema sp.",,"genus","Arthropoda","Hexapoda","Insecta","Pterygota","Neoptera","Holometabola","Trichoptera",,,"Limnephiloidea","Brachycentridae",,,,"Micrasema","sp.",,"larva",1,,5,100,5,"N","N",,"condition OK","Y",,"Wiggins 1996; Merritt et al. 2019","Y","Rhithron Associates, Inc.","R. Spring",,,
"b8f45ec8-705b-4ae8-a738-5342e88ba28e","D16","MCRA","MCRA.AOS.reach","2019-07-31T16:57Z","2020-02-07","MCRA.20190731.SURBER.3","A00000060866",,"TESSP1","Y","Testudacarus sp.",,"genus","Arthropoda","Chelicerata","Arachnida","Acari",,"Acariformes","Trombidiformes","Prostigmata",,"Lebertioidea","Torrenticolidae",,,,"Testudacarus","sp.",,"adult",1,,6,67,9,"N","N",,"condition OK","Y",,"Thorp and Rogers 2016","N","Rhithron Associates, Inc.","R. Spring",,,
"0355fe52-c0e1-4825-ab57-555a97b19f5c","D16","MCRA","MCRA.AOS.reach","2019-07-31T16:57Z","2020-02-04","MCRA.20190731.SURBER.3","A00000060866",,"STESP10","Y","Stempellinella sp.",,"genus","Arthropoda","Hexapoda","Insecta","Pterygota","Neoptera","Holometabola","Diptera","Nematocera","Culicomorpha",,"Chironomidae","Chironominae","Tanytarsini",,"Stempellinella","sp.",,"larva",1,,1,67,1,"N","N",,"condition OK","Y",,"Weiderholm, 1983; Weiderholm, 1986; Epler 2001; Ferrington et al. 2019; Andersen, Cranston and Epler 2013","N","Rhithron Associates, Inc.","A. Fasbender",,,
"b386b11b-8c17-4535-acb8-77e2c686b691","D16","MCRA","MCRA.AOS.reach","2019-07-31T16:57Z","2020-02-07","MCRA.20190731.SURBER.3","A00000060866",,"CERSP10","Y","Ceratopogoninae sp.",,"subfamily","Arthropoda","Hexapoda","Insecta","Pterygota","Neoptera","Holometabola","Diptera","Nematocera","Culicomorpha",,"Ceratopogonidae","Ceratopogoninae",,,,"sp.",,"larva",5,,1,67,1,"N","N",,"condition OK","Y",,"Merritt et al. 2019","N","Rhithron Associates, Inc.","R. Spring",,,
"89798ce2-6913-4d42-a43b-db8b43d83787","D16","MCRA","MCRA.AOS.reach","2019-07-31T16:57Z","2020-02-07","MCRA.20190731.SURBER.2","A00000060865",,"HETCAL","Y","Heteroplectron californicum",,"species","Arthropoda","Hexapoda","Insecta","Pterygota","Neoptera","Holometabola","Trichoptera",,,"Leptoceroidea","Calamoceratidae","Calamoceratinae",,,"Heteroplectron","californicum",,"larva",6,,1,90,1,"N","N",,"condition OK","Y",,"Wiggins 1996; Merritt et al. 2019","N","Rhithron Associates, Inc.","R. Spring",,,
"4de46731-c2c1-4058-9367-056dd9c92fb0","D16","MCRA","MCRA.AOS.reach","2019-07-31T16:57Z","2020-02-07","MCRA.20190731.SURBER.1","A00000060864",,"MICSP3","Y","Micrasema sp.",,"genus","Arthropoda","Hexapoda","Insecta","Pterygota","Neoptera","Holometabola","Trichoptera",,,"Limnephiloidea","Brachycentridae",,,,"Micrasema","sp.",,"larva",2,,7,100,7,"N","N",,"condition OK","Y",,"Wiggins 1996; Merritt et al. 2019","N","Rhithron Associates, Inc.","R. Spring",,,
"c6e267b2-3b49-473e-b26a-f009b9e69179","D16","MCRA","MCRA.AOS.reach","2019-07-31T16:57Z","2020-02-06","MCRA.20190731.SURBER.7","A00000060872",,"DIXSP1","Y","Dixa sp.",,"genus","Arthropoda","Hexapoda","Insecta","Pterygota","Neoptera","Holometabola","Diptera","Nematocera","Culicomorpha",,"Dixidae",,,,"Dixa","sp.",,"larva",2,,2,100,2,"N","N",,"condition OK","Y",,"Merritt et al. 2019","N","Rhithron Associates, Inc.","R. Spring",,,
"f85b9280-68da-4636-9310-41e0c87e9a87","D16","MCRA","MCRA.AOS.reach","2019-07-31T16:57Z","2020-02-04","MCRA.20190731.SURBER.2","A00000060865",,"TANSP7","Y","Tanypodinae sp.",,"subfamily","Arthropoda","Hexapoda","Insecta","Pterygota","Neoptera","Holometabola","Diptera","Nematocera","Culicomorpha",,"Chironomidae","Tanypodinae",,,,"sp.",,"larva",1,,1,90,1,"Y","N","early instar","condition OK","N",,"Weiderholm, 1983; Weiderholm, 1986; Epler 2001; Ferrington et al. 2019; Andersen, Cranston and Epler 2013","N","Rhithron Associates, Inc.","B. Hayford",,,
"b075f0ca-788b-45d2-bf6f-ad7422f54124","D16","MCRA","MCRA.AOS.reach","2019-07-31T16:57Z","2020-02-07","MCRA.20190731.SURBER.2","A00000060865",,"ORISP1","Y","Oribatida sp.",,"suborder","Arthropoda","Chelicerata","Arachnida","Acari",,"Acariformes","Sarcoptiformes","Oribatida",,,,,,,,"sp.",,"adult",1,,1,90,1,"N","N",,"condition OK","Y",,"Thorp and Rogers 2016","N","Rhithron Associates, Inc.","R. Spring",,,
"b44faf2d-df5b-490d-a1b2-75ee0638c2fe","D16","MCRA","MCRA.AOS.reach","2019-07-31T16:57Z","2020-02-04","MCRA.20190731.SURBER.2","A00000060865",,"SYNSP3","Y","Synorthocladius sp.",,"genus","Arthropoda","Hexapoda","Insecta","Pterygota","Neoptera","Holometabola","Diptera","Nematocera","Culicomorpha",,"Chironomidae","Orthocladiinae",,,"Synorthocladius","sp.",,"larva",2,,1,90,1,"N","N",,"condition OK","Y",,"Weiderholm, 1983; Weiderholm, 1986; Epler 2001; Ferrington et al. 2019; Andersen, Cranston and Epler 2013","N","Rhithron Associates, Inc.","B. Hayford",,,
"52c3f7e1-0c4e-4155-a880-878c202f54af","D16","MCRA","MCRA.AOS.reach","2019-07-31T16:57Z","2020-02-06","MCRA.20190731.SURBER.5","A00000060868",,"POLSP5","Y","Polycentropodidae sp.",,"family","Arthropoda","Hexapoda","Insecta","Pterygota","Neoptera","Holometabola","Trichoptera",,,"Hydropsychoidea","Polycentropodidae",,,,,"sp.",,"larva",4,,1,100,1,"Y","N","early instar","condition OK","Y",,"Flint 1994; Wiggins 1996; Merritt et al. 2019; Chamorro and Holzenthal 2011","N","Rhithron Associates, Inc.","R. Spring",,,
"b4cecf0c-00f9-4f85-b42e-b4df06d8da7a","D16","MCRA","MCRA.AOS.reach","2019-07-31T16:57Z","2020-02-06","MCRA.20190731.SURBER.5","A00000060868",,"ACASP1","Y","Acari sp.",,"subclass","Arthropoda","Chelicerata","Arachnida","Acari",,,,,,,,,,,,"sp.",,"larva",1,,1,100,1,"N","N",,"condition OK","N",,"Thorp and Rogers 2016","N","Rhithron Associates, Inc.","R. Spring",,,
"49f89e03-960f-4f6a-994a-0aa0ef85f34f","D16","MCRA","MCRA.AOS.reach","2019-07-31T16:57Z","2020-02-06","MCRA.20190731.SURBER.4","A00000060867",,"RHYBET","Y","Rhyacophila betteni gr.",,"speciesGroup","Arthropoda","Hexapoda","Insecta","Pterygota","Neoptera","Holometabola","Trichoptera",,,"Rhyacophiloidea","Rhyacophilidae",,,,"Rhyacophila","betteni gr.",,"larva",3,,1,100,1,"N","N",,"condition OK","Y",,"Prather and Morris 2001; Morse et al. 2017; Giersch et al. 2012","Y","Rhithron Associates, Inc.","R. Spring",,,
"67e26076-1252-4c03-bf93-0aea4aaa6be6","D16","MCRA","MCRA.AOS.reach","2019-07-31T16:57Z","2020-02-06","MCRA.20190731.SURBER.6","A00000060871",,"HETCOR","Y","Heterlimnius corpulentus",,"species","Arthropoda","Hexapoda","Insecta","Pterygota","Neoptera","Holometabola","Coleoptera","Polyphaga","Elateriformia","Byrrhoidea","Elmidae","Elminae","Elmini",,"Heterlimnius","corpulentus",,"larva",1,,1,100,1,"N","N",,"condition OK","N",,"Brown 1972; Merritt et al. 2019; Kamite, 2009","N","Rhithron Associates, Inc.","R. Spring",,,
"71e6b185-0a8c-47dc-ae84-1d263b1fc458","D16","MCRA","MCRA.AOS.reach","2019-07-31T16:57Z","2020-02-07","MCRA.20190731.SURBER.1","A00000060864",,"HETCOR","Y","Heterlimnius corpulentus",,"species","Arthropoda","Hexapoda","Insecta","Pterygota","Neoptera","Holometabola","Coleoptera","Polyphaga","Elateriformia","Byrrhoidea","Elmidae","Elminae","Elmini",,"Heterlimnius","corpulentus",,"larva",4,,2,100,2,"N","N",,"condition OK","Y",,"Brown 1972; Merritt et al. 2019; Kamite, 2009","N","Rhithron Associates, Inc.","R. Spring",,,
"a10ace23-ab4c-43fa-8abf-680e70d160bb","D16","MCRA","MCRA.AOS.reach","2019-07-31T16:57Z","2020-02-07","MCRA.20190731.SURBER.1","A00000060864",,"BAEALI","Y","Baetis alius",,"species","Arthropoda","Hexapoda","Insecta","Pterygota","Palaeoptera",,"Ephemeroptera","Pisciforma",,,"Baetidae",,,,"Baetis","alius",,"larva",4,,2,100,2,"N","N",,"condition OK","Y",,"Morihara and McCafferty 1979; Wiersema, 2004; Webb et al. 2018","N","Rhithron Associates, Inc.","R. Spring","Reference Collection(1)",,
"44cf2935-4bfc-4f3a-9a9f-5223031b93e4","D16","MCRA","MCRA.AOS.reach","2019-07-31T16:57Z","2020-02-07","MCRA.20190731.SURBER.3","A00000060866",,"EPHALL","Y","Ephemerella alleni",,"species","Arthropoda","Hexapoda","Insecta","Pterygota","Palaeoptera",,"Ephemeroptera","Furcatergalia","Pannota","Ephemerelloidea","Ephemerellidae",,,,"Ephemerella","alleni",,"larva",1,,4,67,6,"N","N",,"condition OK","Y",,"Allen and Edmunds 1965; Jacobus and McCafferty 2008","N","Rhithron Associates, Inc.","R. Spring",,,
"95ac96c2-854d-4e16-a0a7-9f395aff24a7","D16","MCRA","MCRA.AOS.reach","2019-07-31T16:57Z","2020-02-06","MCRA.20190731.SURBER.8","A00000060855",,"DRUDOD","Y","Drunella doddsii",,"species","Arthropoda","Hexapoda","Insecta","Pterygota","Palaeoptera",,"Ephemeroptera","Furcatergalia","Pannota","Ephemerelloidea","Ephemerellidae",,,,"Drunella","doddsii",,"larva",1,,3,100,3,"N","N",,"condition OK","Y",,"Allen and Edmunds 1962","N","Rhithron Associates, Inc.","R. Spring",,,
"6c7325bb-b8cb-4270-8319-833969f24d93","D16","MCRA","MCRA.AOS.reach","2019-07-31T16:57Z","2020-02-06","MCRA.20190731.SURBER.7","A00000060872",,"COLSP1","Y","Collembola sp.",,"order","Arthropoda","Hexapoda","Collembola",,,,"Collembola",,,,,,,,,"sp.",,"unknown",1,,13,100,13,"N","N",,"condition OK","Y",,"Merritt et al. 2019","N","Rhithron Associates, Inc.","R. Spring",,,
"e787f7dc-e156-42f6-9a24-60cd01380ab8","D16","MCRA","MCRA.AOS.reach","2019-07-31T16:57Z","2020-02-07","MCRA.20190731.SURBER.3","A00000060866",,"OSTSP","Y","Ostracoda sp.",,"class","Arthropoda","Crustacea","Ostracoda",,,,,,,,,,,,,"sp.",,"unknown",1,,1,67,1,"N","N",,"condition OK","Y",,"Thorp and Rogers 2016","N","Rhithron Associates, Inc.","R. Spring",,,
"15969b34-efd1-43df-983c-e9c3f2eb8155","D16","MCRA","MCRA.AOS.reach","2019-07-31T16:57Z","2020-02-07","MCRA.20190731.SURBER.1","A00000060864",,"BAESP2","Y","Baetis sp.",,"genus","Arthropoda","Hexapoda","Insecta","Pterygota","Palaeoptera",,"Ephemeroptera","Pisciforma",,,"Baetidae",,,,"Baetis","sp.",,"larva",1,,15,100,15,"Y","N","early instar","condition OK","N",,"Merritt et al. 2019","N","Rhithron Associates, Inc.","R. Spring",,,
"9dc0cb21-d27c-4821-93cc-f7ed03dbc7a4","D16","MCRA","MCRA.AOS.reach","2019-07-31T16:57Z","2020-02-07","MCRA.20190731.SURBER.3","A00000060866",,"RHYBET","Y","Rhyacophila betteni gr.",,"speciesGroup","Arthropoda","Hexapoda","Insecta","Pterygota","Neoptera","Holometabola","Trichoptera",,,"Rhyacophiloidea","Rhyacophilidae",,,,"Rhyacophila","betteni gr.",,"larva",3,,1,67,1,"N","N",,"condition OK","Y",,"Prather and Morris 2001; Morse et al. 2017; Giersch et al. 2012","N","Rhithron Associates, Inc.","R. Spring",,,
"efcb5a41-a83c-41f6-9f0c-f8462afdb615","D16","MCRA","MCRA.AOS.reach","2019-07-31T16:57Z","2020-02-06","MCRA.20190731.SURBER.6","A00000060871",,"BAETRI2","Y","Baetis tricaudatus cx.",,"speciesGroup","Arthropoda","Hexapoda","Insecta","Pterygota","Palaeoptera",,"Ephemeroptera",,,,"Baetidae",,,,"Baetis","tricaudatus cx.",,"larva",1,,2,100,2,"N","N",,"condition OK","Y",,"Morihara and McCafferty 1979; Wiersema, 2004; Webb et al. 2018","N","Rhithron Associates, Inc.","R. Spring",,"76d98172-c587-4fd9-be94-c8d2ffde856a",
"e90e8369-1bee-4aeb-9507-5714f9d6a060","D16","MCRA","MCRA.AOS.reach","2019-07-31T16:57Z","2020-02-04","MCRA.20190731.SURBER.3","A00000060866",,"RHESP2","Y","Rheotanytarsus sp.",,"genus","Arthropoda","Hexapoda","Insecta","Pterygota","Neoptera","Holometabola","Diptera","Nematocera","Culicomorpha",,"Chironomidae","Chironominae","Tanytarsini",,"Rheotanytarsus","sp.",,"larva",2,,3,67,4,"N","N",,"condition OK","Y",,"Weiderholm, 1983; Weiderholm, 1986; Epler 2001; Ferrington et al. 2019; Andersen, Cranston and Epler 2013","N","Rhithron Associates, Inc.","A. Fasbender",,,
"99f415ce-70ed-4163-8f00-65aa175ac9e2","D16","MCRA","MCRA.AOS.reach","2019-07-31T16:57Z","2020-02-07","MCRA.20190731.SURBER.2","A00000060865",,"LEPSP4","Y","Leptophlebiidae sp.",,"family","Arthropoda","Hexapoda","Insecta","Pterygota","Palaeoptera",,"Ephemeroptera","Furcatergalia","Lanceolata",,"Leptophlebiidae",,,,,"sp.",,"larva",1,,2,90,2,"Y","N","early instar","condition OK","Y",,"Merritt et al. 2019","N","Rhithron Associates, Inc.","R. Spring",,,
"ebc92885-a775-45ba-81bc-8121b2236840","D16","MCRA","MCRA.AOS.reach","2019-07-31T16:57Z","2020-02-07","MCRA.20190731.SURBER.2","A00000060865",,"CAPSP2","Y","Capniidae sp.",,"family","Arthropoda","Hexapoda","Insecta","Pterygota","Neoptera","Polyneoptera","Plecoptera","Euholognatha",,,"Capniidae",,,,,"sp.",,"larva",1,,1,90,1,"Y","N","early instar","condition OK","Y",,"Stewart and Stark 2002; Merritt et al. 2019","N","Rhithron Associates, Inc.","R. Spring",,,
"c9825597-e8c4-4ce0-a67f-04fa69e817af","D16","MCRA","MCRA.AOS.reach","2019-07-31T16:57Z","2020-02-04","MCRA.20190731.SURBER.6","A00000060871","BA19NEOMST13030O1","ENCSP1","Y","Enchytraeidae sp.",,"family","Annelida","Clitellata","Oligochaeta","Oligochaeta",,,"Enchytraeida",,,,"Enchytraeidae",,,,,"sp.",,"unknown",4,,5,100,5,"N","N",,"condition OK","Y",,"Kathman and Brinkhurst, 1999","N","Rhithron Associates, Inc.","A. Fasbender",,,
"f8d9810e-d192-4ff4-b359-f5aca26cbb9d","D16","MCRA","MCRA.AOS.reach","2019-07-31T16:57Z","2020-02-04","MCRA.20190731.SURBER.3","A00000060866",,"EUKDEV","Y","Eukiefferiella devonica gr.",,"speciesGroup","Arthropoda","Hexapoda","Insecta","Pterygota","Neoptera","Holometabola","Diptera","Nematocera","Culicomorpha",,"Chironomidae","Orthocladiinae",,,"Eukiefferiella","devonica gr.",,"larva",1,,1,67,1,"N","N",,"condition OK","Y",,"Weiderholm, 1983; Bode, 1983; Weiderholm, 1986; Epler 2001; Ferrington et al. 2019; Andersen, Cranston and Epler 2013","N","Rhithron Associates, Inc.","A. Fasbender",,,
"6a778cf5-50f4-4212-b3f3-67c1eb9751dd","D16","MCRA","MCRA.AOS.reach","2019-07-31T16:57Z","2020-02-06","MCRA.20190731.SURBER.7","A00000060872",,"DRUDOD","Y","Drunella doddsii",,"species","Arthropoda","Hexapoda","Insecta","Pterygota","Palaeoptera",,"Ephemeroptera","Furcatergalia","Pannota","Ephemerelloidea","Ephemerellidae",,,,"Drunella","doddsii",,"larva",2,,4,100,4,"N","N",,"condition OK","Y",,"Allen and Edmunds 1962","N","Rhithron Associates, Inc.","R. Spring",,,
"f75f1d07-2c18-4dc5-afab-b0e76f36b8e7","D16","MCRA","MCRA.AOS.reach","2019-07-31T16:57Z","2020-02-04","MCRA.20190731.SURBER.2","A00000060865",,"BRISP","Y","Brillia sp.",,"genus","Arthropoda","Hexapoda","Insecta","Pterygota","Neoptera","Holometabola","Diptera","Nematocera","Culicomorpha",,"Chironomidae","Orthocladiinae",,,"Brillia","sp.",,"larva",3,,1,90,1,"N","N",,"condition OK","Y",,"Weiderholm, 1983; Weiderholm, 1986; Epler 2001; Ferrington et al. 2019; Andersen, Cranston and Epler 2013","N","Rhithron Associates, Inc.","B. Hayford",,,
"52d9594f-89ab-4335-bdc8-9ad04f23dec1","D16","MCRA","MCRA.AOS.reach","2019-07-31T16:57Z","2020-02-04","MCRA.20190731.SURBER.3","A00000060866",,"THISP2","Y","Thienemanniella sp.",,"genus","Arthropoda","Hexapoda","Insecta","Pterygota","Neoptera","Holometabola","Diptera","Nematocera","Culicomorpha",,"Chironomidae","Orthocladiinae",,,"Thienemanniella","sp.",,"larva",2,,2,67,3,"N","N",,"condition OK","Y",,"Weiderholm, 1983; Weiderholm, 1986; Epler 2001; Ferrington et al. 2019; Andersen, Cranston and Epler 2013","N","Rhithron Associates, Inc.","A. Fasbender",,,
"a9b00d5f-f5e5-43ec-ad66-6644e6609e4d","D16","MCRA","MCRA.AOS.reach","2019-07-31T16:57Z","2020-02-06","MCRA.20190731.SURBER.6","A00000060871",,"PERSP1","Y","Perlidae sp.",,"family","Arthropoda","Hexapoda","Insecta","Pterygota","Neoptera","Polyneoptera","Plecoptera","Systellognatha",,,"Perlidae",,,,,"sp.",,"larva",1,,6,100,6,"Y","N","early instar","condition OK","N",,"Stewart and Stark 2002; Merritt et al. 2019","N","Rhithron Associates, Inc.","R. Spring",,,
"ae4a4067-3613-4275-9358-658b0ec749dd","D16","MCRA","MCRA.AOS.reach","2019-07-31T16:57Z","2020-02-07","MCRA.20190731.SURBER.1","A00000060864",,"BAEPIS1","Y","Baetis piscatoris cx.",,"speciesGroup","Arthropoda","Hexapoda","Insecta","Pterygota","Palaeoptera",,"Ephemeroptera",,,,"Baetidae",,,,"Baetis","piscatoris cx.",,"larva",2,,17,100,17,"N","N",,"condition OK","Y",,"Morihara and McCafferty 1979; Wiersema, 2004; Webb et al. 2018","N","Rhithron Associates, Inc.","R. Spring",,"83622d35-d35c-41cd-9806-62ff2ec30f16",
"3e55f8e9-d977-4d38-82cb-b74b6c47e5b7","D16","MCRA","MCRA.AOS.reach","2019-07-31T16:57Z","2020-02-06","MCRA.20190731.SURBER.7","A00000060872",,"MICSP3","Y","Micrasema sp.",,"genus","Arthropoda","Hexapoda","Insecta","Pterygota","Neoptera","Holometabola","Trichoptera",,,"Limnephiloidea","Brachycentridae",,,,"Micrasema","sp.",,"larva",2,,1,100,1,"N","N",,"condition OK","Y",,"Wiggins 1996; Merritt et al. 2019","N","Rhithron Associates, Inc.","R. Spring",,,
"0e01e8de-55f7-41dc-9ca8-58ea39b4c825","D16","MCRA","MCRA.AOS.reach","2019-07-31T16:57Z","2020-02-06","MCRA.20190731.SURBER.6","A00000060871",,"ZAPCOL","Y","Zapada columbiana",,"species","Arthropoda","Hexapoda","Insecta","Pterygota","Neoptera","Polyneoptera","Plecoptera","Euholognatha",,,"Nemouridae","Nemourinae",,,"Zapada","columbiana",,"larva",2,,1,100,1,"N","N",,"condition OK","Y",,"Baumann et al. 1977; Stewart and Stark 2002; Merritt et al. 2019","N","Rhithron Associates, Inc.","R. Spring",,,
"a31954d0-df4b-4ad2-965e-390a234f5c89","D16","MCRA","MCRA.AOS.reach","2019-07-31T16:57Z","2020-02-06","MCRA.20190731.SURBER.7","A00000060872",,"THASP1","Y","Thaumaleidae sp.",,"family","Arthropoda","Hexapoda","Insecta","Pterygota","Neoptera","Holometabola","Diptera","Nematocera","Culicomorpha",,"Thaumaleidae",,,,,"sp.",,"larva",2,,2,100,2,"N","N",,"condition OK","Y",,"Merritt et al. 2019","N","Rhithron Associates, Inc.","R. Spring","Reference Collection(1)",,
"79c42d25-c924-4feb-a23f-05bb092d2abb","D16","MCRA","MCRA.AOS.reach","2019-07-31T16:57Z","2020-02-07","MCRA.20190731.SURBER.1","A00000060864",,"ZAPCIN","Y","Zapada cinctipes",,"species","Arthropoda","Hexapoda","Insecta","Pterygota","Neoptera","Polyneoptera","Plecoptera","Euholognatha",,,"Nemouridae","Nemourinae",,,"Zapada","cinctipes",,"larva",2,,7,100,7,"N","N",,"condition OK","Y",,"Baumann et al. 1977; Stewart and Stark 2002; Merritt et al. 2019","N","Rhithron Associates, Inc.","R. Spring",,,
"95e80c7a-5193-4403-be7d-cef57045d885","D16","MCRA","MCRA.AOS.reach","2019-07-31T16:57Z","2020-02-04","MCRA.20190731.SURBER.6","A00000060871","BA19NEOMST13030O1","ENCSP1","Y","Enchytraeidae sp.",,"family","Annelida","Clitellata","Oligochaeta","Oligochaeta",,,"Enchytraeida",,,,"Enchytraeidae",,,,,"sp.",,"unknown",2,,2,100,2,"N","N",,"condition OK","Y",,"Kathman and Brinkhurst, 1999","N","Rhithron Associates, Inc.","A. Fasbender",,,
"6cd13f9c-c308-46ee-b735-49235d295221","D16","MCRA","MCRA.AOS.reach","2019-07-31T16:57Z","2020-02-07","MCRA.20190731.SURBER.3","A00000060866",,"BAETRI2","Y","Baetis tricaudatus cx.",,"speciesGroup","Arthropoda","Hexapoda","Insecta","Pterygota","Palaeoptera",,"Ephemeroptera",,,,"Baetidae",,,,"Baetis","tricaudatus cx.",,"larva",2,,7,67,10,"N","N",,"condition OK","Y",,"Morihara and McCafferty 1979; Wiersema, 2004; Webb et al. 2018","N","Rhithron Associates, Inc.","R. Spring",,"d2ee39dd-25e3-4849-8f0d-a9abfe1216e7",
"4747de01-3148-44d0-a2ca-073281f8f363","D16","MCRA","MCRA.AOS.reach","2019-07-31T16:57Z","2020-02-07","MCRA.20190731.SURBER.1","A00000060864",,"SWESP","Y","Sweltsa sp.",,"genus","Arthropoda","Hexapoda","Insecta","Pterygota","Neoptera","Polyneoptera","Plecoptera","Systellognatha",,,"Chloroperlidae","Chloroperlinae",,,"Sweltsa","sp.",,"larva",2,,2,100,2,"N","N",,"condition OK","Y",,"Stewart and Stark 2002; Merritt et al. 2019","N","Rhithron Associates, Inc.","R. Spring",,,
"becc1eab-c0d5-4667-8036-2f1145339e53","D16","MCRA","MCRA.AOS.reach","2019-07-31T16:57Z","2020-02-06","MCRA.20190731.SURBER.8","A00000060855",,"GLOSP1","Y","Glossosomatidae sp.",,"family","Arthropoda","Hexapoda","Insecta","Pterygota","Neoptera","Holometabola","Trichoptera",,,"Glossosomatoidea","Glossosomatidae",,,,,"sp.",,"larva",1,,12,100,12,"Y","N","early instar","condition OK","Y",,"Merritt et al. 2019; Wiggins 1996","N","Rhithron Associates, Inc.","R. Spring",,,
"bfb233f3-f0eb-49ba-b304-42fae20c2be6","D16","MCRA","MCRA.AOS.reach","2019-07-31T16:57Z","2020-02-07","MCRA.20190731.SURBER.1","A00000060864",,"PERSP2","Y","Perlodidae sp.",,"family","Arthropoda","Hexapoda","Insecta","Pterygota","Neoptera","Polyneoptera","Plecoptera","Systellognatha",,,"Perlodidae",,,,,"sp.",,"larva",2,,3,100,3,"Y","N","early instar","condition OK","Y",,"Stewart and Stark 2002; Merritt et al. 2019","N","Rhithron Associates, Inc.","R. Spring",,,
"d0ce0a86-1437-452f-a0b0-25ba6f27c503","D16","MCRA","MCRA.AOS.reach","2019-07-31T16:57Z","2020-02-06","MCRA.20190731.SURBER.8","A00000060855",,"CAPSP2","Y","Capniidae sp.",,"family","Arthropoda","Hexapoda","Insecta","Pterygota","Neoptera","Polyneoptera","Plecoptera","Euholognatha",,,"Capniidae",,,,,"sp.",,"larva",1,,1,100,1,"Y","N","early instar","condition OK","Y",,"Stewart and Stark 2002; Merritt et al. 2019","N","Rhithron Associates, Inc.","R. Spring",,,
"d44820b1-149f-4e4f-ac0a-388bd4b94b99","D16","MCRA","MCRA.AOS.reach","2019-07-31T16:57Z","2020-02-04","MCRA.20190731.SURBER.4","A00000060867",,"TVESP","Y","Tvetenia sp.",,"genus","Arthropoda","Hexapoda","Insecta","Pterygota","Neoptera","Holometabola","Diptera","Nematocera","Culicomorpha",,"Chironomidae","Orthocladiinae",,,"Tvetenia","sp.",,"larva",1,,1,100,1,"N","N",,"condition OK","Y",,"Weiderholm, 1983; Weiderholm, 1986; Epler 2001; Ferrington et al. 2019; Andersen, Cranston and Epler 2013","Y","Rhithron Associates, Inc.","A. Fasbender",,,
"59f333c0-a963-4d18-903f-034b34e3db76","D16","MCRA","MCRA.AOS.reach","2019-07-31T16:57Z","2020-02-07","MCRA.20190731.SURBER.1","A00000060864",,"LEBSP1","Y","Lebertia sp.",,"genus","Arthropoda","Chelicerata","Arachnida","Acari",,"Acariformes","Trombidiformes","Prostigmata",,"Lebertioidea","Lebertiidae",,,,"Lebertia","sp.",,"adult",1,,1,100,1,"N","N",,"condition OK","Y",,"Thorp and Rogers 2016","N","Rhithron Associates, Inc.","R. Spring",,,
"c047c2e3-b9d1-4db0-bee6-4b761b18f140","D16","MCRA","MCRA.AOS.reach","2019-07-31T16:57Z","2020-02-07","MCRA.20190731.SURBER.1","A00000060864",,"DICSP6","Y","Dicranota sp.",,"genus","Arthropoda","Hexapoda","Insecta","Pterygota","Neoptera","Holometabola","Diptera","Nematocera","Tipulomorpha",,"Tipulidae","Limoniinae","Pediciini",,"Dicranota","sp.",,"larva",1,,1,100,1,"N","N",,"condition OK","Y",,"Gelhaus and Podeniene 2018; Merritt et al. 2019","N","Rhithron Associates, Inc.","R. Spring",,,
"e77faf20-c894-4d5f-bd7b-212ecc1c38ed","D16","MCRA","MCRA.AOS.reach","2019-07-31T16:57Z","2020-02-04","MCRA.20190731.SURBER.1","A00000060864",,"TVESP","Y","Tvetenia sp.",,"genus","Arthropoda","Hexapoda","Insecta","Pterygota","Neoptera","Holometabola","Diptera","Nematocera","Culicomorpha",,"Chironomidae","Orthocladiinae",,,"Tvetenia","sp.",,"larva",2,,8,100,8,"N","N",,"condition OK","Y",,"Weiderholm, 1983; Weiderholm, 1986; Epler 2001; Ferrington et al. 2019; Andersen, Cranston and Epler 2013","N","Rhithron Associates, Inc.","B. Hayford",,,
"6cb167f7-a1f7-45a7-9b72-0335d1e88e8c","D16","MCRA","MCRA.AOS.reach","2019-07-31T16:57Z","2020-02-06","MCRA.20190731.SURBER.6","A00000060871",,"DIPHAG","Y","Diphetor hageni",,"species","Arthropoda","Hexapoda","Insecta","Pterygota","Palaeoptera",,"Ephemeroptera","Pisciforma",,,"Baetidae",,,,"Diphetor","hageni",,"larva",1,,1,100,1,"N","N",,"condition OK","Y",,"Morihara and McCafferty 1987; Meyer and McCafferty 2001; Merritt et al. 2019","N","Rhithron Associates, Inc.","R. Spring",,,
"c22e5b11-064a-432f-9ad2-d8ed69c42d8d","D16","MCRA","MCRA.AOS.reach","2019-07-31T16:57Z","2020-02-06","MCRA.20190731.SURBER.7","A00000060872",,"PERSP1","Y","Perlidae sp.",,"family","Arthropoda","Hexapoda","Insecta","Pterygota","Neoptera","Polyneoptera","Plecoptera","Systellognatha",,,"Perlidae",,,,,"sp.",,"larva",2,,7,100,7,"Y","N","early instar","condition OK","Y",,"Stewart and Stark 2002; Merritt et al. 2019","N","Rhithron Associates, Inc.","R. Spring",,,
"c07ddf49-89d0-4155-96a9-878761803d03","D16","MCRA","MCRA.AOS.reach","2019-07-31T16:57Z","2020-02-04","MCRA.20190731.SURBER.1","A00000060864",,"THIGRO","Y","Thienemannimyia gr.",,"speciesGroup","Arthropoda","Hexapoda","Insecta","Pterygota","Neoptera","Holometabola","Diptera","Nematocera","Culicomorpha",,"Chironomidae","Tanypodinae","Pentaneurini",,"Thienemannimyia","gr.",,"larva",2,,1,100,1,"Y","N","early instar","condition OK","N",,"Weiderholm, 1983; Weiderholm, 1986; Epler 2001; Ferrington et al. 2008; Andersen, Cranston and Epler 2017","N","Rhithron Associates, Inc.","B. Hayford",,,
"290e103e-2501-4c19-8d13-00bd16b34a75","D16","MCRA","MCRA.AOS.reach","2019-07-31T16:57Z","2020-02-06","MCRA.20190731.SURBER.6","A00000060871",,"CALCAL","Y","Calineuria californica",,"species","Arthropoda","Hexapoda","Insecta","Pterygota","Neoptera","Polyneoptera","Plecoptera","Systellognatha",,,"Perlidae","Acroneuriinae","Acroneuriini",,"Calineuria","californica",,"larva",16,,1,100,1,"N","N",,"condition OK","Y",,"Stewart and Stark 2002; Merritt et al. 2019","N","Rhithron Associates, Inc.","R. Spring",,,
"2ee9049a-597e-4f6a-beaf-59c4ecce38ae","D16","MCRA","MCRA.AOS.reach","2019-07-31T16:57Z","2020-02-06","MCRA.20190731.SURBER.7","A00000060872",,"LEPSP20","Y","Lepidostoma sp.",,"genus","Arthropoda","Hexapoda","Insecta","Pterygota","Neoptera","Holometabola","Trichoptera",,,"Limnephiloidea","Lepidostomatidae","Lepidostomatinae",,,"Lepidostoma","sp.",,"larva",4,,1,100,1,"N","N",,"condition OK","Y",,"Wiggins 1996; Merritt et al. 2019","N","Rhithron Associates, Inc.","R. Spring",,,
"07724fa1-1bb1-4f86-8756-2f8ef0dde365","D16","MCRA","MCRA.AOS.reach","2019-07-31T16:57Z","2020-02-04","MCRA.20190731.SURBER.3","A00000060866",,"RHESP2","Y","Rheotanytarsus sp.",,"genus","Arthropoda","Hexapoda","Insecta","Pterygota","Neoptera","Holometabola","Diptera","Nematocera","Culicomorpha",,"Chironomidae","Chironominae","Tanytarsini",,"Rheotanytarsus","sp.",,"pupa",3,,1,67,1,"N","N",,"condition OK","N",,"Weiderholm, 1983; Weiderholm, 1986; Epler 2001; Ferrington et al. 2019; Andersen, Cranston and Epler 2013","N","Rhithron Associates, Inc.","A. Fasbender",,,
"5eb4ec9e-aa0a-4503-9c22-31c0ac873928","D16","MCRA","MCRA.AOS.reach","2019-07-31T16:57Z","2020-02-06","MCRA.20190731.SURBER.5","A00000060868",,"TESSP1","Y","Testudacarus sp.",,"genus","Arthropoda","Chelicerata","Arachnida","Acari",,"Acariformes","Trombidiformes","Prostigmata",,"Lebertioidea","Torrenticolidae",,,,"Testudacarus","sp.",,"adult",1,,6,100,6,"N","N",,"condition OK","Y",,"Thorp and Rogers 2016","N","Rhithron Associates, Inc.","R. Spring",,,
"1114749d-010f-4fca-b937-6e62f45db4b9","D16","MCRA","MCRA.AOS.reach","2019-07-31T16:57Z","2020-02-04","MCRA.20190731.SURBER.1","A00000060864",,"MICSP6","Y","Micropsectra sp.",,"genus","Arthropoda","Hexapoda","Insecta","Pterygota","Neoptera","Holometabola","Diptera","Nematocera","Culicomorpha",,"Chironomidae","Chironominae","Tanytarsini",,"Micropsectra","sp.",,"larva",2,,2,100,2,"N","N",,"condition OK","Y",,"Weiderholm, 1983; Weiderholm, 1986; Epler 2001; Ferrington et al. 2019; Andersen, Cranston and Epler 2013","N","Rhithron Associates, Inc.","B. Hayford",,,
"638f3996-6860-4290-b1df-453c15d79c3c","D16","MCRA","MCRA.AOS.reach","2019-07-31T16:57Z","2020-02-07","MCRA.20190731.SURBER.1","A00000060864",,"CINSP","Y","Cinygma sp.",,"genus","Arthropoda","Hexapoda","Insecta","Pterygota","Palaeoptera",,"Ephemeroptera","Pisciforma",,"Heptagenioidea","Heptageniidae",,,,"Cinygma","sp.",,"larva",5,,1,100,1,"N","N",,"condition OK","Y",,"Merritt et al. 2019","N","Rhithron Associates, Inc.","R. Spring","Reference Collection(1)",,
"0a9325d0-9501-4525-8950-fdf699555703","D16","MCRA","MCRA.AOS.reach","2019-07-31T16:57Z","2020-02-07","MCRA.20190731.SURBER.1","A00000060864",,"CAUSP3","Y","Caudatella sp.",,"genus","Arthropoda","Hexapoda","Insecta","Pterygota","Palaeoptera",,"Ephemeroptera","Furcatergalia","Pannota","Ephemerelloidea","Ephemerellidae",,,,"Caudatella","sp.",,"larva",1,,1,100,1,"Y","N","early instar","condition OK","Y",,"Merritt et al. 2019","N","Rhithron Associates, Inc.","R. Spring",,,
"2141aca7-dd45-4458-8ab2-abc63f16d1d3","D16","MCRA","MCRA.AOS.reach","2019-07-31T16:57Z","2020-02-07","MCRA.20190731.SURBER.3","A00000060866",,"SIMSP1","Y","Simulium sp.",,"genus","Arthropoda","Hexapoda","Insecta","Pterygota","Neoptera","Holometabola","Diptera","Nematocera","Culicomorpha",,"Simuliidae","Simuliinae","Simuliini",,"Simulium","sp.",,"larva",1,,1,67,1,"N","N",,"condition OK","Y",,"Adler et al. 2004; Merritt et al. 2019","N","Rhithron Associates, Inc.","R. Spring",,,
"f801ea95-b205-4578-85c7-60589f5be6e1","D16","MCRA","MCRA.AOS.reach","2019-07-31T16:57Z","2020-02-06","MCRA.20190731.SURBER.8","A00000060855",,"THASP1","Y","Thaumaleidae sp.",,"family","Arthropoda","Hexapoda","Insecta","Pterygota","Neoptera","Holometabola","Diptera","Nematocera","Culicomorpha",,"Thaumaleidae",,,,,"sp.",,"larva",3,,1,100,1,"N","N",,"condition OK","Y",,"Merritt et al. 2019","N","Rhithron Associates, Inc.","R. Spring",,,
"a81cb5c8-a31f-470b-ae34-4a1aff33c5da","D16","MCRA","MCRA.AOS.reach","2019-07-31T16:57Z","2020-02-07","MCRA.20190731.SURBER.1","A00000060864",,"PERSP1","Y","Perlidae sp.",,"family","Arthropoda","Hexapoda","Insecta","Pterygota","Neoptera","Polyneoptera","Plecoptera","Systellognatha",,,"Perlidae",,,,,"sp.",,"larva",4,,1,100,1,"Y","N","early instar","condition OK","Y",,"Stewart and Stark 2002; Merritt et al. 2019","N","Rhithron Associates, Inc.","R. Spring",,,
"5a8f88c6-b744-45dd-9e91-54932d8e19fe","D16","MCRA","MCRA.AOS.reach","2019-07-31T16:57Z","2020-02-04","MCRA.20190731.SURBER.6","A00000060871",,"PAGSP4","Y","Pagastia sp.",,"genus","Arthropoda","Hexapoda","Insecta","Pterygota","Neoptera","Holometabola","Diptera","Nematocera","Culicomorpha",,"Chironomidae","Diamesinae","Diamesini",,"Pagastia","sp.",,"larva",2,,1,100,1,"N","N",,"condition OK","Y",,"Weiderholm, 1983; Weiderholm, 1986; Epler 2001; Ferrington et al. 2019; Andersen, Cranston and Epler 2013","N","Rhithron Associates, Inc.","A. Fasbender",,,
"ce977d88-1383-4a88-90b7-cc0a199be390","D16","MCRA","MCRA.AOS.reach","2019-07-31T16:57Z","2020-02-07","MCRA.20190731.SURBER.1","A00000060864",,"COLSP1","Y","Collembola sp.",,"order","Arthropoda","Hexapoda","Collembola",,,,"Collembola",,,,,,,,,"sp.",,"unknown",2,,1,100,1,"N","N",,"condition OK","Y",,"Merritt et al. 2019","N","Rhithron Associates, Inc.","R. Spring",,,
"08a926ec-0e70-4bd1-aee6-ba7a2f420958","D16","MCRA","MCRA.AOS.reach","2019-07-31T16:57Z","2020-02-07","MCRA.20190731.SURBER.2","A00000060865",,"SWESP","Y","Sweltsa sp.",,"genus","Arthropoda","Hexapoda","Insecta","Pterygota","Neoptera","Polyneoptera","Plecoptera","Systellognatha",,,"Chloroperlidae","Chloroperlinae",,,"Sweltsa","sp.",,"larva",2,,2,90,2,"N","N",,"condition OK","Y",,"Stewart and Stark 2002; Merritt et al. 2019","N","Rhithron Associates, Inc.","R. Spring",,,
"f93a1783-c4cc-4c23-90ea-38f6242f5074","D16","MCRA","MCRA.AOS.reach","2019-07-31T16:57Z","2020-02-06","MCRA.20190731.SURBER.5","A00000060868",,"GLOSP1","Y","Glossosomatidae sp.",,"family","Arthropoda","Hexapoda","Insecta","Pterygota","Neoptera","Holometabola","Trichoptera",,,"Glossosomatoidea","Glossosomatidae",,,,,"sp.",,"pupa",4,,1,100,1,"N","N",,"condition OK","N",,"Merritt et al. 2019; Wiggins 1996","N","Rhithron Associates, Inc.","R. Spring",,,
"2406cdc1-9a61-47fc-8f74-7acfb0aaab95","D16","MCRA","MCRA.AOS.reach","2019-07-31T16:57Z","2020-02-07","MCRA.20190731.SURBER.2","A00000060865",,"AMESP2","Y","Ameletus sp.",,"genus","Arthropoda","Hexapoda","Insecta","Pterygota","Palaeoptera",,"Ephemeroptera","Pisciforma",,,"Ameletidae",,,,"Ameletus","sp.",,"larva",1,,2,90,2,"N","N",,"condition OK","Y",,"Merritt et al. 2019","N","Rhithron Associates, Inc.","R. Spring",,,
"daa4a30f-d0b5-407e-bf98-e33da2d9195d","D16","MCRA","MCRA.AOS.reach","2019-07-31T16:57Z","2020-02-06","MCRA.20190731.SURBER.8","A00000060855",,"CINSP","Y","Cinygma sp.",,"genus","Arthropoda","Hexapoda","Insecta","Pterygota","Palaeoptera",,"Ephemeroptera","Pisciforma",,"Heptagenioidea","Heptageniidae",,,,"Cinygma","sp.",,"larva",7,,1,100,1,"N","N",,"condition OK","Y",,"Merritt et al. 2019","N","Rhithron Associates, Inc.","R. Spring",,,
"5e559a1b-a1cb-4b79-9986-e5640b784784","D16","MCRA","MCRA.AOS.reach","2019-07-31T16:57Z","2020-02-04","MCRA.20190731.SURBER.2","A00000060865",,"ZAVSP","Y","Zavrelimyia sp.",,"genus","Arthropoda","Hexapoda","Insecta","Pterygota","Neoptera","Holometabola","Diptera","Nematocera","Culicomorpha",,"Chironomidae","Tanypodinae","Pentaneurini",,"Zavrelimyia","sp.",,"larva",6,,1,90,1,"N","N",,"condition OK","Y",,"Weiderholm, 1983; Weiderholm, 1986; Epler 2001; Ferrington et al. 2019; Andersen, Cranston and Epler 2013","N","Rhithron Associates, Inc.","B. Hayford",,,
"a1dcaa07-cc56-459f-adf1-18c879065520","D16","MCRA","MCRA.AOS.reach","2019-07-31T16:57Z","2020-02-07","MCRA.20190731.SURBER.2","A00000060865",,"ATUSP1","Y","Aturus sp.",,"genus","Arthropoda","Chelicerata","Arachnida","Acari",,"Acariformes","Trombidiformes","Prostigmata",,"Hygrobatoidea","Aturidae",,,,"Aturus","sp.",,"adult",1,,8,90,9,"N","N",,"condition OK","Y",,"Thorp and Rogers 2016","N","Rhithron Associates, Inc.","R. Spring",,,
"1c0aa490-818b-49bb-a538-a840c3b6dd35","D16","MCRA","MCRA.AOS.reach","2019-07-31T16:57Z","2020-02-04","MCRA.20190731.SURBER.7","A00000060872",,"THISP2","Y","Thienemanniella sp.",,"genus","Arthropoda","Hexapoda","Insecta","Pterygota","Neoptera","Holometabola","Diptera","Nematocera","Culicomorpha",,"Chironomidae","Orthocladiinae",,,"Thienemanniella","sp.",,"larva",2,,1,100,1,"N","N",,"condition OK","Y",,"Weiderholm, 1983; Weiderholm, 1986; Epler 2001; Ferrington et al. 2019; Andersen, Cranston and Epler 2013","N","Rhithron Associates, Inc.","A. Fasbender",,,
"c6f50c32-c626-40a0-91c9-ca74e78f4daa","D16","MCRA","MCRA.AOS.reach","2019-07-31T16:57Z","2020-02-06","MCRA.20190731.SURBER.4","A00000060867",,"RHISP4","Y","Rhithrogena sp.",,"genus","Arthropoda","Hexapoda","Insecta","Pterygota","Palaeoptera",,"Ephemeroptera","Pisciforma",,"Heptagenioidea","Heptageniidae",,,,"Rhithrogena","sp.",,"larva",2,,1,100,1,"N","N",,"condition OK","Y",,"Merritt et al. 2019","Y","Rhithron Associates, Inc.","R. Spring",,,
"689972ca-a9f9-4625-8426-cef568f693cf","D16","MCRA","MCRA.AOS.reach","2019-07-31T16:57Z","2020-02-06","MCRA.20190731.SURBER.4","A00000060867",,"BAEPIS1","Y","Baetis piscatoris cx.",,"speciesGroup","Arthropoda","Hexapoda","Insecta","Pterygota","Palaeoptera",,"Ephemeroptera",,,,"Baetidae",,,,"Baetis","piscatoris cx.",,"larva",2,,1,100,1,"N","N",,"condition OK","Y",,"Morihara and McCafferty 1979; Wiersema, 2004; Webb et al. 2018","Y","Rhithron Associates, Inc.","R. Spring",,"30175fc5-415f-44d7-85df-bede8086c2ac",
"a7a6251a-c527-4282-b9b2-2b9eac1a9411","D16","MCRA","MCRA.AOS.reach","2019-07-31T16:57Z","2020-02-06","MCRA.20190731.SURBER.5","A00000060868",,"SIMSP1","Y","Simulium sp.",,"genus","Arthropoda","Hexapoda","Insecta","Pterygota","Neoptera","Holometabola","Diptera","Nematocera","Culicomorpha",,"Simuliidae","Simuliinae","Simuliini",,"Simulium","sp.",,"larva",2,,1,100,1,"N","N",,"condition OK","Y",,"Adler et al. 2004; Merritt et al. 2019","N","Rhithron Associates, Inc.","R. Spring",,,
"527a5ecd-1e2f-49ea-b54f-11ab0d5ff32a","D16","MCRA","MCRA.AOS.reach","2019-07-31T16:57Z","2020-02-07","MCRA.20190731.SURBER.2","A00000060865",,"MONSP19","Y","Monatractides sp.",,"genus","Arthropoda","Chelicerata","Arachnida","Acari",,"Acariformes","Trombidiformes","Prostigmata",,"Lebertioidea","Torrenticolidae",,,,"Monatractides","sp.",,"adult",1,,1,90,1,"N","N",,"condition OK","Y",,"Thorp and Rogers 2016","N","Rhithron Associates, Inc.","R. Spring",,,
"e06c6c9e-e578-4c64-9a13-bea07a658b88","D16","MCRA","MCRA.AOS.reach","2019-07-31T16:57Z","2020-02-07","MCRA.20190731.SURBER.1","A00000060864",,"LEPSP4","Y","Leptophlebiidae sp.",,"family","Arthropoda","Hexapoda","Insecta","Pterygota","Palaeoptera",,"Ephemeroptera","Furcatergalia","Lanceolata",,"Leptophlebiidae",,,,,"sp.",,"larva",2,,4,100,4,"Y","N","early instar","condition OK","Y",,"Merritt et al. 2019","N","Rhithron Associates, Inc.","R. Spring",,,
"b05cf0a1-a293-414f-945b-7bbaa4351f10","D16","MCRA","MCRA.AOS.reach","2019-07-31T16:57Z","2020-02-07","MCRA.20190731.SURBER.3","A00000060866",,"YORSP","Y","Yoraperla sp.",,"genus","Arthropoda","Hexapoda","Insecta","Pterygota","Neoptera","Polyneoptera","Plecoptera","Systellognatha",,,"Peltoperlidae","Peltoperlinae",,,"Yoraperla","sp.",,"larva",2,,11,67,16,"N","N",,"condition OK","Y",,"Stewart and Stark 2002; Merritt et al. 2019","N","Rhithron Associates, Inc.","R. Spring",,,
"6e99eddb-e336-4628-bba2-ed6759c9fce2","D16","MCRA","MCRA.AOS.reach","2019-07-31T16:57Z","2020-02-06","MCRA.20190731.SURBER.8","A00000060855",,"LEPSP4","Y","Leptophlebiidae sp.",,"family","Arthropoda","Hexapoda","Insecta","Pterygota","Palaeoptera",,"Ephemeroptera","Furcatergalia","Lanceolata",,"Leptophlebiidae",,,,,"sp.",,"larva",2,,1,100,1,"Y","N","early instar","condition OK","Y",,"Merritt et al. 2019","N","Rhithron Associates, Inc.","R. Spring",,,
"41a26e56-9b4d-496a-8af3-241c420500f5","D16","MCRA","MCRA.AOS.reach","2019-07-31T16:57Z","2020-02-06","MCRA.20190731.SURBER.8","A00000060855",,"POLSP17","Y","Polycelis sp.",,"genus","Platyhelminthes","Rhabditophora","Trepaxonemata",,,,"Neoophora",,,,"Planariidae",,,,"Polycelis","sp.",,"unknown",2,,1,100,1,"N","N",,"condition OK","Y",,"Thorp and Rogers 2016","N","Rhithron Associates, Inc.","R. Spring",,,
"cdea2820-662a-4de8-997a-794e203d68d8","D16","MCRA","MCRA.AOS.reach","2019-07-31T16:57Z","2020-02-07","MCRA.20190731.SURBER.3","A00000060866",,"MICSP3","Y","Micrasema sp.",,"genus","Arthropoda","Hexapoda","Insecta","Pterygota","Neoptera","Holometabola","Trichoptera",,,"Limnephiloidea","Brachycentridae",,,,"Micrasema","sp.",,"larva",2,,15,67,22,"N","N",,"condition OK","Y",,"Wiggins 1996; Merritt et al. 2019","N","Rhithron Associates, Inc.","R. Spring",,,
"544eeff0-3cee-4baf-aff9-5f1866e955dd","D16","MCRA","MCRA.AOS.reach","2019-07-31T16:57Z","2020-02-04","MCRA.20190731.SURBER.1","A00000060864",,"STESP10","Y","Stempellinella sp.",,"genus","Arthropoda","Hexapoda","Insecta","Pterygota","Neoptera","Holometabola","Diptera","Nematocera","Culicomorpha",,"Chironomidae","Chironominae","Tanytarsini",,"Stempellinella","sp.",,"larva",2,,3,100,3,"N","N",,"condition OK","Y",,"Weiderholm, 1983; Weiderholm, 1986; Epler 2001; Ferrington et al. 2019; Andersen, Cranston and Epler 2013","N","Rhithron Associates, Inc.","B. Hayford",,,
"0cff1446-5d9e-4445-94d5-7d3e8e329af9","D16","MCRA","MCRA.AOS.reach","2019-07-31T16:57Z","2020-02-06","MCRA.20190731.SURBER.6","A00000060871",,"BAEPIS1","Y","Baetis piscatoris cx.",,"speciesGroup","Arthropoda","Hexapoda","Insecta","Pterygota","Palaeoptera",,"Ephemeroptera",,,,"Baetidae",,,,"Baetis","piscatoris cx.",,"larva",2,,3,100,3,"N","N",,"condition OK","Y",,"Morihara and McCafferty 1979; Wiersema, 2004; Webb et al. 2018","N","Rhithron Associates, Inc.","R. Spring",,"f4fe6fe1-f455-4e85-b500-bff2f45cc807",
"5b76f028-6323-4313-bdf5-b325b0397bb3","D16","MCRA","MCRA.AOS.reach","2019-07-31T16:57Z","2020-02-06","MCRA.20190731.SURBER.7","A00000060872",,"DIXSP1","Y","Dixa sp.",,"genus","Arthropoda","Hexapoda","Insecta","Pterygota","Neoptera","Holometabola","Diptera","Nematocera","Culicomorpha",,"Dixidae",,,,"Dixa","sp.",,"larva",1,,1,100,1,"N","N",,"condition OK","Y",,"Merritt et al. 2019","N","Rhithron Associates, Inc.","R. Spring",,,
"07deb6e5-08c6-4581-9f35-33774eb97fb8","D16","MCRA","MCRA.AOS.reach","2019-07-31T16:57Z","2020-02-07","MCRA.20190731.SURBER.2","A00000060865",,"SIMSP1","Y","Simulium sp.",,"genus","Arthropoda","Hexapoda","Insecta","Pterygota","Neoptera","Holometabola","Diptera","Nematocera","Culicomorpha",,"Simuliidae","Simuliinae","Simuliini",,"Simulium","sp.",,"larva",2,,1,90,1,"N","N",,"condition OK","Y",,"Adler et al. 2004; Merritt et al. 2019","N","Rhithron Associates, Inc.","R. Spring",,,
"31136c99-ba34-466a-988b-1c2d13ea906a","D16","MCRA","MCRA.AOS.reach","2019-07-31T16:57Z","2020-02-07","MCRA.20190731.SURBER.2","A00000060865",,"APASP2","Y","Apatania sp.",,"genus","Arthropoda","Hexapoda","Insecta","Pterygota","Neoptera","Holometabola","Trichoptera",,,"Limnephiloidea","Apataniidae","Apataniinae","Apataniini",,"Apatania","sp.",,"larva",2,,1,90,1,"N","N",,"condition OK","Y",,"Wiggins 1996; Merritt et al. 2019","N","Rhithron Associates, Inc.","R. Spring",,,
"198b3c72-9d8e-46e1-9b34-73f41d93149a","D16","MCRA","MCRA.AOS.reach","2019-07-31T16:57Z","2020-02-04","MCRA.20190731.SURBER.5","A00000060868",,"STESP10","Y","Stempellinella sp.",,"genus","Arthropoda","Hexapoda","Insecta","Pterygota","Neoptera","Holometabola","Diptera","Nematocera","Culicomorpha",,"Chironomidae","Chironominae","Tanytarsini",,"Stempellinella","sp.",,"larva",2,,1,100,1,"N","N",,"condition OK","Y",,"Weiderholm, 1983; Weiderholm, 1986; Epler 2001; Ferrington et al. 2019; Andersen, Cranston and Epler 2013","N","Rhithron Associates, Inc.","A. Fasbender",,,
"f25b351a-3af0-4c92-a779-a40d91ad6714","D16","MCRA","MCRA.AOS.reach","2019-07-31T16:57Z","2020-02-04","MCRA.20190731.SURBER.1","A00000060864",,"THIGRO","Y","Thienemannimyia gr.",,"speciesGroup","Arthropoda","Hexapoda","Insecta","Pterygota","Neoptera","Holometabola","Diptera","Nematocera","Culicomorpha",,"Chironomidae","Tanypodinae","Pentaneurini",,"Thienemannimyia","gr.",,"larva",4,,1,100,1,"Y","N","early instar","condition OK","N",,"Weiderholm, 1983; Weiderholm, 1986; Epler 2001; Ferrington et al. 2008; Andersen, Cranston and Epler 2017","N","Rhithron Associates, Inc.","B. Hayford",,,
"49033e69-e2b7-4a01-82f5-3c9ca2b49244","D16","MCRA","MCRA.AOS.reach","2019-07-31T16:57Z","2020-02-07","MCRA.20190731.SURBER.3","A00000060866",,"ORISP1","Y","Oribatida sp.",,"suborder","Arthropoda","Chelicerata","Arachnida","Acari",,"Acariformes","Sarcoptiformes","Oribatida",,,,,,,,"sp.",,"adult",1,,1,67,1,"N","N",,"condition OK","Y",,"Thorp and Rogers 2016","N","Rhithron Associates, Inc.","R. Spring",,,
"4a0a44ee-09f0-4e58-a0f9-175890a10092","D16","MCRA","MCRA.AOS.reach","2019-07-31T16:57Z","2020-02-04","MCRA.20190731.SURBER.2","A00000060865",,"CORSP19","Y","Corynoneura sp.",,"genus","Arthropoda","Hexapoda","Insecta","Pterygota","Neoptera","Holometabola","Diptera","Nematocera","Culicomorpha",,"Chironomidae","Orthocladiinae",,,"Corynoneura","sp.",,"larva",1,,3,90,3,"N","N",,"condition OK","Y",,"Weiderholm, 1983; Weiderholm, 1986; Epler 2001; Ferrington et al. 2019; Andersen, Cranston and Epler 2013","N","Rhithron Associates, Inc.","B. Hayford",,,
"17739263-f6f0-4c52-996d-959329ecd1ca","D16","MCRA","MCRA.AOS.reach","2019-07-31T16:57Z","2020-02-06","MCRA.20190731.SURBER.6","A00000060871",,"TORSP6","Y","Torrenticola sp.",,"genus","Arthropoda","Chelicerata","Arachnida","Acari",,"Acariformes","Trombidiformes","Prostigmata",,"Lebertioidea","Torrenticolidae",,,,"Torrenticola","sp.",,"adult",1,,6,100,6,"N","N",,"condition OK","Y",,"Thorp and Rogers 2016","N","Rhithron Associates, Inc.","R. Spring",,,
"33778cde-37ff-4bf7-a15e-e86555eca213","D16","MCRA","MCRA.AOS.reach","2019-07-31T16:57Z","2020-02-06","MCRA.20190731.SURBER.6","A00000060871",,"OSTSP","Y","Ostracoda sp.",,"class","Arthropoda","Crustacea","Ostracoda",,,,,,,,,,,,,"sp.",,"unknown",1,,22,100,22,"N","N",,"condition OK","Y",,"Thorp and Rogers 2016","N","Rhithron Associates, Inc.","R. Spring",,,
"d8426059-5a19-470b-9b04-5c18031f7c5d","D16","MCRA","MCRA.AOS.reach","2019-07-31T16:57Z","2020-02-04","MCRA.20190731.SURBER.8","A00000060855",,"BRISP","Y","Brillia sp.",,"genus","Arthropoda","Hexapoda","Insecta","Pterygota","Neoptera","Holometabola","Diptera","Nematocera","Culicomorpha",,"Chironomidae","Orthocladiinae",,,"Brillia","sp.",,"larva",1,,5,100,5,"N","N",,"condition OK","Y",,"Weiderholm, 1983; Weiderholm, 1986; Epler 2001; Ferrington et al. 2019; Andersen, Cranston and Epler 2013","N","Rhithron Associates, Inc.","A. Fasbender",,,
"b6f7638b-91f9-4c1a-a58e-37deda63b2fb","D16","MCRA","MCRA.AOS.reach","2019-07-31T16:57Z","2020-02-06","MCRA.20190731.SURBER.4","A00000060867",,"BAETRI2","Y","Baetis tricaudatus cx.",,"speciesGroup","Arthropoda","Hexapoda","Insecta","Pterygota","Palaeoptera",,"Ephemeroptera",,,,"Baetidae",,,,"Baetis","tricaudatus cx.",,"larva",2,,3,100,3,"N","N",,"condition OK","Y",,"Morihara and McCafferty 1979; Wiersema, 2004; Webb et al. 2018","Y","Rhithron Associates, Inc.","R. Spring",,"3743009d-1b20-47af-8f10-c675a5dcb179",
"a52b2dde-04fa-4fe7-8c8f-ac29cfa97e4a","D16","MCRA","MCRA.AOS.reach","2019-07-31T16:57Z","2020-02-06","MCRA.20190731.SURBER.6","A00000060871",,"CALCAL","Y","Calineuria californica",,"species","Arthropoda","Hexapoda","Insecta","Pterygota","Neoptera","Polyneoptera","Plecoptera","Systellognatha",,,"Perlidae","Acroneuriinae","Acroneuriini",,"Calineuria","californica",,"larva",3,,1,100,1,"N","N",,"condition OK","Y",,"Stewart and Stark 2002; Merritt et al. 2019","N","Rhithron Associates, Inc.","R. Spring",,,
"3cee9d75-80ab-411f-ba80-27d070732003","D16","MCRA","MCRA.AOS.reach","2019-07-31T16:57Z","2020-02-07","MCRA.20190731.SURBER.2","A00000060865",,"OSTSP","Y","Ostracoda sp.",,"class","Arthropoda","Crustacea","Ostracoda",,,,,,,,,,,,,"sp.",,"unknown",1,,38,90,42,"N","N",,"condition OK","Y",,"Thorp and Rogers 2016","N","Rhithron Associates, Inc.","R. Spring",,,
"7f6f46e0-c2d1-4d62-9d8e-f43df6761863","D16","MCRA","MCRA.AOS.reach","2019-07-31T16:57Z","2020-02-06","MCRA.20190731.SURBER.6","A00000060871",,"HEPSP","Y","Heptageniidae sp.",,"family","Arthropoda","Hexapoda","Insecta","Pterygota","Palaeoptera",,"Ephemeroptera","Pisciforma",,"Heptagenioidea","Heptageniidae",,,,,"sp.",,"larva",2,,1,100,1,"N","N","damaged","damaged, affecting taxonomy and measurement","N",,"Merritt et al. 2019","N","Rhithron Associates, Inc.","R. Spring",,,
"4ca08df6-e931-4f47-9a2a-5c07773417e3","D16","MCRA","MCRA.AOS.reach","2019-07-31T16:57Z","2020-02-07","MCRA.20190731.SURBER.3","A00000060866",,"VISCAT","Y","Visoka cataractae",,"species","Arthropoda","Hexapoda","Insecta","Pterygota","Neoptera","Polyneoptera","Plecoptera","Euholognatha",,,"Nemouridae","Nemourinae",,,"Visoka","cataractae",,"larva",2,,1,67,1,"N","N",,"condition OK","Y",,"Stewart and Stark 2002; Merritt et al. 2019","N","Rhithron Associates, Inc.","R. Spring",,,
"90a7466b-fef5-4aa2-8b5c-a583e578b4b2","D16","MCRA","MCRA.AOS.reach","2019-07-31T16:57Z","2020-02-04","MCRA.20190731.SURBER.3","A00000060866",,"THISP2","Y","Thienemanniella sp.",,"genus","Arthropoda","Hexapoda","Insecta","Pterygota","Neoptera","Holometabola","Diptera","Nematocera","Culicomorpha",,"Chironomidae","Orthocladiinae",,,"Thienemanniella","sp.",,"larva",1,,1,67,1,"N","N",,"condition OK","Y",,"Weiderholm, 1983; Weiderholm, 1986; Epler 2001; Ferrington et al. 2019; Andersen, Cranston and Epler 2013","N","Rhithron Associates, Inc.","A. Fasbender",,,
"73f83a4b-2733-43e9-8d76-2dca1d76f231","D16","MCRA","MCRA.AOS.reach","2019-07-31T16:57Z","2020-02-06","MCRA.20190731.SURBER.6","A00000060871",,"BAESP2","Y","Baetis sp.",,"genus","Arthropoda","Hexapoda","Insecta","Pterygota","Palaeoptera",,"Ephemeroptera","Pisciforma",,,"Baetidae",,,,"Baetis","sp.",,"larva",1,,9,100,9,"Y","N","early instar","condition OK","N",,"Merritt et al. 2019","N","Rhithron Associates, Inc.","R. Spring",,,
"160f2c66-e8b0-403f-b44b-7eea5ec0e0a4","D16","MCRA","MCRA.AOS.reach","2019-07-31T16:57Z","2020-02-06","MCRA.20190731.SURBER.6","A00000060871",,"CALCAL","Y","Calineuria californica",,"species","Arthropoda","Hexapoda","Insecta","Pterygota","Neoptera","Polyneoptera","Plecoptera","Systellognatha",,,"Perlidae","Acroneuriinae","Acroneuriini",,"Calineuria","californica",,"larva",4,,1,100,1,"N","N",,"condition OK","Y",,"Stewart and Stark 2002; Merritt et al. 2019","N","Rhithron Associates, Inc.","R. Spring",,,
"d0f3eb49-3629-4f31-b39c-9487ea79031b","D16","MCRA","MCRA.AOS.reach","2019-07-31T16:57Z","2020-02-07","MCRA.20190731.SURBER.3","A00000060866",,"PERSP1","Y","Perlidae sp.",,"family","Arthropoda","Hexapoda","Insecta","Pterygota","Neoptera","Polyneoptera","Plecoptera","Systellognatha",,,"Perlidae",,,,,"sp.",,"larva",2,,7,67,10,"Y","N","early instar","condition OK","Y",,"Stewart and Stark 2002; Merritt et al. 2019","N","Rhithron Associates, Inc.","R. Spring",,,
"1b90c51a-df52-4a99-b036-5f028f54f6cb","D16","MCRA","MCRA.AOS.reach","2019-07-31T16:57Z","2020-02-07","MCRA.20190731.SURBER.1","A00000060864",,"ANTMON","Y","Antocha monticola",,"species","Arthropoda","Hexapoda","Insecta","Pterygota","Neoptera","Holometabola","Diptera","Nematocera","Tipulomorpha",,"Tipulidae","Limoniinae","Limoniini",,"Antocha","monticola",,"larva",1,,2,100,2,"N","N",,"condition OK","Y",,"Gelhaus and Podeniene 2018; Merritt et al. 2019","N","Rhithron Associates, Inc.","R. Spring",,,
"45043d10-947f-4490-80e9-e46a7ac2ba2a","D16","MCRA","MCRA.AOS.reach","2019-07-31T16:57Z","2020-02-06","MCRA.20190731.SURBER.6","A00000060871",,"ATUSP1","Y","Aturus sp.",,"genus","Arthropoda","Chelicerata","Arachnida","Acari",,"Acariformes","Trombidiformes","Prostigmata",,"Hygrobatoidea","Aturidae",,,,"Aturus","sp.",,"adult",1,,2,100,2,"N","N",,"condition OK","Y",,"Thorp and Rogers 2016","N","Rhithron Associates, Inc.","R. Spring",,,
"3be4e381-fec4-431d-8d67-09c1445acaf6","D16","MCRA","MCRA.AOS.reach","2019-07-31T16:57Z","2020-02-04","MCRA.20190731.SURBER.1","A00000060864",,"MICSP6","Y","Micropsectra sp.",,"genus","Arthropoda","Hexapoda","Insecta","Pterygota","Neoptera","Holometabola","Diptera","Nematocera","Culicomorpha",,"Chironomidae","Chironominae","Tanytarsini",,"Micropsectra","sp.",,"larva",3,,2,100,2,"N","N",,"condition OK","Y",,"Weiderholm, 1983; Weiderholm, 1986; Epler 2001; Ferrington et al. 2019; Andersen, Cranston and Epler 2013","N","Rhithron Associates, Inc.","B. Hayford",,,
"2209e90e-f0c6-4ad3-ac74-21e70368c68f","D16","MCRA","MCRA.AOS.reach","2019-07-31T16:57Z","2020-02-06","MCRA.20190731.SURBER.7","A00000060872",,"CHLSP","Y","Chloroperlidae sp.",,"family","Arthropoda","Hexapoda","Insecta","Pterygota","Neoptera","Polyneoptera","Plecoptera","Systellognatha",,,"Chloroperlidae",,,,,"sp.",,"larva",2,,1,100,1,"Y","N","early instar","condition OK","Y",,"Stewart and Stark 2002; Merritt et al. 2019","N","Rhithron Associates, Inc.","R. Spring",,,
"1cba4f70-7f9e-4ecc-8f97-da78f3a7a5c7","D16","MCRA","MCRA.AOS.reach","2019-07-31T16:57Z","2020-02-07","MCRA.20190731.SURBER.3","A00000060866",,"CINSP1","Y","Cinygmula sp.",,"genus","Arthropoda","Hexapoda","Insecta","Pterygota","Palaeoptera",,"Ephemeroptera","Pisciforma",,"Heptagenioidea","Heptageniidae",,,,"Cinygmula","sp.",,"larva",2,,1,67,1,"N","N",,"condition OK","Y",,"Merritt et al. 2019","N","Rhithron Associates, Inc.","R. Spring",,,
"0c6797bd-9971-4505-934b-58aa0a9a917e","D16","MCRA","MCRA.AOS.reach","2019-07-31T16:57Z","2020-02-04","MCRA.20190731.SURBER.1","A00000060864",,"BRISP","Y","Brillia sp.",,"genus","Arthropoda","Hexapoda","Insecta","Pterygota","Neoptera","Holometabola","Diptera","Nematocera","Culicomorpha",,"Chironomidae","Orthocladiinae",,,"Brillia","sp.",,"larva",1,,1,100,1,"N","N",,"condition OK","Y",,"Weiderholm, 1983; Weiderholm, 1986; Epler 2001; Ferrington et al. 2019; Andersen, Cranston and Epler 2013","N","Rhithron Associates, Inc.","B. Hayford",,,
"0da13664-310e-43ca-a4c5-83b132b46e58","D16","MCRA","MCRA.AOS.reach","2019-07-31T16:57Z","2020-02-06","MCRA.20190731.SURBER.8","A00000060855",,"DIXSP1","Y","Dixa sp.",,"genus","Arthropoda","Hexapoda","Insecta","Pterygota","Neoptera","Holometabola","Diptera","Nematocera","Culicomorpha",,"Dixidae",,,,"Dixa","sp.",,"larva",2,,1,100,1,"N","N",,"condition OK","Y",,"Merritt et al. 2019","N","Rhithron Associates, Inc.","R. Spring",,,
"f108a559-b175-4dfd-b24c-6173a7beac08","D16","MCRA","MCRA.AOS.reach","2019-07-31T16:57Z","2020-02-06","MCRA.20190731.SURBER.5","A00000060868",,"GLOSP1","Y","Glossosomatidae sp.",,"family","Arthropoda","Hexapoda","Insecta","Pterygota","Neoptera","Holometabola","Trichoptera",,,"Glossosomatoidea","Glossosomatidae",,,,,"sp.",,"larva",1,,3,100,3,"Y","N","early instar","condition OK","Y",,"Merritt et al. 2019; Wiggins 1996","N","Rhithron Associates, Inc.","R. Spring",,,
"4b0eb10a-89f8-4195-9120-45e9f79e94ae","D16","MCRA","MCRA.AOS.reach","2019-07-31T16:57Z","2020-02-04","MCRA.20190731.SURBER.1","A00000060864",,"CORSP19","Y","Corynoneura sp.",,"genus","Arthropoda","Hexapoda","Insecta","Pterygota","Neoptera","Holometabola","Diptera","Nematocera","Culicomorpha",,"Chironomidae","Orthocladiinae",,,"Corynoneura","sp.",,"larva",1,,3,100,3,"N","N",,"condition OK","Y",,"Weiderholm, 1983; Weiderholm, 1986; Epler 2001; Ferrington et al. 2019; Andersen, Cranston and Epler 2013","N","Rhithron Associates, Inc.","B. Hayford",,,
"bbdc295b-491a-425a-b7db-88b925d613f8","D16","MCRA","MCRA.AOS.reach","2019-07-31T16:57Z","2020-02-07","MCRA.20190731.SURBER.3","A00000060866",,"RHISP4","Y","Rhithrogena sp.",,"genus","Arthropoda","Hexapoda","Insecta","Pterygota","Palaeoptera",,"Ephemeroptera","Pisciforma",,"Heptagenioidea","Heptageniidae",,,,"Rhithrogena","sp.",,"larva",2,,1,67,1,"N","N",,"condition OK","Y",,"Merritt et al. 2019","N","Rhithron Associates, Inc.","R. Spring",,,
"25693d64-1cab-46ec-b721-a9d1905de964","D16","MCRA","MCRA.AOS.reach","2019-07-31T16:57Z","2020-02-04","MCRA.20190731.SURBER.1","A00000060864",,"CRISP6","Y","Cricotopus/Orthocladius sp.",,"speciesGroup","Arthropoda","Hexapoda","Insecta","Pterygota","Neoptera","Holometabola","Diptera","Nematocera","Culicomorpha",,"Chironomidae","Orthocladiinae",,,"Cricotopus/Orthocladius","sp.",,"larva",2,,3,100,3,"Y","N","early instar","condition OK","N",,"Weiderholm, 1983; Weiderholm, 1986; Epler 2001; Ferrington et al. 2008; Andersen, Cranston and Epler 2013","N","Rhithron Associates, Inc.","B. Hayford",,,
"72507643-2973-4752-90c7-3a573ed7252b","D16","MCRA","MCRA.AOS.reach","2019-07-31T16:57Z","2020-02-06","MCRA.20190731.SURBER.4","A00000060867",,"SOLSP6","Y","Soliperla sp.",,"genus","Arthropoda","Hexapoda","Insecta","Pterygota","Neoptera","Polyneoptera","Plecoptera","Systellognatha",,,"Peltoperlidae","Peltoperlinae",,,"Soliperla","sp.",,"larva",1,,1,100,1,"N","N",,"condition OK","Y",,"Stewart and Stark 2002; Merritt et al. 2019","Y","Rhithron Associates, Inc.","R. Spring",,,
"b1d5fa91-24ea-4f4c-a91d-2cfd594aa4b5","D16","MCRA","MCRA.AOS.reach","2019-07-31T16:57Z","2020-02-07","MCRA.20190731.SURBER.3","A00000060866",,"LEPSP4","Y","Leptophlebiidae sp.",,"family","Arthropoda","Hexapoda","Insecta","Pterygota","Palaeoptera",,"Ephemeroptera","Furcatergalia","Lanceolata",,"Leptophlebiidae",,,,,"sp.",,"larva",1,,4,67,6,"Y","N","early instar","condition OK","Y",,"Merritt et al. 2019","N","Rhithron Associates, Inc.","R. Spring",,,
"d883fed2-8a51-4b31-bcef-0675d21167fc","D16","MCRA","MCRA.AOS.reach","2019-07-31T16:57Z","2020-02-07","MCRA.20190731.SURBER.2","A00000060865",,"LEUSP2","Y","Leuctridae sp.",,"family","Arthropoda","Hexapoda","Insecta","Pterygota","Neoptera","Polyneoptera","Plecoptera","Euholognatha",,,"Leuctridae",,,,,"sp.",,"larva",3,,1,90,1,"Y","N","early instar","condition OK","Y",,"Stewart and Stark 2002; Merritt et al. 2019","N","Rhithron Associates, Inc.","R. Spring",,,
"78e793fe-3a13-455c-84b0-60e61add854a","D16","MCRA","MCRA.AOS.reach","2019-07-31T16:57Z","2020-02-07","MCRA.20190731.SURBER.3","A00000060866",,"SIMSP1","Y","Simulium sp.",,"genus","Arthropoda","Hexapoda","Insecta","Pterygota","Neoptera","Holometabola","Diptera","Nematocera","Culicomorpha",,"Simuliidae","Simuliinae","Simuliini",,"Simulium","sp.",,"larva",3,,6,67,9,"N","N",,"condition OK","Y",,"Adler et al. 2004; Merritt et al. 2019","N","Rhithron Associates, Inc.","R. Spring",,,
"3cee30d2-fa69-48ea-9335-2b0812d5ba8e","D16","MCRA","MCRA.AOS.reach","2019-07-31T16:57Z","2020-02-06","MCRA.20190731.SURBER.6","A00000060871",,"LEUSP2","Y","Leuctridae sp.",,"family","Arthropoda","Hexapoda","Insecta","Pterygota","Neoptera","Polyneoptera","Plecoptera","Euholognatha",,,"Leuctridae",,,,,"sp.",,"larva",2,,1,100,1,"Y","N","early instar","condition OK","Y",,"Stewart and Stark 2002; Merritt et al. 2019","N","Rhithron Associates, Inc.","R. Spring",,,
"2fa5add1-d8dc-4af2-ab74-e79ea294abf1","D16","MCRA","MCRA.AOS.reach","2019-07-31T16:57Z","2020-02-07","MCRA.20190731.SURBER.2","A00000060865",,"CAPSP2","Y","Capniidae sp.",,"family","Arthropoda","Hexapoda","Insecta","Pterygota","Neoptera","Polyneoptera","Plecoptera","Euholognatha",,,"Capniidae",,,,,"sp.",,"larva",2,,3,90,3,"Y","N","early instar","condition OK","Y",,"Stewart and Stark 2002; Merritt et al. 2019","N","Rhithron Associates, Inc.","R. Spring",,,
"8c35a8bd-71a4-48db-b7b5-9a5699e59e3c","D16","MCRA","MCRA.AOS.reach","2019-07-31T16:57Z","2020-02-04","MCRA.20190731.SURBER.7","A00000060872",,"CORSP19","Y","Corynoneura sp.",,"genus","Arthropoda","Hexapoda","Insecta","Pterygota","Neoptera","Holometabola","Diptera","Nematocera","Culicomorpha",,"Chironomidae","Orthocladiinae",,,"Corynoneura","sp.",,"larva",1,,2,100,2,"N","N",,"condition OK","Y",,"Weiderholm, 1983; Weiderholm, 1986; Epler 2001; Ferrington et al. 2019; Andersen, Cranston and Epler 2013","N","Rhithron Associates, Inc.","A. Fasbender",,,
"692ff691-0918-49f3-ad37-286e60776687","D16","MCRA","MCRA.AOS.reach","2019-07-31T16:57Z","2020-02-07","MCRA.20190731.SURBER.1","A00000060864",,"SPESP4","Y","Sperchon sp.",,"genus","Arthropoda","Chelicerata","Arachnida","Acari",,"Acariformes","Trombidiformes","Prostigmata",,"Lebertioidea","Sperchontidae",,,,"Sperchon","sp.",,"adult",1,,2,100,2,"N","N",,"condition OK","Y",,"Thorp and Rogers 2016","N","Rhithron Associates, Inc.","R. Spring",,,
"f95f5aae-fd34-4e29-8ee6-5ae3da9677ae","D16","MCRA","MCRA.AOS.reach","2019-07-31T16:57Z","2020-02-06","MCRA.20190731.SURBER.6","A00000060871",,"SIMSP1","Y","Simulium sp.",,"genus","Arthropoda","Hexapoda","Insecta","Pterygota","Neoptera","Holometabola","Diptera","Nematocera","Culicomorpha",,"Simuliidae","Simuliinae","Simuliini",,"Simulium","sp.",,"larva",1,,3,100,3,"N","N",,"condition OK","Y",,"Adler et al. 2004; Merritt et al. 2019","N","Rhithron Associates, Inc.","R. Spring",,,
"560b26f2-1daf-4340-a9ed-3876d3c98845","D16","MCRA","MCRA.AOS.reach","2019-07-31T16:57Z","2020-02-04","MCRA.20190731.SURBER.5","A00000060868",,"MICSP6","Y","Micropsectra sp.",,"genus","Arthropoda","Hexapoda","Insecta","Pterygota","Neoptera","Holometabola","Diptera","Nematocera","Culicomorpha",,"Chironomidae","Chironominae","Tanytarsini",,"Micropsectra","sp.",,"larva",2,,3,100,3,"N","N",,"condition OK","Y",,"Weiderholm, 1983; Weiderholm, 1986; Epler 2001; Ferrington et al. 2019; Andersen, Cranston and Epler 2013","N","Rhithron Associates, Inc.","A. Fasbender",,,
"8d21a10a-74ac-4552-813f-bd3033336e27","D16","MCRA","MCRA.AOS.reach","2019-07-31T16:57Z","2020-02-06","MCRA.20190731.SURBER.6","A00000060871",,"COLSP1","Y","Collembola sp.",,"order","Arthropoda","Hexapoda","Collembola",,,,"Collembola",,,,,,,,,"sp.",,"unknown",1,,3,100,3,"N","N",,"condition OK","Y",,"Merritt et al. 2019","N","Rhithron Associates, Inc.","R. Spring",,,
"03c1b542-8514-41c9-bb98-64521328e60a","D16","MCRA","MCRA.AOS.reach","2019-07-31T16:57Z","2020-02-06","MCRA.20190731.SURBER.8","A00000060855",,"PERSP1","Y","Perlidae sp.",,"family","Arthropoda","Hexapoda","Insecta","Pterygota","Neoptera","Polyneoptera","Plecoptera","Systellognatha",,,"Perlidae",,,,,"sp.",,"larva",1,,5,100,5,"Y","N","early instar","condition OK","Y",,"Stewart and Stark 2002; Merritt et al. 2019","N","Rhithron Associates, Inc.","R. Spring",,,
"185646b5-a1f8-48f1-9203-47fa78b21384","D16","MCRA","MCRA.AOS.reach","2019-07-31T16:57Z","2020-02-07","MCRA.20190731.SURBER.3","A00000060866",,"DRUSP","Y","Drunella sp.",,"genus","Arthropoda","Hexapoda","Insecta","Pterygota","Palaeoptera",,"Ephemeroptera","Furcatergalia","Pannota","Ephemerelloidea","Ephemerellidae",,,,"Drunella","sp.",,"larva",1,,3,67,4,"Y","N","early instar","condition OK","Y",,"Merritt et al. 2019","N","Rhithron Associates, Inc.","R. Spring","grandis gr.",,
"d9810b39-6cf4-411c-a7fa-035a846bcde6","D16","MCRA","MCRA.AOS.reach","2019-07-31T16:57Z","2020-02-07","MCRA.20190731.SURBER.1","A00000060864",,"YORSP","Y","Yoraperla sp.",,"genus","Arthropoda","Hexapoda","Insecta","Pterygota","Neoptera","Polyneoptera","Plecoptera","Systellognatha",,,"Peltoperlidae","Peltoperlinae",,,"Yoraperla","sp.",,"larva",2,,4,100,4,"N","N",,"condition OK","Y",,"Stewart and Stark 2002; Merritt et al. 2019","N","Rhithron Associates, Inc.","R. Spring",,,
"5820d263-9e95-43e1-8d29-5e6ddd98a381","D16","MCRA","MCRA.AOS.reach","2019-07-31T16:57Z","2020-02-07","MCRA.20190731.SURBER.2","A00000060865",,"THRSP6","Y","Thremmatidae sp.",,"family","Arthropoda",,"Insecta",,,,"Trichoptera",,,,"Thremmatidae sp.",,,,,"sp.",,"larva",1,,75,90,83,"Y","N","early instar","condition OK","Y",,"Merritt et al. 2019","N","Rhithron Associates, Inc.","R. Spring",,,
"824814b0-15a3-4279-a730-d64e40f3830e","D16","MCRA","MCRA.AOS.reach","2019-07-31T16:57Z","2020-02-06","MCRA.20190731.SURBER.4","A00000060867",,"MICSP3","Y","Micrasema sp.",,"genus","Arthropoda","Hexapoda","Insecta","Pterygota","Neoptera","Holometabola","Trichoptera",,,"Limnephiloidea","Brachycentridae",,,,"Micrasema","sp.",,"larva",3,,1,100,1,"N","N",,"condition OK","Y",,"Wiggins 1996; Merritt et al. 2019","Y","Rhithron Associates, Inc.","R. Spring",,,
"b65b79fa-69a8-418b-97d6-8f83d8295f57","D16","MCRA","MCRA.AOS.reach","2019-07-31T16:57Z","2020-02-06","MCRA.20190731.SURBER.5","A00000060868",,"PERSP2","Y","Perlodidae sp.",,"family","Arthropoda","Hexapoda","Insecta","Pterygota","Neoptera","Polyneoptera","Plecoptera","Systellognatha",,,"Perlodidae",,,,,"sp.",,"larva",1,,1,100,1,"Y","N","early instar","condition OK","Y",,"Stewart and Stark 2002; Merritt et al. 2019","N","Rhithron Associates, Inc.","R. Spring",,,
"d4d2c9d2-f472-4b5e-9cf8-f5157afc6b18","D16","MCRA","MCRA.AOS.reach","2019-07-31T16:57Z","2020-02-07","MCRA.20190731.SURBER.2","A00000060865",,"EPHALL","Y","Ephemerella alleni",,"species","Arthropoda","Hexapoda","Insecta","Pterygota","Palaeoptera",,"Ephemeroptera","Furcatergalia","Pannota","Ephemerelloidea","Ephemerellidae",,,,"Ephemerella","alleni",,"larva",1,,2,90,2,"N","N",,"condition OK","Y",,"Allen and Edmunds 1965; Jacobus and McCafferty 2008","N","Rhithron Associates, Inc.","R. Spring",,,
"ce330864-681d-4c4b-9dc1-f67bd5e224cf","D16","MCRA","MCRA.AOS.reach","2019-07-31T16:57Z","2020-02-06","MCRA.20190731.SURBER.8","A00000060855",,"LEPSP20","Y","Lepidostoma sp.",,"genus","Arthropoda","Hexapoda","Insecta","Pterygota","Neoptera","Holometabola","Trichoptera",,,"Limnephiloidea","Lepidostomatidae","Lepidostomatinae",,,"Lepidostoma","sp.",,"larva",1,,1,100,1,"N","N",,"condition OK","Y",,"Wiggins 1996; Merritt et al. 2019","N","Rhithron Associates, Inc.","R. Spring",,,
"466fdfae-d66c-4e64-ba0c-8d09c323b958","D16","MCRA","MCRA.AOS.reach","2019-07-31T16:57Z","2020-02-06","MCRA.20190731.SURBER.7","A00000060872",,"PERSP1","Y","Perlidae sp.",,"family","Arthropoda","Hexapoda","Insecta","Pterygota","Neoptera","Polyneoptera","Plecoptera","Systellognatha",,,"Perlidae",,,,,"sp.",,"larva",1,,1,100,1,"Y","N","early instar","condition OK","Y",,"Stewart and Stark 2002; Merritt et al. 2019","N","Rhithron Associates, Inc.","R. Spring",,,
"ab9000a6-3255-49fc-bc70-ba0e496533fb","D16","MCRA","MCRA.AOS.reach","2019-07-31T16:57Z","2020-02-04","MCRA.20190731.SURBER.8","A00000060855","BA19NEOMST13032O1","ENCSP1","Y","Enchytraeidae sp.",,"family","Annelida","Clitellata","Oligochaeta","Oligochaeta",,,"Enchytraeida",,,,"Enchytraeidae",,,,,"sp.",,"unknown",4,,1,100,1,"N","N",,"condition OK","Y",,"Kathman and Brinkhurst, 1999","N","Rhithron Associates, Inc.","A. Fasbender",,,
"74294262-0209-49e9-bcff-126b8d7c9234","D16","MCRA","MCRA.AOS.reach","2019-07-31T16:57Z","2020-02-04","MCRA.20190731.SURBER.2","A00000060865",,"TVESP","Y","Tvetenia sp.",,"genus","Arthropoda","Hexapoda","Insecta","Pterygota","Neoptera","Holometabola","Diptera","Nematocera","Culicomorpha",,"Chironomidae","Orthocladiinae",,,"Tvetenia","sp.",,"larva",2,,1,90,1,"N","N",,"condition OK","Y",,"Weiderholm, 1983; Weiderholm, 1986; Epler 2001; Ferrington et al. 2019; Andersen, Cranston and Epler 2013","N","Rhithron Associates, Inc.","B. Hayford",,,
"b2c901b4-ccae-4f8b-9046-60afde91a067","D16","MCRA","MCRA.AOS.reach","2019-07-31T16:57Z","2020-02-07","MCRA.20190731.SURBER.1","A00000060864",,"EPHALL","Y","Ephemerella alleni",,"species","Arthropoda","Hexapoda","Insecta","Pterygota","Palaeoptera",,"Ephemeroptera","Furcatergalia","Pannota","Ephemerelloidea","Ephemerellidae",,,,"Ephemerella","alleni",,"larva",2,,2,100,2,"N","N",,"condition OK","Y",,"Allen and Edmunds 1965; Jacobus and McCafferty 2008","N","Rhithron Associates, Inc.","R. Spring","Reference Collection(1)",,
"8dcfbf3f-eeae-4e05-bc4b-561ac7ba6d98","D16","MCRA","MCRA.AOS.reach","2019-07-31T16:57Z","2020-02-07","MCRA.20190731.SURBER.1","A00000060864",,"AMESP2","Y","Ameletus sp.",,"genus","Arthropoda","Hexapoda","Insecta","Pterygota","Palaeoptera",,"Ephemeroptera","Pisciforma",,,"Ameletidae",,,,"Ameletus","sp.",,"larva",2,,3,100,3,"N","N",,"condition OK","Y",,"Merritt et al. 2019","N","Rhithron Associates, Inc.","R. Spring",,,
"a7acbf12-ee94-4517-93b3-7b8f3e524704","D16","MCRA","MCRA.AOS.reach","2019-07-31T16:57Z","2020-02-06","MCRA.20190731.SURBER.7","A00000060872",,"ATUSP1","Y","Aturus sp.",,"genus","Arthropoda","Chelicerata","Arachnida","Acari",,"Acariformes","Trombidiformes","Prostigmata",,"Hygrobatoidea","Aturidae",,,,"Aturus","sp.",,"adult",1,,2,100,2,"N","N",,"condition OK","Y",,"Thorp and Rogers 2016","N","Rhithron Associates, Inc.","R. Spring",,,
"60dff8cc-8844-4314-a372-0f2f1a140bad","D16","MCRA","MCRA.AOS.reach","2019-07-31T16:57Z","2020-02-04","MCRA.20190731.SURBER.5","A00000060868",,"MICSP6","Y","Micropsectra sp.",,"genus","Arthropoda","Hexapoda","Insecta","Pterygota","Neoptera","Holometabola","Diptera","Nematocera","Culicomorpha",,"Chironomidae","Chironominae","Tanytarsini",,"Micropsectra","sp.",,"larva",4,,1,100,1,"N","N",,"condition OK","Y",,"Weiderholm, 1983; Weiderholm, 1986; Epler 2001; Ferrington et al. 2019; Andersen, Cranston and Epler 2013","N","Rhithron Associates, Inc.","A. Fasbender",,,
"896b030b-9dd1-4952-872c-e801797f2e60","D16","MCRA","MCRA.AOS.reach","2019-07-31T16:57Z","2020-02-07","MCRA.20190731.SURBER.1","A00000060864",,"ZAPCOL","Y","Zapada columbiana",,"species","Arthropoda","Hexapoda","Insecta","Pterygota","Neoptera","Polyneoptera","Plecoptera","Euholognatha",,,"Nemouridae","Nemourinae",,,"Zapada","columbiana",,"larva",2,,1,100,1,"N","N",,"condition OK","Y",,"Baumann et al. 1977; Stewart and Stark 2002; Merritt et al. 2019","N","Rhithron Associates, Inc.","R. Spring",,,
"b4156a96-f77b-44bb-b5eb-d702ddffea64","D16","MCRA","MCRA.AOS.reach","2019-07-31T16:57Z","2020-02-06","MCRA.20190731.SURBER.7","A00000060872",,"RHYBET","Y","Rhyacophila betteni gr.",,"speciesGroup","Arthropoda","Hexapoda","Insecta","Pterygota","Neoptera","Holometabola","Trichoptera",,,"Rhyacophiloidea","Rhyacophilidae",,,,"Rhyacophila","betteni gr.",,"larva",3,,1,100,1,"N","N",,"condition OK","Y",,"Prather and Morris 2001; Morse et al. 2017; Giersch et al. 2012","N","Rhithron Associates, Inc.","R. Spring",,,
"1e8c78da-b6f0-438e-965a-ff264c6358d3","D16","MCRA","MCRA.AOS.reach","2019-07-31T16:57Z","2020-02-07","MCRA.20190731.SURBER.2","A00000060865",,"LEPSP4","Y","Leptophlebiidae sp.",,"family","Arthropoda","Hexapoda","Insecta","Pterygota","Palaeoptera",,"Ephemeroptera","Furcatergalia","Lanceolata",,"Leptophlebiidae",,,,,"sp.",,"larva",2,,4,90,4,"Y","N","early instar","condition OK","Y",,"Merritt et al. 2019","N","Rhithron Associates, Inc.","R. Spring",,,
"8f914e89-b9ab-4c7d-8c39-a2d223875b33","D16","MCRA","MCRA.AOS.reach","2019-07-31T16:57Z","2020-02-04","MCRA.20190731.SURBER.2","A00000060865",,"RHESP2","Y","Rheotanytarsus sp.",,"genus","Arthropoda","Hexapoda","Insecta","Pterygota","Neoptera","Holometabola","Diptera","Nematocera","Culicomorpha",,"Chironomidae","Chironominae","Tanytarsini",,"Rheotanytarsus","sp.",,"pupa",3,,1,90,1,"N","N",,"condition OK","Y",,"Weiderholm, 1983; Weiderholm, 1986; Epler 2001; Ferrington et al. 2019; Andersen, Cranston and Epler 2013","N","Rhithron Associates, Inc.","B. Hayford",,,
"c16b62c0-64d3-4f31-b1c5-65270485587c","D16","MCRA","MCRA.AOS.reach","2019-07-31T16:57Z","2020-02-06","MCRA.20190731.SURBER.6","A00000060871",,"ZAPCIN","Y","Zapada cinctipes",,"species","Arthropoda","Hexapoda","Insecta","Pterygota","Neoptera","Polyneoptera","Plecoptera","Euholognatha",,,"Nemouridae","Nemourinae",,,"Zapada","cinctipes",,"larva",1,,1,100,1,"N","N",,"condition OK","Y",,"Baumann et al. 1977; Stewart and Stark 2002; Merritt et al. 2019","N","Rhithron Associates, Inc.","R. Spring",,,
"0eec20fc-76ab-49fa-940c-c424c65ce028","D16","MCRA","MCRA.AOS.reach","2019-07-31T16:57Z","2020-02-06","MCRA.20190731.SURBER.5","A00000060868",,"ZAPCIN","Y","Zapada cinctipes",,"species","Arthropoda","Hexapoda","Insecta","Pterygota","Neoptera","Polyneoptera","Plecoptera","Euholognatha",,,"Nemouridae","Nemourinae",,,"Zapada","cinctipes",,"larva",1,,1,100,1,"N","N",,"condition OK","Y",,"Baumann et al. 1977; Stewart and Stark 2002; Merritt et al. 2019","N","Rhithron Associates, Inc.","R. Spring",,,
"eae4b174-f571-41e8-b31b-bace33b8c54f","D16","MCRA","MCRA.AOS.reach","2019-07-31T16:57Z","2020-02-04","MCRA.20190731.SURBER.2","A00000060865",,"MICSP6","Y","Micropsectra sp.",,"genus","Arthropoda","Hexapoda","Insecta","Pterygota","Neoptera","Holometabola","Diptera","Nematocera","Culicomorpha",,"Chironomidae","Chironominae","Tanytarsini",,"Micropsectra","sp.",,"larva",2,,3,90,3,"N","N",,"condition OK","Y",,"Weiderholm, 1983; Weiderholm, 1986; Epler 2001; Ferrington et al. 2019; Andersen, Cranston and Epler 2013","N","Rhithron Associates, Inc.","B. Hayford",,,
"52dcf1f8-1c67-47b8-98f0-ab2bd4df9dc3","D16","MCRA","MCRA.AOS.reach","2019-07-31T16:57Z","2020-02-06","MCRA.20190731.SURBER.6","A00000060871",,"LEPSP4","Y","Leptophlebiidae sp.",,"family","Arthropoda","Hexapoda","Insecta","Pterygota","Palaeoptera",,"Ephemeroptera","Furcatergalia","Lanceolata",,"Leptophlebiidae",,,,,"sp.",,"larva",1,,6,100,6,"Y","N","early instar","condition OK","Y",,"Merritt et al. 2019","N","Rhithron Associates, Inc.","R. Spring",,,
"56c93c7f-b993-4d23-8533-0e69395be663","D16","MCRA","MCRA.AOS.reach","2019-07-31T16:57Z","2020-02-07","MCRA.20190731.SURBER.1","A00000060864",,"TESSP1","Y","Testudacarus sp.",,"genus","Arthropoda","Chelicerata","Arachnida","Acari",,"Acariformes","Trombidiformes","Prostigmata",,"Lebertioidea","Torrenticolidae",,,,"Testudacarus","sp.",,"adult",1,,16,100,16,"N","N",,"condition OK","Y",,"Thorp and Rogers 2016","N","Rhithron Associates, Inc.","R. Spring",,,
"d2e4ed21-a194-442f-9999-b946e78adb9b","D16","MCRA","MCRA.AOS.reach","2019-07-31T16:57Z","2020-02-04","MCRA.20190731.SURBER.1","A00000060864",,"CRISP6","Y","Cricotopus/Orthocladius sp.",,"speciesGroup","Arthropoda","Hexapoda","Insecta","Pterygota","Neoptera","Holometabola","Diptera","Nematocera","Culicomorpha",,"Chironomidae","Orthocladiinae",,,"Cricotopus/Orthocladius","sp.",,"larva",1,,1,100,1,"Y","N","early instar","condition OK","N",,"Weiderholm, 1983; Weiderholm, 1986; Epler 2001; Ferrington et al. 2008; Andersen, Cranston and Epler 2013","N","Rhithron Associates, Inc.","B. Hayford",,,
"f536eb80-8bf4-4a99-b2e9-2b3cddab0f04","D16","MCRA","MCRA.AOS.reach","2019-07-31T16:57Z","2020-02-06","MCRA.20190731.SURBER.5","A00000060868",,"ORISP1","Y","Oribatida sp.",,"suborder","Arthropoda","Chelicerata","Arachnida","Acari",,"Acariformes","Sarcoptiformes","Oribatida",,,,,,,,"sp.",,"adult",1,,1,100,1,"N","N",,"condition OK","Y",,"Thorp and Rogers 2016","N","Rhithron Associates, Inc.","R. Spring",,,
"51edf8b3-8874-4e1a-911d-7ba3a1c42ec6","D16","MCRA","MCRA.AOS.reach","2019-07-31T16:57Z","2020-02-04","MCRA.20190731.SURBER.3","A00000060866","BA19NEOMST13027O1","ENCSP1","Y","Enchytraeidae sp.",,"family","Annelida","Clitellata","Oligochaeta","Oligochaeta",,,"Enchytraeida",,,,"Enchytraeidae",,,,,"sp.",,"unknown",3,,5,67,7,"N","N",,"condition OK","Y",,"Kathman and Brinkhurst, 1999","N","Rhithron Associates, Inc.","A. Fasbender",,,
"6fefa467-3e9c-4890-bad2-b51c64f39386","D16","MCRA","MCRA.AOS.reach","2019-07-31T16:57Z","2020-02-06","MCRA.20190731.SURBER.6","A00000060871",,"PERSP1","Y","Perlidae sp.",,"family","Arthropoda","Hexapoda","Insecta","Pterygota","Neoptera","Polyneoptera","Plecoptera","Systellognatha",,,"Perlidae",,,,,"sp.",,"larva",2,,4,100,4,"Y","N","early instar","condition OK","N",,"Stewart and Stark 2002; Merritt et al. 2019","N","Rhithron Associates, Inc.","R. Spring",,,
"6ae7c0c6-78fa-4050-97fc-8f131be87c9e","D16","MCRA","MCRA.AOS.reach","2019-07-31T16:57Z","2020-02-07","MCRA.20190731.SURBER.1","A00000060864",,"SIMSP1","Y","Simulium sp.",,"genus","Arthropoda","Hexapoda","Insecta","Pterygota","Neoptera","Holometabola","Diptera","Nematocera","Culicomorpha",,"Simuliidae","Simuliinae","Simuliini",,"Simulium","sp.",,"larva",2,,1,100,1,"N","N",,"condition OK","Y",,"Adler et al. 2004; Merritt et al. 2019","N","Rhithron Associates, Inc.","R. Spring",,,
"92eacccb-7bb5-4b8d-9001-28a0d9e894cc","D16","MCRA","MCRA.AOS.reach","2019-07-31T16:57Z","2020-02-04","MCRA.20190731.SURBER.6","A00000060871",,"PARSP26","Y","Parametriocnemus sp.",,"genus","Arthropoda","Hexapoda","Insecta","Pterygota","Neoptera","Holometabola","Diptera","Nematocera","Culicomorpha",,"Chironomidae","Orthocladiinae",,,"Parametriocnemus","sp.",,"larva",3,,1,100,1,"N","N",,"condition OK","Y",,"Weiderholm, 1983; Weiderholm, 1986; Epler 2001; Ferrington et al. 2019; Andersen, Cranston and Epler 2013","N","Rhithron Associates, Inc.","A. Fasbender",,,
"3aa5ad5b-3dc8-4858-bc03-95233fc54423","D16","MCRA","MCRA.AOS.reach","2019-07-31T16:57Z","2020-02-06","MCRA.20190731.SURBER.5","A00000060868",,"AMESP2","Y","Ameletus sp.",,"genus","Arthropoda","Hexapoda","Insecta","Pterygota","Palaeoptera",,"Ephemeroptera","Pisciforma",,,"Ameletidae",,,,"Ameletus","sp.",,"larva",1,,1,100,1,"N","N",,"condition OK","Y",,"Merritt et al. 2019","N","Rhithron Associates, Inc.","R. Spring",,,
"088c07b6-6af6-4795-aaa7-c5188ea6f04f","D16","MCRA","MCRA.AOS.reach","2019-07-31T16:57Z","2020-02-06","MCRA.20190731.SURBER.8","A00000060855",,"RHYSP3","Y","Rhyacophila sp.",,"genus","Arthropoda","Hexapoda","Insecta","Pterygota","Neoptera","Holometabola","Trichoptera",,,"Rhyacophiloidea","Rhyacophilidae",,,,"Rhyacophila","sp.",,"larva",1,,2,100,2,"Y","N","early instar","condition OK","N",,"Prather and Morris 2001; Morse et al. 2017; Giersch et al. 2012","N","Rhithron Associates, Inc.","R. Spring",,,
"d5244659-e4c5-4251-8141-bd427d11f751","D16","MCRA","MCRA.AOS.reach","2019-07-31T16:57Z","2020-02-06","MCRA.20190731.SURBER.7","A00000060872",,"RHYSP3","Y","Rhyacophila sp.",,"genus","Arthropoda","Hexapoda","Insecta","Pterygota","Neoptera","Holometabola","Trichoptera",,,"Rhyacophiloidea","Rhyacophilidae",,,,"Rhyacophila","sp.",,"larva",1,,1,100,1,"Y","N","early instar","condition OK","N",,"Prather and Morris 2001; Morse et al. 2017; Giersch et al. 2012","N","Rhithron Associates, Inc.","R. Spring",,,
"756df7eb-e4a2-4e76-b376-e4f98b503b7f","D16","MCRA","MCRA.AOS.reach","2019-07-31T16:57Z","2020-02-07","MCRA.20190731.SURBER.1","A00000060864",,"TORSP6","Y","Torrenticola sp.",,"genus","Arthropoda","Chelicerata","Arachnida","Acari",,"Acariformes","Trombidiformes","Prostigmata",,"Lebertioidea","Torrenticolidae",,,,"Torrenticola","sp.",,"adult",1,,32,100,32,"N","N",,"condition OK","Y",,"Thorp and Rogers 2016","N","Rhithron Associates, Inc.","R. Spring",,,
"05f6e889-bab6-4e06-b0f5-d1587206b515","D16","MCRA","MCRA.AOS.reach","2019-07-31T16:57Z","2020-02-04","MCRA.20190731.SURBER.1","A00000060864",,"THISP2","Y","Thienemanniella sp.",,"genus","Arthropoda","Hexapoda","Insecta","Pterygota","Neoptera","Holometabola","Diptera","Nematocera","Culicomorpha",,"Chironomidae","Orthocladiinae",,,"Thienemanniella","sp.",,"larva",2,,5,100,5,"N","N",,"condition OK","Y",,"Weiderholm, 1983; Weiderholm, 1986; Epler 2001; Ferrington et al. 2019; Andersen, Cranston and Epler 2013","N","Rhithron Associates, Inc.","B. Hayford",,,
"0f864a47-bfc0-4557-9a75-6090b4ed0aab","D16","MCRA","MCRA.AOS.reach","2019-07-31T16:57Z","2020-02-04","MCRA.20190731.SURBER.6","A00000060871",,"MICSP6","Y","Micropsectra sp.",,"genus","Arthropoda","Hexapoda","Insecta","Pterygota","Neoptera","Holometabola","Diptera","Nematocera","Culicomorpha",,"Chironomidae","Chironominae","Tanytarsini",,"Micropsectra","sp.",,"larva",2,,13,100,13,"N","N",,"condition OK","Y",,"Weiderholm, 1983; Weiderholm, 1986; Epler 2001; Ferrington et al. 2019; Andersen, Cranston and Epler 2013","N","Rhithron Associates, Inc.","A. Fasbender",,,
"1410d09b-5883-4cc3-b06a-f7cf217525a5","D16","MCRA","MCRA.AOS.reach","2019-07-31T16:57Z","2020-02-06","MCRA.20190731.SURBER.8","A00000060855",,"RHYBET","Y","Rhyacophila betteni gr.",,"speciesGroup","Arthropoda","Hexapoda","Insecta","Pterygota","Neoptera","Holometabola","Trichoptera",,,"Rhyacophiloidea","Rhyacophilidae",,,,"Rhyacophila","betteni gr.",,"larva",3,,2,100,2,"N","N",,"condition OK","Y",,"Prather and Morris 2001; Morse et al. 2017; Giersch et al. 2012","N","Rhithron Associates, Inc.","R. Spring",,,
"19c3741c-2cd4-464d-b6e8-204aa1112c03","D16","MCRA","MCRA.AOS.reach","2019-07-31T16:57Z","2020-02-06","MCRA.20190731.SURBER.5","A00000060868",,"CINSP1","Y","Cinygmula sp.",,"genus","Arthropoda","Hexapoda","Insecta","Pterygota","Palaeoptera",,"Ephemeroptera","Pisciforma",,"Heptagenioidea","Heptageniidae",,,,"Cinygmula","sp.",,"larva",2,,2,100,2,"N","N",,"condition OK","Y",,"Merritt et al. 2019","N","Rhithron Associates, Inc.","R. Spring",,,
"dd9f6276-3928-4f59-823f-03a51383dea5","D16","MCRA","MCRA.AOS.reach","2019-07-31T16:57Z","2020-02-06","MCRA.20190731.SURBER.7","A00000060872",,"SIMSP1","Y","Simulium sp.",,"genus","Arthropoda","Hexapoda","Insecta","Pterygota","Neoptera","Holometabola","Diptera","Nematocera","Culicomorpha",,"Simuliidae","Simuliinae","Simuliini",,"Simulium","sp.",,"larva",3,,1,100,1,"N","N",,"condition OK","Y",,"Adler et al. 2004; Merritt et al. 2019","N","Rhithron Associates, Inc.","R. Spring",,,
"8e188c72-63b2-4a81-be76-65e931285b72","D16","MCRA","MCRA.AOS.reach","2019-07-31T16:57Z","2020-02-07","MCRA.20190731.SURBER.1","A00000060864",,"HETCOR","Y","Heterlimnius corpulentus",,"species","Arthropoda","Hexapoda","Insecta","Pterygota","Neoptera","Holometabola","Coleoptera","Polyphaga","Elateriformia","Byrrhoidea","Elmidae","Elminae","Elmini",,"Heterlimnius","corpulentus",,"larva",3,,3,100,3,"N","N",,"condition OK","Y",,"Brown 1972; Merritt et al. 2019; Kamite, 2009","N","Rhithron Associates, Inc.","R. Spring",,,
"84d2be83-777f-4aab-b281-79bc9029dfad","D16","MCRA","MCRA.AOS.reach","2019-07-31T16:57Z","2020-02-07","MCRA.20190731.SURBER.1","A00000060864",,"OSTSP","Y","Ostracoda sp.",,"class","Arthropoda","Crustacea","Ostracoda",,,,,,,,,,,,,"sp.",,"unknown",1,,5,100,5,"N","N",,"condition OK","Y",,"Thorp and Rogers 2016","N","Rhithron Associates, Inc.","R. Spring",,,
"5ecc6cc0-ef34-4391-afe3-7618034d8d55","D16","MCRA","MCRA.AOS.reach","2019-07-31T16:57Z","2020-02-07","MCRA.20190731.SURBER.2","A00000060865",,"AMESP2","Y","Ameletus sp.",,"genus","Arthropoda","Hexapoda","Insecta","Pterygota","Palaeoptera",,"Ephemeroptera","Pisciforma",,,"Ameletidae",,,,"Ameletus","sp.",,"larva",2,,3,90,3,"N","N",,"condition OK","Y",,"Merritt et al. 2019","N","Rhithron Associates, Inc.","R. Spring",,,
"59c16263-1f41-433e-bab6-0bd4e40726a8","D16","MCRA","MCRA.AOS.reach","2019-07-31T16:57Z","2020-02-04","MCRA.20190731.SURBER.6","A00000060871",,"EUKSP","Y","Eukiefferiella sp.",,"genus","Arthropoda","Hexapoda","Insecta","Pterygota","Neoptera","Holometabola","Diptera","Nematocera","Culicomorpha",,"Chironomidae","Orthocladiinae",,,"Eukiefferiella","sp.",,"larva",2,,1,100,1,"Y","N","early instar","condition OK","Y",,"Weiderholm, 1983; Bode, 1983; Weiderholm, 1986; Epler 2001; Ferrington et al. 2019; Andersen, Cranston and Epler 2013","N","Rhithron Associates, Inc.","A. Fasbender",,,
"1504125b-6e53-4478-a946-27ae7d8ed984","D16","MCRA","MCRA.AOS.reach","2019-07-31T16:57Z","2020-02-04","MCRA.20190731.SURBER.2","A00000060865",,"STESP10","Y","Stempellinella sp.",,"genus","Arthropoda","Hexapoda","Insecta","Pterygota","Neoptera","Holometabola","Diptera","Nematocera","Culicomorpha",,"Chironomidae","Chironominae","Tanytarsini",,"Stempellinella","sp.",,"larva",2,,7,90,8,"N","N",,"condition OK","Y",,"Weiderholm, 1983; Weiderholm, 1986; Epler 2001; Ferrington et al. 2019; Andersen, Cranston and Epler 2013","N","Rhithron Associates, Inc.","B. Hayford",,,
"4a196171-88b3-4c45-b68d-7ddbb051a96e","D16","MCRA","MCRA.AOS.reach","2019-07-31T16:57Z","2020-02-04","MCRA.20190731.SURBER.1","A00000060864",,"ORTSP1","Y","Orthocladiinae sp.",,"subfamily","Arthropoda","Hexapoda","Insecta","Pterygota","Neoptera","Holometabola","Diptera","Nematocera","Culicomorpha",,"Chironomidae","Orthocladiinae",,,,"sp.",,"larva",1,,2,100,2,"Y","N","early instar","condition OK","N",,"Weiderholm, 1983; Weiderholm, 1986; Epler 2001; Ferrington et al. 2019; Andersen, Cranston and Epler 2013","N","Rhithron Associates, Inc.","B. Hayford",,,
"a8023ee6-76d3-4a55-b04f-f98336429f1e","D16","MCRA","MCRA.AOS.reach","2019-07-31T16:57Z","2020-02-06","MCRA.20190731.SURBER.7","A00000060872",,"TESSP1","Y","Testudacarus sp.",,"genus","Arthropoda","Chelicerata","Arachnida","Acari",,"Acariformes","Trombidiformes","Prostigmata",,"Lebertioidea","Torrenticolidae",,,,"Testudacarus","sp.",,"adult",1,,1,100,1,"N","N",,"condition OK","Y",,"Thorp and Rogers 2016","N","Rhithron Associates, Inc.","R. Spring",,,
"b803b46c-f0d6-4e3c-97ee-7dac62a51b80","D16","MCRA","MCRA.AOS.reach","2019-07-31T16:57Z","2020-02-06","MCRA.20190731.SURBER.6","A00000060871",,"RHYVOF","Y","Rhyacophila vofixa gr.",,"speciesGroup","Arthropoda","Hexapoda","Insecta","Pterygota","Neoptera","Holometabola","Trichoptera",,,"Rhyacophiloidea","Rhyacophilidae",,,,"Rhyacophila","vofixa gr.",,"larva",2,,2,100,2,"N","N",,"condition OK","Y",,"Prather and Morris 2001; Morse et al. 2017; Giersch et al. 2012","N","Rhithron Associates, Inc.","R. Spring",,,
"2448f46d-d774-4875-8b36-1fe32243c8f1","D16","MCRA","MCRA.AOS.reach","2019-07-31T16:57Z","2020-02-07","MCRA.20190731.SURBER.2","A00000060865",,"KATSP1","Y","Kathroperla sp.",,"genus","Arthropoda","Hexapoda","Insecta","Pterygota","Neoptera","Polyneoptera","Plecoptera","Systellognatha",,,"Chloroperlidae","Paraperlinae",,,"Kathroperla","sp.",,"larva",7,,1,90,1,"N","N",,"condition OK","Y",,"Stewart and Stark 2002; Merritt et al. 2019","N","Rhithron Associates, Inc.","R. Spring","Reference Collection(1)",,
"caccfcd6-a109-4f06-8572-408c0324d99c","D16","MCRA","MCRA.AOS.reach","2019-07-31T16:57Z","2020-02-07","MCRA.20190731.SURBER.1","A00000060864",,"MONSP19","Y","Monatractides sp.",,"genus","Arthropoda","Chelicerata","Arachnida","Acari",,"Acariformes","Trombidiformes","Prostigmata",,"Lebertioidea","Torrenticolidae",,,,"Monatractides","sp.",,"adult",1,,1,100,1,"N","N",,"condition OK","Y",,"Thorp and Rogers 2016","N","Rhithron Associates, Inc.","R. Spring",,,
"a9a97bcf-169d-4f37-98fb-10c88f8292a5","D16","MCRA","MCRA.AOS.reach","2019-07-31T16:57Z","2020-02-07","MCRA.20190731.SURBER.2","A00000060865",,"BAEPIS1","Y","Baetis piscatoris cx.",,"speciesGroup","Arthropoda","Hexapoda","Insecta","Pterygota","Palaeoptera",,"Ephemeroptera",,,,"Baetidae",,,,"Baetis","piscatoris cx.",,"larva",4,,3,90,3,"N","N",,"condition OK","Y",,"Morihara and McCafferty 1979; Wiersema, 2004; Webb et al. 2018","N","Rhithron Associates, Inc.","R. Spring",,"f59cfa7c-f212-4cfe-a0a2-a7a1de2b7384",
"92ef3679-23a6-458a-a564-35b9a9dd7d34","D16","MCRA","MCRA.AOS.reach","2019-07-31T16:57Z","2020-02-06","MCRA.20190731.SURBER.8","A00000060855",,"ATRSP3","Y","Atractides sp.",,"genus","Arthropoda","Chelicerata","Arachnida","Acari",,"Acariformes","Trombidiformes","Prostigmata",,"Hygrobatoidea","Hygrobatidae",,,,"Atractides","sp.",,"adult",1,,1,100,1,"N","N",,"condition OK","Y",,"Thorp and Rogers 2016","N","Rhithron Associates, Inc.","R. Spring",,,
"c05887a7-730a-45d0-bee9-740a811d0ba4","D16","MCRA","MCRA.AOS.reach","2019-07-31T16:57Z","2020-02-07","MCRA.20190731.SURBER.3","A00000060866",,"CAUSP3","Y","Caudatella sp.",,"genus","Arthropoda","Hexapoda","Insecta","Pterygota","Palaeoptera",,"Ephemeroptera","Furcatergalia","Pannota","Ephemerelloidea","Ephemerellidae",,,,"Caudatella","sp.",,"larva",2,,13,67,19,"Y","N","early instar","condition OK","Y",,"Merritt et al. 2019","N","Rhithron Associates, Inc.","R. Spring",,,
"3685358a-88bf-4c45-a04a-7f4f193524fe","D16","MCRA","MCRA.AOS.reach","2019-07-31T16:57Z","2020-02-07","MCRA.20190731.SURBER.2","A00000060865",,"NEMSP5","Y","Nemouridae sp.",,"family","Arthropoda","Hexapoda","Insecta","Pterygota","Neoptera","Polyneoptera","Plecoptera","Euholognatha",,,"Nemouridae",,,,,"sp.",,"larva",1,,5,90,6,"Y","N","early instar","condition OK","N",,"Baumann et al. 1977; Stewart and Stark 2002; Merritt et al. 2019","N","Rhithron Associates, Inc.","R. Spring",,,
"bd99d70f-0a40-41fa-bb1c-5d024de864c8","D16","MCRA","MCRA.AOS.reach","2019-07-31T16:57Z","2020-02-04","MCRA.20190731.SURBER.5","A00000060868",,"RHESP2","Y","Rheotanytarsus sp.",,"genus","Arthropoda","Hexapoda","Insecta","Pterygota","Neoptera","Holometabola","Diptera","Nematocera","Culicomorpha",,"Chironomidae","Chironominae","Tanytarsini",,"Rheotanytarsus","sp.",,"larva",3,,1,100,1,"N","N",,"condition OK","Y",,"Weiderholm, 1983; Weiderholm, 1986; Epler 2001; Ferrington et al. 2019; Andersen, Cranston and Epler 2013","N","Rhithron Associates, Inc.","A. Fasbender",,,
"701cee49-6dbd-468a-9f16-f59f16ed50ea","D16","MCRA","MCRA.AOS.reach","2019-07-31T16:57Z","2020-02-07","MCRA.20190731.SURBER.3","A00000060866",,"BAESP2","Y","Baetis sp.",,"genus","Arthropoda","Hexapoda","Insecta","Pterygota","Palaeoptera",,"Ephemeroptera","Pisciforma",,,"Baetidae",,,,"Baetis","sp.",,"larva",1,,96,67,143,"Y","N","early instar","condition OK","N",,"Merritt et al. 2019","N","Rhithron Associates, Inc.","R. Spring",,,
"5f89b790-3dd3-48f6-8433-35f40e7168e0","D16","MCRA","MCRA.AOS.reach","2019-07-31T16:57Z","2020-02-06","MCRA.20190731.SURBER.5","A00000060868",,"PERSP1","Y","Perlidae sp.",,"family","Arthropoda","Hexapoda","Insecta","Pterygota","Neoptera","Polyneoptera","Plecoptera","Systellognatha",,,"Perlidae",,,,,"sp.",,"larva",1,,3,100,3,"Y","N","early instar","condition OK","Y",,"Stewart and Stark 2002; Merritt et al. 2019","N","Rhithron Associates, Inc.","R. Spring",,,
"d75a4e79-c27c-4d63-b9cb-b78155dd0ed7","D16","MCRA","MCRA.AOS.reach","2019-07-31T16:57Z","2020-02-07","MCRA.20190731.SURBER.1","A00000060864",,"LEPSP20","Y","Lepidostoma sp.",,"genus","Arthropoda","Hexapoda","Insecta","Pterygota","Neoptera","Holometabola","Trichoptera",,,"Limnephiloidea","Lepidostomatidae","Lepidostomatinae",,,"Lepidostoma","sp.",,"larva",8,,1,100,1,"N","N",,"condition OK","Y",,"Wiggins 1996; Merritt et al. 2019","N","Rhithron Associates, Inc.","R. Spring",,,
"49c99a3c-a6c1-49e3-82d8-d10a166c0b2d","D16","MCRA","MCRA.AOS.reach","2019-07-31T16:57Z","2020-02-04","MCRA.20190731.SURBER.5","A00000060868",,"TVESP","Y","Tvetenia sp.",,"genus","Arthropoda","Hexapoda","Insecta","Pterygota","Neoptera","Holometabola","Diptera","Nematocera","Culicomorpha",,"Chironomidae","Orthocladiinae",,,"Tvetenia","sp.",,"larva",2,,2,100,2,"N","N",,"condition OK","Y",,"Weiderholm, 1983; Weiderholm, 1986; Epler 2001; Ferrington et al. 2019; Andersen, Cranston and Epler 2013","N","Rhithron Associates, Inc.","A. Fasbender",,,
"8489a3f0-5c20-4ba1-8e95-ee33d7a30fce","D16","MCRA","MCRA.AOS.reach","2019-07-31T16:57Z","2020-02-06","MCRA.20190731.SURBER.8","A00000060855",,"THRSP6","Y","Thremmatidae sp.",,"family","Arthropoda",,"Insecta",,,,"Trichoptera",,,,"Thremmatidae sp.",,,,,"sp.",,"larva",1,,2,100,2,"Y","N","early instar","condition OK","Y",,"Merritt et al. 2019","N","Rhithron Associates, Inc.","R. Spring",,,
"85930497-eab5-4439-be9e-a29efa9c5c04","D16","MCRA","MCRA.AOS.reach","2019-07-31T16:57Z","2020-02-04","MCRA.20190731.SURBER.2","A00000060865",,"LARSP","Y","Larsia sp.",,"genus","Arthropoda","Hexapoda","Insecta","Pterygota","Neoptera","Holometabola","Diptera","Nematocera","Culicomorpha",,"Chironomidae","Tanypodinae","Pentaneurini",,"Larsia","sp.",,"larva",3,,1,90,1,"N","N",,"condition OK","Y",,"Weiderholm, 1983; Weiderholm, 1986; Epler 2001; Ferrington et al. 2019; Andersen, Cranston and Epler 2013","N","Rhithron Associates, Inc.","B. Hayford",,,
"5bad15ba-4cdf-427d-859e-66f26c763469","D16","MCRA","MCRA.AOS.reach","2019-07-31T16:57Z","2020-02-06","MCRA.20190731.SURBER.6","A00000060871",,"ATRSP3","Y","Atractides sp.",,"genus","Arthropoda","Chelicerata","Arachnida","Acari",,"Acariformes","Trombidiformes","Prostigmata",,"Hygrobatoidea","Hygrobatidae",,,,"Atractides","sp.",,"adult",1,,1,100,1,"N","N",,"condition OK","Y",,"Thorp and Rogers 2016","N","Rhithron Associates, Inc.","R. Spring",,,
"59c00c03-702d-4efb-9037-fdb384e64c3f","D16","MCRA","MCRA.AOS.reach","2019-07-31T16:57Z","2020-02-04","MCRA.20190731.SURBER.2","A00000060865",,"ZAVSP","Y","Zavrelimyia sp.",,"genus","Arthropoda","Hexapoda","Insecta","Pterygota","Neoptera","Holometabola","Diptera","Nematocera","Culicomorpha",,"Chironomidae","Tanypodinae","Pentaneurini",,"Zavrelimyia","sp.",,"larva",5,,1,90,1,"N","N",,"condition OK","Y",,"Weiderholm, 1983; Weiderholm, 1986; Epler 2001; Ferrington et al. 2019; Andersen, Cranston and Epler 2013","N","Rhithron Associates, Inc.","B. Hayford",,,
"a20c0faa-e923-4b15-87e4-5f01fdf3b3a9","D16","MCRA","MCRA.AOS.reach","2019-07-31T16:57Z","2020-02-04","MCRA.20190731.SURBER.2","A00000060865",,"STESP10","Y","Stempellinella sp.",,"genus","Arthropoda","Hexapoda","Insecta","Pterygota","Neoptera","Holometabola","Diptera","Nematocera","Culicomorpha",,"Chironomidae","Chironominae","Tanytarsini",,"Stempellinella","sp.",,"pupa",2,,1,90,1,"N","N",,"condition OK","N",,"Weiderholm, 1983; Weiderholm, 1986; Epler 2001; Ferrington et al. 2019; Andersen, Cranston and Epler 2013","N","Rhithron Associates, Inc.","B. Hayford",,,
"cd8118b0-7b16-442d-adc6-0c83bbdd7b24","D16","MCRA","MCRA.AOS.reach","2019-07-31T16:57Z","2020-02-06","MCRA.20190731.SURBER.6","A00000060871",,"RHYBET","Y","Rhyacophila betteni gr.",,"speciesGroup","Arthropoda","Hexapoda","Insecta","Pterygota","Neoptera","Holometabola","Trichoptera",,,"Rhyacophiloidea","Rhyacophilidae",,,,"Rhyacophila","betteni gr.",,"larva",14,,1,100,1,"N","N",,"condition OK","Y",,"Prather and Morris 2001; Morse et al. 2017; Giersch et al. 2012","N","Rhithron Associates, Inc.","R. Spring","Reference Collection(1)",,
"bbc3af07-d0f3-4b4b-99b8-90b18dd48882","D16","MCRA","MCRA.AOS.reach","2019-07-31T16:57Z","2020-02-04","MCRA.20190731.SURBER.6","A00000060871",,"STESP10","Y","Stempellinella sp.",,"genus","Arthropoda","Hexapoda","Insecta","Pterygota","Neoptera","Holometabola","Diptera","Nematocera","Culicomorpha",,"Chironomidae","Chironominae","Tanytarsini",,"Stempellinella","sp.",,"larva",1,,1,100,1,"N","N",,"condition OK","Y",,"Weiderholm, 1983; Weiderholm, 1986; Epler 2001; Ferrington et al. 2019; Andersen, Cranston and Epler 2013","N","Rhithron Associates, Inc.","A. Fasbender",,,
"4c343da4-e3a4-4d21-9f7b-d7194e4f51af","D16","MCRA","MCRA.AOS.reach","2019-07-31T16:57Z","2020-02-06","MCRA.20190731.SURBER.8","A00000060855",,"CINSP","Y","Cinygma sp.",,"genus","Arthropoda","Hexapoda","Insecta","Pterygota","Palaeoptera",,"Ephemeroptera","Pisciforma",,"Heptagenioidea","Heptageniidae",,,,"Cinygma","sp.",,"larva",6,,1,100,1,"N","N",,"condition OK","Y",,"Merritt et al. 2019","N","Rhithron Associates, Inc.","R. Spring",,,
"4ba2e79a-a874-4dea-9221-fee30b6fc3b8","D16","MCRA","MCRA.AOS.reach","2019-07-31T16:57Z","2020-02-04","MCRA.20190731.SURBER.6","A00000060871",,"RHESP2","Y","Rheotanytarsus sp.",,"genus","Arthropoda","Hexapoda","Insecta","Pterygota","Neoptera","Holometabola","Diptera","Nematocera","Culicomorpha",,"Chironomidae","Chironominae","Tanytarsini",,"Rheotanytarsus","sp.",,"larva",3,,1,100,1,"N","N",,"condition OK","Y",,"Weiderholm, 1983; Weiderholm, 1986; Epler 2001; Ferrington et al. 2019; Andersen, Cranston and Epler 2013","N","Rhithron Associates, Inc.","A. Fasbender",,,
"7265112b-b3a6-4458-9756-0787cc2010d9","D16","MCRA","MCRA.AOS.reach","2019-07-31T16:57Z","2020-02-06","MCRA.20190731.SURBER.8","A00000060855",,"SWESP","Y","Sweltsa sp.",,"genus","Arthropoda","Hexapoda","Insecta","Pterygota","Neoptera","Polyneoptera","Plecoptera","Systellognatha",,,"Chloroperlidae","Chloroperlinae",,,"Sweltsa","sp.",,"larva",5,,1,100,1,"N","N",,"condition OK","Y",,"Stewart and Stark 2002; Merritt et al. 2019","N","Rhithron Associates, Inc.","R. Spring",,,
"ae1f7d1c-445e-4843-b662-9d0cd8e2eef4","D16","MCRA","MCRA.AOS.reach","2019-07-31T16:57Z","2020-02-06","MCRA.20190731.SURBER.7","A00000060872",,"OSTSP","Y","Ostracoda sp.",,"class","Arthropoda","Crustacea","Ostracoda",,,,,,,,,,,,,"sp.",,"unknown",1,,5,100,5,"N","N",,"condition OK","Y",,"Thorp and Rogers 2016","N","Rhithron Associates, Inc.","R. Spring",,,
"d0c895f1-8316-426d-9ed5-eea1c8a1d6fc","D16","MCRA","MCRA.AOS.reach","2019-07-31T16:57Z","2020-02-04","MCRA.20190731.SURBER.2","A00000060865",,"LARSP","Y","Larsia sp.",,"genus","Arthropoda","Hexapoda","Insecta","Pterygota","Neoptera","Holometabola","Diptera","Nematocera","Culicomorpha",,"Chironomidae","Tanypodinae","Pentaneurini",,"Larsia","sp.",,"larva",4,,1,90,1,"N","N",,"condition OK","Y",,"Weiderholm, 1983; Weiderholm, 1986; Epler 2001; Ferrington et al. 2019; Andersen, Cranston and Epler 2013","N","Rhithron Associates, Inc.","B. Hayford",,,
"ad56c1cb-63c4-40a4-9cf5-f8fee2d7f621","D16","MCRA","MCRA.AOS.reach","2019-07-31T16:57Z","2020-02-06","MCRA.20190731.SURBER.7","A00000060872",,"GLOSP3","Y","Glossosoma sp.",,"genus","Arthropoda","Hexapoda","Insecta","Pterygota","Neoptera","Holometabola","Trichoptera",,,"Glossosomatoidea","Glossosomatidae","Glossosomatinae","Glossosomatini",,"Glossosoma","sp.",,"larva",1,,3,100,3,"N","N",,"condition OK","Y",,"Merritt et al. 2019","N","Rhithron Associates, Inc.","R. Spring",,,
"d9d131d0-61bb-49eb-8532-e0ea7f64404e","D16","MCRA","MCRA.AOS.reach","2019-07-31T16:57Z","2020-02-07","MCRA.20190731.SURBER.2","A00000060865",,"BAEPIS1","Y","Baetis piscatoris cx.",,"speciesGroup","Arthropoda","Hexapoda","Insecta","Pterygota","Palaeoptera",,"Ephemeroptera",,,,"Baetidae",,,,"Baetis","piscatoris cx.",,"larva",2,,3,90,3,"N","N",,"condition OK","Y",,"Morihara and McCafferty 1979; Wiersema, 2004; Webb et al. 2018","N","Rhithron Associates, Inc.","R. Spring",,"a54251ce-9cc9-4fb2-9434-9ec07e5acfbd",
"367fe509-33ca-470a-ada4-bd8a88372198","D16","MCRA","MCRA.AOS.reach","2019-07-31T16:57Z","2020-02-06","MCRA.20190731.SURBER.8","A00000060855",,"LEPSP4","Y","Leptophlebiidae sp.",,"family","Arthropoda","Hexapoda","Insecta","Pterygota","Palaeoptera",,"Ephemeroptera","Furcatergalia","Lanceolata",,"Leptophlebiidae",,,,,"sp.",,"larva",1,,2,100,2,"Y","N","early instar","condition OK","Y",,"Merritt et al. 2019","N","Rhithron Associates, Inc.","R. Spring",,,
"4aa7fab0-c363-44a0-9df7-2e80e4434472","D16","MCRA","MCRA.AOS.reach","2019-07-31T16:57Z","2020-02-07","MCRA.20190731.SURBER.2","A00000060865",,"HETCOR","Y","Heterlimnius corpulentus",,"species","Arthropoda","Hexapoda","Insecta","Pterygota","Neoptera","Holometabola","Coleoptera","Polyphaga","Elateriformia","Byrrhoidea","Elmidae","Elminae","Elmini",,"Heterlimnius","corpulentus",,"larva",3,,2,90,2,"N","N",,"condition OK","Y",,"Brown 1972; Merritt et al. 2019; Kamite, 2009","N","Rhithron Associates, Inc.","R. Spring",,,
"24776b36-9980-41dd-8370-3e676907ce09","D16","MCRA","MCRA.AOS.reach","2019-07-31T16:57Z","2020-02-04","MCRA.20190731.SURBER.1","A00000060864","BA19NEOMST13025O1","ENCSP1","Y","Enchytraeidae sp.",,"family","Annelida","Clitellata","Oligochaeta","Oligochaeta",,,"Enchytraeida",,,,"Enchytraeidae",,,,,"sp.",,"unknown",4,,1,100,1,"N","N",,"condition OK","Y",,"Kathman and Brinkhurst, 1999","N","Rhithron Associates, Inc.","A. Fasbender",,,
"b40d0f42-5e28-412c-934c-ec5886c88dc0","D16","MCRA","MCRA.AOS.reach","2019-07-31T16:57Z","2020-02-04","MCRA.20190731.SURBER.8","A00000060855",,"CORSP19","Y","Corynoneura sp.",,"genus","Arthropoda","Hexapoda","Insecta","Pterygota","Neoptera","Holometabola","Diptera","Nematocera","Culicomorpha",,"Chironomidae","Orthocladiinae",,,"Corynoneura","sp.",,"larva",2,,1,100,1,"N","N",,"condition OK","Y",,"Weiderholm, 1983; Weiderholm, 1986; Epler 2001; Ferrington et al. 2019; Andersen, Cranston and Epler 2013","N","Rhithron Associates, Inc.","A. Fasbender",,,
"d65f60f9-be89-465a-a04b-e5aa8433fd88","D16","MCRA","MCRA.AOS.reach","2019-07-31T16:57Z","2020-02-04","MCRA.20190731.SURBER.1","A00000060864",,"EUKSP","Y","Eukiefferiella sp.",,"genus","Arthropoda","Hexapoda","Insecta","Pterygota","Neoptera","Holometabola","Diptera","Nematocera","Culicomorpha",,"Chironomidae","Orthocladiinae",,,"Eukiefferiella","sp.",,"larva",1,,2,100,2,"Y","N","early instar","condition OK","N",,"Weiderholm, 1983; Bode, 1983; Weiderholm, 1986; Epler 2001; Ferrington et al. 2019; Andersen, Cranston and Epler 2013","N","Rhithron Associates, Inc.","B. Hayford",,,
"b9af294a-6ea4-492e-8f8d-3c0f187da5c7","D16","MCRA","MCRA.AOS.reach","2019-07-31T16:57Z","2020-02-06","MCRA.20190731.SURBER.6","A00000060871",,"BAETRI2","Y","Baetis tricaudatus cx.",,"speciesGroup","Arthropoda","Hexapoda","Insecta","Pterygota","Palaeoptera",,"Ephemeroptera",,,,"Baetidae",,,,"Baetis","tricaudatus cx.",,"larva",3,,1,100,1,"N","N",,"condition OK","Y",,"Morihara and McCafferty 1979; Wiersema, 2004; Webb et al. 2018","N","Rhithron Associates, Inc.","R. Spring",,"cf1d6c1c-382c-48d9-8cb6-4ec522ef9e37",
"549a0507-14e8-45ee-8531-41445c90af5a","D16","MCRA","MCRA.AOS.reach","2019-07-31T16:57Z","2020-02-07","MCRA.20190731.SURBER.1","A00000060864",,"ZAPCIN","Y","Zapada cinctipes",,"species","Arthropoda","Hexapoda","Insecta","Pterygota","Neoptera","Polyneoptera","Plecoptera","Euholognatha",,,"Nemouridae","Nemourinae",,,"Zapada","cinctipes",,"larva",1,,4,100,4,"N","N",,"condition OK","Y",,"Baumann et al. 1977; Stewart and Stark 2002; Merritt et al. 2019","N","Rhithron Associates, Inc.","R. Spring",,,
"b63655ee-d9b0-4367-b034-fe75982563bd","D16","MCRA","MCRA.AOS.reach","2019-07-31T16:57Z","2020-02-06","MCRA.20190731.SURBER.4","A00000060867",,"TORSP6","Y","Torrenticola sp.",,"genus","Arthropoda","Chelicerata","Arachnida","Acari",,"Acariformes","Trombidiformes","Prostigmata",,"Lebertioidea","Torrenticolidae",,,,"Torrenticola","sp.",,"adult",1,,2,100,2,"N","N",,"condition OK","Y",,"Thorp and Rogers 2016","Y","Rhithron Associates, Inc.","R. Spring",,,
"cb4dd0bc-7607-46be-9559-dfaf891576a1","D16","MCRA","MCRA.AOS.reach","2019-07-31T16:57Z","2020-02-07","MCRA.20190731.SURBER.1","A00000060864",,"BAEPIS1","Y","Baetis piscatoris cx.",,"speciesGroup","Arthropoda","Hexapoda","Insecta","Pterygota","Palaeoptera",,"Ephemeroptera",,,,"Baetidae",,,,"Baetis","piscatoris cx.",,"larva",4,,5,100,5,"N","N",,"condition OK","Y",,"Morihara and McCafferty 1979; Wiersema, 2004; Webb et al. 2018","N","Rhithron Associates, Inc.","R. Spring",,"8b27fe97-b65c-4a38-ba93-a35409cc23e9",
"013839db-8084-4745-9468-070199cf8e25","D16","MCRA","MCRA.AOS.reach","2019-07-31T16:57Z","2020-02-06","MCRA.20190731.SURBER.8","A00000060855",,"COLSP1","Y","Collembola sp.",,"order","Arthropoda","Hexapoda","Collembola",,,,"Collembola",,,,,,,,,"sp.",,"unknown",1,,4,100,4,"N","N",,"condition OK","Y",,"Merritt et al. 2019","N","Rhithron Associates, Inc.","R. Spring",,,
"588a46db-c037-49d3-8646-aa112af04617","D16","MCRA","MCRA.AOS.reach","2019-07-31T16:57Z","2020-02-07","MCRA.20190731.SURBER.3","A00000060866",,"BAETRI2","Y","Baetis tricaudatus cx.",,"speciesGroup","Arthropoda","Hexapoda","Insecta","Pterygota","Palaeoptera",,"Ephemeroptera",,,,"Baetidae",,,,"Baetis","tricaudatus cx.",,"larva",3,,2,67,3,"N","N",,"condition OK","Y",,"Morihara and McCafferty 1979; Wiersema, 2004; Webb et al. 2018","N","Rhithron Associates, Inc.","R. Spring",,"4677eb04-ce47-482e-b6ac-2a026b77d14b",
"b2c0597d-3e08-412d-88ad-e5c402d1a43d","D16","MCRA","MCRA.AOS.reach","2019-07-31T16:57Z","2020-02-04","MCRA.20190731.SURBER.3","A00000060866",,"MICSP6","Y","Micropsectra sp.",,"genus","Arthropoda","Hexapoda","Insecta","Pterygota","Neoptera","Holometabola","Diptera","Nematocera","Culicomorpha",,"Chironomidae","Chironominae","Tanytarsini",,"Micropsectra","sp.",,"larva",2,,2,67,3,"N","N",,"condition OK","Y",,"Weiderholm, 1983; Weiderholm, 1986; Epler 2001; Ferrington et al. 2019; Andersen, Cranston and Epler 2013","N","Rhithron Associates, Inc.","A. Fasbender",,,
"aaac193f-875e-4fe2-a5a1-a31839be9202","D16","MCRA","MCRA.AOS.reach","2019-07-31T16:57Z","2020-02-07","MCRA.20190731.SURBER.2","A00000060865",,"TESSP1","Y","Testudacarus sp.",,"genus","Arthropoda","Chelicerata","Arachnida","Acari",,"Acariformes","Trombidiformes","Prostigmata",,"Lebertioidea","Torrenticolidae",,,,"Testudacarus","sp.",,"adult",1,,4,90,4,"N","N",,"condition OK","Y",,"Thorp and Rogers 2016","N","Rhithron Associates, Inc.","R. Spring",,,
"e97f1c00-8c08-4d0a-af09-89ab8601ef2d","D16","MCRA","MCRA.AOS.reach","2019-07-31T16:57Z","2020-02-04","MCRA.20190731.SURBER.7","A00000060872",,"EUKSP","Y","Eukiefferiella sp.",,"genus","Arthropoda","Hexapoda","Insecta","Pterygota","Neoptera","Holometabola","Diptera","Nematocera","Culicomorpha",,"Chironomidae","Orthocladiinae",,,"Eukiefferiella","sp.",,"larva",1,,1,100,1,"Y","N","early instar","condition OK","Y",,"Weiderholm, 1983; Bode, 1983; Weiderholm, 1986; Epler 2001; Ferrington et al. 2019; Andersen, Cranston and Epler 2013","N","Rhithron Associates, Inc.","A. Fasbender",,,
"ec743be3-378b-4cf5-acc6-5c7066259d40","D16","MCRA","MCRA.AOS.reach","2019-07-31T16:57Z","2020-02-06","MCRA.20190731.SURBER.8","A00000060855",,"PERSP1","Y","Perlidae sp.",,"family","Arthropoda","Hexapoda","Insecta","Pterygota","Neoptera","Polyneoptera","Plecoptera","Systellognatha",,,"Perlidae",,,,,"sp.",,"larva",2,,2,100,2,"Y","N","early instar","condition OK","Y",,"Stewart and Stark 2002; Merritt et al. 2019","N","Rhithron Associates, Inc.","R. Spring",,,
"123f55a0-76eb-44fe-9047-9729efa1987a","D16","MCRA","MCRA.AOS.reach","2019-07-31T16:57Z","2020-02-06","MCRA.20190731.SURBER.4","A00000060867",,"BAETRI2","Y","Baetis tricaudatus cx.",,"speciesGroup","Arthropoda","Hexapoda","Insecta","Pterygota","Palaeoptera",,"Ephemeroptera",,,,"Baetidae",,,,"Baetis","tricaudatus cx.",,"larva",1,,4,100,4,"N","N",,"condition OK","Y",,"Morihara and McCafferty 1979; Wiersema, 2004; Webb et al. 2018","Y","Rhithron Associates, Inc.","R. Spring",,"974c894b-ad98-4fd2-aff9-6101263fa864",
"93bd7c6b-ce46-40e6-b51e-994e6d2ae41d","D16","MCRA","MCRA.AOS.reach","2019-07-31T16:57Z","2020-02-06","MCRA.20190731.SURBER.7","A00000060872",,"RHYBET","Y","Rhyacophila betteni gr.",,"speciesGroup","Arthropoda","Hexapoda","Insecta","Pterygota","Neoptera","Holometabola","Trichoptera",,,"Rhyacophiloidea","Rhyacophilidae",,,,"Rhyacophila","betteni gr.",,"larva",2,,1,100,1,"N","N",,"condition OK","Y",,"Prather and Morris 2001; Morse et al. 2017; Giersch et al. 2012","N","Rhithron Associates, Inc.","R. Spring",,,
"6e00a0d5-88e3-4581-8308-9b735a210151","D16","MCRA","MCRA.AOS.reach","2019-07-31T16:57Z","2020-02-04","MCRA.20190731.SURBER.8","A00000060855",,"MICSP6","Y","Micropsectra sp.",,"genus","Arthropoda","Hexapoda","Insecta","Pterygota","Neoptera","Holometabola","Diptera","Nematocera","Culicomorpha",,"Chironomidae","Chironominae","Tanytarsini",,"Micropsectra","sp.",,"larva",2,,1,100,1,"N","N",,"condition OK","Y",,"Weiderholm, 1983; Weiderholm, 1986; Epler 2001; Ferrington et al. 2019; Andersen, Cranston and Epler 2013","N","Rhithron Associates, Inc.","A. Fasbender",,,
"fc920650-5b5b-41cd-a8bc-83f9d732b206","D16","MCRA","MCRA.AOS.reach","2019-07-31T16:57Z","2020-02-06","MCRA.20190731.SURBER.7","A00000060872",,"DRUDOD","Y","Drunella doddsii",,"species","Arthropoda","Hexapoda","Insecta","Pterygota","Palaeoptera",,"Ephemeroptera","Furcatergalia","Pannota","Ephemerelloidea","Ephemerellidae",,,,"Drunella","doddsii",,"larva",1,,5,100,5,"N","N",,"condition OK","Y",,"Allen and Edmunds 1962","N","Rhithron Associates, Inc.","R. Spring",,,
"523109b3-a4a0-4165-95f7-b8e0cbb1dc60","D16","MCRA","MCRA.AOS.reach","2019-07-31T16:57Z","2020-02-04","MCRA.20190731.SURBER.2","A00000060865",,"STESP10","Y","Stempellinella sp.",,"genus","Arthropoda","Hexapoda","Insecta","Pterygota","Neoptera","Holometabola","Diptera","Nematocera","Culicomorpha",,"Chironomidae","Chironominae","Tanytarsini",,"Stempellinella","sp.",,"larva",1,,4,90,4,"N","N",,"condition OK","Y",,"Weiderholm, 1983; Weiderholm, 1986; Epler 2001; Ferrington et al. 2019; Andersen, Cranston and Epler 2013","N","Rhithron Associates, Inc.","B. Hayford",,,
"005191f0-0c23-4449-9f78-c87284589b52","D16","MCRA","MCRA.AOS.reach","2019-07-31T16:57Z","2020-02-04","MCRA.20190731.SURBER.3","A00000060866",,"EUKBRE","Y","Eukiefferiella brehmi gr.",,"speciesGroup","Arthropoda","Hexapoda","Insecta","Pterygota","Neoptera","Holometabola","Diptera","Nematocera","Culicomorpha",,"Chironomidae","Orthocladiinae",,,"Eukiefferiella","brehmi gr.",,"larva",1,,1,67,1,"N","N",,"condition OK","Y",,"Weiderholm, 1983; Bode, 1983; Weiderholm, 1986; Epler 2001; Ferrington et al. 2019; Andersen, Cranston and Epler 2013","N","Rhithron Associates, Inc.","A. Fasbender",,,
"c74115db-4d3d-456e-8dca-3e660588641e","D16","MCRA","MCRA.AOS.reach","2019-07-31T16:57Z","2020-02-04","MCRA.20190731.SURBER.3","A00000060866",,"EUKCLA","Y","Eukiefferiella claripennis gr.",,"speciesGroup","Arthropoda","Hexapoda","Insecta","Pterygota","Neoptera","Holometabola","Diptera","Nematocera","Culicomorpha",,"Chironomidae","Orthocladiinae",,,"Eukiefferiella","claripennis gr.",,"larva",1,,1,67,1,"N","N",,"condition OK","Y",,"Weiderholm, 1983; Bode, 1983; Weiderholm, 1986; Epler 2001; Ferrington et al. 2019; Andersen, Cranston and Epler 2013","N","Rhithron Associates, Inc.","A. Fasbender",,,
"9eb46796-0a5b-485b-bed7-63d4ab699857","D16","MCRA","MCRA.AOS.reach","2019-07-31T16:57Z","2020-02-06","MCRA.20190731.SURBER.6","A00000060871",,"THRSP6","Y","Thremmatidae sp.",,"family","Arthropoda",,"Insecta",,,,"Trichoptera",,,,"Thremmatidae sp.",,,,,"sp.",,"larva",1,,2,100,2,"Y","N","early instar","condition OK","Y",,"Merritt et al. 2019","N","Rhithron Associates, Inc.","R. Spring",,,
"27d04876-6840-4dbe-bf09-8f87ba0abe6e","D16","MCRA","MCRA.AOS.reach","2019-07-31T16:57Z","2020-02-04","MCRA.20190731.SURBER.3","A00000060866",,"RHESP2","Y","Rheotanytarsus sp.",,"genus","Arthropoda","Hexapoda","Insecta","Pterygota","Neoptera","Holometabola","Diptera","Nematocera","Culicomorpha",,"Chironomidae","Chironominae","Tanytarsini",,"Rheotanytarsus","sp.",,"larva",3,,6,67,9,"N","N",,"condition OK","Y",,"Weiderholm, 1983; Weiderholm, 1986; Epler 2001; Ferrington et al. 2019; Andersen, Cranston and Epler 2013","N","Rhithron Associates, Inc.","A. Fasbender",,,
"03ee6a3d-70de-4b30-b20a-b112a9a6b9d7","D16","MCRA","MCRA.AOS.reach","2019-07-31T16:57Z","2020-02-06","MCRA.20190731.SURBER.5","A00000060868",,"THRSP6","Y","Thremmatidae sp.",,"family","Arthropoda",,"Insecta",,,,"Trichoptera",,,,"Thremmatidae sp.",,,,,"sp.",,"larva",1,,9,100,9,"Y","N","early instar","condition OK","Y",,"Merritt et al. 2019","N","Rhithron Associates, Inc.","R. Spring",,,
"a0fa8244-b565-44be-9fac-3bcbe8c92fd7","D16","MCRA","MCRA.AOS.reach","2019-07-31T16:57Z","2020-02-06","MCRA.20190731.SURBER.5","A00000060868",,"LEUSP2","Y","Leuctridae sp.",,"family","Arthropoda","Hexapoda","Insecta","Pterygota","Neoptera","Polyneoptera","Plecoptera","Euholognatha",,,"Leuctridae",,,,,"sp.",,"larva",7,,1,100,1,"N","N","damaged","damaged, affecting taxonomy and measurement","Y",,"Stewart and Stark 2002; Merritt et al. 2019","N","Rhithron Associates, Inc.","R. Spring",,,
"23065c43-54ff-40fb-9066-627ac8ec50c8","D16","MCRA","MCRA.AOS.reach","2019-07-31T16:57Z","2020-02-06","MCRA.20190731.SURBER.4","A00000060867",,"ATRSP3","Y","Atractides sp.",,"genus","Arthropoda","Chelicerata","Arachnida","Acari",,"Acariformes","Trombidiformes","Prostigmata",,"Hygrobatoidea","Hygrobatidae",,,,"Atractides","sp.",,"adult",1,,2,100,2,"N","N",,"condition OK","Y",,"Thorp and Rogers 2016","Y","Rhithron Associates, Inc.","R. Spring",,,
"635d380f-8cfe-492c-a51a-3dc83c800755","D16","MCRA","MCRA.AOS.reach","2019-07-31T16:57Z","2020-02-06","MCRA.20190731.SURBER.5","A00000060868",,"SWESP","Y","Sweltsa sp.",,"genus","Arthropoda","Hexapoda","Insecta","Pterygota","Neoptera","Polyneoptera","Plecoptera","Systellognatha",,,"Chloroperlidae","Chloroperlinae",,,"Sweltsa","sp.",,"larva",3,,1,100,1,"N","N",,"condition OK","Y",,"Stewart and Stark 2002; Merritt et al. 2019","N","Rhithron Associates, Inc.","R. Spring",,,
"d3481ea6-2d6e-4ddb-be9b-847c2f760f65","D16","MCRA","MCRA.AOS.reach","2019-07-31T16:57Z","2020-02-07","MCRA.20190731.SURBER.3","A00000060866",,"DICSP6","Y","Dicranota sp.",,"genus","Arthropoda","Hexapoda","Insecta","Pterygota","Neoptera","Holometabola","Diptera","Nematocera","Tipulomorpha",,"Tipulidae","Limoniinae","Pediciini",,"Dicranota","sp.",,"larva",8,,1,67,1,"N","N",,"condition OK","Y",,"Gelhaus and Podeniene 2018; Merritt et al. 2019","N","Rhithron Associates, Inc.","R. Spring",,,
"40601a03-f51f-430e-a6ab-2d021837da0f","D16","MCRA","MCRA.AOS.reach","2019-07-31T16:57Z","2020-02-07","MCRA.20190731.SURBER.3","A00000060866",,"ELMSP","Y","Elmidae sp.",,"family","Arthropoda","Hexapoda","Insecta","Pterygota","Neoptera","Holometabola","Coleoptera","Polyphaga","Elateriformia","Byrrhoidea","Elmidae",,,,,"sp.",,"larva",1,,1,67,1,"Y","N","early instar","condition OK","N",,"Brown, 1972; Merritt et al. 2019","N","Rhithron Associates, Inc.","R. Spring",,,
"131a8aa8-a0b7-4ab3-a3ad-56a5c088d55c","D16","MCRA","MCRA.AOS.reach","2019-07-31T16:57Z","2020-02-04","MCRA.20190731.SURBER.1","A00000060864",,"ZAVSP","Y","Zavrelimyia sp.",,"genus","Arthropoda","Hexapoda","Insecta","Pterygota","Neoptera","Holometabola","Diptera","Nematocera","Culicomorpha",,"Chironomidae","Tanypodinae","Pentaneurini",,"Zavrelimyia","sp.",,"larva",4,,1,100,1,"N","N",,"condition OK","Y",,"Weiderholm, 1983; Weiderholm, 1986; Epler 2001; Ferrington et al. 2019; Andersen, Cranston and Epler 2013","N","Rhithron Associates, Inc.","B. Hayford",,,
"b8339d7f-7310-48f6-a25c-f99c779e1920","D16","MCRA","MCRA.AOS.reach","2019-07-31T16:57Z","2020-02-04","MCRA.20190731.SURBER.2","A00000060865",,"THISP2","Y","Thienemanniella sp.",,"genus","Arthropoda","Hexapoda","Insecta","Pterygota","Neoptera","Holometabola","Diptera","Nematocera","Culicomorpha",,"Chironomidae","Orthocladiinae",,,"Thienemanniella","sp.",,"larva",1,,2,90,2,"N","N",,"condition OK","Y",,"Weiderholm, 1983; Weiderholm, 1986; Epler 2001; Ferrington et al. 2019; Andersen, Cranston and Epler 2013","N","Rhithron Associates, Inc.","B. Hayford",,,
"2efcfedd-7dd4-4b9d-956b-1c4efae80821","D16","MCRA","MCRA.AOS.reach","2019-07-31T16:57Z","2020-02-04","MCRA.20190731.SURBER.2","A00000060865",,"THISP2","Y","Thienemanniella sp.",,"genus","Arthropoda","Hexapoda","Insecta","Pterygota","Neoptera","Holometabola","Diptera","Nematocera","Culicomorpha",,"Chironomidae","Orthocladiinae",,,"Thienemanniella","sp.",,"pupa",2,,1,90,1,"N","N",,"condition OK","N",,"Weiderholm, 1983; Weiderholm, 1986; Epler 2001; Ferrington et al. 2019; Andersen, Cranston and Epler 2013","N","Rhithron Associates, Inc.","B. Hayford",,,
"728bc92a-fe60-4af7-9b70-180ff5d299c4","D16","MCRA","MCRA.AOS.reach","2019-07-31T16:57Z","2020-02-07","MCRA.20190731.SURBER.2","A00000060865",,"TORSP6","Y","Torrenticola sp.",,"genus","Arthropoda","Chelicerata","Arachnida","Acari",,"Acariformes","Trombidiformes","Prostigmata",,"Lebertioidea","Torrenticolidae",,,,"Torrenticola","sp.",,"adult",1,,10,90,11,"N","N",,"condition OK","Y",,"Thorp and Rogers 2016","N","Rhithron Associates, Inc.","R. Spring",,,
"61e76250-ba0e-4e46-b043-79b417ea9e7a","D16","MCRA","MCRA.AOS.reach","2019-07-31T16:57Z","2020-02-07","MCRA.20190731.SURBER.2","A00000060865",,"BAEPIS1","Y","Baetis piscatoris cx.",,"speciesGroup","Arthropoda","Hexapoda","Insecta","Pterygota","Palaeoptera",,"Ephemeroptera",,,,"Baetidae",,,,"Baetis","piscatoris cx.",,"larva",3,,3,90,3,"N","N",,"condition OK","Y",,"Morihara and McCafferty 1979; Wiersema, 2004; Webb et al. 2018","N","Rhithron Associates, Inc.","R. Spring",,"92d85b5d-657e-4ff6-96b9-7d1f96de0f27",
"d3025df3-95a6-4391-99fd-4e98ae598d0c","D16","MCRA","MCRA.AOS.reach","2019-07-31T16:57Z","2020-02-04","MCRA.20190731.SURBER.5","A00000060868",,"SYNSP3","Y","Synorthocladius sp.",,"genus","Arthropoda","Hexapoda","Insecta","Pterygota","Neoptera","Holometabola","Diptera","Nematocera","Culicomorpha",,"Chironomidae","Orthocladiinae",,,"Synorthocladius","sp.",,"larva",2,,2,100,2,"N","N",,"condition OK","Y",,"Weiderholm, 1983; Weiderholm, 1986; Epler 2001; Ferrington et al. 2019; Andersen, Cranston and Epler 2013","N","Rhithron Associates, Inc.","A. Fasbender",,,
