uid,domainID,siteID,namedLocation,passStartTime,passEndTime,boutEndDate,eventID,passNumber,specimenNumber,taxonID,scientificName,taxonRank,morphospeciesID,morphospeciesIDRemarks,identificationQualifier,identificationReferences,fishTotalLength,fishWeight,samplerType,delt,efMortality,efInjury,fishLifeStage,sampleTypeCollected,voucherSampleID,voucherSampleCode,dnaSampleID,dnaSampleCode,identifiedBy,remarks,dataQF,barrierSubReach
"10b82294-bd54-46c8-8270-68e7a2c52894","D02","LEWI","LEWI.AOS.fish.point.01","2021-04-12T12:43Z","2021-04-12T13:27Z","2021-04-15T16:56Z","LEWI.2021.spring",1,12,"COTGIR","Cottus girardi","species",,,,,53,2.8,"electrofisher",,,,,"no sample",,,,,"0000-0003-3114-5862",,,
"e4c48f37-4162-43b5-a2ed-dfb8889f2a93","D02","LEWI","LEWI.AOS.fish.point.01","2021-04-12T12:43Z","2021-04-12T13:27Z","2021-04-15T16:56Z","LEWI.2021.spring",1,23,"COTGIR","Cottus girardi","species",,,,,53,1.9,"electrofisher",,,,,"no sample",,,,,"0000-0003-3114-5862",,,
"8488a3d7-e911-416b-82fd-68b4a90691a6","D02","LEWI","LEWI.AOS.fish.point.01","2021-04-12T12:43Z","2021-04-12T13:27Z","2021-04-15T16:56Z","LEWI.2021.spring",1,27,"COTGIR","Cottus girardi","species",,,,,55,2.6,"electrofisher",,,,,"no sample",,,,,"0000-0003-3114-5862",,,
"01cd18fd-513d-4cb3-80af-05e589b3575b","D02","LEWI","LEWI.AOS.fish.point.01","2021-04-12T12:43Z","2021-04-12T13:27Z","2021-04-15T16:56Z","LEWI.2021.spring",1,44,"COTGIR","Cottus girardi","species",,,,,57,2.5,"electrofisher",,,,,"no sample",,,,,"0000-0003-3114-5862",,,
"a27641a2-e469-458c-8610-94751a77879d","D02","LEWI","LEWI.AOS.fish.point.01","2021-04-12T12:43Z","2021-04-12T13:27Z","2021-04-15T16:56Z","LEWI.2021.spring",1,49,"COTGIR","Cottus girardi","species",,,,,71,4.6,"electrofisher",,,,,"no sample",,,,,"0000-0003-3114-5862",,,
"9f979ce3-7006-4427-8e90-c4fdd3a177cb","D02","LEWI","LEWI.AOS.fish.point.01","2021-04-12T12:43Z","2021-04-12T13:27Z","2021-04-15T16:56Z","LEWI.2021.spring",1,6,"COTGIR","Cottus girardi","species",,,,,65,4.0,"electrofisher",,,,,"dna sample only","FSH.LEWI.01.20210412.1.0006",,"FSH.LEWI.01.20210412.1.0006.DNA","D00000038627","0000-0003-3114-5862",,,
"6a9eed0c-74d4-43ad-a5fc-370c017b3bcb","D02","LEWI","LEWI.AOS.fish.point.01","2021-04-12T12:43Z","2021-04-12T13:27Z","2021-04-15T16:56Z","LEWI.2021.spring",1,43,"COTGIR","Cottus girardi","species",,,,,54,2.1,"electrofisher",,,,,"no sample",,,,,"0000-0003-3114-5862",,,
"8564e91e-a09a-4347-a8d1-cb1eb12e5415","D02","LEWI","LEWI.AOS.fish.point.01","2021-04-12T12:43Z","2021-04-12T13:27Z","2021-04-15T16:56Z","LEWI.2021.spring",1,26,"COTGIR","Cottus girardi","species",,,,,45,1.3,"electrofisher",,,,,"no sample",,,,,"0000-0003-3114-5862",,,
"f8b6e8a7-2c0f-472b-adf5-9a3ca8a2bb9e","D02","LEWI","LEWI.AOS.fish.point.01","2021-04-12T12:43Z","2021-04-12T13:27Z","2021-04-15T16:56Z","LEWI.2021.spring",1,37,"COTGIR","Cottus girardi","species",,,,,49,1.4,"electrofisher",,,,,"no sample",,,,,"0000-0003-3114-5862",,,
"f78551e4-7e60-4879-8c6b-e6aba5d15f62","D02","LEWI","LEWI.AOS.fish.point.01","2021-04-12T12:43Z","2021-04-12T13:27Z","2021-04-15T16:56Z","LEWI.2021.spring",1,5,"PIMPRO","Pimephales promelas","species",,,,,55,2.4,"electrofisher",,,,,"dna sample only","FSH.LEWI.01.20210412.1.0005",,"FSH.LEWI.01.20210412.1.0005.DNA","D00000038626","0000-0003-3114-5862",,,
"72d64612-aeed-48e6-bee1-c22e1ee22df5","D02","LEWI","LEWI.AOS.fish.point.01","2021-04-12T12:43Z","2021-04-12T13:27Z","2021-04-15T16:56Z","LEWI.2021.spring",1,31,"COTGIR","Cottus girardi","species",,,,,50,1.8,"electrofisher",,,,,"no sample",,,,,"0000-0003-3114-5862",,,
"23b2c6eb-2523-4cf2-a75f-362c8a1d6503","D02","LEWI","LEWI.AOS.fish.point.01","2021-04-12T12:43Z","2021-04-12T13:27Z","2021-04-15T16:56Z","LEWI.2021.spring",1,35,"COTGIR","Cottus girardi","species",,,,,62,4.4,"electrofisher",,,,"gravid female","no sample",,,,,"0000-0003-3114-5862",,,
"42fb0572-df2e-4ded-bce8-12d267a3f44f","D02","LEWI","LEWI.AOS.fish.point.01","2021-04-12T12:43Z","2021-04-12T13:27Z","2021-04-15T16:56Z","LEWI.2021.spring",1,19,"COTGIR","Cottus girardi","species",,,,,54,2.3,"electrofisher",,,,,"no sample",,,,,"0000-0003-3114-5862",,,
"7daaf5e6-aea4-4530-8f35-e4a8bcf641bf","D02","LEWI","LEWI.AOS.fish.point.01","2021-04-12T12:43Z","2021-04-12T13:27Z","2021-04-15T16:56Z","LEWI.2021.spring",1,36,"COTGIR","Cottus girardi","species",,,,,49,1.5,"electrofisher",,,,,"no sample",,,,,"0000-0003-3114-5862",,,
"53b25e19-7166-4c09-83e4-df8177a78f6d","D02","LEWI","LEWI.AOS.fish.point.01","2021-04-12T12:43Z","2021-04-12T13:27Z","2021-04-15T16:56Z","LEWI.2021.spring",1,60,"RHIATR","Rhinichthys atratulus","species",,,,,65,2.7,"electrofisher",,,,,"dna sample only","FSH.LEWI.01.20210412.1.0060",,"FSH.LEWI.01.20210412.1.0060.DNA","D00000038631","0000-0003-3114-5862",,,
"9e0490a4-3a63-48cc-b2be-7d5237feda13","D02","LEWI","LEWI.AOS.fish.point.01","2021-04-12T12:43Z","2021-04-12T13:27Z","2021-04-15T16:56Z","LEWI.2021.spring",1,14,"COTGIR","Cottus girardi","species",,,,,52,2.4,"electrofisher",,,,,"no sample",,,,,"0000-0003-3114-5862",,,
"2b4e1460-2f94-46d3-a949-c016692167e5","D02","LEWI","LEWI.AOS.fish.point.01","2021-04-12T12:43Z","2021-04-12T13:27Z","2021-04-15T16:56Z","LEWI.2021.spring",1,29,"COTGIR","Cottus girardi","species",,,,,54,1.8,"electrofisher",,,,,"no sample",,,,,"0000-0003-3114-5862",,,
"8c8d53b5-c4b7-4e03-aa1a-ed602ac38c29","D02","LEWI","LEWI.AOS.fish.point.01","2021-04-12T12:43Z","2021-04-12T13:27Z","2021-04-15T16:56Z","LEWI.2021.spring",1,3,"SEMATR","Semotilus atromaculatus","species",,,,,110,14.7,"electrofisher",,,,,"dna sample only","FSH.LEWI.01.20210412.1.0003",,"FSH.LEWI.01.20210412.1.0003.DNA","D00000038624","0000-0003-3114-5862",,,
"36c9d6af-29c3-47c8-897d-9de0263a70c7","D02","LEWI","LEWI.AOS.fish.point.01","2021-04-12T12:43Z","2021-04-12T13:27Z","2021-04-15T16:56Z","LEWI.2021.spring",1,58,"RHIATR","Rhinichthys atratulus","species",,,,,51,1.5,"electrofisher",,,,,"dna sample only","FSH.LEWI.01.20210412.1.0058",,"FSH.LEWI.01.20210412.1.0058.DNA","D00000038630","0000-0003-3114-5862",,,
"c7952bd2-13c7-4b13-a462-8e8fe742b11f","D02","LEWI","LEWI.AOS.fish.point.01","2021-04-12T12:43Z","2021-04-12T13:27Z","2021-04-15T16:56Z","LEWI.2021.spring",1,13,"COTGIR","Cottus girardi","species",,,,,51,2.2,"electrofisher",,,,,"no sample",,,,,"0000-0003-3114-5862",,,
"a8561281-c289-41e6-b568-9b8d50b1561c","D02","LEWI","LEWI.AOS.fish.point.01","2021-04-12T12:43Z","2021-04-12T13:27Z","2021-04-15T16:56Z","LEWI.2021.spring",1,16,"COTGIR","Cottus girardi","species",,,,,52,2.2,"electrofisher",,,,,"no sample",,,,,"0000-0003-3114-5862",,,
"c2479561-d2c7-404a-b993-a7d311b69b10","D02","LEWI","LEWI.AOS.fish.point.01","2021-04-12T12:43Z","2021-04-12T13:27Z","2021-04-15T16:56Z","LEWI.2021.spring",1,33,"COTGIR","Cottus girardi","species",,,,,52,1.6,"electrofisher",,,,,"no sample",,,,,"0000-0003-3114-5862",,,
"e2907d25-97d9-4f8b-8645-33c9d3c0a97d","D02","LEWI","LEWI.AOS.fish.point.01","2021-04-12T12:43Z","2021-04-12T13:27Z","2021-04-15T16:56Z","LEWI.2021.spring",1,11,"COTGIR","Cottus girardi","species",,,,,48,1.6,"electrofisher",,,,,"no sample",,,,,"0000-0003-3114-5862",,,
"2c2809d2-36cc-47ff-8acc-ad6203ea9325","D02","LEWI","LEWI.AOS.fish.point.01","2021-04-12T12:43Z","2021-04-12T13:27Z","2021-04-15T16:56Z","LEWI.2021.spring",1,25,"COTGIR","Cottus girardi","species",,,,,58,2.4,"electrofisher",,,,,"no sample",,,,,"0000-0003-3114-5862",,,
"78bf7fe2-7dcb-4cb7-a2ea-e209f2ae49b3","D02","LEWI","LEWI.AOS.fish.point.01","2021-04-12T12:43Z","2021-04-12T13:27Z","2021-04-15T16:56Z","LEWI.2021.spring",1,42,"COTGIR","Cottus girardi","species",,,,,65,3.3,"electrofisher",,,,,"no sample",,,,,"0000-0003-3114-5862",,,
"263214b0-2ed1-42d8-b4e5-bae8eda1f042","D02","LEWI","LEWI.AOS.fish.point.01","2021-04-12T12:43Z","2021-04-12T13:27Z","2021-04-15T16:56Z","LEWI.2021.spring",1,52,"COTGIR","Cottus girardi","species",,,,,43,1.4,"electrofisher",,,,,"no sample",,,,,"0000-0003-3114-5862",,,
"14db916d-6bc0-4816-9aaf-5aae715e52d1","D02","LEWI","LEWI.AOS.fish.point.01","2021-04-12T12:43Z","2021-04-12T13:27Z","2021-04-15T16:56Z","LEWI.2021.spring",1,4,"COTGIR","Cottus girardi","species",,,,,71,4.9,"electrofisher",,,,,"dna sample only","FSH.LEWI.01.20210412.1.0004",,"FSH.LEWI.01.20210412.1.0004.DNA","D00000038625","0000-0003-3114-5862",,,
"3dd76a9b-9fc9-4646-8b65-3e211c69ef32","D02","LEWI","LEWI.AOS.fish.point.01","2021-04-12T12:43Z","2021-04-12T13:27Z","2021-04-15T16:56Z","LEWI.2021.spring",1,54,"RHIATR","Rhinichthys atratulus","species",,,,,37,0.5,"electrofisher",,,,,"dna sample only","FSH.LEWI.01.20210412.1.0054",,"FSH.LEWI.01.20210412.1.0054.DNA","D00000038641","0000-0003-3114-5862",,,
"e61098de-30d6-476c-9c7f-82481bbae3ce","D02","LEWI","LEWI.AOS.fish.point.01","2021-04-12T12:43Z","2021-04-12T13:27Z","2021-04-15T16:56Z","LEWI.2021.spring",1,57,"RHIATR","Rhinichthys atratulus","species",,,,,48,1.2,"electrofisher",,,,,"dna sample only","FSH.LEWI.01.20210412.1.0057",,"FSH.LEWI.01.20210412.1.0057.DNA","D00000038628","0000-0003-3114-5862",,,
"542a827b-205d-426a-9108-b8fcd94deec7","D02","LEWI","LEWI.AOS.fish.point.01","2021-04-12T12:43Z","2021-04-12T13:27Z","2021-04-15T16:56Z","LEWI.2021.spring",1,20,"COTGIR","Cottus girardi","species",,,,,48,2.1,"electrofisher",,,,,"no sample",,,,,"0000-0003-3114-5862",,,
"e777c258-3a4b-4332-b4f5-de860cec8afd","D02","LEWI","LEWI.AOS.fish.point.01","2021-04-12T12:43Z","2021-04-12T13:27Z","2021-04-15T16:56Z","LEWI.2021.spring",1,7,"COTGIR","Cottus girardi","species",,,,,48,1.3,"electrofisher",,,,,"dna sample only","FSH.LEWI.01.20210412.1.0007",,"FSH.LEWI.01.20210412.1.0007.DNA","D00000038629","0000-0003-3114-5862",,,
"775057dd-4f09-412a-a617-85d377a67561","D02","LEWI","LEWI.AOS.fish.point.01","2021-04-12T12:43Z","2021-04-12T13:27Z","2021-04-15T16:56Z","LEWI.2021.spring",1,39,"COTGIR","Cottus girardi","species",,,,,68,3.4,"electrofisher",,,,,"no sample",,,,,"0000-0003-3114-5862",,,
"fb7bc8a1-b0d6-44ec-9aeb-eb5227e2f6f2","D02","LEWI","LEWI.AOS.fish.point.01","2021-04-12T12:43Z","2021-04-12T13:27Z","2021-04-15T16:56Z","LEWI.2021.spring",1,47,"COTGIR","Cottus girardi","species",,,,,55,2.5,"electrofisher",,,,,"no sample",,,,,"0000-0003-3114-5862",,,
"92c4e37e-c92a-46a0-9557-ca84fbafa3f3","D02","LEWI","LEWI.AOS.fish.point.01","2021-04-12T12:43Z","2021-04-12T13:27Z","2021-04-15T16:56Z","LEWI.2021.spring",1,38,"COTGIR","Cottus girardi","species",,,,,52,1.7,"electrofisher",,,,,"no sample",,,,,"0000-0003-3114-5862",,,
"5481e5d0-51ae-4c29-909a-a9d45f3964b4","D02","LEWI","LEWI.AOS.fish.point.01","2021-04-12T12:43Z","2021-04-12T13:27Z","2021-04-15T16:56Z","LEWI.2021.spring",1,15,"COTGIR","Cottus girardi","species",,,,,53,2.2,"electrofisher",,,,,"no sample",,,,,"0000-0003-3114-5862",,,
"34207d57-e9d0-4bd7-bef3-2844143258c6","D02","LEWI","LEWI.AOS.fish.point.01","2021-04-12T12:43Z","2021-04-12T13:27Z","2021-04-15T16:56Z","LEWI.2021.spring",1,40,"COTGIR","Cottus girardi","species",,,,,47,1.3,"electrofisher",,,,,"no sample",,,,,"0000-0003-3114-5862",,,
"11b5447e-fdc9-4ece-9bc6-a027370562cd","D02","LEWI","LEWI.AOS.fish.point.01","2021-04-12T12:43Z","2021-04-12T13:27Z","2021-04-15T16:56Z","LEWI.2021.spring",1,2,"COTGIR","Cottus girardi","species",,,,,56,2.2,"electrofisher",,,,,"dna sample only","FSH.LEWI.01.20210412.1.0002",,"FSH.LEWI.01.20210412.1.0002.DNA","D00000038654","0000-0003-3114-5862",,,
"522addfc-3710-4af1-ac89-f79433d24abb","D02","LEWI","LEWI.AOS.fish.point.01","2021-04-12T12:43Z","2021-04-12T13:27Z","2021-04-15T16:56Z","LEWI.2021.spring",1,28,"COTGIR","Cottus girardi","species",,,,,47,1.4,"electrofisher",,,,,"no sample",,,,,"0000-0003-3114-5862",,,
"153358dd-1f4e-4e9d-9fbc-946a031ea22e","D02","LEWI","LEWI.AOS.fish.point.01","2021-04-12T12:43Z","2021-04-12T13:27Z","2021-04-15T16:56Z","LEWI.2021.spring",1,50,"COTGIR","Cottus girardi","species",,,,,51,1.6,"electrofisher",,,,,"no sample",,,,,"0000-0003-3114-5862",,,
"dbe106c3-60a5-45b5-898a-f5a82cc40e00","D02","LEWI","LEWI.AOS.fish.point.01","2021-04-12T12:43Z","2021-04-12T13:27Z","2021-04-15T16:56Z","LEWI.2021.spring",1,24,"COTGIR","Cottus girardi","species",,,,,46,1.1,"electrofisher",,,,,"no sample",,,,,"0000-0003-3114-5862",,,
"b7d3fc46-47ec-4933-9bd8-c519d0cafa96","D02","LEWI","LEWI.AOS.fish.point.01","2021-04-12T12:43Z","2021-04-12T13:27Z","2021-04-15T16:56Z","LEWI.2021.spring",1,30,"COTGIR","Cottus girardi","species",,,,,56,2.0,"electrofisher",,,,,"no sample",,,,,"0000-0003-3114-5862",,,
"f138e271-99e2-47f1-9888-2b58d737c4d7","D02","LEWI","LEWI.AOS.fish.point.01","2021-04-12T12:43Z","2021-04-12T13:27Z","2021-04-15T16:56Z","LEWI.2021.spring",1,46,"COTGIR","Cottus girardi","species",,,,,49,1.5,"electrofisher",,,,,"no sample",,,,,"0000-0003-3114-5862",,,
"b70458c1-1e5a-4522-bdb7-2337724f0432","D02","LEWI","LEWI.AOS.fish.point.01","2021-04-12T12:43Z","2021-04-12T13:27Z","2021-04-15T16:56Z","LEWI.2021.spring",1,17,"COTGIR","Cottus girardi","species",,,,,50,1.6,"electrofisher",,,,,"no sample",,,,,"0000-0003-3114-5862",,,
"3b9fe0ec-ed37-49b2-9d54-86ae3ae3c90f","D02","LEWI","LEWI.AOS.fish.point.01","2021-04-12T12:43Z","2021-04-12T13:27Z","2021-04-15T16:56Z","LEWI.2021.spring",1,21,"COTGIR","Cottus girardi","species",,,,,49,1.9,"electrofisher",,,,,"no sample",,,,,"0000-0003-3114-5862",,,
"1cd134a3-158b-492e-81d2-640787c251f5","D02","LEWI","LEWI.AOS.fish.point.01","2021-04-12T12:43Z","2021-04-12T13:27Z","2021-04-15T16:56Z","LEWI.2021.spring",1,18,"COTGIR","Cottus girardi","species",,,,,54,2.2,"electrofisher",,,,,"no sample",,,,,"0000-0003-3114-5862",,,
"16339e44-5fc6-4eed-bfa2-44f6b6112332","D02","LEWI","LEWI.AOS.fish.point.01","2021-04-12T12:43Z","2021-04-12T13:27Z","2021-04-15T16:56Z","LEWI.2021.spring",1,34,"COTGIR","Cottus girardi","species",,,,,48,1.4,"electrofisher",,,,,"no sample",,,,,"0000-0003-3114-5862",,,
"0d6c158b-4d6e-4cb7-b050-5ad306b7e867","D02","LEWI","LEWI.AOS.fish.point.01","2021-04-12T12:43Z","2021-04-12T13:27Z","2021-04-15T16:56Z","LEWI.2021.spring",1,56,"COTGIR","Cottus girardi","species",,,,,55,2.5,"electrofisher",,,,,"no sample",,,,,"0000-0003-3114-5862",,,
"59615314-76c6-44f4-941c-0acdbf554e78","D02","LEWI","LEWI.AOS.fish.point.01","2021-04-12T12:43Z","2021-04-12T13:27Z","2021-04-15T16:56Z","LEWI.2021.spring",1,10,"COTGIR","Cottus girardi","species",,,,,54,1.9,"electrofisher",,,,,"no sample",,,,,"0000-0003-3114-5862",,,
"a1413303-d6df-4ad4-909b-a2cd763be77b","D02","LEWI","LEWI.AOS.fish.point.01","2021-04-12T12:43Z","2021-04-12T13:27Z","2021-04-15T16:56Z","LEWI.2021.spring",1,59,"RHIATR","Rhinichthys atratulus","species",,,,,45,1.0,"electrofisher",,,,,"dna sample only","FSH.LEWI.01.20210412.1.0059",,"FSH.LEWI.01.20210412.1.0059.DNA","D00000038632","0000-0003-3114-5862",,,
"c3ea3336-8c73-4ff4-b9e6-f788f5be42fb","D02","LEWI","LEWI.AOS.fish.point.01","2021-04-12T12:43Z","2021-04-12T13:27Z","2021-04-15T16:56Z","LEWI.2021.spring",1,55,"COTGIR","Cottus girardi","species",,,,,71,4.8,"electrofisher",,,,,"no sample",,,,,"0000-0003-3114-5862",,,
"b0c18ee8-a4ba-4c9d-a502-32f922bbb83b","D02","LEWI","LEWI.AOS.fish.point.01","2021-04-12T12:43Z","2021-04-12T13:27Z","2021-04-15T16:56Z","LEWI.2021.spring",1,9,"COTGIR","Cottus girardi","species",,,,,66,4.8,"electrofisher",,,,,"no sample",,,,,"0000-0003-3114-5862",,,
"2d994838-561a-4028-8b86-1466de7dad15","D02","LEWI","LEWI.AOS.fish.point.01","2021-04-12T12:43Z","2021-04-12T13:27Z","2021-04-15T16:56Z","LEWI.2021.spring",1,53,"COTGIR","Cottus girardi","species",,,,,84,8.0,"electrofisher",,,,,"dna sample only","FSH.LEWI.01.20210412.1.0053",,"FSH.LEWI.01.20210412.1.0053.DNA","D00000038642","0000-0003-3114-5862",,,
"e34560c2-6e55-45a4-b8d5-bfc60145e86b","D02","LEWI","LEWI.AOS.fish.point.01","2021-04-12T12:43Z","2021-04-12T13:27Z","2021-04-15T16:56Z","LEWI.2021.spring",1,8,"SEMATR","Semotilus atromaculatus","species",,,,,100,11.4,"electrofisher",,,,,"dna sample only","FSH.LEWI.01.20210412.1.0008",,"FSH.LEWI.01.20210412.1.0008.DNA","D00000038633","0000-0003-3114-5862",,,
"d3324c5b-e7ba-4342-bbea-0d6ab1920cc5","D02","LEWI","LEWI.AOS.fish.point.01","2021-04-12T12:43Z","2021-04-12T13:27Z","2021-04-15T16:56Z","LEWI.2021.spring",1,1,"SEMATR","Semotilus atromaculatus","species",,,,,115,17.8,"electrofisher",,,,,"dna sample only","FSH.LEWI.01.20210412.1.0001",,"FSH.LEWI.01.20210412.1.0001.DNA","D00000090021","0000-0003-3114-5862",,,
"e518a6d1-282d-452a-b770-3b14dc05a4c0","D02","LEWI","LEWI.AOS.fish.point.01","2021-04-12T12:43Z","2021-04-12T13:27Z","2021-04-15T16:56Z","LEWI.2021.spring",1,51,"COTGIR","Cottus girardi","species",,,,,52,2.0,"electrofisher",,,,,"no sample",,,,,"0000-0003-3114-5862",,,
"5d61bf45-5a69-4d7f-8294-06184c772ae3","D02","LEWI","LEWI.AOS.fish.point.01","2021-04-12T12:43Z","2021-04-12T13:27Z","2021-04-15T16:56Z","LEWI.2021.spring",1,48,"COTGIR","Cottus girardi","species",,,,,58,3.1,"electrofisher",,,,,"no sample",,,,,"0000-0003-3114-5862",,,
"d13b4322-c283-451e-aa89-385e285e101a","D02","LEWI","LEWI.AOS.fish.point.01","2021-04-12T12:43Z","2021-04-12T13:27Z","2021-04-15T16:56Z","LEWI.2021.spring",1,22,"COTGIR","Cottus girardi","species",,,,,49,1.9,"electrofisher",,,,,"no sample",,,,,"0000-0003-3114-5862",,,
"42c82c4a-0849-4e2f-a28d-dede7709438f","D02","LEWI","LEWI.AOS.fish.point.01","2021-04-12T12:43Z","2021-04-12T13:27Z","2021-04-15T16:56Z","LEWI.2021.spring",1,41,"COTGIR","Cottus girardi","species",,,,,57,2.2,"electrofisher",,,,,"no sample",,,,,"0000-0003-3114-5862",,,
"580a77f3-2bda-4557-b57e-8d0e47ab57a5","D02","LEWI","LEWI.AOS.fish.point.01","2021-04-12T12:43Z","2021-04-12T13:27Z","2021-04-15T16:56Z","LEWI.2021.spring",1,45,"COTGIR","Cottus girardi","species",,,,,49,1.6,"electrofisher",,,,,"no sample",,,,,"0000-0003-3114-5862",,,
"e2a088dc-eefa-4fb5-89e2-24e64d38e293","D02","LEWI","LEWI.AOS.fish.point.01","2021-04-12T12:43Z","2021-04-12T13:27Z","2021-04-15T16:56Z","LEWI.2021.spring",1,32,"COTGIR","Cottus girardi","species",,,,,49,1.5,"electrofisher",,,,,"no sample",,,,,"0000-0003-3114-5862",,,
"511a64ad-1ada-4342-be46-4e3c644ca99e","D02","LEWI","LEWI.AOS.fish.point.01","2021-04-12T14:28Z","2021-04-12T15:48Z","2021-04-15T16:56Z","LEWI.2021.spring",2,11,"GAMHOL","Gambusia holbrooki","species",,,,,35,0.3,"electrofisher",,,,,"dna sample only","FSH.LEWI.01.20210412.2.0011",,"FSH.LEWI.01.20210412.2.0011.DNA","D00000038664","0000-0003-3114-5862",,,
"2dc18433-62d6-4478-b56e-d91af6b4cda8","D02","LEWI","LEWI.AOS.fish.point.01","2021-04-12T14:28Z","2021-04-12T15:48Z","2021-04-15T16:56Z","LEWI.2021.spring",2,7,"RHIATR","Rhinichthys atratulus","species",,,,,57,2.3,"electrofisher",,,,,"no sample",,,,,"0000-0003-3114-5862",,,
"305a2e3a-c3e1-410c-beb8-f7cca66ef7d9","D02","LEWI","LEWI.AOS.fish.point.01","2021-04-12T14:28Z","2021-04-12T15:48Z","2021-04-15T16:56Z","LEWI.2021.spring",2,8,"RHIATR","Rhinichthys atratulus","species",,,,,45,1.0,"electrofisher",,,,,"no sample",,,,,"0000-0003-3114-5862",,,
"403c1f63-b14e-438a-9aac-63716273d2fa","D02","LEWI","LEWI.AOS.fish.point.01","2021-04-12T14:28Z","2021-04-12T15:48Z","2021-04-15T16:56Z","LEWI.2021.spring",2,1,"RHIATR","Rhinichthys atratulus","species",,,,,67,4.1,"electrofisher",,,,,"no sample",,,,,"0000-0003-3114-5862",,,
"4aee5679-d86c-4d81-ac55-c759dd26f9f2","D02","LEWI","LEWI.AOS.fish.point.01","2021-04-12T14:28Z","2021-04-12T15:48Z","2021-04-15T16:56Z","LEWI.2021.spring",2,2,"PIMPRO","Pimephales promelas","species",,,,,56,2.2,"electrofisher",,,,,"dna sample only","FSH.LEWI.01.20210412.2.0002",,"FSH.LEWI.01.20210412.2.0002.DNA","D00000038637","0000-0003-3114-5862",,,
"bd8c9870-f707-4edb-aa4a-1156e7802b21","D02","LEWI","LEWI.AOS.fish.point.01","2021-04-12T14:28Z","2021-04-12T15:48Z","2021-04-15T16:56Z","LEWI.2021.spring",2,12,"RHIATR","Rhinichthys atratulus","species",,,,,77,5.2,"electrofisher",,,,,"no sample",,,,,"0000-0003-3114-5862",,,
"d4416a30-899b-4503-894b-2270f8d669ab","D02","LEWI","LEWI.AOS.fish.point.01","2021-04-12T14:28Z","2021-04-12T15:48Z","2021-04-15T16:56Z","LEWI.2021.spring",2,3,"PIMPRO","Pimephales promelas","species",,,,,67,4.5,"electrofisher",,,,"gravid female","dna sample only","FSH.LEWI.01.20210412.2.0003",,"FSH.LEWI.01.20210412.2.0003.DNA","D00000038636","0000-0003-3114-5862",,,
"3e72e5ba-fd7d-4cff-a202-5a0e55ffd9d5","D02","LEWI","LEWI.AOS.fish.point.01","2021-04-12T14:28Z","2021-04-12T15:48Z","2021-04-15T16:56Z","LEWI.2021.spring",2,9,"RHIATR","Rhinichthys atratulus","species",,,,,73,4.7,"electrofisher",,,,,"no sample",,,,,"0000-0003-3114-5862",,,
"e8673428-5d21-425f-981b-037656fad74b","D02","LEWI","LEWI.AOS.fish.point.01","2021-04-12T14:28Z","2021-04-12T15:48Z","2021-04-15T16:56Z","LEWI.2021.spring",2,4,"PIMPRO","Pimephales promelas","species",,,,,51,1.6,"electrofisher",,,,,"dna sample only","FSH.LEWI.01.20210412.2.0004",,"FSH.LEWI.01.20210412.2.0004.DNA","D00000038634","0000-0003-3114-5862",,,
"5ed0e10c-a110-4810-af0e-082428575f07","D02","LEWI","LEWI.AOS.fish.point.01","2021-04-12T14:28Z","2021-04-12T15:48Z","2021-04-15T16:56Z","LEWI.2021.spring",2,10,"RHIATR","Rhinichthys atratulus","species",,,,,77,5.2,"electrofisher",,,,,"no sample",,,,,"0000-0003-3114-5862",,,
"f6965eca-8d47-4475-97f6-73be02bb3d36","D02","LEWI","LEWI.AOS.fish.point.01","2021-04-12T14:28Z","2021-04-12T15:48Z","2021-04-15T16:56Z","LEWI.2021.spring",2,6,"PIMPRO","Pimephales promelas","species",,,,,55,2.0,"electrofisher",,,,,"dna sample only","FSH.LEWI.01.20210412.2.0006",,"FSH.LEWI.01.20210412.2.0006.DNA","D00000038623","0000-0003-3114-5862",,,
"b85ebcfe-c827-4bff-afa8-a3feff524827","D02","LEWI","LEWI.AOS.fish.point.01","2021-04-12T14:28Z","2021-04-12T15:48Z","2021-04-15T16:56Z","LEWI.2021.spring",2,13,"GAMHOL","Gambusia holbrooki","species","D02.LEWI.2021.MorphA","Small minnow",,,33,0.5,"electrofisher",,,,,"dna sample only","FSH.LEWI.01.20210412.2.0013",,"FSH.LEWI.01.20210412.2.0013.DNA","D00000090003","0000-0003-3114-5862",,,
"6845681c-ced8-435f-9aa1-a7c64457f3ca","D02","LEWI","LEWI.AOS.fish.point.01","2021-04-12T14:28Z","2021-04-12T15:48Z","2021-04-15T16:56Z","LEWI.2021.spring",2,5,"SEMATR","Semotilus atromaculatus","species",,,,,134,24.2,"electrofisher","Lesions/parasites",,,,"dna sample only","FSH.LEWI.01.20210412.2.0005",,"FSH.LEWI.01.20210412.2.0005.DNA","D00000038665","0000-0003-3114-5862",,,
"c3346e9a-6291-42ce-9115-26fae014cedf","D02","LEWI","LEWI.AOS.fish.point.01","2021-04-12T16:47Z","2021-04-12T17:23Z","2021-04-15T16:56Z","LEWI.2021.spring",3,5,"PIMPRO","Pimephales promelas","species",,,,,59,2.7,"electrofisher",,,,,"no sample",,,,,"0000-0003-3114-5862",,,
"29551c74-c610-4402-8d90-cc0a7bb10816","D02","LEWI","LEWI.AOS.fish.point.01","2021-04-12T16:47Z","2021-04-12T17:23Z","2021-04-15T16:56Z","LEWI.2021.spring",3,2,"RHIATR","Rhinichthys atratulus","species",,,,,74,4.2,"electrofisher",,,,,"no sample",,,,,"0000-0003-3114-5862",,,
"3368b7cb-bbca-4542-a784-2c5e4feb96db","D02","LEWI","LEWI.AOS.fish.point.01","2021-04-12T16:47Z","2021-04-12T17:23Z","2021-04-15T16:56Z","LEWI.2021.spring",3,10,"CLIFUN","Clinostomus funduloides","species",,,,,83,5.2,"electrofisher",,,,,"dna sample only","FSH.LEWI.01.20210412.3.0010",,"FSH.LEWI.01.20210412.3.0010.DNA","D00000038638","0000-0003-3114-5862",,,
"e864ff03-a71b-44e9-9679-39090214336c","D02","LEWI","LEWI.AOS.fish.point.01","2021-04-12T16:47Z","2021-04-12T17:23Z","2021-04-15T16:56Z","LEWI.2021.spring",3,4,"PIMPRO","Pimephales promelas","species",,,,,55,2.0,"electrofisher",,,,,"no sample",,,,,"0000-0003-3114-5862",,,
"0a9e4cc0-2f85-4f15-967e-4428a0e268c6","D02","LEWI","LEWI.AOS.fish.point.01","2021-04-12T16:47Z","2021-04-12T17:23Z","2021-04-15T16:56Z","LEWI.2021.spring",3,7,"RHIATR","Rhinichthys atratulus","species",,,,,68,4.6,"electrofisher",,,,,"no sample",,,,,"0000-0003-3114-5862",,,
"2e432484-bfcb-4d1d-963c-9753dac961ea","D02","LEWI","LEWI.AOS.fish.point.01","2021-04-12T16:47Z","2021-04-12T17:23Z","2021-04-15T16:56Z","LEWI.2021.spring",3,6,"RHIATR","Rhinichthys atratulus","species",,,,,46,1.2,"electrofisher",,,,,"no sample",,,,,"0000-0003-3114-5862",,,
"07a091df-2685-4f8a-8e20-9f77ba64cade","D02","LEWI","LEWI.AOS.fish.point.01","2021-04-12T16:47Z","2021-04-12T17:23Z","2021-04-15T16:56Z","LEWI.2021.spring",3,8,"PIMPRO","Pimephales promelas","species",,,,,54,1.9,"electrofisher",,,,,"no sample",,,,,"0000-0003-3114-5862",,,
"a2c469fc-2339-4554-8639-6099f19ab1a0","D02","LEWI","LEWI.AOS.fish.point.01","2021-04-12T16:47Z","2021-04-12T17:23Z","2021-04-15T16:56Z","LEWI.2021.spring",3,3,"GAMHOL","Gambusia holbrooki","species","D02.LEWI.2021.MorphA","Small minnow",,,33,0.3,"electrofisher",,,,,"dna sample only","FSH.LEWI.01.20210412.3.0003",,"FSH.LEWI.01.20210412.3.0003.DNA","D00000038640","0000-0003-3114-5862",,,
"f3a90d81-be28-4f34-be0e-222e067222d4","D02","LEWI","LEWI.AOS.fish.point.01","2021-04-12T16:47Z","2021-04-12T17:23Z","2021-04-15T16:56Z","LEWI.2021.spring",3,1,"RHIATR","Rhinichthys atratulus","species",,,,,56,2.0,"electrofisher",,,,,"no sample",,,,,"0000-0003-3114-5862",,,
"36ec7e64-4871-471c-a908-b4d9c0f37212","D02","LEWI","LEWI.AOS.fish.point.01","2021-04-12T16:47Z","2021-04-12T17:23Z","2021-04-15T16:56Z","LEWI.2021.spring",3,9,"SEMATR","Semotilus atromaculatus","species",,,,,156,38.0,"electrofisher",,,,,"dna sample only","FSH.LEWI.01.20210412.3.0009",,"FSH.LEWI.01.20210412.3.0009.DNA","D00000038639","0000-0003-3114-5862",,,
"ca5ae598-19fa-405a-9353-d914289ca6cf","D02","LEWI","LEWI.AOS.fish.point.01","2021-04-12T16:47Z","2021-04-12T17:23Z","2021-04-15T16:56Z","LEWI.2021.spring",3,11,"RHIATR","Rhinichthys atratulus","species",,,,,66,3.7,"electrofisher",,,,,"no sample",,,,,"0000-0003-3114-5862",,,
"5555580f-e152-45b5-b2a4-116f7cfb4869","D02","LEWI","LEWI.AOS.fish.point.04","2021-04-13T12:32Z","2021-04-13T13:29Z","2021-04-15T16:56Z","LEWI.2021.spring",1,38,"COTGIR","Cottus girardi","species",,,,,60,2.4,"electrofisher",,,,,"no sample",,,,,"0000-0003-3114-5862",,,
"540c837f-7caf-419b-9de6-6dac5f5caba2","D02","LEWI","LEWI.AOS.fish.point.04","2021-04-13T12:32Z","2021-04-13T13:29Z","2021-04-15T16:56Z","LEWI.2021.spring",1,46,"CLIFUN","Clinostomus funduloides","species",,,,,102,9.9,"electrofisher",,,,,"dna sample only","FSH.LEWI.04.20210413.1.0046",,"FSH.LEWI.04.20210413.1.0046.DNA","D00000090037","0000-0003-3114-5862",,,
"6ef8e19f-fc34-46b5-af8f-be0d6649e704","D02","LEWI","LEWI.AOS.fish.point.04","2021-04-13T12:32Z","2021-04-13T13:29Z","2021-04-15T16:56Z","LEWI.2021.spring",1,64,"CLIFUN","Clinostomus funduloides","species",,,,,94,7.9,"electrofisher",,,,,"dna sample only","FSH.LEWI.04.20210413.1.0064",,"FSH.LEWI.04.20210413.1.0064.DNA","D00000090025","0000-0003-3114-5862",,,
"e0eea353-4dc6-41e7-8f7c-d726e3121ac0","D02","LEWI","LEWI.AOS.fish.point.04","2021-04-13T12:32Z","2021-04-13T13:29Z","2021-04-15T16:56Z","LEWI.2021.spring",1,58,"COTGIR","Cottus girardi","species",,,,,55,2.1,"electrofisher",,,,,"no sample",,,,,"0000-0003-3114-5862",,,
"4c667f1f-ca6f-47e9-b9fb-f8cc67ffba59","D02","LEWI","LEWI.AOS.fish.point.04","2021-04-13T12:32Z","2021-04-13T13:29Z","2021-04-15T16:56Z","LEWI.2021.spring",1,51,"COTGIR","Cottus girardi","species",,,,,48,1.3,"electrofisher",,,,,"no sample",,,,,"0000-0003-3114-5862",,,
"0a33cd53-431e-441b-8b18-3705565d07c4","D02","LEWI","LEWI.AOS.fish.point.04","2021-04-13T12:32Z","2021-04-13T13:29Z","2021-04-15T16:56Z","LEWI.2021.spring",1,35,"COTGIR","Cottus girardi","species",,,,,49,1.6,"electrofisher",,,,,"no sample",,,,,"0000-0003-3114-5862",,,
"f1d46ee8-75d5-4a97-a882-4fb346146e55","D02","LEWI","LEWI.AOS.fish.point.04","2021-04-13T12:32Z","2021-04-13T13:29Z","2021-04-15T16:56Z","LEWI.2021.spring",1,45,"CLIFUN","Clinostomus funduloides","species",,,,,105,10.9,"electrofisher",,,,,"dna sample only","FSH.LEWI.04.20210413.1.0045",,"FSH.LEWI.04.20210413.1.0045.DNA","D00000090023","0000-0003-3114-5862",,,
"5e940fd9-8c2b-4237-8afb-d2369bc67459","D02","LEWI","LEWI.AOS.fish.point.04","2021-04-13T12:32Z","2021-04-13T13:29Z","2021-04-15T16:56Z","LEWI.2021.spring",1,70,"RHIATR","Rhinichthys atratulus","species",,,,,74,4.3,"electrofisher",,,,,"no sample",,,,,"0000-0003-3114-5862",,,
"05cd49ac-6ee2-4084-9c2d-0339d044c87d","D02","LEWI","LEWI.AOS.fish.point.04","2021-04-13T12:32Z","2021-04-13T13:29Z","2021-04-15T16:56Z","LEWI.2021.spring",1,54,"COTGIR","Cottus girardi","species",,,,,80,6.1,"electrofisher",,,,,"no sample",,,,,"0000-0003-3114-5862",,,
"d34c9d07-ad18-40a7-8d6b-a8876f125c51","D02","LEWI","LEWI.AOS.fish.point.04","2021-04-13T12:32Z","2021-04-13T13:29Z","2021-04-15T16:56Z","LEWI.2021.spring",1,57,"COTGIR","Cottus girardi","species",,,,,58,2.1,"electrofisher",,,,,"no sample",,,,,"0000-0003-3114-5862",,,
"7a9b06d5-914e-4bfa-ae4a-43c5abce1958","D02","LEWI","LEWI.AOS.fish.point.04","2021-04-13T12:32Z","2021-04-13T13:29Z","2021-04-15T16:56Z","LEWI.2021.spring",1,19,"COTGIR","Cottus girardi","species",,,,,50,2.1,"electrofisher",,,,,"no sample",,,,,"0000-0003-3114-5862",,,
"c0fdc89a-7de2-44a4-9a90-991dc7951842","D02","LEWI","LEWI.AOS.fish.point.04","2021-04-13T12:32Z","2021-04-13T13:29Z","2021-04-15T16:56Z","LEWI.2021.spring",1,66,"RHIATR","Rhinichthys atratulus","species",,,,,75,4.8,"electrofisher",,,,,"no sample",,,,,"0000-0003-3114-5862",,,
"53fea00a-bed3-4b20-9df1-8097171ba8dc","D02","LEWI","LEWI.AOS.fish.point.04","2021-04-13T12:32Z","2021-04-13T13:29Z","2021-04-15T16:56Z","LEWI.2021.spring",1,61,"COTGIR","Cottus girardi","species",,,,,47,1.3,"electrofisher",,,,,"no sample",,,,,"0000-0003-3114-5862",,,
"0c5cbd61-8970-4791-b3bd-282a959d84eb","D02","LEWI","LEWI.AOS.fish.point.04","2021-04-13T12:32Z","2021-04-13T13:29Z","2021-04-15T16:56Z","LEWI.2021.spring",1,12,"COTGIR","Cottus girardi","species",,,,,54,1.9,"electrofisher",,,,,"no sample",,,,,"0000-0003-3114-5862",,,
"6b819c4c-312a-49d9-bc35-c5dbbf2a1308","D02","LEWI","LEWI.AOS.fish.point.04","2021-04-13T12:32Z","2021-04-13T13:29Z","2021-04-15T16:56Z","LEWI.2021.spring",1,67,"SEMATR","Semotilus atromaculatus","species",,,,,111,12.6,"electrofisher",,,,,"no sample",,,,,"0000-0003-3114-5862",,,
"ca38fb59-4751-4c2f-ab38-12ff20ad2d9f","D02","LEWI","LEWI.AOS.fish.point.04","2021-04-13T12:32Z","2021-04-13T13:29Z","2021-04-15T16:56Z","LEWI.2021.spring",1,39,"COTGIR","Cottus girardi","species",,,,,65,3.7,"electrofisher",,,,,"no sample",,,,,"0000-0003-3114-5862",,,
"922a3938-1b4d-4450-b7b9-0dab707dc427","D02","LEWI","LEWI.AOS.fish.point.04","2021-04-13T12:32Z","2021-04-13T13:29Z","2021-04-15T16:56Z","LEWI.2021.spring",1,59,"COTGIR","Cottus girardi","species",,,,,55,2.2,"electrofisher",,,,,"no sample",,,,,"0000-0003-3114-5862",,,
"f6257afc-c3d8-4fc5-874c-9f8d482b7039","D02","LEWI","LEWI.AOS.fish.point.04","2021-04-13T12:32Z","2021-04-13T13:29Z","2021-04-15T16:56Z","LEWI.2021.spring",1,65,"PIMPRO","Pimephales promelas","species",,,,,82,6.6,"electrofisher",,,,,"no sample",,,,,"0000-0003-3114-5862",,,
"ec686475-359b-48b0-9187-24e0c6cb747e","D02","LEWI","LEWI.AOS.fish.point.04","2021-04-13T12:32Z","2021-04-13T13:29Z","2021-04-15T16:56Z","LEWI.2021.spring",1,27,"COTGIR","Cottus girardi","species",,,,,46,1.4,"electrofisher",,,,,"no sample",,,,,"0000-0003-3114-5862",,,
"fc25cde1-f997-46cb-bfd7-bc9fd4f41c6c","D02","LEWI","LEWI.AOS.fish.point.04","2021-04-13T12:32Z","2021-04-13T13:29Z","2021-04-15T16:56Z","LEWI.2021.spring",1,1,"PIMPRO","Pimephales promelas","species",,,,,79,8.3,"electrofisher",,,,"gravid female","no sample",,,,,"0000-0003-3114-5862",,,
"49f2c510-fca2-4d44-866f-b732265ea2bb","D02","LEWI","LEWI.AOS.fish.point.04","2021-04-13T12:32Z","2021-04-13T13:29Z","2021-04-15T16:56Z","LEWI.2021.spring",1,36,"COTGIR","Cottus girardi","species",,,,,49,1.6,"electrofisher",,,,,"no sample",,,,,"0000-0003-3114-5862",,,
"5d5ee232-9e20-4089-b2db-62944b326214","D02","LEWI","LEWI.AOS.fish.point.04","2021-04-13T12:32Z","2021-04-13T13:29Z","2021-04-15T16:56Z","LEWI.2021.spring",1,11,"COTGIR","Cottus girardi","species",,,,,50,1.3,"electrofisher",,,,,"no sample",,,,,"0000-0003-3114-5862",,,
"6affe8f2-876a-4c67-977b-6623a59e7ec4","D02","LEWI","LEWI.AOS.fish.point.04","2021-04-13T12:32Z","2021-04-13T13:29Z","2021-04-15T16:56Z","LEWI.2021.spring",1,6,"COTGIR","Cottus girardi","species",,,,,56,2.1,"electrofisher",,,,,"no sample",,,,,"0000-0003-3114-5862",,,
"1f541cc7-c2fe-4639-bf27-d9b77c4fb158","D02","LEWI","LEWI.AOS.fish.point.04","2021-04-13T12:32Z","2021-04-13T13:29Z","2021-04-15T16:56Z","LEWI.2021.spring",1,21,"COTGIR","Cottus girardi","species",,,,,48,1.7,"electrofisher",,,,,"no sample",,,,,"0000-0003-3114-5862",,,
"89f3e189-3a53-47c9-8858-e67356eba433","D02","LEWI","LEWI.AOS.fish.point.04","2021-04-13T12:32Z","2021-04-13T13:29Z","2021-04-15T16:56Z","LEWI.2021.spring",1,18,"COTGIR","Cottus girardi","species",,,,,45,1.1,"electrofisher",,,,,"no sample",,,,,"0000-0003-3114-5862",,,
"75be070c-1e3a-4028-8500-35fcbb64f5d4","D02","LEWI","LEWI.AOS.fish.point.04","2021-04-13T12:32Z","2021-04-13T13:29Z","2021-04-15T16:56Z","LEWI.2021.spring",1,40,"SEMATR","Semotilus atromaculatus","species",,,,,223,113.9,"electrofisher",,,,,"no sample",,,,,"0000-0003-3114-5862",,,
"ad743da0-4586-42b3-b0c1-6db95417095f","D02","LEWI","LEWI.AOS.fish.point.04","2021-04-13T12:32Z","2021-04-13T13:29Z","2021-04-15T16:56Z","LEWI.2021.spring",1,10,"COTGIR","Cottus girardi","species",,,,,47,1.3,"electrofisher",,,,,"no sample",,,,,"0000-0003-3114-5862",,,
"a1525f7f-ecef-4571-9bbe-cec73222a7c9","D02","LEWI","LEWI.AOS.fish.point.04","2021-04-13T12:32Z","2021-04-13T13:29Z","2021-04-15T16:56Z","LEWI.2021.spring",1,49,"RHIATR","Rhinichthys atratulus","species",,,,,43,0.9,"electrofisher",,,,,"no sample",,,,,"0000-0003-3114-5862",,,
"745bcd31-92f0-4e71-a7f5-f634501728b9","D02","LEWI","LEWI.AOS.fish.point.04","2021-04-13T12:32Z","2021-04-13T13:29Z","2021-04-15T16:56Z","LEWI.2021.spring",1,3,"COTGIR","Cottus girardi","species",,,,,50,1.8,"electrofisher",,,,,"no sample",,,,,"0000-0003-3114-5862",,,
"5838bfa8-b3b3-4fa9-ac04-c33d4bf57988","D02","LEWI","LEWI.AOS.fish.point.04","2021-04-13T12:32Z","2021-04-13T13:29Z","2021-04-15T16:56Z","LEWI.2021.spring",1,25,"COTGIR","Cottus girardi","species",,,,,56,2.1,"electrofisher",,,,,"no sample",,,,,"0000-0003-3114-5862",,,
"5a038a74-8af3-4137-8c76-951db732b240","D02","LEWI","LEWI.AOS.fish.point.04","2021-04-13T12:32Z","2021-04-13T13:29Z","2021-04-15T16:56Z","LEWI.2021.spring",1,43,"COTGIR","Cottus girardi","species",,,,,38,0.6,"electrofisher",,,,,"no sample",,,,,"0000-0003-3114-5862",,,
"86e6ad89-990b-48cd-b757-0e474084b75e","D02","LEWI","LEWI.AOS.fish.point.04","2021-04-13T12:32Z","2021-04-13T13:29Z","2021-04-15T16:56Z","LEWI.2021.spring",1,31,"PIMPRO","Pimephales promelas","species",,,,,55,1.9,"electrofisher",,,,,"no sample",,,,,"0000-0003-3114-5862",,,
"fd4387af-7f0d-43a5-b72c-df6e64ff4eee","D02","LEWI","LEWI.AOS.fish.point.04","2021-04-13T12:32Z","2021-04-13T13:29Z","2021-04-15T16:56Z","LEWI.2021.spring",1,29,"COTGIR","Cottus girardi","species",,,,,46,1.4,"electrofisher",,,,,"no sample",,,,,"0000-0003-3114-5862",,,
"85c57e04-698e-4fd9-96d8-7b13bef8478c","D02","LEWI","LEWI.AOS.fish.point.04","2021-04-13T12:32Z","2021-04-13T13:29Z","2021-04-15T16:56Z","LEWI.2021.spring",1,9,"COTGIR","Cottus girardi","species",,,,,52,1.8,"electrofisher",,,,,"no sample",,,,,"0000-0003-3114-5862",,,
"0b66545f-4d8e-45bd-92e5-61f611a8217a","D02","LEWI","LEWI.AOS.fish.point.04","2021-04-13T12:32Z","2021-04-13T13:29Z","2021-04-15T16:56Z","LEWI.2021.spring",1,14,"SEMATR","Semotilus atromaculatus","species",,,,,101,12.3,"electrofisher",,,,,"no sample",,,,,"0000-0003-3114-5862",,,
"d48894e5-bba4-4c4e-9912-ce9a5cc540fc","D02","LEWI","LEWI.AOS.fish.point.04","2021-04-13T12:32Z","2021-04-13T13:29Z","2021-04-15T16:56Z","LEWI.2021.spring",1,48,"COTGIR","Cottus girardi","species",,,,,46,0.9,"electrofisher",,,,,"no sample",,,,,"0000-0003-3114-5862",,,
"8de7cf3a-eb02-4d28-a206-87dd477a9e00","D02","LEWI","LEWI.AOS.fish.point.04","2021-04-13T12:32Z","2021-04-13T13:29Z","2021-04-15T16:56Z","LEWI.2021.spring",1,30,"COTGIR","Cottus girardi","species",,,,,57,2.2,"electrofisher",,,,,"no sample",,,,,"0000-0003-3114-5862",,,
"5a906b75-11d9-4c19-971b-1147d399120c","D02","LEWI","LEWI.AOS.fish.point.04","2021-04-13T12:32Z","2021-04-13T13:29Z","2021-04-15T16:56Z","LEWI.2021.spring",1,60,"COTGIR","Cottus girardi","species",,,,,79,6.8,"electrofisher",,,,,"no sample",,,,,"0000-0003-3114-5862",,,
"79ef1066-a2ed-49d4-90ea-66b221ad7779","D02","LEWI","LEWI.AOS.fish.point.04","2021-04-13T12:32Z","2021-04-13T13:29Z","2021-04-15T16:56Z","LEWI.2021.spring",1,2,"COTGIR","Cottus girardi","species",,,,,47,1.9,"electrofisher",,,,,"no sample",,,,,"0000-0003-3114-5862",,,
"7644b174-7ee7-4ac8-9286-7513121324a6","D02","LEWI","LEWI.AOS.fish.point.04","2021-04-13T12:32Z","2021-04-13T13:29Z","2021-04-15T16:56Z","LEWI.2021.spring",1,23,"COTGIR","Cottus girardi","species",,,,,49,1.4,"electrofisher",,,,,"no sample",,,,,"0000-0003-3114-5862",,,
"0e4a0406-8e0c-4060-9a47-d953d82987c2","D02","LEWI","LEWI.AOS.fish.point.04","2021-04-13T12:32Z","2021-04-13T13:29Z","2021-04-15T16:56Z","LEWI.2021.spring",1,69,"RHIATR","Rhinichthys atratulus","species",,,,,64,3.2,"electrofisher",,,,,"no sample",,,,,"0000-0003-3114-5862",,,
"cd54023f-3a95-4b67-be99-4e2ea9f93cf4","D02","LEWI","LEWI.AOS.fish.point.04","2021-04-13T12:32Z","2021-04-13T13:29Z","2021-04-15T16:56Z","LEWI.2021.spring",1,28,"COTGIR","Cottus girardi","species",,,,,53,1.8,"electrofisher",,,,,"no sample",,,,,"0000-0003-3114-5862",,,
"a71a1367-64f1-4fc5-b795-9178a713f85e","D02","LEWI","LEWI.AOS.fish.point.04","2021-04-13T12:32Z","2021-04-13T13:29Z","2021-04-15T16:56Z","LEWI.2021.spring",1,13,"COTGIR","Cottus girardi","species",,,,,101,13.1,"electrofisher",,,,,"no sample",,,,,"0000-0003-3114-5862",,,
"b9c3c9f9-f1e0-47a3-a386-65a4f030c8fb","D02","LEWI","LEWI.AOS.fish.point.04","2021-04-13T12:32Z","2021-04-13T13:29Z","2021-04-15T16:56Z","LEWI.2021.spring",1,15,"COTGIR","Cottus girardi","species",,,,,52,1.6,"electrofisher",,,,,"no sample",,,,,"0000-0003-3114-5862",,,
"083c71b8-90c6-4e22-a8e6-0893eeab2eaa","D02","LEWI","LEWI.AOS.fish.point.04","2021-04-13T12:32Z","2021-04-13T13:29Z","2021-04-15T16:56Z","LEWI.2021.spring",1,33,"COTGIR","Cottus girardi","species",,,,,52,1.5,"electrofisher",,,,,"no sample",,,,,"0000-0003-3114-5862",,,
"e9d1a863-9270-4e21-9575-2a47365f540a","D02","LEWI","LEWI.AOS.fish.point.04","2021-04-13T12:32Z","2021-04-13T13:29Z","2021-04-15T16:56Z","LEWI.2021.spring",1,68,"RHIATR","Rhinichthys atratulus","species",,,,,38,0.6,"electrofisher",,,,,"no sample",,,,,"0000-0003-3114-5862",,,
"61af5683-495f-47e5-8fd4-60f6f9507e74","D02","LEWI","LEWI.AOS.fish.point.04","2021-04-13T12:32Z","2021-04-13T13:29Z","2021-04-15T16:56Z","LEWI.2021.spring",1,26,"COTGIR","Cottus girardi","species",,,,,45,1.1,"electrofisher",,,,,"no sample",,,,,"0000-0003-3114-5862",,,
"c903d3c3-0fff-4e6b-9c42-cf3a29c11f99","D02","LEWI","LEWI.AOS.fish.point.04","2021-04-13T12:32Z","2021-04-13T13:29Z","2021-04-15T16:56Z","LEWI.2021.spring",1,47,"COTGIR","Cottus girardi","species",,,,,45,1.1,"electrofisher",,,,,"no sample",,,,,"0000-0003-3114-5862",,,
"c3905583-dbbd-4491-9f51-b4c981866734","D02","LEWI","LEWI.AOS.fish.point.04","2021-04-13T12:32Z","2021-04-13T13:29Z","2021-04-15T16:56Z","LEWI.2021.spring",1,37,"COTGIR","Cottus girardi","species",,,,,59,2.5,"electrofisher",,,,,"no sample",,,,,"0000-0003-3114-5862",,,
"b1d7c266-a731-4c25-afc4-f0ed2ca9dd36","D02","LEWI","LEWI.AOS.fish.point.04","2021-04-13T12:32Z","2021-04-13T13:29Z","2021-04-15T16:56Z","LEWI.2021.spring",1,41,"COTGIR","Cottus girardi","species",,,,,53,1.7,"electrofisher",,,,,"no sample",,,,,"0000-0003-3114-5862",,,
"5d3ef99a-84b2-4f82-b6d3-5ed9f04c0ae7","D02","LEWI","LEWI.AOS.fish.point.04","2021-04-13T12:32Z","2021-04-13T13:29Z","2021-04-15T16:56Z","LEWI.2021.spring",1,8,"COTGIR","Cottus girardi","species",,,,,51,1.9,"electrofisher",,,,,"no sample",,,,,"0000-0003-3114-5862",,,
"0017643a-1b5f-4661-88a5-7456630f6639","D02","LEWI","LEWI.AOS.fish.point.04","2021-04-13T12:32Z","2021-04-13T13:29Z","2021-04-15T16:56Z","LEWI.2021.spring",1,44,"PIMPRO","Pimephales promelas","species",,,,,71,4.7,"electrofisher",,,,,"no sample",,,,,"0000-0003-3114-5862",,,
"186c6ff1-2aca-4cc8-8a97-1b33d4c73ef6","D02","LEWI","LEWI.AOS.fish.point.04","2021-04-13T12:32Z","2021-04-13T13:29Z","2021-04-15T16:56Z","LEWI.2021.spring",1,53,"COTGIR","Cottus girardi","species",,,,,50,1.4,"electrofisher",,,,,"no sample",,,,,"0000-0003-3114-5862",,,
"4ee16b56-598a-46a8-a9db-0e5c19b9f174","D02","LEWI","LEWI.AOS.fish.point.04","2021-04-13T12:32Z","2021-04-13T13:29Z","2021-04-15T16:56Z","LEWI.2021.spring",1,32,"COTGIR","Cottus girardi","species",,,,,50,1.5,"electrofisher",,,,,"no sample",,,,,"0000-0003-3114-5862",,,
"dd8060ce-9eb5-4c14-a5dc-b92fbd43ec6a","D02","LEWI","LEWI.AOS.fish.point.04","2021-04-13T12:32Z","2021-04-13T13:29Z","2021-04-15T16:56Z","LEWI.2021.spring",1,7,"COTGIR","Cottus girardi","species",,,,,52,1.8,"electrofisher",,,,,"no sample",,,,,"0000-0003-3114-5862",,,
"7f06e181-6058-44b7-a7f9-fe7fdea6a4aa","D02","LEWI","LEWI.AOS.fish.point.04","2021-04-13T12:32Z","2021-04-13T13:29Z","2021-04-15T16:56Z","LEWI.2021.spring",1,5,"COTGIR","Cottus girardi","species",,,,,57,2.4,"electrofisher",,,,,"no sample",,,,,"0000-0003-3114-5862",,,
"dcbec2e9-b4fc-4a2b-a96c-aa1f5af8eba6","D02","LEWI","LEWI.AOS.fish.point.04","2021-04-13T12:32Z","2021-04-13T13:29Z","2021-04-15T16:56Z","LEWI.2021.spring",1,52,"COTGIR","Cottus girardi","species",,,,,48,1.2,"electrofisher",,,,,"no sample",,,,,"0000-0003-3114-5862",,,
"8e720add-8e7b-4d99-a7f5-1d96796b5b4a","D02","LEWI","LEWI.AOS.fish.point.04","2021-04-13T12:32Z","2021-04-13T13:29Z","2021-04-15T16:56Z","LEWI.2021.spring",1,20,"COTGIR","Cottus girardi","species",,,,,52,1.7,"electrofisher",,,,,"no sample",,,,,"0000-0003-3114-5862",,,
"0b78488b-8bf5-46a4-98bd-f053d804b521","D02","LEWI","LEWI.AOS.fish.point.04","2021-04-13T12:32Z","2021-04-13T13:29Z","2021-04-15T16:56Z","LEWI.2021.spring",1,4,"COTGIR","Cottus girardi","species",,,,,52,1.8,"electrofisher",,,,,"no sample",,,,,"0000-0003-3114-5862",,,
"34fc5ca9-415a-45da-a565-16f9e3caef1d","D02","LEWI","LEWI.AOS.fish.point.04","2021-04-13T12:32Z","2021-04-13T13:29Z","2021-04-15T16:56Z","LEWI.2021.spring",1,34,"PIMPRO","Pimephales promelas","species",,,,,59,2.6,"electrofisher",,,,,"no sample",,,,,"0000-0003-3114-5862",,,
"39620bb2-603a-49dc-a9ec-8005bbd148d8","D02","LEWI","LEWI.AOS.fish.point.04","2021-04-13T12:32Z","2021-04-13T13:29Z","2021-04-15T16:56Z","LEWI.2021.spring",1,22,"COTGIR","Cottus girardi","species",,,,,86,8.3,"electrofisher",,,,,"no sample",,,,,"0000-0003-3114-5862",,,
"c1d0a957-1032-47eb-b429-bbd76f8ea4c3","D02","LEWI","LEWI.AOS.fish.point.04","2021-04-13T12:32Z","2021-04-13T13:29Z","2021-04-15T16:56Z","LEWI.2021.spring",1,50,"COTGIR","Cottus girardi","species",,,,,72,4.7,"electrofisher",,,,,"no sample",,,,,"0000-0003-3114-5862",,,
"a54697ca-88a4-4ee2-b324-ed9dd858cf52","D02","LEWI","LEWI.AOS.fish.point.04","2021-04-13T12:32Z","2021-04-13T13:29Z","2021-04-15T16:56Z","LEWI.2021.spring",1,24,"COTGIR","Cottus girardi","species",,,,,56,2.1,"electrofisher",,,,,"no sample",,,,,"0000-0003-3114-5862",,,
"c6d4beca-278a-4601-a500-039fde7c2b1f","D02","LEWI","LEWI.AOS.fish.point.04","2021-04-13T12:32Z","2021-04-13T13:29Z","2021-04-15T16:56Z","LEWI.2021.spring",1,56,"COTGIR","Cottus girardi","species",,,,,60,2.7,"electrofisher",,,,,"no sample",,,,,"0000-0003-3114-5862",,,
"c3a6c9a2-13f4-4e4f-b2ee-20d3bad4347a","D02","LEWI","LEWI.AOS.fish.point.04","2021-04-13T12:32Z","2021-04-13T13:29Z","2021-04-15T16:56Z","LEWI.2021.spring",1,55,"COTGIR","Cottus girardi","species",,,,,53,1.9,"electrofisher",,,,,"no sample",,,,,"0000-0003-3114-5862",,,
"aa815d1a-dc80-4534-989d-edf97d37c516","D02","LEWI","LEWI.AOS.fish.point.04","2021-04-13T12:32Z","2021-04-13T13:29Z","2021-04-15T16:56Z","LEWI.2021.spring",1,42,"COTGIR","Cottus girardi","species",,,,,51,1.5,"electrofisher",,,,,"no sample",,,,,"0000-0003-3114-5862",,,
"4bc047cc-ea08-4434-93e9-40b12428a35d","D02","LEWI","LEWI.AOS.fish.point.04","2021-04-13T12:32Z","2021-04-13T13:29Z","2021-04-15T16:56Z","LEWI.2021.spring",1,16,"SEMATR","Semotilus atromaculatus","species",,,,,113,15.2,"electrofisher",,,,,"no sample",,,,,"0000-0003-3114-5862",,,
"58ca7e64-4368-4d79-b522-95aaacfd8f5e","D02","LEWI","LEWI.AOS.fish.point.04","2021-04-13T12:32Z","2021-04-13T13:29Z","2021-04-15T16:56Z","LEWI.2021.spring",1,63,"SEMATR","Semotilus atromaculatus","species",,,,,114,17.1,"electrofisher",,,,,"no sample",,,,,"0000-0003-3114-5862",,,
"cd3e3071-7fed-4281-8c98-4b0504ef4a51","D02","LEWI","LEWI.AOS.fish.point.04","2021-04-13T12:32Z","2021-04-13T13:29Z","2021-04-15T16:56Z","LEWI.2021.spring",1,62,"COTGIR","Cottus girardi","species",,,,,79,5.4,"electrofisher",,,,,"no sample",,,,,"0000-0003-3114-5862",,,
"d6907740-c83f-423d-941a-d25748c81f53","D02","LEWI","LEWI.AOS.fish.point.04","2021-04-13T12:32Z","2021-04-13T13:29Z","2021-04-15T16:56Z","LEWI.2021.spring",1,17,"CLIFUN","Clinostomus funduloides","species",,,,,105,10.4,"electrofisher",,,,,"dna sample only","FSH.LEWI.04.20210413.1.0017",,"FSH.LEWI.04.20210413.1.0017.DNA","D00000090024","0000-0003-3114-5862",,,
"f34f3f93-121a-4896-a824-d7b4acbf53fb","D02","LEWI","LEWI.AOS.fish.point.04","2021-04-13T14:47Z","2021-04-13T15:43Z","2021-04-15T16:56Z","LEWI.2021.spring",2,7,"PIMPRO","Pimephales promelas","species",,,,,55,2.0,"electrofisher",,,,,"no sample",,,,,"0000-0003-3114-5862",,,
"71baf40b-dbfe-4b51-aa75-5cebbb2e5fb3","D02","LEWI","LEWI.AOS.fish.point.04","2021-04-13T14:47Z","2021-04-13T15:43Z","2021-04-15T16:56Z","LEWI.2021.spring",2,2,"RHIATR","Rhinichthys atratulus","species",,,,,70,3.5,"electrofisher",,,,,"no sample",,,,,"0000-0003-3114-5862",,,
"29ab7ba1-d38c-45f9-9e2c-22ed79b6f381","D02","LEWI","LEWI.AOS.fish.point.04","2021-04-13T14:47Z","2021-04-13T15:43Z","2021-04-15T16:56Z","LEWI.2021.spring",2,9,"PIMPRO","Pimephales promelas","species",,,,,54,1.9,"electrofisher",,,,,"no sample",,,,,"0000-0003-3114-5862",,,
"3b043245-abec-496e-a0ce-f8a6aa0cfff7","D02","LEWI","LEWI.AOS.fish.point.04","2021-04-13T14:47Z","2021-04-13T15:43Z","2021-04-15T16:56Z","LEWI.2021.spring",2,10,"PIMPRO","Pimephales promelas","species",,,,,78,5.9,"electrofisher",,,,,"no sample",,,,,"0000-0003-3114-5862",,,
"457ff5ea-b362-4177-89bb-760643360057","D02","LEWI","LEWI.AOS.fish.point.04","2021-04-13T14:47Z","2021-04-13T15:43Z","2021-04-15T16:56Z","LEWI.2021.spring",2,3,"SEMATR","Semotilus atromaculatus","species",,,,,105,13.7,"electrofisher",,,,,"no sample",,,,,"0000-0003-3114-5862",,,
"ed3bef9c-1965-4b46-bc84-4babf97adcbd","D02","LEWI","LEWI.AOS.fish.point.04","2021-04-13T14:47Z","2021-04-13T15:43Z","2021-04-15T16:56Z","LEWI.2021.spring",2,8,"RHIATR","Rhinichthys atratulus","species",,,,,73,4.1,"electrofisher",,,,,"no sample",,,,,"0000-0003-3114-5862",,,
"9b4b0a7e-3ab5-43da-bb5f-6055a46398fc","D02","LEWI","LEWI.AOS.fish.point.04","2021-04-13T14:47Z","2021-04-13T15:43Z","2021-04-15T16:56Z","LEWI.2021.spring",2,6,"PIMPRO","Pimephales promelas","species",,,,,75,4.6,"electrofisher",,,,,"no sample",,,,,"0000-0003-3114-5862",,,
"0bfbac15-702a-4931-96af-163f047f07f6","D02","LEWI","LEWI.AOS.fish.point.04","2021-04-13T14:47Z","2021-04-13T15:43Z","2021-04-15T16:56Z","LEWI.2021.spring",2,13,"RHIATR","Rhinichthys atratulus","species",,,,,62,2.3,"electrofisher",,,,,"no sample",,,,,"0000-0003-3114-5862",,,
"dcc16cc0-1cb6-459e-a9aa-6bdbf4ec8871","D02","LEWI","LEWI.AOS.fish.point.04","2021-04-13T14:47Z","2021-04-13T15:43Z","2021-04-15T16:56Z","LEWI.2021.spring",2,4,"GAMHOL","Gambusia holbrooki","species",,,,,34,0.5,"electrofisher",,,,,"dna sample only","FSH.LEWI.04.20210413.2.0004",,"FSH.LEWI.04.20210413.2.0004.DNA","D00000090026","0000-0003-3114-5862",,,
"c3e6e7fe-0f5c-4b15-a2bd-289b47111084","D02","LEWI","LEWI.AOS.fish.point.04","2021-04-13T14:47Z","2021-04-13T15:43Z","2021-04-15T16:56Z","LEWI.2021.spring",2,12,"RHIATR","Rhinichthys atratulus","species",,,,,74,3.9,"electrofisher",,,,,"no sample",,,,,"0000-0003-3114-5862",,,
"92958aa6-16b5-4b27-8b09-a2d5b33a541b","D02","LEWI","LEWI.AOS.fish.point.04","2021-04-13T14:47Z","2021-04-13T15:43Z","2021-04-15T16:56Z","LEWI.2021.spring",2,11,"RHIATR","Rhinichthys atratulus","species",,,,,82,6.2,"electrofisher",,,,,"no sample",,,,,"0000-0003-3114-5862",,,
"ebf640eb-16d1-4d96-bfe6-8bfe968eca8d","D02","LEWI","LEWI.AOS.fish.point.04","2021-04-13T14:47Z","2021-04-13T15:43Z","2021-04-15T16:56Z","LEWI.2021.spring",2,5,"RHIATR","Rhinichthys atratulus","species",,,,,54,1.9,"electrofisher",,,,,"no sample",,,,,"0000-0003-3114-5862",,,
"ab1e71d5-c899-43fe-98fd-751e90030cab","D02","LEWI","LEWI.AOS.fish.point.04","2021-04-13T14:47Z","2021-04-13T15:43Z","2021-04-15T16:56Z","LEWI.2021.spring",2,1,"GAMHOL","Gambusia holbrooki","species",,,,,36,0.9,"electrofisher",,,,,"dna sample only","FSH.LEWI.04.20210413.2.0001",,"FSH.LEWI.04.20210413.2.0001.DNA","D00000090038","0000-0003-3114-5862",,,
"e2e7941f-6e4b-4ac7-9c09-6596dd4ee764","D02","LEWI","LEWI.AOS.fish.point.04","2021-04-13T16:28Z","2021-04-13T17:15Z","2021-04-15T16:56Z","LEWI.2021.spring",3,4,"GAMHOL","Gambusia holbrooki","species","D02.LEWI.2021.MorphA","Small minnow",,,33,0.5,"electrofisher",,,,,"no sample",,,,,"0000-0003-3114-5862",,,
"8fe8a8c7-1b65-4d37-bb8a-669d02de24be","D02","LEWI","LEWI.AOS.fish.point.04","2021-04-13T16:28Z","2021-04-13T17:15Z","2021-04-15T16:56Z","LEWI.2021.spring",3,7,"CLIFUN","Clinostomus funduloides","species",,,,,92,6.9,"electrofisher",,,,,"no sample",,,,,"0000-0003-3114-5862",,,
"953504cf-60e5-416c-8708-67f3edc53643","D02","LEWI","LEWI.AOS.fish.point.04","2021-04-13T16:28Z","2021-04-13T17:15Z","2021-04-15T16:56Z","LEWI.2021.spring",3,3,"SEMATR","Semotilus atromaculatus","species",,,,,214,111.5,"electrofisher",,,,,"no sample",,,,,"0000-0003-3114-5862",,,
"757e1a5d-6ca2-425b-8ee9-0398eee14222","D02","LEWI","LEWI.AOS.fish.point.04","2021-04-13T16:28Z","2021-04-13T17:15Z","2021-04-15T16:56Z","LEWI.2021.spring",3,2,"RHIATR","Rhinichthys atratulus","species",,,,,38,0.6,"electrofisher",,,,,"no sample",,,,,"0000-0003-3114-5862",,,
"9c87eeb8-5cc6-4c46-8d06-e3d00bc14bbc","D02","LEWI","LEWI.AOS.fish.point.04","2021-04-13T16:28Z","2021-04-13T17:15Z","2021-04-15T16:56Z","LEWI.2021.spring",3,8,"CLIFUN","Clinostomus funduloides","species",,,,,103,9.3,"electrofisher",,,,,"no sample",,,,,"0000-0003-3114-5862",,,
"78b07b82-49d1-42f8-8b66-79e3c91b4030","D02","LEWI","LEWI.AOS.fish.point.04","2021-04-13T16:28Z","2021-04-13T17:15Z","2021-04-15T16:56Z","LEWI.2021.spring",3,5,"RHIATR","Rhinichthys atratulus","species",,,,,69,3.4,"electrofisher",,,,,"no sample",,,,,"0000-0003-3114-5862",,,
"fb5e1dd2-1741-436d-a13f-29ee05513c2a","D02","LEWI","LEWI.AOS.fish.point.04","2021-04-13T16:28Z","2021-04-13T17:15Z","2021-04-15T16:56Z","LEWI.2021.spring",3,6,"RHIATR","Rhinichthys atratulus","species",,,,,66,3.5,"electrofisher",,,,,"no sample",,,,,"0000-0003-3114-5862",,,
"95cba3d2-301f-4c1b-8f65-dcc35337582f","D02","LEWI","LEWI.AOS.fish.point.04","2021-04-13T16:28Z","2021-04-13T17:15Z","2021-04-15T16:56Z","LEWI.2021.spring",3,1,"GAMHOL","Gambusia holbrooki","species","D02.LEWI.2021.MorphA","Small minnow",,,34,0.3,"electrofisher",,,,,"no sample",,,,,"0000-0003-3114-5862",,,
"86ce2de7-8db3-41a5-b7ef-25976add99ae","D02","LEWI","LEWI.AOS.fish.point.06","2021-04-13T17:51Z","2021-04-13T18:55Z","2021-04-15T16:56Z","LEWI.2021.spring",1,28,"SEMATR","Semotilus atromaculatus","species",,,,,152,40.1,"electrofisher",,,,,"no sample",,,,,"0000-0003-3114-5862",,,
"1d2bba63-c3d5-4364-a27a-672bea38aea0","D02","LEWI","LEWI.AOS.fish.point.06","2021-04-13T17:51Z","2021-04-13T18:55Z","2021-04-15T16:56Z","LEWI.2021.spring",1,40,"COTGIR","Cottus girardi","species",,,,,67,3.1,"electrofisher",,,,,"no sample",,,,,"0000-0003-3114-5862",,,
"6b14a00f-c1c2-4395-8cf7-1ad89ac74285","D02","LEWI","LEWI.AOS.fish.point.06","2021-04-13T17:51Z","2021-04-13T18:55Z","2021-04-15T16:56Z","LEWI.2021.spring",1,56,"RHIATR","Rhinichthys atratulus","species",,,,,76,5.1,"electrofisher",,,,,"no sample",,,,,"0000-0003-3114-5862",,,
"0b80610d-2468-47cb-b34f-c5bfb0de91c3","D02","LEWI","LEWI.AOS.fish.point.06","2021-04-13T17:51Z","2021-04-13T18:55Z","2021-04-15T16:56Z","LEWI.2021.spring",1,13,"COTGIR","Cottus girardi","species",,,,,62,2.5,"electrofisher",,,,,"no sample",,,,,"0000-0003-3114-5862",,,
"a1271bea-5877-4ac7-9b29-38e6a753a3df","D02","LEWI","LEWI.AOS.fish.point.06","2021-04-13T17:51Z","2021-04-13T18:55Z","2021-04-15T16:56Z","LEWI.2021.spring",1,43,"COTGIR","Cottus girardi","species",,,,,71,4.3,"electrofisher",,,,,"no sample",,,,,"0000-0003-3114-5862",,,
"049146ca-70ce-453b-ad3c-072a609059b5","D02","LEWI","LEWI.AOS.fish.point.06","2021-04-13T17:51Z","2021-04-13T18:55Z","2021-04-15T16:56Z","LEWI.2021.spring",1,6,"COTGIR","Cottus girardi","species",,,,,72,4.9,"electrofisher",,,,,"no sample",,,,,"0000-0003-3114-5862",,,
"0eb6f1df-da8f-4570-a23b-c09d8c0edb2c","D02","LEWI","LEWI.AOS.fish.point.06","2021-04-13T17:51Z","2021-04-13T18:55Z","2021-04-15T16:56Z","LEWI.2021.spring",1,49,"COTGIR","Cottus girardi","species",,,,,63,3.0,"electrofisher",,,,,"no sample",,,,,"0000-0003-3114-5862",,,
"86de312e-7ae3-4256-bedd-2b27feb53810","D02","LEWI","LEWI.AOS.fish.point.06","2021-04-13T17:51Z","2021-04-13T18:55Z","2021-04-15T16:56Z","LEWI.2021.spring",1,4,"COTGIR","Cottus girardi","species",,,,,64,3.1,"electrofisher",,,,,"no sample",,,,,"0000-0003-3114-5862",,,
"0628eab4-8499-4dca-ae21-fef718469ce4","D02","LEWI","LEWI.AOS.fish.point.06","2021-04-13T17:51Z","2021-04-13T18:55Z","2021-04-15T16:56Z","LEWI.2021.spring",1,31,"COTGIR","Cottus girardi","species",,,,,55,2.2,"electrofisher",,,,,"no sample",,,,,"0000-0003-3114-5862",,,
"3c68550c-7634-4db7-8896-c128c6818987","D02","LEWI","LEWI.AOS.fish.point.06","2021-04-13T17:51Z","2021-04-13T18:55Z","2021-04-15T16:56Z","LEWI.2021.spring",1,44,"COTGIR","Cottus girardi","species",,,,,55,1.8,"electrofisher",,,,,"no sample",,,,,"0000-0003-3114-5862",,,
"18f07aef-53eb-4db0-8eed-369fdbb28632","D02","LEWI","LEWI.AOS.fish.point.06","2021-04-13T17:51Z","2021-04-13T18:55Z","2021-04-15T16:56Z","LEWI.2021.spring",1,39,"RHIATR","Rhinichthys atratulus","species",,,,,45,1.1,"electrofisher",,,,,"no sample",,,,,"0000-0003-3114-5862",,,
"061daf93-ca7a-4617-973a-d8e2dae3734d","D02","LEWI","LEWI.AOS.fish.point.06","2021-04-13T17:51Z","2021-04-13T18:55Z","2021-04-15T16:56Z","LEWI.2021.spring",1,8,"COTGIR","Cottus girardi","species",,,,,53,1.6,"electrofisher",,,,,"no sample",,,,,"0000-0003-3114-5862",,,
"3017e79c-63fd-4e03-ba9b-5a42b7e04f3c","D02","LEWI","LEWI.AOS.fish.point.06","2021-04-13T17:51Z","2021-04-13T18:55Z","2021-04-15T16:56Z","LEWI.2021.spring",1,42,"COTGIR","Cottus girardi","species",,,,,52,1.5,"electrofisher",,,,,"no sample",,,,,"0000-0003-3114-5862",,,
"86ab2a23-d904-4bf6-bedb-ff718d403765","D02","LEWI","LEWI.AOS.fish.point.06","2021-04-13T17:51Z","2021-04-13T18:55Z","2021-04-15T16:56Z","LEWI.2021.spring",1,12,"COTGIR","Cottus girardi","species",,,,,76,4.7,"electrofisher",,,,,"no sample",,,,,"0000-0003-3114-5862",,,
"ee6ba9a3-d1b1-4176-8b54-b1eca061a510","D02","LEWI","LEWI.AOS.fish.point.06","2021-04-13T17:51Z","2021-04-13T18:55Z","2021-04-15T16:56Z","LEWI.2021.spring",1,10,"SEMATR","Semotilus atromaculatus","species",,,,,95,8.4,"electrofisher",,,,,"no sample",,,,,"0000-0003-3114-5862",,,
"fd134a45-ff7e-4007-a3e5-1eb5fb999a73","D02","LEWI","LEWI.AOS.fish.point.06","2021-04-13T17:51Z","2021-04-13T18:55Z","2021-04-15T16:56Z","LEWI.2021.spring",1,55,"PIMPRO","Pimephales promelas","species",,,,,64,3.1,"electrofisher",,,,,"no sample",,,,,"0000-0003-3114-5862",,,
"e43d6dd2-8bcb-4e19-87eb-7ce0386394c4","D02","LEWI","LEWI.AOS.fish.point.06","2021-04-13T17:51Z","2021-04-13T18:55Z","2021-04-15T16:56Z","LEWI.2021.spring",1,53,"COTGIR","Cottus girardi","species",,,,,66,3.6,"electrofisher",,,,,"no sample",,,,,"0000-0003-3114-5862",,,
"063461c4-edd2-4205-ad81-cd5dd2db76cb","D02","LEWI","LEWI.AOS.fish.point.06","2021-04-13T17:51Z","2021-04-13T18:55Z","2021-04-15T16:56Z","LEWI.2021.spring",1,19,"COTGIR","Cottus girardi","species",,,,,56,2.1,"electrofisher",,,,,"no sample",,,,,"0000-0003-3114-5862",,,
"f3f5fac8-7803-488e-9951-a50620ee0013","D02","LEWI","LEWI.AOS.fish.point.06","2021-04-13T17:51Z","2021-04-13T18:55Z","2021-04-15T16:56Z","LEWI.2021.spring",1,20,"COTGIR","Cottus girardi","species",,,,,59,2.4,"electrofisher",,,,,"no sample",,,,,"0000-0003-3114-5862",,,
"834e3c18-753c-49df-b865-dfed7f6f6027","D02","LEWI","LEWI.AOS.fish.point.06","2021-04-13T17:51Z","2021-04-13T18:55Z","2021-04-15T16:56Z","LEWI.2021.spring",1,14,"COTGIR","Cottus girardi","species",,,,,54,2.4,"electrofisher",,,,,"no sample",,,,,"0000-0003-3114-5862",,,
"bbb1472c-6986-4591-bd0c-0444952b967c","D02","LEWI","LEWI.AOS.fish.point.06","2021-04-13T17:51Z","2021-04-13T18:55Z","2021-04-15T16:56Z","LEWI.2021.spring",1,9,"COTGIR","Cottus girardi","species",,,,,62,3.2,"electrofisher",,,,,"no sample",,,,,"0000-0003-3114-5862",,,
"397f4615-8abc-4b5c-b759-4f68e5f8c431","D02","LEWI","LEWI.AOS.fish.point.06","2021-04-13T17:51Z","2021-04-13T18:55Z","2021-04-15T16:56Z","LEWI.2021.spring",1,34,"COTGIR","Cottus girardi","species",,,,,97,8.0,"electrofisher",,,,,"no sample",,,,,"0000-0003-3114-5862",,,
"fcf5b87e-9107-45b9-a3cf-4155db4f33a4","D02","LEWI","LEWI.AOS.fish.point.06","2021-04-13T17:51Z","2021-04-13T18:55Z","2021-04-15T16:56Z","LEWI.2021.spring",1,51,"COTGIR","Cottus girardi","species",,,,,61,3.7,"electrofisher",,,,,"no sample",,,,,"0000-0003-3114-5862",,,
"8c7b6677-424d-4a75-b06b-5ef93af5bef2","D02","LEWI","LEWI.AOS.fish.point.06","2021-04-13T17:51Z","2021-04-13T18:55Z","2021-04-15T16:56Z","LEWI.2021.spring",1,25,"COTGIR","Cottus girardi","species",,,,,67,3.7,"electrofisher",,,,,"no sample",,,,,"0000-0003-3114-5862",,,
"0736db3e-5413-4f1a-a641-8b04dbd25c4b","D02","LEWI","LEWI.AOS.fish.point.06","2021-04-13T17:51Z","2021-04-13T18:55Z","2021-04-15T16:56Z","LEWI.2021.spring",1,2,"RHIATR","Rhinichthys atratulus","species",,,,,68,3.3,"electrofisher",,,,,"no sample",,,,,"0000-0003-3114-5862",,,
"bc461590-0930-4eea-9125-fd3e162ed8ff","D02","LEWI","LEWI.AOS.fish.point.06","2021-04-13T17:51Z","2021-04-13T18:55Z","2021-04-15T16:56Z","LEWI.2021.spring",1,54,"COTGIR","Cottus girardi","species",,,,,63,3.1,"electrofisher",,,,,"no sample",,,,,"0000-0003-3114-5862",,,
"006032a9-bc20-47fe-8287-7bb1cede4c8d","D02","LEWI","LEWI.AOS.fish.point.06","2021-04-13T17:51Z","2021-04-13T18:55Z","2021-04-15T16:56Z","LEWI.2021.spring",1,29,"COTGIR","Cottus girardi","species",,,,,52,1.7,"electrofisher",,,,,"no sample",,,,,"0000-0003-3114-5862",,,
"bac2e4c7-703c-4664-8475-02335f6e630b","D02","LEWI","LEWI.AOS.fish.point.06","2021-04-13T17:51Z","2021-04-13T18:55Z","2021-04-15T16:56Z","LEWI.2021.spring",1,46,"COTGIR","Cottus girardi","species",,,,,79,5.8,"electrofisher",,,,,"no sample",,,,,"0000-0003-3114-5862",,,
"469a218a-8bc4-4649-a44b-9f1b016cf208","D02","LEWI","LEWI.AOS.fish.point.06","2021-04-13T17:51Z","2021-04-13T18:55Z","2021-04-15T16:56Z","LEWI.2021.spring",1,27,"COTGIR","Cottus girardi","species",,,,,59,2.2,"electrofisher",,,,,"no sample",,,,,"0000-0003-3114-5862",,,
"36a6b2c1-df1d-42a7-b8ff-db8b3c33cbe9","D02","LEWI","LEWI.AOS.fish.point.06","2021-04-13T17:51Z","2021-04-13T18:55Z","2021-04-15T16:56Z","LEWI.2021.spring",1,48,"COTGIR","Cottus girardi","species",,,,,70,4.7,"electrofisher",,,,,"no sample",,,,,"0000-0003-3114-5862",,,
"1afdf0c4-e9e4-4444-89a2-87ac5b7cd400","D02","LEWI","LEWI.AOS.fish.point.06","2021-04-13T17:51Z","2021-04-13T18:55Z","2021-04-15T16:56Z","LEWI.2021.spring",1,33,"COTGIR","Cottus girardi","species",,,,,65,3.2,"electrofisher",,,,,"no sample",,,,,"0000-0003-3114-5862",,,
"c8d1bff8-5166-47d1-9905-baa7a52f3291","D02","LEWI","LEWI.AOS.fish.point.06","2021-04-13T17:51Z","2021-04-13T18:55Z","2021-04-15T16:56Z","LEWI.2021.spring",1,36,"COTGIR","Cottus girardi","species",,,,,59,2.6,"electrofisher",,,,,"no sample",,,,,"0000-0003-3114-5862",,,
"d494109a-a664-4883-94c8-517a93182b94","D02","LEWI","LEWI.AOS.fish.point.06","2021-04-13T17:51Z","2021-04-13T18:55Z","2021-04-15T16:56Z","LEWI.2021.spring",1,21,"COTGIR","Cottus girardi","species",,,,,54,2.1,"electrofisher",,,,,"no sample",,,,,"0000-0003-3114-5862",,,
"7925f40e-04b2-4ae6-80ee-997433181995","D02","LEWI","LEWI.AOS.fish.point.06","2021-04-13T17:51Z","2021-04-13T18:55Z","2021-04-15T16:56Z","LEWI.2021.spring",1,23,"COTGIR","Cottus girardi","species",,,,,55,1.8,"electrofisher",,,,,"no sample",,,,,"0000-0003-3114-5862",,,
"183283d8-592f-49cf-908a-961c82e6b226","D02","LEWI","LEWI.AOS.fish.point.06","2021-04-13T17:51Z","2021-04-13T18:55Z","2021-04-15T16:56Z","LEWI.2021.spring",1,37,"COTGIR","Cottus girardi","species",,,,,53,1.8,"electrofisher",,,,,"no sample",,,,,"0000-0003-3114-5862",,,
"6292458a-1dfc-45c6-90b3-e44dcb44c051","D02","LEWI","LEWI.AOS.fish.point.06","2021-04-13T17:51Z","2021-04-13T18:55Z","2021-04-15T16:56Z","LEWI.2021.spring",1,26,"RHIATR","Rhinichthys atratulus","species",,,,,70,4.1,"electrofisher",,,,,"no sample",,,,,"0000-0003-3114-5862",,,
"2becb2c7-fb85-4152-9e22-e55c71caa365","D02","LEWI","LEWI.AOS.fish.point.06","2021-04-13T17:51Z","2021-04-13T18:55Z","2021-04-15T16:56Z","LEWI.2021.spring",1,17,"COTGIR","Cottus girardi","species",,,,,57,2.4,"electrofisher",,,,,"no sample",,,,,"0000-0003-3114-5862",,,
"4f1e36c3-8cfa-4c95-bde8-5db2f8481b83","D02","LEWI","LEWI.AOS.fish.point.06","2021-04-13T17:51Z","2021-04-13T18:55Z","2021-04-15T16:56Z","LEWI.2021.spring",1,7,"COTGIR","Cottus girardi","species",,,,,65,3.6,"electrofisher",,,,,"no sample",,,,,"0000-0003-3114-5862",,,
"30316edc-9519-40c9-8dcf-ca9402a187d0","D02","LEWI","LEWI.AOS.fish.point.06","2021-04-13T17:51Z","2021-04-13T18:55Z","2021-04-15T16:56Z","LEWI.2021.spring",1,22,"COTGIR","Cottus girardi","species",,,,,63,2.8,"electrofisher",,,,,"no sample",,,,,"0000-0003-3114-5862",,,
"eef6f6bf-9856-4639-a3a4-2621802a0a23","D02","LEWI","LEWI.AOS.fish.point.06","2021-04-13T17:51Z","2021-04-13T18:55Z","2021-04-15T16:56Z","LEWI.2021.spring",1,45,"COTGIR","Cottus girardi","species",,,,,61,2.9,"electrofisher",,,,,"no sample",,,,,"0000-0003-3114-5862",,,
"e28f1c85-611c-4d99-badd-70020bde30fb","D02","LEWI","LEWI.AOS.fish.point.06","2021-04-13T17:51Z","2021-04-13T18:55Z","2021-04-15T16:56Z","LEWI.2021.spring",1,58,"RHIATR","Rhinichthys atratulus","species",,,,,75,4.8,"electrofisher",,,,,"no sample",,,,,"0000-0003-3114-5862",,,
"fc51a861-8af1-4359-a6d0-e412093dcb1e","D02","LEWI","LEWI.AOS.fish.point.06","2021-04-13T17:51Z","2021-04-13T18:55Z","2021-04-15T16:56Z","LEWI.2021.spring",1,38,"COTGIR","Cottus girardi","species",,,,,64,3.1,"electrofisher",,,,,"no sample",,,,,"0000-0003-3114-5862",,,
"848f3ea6-3f41-4bd6-a028-05394800f094","D02","LEWI","LEWI.AOS.fish.point.06","2021-04-13T17:51Z","2021-04-13T18:55Z","2021-04-15T16:56Z","LEWI.2021.spring",1,18,"COTGIR","Cottus girardi","species",,,,,50,1.6,"electrofisher",,,,,"no sample",,,,,"0000-0003-3114-5862",,,
"3db16134-9f01-4669-93b7-ce429af43057","D02","LEWI","LEWI.AOS.fish.point.06","2021-04-13T17:51Z","2021-04-13T18:55Z","2021-04-15T16:56Z","LEWI.2021.spring",1,50,"COTGIR","Cottus girardi","species",,,,,51,1.5,"electrofisher",,,,,"no sample",,,,,"0000-0003-3114-5862",,,
"72957d76-d6d1-4df3-9bfd-c8bc1f8aae4c","D02","LEWI","LEWI.AOS.fish.point.06","2021-04-13T17:51Z","2021-04-13T18:55Z","2021-04-15T16:56Z","LEWI.2021.spring",1,16,"COTGIR","Cottus girardi","species",,,,,77,6.2,"electrofisher",,,,,"no sample",,,,,"0000-0003-3114-5862",,,
"94f221b7-54cd-4796-9f92-43df9381041d","D02","LEWI","LEWI.AOS.fish.point.06","2021-04-13T17:51Z","2021-04-13T18:55Z","2021-04-15T16:56Z","LEWI.2021.spring",1,41,"COTGIR","Cottus girardi","species",,,,,75,5.8,"electrofisher",,,,,"no sample",,,,,"0000-0003-3114-5862",,,
"8d8553c2-e5c5-453f-bc55-a54059ca34cb","D02","LEWI","LEWI.AOS.fish.point.06","2021-04-13T17:51Z","2021-04-13T18:55Z","2021-04-15T16:56Z","LEWI.2021.spring",1,24,"COTGIR","Cottus girardi","species",,,,,53,1.8,"electrofisher",,,,,"no sample",,,,,"0000-0003-3114-5862",,,
"25cb9d50-e61f-47d8-87a4-2138e3f88676","D02","LEWI","LEWI.AOS.fish.point.06","2021-04-13T17:51Z","2021-04-13T18:55Z","2021-04-15T16:56Z","LEWI.2021.spring",1,52,"COTGIR","Cottus girardi","species",,,,,56,2.0,"electrofisher",,,,,"no sample",,,,,"0000-0003-3114-5862",,,
"4b3e094b-d0e9-494f-8138-863b66b50a20","D02","LEWI","LEWI.AOS.fish.point.06","2021-04-13T17:51Z","2021-04-13T18:55Z","2021-04-15T16:56Z","LEWI.2021.spring",1,5,"COTGIR","Cottus girardi","species",,,,,59,2.9,"electrofisher",,,,,"no sample",,,,,"0000-0003-3114-5862",,,
"7010030d-7806-4f5f-826b-f601ba42b40d","D02","LEWI","LEWI.AOS.fish.point.06","2021-04-13T17:51Z","2021-04-13T18:55Z","2021-04-15T16:56Z","LEWI.2021.spring",1,3,"COTGIR","Cottus girardi","species",,,,,51,1.7,"electrofisher",,,,,"no sample",,,,,"0000-0003-3114-5862",,,
"395a0639-4c96-4db2-8835-5c0711c9b657","D02","LEWI","LEWI.AOS.fish.point.06","2021-04-13T17:51Z","2021-04-13T18:55Z","2021-04-15T16:56Z","LEWI.2021.spring",1,15,"RHIATR","Rhinichthys atratulus","species",,,,,70,4.2,"electrofisher",,,,,"no sample",,,,,"0000-0003-3114-5862",,,
"db79c351-cb9e-41f5-b194-060267c974bf","D02","LEWI","LEWI.AOS.fish.point.06","2021-04-13T17:51Z","2021-04-13T18:55Z","2021-04-15T16:56Z","LEWI.2021.spring",1,1,"CLIFUN","Clinostomus funduloides","species",,,,,100,10.7,"electrofisher",,,,,"no sample",,,,,"0000-0003-3114-5862",,,
"13ebce62-7565-4bfe-a880-a62c99398f65","D02","LEWI","LEWI.AOS.fish.point.06","2021-04-13T17:51Z","2021-04-13T18:55Z","2021-04-15T16:56Z","LEWI.2021.spring",1,35,"COTGIR","Cottus girardi","species",,,,,55,2.2,"electrofisher",,,,,"no sample",,,,,"0000-0003-3114-5862",,,
"e3a89bb6-fd8f-408a-9843-1e3b5d0ca1af","D02","LEWI","LEWI.AOS.fish.point.06","2021-04-13T17:51Z","2021-04-13T18:55Z","2021-04-15T16:56Z","LEWI.2021.spring",1,11,"COTGIR","Cottus girardi","species",,,,,51,1.3,"electrofisher",,,,,"no sample",,,,,"0000-0003-3114-5862",,,
"39fafef9-bc7e-4f0f-9a08-a0f10b5e7715","D02","LEWI","LEWI.AOS.fish.point.06","2021-04-13T17:51Z","2021-04-13T18:55Z","2021-04-15T16:56Z","LEWI.2021.spring",1,57,"GAMHOL","Gambusia holbrooki","species","D02.LEWI.2021.MorphA","Small minnow",,,36,0.3,"electrofisher",,,,,"no sample",,,,,"0000-0003-3114-5862",,,
"ed9222d6-38bc-46d4-b0e5-d46873de59bd","D02","LEWI","LEWI.AOS.fish.point.06","2021-04-13T17:51Z","2021-04-13T18:55Z","2021-04-15T16:56Z","LEWI.2021.spring",1,32,"COTGIR","Cottus girardi","species",,,,,50,1.3,"electrofisher",,,,,"no sample",,,,,"0000-0003-3114-5862",,,
"49f1b74a-5a22-4192-801b-ae20ab2e380b","D02","LEWI","LEWI.AOS.fish.point.06","2021-04-13T17:51Z","2021-04-13T18:55Z","2021-04-15T16:56Z","LEWI.2021.spring",1,30,"COTGIR","Cottus girardi","species",,,,,65,3.1,"electrofisher",,,,,"no sample",,,,,"0000-0003-3114-5862",,,
"47bde22a-6688-4bf7-b4a7-eee331ecfbd4","D02","LEWI","LEWI.AOS.fish.point.06","2021-04-13T17:51Z","2021-04-13T18:55Z","2021-04-15T16:56Z","LEWI.2021.spring",1,47,"COTGIR","Cottus girardi","species",,,,,50,1.5,"electrofisher",,,,,"no sample",,,,,"0000-0003-3114-5862",,,
"c0c0e7a7-89dc-4b29-a29d-df96a1f4ca3b","D02","LEWI","LEWI.AOS.fish.point.08","2021-04-14T13:07Z","2021-04-14T15:03Z","2021-04-15T16:56Z","LEWI.2021.spring",1,57,"COTGIR","Cottus girardi","species",,,,,65,3.2,"electrofisher",,,,,"no sample",,,,,"0000-0003-3114-5862",,,
"9ee1a5a4-845f-48b4-9de2-e9e186294486","D02","LEWI","LEWI.AOS.fish.point.08","2021-04-14T13:07Z","2021-04-14T15:03Z","2021-04-15T16:56Z","LEWI.2021.spring",1,70,"RHIATR","Rhinichthys atratulus","species",,,,,63,3.2,"electrofisher",,,,,"no sample",,,,,"0000-0003-3114-5862",,,
"e595b036-9cc0-4e8e-b0c2-a1c654dc2498","D02","LEWI","LEWI.AOS.fish.point.08","2021-04-14T13:07Z","2021-04-14T15:03Z","2021-04-15T16:56Z","LEWI.2021.spring",1,68,"GAMHOL","Gambusia holbrooki","species",,,,,33,0.3,"electrofisher",,,,,"no sample",,,,,"0000-0003-3114-5862",,,
"bff9e94f-bd8d-4517-8070-c2866e8a767d","D02","LEWI","LEWI.AOS.fish.point.08","2021-04-14T13:07Z","2021-04-14T15:03Z","2021-04-15T16:56Z","LEWI.2021.spring",1,37,"COTGIR","Cottus girardi","species",,,,,51,1.6,"electrofisher",,,,,"no sample",,,,,"0000-0003-3114-5862",,,
"836c000f-7215-48aa-a20d-079aeb22d3ae","D02","LEWI","LEWI.AOS.fish.point.08","2021-04-14T13:07Z","2021-04-14T15:03Z","2021-04-15T16:56Z","LEWI.2021.spring",1,48,"RHIATR","Rhinichthys atratulus","species",,,,,41,1.0,"electrofisher",,,,,"no sample",,,,,"0000-0003-3114-5862",,,
"8b4b46af-2686-40f5-9dbe-4bc2059871a1","D02","LEWI","LEWI.AOS.fish.point.08","2021-04-14T13:07Z","2021-04-14T15:03Z","2021-04-15T16:56Z","LEWI.2021.spring",1,31,"COTGIR","Cottus girardi","species",,,,,87,9.0,"electrofisher",,,,,"no sample",,,,,"0000-0003-3114-5862",,,
"9e1405e6-5f15-47cf-9299-6ccf6b11c119","D02","LEWI","LEWI.AOS.fish.point.08","2021-04-14T13:07Z","2021-04-14T15:03Z","2021-04-15T16:56Z","LEWI.2021.spring",1,23,"RHIATR","Rhinichthys atratulus","species",,,,,77,6.4,"electrofisher",,,,,"no sample",,,,,"0000-0003-3114-5862",,,
"697ba552-430c-4bb8-84d2-7476c00db961","D02","LEWI","LEWI.AOS.fish.point.08","2021-04-14T13:07Z","2021-04-14T15:03Z","2021-04-15T16:56Z","LEWI.2021.spring",1,9,"COTGIR","Cottus girardi","species",,,,,55,1.9,"electrofisher",,,,,"no sample",,,,,"0000-0003-3114-5862",,,
"da4bb6cc-f35b-481b-9fa0-23de94287261","D02","LEWI","LEWI.AOS.fish.point.08","2021-04-14T13:07Z","2021-04-14T15:03Z","2021-04-15T16:56Z","LEWI.2021.spring",1,47,"COTGIR","Cottus girardi","species",,,,,51,2.5,"electrofisher",,,,,"no sample",,,,,"0000-0003-3114-5862",,,
"33a8424b-3812-449c-870d-909025406eb9","D02","LEWI","LEWI.AOS.fish.point.08","2021-04-14T13:07Z","2021-04-14T15:03Z","2021-04-15T16:56Z","LEWI.2021.spring",1,78,"RHIATR","Rhinichthys atratulus","species",,,,,59,2.1,"electrofisher",,,,,"no sample",,,,,"0000-0003-3114-5862",,,
"afc71cea-5860-40de-b025-efa651addcd5","D02","LEWI","LEWI.AOS.fish.point.08","2021-04-14T13:07Z","2021-04-14T15:03Z","2021-04-15T16:56Z","LEWI.2021.spring",1,55,"GAMHOL","Gambusia holbrooki","species","D02.LEWI.2021.MorphA","Small minnow",,,32,0.3,"electrofisher",,,,,"voucher sample only","FSH.LEWI.08.20210414.1.0055","A00000071494",,,"0000-0003-3114-5862",,,
"c45def51-c504-47d3-b241-6df3d20ca528","D02","LEWI","LEWI.AOS.fish.point.08","2021-04-14T13:07Z","2021-04-14T15:03Z","2021-04-15T16:56Z","LEWI.2021.spring",1,14,"RHIATR","Rhinichthys atratulus","species",,,,,57,2.3,"electrofisher",,,,,"no sample",,,,,"0000-0003-3114-5862",,,
"ce251ed0-1c3d-43ef-ac31-f1dc792ed0a7","D02","LEWI","LEWI.AOS.fish.point.08","2021-04-14T13:07Z","2021-04-14T15:03Z","2021-04-15T16:56Z","LEWI.2021.spring",1,56,"GAMHOL","Gambusia holbrooki","species","D02.LEWI.2021.MorphA","Small minnow",,,33,0.3,"electrofisher",,,,,"no sample",,,,,"0000-0003-3114-5862",,,
"aab038fb-1e86-4b3b-9302-bde90e5005f4","D02","LEWI","LEWI.AOS.fish.point.08","2021-04-14T13:07Z","2021-04-14T15:03Z","2021-04-15T16:56Z","LEWI.2021.spring",1,12,"COTGIR","Cottus girardi","species",,,,,65,3.6,"electrofisher",,,,,"no sample",,,,,"0000-0003-3114-5862",,,
"05be3307-03a6-4ca6-a77d-3527c5bc17f6","D02","LEWI","LEWI.AOS.fish.point.08","2021-04-14T13:07Z","2021-04-14T15:03Z","2021-04-15T16:56Z","LEWI.2021.spring",1,8,"COTGIR","Cottus girardi","species",,,,,50,1.6,"electrofisher",,,,,"no sample",,,,,"0000-0003-3114-5862",,,
"9cae964b-f231-4f07-8ba0-e0db80056c5a","D02","LEWI","LEWI.AOS.fish.point.08","2021-04-14T13:07Z","2021-04-14T15:03Z","2021-04-15T16:56Z","LEWI.2021.spring",1,16,"RHIATR","Rhinichthys atratulus","species",,,,,37,0.6,"electrofisher",,,,,"no sample",,,,,"0000-0003-3114-5862",,,
"3a44a8ea-74bb-4744-842f-3e387cb57454","D02","LEWI","LEWI.AOS.fish.point.08","2021-04-14T13:07Z","2021-04-14T15:03Z","2021-04-15T16:56Z","LEWI.2021.spring",1,51,"GAMHOL","Gambusia holbrooki","species","D02.LEWI.2021.MorphA","Small minnow",,,26,0.3,"electrofisher",,,,,"no sample",,,,,"0000-0003-3114-5862",,,
"d07de556-14f5-488f-91df-66ccdeb95176","D02","LEWI","LEWI.AOS.fish.point.08","2021-04-14T13:07Z","2021-04-14T15:03Z","2021-04-15T16:56Z","LEWI.2021.spring",1,24,"RHIATR","Rhinichthys atratulus","species",,,,,42,0.9,"electrofisher",,,,,"no sample",,,,,"0000-0003-3114-5862",,,
"9568bce8-9441-4cd6-b93a-f0ea637f42f4","D02","LEWI","LEWI.AOS.fish.point.08","2021-04-14T13:07Z","2021-04-14T15:03Z","2021-04-15T16:56Z","LEWI.2021.spring",1,7,"COTGIR","Cottus girardi","species",,,,,60,2.7,"electrofisher",,,,,"no sample",,,,,"0000-0003-3114-5862",,,
"cdb2600a-3be6-49e8-a163-479fbfb8c61b","D02","LEWI","LEWI.AOS.fish.point.08","2021-04-14T13:07Z","2021-04-14T15:03Z","2021-04-15T16:56Z","LEWI.2021.spring",1,71,"COTGIR","Cottus girardi","species",,,,,56,2.0,"electrofisher",,,,,"no sample",,,,,"0000-0003-3114-5862",,,
"b3332338-5113-40a0-b7b3-a696e65202c3","D02","LEWI","LEWI.AOS.fish.point.08","2021-04-14T13:07Z","2021-04-14T15:03Z","2021-04-15T16:56Z","LEWI.2021.spring",1,50,"RHIATR","Rhinichthys atratulus","species",,,,,38,0.6,"electrofisher",,,,,"no sample",,,,,"0000-0003-3114-5862",,,
"70e1b5d5-31a1-4948-870b-dd7d6447b184","D02","LEWI","LEWI.AOS.fish.point.08","2021-04-14T13:07Z","2021-04-14T15:03Z","2021-04-15T16:56Z","LEWI.2021.spring",1,11,"RHIATR","Rhinichthys atratulus","species",,,,,41,1.0,"electrofisher",,,,,"no sample",,,,,"0000-0003-3114-5862",,,
"2f6f9054-d6e3-41c7-94f0-44f552b03ffb","D02","LEWI","LEWI.AOS.fish.point.08","2021-04-14T13:07Z","2021-04-14T15:03Z","2021-04-15T16:56Z","LEWI.2021.spring",1,52,"RHIATR","Rhinichthys atratulus","species",,,,,43,1.1,"electrofisher",,,,,"no sample",,,,,"0000-0003-3114-5862",,,
"e57228eb-0c7f-41ea-9092-3fe0e9bfc798","D02","LEWI","LEWI.AOS.fish.point.08","2021-04-14T13:07Z","2021-04-14T15:03Z","2021-04-15T16:56Z","LEWI.2021.spring",1,34,"COTGIR","Cottus girardi","species",,,,,54,2.2,"electrofisher",,,,,"no sample",,,,,"0000-0003-3114-5862",,,
"a20f4f85-545a-4f24-aa2f-202388013982","D02","LEWI","LEWI.AOS.fish.point.08","2021-04-14T13:07Z","2021-04-14T15:03Z","2021-04-15T16:56Z","LEWI.2021.spring",1,35,"RHIATR","Rhinichthys atratulus","species",,,,,35,0.3,"electrofisher",,,,,"no sample",,,,,"0000-0003-3114-5862",,,
"7e25a12b-dfb7-4ef0-bb2d-3c2ea2cc3894","D02","LEWI","LEWI.AOS.fish.point.08","2021-04-14T13:07Z","2021-04-14T15:03Z","2021-04-15T16:56Z","LEWI.2021.spring",1,22,"RHIATR","Rhinichthys atratulus","species",,,,,43,0.9,"electrofisher",,,,,"no sample",,,,,"0000-0003-3114-5862",,,
"568b5136-bba9-4dc2-9a06-e0bf4fd656e3","D02","LEWI","LEWI.AOS.fish.point.08","2021-04-14T13:07Z","2021-04-14T15:03Z","2021-04-15T16:56Z","LEWI.2021.spring",1,64,"RHIATR","Rhinichthys atratulus","species",,,,,41,0.7,"electrofisher",,,,,"no sample",,,,,"0000-0003-3114-5862",,,
"e5be8df1-f26c-4454-89ab-c5168682b555","D02","LEWI","LEWI.AOS.fish.point.08","2021-04-14T13:07Z","2021-04-14T15:03Z","2021-04-15T16:56Z","LEWI.2021.spring",1,5,"RHIATR","Rhinichthys atratulus","species",,,,,62,2.8,"electrofisher",,,,,"no sample",,,,,"0000-0003-3114-5862",,,
"28075909-eaae-4ea6-a64c-435b12859f05","D02","LEWI","LEWI.AOS.fish.point.08","2021-04-14T13:07Z","2021-04-14T15:03Z","2021-04-15T16:56Z","LEWI.2021.spring",1,28,"RHIATR","Rhinichthys atratulus","species",,,,,44,1.1,"electrofisher",,,,,"no sample",,,,,"0000-0003-3114-5862",,,
"e03b5b36-0811-4d47-aeaf-ebf9513a3caf","D02","LEWI","LEWI.AOS.fish.point.08","2021-04-14T13:07Z","2021-04-14T15:03Z","2021-04-15T16:56Z","LEWI.2021.spring",1,58,"COTGIR","Cottus girardi","species",,,,,57,2.3,"electrofisher",,,,,"no sample",,,,,"0000-0003-3114-5862",,,
"d3d8b31f-7225-4526-81b1-3852b96cb8f1","D02","LEWI","LEWI.AOS.fish.point.08","2021-04-14T13:07Z","2021-04-14T15:03Z","2021-04-15T16:56Z","LEWI.2021.spring",1,20,"RHIATR","Rhinichthys atratulus","species",,,,,40,0.7,"electrofisher",,,,,"no sample",,,,,"0000-0003-3114-5862",,,
"69ba1e3b-dbbe-4f19-93f7-ae57e26b241b","D02","LEWI","LEWI.AOS.fish.point.08","2021-04-14T13:07Z","2021-04-14T15:03Z","2021-04-15T16:56Z","LEWI.2021.spring",1,32,"SEMATR","Semotilus atromaculatus","species",,,,,131,30.1,"electrofisher",,,,,"no sample",,,,,"0000-0003-3114-5862",,,
"fd44beaa-c4f7-4aae-8210-652e4964808c","D02","LEWI","LEWI.AOS.fish.point.08","2021-04-14T13:07Z","2021-04-14T15:03Z","2021-04-15T16:56Z","LEWI.2021.spring",1,39,"COTGIR","Cottus girardi","species",,,,,52,1.6,"electrofisher",,,,,"no sample",,,,,"0000-0003-3114-5862",,,
"0639cda7-2307-4a34-8272-5e366e0bf9a0","D02","LEWI","LEWI.AOS.fish.point.08","2021-04-14T13:07Z","2021-04-14T15:03Z","2021-04-15T16:56Z","LEWI.2021.spring",1,38,"RHIATR","Rhinichthys atratulus","species",,,,,44,1.2,"electrofisher",,,,,"no sample",,,,,"0000-0003-3114-5862",,,
"a3483495-a86b-4523-b69f-a73b3d50b9e8","D02","LEWI","LEWI.AOS.fish.point.08","2021-04-14T13:07Z","2021-04-14T15:03Z","2021-04-15T16:56Z","LEWI.2021.spring",1,44,"COTGIR","Cottus girardi","species",,,,,71,5.0,"electrofisher",,,,,"no sample",,,,,"0000-0003-3114-5862",,,
"71642bc2-da83-4fc0-a8d3-5a0e49d5456b","D02","LEWI","LEWI.AOS.fish.point.08","2021-04-14T13:07Z","2021-04-14T15:03Z","2021-04-15T16:56Z","LEWI.2021.spring",1,42,"SEMATR","Semotilus atromaculatus","species",,,,,113,18.6,"electrofisher",,,,,"no sample",,,,,"0000-0003-3114-5862",,,
"380cdc6b-9105-4b30-a1f0-aa81055b5b7e","D02","LEWI","LEWI.AOS.fish.point.08","2021-04-14T13:07Z","2021-04-14T15:03Z","2021-04-15T16:56Z","LEWI.2021.spring",1,1,"SEMATR","Semotilus atromaculatus","species",,,,,115,20.7,"electrofisher",,,,,"no sample",,,,,"0000-0003-3114-5862",,,
"ec45da63-3288-4d6b-8c52-e3a2b724c973","D02","LEWI","LEWI.AOS.fish.point.08","2021-04-14T13:07Z","2021-04-14T15:03Z","2021-04-15T16:56Z","LEWI.2021.spring",1,45,"COTGIR","Cottus girardi","species",,,,,63,3.0,"electrofisher",,,,,"no sample",,,,,"0000-0003-3114-5862",,,
"f7e876c8-9c72-4b90-8a71-26aef52262a2","D02","LEWI","LEWI.AOS.fish.point.08","2021-04-14T13:07Z","2021-04-14T15:03Z","2021-04-15T16:56Z","LEWI.2021.spring",1,43,"SEMATR","Semotilus atromaculatus","species",,,,,116,19.6,"electrofisher",,,,,"no sample",,,,,"0000-0003-3114-5862",,,
"23f430fb-789d-40ce-bc9b-4bb67b55c578","D02","LEWI","LEWI.AOS.fish.point.08","2021-04-14T13:07Z","2021-04-14T15:03Z","2021-04-15T16:56Z","LEWI.2021.spring",1,17,"COTGIR","Cottus girardi","species",,,,,58,2.4,"electrofisher",,,,,"no sample",,,,,"0000-0003-3114-5862",,,
"be93508d-244d-4bf9-9bfd-946e7ba612f2","D02","LEWI","LEWI.AOS.fish.point.08","2021-04-14T13:07Z","2021-04-14T15:03Z","2021-04-15T16:56Z","LEWI.2021.spring",1,6,"RHIATR","Rhinichthys atratulus","species",,,,,36,0.6,"electrofisher",,,,,"no sample",,,,,"0000-0003-3114-5862",,,
"4b12497f-77a6-4752-ba3b-05f2e22e8c7e","D02","LEWI","LEWI.AOS.fish.point.08","2021-04-14T13:07Z","2021-04-14T15:03Z","2021-04-15T16:56Z","LEWI.2021.spring",1,61,"RHIATR","Rhinichthys atratulus","species",,,,,54,1.7,"electrofisher",,,,,"no sample",,,,,"0000-0003-3114-5862",,,
"49cba9fc-2aa4-453f-8fc8-d75aadcb332c","D02","LEWI","LEWI.AOS.fish.point.08","2021-04-14T13:07Z","2021-04-14T15:03Z","2021-04-15T16:56Z","LEWI.2021.spring",1,3,"RHIATR","Rhinichthys atratulus","species",,,,,59,2.4,"electrofisher",,,,,"no sample",,,,,"0000-0003-3114-5862",,,
"79158e7c-2ba5-4480-97bf-5981f6e83879","D02","LEWI","LEWI.AOS.fish.point.08","2021-04-14T13:07Z","2021-04-14T15:03Z","2021-04-15T16:56Z","LEWI.2021.spring",1,69,"CLIFUN","Clinostomus funduloides","species",,,,,98,9.1,"electrofisher",,,,,"no sample",,,,,"0000-0003-3114-5862",,,
"09cbb532-df2c-4c10-a94c-885f8eb19bab","D02","LEWI","LEWI.AOS.fish.point.08","2021-04-14T13:07Z","2021-04-14T15:03Z","2021-04-15T16:56Z","LEWI.2021.spring",1,72,"RHIATR","Rhinichthys atratulus","species",,,,,64,3.3,"electrofisher",,,,,"no sample",,,,,"0000-0003-3114-5862",,,
"95544e0e-af86-4791-8901-80e49d54b5f3","D02","LEWI","LEWI.AOS.fish.point.08","2021-04-14T13:07Z","2021-04-14T15:03Z","2021-04-15T16:56Z","LEWI.2021.spring",1,60,"RHIATR","Rhinichthys atratulus","species",,,,,58,2.1,"electrofisher",,,,,"no sample",,,,,"0000-0003-3114-5862",,,
"84dec0c6-97dc-4627-9341-75e0c1f05219","D02","LEWI","LEWI.AOS.fish.point.08","2021-04-14T13:07Z","2021-04-14T15:03Z","2021-04-15T16:56Z","LEWI.2021.spring",1,13,"COTGIR","Cottus girardi","species",,,,,65,6.0,"electrofisher",,,,"gravid female","no sample",,,,,"0000-0003-3114-5862",,,
"5e96a35b-c83b-4570-b983-8a8651671206","D02","LEWI","LEWI.AOS.fish.point.08","2021-04-14T13:07Z","2021-04-14T15:03Z","2021-04-15T16:56Z","LEWI.2021.spring",1,59,"COTGIR","Cottus girardi","species",,,,,56,2.4,"electrofisher",,,,,"no sample",,,,,"0000-0003-3114-5862",,,
"01028097-a2f0-47aa-963f-c7e7b519cd6e","D02","LEWI","LEWI.AOS.fish.point.08","2021-04-14T13:07Z","2021-04-14T15:03Z","2021-04-15T16:56Z","LEWI.2021.spring",1,74,"COTGIR","Cottus girardi","species",,,,,50,1.5,"electrofisher",,,,,"no sample",,,,,"0000-0003-3114-5862",,,
"c234aef6-9443-4266-ba8b-d2d6ca5f3a25","D02","LEWI","LEWI.AOS.fish.point.08","2021-04-14T13:07Z","2021-04-14T15:03Z","2021-04-15T16:56Z","LEWI.2021.spring",1,40,"SEMATR","Semotilus atromaculatus","species",,,,,138,34.6,"electrofisher",,,,,"no sample",,,,,"0000-0003-3114-5862",,,
"b5391cc3-23a1-4fb3-9882-b966551cadc2","D02","LEWI","LEWI.AOS.fish.point.08","2021-04-14T13:07Z","2021-04-14T15:03Z","2021-04-15T16:56Z","LEWI.2021.spring",1,33,"COTGIR","Cottus girardi","species",,,,,64,3.1,"electrofisher",,,,,"no sample",,,,,"0000-0003-3114-5862",,,
"d3098e10-4afa-4a0c-bdbd-df4704a0f952","D02","LEWI","LEWI.AOS.fish.point.08","2021-04-14T13:07Z","2021-04-14T15:03Z","2021-04-15T16:56Z","LEWI.2021.spring",1,62,"RHIATR","Rhinichthys atratulus","species",,,,,67,3.5,"electrofisher",,,,,"no sample",,,,,"0000-0003-3114-5862",,,
"78c1a4ff-ccc4-4e2a-95f2-63c3e561441b","D02","LEWI","LEWI.AOS.fish.point.08","2021-04-14T13:07Z","2021-04-14T15:03Z","2021-04-15T16:56Z","LEWI.2021.spring",1,65,"COTGIR","Cottus girardi","species",,,,,66,3.1,"electrofisher",,,,,"no sample",,,,,"0000-0003-3114-5862",,,
"b46c6603-cc86-47d0-88b1-47064e61760b","D02","LEWI","LEWI.AOS.fish.point.08","2021-04-14T13:07Z","2021-04-14T15:03Z","2021-04-15T16:56Z","LEWI.2021.spring",1,25,"LEPCYA","Lepomis cyanellus","species",,,,,135,41.5,"electrofisher",,,,,"dna sample only","FSH.LEWI.08.20210414.1.0025",,"FSH.LEWI.08.20210414.1.0025.DNA","D00000090034","0000-0003-3114-5862",,,
"8456aba5-fbe7-4e6a-82c2-dccb6a8ba7a9","D02","LEWI","LEWI.AOS.fish.point.08","2021-04-14T13:07Z","2021-04-14T15:03Z","2021-04-15T16:56Z","LEWI.2021.spring",1,29,"RHIATR","Rhinichthys atratulus","species",,,,,42,0.9,"electrofisher",,,,,"no sample",,,,,"0000-0003-3114-5862",,,
"300027dd-6678-4ad8-86ac-ac6c8f0a2a95","D02","LEWI","LEWI.AOS.fish.point.08","2021-04-14T13:07Z","2021-04-14T15:03Z","2021-04-15T16:56Z","LEWI.2021.spring",1,4,"RHIATR","Rhinichthys atratulus","species",,,,,45,0.9,"electrofisher",,,,,"no sample",,,,,"0000-0003-3114-5862",,,
"d92a85ef-68d8-4987-98da-fbf18fbc2cb0","D02","LEWI","LEWI.AOS.fish.point.08","2021-04-14T13:07Z","2021-04-14T15:03Z","2021-04-15T16:56Z","LEWI.2021.spring",1,36,"COTGIR","Cottus girardi","species",,,,,58,2.3,"electrofisher",,,,,"no sample",,,,,"0000-0003-3114-5862",,,
"173aaf3f-0f4b-481f-b7ea-293d68a4d4ff","D02","LEWI","LEWI.AOS.fish.point.08","2021-04-14T13:07Z","2021-04-14T15:03Z","2021-04-15T16:56Z","LEWI.2021.spring",1,75,"COTGIR","Cottus girardi","species",,,,,64,2.8,"electrofisher",,,,,"no sample",,,,,"0000-0003-3114-5862",,,
"9a64909d-1b13-42cc-bf93-48163af3a86c","D02","LEWI","LEWI.AOS.fish.point.08","2021-04-14T13:07Z","2021-04-14T15:03Z","2021-04-15T16:56Z","LEWI.2021.spring",1,30,"RHIATR","Rhinichthys atratulus","species",,,,,45,1.0,"electrofisher",,,,,"no sample",,,,,"0000-0003-3114-5862",,,
"dfcd363f-ff5c-465d-a487-f900ad53defe","D02","LEWI","LEWI.AOS.fish.point.08","2021-04-14T13:07Z","2021-04-14T15:03Z","2021-04-15T16:56Z","LEWI.2021.spring",1,73,"GAMHOL","Gambusia holbrooki","species","D02.LEWI.2021.MorphA","Small minnow",,,36,0.6,"electrofisher",,,,,"no sample",,,,,"0000-0003-3114-5862",,,
"a131e965-ef4b-4714-8447-a25adc7f8e90","D02","LEWI","LEWI.AOS.fish.point.08","2021-04-14T13:07Z","2021-04-14T15:03Z","2021-04-15T16:56Z","LEWI.2021.spring",1,77,"GAMHOL","Gambusia holbrooki","species","D02.LEWI.2021.MorphA","Small minnow",,,29,0.3,"electrofisher",,,,,"no sample",,,,,"0000-0003-3114-5862",,,
"78beca29-9202-47da-a896-8f8b9626a208","D02","LEWI","LEWI.AOS.fish.point.08","2021-04-14T13:07Z","2021-04-14T15:03Z","2021-04-15T16:56Z","LEWI.2021.spring",1,15,"SEMATR","Semotilus atromaculatus","species",,,,,66,2.9,"electrofisher",,,,,"no sample",,,,,"0000-0003-3114-5862",,,
"501a4adb-0564-4419-a861-c6b3620321cf","D02","LEWI","LEWI.AOS.fish.point.08","2021-04-14T13:07Z","2021-04-14T15:03Z","2021-04-15T16:56Z","LEWI.2021.spring",1,63,"GAMHOL","Gambusia holbrooki","species","D02.LEWI.2021.MorphA","Small minnow",,,35,0.3,"electrofisher",,,,,"no sample",,,,,"0000-0003-3114-5862",,,
"1f2edbf8-b131-47e3-8a9a-a6b1f3aef914","D02","LEWI","LEWI.AOS.fish.point.08","2021-04-14T13:07Z","2021-04-14T15:03Z","2021-04-15T16:56Z","LEWI.2021.spring",1,53,"COTGIR","Cottus girardi","species",,,,,62,2.8,"electrofisher",,,,,"no sample",,,,,"0000-0003-3114-5862",,,
"73e55548-f1cd-44d1-9fa6-8f137cc9fd6a","D02","LEWI","LEWI.AOS.fish.point.08","2021-04-14T13:07Z","2021-04-14T15:03Z","2021-04-15T16:56Z","LEWI.2021.spring",1,49,"RHIATR","Rhinichthys atratulus","species",,,,,35,0.5,"electrofisher",,,,,"no sample",,,,,"0000-0003-3114-5862",,,
"909301d8-b0b1-4ed6-bba6-c5d43b2c97f9","D02","LEWI","LEWI.AOS.fish.point.08","2021-04-14T13:07Z","2021-04-14T15:03Z","2021-04-15T16:56Z","LEWI.2021.spring",1,41,"COTGIR","Cottus girardi","species",,,,,63,3.0,"electrofisher",,,,,"no sample",,,,,"0000-0003-3114-5862",,,
"37268f1f-1920-4432-bb35-75f4c5a47feb","D02","LEWI","LEWI.AOS.fish.point.08","2021-04-14T13:07Z","2021-04-14T15:03Z","2021-04-15T16:56Z","LEWI.2021.spring",1,27,"COTGIR","Cottus girardi","species",,,,,53,1.8,"electrofisher",,,,,"no sample",,,,,"0000-0003-3114-5862",,,
"7a794655-390c-4e29-8293-f0b6b914f469","D02","LEWI","LEWI.AOS.fish.point.08","2021-04-14T13:07Z","2021-04-14T15:03Z","2021-04-15T16:56Z","LEWI.2021.spring",1,46,"RHIATR","Rhinichthys atratulus","species",,,,,69,3.8,"electrofisher",,,,,"no sample",,,,,"0000-0003-3114-5862",,,
"97496580-17d6-4342-b6d6-4d89bb71d5f2","D02","LEWI","LEWI.AOS.fish.point.08","2021-04-14T13:07Z","2021-04-14T15:03Z","2021-04-15T16:56Z","LEWI.2021.spring",1,26,"COTGIR","Cottus girardi","species",,,,,67,3.4,"electrofisher",,,,,"no sample",,,,,"0000-0003-3114-5862",,,
"6a0f9ca5-a005-4aea-9d27-66379d6dd03a","D02","LEWI","LEWI.AOS.fish.point.08","2021-04-14T13:07Z","2021-04-14T15:03Z","2021-04-15T16:56Z","LEWI.2021.spring",1,67,"GAMHOL","Gambusia holbrooki","species","D02.LEWI.2021.MorphA","Small minnow",,,31,0.3,"electrofisher",,,,,"no sample",,,,,"0000-0003-3114-5862",,,
"43006186-9f16-4c3c-8350-3c1ddd49e1ee","D02","LEWI","LEWI.AOS.fish.point.08","2021-04-14T13:07Z","2021-04-14T15:03Z","2021-04-15T16:56Z","LEWI.2021.spring",1,10,"COTGIR","Cottus girardi","species",,,,,55,1.9,"electrofisher",,,,,"no sample",,,,,"0000-0003-3114-5862",,,
"9613566f-080f-46b6-b844-0fc8b71ef240","D02","LEWI","LEWI.AOS.fish.point.08","2021-04-14T13:07Z","2021-04-14T15:03Z","2021-04-15T16:56Z","LEWI.2021.spring",1,21,"COTGIR","Cottus girardi","species",,,,,50,1.4,"electrofisher",,,,,"no sample",,,,,"0000-0003-3114-5862",,,
"a6416a5b-b119-4a14-ad8c-4fd85370647b","D02","LEWI","LEWI.AOS.fish.point.08","2021-04-14T13:07Z","2021-04-14T15:03Z","2021-04-15T16:56Z","LEWI.2021.spring",1,2,"RHIATR","Rhinichthys atratulus","species",,,,,70,4.4,"electrofisher",,,,,"no sample",,,,,"0000-0003-3114-5862",,,
"81076692-b759-443f-b6e1-88131249ca16","D02","LEWI","LEWI.AOS.fish.point.08","2021-04-14T13:07Z","2021-04-14T15:03Z","2021-04-15T16:56Z","LEWI.2021.spring",1,19,"RHIATR","Rhinichthys atratulus","species",,,,,44,1.3,"electrofisher",,,,,"no sample",,,,,"0000-0003-3114-5862",,,
"5173e8ce-058d-4105-8d90-a53dc38438bf","D02","LEWI","LEWI.AOS.fish.point.08","2021-04-14T13:07Z","2021-04-14T15:03Z","2021-04-15T16:56Z","LEWI.2021.spring",1,18,"COTGIR","Cottus girardi","species",,,,,52,1.1,"electrofisher",,,,,"no sample",,,,,"0000-0003-3114-5862",,,
"269449d8-2072-4ec4-98ef-526cac7b549a","D02","LEWI","LEWI.AOS.fish.point.08","2021-04-14T13:07Z","2021-04-14T15:03Z","2021-04-15T16:56Z","LEWI.2021.spring",1,66,"COTGIR","Cottus girardi","species",,,,,58,2.3,"electrofisher",,,,,"no sample",,,,,"0000-0003-3114-5862",,,
"84c4c97e-2a70-4c72-b506-126c7e9e2672","D02","LEWI","LEWI.AOS.fish.point.08","2021-04-14T13:07Z","2021-04-14T15:03Z","2021-04-15T16:56Z","LEWI.2021.spring",1,54,"RHIATR","Rhinichthys atratulus","species",,,,,37,0.5,"electrofisher",,,,,"no sample",,,,,"0000-0003-3114-5862",,,
"325ab241-cc34-4b23-8c30-4b33dc1bce61","D02","LEWI","LEWI.AOS.fish.point.08","2021-04-14T13:07Z","2021-04-14T15:03Z","2021-04-15T16:56Z","LEWI.2021.spring",1,76,"COTGIR","Cottus girardi","species",,,,,57,2.6,"electrofisher",,,,,"no sample",,,,,"0000-0003-3114-5862",,,
"b198e6b0-ce4d-4344-9541-744bf0016321","D02","LEWI","LEWI.AOS.fish.point.09","2021-04-15T12:17Z","2021-04-15T13:01Z","2021-04-15T16:56Z","LEWI.2021.spring",1,45,"RHIATR","Rhinichthys atratulus","species",,,,,36,0.6,"electrofisher",,,,,"no sample",,,,,"0000-0003-3114-5862",,,
"0b104fc6-e153-4f1c-8b85-254020527eeb","D02","LEWI","LEWI.AOS.fish.point.09","2021-04-15T12:17Z","2021-04-15T13:01Z","2021-04-15T16:56Z","LEWI.2021.spring",1,33,"COTGIR","Cottus girardi","species",,,,,48,1.5,"electrofisher",,,,,"no sample",,,,,"0000-0003-3114-5862",,,
"9d6b1657-0a23-4f01-a93f-5a9bd15dadb3","D02","LEWI","LEWI.AOS.fish.point.09","2021-04-15T12:17Z","2021-04-15T13:01Z","2021-04-15T16:56Z","LEWI.2021.spring",1,42,"RHIATR","Rhinichthys atratulus","species",,,,,42,0.9,"electrofisher",,,,,"no sample",,,,,"0000-0003-3114-5862",,,
"9a1e9840-b4f2-4df2-815c-9733861fc8b7","D02","LEWI","LEWI.AOS.fish.point.09","2021-04-15T12:17Z","2021-04-15T13:01Z","2021-04-15T16:56Z","LEWI.2021.spring",1,15,"COTGIR","Cottus girardi","species",,,,,50,1.8,"electrofisher",,,,,"no sample",,,,,"0000-0003-3114-5862",,,
"d28a01e7-4fd1-43bb-89db-893e297a1588","D02","LEWI","LEWI.AOS.fish.point.09","2021-04-15T12:17Z","2021-04-15T13:01Z","2021-04-15T16:56Z","LEWI.2021.spring",1,13,"RHIATR","Rhinichthys atratulus","species",,,,,44,1.2,"electrofisher",,,,,"no sample",,,,,"0000-0003-3114-5862",,,
"224470e6-6d66-44f9-be66-ba2f7ce97b0e","D02","LEWI","LEWI.AOS.fish.point.09","2021-04-15T12:17Z","2021-04-15T13:01Z","2021-04-15T16:56Z","LEWI.2021.spring",1,65,"COTGIR","Cottus girardi","species",,,,,51,1.6,"electrofisher",,,,,"no sample",,,,,"0000-0003-3114-5862",,,
"21a32b72-032d-484a-adfe-248dbc08ce96","D02","LEWI","LEWI.AOS.fish.point.09","2021-04-15T12:17Z","2021-04-15T13:01Z","2021-04-15T16:56Z","LEWI.2021.spring",1,52,"COTGIR","Cottus girardi","species",,,,,57,2.0,"electrofisher",,,,,"no sample",,,,,"0000-0003-3114-5862",,,
"d62a506e-fe27-46d3-9d1c-5ed7307b880e","D02","LEWI","LEWI.AOS.fish.point.09","2021-04-15T12:17Z","2021-04-15T13:01Z","2021-04-15T16:56Z","LEWI.2021.spring",1,24,"RHIATR","Rhinichthys atratulus","species",,,,,50,1.4,"electrofisher",,,,,"no sample",,,,,"0000-0003-3114-5862",,,
"8fba3436-04dc-4a2f-a8e4-e70706431e80","D02","LEWI","LEWI.AOS.fish.point.09","2021-04-15T12:17Z","2021-04-15T13:01Z","2021-04-15T16:56Z","LEWI.2021.spring",1,17,"RHIATR","Rhinichthys atratulus","species",,,,,51,1.4,"electrofisher",,,,,"no sample",,,,,"0000-0003-3114-5862",,,
"509cf1ef-4065-4291-bf5c-7630f9d14fcb","D02","LEWI","LEWI.AOS.fish.point.09","2021-04-15T12:17Z","2021-04-15T13:01Z","2021-04-15T16:56Z","LEWI.2021.spring",1,36,"COTGIR","Cottus girardi","species",,,,,49,1.3,"electrofisher",,,,,"no sample",,,,,"0000-0003-3114-5862",,,
"dc9753f1-1a2b-450b-b5b5-9ef658bacae1","D02","LEWI","LEWI.AOS.fish.point.09","2021-04-15T12:17Z","2021-04-15T13:01Z","2021-04-15T16:56Z","LEWI.2021.spring",1,29,"RHIATR","Rhinichthys atratulus","species",,,,,38,0.7,"electrofisher",,,,,"no sample",,,,,"0000-0003-3114-5862",,,
"78cb2fe5-01e7-4fc5-8264-c01349d6f294","D02","LEWI","LEWI.AOS.fish.point.09","2021-04-15T12:17Z","2021-04-15T13:01Z","2021-04-15T16:56Z","LEWI.2021.spring",1,50,"COTGIR","Cottus girardi","species",,,,,75,5.7,"electrofisher",,,,,"no sample",,,,,"0000-0003-3114-5862",,,
"42cd1b93-f9dc-40c7-9bc7-8f83c60db6da","D02","LEWI","LEWI.AOS.fish.point.09","2021-04-15T12:17Z","2021-04-15T13:01Z","2021-04-15T16:56Z","LEWI.2021.spring",1,10,"COTGIR","Cottus girardi","species",,,,,47,1.2,"electrofisher",,,,,"no sample",,,,,"0000-0003-3114-5862",,,
"cfe7ef5f-471a-439e-b93b-38e8a046b180","D02","LEWI","LEWI.AOS.fish.point.09","2021-04-15T12:17Z","2021-04-15T13:01Z","2021-04-15T16:56Z","LEWI.2021.spring",1,19,"RHIATR","Rhinichthys atratulus","species",,,,,40,0.8,"electrofisher",,,,,"no sample",,,,,"0000-0003-3114-5862",,,
"6d499b7d-e977-4660-9778-b75526554406","D02","LEWI","LEWI.AOS.fish.point.09","2021-04-15T12:17Z","2021-04-15T13:01Z","2021-04-15T16:56Z","LEWI.2021.spring",1,26,"RHIATR","Rhinichthys atratulus","species",,,,,40,0.6,"electrofisher",,,,,"no sample",,,,,"0000-0003-3114-5862",,,
"bd4e9224-e8c7-4f3a-b36a-7005e29bfb43","D02","LEWI","LEWI.AOS.fish.point.09","2021-04-15T12:17Z","2021-04-15T13:01Z","2021-04-15T16:56Z","LEWI.2021.spring",1,46,"COTGIR","Cottus girardi","species",,,,,47,1.3,"electrofisher",,,,,"no sample",,,,,"0000-0003-3114-5862",,,
"5cba01c8-2b8b-43db-a135-9ef4317b6f1a","D02","LEWI","LEWI.AOS.fish.point.09","2021-04-15T12:17Z","2021-04-15T13:01Z","2021-04-15T16:56Z","LEWI.2021.spring",1,4,"RHIATR","Rhinichthys atratulus","species",,,,,48,1.3,"electrofisher",,,,,"no sample",,,,,"0000-0003-3114-5862",,,
"df0fc577-ea18-425d-ba9e-b75433c70d68","D02","LEWI","LEWI.AOS.fish.point.09","2021-04-15T12:17Z","2021-04-15T13:01Z","2021-04-15T16:56Z","LEWI.2021.spring",1,44,"COTGIR","Cottus girardi","species",,,,,48,1.4,"electrofisher",,,,,"no sample",,,,,"0000-0003-3114-5862",,,
"194dde24-7519-4f16-83a3-38cd09e4e828","D02","LEWI","LEWI.AOS.fish.point.09","2021-04-15T12:17Z","2021-04-15T13:01Z","2021-04-15T16:56Z","LEWI.2021.spring",1,9,"RHIATR","Rhinichthys atratulus","species",,,,,41,0.7,"electrofisher",,,,,"no sample",,,,,"0000-0003-3114-5862",,,
"f15cf72a-8594-4ea8-8251-a9396d60e5fc","D02","LEWI","LEWI.AOS.fish.point.09","2021-04-15T12:17Z","2021-04-15T13:01Z","2021-04-15T16:56Z","LEWI.2021.spring",1,39,"RHIATR","Rhinichthys atratulus","species",,,,,49,1.0,"electrofisher",,,,,"no sample",,,,,"0000-0003-3114-5862",,,
"895b9b5b-6273-49d1-925c-a530c1715562","D02","LEWI","LEWI.AOS.fish.point.09","2021-04-15T12:17Z","2021-04-15T13:01Z","2021-04-15T16:56Z","LEWI.2021.spring",1,11,"RHIATR","Rhinichthys atratulus","species",,,,,43,1.6,"electrofisher",,,,,"no sample",,,,,"0000-0003-3114-5862",,,
"3e2458d2-cd33-4d26-b331-a75bc29c2a8c","D02","LEWI","LEWI.AOS.fish.point.09","2021-04-15T12:17Z","2021-04-15T13:01Z","2021-04-15T16:56Z","LEWI.2021.spring",1,68,"GAMHOL","Gambusia holbrooki","species","D02.LEWI.2021.MorphA","Small minnow",,,34,0.3,"electrofisher",,,,,"no sample",,,,,"0000-0003-3114-5862",,,
"4effca83-8caa-473c-9a68-ef836d822501","D02","LEWI","LEWI.AOS.fish.point.09","2021-04-15T12:17Z","2021-04-15T13:01Z","2021-04-15T16:56Z","LEWI.2021.spring",1,53,"COTGIR","Cottus girardi","species",,,,,50,2.3,"electrofisher",,,,,"no sample",,,,,"0000-0003-3114-5862",,,
"715f5e4b-556e-40d6-abc3-caf30ad18520","D02","LEWI","LEWI.AOS.fish.point.09","2021-04-15T12:17Z","2021-04-15T13:01Z","2021-04-15T16:56Z","LEWI.2021.spring",1,81,"COTGIR","Cottus girardi","species",,,,,56,2.6,"electrofisher",,,,,"no sample",,,,,"0000-0003-3114-5862",,,
"94776096-9482-42d7-b238-7c67e95417f4","D02","LEWI","LEWI.AOS.fish.point.09","2021-04-15T12:17Z","2021-04-15T13:01Z","2021-04-15T16:56Z","LEWI.2021.spring",1,12,"RHIATR","Rhinichthys atratulus","species",,,,,36,0.7,"electrofisher",,,,,"no sample",,,,,"0000-0003-3114-5862",,,
"9d809e29-3dbb-4744-992b-ee4d112f6d2b","D02","LEWI","LEWI.AOS.fish.point.09","2021-04-15T12:17Z","2021-04-15T13:01Z","2021-04-15T16:56Z","LEWI.2021.spring",1,78,"COTGIR","Cottus girardi","species",,,,,82,6.3,"electrofisher",,,,,"no sample",,,,,"0000-0003-3114-5862",,,
"a0b905d5-a76a-4b3d-a16c-fbdc2161dcf7","D02","LEWI","LEWI.AOS.fish.point.09","2021-04-15T12:17Z","2021-04-15T13:01Z","2021-04-15T16:56Z","LEWI.2021.spring",1,72,"COTGIR","Cottus girardi","species",,,,,51,2.2,"electrofisher",,,,,"no sample",,,,,"0000-0003-3114-5862",,,
"958641ad-c4f6-44b4-bf62-3b0bb99b1022","D02","LEWI","LEWI.AOS.fish.point.09","2021-04-15T12:17Z","2021-04-15T13:01Z","2021-04-15T16:56Z","LEWI.2021.spring",1,76,"COTGIR","Cottus girardi","species",,,,,48,1.4,"electrofisher",,,,,"no sample",,,,,"0000-0003-3114-5862",,,
"9633bebf-d3ab-47e3-88b9-8aaa976ca95a","D02","LEWI","LEWI.AOS.fish.point.09","2021-04-15T12:17Z","2021-04-15T13:01Z","2021-04-15T16:56Z","LEWI.2021.spring",1,8,"RHIATR","Rhinichthys atratulus","species",,,,,48,1.4,"electrofisher",,,,,"no sample",,,,,"0000-0003-3114-5862",,,
"13f20f36-e0e4-4a80-aadf-b43c72800671","D02","LEWI","LEWI.AOS.fish.point.09","2021-04-15T12:17Z","2021-04-15T13:01Z","2021-04-15T16:56Z","LEWI.2021.spring",1,6,"RHIATR","Rhinichthys atratulus","species",,,,,41,0.8,"electrofisher",,,,,"no sample",,,,,"0000-0003-3114-5862",,,
"f613a4a3-b267-427b-988f-c54e1a16b1cf","D02","LEWI","LEWI.AOS.fish.point.09","2021-04-15T12:17Z","2021-04-15T13:01Z","2021-04-15T16:56Z","LEWI.2021.spring",1,41,"RHIATR","Rhinichthys atratulus","species",,,,,46,1.2,"electrofisher",,,,,"no sample",,,,,"0000-0003-3114-5862",,,
"510a52a7-41f5-44fa-87cd-af56eecd5828","D02","LEWI","LEWI.AOS.fish.point.09","2021-04-15T12:17Z","2021-04-15T13:01Z","2021-04-15T16:56Z","LEWI.2021.spring",1,80,"COTGIR","Cottus girardi","species",,,,,66,4.9,"electrofisher",,,,,"no sample",,,,,"0000-0003-3114-5862",,,
"2efa4259-4890-4ca6-9826-9b32af208f31","D02","LEWI","LEWI.AOS.fish.point.09","2021-04-15T12:17Z","2021-04-15T13:01Z","2021-04-15T16:56Z","LEWI.2021.spring",1,48,"COTGIR","Cottus girardi","species",,,,,52,1.8,"electrofisher",,,,,"no sample",,,,,"0000-0003-3114-5862",,,
"ad247862-b8cb-48dd-9113-f62d5494b559","D02","LEWI","LEWI.AOS.fish.point.09","2021-04-15T12:17Z","2021-04-15T13:01Z","2021-04-15T16:56Z","LEWI.2021.spring",1,35,"RHIATR","Rhinichthys atratulus","species",,,,,73,4.3,"electrofisher",,,,,"no sample",,,,,"0000-0003-3114-5862",,,
"bcac3a8e-703b-4865-918d-1371a31d38f2","D02","LEWI","LEWI.AOS.fish.point.09","2021-04-15T12:17Z","2021-04-15T13:01Z","2021-04-15T16:56Z","LEWI.2021.spring",1,59,"COTGIR","Cottus girardi","species",,,,,51,1.7,"electrofisher",,,,,"no sample",,,,,"0000-0003-3114-5862",,,
"07c8f38d-026d-47ed-b154-54a42d8be479","D02","LEWI","LEWI.AOS.fish.point.09","2021-04-15T12:17Z","2021-04-15T13:01Z","2021-04-15T16:56Z","LEWI.2021.spring",1,28,"RHIATR","Rhinichthys atratulus","species",,,,,40,0.7,"electrofisher",,,,,"no sample",,,,,"0000-0003-3114-5862",,,
"4c5a7dc7-c56c-4241-ac3f-240591fbdf6f","D02","LEWI","LEWI.AOS.fish.point.09","2021-04-15T12:17Z","2021-04-15T13:01Z","2021-04-15T16:56Z","LEWI.2021.spring",1,79,"COTGIR","Cottus girardi","species",,,,,56,2.0,"electrofisher",,,,,"no sample",,,,,"0000-0003-3114-5862",,,
"461c0208-208c-4d4d-a971-d2efd1c934b3","D02","LEWI","LEWI.AOS.fish.point.09","2021-04-15T12:17Z","2021-04-15T13:01Z","2021-04-15T16:56Z","LEWI.2021.spring",1,63,"COTGIR","Cottus girardi","species",,,,,52,1.9,"electrofisher",,,,,"no sample",,,,,"0000-0003-3114-5862",,,
"ba6027da-bbc4-4d36-935a-16bc5b8a2d44","D02","LEWI","LEWI.AOS.fish.point.09","2021-04-15T12:17Z","2021-04-15T13:01Z","2021-04-15T16:56Z","LEWI.2021.spring",1,22,"RHIATR","Rhinichthys atratulus","species",,,,,41,0.9,"electrofisher",,,,,"no sample",,,,,"0000-0003-3114-5862",,,
"e54e4895-8791-49d9-8b72-e171b508e132","D02","LEWI","LEWI.AOS.fish.point.09","2021-04-15T12:17Z","2021-04-15T13:01Z","2021-04-15T16:56Z","LEWI.2021.spring",1,69,"GAMHOL","Gambusia holbrooki","species","D02.LEWI.2021.MorphA","Small minnow",,,36,0.5,"electrofisher",,,,,"no sample",,,,,"0000-0003-3114-5862",,,
"3bc6618d-8c1f-4c7b-8df5-314e8f0f2a51","D02","LEWI","LEWI.AOS.fish.point.09","2021-04-15T12:17Z","2021-04-15T13:01Z","2021-04-15T16:56Z","LEWI.2021.spring",1,1,"RHIATR","Rhinichthys atratulus","species",,,,,40,0.9,"electrofisher",,,,,"no sample",,,,,"0000-0003-3114-5862",,,
"ffcb007f-02c2-4e4c-8d05-41716560ccec","D02","LEWI","LEWI.AOS.fish.point.09","2021-04-15T12:17Z","2021-04-15T13:01Z","2021-04-15T16:56Z","LEWI.2021.spring",1,23,"RHIATR","Rhinichthys atratulus","species",,,,,36,0.6,"electrofisher",,,,,"no sample",,,,,"0000-0003-3114-5862",,,
"a5d5ba50-3bde-43ad-bcd9-b073817455fb","D02","LEWI","LEWI.AOS.fish.point.09","2021-04-15T12:17Z","2021-04-15T13:01Z","2021-04-15T16:56Z","LEWI.2021.spring",1,14,"RHIATR","Rhinichthys atratulus","species",,,,,42,0.9,"electrofisher",,,,,"no sample",,,,,"0000-0003-3114-5862",,,
"22376938-b3c7-4ec3-bad4-7381ba71a0f6","D02","LEWI","LEWI.AOS.fish.point.09","2021-04-15T12:17Z","2021-04-15T13:01Z","2021-04-15T16:56Z","LEWI.2021.spring",1,71,"RHIATR","Rhinichthys atratulus","species",,,,,45,1.1,"electrofisher",,,,,"no sample",,,,,"0000-0003-3114-5862",,,
"e5e06bdb-9412-4952-b8c9-6ee6cb94ee0d","D02","LEWI","LEWI.AOS.fish.point.09","2021-04-15T12:17Z","2021-04-15T13:01Z","2021-04-15T16:56Z","LEWI.2021.spring",1,32,"COTGIR","Cottus girardi","species",,,,,57,2.5,"electrofisher",,,,,"no sample",,,,,"0000-0003-3114-5862",,,
"0e477f92-08d1-4ba3-9aef-a7947d9a6964","D02","LEWI","LEWI.AOS.fish.point.09","2021-04-15T12:17Z","2021-04-15T13:01Z","2021-04-15T16:56Z","LEWI.2021.spring",1,5,"RHIATR","Rhinichthys atratulus","species",,,,,43,0.9,"electrofisher",,,,,"no sample",,,,,"0000-0003-3114-5862",,,
"1fb73376-198f-4fd9-984a-f125e7713098","D02","LEWI","LEWI.AOS.fish.point.09","2021-04-15T12:17Z","2021-04-15T13:01Z","2021-04-15T16:56Z","LEWI.2021.spring",1,55,"COTGIR","Cottus girardi","species",,,,,68,4.8,"electrofisher",,,,,"no sample",,,,,"0000-0003-3114-5862",,,
"cf064b81-2fd9-43d3-a7ad-7e1637f38bf3","D02","LEWI","LEWI.AOS.fish.point.09","2021-04-15T12:17Z","2021-04-15T13:01Z","2021-04-15T16:56Z","LEWI.2021.spring",1,67,"COTGIR","Cottus girardi","species",,,,,63,3.2,"electrofisher",,,,,"no sample",,,,,"0000-0003-3114-5862",,,
"25acf226-7d95-4d13-9e2e-344bfc6acfd0","D02","LEWI","LEWI.AOS.fish.point.09","2021-04-15T12:17Z","2021-04-15T13:01Z","2021-04-15T16:56Z","LEWI.2021.spring",1,31,"COTGIR","Cottus girardi","species",,,,,57,2.4,"electrofisher",,,,,"no sample",,,,,"0000-0003-3114-5862",,,
"60cccd8a-be4a-492c-8ff5-cb29a1ce19dc","D02","LEWI","LEWI.AOS.fish.point.09","2021-04-15T12:17Z","2021-04-15T13:01Z","2021-04-15T16:56Z","LEWI.2021.spring",1,25,"RHIATR","Rhinichthys atratulus","species",,,,,42,0.7,"electrofisher",,,,,"no sample",,,,,"0000-0003-3114-5862",,,
"4ec3edce-98d6-4ea8-b423-cccbc3f96235","D02","LEWI","LEWI.AOS.fish.point.09","2021-04-15T12:17Z","2021-04-15T13:01Z","2021-04-15T16:56Z","LEWI.2021.spring",1,73,"COTGIR","Cottus girardi","species",,,,,58,2.6,"electrofisher",,,,,"no sample",,,,,"0000-0003-3114-5862",,,
"3fcd265f-3b18-46e3-bca3-5630f73d7ab9","D02","LEWI","LEWI.AOS.fish.point.09","2021-04-15T12:17Z","2021-04-15T13:01Z","2021-04-15T16:56Z","LEWI.2021.spring",1,43,"RHIATR","Rhinichthys atratulus","species",,,,,43,0.9,"electrofisher",,,,,"no sample",,,,,"0000-0003-3114-5862",,,
"0b3295a4-ad73-4a05-898c-0d58fdea70ae","D02","LEWI","LEWI.AOS.fish.point.09","2021-04-15T12:17Z","2021-04-15T13:01Z","2021-04-15T16:56Z","LEWI.2021.spring",1,40,"RHIATR","Rhinichthys atratulus","species",,,,,44,1.0,"electrofisher",,,,,"no sample",,,,,"0000-0003-3114-5862",,,
"6fd3e551-37ee-410f-be39-275ea3854853","D02","LEWI","LEWI.AOS.fish.point.09","2021-04-15T12:17Z","2021-04-15T13:01Z","2021-04-15T16:56Z","LEWI.2021.spring",1,30,"RHIATR","Rhinichthys atratulus","species",,,,,47,1.3,"electrofisher",,,,,"no sample",,,,,"0000-0003-3114-5862",,,
"4d9ea88a-d783-4c92-bfc0-569889a6c7c2","D02","LEWI","LEWI.AOS.fish.point.09","2021-04-15T12:17Z","2021-04-15T13:01Z","2021-04-15T16:56Z","LEWI.2021.spring",1,61,"RHIATR","Rhinichthys atratulus","species",,,,,75,5.0,"electrofisher",,,,,"no sample",,,,,"0000-0003-3114-5862",,,
"627e3e2b-8b27-453a-9633-5994226362b6","D02","LEWI","LEWI.AOS.fish.point.09","2021-04-15T12:17Z","2021-04-15T13:01Z","2021-04-15T16:56Z","LEWI.2021.spring",1,49,"COTGIR","Cottus girardi","species",,,,,53,1.9,"electrofisher",,,,,"no sample",,,,,"0000-0003-3114-5862",,,
"612e768f-6198-45f1-993e-bec8804ea671","D02","LEWI","LEWI.AOS.fish.point.09","2021-04-15T12:17Z","2021-04-15T13:01Z","2021-04-15T16:56Z","LEWI.2021.spring",1,66,"RHIATR","Rhinichthys atratulus","species",,,,,65,2.9,"electrofisher",,,,,"no sample",,,,,"0000-0003-3114-5862",,,
"6006868b-2d43-4530-a0c0-02bc7570b238","D02","LEWI","LEWI.AOS.fish.point.09","2021-04-15T12:17Z","2021-04-15T13:01Z","2021-04-15T16:56Z","LEWI.2021.spring",1,64,"COTGIR","Cottus girardi","species",,,,,55,2.0,"electrofisher",,,,,"no sample",,,,,"0000-0003-3114-5862",,,
"e981114d-12aa-405c-8983-309a25b53acd","D02","LEWI","LEWI.AOS.fish.point.09","2021-04-15T12:17Z","2021-04-15T13:01Z","2021-04-15T16:56Z","LEWI.2021.spring",1,62,"COTGIR","Cottus girardi","species",,,,,53,1.9,"electrofisher",,,,,"no sample",,,,,"0000-0003-3114-5862",,,
"e15dde84-db43-4955-8b4d-4e0feeb387a9","D02","LEWI","LEWI.AOS.fish.point.09","2021-04-15T12:17Z","2021-04-15T13:01Z","2021-04-15T16:56Z","LEWI.2021.spring",1,51,"COTGIR","Cottus girardi","species",,,,,74,5.4,"electrofisher",,,,,"no sample",,,,,"0000-0003-3114-5862",,,
"3c4f44b0-3753-4d2a-a6f9-1716e4ac7bc1","D02","LEWI","LEWI.AOS.fish.point.09","2021-04-15T12:17Z","2021-04-15T13:01Z","2021-04-15T16:56Z","LEWI.2021.spring",1,54,"COTGIR","Cottus girardi","species",,,,,49,1.6,"electrofisher",,,,,"no sample",,,,,"0000-0003-3114-5862",,,
"e89735eb-f4dd-4c59-8372-002e9f866ccd","D02","LEWI","LEWI.AOS.fish.point.09","2021-04-15T12:17Z","2021-04-15T13:01Z","2021-04-15T16:56Z","LEWI.2021.spring",1,3,"RHIATR","Rhinichthys atratulus","species",,,,,44,0.9,"electrofisher",,,,,"no sample",,,,,"0000-0003-3114-5862",,,
"882a1711-5b99-46bf-b8bb-1f69ebd71fcd","D02","LEWI","LEWI.AOS.fish.point.09","2021-04-15T12:17Z","2021-04-15T13:01Z","2021-04-15T16:56Z","LEWI.2021.spring",1,21,"RHIATR","Rhinichthys atratulus","species",,,,,46,1.0,"electrofisher",,,,,"no sample",,,,,"0000-0003-3114-5862",,,
"9da678ef-8c01-4ddf-bb7d-999cc7c628fc","D02","LEWI","LEWI.AOS.fish.point.09","2021-04-15T12:17Z","2021-04-15T13:01Z","2021-04-15T16:56Z","LEWI.2021.spring",1,75,"COTGIR","Cottus girardi","species",,,,,52,1.6,"electrofisher",,,,,"no sample",,,,,"0000-0003-3114-5862",,,
"20769873-3dc7-4ebe-b902-06718535d709","D02","LEWI","LEWI.AOS.fish.point.09","2021-04-15T12:17Z","2021-04-15T13:01Z","2021-04-15T16:56Z","LEWI.2021.spring",1,18,"RHIATR","Rhinichthys atratulus","species",,,,,41,0.9,"electrofisher",,,,,"no sample",,,,,"0000-0003-3114-5862",,,
"76f9b54f-0f2b-4de7-9453-b79bb3537348","D02","LEWI","LEWI.AOS.fish.point.09","2021-04-15T12:17Z","2021-04-15T13:01Z","2021-04-15T16:56Z","LEWI.2021.spring",1,56,"COTGIR","Cottus girardi","species",,,,,54,2.0,"electrofisher",,,,,"no sample",,,,,"0000-0003-3114-5862",,,
"17d7112b-03fd-44bd-8ea3-1ea3e01b1847","D02","LEWI","LEWI.AOS.fish.point.09","2021-04-15T12:17Z","2021-04-15T13:01Z","2021-04-15T16:56Z","LEWI.2021.spring",1,74,"COTGIR","Cottus girardi","species",,,,,59,2.6,"electrofisher",,,,,"no sample",,,,,"0000-0003-3114-5862",,,
"a90cec53-67dd-4396-b0a6-de2fe2209d68","D02","LEWI","LEWI.AOS.fish.point.09","2021-04-15T12:17Z","2021-04-15T13:01Z","2021-04-15T16:56Z","LEWI.2021.spring",1,7,"RHIATR","Rhinichthys atratulus","species",,,,,45,1.2,"electrofisher",,,,,"no sample",,,,,"0000-0003-3114-5862",,,
"f3380398-b943-4125-a304-49bc3060c55b","D02","LEWI","LEWI.AOS.fish.point.09","2021-04-15T12:17Z","2021-04-15T13:01Z","2021-04-15T16:56Z","LEWI.2021.spring",1,34,"RHIATR","Rhinichthys atratulus","species",,,,,41,0.8,"electrofisher",,,,,"no sample",,,,,"0000-0003-3114-5862",,,
"f3c35770-6d7f-4e30-bd10-1a872a5c1bf8","D02","LEWI","LEWI.AOS.fish.point.09","2021-04-15T12:17Z","2021-04-15T13:01Z","2021-04-15T16:56Z","LEWI.2021.spring",1,16,"RHIATR","Rhinichthys atratulus","species",,,,,46,1.2,"electrofisher",,,,,"no sample",,,,,"0000-0003-3114-5862",,,
"5fd656e4-ed44-46fb-be5e-aaf29199785c","D02","LEWI","LEWI.AOS.fish.point.09","2021-04-15T12:17Z","2021-04-15T13:01Z","2021-04-15T16:56Z","LEWI.2021.spring",1,20,"RHIATR","Rhinichthys atratulus","species",,,,,70,3.7,"electrofisher",,,,,"no sample",,,,,"0000-0003-3114-5862",,,
"de510855-6643-4a0f-a231-fe48a0b06f3c","D02","LEWI","LEWI.AOS.fish.point.09","2021-04-15T12:17Z","2021-04-15T13:01Z","2021-04-15T16:56Z","LEWI.2021.spring",1,57,"RHIATR","Rhinichthys atratulus","species",,,,,47,1.3,"electrofisher",,,,,"no sample",,,,,"0000-0003-3114-5862",,,
"663983fa-a7ba-48c0-8fbb-d8ce0f396198","D02","LEWI","LEWI.AOS.fish.point.09","2021-04-15T12:17Z","2021-04-15T13:01Z","2021-04-15T16:56Z","LEWI.2021.spring",1,60,"COTGIR","Cottus girardi","species",,,,,60,2.9,"electrofisher",,,,,"no sample",,,,,"0000-0003-3114-5862",,,
"10ed1099-77ee-4c0b-b9be-7eea28fa7bf2","D02","LEWI","LEWI.AOS.fish.point.09","2021-04-15T12:17Z","2021-04-15T13:01Z","2021-04-15T16:56Z","LEWI.2021.spring",1,37,"COTGIR","Cottus girardi","species",,,,,49,1.4,"electrofisher",,,,,"no sample",,,,,"0000-0003-3114-5862",,,
"e7220a2c-bb9b-4bca-a8d5-a57236e4ffdb","D02","LEWI","LEWI.AOS.fish.point.09","2021-04-15T12:17Z","2021-04-15T13:01Z","2021-04-15T16:56Z","LEWI.2021.spring",1,70,"COTGIR","Cottus girardi","species",,,,,54,1.8,"electrofisher",,,,,"no sample",,,,,"0000-0003-3114-5862",,,
"e4a83515-7c0a-449a-9170-384b0137e38b","D02","LEWI","LEWI.AOS.fish.point.09","2021-04-15T12:17Z","2021-04-15T13:01Z","2021-04-15T16:56Z","LEWI.2021.spring",1,27,"RHIATR","Rhinichthys atratulus","species",,,,,36,0.5,"electrofisher",,,,,"no sample",,,,,"0000-0003-3114-5862",,,
"8d835a7d-f177-4557-8163-e2c7703ec55f","D02","LEWI","LEWI.AOS.fish.point.09","2021-04-15T12:17Z","2021-04-15T13:01Z","2021-04-15T16:56Z","LEWI.2021.spring",1,47,"COTGIR","Cottus girardi","species",,,,,63,3.3,"electrofisher",,,,,"no sample",,,,,"0000-0003-3114-5862",,,
"535983c7-6c0c-4029-9b2d-91bbef122d68","D02","LEWI","LEWI.AOS.fish.point.09","2021-04-15T12:17Z","2021-04-15T13:01Z","2021-04-15T16:56Z","LEWI.2021.spring",1,58,"COTGIR","Cottus girardi","species",,,,,58,2.7,"electrofisher",,,,,"no sample",,,,,"0000-0003-3114-5862",,,
"32557c3e-f41c-49ad-9a0b-5326bd573b57","D02","LEWI","LEWI.AOS.fish.point.09","2021-04-15T12:17Z","2021-04-15T13:01Z","2021-04-15T16:56Z","LEWI.2021.spring",1,2,"RHIATR","Rhinichthys atratulus","species",,,,,42,1.0,"electrofisher",,,,,"no sample",,,,,"0000-0003-3114-5862",,,
"65415575-68f1-4d0d-8aa4-eb7091d033a7","D02","LEWI","LEWI.AOS.fish.point.09","2021-04-15T12:17Z","2021-04-15T13:01Z","2021-04-15T16:56Z","LEWI.2021.spring",1,38,"COTGIR","Cottus girardi","species",,,,,68,3.7,"electrofisher",,,,,"no sample",,,,,"0000-0003-3114-5862",,,
"2803cb26-9b94-410f-aafb-5347c27efc7b","D02","LEWI","LEWI.AOS.fish.point.09","2021-04-15T12:17Z","2021-04-15T13:01Z","2021-04-15T16:56Z","LEWI.2021.spring",1,77,"COTGIR","Cottus girardi","species",,,,,48,1.3,"electrofisher",,,,,"no sample",,,,,"0000-0003-3114-5862",,,
"40167044-9369-469a-b04f-9cbaaa93ebf6","D02","LEWI","LEWI.AOS.fish.point.09","2021-04-15T13:36Z","2021-04-15T14:08Z","2021-04-15T16:56Z","LEWI.2021.spring",2,9,"RHIATR","Rhinichthys atratulus","species",,,,,39,1.1,"electrofisher",,,,,"no sample",,,,,"0000-0003-3114-5862",,,
"b5c27a9b-a9e8-4a0d-ad7a-9fdff836f063","D02","LEWI","LEWI.AOS.fish.point.09","2021-04-15T13:36Z","2021-04-15T14:08Z","2021-04-15T16:56Z","LEWI.2021.spring",2,20,"COTGIR","Cottus girardi","species",,,,,62,3.0,"electrofisher",,,,,"no sample",,,,,"0000-0003-3114-5862",,,
"7ebc7a6a-5055-4c1e-a32f-80e5915fac47","D02","LEWI","LEWI.AOS.fish.point.09","2021-04-15T13:36Z","2021-04-15T14:08Z","2021-04-15T16:56Z","LEWI.2021.spring",2,23,"COTGIR","Cottus girardi","species",,,,,50,1.7,"electrofisher",,,,,"no sample",,,,,"0000-0003-3114-5862",,,
"88c70a1b-bd0d-4029-952c-b651fbef12d3","D02","LEWI","LEWI.AOS.fish.point.09","2021-04-15T13:36Z","2021-04-15T14:08Z","2021-04-15T16:56Z","LEWI.2021.spring",2,15,"COTGIR","Cottus girardi","species",,,,,51,2.0,"electrofisher",,,,,"no sample",,,,,"0000-0003-3114-5862",,,
"3b1f1db6-e55b-45bd-ad34-ddbd505b0429","D02","LEWI","LEWI.AOS.fish.point.09","2021-04-15T13:36Z","2021-04-15T14:08Z","2021-04-15T16:56Z","LEWI.2021.spring",2,11,"COTGIR","Cottus girardi","species",,,,,57,2.5,"electrofisher",,,,,"no sample",,,,,"0000-0003-3114-5862",,,
"a37e3ef6-d52d-4b2b-b9c5-ea83606c8c37","D02","LEWI","LEWI.AOS.fish.point.09","2021-04-15T13:36Z","2021-04-15T14:08Z","2021-04-15T16:56Z","LEWI.2021.spring",2,26,"COTGIR","Cottus girardi","species",,,,,63,2.4,"electrofisher",,,,,"no sample",,,,,"0000-0003-3114-5862",,,
"94114453-a95e-414a-b019-0fc8c8fb51e9","D02","LEWI","LEWI.AOS.fish.point.09","2021-04-15T13:36Z","2021-04-15T14:08Z","2021-04-15T16:56Z","LEWI.2021.spring",2,19,"RHIATR","Rhinichthys atratulus","species",,,,,40,0.7,"electrofisher",,,,,"no sample",,,,,"0000-0003-3114-5862",,,
"04842b7f-9b72-4d98-be27-8c1eeca34ab9","D02","LEWI","LEWI.AOS.fish.point.09","2021-04-15T13:36Z","2021-04-15T14:08Z","2021-04-15T16:56Z","LEWI.2021.spring",2,24,"COTGIR","Cottus girardi","species",,,,,63,3.5,"electrofisher",,,,,"no sample",,,,,"0000-0003-3114-5862",,,
"7fa46a53-8490-45f2-a15a-9f7343ac5c09","D02","LEWI","LEWI.AOS.fish.point.09","2021-04-15T13:36Z","2021-04-15T14:08Z","2021-04-15T16:56Z","LEWI.2021.spring",2,17,"RHIATR","Rhinichthys atratulus","species",,,,,45,1.1,"electrofisher",,,,,"no sample",,,,,"0000-0003-3114-5862",,,
"3a5e1292-a83d-4323-ab0c-829849bf67a6","D02","LEWI","LEWI.AOS.fish.point.09","2021-04-15T13:36Z","2021-04-15T14:08Z","2021-04-15T16:56Z","LEWI.2021.spring",2,16,"RHIATR","Rhinichthys atratulus","species",,,,,41,1.0,"electrofisher",,,,,"no sample",,,,,"0000-0003-3114-5862",,,
"e33a72af-6786-47c9-8917-4d83ff3cb6f5","D02","LEWI","LEWI.AOS.fish.point.09","2021-04-15T13:36Z","2021-04-15T14:08Z","2021-04-15T16:56Z","LEWI.2021.spring",2,5,"RHIATR","Rhinichthys atratulus","species",,,,,46,1.2,"electrofisher",,,,,"no sample",,,,,"0000-0003-3114-5862",,,
"e05f4056-9ae7-4ff5-a809-b3ea61b04eeb","D02","LEWI","LEWI.AOS.fish.point.09","2021-04-15T13:36Z","2021-04-15T14:08Z","2021-04-15T16:56Z","LEWI.2021.spring",2,25,"COTGIR","Cottus girardi","species",,,,,62,2.9,"electrofisher",,,,,"no sample",,,,,"0000-0003-3114-5862",,,
"a0fec2a0-fc2b-432c-acfa-3894d53db90e","D02","LEWI","LEWI.AOS.fish.point.09","2021-04-15T13:36Z","2021-04-15T14:08Z","2021-04-15T16:56Z","LEWI.2021.spring",2,6,"RHIATR","Rhinichthys atratulus","species",,,,,43,1.3,"electrofisher",,,,,"no sample",,,,,"0000-0003-3114-5862",,,
"87a018e8-1d83-4db5-8a94-68cb6fcbe926","D02","LEWI","LEWI.AOS.fish.point.09","2021-04-15T13:36Z","2021-04-15T14:08Z","2021-04-15T16:56Z","LEWI.2021.spring",2,10,"COTGIR","Cottus girardi","species",,,,,59,2.7,"electrofisher",,,,,"no sample",,,,,"0000-0003-3114-5862",,,
"fdc7843b-386d-4caa-a10f-0ef397a8e50c","D02","LEWI","LEWI.AOS.fish.point.09","2021-04-15T13:36Z","2021-04-15T14:08Z","2021-04-15T16:56Z","LEWI.2021.spring",2,8,"RHIATR","Rhinichthys atratulus","species",,,,,35,0.5,"electrofisher","Eroded fins",,,,"no sample",,,,,"0000-0003-3114-5862",,,
"7819cd42-ae50-4cff-b52a-a82aaba8afb8","D02","LEWI","LEWI.AOS.fish.point.09","2021-04-15T13:36Z","2021-04-15T14:08Z","2021-04-15T16:56Z","LEWI.2021.spring",2,22,"COTGIR","Cottus girardi","species",,,,,55,2.5,"electrofisher",,,,,"no sample",,,,,"0000-0003-3114-5862",,,
"4e84ca32-6fd8-436e-a011-2bd5deda247d","D02","LEWI","LEWI.AOS.fish.point.09","2021-04-15T13:36Z","2021-04-15T14:08Z","2021-04-15T16:56Z","LEWI.2021.spring",2,2,"COTGIR","Cottus girardi","species",,,,,60,3.1,"electrofisher",,,,,"no sample",,,,,"0000-0003-3114-5862",,,
"d08eb572-0963-4ef5-b334-ba454095d4fe","D02","LEWI","LEWI.AOS.fish.point.09","2021-04-15T13:36Z","2021-04-15T14:08Z","2021-04-15T16:56Z","LEWI.2021.spring",2,1,"COTGIR","Cottus girardi","species",,,,,72,4.2,"electrofisher",,,,,"no sample",,,,,"0000-0003-3114-5862",,,
"b3c7575f-bae3-4db3-9a53-eaadf87a273d","D02","LEWI","LEWI.AOS.fish.point.09","2021-04-15T13:36Z","2021-04-15T14:08Z","2021-04-15T16:56Z","LEWI.2021.spring",2,18,"RHIATR","Rhinichthys atratulus","species",,,,,40,0.9,"electrofisher",,,,,"no sample",,,,,"0000-0003-3114-5862",,,
"638bb07b-dae1-4ef5-b351-835a44c0bf31","D02","LEWI","LEWI.AOS.fish.point.09","2021-04-15T13:36Z","2021-04-15T14:08Z","2021-04-15T16:56Z","LEWI.2021.spring",2,3,"COTGIR","Cottus girardi","species",,,,,56,2.5,"electrofisher",,,,,"no sample",,,,,"0000-0003-3114-5862",,,
"b67402fe-25a8-46ec-87d9-2c70fa05b58e","D02","LEWI","LEWI.AOS.fish.point.09","2021-04-15T13:36Z","2021-04-15T14:08Z","2021-04-15T16:56Z","LEWI.2021.spring",2,13,"COTGIR","Cottus girardi","species",,,,,71,4.8,"electrofisher",,,,,"no sample",,,,,"0000-0003-3114-5862",,,
"fe3bcb83-7db1-4d8b-a741-f457e8971aff","D02","LEWI","LEWI.AOS.fish.point.09","2021-04-15T13:36Z","2021-04-15T14:08Z","2021-04-15T16:56Z","LEWI.2021.spring",2,14,"RHIATR","Rhinichthys atratulus","species",,,,,47,1.2,"electrofisher",,,,,"no sample",,,,,"0000-0003-3114-5862",,,
"ff13dc7d-3f79-4e4b-b74b-d6d559a75429","D02","LEWI","LEWI.AOS.fish.point.09","2021-04-15T13:36Z","2021-04-15T14:08Z","2021-04-15T16:56Z","LEWI.2021.spring",2,4,"RHIATR","Rhinichthys atratulus","species",,,,,42,1.1,"electrofisher",,,,,"no sample",,,,,"0000-0003-3114-5862",,,
"59f39578-c6df-45e2-8d91-6216e18b3f83","D02","LEWI","LEWI.AOS.fish.point.09","2021-04-15T13:36Z","2021-04-15T14:08Z","2021-04-15T16:56Z","LEWI.2021.spring",2,12,"RHIATR","Rhinichthys atratulus","species",,,,,47,1.1,"electrofisher",,,,,"no sample",,,,,"0000-0003-3114-5862",,,
"2662b496-d9c6-40fa-afce-bca14ead015d","D02","LEWI","LEWI.AOS.fish.point.09","2021-04-15T13:36Z","2021-04-15T14:08Z","2021-04-15T16:56Z","LEWI.2021.spring",2,7,"RHIATR","Rhinichthys atratulus","species",,,,,41,1.0,"electrofisher",,,,,"no sample",,,,,"0000-0003-3114-5862",,,
"b798207d-1213-4d0d-8cff-6d25ff04eaa9","D02","LEWI","LEWI.AOS.fish.point.09","2021-04-15T13:36Z","2021-04-15T14:08Z","2021-04-15T16:56Z","LEWI.2021.spring",2,21,"COTGIR","Cottus girardi","species",,,,,55,2.1,"electrofisher",,,,,"no sample",,,,,"0000-0003-3114-5862",,,
"af16383d-1bf4-4e37-8e25-434e735a94be","D02","LEWI","LEWI.AOS.fish.point.10","2021-04-15T15:59Z","2021-04-15T16:56Z","2021-04-15T16:56Z","LEWI.2021.spring",1,2,"COTGIR","Cottus girardi","species",,,,,74,5.1,"electrofisher",,,,,"no sample",,,,,"0000-0003-3114-5862",,,
"a93403ee-465e-48bf-a5fe-373a6b8f2316","D02","LEWI","LEWI.AOS.fish.point.10","2021-04-15T15:59Z","2021-04-15T16:56Z","2021-04-15T16:56Z","LEWI.2021.spring",1,26,"COTGIR","Cottus girardi","species",,,,,53,1.9,"electrofisher",,,,,"no sample",,,,,"0000-0003-3114-5862",,,
"6eea1e9e-a6df-4411-8ebf-423617393a8c","D02","LEWI","LEWI.AOS.fish.point.10","2021-04-15T15:59Z","2021-04-15T16:56Z","2021-04-15T16:56Z","LEWI.2021.spring",1,44,"COTGIR","Cottus girardi","species",,,,,45,1.3,"electrofisher",,,,,"no sample",,,,,"0000-0003-3114-5862",,,
"5be61bc7-3b24-4e60-98eb-ff53701b3d0a","D02","LEWI","LEWI.AOS.fish.point.10","2021-04-15T15:59Z","2021-04-15T16:56Z","2021-04-15T16:56Z","LEWI.2021.spring",1,38,"RHIATR","Rhinichthys atratulus","species",,,,,40,0.7,"electrofisher",,,,,"no sample",,,,,"0000-0003-3114-5862",,,
"a452382b-3160-4c69-8a0d-02826238f51c","D02","LEWI","LEWI.AOS.fish.point.10","2021-04-15T15:59Z","2021-04-15T16:56Z","2021-04-15T16:56Z","LEWI.2021.spring",1,27,"COTGIR","Cottus girardi","species",,,,,55,2.5,"electrofisher",,,,,"no sample",,,,,"0000-0003-3114-5862",,,
"395eda42-730b-4f5c-9acf-aeb9059b5348","D02","LEWI","LEWI.AOS.fish.point.10","2021-04-15T15:59Z","2021-04-15T16:56Z","2021-04-15T16:56Z","LEWI.2021.spring",1,35,"RHIATR","Rhinichthys atratulus","species",,,,,40,0.8,"electrofisher",,,,,"no sample",,,,,"0000-0003-3114-5862",,,
"38e7f00c-76f6-483d-b00d-0f2be2f5b926","D02","LEWI","LEWI.AOS.fish.point.10","2021-04-15T15:59Z","2021-04-15T16:56Z","2021-04-15T16:56Z","LEWI.2021.spring",1,16,"RHIATR","Rhinichthys atratulus","species",,,,,35,0.3,"electrofisher",,,,,"no sample",,,,,"0000-0003-3114-5862",,,
"5ec5e4e2-9b80-41be-bb2d-b9f477e68143","D02","LEWI","LEWI.AOS.fish.point.10","2021-04-15T15:59Z","2021-04-15T16:56Z","2021-04-15T16:56Z","LEWI.2021.spring",1,54,"COTGIR","Cottus girardi","species",,,,,45,1.6,"electrofisher",,,,,"no sample",,,,,"0000-0003-3114-5862",,,
"e49d6009-71ab-449b-a7bf-e6faaad2f6fb","D02","LEWI","LEWI.AOS.fish.point.10","2021-04-15T15:59Z","2021-04-15T16:56Z","2021-04-15T16:56Z","LEWI.2021.spring",1,6,"COTGIR","Cottus girardi","species",,,,,52,1.8,"electrofisher",,,,,"no sample",,,,,"0000-0003-3114-5862",,,
"61eb932e-2388-48e3-b8e3-28ef831d8c50","D02","LEWI","LEWI.AOS.fish.point.10","2021-04-15T15:59Z","2021-04-15T16:56Z","2021-04-15T16:56Z","LEWI.2021.spring",1,5,"COTGIR","Cottus girardi","species",,,,,72,4.3,"electrofisher",,,,,"no sample",,,,,"0000-0003-3114-5862",,,
"d100d262-a963-4e1d-a87a-1831fe0e8869","D02","LEWI","LEWI.AOS.fish.point.10","2021-04-15T15:59Z","2021-04-15T16:56Z","2021-04-15T16:56Z","LEWI.2021.spring",1,23,"COTGIR","Cottus girardi","species",,,,,46,1.3,"electrofisher",,,,,"no sample",,,,,"0000-0003-3114-5862",,,
"685d38d3-dd8a-4656-83a4-10b0ed6c5f98","D02","LEWI","LEWI.AOS.fish.point.10","2021-04-15T15:59Z","2021-04-15T16:56Z","2021-04-15T16:56Z","LEWI.2021.spring",1,39,"COTGIR","Cottus girardi","species",,,,,60,2.8,"electrofisher",,,,,"no sample",,,,,"0000-0003-3114-5862",,,
"568d8f0a-e4c6-41af-95e0-46e8096d1f2c","D02","LEWI","LEWI.AOS.fish.point.10","2021-04-15T15:59Z","2021-04-15T16:56Z","2021-04-15T16:56Z","LEWI.2021.spring",1,17,"COTGIR","Cottus girardi","species",,,,,75,6.6,"electrofisher",,,,,"no sample",,,,,"0000-0003-3114-5862",,,
"6ed58cbf-bb15-4fbf-b10e-ba09f7897c46","D02","LEWI","LEWI.AOS.fish.point.10","2021-04-15T15:59Z","2021-04-15T16:56Z","2021-04-15T16:56Z","LEWI.2021.spring",1,51,"COTGIR","Cottus girardi","species",,,,,46,1.1,"electrofisher",,,,,"no sample",,,,,"0000-0003-3114-5862",,,
"59c0bcd8-eab0-4b72-b072-55ffdab89e2c","D02","LEWI","LEWI.AOS.fish.point.10","2021-04-15T15:59Z","2021-04-15T16:56Z","2021-04-15T16:56Z","LEWI.2021.spring",1,30,"RHIATR","Rhinichthys atratulus","species",,,,,42,0.6,"electrofisher",,,,,"no sample",,,,,"0000-0003-3114-5862",,,
"39798dc6-71a1-4826-9e5b-941e1518969a","D02","LEWI","LEWI.AOS.fish.point.10","2021-04-15T15:59Z","2021-04-15T16:56Z","2021-04-15T16:56Z","LEWI.2021.spring",1,40,"RHIATR","Rhinichthys atratulus","species",,,,,57,1.6,"electrofisher",,,,,"no sample",,,,,"0000-0003-3114-5862",,,
"213d0330-d7b9-4b2c-a166-42ac7467a615","D02","LEWI","LEWI.AOS.fish.point.10","2021-04-15T15:59Z","2021-04-15T16:56Z","2021-04-15T16:56Z","LEWI.2021.spring",1,4,"COTGIR","Cottus girardi","species",,,,,63,2.0,"electrofisher",,,,,"no sample",,,,,"0000-0003-3114-5862",,,
"dbbb5c33-577d-4109-8c7a-9c588f05fed4","D02","LEWI","LEWI.AOS.fish.point.10","2021-04-15T15:59Z","2021-04-15T16:56Z","2021-04-15T16:56Z","LEWI.2021.spring",1,58,"RHIATR","Rhinichthys atratulus","species",,,,,65,3.1,"electrofisher",,,,,"no sample",,,,,"0000-0003-3114-5862",,,
"c097543c-869e-4175-9b9e-651a7e8cb014","D02","LEWI","LEWI.AOS.fish.point.10","2021-04-15T15:59Z","2021-04-15T16:56Z","2021-04-15T16:56Z","LEWI.2021.spring",1,52,"COTGIR","Cottus girardi","species",,,,,49,1.4,"electrofisher",,,,,"no sample",,,,,"0000-0003-3114-5862",,,
"bf679913-c4db-4d01-9c78-bb9b0805b890","D02","LEWI","LEWI.AOS.fish.point.10","2021-04-15T15:59Z","2021-04-15T16:56Z","2021-04-15T16:56Z","LEWI.2021.spring",1,34,"COTGIR","Cottus girardi","species",,,,,54,2.0,"electrofisher",,,,,"no sample",,,,,"0000-0003-3114-5862",,,
"8fc3a594-5415-4cdf-897a-c713321756c0","D02","LEWI","LEWI.AOS.fish.point.10","2021-04-15T15:59Z","2021-04-15T16:56Z","2021-04-15T16:56Z","LEWI.2021.spring",1,59,"COTGIR","Cottus girardi","species",,,,,50,1.7,"electrofisher",,,,,"no sample",,,,,"0000-0003-3114-5862",,,
"b8533ae6-0f57-41c8-8fe0-e6a44c28a44d","D02","LEWI","LEWI.AOS.fish.point.10","2021-04-15T15:59Z","2021-04-15T16:56Z","2021-04-15T16:56Z","LEWI.2021.spring",1,33,"COTGIR","Cottus girardi","species",,,,,57,2.6,"electrofisher",,,,,"no sample",,,,,"0000-0003-3114-5862",,,
"4f6949ae-b7b6-40b1-ab32-e34f392a87c4","D02","LEWI","LEWI.AOS.fish.point.10","2021-04-15T15:59Z","2021-04-15T16:56Z","2021-04-15T16:56Z","LEWI.2021.spring",1,3,"COTGIR","Cottus girardi","species",,,,,57,2.3,"electrofisher",,,,,"no sample",,,,,"0000-0003-3114-5862",,,
"d4042669-fc31-4795-a45b-809f3e200eca","D02","LEWI","LEWI.AOS.fish.point.10","2021-04-15T15:59Z","2021-04-15T16:56Z","2021-04-15T16:56Z","LEWI.2021.spring",1,13,"COTGIR","Cottus girardi","species",,,,,50,2.3,"electrofisher",,,,,"no sample",,,,,"0000-0003-3114-5862",,,
"d2a581cd-1e5d-4bea-84dd-0d258c8e2482","D02","LEWI","LEWI.AOS.fish.point.10","2021-04-15T15:59Z","2021-04-15T16:56Z","2021-04-15T16:56Z","LEWI.2021.spring",1,7,"COTGIR","Cottus girardi","species",,,,,49,1.6,"electrofisher",,,,,"no sample",,,,,"0000-0003-3114-5862",,,
"8f3a40c6-b31d-4304-aa4d-711f5195a246","D02","LEWI","LEWI.AOS.fish.point.10","2021-04-15T15:59Z","2021-04-15T16:56Z","2021-04-15T16:56Z","LEWI.2021.spring",1,42,"RHIATR","Rhinichthys atratulus","species",,,,,60,2.3,"electrofisher",,,,,"no sample",,,,,"0000-0003-3114-5862",,,
"c0ae1e54-d1c4-4318-9c75-ecdbfd1013c9","D02","LEWI","LEWI.AOS.fish.point.10","2021-04-15T15:59Z","2021-04-15T16:56Z","2021-04-15T16:56Z","LEWI.2021.spring",1,49,"COTGIR","Cottus girardi","species",,,,,47,1.2,"electrofisher",,,,,"no sample",,,,,"0000-0003-3114-5862",,,
"01dc7c31-d42e-4d37-8b23-8971766fa12b","D02","LEWI","LEWI.AOS.fish.point.10","2021-04-15T15:59Z","2021-04-15T16:56Z","2021-04-15T16:56Z","LEWI.2021.spring",1,10,"COTGIR","Cottus girardi","species",,,,,48,1.5,"electrofisher",,,,,"no sample",,,,,"0000-0003-3114-5862",,,
"a2c0a4c4-b822-4a05-bbd0-e6f8e6bec16c","D02","LEWI","LEWI.AOS.fish.point.10","2021-04-15T15:59Z","2021-04-15T16:56Z","2021-04-15T16:56Z","LEWI.2021.spring",1,47,"COTGIR","Cottus girardi","species",,,,,47,1.4,"electrofisher",,,,,"no sample",,,,,"0000-0003-3114-5862",,,
"a2f90877-ba13-49b6-a4d2-aa8eb12558a5","D02","LEWI","LEWI.AOS.fish.point.10","2021-04-15T15:59Z","2021-04-15T16:56Z","2021-04-15T16:56Z","LEWI.2021.spring",1,41,"COTGIR","Cottus girardi","species",,,,,76,5.4,"electrofisher",,,,,"no sample",,,,,"0000-0003-3114-5862",,,
"2524e82f-fb28-4512-8233-9d4fb2e56078","D02","LEWI","LEWI.AOS.fish.point.10","2021-04-15T15:59Z","2021-04-15T16:56Z","2021-04-15T16:56Z","LEWI.2021.spring",1,57,"RHIATR","Rhinichthys atratulus","species",,,,,48,1.1,"electrofisher",,,,,"no sample",,,,,"0000-0003-3114-5862",,,
"1cd94953-25a4-4d98-991c-fa10cbbda7ab","D02","LEWI","LEWI.AOS.fish.point.10","2021-04-15T15:59Z","2021-04-15T16:56Z","2021-04-15T16:56Z","LEWI.2021.spring",1,50,"COTGIR","Cottus girardi","species",,,,,46,1.3,"electrofisher",,,,,"no sample",,,,,"0000-0003-3114-5862",,,
"1004e5cf-7cf6-4ae9-b546-3b51af577cf8","D02","LEWI","LEWI.AOS.fish.point.10","2021-04-15T15:59Z","2021-04-15T16:56Z","2021-04-15T16:56Z","LEWI.2021.spring",1,24,"COTGIR","Cottus girardi","species",,,,,47,1.4,"electrofisher",,,,,"no sample",,,,,"0000-0003-3114-5862",,,
"565c8931-a623-441e-a6a3-b53872aa6a24","D02","LEWI","LEWI.AOS.fish.point.10","2021-04-15T15:59Z","2021-04-15T16:56Z","2021-04-15T16:56Z","LEWI.2021.spring",1,20,"COTGIR","Cottus girardi","species",,,,,50,1.8,"electrofisher",,,,,"no sample",,,,,"0000-0003-3114-5862",,,
"493b7089-283d-4c11-bbb7-894704a6c3e4","D02","LEWI","LEWI.AOS.fish.point.10","2021-04-15T15:59Z","2021-04-15T16:56Z","2021-04-15T16:56Z","LEWI.2021.spring",1,29,"COTGIR","Cottus girardi","species",,,,,71,4.2,"electrofisher",,,,,"no sample",,,,,"0000-0003-3114-5862",,,
"ebe8762e-de83-48b5-8480-3c7bf06f76b0","D02","LEWI","LEWI.AOS.fish.point.10","2021-04-15T15:59Z","2021-04-15T16:56Z","2021-04-15T16:56Z","LEWI.2021.spring",1,12,"COTGIR","Cottus girardi","species",,,,,72,6.6,"electrofisher",,,,,"no sample",,,,,"0000-0003-3114-5862",,,
"6432353e-4eb5-4ff8-95d7-39671d631d1e","D02","LEWI","LEWI.AOS.fish.point.10","2021-04-15T15:59Z","2021-04-15T16:56Z","2021-04-15T16:56Z","LEWI.2021.spring",1,11,"COTGIR","Cottus girardi","species",,,,,43,1.2,"electrofisher",,,,,"no sample",,,,,"0000-0003-3114-5862",,,
"a960831a-0407-48dd-b452-e9f268597e04","D02","LEWI","LEWI.AOS.fish.point.10","2021-04-15T15:59Z","2021-04-15T16:56Z","2021-04-15T16:56Z","LEWI.2021.spring",1,32,"COTGIR","Cottus girardi","species",,,,,75,5.0,"electrofisher",,,,,"no sample",,,,,"0000-0003-3114-5862",,,
"0eb1b55c-6246-40d2-a877-199e68f1ed1d","D02","LEWI","LEWI.AOS.fish.point.10","2021-04-15T15:59Z","2021-04-15T16:56Z","2021-04-15T16:56Z","LEWI.2021.spring",1,15,"RHIATR","Rhinichthys atratulus","species",,,,,72,4.3,"electrofisher",,,,,"no sample",,,,,"0000-0003-3114-5862",,,
"6f191bd3-068d-474f-a5a0-eea1ff32af0b","D02","LEWI","LEWI.AOS.fish.point.10","2021-04-15T15:59Z","2021-04-15T16:56Z","2021-04-15T16:56Z","LEWI.2021.spring",1,18,"COTGIR","Cottus girardi","species",,,,,65,3.5,"electrofisher",,,,,"no sample",,,,,"0000-0003-3114-5862",,,
"a2e51b08-f378-4410-8ba5-cd4e962cdbcc","D02","LEWI","LEWI.AOS.fish.point.10","2021-04-15T15:59Z","2021-04-15T16:56Z","2021-04-15T16:56Z","LEWI.2021.spring",1,25,"COTGIR","Cottus girardi","species",,,,,54,2.0,"electrofisher",,,,,"no sample",,,,,"0000-0003-3114-5862",,,
"531065bb-52bc-4fcf-a34d-4d7738af34f6","D02","LEWI","LEWI.AOS.fish.point.10","2021-04-15T15:59Z","2021-04-15T16:56Z","2021-04-15T16:56Z","LEWI.2021.spring",1,48,"COTGIR","Cottus girardi","species",,,,,57,2.2,"electrofisher",,,,,"no sample",,,,,"0000-0003-3114-5862",,,
"11738258-272f-4418-b4c0-83c188c21297","D02","LEWI","LEWI.AOS.fish.point.10","2021-04-15T15:59Z","2021-04-15T16:56Z","2021-04-15T16:56Z","LEWI.2021.spring",1,22,"RHIATR","Rhinichthys atratulus","species",,,,,65,2.9,"electrofisher",,,,,"no sample",,,,,"0000-0003-3114-5862",,,
"5a204594-1653-4539-b806-082b461e438a","D02","LEWI","LEWI.AOS.fish.point.10","2021-04-15T15:59Z","2021-04-15T16:56Z","2021-04-15T16:56Z","LEWI.2021.spring",1,36,"RHIATR","Rhinichthys atratulus","species",,,,,63,2.3,"electrofisher",,,,,"no sample",,,,,"0000-0003-3114-5862",,,
"5bbef172-fe38-4221-a75a-cc96af619be7","D02","LEWI","LEWI.AOS.fish.point.10","2021-04-15T15:59Z","2021-04-15T16:56Z","2021-04-15T16:56Z","LEWI.2021.spring",1,37,"COTGIR","Cottus girardi","species",,,,,51,1.5,"electrofisher",,,,,"no sample",,,,,"0000-0003-3114-5862",,,
"c2e88b25-71cc-4152-b63e-85effac07ae7","D02","LEWI","LEWI.AOS.fish.point.10","2021-04-15T15:59Z","2021-04-15T16:56Z","2021-04-15T16:56Z","LEWI.2021.spring",1,55,"COTGIR","Cottus girardi","species",,,,,55,2.2,"electrofisher",,,,,"no sample",,,,,"0000-0003-3114-5862",,,
"4116c733-b97a-460b-9e07-fe4221b0b38b","D02","LEWI","LEWI.AOS.fish.point.10","2021-04-15T15:59Z","2021-04-15T16:56Z","2021-04-15T16:56Z","LEWI.2021.spring",1,9,"COTGIR","Cottus girardi","species",,,,,51,1.8,"electrofisher",,,,,"no sample",,,,,"0000-0003-3114-5862",,,
"06a37733-079f-4447-9660-5a35848d49f8","D02","LEWI","LEWI.AOS.fish.point.10","2021-04-15T15:59Z","2021-04-15T16:56Z","2021-04-15T16:56Z","LEWI.2021.spring",1,43,"COTGIR","Cottus girardi","species",,,,,44,1.0,"electrofisher",,,,,"no sample",,,,,"0000-0003-3114-5862",,,
"12fc22ec-c5a3-4bdd-9d08-7826ea4be383","D02","LEWI","LEWI.AOS.fish.point.10","2021-04-15T15:59Z","2021-04-15T16:56Z","2021-04-15T16:56Z","LEWI.2021.spring",1,45,"COTGIR","Cottus girardi","species",,,,,54,1.7,"electrofisher",,,,,"no sample",,,,,"0000-0003-3114-5862",,,
"3ccba326-f7cb-42df-94a8-e30df251c5aa","D02","LEWI","LEWI.AOS.fish.point.10","2021-04-15T15:59Z","2021-04-15T16:56Z","2021-04-15T16:56Z","LEWI.2021.spring",1,28,"COTGIR","Cottus girardi","species",,,,,47,1.2,"electrofisher",,,,,"no sample",,,,,"0000-0003-3114-5862",,,
"e2c26ad0-88f9-446b-88df-086b77f6880f","D02","LEWI","LEWI.AOS.fish.point.10","2021-04-15T15:59Z","2021-04-15T16:56Z","2021-04-15T16:56Z","LEWI.2021.spring",1,19,"COTGIR","Cottus girardi","species",,,,,78,5.3,"electrofisher",,,,,"no sample",,,,,"0000-0003-3114-5862",,,
"85bedaef-3295-4d4c-8c1f-1e99aa0823dc","D02","LEWI","LEWI.AOS.fish.point.10","2021-04-15T15:59Z","2021-04-15T16:56Z","2021-04-15T16:56Z","LEWI.2021.spring",1,21,"COTGIR","Cottus girardi","species",,,,,42,0.9,"electrofisher",,,,,"no sample",,,,,"0000-0003-3114-5862",,,
"24a34936-3a68-4022-af02-317841927731","D02","LEWI","LEWI.AOS.fish.point.10","2021-04-15T15:59Z","2021-04-15T16:56Z","2021-04-15T16:56Z","LEWI.2021.spring",1,14,"COTGIR","Cottus girardi","species",,,,,43,1.0,"electrofisher",,,,,"no sample",,,,,"0000-0003-3114-5862",,,
"65d45c98-321c-4cf7-b37d-f9ac2b2af762","D02","LEWI","LEWI.AOS.fish.point.10","2021-04-15T15:59Z","2021-04-15T16:56Z","2021-04-15T16:56Z","LEWI.2021.spring",1,1,"COTGIR","Cottus girardi","species",,,,,62,2.8,"electrofisher",,,,,"no sample",,,,,"0000-0003-3114-5862",,,
"5b350abe-e2cf-4aea-8354-91cc01624441","D02","LEWI","LEWI.AOS.fish.point.10","2021-04-15T15:59Z","2021-04-15T16:56Z","2021-04-15T16:56Z","LEWI.2021.spring",1,53,"COTGIR","Cottus girardi","species",,,,,54,1.9,"electrofisher",,,,,"no sample",,,,,"0000-0003-3114-5862",,,
"a2e23f37-31e8-4d11-9d45-6d29b8bc92df","D02","LEWI","LEWI.AOS.fish.point.10","2021-04-15T15:59Z","2021-04-15T16:56Z","2021-04-15T16:56Z","LEWI.2021.spring",1,46,"COTGIR","Cottus girardi","species",,,,,73,4.0,"electrofisher",,,,,"no sample",,,,,"0000-0003-3114-5862",,,
"0cef9d39-9c28-4877-a343-44e41755ed87","D02","LEWI","LEWI.AOS.fish.point.10","2021-04-15T15:59Z","2021-04-15T16:56Z","2021-04-15T16:56Z","LEWI.2021.spring",1,31,"COTGIR","Cottus girardi","species",,,,,58,2.1,"electrofisher",,,,,"no sample",,,,,"0000-0003-3114-5862",,,
"9d11ffb3-dde9-4a16-8565-71ed4947f851","D02","LEWI","LEWI.AOS.fish.point.10","2021-04-15T15:59Z","2021-04-15T16:56Z","2021-04-15T16:56Z","LEWI.2021.spring",1,56,"COTGIR","Cottus girardi","species",,,,,54,2.0,"electrofisher",,,,,"no sample",,,,,"0000-0003-3114-5862",,,
"ac6013ef-c2f9-480d-8736-a16b7f96f8be","D02","LEWI","LEWI.AOS.fish.point.10","2021-04-15T15:59Z","2021-04-15T16:56Z","2021-04-15T16:56Z","LEWI.2021.spring",1,8,"COTGIR","Cottus girardi","species",,,,,51,1.6,"electrofisher",,,,,"no sample",,,,,"0000-0003-3114-5862",,,
