uid,domainID,siteID,namedLocation,collectDate,identifiedDate,sampleID,sampleCode,slideID,acceptedTaxonID,targetTaxaPresent,scientificName,morphospeciesID,taxonRank,phylum,subphylum,class,subclass,infraclass,superorder,order,suborder,infraorder,superfamily,family,subfamily,tribe,subtribe,genus,specificEpithet,infraspecificEpithet,invertebrateLifeStage,sizeClass,sizeCategory,individualCount,subsamplePercent,estimatedTotalCount,immatureSpecimen,indeterminateSpecies,taxonRankQualifier,sampleCondition,distinctTaxon,identificationQualifier,identificationReferences,qcChecked,laboratoryName,identifiedBy,identificationRemarks,identificationHistoryID,dataQF
"c673ecfa-40ab-4b29-98dd-0299ee6a386d","D03","BARC","BARC.AOS.riparian.point.02","2017-07-06T12:42Z","2017-11-07","BARC.20170706.BENTHICSWEEP.2",,,"OXYSP","Y","Oxyethira sp.",,"genus","Arthropoda","Hexapoda","Insecta","Pterygota","Neoptera","Holometabola","Trichoptera",,,"Hydroptiloidea","Hydroptilidae","Hydroptilinae","Hydroptilini",,"Oxyethira","sp.",,"larva",1,,2,16,13,"N","N",,"condition OK","Y",,"Wiggins 1996","N","EcoAnalysts Inc.","J. Pfeiffer",,,
"05331cca-b02a-433e-9b85-b5658d2fee32","D03","BARC","BARC.AOS.riparian.point.08","2017-07-06T12:42Z","2017-11-08","BARC.20170706.BENTHICSWEEP.8",,,"HYDSP5","Y","Hydroptilidae sp.",,"family","Arthropoda","Hexapoda","Insecta","Pterygota","Neoptera","Holometabola","Trichoptera",,,"Hydroptiloidea","Hydroptilidae",,,,,"sp.",,"larva",1,,4,25,16,"Y","N",,"condition OK","N",,"Wiggins 1996","N","EcoAnalysts Inc.","J. Pfeiffer",,,
"58a0cc7e-2ebc-41a3-83ea-f6b0375c7235","D03","BARC","BARC.AOS.riparian.point.04","2017-07-06T12:42Z","2017-11-07","BARC.20170706.BENTHICSWEEP.4",,,"NAUSP","Y","Naucoridae sp.",,"family","Arthropoda","Hexapoda","Insecta","Pterygota","Neoptera","Paraneoptera","Hemiptera","Heteroptera","Nepomorpha","Naucoroidea","Naucoridae",,,,,"sp.",,"larva",3,,1,31,3,"Y","N",,"condition OK","Y",,"Merritt and Cummins 2008","Y","EcoAnalysts Inc.","J. Pfeiffer",,,
"514134c3-544f-45e2-b8e1-3f56462cefc7","D03","BARC","BARC.AOS.riparian.point.10","2017-07-06T12:42Z","2017-11-08","BARC.20170706.BENTHICSWEEP.10",,,"CAESP5","Y","Caenis sp.",,"genus","Arthropoda","Hexapoda","Insecta","Pterygota","Palaeoptera",,"Ephemeroptera","Furcatergalia","Pannota","Caenoidea","Caenidae","Caeninae",,,"Caenis","sp.",,"larva",1,,9,25,36,"N","N",,"condition OK","Y",,"Merritt and Cummins 2008","N","EcoAnalysts Inc.","J. Pfeiffer",,,
"05cd0fef-7257-4113-907d-5fb01b6ad5f2","D03","BARC","BARC.AOS.riparian.point.02","2017-07-06T12:42Z","2017-11-07","BARC.20170706.BENTHICSWEEP.2",,,"ORISP1","Y","Oribatida sp.",,"suborder","Arthropoda","Chelicerata","Arachnida","Acari",,"Acariformes","Sarcoptiformes","Oribatida",,,,,,,,"sp.",,"larva",1,,155,16,979,"N","N",,"condition OK","Y",,"Thorp and Covich 2001","N","EcoAnalysts Inc.","J. Pfeiffer",,,
"eac7ef22-fb61-4c79-8aac-ca15cd21daba","D03","BARC","BARC.AOS.riparian.point.06","2017-07-06T12:42Z","2017-11-03","BARC.20170706.BENTHICSWEEP.6",,,"CHISP8","Y","Chironomus sp.",,"genus","Arthropoda","Hexapoda","Insecta","Pterygota","Neoptera","Holometabola","Diptera","Nematocera","Culicomorpha",,"Chironomidae","Chironominae","Chironomini",,"Chironomus","sp.",,"larva",3,,3,15,20,"N","N",,"condition OK","Y",,"Epler 2001","N","EcoAnalysts Inc.","W. Hoiland",,,
"e9a73b5e-d521-4ee5-87ce-489082796220","D03","BARC","BARC.AOS.riparian.point.02","2017-07-06T12:42Z","2017-11-07","BARC.20170706.BENTHICSWEEP.2",,,"HYDSP46","Y","Hydrodroma sp.",,"genus","Arthropoda","Chelicerata","Arachnida","Acari",,"Acariformes","Trombidiformes","Prostigmata",,"Hydryphantoidea","Hydrodromidae",,,,"Hydrodroma","sp.",,"larva",2,,4,16,25,"N","N",,"condition OK","Y",,"Thorp and Covich 2001","N","EcoAnalysts Inc.","J. Pfeiffer",,,
"e4566c24-c964-494d-844d-6ca722118cb0","D03","BARC","BARC.AOS.littoral1","2017-07-06T12:42Z","2017-11-06","BARC.20170706.PONAR.2",,,"NEMSP","Y","Nematoda sp.",,"phylum","Nematoda",,,,,,,,,,,,,,,"sp.",,"larva",2,,1,100,1,"N","N",,"condition OK","Y",,"Thorp and Covich 2001","N","EcoAnalysts Inc.","J. Pfeiffer",,,
"c42a3bab-6fd7-47d0-ab8f-96e047a1fde6","D03","BARC","BARC.AOS.riparian.point.02","2017-07-06T12:42Z","2017-11-07","BARC.20170706.BENTHICSWEEP.2",,,"ANISP1","Y","Anisoptera sp.",,"suborder","Arthropoda","Hexapoda","Insecta","Pterygota","Palaeoptera",,"Odonata","Anisoptera",,,,,,,,"sp.",,"larva",1,,1,16,6,"Y","N",,"condition OK","Y",,"Merritt and Cummins 2008","N","EcoAnalysts Inc.","J. Pfeiffer",,,
"6510d08f-2f6f-4d69-9605-b9ff34711869","D03","BARC","BARC.AOS.riparian.point.02","2017-07-06T12:42Z","2017-11-07","BARC.20170706.BENTHICSWEEP.2",,,"CAESP5","Y","Caenis sp.",,"genus","Arthropoda","Hexapoda","Insecta","Pterygota","Palaeoptera",,"Ephemeroptera","Furcatergalia","Pannota","Caenoidea","Caenidae","Caeninae",,,"Caenis","sp.",,"larva",2,,8,16,51,"Y","N",,"condition OK","Y",,"Merritt and Cummins 2008","N","EcoAnalysts Inc.","J. Pfeiffer",,,
"8fac31e8-2a68-435a-abc1-9a03a69ee1c3","D03","BARC","BARC.AOS.riparian.point.02","2017-07-06T12:42Z","2017-10-13","BARC.20170706.BENTHICSWEEP.2",,"BARC.20170706.BENTHICSWEEP.2","ENCSP1","Y","Enchytraeidae sp.",,"family","Annelida","Clitellata","Oligochaeta","Oligochaeta",,,"Enchytraeida",,,,"Enchytraeidae",,,,,"sp.",,"larva",3,,1,16,6,"N","N",,"condition OK","Y",,"Kathman and Brinkhurst 1999","N","EcoAnalysts Inc.","L. Flaherty",,,
"6f35f69d-f62f-49ca-b9a9-1fddc4e20a41","D03","BARC","BARC.AOS.riparian.point.10","2017-07-06T12:42Z","2017-11-08","BARC.20170706.BENTHICSWEEP.10",,,"NEMSP","Y","Nematoda sp.",,"phylum","Nematoda",,,,,,,,,,,,,,,"sp.",,"larva",2,,2,25,8,"N","N",,"condition OK","Y",,"Thorp and Covich 2001","N","EcoAnalysts Inc.","J. Pfeiffer",,,
"5b52d7ec-480f-46e4-8b1c-e8a48e5b663a","D03","BARC","BARC.AOS.riparian.point.02","2017-07-06T12:42Z","2017-11-07","BARC.20170706.BENTHICSWEEP.2",,,"OXYSP","Y","Oxyethira sp.",,"genus","Arthropoda","Hexapoda","Insecta","Pterygota","Neoptera","Holometabola","Trichoptera",,,"Hydroptiloidea","Hydroptilidae","Hydroptilinae","Hydroptilini",,"Oxyethira","sp.",,"larva",3,,1,16,6,"N","N",,"condition OK","Y",,"Wiggins 1996","N","EcoAnalysts Inc.","J. Pfeiffer",,,
"8f6778ea-8822-4c76-9fc7-fc437d56b3a9","D03","BARC","BARC.AOS.riparian.point.10","2017-07-06T12:42Z","2017-11-03","BARC.20170706.BENTHICSWEEP.10",,"BARC.20170706.BENTHICSWEEP.10","LARSP","Y","Larsia sp.",,"genus","Arthropoda","Hexapoda","Insecta","Pterygota","Neoptera","Holometabola","Diptera","Nematocera","Culicomorpha",,"Chironomidae","Tanypodinae","Pentaneurini",,"Larsia","sp.",,"larva",2,,1,25,4,"N","N",,"condition OK","Y",,"Epler 2001","N","EcoAnalysts Inc.","W. Hoiland",,,
"66f16374-6017-4a59-a757-41a8a2f5708f","D03","BARC","BARC.AOS.riparian.point.04","2017-07-06T12:42Z","2017-11-02","BARC.20170706.BENTHICSWEEP.4",,"BARC.20170706.BENTHICSWEEP.4","ABLSP","Y","Ablabesmyia sp.",,"genus","Arthropoda","Hexapoda","Insecta","Pterygota","Neoptera","Holometabola","Diptera","Nematocera","Culicomorpha",,"Chironomidae","Tanypodinae","Pentaneurini",,"Ablabesmyia","sp.",,"larva",4,,1,31,3,"N","N",,"condition OK","Y",,"Roback 1985 and Epler 2001","Y","EcoAnalysts Inc.","W. Hoiland",,,
"a5ec3cda-6432-4cb6-9bc4-b50a0888f1e7","D03","BARC","BARC.AOS.riparian.point.10","2017-07-06T12:42Z","2017-11-08","BARC.20170706.BENTHICSWEEP.10",,,"ARRSP2","Y","Arrenurus sp.",,"genus","Arthropoda","Chelicerata","Arachnida","Acari",,"Acariformes","Trombidiformes","Prostigmata",,"Arrenuroidea","Arrenuridae",,,,"Arrenurus","sp.",,"larva",1,,1,25,4,"N","N",,"condition OK","Y",,"Thorp and Covich 2001","N","EcoAnalysts Inc.","J. Pfeiffer",,,
"d2516153-b213-4edc-97c9-b88fd259ccf5","D03","BARC","BARC.AOS.riparian.point.06","2017-07-06T12:42Z","2017-11-03","BARC.20170706.BENTHICSWEEP.6",,,"LABSP","Y","Labrundinia sp.",,"genus","Arthropoda","Hexapoda","Insecta","Pterygota","Neoptera","Holometabola","Diptera","Nematocera","Culicomorpha",,"Chironomidae","Tanypodinae","Pentaneurini",,"Labrundinia","sp.",,"larva",4,,8,15,55,"N","N",,"condition OK","Y",,"Epler 2001","N","EcoAnalysts Inc.","W. Hoiland",,,
"bad4e95d-9529-4eb3-b963-80f21726ea4f","D03","BARC","BARC.AOS.riparian.point.02","2017-07-06T12:42Z","2017-11-07","BARC.20170706.BENTHICSWEEP.2",,,"CERSP10","Y","Ceratopogoninae sp.",,"subfamily","Arthropoda","Hexapoda","Insecta","Pterygota","Neoptera","Holometabola","Diptera","Nematocera","Culicomorpha",,"Ceratopogonidae","Ceratopogoninae",,,,"sp.",,"larva",3,,1,16,6,"N","N",,"condition OK","Y",,"Merritt and Cummins 2008","N","EcoAnalysts Inc.","J. Pfeiffer",,,
"86b701f6-aab3-4b57-94ff-0b2014ce8f00","D03","BARC","BARC.AOS.riparian.point.02","2017-07-06T12:42Z","2017-10-13","BARC.20170706.BENTHICSWEEP.2",,"BARC.20170706.BENTHICSWEEP.2","ENCSP1","Y","Enchytraeidae sp.",,"family","Annelida","Clitellata","Oligochaeta","Oligochaeta",,,"Enchytraeida",,,,"Enchytraeidae",,,,,"sp.",,"larva",1,,1,16,6,"N","N",,"condition OK","Y",,"Kathman and Brinkhurst 1999","N","EcoAnalysts Inc.","L. Flaherty",,,
"0c974698-2a56-4b9b-baa5-0765e04dcc6f","D03","BARC","BARC.AOS.riparian.point.08","2017-07-06T12:42Z","2017-11-03","BARC.20170706.BENTHICSWEEP.8",,,"ZAVMAR","Y","Zavreliella marmorata",,"species","Arthropoda","Hexapoda","Insecta","Pterygota","Neoptera","Holometabola","Diptera","Nematocera","Culicomorpha",,"Chironomidae","Chironominae","Tanytarsini",,"Zavreliella","marmorata",,"larva",1,,3,25,12,"N","N",,"condition OK","Y",,"Epler 2001","N","EcoAnalysts Inc.","W. Hoiland",,,
"3edf1225-9eb2-45cc-9ee2-e54d85b6daee","D03","BARC","BARC.AOS.littoral2","2017-07-06T12:42Z","2017-11-06","BARC.20170706.PONAR.3",,"BARC.20170706.PONAR.3","GLOELO","Y","Gloiobdella elongata",,"species","Annelida","Clitellata","Hirudinea","Hirudinea","Euhirudinea",,"Rhynchobdellida",,,,"Glossiphoniidae","Haementeriinae",,,"Gloiobdella","elongata",,"larva",2,,2,100,2,"N","N",,"condition OK","Y",,"Thorp and Covich 2001","N","EcoAnalysts Inc.","J. Pfeiffer",,,
"6414300d-e6d8-4a74-b5a9-2569dec3e96c","D03","BARC","BARC.AOS.riparian.point.10","2017-07-06T12:42Z","2017-11-03","BARC.20170706.BENTHICSWEEP.10",,"BARC.20170706.BENTHICSWEEP.10","ZAVMAR","Y","Zavreliella marmorata",,"species","Arthropoda","Hexapoda","Insecta","Pterygota","Neoptera","Holometabola","Diptera","Nematocera","Culicomorpha",,"Chironomidae","Chironominae","Tanytarsini",,"Zavreliella","marmorata",,"larva",3,,3,25,12,"N","N",,"condition OK","Y",,"Epler 2001","N","EcoAnalysts Inc.","W. Hoiland",,,
"e7de8c06-5a09-4dc9-a8e9-8392b67eb851","D03","BARC","BARC.AOS.riparian.point.02","2017-07-06T12:42Z","2017-11-02","BARC.20170706.BENTHICSWEEP.2",,"BARC.20170706.BENTHICSWEEP.2","LARSP","Y","Larsia sp.",,"genus","Arthropoda","Hexapoda","Insecta","Pterygota","Neoptera","Holometabola","Diptera","Nematocera","Culicomorpha",,"Chironomidae","Tanypodinae","Pentaneurini",,"Larsia","sp.",,"larva",3,,1,16,6,"N","N",,"condition OK","Y",,"Epler 2001","N","EcoAnalysts Inc.","W. Hoiland",,,
"3534fd3b-07c3-437c-8aaf-68d4cca6f6d2","D03","BARC","BARC.AOS.riparian.point.06","2017-07-06T12:42Z","2017-11-07","BARC.20170706.BENTHICSWEEP.6",,,"ORISP1","Y","Oribatida sp.",,"suborder","Arthropoda","Chelicerata","Arachnida","Acari",,"Acariformes","Sarcoptiformes","Oribatida",,,,,,,,"sp.",,"larva",1,,223,15,1522,"N","N",,"condition OK","Y",,"Thorp and Covich 2001","N","EcoAnalysts Inc.","J. Pfeiffer",,,
"84884b1a-6427-401f-b878-83609a5c2771","D03","BARC","BARC.AOS.littoral1","2017-07-06T12:42Z","2017-10-13","BARC.20170706.PONAR.2",,"BARC.20170706.PONAR.2","DERDIG","Y","Dero digitata",,"species","Annelida","Clitellata","Oligochaeta","Oligochaeta",,,"Tubificida",,,,"Naididae","Naidinae",,,"Dero","digitata",,"larva",3,,1,100,1,"N","N",,"condition OK","Y",,"Kathman and Brinkhurst 1998","N","EcoAnalysts Inc.","L. Flaherty",,,
"ec929809-ed7d-4bfa-90d7-0ee6dfd7c4d3","D03","BARC","BARC.AOS.riparian.point.02","2017-07-06T12:42Z","2017-10-13","BARC.20170706.BENTHICSWEEP.2",,"BARC.20170706.BENTHICSWEEP.2","PRIAEQ","Y","Pristina aequiseta",,"species","Annelida","Clitellata","Oligochaeta","Oligochaeta",,,"Tubificida",,,,"Naididae","Pristininae",,,"Pristina","aequiseta",,"larva",1,,1,16,6,"N","N",,"condition OK","Y",,"Kathman and Brinkhurst 1998","N","EcoAnalysts Inc.","L. Flaherty",,,
"d8002545-d6bf-4e72-9c35-79717d4466bc","D03","BARC","BARC.AOS.riparian.point.02","2017-07-06T12:42Z","2017-11-07","BARC.20170706.BENTHICSWEEP.2",,,"CALSP14","Y","Callibaetis sp.",,"genus","Arthropoda","Hexapoda","Insecta","Pterygota","Palaeoptera",,"Ephemeroptera","Pisciforma",,,"Baetidae",,,,"Callibaetis","sp.",,"larva",1,,1,16,6,"N","N",,"condition OK","Y",,"Merritt and Cummins 2008","N","EcoAnalysts Inc.","J. Pfeiffer",,,
"93867925-fb4d-4453-8f4a-62a839265502","D03","BARC","BARC.AOS.riparian.point.04","2017-07-06T12:42Z","2017-11-02","BARC.20170706.BENTHICSWEEP.4",,"BARC.20170706.BENTHICSWEEP.4","CHISP8","Y","Chironomus sp.",,"genus","Arthropoda","Hexapoda","Insecta","Pterygota","Neoptera","Holometabola","Diptera","Nematocera","Culicomorpha",,"Chironomidae","Chironominae","Chironomini",,"Chironomus","sp.",,"larva",2,,3,31,10,"N","N",,"condition OK","Y",,"Epler 2001","Y","EcoAnalysts Inc.","W. Hoiland",,,
"f59d618e-a446-40c8-ba87-685ab7cd4624","D03","BARC","BARC.AOS.riparian.point.10","2017-07-06T12:42Z","2017-10-13","BARC.20170706.BENTHICSWEEP.10",,"BARC.20170706.BENTHICSWEEP.10","DERDIG","Y","Dero digitata",,"species","Annelida","Clitellata","Oligochaeta","Oligochaeta",,,"Tubificida",,,,"Naididae","Naidinae",,,"Dero","digitata",,"larva",2,,1,25,4,"N","N",,"condition OK","Y",,"Kathman and Brinkhurst 1998","N","EcoAnalysts Inc.","L. Flaherty",,,
"0574753b-b0b7-4713-80ed-d08a927a5bcf","D03","BARC","BARC.AOS.riparian.point.08","2017-07-06T12:42Z","2017-11-03","BARC.20170706.BENTHICSWEEP.8",,,"CHISP6","Y","Chironomini sp.",,"tribe","Arthropoda","Hexapoda","Insecta","Pterygota","Neoptera","Holometabola","Diptera","Nematocera","Culicomorpha",,"Chironomidae","Chironominae","Chironomini",,,"sp.",,"larva",1,,3,25,12,"Y","N",,"condition OK","N",,"Epler 2001","N","EcoAnalysts Inc.","W. Hoiland",,,
"797bcc39-e5be-4996-8282-35dfea32a8f5","D03","BARC","BARC.AOS.buoy.c0","2017-07-06T12:42Z","2017-11-02","BARC.20170706.PONAR.1",,"BARC.20170706.PONAR.1","CLASP5","Y","Cladopelma sp.",,"genus","Arthropoda","Hexapoda","Insecta","Pterygota","Neoptera","Holometabola","Diptera","Nematocera","Culicomorpha",,"Chironomidae","Chironominae","Chironomini",,"Cladopelma","sp.",,"larva",1,,5,100,5,"N","N",,"condition OK","Y",,"Epler 2001","N","EcoAnalysts Inc.","W. Hoiland",,,
"1b8711a5-8236-4f7f-9d04-8c74ee760347","D03","BARC","BARC.AOS.riparian.point.08","2017-07-06T12:42Z","2017-11-08","BARC.20170706.BENTHICSWEEP.8",,,"CAESP5","Y","Caenis sp.",,"genus","Arthropoda","Hexapoda","Insecta","Pterygota","Palaeoptera",,"Ephemeroptera","Furcatergalia","Pannota","Caenoidea","Caenidae","Caeninae",,,"Caenis","sp.",,"larva",3,,1,25,4,"Y","N",,"condition OK","Y",,"Merritt and Cummins 2008","N","EcoAnalysts Inc.","J. Pfeiffer",,,
"17a7a041-b7e8-4591-8880-e4e402db16c8","D03","BARC","BARC.AOS.buoy.c0","2017-07-06T12:42Z","2017-10-13","BARC.20170706.PONAR.1",,"BARC.20170706.PONAR.1","NAISP","Y","Naididae sp.","tubificoid Naididae w/o cap setae","family","Annelida","Clitellata","Oligochaeta","Oligochaeta",,,"Tubificida",,,,"Naididae",,,,,"sp.",,"larva",2,,2,100,2,"N","N",,"condition OK","Y",,"Kathman and Brinkhurst 1998","N","EcoAnalysts Inc.","L. Flaherty",,,
"8c22a6e3-5bc2-491e-8f40-1f514ff9ef41","D03","BARC","BARC.AOS.buoy.c0","2017-07-06T12:42Z","2017-11-06","BARC.20170706.PONAR.1",,,"CHASP13","Y","Chaoborus sp.",,"genus","Arthropoda","Hexapoda","Insecta","Pterygota","Neoptera","Holometabola","Diptera","Nematocera","Culicomorpha",,"Chaoboridae","Chaoborinae",,,"Chaoborus","sp.",,"larva",2,,4,100,4,"N","N",,"condition OK","Y",,"Merritt et al 2008","N","EcoAnalysts Inc.","J. Pfeiffer",,,
"92476e62-5708-4ac4-9055-5e75f70922b4","D03","BARC","BARC.AOS.riparian.point.10","2017-07-06T12:42Z","2017-11-08","BARC.20170706.BENTHICSWEEP.10",,,"HYASP2","Y","Hyalella sp.",,"genus","Arthropoda","Crustacea","Malacostraca","Eumalacostraca",,"Peracarida","Amphipoda","Gammaridea",,,"Hyalellidae",,,,"Hyalella","sp.",,"larva",1,,3,25,12,"N","N",,"condition OK","Y",,"Thorp and Covich 2001","N","EcoAnalysts Inc.","J. Pfeiffer",,,
"56a26d7d-96fc-4f91-ba20-601c821bf460","D03","BARC","BARC.AOS.riparian.point.10","2017-07-06T12:42Z","2017-11-03","BARC.20170706.BENTHICSWEEP.10",,"BARC.20170706.BENTHICSWEEP.10","POLSP13","Y","Polypedilum sp.",,"genus","Arthropoda","Hexapoda","Insecta","Pterygota","Neoptera","Holometabola","Diptera","Nematocera","Culicomorpha",,"Chironomidae","Chironominae","Chironomini",,"Polypedilum","sp.",,"larva",1,,1,25,4,"N","N",,"condition OK","Y",,"Epler 2001; Maschwitz and Cook 2000","N","EcoAnalysts Inc.","W. Hoiland",,,
"81aed239-659e-4017-b21f-28f42011fb34","D03","BARC","BARC.AOS.riparian.point.02","2017-07-06T12:42Z","2017-11-02","BARC.20170706.BENTHICSWEEP.2",,"BARC.20170706.BENTHICSWEEP.2","PENSP6","Y","Pentaneurini sp.",,"tribe","Arthropoda","Hexapoda","Insecta","Pterygota","Neoptera","Holometabola","Diptera","Nematocera","Culicomorpha",,"Chironomidae","Tanypodinae","Pentaneurini",,,"sp.",,"pupa",5,,1,16,6,"N","N",,"condition OK","N",,"Epler 2001","N","EcoAnalysts Inc.","W. Hoiland",,,
"fcf16dab-e6c4-49f5-81e5-ae1800c4a7ad","D03","BARC","BARC.AOS.littoral1","2017-07-06T12:42Z","2017-10-13","BARC.20170706.PONAR.2",,"BARC.20170706.PONAR.2","NAISP","Y","Naididae sp.","tubificoid Naididae w/o cap setae","family","Annelida","Clitellata","Oligochaeta","Oligochaeta",,,"Tubificida",,,,"Naididae",,,,,"sp.",,"larva",5,,1,100,1,"N","N",,"condition OK","Y",,"Kathman and Brinkhurst 1998","N","EcoAnalysts Inc.","L. Flaherty",,,
"a8861d90-86b6-42f6-a2ca-1129e0ba7603","D03","BARC","BARC.AOS.riparian.point.06","2017-07-06T12:42Z","2017-11-03","BARC.20170706.BENTHICSWEEP.6",,,"LABSP","Y","Labrundinia sp.",,"genus","Arthropoda","Hexapoda","Insecta","Pterygota","Neoptera","Holometabola","Diptera","Nematocera","Culicomorpha",,"Chironomidae","Tanypodinae","Pentaneurini",,"Labrundinia","sp.",,"larva",5,,11,15,75,"N","N",,"condition OK","Y",,"Epler 2001","N","EcoAnalysts Inc.","W. Hoiland",,,
"bf97b38b-85cb-4f9e-ad6e-b3f4dfdcf0d5","D03","BARC","BARC.AOS.riparian.point.08","2017-07-06T12:42Z","2017-11-08","BARC.20170706.BENTHICSWEEP.8",,,"HYDSP46","Y","Hydrodroma sp.",,"genus","Arthropoda","Chelicerata","Arachnida","Acari",,"Acariformes","Trombidiformes","Prostigmata",,"Hydryphantoidea","Hydrodromidae",,,,"Hydrodroma","sp.",,"larva",1,,3,25,12,"N","N",,"condition OK","Y",,"Thorp and Covich 2001","N","EcoAnalysts Inc.","J. Pfeiffer",,,
"996a2ca8-9df9-492f-a057-b403cb77ad64","D03","BARC","BARC.AOS.riparian.point.10","2017-07-06T12:42Z","2017-11-08","BARC.20170706.BENTHICSWEEP.10",,,"PLASP2","Y","Planorbidae sp.",,"family","Mollusca",,"Gastropoda",,,,"Basommatophora",,,,"Planorbidae",,,,,"sp.",,"larva",1,,1,25,4,"Y","N",,"condition OK","Y",,"Thorp and Covich 2001","N","EcoAnalysts Inc.","J. Pfeiffer",,,
"69050601-b433-47e2-99e1-554ebd3c0ff2","D03","BARC","BARC.AOS.riparian.point.10","2017-07-06T12:42Z","2017-11-08","BARC.20170706.BENTHICSWEEP.10",,,"COESP","Y","Coenagrionidae sp.",,"family","Arthropoda","Hexapoda","Insecta","Pterygota","Palaeoptera",,"Odonata","Zygoptera",,,"Coenagrionidae",,,,,"sp.",,"larva",1,,1,25,4,"Y","N",,"condition OK","Y",,"Westfall and May 1996","N","EcoAnalysts Inc.","J. Pfeiffer",,,
"b62709af-1e51-4058-9b5e-1fb25b1bdfee","D03","BARC","BARC.AOS.littoral1","2017-07-06T12:42Z","2017-10-13","BARC.20170706.PONAR.2",,"BARC.20170706.PONAR.2","DERDIG","Y","Dero digitata",,"species","Annelida","Clitellata","Oligochaeta","Oligochaeta",,,"Tubificida",,,,"Naididae","Naidinae",,,"Dero","digitata",,"larva",2,,9,100,9,"N","N",,"condition OK","Y",,"Kathman and Brinkhurst 1998","N","EcoAnalysts Inc.","L. Flaherty",,,
"916ff728-85d4-4799-8b05-ed951a9c5d3b","D03","BARC","BARC.AOS.buoy.c0","2017-07-06T12:42Z","2017-11-06","BARC.20170706.PONAR.1",,,"BEZSP1","Y","Bezzia/Palpomyia sp.",,"speciesGroup","Arthropoda","Hexapoda","Insecta","Pterygota","Neoptera","Holometabola","Diptera","Nematocera","Culicomorpha",,"Ceratopogonidae","Ceratopogoninae","Palpomyiini",,"Bezzia/Palpomyia","sp.",,"larva",8,,1,100,1,"N","N",,"condition OK","Y",,"Merritt and Cummins 2008","N","EcoAnalysts Inc.","J. Pfeiffer",,,
"06a631bd-46ba-4609-95a5-15716c7b0f3d","D03","BARC","BARC.AOS.riparian.point.02","2017-07-06T12:42Z","2017-11-02","BARC.20170706.BENTHICSWEEP.2",,"BARC.20170706.BENTHICSWEEP.2","ABLSP","Y","Ablabesmyia sp.","(Karelia)","genus","Arthropoda","Hexapoda","Insecta","Pterygota","Neoptera","Holometabola","Diptera","Nematocera","Culicomorpha",,"Chironomidae","Tanypodinae","Pentaneurini",,"Ablabesmyia","sp.",,"larva",2,,1,16,6,"N","N",,"condition OK","Y",,"Epler 2001","N","EcoAnalysts Inc.","W. Hoiland",,,
"12805675-b579-4740-bd54-abff6c47c579","D03","BARC","BARC.AOS.buoy.c0","2017-07-06T12:42Z","2017-11-02","BARC.20170706.PONAR.1",,"BARC.20170706.PONAR.1","ZAVMAR","Y","Zavreliella marmorata",,"species","Arthropoda","Hexapoda","Insecta","Pterygota","Neoptera","Holometabola","Diptera","Nematocera","Culicomorpha",,"Chironomidae","Chironominae","Tanytarsini",,"Zavreliella","marmorata",,"larva",1,,4,100,4,"N","N",,"condition OK","Y",,"Epler 2001","N","EcoAnalysts Inc.","W. Hoiland",,,
"8557f4d0-9bb5-4e22-b046-6c13e35b09f4","D03","BARC","BARC.AOS.riparian.point.08","2017-07-06T12:42Z","2017-11-08","BARC.20170706.BENTHICSWEEP.8",,,"ATRSP1","Y","Atrichopogon sp.",,"genus","Arthropoda","Hexapoda","Insecta","Pterygota","Neoptera","Holometabola","Diptera","Nematocera","Culicomorpha",,"Ceratopogonidae","Forcipomyiinae",,,"Atrichopogon","sp.",,"larva",3,,2,25,8,"N","N",,"condition OK","Y",,"Merritt and Cummins 2008","N","EcoAnalysts Inc.","J. Pfeiffer",,,
"2ec28c54-1a7a-41b4-9e65-8f8d2daffcbb","D03","BARC","BARC.AOS.riparian.point.04","2017-07-06T12:42Z","2017-10-13","BARC.20170706.BENTHICSWEEP.4",,"BARC.20170706.BENTHICSWEEP.4","ENCSP1","Y","Enchytraeidae sp.",,"family","Annelida","Clitellata","Oligochaeta","Oligochaeta",,,"Enchytraeida",,,,"Enchytraeidae",,,,,"sp.",,"larva",2,,1,31,3,"N","N",,"condition OK","Y",,"Kathman and Brinkhurst 1999","Y","EcoAnalysts Inc.","L. Flaherty",,,
"f7613791-05ef-4a74-a453-0456fb292fa2","D03","BARC","BARC.AOS.riparian.point.04","2017-07-06T12:42Z","2017-11-07","BARC.20170706.BENTHICSWEEP.4",,,"BEZSP1","Y","Bezzia/Palpomyia sp.",,"speciesGroup","Arthropoda","Hexapoda","Insecta","Pterygota","Neoptera","Holometabola","Diptera","Nematocera","Culicomorpha",,"Ceratopogonidae","Ceratopogoninae","Palpomyiini",,"Bezzia/Palpomyia","sp.",,"larva",6,,1,31,3,"N","N",,"condition OK","Y",,"Merritt and Cummins 2008","Y","EcoAnalysts Inc.","J. Pfeiffer",,,
"3039f64b-261a-43c2-9a85-0f23bf995680","D03","BARC","BARC.AOS.riparian.point.10","2017-07-06T12:42Z","2017-11-03","BARC.20170706.BENTHICSWEEP.10",,"BARC.20170706.BENTHICSWEEP.10","ZAVMAR","Y","Zavreliella marmorata",,"species","Arthropoda","Hexapoda","Insecta","Pterygota","Neoptera","Holometabola","Diptera","Nematocera","Culicomorpha",,"Chironomidae","Chironominae","Tanytarsini",,"Zavreliella","marmorata",,"larva",2,,4,25,16,"N","N",,"condition OK","Y",,"Epler 2001","N","EcoAnalysts Inc.","W. Hoiland",,,
"33db313c-88bb-48d0-894a-3f18df3c19d9","D03","BARC","BARC.AOS.riparian.point.02","2017-07-06T12:42Z","2017-11-07","BARC.20170706.BENTHICSWEEP.2",,,"HYASP2","Y","Hyalella sp.",,"genus","Arthropoda","Crustacea","Malacostraca","Eumalacostraca",,"Peracarida","Amphipoda","Gammaridea",,,"Hyalellidae",,,,"Hyalella","sp.",,"larva",2,,4,16,25,"N","N",,"condition OK","Y",,"Thorp and Covich 2001","N","EcoAnalysts Inc.","J. Pfeiffer",,,
"fd432b77-448d-423d-a4c6-62b3605facb2","D03","BARC","BARC.AOS.riparian.point.06","2017-07-06T12:42Z","2017-11-03","BARC.20170706.BENTHICSWEEP.6",,,"CHISP6","Y","Chironomini sp.","Chironomini Genus III","tribe","Arthropoda","Hexapoda","Insecta","Pterygota","Neoptera","Holometabola","Diptera","Nematocera","Culicomorpha",,"Chironomidae","Chironominae","Chironomini",,,"sp.",,"larva",2,,1,15,7,"N","N",,"condition OK","Y",,"Epler 2001","N","EcoAnalysts Inc.","W. Hoiland",,,
"2dea2dda-9a19-4b3d-8054-c40dfd0eb034","D03","BARC","BARC.AOS.riparian.point.08","2017-07-06T12:42Z","2017-11-08","BARC.20170706.BENTHICSWEEP.8",,,"CALSP14","Y","Callibaetis sp.",,"genus","Arthropoda","Hexapoda","Insecta","Pterygota","Palaeoptera",,"Ephemeroptera","Pisciforma",,,"Baetidae",,,,"Callibaetis","sp.",,"larva",1,,2,25,8,"N","N",,"condition OK","Y",,"Merritt and Cummins 2008","N","EcoAnalysts Inc.","J. Pfeiffer",,,
"e8769b26-9f4e-4a48-b3e4-bf7372ff966d","D03","BARC","BARC.AOS.riparian.point.04","2017-07-06T12:42Z","2017-11-02","BARC.20170706.BENTHICSWEEP.4",,"BARC.20170706.BENTHICSWEEP.4","LARSP","Y","Larsia sp.",,"genus","Arthropoda","Hexapoda","Insecta","Pterygota","Neoptera","Holometabola","Diptera","Nematocera","Culicomorpha",,"Chironomidae","Tanypodinae","Pentaneurini",,"Larsia","sp.",,"larva",4,,4,31,13,"N","N",,"condition OK","Y",,"Epler 2001","Y","EcoAnalysts Inc.","W. Hoiland",,,
"bce67c7e-b342-4cc0-92a6-d57809d2dac2","D03","BARC","BARC.AOS.littoral1","2017-07-06T12:42Z","2017-11-02","BARC.20170706.PONAR.2",,"BARC.20170706.PONAR.2","TANSP11","Y","Tanytarsus sp.",,"genus","Arthropoda","Hexapoda","Insecta","Pterygota","Neoptera","Holometabola","Diptera","Nematocera","Culicomorpha",,"Chironomidae","Chironominae","Tanytarsini",,"Tanytarsus","sp.",,"larva",3,,2,100,2,"N","N",,"condition OK","Y",,"Epler 2001","N","EcoAnalysts Inc.","W. Hoiland",,,
"a3ea81f3-ed1c-4dbf-924f-52768af6962a","D03","BARC","BARC.AOS.riparian.point.02","2017-07-06T12:42Z","2017-11-02","BARC.20170706.BENTHICSWEEP.2",,"BARC.20170706.BENTHICSWEEP.2","CLASP6","Y","Cladotanytarsus sp.",,"genus","Arthropoda","Hexapoda","Insecta","Pterygota","Neoptera","Holometabola","Diptera","Nematocera","Culicomorpha",,"Chironomidae","Chironominae","Tanytarsini",,"Cladotanytarsus","sp.",,"larva",1,,1,16,6,"N","N",,"condition OK","Y",,"Epler 2001","N","EcoAnalysts Inc.","W. Hoiland",,,
"1d0c232f-0596-490a-bda9-4853b0d9afaf","D03","BARC","BARC.AOS.riparian.point.06","2017-07-06T12:42Z","2017-11-03","BARC.20170706.BENTHICSWEEP.6",,,"CHISP6","Y","Chironomini sp.",,"tribe","Arthropoda","Hexapoda","Insecta","Pterygota","Neoptera","Holometabola","Diptera","Nematocera","Culicomorpha",,"Chironomidae","Chironominae","Chironomini",,,"sp.",,"larva",1,,2,15,14,"Y","N",,"condition OK","N",,"Epler 2001","N","EcoAnalysts Inc.","W. Hoiland",,,
"82fb3379-d991-4a1b-a553-0be78dcdd90a","D03","BARC","BARC.AOS.littoral2","2017-07-06T12:42Z","2017-11-06","BARC.20170706.PONAR.3",,,"UNISP4","Y","Unionicola sp.",,"genus","Arthropoda","Chelicerata","Arachnida","Acari",,"Acariformes","Trombidiformes","Prostigmata",,"Hygrobatoidea","Unionicolidae",,,,"Unionicola","sp.",,"adult",1,,1,100,1,"N","N",,"condition OK","Y",,"Thorp and Covich 2001","N","EcoAnalysts Inc.","J. Pfeiffer",,,
"3d7739d9-537d-4301-b33a-7690a3c05861","D03","BARC","BARC.AOS.riparian.point.10","2017-07-06T12:42Z","2017-11-03","BARC.20170706.BENTHICSWEEP.10",,"BARC.20170706.BENTHICSWEEP.10","PSESP18","Y","Pseudochironomus sp.",,"genus","Arthropoda","Hexapoda","Insecta","Pterygota","Neoptera","Holometabola","Diptera","Nematocera","Culicomorpha",,"Chironomidae","Chironominae","Pseudochironomini",,"Pseudochironomus","sp.",,"larva",4,,2,25,8,"N","N",,"condition OK","Y",,"Epler 2001","N","EcoAnalysts Inc.","W. Hoiland",,,
"184272d6-7358-405d-8df1-25c1589d06f4","D03","BARC","BARC.AOS.riparian.point.08","2017-07-06T12:42Z","2017-11-08","BARC.20170706.BENTHICSWEEP.8",,,"ANISP1","Y","Anisoptera sp.",,"suborder","Arthropoda","Hexapoda","Insecta","Pterygota","Palaeoptera",,"Odonata","Anisoptera",,,,,,,,"sp.",,"larva",1,,1,25,4,"Y","N",,"condition OK","Y",,"Merritt and Cummins 2008","N","EcoAnalysts Inc.","J. Pfeiffer",,,
"1f0d46ec-bdc5-4d1b-9c26-f2ebce17c8dd","D03","BARC","BARC.AOS.littoral2","2017-07-06T12:42Z","2017-11-06","BARC.20170706.PONAR.3",,"BARC.20170706.PONAR.3","GLOELO","Y","Gloiobdella elongata",,"species","Annelida","Clitellata","Hirudinea","Hirudinea","Euhirudinea",,"Rhynchobdellida",,,,"Glossiphoniidae","Haementeriinae",,,"Gloiobdella","elongata",,"larva",4,,4,100,4,"N","N",,"condition OK","Y",,"Thorp and Covich 2001","N","EcoAnalysts Inc.","J. Pfeiffer",,,
"a38f43d1-4df9-465c-b2a0-c15d8192e191","D03","BARC","BARC.AOS.littoral1","2017-07-06T12:42Z","2017-10-13","BARC.20170706.PONAR.2",,"BARC.20170706.PONAR.2","BRADAD","Y","Bratislavia dadayi",,"species","Annelida","Clitellata","Oligochaeta","Oligochaeta",,,"Tubificida",,,,"Naididae","Naidinae",,,"Bratislavia","dadayi",,"larva",5,,6,100,6,"N","N",,"condition OK","Y",,"Kathman and Brinkhurst 1998","N","EcoAnalysts Inc.","L. Flaherty",,,
"533dc22b-b238-41f2-8942-d9d2172b3967","D03","BARC","BARC.AOS.riparian.point.08","2017-07-06T12:42Z","2017-11-03","BARC.20170706.BENTHICSWEEP.8",,,"ZAVMAR","Y","Zavreliella marmorata",,"species","Arthropoda","Hexapoda","Insecta","Pterygota","Neoptera","Holometabola","Diptera","Nematocera","Culicomorpha",,"Chironomidae","Chironominae","Tanytarsini",,"Zavreliella","marmorata",,"larva",2,,8,25,32,"N","N",,"condition OK","Y",,"Epler 2001","N","EcoAnalysts Inc.","W. Hoiland",,,
"9d4fabc8-3685-4e3b-901b-b47e8db93a7a","D03","BARC","BARC.AOS.buoy.c0","2017-07-06T12:42Z","2017-11-06","BARC.20170706.PONAR.1",,,"CHASP13","Y","Chaoborus sp.",,"genus","Arthropoda","Hexapoda","Insecta","Pterygota","Neoptera","Holometabola","Diptera","Nematocera","Culicomorpha",,"Chaoboridae","Chaoborinae",,,"Chaoborus","sp.",,"larva",5,,1,100,1,"N","N",,"condition OK","Y",,"Merritt et al 2008","N","EcoAnalysts Inc.","J. Pfeiffer",,,
"b662708f-1a34-4b43-a9d0-ffc037216bbf","D03","BARC","BARC.AOS.buoy.c0","2017-07-06T12:42Z","2017-11-02","BARC.20170706.PONAR.1",,"BARC.20170706.PONAR.1","ZAVMAR","Y","Zavreliella marmorata",,"species","Arthropoda","Hexapoda","Insecta","Pterygota","Neoptera","Holometabola","Diptera","Nematocera","Culicomorpha",,"Chironomidae","Chironominae","Tanytarsini",,"Zavreliella","marmorata",,"larva",3,,51,100,51,"N","N",,"condition OK","Y",,"Epler 2001","N","EcoAnalysts Inc.","W. Hoiland",,,
"7a17f8b0-c51e-48a5-9ec6-99877e4722ec","D03","BARC","BARC.AOS.littoral1","2017-07-06T12:42Z","2017-11-06","BARC.20170706.PONAR.2",,,"NEMSP","Y","Nematoda sp.",,"phylum","Nematoda",,,,,,,,,,,,,,,"sp.",,"larva",7,,1,100,1,"N","N",,"condition OK","Y",,"Thorp and Covich 2001","N","EcoAnalysts Inc.","J. Pfeiffer",,,
"dec7531c-8b57-4601-878c-f78eaeb84257","D03","BARC","BARC.AOS.littoral1","2017-07-06T12:42Z","2017-11-06","BARC.20170706.PONAR.2",,,"NEMSP","Y","Nematoda sp.",,"phylum","Nematoda",,,,,,,,,,,,,,,"sp.",,"larva",3,,2,100,2,"N","N",,"condition OK","Y",,"Thorp and Covich 2001","N","EcoAnalysts Inc.","J. Pfeiffer",,,
"7adb4ed2-d8a8-4ec2-a88b-7ed5cc35f983","D03","BARC","BARC.AOS.littoral1","2017-07-06T12:42Z","2017-10-13","BARC.20170706.PONAR.2",,"BARC.20170706.PONAR.2","NAISP","Y","Naididae sp.","tubificoid Naididae w/o cap setae","family","Annelida","Clitellata","Oligochaeta","Oligochaeta",,,"Tubificida",,,,"Naididae",,,,,"sp.",,"larva",3,,1,100,1,"N","N",,"condition OK","Y",,"Kathman and Brinkhurst 1998","N","EcoAnalysts Inc.","L. Flaherty",,,
"5fddf2bb-7bc5-4272-ac89-1b67e6fcb84e","D03","BARC","BARC.AOS.riparian.point.10","2017-07-06T12:42Z","2017-11-03","BARC.20170706.BENTHICSWEEP.10",,"BARC.20170706.BENTHICSWEEP.10","PSESP18","Y","Pseudochironomus sp.",,"genus","Arthropoda","Hexapoda","Insecta","Pterygota","Neoptera","Holometabola","Diptera","Nematocera","Culicomorpha",,"Chironomidae","Chironominae","Pseudochironomini",,"Pseudochironomus","sp.",,"larva",2,,1,25,4,"N","N",,"condition OK","Y",,"Epler 2001","N","EcoAnalysts Inc.","W. Hoiland",,,
"d97f7f0e-31fc-481c-9979-6963903112d4","D03","BARC","BARC.AOS.riparian.point.02","2017-07-06T12:42Z","2017-11-02","BARC.20170706.BENTHICSWEEP.2",,"BARC.20170706.BENTHICSWEEP.2","TANSP8","Y","Tanytarsini sp.",,"tribe","Arthropoda","Hexapoda","Insecta","Pterygota","Neoptera","Holometabola","Diptera","Nematocera","Culicomorpha",,"Chironomidae","Chironominae","Tanytarsini",,,"sp.",,"larva",3,,1,16,6,"Y","N",,"condition OK","N",,"Epler 2001","N","EcoAnalysts Inc.","W. Hoiland",,,
"4a0b6ac0-3754-47a2-aba4-368513e5b545","D03","BARC","BARC.AOS.buoy.c0","2017-07-06T12:42Z","2017-11-02","BARC.20170706.PONAR.1",,"BARC.20170706.PONAR.1","PROSP23","Y","Procladius sp.",,"genus","Arthropoda","Hexapoda","Insecta","Pterygota","Neoptera","Holometabola","Diptera","Nematocera","Culicomorpha",,"Chironomidae","Tanypodinae","Procladiini",,"Procladius","sp.",,"larva",2,,4,100,4,"N","N",,"condition OK","Y",,"Epler 2001","N","EcoAnalysts Inc.","W. Hoiland",,,
"b82dc65a-1026-4060-9386-eb031cf048f7","D03","BARC","BARC.AOS.riparian.point.08","2017-07-06T12:42Z","2017-11-03","BARC.20170706.BENTHICSWEEP.8",,,"LABSP","Y","Labrundinia sp.",,"genus","Arthropoda","Hexapoda","Insecta","Pterygota","Neoptera","Holometabola","Diptera","Nematocera","Culicomorpha",,"Chironomidae","Tanypodinae","Pentaneurini",,"Labrundinia","sp.",,"larva",2,,10,25,40,"N","N",,"condition OK","Y",,"Epler 2001","N","EcoAnalysts Inc.","W. Hoiland",,,
"7f546b7c-d6a3-4b6f-abb9-a90a37185ac0","D03","BARC","BARC.AOS.riparian.point.08","2017-07-06T12:42Z","2017-11-08","BARC.20170706.BENTHICSWEEP.8",,,"CAESP5","Y","Caenis sp.",,"genus","Arthropoda","Hexapoda","Insecta","Pterygota","Palaeoptera",,"Ephemeroptera","Furcatergalia","Pannota","Caenoidea","Caenidae","Caeninae",,,"Caenis","sp.",,"larva",2,,2,25,8,"Y","N",,"condition OK","Y",,"Merritt and Cummins 2008","N","EcoAnalysts Inc.","J. Pfeiffer",,,
"a4d76bb3-c37c-4d43-a7d9-b4a3bf451c3e","D03","BARC","BARC.AOS.riparian.point.06","2017-07-06T12:42Z","2017-11-07","BARC.20170706.BENTHICSWEEP.6",,,"ORTSP2","Y","Orthotrichia sp.",,"genus","Arthropoda","Hexapoda","Insecta","Pterygota","Neoptera","Holometabola","Trichoptera",,,"Hydroptiloidea","Hydroptilidae","Hydroptilinae","Orthotrichiini",,"Orthotrichia","sp.",,"larva",1,,1,15,7,"N","N",,"condition OK","Y",,"Wiggins 1996","N","EcoAnalysts Inc.","J. Pfeiffer",,,
"aafffdfe-2370-4d96-8693-c27feaf65488","D03","BARC","BARC.AOS.riparian.point.02","2017-07-06T12:42Z","2017-11-07","BARC.20170706.BENTHICSWEEP.2",,,"ACASP1","Y","Acari sp.",,"subclass","Arthropoda","Chelicerata","Arachnida","Acari",,,,,,,,,,,,"sp.",,"larva",1,,1,16,6,"Y","N",,"condition OK","Y",,"Thorp and Covich 2001","N","EcoAnalysts Inc.","J. Pfeiffer",,,
"17720e16-3bd1-476b-b20c-5c4f694fce51","D03","BARC","BARC.AOS.riparian.point.08","2017-07-06T12:42Z","2017-11-08","BARC.20170706.BENTHICSWEEP.8",,,"COESP","Y","Coenagrionidae sp.",,"family","Arthropoda","Hexapoda","Insecta","Pterygota","Palaeoptera",,"Odonata","Zygoptera",,,"Coenagrionidae",,,,,"sp.",,"larva",2,,2,25,8,"Y","N",,"condition OK","Y",,"Westfall and May 1996","N","EcoAnalysts Inc.","J. Pfeiffer",,,
"1562c832-64a7-4985-b0d5-ecfca506c6b0","D03","BARC","BARC.AOS.riparian.point.06","2017-07-06T12:42Z","2017-11-03","BARC.20170706.BENTHICSWEEP.6",,,"CHISP8","Y","Chironomus sp.",,"genus","Arthropoda","Hexapoda","Insecta","Pterygota","Neoptera","Holometabola","Diptera","Nematocera","Culicomorpha",,"Chironomidae","Chironominae","Chironomini",,"Chironomus","sp.",,"larva",1,,2,15,14,"N","N",,"condition OK","Y",,"Epler 2001","N","EcoAnalysts Inc.","W. Hoiland",,,
"00d49075-7b20-414b-b766-01a7304f623a","D03","BARC","BARC.AOS.riparian.point.04","2017-07-06T12:42Z","2017-11-02","BARC.20170706.BENTHICSWEEP.4",,"BARC.20170706.BENTHICSWEEP.4","DICSP7","Y","Dicrotendipes sp.",,"genus","Arthropoda","Hexapoda","Insecta","Pterygota","Neoptera","Holometabola","Diptera","Nematocera","Culicomorpha",,"Chironomidae","Chironominae","Chironomini",,"Dicrotendipes","sp.",,"larva",2,,1,31,3,"N","N",,"condition OK","Y",,"Epler 1987, 1988, 2001","Y","EcoAnalysts Inc.","W. Hoiland",,,
"a18220b7-b134-408a-8f3b-b6232af7d263","D03","BARC","BARC.AOS.riparian.point.04","2017-07-06T12:42Z","2017-11-07","BARC.20170706.BENTHICSWEEP.4",,,"ARRSP2","Y","Arrenurus sp.",,"genus","Arthropoda","Chelicerata","Arachnida","Acari",,"Acariformes","Trombidiformes","Prostigmata",,"Arrenuroidea","Arrenuridae",,,,"Arrenurus","sp.",,"larva",1,,2,31,6,"N","N",,"condition OK","Y",,"Thorp and Covich 2001","Y","EcoAnalysts Inc.","J. Pfeiffer",,,
"4302f52a-1762-43a6-9e94-94d5bd31fdaa","D03","BARC","BARC.AOS.riparian.point.04","2017-07-06T12:42Z","2017-11-07","BARC.20170706.BENTHICSWEEP.4",,,"CERSP10","Y","Ceratopogoninae sp.",,"subfamily","Arthropoda","Hexapoda","Insecta","Pterygota","Neoptera","Holometabola","Diptera","Nematocera","Culicomorpha",,"Ceratopogonidae","Ceratopogoninae",,,,"sp.",,"larva",2,,1,31,3,"N","N",,"condition OK","Y",,"Merritt and Cummins 2008","Y","EcoAnalysts Inc.","J. Pfeiffer",,,
"26daef54-d4cd-4661-ac90-ac26bdf87336","D03","BARC","BARC.AOS.buoy.c0","2017-07-06T12:42Z","2017-11-02","BARC.20170706.PONAR.1",,"BARC.20170706.PONAR.1","ZAVMAR","Y","Zavreliella marmorata",,"species","Arthropoda","Hexapoda","Insecta","Pterygota","Neoptera","Holometabola","Diptera","Nematocera","Culicomorpha",,"Chironomidae","Chironominae","Tanytarsini",,"Zavreliella","marmorata",,"larva",5,,16,100,16,"N","N",,"condition OK","Y",,"Epler 2001","N","EcoAnalysts Inc.","W. Hoiland",,,
"eb6b6e68-b70e-4943-a37b-e8281ad0a82c","D03","BARC","BARC.AOS.buoy.c0","2017-07-06T12:42Z","2017-10-13","BARC.20170706.PONAR.1",,"BARC.20170706.PONAR.1","NAISP","Y","Naididae sp.","tubificoid Naididae w/o cap setae","family","Annelida","Clitellata","Oligochaeta","Oligochaeta",,,"Tubificida",,,,"Naididae",,,,,"sp.",,"larva",3,,4,100,4,"N","N",,"condition OK","Y",,"Kathman and Brinkhurst 1998","N","EcoAnalysts Inc.","L. Flaherty",,,
"04e04577-a854-4b20-824a-f367ceed9cac","D03","BARC","BARC.AOS.riparian.point.08","2017-07-06T12:42Z","2017-11-08","BARC.20170706.BENTHICSWEEP.8",,,"CAESP5","Y","Caenis sp.",,"genus","Arthropoda","Hexapoda","Insecta","Pterygota","Palaeoptera",,"Ephemeroptera","Furcatergalia","Pannota","Caenoidea","Caenidae","Caeninae",,,"Caenis","sp.",,"larva",1,,27,25,108,"Y","N",,"condition OK","Y",,"Merritt and Cummins 2008","N","EcoAnalysts Inc.","J. Pfeiffer",,,
"3554cbb1-28e9-402c-972e-78356f9f7a25","D03","BARC","BARC.AOS.riparian.point.02","2017-07-06T12:42Z","2017-11-07","BARC.20170706.BENTHICSWEEP.2",,,"CAESP5","Y","Caenis sp.",,"genus","Arthropoda","Hexapoda","Insecta","Pterygota","Palaeoptera",,"Ephemeroptera","Furcatergalia","Pannota","Caenoidea","Caenidae","Caeninae",,,"Caenis","sp.",,"larva",1,,26,16,164,"Y","N",,"condition OK","Y",,"Merritt and Cummins 2008","N","EcoAnalysts Inc.","J. Pfeiffer",,,
"59a6ea30-ec13-4e14-a1d8-e1ce299ca6b1","D03","BARC","BARC.AOS.riparian.point.10","2017-07-06T12:42Z","2017-11-03","BARC.20170706.BENTHICSWEEP.10",,"BARC.20170706.BENTHICSWEEP.10","ZAVMAR","Y","Zavreliella marmorata",,"species","Arthropoda","Hexapoda","Insecta","Pterygota","Neoptera","Holometabola","Diptera","Nematocera","Culicomorpha",,"Chironomidae","Chironominae","Tanytarsini",,"Zavreliella","marmorata",,"larva",1,,11,25,44,"N","N",,"condition OK","Y",,"Epler 2001","N","EcoAnalysts Inc.","W. Hoiland",,,
"636927e7-5b5a-4679-893e-23740a88ef36","D03","BARC","BARC.AOS.riparian.point.04","2017-07-06T12:42Z","2017-11-02","BARC.20170706.BENTHICSWEEP.4",,"BARC.20170706.BENTHICSWEEP.4","CHISP6","Y","Chironomini sp.",,"tribe","Arthropoda","Hexapoda","Insecta","Pterygota","Neoptera","Holometabola","Diptera","Nematocera","Culicomorpha",,"Chironomidae","Chironominae","Chironomini",,,"sp.",,"larva",1,,2,31,6,"Y","N",,"condition OK","N",,"Epler 2001","Y","EcoAnalysts Inc.","W. Hoiland",,,
"21e7fefe-f435-469e-95fb-2b2498a617c7","D03","BARC","BARC.AOS.riparian.point.04","2017-07-06T12:42Z","2017-11-07","BARC.20170706.BENTHICSWEEP.4",,,"HYDSP46","Y","Hydrodroma sp.",,"genus","Arthropoda","Chelicerata","Arachnida","Acari",,"Acariformes","Trombidiformes","Prostigmata",,"Hydryphantoidea","Hydrodromidae",,,,"Hydrodroma","sp.",,"larva",1,,3,31,10,"N","N",,"condition OK","Y",,"Thorp and Covich 2001","Y","EcoAnalysts Inc.","J. Pfeiffer",,,
"f5efc6b1-87e8-41bf-9f69-4f6051d80d7a","D03","BARC","BARC.AOS.riparian.point.10","2017-07-06T12:42Z","2017-11-03","BARC.20170706.BENTHICSWEEP.10",,"BARC.20170706.BENTHICSWEEP.10","LABSP","Y","Labrundinia sp.",,"genus","Arthropoda","Hexapoda","Insecta","Pterygota","Neoptera","Holometabola","Diptera","Nematocera","Culicomorpha",,"Chironomidae","Tanypodinae","Pentaneurini",,"Labrundinia","sp.",,"larva",2,,1,25,4,"N","N",,"condition OK","Y",,"Epler 2001","N","EcoAnalysts Inc.","W. Hoiland",,,
"20f4cef8-e589-4d18-be9a-688732263f85","D03","BARC","BARC.AOS.riparian.point.02","2017-07-06T12:42Z","2017-11-07","BARC.20170706.BENTHICSWEEP.2",,,"NEMSP","Y","Nematoda sp.",,"phylum","Nematoda",,,,,,,,,,,,,,,"sp.",,"larva",1,,1,16,6,"N","N",,"condition OK","Y",,"Thorp and Covich 2001","N","EcoAnalysts Inc.","J. Pfeiffer",,,
"4fc03723-443b-4c82-9ac1-7e823f8df888","D03","BARC","BARC.AOS.riparian.point.08","2017-07-06T12:42Z","2017-11-08","BARC.20170706.BENTHICSWEEP.8",,,"ORISP1","Y","Oribatida sp.",,"suborder","Arthropoda","Chelicerata","Arachnida","Acari",,"Acariformes","Sarcoptiformes","Oribatida",,,,,,,,"sp.",,"larva",1,,162,25,648,"N","N",,"condition OK","Y",,"Thorp and Covich 2001","N","EcoAnalysts Inc.","J. Pfeiffer",,,
"37615b0b-fc5d-4503-84c2-53e68a7b0c5b","D03","BARC","BARC.AOS.riparian.point.02","2017-07-06T12:42Z","2017-11-07","BARC.20170706.BENTHICSWEEP.2",,,"HYDSP5","Y","Hydroptilidae sp.",,"family","Arthropoda","Hexapoda","Insecta","Pterygota","Neoptera","Holometabola","Trichoptera",,,"Hydroptiloidea","Hydroptilidae",,,,,"sp.",,"larva",1,,1,16,6,"Y","N",,"condition OK","Y",,"Wiggins 1996","N","EcoAnalysts Inc.","J. Pfeiffer",,,
"88bf61fb-0b68-4e7f-b58b-4abe8603540f","D03","BARC","BARC.AOS.littoral1","2017-07-06T12:42Z","2017-11-06","BARC.20170706.PONAR.2",,,"NEMSP","Y","Nematoda sp.",,"phylum","Nematoda",,,,,,,,,,,,,,,"sp.",,"larva",4,,1,100,1,"N","N",,"condition OK","Y",,"Thorp and Covich 2001","N","EcoAnalysts Inc.","J. Pfeiffer",,,
"7d426d80-a457-430e-aa1b-f9e9cd75343d","D03","BARC","BARC.AOS.riparian.point.06","2017-07-06T12:42Z","2017-11-03","BARC.20170706.BENTHICSWEEP.6",,,"LARSP","Y","Larsia sp.",,"genus","Arthropoda","Hexapoda","Insecta","Pterygota","Neoptera","Holometabola","Diptera","Nematocera","Culicomorpha",,"Chironomidae","Tanypodinae","Pentaneurini",,"Larsia","sp.",,"larva",4,,2,15,14,"N","N",,"condition OK","Y",,"Epler 2001","N","EcoAnalysts Inc.","W. Hoiland",,,
"0c21816e-38e1-414c-9544-0691fd93104a","D03","BARC","BARC.AOS.littoral2","2017-07-06T12:42Z","2017-11-06","BARC.20170706.PONAR.3",,"BARC.20170706.PONAR.3","GLOELO","Y","Gloiobdella elongata",,"species","Annelida","Clitellata","Hirudinea","Hirudinea","Euhirudinea",,"Rhynchobdellida",,,,"Glossiphoniidae","Haementeriinae",,,"Gloiobdella","elongata",,"larva",3,,1,100,1,"N","N",,"condition OK","Y",,"Thorp and Covich 2001","N","EcoAnalysts Inc.","J. Pfeiffer",,,
"3d230996-286d-408d-ac5b-5875c4144790","D03","BARC","BARC.AOS.riparian.point.06","2017-07-06T12:42Z","2017-11-03","BARC.20170706.BENTHICSWEEP.6",,,"LARSP","Y","Larsia sp.",,"genus","Arthropoda","Hexapoda","Insecta","Pterygota","Neoptera","Holometabola","Diptera","Nematocera","Culicomorpha",,"Chironomidae","Tanypodinae","Pentaneurini",,"Larsia","sp.",,"larva",3,,3,15,20,"N","N",,"condition OK","Y",,"Epler 2001","N","EcoAnalysts Inc.","W. Hoiland",,,
"9e06c98f-7e72-4c30-96bf-bfb3b3cde27f","D03","BARC","BARC.AOS.riparian.point.08","2017-07-06T12:42Z","2017-11-03","BARC.20170706.BENTHICSWEEP.8",,,"ZAVMAR","Y","Zavreliella marmorata",,"species","Arthropoda","Hexapoda","Insecta","Pterygota","Neoptera","Holometabola","Diptera","Nematocera","Culicomorpha",,"Chironomidae","Chironominae","Tanytarsini",,"Zavreliella","marmorata",,"larva",3,,2,25,8,"N","N",,"condition OK","Y",,"Epler 2001","N","EcoAnalysts Inc.","W. Hoiland",,,
"5b028203-b13a-4837-aca3-8323320aa6f5","D03","BARC","BARC.AOS.riparian.point.04","2017-07-06T12:42Z","2017-11-02","BARC.20170706.BENTHICSWEEP.4",,"BARC.20170706.BENTHICSWEEP.4","LABSP","Y","Labrundinia sp.",,"genus","Arthropoda","Hexapoda","Insecta","Pterygota","Neoptera","Holometabola","Diptera","Nematocera","Culicomorpha",,"Chironomidae","Tanypodinae","Pentaneurini",,"Labrundinia","sp.",,"larva",2,,4,31,13,"N","N",,"condition OK","Y",,"Epler 2001","Y","EcoAnalysts Inc.","W. Hoiland",,,
"3c82f014-95c4-41b7-9b93-2dafce457a26","D03","BARC","BARC.AOS.riparian.point.04","2017-07-06T12:42Z","2017-11-02","BARC.20170706.BENTHICSWEEP.4",,"BARC.20170706.BENTHICSWEEP.4","LARSP","Y","Larsia sp.",,"genus","Arthropoda","Hexapoda","Insecta","Pterygota","Neoptera","Holometabola","Diptera","Nematocera","Culicomorpha",,"Chironomidae","Tanypodinae","Pentaneurini",,"Larsia","sp.",,"larva",2,,2,31,6,"N","N",,"condition OK","Y",,"Epler 2001","Y","EcoAnalysts Inc.","W. Hoiland",,,
"f2a719e3-0a87-47e5-b630-9147e20c9584","D03","BARC","BARC.AOS.riparian.point.06","2017-07-06T12:42Z","2017-11-03","BARC.20170706.BENTHICSWEEP.6",,,"LABSP","Y","Labrundinia sp.",,"genus","Arthropoda","Hexapoda","Insecta","Pterygota","Neoptera","Holometabola","Diptera","Nematocera","Culicomorpha",,"Chironomidae","Tanypodinae","Pentaneurini",,"Labrundinia","sp.",,"larva",3,,10,15,68,"N","N",,"condition OK","Y",,"Epler 2001","N","EcoAnalysts Inc.","W. Hoiland",,,
"e395437f-7a74-4827-bc24-3383d5510415","D03","BARC","BARC.AOS.riparian.point.06","2017-07-06T12:42Z","2017-11-07","BARC.20170706.BENTHICSWEEP.6",,,"COESP","Y","Coenagrionidae sp.",,"family","Arthropoda","Hexapoda","Insecta","Pterygota","Palaeoptera",,"Odonata","Zygoptera",,,"Coenagrionidae",,,,,"sp.",,"larva",1,,1,15,7,"Y","N",,"condition OK","Y",,"Westfall and May 1996","N","EcoAnalysts Inc.","J. Pfeiffer",,,
"9cf1f8e6-809d-47c7-9036-12e7372fb2df","D03","BARC","BARC.AOS.buoy.c0","2017-07-06T12:42Z","2017-11-06","BARC.20170706.PONAR.1",,"BARC.20170706.PONAR.1","GLOELO","Y","Gloiobdella elongata",,"species","Annelida","Clitellata","Hirudinea","Hirudinea","Euhirudinea",,"Rhynchobdellida",,,,"Glossiphoniidae","Haementeriinae",,,"Gloiobdella","elongata",,"larva",10,,1,100,1,"N","N",,"condition OK","Y",,"Thorp and Covich 2001","N","EcoAnalysts Inc.","J. Pfeiffer",,,
"c100f08b-8e31-4434-96fb-ddf9d31fc9aa","D03","BARC","BARC.AOS.riparian.point.04","2017-07-06T12:42Z","2017-11-02","BARC.20170706.BENTHICSWEEP.4",,"BARC.20170706.BENTHICSWEEP.4","PSESP18","Y","Pseudochironomus sp.",,"genus","Arthropoda","Hexapoda","Insecta","Pterygota","Neoptera","Holometabola","Diptera","Nematocera","Culicomorpha",,"Chironomidae","Chironominae","Pseudochironomini",,"Pseudochironomus","sp.",,"larva",3,,1,31,3,"N","N",,"condition OK","Y",,"Epler 2001","Y","EcoAnalysts Inc.","W. Hoiland",,,
"5e0c7d6b-c3b6-4d60-80f2-18b1ae1e0209","D03","BARC","BARC.AOS.riparian.point.04","2017-07-06T12:42Z","2017-11-07","BARC.20170706.BENTHICSWEEP.4",,,"CAESP5","Y","Caenis sp.",,"genus","Arthropoda","Hexapoda","Insecta","Pterygota","Palaeoptera",,"Ephemeroptera","Furcatergalia","Pannota","Caenoidea","Caenidae","Caeninae",,,"Caenis","sp.",,"larva",1,,7,31,22,"N","N",,"condition OK","Y",,"Merritt and Cummins 2008","Y","EcoAnalysts Inc.","J. Pfeiffer",,,
"b6697c33-74b2-4d72-abf0-846564dc2f52","D03","BARC","BARC.AOS.riparian.point.04","2017-07-06T12:42Z","2017-11-02","BARC.20170706.BENTHICSWEEP.4",,"BARC.20170706.BENTHICSWEEP.4","LABSP","Y","Labrundinia sp.",,"genus","Arthropoda","Hexapoda","Insecta","Pterygota","Neoptera","Holometabola","Diptera","Nematocera","Culicomorpha",,"Chironomidae","Tanypodinae","Pentaneurini",,"Labrundinia","sp.",,"larva",3,,19,31,61,"N","N",,"condition OK","Y",,"Epler 2001","Y","EcoAnalysts Inc.","W. Hoiland",,,
"6aa4fa8a-bc9d-4990-95dc-2802d90d567c","D03","BARC","BARC.AOS.riparian.point.04","2017-07-06T12:42Z","2017-11-02","BARC.20170706.BENTHICSWEEP.4",,"BARC.20170706.BENTHICSWEEP.4","TANSP11","Y","Tanytarsus sp.",,"genus","Arthropoda","Hexapoda","Insecta","Pterygota","Neoptera","Holometabola","Diptera","Nematocera","Culicomorpha",,"Chironomidae","Chironominae","Tanytarsini",,"Tanytarsus","sp.",,"larva",2,,1,31,3,"N","N",,"condition OK","Y",,"Epler 2001","Y","EcoAnalysts Inc.","W. Hoiland",,,
"4e0fa06b-d7e4-4035-ba70-195dc50a273c","D03","BARC","BARC.AOS.buoy.c0","2017-07-06T12:42Z","2017-11-06","BARC.20170706.PONAR.1",,,"LIMSP32","Y","Limnesia sp.",,"genus","Arthropoda","Chelicerata","Arachnida","Acari",,"Acariformes","Trombidiformes","Prostigmata",,"Hygrobatoidea","Limnesiidae",,,,"Limnesia","sp.",,"adult",1,,1,100,1,"N","N",,"condition OK","Y",,"Thorp and Covich 2001","N","EcoAnalysts Inc.","J. Pfeiffer",,,
"8625d49b-98f4-484d-a1b5-400de279cf6f","D03","BARC","BARC.AOS.riparian.point.08","2017-07-06T12:42Z","2017-11-08","BARC.20170706.BENTHICSWEEP.8",,,"COESP","Y","Coenagrionidae sp.",,"family","Arthropoda","Hexapoda","Insecta","Pterygota","Palaeoptera",,"Odonata","Zygoptera",,,"Coenagrionidae",,,,,"sp.",,"larva",1,,5,25,20,"Y","N",,"condition OK","Y",,"Westfall and May 1996","N","EcoAnalysts Inc.","J. Pfeiffer",,,
"b727cefc-8aef-4596-9d46-c80f128e6223","D03","BARC","BARC.AOS.riparian.point.04","2017-07-06T12:42Z","2017-11-07","BARC.20170706.BENTHICSWEEP.4",,,"NEMSP","Y","Nematoda sp.",,"phylum","Nematoda",,,,,,,,,,,,,,,"sp.",,"larva",2,,7,31,22,"N","N",,"condition OK","Y",,"Thorp and Covich 2001","Y","EcoAnalysts Inc.","J. Pfeiffer",,,
"3e6c9ea8-a2be-498e-aee2-15df3773e3c0","D03","BARC","BARC.AOS.littoral1","2017-07-06T12:42Z","2017-11-06","BARC.20170706.PONAR.2",,,"NEMSP","Y","Nematoda sp.",,"phylum","Nematoda",,,,,,,,,,,,,,,"sp.",,"larva",31,,2,100,2,"N","N",,"condition OK","Y",,"Thorp and Covich 2001","N","EcoAnalysts Inc.","J. Pfeiffer",,,
"210855e2-ac19-488b-b4af-c87b6643e085","D03","BARC","BARC.AOS.riparian.point.04","2017-07-06T12:42Z","2017-11-02","BARC.20170706.BENTHICSWEEP.4",,"BARC.20170706.BENTHICSWEEP.4","CHISP8","Y","Chironomus sp.",,"genus","Arthropoda","Hexapoda","Insecta","Pterygota","Neoptera","Holometabola","Diptera","Nematocera","Culicomorpha",,"Chironomidae","Chironominae","Chironomini",,"Chironomus","sp.",,"larva",4,,2,31,6,"N","N",,"condition OK","Y",,"Epler 2001","Y","EcoAnalysts Inc.","W. Hoiland",,,
"de2efa2c-2f97-4795-8ebd-2705c55a0bb8","D03","BARC","BARC.AOS.riparian.point.02","2017-07-06T12:42Z","2017-11-07","BARC.20170706.BENTHICSWEEP.2",,,"PLASP2","Y","Planorbidae sp.",,"family","Mollusca",,"Gastropoda",,,,"Basommatophora",,,,"Planorbidae",,,,,"sp.",,"larva",1,,1,16,6,"N","N",,"condition OK","Y",,"Thorp and Covich 2001","N","EcoAnalysts Inc.","J. Pfeiffer",,,
"abbb7cd5-dc2f-4836-8c62-f2ee3fadd39c","D03","BARC","BARC.AOS.riparian.point.06","2017-07-06T12:42Z","2017-11-07","BARC.20170706.BENTHICSWEEP.6",,,"ATRSP1","Y","Atrichopogon sp.",,"genus","Arthropoda","Hexapoda","Insecta","Pterygota","Neoptera","Holometabola","Diptera","Nematocera","Culicomorpha",,"Ceratopogonidae","Forcipomyiinae",,,"Atrichopogon","sp.",,"larva",2,,2,15,14,"N","N",,"condition OK","Y",,"Merritt and Cummins 2008","N","EcoAnalysts Inc.","J. Pfeiffer",,,
"d4cb806e-d60f-4c1b-8d53-a4bb226a53e7","D03","BARC","BARC.AOS.riparian.point.02","2017-07-06T12:42Z","2017-11-02","BARC.20170706.BENTHICSWEEP.2",,"BARC.20170706.BENTHICSWEEP.2","DICSP7","Y","Dicrotendipes sp.",,"genus","Arthropoda","Hexapoda","Insecta","Pterygota","Neoptera","Holometabola","Diptera","Nematocera","Culicomorpha",,"Chironomidae","Chironominae","Chironomini",,"Dicrotendipes","sp.",,"larva",1,,1,16,6,"Y","N",,"condition OK","Y",,"Epler 1987, 1988, 2001","N","EcoAnalysts Inc.","W. Hoiland",,,
"5dfeafbf-b757-4683-9b4a-ea432ce62160","D03","BARC","BARC.AOS.riparian.point.08","2017-07-06T12:42Z","2017-11-03","BARC.20170706.BENTHICSWEEP.8",,,"CHISP8","Y","Chironomus sp.",,"genus","Arthropoda","Hexapoda","Insecta","Pterygota","Neoptera","Holometabola","Diptera","Nematocera","Culicomorpha",,"Chironomidae","Chironominae","Chironomini",,"Chironomus","sp.",,"larva",2,,9,25,36,"N","N",,"condition OK","Y",,"Epler 2001","N","EcoAnalysts Inc.","W. Hoiland",,,
"99df5e57-b163-4fc2-a9c1-95e7ad928dd1","D03","BARC","BARC.AOS.riparian.point.02","2017-07-06T12:42Z","2017-11-02","BARC.20170706.BENTHICSWEEP.2",,"BARC.20170706.BENTHICSWEEP.2","TANSP11","Y","Tanytarsus sp.",,"genus","Arthropoda","Hexapoda","Insecta","Pterygota","Neoptera","Holometabola","Diptera","Nematocera","Culicomorpha",,"Chironomidae","Chironominae","Tanytarsini",,"Tanytarsus","sp.",,"larva",1,,1,16,6,"N","N",,"condition OK","Y",,"Epler 2001","N","EcoAnalysts Inc.","W. Hoiland",,,
"fb7986ff-7a73-4034-9525-069bea62a4c7","D03","BARC","BARC.AOS.riparian.point.06","2017-07-06T12:42Z","2017-11-07","BARC.20170706.BENTHICSWEEP.6",,,"EPHSP","Y","Ephemeroptera sp.",,"order","Arthropoda","Hexapoda","Insecta","Pterygota","Palaeoptera",,"Ephemeroptera",,,,,,,,,"sp.",,"larva",1,,2,15,14,"Y","N",,"condition OK","Y",,"Merritt and Cummins 2008","N","EcoAnalysts Inc.","J. Pfeiffer",,,
"4306f5ec-8fda-4e69-a6f8-b3c323b85043","D03","BARC","BARC.AOS.riparian.point.06","2017-07-06T12:42Z","2017-11-07","BARC.20170706.BENTHICSWEEP.6",,,"OXYSP","Y","Oxyethira sp.",,"genus","Arthropoda","Hexapoda","Insecta","Pterygota","Neoptera","Holometabola","Trichoptera",,,"Hydroptiloidea","Hydroptilidae","Hydroptilinae","Hydroptilini",,"Oxyethira","sp.",,"larva",2,,3,15,20,"N","N",,"condition OK","Y",,"Wiggins 1996","N","EcoAnalysts Inc.","J. Pfeiffer",,,
"018edbc4-42a3-43b0-8610-9b6a66a7678a","D03","BARC","BARC.AOS.littoral1","2017-07-06T12:42Z","2017-11-02","BARC.20170706.PONAR.2",,"BARC.20170706.PONAR.2","CLASP6","Y","Cladotanytarsus sp.",,"genus","Arthropoda","Hexapoda","Insecta","Pterygota","Neoptera","Holometabola","Diptera","Nematocera","Culicomorpha",,"Chironomidae","Chironominae","Tanytarsini",,"Cladotanytarsus","sp.",,"larva",3,,2,100,2,"N","N",,"condition OK","Y",,"Epler 2001","N","EcoAnalysts Inc.","W. Hoiland",,,
"397706dd-1d3f-43cb-9012-de6a6cdbed8d","D03","BARC","BARC.AOS.riparian.point.08","2017-07-06T12:42Z","2017-11-03","BARC.20170706.BENTHICSWEEP.8",,,"CHISP8","Y","Chironomus sp.",,"genus","Arthropoda","Hexapoda","Insecta","Pterygota","Neoptera","Holometabola","Diptera","Nematocera","Culicomorpha",,"Chironomidae","Chironominae","Chironomini",,"Chironomus","sp.",,"larva",3,,3,25,12,"N","N",,"condition OK","Y",,"Epler 2001","N","EcoAnalysts Inc.","W. Hoiland",,,
"29f935f8-f988-4cd3-8e47-9d9e6a9a2103","D03","BARC","BARC.AOS.riparian.point.04","2017-07-06T12:42Z","2017-11-02","BARC.20170706.BENTHICSWEEP.4",,"BARC.20170706.BENTHICSWEEP.4","ZAVMAR","Y","Zavreliella marmorata",,"species","Arthropoda","Hexapoda","Insecta","Pterygota","Neoptera","Holometabola","Diptera","Nematocera","Culicomorpha",,"Chironomidae","Chironominae","Tanytarsini",,"Zavreliella","marmorata",,"larva",2,,16,31,51,"N","N",,"condition OK","Y",,"Epler 2001","Y","EcoAnalysts Inc.","W. Hoiland",,,
"74210365-aa83-4783-9fec-d9d03bbc14ee","D03","BARC","BARC.AOS.littoral1","2017-07-06T12:42Z","2017-11-02","BARC.20170706.PONAR.2",,"BARC.20170706.PONAR.2","PROSP23","Y","Procladius sp.",,"genus","Arthropoda","Hexapoda","Insecta","Pterygota","Neoptera","Holometabola","Diptera","Nematocera","Culicomorpha",,"Chironomidae","Tanypodinae","Procladiini",,"Procladius","sp.",,"larva",3,,1,100,1,"N","N",,"condition OK","Y",,"Epler 2001","N","EcoAnalysts Inc.","W. Hoiland",,,
"e82a388c-cee4-4ef8-bbc7-1c582ad9bb44","D03","BARC","BARC.AOS.riparian.point.04","2017-07-06T12:42Z","2017-11-07","BARC.20170706.BENTHICSWEEP.4",,,"BEZSP1","Y","Bezzia/Palpomyia sp.",,"speciesGroup","Arthropoda","Hexapoda","Insecta","Pterygota","Neoptera","Holometabola","Diptera","Nematocera","Culicomorpha",,"Ceratopogonidae","Ceratopogoninae","Palpomyiini",,"Bezzia/Palpomyia","sp.",,"larva",7,,1,31,3,"N","N",,"condition OK","Y",,"Merritt and Cummins 2008","Y","EcoAnalysts Inc.","J. Pfeiffer",,,
"d540ea64-9cf3-4dae-bfe2-50d236392257","D03","BARC","BARC.AOS.riparian.point.04","2017-07-06T12:42Z","2017-11-07","BARC.20170706.BENTHICSWEEP.4",,,"CALSP14","Y","Callibaetis sp.",,"genus","Arthropoda","Hexapoda","Insecta","Pterygota","Palaeoptera",,"Ephemeroptera","Pisciforma",,,"Baetidae",,,,"Callibaetis","sp.",,"larva",1,,2,31,6,"N","N",,"condition OK","Y",,"Merritt and Cummins 2008","Y","EcoAnalysts Inc.","J. Pfeiffer",,,
"ecd9c478-8730-414a-9c2f-b794296e4e4f","D03","BARC","BARC.AOS.riparian.point.06","2017-07-06T12:42Z","2017-11-03","BARC.20170706.BENTHICSWEEP.6",,,"ZAVMAR","Y","Zavreliella marmorata",,"species","Arthropoda","Hexapoda","Insecta","Pterygota","Neoptera","Holometabola","Diptera","Nematocera","Culicomorpha",,"Chironomidae","Chironominae","Tanytarsini",,"Zavreliella","marmorata",,"larva",1,,3,15,20,"N","N",,"condition OK","Y",,"Epler 2001","N","EcoAnalysts Inc.","W. Hoiland",,,
"27a6cf37-19e8-4d70-80a0-8c511a54c511","D03","BARC","BARC.AOS.buoy.c0","2017-07-06T12:42Z","2017-10-13","BARC.20170706.PONAR.1",,"BARC.20170706.PONAR.1","NAISP","Y","Naididae sp.","tubificoid Naididae w/o cap setae","family","Annelida","Clitellata","Oligochaeta","Oligochaeta",,,"Tubificida",,,,"Naididae",,,,,"sp.",,"larva",7,,1,100,1,"N","N",,"condition OK","Y",,"Kathman and Brinkhurst 1998","N","EcoAnalysts Inc.","L. Flaherty",,,
"d8ed09cd-cce4-416e-bf56-83883a946b38","D03","BARC","BARC.AOS.riparian.point.06","2017-07-06T12:42Z","2017-11-07","BARC.20170706.BENTHICSWEEP.6",,,"CAESP5","Y","Caenis sp.",,"genus","Arthropoda","Hexapoda","Insecta","Pterygota","Palaeoptera",,"Ephemeroptera","Furcatergalia","Pannota","Caenoidea","Caenidae","Caeninae",,,"Caenis","sp.",,"larva",1,,2,15,14,"N","N",,"condition OK","Y",,"Merritt and Cummins 2008","N","EcoAnalysts Inc.","J. Pfeiffer",,,
"d5c39cc3-10d0-4029-89c3-06f3f9e79aca","D03","BARC","BARC.AOS.riparian.point.08","2017-07-06T12:42Z","2017-11-08","BARC.20170706.BENTHICSWEEP.8",,,"OXYSP","Y","Oxyethira sp.",,"genus","Arthropoda","Hexapoda","Insecta","Pterygota","Neoptera","Holometabola","Trichoptera",,,"Hydroptiloidea","Hydroptilidae","Hydroptilinae","Hydroptilini",,"Oxyethira","sp.",,"larva",1,,1,25,4,"N","N",,"condition OK","Y",,"Wiggins 1996","N","EcoAnalysts Inc.","J. Pfeiffer",,,
"a3aee806-548e-4d84-a7e0-376d44e27f00","D03","BARC","BARC.AOS.riparian.point.08","2017-07-06T12:42Z","2017-11-03","BARC.20170706.BENTHICSWEEP.8",,,"LABSP","Y","Labrundinia sp.",,"genus","Arthropoda","Hexapoda","Insecta","Pterygota","Neoptera","Holometabola","Diptera","Nematocera","Culicomorpha",,"Chironomidae","Tanypodinae","Pentaneurini",,"Labrundinia","sp.",,"larva",1,,11,25,44,"N","N",,"condition OK","Y",,"Epler 2001","N","EcoAnalysts Inc.","W. Hoiland",,,
"64f1ff1f-6236-41dc-82aa-3ec4d96560cd","D03","BARC","BARC.AOS.riparian.point.04","2017-07-06T12:42Z","2017-10-13","BARC.20170706.BENTHICSWEEP.4",,"BARC.20170706.BENTHICSWEEP.4","DERDIG","Y","Dero digitata",,"species","Annelida","Clitellata","Oligochaeta","Oligochaeta",,,"Tubificida",,,,"Naididae","Naidinae",,,"Dero","digitata",,"larva",1,,1,31,3,"N","N",,"condition OK","Y",,"Kathman and Brinkhurst 1998","Y","EcoAnalysts Inc.","L. Flaherty",,,
"a68b033b-b3f3-492e-a13e-61db7308a6b2","D03","BARC","BARC.AOS.riparian.point.02","2017-07-06T12:42Z","2017-10-13","BARC.20170706.BENTHICSWEEP.2",,"BARC.20170706.BENTHICSWEEP.2","BRADAD","Y","Bratislavia dadayi",,"species","Annelida","Clitellata","Oligochaeta","Oligochaeta",,,"Tubificida",,,,"Naididae","Naidinae",,,"Bratislavia","dadayi",,"larva",3,,1,16,6,"N","N",,"condition OK","Y",,"Kathman and Brinkhurst 1998","N","EcoAnalysts Inc.","L. Flaherty",,,
"068a0317-5cd7-447e-a9d7-26714be02088","D03","BARC","BARC.AOS.riparian.point.08","2017-07-06T12:42Z","2017-11-03","BARC.20170706.BENTHICSWEEP.8",,,"LABSP","Y","Labrundinia sp.",,"genus","Arthropoda","Hexapoda","Insecta","Pterygota","Neoptera","Holometabola","Diptera","Nematocera","Culicomorpha",,"Chironomidae","Tanypodinae","Pentaneurini",,"Labrundinia","sp.",,"larva",4,,5,25,20,"N","N",,"condition OK","Y",,"Epler 2001","N","EcoAnalysts Inc.","W. Hoiland",,,
"c0c615ed-e5af-45a2-b605-69e9eb8108f3","D03","BARC","BARC.AOS.riparian.point.02","2017-07-06T12:42Z","2017-11-02","BARC.20170706.BENTHICSWEEP.2",,"BARC.20170706.BENTHICSWEEP.2","CHISP8","Y","Chironomus sp.",,"genus","Arthropoda","Hexapoda","Insecta","Pterygota","Neoptera","Holometabola","Diptera","Nematocera","Culicomorpha",,"Chironomidae","Chironominae","Chironomini",,"Chironomus","sp.",,"larva",2,,2,16,13,"N","N",,"condition OK","Y",,"Epler 2001","N","EcoAnalysts Inc.","W. Hoiland",,,
"dfdfaaec-44b9-41d9-9d2f-bb94f874010a","D03","BARC","BARC.AOS.littoral1","2017-07-06T12:42Z","2017-10-13","BARC.20170706.PONAR.2",,"BARC.20170706.PONAR.2","DERDIG","Y","Dero digitata",,"species","Annelida","Clitellata","Oligochaeta","Oligochaeta",,,"Tubificida",,,,"Naididae","Naidinae",,,"Dero","digitata",,"larva",5,,1,100,1,"N","N",,"condition OK","Y",,"Kathman and Brinkhurst 1998","N","EcoAnalysts Inc.","L. Flaherty",,,
"2ef04fb1-7d60-42f2-a694-0d5b0d301c04","D03","BARC","BARC.AOS.riparian.point.02","2017-07-06T12:42Z","2017-10-13","BARC.20170706.BENTHICSWEEP.2",,"BARC.20170706.BENTHICSWEEP.2","DERDIG","Y","Dero digitata",,"species","Annelida","Clitellata","Oligochaeta","Oligochaeta",,,"Tubificida",,,,"Naididae","Naidinae",,,"Dero","digitata",,"larva",2,,5,16,32,"N","N",,"condition OK","Y",,"Kathman and Brinkhurst 1998","N","EcoAnalysts Inc.","L. Flaherty",,,
"751ff964-5bcb-4f9d-a1ac-76509e6a524b","D03","BARC","BARC.AOS.riparian.point.04","2017-07-06T12:42Z","2017-11-07","BARC.20170706.BENTHICSWEEP.4",,,"COLSP1","Y","Collembola sp.",,"order","Arthropoda","Hexapoda","Collembola",,,,"Collembola",,,,,,,,,"sp.",,"adult",1,,1,31,3,"N","N",,"condition OK","Y",,"Triplehorn and Johnson 2005","Y","EcoAnalysts Inc.","J. Pfeiffer",,,
"2d9f73a0-cb72-4249-ba27-6b926ef9beda","D03","BARC","BARC.AOS.littoral2","2017-07-06T12:42Z","2017-11-06","BARC.20170706.PONAR.3",,"BARC.20170706.PONAR.3","GLOELO","Y","Gloiobdella elongata",,"species","Annelida","Clitellata","Hirudinea","Hirudinea","Euhirudinea",,"Rhynchobdellida",,,,"Glossiphoniidae","Haementeriinae",,,"Gloiobdella","elongata",,"larva",5,,5,100,5,"N","N",,"condition OK","Y",,"Thorp and Covich 2001","N","EcoAnalysts Inc.","J. Pfeiffer",,,
"d3729053-e656-45c0-acf2-bd1bb108917a","D03","BARC","BARC.AOS.riparian.point.04","2017-07-06T12:42Z","2017-11-02","BARC.20170706.BENTHICSWEEP.4",,"BARC.20170706.BENTHICSWEEP.4","CORSP19","Y","Corynoneura sp.",,"genus","Arthropoda","Hexapoda","Insecta","Pterygota","Neoptera","Holometabola","Diptera","Nematocera","Culicomorpha",,"Chironomidae","Orthocladiinae",,,"Corynoneura","sp.",,"larva",2,,2,31,6,"N","N",,"condition OK","Y",,"Epler 2001","Y","EcoAnalysts Inc.","W. Hoiland",,,
"bec13b3d-f1ef-4a59-a7c8-67159948788e","D03","BARC","BARC.AOS.riparian.point.10","2017-07-06T12:42Z","2017-11-03","BARC.20170706.BENTHICSWEEP.10",,"BARC.20170706.BENTHICSWEEP.10","LABSP","Y","Labrundinia sp.",,"genus","Arthropoda","Hexapoda","Insecta","Pterygota","Neoptera","Holometabola","Diptera","Nematocera","Culicomorpha",,"Chironomidae","Tanypodinae","Pentaneurini",,"Labrundinia","sp.",,"larva",1,,1,25,4,"N","N",,"condition OK","Y",,"Epler 2001","N","EcoAnalysts Inc.","W. Hoiland",,,
"1e87d540-d364-47db-ab7d-faeb2ee2a43d","D03","BARC","BARC.AOS.riparian.point.04","2017-07-06T12:42Z","2017-11-07","BARC.20170706.BENTHICSWEEP.4",,,"HYASP2","Y","Hyalella sp.",,"genus","Arthropoda","Crustacea","Malacostraca","Eumalacostraca",,"Peracarida","Amphipoda","Gammaridea",,,"Hyalellidae",,,,"Hyalella","sp.",,"larva",1,,4,31,13,"N","N",,"condition OK","Y",,"Thorp and Covich 2001","Y","EcoAnalysts Inc.","J. Pfeiffer",,,
"38064af8-58d1-4234-a8cd-b2313102973e","D03","BARC","BARC.AOS.buoy.c0","2017-07-06T12:42Z","2017-10-13","BARC.20170706.PONAR.1",,"BARC.20170706.PONAR.1","NAISP","Y","Naididae sp.","tubificoid Naididae w/o cap setae","family","Annelida","Clitellata","Oligochaeta","Oligochaeta",,,"Tubificida",,,,"Naididae",,,,,"sp.",,"larva",5,,4,100,4,"N","N",,"condition OK","Y",,"Kathman and Brinkhurst 1998","N","EcoAnalysts Inc.","L. Flaherty",,,
"3beb790b-024f-45cc-a47a-27b9379b4d0b","D03","BARC","BARC.AOS.riparian.point.06","2017-07-06T12:42Z","2017-11-07","BARC.20170706.BENTHICSWEEP.6",,,"VELSP","Y","Veliidae sp.",,"family","Arthropoda","Hexapoda","Insecta","Pterygota","Neoptera","Paraneoptera","Hemiptera","Heteroptera","Gerromorpha","Gerroidea","Veliidae",,,,,"sp.",,"larva",1,,1,15,7,"Y","N",,"condition OK","Y",,"Merritt and Cummins 2008","N","EcoAnalysts Inc.","J. Pfeiffer",,,
"742cc9d8-ffdc-4ff4-aa3b-945ae9ee7845","D03","BARC","BARC.AOS.riparian.point.02","2017-07-06T12:42Z","2017-11-02","BARC.20170706.BENTHICSWEEP.2",,"BARC.20170706.BENTHICSWEEP.2","CHISP6","Y","Chironomini sp.",,"tribe","Arthropoda","Hexapoda","Insecta","Pterygota","Neoptera","Holometabola","Diptera","Nematocera","Culicomorpha",,"Chironomidae","Chironominae","Chironomini",,,"sp.",,"larva",1,,10,16,63,"Y","N",,"condition OK","N",,"Epler 2001","N","EcoAnalysts Inc.","W. Hoiland",,,
"d138476d-4a57-4a85-84f5-8dec120c6317","D03","BARC","BARC.AOS.buoy.c0","2017-07-06T12:42Z","2017-11-02","BARC.20170706.PONAR.1",,"BARC.20170706.PONAR.1","PROSP23","Y","Procladius sp.",,"genus","Arthropoda","Hexapoda","Insecta","Pterygota","Neoptera","Holometabola","Diptera","Nematocera","Culicomorpha",,"Chironomidae","Tanypodinae","Procladiini",,"Procladius","sp.",,"larva",6,,56,100,56,"N","N",,"condition OK","Y",,"Epler 2001","N","EcoAnalysts Inc.","W. Hoiland",,,
"3c501bd7-182d-42b3-a7f1-2ed19e8c0033","D03","BARC","BARC.AOS.riparian.point.04","2017-07-06T12:42Z","2017-11-07","BARC.20170706.BENTHICSWEEP.4",,,"AMPSP1","Y","Amphipoda sp.",,"order","Arthropoda","Crustacea","Malacostraca","Eumalacostraca",,"Peracarida","Amphipoda",,,,,,,,,"sp.",,"larva",1,,1,31,3,"N","N",,"condition OK","N",,"Thorp and Covich 2001","Y","EcoAnalysts Inc.","J. Pfeiffer",,,
"976e1d48-ce40-4a94-b649-ea0c4dbe5e20","D03","BARC","BARC.AOS.riparian.point.06","2017-07-06T12:42Z","2017-11-07","BARC.20170706.BENTHICSWEEP.6",,,"ARRSP2","Y","Arrenurus sp.",,"genus","Arthropoda","Chelicerata","Arachnida","Acari",,"Acariformes","Trombidiformes","Prostigmata",,"Arrenuroidea","Arrenuridae",,,,"Arrenurus","sp.",,"larva",1,,1,15,7,"N","N",,"condition OK","Y",,"Thorp and Covich 2001","N","EcoAnalysts Inc.","J. Pfeiffer",,,
"ca83ea02-28e5-4637-84cf-1675a605eb37","D03","BARC","BARC.AOS.littoral1","2017-07-06T12:42Z","2017-10-13","BARC.20170706.PONAR.2",,"BARC.20170706.PONAR.2","BRADAD","Y","Bratislavia dadayi",,"species","Annelida","Clitellata","Oligochaeta","Oligochaeta",,,"Tubificida",,,,"Naididae","Naidinae",,,"Bratislavia","dadayi",,"larva",6,,2,100,2,"N","N",,"condition OK","Y",,"Kathman and Brinkhurst 1998","N","EcoAnalysts Inc.","L. Flaherty",,,
"99581d1d-0aec-45ee-ae23-9e35b8eed442","D03","BARC","BARC.AOS.riparian.point.08","2017-07-06T12:42Z","2017-11-08","BARC.20170706.BENTHICSWEEP.8",,,"EPHSP","Y","Ephemeroptera sp.",,"order","Arthropoda","Hexapoda","Insecta","Pterygota","Palaeoptera",,"Ephemeroptera",,,,,,,,,"sp.",,"larva",1,,3,25,12,"Y","N",,"condition OK","N",,"Merritt and Cummins 2008","N","EcoAnalysts Inc.","J. Pfeiffer",,,
"bcbc82aa-92a4-42d1-8724-f1a943cb661a","D03","BARC","BARC.AOS.riparian.point.10","2017-07-06T12:42Z","2017-11-08","BARC.20170706.BENTHICSWEEP.10",,,"BAESP","Y","Baetidae sp.",,"family","Arthropoda","Hexapoda","Insecta","Pterygota","Palaeoptera",,"Ephemeroptera","Pisciforma",,,"Baetidae",,,,,"sp.",,"larva",1,,3,25,12,"N","N",,"condition OK","N",,"Merritt and Cummins 2008","N","EcoAnalysts Inc.","J. Pfeiffer",,,
"125cb67d-11d6-459a-a804-f269725bfff2","D03","BARC","BARC.AOS.riparian.point.06","2017-07-06T12:42Z","2017-11-03","BARC.20170706.BENTHICSWEEP.6",,,"CHISP8","Y","Chironomus sp.",,"genus","Arthropoda","Hexapoda","Insecta","Pterygota","Neoptera","Holometabola","Diptera","Nematocera","Culicomorpha",,"Chironomidae","Chironominae","Chironomini",,"Chironomus","sp.",,"larva",4,,1,15,7,"N","N",,"condition OK","Y",,"Epler 2001","N","EcoAnalysts Inc.","W. Hoiland",,,
"03dcbd24-a0d0-41b2-81cd-7594d4ff44a7","D03","BARC","BARC.AOS.riparian.point.10","2017-07-06T12:42Z","2017-11-08","BARC.20170706.BENTHICSWEEP.10",,,"CALSP14","Y","Callibaetis sp.",,"genus","Arthropoda","Hexapoda","Insecta","Pterygota","Palaeoptera",,"Ephemeroptera","Pisciforma",,,"Baetidae",,,,"Callibaetis","sp.",,"larva",1,,3,25,12,"N","N",,"condition OK","Y",,"Merritt and Cummins 2008","N","EcoAnalysts Inc.","J. Pfeiffer",,,
"61779e86-1f8a-433e-9c6b-3c409d8f2ac2","D03","BARC","BARC.AOS.buoy.c0","2017-07-06T12:42Z","2017-11-02","BARC.20170706.PONAR.1",,"BARC.20170706.PONAR.1","PROSP23","Y","Procladius sp.",,"genus","Arthropoda","Hexapoda","Insecta","Pterygota","Neoptera","Holometabola","Diptera","Nematocera","Culicomorpha",,"Chironomidae","Tanypodinae","Procladiini",,"Procladius","sp.",,"larva",5,,26,100,26,"N","N",,"condition OK","Y",,"Epler 2001","N","EcoAnalysts Inc.","W. Hoiland",,,
"173e5de1-cd01-4af5-abd1-23d77f54f56a","D03","BARC","BARC.AOS.littoral1","2017-07-06T12:42Z","2017-11-02","BARC.20170706.PONAR.2",,"BARC.20170706.PONAR.2","TANSP8","Y","Tanytarsini sp.",,"tribe","Arthropoda","Hexapoda","Insecta","Pterygota","Neoptera","Holometabola","Diptera","Nematocera","Culicomorpha",,"Chironomidae","Chironominae","Tanytarsini",,,"sp.",,"larva",2,,1,100,1,"N","N",,"condition OK","N",,"Epler 2001","N","EcoAnalysts Inc.","W. Hoiland",,,
"19bedd96-f0ee-43d7-9792-121291dfd2ed","D03","BARC","BARC.AOS.littoral2","2017-07-06T12:42Z","2017-11-06","BARC.20170706.PONAR.3",,,"NEMSP","Y","Nematoda sp.",,"phylum","Nematoda",,,,,,,,,,,,,,,"sp.",,"larva",2,,1,100,1,"N","N",,"condition OK","Y",,"Thorp and Covich 2001","N","EcoAnalysts Inc.","J. Pfeiffer",,,
"cb5d7d07-2c19-4721-b641-1ce89606a907","D03","BARC","BARC.AOS.buoy.c0","2017-07-06T12:42Z","2017-11-06","BARC.20170706.PONAR.1",,,"CHASP13","Y","Chaoborus sp.",,"genus","Arthropoda","Hexapoda","Insecta","Pterygota","Neoptera","Holometabola","Diptera","Nematocera","Culicomorpha",,"Chaoboridae","Chaoborinae",,,"Chaoborus","sp.",,"larva",4,,3,100,3,"N","N",,"condition OK","Y",,"Merritt et al 2008","N","EcoAnalysts Inc.","J. Pfeiffer",,,
"a40da532-bbd8-4b26-bffe-5203a53dede4","D03","BARC","BARC.AOS.riparian.point.06","2017-07-06T12:42Z","2017-11-07","BARC.20170706.BENTHICSWEEP.6",,,"CALSP14","Y","Callibaetis sp.",,"genus","Arthropoda","Hexapoda","Insecta","Pterygota","Palaeoptera",,"Ephemeroptera","Pisciforma",,,"Baetidae",,,,"Callibaetis","sp.",,"larva",1,,8,15,55,"N","N",,"condition OK","Y",,"Merritt and Cummins 2008","N","EcoAnalysts Inc.","J. Pfeiffer",,,
"596b2ed1-1bce-4f5f-a674-44cc8277dae7","D03","BARC","BARC.AOS.riparian.point.10","2017-07-06T12:42Z","2017-11-08","BARC.20170706.BENTHICSWEEP.10",,,"CAESP5","Y","Caenis sp.",,"genus","Arthropoda","Hexapoda","Insecta","Pterygota","Palaeoptera",,"Ephemeroptera","Furcatergalia","Pannota","Caenoidea","Caenidae","Caeninae",,,"Caenis","sp.",,"larva",2,,2,25,8,"N","N",,"condition OK","Y",,"Merritt and Cummins 2008","N","EcoAnalysts Inc.","J. Pfeiffer",,,
"172cc431-3428-4cbe-81fb-aedafef78162","D03","BARC","BARC.AOS.riparian.point.04","2017-07-06T12:42Z","2017-11-02","BARC.20170706.BENTHICSWEEP.4",,"BARC.20170706.BENTHICSWEEP.4","ZAVMAR","Y","Zavreliella marmorata",,"species","Arthropoda","Hexapoda","Insecta","Pterygota","Neoptera","Holometabola","Diptera","Nematocera","Culicomorpha",,"Chironomidae","Chironominae","Tanytarsini",,"Zavreliella","marmorata",,"larva",3,,8,31,26,"N","N",,"condition OK","Y",,"Epler 2001","Y","EcoAnalysts Inc.","W. Hoiland",,,
"f8abdab3-baf0-40e9-8bae-3f89cd38615d","D03","BARC","BARC.AOS.riparian.point.06","2017-07-06T12:42Z","2017-11-03","BARC.20170706.BENTHICSWEEP.6",,,"PSESP18","Y","Pseudochironomus sp.",,"genus","Arthropoda","Hexapoda","Insecta","Pterygota","Neoptera","Holometabola","Diptera","Nematocera","Culicomorpha",,"Chironomidae","Chironominae","Pseudochironomini",,"Pseudochironomus","sp.",,"larva",1,,1,15,7,"N","N",,"condition OK","Y",,"Epler 2001","N","EcoAnalysts Inc.","W. Hoiland",,,
"9ca04799-7289-4562-a5ed-f7286c6b432e","D03","BARC","BARC.AOS.riparian.point.08","2017-07-06T12:42Z","2017-11-03","BARC.20170706.BENTHICSWEEP.8",,,"CHISP6","Y","Chironomini sp.","Chironomini Genus III","tribe","Arthropoda","Hexapoda","Insecta","Pterygota","Neoptera","Holometabola","Diptera","Nematocera","Culicomorpha",,"Chironomidae","Chironominae","Chironomini",,,"sp.",,"larva",2,,1,25,4,"N","N",,"condition OK","Y",,"Epler 2001","N","EcoAnalysts Inc.","W. Hoiland",,,
"9d574b0b-f2d5-4a2f-a984-36e78f5b48bb","D03","BARC","BARC.AOS.littoral1","2017-07-06T12:42Z","2017-10-13","BARC.20170706.PONAR.2",,"BARC.20170706.PONAR.2","BRADAD","Y","Bratislavia dadayi",,"species","Annelida","Clitellata","Oligochaeta","Oligochaeta",,,"Tubificida",,,,"Naididae","Naidinae",,,"Bratislavia","dadayi",,"larva",3,,1,100,1,"N","N",,"condition OK","Y",,"Kathman and Brinkhurst 1998","N","EcoAnalysts Inc.","L. Flaherty",,,
"42ae5b2c-be55-4117-8263-4db57df4d136","D03","BARC","BARC.AOS.riparian.point.06","2017-07-06T12:42Z","2017-11-07","BARC.20170706.BENTHICSWEEP.6",,,"OXYSP","Y","Oxyethira sp.",,"genus","Arthropoda","Hexapoda","Insecta","Pterygota","Neoptera","Holometabola","Trichoptera",,,"Hydroptiloidea","Hydroptilidae","Hydroptilinae","Hydroptilini",,"Oxyethira","sp.",,"larva",1,,1,15,7,"N","N",,"condition OK","Y",,"Wiggins 1996","N","EcoAnalysts Inc.","J. Pfeiffer",,,
"fed080d0-dd17-48c6-82f6-11082b4dd8a2","D03","BARC","BARC.AOS.buoy.c0","2017-07-06T12:42Z","2017-11-06","BARC.20170706.PONAR.1",,,"CHASP13","Y","Chaoborus sp.",,"genus","Arthropoda","Hexapoda","Insecta","Pterygota","Neoptera","Holometabola","Diptera","Nematocera","Culicomorpha",,"Chaoboridae","Chaoborinae",,,"Chaoborus","sp.",,"larva",1,,1,100,1,"N","N",,"condition OK","Y",,"Merritt et al 2008","N","EcoAnalysts Inc.","J. Pfeiffer",,,
"58918398-4c0e-4e1a-a35e-6a7f7c2ac692","D03","BARC","BARC.AOS.buoy.c0","2017-07-06T12:42Z","2017-11-02","BARC.20170706.PONAR.1",,"BARC.20170706.PONAR.1","ZAVMAR","Y","Zavreliella marmorata",,"species","Arthropoda","Hexapoda","Insecta","Pterygota","Neoptera","Holometabola","Diptera","Nematocera","Culicomorpha",,"Chironomidae","Chironominae","Tanytarsini",,"Zavreliella","marmorata",,"larva",6,,14,100,14,"N","N",,"condition OK","Y",,"Epler 2001","N","EcoAnalysts Inc.","W. Hoiland",,,
"ac25a8ab-c028-46b7-8424-72d663cd6c53","D03","BARC","BARC.AOS.littoral2","2017-07-06T12:42Z","2017-11-06","BARC.20170706.PONAR.3",,"BARC.20170706.PONAR.3","GLOELO","Y","Gloiobdella elongata",,"species","Annelida","Clitellata","Hirudinea","Hirudinea","Euhirudinea",,"Rhynchobdellida",,,,"Glossiphoniidae","Haementeriinae",,,"Gloiobdella","elongata",,"larva",7,,1,100,1,"N","N",,"condition OK","Y",,"Thorp and Covich 2001","N","EcoAnalysts Inc.","J. Pfeiffer",,,
"2faf7082-13e4-4b51-b408-05d35a68ece5","D03","BARC","BARC.AOS.riparian.point.02","2017-07-06T12:42Z","2017-11-07","BARC.20170706.BENTHICSWEEP.2",,,"CAESP5","Y","Caenis sp.",,"genus","Arthropoda","Hexapoda","Insecta","Pterygota","Palaeoptera",,"Ephemeroptera","Furcatergalia","Pannota","Caenoidea","Caenidae","Caeninae",,,"Caenis","sp.",,"larva",3,,2,16,13,"Y","N",,"condition OK","Y",,"Merritt and Cummins 2008","N","EcoAnalysts Inc.","J. Pfeiffer",,,
"1f3cc565-b058-4d57-a707-aff1c07a529d","D03","BARC","BARC.AOS.riparian.point.08","2017-07-06T12:42Z","2017-11-03","BARC.20170706.BENTHICSWEEP.8",,,"DICSP7","Y","Dicrotendipes sp.",,"genus","Arthropoda","Hexapoda","Insecta","Pterygota","Neoptera","Holometabola","Diptera","Nematocera","Culicomorpha",,"Chironomidae","Chironominae","Chironomini",,"Dicrotendipes","sp.",,"larva",3,,1,25,4,"N","N",,"condition OK","Y",,"Epler 1987, 1988, 2001","N","EcoAnalysts Inc.","W. Hoiland",,,
"e67f7663-22f8-4d4f-be4c-c9c99a3e3281","D03","BARC","BARC.AOS.riparian.point.08","2017-07-06T12:42Z","2017-11-08","BARC.20170706.BENTHICSWEEP.8",,,"HYASP2","Y","Hyalella sp.",,"genus","Arthropoda","Crustacea","Malacostraca","Eumalacostraca",,"Peracarida","Amphipoda","Gammaridea",,,"Hyalellidae",,,,"Hyalella","sp.",,"larva",2,,3,25,12,"N","N",,"condition OK","Y",,"Thorp and Covich 2001","N","EcoAnalysts Inc.","J. Pfeiffer",,,
"2fc13479-6cd4-4fde-9830-236e21f0ee4e","D03","BARC","BARC.AOS.buoy.c0","2017-07-06T12:42Z","2017-11-06","BARC.20170706.PONAR.1",,,"CHASP13","Y","Chaoborus sp.",,"genus","Arthropoda","Hexapoda","Insecta","Pterygota","Neoptera","Holometabola","Diptera","Nematocera","Culicomorpha",,"Chaoboridae","Chaoborinae",,,"Chaoborus","sp.",,"larva",3,,6,100,6,"N","N",,"condition OK","Y",,"Merritt et al 2008","N","EcoAnalysts Inc.","J. Pfeiffer",,,
"7a03f66f-82e5-43e8-bbd7-4aa01d0cd9f2","D03","BARC","BARC.AOS.buoy.c0","2017-07-06T12:42Z","2017-11-02","BARC.20170706.PONAR.1",,"BARC.20170706.PONAR.1","PROSP23","Y","Procladius sp.",,"genus","Arthropoda","Hexapoda","Insecta","Pterygota","Neoptera","Holometabola","Diptera","Nematocera","Culicomorpha",,"Chironomidae","Tanypodinae","Procladiini",,"Procladius","sp.",,"larva",9,,1,100,1,"N","N",,"condition OK","Y",,"Epler 2001","N","EcoAnalysts Inc.","W. Hoiland",,,
"b6fc0877-2b00-4761-8d7b-5ae823a47a52","D03","BARC","BARC.AOS.buoy.c0","2017-07-06T12:42Z","2017-10-13","BARC.20170706.PONAR.1",,"BARC.20170706.PONAR.1","NAISP","Y","Naididae sp.","tubificoid Naididae w/o cap setae","family","Annelida","Clitellata","Oligochaeta","Oligochaeta",,,"Tubificida",,,,"Naididae",,,,,"sp.",,"larva",6,,2,100,2,"N","N",,"condition OK","Y",,"Kathman and Brinkhurst 1998","N","EcoAnalysts Inc.","L. Flaherty",,,
"ea2a7192-0140-41bc-95d5-cf66403533f7","D03","BARC","BARC.AOS.riparian.point.04","2017-07-06T12:42Z","2017-11-07","BARC.20170706.BENTHICSWEEP.4",,,"ATRSP1","Y","Atrichopogon sp.",,"genus","Arthropoda","Hexapoda","Insecta","Pterygota","Neoptera","Holometabola","Diptera","Nematocera","Culicomorpha",,"Ceratopogonidae","Forcipomyiinae",,,"Atrichopogon","sp.",,"larva",2,,3,31,10,"N","N",,"condition OK","Y",,"Merritt and Cummins 2008","Y","EcoAnalysts Inc.","J. Pfeiffer",,,
"e4065192-73e6-49fd-961b-2eb81ae5da97","D03","BARC","BARC.AOS.riparian.point.02","2017-07-06T12:42Z","2017-11-02","BARC.20170706.BENTHICSWEEP.2",,"BARC.20170706.BENTHICSWEEP.2","CLASP6","Y","Cladotanytarsus sp.",,"genus","Arthropoda","Hexapoda","Insecta","Pterygota","Neoptera","Holometabola","Diptera","Nematocera","Culicomorpha",,"Chironomidae","Chironominae","Tanytarsini",,"Cladotanytarsus","sp.",,"larva",2,,1,16,6,"N","N",,"condition OK","Y",,"Epler 2001","N","EcoAnalysts Inc.","W. Hoiland",,,
"3a884250-3367-4c0a-bb41-607b8a9c148f","D03","BARC","BARC.AOS.riparian.point.02","2017-07-06T12:42Z","2017-11-02","BARC.20170706.BENTHICSWEEP.2",,"BARC.20170706.BENTHICSWEEP.2","CORSP19","Y","Corynoneura sp.",,"genus","Arthropoda","Hexapoda","Insecta","Pterygota","Neoptera","Holometabola","Diptera","Nematocera","Culicomorpha",,"Chironomidae","Orthocladiinae",,,"Corynoneura","sp.",,"larva",1,,1,16,6,"N","N",,"condition OK","Y",,"Epler 2001","N","EcoAnalysts Inc.","W. Hoiland",,,
"9f295789-db67-4eee-87af-4d79c1ccd46d","D03","BARC","BARC.AOS.riparian.point.02","2017-07-06T12:42Z","2017-11-02","BARC.20170706.BENTHICSWEEP.2",,"BARC.20170706.BENTHICSWEEP.2","LABSP","Y","Labrundinia sp.",,"genus","Arthropoda","Hexapoda","Insecta","Pterygota","Neoptera","Holometabola","Diptera","Nematocera","Culicomorpha",,"Chironomidae","Tanypodinae","Pentaneurini",,"Labrundinia","sp.",,"larva",1,,4,16,25,"N","N",,"condition OK","Y",,"Epler 2001","N","EcoAnalysts Inc.","W. Hoiland",,,
"e05d227b-e13f-4fcd-9c9d-c4ed8f873dbf","D03","BARC","BARC.AOS.riparian.point.04","2017-07-06T12:42Z","2017-11-02","BARC.20170706.BENTHICSWEEP.4",,"BARC.20170706.BENTHICSWEEP.4","POLILL","Y","Polypedilum illinoense gr.",,"speciesGroup","Arthropoda","Hexapoda","Insecta","Pterygota","Neoptera","Holometabola","Diptera","Nematocera","Culicomorpha",,"Chironomidae","Chironominae","Chironomini",,"Polypedilum","illinoense gr.",,"larva",2,,1,31,3,"N","N",,"condition OK","Y",,"Epler 2001; Maschwitz and Cook 2000","Y","EcoAnalysts Inc.","W. Hoiland",,,
"be9db6d8-a822-4fb0-a42e-d2c7b928b6cd","D03","BARC","BARC.AOS.riparian.point.02","2017-07-06T12:42Z","2017-11-02","BARC.20170706.BENTHICSWEEP.2",,"BARC.20170706.BENTHICSWEEP.2","LARSP","Y","Larsia sp.",,"genus","Arthropoda","Hexapoda","Insecta","Pterygota","Neoptera","Holometabola","Diptera","Nematocera","Culicomorpha",,"Chironomidae","Tanypodinae","Pentaneurini",,"Larsia","sp.",,"larva",1,,1,16,6,"N","N",,"condition OK","Y",,"Epler 2001","N","EcoAnalysts Inc.","W. Hoiland",,,
"d321af27-2246-4128-a1b4-1bc3eb32fbd2","D03","BARC","BARC.AOS.riparian.point.06","2017-07-06T12:42Z","2017-11-03","BARC.20170706.BENTHICSWEEP.6",,,"ZAVMAR","Y","Zavreliella marmorata",,"species","Arthropoda","Hexapoda","Insecta","Pterygota","Neoptera","Holometabola","Diptera","Nematocera","Culicomorpha",,"Chironomidae","Chironominae","Tanytarsini",,"Zavreliella","marmorata",,"larva",3,,4,15,27,"N","N",,"condition OK","Y",,"Epler 2001","N","EcoAnalysts Inc.","W. Hoiland",,,
"eee502b1-b4f4-4398-9ab8-1d4d04f54bb0","D03","BARC","BARC.AOS.riparian.point.04","2017-07-06T12:42Z","2017-11-02","BARC.20170706.BENTHICSWEEP.4",,"BARC.20170706.BENTHICSWEEP.4","TANSP8","Y","Tanytarsini sp.",,"tribe","Arthropoda","Hexapoda","Insecta","Pterygota","Neoptera","Holometabola","Diptera","Nematocera","Culicomorpha",,"Chironomidae","Chironominae","Tanytarsini",,,"sp.",,"larva",5,,1,31,3,"N","N",,"condition OK","Y",,"Epler 2001","Y","EcoAnalysts Inc.","W. Hoiland",,,
"b242974d-01c2-4865-a525-166955c09414","D03","BARC","BARC.AOS.riparian.point.02","2017-07-06T12:42Z","2017-11-02","BARC.20170706.BENTHICSWEEP.2",,"BARC.20170706.BENTHICSWEEP.2","LARSP","Y","Larsia sp.",,"genus","Arthropoda","Hexapoda","Insecta","Pterygota","Neoptera","Holometabola","Diptera","Nematocera","Culicomorpha",,"Chironomidae","Tanypodinae","Pentaneurini",,"Larsia","sp.",,"larva",2,,1,16,6,"N","N",,"condition OK","Y",,"Epler 2001","N","EcoAnalysts Inc.","W. Hoiland",,,
"f539e161-2e9a-44bb-9134-b7bc0922b819","D03","BARC","BARC.AOS.riparian.point.04","2017-07-06T12:42Z","2017-11-07","BARC.20170706.BENTHICSWEEP.4",,,"OXYSP","Y","Oxyethira sp.",,"genus","Arthropoda","Hexapoda","Insecta","Pterygota","Neoptera","Holometabola","Trichoptera",,,"Hydroptiloidea","Hydroptilidae","Hydroptilinae","Hydroptilini",,"Oxyethira","sp.",,"larva",2,,1,31,3,"N","N",,"condition OK","Y",,"Wiggins 1996","Y","EcoAnalysts Inc.","J. Pfeiffer",,,
"a4ac751d-f8f7-40bc-b8be-9b3ca8ba2b08","D03","BARC","BARC.AOS.riparian.point.02","2017-07-06T12:42Z","2017-11-02","BARC.20170706.BENTHICSWEEP.2",,"BARC.20170706.BENTHICSWEEP.2","LABSP","Y","Labrundinia sp.",,"genus","Arthropoda","Hexapoda","Insecta","Pterygota","Neoptera","Holometabola","Diptera","Nematocera","Culicomorpha",,"Chironomidae","Tanypodinae","Pentaneurini",,"Labrundinia","sp.",,"larva",2,,26,16,164,"N","N",,"condition OK","Y",,"Epler 2001","N","EcoAnalysts Inc.","W. Hoiland",,,
"208910a1-a27d-45fa-af7e-39831bd1c7a4","D03","BARC","BARC.AOS.riparian.point.04","2017-07-06T12:42Z","2017-11-07","BARC.20170706.BENTHICSWEEP.4",,,"CAESP5","Y","Caenis sp.",,"genus","Arthropoda","Hexapoda","Insecta","Pterygota","Palaeoptera",,"Ephemeroptera","Furcatergalia","Pannota","Caenoidea","Caenidae","Caeninae",,,"Caenis","sp.",,"larva",2,,7,31,22,"N","N",,"condition OK","Y",,"Merritt and Cummins 2008","Y","EcoAnalysts Inc.","J. Pfeiffer",,,
"78827312-e3cf-402a-b9fe-5c12f94451bf","D03","BARC","BARC.AOS.riparian.point.10","2017-07-06T12:42Z","2017-11-08","BARC.20170706.BENTHICSWEEP.10",,,"COLSP1","Y","Collembola sp.",,"order","Arthropoda","Hexapoda","Collembola",,,,"Collembola",,,,,,,,,"sp.",,"adult",1,,1,25,4,"N","N",,"condition OK","Y",,"Triplehorn and Johnson 2005","N","EcoAnalysts Inc.","J. Pfeiffer",,,
"3506ea6f-5456-4f41-9bc6-5f5f4ba6d405","D03","BARC","BARC.AOS.buoy.c0","2017-07-06T12:42Z","2017-11-02","BARC.20170706.PONAR.1",,"BARC.20170706.PONAR.1","ZAVMAR","Y","Zavreliella marmorata",,"species","Arthropoda","Hexapoda","Insecta","Pterygota","Neoptera","Holometabola","Diptera","Nematocera","Culicomorpha",,"Chironomidae","Chironominae","Tanytarsini",,"Zavreliella","marmorata",,"larva",4,,42,100,42,"N","N",,"condition OK","Y",,"Epler 2001","N","EcoAnalysts Inc.","W. Hoiland",,,
"68592fd5-015d-4f53-b9d6-6a1bf76b0c1e","D03","BARC","BARC.AOS.riparian.point.04","2017-07-06T12:42Z","2017-11-02","BARC.20170706.BENTHICSWEEP.4",,"BARC.20170706.BENTHICSWEEP.4","LABSP","Y","Labrundinia sp.",,"genus","Arthropoda","Hexapoda","Insecta","Pterygota","Neoptera","Holometabola","Diptera","Nematocera","Culicomorpha",,"Chironomidae","Tanypodinae","Pentaneurini",,"Labrundinia","sp.",,"larva",4,,3,31,10,"N","N",,"condition OK","Y",,"Epler 2001","Y","EcoAnalysts Inc.","W. Hoiland",,,
"cf3054c2-07d6-4abb-b06d-ad6ef2975778","D03","BARC","BARC.AOS.littoral1","2017-07-06T12:42Z","2017-10-13","BARC.20170706.PONAR.2",,"BARC.20170706.PONAR.2","NAISP","Y","Naididae sp.","tubificoid Naididae w/o cap setae","family","Annelida","Clitellata","Oligochaeta","Oligochaeta",,,"Tubificida",,,,"Naididae",,,,,"sp.",,"larva",1,,1,100,1,"N","N",,"condition OK","Y",,"Kathman and Brinkhurst 1998","N","EcoAnalysts Inc.","L. Flaherty",,,
"917f487c-d909-46d9-9766-48689e9ecb68","D03","BARC","BARC.AOS.riparian.point.04","2017-07-06T12:42Z","2017-11-07","BARC.20170706.BENTHICSWEEP.4",,,"LIBSP","Y","Libellulidae sp.",,"family","Arthropoda","Hexapoda","Insecta","Pterygota","Palaeoptera",,"Odonata","Anisoptera",,,"Libellulidae",,,,,"sp.",,"larva",2,,1,31,3,"Y","N",,"condition OK","Y",,"Needham Westfall and May 2000","Y","EcoAnalysts Inc.","J. Pfeiffer",,,
"45132d80-dc10-4b7a-9554-1a809de84c79","D03","BARC","BARC.AOS.littoral1","2017-07-06T12:42Z","2017-11-02","BARC.20170706.PONAR.2",,"BARC.20170706.PONAR.2","CLASP5","Y","Cladopelma sp.",,"genus","Arthropoda","Hexapoda","Insecta","Pterygota","Neoptera","Holometabola","Diptera","Nematocera","Culicomorpha",,"Chironomidae","Chironominae","Chironomini",,"Cladopelma","sp.",,"larva",4,,1,100,1,"N","N",,"condition OK","Y",,"Epler 2001","N","EcoAnalysts Inc.","W. Hoiland",,,
"492371af-432d-4a03-8127-58bbc2ed543b","D03","BARC","BARC.AOS.riparian.point.04","2017-07-06T12:42Z","2017-11-02","BARC.20170706.BENTHICSWEEP.4",,"BARC.20170706.BENTHICSWEEP.4","DICSP7","Y","Dicrotendipes sp.",,"genus","Arthropoda","Hexapoda","Insecta","Pterygota","Neoptera","Holometabola","Diptera","Nematocera","Culicomorpha",,"Chironomidae","Chironominae","Chironomini",,"Dicrotendipes","sp.",,"larva",3,,2,31,6,"N","N",,"condition OK","Y",,"Epler 1987, 1988, 2001","Y","EcoAnalysts Inc.","W. Hoiland",,,
"d35d91a9-f171-4abf-92f5-36eab554f185","D03","BARC","BARC.AOS.riparian.point.10","2017-07-06T12:42Z","2017-11-08","BARC.20170706.BENTHICSWEEP.10",,,"NEMSP","Y","Nematoda sp.",,"phylum","Nematoda",,,,,,,,,,,,,,,"sp.",,"larva",1,,1,25,4,"N","N",,"condition OK","Y",,"Thorp and Covich 2001","N","EcoAnalysts Inc.","J. Pfeiffer",,,
"81d10018-93a9-434b-9619-7d67cc5695dc","D03","BARC","BARC.AOS.riparian.point.10","2017-07-06T12:42Z","2017-11-03","BARC.20170706.BENTHICSWEEP.10",,"BARC.20170706.BENTHICSWEEP.10","LABSP","Y","Labrundinia sp.",,"genus","Arthropoda","Hexapoda","Insecta","Pterygota","Neoptera","Holometabola","Diptera","Nematocera","Culicomorpha",,"Chironomidae","Tanypodinae","Pentaneurini",,"Labrundinia","sp.",,"larva",4,,7,25,28,"N","N",,"condition OK","Y",,"Epler 2001","N","EcoAnalysts Inc.","W. Hoiland",,,
"b199070c-d87c-4f2f-b14a-00f2f7b912d3","D03","BARC","BARC.AOS.riparian.point.02","2017-07-06T12:42Z","2017-11-02","BARC.20170706.BENTHICSWEEP.2",,"BARC.20170706.BENTHICSWEEP.2","LABSP","Y","Labrundinia sp.",,"genus","Arthropoda","Hexapoda","Insecta","Pterygota","Neoptera","Holometabola","Diptera","Nematocera","Culicomorpha",,"Chironomidae","Tanypodinae","Pentaneurini",,"Labrundinia","sp.",,"larva",3,,4,16,25,"N","N",,"condition OK","Y",,"Epler 2001","N","EcoAnalysts Inc.","W. Hoiland",,,
"cf907719-7812-44c6-9c0f-57c3debea301","D03","BARC","BARC.AOS.riparian.point.04","2017-07-06T12:42Z","2017-12-07","BARC.20170706.BENTHICSWEEP.4",,,"ANISP1","Y","Anisoptera sp.",,"suborder","Arthropoda","Hexapoda","Insecta","Pterygota","Palaeoptera",,"Odonata","Anisoptera",,,,,,,,"sp.",,"larva",1,,2,31,6,"Y","N",,"condition OK","N",,"Merritt and Cummins 2008","Y","EcoAnalysts Inc.","J. Pfeiffer",,,
"f36a98f5-1b24-4dcf-8306-e0fbdb10a490","D03","BARC","BARC.AOS.riparian.point.10","2017-07-06T12:42Z","2017-11-03","BARC.20170706.BENTHICSWEEP.10",,"BARC.20170706.BENTHICSWEEP.10","LABSP","Y","Labrundinia sp.",,"genus","Arthropoda","Hexapoda","Insecta","Pterygota","Neoptera","Holometabola","Diptera","Nematocera","Culicomorpha",,"Chironomidae","Tanypodinae","Pentaneurini",,"Labrundinia","sp.",,"larva",3,,7,25,28,"N","N",,"condition OK","Y",,"Epler 2001","N","EcoAnalysts Inc.","W. Hoiland",,,
"caa1bf14-cb05-400e-b3d0-90adca4d3770","D03","BARC","BARC.AOS.buoy.c0","2017-07-06T12:42Z","2017-11-02","BARC.20170706.PONAR.1",,"BARC.20170706.PONAR.1","PROSP23","Y","Procladius sp.",,"genus","Arthropoda","Hexapoda","Insecta","Pterygota","Neoptera","Holometabola","Diptera","Nematocera","Culicomorpha",,"Chironomidae","Tanypodinae","Procladiini",,"Procladius","sp.",,"larva",3,,11,100,11,"N","N",,"condition OK","Y",,"Epler 2001","N","EcoAnalysts Inc.","W. Hoiland",,,
"9739159b-e659-4de5-9edd-bcaff38669a5","D03","BARC","BARC.AOS.littoral1","2017-07-06T12:42Z","2017-11-02","BARC.20170706.PONAR.2",,"BARC.20170706.PONAR.2","ABLSP","Y","Ablabesmyia sp.","(Karelia)","genus","Arthropoda","Hexapoda","Insecta","Pterygota","Neoptera","Holometabola","Diptera","Nematocera","Culicomorpha",,"Chironomidae","Tanypodinae","Pentaneurini",,"Ablabesmyia","sp.",,"larva",3,,1,100,1,"N","N",,"condition OK","Y",,"Epler 2001","N","EcoAnalysts Inc.","W. Hoiland",,,
"f9df392d-3399-42fc-9855-84e42bb65fb1","D03","BARC","BARC.AOS.littoral1","2017-07-06T12:42Z","2017-11-06","BARC.20170706.PONAR.2",,"BARC.20170706.PONAR.2","GLOELO","Y","Gloiobdella elongata",,"species","Annelida","Clitellata","Hirudinea","Hirudinea","Euhirudinea",,"Rhynchobdellida",,,,"Glossiphoniidae","Haementeriinae",,,"Gloiobdella","elongata",,"larva",6,,2,100,2,"N","N",,"condition OK","Y",,"Thorp and Covich 2001","N","EcoAnalysts Inc.","J. Pfeiffer",,,
"b5d8a107-7f8c-4f53-8899-12096793300a","D03","BARC","BARC.AOS.riparian.point.06","2017-07-06T12:42Z","2017-11-07","BARC.20170706.BENTHICSWEEP.6",,,"NEMSP","Y","Nematoda sp.",,"phylum","Nematoda",,,,,,,,,,,,,,,"sp.",,"larva",1,,2,15,14,"N","N",,"condition OK","Y",,"Thorp and Covich 2001","N","EcoAnalysts Inc.","J. Pfeiffer",,,
"64035dcb-b863-4883-97cf-02ef7715344d","D03","BARC","BARC.AOS.riparian.point.08","2017-07-06T12:42Z","2017-11-08","BARC.20170706.BENTHICSWEEP.8",,,"OXYSP","Y","Oxyethira sp.",,"genus","Arthropoda","Hexapoda","Insecta","Pterygota","Neoptera","Holometabola","Trichoptera",,,"Hydroptiloidea","Hydroptilidae","Hydroptilinae","Hydroptilini",,"Oxyethira","sp.",,"larva",2,,2,25,8,"N","N",,"condition OK","Y",,"Wiggins 1996","N","EcoAnalysts Inc.","J. Pfeiffer",,,
"d2d37a28-4311-484a-8baf-349587cac8af","D03","BARC","BARC.AOS.riparian.point.04","2017-07-06T12:42Z","2017-11-07","BARC.20170706.BENTHICSWEEP.4",,,"COESP","Y","Coenagrionidae sp.",,"family","Arthropoda","Hexapoda","Insecta","Pterygota","Palaeoptera",,"Odonata","Zygoptera",,,"Coenagrionidae",,,,,"sp.",,"larva",1,,7,31,22,"Y","N",,"condition OK","N",,"Westfall and May 1996","Y","EcoAnalysts Inc.","J. Pfeiffer",,,
"2cc78632-5fc2-40ec-8879-1045d33145bd","D03","BARC","BARC.AOS.riparian.point.10","2017-07-06T12:42Z","2017-11-08","BARC.20170706.BENTHICSWEEP.10",,,"ORISP1","Y","Oribatida sp.",,"suborder","Arthropoda","Chelicerata","Arachnida","Acari",,"Acariformes","Sarcoptiformes","Oribatida",,,,,,,,"sp.",,"larva",1,,226,25,904,"N","N",,"condition OK","Y",,"Thorp and Covich 2001","N","EcoAnalysts Inc.","J. Pfeiffer",,,
"5ee63f43-9aaa-45c6-a0d3-13d0bd444cc2","D03","BARC","BARC.AOS.littoral1","2017-07-06T12:42Z","2017-11-02","BARC.20170706.PONAR.2",,"BARC.20170706.PONAR.2","CLASP6","Y","Cladotanytarsus sp.",,"genus","Arthropoda","Hexapoda","Insecta","Pterygota","Neoptera","Holometabola","Diptera","Nematocera","Culicomorpha",,"Chironomidae","Chironominae","Tanytarsini",,"Cladotanytarsus","sp.",,"larva",2,,1,100,1,"N","N",,"condition OK","Y",,"Epler 2001","N","EcoAnalysts Inc.","W. Hoiland",,,
"c8991975-8b78-4540-a8b7-f0be1894ef88","D03","BARC","BARC.AOS.littoral2","2017-07-06T12:42Z","2017-10-13","BARC.20170706.PONAR.3",,"BARC.20170706.PONAR.3","NAISP","Y","Naididae sp.","tubificoid Naididae w/o cap setae","family","Annelida","Clitellata","Oligochaeta","Oligochaeta",,,"Tubificida",,,,"Naididae",,,,,"sp.",,"larva",3,,1,100,1,"N","N",,"condition OK","Y",,"Kathman and Brinkhurst 1998","N","EcoAnalysts Inc.","L. Flaherty",,,
"8a1f2b48-0da3-43d6-b2a4-a9b2d11cfba2","D03","BARC","BARC.AOS.buoy.c0","2017-07-06T12:42Z","2017-11-02","BARC.20170706.PONAR.1",,"BARC.20170706.PONAR.1","ZAVMAR","Y","Zavreliella marmorata",,"species","Arthropoda","Hexapoda","Insecta","Pterygota","Neoptera","Holometabola","Diptera","Nematocera","Culicomorpha",,"Chironomidae","Chironominae","Tanytarsini",,"Zavreliella","marmorata",,"larva",2,,17,100,17,"N","N",,"condition OK","Y",,"Epler 2001","N","EcoAnalysts Inc.","W. Hoiland",,,
"8fcf8f06-08e2-453d-8c24-f9910b608666","D03","BARC","BARC.AOS.riparian.point.02","2017-07-06T12:42Z","2017-11-07","BARC.20170706.BENTHICSWEEP.2",,,"NEMSP","Y","Nematoda sp.",,"phylum","Nematoda",,,,,,,,,,,,,,,"sp.",,"larva",2,,13,16,82,"N","N",,"condition OK","Y",,"Thorp and Covich 2001","N","EcoAnalysts Inc.","J. Pfeiffer",,,
"814f97e7-58fb-4abf-ac49-8db33d74b832","D03","BARC","BARC.AOS.riparian.point.10","2017-07-06T12:42Z","2017-11-08","BARC.20170706.BENTHICSWEEP.10",,,"OXYSP","Y","Oxyethira sp.",,"genus","Arthropoda","Hexapoda","Insecta","Pterygota","Neoptera","Holometabola","Trichoptera",,,"Hydroptiloidea","Hydroptilidae","Hydroptilinae","Hydroptilini",,"Oxyethira","sp.",,"larva",2,,1,25,4,"N","N",,"condition OK","Y",,"Wiggins 1996","N","EcoAnalysts Inc.","J. Pfeiffer",,,
"ecef72d8-30f2-4964-863a-8eb99f5803e7","D03","BARC","BARC.AOS.riparian.point.06","2017-07-06T12:42Z","2017-11-07","BARC.20170706.BENTHICSWEEP.6",,,"CAESP5","Y","Caenis sp.",,"genus","Arthropoda","Hexapoda","Insecta","Pterygota","Palaeoptera",,"Ephemeroptera","Furcatergalia","Pannota","Caenoidea","Caenidae","Caeninae",,,"Caenis","sp.",,"larva",2,,2,15,14,"N","N",,"condition OK","Y",,"Merritt and Cummins 2008","N","EcoAnalysts Inc.","J. Pfeiffer",,,
"43883158-0f21-4390-8b74-e9710833aa86","D03","BARC","BARC.AOS.riparian.point.02","2017-07-06T12:42Z","2017-11-07","BARC.20170706.BENTHICSWEEP.2",,,"BAESP","Y","Baetidae sp.",,"family","Arthropoda","Hexapoda","Insecta","Pterygota","Palaeoptera",,"Ephemeroptera","Pisciforma",,,"Baetidae",,,,,"sp.",,"larva",1,,3,16,19,"Y","N",,"condition OK","N",,"Merritt and Cummins 2008","N","EcoAnalysts Inc.","J. Pfeiffer",,,
"696e03b3-e202-4416-a499-61fdace459e6","D03","BARC","BARC.AOS.buoy.c0","2017-07-06T12:42Z","2017-10-13","BARC.20170706.PONAR.1",,"BARC.20170706.PONAR.1","NAISP","Y","Naididae sp.","tubificoid Naididae w/o cap setae","family","Annelida","Clitellata","Oligochaeta","Oligochaeta",,,"Tubificida",,,,"Naididae",,,,,"sp.",,"larva",4,,1,100,1,"N","N",,"condition OK","Y",,"Kathman and Brinkhurst 1998","N","EcoAnalysts Inc.","L. Flaherty",,,
"2ce9fa8f-c879-4cb9-9539-e848105f106a","D03","BARC","BARC.AOS.littoral1","2017-07-06T12:42Z","2017-11-06","BARC.20170706.PONAR.2",,,"NEMSP","Y","Nematoda sp.",,"phylum","Nematoda",,,,,,,,,,,,,,,"sp.",,"larva",5,,1,100,1,"N","N",,"condition OK","Y",,"Thorp and Covich 2001","N","EcoAnalysts Inc.","J. Pfeiffer",,,
"e8b14a5d-c6f8-4f98-838c-5763961876e1","D03","BARC","BARC.AOS.riparian.point.04","2017-07-06T12:42Z","2017-11-07","BARC.20170706.BENTHICSWEEP.4",,,"NEMSP","Y","Nematoda sp.",,"phylum","Nematoda",,,,,,,,,,,,,,,"sp.",,"larva",1,,9,31,29,"N","N",,"condition OK","Y",,"Thorp and Covich 2001","Y","EcoAnalysts Inc.","J. Pfeiffer",,,
"25917d0d-8354-4700-a01a-8fa5c5380828","D03","BARC","BARC.AOS.riparian.point.04","2017-07-06T12:42Z","2017-11-07","BARC.20170706.BENTHICSWEEP.4",,,"OXYSP","Y","Oxyethira sp.",,"genus","Arthropoda","Hexapoda","Insecta","Pterygota","Neoptera","Holometabola","Trichoptera",,,"Hydroptiloidea","Hydroptilidae","Hydroptilinae","Hydroptilini",,"Oxyethira","sp.",,"larva",1,,4,31,13,"N","N",,"condition OK","Y",,"Wiggins 1996","Y","EcoAnalysts Inc.","J. Pfeiffer",,,
"bbc97665-ad1b-4faf-a86f-ac21c6022477","D03","BARC","BARC.AOS.littoral1","2017-07-06T12:42Z","2017-11-02","BARC.20170706.PONAR.2",,"BARC.20170706.PONAR.2","TANSP11","Y","Tanytarsus sp.",,"genus","Arthropoda","Hexapoda","Insecta","Pterygota","Neoptera","Holometabola","Diptera","Nematocera","Culicomorpha",,"Chironomidae","Chironominae","Tanytarsini",,"Tanytarsus","sp.",,"larva",4,,2,100,2,"N","N",,"condition OK","Y",,"Epler 2001","N","EcoAnalysts Inc.","W. Hoiland",,,
"ac477f79-e8e9-4300-984e-3e9df5387f18","D03","BARC","BARC.AOS.riparian.point.08","2017-07-06T12:42Z","2017-11-03","BARC.20170706.BENTHICSWEEP.8",,,"LABSP","Y","Labrundinia sp.",,"genus","Arthropoda","Hexapoda","Insecta","Pterygota","Neoptera","Holometabola","Diptera","Nematocera","Culicomorpha",,"Chironomidae","Tanypodinae","Pentaneurini",,"Labrundinia","sp.",,"larva",3,,15,25,60,"N","N",,"condition OK","Y",,"Epler 2001","N","EcoAnalysts Inc.","W. Hoiland",,,
"87b287c6-d552-4de6-95be-aac6d38de8ab","D03","BARC","BARC.AOS.littoral1","2017-07-06T12:42Z","2017-10-13","BARC.20170706.PONAR.2",,"BARC.20170706.PONAR.2","DERDIG","Y","Dero digitata",,"species","Annelida","Clitellata","Oligochaeta","Oligochaeta",,,"Tubificida",,,,"Naididae","Naidinae",,,"Dero","digitata",,"larva",1,,6,100,6,"N","N",,"condition OK","Y",,"Kathman and Brinkhurst 1998","N","EcoAnalysts Inc.","L. Flaherty",,,
"99560f1d-e631-495a-95b4-9e7b89a297a2","D03","BARC","BARC.AOS.riparian.point.06","2017-07-06T12:42Z","2017-11-07","BARC.20170706.BENTHICSWEEP.6",,,"HYDSP46","Y","Hydrodroma sp.",,"genus","Arthropoda","Chelicerata","Arachnida","Acari",,"Acariformes","Trombidiformes","Prostigmata",,"Hydryphantoidea","Hydrodromidae",,,,"Hydrodroma","sp.",,"larva",1,,4,15,27,"N","N",,"condition OK","Y",,"Thorp and Covich 2001","N","EcoAnalysts Inc.","J. Pfeiffer",,,
"f16450e6-7c64-42fe-bec3-c3676ef05192","D03","BARC","BARC.AOS.littoral1","2017-07-06T12:42Z","2017-11-06","BARC.20170706.PONAR.2",,"BARC.20170706.PONAR.2","GLOELO","Y","Gloiobdella elongata",,"species","Annelida","Clitellata","Hirudinea","Hirudinea","Euhirudinea",,"Rhynchobdellida",,,,"Glossiphoniidae","Haementeriinae",,,"Gloiobdella","elongata",,"larva",7,,1,100,1,"N","N",,"condition OK","Y",,"Thorp and Covich 2001","N","EcoAnalysts Inc.","J. Pfeiffer",,,
"0af687a0-59b2-4c1c-970e-f99c2d8bf5e7","D03","BARC","BARC.AOS.littoral2","2017-07-06T12:42Z","2017-11-06","BARC.20170706.PONAR.3",,"BARC.20170706.PONAR.3","GLOELO","Y","Gloiobdella elongata",,"species","Annelida","Clitellata","Hirudinea","Hirudinea","Euhirudinea",,"Rhynchobdellida",,,,"Glossiphoniidae","Haementeriinae",,,"Gloiobdella","elongata",,"larva",6,,6,100,6,"N","N",,"condition OK","Y",,"Thorp and Covich 2001","N","EcoAnalysts Inc.","J. Pfeiffer",,,
"5c8980d2-4a93-4884-924e-1cc08f372068","D03","BARC","BARC.AOS.riparian.point.06","2017-07-06T12:42Z","2017-11-07","BARC.20170706.BENTHICSWEEP.6",,,"NEMSP","Y","Nematoda sp.",,"phylum","Nematoda",,,,,,,,,,,,,,,"sp.",,"larva",2,,6,15,41,"N","N",,"condition OK","Y",,"Thorp and Covich 2001","N","EcoAnalysts Inc.","J. Pfeiffer",,,
"fbf1e4ee-4ea6-4a9e-b826-a47f3673793a","D03","BARC","BARC.AOS.riparian.point.10","2017-07-06T12:42Z","2017-11-03","BARC.20170706.BENTHICSWEEP.10",,"BARC.20170706.BENTHICSWEEP.10","LARSP","Y","Larsia sp.",,"genus","Arthropoda","Hexapoda","Insecta","Pterygota","Neoptera","Holometabola","Diptera","Nematocera","Culicomorpha",,"Chironomidae","Tanypodinae","Pentaneurini",,"Larsia","sp.",,"larva",3,,3,25,12,"N","N",,"condition OK","Y",,"Epler 2001","N","EcoAnalysts Inc.","W. Hoiland",,,
"09ce4b63-1a2e-433d-b1f1-e22f6a5d98b9","D03","BARC","BARC.AOS.riparian.point.10","2017-07-06T12:42Z","2017-11-03","BARC.20170706.BENTHICSWEEP.10",,"BARC.20170706.BENTHICSWEEP.10","CLASP6","Y","Cladotanytarsus sp.",,"genus","Arthropoda","Hexapoda","Insecta","Pterygota","Neoptera","Holometabola","Diptera","Nematocera","Culicomorpha",,"Chironomidae","Chironominae","Tanytarsini",,"Cladotanytarsus","sp.",,"larva",2,,1,25,4,"N","N",,"condition OK","Y",,"Epler 2001","N","EcoAnalysts Inc.","W. Hoiland",,,
"8b56c548-8909-4dbc-ad88-32800e8c4054","D03","BARC","BARC.AOS.riparian.point.02","2017-07-06T12:42Z","2017-11-02","BARC.20170706.BENTHICSWEEP.2",,"BARC.20170706.BENTHICSWEEP.2","CHISP8","Y","Chironomus sp.",,"genus","Arthropoda","Hexapoda","Insecta","Pterygota","Neoptera","Holometabola","Diptera","Nematocera","Culicomorpha",,"Chironomidae","Chironominae","Chironomini",,"Chironomus","sp.",,"larva",1,,2,16,13,"N","N",,"condition OK","Y",,"Epler 2001","N","EcoAnalysts Inc.","W. Hoiland",,,
"d28aa003-a669-46bd-85c0-4ca3da3a2fac","D03","BARC","BARC.AOS.riparian.point.04","2017-07-06T12:42Z","2017-11-02","BARC.20170706.BENTHICSWEEP.4",,"BARC.20170706.BENTHICSWEEP.4","CLASP5","Y","Cladopelma sp.",,"genus","Arthropoda","Hexapoda","Insecta","Pterygota","Neoptera","Holometabola","Diptera","Nematocera","Culicomorpha",,"Chironomidae","Chironominae","Chironomini",,"Cladopelma","sp.",,"larva",1,,1,31,3,"N","N",,"condition OK","Y",,"Epler 2001","Y","EcoAnalysts Inc.","W. Hoiland",,,
"32d773f7-d70e-485e-a580-89ea5e503782","D03","BARC","BARC.AOS.littoral1","2017-07-06T12:42Z","2017-11-02","BARC.20170706.PONAR.2",,"BARC.20170706.PONAR.2","LABSP","Y","Labrundinia sp.",,"genus","Arthropoda","Hexapoda","Insecta","Pterygota","Neoptera","Holometabola","Diptera","Nematocera","Culicomorpha",,"Chironomidae","Tanypodinae","Pentaneurini",,"Labrundinia","sp.",,"larva",2,,1,100,1,"N","N",,"condition OK","Y",,"Epler 2001","N","EcoAnalysts Inc.","W. Hoiland",,,
"9c2cc6a7-eca7-4ae9-bd2f-e5deafaa0a98","D03","BARC","BARC.AOS.littoral1","2017-07-06T12:42Z","2017-11-02","BARC.20170706.PONAR.2",,"BARC.20170706.PONAR.2","LARSP","Y","Larsia sp.",,"genus","Arthropoda","Hexapoda","Insecta","Pterygota","Neoptera","Holometabola","Diptera","Nematocera","Culicomorpha",,"Chironomidae","Tanypodinae","Pentaneurini",,"Larsia","sp.",,"larva",3,,1,100,1,"N","N",,"condition OK","Y",,"Epler 2001","N","EcoAnalysts Inc.","W. Hoiland",,,
"1debd26b-c19f-4826-a4c2-ab74c30fd01b","D03","BARC","BARC.AOS.littoral1","2017-07-06T12:42Z","2017-10-13","BARC.20170706.PONAR.2",,"BARC.20170706.PONAR.2","BRADAD","Y","Bratislavia dadayi",,"species","Annelida","Clitellata","Oligochaeta","Oligochaeta",,,"Tubificida",,,,"Naididae","Naidinae",,,"Bratislavia","dadayi",,"larva",4,,2,100,2,"N","N",,"condition OK","Y",,"Kathman and Brinkhurst 1998","N","EcoAnalysts Inc.","L. Flaherty",,,
"1c7d3543-c7fe-4cc6-a136-ef5dfd785079","D03","BARC","BARC.AOS.riparian.point.04","2017-07-06T12:42Z","2017-11-07","BARC.20170706.BENTHICSWEEP.4",,,"HYASP2","Y","Hyalella sp.",,"genus","Arthropoda","Crustacea","Malacostraca","Eumalacostraca",,"Peracarida","Amphipoda","Gammaridea",,,"Hyalellidae",,,,"Hyalella","sp.",,"larva",2,,1,31,3,"N","N",,"condition OK","Y",,"Thorp and Covich 2001","Y","EcoAnalysts Inc.","J. Pfeiffer",,,
"026d404c-c939-4171-9fe8-109d96ba8829","D03","BARC","BARC.AOS.riparian.point.08","2017-07-06T12:42Z","2017-11-08","BARC.20170706.BENTHICSWEEP.8",,,"BAESP","Y","Baetidae sp.",,"family","Arthropoda","Hexapoda","Insecta","Pterygota","Palaeoptera",,"Ephemeroptera","Pisciforma",,,"Baetidae",,,,,"sp.",,"larva",1,,1,25,4,"Y","N",,"condition OK","N",,"Merritt and Cummins 2008","N","EcoAnalysts Inc.","J. Pfeiffer",,,
"5defe46e-250a-4419-8da0-0ea74e4917e7","D03","BARC","BARC.AOS.riparian.point.04","2017-07-06T12:42Z","2017-11-02","BARC.20170706.BENTHICSWEEP.4",,"BARC.20170706.BENTHICSWEEP.4","LARSP","Y","Larsia sp.",,"genus","Arthropoda","Hexapoda","Insecta","Pterygota","Neoptera","Holometabola","Diptera","Nematocera","Culicomorpha",,"Chironomidae","Tanypodinae","Pentaneurini",,"Larsia","sp.",,"larva",3,,6,31,19,"N","N",,"condition OK","Y",,"Epler 2001","Y","EcoAnalysts Inc.","W. Hoiland",,,
"ca736501-2e93-41f6-83af-fe599f5e4d68","D03","BARC","BARC.AOS.riparian.point.08","2017-07-06T12:42Z","2017-11-08","BARC.20170706.BENTHICSWEEP.8",,,"ORTSP2","Y","Orthotrichia sp.",,"genus","Arthropoda","Hexapoda","Insecta","Pterygota","Neoptera","Holometabola","Trichoptera",,,"Hydroptiloidea","Hydroptilidae","Hydroptilinae","Orthotrichiini",,"Orthotrichia","sp.",,"larva",1,,1,25,4,"N","N",,"condition OK","Y",,"Wiggins 1996","N","EcoAnalysts Inc.","J. Pfeiffer",,,
"e2a4c6aa-28f8-42ed-a313-42e1e427366a","D03","BARC","BARC.AOS.riparian.point.02","2017-07-06T12:42Z","2017-10-13","BARC.20170706.BENTHICSWEEP.2",,"BARC.20170706.BENTHICSWEEP.2","DERDIG","Y","Dero digitata",,"species","Annelida","Clitellata","Oligochaeta","Oligochaeta",,,"Tubificida",,,,"Naididae","Naidinae",,,"Dero","digitata",,"larva",1,,2,16,13,"N","N",,"condition OK","Y",,"Kathman and Brinkhurst 1998","N","EcoAnalysts Inc.","L. Flaherty",,,
"bbabcb08-c619-4cbd-a067-4d18b8e9d5b8","D03","BARC","BARC.AOS.riparian.point.04","2017-07-06T12:42Z","2017-11-07","BARC.20170706.BENTHICSWEEP.4",,,"LIBSP","Y","Libellulidae sp.",,"family","Arthropoda","Hexapoda","Insecta","Pterygota","Palaeoptera",,"Odonata","Anisoptera",,,"Libellulidae",,,,,"sp.",,"larva",1,,1,31,3,"Y","N",,"condition OK","Y",,"Needham Westfall and May 2000","Y","EcoAnalysts Inc.","J. Pfeiffer",,,
"a632298c-e8f8-453c-b2b8-4bb5ca40f279","D03","BARC","BARC.AOS.riparian.point.04","2017-07-06T12:42Z","2017-11-07","BARC.20170706.BENTHICSWEEP.4",,,"ORISP1","Y","Oribatida sp.",,"suborder","Arthropoda","Chelicerata","Arachnida","Acari",,"Acariformes","Sarcoptiformes","Oribatida",,,,,,,,"sp.",,"larva",1,,136,31,435,"N","N",,"condition OK","Y",,"Thorp and Covich 2001","Y","EcoAnalysts Inc.","J. Pfeiffer",,,
"499a6b9d-12e2-40a3-a69b-5450b849df4d","D03","BARC","BARC.AOS.riparian.point.06","2017-07-06T12:42Z","2017-11-07","BARC.20170706.BENTHICSWEEP.6",,,"KOESP","Y","Koenikea sp.",,"genus","Arthropoda","Chelicerata","Arachnida","Acari",,"Acariformes","Trombidiformes","Prostigmata",,"Hygrobatoidea","Unionicolidae",,,,"Koenikea","sp.",,"adult",1,,1,15,7,"N","N",,"condition OK","Y",,"Thorp and Covich 2001","N","EcoAnalysts Inc.","J. Pfeiffer",,,
"e6c7f315-9898-45d7-b398-ff6ff18fb493","D03","BARC","BARC.AOS.riparian.point.02","2017-07-06T12:42Z","2017-11-02","BARC.20170706.BENTHICSWEEP.2",,"BARC.20170706.BENTHICSWEEP.2","ZAVMAR","Y","Zavreliella marmorata",,"species","Arthropoda","Hexapoda","Insecta","Pterygota","Neoptera","Holometabola","Diptera","Nematocera","Culicomorpha",,"Chironomidae","Chironominae","Tanytarsini",,"Zavreliella","marmorata",,"larva",1,,5,16,32,"N","N",,"condition OK","Y",,"Epler 2001","N","EcoAnalysts Inc.","W. Hoiland",,,
"68e278ef-0b68-40b5-9297-f87540cd214e","D03","BARC","BARC.AOS.riparian.point.04","2017-07-06T12:42Z","2017-11-07","BARC.20170706.BENTHICSWEEP.4",,,"KOESP","Y","Koenikea sp.",,"genus","Arthropoda","Chelicerata","Arachnida","Acari",,"Acariformes","Trombidiformes","Prostigmata",,"Hygrobatoidea","Unionicolidae",,,,"Koenikea","sp.",,"larva",1,,1,31,3,"N","N",,"condition OK","Y",,"Thorp and Covich 2001","Y","EcoAnalysts Inc.","J. Pfeiffer",,,
"e989b091-8ae6-48dd-b243-f67503dcc44e","D03","BARC","BARC.AOS.riparian.point.08","2017-07-06T12:42Z","2017-11-08","BARC.20170706.BENTHICSWEEP.8",,,"CERSP10","Y","Ceratopogoninae sp.",,"subfamily","Arthropoda","Hexapoda","Insecta","Pterygota","Neoptera","Holometabola","Diptera","Nematocera","Culicomorpha",,"Ceratopogonidae","Ceratopogoninae",,,,"sp.",,"larva",4,,1,25,4,"N","N",,"condition OK","Y",,"Merritt and Cummins 2008","N","EcoAnalysts Inc.","J. Pfeiffer",,,
"fd578e26-1b99-4b26-831b-512c6dae2a2d","D03","BARC","BARC.AOS.riparian.point.10","2017-07-06T12:42Z","2017-11-03","BARC.20170706.BENTHICSWEEP.10",,"BARC.20170706.BENTHICSWEEP.10","CLASP6","Y","Cladotanytarsus sp.",,"genus","Arthropoda","Hexapoda","Insecta","Pterygota","Neoptera","Holometabola","Diptera","Nematocera","Culicomorpha",,"Chironomidae","Chironominae","Tanytarsini",,"Cladotanytarsus","sp.",,"larva",1,,1,25,4,"N","N",,"condition OK","Y",,"Epler 2001","N","EcoAnalysts Inc.","W. Hoiland",,,
"22286908-665a-4938-824e-93b49180b40f","D03","BARC","BARC.AOS.riparian.point.06","2017-07-06T12:42Z","2017-11-03","BARC.20170706.BENTHICSWEEP.6",,,"DICSP7","Y","Dicrotendipes sp.",,"genus","Arthropoda","Hexapoda","Insecta","Pterygota","Neoptera","Holometabola","Diptera","Nematocera","Culicomorpha",,"Chironomidae","Chironominae","Chironomini",,"Dicrotendipes","sp.",,"larva",2,,1,15,7,"Y","N",,"condition OK","Y",,"Epler 1987, 1988, 2001","N","EcoAnalysts Inc.","W. Hoiland",,,
"12a97ff7-4276-4b75-8dc9-c6d900cc2a6c","D03","BARC","BARC.AOS.riparian.point.10","2017-07-06T12:42Z","2017-11-08","BARC.20170706.BENTHICSWEEP.10",,,"ANISP1","Y","Anisoptera sp.",,"suborder","Arthropoda","Hexapoda","Insecta","Pterygota","Palaeoptera",,"Odonata","Anisoptera",,,,,,,,"sp.",,"larva",1,,2,25,8,"Y","N",,"condition OK","N",,"Merritt and Cummins 2008","N","EcoAnalysts Inc.","J. Pfeiffer",,,
"800fee02-9c0a-4f5d-a412-8dbebd4947e7","D03","BARC","BARC.AOS.riparian.point.02","2017-07-06T12:42Z","2017-11-07","BARC.20170706.BENTHICSWEEP.2",,,"ARRSP2","Y","Arrenurus sp.",,"genus","Arthropoda","Chelicerata","Arachnida","Acari",,"Acariformes","Trombidiformes","Prostigmata",,"Arrenuroidea","Arrenuridae",,,,"Arrenurus","sp.",,"larva",1,,2,16,13,"N","N",,"condition OK","Y",,"Thorp and Covich 2001","N","EcoAnalysts Inc.","J. Pfeiffer",,,
"4f820c12-e35c-43cb-8f15-fff7b9ebf036","D03","BARC","BARC.AOS.riparian.point.08","2017-07-06T12:42Z","2017-11-08","BARC.20170706.BENTHICSWEEP.8",,,"NEMSP","Y","Nematoda sp.",,"phylum","Nematoda",,,,,,,,,,,,,,,"sp.",,"larva",2,,1,25,4,"N","N",,"condition OK","Y",,"Thorp and Covich 2001","N","EcoAnalysts Inc.","J. Pfeiffer",,,
"a3b1b2ae-b02f-4af0-b89c-c32f893c9131","D03","BARC","BARC.AOS.riparian.point.04","2017-07-06T12:42Z","2017-11-02","BARC.20170706.BENTHICSWEEP.4",,"BARC.20170706.BENTHICSWEEP.4","CLASP6","Y","Cladotanytarsus sp.",,"genus","Arthropoda","Hexapoda","Insecta","Pterygota","Neoptera","Holometabola","Diptera","Nematocera","Culicomorpha",,"Chironomidae","Chironominae","Tanytarsini",,"Cladotanytarsus","sp.",,"larva",2,,1,31,3,"N","N",,"condition OK","Y",,"Epler 2001","Y","EcoAnalysts Inc.","W. Hoiland",,,
"0b460e93-5b84-4fbc-9cdc-3b2c19b444aa","D03","BARC","BARC.AOS.riparian.point.10","2017-07-06T12:42Z","2017-11-08","BARC.20170706.BENTHICSWEEP.10",,,"DASSP2","Y","Dasyhelea sp.",,"genus","Arthropoda","Hexapoda","Insecta","Pterygota","Neoptera","Holometabola","Diptera","Nematocera","Culicomorpha",,"Ceratopogonidae","Dasyheleinae",,,"Dasyhelea","sp.",,"larva",1,,1,25,4,"N","N",,"condition OK","Y",,"Merritt and Cummins 2008","N","EcoAnalysts Inc.","J. Pfeiffer",,,
"9b4c2628-a14f-4db2-b074-35c914276135","D03","BARC","BARC.AOS.riparian.point.02","2017-07-06T12:42Z","2017-11-02","BARC.20170706.BENTHICSWEEP.2",,"BARC.20170706.BENTHICSWEEP.2","PARSP30","Y","Parachironomus sp.",,"genus","Arthropoda","Hexapoda","Insecta","Pterygota","Neoptera","Holometabola","Diptera","Nematocera","Culicomorpha",,"Chironomidae","Chironominae","Chironomini",,"Parachironomus","sp.",,"larva",1,,2,16,13,"N","N",,"condition OK","Y",,"Epler 2001","N","EcoAnalysts Inc.","W. Hoiland",,,
"4feff764-bcff-4688-a555-3c9402e9a402","D03","BARC","BARC.AOS.riparian.point.02","2017-07-06T12:42Z","2017-11-07","BARC.20170706.BENTHICSWEEP.2",,,"HYASP2","Y","Hyalella sp.",,"genus","Arthropoda","Crustacea","Malacostraca","Eumalacostraca",,"Peracarida","Amphipoda","Gammaridea",,,"Hyalellidae",,,,"Hyalella","sp.",,"larva",1,,1,16,6,"N","N",,"condition OK","Y",,"Thorp and Covich 2001","N","EcoAnalysts Inc.","J. Pfeiffer",,,
"0c1221b8-1323-4f0c-bde9-47d92e01b580","D03","BARC","BARC.AOS.riparian.point.08","2017-07-06T12:42Z","2017-11-08","BARC.20170706.BENTHICSWEEP.8",,,"HYASP2","Y","Hyalella sp.",,"genus","Arthropoda","Crustacea","Malacostraca","Eumalacostraca",,"Peracarida","Amphipoda","Gammaridea",,,"Hyalellidae",,,,"Hyalella","sp.",,"larva",1,,10,25,40,"N","N",,"condition OK","Y",,"Thorp and Covich 2001","N","EcoAnalysts Inc.","J. Pfeiffer",,,
"dbaa643a-3928-4623-9679-354fd5763637","D03","BARC","BARC.AOS.riparian.point.10","2017-07-06T12:42Z","2017-11-08","BARC.20170706.BENTHICSWEEP.10",,,"LIBSP","Y","Libellulidae sp.",,"family","Arthropoda","Hexapoda","Insecta","Pterygota","Palaeoptera",,"Odonata","Anisoptera",,,"Libellulidae",,,,,"sp.",,"larva",1,,1,25,4,"N","N",,"condition OK","Y",,"Needham Westfall and May 2000","N","EcoAnalysts Inc.","J. Pfeiffer",,,
"4caba8a2-8c75-4d73-a7df-93ec8636cc28","D03","BARC","BARC.AOS.littoral1","2017-07-06T12:42Z","2017-10-13","BARC.20170706.PONAR.2",,"BARC.20170706.PONAR.2","BRADAD","Y","Bratislavia dadayi",,"species","Annelida","Clitellata","Oligochaeta","Oligochaeta",,,"Tubificida",,,,"Naididae","Naidinae",,,"Bratislavia","dadayi",,"larva",7,,2,100,2,"N","N",,"condition OK","Y",,"Kathman and Brinkhurst 1998","N","EcoAnalysts Inc.","L. Flaherty",,,
"d6a15722-9d13-465b-91ff-69e5cae7b322","D03","BARC","BARC.AOS.riparian.point.04","2017-07-06T12:42Z","2017-11-07","BARC.20170706.BENTHICSWEEP.4",,,"ACASP1","Y","Acari sp.",,"subclass","Arthropoda","Chelicerata","Arachnida","Acari",,,,,,,,,,,,"sp.",,"larva",1,,1,31,3,"N","N",,"condition OK","Y",,"Thorp and Covich 2001","Y","EcoAnalysts Inc.","J. Pfeiffer",,,
"913f0bc0-2b2d-411b-bf38-584279dab71b","D03","BARC","BARC.AOS.littoral1","2017-07-06T12:42Z","2017-10-13","BARC.20170706.PONAR.2",,"BARC.20170706.PONAR.2","BRADAD","Y","Bratislavia dadayi",,"species","Annelida","Clitellata","Oligochaeta","Oligochaeta",,,"Tubificida",,,,"Naididae","Naidinae",,,"Bratislavia","dadayi",,"larva",8,,3,100,3,"N","N",,"condition OK","Y",,"Kathman and Brinkhurst 1998","N","EcoAnalysts Inc.","L. Flaherty",,,
"6ef2002d-8467-4c52-9eff-d15c8b6db1d9","D03","BARC","BARC.AOS.riparian.point.02","2017-07-06T12:42Z","2017-11-07","BARC.20170706.BENTHICSWEEP.2",,,"COESP","Y","Coenagrionidae sp.",,"family","Arthropoda","Hexapoda","Insecta","Pterygota","Palaeoptera",,"Odonata","Zygoptera",,,"Coenagrionidae",,,,,"sp.",,"larva",1,,4,16,25,"Y","N",,"condition OK","Y",,"Westfall and May 1996","N","EcoAnalysts Inc.","J. Pfeiffer",,,
"349dfc3b-557e-4402-bbf5-3072c60ae09d","D03","BARC","BARC.AOS.riparian.point.08","2017-07-06T12:42Z","2017-11-08","BARC.20170706.BENTHICSWEEP.8",,,"HYDSP18","Y","Hydroporinae sp.",,"subfamily","Arthropoda","Hexapoda","Insecta","Pterygota","Neoptera","Holometabola","Coleoptera","Adephaga",,,"Dytiscidae","Hydroporinae",,,,"sp.",,"larva",2,,1,25,4,"N","N",,"condition OK","Y",,"Larson Alarie and Roughley 2001","N","EcoAnalysts Inc.","J. Pfeiffer",,,
"48d4ace1-aa5d-48c7-ba8d-ba52d7e9852e","D03","BARC","BARC.AOS.riparian.point.08","2017-07-06T12:42Z","2017-11-03","BARC.20170706.BENTHICSWEEP.8",,,"LARSP","Y","Larsia sp.",,"genus","Arthropoda","Hexapoda","Insecta","Pterygota","Neoptera","Holometabola","Diptera","Nematocera","Culicomorpha",,"Chironomidae","Tanypodinae","Pentaneurini",,"Larsia","sp.",,"larva",2,,3,25,12,"N","N",,"condition OK","Y",,"Epler 2001","N","EcoAnalysts Inc.","W. Hoiland",,,
"5d485baf-6957-42f0-86fc-b8bc7a242e85","D03","BARC","BARC.AOS.riparian.point.04","2017-07-06T12:42Z","2017-11-07","BARC.20170706.BENTHICSWEEP.4",,,"UNISP4","Y","Unionicola sp.",,"genus","Arthropoda","Chelicerata","Arachnida","Acari",,"Acariformes","Trombidiformes","Prostigmata",,"Hygrobatoidea","Unionicolidae",,,,"Unionicola","sp.",,"larva",1,,1,31,3,"N","N",,"condition OK","Y",,"Thorp and Covich 2001","Y","EcoAnalysts Inc.","J. Pfeiffer",,,
"9ee137fc-4e16-4ac1-9a0f-b1b38d6c3b68","D03","BARC","BARC.AOS.littoral1","2017-07-06T12:42Z","2017-11-02","BARC.20170706.PONAR.2",,"BARC.20170706.PONAR.2","PROSP23","Y","Procladius sp.",,"genus","Arthropoda","Hexapoda","Insecta","Pterygota","Neoptera","Holometabola","Diptera","Nematocera","Culicomorpha",,"Chironomidae","Tanypodinae","Procladiini",,"Procladius","sp.",,"larva",2,,1,100,1,"N","N",,"condition OK","Y",,"Epler 2001","N","EcoAnalysts Inc.","W. Hoiland",,,
"7e145bc3-9cc0-4800-bf9f-b6e1c91f25d0","D03","BARC","BARC.AOS.riparian.point.04","2017-07-06T12:42Z","2017-11-02","BARC.20170706.BENTHICSWEEP.4",,"BARC.20170706.BENTHICSWEEP.4","CLASP6","Y","Cladotanytarsus sp.",,"genus","Arthropoda","Hexapoda","Insecta","Pterygota","Neoptera","Holometabola","Diptera","Nematocera","Culicomorpha",,"Chironomidae","Chironominae","Tanytarsini",,"Cladotanytarsus","sp.",,"larva",1,,1,31,3,"N","N",,"condition OK","Y",,"Epler 2001","Y","EcoAnalysts Inc.","W. Hoiland",,,
"1b53c967-0a52-4864-ac17-460812a906ba","D03","BARC","BARC.AOS.riparian.point.10","2017-07-06T12:42Z","2017-11-03","BARC.20170706.BENTHICSWEEP.10",,"BARC.20170706.BENTHICSWEEP.10","LARSP","Y","Larsia sp.",,"genus","Arthropoda","Hexapoda","Insecta","Pterygota","Neoptera","Holometabola","Diptera","Nematocera","Culicomorpha",,"Chironomidae","Tanypodinae","Pentaneurini",,"Larsia","sp.",,"larva",4,,1,25,4,"N","N",,"condition OK","Y",,"Epler 2001","N","EcoAnalysts Inc.","W. Hoiland",,,
"4e0e3517-5af8-4892-a324-fc4682b2ffe0","D03","BARC","BARC.AOS.riparian.point.04","2017-07-06T12:42Z","2017-11-02","BARC.20170706.BENTHICSWEEP.4",,"BARC.20170706.BENTHICSWEEP.4","CHISP8","Y","Chironomus sp.",,"genus","Arthropoda","Hexapoda","Insecta","Pterygota","Neoptera","Holometabola","Diptera","Nematocera","Culicomorpha",,"Chironomidae","Chironominae","Chironomini",,"Chironomus","sp.",,"larva",1,,9,31,29,"N","N",,"condition OK","Y",,"Epler 2001","Y","EcoAnalysts Inc.","W. Hoiland",,,
"96751d38-810b-4ec1-af2c-7792642ae9fd","D03","BARC","BARC.AOS.riparian.point.10","2017-07-06T12:42Z","2017-11-08","BARC.20170706.BENTHICSWEEP.10",,,"HYDSP5","Y","Hydroptilidae sp.",,"family","Arthropoda","Hexapoda","Insecta","Pterygota","Neoptera","Holometabola","Trichoptera",,,"Hydroptiloidea","Hydroptilidae",,,,,"sp.",,"larva",1,,1,25,4,"Y","N",,"condition OK","Y",,"Wiggins 1996","N","EcoAnalysts Inc.","J. Pfeiffer",,,
"edf961ff-c652-4d26-bb9a-bf20e30c882d","D03","BARC","BARC.AOS.buoy.c0","2017-07-06T12:42Z","2017-10-13","BARC.20170706.PONAR.1",,"BARC.20170706.PONAR.1","LIMHOF","Y","Limnodrilus hoffmeisteri",,"species","Annelida","Clitellata","Oligochaeta","Oligochaeta",,,"Tubificida",,,,"Naididae","Tubificinae",,,"Limnodrilus","hoffmeisteri",,"larva",1,,10,100,10,"N","N",,"condition OK","Y",,"Kathman and Brinkhurst 1999","N","EcoAnalysts Inc.","L. Flaherty",,,
"911f3b66-133d-438c-9011-9d2ee482b209","D03","BARC","BARC.AOS.riparian.point.10","2017-07-06T12:42Z","2017-11-03","BARC.20170706.BENTHICSWEEP.10",,"BARC.20170706.BENTHICSWEEP.10","CHISP8","Y","Chironomus sp.",,"genus","Arthropoda","Hexapoda","Insecta","Pterygota","Neoptera","Holometabola","Diptera","Nematocera","Culicomorpha",,"Chironomidae","Chironominae","Chironomini",,"Chironomus","sp.",,"larva",1,,2,25,8,"N","N",,"condition OK","Y",,"Epler 2001","N","EcoAnalysts Inc.","W. Hoiland",,,
"ac9f82a7-0d13-4c17-a909-3757b16439b5","D03","BARC","BARC.AOS.buoy.c0","2017-07-06T12:42Z","2017-10-13","BARC.20170706.PONAR.1",,"BARC.20170706.PONAR.1","DERDIG","Y","Dero digitata",,"species","Annelida","Clitellata","Oligochaeta","Oligochaeta",,,"Tubificida",,,,"Naididae","Naidinae",,,"Dero","digitata",,"larva",1,,8,100,8,"N","N",,"condition OK","Y",,"Kathman and Brinkhurst 1998","N","EcoAnalysts Inc.","L. Flaherty",,,
"de3802e4-9164-4203-a26d-9da3be0602cc","D03","BARC","BARC.AOS.riparian.point.02","2017-07-06T12:42Z","2017-11-02","BARC.20170706.BENTHICSWEEP.2",,"BARC.20170706.BENTHICSWEEP.2","PENSP6","Y","Pentaneurini sp.",,"tribe","Arthropoda","Hexapoda","Insecta","Pterygota","Neoptera","Holometabola","Diptera","Nematocera","Culicomorpha",,"Chironomidae","Tanypodinae","Pentaneurini",,,"sp.",,"pupa",4,,1,16,6,"N","N",,"condition OK","N",,"Epler 2001","N","EcoAnalysts Inc.","W. Hoiland",,,
"70c61283-24c9-44e1-814a-a13203817101","D03","BARC","BARC.AOS.riparian.point.04","2017-07-06T12:42Z","2017-11-07","BARC.20170706.BENTHICSWEEP.4",,,"BAESP","Y","Baetidae sp.",,"family","Arthropoda","Hexapoda","Insecta","Pterygota","Palaeoptera",,"Ephemeroptera","Pisciforma",,,"Baetidae",,,,,"sp.",,"larva",1,,1,31,3,"N","N",,"condition OK","N",,"Merritt and Cummins 2008","Y","EcoAnalysts Inc.","J. Pfeiffer",,,
