uid,domainID,siteID,namedLocation,collectDate,identifiedDate,sampleID,sampleCode,slideID,acceptedTaxonID,targetTaxaPresent,scientificName,morphospeciesID,taxonRank,phylum,subphylum,class,subclass,infraclass,superorder,order,suborder,infraorder,superfamily,family,subfamily,tribe,subtribe,genus,specificEpithet,infraspecificEpithet,invertebrateLifeStage,sizeClass,sizeCategory,individualCount,subsamplePercent,estimatedTotalCount,immatureSpecimen,indeterminateSpecies,taxonRankQualifier,sampleCondition,distinctTaxon,identificationQualifier,identificationReferences,qcChecked,laboratoryName,identifiedBy,identificationRemarks,identificationHistoryID,dataQF
"78819733-39f6-49bc-a4ac-c1b37215b732","D05","LIRO","LIRO.AOS.riparian.point.03","2020-06-11T15:13Z","2020-09-15","LIRO.20200611.BENTHICSWEEP.3","A00000202940",,"ZAVMAR","Y","Zavreliella marmorata",,"species","Arthropoda","Hexapoda","Insecta","Pterygota","Neoptera","Holometabola","Diptera","Nematocera","Culicomorpha",,"Chironomidae","Chironominae","Tanytarsini",,"Zavreliella","marmorata",,"larva",2,,3,34,9,"N","N",,"condition OK","Y",,"Epler 2001","N","EcoAnalysts Inc.","G. Wallace",,,
"8790dbb8-dde4-4357-b09c-153a2463c165","D05","LIRO","LIRO.AOS.riparian.point.09","2020-06-11T15:13Z","2020-09-15","LIRO.20200611.BENTHICSWEEP.9","A00000202947",,"ABLSP","Y","Ablabesmyia sp.",,"genus","Arthropoda","Hexapoda","Insecta","Pterygota","Neoptera","Holometabola","Diptera","Nematocera","Culicomorpha",,"Chironomidae","Tanypodinae","Pentaneurini",,"Ablabesmyia","sp.",,"larva",5,,4,58,7,"N","Y",,"condition OK","Y",,"Roback 1985; Epler 2001","N","EcoAnalysts Inc.","G. Wallace","3-segmented palps",,
"ae0fc337-fdc2-455e-964f-a2b267f10174","D05","LIRO","LIRO.AOS.buoy.c0","2020-06-11T15:13Z","2020-09-15","LIRO.20200611.PONAR.1","A00000202951",,"CHISP8","Y","Chironomus sp.",,"genus","Arthropoda","Hexapoda","Insecta","Pterygota","Neoptera","Holometabola","Diptera","Nematocera","Culicomorpha",,"Chironomidae","Chironominae","Chironomini",,"Chironomus","sp.",,"larva",5,,1,100,1,"N","N",,"condition OK","Y",,"Epler 2001","Y","EcoAnalysts Inc.","G. Wallace",,,
"20661247-eec7-49bf-b939-57bc5599c921","D05","LIRO","LIRO.AOS.riparian.point.07","2020-06-11T15:13Z","2020-09-15","LIRO.20200611.BENTHICSWEEP.7","A00000202937",,"NEUSP4","Y","Neumania sp.",,"genus","Arthropoda","Chelicerata","Arachnida","Acari",,"Acariformes","Trombidiformes","Prostigmata",,"Hygrobatoidea","Unionicolidae",,,,"Neumania","sp.",,"none",1,,1,67,1,"N","N",,"condition OK","Y",,"Thorp and Covich 2001","N","EcoAnalysts Inc.","A. Navesky",,,
"809a2ef1-0318-4b17-bf7c-6bbd3ce5d3e3","D05","LIRO","LIRO.AOS.littoral2","2020-06-11T15:13Z","2020-09-15","LIRO.20200611.PONAR.3","A00000202953",,"CHISP8","Y","Chironomus sp.",,"genus","Arthropoda","Hexapoda","Insecta","Pterygota","Neoptera","Holometabola","Diptera","Nematocera","Culicomorpha",,"Chironomidae","Chironominae","Chironomini",,"Chironomus","sp.",,"larva",1,,2,41,5,"N","N",,"damaged, affecting measurement","Y",,"Epler 2001","N","EcoAnalysts Inc.","G. Wallace","Fragment measured.",,
"e7b48a0b-ab5f-46f9-b316-48e0b96f202e","D05","LIRO","LIRO.AOS.littoral2","2020-06-11T15:13Z","2020-09-15","LIRO.20200611.PONAR.3","A00000202953",,"NEMSP","Y","Nematoda sp.",,"phylum","Nematoda",,,,,,,,,,,,,,,"sp.",,"none",2,,60,41,147,"N","Y",,"condition OK","Y",,"Thorp and Covich 2001","N","EcoAnalysts Inc.","A. Navesky",,,
"b41238c0-c94e-4f89-81fc-ccd1ab4e77df","D05","LIRO","LIRO.AOS.riparian.point.03","2020-06-11T15:13Z","2020-09-15","LIRO.20200611.BENTHICSWEEP.3","A00000202940",,"AMPSP1","Y","Amphipoda sp.",,"order","Arthropoda","Crustacea","Malacostraca","Eumalacostraca",,"Peracarida","Amphipoda",,,,,,,,,"sp.",,"none",1,,1,34,3,"Y","N",,"condition OK","Y",,"Thorp and Covich 2001","N","EcoAnalysts Inc.","A. Navesky","maybe Gammarus",,
"040db8fe-258f-4990-98de-0318e0083b73","D05","LIRO","LIRO.AOS.littoral2","2020-06-11T15:13Z","2020-09-15","LIRO.20200611.PONAR.3","A00000202953","LIRO.20200611.PONAR.3_OLIGOCHAETE_1/1","NAISP","Y","Naididae sp.","w/ cap setae","family","Annelida","Clitellata","Oligochaeta","Oligochaeta",,,"Tubificida",,,,"Naididae",,,,,"sp.",,"none",2,,2,41,5,"Y","N",,"damaged, affecting measurement","Y",,"Kathman and Brinkhurst 1999","N","EcoAnalysts Inc.","C. Fishel","Fragment measured.",,
"37d5a0f3-b5ec-429c-834c-0d2d0bf2d09b","D05","LIRO","LIRO.AOS.riparian.point.09","2020-06-11T15:13Z","2020-09-15","LIRO.20200611.BENTHICSWEEP.9","A00000202947",,"CAESP5","Y","Caenis sp.",,"genus","Arthropoda","Hexapoda","Insecta","Pterygota","Palaeoptera",,"Ephemeroptera","Furcatergalia","Pannota","Caenoidea","Caenidae","Caeninae",,,"Caenis","sp.",,"larva",1,,1,58,2,"Y","N",,"condition OK","Y",,"Merritt and Cummins 2008","N","EcoAnalysts Inc.","A. Navesky","maybe C latipennis",,
"fd966641-9bc9-44e9-a951-cdd1ec598330","D05","LIRO","LIRO.AOS.riparian.point.03","2020-06-11T15:13Z","2020-09-15","LIRO.20200611.BENTHICSWEEP.3","A00000202940",,"LIMSP5","Y","Limnephilidae sp.",,"family","Arthropoda","Hexapoda","Insecta","Pterygota","Neoptera","Holometabola","Trichoptera",,,"Limnephiloidea","Limnephilidae",,,,,"sp.",,"larva",11,,1,34,3,"N","Y",,"condition OK","Y",,"Wiggins 1996","N","EcoAnalysts Inc.","A. Navesky","maybe Limnephilus with strange characters",,
"a68f8fbe-928d-40c2-9f8c-854255caf6d7","D05","LIRO","LIRO.AOS.riparian.point.01","2020-06-11T15:13Z","2020-09-14","LIRO.20200611.BENTHICSWEEP.1","A00000202950",,"NANSP1","Y","Nanocladius sp.",,"genus","Arthropoda","Hexapoda","Insecta","Pterygota","Neoptera","Holometabola","Diptera","Nematocera","Culicomorpha",,"Chironomidae","Orthocladiinae",,,"Nanocladius","sp.",,"pupa",1,,1,19,5,"N","N",,"condition OK","Y",,"Epler 2001","N","EcoAnalysts Inc.","G. Wallace",,,
"887cd1a7-3424-4e45-9e9e-d059fcb2ca0b","D05","LIRO","LIRO.AOS.riparian.point.01","2020-06-11T15:13Z","2020-09-14","LIRO.20200611.BENTHICSWEEP.1","A00000202950",,"ABLSP","Y","Ablabesmyia sp.","(Karelia)","genus","Arthropoda","Hexapoda","Insecta","Pterygota","Neoptera","Holometabola","Diptera","Nematocera","Culicomorpha",,"Chironomidae","Tanypodinae","Pentaneurini",,"Ablabesmyia","sp.",,"larva",5,,1,19,5,"N","N",,"damaged, affecting measurement","Y",,"Epler 2001","N","EcoAnalysts Inc.","G. Wallace","Fragment measured.",,
"e1507f99-66a6-43bf-9b67-1fad58bd62da","D05","LIRO","LIRO.AOS.littoral2","2020-06-11T15:13Z","2020-09-15","LIRO.20200611.PONAR.3","A00000202953",,"CERSP10","Y","Ceratopogoninae sp.",,"subfamily","Arthropoda","Hexapoda","Insecta","Pterygota","Neoptera","Holometabola","Diptera","Nematocera","Culicomorpha",,"Ceratopogonidae","Ceratopogoninae",,,,"sp.",,"larva",10,,1,41,2,"N","Y",,"condition OK","Y",,"Merritt and Cummins 2008","N","EcoAnalysts Inc.","A. Navesky",,,
"f0fe286f-27d4-4a11-9164-21f648e5662d","D05","LIRO","LIRO.AOS.littoral2","2020-06-11T15:13Z","2020-09-15","LIRO.20200611.PONAR.3","A00000202953",,"PROSP23","Y","Procladius sp.",,"genus","Arthropoda","Hexapoda","Insecta","Pterygota","Neoptera","Holometabola","Diptera","Nematocera","Culicomorpha",,"Chironomidae","Tanypodinae","Procladiini",,"Procladius","sp.",,"larva",4,,7,41,17,"N","N",,"condition OK","Y",,"Epler 2001","N","EcoAnalysts Inc.","G. Wallace",,,
"424ef6be-a877-43a0-9545-1761c38c8648","D05","LIRO","LIRO.AOS.riparian.point.01","2020-06-11T15:13Z","2020-09-14","LIRO.20200611.BENTHICSWEEP.1","A00000202950",,"PSESP19","Y","Psectrocladius sp.",,"genus","Arthropoda","Hexapoda","Insecta","Pterygota","Neoptera","Holometabola","Diptera","Nematocera","Culicomorpha",,"Chironomidae","Orthocladiinae",,,"Psectrocladius","sp.",,"larva",3,,5,19,26,"N","N",,"condition OK","Y",,"Epler 2001","N","EcoAnalysts Inc.","G. Wallace",,,
"fefd8da3-9e41-4a14-a625-ae473abe5781","D05","LIRO","LIRO.AOS.riparian.point.07","2020-06-11T15:13Z","2020-09-15","LIRO.20200611.BENTHICSWEEP.7","A00000202937",,"CAESP5","Y","Caenis sp.",,"genus","Arthropoda","Hexapoda","Insecta","Pterygota","Palaeoptera",,"Ephemeroptera","Furcatergalia","Pannota","Caenoidea","Caenidae","Caeninae",,,"Caenis","sp.",,"larva",4,,2,67,3,"Y","N",,"condition OK","Y",,"Merritt and Cummins 2008","N","EcoAnalysts Inc.","A. Navesky",,,
"00e66b68-e3d5-4c6b-888c-5e499cc0299e","D05","LIRO","LIRO.AOS.riparian.point.03","2020-06-11T15:13Z","2020-09-15","LIRO.20200611.BENTHICSWEEP.3","A00000202940",,"TANSP11","Y","Tanytarsus sp.",,"genus","Arthropoda","Hexapoda","Insecta","Pterygota","Neoptera","Holometabola","Diptera","Nematocera","Culicomorpha",,"Chironomidae","Chironominae","Tanytarsini",,"Tanytarsus","sp.",,"larva",1,,2,34,6,"N","N",,"damaged, affecting measurement","Y",,"Epler 2001","N","EcoAnalysts Inc.","G. Wallace","Fragment measured.; most are tiny",,
"6f60d459-88ef-4403-b684-49ba9603b4e3","D05","LIRO","LIRO.AOS.riparian.point.09","2020-06-11T15:13Z","2020-09-15","LIRO.20200611.BENTHICSWEEP.9","A00000202947",,"NEMSP","Y","Nematoda sp.",,"phylum","Nematoda",,,,,,,,,,,,,,,"sp.",,"none",2,,31,58,53,"N","Y",,"condition OK","Y",,"Thorp and Covich 2001","N","EcoAnalysts Inc.","A. Navesky",,,
"341dd2a0-f023-475d-ad71-f19ff192e736","D05","LIRO","LIRO.AOS.riparian.point.05","2020-06-11T15:13Z","2020-09-15","LIRO.20200611.BENTHICSWEEP.5","A00000202939",,"ZAVMAR","Y","Zavreliella marmorata",,"species","Arthropoda","Hexapoda","Insecta","Pterygota","Neoptera","Holometabola","Diptera","Nematocera","Culicomorpha",,"Chironomidae","Chironominae","Tanytarsini",,"Zavreliella","marmorata",,"larva",3,,3,42,7,"N","N",,"condition OK","Y",,"Epler 2001","N","EcoAnalysts Inc.","G. Wallace",,,
"f4e1ba93-1c51-42a9-80ac-ced4a08fff5e","D05","LIRO","LIRO.AOS.riparian.point.01","2020-06-11T15:13Z","2020-09-14","LIRO.20200611.BENTHICSWEEP.1","A00000202950","LIRO.20200611.BENTHICSWEEP.1_OLIGOCHAETE_1/1","SLAAPP","Y","Slavina appendiculata",,"species","Annelida","Clitellata","Oligochaeta","Oligochaeta",,,"Tubificida",,,,"Naididae","Naidinae",,,"Slavina","appendiculata",,"none",1,,3,19,16,"N","N",,"condition OK","Y",,"Kathman and Brinkhurst 1998","N","EcoAnalysts Inc.","C. Fishel",,,
"4ec9246c-ce8c-42ef-bd16-c000da0878ff","D05","LIRO","LIRO.AOS.riparian.point.03","2020-06-11T15:13Z","2020-09-15","LIRO.20200611.BENTHICSWEEP.3","A00000202940",,"PLASP2","Y","Planorbidae sp.",,"family","Mollusca",,"Gastropoda",,,,"Basommatophora",,,,"Planorbidae",,,,,"sp.",,"none",1,,1,34,3,"Y","N",,"condition OK","Y",,"Thorp and Covich 2001","N","EcoAnalysts Inc.","A. Navesky","ancylini",,
"26f9b301-e323-4ab8-8a0f-be043750f7f6","D05","LIRO","LIRO.AOS.riparian.point.01","2020-06-11T15:13Z","2020-09-14","LIRO.20200611.BENTHICSWEEP.1","A00000202950",,"TANSP11","Y","Tanytarsus sp.",,"genus","Arthropoda","Hexapoda","Insecta","Pterygota","Neoptera","Holometabola","Diptera","Nematocera","Culicomorpha",,"Chironomidae","Chironominae","Tanytarsini",,"Tanytarsus","sp.",,"larva",2,,4,19,21,"N","N",,"condition OK","Y",,"Epler 2001","N","EcoAnalysts Inc.","G. Wallace","many tiny",,
"e23cd4ad-91c9-414e-9067-54b5a3fde3fb","D05","LIRO","LIRO.AOS.riparian.point.09","2020-06-11T15:13Z","2020-09-15","LIRO.20200611.BENTHICSWEEP.9","A00000202947",,"CRISP2","Y","Cricotopus sp.",,"genus","Arthropoda","Hexapoda","Insecta","Pterygota","Neoptera","Holometabola","Diptera","Nematocera","Culicomorpha",,"Chironomidae","Orthocladiinae",,,"Cricotopus","sp.",,"larva",3,,1,58,2,"N","N",,"condition OK","Y",,"Epler 2001","N","EcoAnalysts Inc.","G. Wallace",,,
"effebcd6-498c-491f-b625-7d604d630a8c","D05","LIRO","LIRO.AOS.riparian.point.03","2020-06-11T15:13Z","2020-09-15","LIRO.20200611.BENTHICSWEEP.3","A00000202940",,"ZAVMAR","Y","Zavreliella marmorata",,"species","Arthropoda","Hexapoda","Insecta","Pterygota","Neoptera","Holometabola","Diptera","Nematocera","Culicomorpha",,"Chironomidae","Chironominae","Tanytarsini",,"Zavreliella","marmorata",,"larva",1,,1,34,3,"N","N",,"condition OK","Y",,"Epler 2001","N","EcoAnalysts Inc.","G. Wallace",,,
"9bf87b61-113f-48de-b99b-afdf63601ea7","D05","LIRO","LIRO.AOS.riparian.point.05","2020-06-11T15:13Z","2020-09-15","LIRO.20200611.BENTHICSWEEP.5","A00000202939",,"PARSP34","Y","Paratanytarsus sp.",,"genus","Arthropoda","Hexapoda","Insecta","Pterygota","Neoptera","Holometabola","Diptera","Nematocera","Culicomorpha",,"Chironomidae","Chironominae","Tanytarsini",,"Paratanytarsus","sp.",,"larva",1,,1,42,2,"N","N",,"damaged, affecting measurement","Y",,"Epler 2001","N","EcoAnalysts Inc.","G. Wallace","Fragment measured.",,
"a84e07f6-e2a2-4685-a6dc-f80d650196ba","D05","LIRO","LIRO.AOS.riparian.point.01","2020-06-11T15:13Z","2020-09-14","LIRO.20200611.BENTHICSWEEP.1","A00000202950",,"MICPED","Y","Microtendipes pedellus gr.",,"speciesGroup","Arthropoda","Hexapoda","Insecta","Pterygota","Neoptera","Holometabola","Diptera","Nematocera","Culicomorpha",,"Chironomidae","Chironominae","Chironomini",,"Microtendipes","pedellus gr.",,"larva",2,,1,19,5,"N","N",,"condition OK","Y",,"Epler 2001","N","EcoAnalysts Inc.","G. Wallace",,,
"74e26381-ab45-4369-a3c7-35ddb3cdef64","D05","LIRO","LIRO.AOS.riparian.point.05","2020-06-11T15:13Z","2020-09-15","LIRO.20200611.BENTHICSWEEP.5","A00000202939",,"ZAVMAR","Y","Zavreliella marmorata",,"species","Arthropoda","Hexapoda","Insecta","Pterygota","Neoptera","Holometabola","Diptera","Nematocera","Culicomorpha",,"Chironomidae","Chironominae","Tanytarsini",,"Zavreliella","marmorata",,"larva",4,,1,42,2,"N","N",,"condition OK","Y",,"Epler 2001","N","EcoAnalysts Inc.","G. Wallace",,,
"55b758b8-5ce1-42cb-93a4-b22c2535e366","D05","LIRO","LIRO.AOS.riparian.point.09","2020-06-11T15:13Z","2020-09-15","LIRO.20200611.BENTHICSWEEP.9","A00000202947",,"PSESP19","Y","Psectrocladius sp.",,"genus","Arthropoda","Hexapoda","Insecta","Pterygota","Neoptera","Holometabola","Diptera","Nematocera","Culicomorpha",,"Chironomidae","Orthocladiinae",,,"Psectrocladius","sp.",,"larva",2,,4,58,7,"N","N",,"condition OK","Y",,"Epler 2001","N","EcoAnalysts Inc.","G. Wallace",,,
"a296fd0d-d577-4b63-9001-82e994c3f504","D05","LIRO","LIRO.AOS.riparian.point.05","2020-06-11T15:13Z","2020-09-15","LIRO.20200611.BENTHICSWEEP.5","A00000202939",,"PROSP23","Y","Procladius sp.",,"genus","Arthropoda","Hexapoda","Insecta","Pterygota","Neoptera","Holometabola","Diptera","Nematocera","Culicomorpha",,"Chironomidae","Tanypodinae","Procladiini",,"Procladius","sp.",,"larva",3,,1,42,2,"N","N",,"condition OK","Y",,"Epler 2001","N","EcoAnalysts Inc.","G. Wallace",,,
"30eef9b3-b4a9-4b84-a60f-03010fc09fdb","D05","LIRO","LIRO.AOS.riparian.point.07","2020-06-11T15:13Z","2020-09-15","LIRO.20200611.BENTHICSWEEP.7","A00000202937",,"MICPED","Y","Microtendipes pedellus gr.",,"speciesGroup","Arthropoda","Hexapoda","Insecta","Pterygota","Neoptera","Holometabola","Diptera","Nematocera","Culicomorpha",,"Chironomidae","Chironominae","Chironomini",,"Microtendipes","pedellus gr.",,"larva",2,,3,67,4,"N","N",,"condition OK","Y",,"Epler 2001","N","EcoAnalysts Inc.","G. Wallace",,,
"815f191e-39a7-41e3-ba89-a0f4ac5ece17","D05","LIRO","LIRO.AOS.riparian.point.05","2020-06-11T15:13Z","2020-09-15","LIRO.20200611.BENTHICSWEEP.5","A00000202939",,"PSESP19","Y","Psectrocladius sp.",,"genus","Arthropoda","Hexapoda","Insecta","Pterygota","Neoptera","Holometabola","Diptera","Nematocera","Culicomorpha",,"Chironomidae","Orthocladiinae",,,"Psectrocladius","sp.",,"larva",1,,2,42,5,"N","N",,"damaged, affecting measurement","Y",,"Epler 2001","N","EcoAnalysts Inc.","G. Wallace","Fragment measured.",,
"f40ea240-28af-4d8f-8274-040e5acfb28c","D05","LIRO","LIRO.AOS.riparian.point.07","2020-06-11T15:13Z","2020-09-15","LIRO.20200611.BENTHICSWEEP.7","A00000202937",,"MUSSP2","Y","Musculium sp.",,"genus","Mollusca",,"Bivalvia","Heterodonta",,,"Veneroida",,,"Corbiculoidea","Pisidiidae",,,,"Musculium","sp.",,"none",2,,1,67,1,"N","N",,"condition OK","Y",,"Thorp and Rogers 2016","N","EcoAnalysts Inc.","A. Navesky",,,
"4493deec-046b-4692-b984-79a613ea9ae7","D05","LIRO","LIRO.AOS.littoral1","2020-06-11T15:13Z","2020-09-15","LIRO.20200611.PONAR.2","A00000202952",,"CLASP5","Y","Cladopelma sp.",,"genus","Arthropoda","Hexapoda","Insecta","Pterygota","Neoptera","Holometabola","Diptera","Nematocera","Culicomorpha",,"Chironomidae","Chironominae","Chironomini",,"Cladopelma","sp.",,"larva",2,,1,100,1,"N","N",,"damaged, affecting measurement","Y",,"Epler 2001","N","EcoAnalysts Inc.","G. Wallace","Fragment measured.",,
"45d6c805-6cdb-4443-9824-a2edf320e54f","D05","LIRO","LIRO.AOS.riparian.point.09","2020-06-11T15:13Z","2020-09-15","LIRO.20200611.BENTHICSWEEP.9","A00000202947",,"NANSP1","Y","Nanocladius sp.",,"genus","Arthropoda","Hexapoda","Insecta","Pterygota","Neoptera","Holometabola","Diptera","Nematocera","Culicomorpha",,"Chironomidae","Orthocladiinae",,,"Nanocladius","sp.",,"larva",1,,15,58,26,"N","N",,"condition OK","Y",,"Epler 2001","N","EcoAnalysts Inc.","G. Wallace",,,
"7b25799c-b6fa-4e00-9db4-a76538a0811b","D05","LIRO","LIRO.AOS.riparian.point.09","2020-06-11T15:13Z","2020-09-15","LIRO.20200611.BENTHICSWEEP.9","A00000202947","LIRO.20200611.BENTHICSWEEP.9_OLIGOCHAETE_1/1","NAISP","Y","Naididae sp.",,"family","Annelida","Clitellata","Oligochaeta","Oligochaeta",,,"Tubificida",,,,"Naididae",,,,,"sp.",,"none",1,,12,58,21,"N","N",,"damaged, affecting taxonomy","Y",,"Kathman and Brinkhurst 1999","N","EcoAnalysts Inc.","C. Fishel",,,
"82487dc6-8cd0-4963-a9b1-515b3bc1ee06","D05","LIRO","LIRO.AOS.riparian.point.09","2020-06-11T15:13Z","2020-09-15","LIRO.20200611.BENTHICSWEEP.9","A00000202947",,"CHISP8","Y","Chironomus sp.",,"genus","Arthropoda","Hexapoda","Insecta","Pterygota","Neoptera","Holometabola","Diptera","Nematocera","Culicomorpha",,"Chironomidae","Chironominae","Chironomini",,"Chironomus","sp.",,"larva",2,,3,58,5,"N","N",,"condition OK","Y",,"Epler 2001","N","EcoAnalysts Inc.","G. Wallace",,,
"a23bc0a4-0c33-4364-8640-89d311ab3adc","D05","LIRO","LIRO.AOS.riparian.point.03","2020-06-11T15:13Z","2020-09-15","LIRO.20200611.BENTHICSWEEP.3","A00000202940",,"CAESP5","Y","Caenis sp.",,"genus","Arthropoda","Hexapoda","Insecta","Pterygota","Palaeoptera",,"Ephemeroptera","Furcatergalia","Pannota","Caenoidea","Caenidae","Caeninae",,,"Caenis","sp.",,"larva",6,,2,34,6,"Y","N",,"condition OK","N",,"Merritt and Cummins 2008","N","EcoAnalysts Inc.","A. Navesky",,,
"20ad4a3a-264f-4859-9ba1-1ebf8d30a72a","D05","LIRO","LIRO.AOS.riparian.point.07","2020-06-11T15:13Z","2020-09-15","LIRO.20200611.BENTHICSWEEP.7","A00000202937",,"PSESP19","Y","Psectrocladius sp.",,"genus","Arthropoda","Hexapoda","Insecta","Pterygota","Neoptera","Holometabola","Diptera","Nematocera","Culicomorpha",,"Chironomidae","Orthocladiinae",,,"Psectrocladius","sp.",,"larva",1,,5,67,7,"N","N",,"damaged, affecting measurement","Y",,"Epler 2001","N","EcoAnalysts Inc.","G. Wallace","Fragment measured.",,
"2785f6b5-cc72-4339-aa4c-d8b1e6459a9f","D05","LIRO","LIRO.AOS.riparian.point.07","2020-06-11T15:13Z","2020-09-15","LIRO.20200611.BENTHICSWEEP.7","A00000202937",,"NILSP1","Y","Nilothauma sp.",,"genus","Arthropoda","Hexapoda","Insecta","Pterygota","Neoptera","Holometabola","Diptera","Nematocera","Culicomorpha",,"Chironomidae","Chironominae","Chironomini",,"Nilothauma","sp.",,"larva",2,,1,67,1,"N","N",,"condition OK","Y",,"Epler 2001","N","EcoAnalysts Inc.","G. Wallace",,,
"12075f9a-2ffa-457f-bd2e-5aef32de0d30","D05","LIRO","LIRO.AOS.riparian.point.09","2020-06-11T15:13Z","2020-09-15","LIRO.20200611.BENTHICSWEEP.9","A00000202947",,"CERSP10","Y","Ceratopogoninae sp.",,"subfamily","Arthropoda","Hexapoda","Insecta","Pterygota","Neoptera","Holometabola","Diptera","Nematocera","Culicomorpha",,"Ceratopogonidae","Ceratopogoninae",,,,"sp.",,"larva",2,,1,58,2,"N","Y",,"condition OK","Y",,"Merritt and Cummins 2008","N","EcoAnalysts Inc.","A. Navesky",,,
"f6ac7aef-4a0c-42b5-8c4d-081aa24e574e","D05","LIRO","LIRO.AOS.riparian.point.05","2020-06-11T15:13Z","2020-09-15","LIRO.20200611.BENTHICSWEEP.5","A00000202939",,"MICPED","Y","Microtendipes pedellus gr.",,"speciesGroup","Arthropoda","Hexapoda","Insecta","Pterygota","Neoptera","Holometabola","Diptera","Nematocera","Culicomorpha",,"Chironomidae","Chironominae","Chironomini",,"Microtendipes","pedellus gr.",,"larva",2,,1,42,2,"N","N",,"damaged, affecting measurement","Y",,"Epler 2001","N","EcoAnalysts Inc.","G. Wallace","Fragment measured.",,
"067a44d0-4a46-485e-a534-649682d9af50","D05","LIRO","LIRO.AOS.littoral2","2020-06-11T15:13Z","2020-09-15","LIRO.20200611.PONAR.3","A00000202953",,"POLNUB","Y","Polypedilum nubeculosum",,"species","Arthropoda","Hexapoda","Insecta","Pterygota","Neoptera","Holometabola","Diptera","Nematocera","Culicomorpha",,"Chironomidae","Chironominae","Chironomini",,"Polypedilum","nubeculosum",,"larva",2,,1,41,2,"N","N",,"damaged, affecting measurement","Y",,"Epler 2001 and Maschwitz and Cook 2000","N","EcoAnalysts Inc.","G. Wallace","Fragment measured.",,
"c7889ccb-c790-417d-9b6a-e1058a1dcf21","D05","LIRO","LIRO.AOS.riparian.point.05","2020-06-11T15:13Z","2020-09-15","LIRO.20200611.BENTHICSWEEP.5","A00000202939",,"NEOSP20","Y","Neoplea sp.",,"genus","Arthropoda","Hexapoda","Insecta","Pterygota","Neoptera","Paraneoptera","Hemiptera","Heteroptera","Nepomorpha","Notonectoidea","Pleidae",,,,"Neoplea","sp.",,"adult",2,,1,42,2,"N","N",,"condition OK","Y",,"Merritt and Cummins 2008","N","EcoAnalysts Inc.","A. Navesky",,,
"2fbb2687-aef3-4519-94ed-031407960863","D05","LIRO","LIRO.AOS.riparian.point.09","2020-06-11T15:13Z","2020-09-15","LIRO.20200611.BENTHICSWEEP.9","A00000202947",,"LABSP","Y","Labrundinia sp.",,"genus","Arthropoda","Hexapoda","Insecta","Pterygota","Neoptera","Holometabola","Diptera","Nematocera","Culicomorpha",,"Chironomidae","Tanypodinae","Pentaneurini",,"Labrundinia","sp.",,"larva",1,,1,58,2,"N","N",,"condition OK","Y",,"Epler 2001","N","EcoAnalysts Inc.","G. Wallace","very small",,
"662018f7-ae7a-486c-b42f-41f1a39bd7ac","D05","LIRO","LIRO.AOS.buoy.c0","2020-06-11T15:13Z","2020-09-15","LIRO.20200611.PONAR.1","A00000202951",,"CHISP8","Y","Chironomus sp.",,"genus","Arthropoda","Hexapoda","Insecta","Pterygota","Neoptera","Holometabola","Diptera","Nematocera","Culicomorpha",,"Chironomidae","Chironominae","Chironomini",,"Chironomus","sp.",,"larva",5,,2,100,2,"N","N",,"damaged, affecting measurement","Y",,"Epler 2001","Y","EcoAnalysts Inc.","G. Wallace","Fragment measured.",,
"bacd09e7-2785-4dc3-a54b-b2f4e10f2dea","D05","LIRO","LIRO.AOS.littoral2","2020-06-11T15:13Z","2020-09-15","LIRO.20200611.PONAR.3","A00000202953",,"MICPED","Y","Microtendipes pedellus gr.",,"speciesGroup","Arthropoda","Hexapoda","Insecta","Pterygota","Neoptera","Holometabola","Diptera","Nematocera","Culicomorpha",,"Chironomidae","Chironominae","Chironomini",,"Microtendipes","pedellus gr.",,"pupa",6,,2,41,5,"N","N",,"condition OK","Y",,"Epler 2001","N","EcoAnalysts Inc.","G. Wallace",,,
"f8f05d00-0b36-49b3-9625-751f7988a90c","D05","LIRO","LIRO.AOS.riparian.point.01","2020-06-11T15:13Z","2020-09-14","LIRO.20200611.BENTHICSWEEP.1","A00000202950",,"STESP8","Y","Stenochironomus sp.",,"genus","Arthropoda","Hexapoda","Insecta","Pterygota","Neoptera","Holometabola","Diptera","Nematocera","Culicomorpha",,"Chironomidae","Chironominae","Chironomini",,"Stenochironomus","sp.",,"larva",8,,4,19,21,"N","N",,"condition OK","Y",,"Epler 2001","N","EcoAnalysts Inc.","G. Wallace",,,
"f2bcc8c2-680c-4d3b-80d2-a48fdba623dd","D05","LIRO","LIRO.AOS.riparian.point.01","2020-06-11T15:13Z","2020-09-14","LIRO.20200611.BENTHICSWEEP.1","A00000202950",,"NANSP1","Y","Nanocladius sp.",,"genus","Arthropoda","Hexapoda","Insecta","Pterygota","Neoptera","Holometabola","Diptera","Nematocera","Culicomorpha",,"Chironomidae","Orthocladiinae",,,"Nanocladius","sp.",,"larva",2,,1,19,5,"N","N",,"damaged, affecting measurement","Y",,"Epler 2001","N","EcoAnalysts Inc.","G. Wallace","Fragment measured.",,
"67d572c3-d946-41f4-961b-eefdba3cd675","D05","LIRO","LIRO.AOS.riparian.point.07","2020-06-11T15:13Z","2020-09-15","LIRO.20200611.BENTHICSWEEP.7","A00000202937",,"PARSP34","Y","Paratanytarsus sp.",,"genus","Arthropoda","Hexapoda","Insecta","Pterygota","Neoptera","Holometabola","Diptera","Nematocera","Culicomorpha",,"Chironomidae","Chironominae","Tanytarsini",,"Paratanytarsus","sp.",,"larva",1,,1,67,1,"N","N",,"damaged, affecting measurement","Y",,"Epler 2001","N","EcoAnalysts Inc.","G. Wallace","Fragment measured.",,
"6ebe1c22-b2da-4c9e-b297-9c23015b0bc3","D05","LIRO","LIRO.AOS.riparian.point.07","2020-06-11T15:13Z","2020-09-15","LIRO.20200611.BENTHICSWEEP.7","A00000202937",,"CHISP6","Y","Chironomini sp.",,"tribe","Arthropoda","Hexapoda","Insecta","Pterygota","Neoptera","Holometabola","Diptera","Nematocera","Culicomorpha",,"Chironomidae","Chironominae","Chironomini",,,"sp.",,"larva",1,,46,67,69,"Y","N",,"condition OK","N",,"Epler 2001","N","EcoAnalysts Inc.","G. Wallace",,,
"3dce2856-8012-4669-96b8-272fba83a3bf","D05","LIRO","LIRO.AOS.riparian.point.03","2020-06-11T15:13Z","2020-09-15","LIRO.20200611.BENTHICSWEEP.3","A00000202940","LIRO.20200611.BENTHICSWEEP.3_OLIGOCHAETE_1/1","NAISP","Y","Naididae sp.",,"family","Annelida","Clitellata","Oligochaeta","Oligochaeta",,,"Tubificida",,,,"Naididae",,,,,"sp.",,"none",1,,3,34,9,"N","N",,"damaged, affecting taxonomy and measurement","Y",,"Kathman and Brinkhurst 1999","N","EcoAnalysts Inc.","C. Fishel","Fragment measured.",,
"20872c9b-3058-459d-90bf-924bef15c5f5","D05","LIRO","LIRO.AOS.riparian.point.09","2020-06-11T15:13Z","2020-09-15","LIRO.20200611.BENTHICSWEEP.9","A00000202947",,"NEMSP","Y","Nematoda sp.",,"phylum","Nematoda",,,,,,,,,,,,,,,"sp.",,"none",21,,1,58,2,"N","Y",,"condition OK","Y",,"Thorp and Covich 2001","N","EcoAnalysts Inc.","A. Navesky",,,
"478d4bca-c264-4bdd-bc13-e7c7ba3150af","D05","LIRO","LIRO.AOS.riparian.point.09","2020-06-11T15:13Z","2020-09-15","LIRO.20200611.BENTHICSWEEP.9","A00000202947",,"CHISP8","Y","Chironomus sp.",,"genus","Arthropoda","Hexapoda","Insecta","Pterygota","Neoptera","Holometabola","Diptera","Nematocera","Culicomorpha",,"Chironomidae","Chironominae","Chironomini",,"Chironomus","sp.",,"larva",1,,1,58,2,"N","N",,"damaged, affecting measurement","Y",,"Epler 2001","N","EcoAnalysts Inc.","G. Wallace","Fragment measured.",,
"3b7388d4-9a44-4709-8cdf-72c9eb10b58d","D05","LIRO","LIRO.AOS.littoral2","2020-06-11T15:13Z","2020-09-15","LIRO.20200611.PONAR.3","A00000202953",,"MICPED","Y","Microtendipes pedellus gr.",,"speciesGroup","Arthropoda","Hexapoda","Insecta","Pterygota","Neoptera","Holometabola","Diptera","Nematocera","Culicomorpha",,"Chironomidae","Chironominae","Chironomini",,"Microtendipes","pedellus gr.",,"larva",3,,1,41,2,"N","N",,"condition OK","Y",,"Epler 2001","N","EcoAnalysts Inc.","G. Wallace",,,
"43206e23-2a4f-40d7-86dc-2f242506ccbb","D05","LIRO","LIRO.AOS.littoral2","2020-06-11T15:13Z","2020-09-15","LIRO.20200611.PONAR.3","A00000202953",,"POLTRI2","Y","Polypedilum tritum",,"species","Arthropoda","Hexapoda","Insecta","Pterygota","Neoptera","Holometabola","Diptera","Nematocera","Culicomorpha",,"Chironomidae","Chironominae","Chironomini",,"Polypedilum","tritum",,"larva",4,,1,41,2,"N","N",,"damaged, affecting measurement","Y",,"Epler 2001 and Maschwitz and Cook 2000","N","EcoAnalysts Inc.","G. Wallace","Fragment measured.",,
"fef9f490-832f-45c4-8c4c-165279bc60a6","D05","LIRO","LIRO.AOS.littoral2","2020-06-11T15:13Z","2020-09-15","LIRO.20200611.PONAR.3","A00000202953",,"NEMSP","Y","Nematoda sp.",,"phylum","Nematoda",,,,,,,,,,,,,,,"sp.",,"none",1,,22,41,54,"N","Y",,"condition OK","Y",,"Thorp and Covich 2001","N","EcoAnalysts Inc.","A. Navesky",,,
"890f7ed7-8ea9-4ef4-b25c-5e796fc60c33","D05","LIRO","LIRO.AOS.riparian.point.01","2020-06-11T15:13Z","2020-09-14","LIRO.20200611.BENTHICSWEEP.1","A00000202950",,"LABSP","Y","Labrundinia sp.",,"genus","Arthropoda","Hexapoda","Insecta","Pterygota","Neoptera","Holometabola","Diptera","Nematocera","Culicomorpha",,"Chironomidae","Tanypodinae","Pentaneurini",,"Labrundinia","sp.",,"larva",1,,2,19,10,"N","N",,"condition OK","Y",,"Epler 2001","N","EcoAnalysts Inc.","G. Wallace",,,
"1a1aec29-45d3-4f00-9ddc-727867dcfb1b","D05","LIRO","LIRO.AOS.riparian.point.05","2020-06-11T15:13Z","2020-09-15","LIRO.20200611.BENTHICSWEEP.5","A00000202939",,"CORSP19","Y","Corynoneura sp.",,"genus","Arthropoda","Hexapoda","Insecta","Pterygota","Neoptera","Holometabola","Diptera","Nematocera","Culicomorpha",,"Chironomidae","Orthocladiinae",,,"Corynoneura","sp.",,"larva",2,,3,42,7,"N","N",,"condition OK","Y",,"Epler 2001","N","EcoAnalysts Inc.","G. Wallace",,,
"5e4ebaa2-6969-448a-a62b-bf28d40a2991","D05","LIRO","LIRO.AOS.riparian.point.03","2020-06-11T15:13Z","2020-09-15","LIRO.20200611.BENTHICSWEEP.3","A00000202940",,"PSESP19","Y","Psectrocladius sp.",,"genus","Arthropoda","Hexapoda","Insecta","Pterygota","Neoptera","Holometabola","Diptera","Nematocera","Culicomorpha",,"Chironomidae","Orthocladiinae",,,"Psectrocladius","sp.",,"larva",3,,3,34,9,"N","N",,"condition OK","Y",,"Epler 2001","N","EcoAnalysts Inc.","G. Wallace",,,
"81bcb588-f4a1-43c0-bb1f-e686f9526153","D05","LIRO","LIRO.AOS.riparian.point.07","2020-06-11T15:13Z","2020-09-15","LIRO.20200611.BENTHICSWEEP.7","A00000202937",,"HALSP1","Y","Halacaridae sp.",,"family","Arthropoda","Chelicerata","Arachnida","Acari",,"Acariformes","Trombidiformes","Prostigmata",,"Halacaroidea","Halacaridae",,,,,"sp.",,"none",1,,1,67,1,"N","N",,"condition OK","Y",,"Thorp and Covich 2001","N","EcoAnalysts Inc.","A. Navesky",,,
"3c317c16-6ce3-442b-9175-5439fd638517","D05","LIRO","LIRO.AOS.littoral2","2020-06-11T15:13Z","2020-09-15","LIRO.20200611.PONAR.3","A00000202953",,"NEMSP","Y","Nematoda sp.",,"phylum","Nematoda",,,,,,,,,,,,,,,"sp.",,"none",3,,10,41,25,"N","Y",,"condition OK","Y",,"Thorp and Covich 2001","N","EcoAnalysts Inc.","A. Navesky",,,
"b30b5836-7aa9-4eda-947f-63f72c7660af","D05","LIRO","LIRO.AOS.buoy.c0","2020-06-11T15:13Z","2020-09-15","LIRO.20200611.PONAR.1","A00000202951",,"CHASP13","Y","Chaoborus sp.",,"genus","Arthropoda","Hexapoda","Insecta","Pterygota","Neoptera","Holometabola","Diptera","Nematocera","Culicomorpha",,"Chaoboridae","Chaoborinae",,,"Chaoborus","sp.",,"larva",8,,2,100,2,"N","N",,"condition OK","Y",,"Merritt Cummins and Berg 2008","Y","EcoAnalysts Inc.","A. Navesky",,,
"211cd3fe-7cc4-4faa-899f-20e90ee43dcb","D05","LIRO","LIRO.AOS.riparian.point.09","2020-06-11T15:13Z","2020-09-15","LIRO.20200611.BENTHICSWEEP.9","A00000202947",,"CHISP6","Y","Chironomini sp.",,"tribe","Arthropoda","Hexapoda","Insecta","Pterygota","Neoptera","Holometabola","Diptera","Nematocera","Culicomorpha",,"Chironomidae","Chironominae","Chironomini",,,"sp.",,"larva",1,,35,58,60,"Y","N",,"condition OK","N",,"Epler 2001","N","EcoAnalysts Inc.","G. Wallace",,,
"35a556c2-5b73-4f0d-9f8b-72deee8889c6","D05","LIRO","LIRO.AOS.riparian.point.03","2020-06-11T15:13Z","2020-09-15","LIRO.20200611.BENTHICSWEEP.3","A00000202940","LIRO.20200611.BENTHICSWEEP.3_OLIGOCHAETE_1/1","NAISP","Y","Naididae sp.",,"family","Annelida","Clitellata","Oligochaeta","Oligochaeta",,,"Tubificida",,,,"Naididae",,,,,"sp.",,"none",2,,5,34,15,"N","N",,"damaged, affecting taxonomy","Y",,"Kathman and Brinkhurst 1999","N","EcoAnalysts Inc.","C. Fishel",,,
"e7158bd9-5eb1-4c79-b648-4014efa84550","D05","LIRO","LIRO.AOS.riparian.point.03","2020-06-11T15:13Z","2020-09-15","LIRO.20200611.BENTHICSWEEP.3","A00000202940",,"CRISP2","Y","Cricotopus sp.",,"genus","Arthropoda","Hexapoda","Insecta","Pterygota","Neoptera","Holometabola","Diptera","Nematocera","Culicomorpha",,"Chironomidae","Orthocladiinae",,,"Cricotopus","sp.",,"larva",2,,1,34,3,"N","N",,"condition OK","Y",,"Epler 2001","N","EcoAnalysts Inc.","G. Wallace",,,
"0b141868-5863-4a85-bd61-256246a632b0","D05","LIRO","LIRO.AOS.riparian.point.09","2020-06-11T15:13Z","2020-09-15","LIRO.20200611.BENTHICSWEEP.9","A00000202947",,"POLSP13","Y","Polypedilum sp.",,"genus","Arthropoda","Hexapoda","Insecta","Pterygota","Neoptera","Holometabola","Diptera","Nematocera","Culicomorpha",,"Chironomidae","Chironominae","Chironomini",,"Polypedilum","sp.",,"larva",1,,2,58,3,"Y","N",,"condition OK","N",,"Epler 2001 and Maschwitz and Cook 2000","N","EcoAnalysts Inc.","G. Wallace",,,
"0874d479-6144-41de-a15e-714b2339e226","D05","LIRO","LIRO.AOS.riparian.point.07","2020-06-11T15:13Z","2020-09-15","LIRO.20200611.BENTHICSWEEP.7","A00000202937",,"CORSP19","Y","Corynoneura sp.",,"genus","Arthropoda","Hexapoda","Insecta","Pterygota","Neoptera","Holometabola","Diptera","Nematocera","Culicomorpha",,"Chironomidae","Orthocladiinae",,,"Corynoneura","sp.",,"larva",1,,9,67,13,"N","N",,"condition OK","Y",,"Epler 2001","N","EcoAnalysts Inc.","G. Wallace",,,
"b71d7e82-119f-433d-bf49-3d9ac4f7ffd5","D05","LIRO","LIRO.AOS.riparian.point.09","2020-06-11T15:13Z","2020-09-15","LIRO.20200611.BENTHICSWEEP.9","A00000202947",,"CRASP6","Y","Crangonyx sp.",,"genus","Arthropoda","Crustacea","Malacostraca","Eumalacostraca",,"Peracarida","Amphipoda","Gammaridea",,,"Crangonyctidae",,,,"Crangonyx","sp.",,"none",3,,2,58,3,"N","N",,"condition OK","Y",,"Thorp and Covich 2001","N","EcoAnalysts Inc.","A. Navesky",,,
"bef6b63e-1934-444a-97be-0414425aca97","D05","LIRO","LIRO.AOS.riparian.point.07","2020-06-11T15:13Z","2020-09-15","LIRO.20200611.BENTHICSWEEP.7","A00000202937",,"MUSSP2","Y","Musculium sp.",,"genus","Mollusca",,"Bivalvia","Heterodonta",,,"Veneroida",,,"Corbiculoidea","Pisidiidae",,,,"Musculium","sp.",,"none",3,,20,67,30,"N","N",,"condition OK","Y",,"Thorp and Rogers 2016","N","EcoAnalysts Inc.","A. Navesky",,,
"555fb479-1b19-4960-a65b-9f74841acdfe","D05","LIRO","LIRO.AOS.riparian.point.01","2020-06-11T15:13Z","2020-09-14","LIRO.20200611.BENTHICSWEEP.1","A00000202950",,"PENSP6","Y","Pentaneurini sp.",,"tribe","Arthropoda","Hexapoda","Insecta","Pterygota","Neoptera","Holometabola","Diptera","Nematocera","Culicomorpha",,"Chironomidae","Tanypodinae","Pentaneurini",,,"sp.",,"larva",1,,1,19,5,"Y","N",,"damaged, affecting measurement","N",,"Epler 2001","N","EcoAnalysts Inc.","G. Wallace","Fragment measured.",,
"7816f5ed-e232-4ff0-89c5-01d4a5527ab3","D05","LIRO","LIRO.AOS.riparian.point.03","2020-06-11T15:13Z","2020-09-15","LIRO.20200611.BENTHICSWEEP.3","A00000202940",,"PSESP19","Y","Psectrocladius sp.",,"genus","Arthropoda","Hexapoda","Insecta","Pterygota","Neoptera","Holometabola","Diptera","Nematocera","Culicomorpha",,"Chironomidae","Orthocladiinae",,,"Psectrocladius","sp.",,"larva",1,,2,34,6,"N","N",,"damaged, affecting measurement","Y",,"Epler 2001","N","EcoAnalysts Inc.","G. Wallace","Fragment measured.",,
"225eafb2-5679-46e8-a7bf-56032d31e540","D05","LIRO","LIRO.AOS.riparian.point.01","2020-06-11T15:13Z","2020-09-14","LIRO.20200611.BENTHICSWEEP.1","A00000202950",,"TANSP11","Y","Tanytarsus sp.",,"genus","Arthropoda","Hexapoda","Insecta","Pterygota","Neoptera","Holometabola","Diptera","Nematocera","Culicomorpha",,"Chironomidae","Chironominae","Tanytarsini",,"Tanytarsus","sp.",,"larva",3,,4,19,21,"N","N",,"condition OK","Y",,"Epler 2001","N","EcoAnalysts Inc.","G. Wallace","many tiny",,
"927a3b84-699b-4ce9-b639-1f3821d41301","D05","LIRO","LIRO.AOS.riparian.point.07","2020-06-11T15:13Z","2020-09-15","LIRO.20200611.BENTHICSWEEP.7","A00000202937",,"NEMSP","Y","Nematoda sp.",,"phylum","Nematoda",,,,,,,,,,,,,,,"sp.",,"none",3,,1,67,1,"N","Y",,"condition OK","Y",,"Thorp and Covich 2001","N","EcoAnalysts Inc.","A. Navesky",,,
"9b39d3cc-3b66-4ae1-acec-a481ccdb9fdf","D05","LIRO","LIRO.AOS.littoral1","2020-06-11T15:13Z","2020-09-15","LIRO.20200611.PONAR.2","A00000202952",,"PROSP23","Y","Procladius sp.",,"genus","Arthropoda","Hexapoda","Insecta","Pterygota","Neoptera","Holometabola","Diptera","Nematocera","Culicomorpha",,"Chironomidae","Tanypodinae","Procladiini",,"Procladius","sp.",,"larva",2,,1,100,1,"N","N",,"damaged, affecting measurement","Y",,"Epler 2001","N","EcoAnalysts Inc.","G. Wallace","Fragment measured.",,
"8392563d-a5ed-490c-a700-d6fa60a0ef17","D05","LIRO","LIRO.AOS.riparian.point.07","2020-06-11T15:13Z","2020-09-15","LIRO.20200611.BENTHICSWEEP.7","A00000202937",,"TANSP11","Y","Tanytarsus sp.",,"genus","Arthropoda","Hexapoda","Insecta","Pterygota","Neoptera","Holometabola","Diptera","Nematocera","Culicomorpha",,"Chironomidae","Chironominae","Tanytarsini",,"Tanytarsus","sp.",,"larva",1,,42,67,63,"N","N",,"condition OK","Y",,"Epler 2001","N","EcoAnalysts Inc.","G. Wallace",,,
"9fa7fd53-06a1-4a69-8d6b-9ddbce2c3a44","D05","LIRO","LIRO.AOS.littoral1","2020-06-11T15:13Z","2020-09-15","LIRO.20200611.PONAR.2","A00000202952",,"CHASP13","Y","Chaoborus sp.",,"genus","Arthropoda","Hexapoda","Insecta","Pterygota","Neoptera","Holometabola","Diptera","Nematocera","Culicomorpha",,"Chaoboridae","Chaoborinae",,,"Chaoborus","sp.",,"larva",10,,1,100,1,"N","N",,"damaged, affecting measurement","Y",,"Merritt Cummins and Berg 2008","N","EcoAnalysts Inc.","A. Navesky","Fragment measured.-head to ab seg 3",,
"de7a78bc-2c73-4a75-be3d-413a107a0b2d","D05","LIRO","LIRO.AOS.buoy.c0","2020-06-11T15:13Z","2020-09-15","LIRO.20200611.PONAR.1","A00000202951",,"CHISP8","Y","Chironomus sp.",,"genus","Arthropoda","Hexapoda","Insecta","Pterygota","Neoptera","Holometabola","Diptera","Nematocera","Culicomorpha",,"Chironomidae","Chironominae","Chironomini",,"Chironomus","sp.",,"larva",14,,1,100,1,"N","N",,"condition OK","Y",,"Epler 2001","Y","EcoAnalysts Inc.","G. Wallace",,,
"7e21c421-1890-472c-a423-c66394a01039","D05","LIRO","LIRO.AOS.riparian.point.05","2020-06-11T15:13Z","2020-09-15","LIRO.20200611.BENTHICSWEEP.5","A00000202939",,"NEUSP4","Y","Neumania sp.",,"genus","Arthropoda","Chelicerata","Arachnida","Acari",,"Acariformes","Trombidiformes","Prostigmata",,"Hygrobatoidea","Unionicolidae",,,,"Neumania","sp.",,"none",1,,1,42,2,"N","N",,"condition OK","Y",,"Thorp and Covich 2001","N","EcoAnalysts Inc.","A. Navesky",,,
"58ebeaee-df7c-4bcf-9842-69580be0f649","D05","LIRO","LIRO.AOS.riparian.point.03","2020-06-11T15:13Z","2020-09-15","LIRO.20200611.BENTHICSWEEP.3","A00000202940",,"CRISP2","Y","Cricotopus sp.",,"genus","Arthropoda","Hexapoda","Insecta","Pterygota","Neoptera","Holometabola","Diptera","Nematocera","Culicomorpha",,"Chironomidae","Orthocladiinae",,,"Cricotopus","sp.",,"larva",3,,1,34,3,"N","N",,"condition OK","Y",,"Epler 2001","N","EcoAnalysts Inc.","G. Wallace",,,
"847ac059-eb28-4d43-93f5-89e54f2204a8","D05","LIRO","LIRO.AOS.riparian.point.01","2020-06-11T15:13Z","2020-09-14","LIRO.20200611.BENTHICSWEEP.1","A00000202950",,"PSESP19","Y","Psectrocladius sp.",,"genus","Arthropoda","Hexapoda","Insecta","Pterygota","Neoptera","Holometabola","Diptera","Nematocera","Culicomorpha",,"Chironomidae","Orthocladiinae",,,"Psectrocladius","sp.",,"larva",1,,3,19,16,"N","N",,"damaged, affecting measurement","Y",,"Epler 2001","N","EcoAnalysts Inc.","G. Wallace","Fragment measured.",,
"f9a64cc9-6e08-422c-bf0b-3fb5037d64b1","D05","LIRO","LIRO.AOS.buoy.c0","2020-06-11T15:13Z","2020-09-15","LIRO.20200611.PONAR.1","A00000202951",,"CERSP10","Y","Ceratopogoninae sp.",,"subfamily","Arthropoda","Hexapoda","Insecta","Pterygota","Neoptera","Holometabola","Diptera","Nematocera","Culicomorpha",,"Ceratopogonidae","Ceratopogoninae",,,,"sp.",,"larva",4,,1,100,1,"N","Y",,"condition OK","Y",,"Merritt and Cummins 2008","Y","EcoAnalysts Inc.","A. Navesky",,,
"7670b355-dd9a-4557-83ef-08865b000b62","D05","LIRO","LIRO.AOS.riparian.point.07","2020-06-11T15:13Z","2020-09-15","LIRO.20200611.BENTHICSWEEP.7","A00000202937",,"CORSP19","Y","Corynoneura sp.",,"genus","Arthropoda","Hexapoda","Insecta","Pterygota","Neoptera","Holometabola","Diptera","Nematocera","Culicomorpha",,"Chironomidae","Orthocladiinae",,,"Corynoneura","sp.",,"larva",2,,6,67,9,"N","N",,"condition OK","Y",,"Epler 2001","N","EcoAnalysts Inc.","G. Wallace",,,
"103f30b3-4f80-4eab-aafd-7a11ef260212","D05","LIRO","LIRO.AOS.riparian.point.09","2020-06-11T15:13Z","2020-09-15","LIRO.20200611.BENTHICSWEEP.9","A00000202947",,"PSESP19","Y","Psectrocladius sp.",,"genus","Arthropoda","Hexapoda","Insecta","Pterygota","Neoptera","Holometabola","Diptera","Nematocera","Culicomorpha",,"Chironomidae","Orthocladiinae",,,"Psectrocladius","sp.",,"larva",3,,4,58,7,"N","N",,"condition OK","Y",,"Epler 2001","N","EcoAnalysts Inc.","G. Wallace",,,
"3bc8098b-d30b-4f0a-b6fb-4fe50a8a099a","D05","LIRO","LIRO.AOS.littoral1","2020-06-11T15:13Z","2020-09-15","LIRO.20200611.PONAR.2","A00000202952",,"PISSP2","Y","Pisidiidae sp.",,"family","Mollusca",,"Bivalvia","Heterodonta",,,"Veneroida",,,"Corbiculoidea","Pisidiidae",,,,,"sp.",,"none",2,,1,100,1,"Y","N",,"condition OK","Y",,"Thorp and Covich 2001","N","EcoAnalysts Inc.","A. Navesky",,,
"751f5e37-b7fb-482f-a4e5-6838c31d5976","D05","LIRO","LIRO.AOS.riparian.point.07","2020-06-11T15:13Z","2020-09-15","LIRO.20200611.BENTHICSWEEP.7","A00000202937",,"PARSP34","Y","Paratanytarsus sp.",,"genus","Arthropoda","Hexapoda","Insecta","Pterygota","Neoptera","Holometabola","Diptera","Nematocera","Culicomorpha",,"Chironomidae","Chironominae","Tanytarsini",,"Paratanytarsus","sp.",,"larva",3,,1,67,1,"N","N",,"condition OK","Y",,"Epler 2001","N","EcoAnalysts Inc.","G. Wallace",,,
"795e16f2-6ff7-4485-ade4-5b47b88886e8","D05","LIRO","LIRO.AOS.littoral2","2020-06-11T15:13Z","2020-09-15","LIRO.20200611.PONAR.3","A00000202953",,"CERSP10","Y","Ceratopogoninae sp.",,"subfamily","Arthropoda","Hexapoda","Insecta","Pterygota","Neoptera","Holometabola","Diptera","Nematocera","Culicomorpha",,"Ceratopogonidae","Ceratopogoninae",,,,"sp.",,"larva",6,,2,41,5,"N","Y",,"condition OK","Y",,"Merritt and Cummins 2008","N","EcoAnalysts Inc.","A. Navesky",,,
"41f1e958-8a41-49c4-bdc0-73e5eab3d9c0","D05","LIRO","LIRO.AOS.buoy.c0","2020-06-11T15:13Z","2020-09-15","LIRO.20200611.PONAR.1","A00000202951",,"CHISP8","Y","Chironomus sp.",,"genus","Arthropoda","Hexapoda","Insecta","Pterygota","Neoptera","Holometabola","Diptera","Nematocera","Culicomorpha",,"Chironomidae","Chironominae","Chironomini",,"Chironomus","sp.",,"larva",10,,1,100,1,"N","N",,"damaged, affecting measurement","Y",,"Epler 2001","Y","EcoAnalysts Inc.","G. Wallace","Fragment measured.",,
"2f2af3ee-040e-4a0a-896d-524906c1f2f8","D05","LIRO","LIRO.AOS.buoy.c0","2020-06-11T15:13Z","2020-09-15","LIRO.20200611.PONAR.1","A00000202951",,"CHISP8","Y","Chironomus sp.",,"genus","Arthropoda","Hexapoda","Insecta","Pterygota","Neoptera","Holometabola","Diptera","Nematocera","Culicomorpha",,"Chironomidae","Chironominae","Chironomini",,"Chironomus","sp.",,"larva",11,,1,100,1,"N","N",,"condition OK","Y",,"Epler 2001","Y","EcoAnalysts Inc.","G. Wallace",,,
"28d2130e-0361-4831-bf41-c2dc8bde3cdb","D05","LIRO","LIRO.AOS.riparian.point.01","2020-06-11T15:13Z","2020-09-14","LIRO.20200611.BENTHICSWEEP.1","A00000202950",,"STESP8","Y","Stenochironomus sp.",,"genus","Arthropoda","Hexapoda","Insecta","Pterygota","Neoptera","Holometabola","Diptera","Nematocera","Culicomorpha",,"Chironomidae","Chironominae","Chironomini",,"Stenochironomus","sp.",,"larva",2,,1,19,5,"N","N",,"condition OK","Y",,"Epler 2001","N","EcoAnalysts Inc.","G. Wallace",,,
"964850d9-45e5-4a02-bd3c-7c05ce776533","D05","LIRO","LIRO.AOS.riparian.point.09","2020-06-11T15:13Z","2020-09-15","LIRO.20200611.BENTHICSWEEP.9","A00000202947",,"NANSP1","Y","Nanocladius sp.",,"genus","Arthropoda","Hexapoda","Insecta","Pterygota","Neoptera","Holometabola","Diptera","Nematocera","Culicomorpha",,"Chironomidae","Orthocladiinae",,,"Nanocladius","sp.",,"larva",3,,1,58,2,"N","N",,"condition OK","Y",,"Epler 2001","N","EcoAnalysts Inc.","G. Wallace",,,
"4eb35b61-6795-42b9-91d0-31e3a74321b4","D05","LIRO","LIRO.AOS.buoy.c0","2020-06-11T15:13Z","2020-09-15","LIRO.20200611.PONAR.1","A00000202951",,"CHASP13","Y","Chaoborus sp.",,"genus","Arthropoda","Hexapoda","Insecta","Pterygota","Neoptera","Holometabola","Diptera","Nematocera","Culicomorpha",,"Chaoboridae","Chaoborinae",,,"Chaoborus","sp.",,"larva",7,,1,100,1,"N","N",,"condition OK","Y",,"Merritt Cummins and Berg 2008","Y","EcoAnalysts Inc.","A. Navesky",,,
"c4e19134-de9c-4cf3-b2a6-c1d08ede366f","D05","LIRO","LIRO.AOS.riparian.point.03","2020-06-11T15:13Z","2020-09-15","LIRO.20200611.BENTHICSWEEP.3","A00000202940",,"PSESP19","Y","Psectrocladius sp.",,"genus","Arthropoda","Hexapoda","Insecta","Pterygota","Neoptera","Holometabola","Diptera","Nematocera","Culicomorpha",,"Chironomidae","Orthocladiinae",,,"Psectrocladius","sp.",,"larva",3,,1,34,3,"N","N",,"damaged, affecting measurement","Y",,"Epler 2001","N","EcoAnalysts Inc.","G. Wallace","Fragment measured.",,
"05b350cb-ed6a-408b-bb14-05ccee4e8b17","D05","LIRO","LIRO.AOS.riparian.point.01","2020-06-11T15:13Z","2020-09-14","LIRO.20200611.BENTHICSWEEP.1","A00000202950",,"LABSP","Y","Labrundinia sp.",,"genus","Arthropoda","Hexapoda","Insecta","Pterygota","Neoptera","Holometabola","Diptera","Nematocera","Culicomorpha",,"Chironomidae","Tanypodinae","Pentaneurini",,"Labrundinia","sp.",,"larva",2,,3,19,16,"N","N",,"condition OK","Y",,"Epler 2001","N","EcoAnalysts Inc.","G. Wallace",,,
"42fe54e2-b517-440f-b558-d4d123be82bd","D05","LIRO","LIRO.AOS.littoral1","2020-06-11T15:13Z","2020-09-15","LIRO.20200611.PONAR.2","A00000202952",,"CHISP8","Y","Chironomus sp.",,"genus","Arthropoda","Hexapoda","Insecta","Pterygota","Neoptera","Holometabola","Diptera","Nematocera","Culicomorpha",,"Chironomidae","Chironominae","Chironomini",,"Chironomus","sp.",,"larva",2,,3,100,3,"N","N",,"condition OK","Y",,"Epler 2001","N","EcoAnalysts Inc.","G. Wallace",,,
"1f1848da-b297-4fb8-8039-bb6744fc0f06","D05","LIRO","LIRO.AOS.riparian.point.01","2020-06-11T15:13Z","2020-09-14","LIRO.20200611.BENTHICSWEEP.1","A00000202950",,"ORISP1","Y","Oribatida sp.",,"suborder","Arthropoda","Chelicerata","Arachnida","Acari",,"Acariformes","Sarcoptiformes","Oribatida",,,,,,,,"sp.",,"none",1,,19,19,99,"N","Y",,"condition OK","Y",,"Thorp and Covich 2001","N","EcoAnalysts Inc.","A. Navesky","Oribatida",,
"a99d9ad4-c212-4eeb-9357-b600041e27e8","D05","LIRO","LIRO.AOS.riparian.point.07","2020-06-11T15:13Z","2020-09-15","LIRO.20200611.BENTHICSWEEP.7","A00000202937",,"NEOSP39","Y","Neoporus sp.",,"genus","Arthropoda","Hexapoda","Insecta","Pterygota","Neoptera","Holometabola","Coleoptera","Adephaga",,,"Dytiscidae","Hydroporinae","Hydroporini",,"Neoporus","sp.",,"adult",5,,1,67,1,"N","N",,"condition OK","Y",,"Larson et al 2000; Epler 2010","N","EcoAnalysts Inc.","A. Navesky",,,
"9202e7b5-b2c4-4ae0-8110-363a57eea717","D05","LIRO","LIRO.AOS.riparian.point.03","2020-06-11T15:13Z","2020-09-15","LIRO.20200611.BENTHICSWEEP.3","A00000202940",,"ABLSP","Y","Ablabesmyia sp.",,"genus","Arthropoda","Hexapoda","Insecta","Pterygota","Neoptera","Holometabola","Diptera","Nematocera","Culicomorpha",,"Chironomidae","Tanypodinae","Pentaneurini",,"Ablabesmyia","sp.",,"larva",4,,1,34,3,"Y","N",,"condition OK","N",,"Roback 1985; Epler 2001","N","EcoAnalysts Inc.","G. Wallace",,,
"9d61e646-e07f-4c10-8db5-b9387dc9f5d6","D05","LIRO","LIRO.AOS.riparian.point.07","2020-06-11T15:13Z","2020-09-15","LIRO.20200611.BENTHICSWEEP.7","A00000202937",,"NEMSP","Y","Nematoda sp.",,"phylum","Nematoda",,,,,,,,,,,,,,,"sp.",,"none",1,,16,67,24,"N","Y",,"condition OK","Y",,"Thorp and Covich 2001","N","EcoAnalysts Inc.","A. Navesky",,,
"bc5ad0de-f3b7-48b8-a8ff-588b3fe32e04","D05","LIRO","LIRO.AOS.buoy.c0","2020-06-11T15:13Z","2020-09-15","LIRO.20200611.PONAR.1","A00000202951",,"CRISP6","Y","Cricotopus/Orthocladius sp.",,"speciesGroup","Arthropoda","Hexapoda","Insecta","Pterygota","Neoptera","Holometabola","Diptera","Nematocera","Culicomorpha",,"Chironomidae","Orthocladiinae",,,"Cricotopus/Orthocladius","sp.",,"larva",2,,1,100,1,"N","N",,"condition OK","N",,"Epler 2001","Y","EcoAnalysts Inc.","G. Wallace",,,
"82c6a3fc-31db-4bbe-be77-c7ad79851702","D05","LIRO","LIRO.AOS.riparian.point.09","2020-06-11T15:13Z","2020-09-15","LIRO.20200611.BENTHICSWEEP.9","A00000202947",,"ORISP1","Y","Oribatida sp.",,"suborder","Arthropoda","Chelicerata","Arachnida","Acari",,"Acariformes","Sarcoptiformes","Oribatida",,,,,,,,"sp.",,"none",1,,2,58,3,"N","Y",,"condition OK","Y",,"Thorp and Covich 2001","N","EcoAnalysts Inc.","A. Navesky","Oribatida",,
"645a344b-7241-4e35-922c-c94dcac20cac","D05","LIRO","LIRO.AOS.riparian.point.01","2020-06-11T15:13Z","2020-09-14","LIRO.20200611.BENTHICSWEEP.1","A00000202950",,"HYDSP21","Y","Hydra sp.",,"genus","Cnidaria","Medusozoa","Hydrozoa","Hydroidolina",,,"Anthoathecatae","Capitata",,,"Hydridae",,,,"Hydra","sp.",,"none",1,,2,19,10,"N","N",,"condition OK","Y",,"Thorp and Covich 2001","N","EcoAnalysts Inc.","A. Navesky",,,
"80256d04-e595-413f-9d43-4a0478647820","D05","LIRO","LIRO.AOS.riparian.point.07","2020-06-11T15:13Z","2020-09-15","LIRO.20200611.BENTHICSWEEP.7","A00000202937",,"STESP8","Y","Stenochironomus sp.",,"genus","Arthropoda","Hexapoda","Insecta","Pterygota","Neoptera","Holometabola","Diptera","Nematocera","Culicomorpha",,"Chironomidae","Chironominae","Chironomini",,"Stenochironomus","sp.",,"larva",7,,1,67,1,"N","N",,"condition OK","Y",,"Epler 2001","N","EcoAnalysts Inc.","G. Wallace",,,
"b79b224f-e17e-4379-9422-dbe9aa790a69","D05","LIRO","LIRO.AOS.riparian.point.07","2020-06-11T15:13Z","2020-09-15","LIRO.20200611.BENTHICSWEEP.7","A00000202937","LIRO.20200611.BENTHICSWEEP.7_OLIGOCHAETE_1/1","ENCSP1","Y","Enchytraeidae sp.",,"family","Annelida","Clitellata","Oligochaeta","Oligochaeta",,,"Enchytraeida",,,,"Enchytraeidae",,,,,"sp.",,"none",1,,2,67,3,"N","N",,"condition OK","Y",,"Kathman and Brinkhurst 1999","N","EcoAnalysts Inc.","C. Fishel",,,
"b6431798-09eb-41a3-b227-4bcb73b34e49","D05","LIRO","LIRO.AOS.riparian.point.03","2020-06-11T15:13Z","2020-09-15","LIRO.20200611.BENTHICSWEEP.3","A00000202940",,"PSESP19","Y","Psectrocladius sp.",,"genus","Arthropoda","Hexapoda","Insecta","Pterygota","Neoptera","Holometabola","Diptera","Nematocera","Culicomorpha",,"Chironomidae","Orthocladiinae",,,"Psectrocladius","sp.",,"larva",1,,9,34,26,"N","N",,"condition OK","Y",,"Epler 2001","N","EcoAnalysts Inc.","G. Wallace",,,
"793a9ebc-1489-41b5-9b3d-745a2f2d07ec","D05","LIRO","LIRO.AOS.littoral2","2020-06-11T15:13Z","2020-09-15","LIRO.20200611.PONAR.3","A00000202953",,"CHISP8","Y","Chironomus sp.",,"genus","Arthropoda","Hexapoda","Insecta","Pterygota","Neoptera","Holometabola","Diptera","Nematocera","Culicomorpha",,"Chironomidae","Chironominae","Chironomini",,"Chironomus","sp.",,"larva",2,,2,41,5,"N","N",,"condition OK","Y",,"Epler 2001","N","EcoAnalysts Inc.","G. Wallace",,,
"4a02ed19-2535-42ec-ba73-fd73b2cdf7d4","D05","LIRO","LIRO.AOS.riparian.point.05","2020-06-11T15:13Z","2020-09-15","LIRO.20200611.BENTHICSWEEP.5","A00000202939",,"NEMSP","Y","Nematoda sp.",,"phylum","Nematoda",,,,,,,,,,,,,,,"sp.",,"none",1,,34,42,82,"N","Y",,"condition OK","Y",,"Thorp and Covich 2001","N","EcoAnalysts Inc.","A. Navesky",,,
"e4555c0d-d09b-45c8-9887-3b70156847fd","D05","LIRO","LIRO.AOS.riparian.point.05","2020-06-11T15:13Z","2020-09-15","LIRO.20200611.BENTHICSWEEP.5","A00000202939",,"ABLSP","Y","Ablabesmyia sp.",,"genus","Arthropoda","Hexapoda","Insecta","Pterygota","Neoptera","Holometabola","Diptera","Nematocera","Culicomorpha",,"Chironomidae","Tanypodinae","Pentaneurini",,"Ablabesmyia","sp.",,"larva",1,,1,42,2,"Y","N",,"damaged, affecting measurement","N",,"Roback 1985; Epler 2001","N","EcoAnalysts Inc.","G. Wallace","Fragment measured.",,
"f2e40071-7640-49a5-ace3-4dfcdefe0797","D05","LIRO","LIRO.AOS.riparian.point.07","2020-06-11T15:13Z","2020-09-15","LIRO.20200611.BENTHICSWEEP.7","A00000202937",,"PISSP2","Y","Pisidiidae sp.",,"family","Mollusca",,"Bivalvia","Heterodonta",,,"Veneroida",,,"Corbiculoidea","Pisidiidae",,,,,"sp.",,"none",2,,2,67,3,"Y","N",,"condition OK","N",,"Thorp and Covich 2001","N","EcoAnalysts Inc.","A. Navesky",,,
"071b2c8a-f7b5-4160-aa7d-4dedeaca9221","D05","LIRO","LIRO.AOS.riparian.point.07","2020-06-11T15:13Z","2020-09-15","LIRO.20200611.BENTHICSWEEP.7","A00000202937",,"NEMSP","Y","Nematoda sp.",,"phylum","Nematoda",,,,,,,,,,,,,,,"sp.",,"none",2,,19,67,28,"N","Y",,"condition OK","Y",,"Thorp and Covich 2001","N","EcoAnalysts Inc.","A. Navesky",,,
"cd7ecb8f-8af1-4514-a5b1-0ee13236e108","D05","LIRO","LIRO.AOS.riparian.point.09","2020-06-11T15:13Z","2020-09-15","LIRO.20200611.BENTHICSWEEP.9","A00000202947",,"CRISP2","Y","Cricotopus sp.",,"genus","Arthropoda","Hexapoda","Insecta","Pterygota","Neoptera","Holometabola","Diptera","Nematocera","Culicomorpha",,"Chironomidae","Orthocladiinae",,,"Cricotopus","sp.",,"larva",1,,1,58,2,"N","N",,"condition OK","Y",,"Epler 2001","N","EcoAnalysts Inc.","G. Wallace",,,
"0d9ef76d-12f3-447a-8112-cd51869a1344","D05","LIRO","LIRO.AOS.riparian.point.09","2020-06-11T15:13Z","2020-09-15","LIRO.20200611.BENTHICSWEEP.9","A00000202947",,"CORSP1","Y","Corbiculoidea sp.",,"superfamily","Mollusca",,"Bivalvia","Heterodonta",,,"Veneroida",,,"Corbiculoidea",,,,,,"sp.",,"none",2,,1,58,2,"N","N",,"damaged, affecting taxonomy","N",,"Mackie 2007","N","EcoAnalysts Inc.","A. Navesky","missing shell",,
"db5bfb3b-048e-4b30-aec3-5d7248dbb6bd","D05","LIRO","LIRO.AOS.buoy.c0","2020-06-11T15:13Z","2020-09-15","LIRO.20200611.PONAR.1","A00000202951",,"CHASP13","Y","Chaoborus sp.",,"genus","Arthropoda","Hexapoda","Insecta","Pterygota","Neoptera","Holometabola","Diptera","Nematocera","Culicomorpha",,"Chaoboridae","Chaoborinae",,,"Chaoborus","sp.",,"larva",10,,35,100,35,"N","N",,"condition OK","Y",,"Merritt Cummins and Berg 2008","Y","EcoAnalysts Inc.","A. Navesky",,,
"b5d2c05a-bb6b-4146-a1e7-813fc75f623c","D05","LIRO","LIRO.AOS.riparian.point.07","2020-06-11T15:13Z","2020-09-15","LIRO.20200611.BENTHICSWEEP.7","A00000202937","LIRO.20200611.BENTHICSWEEP.7_OLIGOCHAETE_1/1","ENCSP1","Y","Enchytraeidae sp.",,"family","Annelida","Clitellata","Oligochaeta","Oligochaeta",,,"Enchytraeida",,,,"Enchytraeidae",,,,,"sp.",,"none",2,,2,67,3,"N","N",,"condition OK","Y",,"Kathman and Brinkhurst 1999","N","EcoAnalysts Inc.","C. Fishel",,,
"ea29feb0-71a9-4184-855c-ef4ee870556b","D05","LIRO","LIRO.AOS.riparian.point.05","2020-06-11T15:13Z","2020-09-15","LIRO.20200611.BENTHICSWEEP.5","A00000202939",,"CHISP8","Y","Chironomus sp.",,"genus","Arthropoda","Hexapoda","Insecta","Pterygota","Neoptera","Holometabola","Diptera","Nematocera","Culicomorpha",,"Chironomidae","Chironominae","Chironomini",,"Chironomus","sp.",,"larva",5,,1,42,2,"N","N",,"condition OK","Y",,"Epler 2001","N","EcoAnalysts Inc.","G. Wallace",,,
"83e7abd6-eb7f-4cdd-8506-2973631e6978","D05","LIRO","LIRO.AOS.riparian.point.01","2020-06-11T15:13Z","2020-09-14","LIRO.20200611.BENTHICSWEEP.1","A00000202950",,"STESP8","Y","Stenochironomus sp.",,"genus","Arthropoda","Hexapoda","Insecta","Pterygota","Neoptera","Holometabola","Diptera","Nematocera","Culicomorpha",,"Chironomidae","Chironominae","Chironomini",,"Stenochironomus","sp.",,"larva",9,,1,19,5,"N","N",,"condition OK","Y",,"Epler 2001","N","EcoAnalysts Inc.","G. Wallace",,,
"13dbf7b6-e29f-481f-b6b5-a8eeb20a9814","D05","LIRO","LIRO.AOS.riparian.point.03","2020-06-11T15:13Z","2020-09-15","LIRO.20200611.BENTHICSWEEP.3","A00000202940","LIRO.20200611.BENTHICSWEEP.3_OLIGOCHAETE_1/1","CHADIA","Y","Chaetogaster diaphanus",,"species","Annelida","Clitellata","Oligochaeta","Oligochaeta",,,"Tubificida",,,,"Naididae","Naidinae",,,"Chaetogaster","diaphanus",,"none",1,,3,34,9,"N","N",,"condition OK","Y",,"Kathman and Brinkhurst 1998","N","EcoAnalysts Inc.","C. Fishel",,,
"f1872533-1480-4d13-b679-def60692b6a2","D05","LIRO","LIRO.AOS.riparian.point.05","2020-06-11T15:13Z","2020-09-15","LIRO.20200611.BENTHICSWEEP.5","A00000202939",,"ORTSP1","Y","Orthocladiinae sp.",,"subfamily","Arthropoda","Hexapoda","Insecta","Pterygota","Neoptera","Holometabola","Diptera","Nematocera","Culicomorpha",,"Chironomidae","Orthocladiinae",,,,"sp.",,"larva",1,,1,42,2,"Y","N",,"condition OK","N",,"Epler 2001","N","EcoAnalysts Inc.","G. Wallace",,,
"a91c669f-4eb3-4bef-9d45-af10b7c06733","D05","LIRO","LIRO.AOS.littoral1","2020-06-11T15:13Z","2020-09-15","LIRO.20200611.PONAR.2","A00000202952",,"PROSP23","Y","Procladius sp.",,"genus","Arthropoda","Hexapoda","Insecta","Pterygota","Neoptera","Holometabola","Diptera","Nematocera","Culicomorpha",,"Chironomidae","Tanypodinae","Procladiini",,"Procladius","sp.",,"larva",2,,2,100,2,"N","N",,"condition OK","Y",,"Epler 2001","N","EcoAnalysts Inc.","G. Wallace",,,
"bbe21fb2-3f16-47f2-a9c4-08d451855995","D05","LIRO","LIRO.AOS.riparian.point.09","2020-06-11T15:13Z","2020-09-15","LIRO.20200611.BENTHICSWEEP.9","A00000202947",,"POLSP12","Y","Polycentropus sp.",,"genus","Arthropoda","Hexapoda","Insecta","Pterygota","Neoptera","Holometabola","Trichoptera",,,"Hydropsychoidea","Polycentropodidae","Polycentropodinae",,,"Polycentropus","sp.",,"larva",7,,1,58,2,"N","N",,"condition OK","Y",,"Wiggins 1996","N","EcoAnalysts Inc.","A. Navesky",,,
"61cb9dae-9a7e-4bb2-a71c-84f4a7410a39","D05","LIRO","LIRO.AOS.riparian.point.01","2020-06-11T15:13Z","2020-09-14","LIRO.20200611.BENTHICSWEEP.1","A00000202950",,"TANSP11","Y","Tanytarsus sp.",,"genus","Arthropoda","Hexapoda","Insecta","Pterygota","Neoptera","Holometabola","Diptera","Nematocera","Culicomorpha",,"Chironomidae","Chironominae","Tanytarsini",,"Tanytarsus","sp.",,"larva",1,,3,19,16,"N","N",,"damaged, affecting measurement","Y",,"Epler 2001","N","EcoAnalysts Inc.","G. Wallace","Fragment measured.; many tiny",,
"1d5c2a60-0cb9-4f52-aeda-7aa01a2ac60e","D05","LIRO","LIRO.AOS.littoral1","2020-06-11T15:13Z","2020-09-15","LIRO.20200611.PONAR.2","A00000202952",,"PROSP23","Y","Procladius sp.",,"genus","Arthropoda","Hexapoda","Insecta","Pterygota","Neoptera","Holometabola","Diptera","Nematocera","Culicomorpha",,"Chironomidae","Tanypodinae","Procladiini",,"Procladius","sp.",,"larva",1,,1,100,1,"N","N",,"condition OK","Y",,"Epler 2001","N","EcoAnalysts Inc.","G. Wallace",,,
"477b152d-1485-4263-bf12-d9a0e2c7b917","D05","LIRO","LIRO.AOS.littoral2","2020-06-11T15:13Z","2020-09-15","LIRO.20200611.PONAR.3","A00000202953",,"OECSP","Y","Oecetis sp.",,"genus","Arthropoda","Hexapoda","Insecta","Pterygota","Neoptera","Holometabola","Trichoptera",,,"Leptoceroidea","Leptoceridae","Leptocerinae","Oecetini",,"Oecetis","sp.",,"larva",4,,1,41,2,"Y","N",,"condition OK","Y",,"Wiggins 1996","N","EcoAnalysts Inc.","A. Navesky",,,
"f9bed320-8c63-402a-95c5-26841d0c077b","D05","LIRO","LIRO.AOS.littoral2","2020-06-11T15:13Z","2020-09-15","LIRO.20200611.PONAR.3","A00000202953",,"CERSP10","Y","Ceratopogoninae sp.",,"subfamily","Arthropoda","Hexapoda","Insecta","Pterygota","Neoptera","Holometabola","Diptera","Nematocera","Culicomorpha",,"Ceratopogonidae","Ceratopogoninae",,,,"sp.",,"larva",9,,1,41,2,"N","Y",,"condition OK","Y",,"Merritt and Cummins 2008","N","EcoAnalysts Inc.","A. Navesky",,,
"10051635-5c41-413a-a685-b1dbb9121fe3","D05","LIRO","LIRO.AOS.buoy.c0","2020-06-11T15:13Z","2020-09-15","LIRO.20200611.PONAR.1","A00000202951",,"CHISP8","Y","Chironomus sp.",,"genus","Arthropoda","Hexapoda","Insecta","Pterygota","Neoptera","Holometabola","Diptera","Nematocera","Culicomorpha",,"Chironomidae","Chironominae","Chironomini",,"Chironomus","sp.",,"larva",4,,1,100,1,"N","N",,"damaged, affecting measurement","Y",,"Epler 2001","Y","EcoAnalysts Inc.","G. Wallace","Fragment measured.",,
"7ace0d5f-6cc9-4c3e-93d8-6470735b2c6d","D05","LIRO","LIRO.AOS.littoral2","2020-06-11T15:13Z","2020-09-15","LIRO.20200611.PONAR.3","A00000202953",,"CERSP10","Y","Ceratopogoninae sp.",,"subfamily","Arthropoda","Hexapoda","Insecta","Pterygota","Neoptera","Holometabola","Diptera","Nematocera","Culicomorpha",,"Ceratopogonidae","Ceratopogoninae",,,,"sp.",,"larva",4,,1,41,2,"N","Y",,"condition OK","Y",,"Merritt and Cummins 2008","N","EcoAnalysts Inc.","A. Navesky",,,
"9f3614ff-ba2d-48fc-b196-60cab482685c","D05","LIRO","LIRO.AOS.riparian.point.09","2020-06-11T15:13Z","2020-09-15","LIRO.20200611.BENTHICSWEEP.9","A00000202947",,"CERSP10","Y","Ceratopogoninae sp.",,"subfamily","Arthropoda","Hexapoda","Insecta","Pterygota","Neoptera","Holometabola","Diptera","Nematocera","Culicomorpha",,"Ceratopogonidae","Ceratopogoninae",,,,"sp.",,"larva",3,,8,58,14,"N","Y",,"condition OK","Y",,"Merritt and Cummins 2008","N","EcoAnalysts Inc.","A. Navesky",,,
"2a111f55-75d1-4120-a769-b453a265ab09","D05","LIRO","LIRO.AOS.riparian.point.07","2020-06-11T15:13Z","2020-09-15","LIRO.20200611.BENTHICSWEEP.7","A00000202937",,"MUSSP2","Y","Musculium sp.",,"genus","Mollusca",,"Bivalvia","Heterodonta",,,"Veneroida",,,"Corbiculoidea","Pisidiidae",,,,"Musculium","sp.",,"none",4,,1,67,1,"N","N",,"condition OK","Y",,"Thorp and Rogers 2016","N","EcoAnalysts Inc.","A. Navesky",,,
"4d5c360a-637c-4f95-a90a-7d6e98648b09","D05","LIRO","LIRO.AOS.riparian.point.09","2020-06-11T15:13Z","2020-09-15","LIRO.20200611.BENTHICSWEEP.9","A00000202947","LIRO.20200611.BENTHICSWEEP.9_OLIGOCHAETE_1/1","NAISP","Y","Naididae sp.",,"family","Annelida","Clitellata","Oligochaeta","Oligochaeta",,,"Tubificida",,,,"Naididae",,,,,"sp.",,"none",2,,1,58,2,"N","N",,"damaged, affecting taxonomy","Y",,"Kathman and Brinkhurst 1999","N","EcoAnalysts Inc.","C. Fishel",,,
"da7c29bc-5b1a-44e1-ac75-31a89046346a","D05","LIRO","LIRO.AOS.riparian.point.09","2020-06-11T15:13Z","2020-09-15","LIRO.20200611.BENTHICSWEEP.9","A00000202947",,"PSESP19","Y","Psectrocladius sp.",,"genus","Arthropoda","Hexapoda","Insecta","Pterygota","Neoptera","Holometabola","Diptera","Nematocera","Culicomorpha",,"Chironomidae","Orthocladiinae",,,"Psectrocladius","sp.",,"larva",1,,6,58,10,"N","N",,"condition OK","Y",,"Epler 2001","N","EcoAnalysts Inc.","G. Wallace",,,
"501c07fe-f399-4895-9504-9afd7ab25a68","D05","LIRO","LIRO.AOS.riparian.point.05","2020-06-11T15:13Z","2020-09-15","LIRO.20200611.BENTHICSWEEP.5","A00000202939",,"CAESP5","Y","Caenis sp.",,"genus","Arthropoda","Hexapoda","Insecta","Pterygota","Palaeoptera",,"Ephemeroptera","Furcatergalia","Pannota","Caenoidea","Caenidae","Caeninae",,,"Caenis","sp.",,"larva",5,,3,42,7,"Y","N",,"condition OK","Y",,"Merritt and Cummins 2008","N","EcoAnalysts Inc.","A. Navesky","maybe C latipennis",,
"f3402168-facb-4019-b30c-7bcc399ef589","D05","LIRO","LIRO.AOS.riparian.point.09","2020-06-11T15:13Z","2020-09-15","LIRO.20200611.BENTHICSWEEP.9","A00000202947",,"NANSP1","Y","Nanocladius sp.",,"genus","Arthropoda","Hexapoda","Insecta","Pterygota","Neoptera","Holometabola","Diptera","Nematocera","Culicomorpha",,"Chironomidae","Orthocladiinae",,,"Nanocladius","sp.",,"larva",2,,9,58,15,"N","N",,"condition OK","Y",,"Epler 2001","N","EcoAnalysts Inc.","G. Wallace",,,
"2748f831-cebe-44d9-8399-a332c819cdf3","D05","LIRO","LIRO.AOS.riparian.point.03","2020-06-11T15:13Z","2020-09-15","LIRO.20200611.BENTHICSWEEP.3","A00000202940",,"CHISP8","Y","Chironomus sp.",,"genus","Arthropoda","Hexapoda","Insecta","Pterygota","Neoptera","Holometabola","Diptera","Nematocera","Culicomorpha",,"Chironomidae","Chironominae","Chironomini",,"Chironomus","sp.",,"larva",1,,3,34,9,"N","N",,"damaged, affecting measurement","Y",,"Epler 2001","N","EcoAnalysts Inc.","G. Wallace","Fragment measured.",,
"3f8bb83f-f137-44e1-8534-2dad9a00d16b","D05","LIRO","LIRO.AOS.buoy.c0","2020-06-11T15:13Z","2020-09-15","LIRO.20200611.PONAR.1","A00000202951",,"DIPSP1","Y","Diptera sp.",,"order","Arthropoda","Hexapoda","Insecta","Pterygota","Neoptera","Holometabola","Diptera",,,,,,,,,"sp.",,"pupa",5,,1,100,1,"N","N",,"damaged, affecting taxonomy and measurement","N",,"Merritt and Cummins 2008","Y","EcoAnalysts Inc.","A. Navesky","Fragment measured.-RC head to ab seg 3; missing half of abdomen probably Chaoboridae",,
"d4e841fd-42a6-4cb0-89aa-f998a81e4790","D05","LIRO","LIRO.AOS.riparian.point.03","2020-06-11T15:13Z","2020-09-15","LIRO.20200611.BENTHICSWEEP.3","A00000202940",,"NANSP1","Y","Nanocladius sp.",,"genus","Arthropoda","Hexapoda","Insecta","Pterygota","Neoptera","Holometabola","Diptera","Nematocera","Culicomorpha",,"Chironomidae","Orthocladiinae",,,"Nanocladius","sp.",,"larva",1,,1,34,3,"N","N",,"damaged, affecting measurement","Y",,"Epler 2001","N","EcoAnalysts Inc.","G. Wallace","Fragment measured.",,
"5f393068-8f7e-45c1-986e-fda8de78c852","D05","LIRO","LIRO.AOS.buoy.c0","2020-06-11T15:13Z","2020-09-15","LIRO.20200611.PONAR.1","A00000202951",,"CRISP2","Y","Cricotopus sp.",,"genus","Arthropoda","Hexapoda","Insecta","Pterygota","Neoptera","Holometabola","Diptera","Nematocera","Culicomorpha",,"Chironomidae","Orthocladiinae",,,"Cricotopus","sp.",,"larva",3,,1,100,1,"N","N",,"condition OK","Y",,"Epler 2001","Y","EcoAnalysts Inc.","G. Wallace",,,
"ec7c3cb8-1f15-40ff-b69c-a349a6e23faa","D05","LIRO","LIRO.AOS.buoy.c0","2020-06-11T15:13Z","2020-09-15","LIRO.20200611.PONAR.1","A00000202951",,"CHISP8","Y","Chironomus sp.",,"genus","Arthropoda","Hexapoda","Insecta","Pterygota","Neoptera","Holometabola","Diptera","Nematocera","Culicomorpha",,"Chironomidae","Chironominae","Chironomini",,"Chironomus","sp.",,"larva",17,,1,100,1,"N","N",,"condition OK","Y",,"Epler 2001","Y","EcoAnalysts Inc.","G. Wallace",,,
"b8992c14-0b28-41f0-a862-9747283ddd1d","D05","LIRO","LIRO.AOS.riparian.point.03","2020-06-11T15:13Z","2020-09-15","LIRO.20200611.BENTHICSWEEP.3","A00000202940",,"ABLSP","Y","Ablabesmyia sp.",,"genus","Arthropoda","Hexapoda","Insecta","Pterygota","Neoptera","Holometabola","Diptera","Nematocera","Culicomorpha",,"Chironomidae","Tanypodinae","Pentaneurini",,"Ablabesmyia","sp.",,"larva",3,,1,34,3,"Y","N",,"condition OK","N",,"Roback 1985; Epler 2001","N","EcoAnalysts Inc.","G. Wallace",,,
"817cdf07-ef40-427a-88ac-7b1970fb4490","D05","LIRO","LIRO.AOS.riparian.point.07","2020-06-11T15:13Z","2020-09-15","LIRO.20200611.BENTHICSWEEP.7","A00000202937",,"PSESP19","Y","Psectrocladius sp.",,"genus","Arthropoda","Hexapoda","Insecta","Pterygota","Neoptera","Holometabola","Diptera","Nematocera","Culicomorpha",,"Chironomidae","Orthocladiinae",,,"Psectrocladius","sp.",,"larva",1,,5,67,7,"N","N",,"condition OK","Y",,"Epler 2001","N","EcoAnalysts Inc.","G. Wallace",,,
"81ae61a5-afef-4486-b79c-6f774c5c202a","D05","LIRO","LIRO.AOS.riparian.point.05","2020-06-11T15:13Z","2020-09-15","LIRO.20200611.BENTHICSWEEP.5","A00000202939",,"PISSP4","Y","Pisidium sp.",,"genus","Mollusca",,"Bivalvia","Heterodonta",,,"Veneroida",,,"Corbiculoidea","Pisidiidae",,,,"Pisidium","sp.",,"none",4,,1,42,2,"N","N",,"condition OK","Y",,"Thorp and Covich 2001","N","EcoAnalysts Inc.","A. Navesky",,,
"45d97279-087b-4687-ad3b-00a357159e4c","D05","LIRO","LIRO.AOS.riparian.point.03","2020-06-11T15:13Z","2020-09-15","LIRO.20200611.BENTHICSWEEP.3","A00000202940",,"LAEFUS","Y","Laevapex fuscus",,"species","Mollusca",,"Gastropoda",,,,"Basommatophora",,,,"Ancylidae",,,,"Laevapex","fuscus",,"none",3,,1,34,3,"N","N",,"condition OK","Y",,"Thorp and Covich 2001","N","EcoAnalysts Inc.","A. Navesky",,,
"76a96e33-b156-4838-908c-4c206bd5c8d1","D05","LIRO","LIRO.AOS.riparian.point.07","2020-06-11T15:13Z","2020-09-15","LIRO.20200611.BENTHICSWEEP.7","A00000202937",,"ORISP1","Y","Oribatida sp.",,"suborder","Arthropoda","Chelicerata","Arachnida","Acari",,"Acariformes","Sarcoptiformes","Oribatida",,,,,,,,"sp.",,"none",1,,6,67,9,"N","Y",,"condition OK","Y",,"Thorp and Covich 2001","N","EcoAnalysts Inc.","A. Navesky","Oribatida",,
"e24415b5-958f-49d5-95f9-25957aa3f621","D05","LIRO","LIRO.AOS.riparian.point.05","2020-06-11T15:13Z","2020-09-15","LIRO.20200611.BENTHICSWEEP.5","A00000202939",,"MICPED","Y","Microtendipes pedellus gr.",,"speciesGroup","Arthropoda","Hexapoda","Insecta","Pterygota","Neoptera","Holometabola","Diptera","Nematocera","Culicomorpha",,"Chironomidae","Chironominae","Chironomini",,"Microtendipes","pedellus gr.",,"larva",3,,1,42,2,"N","N",,"condition OK","Y",,"Epler 2001","N","EcoAnalysts Inc.","G. Wallace",,,
"393c366e-3372-4757-9540-6102e7cd0e2c","D05","LIRO","LIRO.AOS.riparian.point.09","2020-06-11T15:13Z","2020-09-15","LIRO.20200611.BENTHICSWEEP.9","A00000202947",,"TANSP11","Y","Tanytarsus sp.",,"genus","Arthropoda","Hexapoda","Insecta","Pterygota","Neoptera","Holometabola","Diptera","Nematocera","Culicomorpha",,"Chironomidae","Chironominae","Tanytarsini",,"Tanytarsus","sp.",,"larva",2,,3,58,5,"N","N",,"condition OK","Y",,"Epler 2001","N","EcoAnalysts Inc.","G. Wallace",,,
"7e020853-5bad-4e33-b0ec-3db3d0828ae0","D05","LIRO","LIRO.AOS.riparian.point.07","2020-06-11T15:13Z","2020-09-15","LIRO.20200611.BENTHICSWEEP.7","A00000202937",,"CERSP10","Y","Ceratopogoninae sp.",,"subfamily","Arthropoda","Hexapoda","Insecta","Pterygota","Neoptera","Holometabola","Diptera","Nematocera","Culicomorpha",,"Ceratopogonidae","Ceratopogoninae",,,,"sp.",,"larva",3,,2,67,3,"N","Y",,"condition OK","Y",,"Merritt and Cummins 2008","N","EcoAnalysts Inc.","A. Navesky",,,
"e8045b4c-f39b-49fa-a35d-9709db003f5a","D05","LIRO","LIRO.AOS.riparian.point.01","2020-06-11T15:13Z","2020-09-14","LIRO.20200611.BENTHICSWEEP.1","A00000202950",,"HALSP1","Y","Halacaridae sp.",,"family","Arthropoda","Chelicerata","Arachnida","Acari",,"Acariformes","Trombidiformes","Prostigmata",,"Halacaroidea","Halacaridae",,,,,"sp.",,"none",1,,2,19,10,"N","N",,"condition OK","Y",,"Thorp and Covich 2001","N","EcoAnalysts Inc.","A. Navesky",,,
"73d0e0f6-254e-47d3-adac-523fe2827afb","D05","LIRO","LIRO.AOS.riparian.point.01","2020-06-11T15:13Z","2020-09-14","LIRO.20200611.BENTHICSWEEP.1","A00000202950",,"PROSP23","Y","Procladius sp.",,"genus","Arthropoda","Hexapoda","Insecta","Pterygota","Neoptera","Holometabola","Diptera","Nematocera","Culicomorpha",,"Chironomidae","Tanypodinae","Procladiini",,"Procladius","sp.",,"larva",4,,1,19,5,"N","N",,"condition OK","Y",,"Epler 2001","N","EcoAnalysts Inc.","G. Wallace",,,
"9b575fde-0a86-4228-bcd5-6964d1f6c96b","D05","LIRO","LIRO.AOS.riparian.point.01","2020-06-11T15:13Z","2020-09-14","LIRO.20200611.BENTHICSWEEP.1","A00000202950",,"MUSSP2","Y","Musculium sp.",,"genus","Mollusca",,"Bivalvia","Heterodonta",,,"Veneroida",,,"Corbiculoidea","Pisidiidae",,,,"Musculium","sp.",,"none",3,,1,19,5,"N","N",,"condition OK","Y",,"Thorp and Rogers 2016","N","EcoAnalysts Inc.","A. Navesky",,,
"265492d5-5fdb-4013-b814-21c14c6f0937","D05","LIRO","LIRO.AOS.riparian.point.09","2020-06-11T15:13Z","2020-09-15","LIRO.20200611.BENTHICSWEEP.9","A00000202947",,"ABLSP","Y","Ablabesmyia sp.",,"genus","Arthropoda","Hexapoda","Insecta","Pterygota","Neoptera","Holometabola","Diptera","Nematocera","Culicomorpha",,"Chironomidae","Tanypodinae","Pentaneurini",,"Ablabesmyia","sp.",,"larva",1,,2,58,3,"N","Y",,"damaged, affecting measurement","Y",,"Roback 1985; Epler 2001","N","EcoAnalysts Inc.","G. Wallace","Fragment measured.; 3-segmented palps",,
"1b6cf5f1-f1d7-4a13-8984-b75da505ebd9","D05","LIRO","LIRO.AOS.littoral1","2020-06-11T15:13Z","2020-09-15","LIRO.20200611.PONAR.2","A00000202952",,"NEMSP","Y","Nematoda sp.",,"phylum","Nematoda",,,,,,,,,,,,,,,"sp.",,"none",3,,1,100,1,"N","Y",,"condition OK","Y",,"Thorp and Covich 2001","N","EcoAnalysts Inc.","A. Navesky",,,
"eae12d9b-20a6-4ac7-b02d-cc82b664784d","D05","LIRO","LIRO.AOS.riparian.point.09","2020-06-11T15:13Z","2020-09-15","LIRO.20200611.BENTHICSWEEP.9","A00000202947",,"NEUSP4","Y","Neumania sp.",,"genus","Arthropoda","Chelicerata","Arachnida","Acari",,"Acariformes","Trombidiformes","Prostigmata",,"Hygrobatoidea","Unionicolidae",,,,"Neumania","sp.",,"none",1,,2,58,3,"N","N",,"condition OK","Y",,"Thorp and Covich 2001","N","EcoAnalysts Inc.","A. Navesky",,,
"61b40705-cabf-4eaf-95c1-38e4bba51a39","D05","LIRO","LIRO.AOS.riparian.point.03","2020-06-11T15:13Z","2020-09-15","LIRO.20200611.BENTHICSWEEP.3","A00000202940",,"CHISP8","Y","Chironomus sp.",,"genus","Arthropoda","Hexapoda","Insecta","Pterygota","Neoptera","Holometabola","Diptera","Nematocera","Culicomorpha",,"Chironomidae","Chironominae","Chironomini",,"Chironomus","sp.",,"larva",6,,1,34,3,"N","N",,"condition OK","Y",,"Epler 2001","N","EcoAnalysts Inc.","G. Wallace",,,
"0d64ed06-d397-403c-8f60-1b06e2ffc8fc","D05","LIRO","LIRO.AOS.riparian.point.09","2020-06-11T15:13Z","2020-09-15","LIRO.20200611.BENTHICSWEEP.9","A00000202947",,"PARSP25","Y","Parakiefferiella sp.",,"genus","Arthropoda","Hexapoda","Insecta","Pterygota","Neoptera","Holometabola","Diptera","Nematocera","Culicomorpha",,"Chironomidae","Orthocladiinae",,,"Parakiefferiella","sp.",,"larva",2,,1,58,2,"N","N",,"condition OK","Y",,"Epler 2001","N","EcoAnalysts Inc.","G. Wallace",,,
"9d120f7a-65ea-4fee-afd8-a3ceba3d9c3b","D05","LIRO","LIRO.AOS.riparian.point.07","2020-06-11T15:13Z","2020-09-15","LIRO.20200611.BENTHICSWEEP.7","A00000202937",,"LABSP","Y","Labrundinia sp.",,"genus","Arthropoda","Hexapoda","Insecta","Pterygota","Neoptera","Holometabola","Diptera","Nematocera","Culicomorpha",,"Chironomidae","Tanypodinae","Pentaneurini",,"Labrundinia","sp.",,"larva",2,,3,67,4,"N","N",,"condition OK","Y",,"Epler 2001","N","EcoAnalysts Inc.","G. Wallace",,,
"7209649d-6d64-43fb-9576-031824fc3c5d","D05","LIRO","LIRO.AOS.riparian.point.01","2020-06-11T15:13Z","2020-09-14","LIRO.20200611.BENTHICSWEEP.1","A00000202950","LIRO.20200611.BENTHICSWEEP.1_OLIGOCHAETE_1/1","SLAAPP","Y","Slavina appendiculata",,"species","Annelida","Clitellata","Oligochaeta","Oligochaeta",,,"Tubificida",,,,"Naididae","Naidinae",,,"Slavina","appendiculata",,"none",1,,1,19,5,"N","N",,"damaged, affecting measurement","Y",,"Kathman and Brinkhurst 1998","N","EcoAnalysts Inc.","C. Fishel","Fragment measured.",,
"97f71fd9-0261-46ab-b95d-a4a616644154","D05","LIRO","LIRO.AOS.riparian.point.05","2020-06-11T15:13Z","2020-09-15","LIRO.20200611.BENTHICSWEEP.5","A00000202939",,"ABLSP","Y","Ablabesmyia sp.",,"genus","Arthropoda","Hexapoda","Insecta","Pterygota","Neoptera","Holometabola","Diptera","Nematocera","Culicomorpha",,"Chironomidae","Tanypodinae","Pentaneurini",,"Ablabesmyia","sp.",,"larva",2,,1,42,2,"Y","N",,"condition OK","N",,"Roback 1985; Epler 2001","N","EcoAnalysts Inc.","G. Wallace",,,
"08d2938f-73e7-4ba6-ac4a-0469aba4cf64","D05","LIRO","LIRO.AOS.riparian.point.05","2020-06-11T15:13Z","2020-09-15","LIRO.20200611.BENTHICSWEEP.5","A00000202939",,"PENSP6","Y","Pentaneurini sp.",,"tribe","Arthropoda","Hexapoda","Insecta","Pterygota","Neoptera","Holometabola","Diptera","Nematocera","Culicomorpha",,"Chironomidae","Tanypodinae","Pentaneurini",,,"sp.",,"larva",1,,4,42,10,"Y","N",,"damaged, affecting taxonomy","N",,"Epler 2001","N","EcoAnalysts Inc.","G. Wallace",,,
"b59a141e-3785-428f-8b78-481945a13767","D05","LIRO","LIRO.AOS.littoral2","2020-06-11T15:13Z","2020-09-15","LIRO.20200611.PONAR.3","A00000202953",,"TANSP11","Y","Tanytarsus sp.",,"genus","Arthropoda","Hexapoda","Insecta","Pterygota","Neoptera","Holometabola","Diptera","Nematocera","Culicomorpha",,"Chironomidae","Chironominae","Tanytarsini",,"Tanytarsus","sp.",,"larva",3,,1,41,2,"N","N",,"condition OK","Y",,"Epler 2001","N","EcoAnalysts Inc.","G. Wallace",,,
"f1042f0f-b603-466c-a08a-d9e019600734","D05","LIRO","LIRO.AOS.riparian.point.09","2020-06-11T15:13Z","2020-09-15","LIRO.20200611.BENTHICSWEEP.9","A00000202947",,"ABLSP","Y","Ablabesmyia sp.",,"genus","Arthropoda","Hexapoda","Insecta","Pterygota","Neoptera","Holometabola","Diptera","Nematocera","Culicomorpha",,"Chironomidae","Tanypodinae","Pentaneurini",,"Ablabesmyia","sp.",,"larva",4,,1,58,2,"N","Y",,"condition OK","Y",,"Roback 1985; Epler 2001","N","EcoAnalysts Inc.","G. Wallace","3-segmented palps",,
"460a0640-03da-4002-ab7c-9c44e6a1cb58","D05","LIRO","LIRO.AOS.riparian.point.07","2020-06-11T15:13Z","2020-09-15","LIRO.20200611.BENTHICSWEEP.7","A00000202937",,"PSESP19","Y","Psectrocladius sp.",,"genus","Arthropoda","Hexapoda","Insecta","Pterygota","Neoptera","Holometabola","Diptera","Nematocera","Culicomorpha",,"Chironomidae","Orthocladiinae",,,"Psectrocladius","sp.",,"larva",6,,2,67,3,"N","N",,"condition OK","Y",,"Epler 2001","N","EcoAnalysts Inc.","G. Wallace",,,
"a2778ad3-99b5-40a0-9006-1af4f8c5fe90","D05","LIRO","LIRO.AOS.riparian.point.09","2020-06-11T15:13Z","2020-09-15","LIRO.20200611.BENTHICSWEEP.9","A00000202947",,"CAESP5","Y","Caenis sp.",,"genus","Arthropoda","Hexapoda","Insecta","Pterygota","Palaeoptera",,"Ephemeroptera","Furcatergalia","Pannota","Caenoidea","Caenidae","Caeninae",,,"Caenis","sp.",,"larva",3,,1,58,2,"Y","N",,"condition OK","Y",,"Merritt and Cummins 2008","N","EcoAnalysts Inc.","A. Navesky","maybe C latipennis",,
"ac4fc390-8b0c-4fde-8fb5-5556b6e5da53","D05","LIRO","LIRO.AOS.riparian.point.01","2020-06-11T15:13Z","2020-09-14","LIRO.20200611.BENTHICSWEEP.1","A00000202950",,"PSESP19","Y","Psectrocladius sp.",,"genus","Arthropoda","Hexapoda","Insecta","Pterygota","Neoptera","Holometabola","Diptera","Nematocera","Culicomorpha",,"Chironomidae","Orthocladiinae",,,"Psectrocladius","sp.",,"larva",2,,1,19,5,"N","N",,"damaged, affecting measurement","Y",,"Epler 2001","N","EcoAnalysts Inc.","G. Wallace","Fragment measured.",,
"e37a8306-61de-4454-b79f-ca127131a612","D05","LIRO","LIRO.AOS.riparian.point.07","2020-06-11T15:13Z","2020-09-15","LIRO.20200611.BENTHICSWEEP.7","A00000202937",,"THIGRO","Y","Thienemannimyia gr.",,"speciesGroup","Arthropoda","Hexapoda","Insecta","Pterygota","Neoptera","Holometabola","Diptera","Nematocera","Culicomorpha",,"Chironomidae","Tanypodinae","Pentaneurini",,"Thienemannimyia","gr.",,"larva",6,,1,67,1,"N","N",,"condition OK","Y",,"Epler 2001","N","EcoAnalysts Inc.","G. Wallace",,,
"8b1f865b-1dfb-4c8b-823e-0098b3c24df9","D05","LIRO","LIRO.AOS.riparian.point.03","2020-06-11T15:13Z","2020-09-15","LIRO.20200611.BENTHICSWEEP.3","A00000202940",,"MICPED","Y","Microtendipes pedellus gr.",,"speciesGroup","Arthropoda","Hexapoda","Insecta","Pterygota","Neoptera","Holometabola","Diptera","Nematocera","Culicomorpha",,"Chironomidae","Chironominae","Chironomini",,"Microtendipes","pedellus gr.",,"larva",2,,5,34,15,"N","N",,"condition OK","Y",,"Epler 2001","N","EcoAnalysts Inc.","G. Wallace",,,
"0f2f5ced-68e0-4e47-b09f-77747b2af621","D05","LIRO","LIRO.AOS.riparian.point.05","2020-06-11T15:13Z","2020-09-15","LIRO.20200611.BENTHICSWEEP.5","A00000202939",,"PSESP19","Y","Psectrocladius sp.",,"genus","Arthropoda","Hexapoda","Insecta","Pterygota","Neoptera","Holometabola","Diptera","Nematocera","Culicomorpha",,"Chironomidae","Orthocladiinae",,,"Psectrocladius","sp.",,"larva",3,,2,42,5,"N","N",,"damaged, affecting measurement","Y",,"Epler 2001","N","EcoAnalysts Inc.","G. Wallace","Fragment measured.",,
"35f7db45-fa37-44f8-9b9d-830fce701b0c","D05","LIRO","LIRO.AOS.riparian.point.05","2020-06-11T15:13Z","2020-09-15","LIRO.20200611.BENTHICSWEEP.5","A00000202939",,"PROSP37","Y","Prostoma sp.",,"genus","Nemertea",,"Enopla",,,,"Hoplonemertea","Monostilifera",,,"Tetrastemmatidae",,,,"Prostoma","sp.",,"none",2,,1,42,2,"N","N",,"condition OK","Y",,"Pennak 1997; Thorp and Covich 2001","N","EcoAnalysts Inc.","A. Navesky",,,
"12f7e9da-e7cf-478a-ab3c-60a6433ca729","D05","LIRO","LIRO.AOS.littoral2","2020-06-11T15:13Z","2020-09-15","LIRO.20200611.PONAR.3","A00000202953",,"PSESP19","Y","Psectrocladius sp.",,"genus","Arthropoda","Hexapoda","Insecta","Pterygota","Neoptera","Holometabola","Diptera","Nematocera","Culicomorpha",,"Chironomidae","Orthocladiinae",,,"Psectrocladius","sp.",,"larva",4,,28,41,69,"N","N",,"condition OK","Y",,"Epler 2001","N","EcoAnalysts Inc.","G. Wallace",,,
"9d5c6275-1a83-43e8-825e-d8c4e18f310b","D05","LIRO","LIRO.AOS.riparian.point.03","2020-06-11T15:13Z","2020-09-15","LIRO.20200611.BENTHICSWEEP.3","A00000202940",,"DICSP7","Y","Dicrotendipes sp.",,"genus","Arthropoda","Hexapoda","Insecta","Pterygota","Neoptera","Holometabola","Diptera","Nematocera","Culicomorpha",,"Chironomidae","Chironominae","Chironomini",,"Dicrotendipes","sp.",,"larva",6,,2,34,6,"N","N",,"condition OK","Y",,"Epler 1987 1988 2001","N","EcoAnalysts Inc.","G. Wallace",,,
"65a9893d-cc9a-4d7d-8223-33b865b7ed57","D05","LIRO","LIRO.AOS.littoral2","2020-06-11T15:13Z","2020-09-15","LIRO.20200611.PONAR.3","A00000202953",,"LAUAGR","Y","Lauterborniella agrayloides",,"species","Arthropoda","Hexapoda","Insecta","Pterygota","Neoptera","Holometabola","Diptera","Nematocera","Culicomorpha",,"Chironomidae","Chironominae","Chironomini",,"Lauterborniella","agrayloides",,"larva",2,,1,41,2,"N","N",,"condition OK","Y",,"Epler 2001","N","EcoAnalysts Inc.","G. Wallace",,,
"84a550c3-181f-43ad-9795-b93b8a986c40","D05","LIRO","LIRO.AOS.riparian.point.03","2020-06-11T15:13Z","2020-09-15","LIRO.20200611.BENTHICSWEEP.3","A00000202940",,"CLASP6","Y","Cladotanytarsus sp.",,"genus","Arthropoda","Hexapoda","Insecta","Pterygota","Neoptera","Holometabola","Diptera","Nematocera","Culicomorpha",,"Chironomidae","Chironominae","Tanytarsini",,"Cladotanytarsus","sp.",,"larva",1,,1,34,3,"N","N",,"condition OK","Y",,"Epler 2001","N","EcoAnalysts Inc.","G. Wallace",,,
"74bc2738-300f-4ac4-be59-bb127ecafbfe","D05","LIRO","LIRO.AOS.riparian.point.01","2020-06-11T15:13Z","2020-09-14","LIRO.20200611.BENTHICSWEEP.1","A00000202950",,"STESP8","Y","Stenochironomus sp.",,"genus","Arthropoda","Hexapoda","Insecta","Pterygota","Neoptera","Holometabola","Diptera","Nematocera","Culicomorpha",,"Chironomidae","Chironominae","Chironomini",,"Stenochironomus","sp.",,"larva",7,,2,19,10,"N","N",,"condition OK","Y",,"Epler 2001","N","EcoAnalysts Inc.","G. Wallace",,,
"f90a6a84-b6ef-4c6b-b9c7-786a3f8c9672","D05","LIRO","LIRO.AOS.riparian.point.09","2020-06-11T15:13Z","2020-09-15","LIRO.20200611.BENTHICSWEEP.9","A00000202947",,"TANSP11","Y","Tanytarsus sp.",,"genus","Arthropoda","Hexapoda","Insecta","Pterygota","Neoptera","Holometabola","Diptera","Nematocera","Culicomorpha",,"Chironomidae","Chironominae","Tanytarsini",,"Tanytarsus","sp.",,"larva",1,,1,58,2,"N","N",,"damaged, affecting measurement","Y",,"Epler 2001","N","EcoAnalysts Inc.","G. Wallace","Fragment measured.",,
"17adc564-9805-492e-a364-8efa60c707db","D05","LIRO","LIRO.AOS.riparian.point.01","2020-06-11T15:13Z","2020-09-14","LIRO.20200611.BENTHICSWEEP.1","A00000202950",,"LABSP","Y","Labrundinia sp.",,"genus","Arthropoda","Hexapoda","Insecta","Pterygota","Neoptera","Holometabola","Diptera","Nematocera","Culicomorpha",,"Chironomidae","Tanypodinae","Pentaneurini",,"Labrundinia","sp.",,"larva",2,,1,19,5,"N","N",,"damaged, affecting measurement","Y",,"Epler 2001","N","EcoAnalysts Inc.","G. Wallace","Fragment measured.",,
"05307add-0156-45f3-a839-aceef6668234","D05","LIRO","LIRO.AOS.riparian.point.05","2020-06-11T15:13Z","2020-09-15","LIRO.20200611.BENTHICSWEEP.5","A00000202939",,"FROSP1","Y","Frontipoda sp.",,"genus","Arthropoda","Chelicerata","Arachnida","Acari",,"Acariformes","Trombidiformes","Prostigmata",,"Lebertioidea","Oxidae",,,,"Frontipoda","sp.",,"none",1,,1,42,2,"N","N",,"condition OK","Y",,"Thorp and Covich 2001","N","EcoAnalysts Inc.","A. Navesky",,,
"29ef04fa-9129-40eb-88c4-9fd8a3c18826","D05","LIRO","LIRO.AOS.littoral2","2020-06-11T15:13Z","2020-09-15","LIRO.20200611.PONAR.3","A00000202953",,"MICPED","Y","Microtendipes pedellus gr.",,"speciesGroup","Arthropoda","Hexapoda","Insecta","Pterygota","Neoptera","Holometabola","Diptera","Nematocera","Culicomorpha",,"Chironomidae","Chironominae","Chironomini",,"Microtendipes","pedellus gr.",,"larva",4,,1,41,2,"N","N",,"condition OK","Y",,"Epler 2001","N","EcoAnalysts Inc.","G. Wallace",,,
"72751ee4-6854-4ee4-8671-8614f3f8b2b4","D05","LIRO","LIRO.AOS.riparian.point.03","2020-06-11T15:13Z","2020-09-15","LIRO.20200611.BENTHICSWEEP.3","A00000202940",,"CORSP19","Y","Corynoneura sp.",,"genus","Arthropoda","Hexapoda","Insecta","Pterygota","Neoptera","Holometabola","Diptera","Nematocera","Culicomorpha",,"Chironomidae","Orthocladiinae",,,"Corynoneura","sp.",,"larva",2,,9,34,26,"N","N",,"condition OK","Y",,"Epler 2001","N","EcoAnalysts Inc.","G. Wallace",,,
"1df0a588-a0ec-48f2-84c3-915f117f57b8","D05","LIRO","LIRO.AOS.riparian.point.09","2020-06-11T15:13Z","2020-09-15","LIRO.20200611.BENTHICSWEEP.9","A00000202947",,"ZAVMAR","Y","Zavreliella marmorata",,"species","Arthropoda","Hexapoda","Insecta","Pterygota","Neoptera","Holometabola","Diptera","Nematocera","Culicomorpha",,"Chironomidae","Chironominae","Tanytarsini",,"Zavreliella","marmorata",,"larva",2,,2,58,3,"N","N",,"condition OK","Y",,"Epler 2001","N","EcoAnalysts Inc.","G. Wallace",,,
"75c71900-0d03-4a61-a5d0-4047e62e5cd3","D05","LIRO","LIRO.AOS.riparian.point.05","2020-06-11T15:13Z","2020-09-15","LIRO.20200611.BENTHICSWEEP.5","A00000202939","LIRO.20200611.BENTHICSWEEP.5_OLIGOCHAETE_1/1","STYLAC","Y","Stylaria lacustris",,"species","Annelida","Clitellata","Oligochaeta","Oligochaeta",,,"Tubificida",,,,"Naididae","Naidinae",,,"Stylaria","lacustris",,"none",2,,1,42,2,"N","N",,"condition OK","Y",,"Kathman and Brinkhurst 1998","N","EcoAnalysts Inc.","C. Fishel",,,
"61477e38-f497-4596-bec0-089559d574a4","D05","LIRO","LIRO.AOS.littoral1","2020-06-11T15:13Z","2020-09-15","LIRO.20200611.PONAR.2","A00000202952",,"DICSP7","Y","Dicrotendipes sp.",,"genus","Arthropoda","Hexapoda","Insecta","Pterygota","Neoptera","Holometabola","Diptera","Nematocera","Culicomorpha",,"Chironomidae","Chironominae","Chironomini",,"Dicrotendipes","sp.",,"larva",1,,1,100,1,"N","N",,"condition OK","Y",,"Epler 1987 1988 2001","N","EcoAnalysts Inc.","G. Wallace",,,
"9f75f9c2-895c-45ff-bae2-6f66e66fe4d3","D05","LIRO","LIRO.AOS.riparian.point.03","2020-06-11T15:13Z","2020-09-15","LIRO.20200611.BENTHICSWEEP.3","A00000202940",,"MICPED","Y","Microtendipes pedellus gr.",,"speciesGroup","Arthropoda","Hexapoda","Insecta","Pterygota","Neoptera","Holometabola","Diptera","Nematocera","Culicomorpha",,"Chironomidae","Chironominae","Chironomini",,"Microtendipes","pedellus gr.",,"larva",3,,3,34,9,"N","N",,"condition OK","Y",,"Epler 2001","N","EcoAnalysts Inc.","G. Wallace",,,
"850a3bdc-4c62-41d8-ad83-d7b10ea640d5","D05","LIRO","LIRO.AOS.riparian.point.01","2020-06-11T15:13Z","2020-09-14","LIRO.20200611.BENTHICSWEEP.1","A00000202950",,"MICPED","Y","Microtendipes pedellus gr.",,"speciesGroup","Arthropoda","Hexapoda","Insecta","Pterygota","Neoptera","Holometabola","Diptera","Nematocera","Culicomorpha",,"Chironomidae","Chironominae","Chironomini",,"Microtendipes","pedellus gr.",,"larva",1,,2,19,10,"N","N",,"damaged, affecting measurement","Y",,"Epler 2001","N","EcoAnalysts Inc.","G. Wallace","Fragment measured.",,
"c2318639-08da-428a-afa2-0e8f475060e4","D05","LIRO","LIRO.AOS.riparian.point.09","2020-06-11T15:13Z","2020-09-15","LIRO.20200611.BENTHICSWEEP.9","A00000202947","LIRO.20200611.BENTHICSWEEP.9_OLIGOCHAETE_1/1","NAISP","Y","Naididae sp.",,"family","Annelida","Clitellata","Oligochaeta","Oligochaeta",,,"Tubificida",,,,"Naididae",,,,,"sp.",,"none",1,,2,58,3,"N","N",,"damaged, affecting taxonomy and measurement","Y",,"Kathman and Brinkhurst 1999","N","EcoAnalysts Inc.","C. Fishel","Fragment measured.",,
"b502a708-57f4-4c2d-8f91-20a678bf407d","D05","LIRO","LIRO.AOS.buoy.c0","2020-06-11T15:13Z","2020-09-15","LIRO.20200611.PONAR.1","A00000202951",,"CHASP13","Y","Chaoborus sp.",,"genus","Arthropoda","Hexapoda","Insecta","Pterygota","Neoptera","Holometabola","Diptera","Nematocera","Culicomorpha",,"Chaoboridae","Chaoborinae",,,"Chaoborus","sp.",,"larva",9,,6,100,6,"N","N",,"condition OK","Y",,"Merritt Cummins and Berg 2008","Y","EcoAnalysts Inc.","A. Navesky",,,
"864da597-ea1e-4401-af91-e8e503af9931","D05","LIRO","LIRO.AOS.riparian.point.07","2020-06-11T15:13Z","2020-09-15","LIRO.20200611.BENTHICSWEEP.7","A00000202937",,"CORSP1","Y","Corbiculoidea sp.",,"superfamily","Mollusca",,"Bivalvia","Heterodonta",,,"Veneroida",,,"Corbiculoidea",,,,,,"sp.",,"none",3,,3,67,4,"Y","N",,"condition OK","N",,"Mackie 2007","N","EcoAnalysts Inc.","A. Navesky","missing shell",,
"73d5df59-42a6-4db7-9133-5ddd8059abf7","D05","LIRO","LIRO.AOS.riparian.point.07","2020-06-11T15:13Z","2020-09-15","LIRO.20200611.BENTHICSWEEP.7","A00000202937",,"STESP8","Y","Stenochironomus sp.",,"genus","Arthropoda","Hexapoda","Insecta","Pterygota","Neoptera","Holometabola","Diptera","Nematocera","Culicomorpha",,"Chironomidae","Chironominae","Chironomini",,"Stenochironomus","sp.",,"larva",2,,1,67,1,"N","N",,"condition OK","Y",,"Epler 2001","N","EcoAnalysts Inc.","G. Wallace",,,
"bbdf1181-41ba-45ad-ad48-00847c0b7886","D05","LIRO","LIRO.AOS.riparian.point.03","2020-06-11T15:13Z","2020-09-15","LIRO.20200611.BENTHICSWEEP.3","A00000202940",,"NEMSP","Y","Nematoda sp.",,"phylum","Nematoda",,,,,,,,,,,,,,,"sp.",,"none",3,,1,34,3,"N","Y",,"condition OK","Y",,"Thorp and Covich 2001","N","EcoAnalysts Inc.","A. Navesky",,,
"39ab5f71-e16a-4866-86c2-62b349c60ecc","D05","LIRO","LIRO.AOS.littoral2","2020-06-11T15:13Z","2020-09-15","LIRO.20200611.PONAR.3","A00000202953",,"PSESP19","Y","Psectrocladius sp.",,"genus","Arthropoda","Hexapoda","Insecta","Pterygota","Neoptera","Holometabola","Diptera","Nematocera","Culicomorpha",,"Chironomidae","Orthocladiinae",,,"Psectrocladius","sp.",,"larva",4,,1,41,2,"N","N",,"damaged, affecting measurement","Y",,"Epler 2001","N","EcoAnalysts Inc.","G. Wallace","Fragment measured.",,
"9daec455-b534-4f8b-96b7-78b0e7a80271","D05","LIRO","LIRO.AOS.littoral2","2020-06-11T15:13Z","2020-09-15","LIRO.20200611.PONAR.3","A00000202953",,"POLNUB","Y","Polypedilum nubeculosum",,"species","Arthropoda","Hexapoda","Insecta","Pterygota","Neoptera","Holometabola","Diptera","Nematocera","Culicomorpha",,"Chironomidae","Chironominae","Chironomini",,"Polypedilum","nubeculosum",,"larva",3,,1,41,2,"N","N",,"condition OK","Y",,"Epler 2001 and Maschwitz and Cook 2000","N","EcoAnalysts Inc.","G. Wallace",,,
"139afd27-4a70-4d35-a5eb-080b6a6f0c5a","D05","LIRO","LIRO.AOS.littoral2","2020-06-11T15:13Z","2020-09-15","LIRO.20200611.PONAR.3","A00000202953",,"CERSP10","Y","Ceratopogoninae sp.",,"subfamily","Arthropoda","Hexapoda","Insecta","Pterygota","Neoptera","Holometabola","Diptera","Nematocera","Culicomorpha",,"Ceratopogonidae","Ceratopogoninae",,,,"sp.",,"larva",12,,1,41,2,"N","Y",,"condition OK","Y",,"Merritt and Cummins 2008","N","EcoAnalysts Inc.","A. Navesky",,,
"fdd94507-0bd1-4704-be4a-fff6ec4d18ea","D05","LIRO","LIRO.AOS.littoral2","2020-06-11T15:13Z","2020-09-15","LIRO.20200611.PONAR.3","A00000202953",,"ZAVMAR","Y","Zavreliella marmorata",,"species","Arthropoda","Hexapoda","Insecta","Pterygota","Neoptera","Holometabola","Diptera","Nematocera","Culicomorpha",,"Chironomidae","Chironominae","Tanytarsini",,"Zavreliella","marmorata",,"larva",1,,1,41,2,"N","N",,"damaged, affecting measurement","Y",,"Epler 2001","N","EcoAnalysts Inc.","G. Wallace","Fragment measured.",,
"c34fa26b-ae2c-43df-bc6d-525132909f96","D05","LIRO","LIRO.AOS.riparian.point.03","2020-06-11T15:13Z","2020-09-15","LIRO.20200611.BENTHICSWEEP.3","A00000202940",,"DICSP7","Y","Dicrotendipes sp.",,"genus","Arthropoda","Hexapoda","Insecta","Pterygota","Neoptera","Holometabola","Diptera","Nematocera","Culicomorpha",,"Chironomidae","Chironominae","Chironomini",,"Dicrotendipes","sp.",,"larva",1,,1,34,3,"N","N",,"condition OK","Y",,"Epler 1987 1988 2001","N","EcoAnalysts Inc.","G. Wallace",,,
"dc8b940d-e6bd-4a3a-90ce-0f3661423e2b","D05","LIRO","LIRO.AOS.riparian.point.05","2020-06-11T15:13Z","2020-09-15","LIRO.20200611.BENTHICSWEEP.5","A00000202939",,"LABSP","Y","Labrundinia sp.",,"genus","Arthropoda","Hexapoda","Insecta","Pterygota","Neoptera","Holometabola","Diptera","Nematocera","Culicomorpha",,"Chironomidae","Tanypodinae","Pentaneurini",,"Labrundinia","sp.",,"larva",2,,1,42,2,"N","N",,"condition OK","Y",,"Epler 2001","N","EcoAnalysts Inc.","G. Wallace",,,
"8d044bb4-4e74-4e38-b922-33e20ad154e2","D05","LIRO","LIRO.AOS.riparian.point.05","2020-06-11T15:13Z","2020-09-15","LIRO.20200611.BENTHICSWEEP.5","A00000202939",,"NEMSP","Y","Nematoda sp.",,"phylum","Nematoda",,,,,,,,,,,,,,,"sp.",,"none",2,,61,42,146,"N","Y",,"condition OK","Y",,"Thorp and Covich 2001","N","EcoAnalysts Inc.","A. Navesky",,,
"d180f630-f886-4aec-9336-d5bc95e687f9","D05","LIRO","LIRO.AOS.littoral2","2020-06-11T15:13Z","2020-09-15","LIRO.20200611.PONAR.3","A00000202953",,"DICSP7","Y","Dicrotendipes sp.",,"genus","Arthropoda","Hexapoda","Insecta","Pterygota","Neoptera","Holometabola","Diptera","Nematocera","Culicomorpha",,"Chironomidae","Chironominae","Chironomini",,"Dicrotendipes","sp.",,"larva",2,,3,41,7,"Y","N",,"condition OK","Y",,"Epler 1987 1988 2001","N","EcoAnalysts Inc.","G. Wallace",,,
"da86c0bd-e852-4ce3-8f8b-587e68d6361a","D05","LIRO","LIRO.AOS.riparian.point.07","2020-06-11T15:13Z","2020-09-15","LIRO.20200611.BENTHICSWEEP.7","A00000202937",,"PENSP6","Y","Pentaneurini sp.",,"tribe","Arthropoda","Hexapoda","Insecta","Pterygota","Neoptera","Holometabola","Diptera","Nematocera","Culicomorpha",,"Chironomidae","Tanypodinae","Pentaneurini",,,"sp.",,"larva",1,,1,67,1,"Y","N",,"condition OK","N",,"Epler 2001","N","EcoAnalysts Inc.","G. Wallace",,,
"88732e55-82e6-49b1-a8f0-1881ef0bf026","D05","LIRO","LIRO.AOS.littoral1","2020-06-11T15:13Z","2020-09-15","LIRO.20200611.PONAR.2","A00000202952",,"CLASP5","Y","Cladopelma sp.",,"genus","Arthropoda","Hexapoda","Insecta","Pterygota","Neoptera","Holometabola","Diptera","Nematocera","Culicomorpha",,"Chironomidae","Chironominae","Chironomini",,"Cladopelma","sp.",,"larva",6,,1,100,1,"N","N",,"condition OK","Y",,"Epler 2001","N","EcoAnalysts Inc.","G. Wallace",,,
"3c92edb9-c14f-4a2a-82a5-b19cd5df16dc","D05","LIRO","LIRO.AOS.riparian.point.05","2020-06-11T15:13Z","2020-09-15","LIRO.20200611.BENTHICSWEEP.5","A00000202939",,"CAESP5","Y","Caenis sp.",,"genus","Arthropoda","Hexapoda","Insecta","Pterygota","Palaeoptera",,"Ephemeroptera","Furcatergalia","Pannota","Caenoidea","Caenidae","Caeninae",,,"Caenis","sp.",,"larva",4,,4,42,10,"Y","N",,"condition OK","Y",,"Merritt and Cummins 2008","N","EcoAnalysts Inc.","A. Navesky","maybe C latipennis",,
"a3252bd4-ccb1-4304-8833-d3e5fa935896","D05","LIRO","LIRO.AOS.riparian.point.03","2020-06-11T15:13Z","2020-09-15","LIRO.20200611.BENTHICSWEEP.3","A00000202940",,"CERSP10","Y","Ceratopogoninae sp.",,"subfamily","Arthropoda","Hexapoda","Insecta","Pterygota","Neoptera","Holometabola","Diptera","Nematocera","Culicomorpha",,"Ceratopogonidae","Ceratopogoninae",,,,"sp.",,"larva",7,,1,34,3,"N","Y",,"condition OK","Y",,"Merritt and Cummins 2008","N","EcoAnalysts Inc.","A. Navesky",,,
"21024e6f-411c-41c8-8042-afe06c0a6956","D05","LIRO","LIRO.AOS.riparian.point.03","2020-06-11T15:13Z","2020-09-15","LIRO.20200611.BENTHICSWEEP.3","A00000202940",,"POLILL","Y","Polypedilum illinoense gr.",,"speciesGroup","Arthropoda","Hexapoda","Insecta","Pterygota","Neoptera","Holometabola","Diptera","Nematocera","Culicomorpha",,"Chironomidae","Chironominae","Chironomini",,"Polypedilum","illinoense gr.",,"larva",7,,1,34,3,"N","N",,"condition OK","Y",,"Epler 2001 and Maschwitz and Cook 2000","N","EcoAnalysts Inc.","G. Wallace",,,
"388f33de-9679-4467-a133-c8dc7935b2b8","D05","LIRO","LIRO.AOS.riparian.point.01","2020-06-11T15:13Z","2020-09-14","LIRO.20200611.BENTHICSWEEP.1","A00000202950","LIRO.20200611.BENTHICSWEEP.1_OLIGOCHAETE_1/1","CHADIA","Y","Chaetogaster diaphanus",,"species","Annelida","Clitellata","Oligochaeta","Oligochaeta",,,"Tubificida",,,,"Naididae","Naidinae",,,"Chaetogaster","diaphanus",,"none",1,,2,19,10,"N","N",,"condition OK","Y",,"Kathman and Brinkhurst 1998","N","EcoAnalysts Inc.","C. Fishel",,,
"33e71c30-8b79-4516-a8c4-be42d7541246","D05","LIRO","LIRO.AOS.buoy.c0","2020-06-11T15:13Z","2020-09-15","LIRO.20200611.PONAR.1","A00000202951",,"CHISP8","Y","Chironomus sp.",,"genus","Arthropoda","Hexapoda","Insecta","Pterygota","Neoptera","Holometabola","Diptera","Nematocera","Culicomorpha",,"Chironomidae","Chironominae","Chironomini",,"Chironomus","sp.",,"larva",9,,4,100,4,"N","N",,"condition OK","Y",,"Epler 2001","Y","EcoAnalysts Inc.","G. Wallace",,,
"457ba57d-94bc-4a60-bb22-a745e88a02f9","D05","LIRO","LIRO.AOS.riparian.point.09","2020-06-11T15:13Z","2020-09-15","LIRO.20200611.BENTHICSWEEP.9","A00000202947",,"FERSP","Y","Ferrissia sp.",,"genus","Mollusca",,"Gastropoda",,,,"Basommatophora",,,,"Ancylidae",,,,"Ferrissia","sp.",,"none",4,,2,58,3,"N","N",,"condition OK","Y",,"Thorp and Covich 2001","N","EcoAnalysts Inc.","A. Navesky",,,
"85580fa2-23c2-444c-8528-fe0973e21fcc","D05","LIRO","LIRO.AOS.riparian.point.01","2020-06-11T15:13Z","2020-09-14","LIRO.20200611.BENTHICSWEEP.1","A00000202950",,"TANSP11","Y","Tanytarsus sp.",,"genus","Arthropoda","Hexapoda","Insecta","Pterygota","Neoptera","Holometabola","Diptera","Nematocera","Culicomorpha",,"Chironomidae","Chironominae","Tanytarsini",,"Tanytarsus","sp.",,"larva",2,,1,19,5,"N","N",,"damaged, affecting measurement","Y",,"Epler 2001","N","EcoAnalysts Inc.","G. Wallace","Fragment measured.; many tiny",,
"72281993-d388-473b-87ca-bfe0269f371d","D05","LIRO","LIRO.AOS.riparian.point.07","2020-06-11T15:13Z","2020-09-15","LIRO.20200611.BENTHICSWEEP.7","A00000202937",,"PARSP30","Y","Parachironomus sp.",,"genus","Arthropoda","Hexapoda","Insecta","Pterygota","Neoptera","Holometabola","Diptera","Nematocera","Culicomorpha",,"Chironomidae","Chironominae","Chironomini",,"Parachironomus","sp.",,"larva",4,,1,67,1,"N","N",,"condition OK","Y",,"Epler 2001","N","EcoAnalysts Inc.","G. Wallace",,,
"ed7add5e-0233-4501-a67a-75cc0189d350","D05","LIRO","LIRO.AOS.littoral2","2020-06-11T15:13Z","2020-09-15","LIRO.20200611.PONAR.3","A00000202953",,"ORTSP1","Y","Orthocladiinae sp.",,"subfamily","Arthropoda","Hexapoda","Insecta","Pterygota","Neoptera","Holometabola","Diptera","Nematocera","Culicomorpha",,"Chironomidae","Orthocladiinae",,,,"sp.",,"larva",1,,1,41,2,"Y","N",,"condition OK","N",,"Epler 2001","N","EcoAnalysts Inc.","G. Wallace",,,
"3bdf6057-b5f7-46bf-ac13-54c9f5f1a721","D05","LIRO","LIRO.AOS.littoral2","2020-06-11T15:13Z","2020-09-15","LIRO.20200611.PONAR.3","A00000202953",,"NILSP1","Y","Nilothauma sp.",,"genus","Arthropoda","Hexapoda","Insecta","Pterygota","Neoptera","Holometabola","Diptera","Nematocera","Culicomorpha",,"Chironomidae","Chironominae","Chironomini",,"Nilothauma","sp.",,"larva",2,,3,41,7,"N","N",,"condition OK","Y",,"Epler 2001","N","EcoAnalysts Inc.","G. Wallace",,,
"c99406a7-24d8-4050-b167-b14f6b77a330","D05","LIRO","LIRO.AOS.buoy.c0","2020-06-11T15:13Z","2020-09-15","LIRO.20200611.PONAR.1","A00000202951",,"CHASP13","Y","Chaoborus sp.",,"genus","Arthropoda","Hexapoda","Insecta","Pterygota","Neoptera","Holometabola","Diptera","Nematocera","Culicomorpha",,"Chaoboridae","Chaoborinae",,,"Chaoborus","sp.",,"larva",11,,2,100,2,"N","N",,"condition OK","Y",,"Merritt Cummins and Berg 2008","Y","EcoAnalysts Inc.","A. Navesky",,,
"00edb57e-9fd0-4168-adb9-6033d724f9fc","D05","LIRO","LIRO.AOS.riparian.point.07","2020-06-11T15:13Z","2020-09-15","LIRO.20200611.BENTHICSWEEP.7","A00000202937",,"NANSP1","Y","Nanocladius sp.",,"genus","Arthropoda","Hexapoda","Insecta","Pterygota","Neoptera","Holometabola","Diptera","Nematocera","Culicomorpha",,"Chironomidae","Orthocladiinae",,,"Nanocladius","sp.",,"larva",1,,1,67,1,"N","N",,"damaged, affecting measurement","Y",,"Epler 2001","N","EcoAnalysts Inc.","G. Wallace","Fragment measured.",,
"43e4ed39-fe7f-452e-a3e4-5cc7f226dbf2","D05","LIRO","LIRO.AOS.riparian.point.03","2020-06-11T15:13Z","2020-09-15","LIRO.20200611.BENTHICSWEEP.3","A00000202940",,"LIMSP5","Y","Limnephilidae sp.",,"family","Arthropoda","Hexapoda","Insecta","Pterygota","Neoptera","Holometabola","Trichoptera",,,"Limnephiloidea","Limnephilidae",,,,,"sp.",,"larva",12,,1,34,3,"N","Y",,"condition OK","Y",,"Wiggins 1996","N","EcoAnalysts Inc.","A. Navesky","maybe Limnephilus with strange characters",,
"3d4c0f17-b4b0-4350-b071-460cb6bd33e1","D05","LIRO","LIRO.AOS.riparian.point.03","2020-06-11T15:13Z","2020-09-15","LIRO.20200611.BENTHICSWEEP.3","A00000202940",,"STESP8","Y","Stenochironomus sp.",,"genus","Arthropoda","Hexapoda","Insecta","Pterygota","Neoptera","Holometabola","Diptera","Nematocera","Culicomorpha",,"Chironomidae","Chironominae","Chironomini",,"Stenochironomus","sp.",,"larva",4,,1,34,3,"N","N",,"damaged, affecting measurement","Y",,"Epler 2001","N","EcoAnalysts Inc.","G. Wallace","Fragment measured.",,
"345ad3e2-6640-4528-a2a2-6bcec2485708","D05","LIRO","LIRO.AOS.riparian.point.05","2020-06-11T15:13Z","2020-09-15","LIRO.20200611.BENTHICSWEEP.5","A00000202939",,"DICSP7","Y","Dicrotendipes sp.",,"genus","Arthropoda","Hexapoda","Insecta","Pterygota","Neoptera","Holometabola","Diptera","Nematocera","Culicomorpha",,"Chironomidae","Chironominae","Chironomini",,"Dicrotendipes","sp.",,"larva",7,,1,42,2,"N","N",,"condition OK","Y",,"Epler 1987 1988 2001","N","EcoAnalysts Inc.","G. Wallace",,,
"5ebdbd87-2d6f-4b0f-87ec-39ac1a6b1aa3","D05","LIRO","LIRO.AOS.riparian.point.09","2020-06-11T15:13Z","2020-09-15","LIRO.20200611.BENTHICSWEEP.9","A00000202947",,"PISSP4","Y","Pisidium sp.",,"genus","Mollusca",,"Bivalvia","Heterodonta",,,"Veneroida",,,"Corbiculoidea","Pisidiidae",,,,"Pisidium","sp.",,"none",3,,2,58,3,"N","N",,"condition OK","Y",,"Thorp and Covich 2001","N","EcoAnalysts Inc.","A. Navesky",,,
"67ca4a8d-c0c9-43cf-9dd8-6d67ee7aa298","D05","LIRO","LIRO.AOS.riparian.point.03","2020-06-11T15:13Z","2020-09-15","LIRO.20200611.BENTHICSWEEP.3","A00000202940",,"TANSP11","Y","Tanytarsus sp.",,"genus","Arthropoda","Hexapoda","Insecta","Pterygota","Neoptera","Holometabola","Diptera","Nematocera","Culicomorpha",,"Chironomidae","Chironominae","Tanytarsini",,"Tanytarsus","sp.",,"larva",1,,89,34,262,"N","N",,"condition OK","Y",,"Epler 2001","N","EcoAnalysts Inc.","G. Wallace","most are tiny",,
"c567d864-3469-4a78-9c7e-8447612ad1f8","D05","LIRO","LIRO.AOS.riparian.point.07","2020-06-11T15:13Z","2020-09-15","LIRO.20200611.BENTHICSWEEP.7","A00000202937",,"CAESP5","Y","Caenis sp.",,"genus","Arthropoda","Hexapoda","Insecta","Pterygota","Palaeoptera",,"Ephemeroptera","Furcatergalia","Pannota","Caenoidea","Caenidae","Caeninae",,,"Caenis","sp.",,"larva",5,,1,67,1,"Y","N",,"condition OK","Y",,"Merritt and Cummins 2008","N","EcoAnalysts Inc.","A. Navesky",,,
"483f3a6c-cc9f-4556-be9f-fb347feed0a8","D05","LIRO","LIRO.AOS.buoy.c0","2020-06-11T15:13Z","2020-09-15","LIRO.20200611.PONAR.1","A00000202951",,"CHISP8","Y","Chironomus sp.",,"genus","Arthropoda","Hexapoda","Insecta","Pterygota","Neoptera","Holometabola","Diptera","Nematocera","Culicomorpha",,"Chironomidae","Chironominae","Chironomini",,"Chironomus","sp.",,"larva",12,,1,100,1,"N","N",,"damaged, affecting measurement","Y",,"Epler 2001","Y","EcoAnalysts Inc.","G. Wallace","Fragment measured.",,
"28b1f411-d56b-47c6-9d00-26f20c5d1e48","D05","LIRO","LIRO.AOS.riparian.point.01","2020-06-11T15:13Z","2020-09-14","LIRO.20200611.BENTHICSWEEP.1","A00000202950",,"PARSP34","Y","Paratanytarsus sp.",,"genus","Arthropoda","Hexapoda","Insecta","Pterygota","Neoptera","Holometabola","Diptera","Nematocera","Culicomorpha",,"Chironomidae","Chironominae","Tanytarsini",,"Paratanytarsus","sp.",,"larva",1,,1,19,5,"N","N",,"damaged, affecting measurement","Y",,"Epler 2001","N","EcoAnalysts Inc.","G. Wallace","Fragment measured.",,
"f9f65a53-4511-45fc-ad2b-9a05a0e231d9","D05","LIRO","LIRO.AOS.littoral2","2020-06-11T15:13Z","2020-09-15","LIRO.20200611.PONAR.3","A00000202953",,"CLASP5","Y","Cladopelma sp.",,"genus","Arthropoda","Hexapoda","Insecta","Pterygota","Neoptera","Holometabola","Diptera","Nematocera","Culicomorpha",,"Chironomidae","Chironominae","Chironomini",,"Cladopelma","sp.",,"larva",2,,1,41,2,"N","N",,"damaged, affecting measurement","Y",,"Epler 2001","N","EcoAnalysts Inc.","G. Wallace","Fragment measured.",,
"65d2ca04-42fc-4317-9d14-3be2b28e10b5","D05","LIRO","LIRO.AOS.riparian.point.09","2020-06-11T15:13Z","2020-09-15","LIRO.20200611.BENTHICSWEEP.9","A00000202947",,"CERSP10","Y","Ceratopogoninae sp.",,"subfamily","Arthropoda","Hexapoda","Insecta","Pterygota","Neoptera","Holometabola","Diptera","Nematocera","Culicomorpha",,"Ceratopogonidae","Ceratopogoninae",,,,"sp.",,"larva",5,,1,58,2,"N","Y",,"condition OK","Y",,"Merritt and Cummins 2008","N","EcoAnalysts Inc.","A. Navesky",,,
"fdf70d2d-9f86-4232-bb4e-24032c2fba2e","D05","LIRO","LIRO.AOS.riparian.point.07","2020-06-11T15:13Z","2020-09-15","LIRO.20200611.BENTHICSWEEP.7","A00000202937",,"OECSP","Y","Oecetis sp.",,"genus","Arthropoda","Hexapoda","Insecta","Pterygota","Neoptera","Holometabola","Trichoptera",,,"Leptoceroidea","Leptoceridae","Leptocerinae","Oecetini",,"Oecetis","sp.",,"larva",5,,1,67,1,"N","Y",,"condition OK","Y",,"Wiggins 1996","N","EcoAnalysts Inc.","A. Navesky",,,
"a2985736-7000-4545-a3ca-dfaca1f2e7ac","D05","LIRO","LIRO.AOS.riparian.point.09","2020-06-11T15:13Z","2020-09-15","LIRO.20200611.BENTHICSWEEP.9","A00000202947",,"OECSP","Y","Oecetis sp.",,"genus","Arthropoda","Hexapoda","Insecta","Pterygota","Neoptera","Holometabola","Trichoptera",,,"Leptoceroidea","Leptoceridae","Leptocerinae","Oecetini",,"Oecetis","sp.",,"larva",2,,1,58,2,"Y","N",,"condition OK","Y",,"Wiggins 1996","N","EcoAnalysts Inc.","A. Navesky",,,
"aca0d0b0-eb15-432d-b8a0-e62333730e6c","D05","LIRO","LIRO.AOS.riparian.point.03","2020-06-11T15:13Z","2020-09-15","LIRO.20200611.BENTHICSWEEP.3","A00000202940",,"LAEFUS","Y","Laevapex fuscus",,"species","Mollusca",,"Gastropoda",,,,"Basommatophora",,,,"Ancylidae",,,,"Laevapex","fuscus",,"none",2,,1,34,3,"N","N",,"condition OK","Y",,"Thorp and Covich 2001","N","EcoAnalysts Inc.","A. Navesky",,,
"6ee33016-b61e-498f-8e28-ef1ccdd8345e","D05","LIRO","LIRO.AOS.riparian.point.03","2020-06-11T15:13Z","2020-09-15","LIRO.20200611.BENTHICSWEEP.3","A00000202940",,"NANSP1","Y","Nanocladius sp.",,"genus","Arthropoda","Hexapoda","Insecta","Pterygota","Neoptera","Holometabola","Diptera","Nematocera","Culicomorpha",,"Chironomidae","Orthocladiinae",,,"Nanocladius","sp.",,"larva",1,,1,34,3,"N","N",,"condition OK","Y",,"Epler 2001","N","EcoAnalysts Inc.","G. Wallace",,,
"c214bdc6-85f6-4702-8cc5-b228159f759a","D05","LIRO","LIRO.AOS.riparian.point.05","2020-06-11T15:13Z","2020-09-15","LIRO.20200611.BENTHICSWEEP.5","A00000202939","LIRO.20200611.BENTHICSWEEP.5_OLIGOCHAETE_1/1","STYLAC","Y","Stylaria lacustris",,"species","Annelida","Clitellata","Oligochaeta","Oligochaeta",,,"Tubificida",,,,"Naididae","Naidinae",,,"Stylaria","lacustris",,"none",1,,1,42,2,"N","N",,"damaged, affecting measurement","Y",,"Kathman and Brinkhurst 1998","N","EcoAnalysts Inc.","C. Fishel","Fragment measured.",,
"aa996384-93cb-45e5-b865-b569c84e45d7","D05","LIRO","LIRO.AOS.riparian.point.01","2020-06-11T15:13Z","2020-09-14","LIRO.20200611.BENTHICSWEEP.1","A00000202950",,"PROSP37","Y","Prostoma sp.",,"genus","Nemertea",,"Enopla",,,,"Hoplonemertea","Monostilifera",,,"Tetrastemmatidae",,,,"Prostoma","sp.",,"none",1,,2,19,10,"N","N",,"condition OK","Y",,"Pennak 1997; Thorp and Covich 2001","N","EcoAnalysts Inc.","C. Fishel",,,
"7588197f-e336-4ffa-8d3d-1f1831ee13e2","D05","LIRO","LIRO.AOS.riparian.point.07","2020-06-11T15:13Z","2020-09-15","LIRO.20200611.BENTHICSWEEP.7","A00000202937",,"PARSP34","Y","Paratanytarsus sp.",,"genus","Arthropoda","Hexapoda","Insecta","Pterygota","Neoptera","Holometabola","Diptera","Nematocera","Culicomorpha",,"Chironomidae","Chironominae","Tanytarsini",,"Paratanytarsus","sp.",,"larva",1,,3,67,4,"N","N",,"condition OK","Y",,"Epler 2001","N","EcoAnalysts Inc.","G. Wallace",,,
"a2e4cdb0-7da4-4237-b27b-9e67d473b5ce","D05","LIRO","LIRO.AOS.riparian.point.01","2020-06-11T15:13Z","2020-09-14","LIRO.20200611.BENTHICSWEEP.1","A00000202950",,"NEMSP","Y","Nematoda sp.",,"phylum","Nematoda",,,,,,,,,,,,,,,"sp.",,"none",3,,12,19,62,"N","Y",,"condition OK","Y",,"Thorp and Covich 2001","N","EcoAnalysts Inc.","A. Navesky",,,
"bc503ade-6853-496f-a591-0e3e0a3177cb","D05","LIRO","LIRO.AOS.riparian.point.03","2020-06-11T15:13Z","2020-09-15","LIRO.20200611.BENTHICSWEEP.3","A00000202940",,"CERSP10","Y","Ceratopogoninae sp.",,"subfamily","Arthropoda","Hexapoda","Insecta","Pterygota","Neoptera","Holometabola","Diptera","Nematocera","Culicomorpha",,"Ceratopogonidae","Ceratopogoninae",,,,"sp.",,"larva",3,,3,34,9,"N","Y",,"condition OK","Y",,"Merritt and Cummins 2008","N","EcoAnalysts Inc.","A. Navesky",,,
"b0fd618d-3ea8-4a64-90af-6072391316bd","D05","LIRO","LIRO.AOS.littoral2","2020-06-11T15:13Z","2020-09-15","LIRO.20200611.PONAR.3","A00000202953",,"CLASP5","Y","Cladopelma sp.",,"genus","Arthropoda","Hexapoda","Insecta","Pterygota","Neoptera","Holometabola","Diptera","Nematocera","Culicomorpha",,"Chironomidae","Chironominae","Chironomini",,"Cladopelma","sp.",,"larva",3,,1,41,2,"N","N",,"damaged, affecting measurement","Y",,"Epler 2001","N","EcoAnalysts Inc.","G. Wallace","Fragment measured.",,
"f53f81f5-24f0-48fe-94ce-601510c95914","D05","LIRO","LIRO.AOS.littoral1","2020-06-11T15:13Z","2020-09-15","LIRO.20200611.PONAR.2","A00000202952",,"PROSP23","Y","Procladius sp.",,"genus","Arthropoda","Hexapoda","Insecta","Pterygota","Neoptera","Holometabola","Diptera","Nematocera","Culicomorpha",,"Chironomidae","Tanypodinae","Procladiini",,"Procladius","sp.",,"larva",1,,2,100,2,"N","N",,"damaged, affecting measurement","Y",,"Epler 2001","N","EcoAnalysts Inc.","G. Wallace","Fragment measured.",,
"f658e758-ae68-4a0c-b4fd-1338b484f7ca","D05","LIRO","LIRO.AOS.riparian.point.09","2020-06-11T15:13Z","2020-09-15","LIRO.20200611.BENTHICSWEEP.9","A00000202947",,"PARSP34","Y","Paratanytarsus sp.",,"genus","Arthropoda","Hexapoda","Insecta","Pterygota","Neoptera","Holometabola","Diptera","Nematocera","Culicomorpha",,"Chironomidae","Chironominae","Tanytarsini",,"Paratanytarsus","sp.",,"larva",2,,1,58,2,"N","N",,"condition OK","Y",,"Epler 2001","N","EcoAnalysts Inc.","G. Wallace",,,
"20969d8f-c1f9-4db4-b6f1-250b88c1a309","D05","LIRO","LIRO.AOS.riparian.point.01","2020-06-11T15:13Z","2020-09-14","LIRO.20200611.BENTHICSWEEP.1","A00000202950",,"CERSP10","Y","Ceratopogoninae sp.",,"subfamily","Arthropoda","Hexapoda","Insecta","Pterygota","Neoptera","Holometabola","Diptera","Nematocera","Culicomorpha",,"Ceratopogonidae","Ceratopogoninae",,,,"sp.",,"larva",5,,1,19,5,"N","Y",,"condition OK","Y",,"Merritt and Cummins 2008","N","EcoAnalysts Inc.","A. Navesky",,,
"13673f76-1618-450e-be13-ce25f928925f","D05","LIRO","LIRO.AOS.riparian.point.07","2020-06-11T15:13Z","2020-09-15","LIRO.20200611.BENTHICSWEEP.7","A00000202937",,"COLSP1","Y","Collembola sp.",,"order","Arthropoda","Hexapoda","Collembola",,,,"Collembola",,,,,,,,,"sp.",,"larva",1,,1,67,1,"N","N",,"condition OK","Y",,"Triplehorn and Johnson 2005","N","EcoAnalysts Inc.","A. Navesky",,,
"905a4357-67a9-4412-8cb9-db08d5722b88","D05","LIRO","LIRO.AOS.riparian.point.01","2020-06-11T15:13Z","2020-09-14","LIRO.20200611.BENTHICSWEEP.1","A00000202950","LIRO.20200611.BENTHICSWEEP.1_OLIGOCHAETE_1/1","PLAPAP","Y","Placobdella papillifera",,"species","Annelida","Clitellata","Hirudinea","Hirudinea","Euhirudinea",,"Rhynchobdellida",,,,"Glossiphoniidae","Glossiphoniinae",,,"Placobdella","papillifera",,"none",18,,1,19,5,"N","N",,"condition OK","Y",,"Klemm 1972; Thorp and Rogers 2016","N","EcoAnalysts Inc.","A. Navesky",,,
"40639088-eec7-40ce-ac6c-d6bb494a4595","D05","LIRO","LIRO.AOS.riparian.point.01","2020-06-11T15:13Z","2020-09-14","LIRO.20200611.BENTHICSWEEP.1","A00000202950",,"NANSP1","Y","Nanocladius sp.",,"genus","Arthropoda","Hexapoda","Insecta","Pterygota","Neoptera","Holometabola","Diptera","Nematocera","Culicomorpha",,"Chironomidae","Orthocladiinae",,,"Nanocladius","sp.",,"larva",3,,1,19,5,"N","N",,"condition OK","Y",,"Epler 2001","N","EcoAnalysts Inc.","G. Wallace",,,
"807cb11b-05f1-4f9f-b658-78b4777b7852","D05","LIRO","LIRO.AOS.riparian.point.03","2020-06-11T15:13Z","2020-09-15","LIRO.20200611.BENTHICSWEEP.3","A00000202940",,"ORISP1","Y","Oribatida sp.",,"suborder","Arthropoda","Chelicerata","Arachnida","Acari",,"Acariformes","Sarcoptiformes","Oribatida",,,,,,,,"sp.",,"none",1,,12,34,35,"N","Y",,"condition OK","Y",,"Thorp and Covich 2001","N","EcoAnalysts Inc.","A. Navesky","Oribatida",,
"4be2a174-cbb9-4be0-90ac-3b3fedf7dd36","D05","LIRO","LIRO.AOS.littoral2","2020-06-11T15:13Z","2020-09-15","LIRO.20200611.PONAR.3","A00000202953",,"NEMSP","Y","Nematoda sp.",,"phylum","Nematoda",,,,,,,,,,,,,,,"sp.",,"none",10,,1,41,2,"N","Y",,"condition OK","Y",,"Thorp and Covich 2001","N","EcoAnalysts Inc.","A. Navesky",,,
"66e3eaf8-1400-4ef2-91e6-7a976a8a9296","D05","LIRO","LIRO.AOS.riparian.point.01","2020-06-11T15:13Z","2020-09-14","LIRO.20200611.BENTHICSWEEP.1","A00000202950",,"MICPED","Y","Microtendipes pedellus gr.",,"speciesGroup","Arthropoda","Hexapoda","Insecta","Pterygota","Neoptera","Holometabola","Diptera","Nematocera","Culicomorpha",,"Chironomidae","Chironominae","Chironomini",,"Microtendipes","pedellus gr.",,"larva",2,,1,19,5,"N","N",,"damaged, affecting measurement","Y",,"Epler 2001","N","EcoAnalysts Inc.","G. Wallace","Fragment measured.",,
"4fa351a5-2dc5-4e93-9131-5befa80e6104","D05","LIRO","LIRO.AOS.riparian.point.09","2020-06-11T15:13Z","2020-09-15","LIRO.20200611.BENTHICSWEEP.9","A00000202947",,"STESP8","Y","Stenochironomus sp.",,"genus","Arthropoda","Hexapoda","Insecta","Pterygota","Neoptera","Holometabola","Diptera","Nematocera","Culicomorpha",,"Chironomidae","Chironominae","Chironomini",,"Stenochironomus","sp.",,"larva",8,,1,58,2,"N","N",,"condition OK","Y",,"Epler 2001","N","EcoAnalysts Inc.","G. Wallace",,,
"7bd91a82-50ea-4e24-8eb2-0adffa248f2b","D05","LIRO","LIRO.AOS.riparian.point.05","2020-06-11T15:13Z","2020-09-15","LIRO.20200611.BENTHICSWEEP.5","A00000202939",,"TANSP11","Y","Tanytarsus sp.",,"genus","Arthropoda","Hexapoda","Insecta","Pterygota","Neoptera","Holometabola","Diptera","Nematocera","Culicomorpha",,"Chironomidae","Chironominae","Tanytarsini",,"Tanytarsus","sp.",,"larva",2,,2,42,5,"N","N",,"condition OK","Y",,"Epler 2001","N","EcoAnalysts Inc.","G. Wallace",,,
"2f508b56-2463-4ad2-a99c-04b3520c424c","D05","LIRO","LIRO.AOS.riparian.point.03","2020-06-11T15:13Z","2020-09-15","LIRO.20200611.BENTHICSWEEP.3","A00000202940",,"DICSP7","Y","Dicrotendipes sp.",,"genus","Arthropoda","Hexapoda","Insecta","Pterygota","Neoptera","Holometabola","Diptera","Nematocera","Culicomorpha",,"Chironomidae","Chironominae","Chironomini",,"Dicrotendipes","sp.",,"larva",2,,1,34,3,"N","N",,"condition OK","Y",,"Epler 1987 1988 2001","N","EcoAnalysts Inc.","G. Wallace",,,
"fa67c8ea-8847-4596-91cc-bffa95ddc57c","D05","LIRO","LIRO.AOS.riparian.point.05","2020-06-11T15:13Z","2020-09-15","LIRO.20200611.BENTHICSWEEP.5","A00000202939",,"PSESP19","Y","Psectrocladius sp.",,"genus","Arthropoda","Hexapoda","Insecta","Pterygota","Neoptera","Holometabola","Diptera","Nematocera","Culicomorpha",,"Chironomidae","Orthocladiinae",,,"Psectrocladius","sp.",,"larva",1,,2,42,5,"N","N",,"condition OK","Y",,"Epler 2001","N","EcoAnalysts Inc.","G. Wallace",,,
"75382431-0810-4db3-b40f-94b202eb8190","D05","LIRO","LIRO.AOS.riparian.point.07","2020-06-11T15:13Z","2020-09-15","LIRO.20200611.BENTHICSWEEP.7","A00000202937",,"NEMSP","Y","Nematoda sp.",,"phylum","Nematoda",,,,,,,,,,,,,,,"sp.",,"none",5,,1,67,1,"N","Y",,"condition OK","Y",,"Thorp and Covich 2001","N","EcoAnalysts Inc.","A. Navesky",,,
"75666e1c-1b7e-4c0e-af0a-f00d78f9e476","D05","LIRO","LIRO.AOS.riparian.point.01","2020-06-11T15:13Z","2020-09-14","LIRO.20200611.BENTHICSWEEP.1","A00000202950",,"PARSP34","Y","Paratanytarsus sp.",,"genus","Arthropoda","Hexapoda","Insecta","Pterygota","Neoptera","Holometabola","Diptera","Nematocera","Culicomorpha",,"Chironomidae","Chironominae","Tanytarsini",,"Paratanytarsus","sp.",,"larva",2,,1,19,5,"N","N",,"condition OK","Y",,"Epler 2001","N","EcoAnalysts Inc.","G. Wallace",,,
"5b90fbf1-e8e8-4986-b96f-caadb000c333","D05","LIRO","LIRO.AOS.riparian.point.07","2020-06-11T15:13Z","2020-09-15","LIRO.20200611.BENTHICSWEEP.7","A00000202937",,"ANISP1","Y","Anisoptera sp.",,"suborder","Arthropoda","Hexapoda","Insecta","Pterygota","Palaeoptera",,"Odonata","Anisoptera",,,,,,,,"sp.",,"larva",3,,2,67,3,"Y","N",,"condition OK","Y",,"Merritt and Cummins 2008","N","EcoAnalysts Inc.","A. Navesky","maybe Libellulidae",,
"1b37eff1-0177-4301-9584-adf5d70ae237","D05","LIRO","LIRO.AOS.riparian.point.05","2020-06-11T15:13Z","2020-09-15","LIRO.20200611.BENTHICSWEEP.5","A00000202939",,"THIGRO","Y","Thienemannimyia gr.",,"speciesGroup","Arthropoda","Hexapoda","Insecta","Pterygota","Neoptera","Holometabola","Diptera","Nematocera","Culicomorpha",,"Chironomidae","Tanypodinae","Pentaneurini",,"Thienemannimyia","gr.",,"larva",4,,1,42,2,"N","N",,"condition OK","Y",,"Epler 2001","N","EcoAnalysts Inc.","G. Wallace",,,
"a26cda4f-4202-439a-925d-06144d7a144e","D05","LIRO","LIRO.AOS.riparian.point.07","2020-06-11T15:13Z","2020-09-15","LIRO.20200611.BENTHICSWEEP.7","A00000202937",,"TANSP11","Y","Tanytarsus sp.",,"genus","Arthropoda","Hexapoda","Insecta","Pterygota","Neoptera","Holometabola","Diptera","Nematocera","Culicomorpha",,"Chironomidae","Chironominae","Tanytarsini",,"Tanytarsus","sp.",,"larva",1,,4,67,6,"N","N",,"damaged, affecting measurement","Y",,"Epler 2001","N","EcoAnalysts Inc.","G. Wallace","Fragment measured.",,
"71817b4a-1d92-4ad5-97c9-8f1f4367a432","D05","LIRO","LIRO.AOS.riparian.point.07","2020-06-11T15:13Z","2020-09-15","LIRO.20200611.BENTHICSWEEP.7","A00000202937",,"ANISP1","Y","Anisoptera sp.",,"suborder","Arthropoda","Hexapoda","Insecta","Pterygota","Palaeoptera",,"Odonata","Anisoptera",,,,,,,,"sp.",,"larva",2,,15,67,22,"Y","N",,"condition OK","Y",,"Merritt and Cummins 2008","N","EcoAnalysts Inc.","A. Navesky","maybe Libellulidae",,
"ce51e3c8-cbd3-4e54-9a93-b524f45be7d7","D05","LIRO","LIRO.AOS.buoy.c0","2020-06-11T15:13Z","2020-09-15","LIRO.20200611.PONAR.1","A00000202951",,"CHISP8","Y","Chironomus sp.",,"genus","Arthropoda","Hexapoda","Insecta","Pterygota","Neoptera","Holometabola","Diptera","Nematocera","Culicomorpha",,"Chironomidae","Chironominae","Chironomini",,"Chironomus","sp.",,"larva",3,,3,100,3,"N","N",,"damaged, affecting measurement","Y",,"Epler 2001","Y","EcoAnalysts Inc.","G. Wallace","Fragment measured.",,
"4cc488e9-1629-4574-a2a1-2f2e6b0b7c0a","D05","LIRO","LIRO.AOS.riparian.point.03","2020-06-11T15:13Z","2020-09-15","LIRO.20200611.BENTHICSWEEP.3","A00000202940",,"PARSP30","Y","Parachironomus sp.",,"genus","Arthropoda","Hexapoda","Insecta","Pterygota","Neoptera","Holometabola","Diptera","Nematocera","Culicomorpha",,"Chironomidae","Chironominae","Chironomini",,"Parachironomus","sp.",,"larva",1,,1,34,3,"N","N",,"condition OK","Y",,"Epler 2001","N","EcoAnalysts Inc.","G. Wallace",,,
"ba3b28f1-84bb-437e-a47a-0ae21020733e","D05","LIRO","LIRO.AOS.riparian.point.03","2020-06-11T15:13Z","2020-09-15","LIRO.20200611.BENTHICSWEEP.3","A00000202940",,"LABSP","Y","Labrundinia sp.",,"genus","Arthropoda","Hexapoda","Insecta","Pterygota","Neoptera","Holometabola","Diptera","Nematocera","Culicomorpha",,"Chironomidae","Tanypodinae","Pentaneurini",,"Labrundinia","sp.",,"larva",2,,1,34,3,"N","N",,"condition OK","Y",,"Epler 2001","N","EcoAnalysts Inc.","G. Wallace","very small",,
"536f7cc1-d0d2-4962-a6b2-deef7baa983a","D05","LIRO","LIRO.AOS.riparian.point.07","2020-06-11T15:13Z","2020-09-15","LIRO.20200611.BENTHICSWEEP.7","A00000202937",,"PISSP2","Y","Pisidiidae sp.",,"family","Mollusca",,"Bivalvia","Heterodonta",,,"Veneroida",,,"Corbiculoidea","Pisidiidae",,,,,"sp.",,"none",3,,4,67,6,"Y","N",,"condition OK","N",,"Thorp and Covich 2001","N","EcoAnalysts Inc.","A. Navesky",,,
"f24d3446-261c-44c7-a9a5-50278a4ad601","D05","LIRO","LIRO.AOS.riparian.point.01","2020-06-11T15:13Z","2020-09-14","LIRO.20200611.BENTHICSWEEP.1","A00000202950",,"MUSSP2","Y","Musculium sp.",,"genus","Mollusca",,"Bivalvia","Heterodonta",,,"Veneroida",,,"Corbiculoidea","Pisidiidae",,,,"Musculium","sp.",,"none",4,,1,19,5,"N","N",,"condition OK","Y",,"Thorp and Rogers 2016","N","EcoAnalysts Inc.","A. Navesky",,,
"753c51f2-59ba-4fe4-a2cc-405334ec006b","D05","LIRO","LIRO.AOS.riparian.point.01","2020-06-11T15:13Z","2020-09-14","LIRO.20200611.BENTHICSWEEP.1","A00000202950",,"CERSP10","Y","Ceratopogoninae sp.",,"subfamily","Arthropoda","Hexapoda","Insecta","Pterygota","Neoptera","Holometabola","Diptera","Nematocera","Culicomorpha",,"Ceratopogonidae","Ceratopogoninae",,,,"sp.",,"larva",2,,2,19,10,"N","Y",,"condition OK","Y",,"Merritt and Cummins 2008","N","EcoAnalysts Inc.","A. Navesky",,,
"6121cae6-a54b-451d-9421-16edfacb9483","D05","LIRO","LIRO.AOS.riparian.point.07","2020-06-11T15:13Z","2020-09-15","LIRO.20200611.BENTHICSWEEP.7","A00000202937",,"NANSP1","Y","Nanocladius sp.",,"genus","Arthropoda","Hexapoda","Insecta","Pterygota","Neoptera","Holometabola","Diptera","Nematocera","Culicomorpha",,"Chironomidae","Orthocladiinae",,,"Nanocladius","sp.",,"larva",3,,1,67,1,"N","N",,"condition OK","Y",,"Epler 2001","N","EcoAnalysts Inc.","G. Wallace",,,
"4ec6b06a-5ac5-4b34-8ff9-8e5f157b7d88","D05","LIRO","LIRO.AOS.littoral1","2020-06-11T15:13Z","2020-09-15","LIRO.20200611.PONAR.2","A00000202952",,"CLASP5","Y","Cladopelma sp.",,"genus","Arthropoda","Hexapoda","Insecta","Pterygota","Neoptera","Holometabola","Diptera","Nematocera","Culicomorpha",,"Chironomidae","Chironominae","Chironomini",,"Cladopelma","sp.",,"larva",5,,3,100,3,"N","N",,"damaged, affecting measurement","Y",,"Epler 2001","N","EcoAnalysts Inc.","G. Wallace","Fragment measured.",,
"d76cb7ad-3019-4bb4-88eb-ec2988906a77","D05","LIRO","LIRO.AOS.riparian.point.01","2020-06-11T15:13Z","2020-09-14","LIRO.20200611.BENTHICSWEEP.1","A00000202950",,"UNISP4","Y","Unionicola sp.",,"genus","Arthropoda","Chelicerata","Arachnida","Acari",,"Acariformes","Trombidiformes","Prostigmata",,"Hygrobatoidea","Unionicolidae",,,,"Unionicola","sp.",,"none",1,,1,19,5,"N","N",,"condition OK","Y",,"Thorp and Covich 2001","N","EcoAnalysts Inc.","A. Navesky",,,
"4fe9c84f-a00e-4fbe-9d03-59f5785d3352","D05","LIRO","LIRO.AOS.riparian.point.03","2020-06-11T15:13Z","2020-09-15","LIRO.20200611.BENTHICSWEEP.3","A00000202940",,"MICPED","Y","Microtendipes pedellus gr.",,"speciesGroup","Arthropoda","Hexapoda","Insecta","Pterygota","Neoptera","Holometabola","Diptera","Nematocera","Culicomorpha",,"Chironomidae","Chironominae","Chironomini",,"Microtendipes","pedellus gr.",,"larva",1,,1,34,3,"N","N",,"damaged, affecting measurement","Y",,"Epler 2001","N","EcoAnalysts Inc.","G. Wallace","Fragment measured.",,
"94556263-fd00-4bdf-b443-b348dcc037f0","D05","LIRO","LIRO.AOS.riparian.point.05","2020-06-11T15:13Z","2020-09-15","LIRO.20200611.BENTHICSWEEP.5","A00000202939",,"ZAVMAR","Y","Zavreliella marmorata",,"species","Arthropoda","Hexapoda","Insecta","Pterygota","Neoptera","Holometabola","Diptera","Nematocera","Culicomorpha",,"Chironomidae","Chironominae","Tanytarsini",,"Zavreliella","marmorata",,"larva",2,,1,42,2,"N","N",,"damaged, affecting measurement","Y",,"Epler 2001","N","EcoAnalysts Inc.","G. Wallace","Fragment measured.",,
"44aa12bc-a7d1-4bc3-9f76-ac4ca16e2dac","D05","LIRO","LIRO.AOS.riparian.point.05","2020-06-11T15:13Z","2020-09-15","LIRO.20200611.BENTHICSWEEP.5","A00000202939",,"TANSP11","Y","Tanytarsus sp.",,"genus","Arthropoda","Hexapoda","Insecta","Pterygota","Neoptera","Holometabola","Diptera","Nematocera","Culicomorpha",,"Chironomidae","Chironominae","Tanytarsini",,"Tanytarsus","sp.",,"larva",3,,1,42,2,"N","N",,"condition OK","Y",,"Epler 2001","N","EcoAnalysts Inc.","G. Wallace",,,
"844b2ccd-49ea-436e-b359-878c7483222c","D05","LIRO","LIRO.AOS.riparian.point.09","2020-06-11T15:13Z","2020-09-15","LIRO.20200611.BENTHICSWEEP.9","A00000202947",,"PARSP25","Y","Parakiefferiella sp.",,"genus","Arthropoda","Hexapoda","Insecta","Pterygota","Neoptera","Holometabola","Diptera","Nematocera","Culicomorpha",,"Chironomidae","Orthocladiinae",,,"Parakiefferiella","sp.",,"pupa",2,,1,58,2,"N","N",,"condition OK","Y",,"Epler 2001","N","EcoAnalysts Inc.","G. Wallace",,,
"756aa61b-6c27-4e74-984c-0d1e5737b44d","D05","LIRO","LIRO.AOS.riparian.point.09","2020-06-11T15:13Z","2020-09-15","LIRO.20200611.BENTHICSWEEP.9","A00000202947","LIRO.20200611.BENTHICSWEEP.9_OLIGOCHAETE_1/1","STYLAC","Y","Stylaria lacustris",,"species","Annelida","Clitellata","Oligochaeta","Oligochaeta",,,"Tubificida",,,,"Naididae","Naidinae",,,"Stylaria","lacustris",,"none",2,,2,58,3,"N","N",,"condition OK","Y",,"Kathman and Brinkhurst 1998","N","EcoAnalysts Inc.","C. Fishel",,,
"a4a3157e-abdb-4a31-9024-784d81c9e9f7","D05","LIRO","LIRO.AOS.riparian.point.09","2020-06-11T15:13Z","2020-09-15","LIRO.20200611.BENTHICSWEEP.9","A00000202947",,"PISSP2","Y","Pisidiidae sp.",,"family","Mollusca",,"Bivalvia","Heterodonta",,,"Veneroida",,,"Corbiculoidea","Pisidiidae",,,,,"sp.",,"none",2,,2,58,3,"Y","N",,"condition OK","N",,"Thorp and Covich 2001","N","EcoAnalysts Inc.","A. Navesky",,,
"62697851-9ae9-4eef-8180-fba0de3ddda3","D05","LIRO","LIRO.AOS.riparian.point.07","2020-06-11T15:13Z","2020-09-15","LIRO.20200611.BENTHICSWEEP.7","A00000202937",,"MYSSP2","Y","Mystacides sp.",,"genus","Arthropoda","Hexapoda","Insecta","Pterygota","Neoptera","Holometabola","Trichoptera",,,"Leptoceroidea","Leptoceridae","Leptocerinae","Mystacidini",,"Mystacides","sp.",,"larva",4,,1,67,1,"Y","N",,"condition OK","Y",,"Wiggins 1996","N","EcoAnalysts Inc.","A. Navesky",,,
"c9ad1488-2281-487f-8597-3d4956fbc7d3","D05","LIRO","LIRO.AOS.littoral2","2020-06-11T15:13Z","2020-09-15","LIRO.20200611.PONAR.3","A00000202953",,"CERSP10","Y","Ceratopogoninae sp.",,"subfamily","Arthropoda","Hexapoda","Insecta","Pterygota","Neoptera","Holometabola","Diptera","Nematocera","Culicomorpha",,"Ceratopogonidae","Ceratopogoninae",,,,"sp.",,"larva",3,,1,41,2,"N","Y",,"condition OK","Y",,"Merritt and Cummins 2008","N","EcoAnalysts Inc.","A. Navesky",,,
"d1b21e7c-5377-4571-b230-42fcaa22ca9d","D05","LIRO","LIRO.AOS.buoy.c0","2020-06-11T15:13Z","2020-09-15","LIRO.20200611.PONAR.1","A00000202951",,"CHISP8","Y","Chironomus sp.",,"genus","Arthropoda","Hexapoda","Insecta","Pterygota","Neoptera","Holometabola","Diptera","Nematocera","Culicomorpha",,"Chironomidae","Chironominae","Chironomini",,"Chironomus","sp.",,"larva",7,,1,100,1,"N","N",,"damaged, affecting measurement","Y",,"Epler 2001","Y","EcoAnalysts Inc.","G. Wallace","Fragment measured.",,
"437d4922-1d90-43b7-a545-aed89ab3abda","D05","LIRO","LIRO.AOS.riparian.point.05","2020-06-11T15:13Z","2020-09-15","LIRO.20200611.BENTHICSWEEP.5","A00000202939",,"ZAVMAR","Y","Zavreliella marmorata",,"species","Arthropoda","Hexapoda","Insecta","Pterygota","Neoptera","Holometabola","Diptera","Nematocera","Culicomorpha",,"Chironomidae","Chironominae","Tanytarsini",,"Zavreliella","marmorata",,"larva",5,,1,42,2,"N","N",,"condition OK","Y",,"Epler 2001","N","EcoAnalysts Inc.","G. Wallace",,,
"62d49237-ecec-46d7-b55f-9da78c904976","D05","LIRO","LIRO.AOS.littoral2","2020-06-11T15:13Z","2020-09-15","LIRO.20200611.PONAR.3","A00000202953",,"PSESP19","Y","Psectrocladius sp.",,"genus","Arthropoda","Hexapoda","Insecta","Pterygota","Neoptera","Holometabola","Diptera","Nematocera","Culicomorpha",,"Chironomidae","Orthocladiinae",,,"Psectrocladius","sp.",,"larva",2,,3,41,7,"N","N",,"damaged, affecting measurement","Y",,"Epler 2001","N","EcoAnalysts Inc.","G. Wallace","Fragment measured.",,
"cdb7641a-44b2-4d06-93b0-587ba6c55a33","D05","LIRO","LIRO.AOS.littoral2","2020-06-11T15:13Z","2020-09-15","LIRO.20200611.PONAR.3","A00000202953",,"PROSP23","Y","Procladius sp.",,"genus","Arthropoda","Hexapoda","Insecta","Pterygota","Neoptera","Holometabola","Diptera","Nematocera","Culicomorpha",,"Chironomidae","Tanypodinae","Procladiini",,"Procladius","sp.",,"larva",1,,18,41,44,"N","N",,"condition OK","Y",,"Epler 2001","N","EcoAnalysts Inc.","G. Wallace",,,
"7a5ff9e8-daba-4eca-b132-0eb3169c30fa","D05","LIRO","LIRO.AOS.riparian.point.09","2020-06-11T15:13Z","2020-09-15","LIRO.20200611.BENTHICSWEEP.9","A00000202947",,"DICSP7","Y","Dicrotendipes sp.",,"genus","Arthropoda","Hexapoda","Insecta","Pterygota","Neoptera","Holometabola","Diptera","Nematocera","Culicomorpha",,"Chironomidae","Chironominae","Chironomini",,"Dicrotendipes","sp.",,"larva",2,,3,58,5,"N","N",,"condition OK","Y",,"Epler 1987 1988 2001","N","EcoAnalysts Inc.","G. Wallace",,,
"b2fade29-1bdc-42dc-9911-f0de4ea4c20a","D05","LIRO","LIRO.AOS.riparian.point.09","2020-06-11T15:13Z","2020-09-15","LIRO.20200611.BENTHICSWEEP.9","A00000202947","LIRO.20200611.BENTHICSWEEP.9_OLIGOCHAETE_1/1","STYLAC","Y","Stylaria lacustris",,"species","Annelida","Clitellata","Oligochaeta","Oligochaeta",,,"Tubificida",,,,"Naididae","Naidinae",,,"Stylaria","lacustris",,"none",2,,1,58,2,"N","N",,"damaged, affecting measurement","Y",,"Kathman and Brinkhurst 1998","N","EcoAnalysts Inc.","C. Fishel","Fragment measured.",,
"6bb61a4f-2170-459f-8f5e-042afabe7f65","D05","LIRO","LIRO.AOS.buoy.c0","2020-06-11T15:13Z","2020-09-15","LIRO.20200611.PONAR.1","A00000202951",,"CHISP8","Y","Chironomus sp.",,"genus","Arthropoda","Hexapoda","Insecta","Pterygota","Neoptera","Holometabola","Diptera","Nematocera","Culicomorpha",,"Chironomidae","Chironominae","Chironomini",,"Chironomus","sp.",,"larva",2,,1,100,1,"N","N",,"damaged, affecting measurement","Y",,"Epler 2001","Y","EcoAnalysts Inc.","G. Wallace","Fragment measured.",,
"0f066fc0-5c3d-44fc-91dd-6ae79dbcd15f","D05","LIRO","LIRO.AOS.riparian.point.07","2020-06-11T15:13Z","2020-09-15","LIRO.20200611.BENTHICSWEEP.7","A00000202937",,"PSESP19","Y","Psectrocladius sp.",,"genus","Arthropoda","Hexapoda","Insecta","Pterygota","Neoptera","Holometabola","Diptera","Nematocera","Culicomorpha",,"Chironomidae","Orthocladiinae",,,"Psectrocladius","sp.",,"larva",2,,5,67,7,"N","N",,"damaged, affecting measurement","Y",,"Epler 2001","N","EcoAnalysts Inc.","G. Wallace","Fragment measured.",,
"c874cb9e-c24b-44e1-95f9-91d0d7382d25","D05","LIRO","LIRO.AOS.riparian.point.03","2020-06-11T15:13Z","2020-09-15","LIRO.20200611.BENTHICSWEEP.3","A00000202940",,"NEMSP","Y","Nematoda sp.",,"phylum","Nematoda",,,,,,,,,,,,,,,"sp.",,"none",2,,25,34,73,"N","Y",,"condition OK","Y",,"Thorp and Covich 2001","N","EcoAnalysts Inc.","A. Navesky",,,
"e3818ec3-a1e6-4f09-8b21-4965dcb458aa","D05","LIRO","LIRO.AOS.riparian.point.05","2020-06-11T15:13Z","2020-09-15","LIRO.20200611.BENTHICSWEEP.5","A00000202939",,"ABLSP","Y","Ablabesmyia sp.","(Karelia)","genus","Arthropoda","Hexapoda","Insecta","Pterygota","Neoptera","Holometabola","Diptera","Nematocera","Culicomorpha",,"Chironomidae","Tanypodinae","Pentaneurini",,"Ablabesmyia","sp.",,"larva",3,,1,42,2,"N","N",,"damaged, affecting measurement","Y",,"Epler 2001","N","EcoAnalysts Inc.","G. Wallace","Fragment measured.",,
"d5587434-bbbf-4d8f-9962-01a3186a3a93","D05","LIRO","LIRO.AOS.littoral1","2020-06-11T15:13Z","2020-09-15","LIRO.20200611.PONAR.2","A00000202952",,"POLILL","Y","Polypedilum illinoense gr.",,"speciesGroup","Arthropoda","Hexapoda","Insecta","Pterygota","Neoptera","Holometabola","Diptera","Nematocera","Culicomorpha",,"Chironomidae","Chironominae","Chironomini",,"Polypedilum","illinoense gr.",,"larva",1,,1,100,1,"N","N",,"damaged, affecting measurement","Y",,"Epler 2001 and Maschwitz and Cook 2000","N","EcoAnalysts Inc.","G. Wallace","Fragment measured.",,
"3c589b72-c42a-4d48-b338-f822fb2bff49","D05","LIRO","LIRO.AOS.riparian.point.01","2020-06-11T15:13Z","2020-09-14","LIRO.20200611.BENTHICSWEEP.1","A00000202950",,"TANSP8","Y","Tanytarsini sp.",,"tribe","Arthropoda","Hexapoda","Insecta","Pterygota","Neoptera","Holometabola","Diptera","Nematocera","Culicomorpha",,"Chironomidae","Chironominae","Tanytarsini",,,"sp.",,"larva",3,,1,19,5,"N","N",,"damaged, affecting taxonomy","N",,"Epler 2001","N","EcoAnalysts Inc.","G. Wallace",,,
"f9a4e887-178f-43f5-a8c7-6c5c68dedda2","D05","LIRO","LIRO.AOS.riparian.point.03","2020-06-11T15:13Z","2020-09-15","LIRO.20200611.BENTHICSWEEP.3","A00000202940",,"CHISP8","Y","Chironomus sp.",,"genus","Arthropoda","Hexapoda","Insecta","Pterygota","Neoptera","Holometabola","Diptera","Nematocera","Culicomorpha",,"Chironomidae","Chironominae","Chironomini",,"Chironomus","sp.",,"larva",1,,1,34,3,"N","N",,"condition OK","Y",,"Epler 2001","N","EcoAnalysts Inc.","G. Wallace",,,
"8a23796f-669d-4d1b-b0eb-23880742b641","D05","LIRO","LIRO.AOS.littoral2","2020-06-11T15:13Z","2020-09-15","LIRO.20200611.PONAR.3","A00000202953",,"PSESP19","Y","Psectrocladius sp.",,"genus","Arthropoda","Hexapoda","Insecta","Pterygota","Neoptera","Holometabola","Diptera","Nematocera","Culicomorpha",,"Chironomidae","Orthocladiinae",,,"Psectrocladius","sp.",,"larva",2,,1,41,2,"N","N",,"condition OK","Y",,"Epler 2001","N","EcoAnalysts Inc.","G. Wallace",,,
"5464fbdf-0268-4976-82ce-50d29c8fa1e5","D05","LIRO","LIRO.AOS.riparian.point.03","2020-06-11T15:13Z","2020-09-15","LIRO.20200611.BENTHICSWEEP.3","A00000202940",,"CERSP10","Y","Ceratopogoninae sp.",,"subfamily","Arthropoda","Hexapoda","Insecta","Pterygota","Neoptera","Holometabola","Diptera","Nematocera","Culicomorpha",,"Ceratopogonidae","Ceratopogoninae",,,,"sp.",,"larva",5,,4,34,12,"N","Y",,"condition OK","Y",,"Merritt and Cummins 2008","N","EcoAnalysts Inc.","A. Navesky",,,
"318d1255-7125-4521-a41c-117614ece562","D05","LIRO","LIRO.AOS.riparian.point.05","2020-06-11T15:13Z","2020-09-15","LIRO.20200611.BENTHICSWEEP.5","A00000202939","LIRO.20200611.BENTHICSWEEP.5_OLIGOCHAETE_1/1","NAISP","Y","Naididae sp.",,"family","Annelida","Clitellata","Oligochaeta","Oligochaeta",,,"Tubificida",,,,"Naididae",,,,,"sp.",,"none",1,,14,42,34,"N","N",,"damaged, affecting taxonomy","Y",,"Kathman and Brinkhurst 1999","N","EcoAnalysts Inc.","C. Fishel",,,
"5db73b1f-f9b3-4e34-9318-7bc8746dfa67","D05","LIRO","LIRO.AOS.riparian.point.01","2020-06-11T15:13Z","2020-09-14","LIRO.20200611.BENTHICSWEEP.1","A00000202950",,"TANSP11","Y","Tanytarsus sp.",,"genus","Arthropoda","Hexapoda","Insecta","Pterygota","Neoptera","Holometabola","Diptera","Nematocera","Culicomorpha",,"Chironomidae","Chironominae","Tanytarsini",,"Tanytarsus","sp.",,"larva",1,,30,19,156,"N","N",,"condition OK","Y",,"Epler 2001","N","EcoAnalysts Inc.","G. Wallace","many tiny",,
"3e6f3b7d-85c7-46e5-9d05-071dad5b3cdc","D05","LIRO","LIRO.AOS.riparian.point.05","2020-06-11T15:13Z","2020-09-15","LIRO.20200611.BENTHICSWEEP.5","A00000202939",,"LARSP","Y","Larsia sp.",,"genus","Arthropoda","Hexapoda","Insecta","Pterygota","Neoptera","Holometabola","Diptera","Nematocera","Culicomorpha",,"Chironomidae","Tanypodinae","Pentaneurini",,"Larsia","sp.",,"larva",2,,1,42,2,"N","N",,"condition OK","Y",,"Epler 2001","N","EcoAnalysts Inc.","G. Wallace",,,
"395c6c85-cb85-4cdc-8d7f-c8e052959214","D05","LIRO","LIRO.AOS.littoral1","2020-06-11T15:13Z","2020-09-15","LIRO.20200611.PONAR.2","A00000202952",,"PROSP23","Y","Procladius sp.",,"genus","Arthropoda","Hexapoda","Insecta","Pterygota","Neoptera","Holometabola","Diptera","Nematocera","Culicomorpha",,"Chironomidae","Tanypodinae","Procladiini",,"Procladius","sp.",,"larva",5,,5,100,5,"N","N",,"condition OK","Y",,"Epler 2001","N","EcoAnalysts Inc.","G. Wallace",,,
"85485e5e-d458-41ae-8eb2-141ca63935ee","D05","LIRO","LIRO.AOS.riparian.point.03","2020-06-11T15:13Z","2020-09-15","LIRO.20200611.BENTHICSWEEP.3","A00000202940",,"ABLSP","Y","Ablabesmyia sp.","(Karelia)","genus","Arthropoda","Hexapoda","Insecta","Pterygota","Neoptera","Holometabola","Diptera","Nematocera","Culicomorpha",,"Chironomidae","Tanypodinae","Pentaneurini",,"Ablabesmyia","sp.",,"larva",6,,1,34,3,"N","N",,"condition OK","Y",,"Epler 2001","N","EcoAnalysts Inc.","G. Wallace",,,
"6919e8e8-fa96-4956-8d1d-8b3dd2b0697c","D05","LIRO","LIRO.AOS.littoral2","2020-06-11T15:13Z","2020-09-15","LIRO.20200611.PONAR.3","A00000202953",,"CAESP5","Y","Caenis sp.",,"genus","Arthropoda","Hexapoda","Insecta","Pterygota","Palaeoptera",,"Ephemeroptera","Furcatergalia","Pannota","Caenoidea","Caenidae","Caeninae",,,"Caenis","sp.",,"larva",3,,1,41,2,"Y","N",,"condition OK","Y",,"Merritt and Cummins 2008","N","EcoAnalysts Inc.","A. Navesky",,,
"bae22572-5615-4b25-8e26-4c46b62938ac","D05","LIRO","LIRO.AOS.littoral2","2020-06-11T15:13Z","2020-09-15","LIRO.20200611.PONAR.3","A00000202953",,"CERSP10","Y","Ceratopogoninae sp.",,"subfamily","Arthropoda","Hexapoda","Insecta","Pterygota","Neoptera","Holometabola","Diptera","Nematocera","Culicomorpha",,"Ceratopogonidae","Ceratopogoninae",,,,"sp.",,"larva",11,,1,41,2,"N","Y",,"condition OK","Y",,"Merritt and Cummins 2008","N","EcoAnalysts Inc.","A. Navesky",,,
"595f651a-ec7c-4c20-8815-4973554ca960","D05","LIRO","LIRO.AOS.riparian.point.05","2020-06-11T15:13Z","2020-09-15","LIRO.20200611.BENTHICSWEEP.5","A00000202939","LIRO.20200611.BENTHICSWEEP.5_OLIGOCHAETE_1/1","VEJCOM","Y","Vejdovskyella comata",,"species","Annelida","Clitellata","Oligochaeta","Oligochaeta",,,"Tubificida",,,,"Naididae","Naidinae",,,"Vejdovskyella","comata",,"none",1,,1,42,2,"N","N",,"condition OK","Y",,"Kathman and Brinkhurst 1998","N","EcoAnalysts Inc.","C. Fishel",,,
"7400e420-5218-4072-a7bb-0e6b409f1f20","D05","LIRO","LIRO.AOS.riparian.point.01","2020-06-11T15:13Z","2020-09-14","LIRO.20200611.BENTHICSWEEP.1","A00000202950",,"LIBSP","Y","Libellulidae sp.",,"family","Arthropoda","Hexapoda","Insecta","Pterygota","Palaeoptera",,"Odonata","Anisoptera",,,"Libellulidae",,,,,"sp.",,"larva",8,,1,19,5,"Y","N",,"condition OK","Y",,"Needham Westfall and May 2000","N","EcoAnalysts Inc.","A. Navesky",,,
"165c0bfe-c978-4de7-8761-cb3513843a88","D05","LIRO","LIRO.AOS.riparian.point.09","2020-06-11T15:13Z","2020-09-15","LIRO.20200611.BENTHICSWEEP.9","A00000202947",,"BAESP2","Y","Baetis sp.",,"genus","Arthropoda","Hexapoda","Insecta","Pterygota","Palaeoptera",,"Ephemeroptera","Pisciforma",,,"Baetidae",,,,"Baetis","sp.",,"larva",2,,1,58,2,"N","N",,"damaged, affecting taxonomy and measurement","Y",,"Merritt and Cummins 2008","N","EcoAnalysts Inc.","A. Navesky","Fragment measured.-head to ab seg 2; missing abdomen",,
"24606973-6fea-49b6-b669-36031f94ce64","D05","LIRO","LIRO.AOS.riparian.point.05","2020-06-11T15:13Z","2020-09-15","LIRO.20200611.BENTHICSWEEP.5","A00000202939",,"PSESP19","Y","Psectrocladius sp.",,"genus","Arthropoda","Hexapoda","Insecta","Pterygota","Neoptera","Holometabola","Diptera","Nematocera","Culicomorpha",,"Chironomidae","Orthocladiinae",,,"Psectrocladius","sp.",,"larva",3,,1,42,2,"N","N",,"condition OK","Y",,"Epler 2001","N","EcoAnalysts Inc.","G. Wallace",,,
"a8bc69b9-56a5-491f-95b3-5944ccd6f706","D05","LIRO","LIRO.AOS.riparian.point.05","2020-06-11T15:13Z","2020-09-15","LIRO.20200611.BENTHICSWEEP.5","A00000202939",,"CRISP2","Y","Cricotopus sp.",,"genus","Arthropoda","Hexapoda","Insecta","Pterygota","Neoptera","Holometabola","Diptera","Nematocera","Culicomorpha",,"Chironomidae","Orthocladiinae",,,"Cricotopus","sp.",,"larva",2,,2,42,5,"N","N",,"condition OK","Y",,"Epler 2001","N","EcoAnalysts Inc.","G. Wallace",,,
"48d3fc03-2e09-4591-84aa-4889aa7115da","D05","LIRO","LIRO.AOS.littoral1","2020-06-11T15:13Z","2020-09-15","LIRO.20200611.PONAR.2","A00000202952",,"POLILL","Y","Polypedilum illinoense gr.",,"speciesGroup","Arthropoda","Hexapoda","Insecta","Pterygota","Neoptera","Holometabola","Diptera","Nematocera","Culicomorpha",,"Chironomidae","Chironominae","Chironomini",,"Polypedilum","illinoense gr.",,"larva",2,,4,100,4,"N","N",,"condition OK","Y",,"Epler 2001 and Maschwitz and Cook 2000","N","EcoAnalysts Inc.","G. Wallace",,,
"f57d13ed-2789-4bfd-8eb0-2b80adf10a09","D05","LIRO","LIRO.AOS.riparian.point.05","2020-06-11T15:13Z","2020-09-15","LIRO.20200611.BENTHICSWEEP.5","A00000202939",,"THIGRO","Y","Thienemannimyia gr.",,"speciesGroup","Arthropoda","Hexapoda","Insecta","Pterygota","Neoptera","Holometabola","Diptera","Nematocera","Culicomorpha",,"Chironomidae","Tanypodinae","Pentaneurini",,"Thienemannimyia","gr.",,"larva",5,,1,42,2,"N","N",,"condition OK","Y",,"Epler 2001","N","EcoAnalysts Inc.","G. Wallace",,,
"6099e4ef-18c4-4604-b0b9-52f728bde43d","D05","LIRO","LIRO.AOS.littoral2","2020-06-11T15:13Z","2020-09-15","LIRO.20200611.PONAR.3","A00000202953",,"PSESP19","Y","Psectrocladius sp.",,"genus","Arthropoda","Hexapoda","Insecta","Pterygota","Neoptera","Holometabola","Diptera","Nematocera","Culicomorpha",,"Chironomidae","Orthocladiinae",,,"Psectrocladius","sp.",,"larva",1,,1,41,2,"N","N",,"condition OK","Y",,"Epler 2001","N","EcoAnalysts Inc.","G. Wallace",,,
"bd44b20e-a506-499e-802a-e39c2501f1d6","D05","LIRO","LIRO.AOS.riparian.point.01","2020-06-11T15:13Z","2020-09-14","LIRO.20200611.BENTHICSWEEP.1","A00000202950",,"NANSP1","Y","Nanocladius sp.",,"genus","Arthropoda","Hexapoda","Insecta","Pterygota","Neoptera","Holometabola","Diptera","Nematocera","Culicomorpha",,"Chironomidae","Orthocladiinae",,,"Nanocladius","sp.",,"larva",1,,2,19,10,"N","N",,"damaged, affecting measurement","Y",,"Epler 2001","N","EcoAnalysts Inc.","G. Wallace","Fragment measured.",,
"871b675b-651f-4727-8965-417ff3680799","D05","LIRO","LIRO.AOS.riparian.point.09","2020-06-11T15:13Z","2020-09-15","LIRO.20200611.BENTHICSWEEP.9","A00000202947",,"NANSP1","Y","Nanocladius sp.",,"genus","Arthropoda","Hexapoda","Insecta","Pterygota","Neoptera","Holometabola","Diptera","Nematocera","Culicomorpha",,"Chironomidae","Orthocladiinae",,,"Nanocladius","sp.",,"larva",3,,1,58,2,"N","N",,"damaged, affecting measurement","Y",,"Epler 2001","N","EcoAnalysts Inc.","G. Wallace","Fragment measured.",,
"807a46db-6df9-406f-ab16-50f6eeb4678f","D05","LIRO","LIRO.AOS.littoral2","2020-06-11T15:13Z","2020-09-15","LIRO.20200611.PONAR.3","A00000202953",,"ZAVMAR","Y","Zavreliella marmorata",,"species","Arthropoda","Hexapoda","Insecta","Pterygota","Neoptera","Holometabola","Diptera","Nematocera","Culicomorpha",,"Chironomidae","Chironominae","Tanytarsini",,"Zavreliella","marmorata",,"larva",3,,2,41,5,"N","N",,"condition OK","Y",,"Epler 2001","N","EcoAnalysts Inc.","G. Wallace",,,
"2918fb94-88dc-471b-85be-92896cde63fc","D05","LIRO","LIRO.AOS.riparian.point.07","2020-06-11T15:13Z","2020-09-15","LIRO.20200611.BENTHICSWEEP.7","A00000202937","LIRO.20200611.BENTHICSWEEP.7_OLIGOCHAETE_1/1","CHADIA","Y","Chaetogaster diaphanus",,"species","Annelida","Clitellata","Oligochaeta","Oligochaeta",,,"Tubificida",,,,"Naididae","Naidinae",,,"Chaetogaster","diaphanus",,"none",1,,3,67,4,"N","N",,"condition OK","Y",,"Kathman and Brinkhurst 1998","N","EcoAnalysts Inc.","C. Fishel",,,
"77b903f6-323f-412e-99fa-5c9173992d12","D05","LIRO","LIRO.AOS.riparian.point.09","2020-06-11T15:13Z","2020-09-15","LIRO.20200611.BENTHICSWEEP.9","A00000202947",,"THIGRO","Y","Thienemannimyia gr.",,"speciesGroup","Arthropoda","Hexapoda","Insecta","Pterygota","Neoptera","Holometabola","Diptera","Nematocera","Culicomorpha",,"Chironomidae","Tanypodinae","Pentaneurini",,"Thienemannimyia","gr.",,"larva",3,,1,58,2,"N","N",,"condition OK","Y",,"Epler 2001","N","EcoAnalysts Inc.","G. Wallace",,,
"ccd8f9c0-e126-4211-aa8d-d3e7aa4989eb","D05","LIRO","LIRO.AOS.riparian.point.05","2020-06-11T15:13Z","2020-09-15","LIRO.20200611.BENTHICSWEEP.5","A00000202939",,"CERSP10","Y","Ceratopogoninae sp.",,"subfamily","Arthropoda","Hexapoda","Insecta","Pterygota","Neoptera","Holometabola","Diptera","Nematocera","Culicomorpha",,"Ceratopogonidae","Ceratopogoninae",,,,"sp.",,"larva",6,,1,42,2,"N","Y",,"condition OK","Y",,"Merritt and Cummins 2008","N","EcoAnalysts Inc.","A. Navesky",,,
"544da259-cf18-4a5e-8a88-9f6534172439","D05","LIRO","LIRO.AOS.riparian.point.09","2020-06-11T15:13Z","2020-09-15","LIRO.20200611.BENTHICSWEEP.9","A00000202947",,"UNISP4","Y","Unionicola sp.",,"genus","Arthropoda","Chelicerata","Arachnida","Acari",,"Acariformes","Trombidiformes","Prostigmata",,"Hygrobatoidea","Unionicolidae",,,,"Unionicola","sp.",,"none",1,,1,58,2,"N","N",,"condition OK","Y",,"Thorp and Covich 2001","N","EcoAnalysts Inc.","A. Navesky",,,
"75133e5c-ea3c-4fce-9b7e-bd133c657b19","D05","LIRO","LIRO.AOS.riparian.point.09","2020-06-11T15:13Z","2020-09-15","LIRO.20200611.BENTHICSWEEP.9","A00000202947",,"DICSP7","Y","Dicrotendipes sp.",,"genus","Arthropoda","Hexapoda","Insecta","Pterygota","Neoptera","Holometabola","Diptera","Nematocera","Culicomorpha",,"Chironomidae","Chironominae","Chironomini",,"Dicrotendipes","sp.",,"larva",1,,1,58,2,"N","N",,"damaged, affecting measurement","Y",,"Epler 1987 1988 2001","N","EcoAnalysts Inc.","G. Wallace","Fragment measured.",,
"e33f3d5b-c6a1-4fda-85ab-1f2ab6fddaf7","D05","LIRO","LIRO.AOS.riparian.point.01","2020-06-11T15:13Z","2020-09-14","LIRO.20200611.BENTHICSWEEP.1","A00000202950",,"PARSP30","Y","Parachironomus sp.",,"genus","Arthropoda","Hexapoda","Insecta","Pterygota","Neoptera","Holometabola","Diptera","Nematocera","Culicomorpha",,"Chironomidae","Chironominae","Chironomini",,"Parachironomus","sp.",,"larva",1,,1,19,5,"N","N",,"condition OK","Y",,"Epler 2001","N","EcoAnalysts Inc.","G. Wallace",,,
"b39a563a-b5c8-4854-8e8b-33f55f44e81a","D05","LIRO","LIRO.AOS.riparian.point.03","2020-06-11T15:13Z","2020-09-15","LIRO.20200611.BENTHICSWEEP.3","A00000202940",,"POLILL","Y","Polypedilum illinoense gr.",,"speciesGroup","Arthropoda","Hexapoda","Insecta","Pterygota","Neoptera","Holometabola","Diptera","Nematocera","Culicomorpha",,"Chironomidae","Chironominae","Chironomini",,"Polypedilum","illinoense gr.",,"larva",1,,1,34,3,"N","N",,"damaged, affecting measurement","Y",,"Epler 2001 and Maschwitz and Cook 2000","N","EcoAnalysts Inc.","G. Wallace","Fragment measured.",,
"15868172-7529-4b8b-8dc7-1ea777be27e9","D05","LIRO","LIRO.AOS.riparian.point.07","2020-06-11T15:13Z","2020-09-15","LIRO.20200611.BENTHICSWEEP.7","A00000202937",,"THIGRO","Y","Thienemannimyia gr.",,"speciesGroup","Arthropoda","Hexapoda","Insecta","Pterygota","Neoptera","Holometabola","Diptera","Nematocera","Culicomorpha",,"Chironomidae","Tanypodinae","Pentaneurini",,"Thienemannimyia","gr.",,"larva",3,,1,67,1,"N","N",,"condition OK","Y",,"Epler 2001","N","EcoAnalysts Inc.","G. Wallace",,,
"703b46e9-1dc9-49ed-b238-df2993fbbdfa","D05","LIRO","LIRO.AOS.littoral2","2020-06-11T15:13Z","2020-09-15","LIRO.20200611.PONAR.3","A00000202953",,"DICSP7","Y","Dicrotendipes sp.",,"genus","Arthropoda","Hexapoda","Insecta","Pterygota","Neoptera","Holometabola","Diptera","Nematocera","Culicomorpha",,"Chironomidae","Chironominae","Chironomini",,"Dicrotendipes","sp.",,"larva",1,,1,41,2,"Y","N",,"damaged, affecting measurement","Y",,"Epler 1987 1988 2001","N","EcoAnalysts Inc.","G. Wallace","Fragment measured.",,
"e95a7267-17d2-4f34-9612-5ebe548513a3","D05","LIRO","LIRO.AOS.riparian.point.03","2020-06-11T15:13Z","2020-09-15","LIRO.20200611.BENTHICSWEEP.3","A00000202940",,"PENSP6","Y","Pentaneurini sp.",,"tribe","Arthropoda","Hexapoda","Insecta","Pterygota","Neoptera","Holometabola","Diptera","Nematocera","Culicomorpha",,"Chironomidae","Tanypodinae","Pentaneurini",,,"sp.",,"larva",1,,3,34,9,"Y","N",,"condition OK","N",,"Epler 2001","N","EcoAnalysts Inc.","G. Wallace",,,
"794e59d3-6a2b-478c-af2c-7b115d0523fd","D05","LIRO","LIRO.AOS.littoral1","2020-06-11T15:13Z","2020-09-15","LIRO.20200611.PONAR.2","A00000202952",,"CHISP6","Y","Chironomini sp.",,"tribe","Arthropoda","Hexapoda","Insecta","Pterygota","Neoptera","Holometabola","Diptera","Nematocera","Culicomorpha",,"Chironomidae","Chironominae","Chironomini",,,"sp.",,"larva",1,,11,100,11,"Y","N",,"condition OK","N",,"Epler 2001","N","EcoAnalysts Inc.","G. Wallace",,,
"dc3641c5-cd7c-487c-b7a6-b5cb54a3f5a0","D05","LIRO","LIRO.AOS.riparian.point.01","2020-06-11T15:13Z","2020-09-14","LIRO.20200611.BENTHICSWEEP.1","A00000202950",,"PARSP34","Y","Paratanytarsus sp.",,"genus","Arthropoda","Hexapoda","Insecta","Pterygota","Neoptera","Holometabola","Diptera","Nematocera","Culicomorpha",,"Chironomidae","Chironominae","Tanytarsini",,"Paratanytarsus","sp.",,"larva",1,,1,19,5,"N","N",,"condition OK","Y",,"Epler 2001","N","EcoAnalysts Inc.","G. Wallace",,,
"8edc6161-0380-4f94-ac91-53de8d8be14f","D05","LIRO","LIRO.AOS.riparian.point.05","2020-06-11T15:13Z","2020-09-15","LIRO.20200611.BENTHICSWEEP.5","A00000202939",,"TANSP11","Y","Tanytarsus sp.",,"genus","Arthropoda","Hexapoda","Insecta","Pterygota","Neoptera","Holometabola","Diptera","Nematocera","Culicomorpha",,"Chironomidae","Chironominae","Tanytarsini",,"Tanytarsus","sp.",,"larva",1,,2,42,5,"N","N",,"damaged, affecting measurement","Y",,"Epler 2001","N","EcoAnalysts Inc.","G. Wallace","Fragment measured.",,
"93d12e92-d625-464d-a670-6bf196037d01","D05","LIRO","LIRO.AOS.riparian.point.05","2020-06-11T15:13Z","2020-09-15","LIRO.20200611.BENTHICSWEEP.5","A00000202939",,"NANSP1","Y","Nanocladius sp.",,"genus","Arthropoda","Hexapoda","Insecta","Pterygota","Neoptera","Holometabola","Diptera","Nematocera","Culicomorpha",,"Chironomidae","Orthocladiinae",,,"Nanocladius","sp.",,"larva",1,,1,42,2,"N","N",,"condition OK","Y",,"Epler 2001","N","EcoAnalysts Inc.","G. Wallace",,,
"f378a194-6db5-49b1-8241-baf71c10e0f6","D05","LIRO","LIRO.AOS.littoral2","2020-06-11T15:13Z","2020-09-15","LIRO.20200611.PONAR.3","A00000202953",,"TANSP11","Y","Tanytarsus sp.",,"genus","Arthropoda","Hexapoda","Insecta","Pterygota","Neoptera","Holometabola","Diptera","Nematocera","Culicomorpha",,"Chironomidae","Chironominae","Tanytarsini",,"Tanytarsus","sp.",,"larva",2,,2,41,5,"N","N",,"condition OK","Y",,"Epler 2001","N","EcoAnalysts Inc.","G. Wallace",,,
"8a881548-26ce-420c-8225-dc71d2f1eed4","D05","LIRO","LIRO.AOS.riparian.point.03","2020-06-11T15:13Z","2020-09-15","LIRO.20200611.BENTHICSWEEP.3","A00000202940",,"LIMSP5","Y","Limnephilidae sp.",,"family","Arthropoda","Hexapoda","Insecta","Pterygota","Neoptera","Holometabola","Trichoptera",,,"Limnephiloidea","Limnephilidae",,,,,"sp.",,"larva",15,,3,34,9,"N","Y",,"condition OK","Y",,"Wiggins 1996","N","EcoAnalysts Inc.","A. Navesky","maybe Limnephilus with strange characters",,
"a4714f4f-4ba2-4ab7-8be5-e9e95d2cee85","D05","LIRO","LIRO.AOS.littoral2","2020-06-11T15:13Z","2020-09-15","LIRO.20200611.PONAR.3","A00000202953",,"ZAVMAR","Y","Zavreliella marmorata",,"species","Arthropoda","Hexapoda","Insecta","Pterygota","Neoptera","Holometabola","Diptera","Nematocera","Culicomorpha",,"Chironomidae","Chironominae","Tanytarsini",,"Zavreliella","marmorata",,"larva",2,,2,41,5,"N","N",,"damaged, affecting measurement","Y",,"Epler 2001","N","EcoAnalysts Inc.","G. Wallace","Fragment measured.",,
"21317e2a-4128-4d35-b50c-afc8b9c2c5c0","D05","LIRO","LIRO.AOS.littoral2","2020-06-11T15:13Z","2020-09-15","LIRO.20200611.PONAR.3","A00000202953",,"CHISP6","Y","Chironomini sp.",,"tribe","Arthropoda","Hexapoda","Insecta","Pterygota","Neoptera","Holometabola","Diptera","Nematocera","Culicomorpha",,"Chironomidae","Chironominae","Chironomini",,,"sp.",,"larva",1,,16,41,39,"Y","N",,"damaged, affecting taxonomy","N",,"Epler 2001","N","EcoAnalysts Inc.","G. Wallace",,,
"91bfa5c7-7002-4cd0-8e74-f4934f9d173e","D05","LIRO","LIRO.AOS.riparian.point.05","2020-06-11T15:13Z","2020-09-15","LIRO.20200611.BENTHICSWEEP.5","A00000202939","LIRO.20200611.BENTHICSWEEP.5_OLIGOCHAETE_1/1","NAISP","Y","Naididae sp.",,"family","Annelida","Clitellata","Oligochaeta","Oligochaeta",,,"Tubificida",,,,"Naididae",,,,,"sp.",,"none",1,,5,42,12,"N","N",,"damaged, affecting taxonomy and measurement","Y",,"Kathman and Brinkhurst 1999","N","EcoAnalysts Inc.","C. Fishel","Fragment measured.",,
"39b7b085-097d-4422-9d4b-6f8711a5fd76","D05","LIRO","LIRO.AOS.riparian.point.05","2020-06-11T15:13Z","2020-09-15","LIRO.20200611.BENTHICSWEEP.5","A00000202939",,"ZAVMAR","Y","Zavreliella marmorata",,"species","Arthropoda","Hexapoda","Insecta","Pterygota","Neoptera","Holometabola","Diptera","Nematocera","Culicomorpha",,"Chironomidae","Chironominae","Tanytarsini",,"Zavreliella","marmorata",,"larva",2,,1,42,2,"N","N",,"condition OK","Y",,"Epler 2001","N","EcoAnalysts Inc.","G. Wallace",,,
"d3d4ba78-d9c6-405d-9f25-e76dca48f43d","D05","LIRO","LIRO.AOS.riparian.point.09","2020-06-11T15:13Z","2020-09-15","LIRO.20200611.BENTHICSWEEP.9","A00000202947",,"MUSSP2","Y","Musculium sp.",,"genus","Mollusca",,"Bivalvia","Heterodonta",,,"Veneroida",,,"Corbiculoidea","Pisidiidae",,,,"Musculium","sp.",,"none",3,,3,58,5,"N","N",,"condition OK","Y",,"Thorp and Rogers 2016","N","EcoAnalysts Inc.","A. Navesky",,,
"59b5cb40-1fda-4dc1-aa6d-5808fd3aba58","D05","LIRO","LIRO.AOS.riparian.point.05","2020-06-11T15:13Z","2020-09-15","LIRO.20200611.BENTHICSWEEP.5","A00000202939",,"CHISP8","Y","Chironomus sp.",,"genus","Arthropoda","Hexapoda","Insecta","Pterygota","Neoptera","Holometabola","Diptera","Nematocera","Culicomorpha",,"Chironomidae","Chironominae","Chironomini",,"Chironomus","sp.",,"larva",3,,11,42,26,"N","N",,"condition OK","Y",,"Epler 2001","N","EcoAnalysts Inc.","G. Wallace",,,
"b0cccb55-0833-4785-8627-1b74d99657ce","D05","LIRO","LIRO.AOS.riparian.point.03","2020-06-11T15:13Z","2020-09-15","LIRO.20200611.BENTHICSWEEP.3","A00000202940",,"PROSP23","Y","Procladius sp.",,"genus","Arthropoda","Hexapoda","Insecta","Pterygota","Neoptera","Holometabola","Diptera","Nematocera","Culicomorpha",,"Chironomidae","Tanypodinae","Procladiini",,"Procladius","sp.",,"larva",1,,1,34,3,"N","N",,"condition OK","Y",,"Epler 2001","N","EcoAnalysts Inc.","G. Wallace",,,
"f1267df8-a0f9-45b5-a85d-65d852824808","D05","LIRO","LIRO.AOS.littoral2","2020-06-11T15:13Z","2020-09-15","LIRO.20200611.PONAR.3","A00000202953",,"PARSP25","Y","Parakiefferiella sp.",,"genus","Arthropoda","Hexapoda","Insecta","Pterygota","Neoptera","Holometabola","Diptera","Nematocera","Culicomorpha",,"Chironomidae","Orthocladiinae",,,"Parakiefferiella","sp.",,"larva",3,,2,41,5,"N","N",,"condition OK","Y",,"Epler 2001","N","EcoAnalysts Inc.","G. Wallace",,,
"b512ad7b-ef6f-4b77-9507-c8f9d400e0af","D05","LIRO","LIRO.AOS.riparian.point.03","2020-06-11T15:13Z","2020-09-15","LIRO.20200611.BENTHICSWEEP.3","A00000202940",,"CHISP8","Y","Chironomus sp.",,"genus","Arthropoda","Hexapoda","Insecta","Pterygota","Neoptera","Holometabola","Diptera","Nematocera","Culicomorpha",,"Chironomidae","Chironominae","Chironomini",,"Chironomus","sp.",,"larva",2,,4,34,12,"N","N",,"condition OK","Y",,"Epler 2001","N","EcoAnalysts Inc.","G. Wallace",,,
"95a8ee5d-7979-4fbe-9e35-8d35e70f7c8f","D05","LIRO","LIRO.AOS.riparian.point.09","2020-06-11T15:13Z","2020-09-15","LIRO.20200611.BENTHICSWEEP.9","A00000202947",,"STESP8","Y","Stenochironomus sp.",,"genus","Arthropoda","Hexapoda","Insecta","Pterygota","Neoptera","Holometabola","Diptera","Nematocera","Culicomorpha",,"Chironomidae","Chironominae","Chironomini",,"Stenochironomus","sp.",,"larva",1,,1,58,2,"N","N",,"condition OK","Y",,"Epler 2001","N","EcoAnalysts Inc.","G. Wallace",,,
"7fad8e09-49fd-476b-a649-3820c51a01f1","D05","LIRO","LIRO.AOS.riparian.point.07","2020-06-11T15:13Z","2020-09-15","LIRO.20200611.BENTHICSWEEP.7","A00000202937",,"PSESP19","Y","Psectrocladius sp.",,"genus","Arthropoda","Hexapoda","Insecta","Pterygota","Neoptera","Holometabola","Diptera","Nematocera","Culicomorpha",,"Chironomidae","Orthocladiinae",,,"Psectrocladius","sp.",,"larva",5,,1,67,1,"N","N",,"condition OK","Y",,"Epler 2001","N","EcoAnalysts Inc.","G. Wallace",,,
"47ddc919-e653-4769-b959-bf64a3d04669","D05","LIRO","LIRO.AOS.riparian.point.03","2020-06-11T15:13Z","2020-09-15","LIRO.20200611.BENTHICSWEEP.3","A00000202940",,"ABLSP","Y","Ablabesmyia sp.","(Karelia)","genus","Arthropoda","Hexapoda","Insecta","Pterygota","Neoptera","Holometabola","Diptera","Nematocera","Culicomorpha",,"Chironomidae","Tanypodinae","Pentaneurini",,"Ablabesmyia","sp.",,"larva",4,,1,34,3,"N","N",,"damaged, affecting measurement","Y",,"Epler 2001","N","EcoAnalysts Inc.","G. Wallace","Fragment measured.",,
"77053709-345b-48e1-91af-0a9a7ef78639","D05","LIRO","LIRO.AOS.riparian.point.03","2020-06-11T15:13Z","2020-09-15","LIRO.20200611.BENTHICSWEEP.3","A00000202940",,"PROSP23","Y","Procladius sp.",,"genus","Arthropoda","Hexapoda","Insecta","Pterygota","Neoptera","Holometabola","Diptera","Nematocera","Culicomorpha",,"Chironomidae","Tanypodinae","Procladiini",,"Procladius","sp.",,"larva",1,,1,34,3,"N","N",,"damaged, affecting measurement","Y",,"Epler 2001","N","EcoAnalysts Inc.","G. Wallace","Fragment measured.",,
"a76019dd-cf3e-4df8-8175-dfda14e9c8f0","D05","LIRO","LIRO.AOS.riparian.point.03","2020-06-11T15:13Z","2020-09-15","LIRO.20200611.BENTHICSWEEP.3","A00000202940",,"NEMSP","Y","Nematoda sp.",,"phylum","Nematoda",,,,,,,,,,,,,,,"sp.",,"none",1,,13,34,38,"N","Y",,"condition OK","Y",,"Thorp and Covich 2001","N","EcoAnalysts Inc.","A. Navesky",,,
"08926598-2169-4a79-ab9b-568222518841","D05","LIRO","LIRO.AOS.riparian.point.03","2020-06-11T15:13Z","2020-09-15","LIRO.20200611.BENTHICSWEEP.3","A00000202940",,"NILSP1","Y","Nilothauma sp.",,"genus","Arthropoda","Hexapoda","Insecta","Pterygota","Neoptera","Holometabola","Diptera","Nematocera","Culicomorpha",,"Chironomidae","Chironominae","Chironomini",,"Nilothauma","sp.",,"larva",3,,1,34,3,"N","N",,"condition OK","Y",,"Epler 2001","N","EcoAnalysts Inc.","G. Wallace",,,
"7f1a1d3b-8b4a-42ad-b67a-6bbefce79a63","D05","LIRO","LIRO.AOS.riparian.point.05","2020-06-11T15:13Z","2020-09-15","LIRO.20200611.BENTHICSWEEP.5","A00000202939",,"CAESP5","Y","Caenis sp.",,"genus","Arthropoda","Hexapoda","Insecta","Pterygota","Palaeoptera",,"Ephemeroptera","Furcatergalia","Pannota","Caenoidea","Caenidae","Caeninae",,,"Caenis","sp.",,"larva",3,,1,42,2,"Y","N",,"condition OK","Y",,"Merritt and Cummins 2008","N","EcoAnalysts Inc.","A. Navesky","maybe C latipennis",,
"67318a09-c00f-468e-b969-e9b66e4cf34f","D05","LIRO","LIRO.AOS.riparian.point.09","2020-06-11T15:13Z","2020-09-15","LIRO.20200611.BENTHICSWEEP.9","A00000202947",,"MUSSP2","Y","Musculium sp.",,"genus","Mollusca",,"Bivalvia","Heterodonta",,,"Veneroida",,,"Corbiculoidea","Pisidiidae",,,,"Musculium","sp.",,"none",4,,1,58,2,"N","N",,"condition OK","Y",,"Thorp and Rogers 2016","N","EcoAnalysts Inc.","A. Navesky",,,
"191ec236-2fba-49e0-8aaa-ad6534c29355","D05","LIRO","LIRO.AOS.riparian.point.05","2020-06-11T15:13Z","2020-09-15","LIRO.20200611.BENTHICSWEEP.5","A00000202939","LIRO.20200611.BENTHICSWEEP.5_OLIGOCHAETE_1/1","CHADIA","Y","Chaetogaster diaphanus",,"species","Annelida","Clitellata","Oligochaeta","Oligochaeta",,,"Tubificida",,,,"Naididae","Naidinae",,,"Chaetogaster","diaphanus",,"none",1,,13,42,31,"N","N",,"condition OK","Y",,"Kathman and Brinkhurst 1998","N","EcoAnalysts Inc.","C. Fishel",,,
"33dd037e-43df-448e-9a40-62b016e90114","D05","LIRO","LIRO.AOS.littoral1","2020-06-11T15:13Z","2020-09-15","LIRO.20200611.PONAR.2","A00000202952",,"PARSP25","Y","Parakiefferiella sp.",,"genus","Arthropoda","Hexapoda","Insecta","Pterygota","Neoptera","Holometabola","Diptera","Nematocera","Culicomorpha",,"Chironomidae","Orthocladiinae",,,"Parakiefferiella","sp.",,"larva",2,,1,100,1,"N","N",,"condition OK","Y",,"Epler 2001","N","EcoAnalysts Inc.","G. Wallace",,,
"aa76a373-3327-4313-9a16-5d4639ca5660","D05","LIRO","LIRO.AOS.riparian.point.05","2020-06-11T15:13Z","2020-09-15","LIRO.20200611.BENTHICSWEEP.5","A00000202939",,"CHISP6","Y","Chironomini sp.",,"tribe","Arthropoda","Hexapoda","Insecta","Pterygota","Neoptera","Holometabola","Diptera","Nematocera","Culicomorpha",,"Chironomidae","Chironominae","Chironomini",,,"sp.",,"larva",1,,13,42,31,"Y","N",,"condition OK","N",,"Epler 2001","N","EcoAnalysts Inc.","G. Wallace",,,
"ede505b9-b4cf-47b8-a528-62a3b48b6363","D05","LIRO","LIRO.AOS.riparian.point.09","2020-06-11T15:13Z","2020-09-15","LIRO.20200611.BENTHICSWEEP.9","A00000202947",,"POLSP12","Y","Polycentropus sp.",,"genus","Arthropoda","Hexapoda","Insecta","Pterygota","Neoptera","Holometabola","Trichoptera",,,"Hydropsychoidea","Polycentropodidae","Polycentropodinae",,,"Polycentropus","sp.",,"larva",13,,1,58,2,"N","N",,"condition OK","Y",,"Wiggins 1996","N","EcoAnalysts Inc.","A. Navesky",,,
"3f2cf94f-5665-4fbf-9544-68933c70db11","D05","LIRO","LIRO.AOS.riparian.point.03","2020-06-11T15:13Z","2020-09-15","LIRO.20200611.BENTHICSWEEP.3","A00000202940",,"LARSP","Y","Larsia sp.",,"genus","Arthropoda","Hexapoda","Insecta","Pterygota","Neoptera","Holometabola","Diptera","Nematocera","Culicomorpha",,"Chironomidae","Tanypodinae","Pentaneurini",,"Larsia","sp.",,"larva",2,,1,34,3,"N","N",,"condition OK","Y",,"Epler 2001","N","EcoAnalysts Inc.","G. Wallace",,,
"f9c29640-8950-46ed-a729-6e3145d4c456","D05","LIRO","LIRO.AOS.riparian.point.07","2020-06-11T15:13Z","2020-09-15","LIRO.20200611.BENTHICSWEEP.7","A00000202937",,"CERSP10","Y","Ceratopogoninae sp.",,"subfamily","Arthropoda","Hexapoda","Insecta","Pterygota","Neoptera","Holometabola","Diptera","Nematocera","Culicomorpha",,"Ceratopogonidae","Ceratopogoninae",,,,"sp.",,"larva",6,,2,67,3,"N","Y",,"condition OK","Y",,"Merritt and Cummins 2008","N","EcoAnalysts Inc.","A. Navesky",,,
"1d24b0ae-68d2-4c64-9608-7d258c57a7ca","D05","LIRO","LIRO.AOS.riparian.point.03","2020-06-11T15:13Z","2020-09-15","LIRO.20200611.BENTHICSWEEP.3","A00000202940",,"HYDSP21","Y","Hydra sp.",,"genus","Cnidaria","Medusozoa","Hydrozoa","Hydroidolina",,,"Anthoathecatae","Capitata",,,"Hydridae",,,,"Hydra","sp.",,"none",1,,1,34,3,"N","N",,"condition OK","Y",,"Thorp and Covich 2001","N","EcoAnalysts Inc.","A. Navesky",,,
"0b5c5dae-35b2-412b-ac8c-b398743a7b9f","D05","LIRO","LIRO.AOS.riparian.point.05","2020-06-11T15:13Z","2020-09-15","LIRO.20200611.BENTHICSWEEP.5","A00000202939",,"CHISP8","Y","Chironomus sp.",,"genus","Arthropoda","Hexapoda","Insecta","Pterygota","Neoptera","Holometabola","Diptera","Nematocera","Culicomorpha",,"Chironomidae","Chironominae","Chironomini",,"Chironomus","sp.",,"larva",2,,10,42,24,"N","N",,"condition OK","Y",,"Epler 2001","N","EcoAnalysts Inc.","G. Wallace",,,
"586555b7-05aa-452d-b792-9d1a057af775","D05","LIRO","LIRO.AOS.riparian.point.03","2020-06-11T15:13Z","2020-09-15","LIRO.20200611.BENTHICSWEEP.3","A00000202940",,"CORSP19","Y","Corynoneura sp.",,"genus","Arthropoda","Hexapoda","Insecta","Pterygota","Neoptera","Holometabola","Diptera","Nematocera","Culicomorpha",,"Chironomidae","Orthocladiinae",,,"Corynoneura","sp.",,"larva",1,,4,34,12,"N","N",,"condition OK","Y",,"Epler 2001","N","EcoAnalysts Inc.","G. Wallace",,,
"edff59d7-49d2-41a7-a61e-994431ebd3b1","D05","LIRO","LIRO.AOS.riparian.point.07","2020-06-11T15:13Z","2020-09-15","LIRO.20200611.BENTHICSWEEP.7","A00000202937",,"ARRSP2","Y","Arrenurus sp.",,"genus","Arthropoda","Chelicerata","Arachnida","Acari",,"Acariformes","Trombidiformes","Prostigmata",,"Arrenuroidea","Arrenuridae",,,,"Arrenurus","sp.",,"none",1,,1,67,1,"N","N",,"condition OK","Y",,"Thorp and Covich 2001","N","EcoAnalysts Inc.","A. Navesky",,,
"ec4c115a-7bf3-4349-bcc5-c1f62c83f7c0","D05","LIRO","LIRO.AOS.littoral2","2020-06-11T15:13Z","2020-09-15","LIRO.20200611.PONAR.3","A00000202953",,"PARSP25","Y","Parakiefferiella sp.",,"genus","Arthropoda","Hexapoda","Insecta","Pterygota","Neoptera","Holometabola","Diptera","Nematocera","Culicomorpha",,"Chironomidae","Orthocladiinae",,,"Parakiefferiella","sp.",,"larva",1,,1,41,2,"N","N",,"damaged, affecting measurement","Y",,"Epler 2001","N","EcoAnalysts Inc.","G. Wallace","Fragment measured.",,
"6e61b578-faa1-4c91-a92c-847d4735b899","D05","LIRO","LIRO.AOS.riparian.point.01","2020-06-11T15:13Z","2020-09-14","LIRO.20200611.BENTHICSWEEP.1","A00000202950",,"PARSP30","Y","Parachironomus sp.",,"genus","Arthropoda","Hexapoda","Insecta","Pterygota","Neoptera","Holometabola","Diptera","Nematocera","Culicomorpha",,"Chironomidae","Chironominae","Chironomini",,"Parachironomus","sp.",,"larva",1,,1,19,5,"N","N",,"damaged, affecting measurement","Y",,"Epler 2001","N","EcoAnalysts Inc.","G. Wallace","Fragment measured.",,
"a6a6fa52-1d7f-45a3-9eaf-f680e9f86b27","D05","LIRO","LIRO.AOS.riparian.point.05","2020-06-11T15:13Z","2020-09-15","LIRO.20200611.BENTHICSWEEP.5","A00000202939",,"PENSP6","Y","Pentaneurini sp.",,"tribe","Arthropoda","Hexapoda","Insecta","Pterygota","Neoptera","Holometabola","Diptera","Nematocera","Culicomorpha",,"Chironomidae","Tanypodinae","Pentaneurini",,,"sp.",,"pupa",4,,1,42,2,"Y","N",,"damaged, affecting taxonomy","N",,"Epler 2001","N","EcoAnalysts Inc.","G. Wallace",,,
"fef9c9f3-bbfa-448f-a6d6-bbef80262629","D05","LIRO","LIRO.AOS.riparian.point.03","2020-06-11T15:13Z","2020-09-15","LIRO.20200611.BENTHICSWEEP.3","A00000202940",,"STESP8","Y","Stenochironomus sp.",,"genus","Arthropoda","Hexapoda","Insecta","Pterygota","Neoptera","Holometabola","Diptera","Nematocera","Culicomorpha",,"Chironomidae","Chironominae","Chironomini",,"Stenochironomus","sp.",,"larva",4,,1,34,3,"N","N",,"condition OK","Y",,"Epler 2001","N","EcoAnalysts Inc.","G. Wallace",,,
"263953ea-03ff-4073-ae9f-d7561297fd69","D05","LIRO","LIRO.AOS.riparian.point.03","2020-06-11T15:13Z","2020-09-15","LIRO.20200611.BENTHICSWEEP.3","A00000202940",,"CAESP5","Y","Caenis sp.",,"genus","Arthropoda","Hexapoda","Insecta","Pterygota","Palaeoptera",,"Ephemeroptera","Furcatergalia","Pannota","Caenoidea","Caenidae","Caeninae",,,"Caenis","sp.",,"larva",3,,1,34,3,"Y","N",,"condition OK","N",,"Merritt and Cummins 2008","N","EcoAnalysts Inc.","A. Navesky",,,
"b3bc92e8-8f95-4e44-ad3f-5c0d6e0a7a1a","D05","LIRO","LIRO.AOS.littoral2","2020-06-11T15:13Z","2020-09-15","LIRO.20200611.PONAR.3","A00000202953",,"TANSP11","Y","Tanytarsus sp.",,"genus","Arthropoda","Hexapoda","Insecta","Pterygota","Neoptera","Holometabola","Diptera","Nematocera","Culicomorpha",,"Chironomidae","Chironominae","Tanytarsini",,"Tanytarsus","sp.",,"larva",1,,3,41,7,"N","N",,"damaged, affecting measurement","Y",,"Epler 2001","N","EcoAnalysts Inc.","G. Wallace","Fragment measured.",,
"c6229850-19bf-4c89-901e-3ca5c683bb12","D05","LIRO","LIRO.AOS.riparian.point.07","2020-06-11T15:13Z","2020-09-15","LIRO.20200611.BENTHICSWEEP.7","A00000202937",,"CHISP8","Y","Chironomus sp.",,"genus","Arthropoda","Hexapoda","Insecta","Pterygota","Neoptera","Holometabola","Diptera","Nematocera","Culicomorpha",,"Chironomidae","Chironominae","Chironomini",,"Chironomus","sp.",,"larva",1,,1,67,1,"N","N",,"damaged, affecting measurement","Y",,"Epler 2001","N","EcoAnalysts Inc.","G. Wallace","Fragment measured.",,
"74dd0617-6483-439f-99d5-fd46e7320711","D05","LIRO","LIRO.AOS.riparian.point.09","2020-06-11T15:13Z","2020-09-15","LIRO.20200611.BENTHICSWEEP.9","A00000202947",,"CORSP1","Y","Corbiculoidea sp.",,"superfamily","Mollusca",,"Bivalvia","Heterodonta",,,"Veneroida",,,"Corbiculoidea",,,,,,"sp.",,"none",3,,2,58,3,"N","N",,"damaged, affecting taxonomy","N",,"Mackie 2007","N","EcoAnalysts Inc.","A. Navesky","missing shell",,
"67b93f73-83ca-4c9c-b24e-0232b2d5a141","D05","LIRO","LIRO.AOS.riparian.point.03","2020-06-11T15:13Z","2020-09-15","LIRO.20200611.BENTHICSWEEP.3","A00000202940",,"PSESP19","Y","Psectrocladius sp.",,"genus","Arthropoda","Hexapoda","Insecta","Pterygota","Neoptera","Holometabola","Diptera","Nematocera","Culicomorpha",,"Chironomidae","Orthocladiinae",,,"Psectrocladius","sp.",,"larva",2,,7,34,21,"N","N",,"condition OK","Y",,"Epler 2001","N","EcoAnalysts Inc.","G. Wallace",,,
"b9992eba-8603-4384-bb25-690189662c7d","D05","LIRO","LIRO.AOS.riparian.point.05","2020-06-11T15:13Z","2020-09-15","LIRO.20200611.BENTHICSWEEP.5","A00000202939","LIRO.20200611.BENTHICSWEEP.5_OLIGOCHAETE_1/1","HIRSP","Y","Hirudinida sp.",,"subclass","Annelida",,"Clitellata","Hirudinea",,,,,,,,,,,,"sp.",,"none",4,,1,42,2,"Y","N",,"condition OK","Y",,"Kathman and Brinkhurst 1998","N","EcoAnalysts Inc.","A. Navesky",,,
"5fe3953c-90ef-4dde-8aa7-d3aa77b82b55","D05","LIRO","LIRO.AOS.littoral2","2020-06-11T15:13Z","2020-09-15","LIRO.20200611.PONAR.3","A00000202953",,"PISSP4","Y","Pisidium sp.",,"genus","Mollusca",,"Bivalvia","Heterodonta",,,"Veneroida",,,"Corbiculoidea","Pisidiidae",,,,"Pisidium","sp.",,"none",2,,8,41,20,"N","N",,"condition OK","Y",,"Thorp and Covich 2001","N","EcoAnalysts Inc.","A. Navesky",,,
"b194a7f7-9d6d-43e1-a0f2-ee93be436b07","D05","LIRO","LIRO.AOS.riparian.point.07","2020-06-11T15:13Z","2020-09-15","LIRO.20200611.BENTHICSWEEP.7","A00000202937",,"NANSP1","Y","Nanocladius sp.",,"genus","Arthropoda","Hexapoda","Insecta","Pterygota","Neoptera","Holometabola","Diptera","Nematocera","Culicomorpha",,"Chironomidae","Orthocladiinae",,,"Nanocladius","sp.",,"larva",1,,1,67,1,"N","N",,"condition OK","Y",,"Epler 2001","N","EcoAnalysts Inc.","G. Wallace",,,
"4d870f0c-45dd-4d96-bed1-01adc25b368f","D05","LIRO","LIRO.AOS.littoral2","2020-06-11T15:13Z","2020-09-15","LIRO.20200611.PONAR.3","A00000202953",,"PISSP4","Y","Pisidium sp.",,"genus","Mollusca",,"Bivalvia","Heterodonta",,,"Veneroida",,,"Corbiculoidea","Pisidiidae",,,,"Pisidium","sp.",,"none",3,,1,41,2,"N","N",,"condition OK","Y",,"Thorp and Covich 2001","N","EcoAnalysts Inc.","A. Navesky",,,
"c5774e95-eb29-47e6-8f49-4aa5a50ceef9","D05","LIRO","LIRO.AOS.riparian.point.01","2020-06-11T15:13Z","2020-09-14","LIRO.20200611.BENTHICSWEEP.1","A00000202950",,"CAESP5","Y","Caenis sp.",,"genus","Arthropoda","Hexapoda","Insecta","Pterygota","Palaeoptera",,"Ephemeroptera","Furcatergalia","Pannota","Caenoidea","Caenidae","Caeninae",,,"Caenis","sp.",,"larva",5,,1,19,5,"N","N",,"damaged, affecting taxonomy and measurement","Y",,"Merritt and Cummins 2008","N","EcoAnalysts Inc.","A. Navesky","Fragment measured.-head to ab seg 2; head and thorax only",,
"188c313e-9105-4f0a-b8c0-d4ce5bec0246","D05","LIRO","LIRO.AOS.riparian.point.09","2020-06-11T15:13Z","2020-09-15","LIRO.20200611.BENTHICSWEEP.9","A00000202947","LIRO.20200611.BENTHICSWEEP.9_OLIGOCHAETE_1/1","CHADIA","Y","Chaetogaster diaphanus",,"species","Annelida","Clitellata","Oligochaeta","Oligochaeta",,,"Tubificida",,,,"Naididae","Naidinae",,,"Chaetogaster","diaphanus",,"none",1,,8,58,14,"N","N",,"condition OK","Y",,"Kathman and Brinkhurst 1998","N","EcoAnalysts Inc.","C. Fishel",,,
"668466aa-d8e8-438c-8e94-82ee74f667a2","D05","LIRO","LIRO.AOS.riparian.point.03","2020-06-11T15:13Z","2020-09-15","LIRO.20200611.BENTHICSWEEP.3","A00000202940",,"POLSP12","Y","Polycentropus sp.",,"genus","Arthropoda","Hexapoda","Insecta","Pterygota","Neoptera","Holometabola","Trichoptera",,,"Hydropsychoidea","Polycentropodidae","Polycentropodinae",,,"Polycentropus","sp.",,"larva",11,,1,34,3,"N","N",,"condition OK","Y",,"Wiggins 1996","N","EcoAnalysts Inc.","A. Navesky","now inseparable Polycentropus Plectrocnemia Holocentropus Cernotina",,
"a17f49ac-4cb3-497e-abd0-225d1b00baaa","D05","LIRO","LIRO.AOS.riparian.point.07","2020-06-11T15:13Z","2020-09-15","LIRO.20200611.BENTHICSWEEP.7","A00000202937",,"PSESP19","Y","Psectrocladius sp.",,"genus","Arthropoda","Hexapoda","Insecta","Pterygota","Neoptera","Holometabola","Diptera","Nematocera","Culicomorpha",,"Chironomidae","Orthocladiinae",,,"Psectrocladius","sp.",,"larva",3,,11,67,16,"N","N",,"condition OK","Y",,"Epler 2001","N","EcoAnalysts Inc.","G. Wallace",,,
"1dd1544f-f82a-43f5-ae7c-3bfc6f99df13","D05","LIRO","LIRO.AOS.littoral2","2020-06-11T15:13Z","2020-09-15","LIRO.20200611.PONAR.3","A00000202953",,"PROSP23","Y","Procladius sp.",,"genus","Arthropoda","Hexapoda","Insecta","Pterygota","Neoptera","Holometabola","Diptera","Nematocera","Culicomorpha",,"Chironomidae","Tanypodinae","Procladiini",,"Procladius","sp.",,"larva",3,,22,41,54,"N","N",,"condition OK","Y",,"Epler 2001","N","EcoAnalysts Inc.","G. Wallace",,,
"631ba6bc-0678-4d73-ab7d-5e43f52ff33b","D05","LIRO","LIRO.AOS.riparian.point.05","2020-06-11T15:13Z","2020-09-15","LIRO.20200611.BENTHICSWEEP.5","A00000202939",,"PSESP19","Y","Psectrocladius sp.",,"genus","Arthropoda","Hexapoda","Insecta","Pterygota","Neoptera","Holometabola","Diptera","Nematocera","Culicomorpha",,"Chironomidae","Orthocladiinae",,,"Psectrocladius","sp.",,"larva",2,,5,42,12,"N","N",,"condition OK","Y",,"Epler 2001","N","EcoAnalysts Inc.","G. Wallace",,,
"83454785-e147-4d7d-aa01-98980f5412db","D05","LIRO","LIRO.AOS.riparian.point.03","2020-06-11T15:13Z","2020-09-15","LIRO.20200611.BENTHICSWEEP.3","A00000202940",,"LAUAGR","Y","Lauterborniella agrayloides",,"species","Arthropoda","Hexapoda","Insecta","Pterygota","Neoptera","Holometabola","Diptera","Nematocera","Culicomorpha",,"Chironomidae","Chironominae","Chironomini",,"Lauterborniella","agrayloides",,"larva",1,,2,34,6,"N","N",,"condition OK","Y",,"Epler 2001","N","EcoAnalysts Inc.","G. Wallace","tiny",,
"35daed24-f22c-48db-a497-7b20282da0fb","D05","LIRO","LIRO.AOS.riparian.point.07","2020-06-11T15:13Z","2020-09-15","LIRO.20200611.BENTHICSWEEP.7","A00000202937",,"PROSP23","Y","Procladius sp.",,"genus","Arthropoda","Hexapoda","Insecta","Pterygota","Neoptera","Holometabola","Diptera","Nematocera","Culicomorpha",,"Chironomidae","Tanypodinae","Procladiini",,"Procladius","sp.",,"larva",4,,2,67,3,"N","N",,"condition OK","Y",,"Epler 2001","N","EcoAnalysts Inc.","G. Wallace",,,
"4d24191f-106c-4b2b-a957-8b7b24ec2d2f","D05","LIRO","LIRO.AOS.riparian.point.05","2020-06-11T15:13Z","2020-09-15","LIRO.20200611.BENTHICSWEEP.5","A00000202939",,"ORISP1","Y","Oribatida sp.",,"suborder","Arthropoda","Chelicerata","Arachnida","Acari",,"Acariformes","Sarcoptiformes","Oribatida",,,,,,,,"sp.",,"none",1,,7,42,17,"N","Y",,"condition OK","Y",,"Thorp and Covich 2001","N","EcoAnalysts Inc.","A. Navesky","Oribatida",,
"903538ce-12a1-4e74-bfeb-96661bf4d48f","D05","LIRO","LIRO.AOS.littoral2","2020-06-11T15:13Z","2020-09-15","LIRO.20200611.PONAR.3","A00000202953",,"PROSP23","Y","Procladius sp.",,"genus","Arthropoda","Hexapoda","Insecta","Pterygota","Neoptera","Holometabola","Diptera","Nematocera","Culicomorpha",,"Chironomidae","Tanypodinae","Procladiini",,"Procladius","sp.",,"larva",1,,4,41,10,"N","N",,"damaged, affecting measurement","Y",,"Epler 2001","N","EcoAnalysts Inc.","G. Wallace","Fragment measured.",,
"fcf78534-acc5-4fbe-bbe1-32de7adc0814","D05","LIRO","LIRO.AOS.riparian.point.01","2020-06-11T15:13Z","2020-09-14","LIRO.20200611.BENTHICSWEEP.1","A00000202950","LIRO.20200611.BENTHICSWEEP.1_OLIGOCHAETE_1/1","NAISP","Y","Naididae sp.",,"family","Annelida","Clitellata","Oligochaeta","Oligochaeta",,,"Tubificida",,,,"Naididae",,,,,"sp.",,"none",1,,3,19,16,"N","N",,"condition OK","Y",,"Kathman and Brinkhurst 1999","N","EcoAnalysts Inc.","C. Fishel",,,
"d8a68492-9ab2-46c3-b4de-47baa44159b9","D05","LIRO","LIRO.AOS.riparian.point.09","2020-06-11T15:13Z","2020-09-15","LIRO.20200611.BENTHICSWEEP.9","A00000202947",,"MICPED","Y","Microtendipes pedellus gr.",,"speciesGroup","Arthropoda","Hexapoda","Insecta","Pterygota","Neoptera","Holometabola","Diptera","Nematocera","Culicomorpha",,"Chironomidae","Chironominae","Chironomini",,"Microtendipes","pedellus gr.",,"larva",2,,3,58,5,"N","N",,"condition OK","Y",,"Epler 2001","N","EcoAnalysts Inc.","G. Wallace",,,
"3f02c5b0-f106-4fca-ab44-d22ea892ace2","D05","LIRO","LIRO.AOS.riparian.point.09","2020-06-11T15:13Z","2020-09-15","LIRO.20200611.BENTHICSWEEP.9","A00000202947",,"OECSP","Y","Oecetis sp.",,"genus","Arthropoda","Hexapoda","Insecta","Pterygota","Neoptera","Holometabola","Trichoptera",,,"Leptoceroidea","Leptoceridae","Leptocerinae","Oecetini",,"Oecetis","sp.",,"larva",4,,1,58,2,"Y","N",,"condition OK","Y",,"Wiggins 1996","N","EcoAnalysts Inc.","A. Navesky",,,
"1d078e28-fb4e-4c6c-bd5e-b01c22ef135f","D05","LIRO","LIRO.AOS.riparian.point.01","2020-06-11T15:13Z","2020-09-14","LIRO.20200611.BENTHICSWEEP.1","A00000202950",,"COLSP1","Y","Collembola sp.",,"order","Arthropoda","Hexapoda","Collembola",,,,"Collembola",,,,,,,,,"sp.",,"larva",1,,2,19,10,"N","N",,"condition OK","Y",,"Triplehorn and Johnson 2005","N","EcoAnalysts Inc.","A. Navesky",,,
"38d1f838-6d43-490d-ab8b-e4d2b21cd3db","D05","LIRO","LIRO.AOS.riparian.point.09","2020-06-11T15:13Z","2020-09-15","LIRO.20200611.BENTHICSWEEP.9","A00000202947",,"MUSSP2","Y","Musculium sp.",,"genus","Mollusca",,"Bivalvia","Heterodonta",,,"Veneroida",,,"Corbiculoidea","Pisidiidae",,,,"Musculium","sp.",,"none",2,,2,58,3,"N","N",,"condition OK","Y",,"Thorp and Rogers 2016","N","EcoAnalysts Inc.","A. Navesky",,,
"fd759696-f256-485b-be92-8c9ae19b1043","D05","LIRO","LIRO.AOS.riparian.point.01","2020-06-11T15:13Z","2020-09-14","LIRO.20200611.BENTHICSWEEP.1","A00000202950",,"PSESP19","Y","Psectrocladius sp.",,"genus","Arthropoda","Hexapoda","Insecta","Pterygota","Neoptera","Holometabola","Diptera","Nematocera","Culicomorpha",,"Chironomidae","Orthocladiinae",,,"Psectrocladius","sp.",,"larva",2,,1,19,5,"N","N",,"condition OK","Y",,"Epler 2001","N","EcoAnalysts Inc.","G. Wallace",,,
"ed8e3005-515d-44d3-8ad6-00f1a279d568","D05","LIRO","LIRO.AOS.riparian.point.01","2020-06-11T15:13Z","2020-09-14","LIRO.20200611.BENTHICSWEEP.1","A00000202950",,"LAUAGR","Y","Lauterborniella agrayloides",,"species","Arthropoda","Hexapoda","Insecta","Pterygota","Neoptera","Holometabola","Diptera","Nematocera","Culicomorpha",,"Chironomidae","Chironominae","Chironomini",,"Lauterborniella","agrayloides",,"larva",1,,1,19,5,"N","N",,"condition OK","Y",,"Epler 2001","N","EcoAnalysts Inc.","G. Wallace","tiny",,
"d85cf868-ab82-4cfa-92ef-bb08c4b2551e","D05","LIRO","LIRO.AOS.riparian.point.07","2020-06-11T15:13Z","2020-09-15","LIRO.20200611.BENTHICSWEEP.7","A00000202937",,"CRISP2","Y","Cricotopus sp.",,"genus","Arthropoda","Hexapoda","Insecta","Pterygota","Neoptera","Holometabola","Diptera","Nematocera","Culicomorpha",,"Chironomidae","Orthocladiinae",,,"Cricotopus","sp.",,"larva",1,,2,67,3,"N","N",,"condition OK","Y",,"Epler 2001","N","EcoAnalysts Inc.","G. Wallace",,,
"a20f0431-8a19-486b-8a94-0016a9e5bb34","D05","LIRO","LIRO.AOS.riparian.point.01","2020-06-11T15:13Z","2020-09-14","LIRO.20200611.BENTHICSWEEP.1","A00000202950",,"LARSP","Y","Larsia sp.",,"genus","Arthropoda","Hexapoda","Insecta","Pterygota","Neoptera","Holometabola","Diptera","Nematocera","Culicomorpha",,"Chironomidae","Tanypodinae","Pentaneurini",,"Larsia","sp.",,"larva",4,,2,19,10,"N","N",,"condition OK","Y",,"Epler 2001","N","EcoAnalysts Inc.","G. Wallace",,,
"66888970-ce35-46d3-ab48-399c09594cca","D05","LIRO","LIRO.AOS.littoral2","2020-06-11T15:13Z","2020-09-15","LIRO.20200611.PONAR.3","A00000202953",,"CAESP5","Y","Caenis sp.",,"genus","Arthropoda","Hexapoda","Insecta","Pterygota","Palaeoptera",,"Ephemeroptera","Furcatergalia","Pannota","Caenoidea","Caenidae","Caeninae",,,"Caenis","sp.",,"larva",2,,1,41,2,"Y","N",,"condition OK","Y",,"Merritt and Cummins 2008","N","EcoAnalysts Inc.","A. Navesky",,,
"f7d54eae-cc30-46f2-9a6d-303f57aa7feb","D05","LIRO","LIRO.AOS.littoral2","2020-06-11T15:13Z","2020-09-15","LIRO.20200611.PONAR.3","A00000202953",,"DICSP7","Y","Dicrotendipes sp.",,"genus","Arthropoda","Hexapoda","Insecta","Pterygota","Neoptera","Holometabola","Diptera","Nematocera","Culicomorpha",,"Chironomidae","Chironominae","Chironomini",,"Dicrotendipes","sp.",,"larva",1,,1,41,2,"Y","N",,"condition OK","Y",,"Epler 1987 1988 2001","N","EcoAnalysts Inc.","G. Wallace",,,
"dc0afa0b-2570-42ce-9f0a-d488a29e63bf","D05","LIRO","LIRO.AOS.riparian.point.03","2020-06-11T15:13Z","2020-09-15","LIRO.20200611.BENTHICSWEEP.3","A00000202940",,"CERSP10","Y","Ceratopogoninae sp.",,"subfamily","Arthropoda","Hexapoda","Insecta","Pterygota","Neoptera","Holometabola","Diptera","Nematocera","Culicomorpha",,"Ceratopogonidae","Ceratopogoninae",,,,"sp.",,"larva",6,,2,34,6,"N","Y",,"condition OK","Y",,"Merritt and Cummins 2008","N","EcoAnalysts Inc.","A. Navesky",,,
"6e90ff72-ece3-4719-92cc-314135d45b8c","D05","LIRO","LIRO.AOS.riparian.point.07","2020-06-11T15:13Z","2020-09-15","LIRO.20200611.BENTHICSWEEP.7","A00000202937",,"VELSP","Y","Veliidae sp.",,"family","Arthropoda","Hexapoda","Insecta","Pterygota","Neoptera","Paraneoptera","Hemiptera","Heteroptera","Gerromorpha","Gerroidea","Veliidae",,,,,"sp.",,"larva",1,,2,67,3,"Y","N",,"condition OK","Y",,"Merritt and Cummins 2008","N","EcoAnalysts Inc.","A. Navesky",,,
"59e9b02a-a974-4258-8460-8636ff1ae652","D05","LIRO","LIRO.AOS.riparian.point.09","2020-06-11T15:13Z","2020-09-15","LIRO.20200611.BENTHICSWEEP.9","A00000202947",,"PENSP6","Y","Pentaneurini sp.",,"tribe","Arthropoda","Hexapoda","Insecta","Pterygota","Neoptera","Holometabola","Diptera","Nematocera","Culicomorpha",,"Chironomidae","Tanypodinae","Pentaneurini",,,"sp.",,"larva",1,,1,58,2,"Y","N",,"condition OK","N",,"Epler 2001","N","EcoAnalysts Inc.","G. Wallace",,,
"55cf615d-6c12-40e8-9a85-63904c996ec1","D05","LIRO","LIRO.AOS.riparian.point.05","2020-06-11T15:13Z","2020-09-15","LIRO.20200611.BENTHICSWEEP.5","A00000202939",,"HYDSP21","Y","Hydra sp.",,"genus","Cnidaria","Medusozoa","Hydrozoa","Hydroidolina",,,"Anthoathecatae","Capitata",,,"Hydridae",,,,"Hydra","sp.",,"none",1,,17,42,41,"N","N",,"condition OK","Y",,"Thorp and Covich 2001","N","EcoAnalysts Inc.","A. Navesky",,,
"9fe64bd3-c257-4fdd-ac31-372a95c3f533","D05","LIRO","LIRO.AOS.riparian.point.03","2020-06-11T15:13Z","2020-09-15","LIRO.20200611.BENTHICSWEEP.3","A00000202940",,"ABLSP","Y","Ablabesmyia sp.",,"genus","Arthropoda","Hexapoda","Insecta","Pterygota","Neoptera","Holometabola","Diptera","Nematocera","Culicomorpha",,"Chironomidae","Tanypodinae","Pentaneurini",,"Ablabesmyia","sp.",,"larva",1,,1,34,3,"Y","N",,"damaged, affecting measurement","N",,"Roback 1985; Epler 2001","N","EcoAnalysts Inc.","G. Wallace","Fragment measured.",,
"0e98e000-c6ab-4439-902d-34d3d4ca8969","D05","LIRO","LIRO.AOS.riparian.point.03","2020-06-11T15:13Z","2020-09-15","LIRO.20200611.BENTHICSWEEP.3","A00000202940",,"TANSP11","Y","Tanytarsus sp.",,"genus","Arthropoda","Hexapoda","Insecta","Pterygota","Neoptera","Holometabola","Diptera","Nematocera","Culicomorpha",,"Chironomidae","Chironominae","Tanytarsini",,"Tanytarsus","sp.",,"larva",2,,5,34,15,"N","N",,"condition OK","Y",,"Epler 2001","N","EcoAnalysts Inc.","G. Wallace","most are tiny",,
"4d4f699d-0440-4eae-a809-d4b50549c5bb","D05","LIRO","LIRO.AOS.riparian.point.05","2020-06-11T15:13Z","2020-09-15","LIRO.20200611.BENTHICSWEEP.5","A00000202939",,"CORSP19","Y","Corynoneura sp.",,"genus","Arthropoda","Hexapoda","Insecta","Pterygota","Neoptera","Holometabola","Diptera","Nematocera","Culicomorpha",,"Chironomidae","Orthocladiinae",,,"Corynoneura","sp.",,"larva",3,,1,42,2,"N","N",,"condition OK","Y",,"Epler 2001","N","EcoAnalysts Inc.","G. Wallace",,,
"6a36d1d2-30e7-4da6-9179-149e3f1f5261","D05","LIRO","LIRO.AOS.riparian.point.05","2020-06-11T15:13Z","2020-09-15","LIRO.20200611.BENTHICSWEEP.5","A00000202939",,"MUSSP2","Y","Musculium sp.",,"genus","Mollusca",,"Bivalvia","Heterodonta",,,"Veneroida",,,"Corbiculoidea","Pisidiidae",,,,"Musculium","sp.",,"none",3,,1,42,2,"N","N",,"condition OK","Y",,"Thorp and Rogers 2016","N","EcoAnalysts Inc.","A. Navesky",,,
"5b46c91e-51f3-44a9-a3d6-16e15ce82a51","D05","LIRO","LIRO.AOS.riparian.point.03","2020-06-11T15:13Z","2020-09-15","LIRO.20200611.BENTHICSWEEP.3","A00000202940",,"UNISP4","Y","Unionicola sp.",,"genus","Arthropoda","Chelicerata","Arachnida","Acari",,"Acariformes","Trombidiformes","Prostigmata",,"Hygrobatoidea","Unionicolidae",,,,"Unionicola","sp.",,"none",1,,2,34,6,"N","N",,"condition OK","Y",,"Thorp and Covich 2001","N","EcoAnalysts Inc.","A. Navesky",,,
"cdfe6d42-ad2a-41a7-bec0-b04221869bb4","D05","LIRO","LIRO.AOS.riparian.point.03","2020-06-11T15:13Z","2020-09-15","LIRO.20200611.BENTHICSWEEP.3","A00000202940",,"NEUSP4","Y","Neumania sp.",,"genus","Arthropoda","Chelicerata","Arachnida","Acari",,"Acariformes","Trombidiformes","Prostigmata",,"Hygrobatoidea","Unionicolidae",,,,"Neumania","sp.",,"none",1,,2,34,6,"N","N",,"condition OK","Y",,"Thorp and Covich 2001","N","EcoAnalysts Inc.","A. Navesky",,,
"b80f8f6b-ed1c-4ab2-947d-613dd1eab89a","D05","LIRO","LIRO.AOS.riparian.point.01","2020-06-11T15:13Z","2020-09-14","LIRO.20200611.BENTHICSWEEP.1","A00000202950",,"LABSP","Y","Labrundinia sp.",,"genus","Arthropoda","Hexapoda","Insecta","Pterygota","Neoptera","Holometabola","Diptera","Nematocera","Culicomorpha",,"Chironomidae","Tanypodinae","Pentaneurini",,"Labrundinia","sp.",,"larva",1,,1,19,5,"N","N",,"damaged, affecting measurement","Y",,"Epler 2001","N","EcoAnalysts Inc.","G. Wallace","Fragment measured.",,
"c6842c5c-8993-43fb-bcec-72a889c4a926","D05","LIRO","LIRO.AOS.riparian.point.03","2020-06-11T15:13Z","2020-09-15","LIRO.20200611.BENTHICSWEEP.3","A00000202940","LIRO.20200611.BENTHICSWEEP.3_OLIGOCHAETE_1/1","STYLAC","Y","Stylaria lacustris",,"species","Annelida","Clitellata","Oligochaeta","Oligochaeta",,,"Tubificida",,,,"Naididae","Naidinae",,,"Stylaria","lacustris",,"none",1,,3,34,9,"N","N",,"condition OK","Y",,"Kathman and Brinkhurst 1998","N","EcoAnalysts Inc.","C. Fishel",,,
"9459a66e-374b-4f37-b48b-ce5afacfd108","D05","LIRO","LIRO.AOS.riparian.point.05","2020-06-11T15:13Z","2020-09-15","LIRO.20200611.BENTHICSWEEP.5","A00000202939",,"ABLSP","Y","Ablabesmyia sp.","(Karelia)","genus","Arthropoda","Hexapoda","Insecta","Pterygota","Neoptera","Holometabola","Diptera","Nematocera","Culicomorpha",,"Chironomidae","Tanypodinae","Pentaneurini",,"Ablabesmyia","sp.",,"larva",5,,5,42,12,"N","N",,"condition OK","Y",,"Epler 2001","N","EcoAnalysts Inc.","G. Wallace",,,
"b6b9e299-7b33-48c0-a3f3-27d9528cf31e","D05","LIRO","LIRO.AOS.riparian.point.09","2020-06-11T15:13Z","2020-09-15","LIRO.20200611.BENTHICSWEEP.9","A00000202947",,"CAESP5","Y","Caenis sp.",,"genus","Arthropoda","Hexapoda","Insecta","Pterygota","Palaeoptera",,"Ephemeroptera","Furcatergalia","Pannota","Caenoidea","Caenidae","Caeninae",,,"Caenis","sp.",,"larva",5,,2,58,3,"Y","N",,"condition OK","Y",,"Merritt and Cummins 2008","N","EcoAnalysts Inc.","A. Navesky","maybe C latipennis",,
"2f8e02dd-09bb-43d4-83f0-1687c790f3ba","D05","LIRO","LIRO.AOS.riparian.point.07","2020-06-11T15:13Z","2020-09-15","LIRO.20200611.BENTHICSWEEP.7","A00000202937",,"CERSP10","Y","Ceratopogoninae sp.",,"subfamily","Arthropoda","Hexapoda","Insecta","Pterygota","Neoptera","Holometabola","Diptera","Nematocera","Culicomorpha",,"Ceratopogonidae","Ceratopogoninae",,,,"sp.",,"larva",4,,2,67,3,"N","Y",,"condition OK","Y",,"Merritt and Cummins 2008","N","EcoAnalysts Inc.","A. Navesky",,,
"8d1e2a30-d574-4989-9ba4-b3ba8e7cbcdd","D05","LIRO","LIRO.AOS.riparian.point.09","2020-06-11T15:13Z","2020-09-15","LIRO.20200611.BENTHICSWEEP.9","A00000202947",,"PSESP19","Y","Psectrocladius sp.",,"genus","Arthropoda","Hexapoda","Insecta","Pterygota","Neoptera","Holometabola","Diptera","Nematocera","Culicomorpha",,"Chironomidae","Orthocladiinae",,,"Psectrocladius","sp.",,"larva",5,,3,58,5,"N","N",,"condition OK","Y",,"Epler 2001","N","EcoAnalysts Inc.","G. Wallace",,,
"c0204f75-0cb2-4b07-b80c-f6536af76458","D05","LIRO","LIRO.AOS.buoy.c0","2020-06-11T15:13Z","2020-09-15","LIRO.20200611.PONAR.1","A00000202951","LIRO.20200611.PONAR.1_OLIGOCHAETE_1/1","OLISPP","Y","Oligochaeta spp.",,"subclass","Annelida","Clitellata","Oligochaeta","Oligochaeta",,,,,,,,,,,,"spp.",,,,,,100,,,,,"damaged, affecting taxonomy",,,"Kathman and Brinkhurst 1998","N","EcoAnalysts Inc.","L. Flaherty","fragments not identified",,
"1f159811-1f77-469b-9756-f9cbc177a98a","D05","LIRO","LIRO.AOS.riparian.point.03","2020-06-11T15:13Z","2020-09-15","LIRO.20200611.BENTHICSWEEP.3","A00000202940",,"PSESP19","Y","Psectrocladius sp.",,"genus","Arthropoda","Hexapoda","Insecta","Pterygota","Neoptera","Holometabola","Diptera","Nematocera","Culicomorpha",,"Chironomidae","Orthocladiinae",,,"Psectrocladius","sp.",,"larva",2,,1,34,3,"N","N",,"damaged, affecting measurement","Y",,"Epler 2001","N","EcoAnalysts Inc.","G. Wallace","Fragment measured.",,
"989ac8e6-97b7-44c6-bc16-79ff023cc8fe","D05","LIRO","LIRO.AOS.riparian.point.09","2020-06-11T15:13Z","2020-09-15","LIRO.20200611.BENTHICSWEEP.9","A00000202947",,"PARSP34","Y","Paratanytarsus sp.",,"genus","Arthropoda","Hexapoda","Insecta","Pterygota","Neoptera","Holometabola","Diptera","Nematocera","Culicomorpha",,"Chironomidae","Chironominae","Tanytarsini",,"Paratanytarsus","sp.",,"larva",1,,2,58,3,"N","N",,"condition OK","Y",,"Epler 2001","N","EcoAnalysts Inc.","G. Wallace",,,
"3231fb50-2a2c-48e6-a54e-9cdf5cd9fb4f","D05","LIRO","LIRO.AOS.littoral1","2020-06-11T15:13Z","2020-09-15","LIRO.20200611.PONAR.2","A00000202952",,"MOLSP5","Y","Molanna sp.",,"genus","Arthropoda","Hexapoda","Insecta","Pterygota","Neoptera","Holometabola","Trichoptera",,,"Leptoceroidea","Molannidae",,,,"Molanna","sp.",,"larva",17,,1,100,1,"N","N",,"damaged, affecting measurement","Y",,"Wiggins 1996","N","EcoAnalysts Inc.","A. Navesky","Fragment measured.-head to ab seg 2",,
"349fa0c8-49fd-42b0-ae5d-fbbd74a73e4c","D05","LIRO","LIRO.AOS.riparian.point.07","2020-06-11T15:13Z","2020-09-15","LIRO.20200611.BENTHICSWEEP.7","A00000202937",,"PARSP34","Y","Paratanytarsus sp.",,"genus","Arthropoda","Hexapoda","Insecta","Pterygota","Neoptera","Holometabola","Diptera","Nematocera","Culicomorpha",,"Chironomidae","Chironominae","Tanytarsini",,"Paratanytarsus","sp.",,"larva",2,,2,67,3,"N","N",,"damaged, affecting measurement","Y",,"Epler 2001","N","EcoAnalysts Inc.","G. Wallace","Fragment measured.",,
"568498c2-5bfb-4fd0-84e8-ac1ad0dffc8e","D05","LIRO","LIRO.AOS.riparian.point.07","2020-06-11T15:13Z","2020-09-15","LIRO.20200611.BENTHICSWEEP.7","A00000202937",,"PSESP19","Y","Psectrocladius sp.",,"genus","Arthropoda","Hexapoda","Insecta","Pterygota","Neoptera","Holometabola","Diptera","Nematocera","Culicomorpha",,"Chironomidae","Orthocladiinae",,,"Psectrocladius","sp.",,"larva",4,,4,67,6,"N","N",,"condition OK","Y",,"Epler 2001","N","EcoAnalysts Inc.","G. Wallace",,,
"033e66ba-60cc-4440-ac14-54e0d855e62e","D05","LIRO","LIRO.AOS.riparian.point.03","2020-06-11T15:13Z","2020-09-15","LIRO.20200611.BENTHICSWEEP.3","A00000202940",,"CHISP6","Y","Chironomini sp.",,"tribe","Arthropoda","Hexapoda","Insecta","Pterygota","Neoptera","Holometabola","Diptera","Nematocera","Culicomorpha",,"Chironomidae","Chironominae","Chironomini",,,"sp.",,"larva",1,,12,34,35,"Y","N",,"condition OK","N",,"Epler 2001","N","EcoAnalysts Inc.","G. Wallace",,,
"a4f9cdfb-31f5-4be4-abe8-30cf880950e6","D05","LIRO","LIRO.AOS.littoral2","2020-06-11T15:13Z","2020-09-15","LIRO.20200611.PONAR.3","A00000202953",,"PSESP19","Y","Psectrocladius sp.",,"genus","Arthropoda","Hexapoda","Insecta","Pterygota","Neoptera","Holometabola","Diptera","Nematocera","Culicomorpha",,"Chironomidae","Orthocladiinae",,,"Psectrocladius","sp.",,"larva",6,,2,41,5,"N","N",,"condition OK","Y",,"Epler 2001","N","EcoAnalysts Inc.","G. Wallace",,,
"6aa0f9f2-cb80-4f70-a7ed-90d4c396c2b8","D05","LIRO","LIRO.AOS.riparian.point.09","2020-06-11T15:13Z","2020-09-15","LIRO.20200611.BENTHICSWEEP.9","A00000202947",,"ABLSP","Y","Ablabesmyia sp.",,"genus","Arthropoda","Hexapoda","Insecta","Pterygota","Neoptera","Holometabola","Diptera","Nematocera","Culicomorpha",,"Chironomidae","Tanypodinae","Pentaneurini",,"Ablabesmyia","sp.",,"larva",3,,2,58,3,"N","Y",,"damaged, affecting measurement","Y",,"Roback 1985; Epler 2001","N","EcoAnalysts Inc.","G. Wallace","Fragment measured.; 3-segmented palps",,
"d929dfec-8993-4cc4-85a7-73e45e57c973","D05","LIRO","LIRO.AOS.riparian.point.01","2020-06-11T15:13Z","2020-09-14","LIRO.20200611.BENTHICSWEEP.1","A00000202950",,"CERSP10","Y","Ceratopogoninae sp.",,"subfamily","Arthropoda","Hexapoda","Insecta","Pterygota","Neoptera","Holometabola","Diptera","Nematocera","Culicomorpha",,"Ceratopogonidae","Ceratopogoninae",,,,"sp.",,"larva",6,,1,19,5,"N","Y",,"condition OK","Y",,"Merritt and Cummins 2008","N","EcoAnalysts Inc.","A. Navesky",,,
"40167494-2172-43d8-8062-1df72aa8d291","D05","LIRO","LIRO.AOS.riparian.point.05","2020-06-11T15:13Z","2020-09-15","LIRO.20200611.BENTHICSWEEP.5","A00000202939",,"CERSP10","Y","Ceratopogoninae sp.",,"subfamily","Arthropoda","Hexapoda","Insecta","Pterygota","Neoptera","Holometabola","Diptera","Nematocera","Culicomorpha",,"Ceratopogonidae","Ceratopogoninae",,,,"sp.",,"larva",2,,3,42,7,"N","Y",,"condition OK","Y",,"Merritt and Cummins 2008","N","EcoAnalysts Inc.","A. Navesky",,,
"5f6ddd06-44b0-449e-8932-c292f281f7c0","D05","LIRO","LIRO.AOS.riparian.point.09","2020-06-11T15:13Z","2020-09-15","LIRO.20200611.BENTHICSWEEP.9","A00000202947",,"CORSP19","Y","Corynoneura sp.",,"genus","Arthropoda","Hexapoda","Insecta","Pterygota","Neoptera","Holometabola","Diptera","Nematocera","Culicomorpha",,"Chironomidae","Orthocladiinae",,,"Corynoneura","sp.",,"larva",2,,5,58,9,"N","N",,"condition OK","Y",,"Epler 2001","N","EcoAnalysts Inc.","G. Wallace","1 super tiny",,
"1bed7745-c4dc-4ee5-ba63-c872088ea015","D05","LIRO","LIRO.AOS.riparian.point.03","2020-06-11T15:13Z","2020-09-15","LIRO.20200611.BENTHICSWEEP.3","A00000202940","LIRO.20200611.BENTHICSWEEP.3_OLIGOCHAETE_1/1","VEJCOM","Y","Vejdovskyella comata",,"species","Annelida","Clitellata","Oligochaeta","Oligochaeta",,,"Tubificida",,,,"Naididae","Naidinae",,,"Vejdovskyella","comata",,"none",1,,5,34,15,"N","N",,"condition OK","Y",,"Kathman and Brinkhurst 1998","N","EcoAnalysts Inc.","C. Fishel",,,
"f347b12f-535d-450a-a638-21869292d203","D05","LIRO","LIRO.AOS.buoy.c0","2020-06-11T15:13Z","2020-09-15","LIRO.20200611.PONAR.1","A00000202951",,"CHASP13","Y","Chaoborus sp.",,"genus","Arthropoda","Hexapoda","Insecta","Pterygota","Neoptera","Holometabola","Diptera","Nematocera","Culicomorpha",,"Chaoboridae","Chaoborinae",,,"Chaoborus","sp.",,"larva",13,,1,100,1,"N","N",,"condition OK","Y",,"Merritt Cummins and Berg 2008","Y","EcoAnalysts Inc.","A. Navesky",,,
"c3b62251-ce51-49e1-9c33-4c36a3c0e804","D05","LIRO","LIRO.AOS.littoral1","2020-06-11T15:13Z","2020-09-15","LIRO.20200611.PONAR.2","A00000202952",,"NEMSP","Y","Nematoda sp.",,"phylum","Nematoda",,,,,,,,,,,,,,,"sp.",,"none",2,,2,100,2,"N","Y",,"condition OK","Y",,"Thorp and Covich 2001","N","EcoAnalysts Inc.","A. Navesky",,,
"031a1bf1-3b55-4447-bb64-06aae428ea6d","D05","LIRO","LIRO.AOS.riparian.point.01","2020-06-11T15:13Z","2020-09-14","LIRO.20200611.BENTHICSWEEP.1","A00000202950",,"STESP8","Y","Stenochironomus sp.",,"genus","Arthropoda","Hexapoda","Insecta","Pterygota","Neoptera","Holometabola","Diptera","Nematocera","Culicomorpha",,"Chironomidae","Chironominae","Chironomini",,"Stenochironomus","sp.",,"larva",2,,1,19,5,"N","N",,"damaged, affecting measurement","Y",,"Epler 2001","N","EcoAnalysts Inc.","G. Wallace","Fragment measured.",,
"c368e2d5-54a5-48a2-a3e1-53871293e89c","D05","LIRO","LIRO.AOS.riparian.point.01","2020-06-11T15:13Z","2020-09-14","LIRO.20200611.BENTHICSWEEP.1","A00000202950",,"CAESP5","Y","Caenis sp.",,"genus","Arthropoda","Hexapoda","Insecta","Pterygota","Palaeoptera",,"Ephemeroptera","Furcatergalia","Pannota","Caenoidea","Caenidae","Caeninae",,,"Caenis","sp.",,"larva",3,,1,19,5,"N","N",,"damaged, affecting taxonomy","Y",,"Merritt and Cummins 2008","N","EcoAnalysts Inc.","A. Navesky","head and thorax only",,
"a1eca206-41e8-4033-85c2-dff5056fcfd7","D05","LIRO","LIRO.AOS.littoral2","2020-06-11T15:13Z","2020-09-15","LIRO.20200611.PONAR.3","A00000202953",,"PARSP25","Y","Parakiefferiella sp.",,"genus","Arthropoda","Hexapoda","Insecta","Pterygota","Neoptera","Holometabola","Diptera","Nematocera","Culicomorpha",,"Chironomidae","Orthocladiinae",,,"Parakiefferiella","sp.",,"pupa",1,,1,41,2,"N","N",,"condition OK","Y",,"Epler 2001","N","EcoAnalysts Inc.","G. Wallace",,,
"d629c36f-eb64-4c22-b365-e50eb819870e","D05","LIRO","LIRO.AOS.riparian.point.07","2020-06-11T15:13Z","2020-09-15","LIRO.20200611.BENTHICSWEEP.7","A00000202937",,"LARSP","Y","Larsia sp.",,"genus","Arthropoda","Hexapoda","Insecta","Pterygota","Neoptera","Holometabola","Diptera","Nematocera","Culicomorpha",,"Chironomidae","Tanypodinae","Pentaneurini",,"Larsia","sp.",,"larva",3,,1,67,1,"N","N",,"damaged, affecting measurement","Y",,"Epler 2001","N","EcoAnalysts Inc.","G. Wallace","Fragment measured.",,
"f794befb-eb42-4b52-9daa-ef3f063a2b05","D05","LIRO","LIRO.AOS.riparian.point.01","2020-06-11T15:13Z","2020-09-14","LIRO.20200611.BENTHICSWEEP.1","A00000202950",,"CHISP8","Y","Chironomus sp.",,"genus","Arthropoda","Hexapoda","Insecta","Pterygota","Neoptera","Holometabola","Diptera","Nematocera","Culicomorpha",,"Chironomidae","Chironominae","Chironomini",,"Chironomus","sp.",,"larva",2,,1,19,5,"N","N",,"condition OK","Y",,"Epler 2001","N","EcoAnalysts Inc.","G. Wallace",,,
"7aff2cf7-888a-44da-b9f5-21c336f6e1ed","D05","LIRO","LIRO.AOS.riparian.point.03","2020-06-11T15:13Z","2020-09-15","LIRO.20200611.BENTHICSWEEP.3","A00000202940",,"CRASP6","Y","Crangonyx sp.",,"genus","Arthropoda","Crustacea","Malacostraca","Eumalacostraca",,"Peracarida","Amphipoda","Gammaridea",,,"Crangonyctidae",,,,"Crangonyx","sp.",,"none",3,,1,34,3,"N","N",,"condition OK","Y",,"Thorp and Covich 2001","N","EcoAnalysts Inc.","A. Navesky",,,
"7694089f-e824-487a-9f8b-f525e27384a5","D05","LIRO","LIRO.AOS.riparian.point.05","2020-06-11T15:13Z","2020-09-15","LIRO.20200611.BENTHICSWEEP.5","A00000202939","LIRO.20200611.BENTHICSWEEP.5_OLIGOCHAETE_1/1","NAISP","Y","Naididae sp.",,"family","Annelida","Clitellata","Oligochaeta","Oligochaeta",,,"Tubificida",,,,"Naididae",,,,,"sp.",,"none",2,,2,42,5,"N","N",,"damaged, affecting taxonomy","Y",,"Kathman and Brinkhurst 1999","N","EcoAnalysts Inc.","C. Fishel",,,
"214fc9d0-2923-4591-86cd-09a6154e0a7a","D05","LIRO","LIRO.AOS.riparian.point.09","2020-06-11T15:13Z","2020-09-15","LIRO.20200611.BENTHICSWEEP.9","A00000202947",,"PSESP19","Y","Psectrocladius sp.",,"genus","Arthropoda","Hexapoda","Insecta","Pterygota","Neoptera","Holometabola","Diptera","Nematocera","Culicomorpha",,"Chironomidae","Orthocladiinae",,,"Psectrocladius","sp.",,"larva",1,,5,58,9,"N","N",,"damaged, affecting measurement","Y",,"Epler 2001","N","EcoAnalysts Inc.","G. Wallace","Fragment measured.",,
"2a863b64-e5d9-46b4-ac80-d0ad62574eca","D05","LIRO","LIRO.AOS.riparian.point.01","2020-06-11T15:13Z","2020-09-14","LIRO.20200611.BENTHICSWEEP.1","A00000202950",,"PSESP19","Y","Psectrocladius sp.",,"genus","Arthropoda","Hexapoda","Insecta","Pterygota","Neoptera","Holometabola","Diptera","Nematocera","Culicomorpha",,"Chironomidae","Orthocladiinae",,,"Psectrocladius","sp.",,"larva",4,,2,19,10,"N","N",,"condition OK","Y",,"Epler 2001","N","EcoAnalysts Inc.","G. Wallace",,,
"3b6807e0-5e78-45cc-81ec-c542ffb84ad0","D05","LIRO","LIRO.AOS.buoy.c0","2020-06-11T15:13Z","2020-09-15","LIRO.20200611.PONAR.1","A00000202951",,"DICSP7","Y","Dicrotendipes sp.",,"genus","Arthropoda","Hexapoda","Insecta","Pterygota","Neoptera","Holometabola","Diptera","Nematocera","Culicomorpha",,"Chironomidae","Chironominae","Chironomini",,"Dicrotendipes","sp.",,"larva",3,,1,100,1,"N","N",,"condition OK","Y",,"Epler 1987 1988 2001","Y","EcoAnalysts Inc.","G. Wallace",,,
"38fa160c-6b61-44c3-86c4-742b2b78b81a","D05","LIRO","LIRO.AOS.riparian.point.03","2020-06-11T15:13Z","2020-09-15","LIRO.20200611.BENTHICSWEEP.3","A00000202940",,"MICPED","Y","Microtendipes pedellus gr.",,"speciesGroup","Arthropoda","Hexapoda","Insecta","Pterygota","Neoptera","Holometabola","Diptera","Nematocera","Culicomorpha",,"Chironomidae","Chironominae","Chironomini",,"Microtendipes","pedellus gr.",,"larva",2,,1,34,3,"N","N",,"damaged, affecting measurement","Y",,"Epler 2001","N","EcoAnalysts Inc.","G. Wallace","Fragment measured.",,
"25088a3c-51a2-4147-a942-60e6dd8d075d","D05","LIRO","LIRO.AOS.buoy.c0","2020-06-11T15:13Z","2020-09-15","LIRO.20200611.PONAR.1","A00000202951",,"CHISP8","Y","Chironomus sp.",,"genus","Arthropoda","Hexapoda","Insecta","Pterygota","Neoptera","Holometabola","Diptera","Nematocera","Culicomorpha",,"Chironomidae","Chironominae","Chironomini",,"Chironomus","sp.",,"larva",15,,1,100,1,"N","N",,"condition OK","Y",,"Epler 2001","Y","EcoAnalysts Inc.","G. Wallace",,,
"d711b997-8be6-41b2-b495-5aa316efa70b","D05","LIRO","LIRO.AOS.riparian.point.01","2020-06-11T15:13Z","2020-09-14","LIRO.20200611.BENTHICSWEEP.1","A00000202950","LIRO.20200611.BENTHICSWEEP.1_OLIGOCHAETE_1/1","STYLAC","Y","Stylaria lacustris",,"species","Annelida","Clitellata","Oligochaeta","Oligochaeta",,,"Tubificida",,,,"Naididae","Naidinae",,,"Stylaria","lacustris",,"none",2,,4,19,21,"N","N",,"condition OK","Y",,"Kathman and Brinkhurst 1998","N","EcoAnalysts Inc.","C. Fishel",,,
"ca8d2ade-d467-456b-812c-ad6d1f85b418","D05","LIRO","LIRO.AOS.riparian.point.07","2020-06-11T15:13Z","2020-09-15","LIRO.20200611.BENTHICSWEEP.7","A00000202937",,"MYSSP2","Y","Mystacides sp.",,"genus","Arthropoda","Hexapoda","Insecta","Pterygota","Neoptera","Holometabola","Trichoptera",,,"Leptoceroidea","Leptoceridae","Leptocerinae","Mystacidini",,"Mystacides","sp.",,"larva",5,,1,67,1,"Y","N",,"condition OK","Y",,"Wiggins 1996","N","EcoAnalysts Inc.","A. Navesky",,,
"6ae64765-072b-4492-a5e4-ef6ee727df31","D05","LIRO","LIRO.AOS.riparian.point.03","2020-06-11T15:13Z","2020-09-15","LIRO.20200611.BENTHICSWEEP.3","A00000202940",,"ABLSP","Y","Ablabesmyia sp.",,"genus","Arthropoda","Hexapoda","Insecta","Pterygota","Neoptera","Holometabola","Diptera","Nematocera","Culicomorpha",,"Chironomidae","Tanypodinae","Pentaneurini",,"Ablabesmyia","sp.",,"larva",2,,2,34,6,"Y","N",,"condition OK","N",,"Roback 1985; Epler 2001","N","EcoAnalysts Inc.","G. Wallace",,,
"b22a7055-620d-4b99-8ca0-d6b8c9b84a18","D05","LIRO","LIRO.AOS.riparian.point.01","2020-06-11T15:13Z","2020-09-14","LIRO.20200611.BENTHICSWEEP.1","A00000202950",,"NEMSP","Y","Nematoda sp.",,"phylum","Nematoda",,,,,,,,,,,,,,,"sp.",,"none",2,,52,19,270,"N","Y",,"condition OK","Y",,"Thorp and Covich 2001","N","EcoAnalysts Inc.","A. Navesky",,,
"dbb6ba21-66ea-4de4-93bd-e2256e3b8bf8","D05","LIRO","LIRO.AOS.riparian.point.05","2020-06-11T15:13Z","2020-09-15","LIRO.20200611.BENTHICSWEEP.5","A00000202939",,"NANSP1","Y","Nanocladius sp.",,"genus","Arthropoda","Hexapoda","Insecta","Pterygota","Neoptera","Holometabola","Diptera","Nematocera","Culicomorpha",,"Chironomidae","Orthocladiinae",,,"Nanocladius","sp.",,"larva",3,,1,42,2,"N","N",,"condition OK","Y",,"Epler 2001","N","EcoAnalysts Inc.","G. Wallace",,,
"c0ba8a88-fd4b-4b70-b803-302d72523764","D05","LIRO","LIRO.AOS.riparian.point.01","2020-06-11T15:13Z","2020-09-14","LIRO.20200611.BENTHICSWEEP.1","A00000202950",,"LABSP","Y","Labrundinia sp.",,"genus","Arthropoda","Hexapoda","Insecta","Pterygota","Neoptera","Holometabola","Diptera","Nematocera","Culicomorpha",,"Chironomidae","Tanypodinae","Pentaneurini",,"Labrundinia","sp.",,"larva",4,,1,19,5,"N","N",,"condition OK","Y",,"Epler 2001","N","EcoAnalysts Inc.","G. Wallace",,,
"89d802ad-6a2b-4554-95b6-bb31d0b6216e","D05","LIRO","LIRO.AOS.riparian.point.05","2020-06-11T15:13Z","2020-09-15","LIRO.20200611.BENTHICSWEEP.5","A00000202939",,"CHISP8","Y","Chironomus sp.",,"genus","Arthropoda","Hexapoda","Insecta","Pterygota","Neoptera","Holometabola","Diptera","Nematocera","Culicomorpha",,"Chironomidae","Chironominae","Chironomini",,"Chironomus","sp.",,"larva",1,,1,42,2,"N","N",,"condition OK","Y",,"Epler 2001","N","EcoAnalysts Inc.","G. Wallace",,,
"2d58e84c-d147-4c64-bc03-d9946c2af0bb","D05","LIRO","LIRO.AOS.riparian.point.09","2020-06-11T15:13Z","2020-09-15","LIRO.20200611.BENTHICSWEEP.9","A00000202947",,"NEMSP","Y","Nematoda sp.",,"phylum","Nematoda",,,,,,,,,,,,,,,"sp.",,"none",1,,19,58,33,"N","Y",,"condition OK","Y",,"Thorp and Covich 2001","N","EcoAnalysts Inc.","A. Navesky",,,
"24db25d1-bde8-4f67-9ddf-5a6fb36d0c0a","D05","LIRO","LIRO.AOS.littoral2","2020-06-11T15:13Z","2020-09-15","LIRO.20200611.PONAR.3","A00000202953",,"CHISP8","Y","Chironomus sp.",,"genus","Arthropoda","Hexapoda","Insecta","Pterygota","Neoptera","Holometabola","Diptera","Nematocera","Culicomorpha",,"Chironomidae","Chironominae","Chironomini",,"Chironomus","sp.",,"larva",7,,1,41,2,"N","N",,"condition OK","Y",,"Epler 2001","N","EcoAnalysts Inc.","G. Wallace",,,
"8db1b9cf-cd46-4349-bcc4-c30c6394b774","D05","LIRO","LIRO.AOS.riparian.point.03","2020-06-11T15:13Z","2020-09-15","LIRO.20200611.BENTHICSWEEP.3","A00000202940","LIRO.20200611.BENTHICSWEEP.3_OLIGOCHAETE_1/1","NAISP","Y","Naididae sp.",,"family","Annelida","Clitellata","Oligochaeta","Oligochaeta",,,"Tubificida",,,,"Naididae",,,,,"sp.",,"none",1,,4,34,12,"N","N",,"damaged, affecting taxonomy","Y",,"Kathman and Brinkhurst 1999","N","EcoAnalysts Inc.","C. Fishel",,,
"62685741-b708-447e-80b1-df2499abe49b","D05","LIRO","LIRO.AOS.riparian.point.05","2020-06-11T15:13Z","2020-09-15","LIRO.20200611.BENTHICSWEEP.5","A00000202939",,"PISSP2","Y","Pisidiidae sp.",,"family","Mollusca",,"Bivalvia","Heterodonta",,,"Veneroida",,,"Corbiculoidea","Pisidiidae",,,,,"sp.",,"none",3,,1,42,2,"Y","N",,"condition OK","N",,"Thorp and Covich 2001","N","EcoAnalysts Inc.","A. Navesky",,,
"369129e3-6185-490f-ae77-7fecdf3472f8","D05","LIRO","LIRO.AOS.buoy.c0","2020-06-11T15:13Z","2020-09-15","LIRO.20200611.PONAR.1","A00000202951",,"CHISP8","Y","Chironomus sp.",,"genus","Arthropoda","Hexapoda","Insecta","Pterygota","Neoptera","Holometabola","Diptera","Nematocera","Culicomorpha",,"Chironomidae","Chironominae","Chironomini",,"Chironomus","sp.",,"larva",13,,2,100,2,"N","N",,"condition OK","Y",,"Epler 2001","Y","EcoAnalysts Inc.","G. Wallace",,,
"c7460c93-fc90-444d-8efa-c68f1788a251","D05","LIRO","LIRO.AOS.littoral2","2020-06-11T15:13Z","2020-09-15","LIRO.20200611.PONAR.3","A00000202953",,"ZAVMAR","Y","Zavreliella marmorata",,"species","Arthropoda","Hexapoda","Insecta","Pterygota","Neoptera","Holometabola","Diptera","Nematocera","Culicomorpha",,"Chironomidae","Chironominae","Tanytarsini",,"Zavreliella","marmorata",,"larva",2,,2,41,5,"N","N",,"condition OK","Y",,"Epler 2001","N","EcoAnalysts Inc.","G. Wallace",,,
"78271535-fb14-422a-86ec-0fa9450918b4","D05","LIRO","LIRO.AOS.riparian.point.05","2020-06-11T15:13Z","2020-09-15","LIRO.20200611.BENTHICSWEEP.5","A00000202939",,"PARSP34","Y","Paratanytarsus sp.",,"genus","Arthropoda","Hexapoda","Insecta","Pterygota","Neoptera","Holometabola","Diptera","Nematocera","Culicomorpha",,"Chironomidae","Chironominae","Tanytarsini",,"Paratanytarsus","sp.",,"larva",2,,2,42,5,"N","N",,"condition OK","Y",,"Epler 2001","N","EcoAnalysts Inc.","G. Wallace",,,
"8da67215-2733-4445-8758-bf1f44fdfc66","D05","LIRO","LIRO.AOS.littoral2","2020-06-11T15:13Z","2020-09-15","LIRO.20200611.PONAR.3","A00000202953",,"CORSP1","Y","Corbiculoidea sp.",,"superfamily","Mollusca",,"Bivalvia","Heterodonta",,,"Veneroida",,,"Corbiculoidea",,,,,,"sp.",,"none",2,,1,41,2,"N","N",,"damaged, affecting taxonomy","N",,"Mackie 2007","N","EcoAnalysts Inc.","A. Navesky","missing shell",,
"ee57531e-7564-4c7e-9493-0294b592d061","D05","LIRO","LIRO.AOS.littoral2","2020-06-11T15:13Z","2020-09-15","LIRO.20200611.PONAR.3","A00000202953",,"HALSP1","Y","Halacaridae sp.",,"family","Arthropoda","Chelicerata","Arachnida","Acari",,"Acariformes","Trombidiformes","Prostigmata",,"Halacaroidea","Halacaridae",,,,,"sp.",,"none",1,,1,41,2,"N","N",,"condition OK","Y",,"Thorp and Covich 2001","N","EcoAnalysts Inc.","A. Navesky",,,
"24cd7963-a00d-4659-80b5-624e6dc1b199","D05","LIRO","LIRO.AOS.riparian.point.05","2020-06-11T15:13Z","2020-09-15","LIRO.20200611.BENTHICSWEEP.5","A00000202939",,"LARSP","Y","Larsia sp.",,"genus","Arthropoda","Hexapoda","Insecta","Pterygota","Neoptera","Holometabola","Diptera","Nematocera","Culicomorpha",,"Chironomidae","Tanypodinae","Pentaneurini",,"Larsia","sp.",,"larva",3,,1,42,2,"N","N",,"condition OK","Y",,"Epler 2001","N","EcoAnalysts Inc.","G. Wallace",,,
"ccf1a05b-9e70-47c8-88f4-29af4153af4f","D05","LIRO","LIRO.AOS.riparian.point.03","2020-06-11T15:13Z","2020-09-15","LIRO.20200611.BENTHICSWEEP.3","A00000202940",,"CERSP10","Y","Ceratopogoninae sp.",,"subfamily","Arthropoda","Hexapoda","Insecta","Pterygota","Neoptera","Holometabola","Diptera","Nematocera","Culicomorpha",,"Ceratopogonidae","Ceratopogoninae",,,,"sp.",,"larva",2,,1,34,3,"N","Y",,"condition OK","Y",,"Merritt and Cummins 2008","N","EcoAnalysts Inc.","A. Navesky",,,
"e2a7dee0-0bd8-474b-b43d-25732781b991","D05","LIRO","LIRO.AOS.riparian.point.01","2020-06-11T15:13Z","2020-09-14","LIRO.20200611.BENTHICSWEEP.1","A00000202950",,"STESP8","Y","Stenochironomus sp.",,"genus","Arthropoda","Hexapoda","Insecta","Pterygota","Neoptera","Holometabola","Diptera","Nematocera","Culicomorpha",,"Chironomidae","Chironominae","Chironomini",,"Stenochironomus","sp.",,"larva",4,,1,19,5,"N","N",,"damaged, affecting measurement","Y",,"Epler 2001","N","EcoAnalysts Inc.","G. Wallace","Fragment measured.",,
"3757bc29-4d3d-417c-a181-41e59dab3893","D05","LIRO","LIRO.AOS.riparian.point.01","2020-06-11T15:13Z","2020-09-14","LIRO.20200611.BENTHICSWEEP.1","A00000202950",,"CHISP6","Y","Chironomini sp.",,"tribe","Arthropoda","Hexapoda","Insecta","Pterygota","Neoptera","Holometabola","Diptera","Nematocera","Culicomorpha",,"Chironomidae","Chironominae","Chironomini",,,"sp.",,"larva",1,,11,19,57,"Y","N",,"condition OK","N",,"Epler 2001","N","EcoAnalysts Inc.","G. Wallace",,,
"5aaa75e1-9ecb-4201-bb1c-f486165f9637","D05","LIRO","LIRO.AOS.littoral2","2020-06-11T15:13Z","2020-09-15","LIRO.20200611.PONAR.3","A00000202953",,"PROSP23","Y","Procladius sp.",,"genus","Arthropoda","Hexapoda","Insecta","Pterygota","Neoptera","Holometabola","Diptera","Nematocera","Culicomorpha",,"Chironomidae","Tanypodinae","Procladiini",,"Procladius","sp.",,"larva",2,,30,41,74,"N","N",,"condition OK","Y",,"Epler 2001","N","EcoAnalysts Inc.","G. Wallace",,,
"79f63b9d-7bb3-42c9-b90d-d82dadc45320","D05","LIRO","LIRO.AOS.riparian.point.03","2020-06-11T15:13Z","2020-09-15","LIRO.20200611.BENTHICSWEEP.3","A00000202940",,"POLILL","Y","Polypedilum illinoense gr.",,"speciesGroup","Arthropoda","Hexapoda","Insecta","Pterygota","Neoptera","Holometabola","Diptera","Nematocera","Culicomorpha",,"Chironomidae","Chironominae","Chironomini",,"Polypedilum","illinoense gr.",,"larva",1,,1,34,3,"N","N",,"condition OK","Y",,"Epler 2001 and Maschwitz and Cook 2000","N","EcoAnalysts Inc.","G. Wallace",,,
"3a2c6e4f-8c5f-43db-bc08-2eaa4cc5a307","D05","LIRO","LIRO.AOS.littoral2","2020-06-11T15:13Z","2020-09-15","LIRO.20200611.PONAR.3","A00000202953",,"PSESP19","Y","Psectrocladius sp.",,"genus","Arthropoda","Hexapoda","Insecta","Pterygota","Neoptera","Holometabola","Diptera","Nematocera","Culicomorpha",,"Chironomidae","Orthocladiinae",,,"Psectrocladius","sp.",,"larva",3,,2,41,5,"N","N",,"damaged, affecting measurement","Y",,"Epler 2001","N","EcoAnalysts Inc.","G. Wallace","Fragment measured.",,
"a44979e7-f3d2-4e16-af6d-0824978c80f9","D05","LIRO","LIRO.AOS.riparian.point.09","2020-06-11T15:13Z","2020-09-15","LIRO.20200611.BENTHICSWEEP.9","A00000202947",,"ORTSP1","Y","Orthocladiinae sp.",,"subfamily","Arthropoda","Hexapoda","Insecta","Pterygota","Neoptera","Holometabola","Diptera","Nematocera","Culicomorpha",,"Chironomidae","Orthocladiinae",,,,"sp.",,"larva",1,,9,58,15,"Y","N",,"condition OK","N",,"Epler 2001","N","EcoAnalysts Inc.","G. Wallace",,,
"3e53e6b8-f443-4dfc-aa4c-4aa259b6c720","D05","LIRO","LIRO.AOS.riparian.point.03","2020-06-11T15:13Z","2020-09-15","LIRO.20200611.BENTHICSWEEP.3","A00000202940",,"CHISP8","Y","Chironomus sp.",,"genus","Arthropoda","Hexapoda","Insecta","Pterygota","Neoptera","Holometabola","Diptera","Nematocera","Culicomorpha",,"Chironomidae","Chironominae","Chironomini",,"Chironomus","sp.",,"larva",2,,1,34,3,"N","N",,"damaged, affecting measurement","Y",,"Epler 2001","N","EcoAnalysts Inc.","G. Wallace","Fragment measured.",,
"26305a05-ae0e-4369-b8d8-1c858bdd6742","D05","LIRO","LIRO.AOS.riparian.point.07","2020-06-11T15:13Z","2020-09-15","LIRO.20200611.BENTHICSWEEP.7","A00000202937",,"FERSP","Y","Ferrissia sp.",,"genus","Mollusca",,"Gastropoda",,,,"Basommatophora",,,,"Ancylidae",,,,"Ferrissia","sp.",,"none",4,,1,67,1,"N","N",,"condition OK","Y",,"Thorp and Covich 2001","N","EcoAnalysts Inc.","A. Navesky",,,
"b53c72f0-cb54-49e5-ab2d-4ae087a70e7d","D05","LIRO","LIRO.AOS.riparian.point.09","2020-06-11T15:13Z","2020-09-15","LIRO.20200611.BENTHICSWEEP.9","A00000202947",,"POLTRI2","Y","Polypedilum tritum",,"species","Arthropoda","Hexapoda","Insecta","Pterygota","Neoptera","Holometabola","Diptera","Nematocera","Culicomorpha",,"Chironomidae","Chironominae","Chironomini",,"Polypedilum","tritum",,"pupa",4,,1,58,2,"N","N",,"condition OK","Y",,"Epler 2001 and Maschwitz and Cook 2000","N","EcoAnalysts Inc.","G. Wallace",,,
"6a446adf-744f-4280-8ca3-0ab69a4d4875","D05","LIRO","LIRO.AOS.riparian.point.07","2020-06-11T15:13Z","2020-09-15","LIRO.20200611.BENTHICSWEEP.7","A00000202937",,"CERSP10","Y","Ceratopogoninae sp.",,"subfamily","Arthropoda","Hexapoda","Insecta","Pterygota","Neoptera","Holometabola","Diptera","Nematocera","Culicomorpha",,"Ceratopogonidae","Ceratopogoninae",,,,"sp.",,"larva",2,,1,67,1,"N","Y",,"condition OK","Y",,"Merritt and Cummins 2008","N","EcoAnalysts Inc.","A. Navesky",,,
"54b700f1-b65a-49e1-8c70-5620a319f626","D05","LIRO","LIRO.AOS.riparian.point.03","2020-06-11T15:13Z","2020-09-15","LIRO.20200611.BENTHICSWEEP.3","A00000202940",,"CERSP10","Y","Ceratopogoninae sp.",,"subfamily","Arthropoda","Hexapoda","Insecta","Pterygota","Neoptera","Holometabola","Diptera","Nematocera","Culicomorpha",,"Ceratopogonidae","Ceratopogoninae",,,,"sp.",,"larva",4,,2,34,6,"N","Y",,"condition OK","Y",,"Merritt and Cummins 2008","N","EcoAnalysts Inc.","A. Navesky",,,
"e252ff46-d961-4b61-bce4-b8be86ef7121","D05","LIRO","LIRO.AOS.littoral2","2020-06-11T15:13Z","2020-09-15","LIRO.20200611.PONAR.3","A00000202953",,"NEMSP","Y","Nematoda sp.",,"phylum","Nematoda",,,,,,,,,,,,,,,"sp.",,"none",6,,1,41,2,"N","Y",,"condition OK","Y",,"Thorp and Covich 2001","N","EcoAnalysts Inc.","A. Navesky",,,
"21f5fa9c-c1ee-477c-8866-cf709361a212","D05","LIRO","LIRO.AOS.riparian.point.05","2020-06-11T15:13Z","2020-09-15","LIRO.20200611.BENTHICSWEEP.5","A00000202939",,"PISSP2","Y","Pisidiidae sp.",,"family","Mollusca",,"Bivalvia","Heterodonta",,,"Veneroida",,,"Corbiculoidea","Pisidiidae",,,,,"sp.",,"none",2,,2,42,5,"Y","N",,"condition OK","N",,"Thorp and Covich 2001","N","EcoAnalysts Inc.","A. Navesky",,,
"ddbbb2df-6d60-46db-b600-46370d94284e","D05","LIRO","LIRO.AOS.riparian.point.03","2020-06-11T15:13Z","2020-09-15","LIRO.20200611.BENTHICSWEEP.3","A00000202940",,"OMISP","Y","Omisus sp.",,"genus","Arthropoda","Hexapoda","Insecta","Pterygota","Neoptera","Holometabola","Diptera","Nematocera","Culicomorpha",,"Chironomidae","Chironominae","Chironomini",,"Omisus","sp.",,"larva",9,,1,34,3,"N","N",,"condition OK","Y",,"Epler 2001","N","EcoAnalysts Inc.","G. Wallace",,,
"d032b790-ac8b-4a4d-988e-14739fd77086","D05","LIRO","LIRO.AOS.riparian.point.07","2020-06-11T15:13Z","2020-09-15","LIRO.20200611.BENTHICSWEEP.7","A00000202937",,"PROSP23","Y","Procladius sp.",,"genus","Arthropoda","Hexapoda","Insecta","Pterygota","Neoptera","Holometabola","Diptera","Nematocera","Culicomorpha",,"Chironomidae","Tanypodinae","Procladiini",,"Procladius","sp.",,"larva",2,,2,67,3,"N","N",,"condition OK","Y",,"Epler 2001","N","EcoAnalysts Inc.","G. Wallace",,,
"31f9ff26-e3ae-4004-a7ea-dd106e6966bb","D05","LIRO","LIRO.AOS.riparian.point.07","2020-06-11T15:13Z","2020-09-15","LIRO.20200611.BENTHICSWEEP.7","A00000202937",,"PSESP19","Y","Psectrocladius sp.",,"genus","Arthropoda","Hexapoda","Insecta","Pterygota","Neoptera","Holometabola","Diptera","Nematocera","Culicomorpha",,"Chironomidae","Orthocladiinae",,,"Psectrocladius","sp.",,"larva",2,,3,67,4,"N","N",,"condition OK","Y",,"Epler 2001","N","EcoAnalysts Inc.","G. Wallace",,,
"67971088-72b2-4b19-a43d-c2f588d8097e","D05","LIRO","LIRO.AOS.riparian.point.01","2020-06-11T15:13Z","2020-09-14","LIRO.20200611.BENTHICSWEEP.1","A00000202950",,"STESP8","Y","Stenochironomus sp.",,"genus","Arthropoda","Hexapoda","Insecta","Pterygota","Neoptera","Holometabola","Diptera","Nematocera","Culicomorpha",,"Chironomidae","Chironominae","Chironomini",,"Stenochironomus","sp.",,"larva",1,,2,19,10,"N","N",,"damaged, affecting measurement","Y",,"Epler 2001","N","EcoAnalysts Inc.","G. Wallace","Fragment measured.",,
"89e871f7-81f7-442b-8d23-d38d5422bb11","D05","LIRO","LIRO.AOS.littoral2","2020-06-11T15:13Z","2020-09-15","LIRO.20200611.PONAR.3","A00000202953",,"POLHAL","Y","Polypedilum halterale gr.",,"speciesGroup","Arthropoda","Hexapoda","Insecta","Pterygota","Neoptera","Holometabola","Diptera","Nematocera","Culicomorpha",,"Chironomidae","Chironominae","Chironomini",,"Polypedilum","halterale gr.",,"larva",4,,1,41,2,"N","N",,"condition OK","Y",,"Epler 2001 and Maschwitz and Cook 2000","N","EcoAnalysts Inc.","G. Wallace",,,
"b44d3226-3952-4bb7-a5c8-86c2ef8e0a72","D05","LIRO","LIRO.AOS.riparian.point.07","2020-06-11T15:13Z","2020-09-15","LIRO.20200611.BENTHICSWEEP.7","A00000202937",,"CHISP8","Y","Chironomus sp.",,"genus","Arthropoda","Hexapoda","Insecta","Pterygota","Neoptera","Holometabola","Diptera","Nematocera","Culicomorpha",,"Chironomidae","Chironominae","Chironomini",,"Chironomus","sp.",,"larva",2,,1,67,1,"N","N",,"condition OK","Y",,"Epler 2001","N","EcoAnalysts Inc.","G. Wallace",,,
"b982c05b-6286-4650-ac75-8ac547612151","D05","LIRO","LIRO.AOS.riparian.point.03","2020-06-11T15:13Z","2020-09-15","LIRO.20200611.BENTHICSWEEP.3","A00000202940",,"CAELAT","Y","Caenis latipennis",,"species","Arthropoda","Hexapoda","Insecta","Pterygota","Palaeoptera",,"Ephemeroptera","Furcatergalia","Pannota","Caenoidea","Caenidae","Caeninae",,,"Caenis","latipennis",,"larva",6,,1,34,3,"N","N",,"condition OK","Y",,"Provonsha 1990","N","EcoAnalysts Inc.","A. Navesky",,,
"3bd80b8a-82b0-4c8c-b203-04b4bb722897","D05","LIRO","LIRO.AOS.riparian.point.05","2020-06-11T15:13Z","2020-09-15","LIRO.20200611.BENTHICSWEEP.5","A00000202939",,"TANSP11","Y","Tanytarsus sp.",,"genus","Arthropoda","Hexapoda","Insecta","Pterygota","Neoptera","Holometabola","Diptera","Nematocera","Culicomorpha",,"Chironomidae","Chironominae","Tanytarsini",,"Tanytarsus","sp.",,"larva",1,,27,42,65,"N","N",,"condition OK","Y",,"Epler 2001","N","EcoAnalysts Inc.","G. Wallace",,,
"0c456dbb-03f8-488d-9fd0-552b6b0a17ce","D05","LIRO","LIRO.AOS.riparian.point.03","2020-06-11T15:13Z","2020-09-15","LIRO.20200611.BENTHICSWEEP.3","A00000202940",,"NANSP1","Y","Nanocladius sp.",,"genus","Arthropoda","Hexapoda","Insecta","Pterygota","Neoptera","Holometabola","Diptera","Nematocera","Culicomorpha",,"Chironomidae","Orthocladiinae",,,"Nanocladius","sp.",,"larva",2,,1,34,3,"N","N",,"condition OK","Y",,"Epler 2001","N","EcoAnalysts Inc.","G. Wallace",,,
"48b5a280-c106-4680-b8d8-705ec0e503d7","D05","LIRO","LIRO.AOS.riparian.point.09","2020-06-11T15:13Z","2020-09-15","LIRO.20200611.BENTHICSWEEP.9","A00000202947",,"PSESP19","Y","Psectrocladius sp.",,"genus","Arthropoda","Hexapoda","Insecta","Pterygota","Neoptera","Holometabola","Diptera","Nematocera","Culicomorpha",,"Chironomidae","Orthocladiinae",,,"Psectrocladius","sp.",,"larva",3,,1,58,2,"N","N",,"damaged, affecting measurement","Y",,"Epler 2001","N","EcoAnalysts Inc.","G. Wallace","Fragment measured.",,
"2f9f86f2-2e3f-40e4-84a2-7482d6359db7","D05","LIRO","LIRO.AOS.riparian.point.01","2020-06-11T15:13Z","2020-09-14","LIRO.20200611.BENTHICSWEEP.1","A00000202950",,"NEMSP","Y","Nematoda sp.",,"phylum","Nematoda",,,,,,,,,,,,,,,"sp.",,"none",1,,27,19,140,"N","Y",,"condition OK","Y",,"Thorp and Covich 2001","N","EcoAnalysts Inc.","A. Navesky",,,
"a91ae50c-41d7-441d-978d-3090c5a07aef","D05","LIRO","LIRO.AOS.riparian.point.03","2020-06-11T15:13Z","2020-09-15","LIRO.20200611.BENTHICSWEEP.3","A00000202940",,"PARSP34","Y","Paratanytarsus sp.",,"genus","Arthropoda","Hexapoda","Insecta","Pterygota","Neoptera","Holometabola","Diptera","Nematocera","Culicomorpha",,"Chironomidae","Chironominae","Tanytarsini",,"Paratanytarsus","sp.",,"larva",1,,3,34,9,"N","N",,"condition OK","Y",,"Epler 2001","N","EcoAnalysts Inc.","G. Wallace",,,
"cfa3a0ae-6f30-4379-b802-e4e96b47258d","D05","LIRO","LIRO.AOS.riparian.point.09","2020-06-11T15:13Z","2020-09-15","LIRO.20200611.BENTHICSWEEP.9","A00000202947",,"FERSP","Y","Ferrissia sp.",,"genus","Mollusca",,"Gastropoda",,,,"Basommatophora",,,,"Ancylidae",,,,"Ferrissia","sp.",,"none",3,,1,58,2,"N","N",,"condition OK","Y",,"Thorp and Covich 2001","N","EcoAnalysts Inc.","A. Navesky",,,
"aed64e32-af91-4370-bb43-8c399c20a581","D05","LIRO","LIRO.AOS.riparian.point.09","2020-06-11T15:13Z","2020-09-15","LIRO.20200611.BENTHICSWEEP.9","A00000202947",,"CORSP19","Y","Corynoneura sp.",,"genus","Arthropoda","Hexapoda","Insecta","Pterygota","Neoptera","Holometabola","Diptera","Nematocera","Culicomorpha",,"Chironomidae","Orthocladiinae",,,"Corynoneura","sp.",,"larva",1,,3,58,5,"N","N",,"condition OK","Y",,"Epler 2001","N","EcoAnalysts Inc.","G. Wallace","1 super tiny",,
"84987309-b44b-4adb-b0ef-1fd81e44cf89","D05","LIRO","LIRO.AOS.riparian.point.01","2020-06-11T15:13Z","2020-09-14","LIRO.20200611.BENTHICSWEEP.1","A00000202950",,"STESP8","Y","Stenochironomus sp.",,"genus","Arthropoda","Hexapoda","Insecta","Pterygota","Neoptera","Holometabola","Diptera","Nematocera","Culicomorpha",,"Chironomidae","Chironominae","Chironomini",,"Stenochironomus","sp.",,"larva",10,,1,19,5,"N","N",,"condition OK","Y",,"Epler 2001","N","EcoAnalysts Inc.","G. Wallace",,,
"90679e98-bf41-4b47-8856-46acb8394aac","D05","LIRO","LIRO.AOS.riparian.point.09","2020-06-11T15:13Z","2020-09-15","LIRO.20200611.BENTHICSWEEP.9","A00000202947",,"POLSP12","Y","Polycentropus sp.",,"genus","Arthropoda","Hexapoda","Insecta","Pterygota","Neoptera","Holometabola","Trichoptera",,,"Hydropsychoidea","Polycentropodidae","Polycentropodinae",,,"Polycentropus","sp.",,"larva",9,,1,58,2,"N","N",,"condition OK","Y",,"Wiggins 1996","N","EcoAnalysts Inc.","A. Navesky",,,
"315e8152-17b2-461e-988e-fe1043299a5d","D05","LIRO","LIRO.AOS.riparian.point.07","2020-06-11T15:13Z","2020-09-15","LIRO.20200611.BENTHICSWEEP.7","A00000202937",,"CRISP2","Y","Cricotopus sp.",,"genus","Arthropoda","Hexapoda","Insecta","Pterygota","Neoptera","Holometabola","Diptera","Nematocera","Culicomorpha",,"Chironomidae","Orthocladiinae",,,"Cricotopus","sp.",,"larva",2,,3,67,4,"N","N",,"condition OK","Y",,"Epler 2001","N","EcoAnalysts Inc.","G. Wallace",,,
"254b2d0b-d36f-4b89-8d2e-7bae9611077f","D05","LIRO","LIRO.AOS.riparian.point.07","2020-06-11T15:13Z","2020-09-15","LIRO.20200611.BENTHICSWEEP.7","A00000202937",,"POLNUB","Y","Polypedilum nubeculosum",,"species","Arthropoda","Hexapoda","Insecta","Pterygota","Neoptera","Holometabola","Diptera","Nematocera","Culicomorpha",,"Chironomidae","Chironominae","Chironomini",,"Polypedilum","nubeculosum",,"larva",4,,2,67,3,"N","N",,"condition OK","Y",,"Epler 2001 and Maschwitz and Cook 2000","N","EcoAnalysts Inc.","G. Wallace",,,
"19c79028-ebf1-483a-8ff4-258583b0d91e","D05","LIRO","LIRO.AOS.riparian.point.07","2020-06-11T15:13Z","2020-09-15","LIRO.20200611.BENTHICSWEEP.7","A00000202937",,"TANSP11","Y","Tanytarsus sp.",,"genus","Arthropoda","Hexapoda","Insecta","Pterygota","Neoptera","Holometabola","Diptera","Nematocera","Culicomorpha",,"Chironomidae","Chironominae","Tanytarsini",,"Tanytarsus","sp.",,"larva",3,,1,67,1,"N","N",,"condition OK","Y",,"Epler 2001","N","EcoAnalysts Inc.","G. Wallace",,,
"5d279eec-7d5b-4643-b4a6-6f6f2baa1254","D05","LIRO","LIRO.AOS.riparian.point.07","2020-06-11T15:13Z","2020-09-15","LIRO.20200611.BENTHICSWEEP.7","A00000202937",,"CRASP6","Y","Crangonyx sp.",,"genus","Arthropoda","Crustacea","Malacostraca","Eumalacostraca",,"Peracarida","Amphipoda","Gammaridea",,,"Crangonyctidae",,,,"Crangonyx","sp.",,"none",3,,1,67,1,"N","N",,"condition OK","Y",,"Thorp and Covich 2001","N","EcoAnalysts Inc.","A. Navesky",,,
"f64dad89-f72d-48f1-8f40-b93814493097","D05","LIRO","LIRO.AOS.riparian.point.01","2020-06-11T15:13Z","2020-09-14","LIRO.20200611.BENTHICSWEEP.1","A00000202950",,"ZAVMAR","Y","Zavreliella marmorata",,"species","Arthropoda","Hexapoda","Insecta","Pterygota","Neoptera","Holometabola","Diptera","Nematocera","Culicomorpha",,"Chironomidae","Chironominae","Tanytarsini",,"Zavreliella","marmorata",,"larva",3,,1,19,5,"N","N",,"condition OK","Y",,"Epler 2001","N","EcoAnalysts Inc.","G. Wallace",,,
"effd673b-dc85-4860-b421-593e2b065ac8","D05","LIRO","LIRO.AOS.riparian.point.09","2020-06-11T15:13Z","2020-09-15","LIRO.20200611.BENTHICSWEEP.9","A00000202947",,"PROSP23","Y","Procladius sp.",,"genus","Arthropoda","Hexapoda","Insecta","Pterygota","Neoptera","Holometabola","Diptera","Nematocera","Culicomorpha",,"Chironomidae","Tanypodinae","Procladiini",,"Procladius","sp.",,"larva",1,,1,58,2,"N","N",,"condition OK","Y",,"Epler 2001","N","EcoAnalysts Inc.","G. Wallace",,,
"501b1d13-0662-4207-a472-25c99a0e767d","D05","LIRO","LIRO.AOS.riparian.point.01","2020-06-11T15:13Z","2020-09-14","LIRO.20200611.BENTHICSWEEP.1","A00000202950",,"LAEFUS","Y","Laevapex fuscus",,"species","Mollusca",,"Gastropoda",,,,"Basommatophora",,,,"Ancylidae",,,,"Laevapex","fuscus",,"none",4,,1,19,5,"N","N",,"condition OK","Y",,"Thorp and Covich 2001","N","EcoAnalysts Inc.","A. Navesky",,,
"0c91bdff-da2a-4913-96f7-7e777a55fc78","D05","LIRO","LIRO.AOS.riparian.point.09","2020-06-11T15:13Z","2020-09-15","LIRO.20200611.BENTHICSWEEP.9","A00000202947",,"TANSP11","Y","Tanytarsus sp.",,"genus","Arthropoda","Hexapoda","Insecta","Pterygota","Neoptera","Holometabola","Diptera","Nematocera","Culicomorpha",,"Chironomidae","Chironominae","Tanytarsini",,"Tanytarsus","sp.",,"larva",1,,28,58,48,"N","N",,"condition OK","Y",,"Epler 2001","N","EcoAnalysts Inc.","G. Wallace",,,
"a718493d-f134-4184-bb6b-a44c61e92c62","D05","LIRO","LIRO.AOS.riparian.point.07","2020-06-11T15:13Z","2020-09-15","LIRO.20200611.BENTHICSWEEP.7","A00000202937",,"ENDSP","Y","Endochironomus sp.",,"genus","Arthropoda","Hexapoda","Insecta","Pterygota","Neoptera","Holometabola","Diptera","Nematocera","Culicomorpha",,"Chironomidae","Chironominae","Chironomini",,"Endochironomus","sp.",,"larva",2,,1,67,1,"N","N",,"condition OK","Y",,"Epler 2001","N","EcoAnalysts Inc.","G. Wallace",,,
"092f5bd0-29fe-4dbb-aebf-d9c180d2e02f","D05","LIRO","LIRO.AOS.littoral2","2020-06-11T15:13Z","2020-09-15","LIRO.20200611.PONAR.3","A00000202953",,"PSESP19","Y","Psectrocladius sp.",,"genus","Arthropoda","Hexapoda","Insecta","Pterygota","Neoptera","Holometabola","Diptera","Nematocera","Culicomorpha",,"Chironomidae","Orthocladiinae",,,"Psectrocladius","sp.",,"larva",3,,3,41,7,"N","N",,"condition OK","Y",,"Epler 2001","N","EcoAnalysts Inc.","G. Wallace",,,
"f3cc933e-80ad-4b3b-89d4-fa8c50fe24c4","D05","LIRO","LIRO.AOS.riparian.point.01","2020-06-11T15:13Z","2020-09-14","LIRO.20200611.BENTHICSWEEP.1","A00000202950",,"CORSP19","Y","Corynoneura sp.",,"genus","Arthropoda","Hexapoda","Insecta","Pterygota","Neoptera","Holometabola","Diptera","Nematocera","Culicomorpha",,"Chironomidae","Orthocladiinae",,,"Corynoneura","sp.",,"larva",2,,2,19,10,"N","N",,"condition OK","Y",,"Epler 2001","N","EcoAnalysts Inc.","G. Wallace",,,
"d6dd9003-1905-4388-9f29-d6272e3a778b","D05","LIRO","LIRO.AOS.littoral2","2020-06-11T15:13Z","2020-09-15","LIRO.20200611.PONAR.3","A00000202953",,"MICPED","Y","Microtendipes pedellus gr.",,"speciesGroup","Arthropoda","Hexapoda","Insecta","Pterygota","Neoptera","Holometabola","Diptera","Nematocera","Culicomorpha",,"Chironomidae","Chironominae","Chironomini",,"Microtendipes","pedellus gr.",,"larva",1,,1,41,2,"N","N",,"condition OK","Y",,"Epler 2001","N","EcoAnalysts Inc.","G. Wallace",,,
"733fdf8e-2629-4e47-87f1-b263baa4f240","D05","LIRO","LIRO.AOS.riparian.point.01","2020-06-11T15:13Z","2020-09-14","LIRO.20200611.BENTHICSWEEP.1","A00000202950",,"PENSP6","Y","Pentaneurini sp.",,"tribe","Arthropoda","Hexapoda","Insecta","Pterygota","Neoptera","Holometabola","Diptera","Nematocera","Culicomorpha",,"Chironomidae","Tanypodinae","Pentaneurini",,,"sp.",,"larva",1,,4,19,21,"Y","N",,"condition OK","N",,"Epler 2001","N","EcoAnalysts Inc.","G. Wallace",,,
"dfeb4733-5ba2-4a2b-8f47-6c4aabb25167","D05","LIRO","LIRO.AOS.littoral2","2020-06-11T15:13Z","2020-09-15","LIRO.20200611.PONAR.3","A00000202953",,"CHISP6","Y","Chironomini sp.",,"tribe","Arthropoda","Hexapoda","Insecta","Pterygota","Neoptera","Holometabola","Diptera","Nematocera","Culicomorpha",,"Chironomidae","Chironominae","Chironomini",,,"sp.",,"pupa",3,,1,41,2,"Y","N",,"damaged, affecting taxonomy and measurement","N",,"Epler 2001","N","EcoAnalysts Inc.","G. Wallace","Fragment measured.",,
"91fb6301-f275-4be4-a98e-46e87acc15fa","D05","LIRO","LIRO.AOS.riparian.point.01","2020-06-11T15:13Z","2020-09-14","LIRO.20200611.BENTHICSWEEP.1","A00000202950",,"LABSP","Y","Labrundinia sp.",,"genus","Arthropoda","Hexapoda","Insecta","Pterygota","Neoptera","Holometabola","Diptera","Nematocera","Culicomorpha",,"Chironomidae","Tanypodinae","Pentaneurini",,"Labrundinia","sp.",,"larva",3,,2,19,10,"N","N",,"condition OK","Y",,"Epler 2001","N","EcoAnalysts Inc.","G. Wallace",,,
"1486f355-1e60-418c-8b2e-31f4e3b010e6","D05","LIRO","LIRO.AOS.riparian.point.01","2020-06-11T15:13Z","2020-09-14","LIRO.20200611.BENTHICSWEEP.1","A00000202950","LIRO.20200611.BENTHICSWEEP.1_OLIGOCHAETE_1/1","NAISP","Y","Naididae sp.",,"family","Annelida","Clitellata","Oligochaeta","Oligochaeta",,,"Tubificida",,,,"Naididae",,,,,"sp.",,"none",2,,2,19,10,"N","N",,"condition OK","Y",,"Kathman and Brinkhurst 1999","N","EcoAnalysts Inc.","C. Fishel",,,
"d5c6bd3d-5986-4cf3-8803-4b3bd578f296","D05","LIRO","LIRO.AOS.riparian.point.01","2020-06-11T15:13Z","2020-09-14","LIRO.20200611.BENTHICSWEEP.1","A00000202950",,"ABLSP","Y","Ablabesmyia sp.",,"genus","Arthropoda","Hexapoda","Insecta","Pterygota","Neoptera","Holometabola","Diptera","Nematocera","Culicomorpha",,"Chironomidae","Tanypodinae","Pentaneurini",,"Ablabesmyia","sp.",,"larva",2,,3,19,16,"Y","N",,"condition OK","N",,"Roback 1985; Epler 2001","N","EcoAnalysts Inc.","G. Wallace",,,
"8943d8ba-e9f4-4f8c-ae7b-102f29f1701b","D05","LIRO","LIRO.AOS.riparian.point.05","2020-06-11T15:13Z","2020-09-15","LIRO.20200611.BENTHICSWEEP.5","A00000202939",,"ABLSP","Y","Ablabesmyia sp.","(Karelia)","genus","Arthropoda","Hexapoda","Insecta","Pterygota","Neoptera","Holometabola","Diptera","Nematocera","Culicomorpha",,"Chironomidae","Tanypodinae","Pentaneurini",,"Ablabesmyia","sp.",,"larva",6,,4,42,10,"N","N",,"condition OK","Y",,"Epler 2001","N","EcoAnalysts Inc.","G. Wallace",,,
"08e09f3c-5e0d-4b96-a95b-7dd965c50a78","D05","LIRO","LIRO.AOS.riparian.point.09","2020-06-11T15:13Z","2020-09-15","LIRO.20200611.BENTHICSWEEP.9","A00000202947",,"ACASP1","Y","Acari sp.",,"subclass","Arthropoda","Chelicerata","Arachnida","Acari",,,,,,,,,,,,"sp.",,"none",1,,1,58,2,"N","N",,"damaged, affecting taxonomy","Y",,"Thorp and Covich 2001","N","EcoAnalysts Inc.","A. Navesky",,,
"b746de58-a864-4bd0-84a6-29699d7bbbdf","D05","LIRO","LIRO.AOS.riparian.point.07","2020-06-11T15:13Z","2020-09-15","LIRO.20200611.BENTHICSWEEP.7","A00000202937",,"CORSP19","Y","Corynoneura sp.",,"genus","Arthropoda","Hexapoda","Insecta","Pterygota","Neoptera","Holometabola","Diptera","Nematocera","Culicomorpha",,"Chironomidae","Orthocladiinae",,,"Corynoneura","sp.",,"pupa",2,,1,67,1,"N","N",,"condition OK","Y",,"Epler 2001","N","EcoAnalysts Inc.","G. Wallace",,,
"123e212c-80c6-4969-8601-e36aa5defe49","D05","LIRO","LIRO.AOS.riparian.point.09","2020-06-11T15:13Z","2020-09-15","LIRO.20200611.BENTHICSWEEP.9","A00000202947",,"PSESP19","Y","Psectrocladius sp.",,"genus","Arthropoda","Hexapoda","Insecta","Pterygota","Neoptera","Holometabola","Diptera","Nematocera","Culicomorpha",,"Chironomidae","Orthocladiinae",,,"Psectrocladius","sp.",,"larva",4,,5,58,9,"N","N",,"condition OK","Y",,"Epler 2001","N","EcoAnalysts Inc.","G. Wallace",,,
"511b5ff5-fb44-4902-9309-99fc16de950c","D05","LIRO","LIRO.AOS.riparian.point.03","2020-06-11T15:13Z","2020-09-15","LIRO.20200611.BENTHICSWEEP.3","A00000202940",,"CAESP5","Y","Caenis sp.",,"genus","Arthropoda","Hexapoda","Insecta","Pterygota","Palaeoptera",,"Ephemeroptera","Furcatergalia","Pannota","Caenoidea","Caenidae","Caeninae",,,"Caenis","sp.",,"larva",5,,3,34,9,"Y","N",,"condition OK","N",,"Merritt and Cummins 2008","N","EcoAnalysts Inc.","A. Navesky",,,
"4088898b-4898-465d-ab8f-04f1e6e3cd9c","D05","LIRO","LIRO.AOS.riparian.point.01","2020-06-11T15:13Z","2020-09-14","LIRO.20200611.BENTHICSWEEP.1","A00000202950",,"AESSP","Y","Aeshnidae sp.",,"family","Arthropoda","Hexapoda","Insecta","Pterygota","Palaeoptera",,"Odonata","Anisoptera",,,"Aeshnidae",,,,,"sp.",,"larva",4,,1,19,5,"Y","N",,"condition OK","Y",,"Needham Westfall and May 2000","N","EcoAnalysts Inc.","A. Navesky",,,
"c4cf3bc2-a564-4d6e-bce0-661a0908d822","D05","LIRO","LIRO.AOS.riparian.point.09","2020-06-11T15:13Z","2020-09-15","LIRO.20200611.BENTHICSWEEP.9","A00000202947",,"POLSP12","Y","Polycentropus sp.",,"genus","Arthropoda","Hexapoda","Insecta","Pterygota","Neoptera","Holometabola","Trichoptera",,,"Hydropsychoidea","Polycentropodidae","Polycentropodinae",,,"Polycentropus","sp.",,"larva",10,,1,58,2,"N","N",,"condition OK","Y",,"Wiggins 1996","N","EcoAnalysts Inc.","A. Navesky",,,
"5930d8a0-112c-40ec-8345-67d2c3480f6e","D05","LIRO","LIRO.AOS.riparian.point.01","2020-06-11T15:13Z","2020-09-14","LIRO.20200611.BENTHICSWEEP.1","A00000202950","LIRO.20200611.BENTHICSWEEP.1_OLIGOCHAETE_1/1","STYLAC","Y","Stylaria lacustris",,"species","Annelida","Clitellata","Oligochaeta","Oligochaeta",,,"Tubificida",,,,"Naididae","Naidinae",,,"Stylaria","lacustris",,"none",1,,2,19,10,"N","N",,"condition OK","Y",,"Kathman and Brinkhurst 1998","N","EcoAnalysts Inc.","C. Fishel",,,
"3ca95d11-8dc8-42ad-8b4d-906ceb9f45e0","D05","LIRO","LIRO.AOS.riparian.point.09","2020-06-11T15:13Z","2020-09-15","LIRO.20200611.BENTHICSWEEP.9","A00000202947",,"HYDSP21","Y","Hydra sp.",,"genus","Cnidaria","Medusozoa","Hydrozoa","Hydroidolina",,,"Anthoathecatae","Capitata",,,"Hydridae",,,,"Hydra","sp.",,"none",1,,2,58,3,"N","N",,"condition OK","Y",,"Thorp and Covich 2001","N","EcoAnalysts Inc.","A. Navesky",,,
"544fa1f7-2c1e-4e2f-8e9c-135c923119a5","D05","LIRO","LIRO.AOS.littoral2","2020-06-11T15:13Z","2020-09-15","LIRO.20200611.PONAR.3","A00000202953",,"PSESP19","Y","Psectrocladius sp.",,"genus","Arthropoda","Hexapoda","Insecta","Pterygota","Neoptera","Holometabola","Diptera","Nematocera","Culicomorpha",,"Chironomidae","Orthocladiinae",,,"Psectrocladius","sp.",,"larva",5,,1,41,2,"N","N",,"condition OK","Y",,"Epler 2001","N","EcoAnalysts Inc.","G. Wallace",,,
"5bdda5be-eb8b-48a3-9b32-3e03b73ba855","D05","LIRO","LIRO.AOS.riparian.point.09","2020-06-11T15:13Z","2020-09-15","LIRO.20200611.BENTHICSWEEP.9","A00000202947",,"CAESP5","Y","Caenis sp.",,"genus","Arthropoda","Hexapoda","Insecta","Pterygota","Palaeoptera",,"Ephemeroptera","Furcatergalia","Pannota","Caenoidea","Caenidae","Caeninae",,,"Caenis","sp.",,"larva",4,,2,58,3,"Y","N",,"condition OK","Y",,"Merritt and Cummins 2008","N","EcoAnalysts Inc.","A. Navesky","maybe C latipennis",,
"31227b75-3cd5-4301-a181-c5d0fc49d9cf","D05","LIRO","LIRO.AOS.riparian.point.05","2020-06-11T15:13Z","2020-09-15","LIRO.20200611.BENTHICSWEEP.5","A00000202939",,"NANSP1","Y","Nanocladius sp.",,"genus","Arthropoda","Hexapoda","Insecta","Pterygota","Neoptera","Holometabola","Diptera","Nematocera","Culicomorpha",,"Chironomidae","Orthocladiinae",,,"Nanocladius","sp.",,"larva",2,,1,42,2,"N","N",,"condition OK","Y",,"Epler 2001","N","EcoAnalysts Inc.","G. Wallace",,,
"cfcec2b3-a046-45f8-ad46-9307de6ae063","D05","LIRO","LIRO.AOS.riparian.point.09","2020-06-11T15:13Z","2020-09-15","LIRO.20200611.BENTHICSWEEP.9","A00000202947",,"CAESP5","Y","Caenis sp.",,"genus","Arthropoda","Hexapoda","Insecta","Pterygota","Palaeoptera",,"Ephemeroptera","Furcatergalia","Pannota","Caenoidea","Caenidae","Caeninae",,,"Caenis","sp.",,"larva",2,,1,58,2,"Y","N",,"condition OK","Y",,"Merritt and Cummins 2008","N","EcoAnalysts Inc.","A. Navesky","maybe C latipennis",,
"eba6b78d-94bb-416a-819a-41c2a2c5b080","D05","LIRO","LIRO.AOS.littoral2","2020-06-11T15:13Z","2020-09-15","LIRO.20200611.PONAR.3","A00000202953",,"UNISP4","Y","Unionicola sp.",,"genus","Arthropoda","Chelicerata","Arachnida","Acari",,"Acariformes","Trombidiformes","Prostigmata",,"Hygrobatoidea","Unionicolidae",,,,"Unionicola","sp.",,"none",1,,1,41,2,"N","N",,"condition OK","Y",,"Thorp and Covich 2001","N","EcoAnalysts Inc.","A. Navesky",,,
"e612de7b-47a7-445b-9034-1d76b62ac5b6","D05","LIRO","LIRO.AOS.riparian.point.05","2020-06-11T15:13Z","2020-09-15","LIRO.20200611.BENTHICSWEEP.5","A00000202939",,"LIMSP5","Y","Limnephilidae sp.",,"family","Arthropoda","Hexapoda","Insecta","Pterygota","Neoptera","Holometabola","Trichoptera",,,"Limnephiloidea","Limnephilidae",,,,,"sp.",,"larva",14,,1,42,2,"N","Y",,"condition OK","Y",,"Wiggins 1996","N","EcoAnalysts Inc.","A. Navesky","maybe Limnephilus or Chilostigma",,
"70ca147d-0b96-4181-894a-2874fbb2062f","D05","LIRO","LIRO.AOS.riparian.point.07","2020-06-11T15:13Z","2020-09-15","LIRO.20200611.BENTHICSWEEP.7","A00000202937",,"ABLSP","Y","Ablabesmyia sp.",,"genus","Arthropoda","Hexapoda","Insecta","Pterygota","Neoptera","Holometabola","Diptera","Nematocera","Culicomorpha",,"Chironomidae","Tanypodinae","Pentaneurini",,"Ablabesmyia","sp.",,"larva",1,,1,67,1,"N","Y",,"damaged, affecting measurement","Y",,"Roback 1985; Epler 2001","N","EcoAnalysts Inc.","G. Wallace","Fragment measured.; 3-segmented palps",,
"dd0285da-4918-4dfd-8b5f-0d15a03dd62c","D05","LIRO","LIRO.AOS.riparian.point.03","2020-06-11T15:13Z","2020-09-15","LIRO.20200611.BENTHICSWEEP.3","A00000202940",,"CAESP5","Y","Caenis sp.",,"genus","Arthropoda","Hexapoda","Insecta","Pterygota","Palaeoptera",,"Ephemeroptera","Furcatergalia","Pannota","Caenoidea","Caenidae","Caeninae",,,"Caenis","sp.",,"larva",4,,1,34,3,"Y","N",,"condition OK","N",,"Merritt and Cummins 2008","N","EcoAnalysts Inc.","A. Navesky",,,
"056de295-14ab-4f71-bfac-39ad3cb823f9","D05","LIRO","LIRO.AOS.riparian.point.07","2020-06-11T15:13Z","2020-09-15","LIRO.20200611.BENTHICSWEEP.7","A00000202937",,"ABLSP","Y","Ablabesmyia sp.",,"genus","Arthropoda","Hexapoda","Insecta","Pterygota","Neoptera","Holometabola","Diptera","Nematocera","Culicomorpha",,"Chironomidae","Tanypodinae","Pentaneurini",,"Ablabesmyia","sp.",,"larva",5,,2,67,3,"N","Y",,"condition OK","Y",,"Roback 1985; Epler 2001","N","EcoAnalysts Inc.","G. Wallace","3-segmented palps",,
"c0a39f6c-65a6-46a6-9d5e-8f9abd4bce7c","D05","LIRO","LIRO.AOS.riparian.point.01","2020-06-11T15:13Z","2020-09-14","LIRO.20200611.BENTHICSWEEP.1","A00000202950",,"NANSP1","Y","Nanocladius sp.",,"genus","Arthropoda","Hexapoda","Insecta","Pterygota","Neoptera","Holometabola","Diptera","Nematocera","Culicomorpha",,"Chironomidae","Orthocladiinae",,,"Nanocladius","sp.",,"larva",2,,1,19,5,"N","N",,"condition OK","Y",,"Epler 2001","N","EcoAnalysts Inc.","G. Wallace",,,
"7914fb1b-5649-44b3-a6e1-4a77b3d82017","D05","LIRO","LIRO.AOS.littoral2","2020-06-11T15:13Z","2020-09-15","LIRO.20200611.PONAR.3","A00000202953","LIRO.20200611.PONAR.3_OLIGOCHAETE_1/1","NAISP","Y","Naididae sp.","w/ cap setae","family","Annelida","Clitellata","Oligochaeta","Oligochaeta",,,"Tubificida",,,,"Naididae",,,,,"sp.",,"none",3,,2,41,5,"Y","N",,"condition OK","Y",,"Kathman and Brinkhurst 1999","N","EcoAnalysts Inc.","C. Fishel",,,
"04b34632-4826-4a83-806d-1558bbe70951","D05","LIRO","LIRO.AOS.riparian.point.05","2020-06-11T15:13Z","2020-09-15","LIRO.20200611.BENTHICSWEEP.5","A00000202939",,"CHISP8","Y","Chironomus sp.",,"genus","Arthropoda","Hexapoda","Insecta","Pterygota","Neoptera","Holometabola","Diptera","Nematocera","Culicomorpha",,"Chironomidae","Chironominae","Chironomini",,"Chironomus","sp.",,"larva",1,,1,42,2,"N","N",,"damaged, affecting measurement","Y",,"Epler 2001","N","EcoAnalysts Inc.","G. Wallace","Fragment measured.",,
"61d2c84c-12ce-4a89-a141-30ec174c582b","D05","LIRO","LIRO.AOS.riparian.point.05","2020-06-11T15:13Z","2020-09-15","LIRO.20200611.BENTHICSWEEP.5","A00000202939",,"DASSP2","Y","Dasyhelea sp.",,"genus","Arthropoda","Hexapoda","Insecta","Pterygota","Neoptera","Holometabola","Diptera","Nematocera","Culicomorpha",,"Ceratopogonidae","Dasyheleinae",,,"Dasyhelea","sp.",,"larva",4,,1,42,2,"N","N",,"condition OK","Y",,"Merritt and Cummins 2008","N","EcoAnalysts Inc.","A. Navesky",,,
"cca832af-4711-4e31-a5ba-b6ebdd00831f","D05","LIRO","LIRO.AOS.riparian.point.07","2020-06-11T15:13Z","2020-09-15","LIRO.20200611.BENTHICSWEEP.7","A00000202937",,"NEMSP","Y","Nematoda sp.",,"phylum","Nematoda",,,,,,,,,,,,,,,"sp.",,"none",11,,1,67,1,"N","Y",,"condition OK","Y",,"Thorp and Covich 2001","N","EcoAnalysts Inc.","A. Navesky",,,
"830dfe26-14d8-4720-9235-70da1451231b","D05","LIRO","LIRO.AOS.riparian.point.01","2020-06-11T15:13Z","2020-09-14","LIRO.20200611.BENTHICSWEEP.1","A00000202950","LIRO.20200611.BENTHICSWEEP.1_OLIGOCHAETE_1/1","VEJCOM","Y","Vejdovskyella comata",,"species","Annelida","Clitellata","Oligochaeta","Oligochaeta",,,"Tubificida",,,,"Naididae","Naidinae",,,"Vejdovskyella","comata",,"none",1,,36,19,187,"N","N",,"condition OK","Y",,"Kathman and Brinkhurst 1998","N","EcoAnalysts Inc.","C. Fishel",,,
"a3d85dbd-6bd2-4b18-8086-91a4876420ff","D05","LIRO","LIRO.AOS.riparian.point.07","2020-06-11T15:13Z","2020-09-15","LIRO.20200611.BENTHICSWEEP.7","A00000202937","LIRO.20200611.BENTHICSWEEP.7_OLIGOCHAETE_1/1","NAISP","Y","Naididae sp.",,"family","Annelida","Clitellata","Oligochaeta","Oligochaeta",,,"Tubificida",,,,"Naididae",,,,,"sp.",,"none",1,,1,67,1,"N","N",,"damaged, affecting taxonomy","Y",,"Kathman and Brinkhurst 1999","N","EcoAnalysts Inc.","C. Fishel",,,
"e7b6812c-5332-41e6-8326-c7f50c23f591","D05","LIRO","LIRO.AOS.buoy.c0","2020-06-11T15:13Z","2020-09-15","LIRO.20200611.PONAR.1","A00000202951",,"CHISP8","Y","Chironomus sp.",,"genus","Arthropoda","Hexapoda","Insecta","Pterygota","Neoptera","Holometabola","Diptera","Nematocera","Culicomorpha",,"Chironomidae","Chironominae","Chironomini",,"Chironomus","sp.",,"larva",9,,1,100,1,"N","N",,"damaged, affecting measurement","Y",,"Epler 2001","Y","EcoAnalysts Inc.","G. Wallace","Fragment measured.",,
"a5c2251a-5f80-40b7-8e6c-9259b8f44e23","D05","LIRO","LIRO.AOS.riparian.point.07","2020-06-11T15:13Z","2020-09-15","LIRO.20200611.BENTHICSWEEP.7","A00000202937",,"ENDSP","Y","Endochironomus sp.",,"genus","Arthropoda","Hexapoda","Insecta","Pterygota","Neoptera","Holometabola","Diptera","Nematocera","Culicomorpha",,"Chironomidae","Chironominae","Chironomini",,"Endochironomus","sp.",,"larva",1,,1,67,1,"N","N",,"condition OK","Y",,"Epler 2001","N","EcoAnalysts Inc.","G. Wallace",,,
"c60ffeca-c5d9-4d64-8166-0fd73ba5809a","D05","LIRO","LIRO.AOS.riparian.point.07","2020-06-11T15:13Z","2020-09-15","LIRO.20200611.BENTHICSWEEP.7","A00000202937",,"HYDSP21","Y","Hydra sp.",,"genus","Cnidaria","Medusozoa","Hydrozoa","Hydroidolina",,,"Anthoathecatae","Capitata",,,"Hydridae",,,,"Hydra","sp.",,"none",1,,3,67,4,"N","N",,"condition OK","Y",,"Thorp and Covich 2001","N","EcoAnalysts Inc.","A. Navesky",,,
"e09d8166-844e-43d0-820c-4536007cbf5b","D05","LIRO","LIRO.AOS.riparian.point.05","2020-06-11T15:13Z","2020-09-15","LIRO.20200611.BENTHICSWEEP.5","A00000202939",,"CORSP19","Y","Corynoneura sp.",,"genus","Arthropoda","Hexapoda","Insecta","Pterygota","Neoptera","Holometabola","Diptera","Nematocera","Culicomorpha",,"Chironomidae","Orthocladiinae",,,"Corynoneura","sp.",,"larva",1,,3,42,7,"N","N",,"condition OK","Y",,"Epler 2001","N","EcoAnalysts Inc.","G. Wallace",,,
"8274dd49-93ce-483d-96dc-2523790c0da3","D05","LIRO","LIRO.AOS.buoy.c0","2020-06-11T15:13Z","2020-09-15","LIRO.20200611.PONAR.1","A00000202951",,"CHISP8","Y","Chironomus sp.",,"genus","Arthropoda","Hexapoda","Insecta","Pterygota","Neoptera","Holometabola","Diptera","Nematocera","Culicomorpha",,"Chironomidae","Chironominae","Chironomini",,"Chironomus","sp.",,"larva",10,,2,100,2,"N","N",,"condition OK","Y",,"Epler 2001","Y","EcoAnalysts Inc.","G. Wallace",,,
"78b90997-a15a-440f-80b9-d24090acb23b","D05","LIRO","LIRO.AOS.riparian.point.03","2020-06-11T15:13Z","2020-09-15","LIRO.20200611.BENTHICSWEEP.3","A00000202940",,"OXYSP","Y","Oxyethira sp.",,"genus","Arthropoda","Hexapoda","Insecta","Pterygota","Neoptera","Holometabola","Trichoptera",,,"Hydroptiloidea","Hydroptilidae","Hydroptilinae","Hydroptilini",,"Oxyethira","sp.",,"larva",1,,1,34,3,"N","N",,"condition OK","Y",,"Wiggins 1996","N","EcoAnalysts Inc.","A. Navesky",,,
"8196ae18-4b2a-4ec5-b518-806b055d4d72","D05","LIRO","LIRO.AOS.riparian.point.03","2020-06-11T15:13Z","2020-09-15","LIRO.20200611.BENTHICSWEEP.3","A00000202940",,"LABSP","Y","Labrundinia sp.",,"genus","Arthropoda","Hexapoda","Insecta","Pterygota","Neoptera","Holometabola","Diptera","Nematocera","Culicomorpha",,"Chironomidae","Tanypodinae","Pentaneurini",,"Labrundinia","sp.",,"larva",1,,1,34,3,"N","N",,"damaged, affecting measurement","Y",,"Epler 2001","N","EcoAnalysts Inc.","G. Wallace","Fragment measured.; very small",,
"cf6b2e69-2dd4-4923-ba9e-d6ef0481abb6","D05","LIRO","LIRO.AOS.riparian.point.01","2020-06-11T15:13Z","2020-09-14","LIRO.20200611.BENTHICSWEEP.1","A00000202950",,"PSESP19","Y","Psectrocladius sp.",,"genus","Arthropoda","Hexapoda","Insecta","Pterygota","Neoptera","Holometabola","Diptera","Nematocera","Culicomorpha",,"Chironomidae","Orthocladiinae",,,"Psectrocladius","sp.",,"larva",1,,2,19,10,"N","N",,"condition OK","Y",,"Epler 2001","N","EcoAnalysts Inc.","G. Wallace",,,
"b5640286-4f82-4502-b421-3f5a2a5e4975","D05","LIRO","LIRO.AOS.riparian.point.09","2020-06-11T15:13Z","2020-09-15","LIRO.20200611.BENTHICSWEEP.9","A00000202947",,"LARSP","Y","Larsia sp.",,"genus","Arthropoda","Hexapoda","Insecta","Pterygota","Neoptera","Holometabola","Diptera","Nematocera","Culicomorpha",,"Chironomidae","Tanypodinae","Pentaneurini",,"Larsia","sp.",,"larva",2,,5,58,9,"N","N",,"condition OK","Y",,"Epler 2001","N","EcoAnalysts Inc.","G. Wallace",,,
"c86b9d9a-961e-454b-9a46-f72e813fd900","D05","LIRO","LIRO.AOS.riparian.point.07","2020-06-11T15:13Z","2020-09-15","LIRO.20200611.BENTHICSWEEP.7","A00000202937",,"TANSP11","Y","Tanytarsus sp.",,"genus","Arthropoda","Hexapoda","Insecta","Pterygota","Neoptera","Holometabola","Diptera","Nematocera","Culicomorpha",,"Chironomidae","Chironominae","Tanytarsini",,"Tanytarsus","sp.",,"larva",2,,8,67,12,"N","N",,"condition OK","Y",,"Epler 2001","N","EcoAnalysts Inc.","G. Wallace",,,
"2955e24e-8904-48d1-aa1d-f7ed75e19d9a","D05","LIRO","LIRO.AOS.riparian.point.05","2020-06-11T15:13Z","2020-09-15","LIRO.20200611.BENTHICSWEEP.5","A00000202939",,"PARSP34","Y","Paratanytarsus sp.",,"genus","Arthropoda","Hexapoda","Insecta","Pterygota","Neoptera","Holometabola","Diptera","Nematocera","Culicomorpha",,"Chironomidae","Chironominae","Tanytarsini",,"Paratanytarsus","sp.",,"larva",1,,1,42,2,"N","N",,"condition OK","Y",,"Epler 2001","N","EcoAnalysts Inc.","G. Wallace",,,
"1f2f5dbb-a8a0-4535-bcb9-b7a93dcd5bc0","D05","LIRO","LIRO.AOS.littoral2","2020-06-11T15:13Z","2020-09-15","LIRO.20200611.PONAR.3","A00000202953",,"CHISP8","Y","Chironomus sp.",,"genus","Arthropoda","Hexapoda","Insecta","Pterygota","Neoptera","Holometabola","Diptera","Nematocera","Culicomorpha",,"Chironomidae","Chironominae","Chironomini",,"Chironomus","sp.",,"larva",4,,1,41,2,"N","N",,"condition OK","Y",,"Epler 2001","N","EcoAnalysts Inc.","G. Wallace",,,
"e0f94db3-ffaa-4934-b59a-235efcf3027f","D05","LIRO","LIRO.AOS.riparian.point.03","2020-06-11T15:13Z","2020-09-15","LIRO.20200611.BENTHICSWEEP.3","A00000202940",,"LARSP","Y","Larsia sp.",,"genus","Arthropoda","Hexapoda","Insecta","Pterygota","Neoptera","Holometabola","Diptera","Nematocera","Culicomorpha",,"Chironomidae","Tanypodinae","Pentaneurini",,"Larsia","sp.",,"pupa",2,,1,34,3,"N","N",,"damaged, affecting measurement","Y",,"Epler 2001","N","EcoAnalysts Inc.","G. Wallace","Fragment measured.",,
"b42830cd-bd87-4c52-9a11-cdb92e7b9c6a","D05","LIRO","LIRO.AOS.riparian.point.05","2020-06-11T15:13Z","2020-09-15","LIRO.20200611.BENTHICSWEEP.5","A00000202939",,"CERSP10","Y","Ceratopogoninae sp.",,"subfamily","Arthropoda","Hexapoda","Insecta","Pterygota","Neoptera","Holometabola","Diptera","Nematocera","Culicomorpha",,"Ceratopogonidae","Ceratopogoninae",,,,"sp.",,"larva",4,,3,42,7,"N","Y",,"condition OK","Y",,"Merritt and Cummins 2008","N","EcoAnalysts Inc.","A. Navesky",,,
"24177a3a-e7f4-4b2c-9804-02c753ae82aa","D05","LIRO","LIRO.AOS.buoy.c0","2020-06-11T15:13Z","2020-09-15","LIRO.20200611.PONAR.1","A00000202951",,"NEMSP","Y","Nematoda sp.",,"phylum","Nematoda",,,,,,,,,,,,,,,"sp.",,"none",3,,1,100,1,"N","Y",,"condition OK","Y",,"Thorp and Covich 2001","Y","EcoAnalysts Inc.","A. Navesky",,,
