uid,domainID,siteID,namedLocation,collectDate,identifiedDate,sampleID,sampleCode,slideID,acceptedTaxonID,targetTaxaPresent,scientificName,morphospeciesID,taxonRank,phylum,subphylum,class,subclass,infraclass,superorder,order,suborder,infraorder,superfamily,family,subfamily,tribe,subtribe,genus,specificEpithet,infraspecificEpithet,invertebrateLifeStage,sizeClass,sizeCategory,individualCount,subsamplePercent,estimatedTotalCount,immatureSpecimen,indeterminateSpecies,taxonRankQualifier,sampleCondition,distinctTaxon,identificationQualifier,identificationReferences,qcChecked,laboratoryName,identifiedBy,identificationRemarks,identificationHistoryID,dataQF
"f362755f-64d4-4eb7-bb27-60e68c57e91f","D04","CUPE","CUPE.AOS.reach","2018-01-23T11:21Z","2018-07-25","CUPE.20180123.SURBER.2",,,"TANSP8","Y","Tanytarsini sp.",,"tribe","Arthropoda","Hexapoda","Insecta","Pterygota","Neoptera","Holometabola","Diptera","Nematocera","Culicomorpha",,"Chironomidae","Chironominae","Tanytarsini",,,"sp.",,"larva",1,,1,100,1,"N","N",,"condition OK","Y",,"Epler 2001","N","EcoAnalysts Inc.","W. Hoiland",,,
"9a9d32e3-9d8b-4657-b690-e8cb98475be1","D04","CUPE","CUPE.AOS.reach","2018-01-23T11:21Z","2018-07-02","CUPE.20180123.SURBER.2",,,"ATOTRI","Y","Atopsyche trifida",,"species","Arthropoda","Hexapoda","Insecta","Pterygota","Neoptera","Holometabola","Trichoptera",,,"Rhyacophiloidea","Hydrobiosidae","Hydrobiosinae","Hydrobiosini",,"Atopsyche","trifida",,"larva",3,,2,100,2,"N","N",,"condition OK","Y",,"Flint 1964","N","EcoAnalysts Inc.","K. Guild",,,
"cbbb922b-d123-461e-b936-a96365c8b17e","D04","CUPE","CUPE.AOS.reach","2018-01-23T11:21Z","2018-07-24","CUPE.20180123.SURBER.2",,,"POLHAL","Y","Polypedilum halterale gr.",,"speciesGroup","Arthropoda","Hexapoda","Insecta","Pterygota","Neoptera","Holometabola","Diptera","Nematocera","Culicomorpha",,"Chironomidae","Chironominae","Chironomini",,"Polypedilum","halterale gr.",,"larva",3,,1,100,1,"N","N",,"condition OK","Y",,"Epler 2001, and Maschwitz and Cook 2000","N","EcoAnalysts Inc.","W. Hoiland",,,
"f68b7e2a-4213-46c0-ab63-69278520e601","D04","CUPE","CUPE.AOS.reach","2018-01-23T11:21Z","2018-07-02","CUPE.20180123.SURBER.5",,,"NEOSP27","Y","Neoelmis sp.",,"genus","Arthropoda","Hexapoda","Insecta","Pterygota","Neoptera","Holometabola","Coleoptera","Polyphaga","Elateriformia","Byrrhoidea","Elmidae","Elminae","Elmini",,"Neoelmis","sp.",,"adult",2,,1,100,1,"N","N",,"condition OK","Y",,"Manzo 2005 & 2013","N","EcoAnalysts Inc.","K. Guild",,,
"7f377b9a-932c-4a85-9b3a-f7e37225dd47","D04","CUPE","CUPE.AOS.reach","2018-01-23T11:21Z","2018-07-03","CUPE.20180123.SURBER.7",,,"NEOSP27","Y","Neoelmis sp.",,"genus","Arthropoda","Hexapoda","Insecta","Pterygota","Neoptera","Holometabola","Coleoptera","Polyphaga","Elateriformia","Byrrhoidea","Elmidae","Elminae","Elmini",,"Neoelmis","sp.",,"larva",1,,3,100,3,"N","N",,"condition OK","Y",,"Manzo 2005 & 2013","Y","EcoAnalysts Inc.","K. Guild",,,
"a950e792-470c-4582-8b3d-1f2851cb913b","D04","CUPE","CUPE.AOS.reach","2018-01-23T11:21Z","2018-07-24","CUPE.20180123.SURBER.2",,,"CRISP6","Y","Cricotopus/Orthocladius sp.",,"speciesGroup","Arthropoda","Hexapoda","Insecta","Pterygota","Neoptera","Holometabola","Diptera","Nematocera","Culicomorpha",,"Chironomidae","Orthocladiinae",,,"Cricotopus/Orthocladius","sp.",,"larva",2,,1,100,1,"N","N",,"condition OK","Y",,"Epler 2001, and Maschwitz and Cook 2000","N","EcoAnalysts Inc.","W. Hoiland",,,
"0555f965-2a06-4d92-9655-89159b0fce41","D04","CUPE","CUPE.AOS.reach","2018-01-23T11:21Z","2018-07-03","CUPE.20180123.SURBER.7",,,"HEXSP4","Y","Hexacylloepus sp.",,"genus","Arthropoda","Hexapoda","Insecta","Pterygota","Neoptera","Holometabola","Coleoptera","Polyphaga","Elateriformia","Byrrhoidea","Elmidae","Elminae","Elmini",,"Hexacylloepus","sp.",,"larva",2,,10,100,10,"N","N",,"condition OK","Y",,"Shepard & Megna 2006; Manzo 2005 & 2013","Y","EcoAnalysts Inc.","K. Guild",,,
"eb314a7b-d7f9-4404-87da-2d3032f26417","D04","CUPE","CUPE.AOS.reach","2018-01-23T11:21Z","2018-07-03","CUPE.20180123.SURBER.8",,,"ATOTRI","Y","Atopsyche trifida",,"species","Arthropoda","Hexapoda","Insecta","Pterygota","Neoptera","Holometabola","Trichoptera",,,"Rhyacophiloidea","Hydrobiosidae","Hydrobiosinae","Hydrobiosini",,"Atopsyche","trifida",,"larva",2,,1,100,1,"N","N",,"condition OK","Y",,"Flint 1964","N","EcoAnalysts Inc.","K. Guild",,,
"470083c4-3bd4-4a43-99a6-5d81cf8bc2bb","D04","CUPE","CUPE.AOS.reach","2018-01-23T11:21Z","2018-07-02","CUPE.20180123.SURBER.3",,,"LEPSP4","Y","Leptophlebiidae sp.",,"family","Arthropoda","Hexapoda","Insecta","Pterygota","Palaeoptera",,"Ephemeroptera","Furcatergalia","Lanceolata",,"Leptophlebiidae",,,,,"sp.",,"larva",1,,4,100,4,"N","N",,"damaged, affecting measurement","Y",,"Peters 1971","N","EcoAnalysts Inc.","K. Guild",,,
"5c03440a-1f6c-4647-b478-ab65909d0735","D04","CUPE","CUPE.AOS.reach","2018-01-23T11:21Z","2018-07-24","CUPE.20180123.SURBER.3",,,"TANSP11","Y","Tanytarsus sp.",,"genus","Arthropoda","Hexapoda","Insecta","Pterygota","Neoptera","Holometabola","Diptera","Nematocera","Culicomorpha",,"Chironomidae","Chironominae","Tanytarsini",,"Tanytarsus","sp.",,"larva",3,,5,100,5,"N","N",,"condition OK","Y",,"Epler 2001","N","EcoAnalysts Inc.","W. Hoiland",,,
"e92a3ac6-3cef-4991-9f54-6bcf389b1365","D04","CUPE","CUPE.AOS.reach","2018-01-23T11:21Z","2018-07-03","CUPE.20180123.SURBER.6",,,"NEOSP27","Y","Neoelmis sp.",,"genus","Arthropoda","Hexapoda","Insecta","Pterygota","Neoptera","Holometabola","Coleoptera","Polyphaga","Elateriformia","Byrrhoidea","Elmidae","Elminae","Elmini",,"Neoelmis","sp.",,"larva",2,,1,50,2,"N","N",,"condition OK","Y",,"Manzo 2005 & 2013","N","EcoAnalysts Inc.","K. Guild",,,
"66422422-62be-4fe9-9e34-2e4f8b75fe94","D04","CUPE","CUPE.AOS.reach","2018-01-23T11:21Z","2018-07-02","CUPE.20180123.SURBER.1",,,"NEOSP27","Y","Neoelmis sp.",,"genus","Arthropoda","Hexapoda","Insecta","Pterygota","Neoptera","Holometabola","Coleoptera","Polyphaga","Elateriformia","Byrrhoidea","Elmidae","Elminae","Elmini",,"Neoelmis","sp.",,"adult",1,,1,100,1,"N","N",,"damaged, affecting measurement","Y",,"Manzo 2005 & 2013","N","EcoAnalysts Inc.","K. Guild",,,
"e7fbd0d8-c55e-4c2d-b9f9-816dfdf332b9","D04","CUPE","CUPE.AOS.reach","2018-01-23T11:21Z","2018-07-02","CUPE.20180123.SURBER.4",,,"EMPSP","Y","Empididae sp.",,"family","Arthropoda","Hexapoda","Insecta","Pterygota","Neoptera","Holometabola","Diptera","Brachycera","Muscomorpha",,"Empididae",,,,,"sp.",,"pupa",2,,1,100,1,"N","N",,"condition OK","Y",,"Merritt and Cummins 2008","N","EcoAnalysts Inc.","K. Guild",,,
"1fcb664d-f0c3-459d-8831-613c90add726","D04","CUPE","CUPE.AOS.reach","2018-01-23T11:21Z","2018-07-02","CUPE.20180123.SURBER.3",,,"LEPSP4","Y","Leptophlebiidae sp.",,"family","Arthropoda","Hexapoda","Insecta","Pterygota","Palaeoptera",,"Ephemeroptera","Furcatergalia","Lanceolata",,"Leptophlebiidae",,,,,"sp.",,"larva",3,,4,100,4,"N","N",,"condition OK","Y",,"Peters 1971","N","EcoAnalysts Inc.","K. Guild",,,
"31cafbc6-dc73-404e-a3a8-b5d1f006a8af","D04","CUPE","CUPE.AOS.reach","2018-01-23T11:21Z","2018-07-02","CUPE.20180123.SURBER.2",,,"HEXSP4","Y","Hexacylloepus sp.",,"genus","Arthropoda","Hexapoda","Insecta","Pterygota","Neoptera","Holometabola","Coleoptera","Polyphaga","Elateriformia","Byrrhoidea","Elmidae","Elminae","Elmini",,"Hexacylloepus","sp.",,"larva",4,,3,100,3,"N","N",,"condition OK","Y",,"Shepard & Megna 2006; Manzo 2005 & 2013","N","EcoAnalysts Inc.","K. Guild",,,
"a3c469d2-28c8-475e-934e-eee11cc19ac1","D04","CUPE","CUPE.AOS.reach","2018-01-23T11:21Z","2018-07-24","CUPE.20180123.SURBER.1",,,"RHEEXI","Y","Rheotanytarsus exiguus gr.",,"speciesGroup","Arthropoda","Hexapoda","Insecta","Pterygota","Neoptera","Holometabola","Diptera","Nematocera","Culicomorpha",,"Chironomidae","Chironominae","Tanytarsini",,"Rheotanytarsus","exiguus gr.",,"larva",2,,1,100,1,"N","N",,"damaged, affecting measurement","Y",,"Epler 2001","N","EcoAnalysts Inc.","W. Hoiland",,,
"75cc3958-ddb6-4fd9-8c03-9a03719974fe","D04","CUPE","CUPE.AOS.reach","2018-01-23T11:21Z","2018-07-02","CUPE.20180123.SURBER.5",,,"BAESP","Y","Baetidae sp.",,"family","Arthropoda","Hexapoda","Insecta","Pterygota","Palaeoptera",,"Ephemeroptera","Pisciforma",,,"Baetidae",,,,,"sp.",,"larva",1,,3,100,3,"N","N",,"damaged, affecting measurement","Y",,"Gonzalez-Lazo & Naranjo 2007","N","EcoAnalysts Inc.","K. Guild",,,
"7c48d375-35e5-4f29-8306-fcf9d248305c","D04","CUPE","CUPE.AOS.reach","2018-01-23T11:21Z","2018-07-24","CUPE.20180123.SURBER.6",,,"STESP10","Y","Stempellinella sp.",,"genus","Arthropoda","Hexapoda","Insecta","Pterygota","Neoptera","Holometabola","Diptera","Nematocera","Culicomorpha",,"Chironomidae","Chironominae","Tanytarsini",,"Stempellinella","sp.",,"larva",2,,2,50,4,"N","N",,"condition OK","Y",,"Epler 2001","N","EcoAnalysts Inc.","W. Hoiland",,,
"a7f9457b-e2c1-4069-b063-96d9f717b076","D04","CUPE","CUPE.AOS.reach","2018-01-23T11:21Z","2018-07-02","CUPE.20180123.SURBER.3",,,"CARSP14","Y","Cariboptila sp.",,"genus","Arthropoda","Hexapoda","Insecta","Pterygota","Neoptera","Holometabola","Trichoptera",,,"Glossosomatoidea","Glossosomatidae","Protoptilinae",,,"Cariboptila","sp.",,"larva",1,,1,100,1,"N","N",,"condition OK","Y",,"Flint 1964","N","EcoAnalysts Inc.","K. Guild",,,
"204001a1-4b11-4061-a9fd-54dd315ac160","D04","CUPE","CUPE.AOS.reach","2018-01-23T11:21Z","2018-07-03","CUPE.20180123.SURBER.7",,,"CERSP10","Y","Ceratopogoninae sp.",,"subfamily","Arthropoda","Hexapoda","Insecta","Pterygota","Neoptera","Holometabola","Diptera","Nematocera","Culicomorpha",,"Ceratopogonidae","Ceratopogoninae",,,,"sp.",,"larva",4,,1,100,1,"N","N",,"condition OK","Y",,"Merritt and Cummins 2008","Y","EcoAnalysts Inc.","K. Guild",,,
"66257752-e9e8-42f0-b5eb-81b55a3228fa","D04","CUPE","CUPE.AOS.reach","2018-01-23T11:21Z","2018-07-03","CUPE.20180123.SURBER.7",,,"LEPSP4","Y","Leptophlebiidae sp.",,"family","Arthropoda","Hexapoda","Insecta","Pterygota","Palaeoptera",,"Ephemeroptera","Furcatergalia","Lanceolata",,"Leptophlebiidae",,,,,"sp.",,"larva",1,,2,100,2,"N","N",,"damaged, affecting measurement","Y",,"Peters 1971","Y","EcoAnalysts Inc.","K. Guild",,,
"8247055c-98a3-4b4d-b59a-46fe5c0136e2","D04","CUPE","CUPE.AOS.reach","2018-01-23T11:21Z","2018-07-02","CUPE.20180123.SURBER.2",,,"ANTTUB","Y","Antillopsyche tubicola",,"species","Arthropoda","Hexapoda","Insecta","Pterygota","Neoptera","Holometabola","Trichoptera",,,"Hydropsychoidea","Polycentropodidae","Polycentropodinae",,,"Antillopsyche","tubicola",,"larva",2,,1,100,1,"N","N",,"condition OK","Y",,"Flint 1964","N","EcoAnalysts Inc.","K. Guild",,,
"4a1d6009-92d3-4f07-b5b1-b26829a3f700","D04","CUPE","CUPE.AOS.reach","2018-01-23T11:21Z","2018-07-03","CUPE.20180123.SURBER.6",,,"ATOTRI","Y","Atopsyche trifida",,"species","Arthropoda","Hexapoda","Insecta","Pterygota","Neoptera","Holometabola","Trichoptera",,,"Rhyacophiloidea","Hydrobiosidae","Hydrobiosinae","Hydrobiosini",,"Atopsyche","trifida",,"larva",2,,2,50,4,"N","N",,"condition OK","Y",,"Flint 1964","N","EcoAnalysts Inc.","K. Guild",,,
"cf3cb682-bc0f-4e4f-aa36-e3ccb054b55b","D04","CUPE","CUPE.AOS.reach","2018-01-23T11:21Z","2018-07-25","CUPE.20180123.SURBER.8",,,"PARSP26","Y","Parametriocnemus sp.",,"genus","Arthropoda","Hexapoda","Insecta","Pterygota","Neoptera","Holometabola","Diptera","Nematocera","Culicomorpha",,"Chironomidae","Orthocladiinae",,,"Parametriocnemus","sp.",,"larva",4,,5,100,5,"N","N",,"condition OK","Y",,"Epler 2001","N","EcoAnalysts Inc.","W. Hoiland",,,
"a657c5c8-63f6-4ad5-9985-9eab1c92e2c5","D04","CUPE","CUPE.AOS.reach","2018-01-23T11:21Z","2018-07-02","CUPE.20180123.SURBER.4",,,"LEPSP4","Y","Leptophlebiidae sp.",,"family","Arthropoda","Hexapoda","Insecta","Pterygota","Palaeoptera",,"Ephemeroptera","Furcatergalia","Lanceolata",,"Leptophlebiidae",,,,,"sp.",,"larva",1,,9,100,9,"N","N",,"condition OK","Y",,"Peters 1971","N","EcoAnalysts Inc.","K. Guild",,,
"40b21723-c80f-43ba-95a0-bd6ce41834a2","D04","CUPE","CUPE.AOS.reach","2018-01-23T11:21Z","2018-07-03","CUPE.20180123.SURBER.6",,,"FARSP","Y","Farrodes sp.",,"genus","Arthropoda","Hexapoda","Insecta","Pterygota","Palaeoptera",,"Ephemeroptera","Furcatergalia","Lanceolata",,"Leptophlebiidae",,,,"Farrodes","sp.",,"larva",4,,1,50,2,"N","N",,"condition OK","Y",,"Peters 1971","N","EcoAnalysts Inc.","K. Guild",,,
"c5df04cc-750b-48e5-92ac-00730cf6f82c","D04","CUPE","CUPE.AOS.reach","2018-01-23T11:21Z","2018-07-03","CUPE.20180123.SURBER.6",,,"ACASP1","Y","Acari sp.",,"subclass","Arthropoda","Chelicerata","Arachnida","Acari",,,,,,,,,,,,"sp.",,"adult",1,,8,50,16,"N","N",,"condition OK","Y",,"Thorp and Covich 2001","N","EcoAnalysts Inc.","K. Guild",,,
"6965b3b8-c574-4ffb-8cfe-3f82d2affd53","D04","CUPE","CUPE.AOS.reach","2018-01-23T11:21Z","2018-07-03","CUPE.20180123.SURBER.6",,,"ATRSP3","Y","Atractides sp.",,"genus","Arthropoda","Chelicerata","Arachnida","Acari",,"Acariformes","Trombidiformes","Prostigmata",,"Hygrobatoidea","Hygrobatidae",,,,"Atractides","sp.",,"adult",1,,3,50,6,"N","N",,"condition OK","Y",,"Thorp and Covich 2001","N","EcoAnalysts Inc.","K. Guild",,,
"db488572-ec08-43cd-9b33-274a50d49c57","D04","CUPE","CUPE.AOS.reach","2018-01-23T11:21Z","2018-07-24","CUPE.20180123.SURBER.2",,,"CRISP2","Y","Cricotopus sp.",,"genus","Arthropoda","Hexapoda","Insecta","Pterygota","Neoptera","Holometabola","Diptera","Nematocera","Culicomorpha",,"Chironomidae","Orthocladiinae",,,"Cricotopus","sp.",,"larva",3,,1,100,1,"N","N",,"condition OK","Y",,"Epler 2001, and Maschwitz and Cook 2000","N","EcoAnalysts Inc.","W. Hoiland",,,
"d93b8358-5210-43b8-8119-053003cc4b9d","D04","CUPE","CUPE.AOS.reach","2018-01-23T11:21Z","2018-07-02","CUPE.20180123.SURBER.1",,,"ISOSP","Y","Isopoda sp.",,"order","Arthropoda","Crustacea","Malacostraca","Eumalacostraca",,"Peracarida","Isopoda",,,,,,,,,"sp.",,"larva",1,,1,100,1,"N","N",,"condition OK","Y",,"Pennak 1997","N","EcoAnalysts Inc.","K. Guild",,,
"2b0fe1b7-d8ad-41cb-a320-e5aba583e98a","D04","CUPE","CUPE.AOS.reach","2018-01-23T11:21Z","2018-07-25","CUPE.20180123.SURBER.7",,,"RHEEXI","Y","Rheotanytarsus exiguus gr.",,"speciesGroup","Arthropoda","Hexapoda","Insecta","Pterygota","Neoptera","Holometabola","Diptera","Nematocera","Culicomorpha",,"Chironomidae","Chironominae","Tanytarsini",,"Rheotanytarsus","exiguus gr.",,"larva",3,,1,100,1,"N","N",,"condition OK","Y",,"Epler 2001","Y","EcoAnalysts Inc.","W. Hoiland",,,
"8e0441b9-ad24-41ea-99fa-d19bd93e1e1e","D04","CUPE","CUPE.AOS.reach","2018-01-23T11:21Z","2018-07-03","CUPE.20180123.SURBER.8",,,"PHASP11","Y","Phanocerus sp.",,"genus","Arthropoda","Hexapoda","Insecta","Pterygota","Neoptera","Holometabola","Coleoptera","Polyphaga","Elateriformia","Byrrhoidea","Elmidae","Larainae",,,"Phanocerus","sp.",,"larva",2,,2,100,2,"N","N",,"condition OK","Y",,"Shepard & Megna 2006","N","EcoAnalysts Inc.","K. Guild",,,
"cec4fef9-6270-4626-a9cf-e287993526f4","D04","CUPE","CUPE.AOS.reach","2018-01-23T11:21Z","2018-07-03","CUPE.20180123.SURBER.8",,,"HYDSP4","Y","Hydropsychidae sp.",,"family","Arthropoda","Hexapoda","Insecta","Pterygota","Neoptera","Holometabola","Trichoptera",,,"Hydropsychoidea","Hydropsychidae",,,,,"sp.",,"larva",1,,1,100,1,"N","N",,"condition OK","Y",,"Flint 1964","N","EcoAnalysts Inc.","K. Guild",,,
"e5813609-7b0e-4245-a80d-fd44ac8cc2b2","D04","CUPE","CUPE.AOS.reach","2018-01-23T11:21Z","2018-07-03","CUPE.20180123.SURBER.8",,,"XIPBOR","Y","Xiphocentron borinquense",,"species","Arthropoda","Hexapoda","Insecta","Pterygota","Neoptera","Holometabola","Trichoptera",,,"Hydropsychoidea","Xiphocentronidae","Xiphocentroninae",,,"Xiphocentron","borinquense",,"larva",3,,1,100,1,"N","N",,"condition OK","Y",,"Flint 1964","N","EcoAnalysts Inc.","K. Guild",,,
"19e838f8-ff6e-40dc-bb16-9f9dad51f123","D04","CUPE","CUPE.AOS.reach","2018-01-23T11:21Z","2018-07-24","CUPE.20180123.SURBER.6",,,"TANSP11","Y","Tanytarsus sp.",,"genus","Arthropoda","Hexapoda","Insecta","Pterygota","Neoptera","Holometabola","Diptera","Nematocera","Culicomorpha",,"Chironomidae","Chironominae","Tanytarsini",,"Tanytarsus","sp.",,"larva",3,,46,50,92,"N","N",,"condition OK","Y",,"Epler 2001","N","EcoAnalysts Inc.","W. Hoiland",,,
"e2bfb1c9-58c1-47bc-a685-b3287c34fe98","D04","CUPE","CUPE.AOS.reach","2018-01-23T11:21Z","2018-07-24","CUPE.20180123.SURBER.1",,,"CRISP6","Y","Cricotopus/Orthocladius sp.",,"speciesGroup","Arthropoda","Hexapoda","Insecta","Pterygota","Neoptera","Holometabola","Diptera","Nematocera","Culicomorpha",,"Chironomidae","Orthocladiinae",,,"Cricotopus/Orthocladius","sp.",,"larva",3,,1,100,1,"N","N",,"condition OK","N",,"Epler 2001, and Maschwitz and Cook 2000","N","EcoAnalysts Inc.","W. Hoiland",,,
"df289bd9-33ef-4fda-a8d6-6cab76e51605","D04","CUPE","CUPE.AOS.reach","2018-01-23T11:21Z","2018-07-25","CUPE.20180123.SURBER.7",,,"CRISP6","Y","Cricotopus/Orthocladius sp.",,"speciesGroup","Arthropoda","Hexapoda","Insecta","Pterygota","Neoptera","Holometabola","Diptera","Nematocera","Culicomorpha",,"Chironomidae","Orthocladiinae",,,"Cricotopus/Orthocladius","sp.",,"larva",5,,1,100,1,"N","N",,"condition OK","Y",,"Epler 2001, and Maschwitz and Cook 2000","Y","EcoAnalysts Inc.","W. Hoiland",,,
"cc7990aa-7686-45f2-bb60-4efc4cbb355a","D04","CUPE","CUPE.AOS.reach","2018-01-23T11:21Z","2018-07-03","CUPE.20180123.SURBER.8",,,"VELSP","Y","Veliidae sp.",,"family","Arthropoda","Hexapoda","Insecta","Pterygota","Neoptera","Paraneoptera","Hemiptera","Heteroptera","Gerromorpha","Gerroidea","Veliidae",,,,,"sp.",,"adult",2,,1,100,1,"N","N",,"condition OK","Y",,"Merritt and Cummins 2008","N","EcoAnalysts Inc.","K. Guild",,,
"2af78d45-a026-4101-8ab3-154316e20cc9","D04","CUPE","CUPE.AOS.reach","2018-01-23T11:21Z","2018-07-02","CUPE.20180123.SURBER.3",,,"PHASP11","Y","Phanocerus sp.",,"genus","Arthropoda","Hexapoda","Insecta","Pterygota","Neoptera","Holometabola","Coleoptera","Polyphaga","Elateriformia","Byrrhoidea","Elmidae","Larainae",,,"Phanocerus","sp.",,"larva",3,,1,100,1,"N","N",,"condition OK","Y",,"Shepard & Megna 2006","N","EcoAnalysts Inc.","K. Guild",,,
"d79504c0-80a0-4f74-9711-0423fefad0b9","D04","CUPE","CUPE.AOS.reach","2018-01-23T11:21Z","2018-07-02","CUPE.20180123.SURBER.4",,,"LEPSP4","Y","Leptophlebiidae sp.",,"family","Arthropoda","Hexapoda","Insecta","Pterygota","Palaeoptera",,"Ephemeroptera","Furcatergalia","Lanceolata",,"Leptophlebiidae",,,,,"sp.",,"larva",3,,1,100,1,"N","N",,"condition OK","Y",,"Peters 1971","N","EcoAnalysts Inc.","K. Guild",,,
"f697cd31-f413-4ee7-9d7d-0ca7297d3245","D04","CUPE","CUPE.AOS.reach","2018-01-23T11:21Z","2018-07-03","CUPE.20180123.SURBER.6",,,"HEXSP4","Y","Hexacylloepus sp.",,"genus","Arthropoda","Hexapoda","Insecta","Pterygota","Neoptera","Holometabola","Coleoptera","Polyphaga","Elateriformia","Byrrhoidea","Elmidae","Elminae","Elmini",,"Hexacylloepus","sp.",,"larva",2,,6,50,12,"N","N",,"condition OK","Y",,"Shepard & Megna 2006; Manzo 2005 & 2013","N","EcoAnalysts Inc.","K. Guild",,,
"8478b019-b3a9-4e5b-99d1-f6b6fc295818","D04","CUPE","CUPE.AOS.reach","2018-01-23T11:21Z","2018-07-02","CUPE.20180123.SURBER.2",,,"NEOSP27","Y","Neoelmis sp.",,"genus","Arthropoda","Hexapoda","Insecta","Pterygota","Neoptera","Holometabola","Coleoptera","Polyphaga","Elateriformia","Byrrhoidea","Elmidae","Elminae","Elmini",,"Neoelmis","sp.",,"larva",4,,1,100,1,"N","N",,"condition OK","Y",,"Manzo 2005 & 2013","N","EcoAnalysts Inc.","K. Guild",,,
"48f479a8-7b25-4482-8d4e-7e2d835baa33","D04","CUPE","CUPE.AOS.reach","2018-01-23T11:21Z","2018-07-03","CUPE.20180123.SURBER.8",,,"FARSP","Y","Farrodes sp.",,"genus","Arthropoda","Hexapoda","Insecta","Pterygota","Palaeoptera",,"Ephemeroptera","Furcatergalia","Lanceolata",,"Leptophlebiidae",,,,"Farrodes","sp.",,"larva",4,,2,100,2,"N","N",,"condition OK","Y",,"Peters 1971","N","EcoAnalysts Inc.","K. Guild",,,
"681a1cea-5bdb-4113-bbd5-fa19f977b44c","D04","CUPE","CUPE.AOS.reach","2018-01-23T11:21Z","2018-07-02","CUPE.20180123.SURBER.3",,,"PETSP4","Y","Petrophila sp.",,"genus","Arthropoda","Hexapoda","Insecta","Pterygota","Neoptera","Holometabola","Lepidoptera",,,"Pyraloidea","Crambidae","Nymphulinae","Argyractini",,"Petrophila","sp.",,"larva",2,,1,100,1,"N","N",,"condition OK","Y",,"Merritt and Cummins 2008","N","EcoAnalysts Inc.","K. Guild",,,
"479576e6-1cef-4561-92f4-5b893fd4307a","D04","CUPE","CUPE.AOS.reach","2018-01-23T11:21Z","2018-07-25","CUPE.20180123.SURBER.8",,,"STESP10","Y","Stempellinella sp.",,"genus","Arthropoda","Hexapoda","Insecta","Pterygota","Neoptera","Holometabola","Diptera","Nematocera","Culicomorpha",,"Chironomidae","Chironominae","Tanytarsini",,"Stempellinella","sp.",,"larva",2,,1,100,1,"N","N",,"condition OK","Y",,"Epler 2001","N","EcoAnalysts Inc.","W. Hoiland",,,
"1db979ab-e596-46cb-9fe4-f9172044661d","D04","CUPE","CUPE.AOS.reach","2018-01-23T11:21Z","2018-07-03","CUPE.20180123.SURBER.6",,,"NEOSP27","Y","Neoelmis sp.",,"genus","Arthropoda","Hexapoda","Insecta","Pterygota","Neoptera","Holometabola","Coleoptera","Polyphaga","Elateriformia","Byrrhoidea","Elmidae","Elminae","Elmini",,"Neoelmis","sp.",,"larva",3,,3,50,6,"N","N",,"condition OK","Y",,"Manzo 2005 & 2013","N","EcoAnalysts Inc.","K. Guild",,,
"06dc6fc2-3214-403e-9aa8-d13c5c81637b","D04","CUPE","CUPE.AOS.reach","2018-01-23T11:21Z","2018-07-25","CUPE.20180123.SURBER.7",,,"THISP2","Y","Thienemanniella sp.",,"genus","Arthropoda","Hexapoda","Insecta","Pterygota","Neoptera","Holometabola","Diptera","Nematocera","Culicomorpha",,"Chironomidae","Orthocladiinae",,,"Thienemanniella","sp.",,"larva",3,,2,100,2,"N","N",,"condition OK","Y",,"Epler 2001","Y","EcoAnalysts Inc.","W. Hoiland",,,
"04206482-b73b-4ee4-b8a2-36ef9e14b65b","D04","CUPE","CUPE.AOS.reach","2018-01-23T11:21Z","2018-07-02","CUPE.20180123.SURBER.3",,,"FALSP","Y","Fallceon sp.",,"genus","Arthropoda","Hexapoda","Insecta","Pterygota","Palaeoptera",,"Ephemeroptera","Pisciforma",,,"Baetidae",,,,"Fallceon","sp.",,"larva",5,,1,100,1,"N","N",,"condition OK","Y",,"Gonzalez-Lazo & Salles 2007;Gonzalez-Lazo & Naranjo 2007","N","EcoAnalysts Inc.","K. Guild",,,
"015f62f6-c36b-486b-aeed-0849442035e9","D04","CUPE","CUPE.AOS.reach","2018-01-23T11:21Z","2018-07-02","CUPE.20180123.SURBER.1",,,"PHASP11","Y","Phanocerus sp.",,"genus","Arthropoda","Hexapoda","Insecta","Pterygota","Neoptera","Holometabola","Coleoptera","Polyphaga","Elateriformia","Byrrhoidea","Elmidae","Larainae",,,"Phanocerus","sp.",,"larva",2,,1,100,1,"N","N",,"condition OK","Y",,"Shepard & Megna 2006","N","EcoAnalysts Inc.","K. Guild",,,
"a5631d15-3c7e-487b-a6ae-15ce30b8dac6","D04","CUPE","CUPE.AOS.reach","2018-01-23T11:21Z","2018-07-02","CUPE.20180123.SURBER.3",,,"NEOSP27","Y","Neoelmis sp.",,"genus","Arthropoda","Hexapoda","Insecta","Pterygota","Neoptera","Holometabola","Coleoptera","Polyphaga","Elateriformia","Byrrhoidea","Elmidae","Elminae","Elmini",,"Neoelmis","sp.",,"larva",4,,1,100,1,"N","N",,"condition OK","Y",,"Manzo 2005 & 2013","N","EcoAnalysts Inc.","K. Guild",,,
"6f75dab6-8e72-4805-af8f-2c3e6e77f462","D04","CUPE","CUPE.AOS.reach","2018-01-23T11:21Z","2018-07-02","CUPE.20180123.SURBER.3",,,"BAESP","Y","Baetidae sp.",,"family","Arthropoda","Hexapoda","Insecta","Pterygota","Palaeoptera",,"Ephemeroptera","Pisciforma",,,"Baetidae",,,,,"sp.",,"larva",1,,1,100,1,"Y","N",,"damaged, affecting taxonomy","N",,"Gonzalez-Lazo & Naranjo 2007","N","EcoAnalysts Inc.","K. Guild",,,
"93f3cb2a-d5ed-4363-b907-b14dcf869227","D04","CUPE","CUPE.AOS.reach","2018-01-23T11:21Z","2018-07-02","CUPE.20180123.SURBER.1",,,"LEPSP4","Y","Leptophlebiidae sp.",,"family","Arthropoda","Hexapoda","Insecta","Pterygota","Palaeoptera",,"Ephemeroptera","Furcatergalia","Lanceolata",,"Leptophlebiidae",,,,,"sp.",,"larva",4,,1,100,1,"N","N",,"condition OK","Y",,"Peters 1971","N","EcoAnalysts Inc.","K. Guild",,,
"ad82d93f-a033-4a82-a960-12086bf73440","D04","CUPE","CUPE.AOS.reach","2018-01-23T11:21Z","2018-07-03","CUPE.20180123.SURBER.6",,,"EMPSP","Y","Empididae sp.",,"family","Arthropoda","Hexapoda","Insecta","Pterygota","Neoptera","Holometabola","Diptera","Brachycera","Muscomorpha",,"Empididae",,,,,"sp.",,"larva",2,,2,50,4,"N","N",,"condition OK","Y",,"Merritt and Cummins 2008","N","EcoAnalysts Inc.","K. Guild",,,
"b1f0f075-a31c-4b2e-b190-5bbf0176ba9e","D04","CUPE","CUPE.AOS.reach","2018-01-23T11:21Z","2018-07-03","CUPE.20180123.SURBER.8",,,"DIXSP2","Y","Dixella sp.",,"genus","Arthropoda","Hexapoda","Insecta","Pterygota","Neoptera","Holometabola","Diptera","Nematocera","Culicomorpha",,"Dixidae",,,,"Dixella","sp.",,"larva",4,,1,100,1,"N","N",,"condition OK","Y",,"Merritt and Cummins 2008","N","EcoAnalysts Inc.","K. Guild",,,
"2776c162-0ef2-455b-8d11-a4896dfd5b43","D04","CUPE","CUPE.AOS.reach","2018-01-23T11:21Z","2018-07-02","CUPE.20180123.SURBER.5",,,"EMPSP","Y","Empididae sp.",,"family","Arthropoda","Hexapoda","Insecta","Pterygota","Neoptera","Holometabola","Diptera","Brachycera","Muscomorpha",,"Empididae",,,,,"sp.",,"larva",1,,1,100,1,"N","N",,"condition OK","Y",,"Merritt and Cummins 2008","N","EcoAnalysts Inc.","K. Guild",,,
"3064b97c-dc40-46a5-b1e7-384dc298d433","D04","CUPE","CUPE.AOS.reach","2018-01-23T11:21Z","2018-07-03","CUPE.20180123.SURBER.7",,,"NEOSP27","Y","Neoelmis sp.",,"genus","Arthropoda","Hexapoda","Insecta","Pterygota","Neoptera","Holometabola","Coleoptera","Polyphaga","Elateriformia","Byrrhoidea","Elmidae","Elminae","Elmini",,"Neoelmis","sp.",,"larva",3,,3,100,3,"N","N",,"condition OK","Y",,"Manzo 2005 & 2013","Y","EcoAnalysts Inc.","K. Guild",,,
"a08933aa-1d2e-43c9-bb6c-858c26e1a667","D04","CUPE","CUPE.AOS.reach","2018-01-23T11:21Z","2018-07-24","CUPE.20180123.SURBER.6",,,"CRISP6","Y","Cricotopus/Orthocladius sp.",,"speciesGroup","Arthropoda","Hexapoda","Insecta","Pterygota","Neoptera","Holometabola","Diptera","Nematocera","Culicomorpha",,"Chironomidae","Orthocladiinae",,,"Cricotopus/Orthocladius","sp.",,"larva",4,,6,50,12,"N","N",,"condition OK","Y",,"Epler 2001, and Maschwitz and Cook 2000","N","EcoAnalysts Inc.","W. Hoiland",,,
"cb2c9c3b-49a9-4d14-b284-2e2838fb3192","D04","CUPE","CUPE.AOS.reach","2018-01-23T11:21Z","2018-07-03","CUPE.20180123.SURBER.7",,,"NEOSP27","Y","Neoelmis sp.",,"genus","Arthropoda","Hexapoda","Insecta","Pterygota","Neoptera","Holometabola","Coleoptera","Polyphaga","Elateriformia","Byrrhoidea","Elmidae","Elminae","Elmini",,"Neoelmis","sp.",,"larva",4,,1,100,1,"N","N",,"condition OK","Y",,"Manzo 2005 & 2013","Y","EcoAnalysts Inc.","K. Guild",,,
"947bcd98-c261-4b37-9a7a-b85d46bc26fb","D04","CUPE","CUPE.AOS.reach","2018-01-23T11:21Z","2018-07-02","CUPE.20180123.SURBER.4",,,"HEXSP4","Y","Hexacylloepus sp.",,"genus","Arthropoda","Hexapoda","Insecta","Pterygota","Neoptera","Holometabola","Coleoptera","Polyphaga","Elateriformia","Byrrhoidea","Elmidae","Elminae","Elmini",,"Hexacylloepus","sp.",,"larva",3,,5,100,5,"N","N",,"condition OK","Y",,"Shepard & Megna 2006; Manzo 2005 & 2013","N","EcoAnalysts Inc.","K. Guild",,,
"9a6543b4-9a0d-4972-9a22-8847a798c8b6","D04","CUPE","CUPE.AOS.reach","2018-01-23T11:21Z","2018-07-02","CUPE.20180123.SURBER.2",,,"HEXSP4","Y","Hexacylloepus sp.",,"genus","Arthropoda","Hexapoda","Insecta","Pterygota","Neoptera","Holometabola","Coleoptera","Polyphaga","Elateriformia","Byrrhoidea","Elmidae","Elminae","Elmini",,"Hexacylloepus","sp.",,"larva",2,,1,100,1,"N","N",,"condition OK","Y",,"Shepard & Megna 2006; Manzo 2005 & 2013","N","EcoAnalysts Inc.","K. Guild",,,
"9615f837-182d-4222-804b-b0ff94675c2b","D04","CUPE","CUPE.AOS.reach","2018-01-23T11:21Z","2018-07-03","CUPE.20180123.SURBER.6",,,"CERSP10","Y","Ceratopogoninae sp.",,"subfamily","Arthropoda","Hexapoda","Insecta","Pterygota","Neoptera","Holometabola","Diptera","Nematocera","Culicomorpha",,"Ceratopogonidae","Ceratopogoninae",,,,"sp.",,"larva",6,,1,50,2,"N","N",,"condition OK","Y",,"Merritt and Cummins 2008","N","EcoAnalysts Inc.","K. Guild",,,
"582e00ae-b446-4345-95ea-ed088a8494ea","D04","CUPE","CUPE.AOS.reach","2018-01-23T11:21Z","2018-07-03","CUPE.20180123.SURBER.7",,,"EPISIN","Y","Epilobocera sinuatifrons",,"species","Arthropoda","Crustacea","Malacostraca","Eumalacostraca",,"Eucarida","Decapoda","Pleocyemata","Brachyura","Pseudothelphusoidea","Pseudothelphusidae",,,,"Epilobocera","sinuatifrons",,"adult",3,,1,100,1,"N","N",,"condition OK","Y",,"EPA Identification Manual #9","Y","EcoAnalysts Inc.","K. Guild",,,
"896975a2-6096-4c06-9100-29ec094d8208","D04","CUPE","CUPE.AOS.reach","2018-01-23T11:21Z","2018-07-03","CUPE.20180123.SURBER.6",,,"LEPSP4","Y","Leptophlebiidae sp.",,"family","Arthropoda","Hexapoda","Insecta","Pterygota","Palaeoptera",,"Ephemeroptera","Furcatergalia","Lanceolata",,"Leptophlebiidae",,,,,"sp.",,"larva",1,,11,50,22,"N","N",,"condition OK","Y",,"Peters 1971","N","EcoAnalysts Inc.","K. Guild",,,
"aad70d17-2c94-4cf8-8976-b92685d6cd31","D04","CUPE","CUPE.AOS.reach","2018-01-23T11:21Z","2018-07-02","CUPE.20180123.SURBER.1",,,"BAESP","Y","Baetidae sp.",,"family","Arthropoda","Hexapoda","Insecta","Pterygota","Palaeoptera",,"Ephemeroptera","Pisciforma",,,"Baetidae",,,,,"sp.",,"larva",1,,1,100,1,"N","N",,"condition OK","Y",,"Gonzalez-Lazo & Naranjo 2007","N","EcoAnalysts Inc.","K. Guild",,,
"b9f21df0-dc43-4c8e-a9d1-bdd608da84ac","D04","CUPE","CUPE.AOS.reach","2018-01-23T11:21Z","2018-07-02","CUPE.20180123.SURBER.1",,,"LEPSP4","Y","Leptophlebiidae sp.",,"family","Arthropoda","Hexapoda","Insecta","Pterygota","Palaeoptera",,"Ephemeroptera","Furcatergalia","Lanceolata",,"Leptophlebiidae",,,,,"sp.",,"larva",2,,5,100,5,"N","N",,"condition OK","Y",,"Peters 1971","N","EcoAnalysts Inc.","K. Guild",,,
"5369efec-be83-455a-9cd9-d59f9cb527a2","D04","CUPE","CUPE.AOS.reach","2018-01-23T11:21Z","2018-07-02","CUPE.20180123.SURBER.5",,,"NEOSP27","Y","Neoelmis sp.",,"genus","Arthropoda","Hexapoda","Insecta","Pterygota","Neoptera","Holometabola","Coleoptera","Polyphaga","Elateriformia","Byrrhoidea","Elmidae","Elminae","Elmini",,"Neoelmis","sp.",,"larva",2,,1,100,1,"N","N",,"condition OK","Y",,"Manzo 2005 & 2013","N","EcoAnalysts Inc.","K. Guild",,,
"6cb4cd95-ffd2-474f-9d42-03e91d9f73d4","D04","CUPE","CUPE.AOS.reach","2018-01-23T11:21Z","2018-07-02","CUPE.20180123.SURBER.2",,,"BAESP","Y","Baetidae sp.",,"family","Arthropoda","Hexapoda","Insecta","Pterygota","Palaeoptera",,"Ephemeroptera","Pisciforma",,,"Baetidae",,,,,"sp.",,"larva",1,,2,100,2,"N","N",,"condition OK","Y",,"Gonzalez-Lazo & Naranjo 2007","N","EcoAnalysts Inc.","K. Guild",,,
"4f891c09-a20c-490e-953d-7b0a65ebd85c","D04","CUPE","CUPE.AOS.reach","2018-01-23T11:21Z","2018-07-02","CUPE.20180123.SURBER.3",,,"HEXSP4","Y","Hexacylloepus sp.",,"genus","Arthropoda","Hexapoda","Insecta","Pterygota","Neoptera","Holometabola","Coleoptera","Polyphaga","Elateriformia","Byrrhoidea","Elmidae","Elminae","Elmini",,"Hexacylloepus","sp.",,"larva",4,,2,100,2,"N","N",,"condition OK","Y",,"Shepard & Megna 2006; Manzo 2005 & 2013","N","EcoAnalysts Inc.","K. Guild",,,
"389d6e24-6b2e-4505-8bc3-9c3507e673ce","D04","CUPE","CUPE.AOS.reach","2018-01-23T11:21Z","2018-07-24","CUPE.20180123.SURBER.6",,,"CRISP2","Y","Cricotopus sp.",,"genus","Arthropoda","Hexapoda","Insecta","Pterygota","Neoptera","Holometabola","Diptera","Nematocera","Culicomorpha",,"Chironomidae","Orthocladiinae",,,"Cricotopus","sp.",,"larva",4,,11,50,22,"N","N",,"condition OK","Y",,"Epler 2001, and Maschwitz and Cook 2000","N","EcoAnalysts Inc.","W. Hoiland",,,
"db2d0b21-3262-42fe-9d9a-919bdbe0c225","D04","CUPE","CUPE.AOS.reach","2018-01-23T11:21Z","2018-07-02","CUPE.20180123.SURBER.5",,,"PARPOR","Y","Paracloeodes portoricensis",,"species","Arthropoda","Hexapoda","Insecta","Pterygota","Palaeoptera",,"Ephemeroptera","Pisciforma",,,"Baetidae",,,,"Paracloeodes","portoricensis",,"larva",2,,3,100,3,"N","N",,"condition OK","Y",,"Lugo-Ortiz & McCafferty 1996","N","EcoAnalysts Inc.","K. Guild",,,
"cd1b9aa8-4e12-4f47-9f2b-3f2882dafac1","D04","CUPE","CUPE.AOS.reach","2018-01-23T11:21Z","2018-07-02","CUPE.20180123.SURBER.3",,,"CERSP10","Y","Ceratopogoninae sp.",,"subfamily","Arthropoda","Hexapoda","Insecta","Pterygota","Neoptera","Holometabola","Diptera","Nematocera","Culicomorpha",,"Ceratopogonidae","Ceratopogoninae",,,,"sp.",,"larva",2,,1,100,1,"N","N",,"damaged, affecting measurement","Y",,"Merritt and Cummins 2008","N","EcoAnalysts Inc.","K. Guild",,,
"a377350b-8eae-480e-9c03-4ee510d6a238","D04","CUPE","CUPE.AOS.reach","2018-01-23T11:21Z","2018-07-03","CUPE.20180123.SURBER.7",,,"FALSP","Y","Fallceon sp.",,"genus","Arthropoda","Hexapoda","Insecta","Pterygota","Palaeoptera",,"Ephemeroptera","Pisciforma",,,"Baetidae",,,,"Fallceon","sp.",,"larva",2,,3,100,3,"N","N",,"condition OK","Y",,"Gonzalez-Lazo & Salles 2007;Gonzalez-Lazo & Naranjo 2007","Y","EcoAnalysts Inc.","K. Guild",,,
"7bf1d42d-9bd4-4e0e-97a0-39a0bf319c4c","D04","CUPE","CUPE.AOS.reach","2018-01-23T11:21Z","2018-07-03","CUPE.20180123.SURBER.6",,,"FALSP","Y","Fallceon sp.",,"genus","Arthropoda","Hexapoda","Insecta","Pterygota","Palaeoptera",,"Ephemeroptera","Pisciforma",,,"Baetidae",,,,"Fallceon","sp.",,"larva",2,,2,50,4,"N","N",,"condition OK","Y",,"Gonzalez-Lazo & Salles 2007;Gonzalez-Lazo & Naranjo 2007","N","EcoAnalysts Inc.","K. Guild",,,
"d0d5b6bf-6d12-4cbb-a8d7-4e903cf0c08e","D04","CUPE","CUPE.AOS.reach","2018-01-23T11:21Z","2018-07-02","CUPE.20180123.SURBER.4",,,"ATOTRI","Y","Atopsyche trifida",,"species","Arthropoda","Hexapoda","Insecta","Pterygota","Neoptera","Holometabola","Trichoptera",,,"Rhyacophiloidea","Hydrobiosidae","Hydrobiosinae","Hydrobiosini",,"Atopsyche","trifida",,"larva",4,,1,100,1,"N","N",,"condition OK","Y",,"Flint 1964","N","EcoAnalysts Inc.","K. Guild",,,
"7daaccb2-b329-411a-a179-55f381e560b1","D04","CUPE","CUPE.AOS.reach","2018-01-23T11:21Z","2018-07-24","CUPE.20180123.SURBER.1",,,"CRISP6","Y","Cricotopus/Orthocladius sp.",,"speciesGroup","Arthropoda","Hexapoda","Insecta","Pterygota","Neoptera","Holometabola","Diptera","Nematocera","Culicomorpha",,"Chironomidae","Orthocladiinae",,,"Cricotopus/Orthocladius","sp.",,"larva",2,,1,100,1,"N","N",,"condition OK","N",,"Epler 2001, and Maschwitz and Cook 2000","N","EcoAnalysts Inc.","W. Hoiland",,,
"3b711673-c704-411b-844b-b23ba6adda67","D04","CUPE","CUPE.AOS.reach","2018-01-23T11:21Z","2018-07-02","CUPE.20180123.SURBER.3",,,"PHASP11","Y","Phanocerus sp.",,"genus","Arthropoda","Hexapoda","Insecta","Pterygota","Neoptera","Holometabola","Coleoptera","Polyphaga","Elateriformia","Byrrhoidea","Elmidae","Larainae",,,"Phanocerus","sp.",,"larva",1,,2,100,2,"N","N",,"condition OK","Y",,"Shepard & Megna 2006","N","EcoAnalysts Inc.","K. Guild",,,
"16b77720-e0db-4aab-8495-debf35689fec","D04","CUPE","CUPE.AOS.reach","2018-01-23T11:21Z","2018-07-30","CUPE.20180123.SURBER.2",,,"PARPOR","Y","Paracloeodes portoricensis",,"species","Arthropoda","Hexapoda","Insecta","Pterygota","Palaeoptera",,"Ephemeroptera","Pisciforma",,,"Baetidae",,,,"Paracloeodes","portoricensis",,"larva",2,,18,100,18,"N","N",,"condition OK","Y",,"Lugo-Ortiz & McCafferty 1996","N","EcoAnalysts Inc.","K. Guild",,,
"35a2e577-57ea-4caa-b84e-3a2ba7135450","D04","CUPE","CUPE.AOS.reach","2018-01-23T11:21Z","2018-07-03","CUPE.20180123.SURBER.8",,,"HEXSP4","Y","Hexacylloepus sp.",,"genus","Arthropoda","Hexapoda","Insecta","Pterygota","Neoptera","Holometabola","Coleoptera","Polyphaga","Elateriformia","Byrrhoidea","Elmidae","Elminae","Elmini",,"Hexacylloepus","sp.",,"adult",2,,4,100,4,"N","N",,"condition OK","Y",,"Shepard & Megna 2006; Manzo 2005 & 2013","N","EcoAnalysts Inc.","K. Guild",,,
"0b97a2fa-659b-4680-9a3c-f1f119da44b7","D04","CUPE","CUPE.AOS.reach","2018-01-23T11:21Z","2018-07-03","CUPE.20180123.SURBER.8",,,"PARPOR","Y","Paracloeodes portoricensis",,"species","Arthropoda","Hexapoda","Insecta","Pterygota","Palaeoptera",,"Ephemeroptera","Pisciforma",,,"Baetidae",,,,"Paracloeodes","portoricensis",,"larva",2,,4,100,4,"N","N",,"condition OK","Y",,"Lugo-Ortiz & McCafferty 1996","N","EcoAnalysts Inc.","K. Guild",,,
"c0af7e0f-ee6d-4578-b3f3-fda89a6d2df4","D04","CUPE","CUPE.AOS.reach","2018-01-23T11:21Z","2018-07-25","CUPE.20180123.SURBER.8",,,"THISP2","Y","Thienemanniella sp.",,"genus","Arthropoda","Hexapoda","Insecta","Pterygota","Neoptera","Holometabola","Diptera","Nematocera","Culicomorpha",,"Chironomidae","Orthocladiinae",,,"Thienemanniella","sp.",,"pupa",3,,1,100,1,"N","N",,"condition OK","Y",,"Epler 2001","N","EcoAnalysts Inc.","W. Hoiland",,,
"88c967dd-ccb8-4bdc-8c41-b46c0bd6ea9b","D04","CUPE","CUPE.AOS.reach","2018-01-23T11:21Z","2018-07-02","CUPE.20180123.SURBER.5",,,"PARPOR","Y","Paracloeodes portoricensis",,"species","Arthropoda","Hexapoda","Insecta","Pterygota","Palaeoptera",,"Ephemeroptera","Pisciforma",,,"Baetidae",,,,"Paracloeodes","portoricensis",,"larva",1,,12,100,12,"N","N",,"condition OK","Y",,"Lugo-Ortiz & McCafferty 1996","N","EcoAnalysts Inc.","K. Guild",,,
"f3345e01-2325-4f74-b7fb-3c534b23dceb","D04","CUPE","CUPE.AOS.reach","2018-01-23T11:21Z","2018-07-03","CUPE.20180123.SURBER.7",,,"TURSP","Y","Turbellaria sp.",,"class","Platyhelminthes",,"Turbellaria",,,,,,,,,,,,,"sp.",,"larva",1,,2,100,2,"N","N",,"condition OK","Y",,"Thorp and Covich 2001","Y","EcoAnalysts Inc.","K. Guild",,,
"f8b4e460-0fc2-47b1-8259-2c34ac040c53","D04","CUPE","CUPE.AOS.reach","2018-01-23T11:21Z","2018-07-03","CUPE.20180123.SURBER.6",,,"ATOTRI","Y","Atopsyche trifida",,"species","Arthropoda","Hexapoda","Insecta","Pterygota","Neoptera","Holometabola","Trichoptera",,,"Rhyacophiloidea","Hydrobiosidae","Hydrobiosinae","Hydrobiosini",,"Atopsyche","trifida",,"larva",1,,1,50,2,"N","N",,"damaged, affecting measurement","Y",,"Flint 1964","N","EcoAnalysts Inc.","K. Guild",,,
"4d3a539e-4668-4e72-99d6-145ba488229d","D04","CUPE","CUPE.AOS.reach","2018-01-23T11:21Z","2018-07-02","CUPE.20180123.SURBER.3",,,"BAESP","Y","Baetidae sp.",,"family","Arthropoda","Hexapoda","Insecta","Pterygota","Palaeoptera",,"Ephemeroptera","Pisciforma",,,"Baetidae",,,,,"sp.",,"larva",1,,1,100,1,"Y","N",,"damaged, affecting taxonomy and measurement","N",,"Gonzalez-Lazo & Naranjo 2007","N","EcoAnalysts Inc.","K. Guild",,,
"c238a9f0-a01e-4d78-94aa-c4bdaefa3965","D04","CUPE","CUPE.AOS.reach","2018-01-23T11:21Z","2018-07-25","CUPE.20180123.SURBER.8",,,"PARSP26","Y","Parametriocnemus sp.",,"genus","Arthropoda","Hexapoda","Insecta","Pterygota","Neoptera","Holometabola","Diptera","Nematocera","Culicomorpha",,"Chironomidae","Orthocladiinae",,,"Parametriocnemus","sp.",,"pupa",4,,2,100,2,"N","N",,"condition OK","Y",,"Epler 2001","N","EcoAnalysts Inc.","W. Hoiland",,,
"7201fc10-283d-4812-b526-36f7006aea1d","D04","CUPE","CUPE.AOS.reach","2018-01-23T11:21Z","2018-07-02","CUPE.20180123.SURBER.1",,,"ATOTRI","Y","Atopsyche trifida",,"species","Arthropoda","Hexapoda","Insecta","Pterygota","Neoptera","Holometabola","Trichoptera",,,"Rhyacophiloidea","Hydrobiosidae","Hydrobiosinae","Hydrobiosini",,"Atopsyche","trifida",,"larva",14,,1,100,1,"N","N",,"condition OK","Y",,"Flint 1964","N","EcoAnalysts Inc.","K. Guild",,,
"af127bdb-34fb-4954-80ff-2012bfdff6ac","D04","CUPE","CUPE.AOS.reach","2018-01-23T11:21Z","2018-07-03","CUPE.20180123.SURBER.6",,,"PHASP11","Y","Phanocerus sp.",,"genus","Arthropoda","Hexapoda","Insecta","Pterygota","Neoptera","Holometabola","Coleoptera","Polyphaga","Elateriformia","Byrrhoidea","Elmidae","Larainae",,,"Phanocerus","sp.",,"larva",1,,1,50,2,"N","N",,"condition OK","Y",,"Shepard & Megna 2006","N","EcoAnalysts Inc.","K. Guild",,,
"a687f9b7-092e-4c5d-a971-9affe611af52","D04","CUPE","CUPE.AOS.reach","2018-01-23T11:21Z","2018-07-24","CUPE.20180123.SURBER.4",,"CUPE.20180123.SURBER.4.STENOCHIRONOMUS SP.","STESP8","Y","Stenochironomus sp.",,"genus","Arthropoda","Hexapoda","Insecta","Pterygota","Neoptera","Holometabola","Diptera","Nematocera","Culicomorpha",,"Chironomidae","Chironominae","Chironomini",,"Stenochironomus","sp.",,"pupa",4,,2,100,2,"N","N",,"condition OK","Y",,"Epler 2001","N","EcoAnalysts Inc.","W. Hoiland",,,
"4ff12b8e-6963-4ac0-a10d-3fc2d9c0e7dc","D04","CUPE","CUPE.AOS.reach","2018-01-23T11:21Z","2018-07-03","CUPE.20180123.SURBER.7",,,"LIBSP","Y","Libellulidae sp.",,"family","Arthropoda","Hexapoda","Insecta","Pterygota","Palaeoptera",,"Odonata","Anisoptera",,,"Libellulidae",,,,,"sp.",,"larva",1,,4,100,4,"N","N",,"condition OK","Y",,"Needham, Westfall and May 2000","Y","EcoAnalysts Inc.","K. Guild",,,
"8f3d3070-4475-460d-a5da-bfd8f0fad5e8","D04","CUPE","CUPE.AOS.reach","2018-01-23T11:21Z","2018-07-24","CUPE.20180123.SURBER.1",,,"STESP10","Y","Stempellinella sp.",,"genus","Arthropoda","Hexapoda","Insecta","Pterygota","Neoptera","Holometabola","Diptera","Nematocera","Culicomorpha",,"Chironomidae","Chironominae","Tanytarsini",,"Stempellinella","sp.",,"larva",2,,1,100,1,"N","N",,"condition OK","Y",,"Epler 2001","N","EcoAnalysts Inc.","W. Hoiland",,,
"ccc65d42-b482-4e15-b427-e9b92923f7c2","D04","CUPE","CUPE.AOS.reach","2018-01-23T11:21Z","2018-07-03","CUPE.20180123.SURBER.8",,,"HEXSP4","Y","Hexacylloepus sp.",,"genus","Arthropoda","Hexapoda","Insecta","Pterygota","Neoptera","Holometabola","Coleoptera","Polyphaga","Elateriformia","Byrrhoidea","Elmidae","Elminae","Elmini",,"Hexacylloepus","sp.",,"larva",2,,8,100,8,"N","N",,"condition OK","Y",,"Shepard & Megna 2006; Manzo 2005 & 2013","N","EcoAnalysts Inc.","K. Guild",,,
"9959d266-4afa-4f80-8ea9-8b079d88ec8a","D04","CUPE","CUPE.AOS.reach","2018-01-23T11:21Z","2018-07-02","CUPE.20180123.SURBER.3",,,"FALSP","Y","Fallceon sp.",,"genus","Arthropoda","Hexapoda","Insecta","Pterygota","Palaeoptera",,"Ephemeroptera","Pisciforma",,,"Baetidae",,,,"Fallceon","sp.",,"larva",3,,2,100,2,"N","N",,"condition OK","Y",,"Gonzalez-Lazo & Salles 2007;Gonzalez-Lazo & Naranjo 2007","N","EcoAnalysts Inc.","K. Guild",,,
"d72773d1-b6cc-4d63-a732-505039e480b2","D04","CUPE","CUPE.AOS.reach","2018-01-23T11:21Z","2018-07-02","CUPE.20180123.SURBER.1",,,"EMPSP","Y","Empididae sp.",,"family","Arthropoda","Hexapoda","Insecta","Pterygota","Neoptera","Holometabola","Diptera","Brachycera","Muscomorpha",,"Empididae",,,,,"sp.",,"larva",2,,3,100,3,"N","N",,"condition OK","Y",,"Merritt and Cummins 2008","N","EcoAnalysts Inc.","K. Guild",,,
"bd1011ac-3a03-4720-b518-31273f5faf1a","D04","CUPE","CUPE.AOS.reach","2018-01-23T11:21Z","2018-07-02","CUPE.20180123.SURBER.4",,,"ALISP","Y","Alisotrichia sp.",,"genus","Arthropoda","Hexapoda","Insecta","Pterygota","Neoptera","Holometabola","Trichoptera",,,"Hydroptiloidea","Hydroptilidae","Hydroptilinae","Leucotrichiini",,"Alisotrichia","sp.",,"larva",1,,4,100,4,"N","N",,"condition OK","Y",,"Flint 1964","N","EcoAnalysts Inc.","K. Guild",,,
"c973edcc-094c-4886-94ed-6deab8067c5f","D04","CUPE","CUPE.AOS.reach","2018-01-23T11:21Z","2018-07-02","CUPE.20180123.SURBER.1",,,"LEPSP4","Y","Leptophlebiidae sp.",,"family","Arthropoda","Hexapoda","Insecta","Pterygota","Palaeoptera",,"Ephemeroptera","Furcatergalia","Lanceolata",,"Leptophlebiidae",,,,,"sp.",,"larva",1,,8,100,8,"N","N",,"condition OK","Y",,"Peters 1971","N","EcoAnalysts Inc.","K. Guild",,,
"9ccbf974-3c48-466c-97a0-db2b8a19a34f","D04","CUPE","CUPE.AOS.reach","2018-01-23T11:21Z","2018-07-24","CUPE.20180123.SURBER.1",,,"CRISP2","Y","Cricotopus sp.",,"genus","Arthropoda","Hexapoda","Insecta","Pterygota","Neoptera","Holometabola","Diptera","Nematocera","Culicomorpha",,"Chironomidae","Orthocladiinae",,,"Cricotopus","sp.",,"larva",4,,23,100,23,"N","N",,"condition OK","Y",,"Epler 2001, and Maschwitz and Cook 2000","N","EcoAnalysts Inc.","W. Hoiland",,,
"c14364ff-7efa-465b-9009-ff26a845b07a","D04","CUPE","CUPE.AOS.reach","2018-01-23T11:21Z","2018-07-03","CUPE.20180123.SURBER.6",,,"CERSP10","Y","Ceratopogoninae sp.",,"subfamily","Arthropoda","Hexapoda","Insecta","Pterygota","Neoptera","Holometabola","Diptera","Nematocera","Culicomorpha",,"Ceratopogonidae","Ceratopogoninae",,,,"sp.",,"larva",4,,1,50,2,"N","N",,"condition OK","Y",,"Merritt and Cummins 2008","N","EcoAnalysts Inc.","K. Guild",,,
"c8963587-1d07-4724-8ed9-728ac167edb5","D04","CUPE","CUPE.AOS.reach","2018-01-23T11:21Z","2018-07-02","CUPE.20180123.SURBER.2",,,"LEPSP4","Y","Leptophlebiidae sp.",,"family","Arthropoda","Hexapoda","Insecta","Pterygota","Palaeoptera",,"Ephemeroptera","Furcatergalia","Lanceolata",,"Leptophlebiidae",,,,,"sp.",,"larva",3,,5,100,5,"N","N",,"condition OK","Y",,"Peters 1971","N","EcoAnalysts Inc.","K. Guild",,,
"588115be-d52e-4880-ba75-09478ec9fea7","D04","CUPE","CUPE.AOS.reach","2018-01-23T11:21Z","2018-07-30","CUPE.20180123.SURBER.2",,,"TIPSP","Y","Tipulidae sp.",,"family","Arthropoda","Hexapoda","Insecta","Pterygota","Neoptera","Holometabola","Diptera","Nematocera","Tipulomorpha",,"Tipulidae",,,,,"sp.",,"pupa",1,,1,100,1,"N","N",,"condition OK","Y",,"Merritt and Cummins 2008","N","EcoAnalysts Inc.","K. Guild",,,
"546cfa06-ed40-4b2e-ac51-81bc7b89d8f1","D04","CUPE","CUPE.AOS.reach","2018-01-23T11:21Z","2018-07-02","CUPE.20180123.SURBER.5",,,"HEXSP4","Y","Hexacylloepus sp.",,"genus","Arthropoda","Hexapoda","Insecta","Pterygota","Neoptera","Holometabola","Coleoptera","Polyphaga","Elateriformia","Byrrhoidea","Elmidae","Elminae","Elmini",,"Hexacylloepus","sp.",,"larva",1,,4,100,4,"N","N",,"condition OK","Y",,"Shepard & Megna 2006; Manzo 2005 & 2013","N","EcoAnalysts Inc.","K. Guild",,,
"7f48701f-a200-4fef-99f1-db8669367be3","D04","CUPE","CUPE.AOS.reach","2018-01-23T11:21Z","2018-07-24","CUPE.20180123.SURBER.6",,,"STESP10","Y","Stempellinella sp.",,"genus","Arthropoda","Hexapoda","Insecta","Pterygota","Neoptera","Holometabola","Diptera","Nematocera","Culicomorpha",,"Chironomidae","Chironominae","Tanytarsini",,"Stempellinella","sp.",,"larva",3,,1,50,2,"N","N",,"condition OK","Y",,"Epler 2001","N","EcoAnalysts Inc.","W. Hoiland",,,
"8d2b4bb8-28a6-4e2b-9018-97470e535e50","D04","CUPE","CUPE.AOS.reach","2018-01-23T11:21Z","2018-07-02","CUPE.20180123.SURBER.4",,,"ACASP1","Y","Acari sp.",,"subclass","Arthropoda","Chelicerata","Arachnida","Acari",,,,,,,,,,,,"sp.",,"adult",1,,2,100,2,"N","N",,"condition OK","Y",,"Thorp and Covich 2001","N","EcoAnalysts Inc.","K. Guild",,,
"58b22c9c-21bd-4d1c-a04f-fecf2e7d4ef0","D04","CUPE","CUPE.AOS.reach","2018-01-23T11:21Z","2018-07-26","CUPE.20180123.SURBER.2",,,"PENSP7","Y","Pentaneura sp.",,"genus","Arthropoda","Hexapoda","Insecta","Pterygota","Neoptera","Holometabola","Diptera","Nematocera","Culicomorpha",,"Chironomidae","Tanypodinae","Pentaneurini",,"Pentaneura","sp.",,"larva",2,,2,100,2,"N","N",,"condition OK","Y",,"Epler 2001, and Maschwitz and Cook 2000","N","EcoAnalysts Inc.","W. Hoiland",,,
"f7b47b1b-7df4-40f7-9bef-efd71de7dc9a","D04","CUPE","CUPE.AOS.reach","2018-01-23T11:21Z","2018-07-24","CUPE.20180123.SURBER.1",,,"CRISP6","Y","Cricotopus/Orthocladius sp.",,"speciesGroup","Arthropoda","Hexapoda","Insecta","Pterygota","Neoptera","Holometabola","Diptera","Nematocera","Culicomorpha",,"Chironomidae","Orthocladiinae",,,"Cricotopus/Orthocladius","sp.",,"larva",2,,1,100,1,"N","N",,"damaged, affecting measurement","N",,"Epler 2001, and Maschwitz and Cook 2000","N","EcoAnalysts Inc.","W. Hoiland",,,
"8a841a2c-1ba2-4ed1-a45c-42b3dd53d89a","D04","CUPE","CUPE.AOS.reach","2018-01-23T11:21Z","2018-07-03","CUPE.20180123.SURBER.6",,,"PARPOR","Y","Paracloeodes portoricensis",,"species","Arthropoda","Hexapoda","Insecta","Pterygota","Palaeoptera",,"Ephemeroptera","Pisciforma",,,"Baetidae",,,,"Paracloeodes","portoricensis",,"larva",3,,1,50,2,"N","N",,"condition OK","Y",,"Lugo-Ortiz & McCafferty 1996","N","EcoAnalysts Inc.","K. Guild",,,
"9a338007-e2bf-4803-97fb-fd3d24d56d3e","D04","CUPE","CUPE.AOS.reach","2018-01-23T11:21Z","2018-07-03","CUPE.20180123.SURBER.7",,,"FARSP","Y","Farrodes sp.",,"genus","Arthropoda","Hexapoda","Insecta","Pterygota","Palaeoptera",,"Ephemeroptera","Furcatergalia","Lanceolata",,"Leptophlebiidae",,,,"Farrodes","sp.",,"larva",4,,2,100,2,"N","N",,"condition OK","Y",,"Peters 1971","Y","EcoAnalysts Inc.","K. Guild",,,
"f9bd8b74-0000-46f8-8490-3df125851717","D04","CUPE","CUPE.AOS.reach","2018-01-23T11:21Z","2018-07-02","CUPE.20180123.SURBER.5",,,"FALSP","Y","Fallceon sp.",,"genus","Arthropoda","Hexapoda","Insecta","Pterygota","Palaeoptera",,"Ephemeroptera","Pisciforma",,,"Baetidae",,,,"Fallceon","sp.",,"larva",2,,1,100,1,"N","N",,"condition OK","Y",,"Gonzalez-Lazo & Salles 2007;Gonzalez-Lazo & Naranjo 2007","N","EcoAnalysts Inc.","K. Guild",,,
"4790a370-d5a2-481d-9808-772b9e95de59","D04","CUPE","CUPE.AOS.reach","2018-01-23T11:21Z","2018-07-03","CUPE.20180123.SURBER.7",,,"FALSP","Y","Fallceon sp.",,"genus","Arthropoda","Hexapoda","Insecta","Pterygota","Palaeoptera",,"Ephemeroptera","Pisciforma",,,"Baetidae",,,,"Fallceon","sp.",,"larva",4,,1,100,1,"N","N",,"condition OK","Y",,"Gonzalez-Lazo & Salles 2007;Gonzalez-Lazo & Naranjo 2007","Y","EcoAnalysts Inc.","K. Guild",,,
"184e1f79-1c8c-4add-adbc-18b2046a84eb","D04","CUPE","CUPE.AOS.reach","2018-01-23T11:21Z","2018-07-02","CUPE.20180123.SURBER.5",,,"FALSP","Y","Fallceon sp.",,"genus","Arthropoda","Hexapoda","Insecta","Pterygota","Palaeoptera",,"Ephemeroptera","Pisciforma",,,"Baetidae",,,,"Fallceon","sp.",,"larva",1,,2,100,2,"N","N",,"condition OK","Y",,"Gonzalez-Lazo & Salles 2007;Gonzalez-Lazo & Naranjo 2007","N","EcoAnalysts Inc.","K. Guild",,,
"efa392c5-f11a-484f-a668-b19aa72aafa7","D04","CUPE","CUPE.AOS.reach","2018-01-23T11:21Z","2018-07-03","CUPE.20180123.SURBER.6",,,"FALSP","Y","Fallceon sp.",,"genus","Arthropoda","Hexapoda","Insecta","Pterygota","Palaeoptera",,"Ephemeroptera","Pisciforma",,,"Baetidae",,,,"Fallceon","sp.",,"larva",1,,2,50,4,"N","N",,"damaged, affecting measurement","Y",,"Gonzalez-Lazo & Salles 2007;Gonzalez-Lazo & Naranjo 2007","N","EcoAnalysts Inc.","K. Guild",,,
"74b70940-bfc4-4ada-88f6-24b83791dac8","D04","CUPE","CUPE.AOS.reach","2018-01-23T11:21Z","2018-07-03","CUPE.20180123.SURBER.8",,,"POLSP5","Y","Polycentropodidae sp.",,"family","Arthropoda","Hexapoda","Insecta","Pterygota","Neoptera","Holometabola","Trichoptera",,,"Hydropsychoidea","Polycentropodidae",,,,,"sp.",,"larva",1,,1,100,1,"N","N",,"damaged, affecting measurement","Y",,"Wiggins 1996","N","EcoAnalysts Inc.","K. Guild",,,
"d95df58e-034b-40ac-8b03-a371bcd4f22d","D04","CUPE","CUPE.AOS.reach","2018-01-23T11:21Z","2018-07-24","CUPE.20180123.SURBER.1",,,"CRISP2","Y","Cricotopus sp.",,"genus","Arthropoda","Hexapoda","Insecta","Pterygota","Neoptera","Holometabola","Diptera","Nematocera","Culicomorpha",,"Chironomidae","Orthocladiinae",,,"Cricotopus","sp.",,"larva",3,,2,100,2,"N","N",,"damaged, affecting measurement","Y",,"Epler 2001, and Maschwitz and Cook 2000","N","EcoAnalysts Inc.","W. Hoiland",,,
"b7cb2beb-a7f1-4be8-b3d2-846c538a50b6","D04","CUPE","CUPE.AOS.reach","2018-01-23T11:21Z","2018-07-02","CUPE.20180123.SURBER.5",,,"HEXSP3","Y","Hexatoma sp.",,"genus","Arthropoda","Hexapoda","Insecta","Pterygota","Neoptera","Holometabola","Diptera","Nematocera","Tipulomorpha",,"Tipulidae","Limoniinae","Hexatomini",,"Hexatoma","sp.",,"larva",5,,1,100,1,"N","N",,"condition OK","Y",,"Merritt and Cummins 2008","N","EcoAnalysts Inc.","K. Guild",,,
"15d924cb-b8b1-493a-b6a9-1cad42a90955","D04","CUPE","CUPE.AOS.reach","2018-01-23T11:21Z","2018-07-25","CUPE.20180123.SURBER.3",,,"TANSP8","Y","Tanytarsini sp.",,"tribe","Arthropoda","Hexapoda","Insecta","Pterygota","Neoptera","Holometabola","Diptera","Nematocera","Culicomorpha",,"Chironomidae","Chironominae","Tanytarsini",,,"sp.",,"larva",3,,14,100,14,"N","N",,"condition OK","Y",,"Epler 2001","N","EcoAnalysts Inc.","W. Hoiland",,,
"5d041f98-fa03-44e6-bee4-505f2cb78d60","D04","CUPE","CUPE.AOS.reach","2018-01-23T11:21Z","2018-07-02","CUPE.20180123.SURBER.3",,,"NEOSP27","Y","Neoelmis sp.",,"genus","Arthropoda","Hexapoda","Insecta","Pterygota","Neoptera","Holometabola","Coleoptera","Polyphaga","Elateriformia","Byrrhoidea","Elmidae","Elminae","Elmini",,"Neoelmis","sp.",,"larva",3,,1,100,1,"N","N",,"condition OK","Y",,"Manzo 2005 & 2013","N","EcoAnalysts Inc.","K. Guild",,,
"3f8d296f-5412-4521-822e-20b5686ed179","D04","CUPE","CUPE.AOS.reach","2018-01-23T11:21Z","2018-07-02","CUPE.20180123.SURBER.5",,,"LEPSP4","Y","Leptophlebiidae sp.",,"family","Arthropoda","Hexapoda","Insecta","Pterygota","Palaeoptera",,"Ephemeroptera","Furcatergalia","Lanceolata",,"Leptophlebiidae",,,,,"sp.",,"larva",1,,7,100,7,"N","N",,"condition OK","Y",,"Peters 1971","N","EcoAnalysts Inc.","K. Guild",,,
"efbf0f6c-4b9e-4ccc-8306-85676b1b865a","D04","CUPE","CUPE.AOS.reach","2018-01-23T11:21Z","2018-07-02","CUPE.20180123.SURBER.4",,,"PHASP11","Y","Phanocerus sp.",,"genus","Arthropoda","Hexapoda","Insecta","Pterygota","Neoptera","Holometabola","Coleoptera","Polyphaga","Elateriformia","Byrrhoidea","Elmidae","Larainae",,,"Phanocerus","sp.",,"larva",2,,1,100,1,"N","N",,"condition OK","Y",,"Shepard & Megna 2006","N","EcoAnalysts Inc.","K. Guild",,,
"bd1f536b-5bee-4524-b2ad-93a51032e11e","D04","CUPE","CUPE.AOS.reach","2018-01-23T11:21Z","2018-07-02","CUPE.20180123.SURBER.2",,,"NEOSP27","Y","Neoelmis sp.",,"genus","Arthropoda","Hexapoda","Insecta","Pterygota","Neoptera","Holometabola","Coleoptera","Polyphaga","Elateriformia","Byrrhoidea","Elmidae","Elminae","Elmini",,"Neoelmis","sp.",,"larva",2,,1,100,1,"N","N",,"condition OK","Y",,"Manzo 2005 & 2013","N","EcoAnalysts Inc.","K. Guild",,,
"3451a4ef-584b-422d-bd9f-3caa3c8c5f14","D04","CUPE","CUPE.AOS.reach","2018-01-23T11:21Z","2018-07-02","CUPE.20180123.SURBER.1",,,"HEXSP4","Y","Hexacylloepus sp.",,"genus","Arthropoda","Hexapoda","Insecta","Pterygota","Neoptera","Holometabola","Coleoptera","Polyphaga","Elateriformia","Byrrhoidea","Elmidae","Elminae","Elmini",,"Hexacylloepus","sp.",,"larva",1,,8,100,8,"N","N",,"condition OK","Y",,"Shepard & Megna 2006; Manzo 2005 & 2013","N","EcoAnalysts Inc.","K. Guild",,,
"d5ea3792-408e-4588-aa19-24ec09cce98f","D04","CUPE","CUPE.AOS.reach","2018-01-23T11:21Z","2018-07-02","CUPE.20180123.SURBER.3",,,"TURSP","Y","Turbellaria sp.",,"class","Platyhelminthes",,"Turbellaria",,,,,,,,,,,,,"sp.",,"larva",1,,1,100,1,"N","N",,"condition OK","Y",,"Thorp and Covich 2001","N","EcoAnalysts Inc.","K. Guild",,,
"c9a8779e-009d-45c1-b5a0-ef5604ef6f2a","D04","CUPE","CUPE.AOS.reach","2018-01-23T11:21Z","2018-07-02","CUPE.20180123.SURBER.5",,,"LIBSP","Y","Libellulidae sp.",,"family","Arthropoda","Hexapoda","Insecta","Pterygota","Palaeoptera",,"Odonata","Anisoptera",,,"Libellulidae",,,,,"sp.",,"larva",2,,1,100,1,"N","N",,"condition OK","Y",,"Needham, Westfall and May 2000","N","EcoAnalysts Inc.","K. Guild",,,
"283f0273-cb09-434f-9703-c194a06a25b1","D04","CUPE","CUPE.AOS.reach","2018-01-23T11:21Z","2018-07-03","CUPE.20180123.SURBER.8",,,"PARPOR","Y","Paracloeodes portoricensis",,"species","Arthropoda","Hexapoda","Insecta","Pterygota","Palaeoptera",,"Ephemeroptera","Pisciforma",,,"Baetidae",,,,"Paracloeodes","portoricensis",,"larva",1,,3,100,3,"N","N",,"damaged, affecting measurement","Y",,"Lugo-Ortiz & McCafferty 1996","N","EcoAnalysts Inc.","K. Guild",,,
"0673a9fa-1e83-4150-a584-ef2be056c0f9","D04","CUPE","CUPE.AOS.reach","2018-01-23T11:21Z","2018-07-02","CUPE.20180123.SURBER.3",,,"NEOSP27","Y","Neoelmis sp.",,"genus","Arthropoda","Hexapoda","Insecta","Pterygota","Neoptera","Holometabola","Coleoptera","Polyphaga","Elateriformia","Byrrhoidea","Elmidae","Elminae","Elmini",,"Neoelmis","sp.",,"adult",2,,11,100,11,"N","N",,"condition OK","Y",,"Manzo 2005 & 2013","N","EcoAnalysts Inc.","K. Guild",,,
"21697dc5-0e5f-41a1-b4f9-ba7abeb16ab4","D04","CUPE","CUPE.AOS.reach","2018-01-23T11:21Z","2018-07-24","CUPE.20180123.SURBER.1",,,"RHEEXI","Y","Rheotanytarsus exiguus gr.",,"speciesGroup","Arthropoda","Hexapoda","Insecta","Pterygota","Neoptera","Holometabola","Diptera","Nematocera","Culicomorpha",,"Chironomidae","Chironominae","Tanytarsini",,"Rheotanytarsus","exiguus gr.",,"larva",3,,2,100,2,"N","N",,"damaged, affecting measurement","Y",,"Epler 2001","N","EcoAnalysts Inc.","W. Hoiland",,,
"109885ec-a048-45c6-a46e-a23635c86351","D04","CUPE","CUPE.AOS.reach","2018-01-23T11:21Z","2018-07-02","CUPE.20180123.SURBER.2",,,"LEPSP4","Y","Leptophlebiidae sp.",,"family","Arthropoda","Hexapoda","Insecta","Pterygota","Palaeoptera",,"Ephemeroptera","Furcatergalia","Lanceolata",,"Leptophlebiidae",,,,,"sp.",,"larva",1,,2,100,2,"N","N",,"damaged, affecting measurement","Y",,"Peters 1971","N","EcoAnalysts Inc.","K. Guild",,,
"d0517bef-48f7-47e9-bade-31ab6617218a","D04","CUPE","CUPE.AOS.reach","2018-01-23T11:21Z","2018-07-03","CUPE.20180123.SURBER.7",,,"FARSP","Y","Farrodes sp.",,"genus","Arthropoda","Hexapoda","Insecta","Pterygota","Palaeoptera",,"Ephemeroptera","Furcatergalia","Lanceolata",,"Leptophlebiidae",,,,"Farrodes","sp.",,"larva",5,,1,100,1,"N","N",,"condition OK","Y",,"Peters 1971","Y","EcoAnalysts Inc.","K. Guild",,,
"1b59f6d9-ae1b-45eb-a460-071742a0af97","D04","CUPE","CUPE.AOS.reach","2018-01-23T11:21Z","2018-07-03","CUPE.20180123.SURBER.7",,,"PHASP11","Y","Phanocerus sp.",,"genus","Arthropoda","Hexapoda","Insecta","Pterygota","Neoptera","Holometabola","Coleoptera","Polyphaga","Elateriformia","Byrrhoidea","Elmidae","Larainae",,,"Phanocerus","sp.",,"larva",3,,2,100,2,"N","N",,"condition OK","Y",,"Shepard & Megna 2006","Y","EcoAnalysts Inc.","K. Guild",,,
"bac0e94b-ead5-426f-9700-21f822c09b0f","D04","CUPE","CUPE.AOS.reach","2018-01-23T11:21Z","2018-07-03","CUPE.20180123.SURBER.6",,,"NEOSP27","Y","Neoelmis sp.",,"genus","Arthropoda","Hexapoda","Insecta","Pterygota","Neoptera","Holometabola","Coleoptera","Polyphaga","Elateriformia","Byrrhoidea","Elmidae","Elminae","Elmini",,"Neoelmis","sp.",,"larva",4,,2,50,4,"N","N",,"condition OK","Y",,"Manzo 2005 & 2013","N","EcoAnalysts Inc.","K. Guild",,,
"0c7a9bed-1c87-49f0-99e2-33fe3be62cf4","D04","CUPE","CUPE.AOS.reach","2018-01-23T11:21Z","2018-07-02","CUPE.20180123.SURBER.4",,,"TURSP","Y","Turbellaria sp.",,"class","Platyhelminthes",,"Turbellaria",,,,,,,,,,,,,"sp.",,"larva",1,,1,100,1,"N","N",,"condition OK","Y",,"Thorp and Covich 2001","N","EcoAnalysts Inc.","K. Guild",,,
"b0eeef4e-3a45-432b-91a8-ff917a196770","D04","CUPE","CUPE.AOS.reach","2018-01-23T11:21Z","2018-07-25","CUPE.20180123.SURBER.8",,,"THISP2","Y","Thienemanniella sp.",,"genus","Arthropoda","Hexapoda","Insecta","Pterygota","Neoptera","Holometabola","Diptera","Nematocera","Culicomorpha",,"Chironomidae","Orthocladiinae",,,"Thienemanniella","sp.",,"larva",3,,1,100,1,"N","N",,"condition OK","Y",,"Epler 2001","N","EcoAnalysts Inc.","W. Hoiland",,,
"ceec68ea-60ea-434b-adf6-e62ff7307f15","D04","CUPE","CUPE.AOS.reach","2018-01-23T11:21Z","2018-07-02","CUPE.20180123.SURBER.2",,,"LIBSP","Y","Libellulidae sp.",,"family","Arthropoda","Hexapoda","Insecta","Pterygota","Palaeoptera",,"Odonata","Anisoptera",,,"Libellulidae",,,,,"sp.",,"larva",1,,1,100,1,"N","N",,"condition OK","Y",,"Needham, Westfall and May 2000","N","EcoAnalysts Inc.","K. Guild",,,
"c11d62ca-be82-4911-bd38-4b4dd098e5e0","D04","CUPE","CUPE.AOS.reach","2018-01-23T11:21Z","2018-07-03","CUPE.20180123.SURBER.7",,,"LEPSP4","Y","Leptophlebiidae sp.",,"family","Arthropoda","Hexapoda","Insecta","Pterygota","Palaeoptera",,"Ephemeroptera","Furcatergalia","Lanceolata",,"Leptophlebiidae",,,,,"sp.",,"larva",1,,37,100,37,"N","N",,"condition OK","Y",,"Peters 1971","Y","EcoAnalysts Inc.","K. Guild",,,
"a30a1043-90dd-4845-a751-664842c8532c","D04","CUPE","CUPE.AOS.reach","2018-01-23T11:21Z","2018-07-02","CUPE.20180123.SURBER.1",,,"HEXSP4","Y","Hexacylloepus sp.",,"genus","Arthropoda","Hexapoda","Insecta","Pterygota","Neoptera","Holometabola","Coleoptera","Polyphaga","Elateriformia","Byrrhoidea","Elmidae","Elminae","Elmini",,"Hexacylloepus","sp.",,"larva",1,,4,100,4,"N","N",,"damaged, affecting measurement","Y",,"Shepard & Megna 2006; Manzo 2005 & 2013","N","EcoAnalysts Inc.","K. Guild",,,
"87a50be9-b7f9-48cb-9f30-d2a0f6014e7e","D04","CUPE","CUPE.AOS.reach","2018-01-23T11:21Z","2018-07-24","CUPE.20180123.SURBER.3",,,"CRISP2","Y","Cricotopus sp.",,"genus","Arthropoda","Hexapoda","Insecta","Pterygota","Neoptera","Holometabola","Diptera","Nematocera","Culicomorpha",,"Chironomidae","Orthocladiinae",,,"Cricotopus","sp.",,"larva",3,,8,100,8,"N","N",,"condition OK","Y",,"Epler 2001, and Maschwitz and Cook 2000","N","EcoAnalysts Inc.","W. Hoiland",,,
"0209c179-af74-463a-87fa-f06af7994649","D04","CUPE","CUPE.AOS.reach","2018-01-23T11:21Z","2018-07-03","CUPE.20180123.SURBER.8",,,"LEPSP4","Y","Leptophlebiidae sp.",,"family","Arthropoda","Hexapoda","Insecta","Pterygota","Palaeoptera",,"Ephemeroptera","Furcatergalia","Lanceolata",,"Leptophlebiidae",,,,,"sp.",,"larva",3,,12,100,12,"N","N",,"condition OK","Y",,"Peters 1971","N","EcoAnalysts Inc.","K. Guild",,,
"efba7f81-e779-4cc8-9ed0-94b04f087710","D04","CUPE","CUPE.AOS.reach","2018-01-23T11:21Z","2018-07-03","CUPE.20180123.SURBER.8",,,"TIPSP","Y","Tipulidae sp.",,"family","Arthropoda","Hexapoda","Insecta","Pterygota","Neoptera","Holometabola","Diptera","Nematocera","Tipulomorpha",,"Tipulidae",,,,,"sp.",,"pupa",3,,1,100,1,"N","N",,"condition OK","Y",,"Merritt and Cummins 2008","N","EcoAnalysts Inc.","K. Guild",,,
"038b2294-0e64-46ce-b072-0f5fb29286f6","D04","CUPE","CUPE.AOS.reach","2018-01-23T11:21Z","2018-07-02","CUPE.20180123.SURBER.3",,,"CARSP14","Y","Cariboptila sp.",,"genus","Arthropoda","Hexapoda","Insecta","Pterygota","Neoptera","Holometabola","Trichoptera",,,"Glossosomatoidea","Glossosomatidae","Protoptilinae",,,"Cariboptila","sp.",,"larva",2,,1,100,1,"N","N",,"condition OK","Y",,"Flint 1964","N","EcoAnalysts Inc.","K. Guild",,,
"47345387-620f-44cd-8685-59cb63025578","D04","CUPE","CUPE.AOS.reach","2018-01-23T11:21Z","2018-07-25","CUPE.20180123.SURBER.4",,,"TANSP8","Y","Tanytarsini sp.",,"tribe","Arthropoda","Hexapoda","Insecta","Pterygota","Neoptera","Holometabola","Diptera","Nematocera","Culicomorpha",,"Chironomidae","Chironominae","Tanytarsini",,,"sp.",,"larva",2,,9,100,9,"N","N",,"condition OK","Y",,"Epler 2001","N","EcoAnalysts Inc.","W. Hoiland",,,
"c670c143-dd4e-485c-b07a-e853df6c6e19","D04","CUPE","CUPE.AOS.reach","2018-01-23T11:21Z","2018-07-25","CUPE.20180123.SURBER.8",,,"CRISP2","Y","Cricotopus sp.",,"genus","Arthropoda","Hexapoda","Insecta","Pterygota","Neoptera","Holometabola","Diptera","Nematocera","Culicomorpha",,"Chironomidae","Orthocladiinae",,,"Cricotopus","sp.",,"larva",4,,1,100,1,"N","N",,"condition OK","Y",,"Epler 2001, and Maschwitz and Cook 2000","N","EcoAnalysts Inc.","W. Hoiland",,,
"07df7ca2-2a7d-4ecc-b29b-ff229642a25b","D04","CUPE","CUPE.AOS.reach","2018-01-23T11:21Z","2018-07-02","CUPE.20180123.SURBER.5",,,"ATRSP3","Y","Atractides sp.",,"genus","Arthropoda","Chelicerata","Arachnida","Acari",,"Acariformes","Trombidiformes","Prostigmata",,"Hygrobatoidea","Hygrobatidae",,,,"Atractides","sp.",,"adult",1,,2,100,2,"N","N",,"condition OK","Y",,"Thorp and Covich 2001","N","EcoAnalysts Inc.","K. Guild",,,
"61e7fef3-d1b0-4f38-b4f2-de7ea2de9031","D04","CUPE","CUPE.AOS.reach","2018-01-23T11:21Z","2018-07-25","CUPE.20180123.SURBER.8",,,"CRISP6","Y","Cricotopus/Orthocladius sp.",,"speciesGroup","Arthropoda","Hexapoda","Insecta","Pterygota","Neoptera","Holometabola","Diptera","Nematocera","Culicomorpha",,"Chironomidae","Orthocladiinae",,,"Cricotopus/Orthocladius","sp.",,"larva",4,,1,100,1,"N","N",,"condition OK","Y",,"Epler 2001, and Maschwitz and Cook 2000","N","EcoAnalysts Inc.","W. Hoiland",,,
"d9b5740c-43b8-4850-b8e1-c87864df80ce","D04","CUPE","CUPE.AOS.reach","2018-01-23T11:21Z","2018-07-02","CUPE.20180123.SURBER.1",,,"EPISIN","Y","Epilobocera sinuatifrons",,"species","Arthropoda","Crustacea","Malacostraca","Eumalacostraca",,"Eucarida","Decapoda","Pleocyemata","Brachyura","Pseudothelphusoidea","Pseudothelphusidae",,,,"Epilobocera","sinuatifrons",,"adult",6,,1,100,1,"N","N",,"condition OK","Y",,"EPA Identification Manual #9","N","EcoAnalysts Inc.","K. Guild",,,
"0080cb99-6c27-4955-8d8a-e56b1baa154f","D04","CUPE","CUPE.AOS.reach","2018-01-23T11:21Z","2018-07-25","CUPE.20180123.SURBER.7",,,"CORSP19","Y","Corynoneura sp.",,"genus","Arthropoda","Hexapoda","Insecta","Pterygota","Neoptera","Holometabola","Diptera","Nematocera","Culicomorpha",,"Chironomidae","Orthocladiinae",,,"Corynoneura","sp.",,"larva",3,,1,100,1,"N","N",,"condition OK","Y",,"Epler 2001","Y","EcoAnalysts Inc.","W. Hoiland",,,
"fc0f587a-2263-4423-ba09-e66e1910e667","D04","CUPE","CUPE.AOS.reach","2018-01-23T11:21Z","2018-07-03","CUPE.20180123.SURBER.8",,,"FARSP","Y","Farrodes sp.",,"genus","Arthropoda","Hexapoda","Insecta","Pterygota","Palaeoptera",,"Ephemeroptera","Furcatergalia","Lanceolata",,"Leptophlebiidae",,,,"Farrodes","sp.",,"larva",5,,1,100,1,"N","N",,"condition OK","Y",,"Peters 1971","N","EcoAnalysts Inc.","K. Guild",,,
"6f3e81bc-3c3d-4fa7-b938-4b8db4d9ecab","D04","CUPE","CUPE.AOS.reach","2018-01-23T11:21Z","2018-07-02","CUPE.20180123.SURBER.5",,,"NEOIRI","Y","Neotrichia iridescens",,"species","Arthropoda","Hexapoda","Insecta","Pterygota","Neoptera","Holometabola","Trichoptera",,,"Hydroptiloidea","Hydroptilidae","Hydroptilinae","Neotrichiini",,"Neotrichia","iridescens",,"larva",1,,1,100,1,"N","N",,"condition OK","Y",,"Flint 1964","N","EcoAnalysts Inc.","K. Guild",,,
"fb339f77-1010-4079-9428-35e253351cf7","D04","CUPE","CUPE.AOS.reach","2018-01-23T11:21Z","2018-07-02","CUPE.20180123.SURBER.2",,,"LEPSP4","Y","Leptophlebiidae sp.",,"family","Arthropoda","Hexapoda","Insecta","Pterygota","Palaeoptera",,"Ephemeroptera","Furcatergalia","Lanceolata",,"Leptophlebiidae",,,,,"sp.",,"larva",2,,3,100,3,"N","N",,"damaged, affecting measurement","Y",,"Peters 1971","N","EcoAnalysts Inc.","K. Guild",,,
"3aa1419d-c4a7-4d57-a39a-27356f02bfa3","D04","CUPE","CUPE.AOS.reach","2018-01-23T11:21Z","2018-07-25","CUPE.20180123.SURBER.7",,,"PARSP26","Y","Parametriocnemus sp.",,"genus","Arthropoda","Hexapoda","Insecta","Pterygota","Neoptera","Holometabola","Diptera","Nematocera","Culicomorpha",,"Chironomidae","Orthocladiinae",,,"Parametriocnemus","sp.",,"larva",4,,1,100,1,"N","N",,"condition OK","Y",,"Epler 2001","Y","EcoAnalysts Inc.","W. Hoiland",,,
"976ad6f1-3e1e-4d54-b0e4-2bd12747dbb2","D04","CUPE","CUPE.AOS.reach","2018-01-23T11:21Z","2018-07-02","CUPE.20180123.SURBER.2",,,"ACASP1","Y","Acari sp.",,"subclass","Arthropoda","Chelicerata","Arachnida","Acari",,,,,,,,,,,,"sp.",,"adult",1,,6,100,6,"N","N",,"condition OK","Y",,"Thorp and Covich 2001","N","EcoAnalysts Inc.","K. Guild",,,
"5a75d4e5-e12b-41e3-ae1d-a2d4ac7013f3","D04","CUPE","CUPE.AOS.reach","2018-01-23T11:21Z","2018-07-02","CUPE.20180123.SURBER.2",,,"FALSP","Y","Fallceon sp.",,"genus","Arthropoda","Hexapoda","Insecta","Pterygota","Palaeoptera",,"Ephemeroptera","Pisciforma",,,"Baetidae",,,,"Fallceon","sp.",,"larva",1,,3,100,3,"N","N",,"damaged, affecting measurement","Y",,"Gonzalez-Lazo & Salles 2007;Gonzalez-Lazo & Naranjo 2007","N","EcoAnalysts Inc.","K. Guild",,,
"e17e5c34-810c-4735-ac94-4f485205d2fd","D04","CUPE","CUPE.AOS.reach","2018-01-23T11:21Z","2018-07-02","CUPE.20180123.SURBER.3",,,"HEXSP4","Y","Hexacylloepus sp.",,"genus","Arthropoda","Hexapoda","Insecta","Pterygota","Neoptera","Holometabola","Coleoptera","Polyphaga","Elateriformia","Byrrhoidea","Elmidae","Elminae","Elmini",,"Hexacylloepus","sp.",,"larva",2,,7,100,7,"N","N",,"condition OK","Y",,"Shepard & Megna 2006; Manzo 2005 & 2013","N","EcoAnalysts Inc.","K. Guild",,,
"ad125b97-3f54-4f72-a61a-760b9d364c83","D04","CUPE","CUPE.AOS.reach","2018-01-23T11:21Z","2018-07-03","CUPE.20180123.SURBER.8",,,"NEOSP27","Y","Neoelmis sp.",,"genus","Arthropoda","Hexapoda","Insecta","Pterygota","Neoptera","Holometabola","Coleoptera","Polyphaga","Elateriformia","Byrrhoidea","Elmidae","Elminae","Elmini",,"Neoelmis","sp.",,"adult",1,,1,100,1,"N","N",,"condition OK","Y",,"Manzo 2005 & 2013","N","EcoAnalysts Inc.","K. Guild",,,
"4b4331bf-e1eb-486c-94da-78da08d0b6d8","D04","CUPE","CUPE.AOS.reach","2018-01-23T11:21Z","2018-07-02","CUPE.20180123.SURBER.2",,,"HEXSP4","Y","Hexacylloepus sp.",,"genus","Arthropoda","Hexapoda","Insecta","Pterygota","Neoptera","Holometabola","Coleoptera","Polyphaga","Elateriformia","Byrrhoidea","Elmidae","Elminae","Elmini",,"Hexacylloepus","sp.",,"larva",1,,1,100,1,"N","N",,"damaged, affecting measurement","Y",,"Shepard & Megna 2006; Manzo 2005 & 2013","N","EcoAnalysts Inc.","K. Guild",,,
"c957a186-1331-4630-aa76-ef1dbf213355","D04","CUPE","CUPE.AOS.reach","2018-01-23T11:21Z","2018-07-26","CUPE.20180123.SURBER.8",,,"PENSP7","Y","Pentaneura sp.",,"genus","Arthropoda","Hexapoda","Insecta","Pterygota","Neoptera","Holometabola","Diptera","Nematocera","Culicomorpha",,"Chironomidae","Tanypodinae","Pentaneurini",,"Pentaneura","sp.",,"larva",3,,6,100,6,"N","N",,"condition OK","Y",,"Epler 2001, and Maschwitz and Cook 2000","N","EcoAnalysts Inc.","W. Hoiland",,,
"85d59437-5001-442c-8967-1011793b1349","D04","CUPE","CUPE.AOS.reach","2018-01-23T11:21Z","2018-07-24","CUPE.20180123.SURBER.1",,,"RHESP1","Y","Rheocricotopus sp.",,"genus","Arthropoda","Hexapoda","Insecta","Pterygota","Neoptera","Holometabola","Diptera","Nematocera","Culicomorpha",,"Chironomidae","Orthocladiinae",,,"Rheocricotopus","sp.",,"larva",4,,1,100,1,"N","N",,"condition OK","Y",,"Epler 2001","N","EcoAnalysts Inc.","W. Hoiland",,,
"195b2bd8-d4eb-4447-b116-e2145ef9f15d","D04","CUPE","CUPE.AOS.reach","2018-01-23T11:21Z","2018-07-02","CUPE.20180123.SURBER.3",,,"LIBSP","Y","Libellulidae sp.",,"family","Arthropoda","Hexapoda","Insecta","Pterygota","Palaeoptera",,"Odonata","Anisoptera",,,"Libellulidae",,,,,"sp.",,"larva",1,,1,100,1,"N","N",,"condition OK","Y",,"Needham, Westfall and May 2000","N","EcoAnalysts Inc.","K. Guild",,,
"b603abeb-22cc-4b1e-a165-57cef4060c3c","D04","CUPE","CUPE.AOS.reach","2018-01-23T11:21Z","2018-07-03","CUPE.20180123.SURBER.6",,,"HEXSP4","Y","Hexacylloepus sp.",,"genus","Arthropoda","Hexapoda","Insecta","Pterygota","Neoptera","Holometabola","Coleoptera","Polyphaga","Elateriformia","Byrrhoidea","Elmidae","Elminae","Elmini",,"Hexacylloepus","sp.",,"larva",3,,4,50,8,"N","N",,"condition OK","Y",,"Shepard & Megna 2006; Manzo 2005 & 2013","N","EcoAnalysts Inc.","K. Guild",,,
"afd35319-9395-45ea-adc4-986e56bbe9b9","D04","CUPE","CUPE.AOS.reach","2018-01-23T11:21Z","2018-07-03","CUPE.20180123.SURBER.6",,,"TURSP","Y","Turbellaria sp.",,"class","Platyhelminthes",,"Turbellaria",,,,,,,,,,,,,"sp.",,"larva",2,,1,50,2,"N","N",,"condition OK","Y",,"Thorp and Covich 2001","N","EcoAnalysts Inc.","K. Guild",,,
"79c18937-4dfd-4a43-a4d1-854dec76ed70","D04","CUPE","CUPE.AOS.reach","2018-01-23T11:21Z","2018-07-02","CUPE.20180123.SURBER.5",,,"FALSP","Y","Fallceon sp.",,"genus","Arthropoda","Hexapoda","Insecta","Pterygota","Palaeoptera",,"Ephemeroptera","Pisciforma",,,"Baetidae",,,,"Fallceon","sp.",,"larva",3,,2,100,2,"N","N",,"condition OK","Y",,"Gonzalez-Lazo & Salles 2007;Gonzalez-Lazo & Naranjo 2007","N","EcoAnalysts Inc.","K. Guild",,,
"1ffec0ad-896d-40ff-b016-84636990c6c1","D04","CUPE","CUPE.AOS.reach","2018-01-23T11:21Z","2018-07-02","CUPE.20180123.SURBER.4",,,"FALSP","Y","Fallceon sp.",,"genus","Arthropoda","Hexapoda","Insecta","Pterygota","Palaeoptera",,"Ephemeroptera","Pisciforma",,,"Baetidae",,,,"Fallceon","sp.",,"larva",1,,1,100,1,"N","N",,"condition OK","Y",,"Gonzalez-Lazo & Salles 2007;Gonzalez-Lazo & Naranjo 2007","N","EcoAnalysts Inc.","K. Guild",,,
"8bbbd830-a21f-42cf-bc40-43b6c494c7a8","D04","CUPE","CUPE.AOS.reach","2018-01-23T11:21Z","2018-07-03","CUPE.20180123.SURBER.8",,,"LEPSP4","Y","Leptophlebiidae sp.",,"family","Arthropoda","Hexapoda","Insecta","Pterygota","Palaeoptera",,"Ephemeroptera","Furcatergalia","Lanceolata",,"Leptophlebiidae",,,,,"sp.",,"larva",1,,7,100,7,"N","N",,"condition OK","Y",,"Peters 1971","N","EcoAnalysts Inc.","K. Guild",,,
"afc42506-f871-49df-85b0-b86146230a7c","D04","CUPE","CUPE.AOS.reach","2018-01-23T11:21Z","2018-07-02","CUPE.20180123.SURBER.5",,,"NEOSP27","Y","Neoelmis sp.",,"genus","Arthropoda","Hexapoda","Insecta","Pterygota","Neoptera","Holometabola","Coleoptera","Polyphaga","Elateriformia","Byrrhoidea","Elmidae","Elminae","Elmini",,"Neoelmis","sp.",,"larva",1,,1,100,1,"N","N",,"condition OK","Y",,"Manzo 2005 & 2013","N","EcoAnalysts Inc.","K. Guild",,,
"b8f55d39-a1de-474b-9df0-5aa6f791e812","D04","CUPE","CUPE.AOS.reach","2018-01-23T11:21Z","2018-07-25","CUPE.20180123.SURBER.5",,,"TANSP8","Y","Tanytarsini sp.",,"tribe","Arthropoda","Hexapoda","Insecta","Pterygota","Neoptera","Holometabola","Diptera","Nematocera","Culicomorpha",,"Chironomidae","Chironominae","Tanytarsini",,,"sp.",,"larva",2,,7,100,7,"N","N",,"condition OK","Y",,"Epler 2001","N","EcoAnalysts Inc.","W. Hoiland",,,
"a58f5795-c282-432f-bfd6-232a33e31b62","D04","CUPE","CUPE.AOS.reach","2018-01-23T11:21Z","2018-07-03","CUPE.20180123.SURBER.8",,,"ATOTRI","Y","Atopsyche trifida",,"species","Arthropoda","Hexapoda","Insecta","Pterygota","Neoptera","Holometabola","Trichoptera",,,"Rhyacophiloidea","Hydrobiosidae","Hydrobiosinae","Hydrobiosini",,"Atopsyche","trifida",,"larva",10,,1,100,1,"N","N",,"condition OK","Y",,"Flint 1964","N","EcoAnalysts Inc.","K. Guild",,,
"cf313df4-1886-4642-98eb-e738df9b57c5","D04","CUPE","CUPE.AOS.reach","2018-01-23T11:21Z","2018-07-02","CUPE.20180123.SURBER.1",,,"PARPOR","Y","Paracloeodes portoricensis",,"species","Arthropoda","Hexapoda","Insecta","Pterygota","Palaeoptera",,"Ephemeroptera","Pisciforma",,,"Baetidae",,,,"Paracloeodes","portoricensis",,"larva",2,,1,100,1,"N","N",,"condition OK","Y",,"Lugo-Ortiz & McCafferty 1996","N","EcoAnalysts Inc.","K. Guild",,,
"02ea657f-9d5c-44c1-a449-41b79bba313e","D04","CUPE","CUPE.AOS.reach","2018-01-23T11:21Z","2018-07-02","CUPE.20180123.SURBER.5",,,"LEPSP4","Y","Leptophlebiidae sp.",,"family","Arthropoda","Hexapoda","Insecta","Pterygota","Palaeoptera",,"Ephemeroptera","Furcatergalia","Lanceolata",,"Leptophlebiidae",,,,,"sp.",,"larva",2,,8,100,8,"N","N",,"condition OK","Y",,"Peters 1971","N","EcoAnalysts Inc.","K. Guild",,,
"fe398f3e-32e7-4703-85b7-95f211aa4cfc","D04","CUPE","CUPE.AOS.reach","2018-01-23T11:21Z","2018-07-02","CUPE.20180123.SURBER.1",,,"TURSP","Y","Turbellaria sp.",,"class","Platyhelminthes",,"Turbellaria",,,,,,,,,,,,,"sp.",,"larva",1,,1,100,1,"N","N",,"condition OK","Y",,"Thorp and Covich 2001","N","EcoAnalysts Inc.","K. Guild",,,
"8945cb9c-e41a-48e8-9b04-018885bfcb7a","D04","CUPE","CUPE.AOS.reach","2018-01-23T11:21Z","2018-07-02","CUPE.20180123.SURBER.1",,,"NEOIRI","Y","Neotrichia iridescens",,"species","Arthropoda","Hexapoda","Insecta","Pterygota","Neoptera","Holometabola","Trichoptera",,,"Hydroptiloidea","Hydroptilidae","Hydroptilinae","Neotrichiini",,"Neotrichia","iridescens",,"larva",2,,1,100,1,"N","N",,"condition OK","Y",,"Flint 1964","N","EcoAnalysts Inc.","K. Guild",,,
"1e359fe8-125c-4314-a833-230291afebb7","D04","CUPE","CUPE.AOS.reach","2018-01-23T11:21Z","2018-07-03","CUPE.20180123.SURBER.8",,,"HEXSP4","Y","Hexacylloepus sp.",,"genus","Arthropoda","Hexapoda","Insecta","Pterygota","Neoptera","Holometabola","Coleoptera","Polyphaga","Elateriformia","Byrrhoidea","Elmidae","Elminae","Elmini",,"Hexacylloepus","sp.",,"larva",3,,5,100,5,"N","N",,"condition OK","Y",,"Shepard & Megna 2006; Manzo 2005 & 2013","N","EcoAnalysts Inc.","K. Guild",,,
"46017626-e06d-4341-8082-f036f5b650bc","D04","CUPE","CUPE.AOS.reach","2018-01-23T11:21Z","2018-07-02","CUPE.20180123.SURBER.1",,,"FALSP","Y","Fallceon sp.",,"genus","Arthropoda","Hexapoda","Insecta","Pterygota","Palaeoptera",,"Ephemeroptera","Pisciforma",,,"Baetidae",,,,"Fallceon","sp.",,"larva",5,,1,100,1,"N","N",,"condition OK","Y",,"Gonzalez-Lazo & Salles 2007;Gonzalez-Lazo & Naranjo 2007","N","EcoAnalysts Inc.","K. Guild",,,
"e221dad0-dff7-4c2f-9bd6-c2b366b3ea43","D04","CUPE","CUPE.AOS.reach","2018-01-23T11:21Z","2018-07-03","CUPE.20180123.SURBER.6",,,"PHASP11","Y","Phanocerus sp.",,"genus","Arthropoda","Hexapoda","Insecta","Pterygota","Neoptera","Holometabola","Coleoptera","Polyphaga","Elateriformia","Byrrhoidea","Elmidae","Larainae",,,"Phanocerus","sp.",,"larva",2,,4,50,8,"N","N",,"condition OK","Y",,"Shepard & Megna 2006","N","EcoAnalysts Inc.","K. Guild",,,
"a2a664cd-c81e-490e-893b-0e484e6fa2bb","D04","CUPE","CUPE.AOS.reach","2018-01-23T11:21Z","2018-07-03","CUPE.20180123.SURBER.6",,,"NEOSP27","Y","Neoelmis sp.",,"genus","Arthropoda","Hexapoda","Insecta","Pterygota","Neoptera","Holometabola","Coleoptera","Polyphaga","Elateriformia","Byrrhoidea","Elmidae","Elminae","Elmini",,"Neoelmis","sp.",,"adult",1,,1,50,2,"N","N",,"condition OK","Y",,"Manzo 2005 & 2013","N","EcoAnalysts Inc.","K. Guild",,,
"d982d3cd-dc9a-4c9e-85ec-2330415eb1b7","D04","CUPE","CUPE.AOS.reach","2018-01-23T11:21Z","2018-07-02","CUPE.20180123.SURBER.5",,,"NEOSP27","Y","Neoelmis sp.",,"genus","Arthropoda","Hexapoda","Insecta","Pterygota","Neoptera","Holometabola","Coleoptera","Polyphaga","Elateriformia","Byrrhoidea","Elmidae","Elminae","Elmini",,"Neoelmis","sp.",,"larva",4,,1,100,1,"N","N",,"condition OK","Y",,"Manzo 2005 & 2013","N","EcoAnalysts Inc.","K. Guild",,,
"82cd0700-7095-4bcd-9f81-341c3f771cc9","D04","CUPE","CUPE.AOS.reach","2018-01-23T11:21Z","2018-07-03","CUPE.20180123.SURBER.7",,,"BAESP","Y","Baetidae sp.",,"family","Arthropoda","Hexapoda","Insecta","Pterygota","Palaeoptera",,"Ephemeroptera","Pisciforma",,,"Baetidae",,,,,"sp.",,"larva",1,,1,100,1,"Y","N",,"condition OK","N",,"Gonzalez-Lazo & Naranjo 2007","Y","EcoAnalysts Inc.","K. Guild",,,
"a7ef9a13-7e51-42b8-b6ab-d9511e1a36a6","D04","CUPE","CUPE.AOS.reach","2018-01-23T11:21Z","2018-07-02","CUPE.20180123.SURBER.1",,,"EMPSP","Y","Empididae sp.",,"family","Arthropoda","Hexapoda","Insecta","Pterygota","Neoptera","Holometabola","Diptera","Brachycera","Muscomorpha",,"Empididae",,,,,"sp.",,"larva",1,,3,100,3,"N","N",,"condition OK","Y",,"Merritt and Cummins 2008","N","EcoAnalysts Inc.","K. Guild",,,
"b195989c-cb5b-4721-af4a-1e04da97de22","D04","CUPE","CUPE.AOS.reach","2018-01-23T11:21Z","2018-07-03","CUPE.20180123.SURBER.6",,,"NEOSP27","Y","Neoelmis sp.",,"genus","Arthropoda","Hexapoda","Insecta","Pterygota","Neoptera","Holometabola","Coleoptera","Polyphaga","Elateriformia","Byrrhoidea","Elmidae","Elminae","Elmini",,"Neoelmis","sp.",,"adult",2,,18,50,36,"N","N",,"condition OK","Y",,"Manzo 2005 & 2013","N","EcoAnalysts Inc.","K. Guild",,,
"035750bd-7cc3-403e-a8ca-e41b5af5d193","D04","CUPE","CUPE.AOS.reach","2018-01-23T11:21Z","2018-07-03","CUPE.20180123.SURBER.8",,,"FALSP","Y","Fallceon sp.",,"genus","Arthropoda","Hexapoda","Insecta","Pterygota","Palaeoptera",,"Ephemeroptera","Pisciforma",,,"Baetidae",,,,"Fallceon","sp.",,"larva",2,,1,100,1,"N","N",,"damaged, affecting measurement","Y",,"Gonzalez-Lazo & Salles 2007;Gonzalez-Lazo & Naranjo 2007","N","EcoAnalysts Inc.","K. Guild",,,
"e17d93f3-a094-4b19-88d4-4dc320f49629","D04","CUPE","CUPE.AOS.reach","2018-01-23T11:21Z","2018-07-02","CUPE.20180123.SURBER.1",,,"NEOSP27","Y","Neoelmis sp.",,"genus","Arthropoda","Hexapoda","Insecta","Pterygota","Neoptera","Holometabola","Coleoptera","Polyphaga","Elateriformia","Byrrhoidea","Elmidae","Elminae","Elmini",,"Neoelmis","sp.",,"larva",1,,1,100,1,"N","N",,"condition OK","Y",,"Manzo 2005 & 2013","N","EcoAnalysts Inc.","K. Guild",,,
"fa9eae1e-b130-4ff0-943a-be52b1a8cb8c","D04","CUPE","CUPE.AOS.reach","2018-01-23T11:21Z","2018-07-25","CUPE.20180123.SURBER.7",,,"TANSP8","Y","Tanytarsini sp.",,"tribe","Arthropoda","Hexapoda","Insecta","Pterygota","Neoptera","Holometabola","Diptera","Nematocera","Culicomorpha",,"Chironomidae","Chironominae","Tanytarsini",,,"sp.",,"larva",2,,19,100,19,"N","N",,"condition OK","Y",,"Epler 2001","Y","EcoAnalysts Inc.","W. Hoiland",,,
"12372613-a4af-4a72-b659-d65d04d4eee1","D04","CUPE","CUPE.AOS.reach","2018-01-23T11:21Z","2018-07-03","CUPE.20180123.SURBER.6",,,"TURSP","Y","Turbellaria sp.",,"class","Platyhelminthes",,"Turbellaria",,,,,,,,,,,,,"sp.",,"larva",5,,1,50,2,"N","N",,"condition OK","Y",,"Thorp and Covich 2001","N","EcoAnalysts Inc.","K. Guild",,,
"5e7938f5-8007-4047-b846-5d2bc690c32e","D04","CUPE","CUPE.AOS.reach","2018-01-23T11:21Z","2018-07-03","CUPE.20180123.SURBER.7",,,"PHASP11","Y","Phanocerus sp.",,"genus","Arthropoda","Hexapoda","Insecta","Pterygota","Neoptera","Holometabola","Coleoptera","Polyphaga","Elateriformia","Byrrhoidea","Elmidae","Larainae",,,"Phanocerus","sp.",,"larva",2,,2,100,2,"N","N",,"condition OK","Y",,"Shepard & Megna 2006","Y","EcoAnalysts Inc.","K. Guild",,,
"64474c7f-f7f1-45b0-9abd-b6edff8b2b9f","D04","CUPE","CUPE.AOS.reach","2018-01-23T11:21Z","2018-07-02","CUPE.20180123.SURBER.5",,,"ACASP1","Y","Acari sp.",,"subclass","Arthropoda","Chelicerata","Arachnida","Acari",,,,,,,,,,,,"sp.",,"adult",1,,7,100,7,"N","N",,"condition OK","Y",,"Thorp and Covich 2001","N","EcoAnalysts Inc.","K. Guild",,,
"58470bf0-c6ca-4860-8636-c964272f64f1","D04","CUPE","CUPE.AOS.reach","2018-01-23T11:21Z","2018-07-02","CUPE.20180123.SURBER.2",,,"LEPSP4","Y","Leptophlebiidae sp.",,"family","Arthropoda","Hexapoda","Insecta","Pterygota","Palaeoptera",,"Ephemeroptera","Furcatergalia","Lanceolata",,"Leptophlebiidae",,,,,"sp.",,"larva",2,,5,100,5,"N","N",,"condition OK","Y",,"Peters 1971","N","EcoAnalysts Inc.","K. Guild",,,
"bd4dd433-eeba-497b-ad70-ede191f261eb","D04","CUPE","CUPE.AOS.reach","2018-01-23T11:21Z","2018-07-02","CUPE.20180123.SURBER.3",,,"TURSP","Y","Turbellaria sp.",,"class","Platyhelminthes",,"Turbellaria",,,,,,,,,,,,,"sp.",,"larva",3,,2,100,2,"N","N",,"condition OK","Y",,"Thorp and Covich 2001","N","EcoAnalysts Inc.","K. Guild",,,
"b2f388dc-ea2e-4bd2-a130-4767b575bf99","D04","CUPE","CUPE.AOS.reach","2018-01-23T11:21Z","2018-07-02","CUPE.20180123.SURBER.5",,,"EMPSP","Y","Empididae sp.",,"family","Arthropoda","Hexapoda","Insecta","Pterygota","Neoptera","Holometabola","Diptera","Brachycera","Muscomorpha",,"Empididae",,,,,"sp.",,"larva",2,,1,100,1,"N","N",,"condition OK","Y",,"Merritt and Cummins 2008","N","EcoAnalysts Inc.","K. Guild",,,
"98a6b8df-2142-49fc-9ae9-b63a58e2d50f","D04","CUPE","CUPE.AOS.reach","2018-01-23T11:21Z","2018-07-03","CUPE.20180123.SURBER.6",,,"FARSP","Y","Farrodes sp.",,"genus","Arthropoda","Hexapoda","Insecta","Pterygota","Palaeoptera",,"Ephemeroptera","Furcatergalia","Lanceolata",,"Leptophlebiidae",,,,"Farrodes","sp.",,"larva",5,,1,50,2,"N","N",,"condition OK","Y",,"Peters 1971","N","EcoAnalysts Inc.","K. Guild",,,
"24e9ffe4-f676-48e5-8c74-59d2d6b43e3d","D04","CUPE","CUPE.AOS.reach","2018-01-23T11:21Z","2018-07-02","CUPE.20180123.SURBER.3",,,"FALSP","Y","Fallceon sp.",,"genus","Arthropoda","Hexapoda","Insecta","Pterygota","Palaeoptera",,"Ephemeroptera","Pisciforma",,,"Baetidae",,,,"Fallceon","sp.",,"larva",1,,3,100,3,"N","N",,"condition OK","Y",,"Gonzalez-Lazo & Salles 2007;Gonzalez-Lazo & Naranjo 2007","N","EcoAnalysts Inc.","K. Guild",,,
"aad72d10-e956-4bba-9c9a-000575c2e402","D04","CUPE","CUPE.AOS.reach","2018-01-23T11:21Z","2018-07-03","CUPE.20180123.SURBER.6",,,"FALSP","Y","Fallceon sp.",,"genus","Arthropoda","Hexapoda","Insecta","Pterygota","Palaeoptera",,"Ephemeroptera","Pisciforma",,,"Baetidae",,,,"Fallceon","sp.",,"larva",1,,2,50,4,"N","N",,"condition OK","Y",,"Gonzalez-Lazo & Salles 2007;Gonzalez-Lazo & Naranjo 2007","N","EcoAnalysts Inc.","K. Guild",,,
"0ad1f156-5c59-45f0-aeaf-0dbf9f8c8945","D04","CUPE","CUPE.AOS.reach","2018-01-23T11:21Z","2018-07-03","CUPE.20180123.SURBER.6",,,"EMPSP","Y","Empididae sp.",,"family","Arthropoda","Hexapoda","Insecta","Pterygota","Neoptera","Holometabola","Diptera","Brachycera","Muscomorpha",,"Empididae",,,,,"sp.",,"larva",1,,3,50,6,"N","N",,"condition OK","Y",,"Merritt and Cummins 2008","N","EcoAnalysts Inc.","K. Guild",,,
"67d68dfe-3d94-4308-91f2-0f8d73fdd17f","D04","CUPE","CUPE.AOS.reach","2018-01-23T11:21Z","2018-07-02","CUPE.20180123.SURBER.5",,,"NEOSP27","Y","Neoelmis sp.",,"genus","Arthropoda","Hexapoda","Insecta","Pterygota","Neoptera","Holometabola","Coleoptera","Polyphaga","Elateriformia","Byrrhoidea","Elmidae","Elminae","Elmini",,"Neoelmis","sp.",,"adult",1,,1,100,1,"N","N",,"condition OK","Y",,"Manzo 2005 & 2013","N","EcoAnalysts Inc.","K. Guild",,,
"5f704e15-f121-4a08-8d95-b47b0b541a4c","D04","CUPE","CUPE.AOS.reach","2018-01-23T11:21Z","2018-07-03","CUPE.20180123.SURBER.6",,,"SIMSP1","Y","Simulium sp.",,"genus","Arthropoda","Hexapoda","Insecta","Pterygota","Neoptera","Holometabola","Diptera","Nematocera","Culicomorpha",,"Simuliidae","Simuliinae","Simuliini",,"Simulium","sp.",,"pupa",2,,1,50,2,"N","N",,"condition OK","Y",,"Merritt and Cummins 2008","N","EcoAnalysts Inc.","K. Guild",,,
"729cb214-4552-4da2-a972-4f5541f3da7e","D04","CUPE","CUPE.AOS.reach","2018-01-23T11:21Z","2018-07-02","CUPE.20180123.SURBER.3",,,"NEOSP27","Y","Neoelmis sp.",,"genus","Arthropoda","Hexapoda","Insecta","Pterygota","Neoptera","Holometabola","Coleoptera","Polyphaga","Elateriformia","Byrrhoidea","Elmidae","Elminae","Elmini",,"Neoelmis","sp.",,"adult",1,,6,100,6,"N","N",,"condition OK","Y",,"Manzo 2005 & 2013","N","EcoAnalysts Inc.","K. Guild",,,
"84cca6ed-c943-42c4-9d25-ff60d26873d3","D04","CUPE","CUPE.AOS.reach","2018-01-23T11:21Z","2018-07-03","CUPE.20180123.SURBER.8",,,"CERSP10","Y","Ceratopogoninae sp.",,"subfamily","Arthropoda","Hexapoda","Insecta","Pterygota","Neoptera","Holometabola","Diptera","Nematocera","Culicomorpha",,"Ceratopogonidae","Ceratopogoninae",,,,"sp.",,"larva",3,,1,100,1,"N","N",,"condition OK","Y",,"Merritt and Cummins 2008","N","EcoAnalysts Inc.","K. Guild",,,
"800a1eb0-7f2b-4407-a8cc-58e263571157","D04","CUPE","CUPE.AOS.reach","2018-01-23T11:21Z","2018-07-02","CUPE.20180123.SURBER.5",,,"HEXSP4","Y","Hexacylloepus sp.",,"genus","Arthropoda","Hexapoda","Insecta","Pterygota","Neoptera","Holometabola","Coleoptera","Polyphaga","Elateriformia","Byrrhoidea","Elmidae","Elminae","Elmini",,"Hexacylloepus","sp.",,"larva",3,,3,100,3,"N","N",,"condition OK","Y",,"Shepard & Megna 2006; Manzo 2005 & 2013","N","EcoAnalysts Inc.","K. Guild",,,
"ede210ba-e104-41c2-9a28-3fc7ad4809e3","D04","CUPE","CUPE.AOS.reach","2018-01-23T11:21Z","2018-07-03","CUPE.20180123.SURBER.7",,,"HEXSP4","Y","Hexacylloepus sp.",,"genus","Arthropoda","Hexapoda","Insecta","Pterygota","Neoptera","Holometabola","Coleoptera","Polyphaga","Elateriformia","Byrrhoidea","Elmidae","Elminae","Elmini",,"Hexacylloepus","sp.",,"larva",3,,5,100,5,"N","N",,"condition OK","Y",,"Shepard & Megna 2006; Manzo 2005 & 2013","Y","EcoAnalysts Inc.","K. Guild",,,
"dc9696db-b323-4702-aa04-47870e19bf1e","D04","CUPE","CUPE.AOS.reach","2018-01-23T11:21Z","2018-07-03","CUPE.20180123.SURBER.7",,,"PARPOR","Y","Paracloeodes portoricensis",,"species","Arthropoda","Hexapoda","Insecta","Pterygota","Palaeoptera",,"Ephemeroptera","Pisciforma",,,"Baetidae",,,,"Paracloeodes","portoricensis",,"larva",1,,2,100,2,"N","N",,"damaged, affecting measurement","Y",,"Lugo-Ortiz & McCafferty 1996","Y","EcoAnalysts Inc.","K. Guild",,,
"cd19ee4a-501b-47ff-8b52-5d767720dfe1","D04","CUPE","CUPE.AOS.reach","2018-01-23T11:21Z","2018-07-24","CUPE.20180123.SURBER.6",,,"THISP2","Y","Thienemanniella sp.",,"genus","Arthropoda","Hexapoda","Insecta","Pterygota","Neoptera","Holometabola","Diptera","Nematocera","Culicomorpha",,"Chironomidae","Orthocladiinae",,,"Thienemanniella","sp.",,"larva",3,,3,50,6,"N","N",,"condition OK","Y",,"Epler 2001","N","EcoAnalysts Inc.","W. Hoiland",,,
"4d13a7a9-a525-4627-8fa9-dad7e15177e6","D04","CUPE","CUPE.AOS.reach","2018-01-23T11:21Z","2018-07-03","CUPE.20180123.SURBER.7",,,"FALSP","Y","Fallceon sp.",,"genus","Arthropoda","Hexapoda","Insecta","Pterygota","Palaeoptera",,"Ephemeroptera","Pisciforma",,,"Baetidae",,,,"Fallceon","sp.",,"larva",1,,2,100,2,"N","N",,"damaged, affecting measurement","Y",,"Gonzalez-Lazo & Salles 2007;Gonzalez-Lazo & Naranjo 2007","Y","EcoAnalysts Inc.","K. Guild",,,
"aecb3315-7cb1-4049-bab4-69179668d650","D04","CUPE","CUPE.AOS.reach","2018-01-23T11:21Z","2018-07-25","CUPE.20180123.SURBER.7",,,"PENSP6","Y","Pentaneurini sp.",,"tribe","Arthropoda","Hexapoda","Insecta","Pterygota","Neoptera","Holometabola","Diptera","Nematocera","Culicomorpha",,"Chironomidae","Tanypodinae","Pentaneurini",,,"sp.",,"pupa",4,,1,100,1,"Y","N",,"damaged, affecting taxonomy","N",,"Epler 2001","Y","EcoAnalysts Inc.","W. Hoiland",,,
"623f7e44-8694-4afc-bdb9-4f7d2080bea5","D04","CUPE","CUPE.AOS.reach","2018-01-23T11:21Z","2018-07-24","CUPE.20180123.SURBER.4",,"CUPE.20180123.SURBER.4.STENOCHIRONOMUS SP.","STESP8","Y","Stenochironomus sp.",,"genus","Arthropoda","Hexapoda","Insecta","Pterygota","Neoptera","Holometabola","Diptera","Nematocera","Culicomorpha",,"Chironomidae","Chironominae","Chironomini",,"Stenochironomus","sp.",,"larva",4,,1,100,1,"N","N",,"condition OK","Y",,"Epler 2001","N","EcoAnalysts Inc.","W. Hoiland",,,
"3880df26-b4b6-453d-9c06-bf3c863db0e5","D04","CUPE","CUPE.AOS.reach","2018-01-23T11:21Z","2018-07-02","CUPE.20180123.SURBER.3",,,"ACASP1","Y","Acari sp.",,"subclass","Arthropoda","Chelicerata","Arachnida","Acari",,,,,,,,,,,,"sp.",,"adult",1,,1,100,1,"N","N",,"condition OK","Y",,"Thorp and Covich 2001","N","EcoAnalysts Inc.","K. Guild",,,
"f98706f3-81b7-489d-b3b7-04175b02053c","D04","CUPE","CUPE.AOS.reach","2018-01-23T11:21Z","2018-07-02","CUPE.20180123.SURBER.3",,,"LEPSP4","Y","Leptophlebiidae sp.",,"family","Arthropoda","Hexapoda","Insecta","Pterygota","Palaeoptera",,"Ephemeroptera","Furcatergalia","Lanceolata",,"Leptophlebiidae",,,,,"sp.",,"larva",2,,1,100,1,"N","N",,"damaged, affecting measurement","Y",,"Peters 1971","N","EcoAnalysts Inc.","K. Guild",,,
"bbe316bd-c55d-49bf-a198-392aa9c53a64","D04","CUPE","CUPE.AOS.reach","2018-01-23T11:21Z","2018-07-02","CUPE.20180123.SURBER.2",,,"NEOSP27","Y","Neoelmis sp.",,"genus","Arthropoda","Hexapoda","Insecta","Pterygota","Neoptera","Holometabola","Coleoptera","Polyphaga","Elateriformia","Byrrhoidea","Elmidae","Elminae","Elmini",,"Neoelmis","sp.",,"larva",3,,1,100,1,"N","N",,"condition OK","Y",,"Manzo 2005 & 2013","N","EcoAnalysts Inc.","K. Guild",,,
"ce843158-5f28-4166-af35-74d80c5e2e37","D04","CUPE","CUPE.AOS.reach","2018-01-23T11:21Z","2018-07-02","CUPE.20180123.SURBER.5",,,"LEPSP4","Y","Leptophlebiidae sp.",,"family","Arthropoda","Hexapoda","Insecta","Pterygota","Palaeoptera",,"Ephemeroptera","Furcatergalia","Lanceolata",,"Leptophlebiidae",,,,,"sp.",,"larva",1,,2,100,2,"N","N",,"damaged, affecting measurement","Y",,"Peters 1971","N","EcoAnalysts Inc.","K. Guild",,,
"8cdd4d24-06c6-464b-a670-11f93ce1de36","D04","CUPE","CUPE.AOS.reach","2018-01-23T11:21Z","2018-07-24","CUPE.20180123.SURBER.5",,"CUPE.20180123.SURBER.5.PARATENDIPES SP.","PARSP33","Y","Paratendipes sp.",,"genus","Arthropoda","Hexapoda","Insecta","Pterygota","Neoptera","Holometabola","Diptera","Nematocera","Culicomorpha",,"Chironomidae","Chironominae","Chironomini",,"Paratendipes","sp.",,"larva",4,,1,100,1,"N","N",,"condition OK","Y",,"Epler 2001, and Maschwitz and Cook 2000","N","EcoAnalysts Inc.","W. Hoiland",,,
"ad192a9f-89ff-492c-83bf-e660212229f5","D04","CUPE","CUPE.AOS.reach","2018-01-23T11:21Z","2018-07-02","CUPE.20180123.SURBER.2",,,"FARSP","Y","Farrodes sp.",,"genus","Arthropoda","Hexapoda","Insecta","Pterygota","Palaeoptera",,"Ephemeroptera","Furcatergalia","Lanceolata",,"Leptophlebiidae",,,,"Farrodes","sp.",,"larva",6,,1,100,1,"N","N",,"condition OK","Y",,"Peters 1971","N","EcoAnalysts Inc.","K. Guild",,,
"de1435b5-31f6-42ba-a30d-a80957fb3934","D04","CUPE","CUPE.AOS.reach","2018-01-23T11:21Z","2018-07-26","CUPE.20180123.SURBER.3",,,"PENSP7","Y","Pentaneura sp.",,"genus","Arthropoda","Hexapoda","Insecta","Pterygota","Neoptera","Holometabola","Diptera","Nematocera","Culicomorpha",,"Chironomidae","Tanypodinae","Pentaneurini",,"Pentaneura","sp.",,"larva",2,,1,100,1,"N","N",,"condition OK","Y",,"Epler 2001, and Maschwitz and Cook 2000","N","EcoAnalysts Inc.","W. Hoiland",,,
"5bcab2d9-149d-4d65-bb65-2e5ae6ef18e0","D04","CUPE","CUPE.AOS.reach","2018-01-23T11:21Z","2018-07-02","CUPE.20180123.SURBER.1",,,"PHASP11","Y","Phanocerus sp.",,"genus","Arthropoda","Hexapoda","Insecta","Pterygota","Neoptera","Holometabola","Coleoptera","Polyphaga","Elateriformia","Byrrhoidea","Elmidae","Larainae",,,"Phanocerus","sp.",,"larva",3,,1,100,1,"N","N",,"condition OK","Y",,"Shepard & Megna 2006","N","EcoAnalysts Inc.","K. Guild",,,
"e610a2a0-5991-406d-aa7c-579799910d7e","D04","CUPE","CUPE.AOS.reach","2018-01-23T11:21Z","2018-07-02","CUPE.20180123.SURBER.1",,,"ATOTRI","Y","Atopsyche trifida",,"species","Arthropoda","Hexapoda","Insecta","Pterygota","Neoptera","Holometabola","Trichoptera",,,"Rhyacophiloidea","Hydrobiosidae","Hydrobiosinae","Hydrobiosini",,"Atopsyche","trifida",,"larva",1,,1,100,1,"N","N",,"damaged, affecting measurement","Y",,"Flint 1964","N","EcoAnalysts Inc.","K. Guild",,,
"a9dda67e-3fca-4a2c-a3d9-8775a154a993","D04","CUPE","CUPE.AOS.reach","2018-01-23T11:21Z","2018-07-26","CUPE.20180123.SURBER.4",,,"PENSP7","Y","Pentaneura sp.",,"genus","Arthropoda","Hexapoda","Insecta","Pterygota","Neoptera","Holometabola","Diptera","Nematocera","Culicomorpha",,"Chironomidae","Tanypodinae","Pentaneurini",,"Pentaneura","sp.",,"larva",3,,1,100,1,"N","N",,"condition OK","Y",,"Epler 2001, and Maschwitz and Cook 2000","N","EcoAnalysts Inc.","W. Hoiland",,,
"6c77db89-eb32-4915-aca0-8e307d821f99","D04","CUPE","CUPE.AOS.reach","2018-01-23T11:21Z","2018-07-03","CUPE.20180123.SURBER.7",,,"FALSP","Y","Fallceon sp.",,"genus","Arthropoda","Hexapoda","Insecta","Pterygota","Palaeoptera",,"Ephemeroptera","Pisciforma",,,"Baetidae",,,,"Fallceon","sp.",,"larva",3,,5,100,5,"N","N",,"condition OK","Y",,"Gonzalez-Lazo & Salles 2007;Gonzalez-Lazo & Naranjo 2007","Y","EcoAnalysts Inc.","K. Guild",,,
"0652caef-3439-4839-aedc-b14a44301e15","D04","CUPE","CUPE.AOS.reach","2018-01-23T11:21Z","2018-07-25","CUPE.20180123.SURBER.7",,,"TANSP11","Y","Tanytarsus sp.",,"genus","Arthropoda","Hexapoda","Insecta","Pterygota","Neoptera","Holometabola","Diptera","Nematocera","Culicomorpha",,"Chironomidae","Chironominae","Tanytarsini",,"Tanytarsus","sp.",,"larva",3,,4,100,4,"N","N",,"condition OK","Y",,"Epler 2001","Y","EcoAnalysts Inc.","W. Hoiland",,,
"72229ee5-6c36-43fd-8b44-04ef4f282421","D04","CUPE","CUPE.AOS.reach","2018-01-23T11:21Z","2018-07-03","CUPE.20180123.SURBER.6",,,"CERSP10","Y","Ceratopogoninae sp.",,"subfamily","Arthropoda","Hexapoda","Insecta","Pterygota","Neoptera","Holometabola","Diptera","Nematocera","Culicomorpha",,"Ceratopogonidae","Ceratopogoninae",,,,"sp.",,"larva",5,,2,50,4,"N","N",,"condition OK","Y",,"Merritt and Cummins 2008","N","EcoAnalysts Inc.","K. Guild",,,
"5a8a3096-6337-4b01-ac51-a3e3afbba919","D04","CUPE","CUPE.AOS.reach","2018-01-23T11:21Z","2018-07-02","CUPE.20180123.SURBER.1",,,"EMPSP","Y","Empididae sp.",,"family","Arthropoda","Hexapoda","Insecta","Pterygota","Neoptera","Holometabola","Diptera","Brachycera","Muscomorpha",,"Empididae",,,,,"sp.",,"pupa",2,,1,100,1,"N","N",,"condition OK","Y",,"Merritt and Cummins 2008","N","EcoAnalysts Inc.","K. Guild",,,
"2d23d40c-9f95-4955-8db7-bd8ae8f48e39","D04","CUPE","CUPE.AOS.reach","2018-01-23T11:21Z","2018-07-03","CUPE.20180123.SURBER.7",,,"PARPOR","Y","Paracloeodes portoricensis",,"species","Arthropoda","Hexapoda","Insecta","Pterygota","Palaeoptera",,"Ephemeroptera","Pisciforma",,,"Baetidae",,,,"Paracloeodes","portoricensis",,"larva",1,,7,100,7,"N","N",,"condition OK","Y",,"Lugo-Ortiz & McCafferty 1996","Y","EcoAnalysts Inc.","K. Guild",,,
"667d3eee-f923-4b30-9483-9fe9b1aaa3d6","D04","CUPE","CUPE.AOS.reach","2018-01-23T11:21Z","2018-07-02","CUPE.20180123.SURBER.5",,,"HEXSP4","Y","Hexacylloepus sp.",,"genus","Arthropoda","Hexapoda","Insecta","Pterygota","Neoptera","Holometabola","Coleoptera","Polyphaga","Elateriformia","Byrrhoidea","Elmidae","Elminae","Elmini",,"Hexacylloepus","sp.",,"larva",1,,1,100,1,"N","N",,"damaged, affecting measurement","Y",,"Shepard & Megna 2006; Manzo 2005 & 2013","N","EcoAnalysts Inc.","K. Guild",,,
"12c58546-40e6-470e-8557-203f012cadd4","D04","CUPE","CUPE.AOS.reach","2018-01-23T11:21Z","2018-07-25","CUPE.20180123.SURBER.7",,,"PARSP26","Y","Parametriocnemus sp.",,"genus","Arthropoda","Hexapoda","Insecta","Pterygota","Neoptera","Holometabola","Diptera","Nematocera","Culicomorpha",,"Chironomidae","Orthocladiinae",,,"Parametriocnemus","sp.",,"larva",2,,1,100,1,"N","N",,"condition OK","Y",,"Epler 2001","Y","EcoAnalysts Inc.","W. Hoiland",,,
"5ca917db-38cc-491b-9ff6-cdc0d89a22c8","D04","CUPE","CUPE.AOS.reach","2018-01-23T11:21Z","2018-07-03","CUPE.20180123.SURBER.6",,,"PHASP11","Y","Phanocerus sp.",,"genus","Arthropoda","Hexapoda","Insecta","Pterygota","Neoptera","Holometabola","Coleoptera","Polyphaga","Elateriformia","Byrrhoidea","Elmidae","Larainae",,,"Phanocerus","sp.",,"larva",4,,1,50,2,"N","N",,"condition OK","Y",,"Shepard & Megna 2006","N","EcoAnalysts Inc.","K. Guild",,,
"53bb4577-f565-4834-b035-c001eb316c58","D04","CUPE","CUPE.AOS.reach","2018-01-23T11:21Z","2018-07-02","CUPE.20180123.SURBER.2",,,"HEXSP4","Y","Hexacylloepus sp.",,"genus","Arthropoda","Hexapoda","Insecta","Pterygota","Neoptera","Holometabola","Coleoptera","Polyphaga","Elateriformia","Byrrhoidea","Elmidae","Elminae","Elmini",,"Hexacylloepus","sp.",,"larva",3,,4,100,4,"N","N",,"condition OK","Y",,"Shepard & Megna 2006; Manzo 2005 & 2013","N","EcoAnalysts Inc.","K. Guild",,,
"c17d240a-c82d-4018-a564-284d25a37d20","D04","CUPE","CUPE.AOS.reach","2018-01-23T11:21Z","2018-07-02","CUPE.20180123.SURBER.4",,,"LEPSP","Y","Lepidoptera sp.",,"order","Arthropoda","Hexapoda","Insecta","Pterygota","Neoptera","Holometabola","Lepidoptera",,,,,,,,,"sp.",,"larva",1,,1,100,1,"N","N",,"condition OK","Y",,"Merritt and Cummins 2008","N","EcoAnalysts Inc.","K. Guild",,,
"1c9c7e2d-c66b-4b7a-aefe-8ed909f03ce4","D04","CUPE","CUPE.AOS.reach","2018-01-23T11:21Z","2018-07-02","CUPE.20180123.SURBER.5",,,"PARPOR","Y","Paracloeodes portoricensis",,"species","Arthropoda","Hexapoda","Insecta","Pterygota","Palaeoptera",,"Ephemeroptera","Pisciforma",,,"Baetidae",,,,"Paracloeodes","portoricensis",,"larva",1,,4,100,4,"N","N",,"damaged, affecting measurement","Y",,"Lugo-Ortiz & McCafferty 1996","N","EcoAnalysts Inc.","K. Guild",,,
"9c5272f8-aba4-47fc-99df-d241637c9594","D04","CUPE","CUPE.AOS.reach","2018-01-23T11:21Z","2018-07-02","CUPE.20180123.SURBER.1",,,"MACSP26","Y","Macrobrachium sp.",,"genus","Arthropoda","Crustacea","Malacostraca","Eumalacostraca",,"Eucarida","Decapoda","Pleocyemata","Caridea","Palaemonoidea","Palaemonidae","Palaemoninae",,,"Macrobrachium","sp.",,"adult",12,,1,100,1,"N","N",,"condition OK","Y",,"EPA Identification Manual #9","N","EcoAnalysts Inc.","K. Guild",,,
"ab801446-d60b-4e70-960a-e4d99dc07133","D04","CUPE","CUPE.AOS.reach","2018-01-23T11:21Z","2018-07-03","CUPE.20180123.SURBER.7",,,"PARPOR","Y","Paracloeodes portoricensis",,"species","Arthropoda","Hexapoda","Insecta","Pterygota","Palaeoptera",,"Ephemeroptera","Pisciforma",,,"Baetidae",,,,"Paracloeodes","portoricensis",,"larva",2,,8,100,8,"N","N",,"condition OK","Y",,"Lugo-Ortiz & McCafferty 1996","Y","EcoAnalysts Inc.","K. Guild",,,
"4f38a202-dac5-414e-bba1-0ad14730f64d","D04","CUPE","CUPE.AOS.reach","2018-01-23T11:21Z","2018-07-26","CUPE.20180123.SURBER.1",,"CUPE.20180123.SURBER.1.PENTANEURA SP.","PENSP7","Y","Pentaneura sp.",,"genus","Arthropoda","Hexapoda","Insecta","Pterygota","Neoptera","Holometabola","Diptera","Nematocera","Culicomorpha",,"Chironomidae","Tanypodinae","Pentaneurini",,"Pentaneura","sp.",,"larva",2,,5,100,5,"N","N",,"condition OK","Y",,"Epler 2001, and Maschwitz and Cook 2000","N","EcoAnalysts Inc.","W. Hoiland",,,
"b45386ab-2f9f-453f-b0ec-0e24a0d4ed81","D04","CUPE","CUPE.AOS.reach","2018-01-23T11:21Z","2018-07-03","CUPE.20180123.SURBER.6",,,"ORISP1","Y","Oribatida sp.",,"suborder","Arthropoda","Chelicerata","Arachnida","Acari",,"Acariformes","Sarcoptiformes","Oribatida",,,,,,,,"sp.",,"adult",1,,1,50,2,"N","N",,"condition OK","Y",,"Thorp and Covich 2001","N","EcoAnalysts Inc.","K. Guild",,,
"7f0581b4-f8c0-425e-8387-7cbc6d211fc6","D04","CUPE","CUPE.AOS.reach","2018-01-23T11:21Z","2018-07-24","CUPE.20180123.SURBER.6",,,"PARSP26","Y","Parametriocnemus sp.",,"genus","Arthropoda","Hexapoda","Insecta","Pterygota","Neoptera","Holometabola","Diptera","Nematocera","Culicomorpha",,"Chironomidae","Orthocladiinae",,,"Parametriocnemus","sp.",,"larva",4,,4,50,8,"N","N",,"condition OK","Y",,"Epler 2001","N","EcoAnalysts Inc.","W. Hoiland",,,
"f4772f82-6563-4b39-92f7-77f31eacf948","D04","CUPE","CUPE.AOS.reach","2018-01-23T11:21Z","2018-07-02","CUPE.20180123.SURBER.1",,,"ATOTRI","Y","Atopsyche trifida",,"species","Arthropoda","Hexapoda","Insecta","Pterygota","Neoptera","Holometabola","Trichoptera",,,"Rhyacophiloidea","Hydrobiosidae","Hydrobiosinae","Hydrobiosini",,"Atopsyche","trifida",,"larva",7,,1,100,1,"N","N",,"condition OK","Y",,"Flint 1964","N","EcoAnalysts Inc.","K. Guild",,,
"783526ab-7ad3-4ff9-8390-0fa966262c12","D04","CUPE","CUPE.AOS.reach","2018-01-23T11:21Z","2018-07-02","CUPE.20180123.SURBER.4",,,"FALSP","Y","Fallceon sp.",,"genus","Arthropoda","Hexapoda","Insecta","Pterygota","Palaeoptera",,"Ephemeroptera","Pisciforma",,,"Baetidae",,,,"Fallceon","sp.",,"larva",5,,1,100,1,"N","N",,"condition OK","Y",,"Gonzalez-Lazo & Salles 2007;Gonzalez-Lazo & Naranjo 2007","N","EcoAnalysts Inc.","K. Guild",,,
"14bf9f41-0325-4a18-8e5a-e8dc18ea75a6","D04","CUPE","CUPE.AOS.reach","2018-01-23T11:21Z","2018-07-03","CUPE.20180123.SURBER.7",,,"HEXSP4","Y","Hexacylloepus sp.",,"genus","Arthropoda","Hexapoda","Insecta","Pterygota","Neoptera","Holometabola","Coleoptera","Polyphaga","Elateriformia","Byrrhoidea","Elmidae","Elminae","Elmini",,"Hexacylloepus","sp.",,"larva",1,,1,100,1,"N","N",,"damaged, affecting measurement","Y",,"Shepard & Megna 2006; Manzo 2005 & 2013","Y","EcoAnalysts Inc.","K. Guild",,,
"d1470611-2266-4446-847a-9e48b6342b0e","D04","CUPE","CUPE.AOS.reach","2018-01-23T11:21Z","2018-07-02","CUPE.20180123.SURBER.4",,,"FALSP","Y","Fallceon sp.",,"genus","Arthropoda","Hexapoda","Insecta","Pterygota","Palaeoptera",,"Ephemeroptera","Pisciforma",,,"Baetidae",,,,"Fallceon","sp.",,"larva",3,,1,100,1,"N","N",,"condition OK","Y",,"Gonzalez-Lazo & Salles 2007;Gonzalez-Lazo & Naranjo 2007","N","EcoAnalysts Inc.","K. Guild",,,
"c31a28a9-d3e5-45dd-9540-42b7f890c2fb","D04","CUPE","CUPE.AOS.reach","2018-01-23T11:21Z","2018-07-03","CUPE.20180123.SURBER.6",,,"ATOTRI","Y","Atopsyche trifida",,"species","Arthropoda","Hexapoda","Insecta","Pterygota","Neoptera","Holometabola","Trichoptera",,,"Rhyacophiloidea","Hydrobiosidae","Hydrobiosinae","Hydrobiosini",,"Atopsyche","trifida",,"larva",1,,1,50,2,"N","N",,"condition OK","Y",,"Flint 1964","N","EcoAnalysts Inc.","K. Guild",,,
"7dd7fad3-b4a8-4f1c-9d4d-55745f736699","D04","CUPE","CUPE.AOS.reach","2018-01-23T11:21Z","2018-07-03","CUPE.20180123.SURBER.6",,,"CHISP7","Y","Chimarra sp.",,"genus","Arthropoda","Hexapoda","Insecta","Pterygota","Neoptera","Holometabola","Trichoptera",,,"Philopotamoidea","Philopotamidae","Chimarrinae",,,"Chimarra","sp.",,"larva",1,,1,50,2,"N","N",,"condition OK","Y",,"Flint 1964","N","EcoAnalysts Inc.","K. Guild",,,
"2ad20771-a13b-47a6-8edc-2bf3a9205b3e","D04","CUPE","CUPE.AOS.reach","2018-01-23T11:21Z","2018-07-02","CUPE.20180123.SURBER.3",,,"PARPOR","Y","Paracloeodes portoricensis",,"species","Arthropoda","Hexapoda","Insecta","Pterygota","Palaeoptera",,"Ephemeroptera","Pisciforma",,,"Baetidae",,,,"Paracloeodes","portoricensis",,"larva",3,,1,100,1,"N","N",,"condition OK","Y",,"Lugo-Ortiz & McCafferty 1996","N","EcoAnalysts Inc.","K. Guild",,,
"00d1b587-0f31-4b41-b157-d8642865e7fb","D04","CUPE","CUPE.AOS.reach","2018-01-23T11:21Z","2018-07-26","CUPE.20180123.SURBER.6",,,"PENSP7","Y","Pentaneura sp.",,"genus","Arthropoda","Hexapoda","Insecta","Pterygota","Neoptera","Holometabola","Diptera","Nematocera","Culicomorpha",,"Chironomidae","Tanypodinae","Pentaneurini",,"Pentaneura","sp.",,"larva",3,,8,50,16,"N","N",,"condition OK","Y",,"Epler 2001, and Maschwitz and Cook 2000","N","EcoAnalysts Inc.","W. Hoiland",,,
"2ed24780-3f2b-49be-9c11-d4074aed572c","D04","CUPE","CUPE.AOS.reach","2018-01-23T11:21Z","2018-07-03","CUPE.20180123.SURBER.6",,,"CARSP14","Y","Cariboptila sp.",,"genus","Arthropoda","Hexapoda","Insecta","Pterygota","Neoptera","Holometabola","Trichoptera",,,"Glossosomatoidea","Glossosomatidae","Protoptilinae",,,"Cariboptila","sp.",,"larva",1,,4,50,8,"N","N",,"condition OK","Y",,"Flint 1964","N","EcoAnalysts Inc.","K. Guild",,,
"e5046b59-0de6-4c85-94e5-28464784796b","D04","CUPE","CUPE.AOS.reach","2018-01-23T11:21Z","2018-07-02","CUPE.20180123.SURBER.1",,,"ATOTRI","Y","Atopsyche trifida",,"species","Arthropoda","Hexapoda","Insecta","Pterygota","Neoptera","Holometabola","Trichoptera",,,"Rhyacophiloidea","Hydrobiosidae","Hydrobiosinae","Hydrobiosini",,"Atopsyche","trifida",,"larva",5,,1,100,1,"N","N",,"condition OK","Y",,"Flint 1964","N","EcoAnalysts Inc.","K. Guild",,,
"ac333416-734b-48fd-a8db-6014b72c59c2","D04","CUPE","CUPE.AOS.reach","2018-01-23T11:21Z","2018-07-03","CUPE.20180123.SURBER.8",,,"LEPSP4","Y","Leptophlebiidae sp.",,"family","Arthropoda","Hexapoda","Insecta","Pterygota","Palaeoptera",,"Ephemeroptera","Furcatergalia","Lanceolata",,"Leptophlebiidae",,,,,"sp.",,"larva",2,,1,100,1,"N","N",,"damaged, affecting measurement","Y",,"Peters 1971","N","EcoAnalysts Inc.","K. Guild",,,
"edbd2d92-d444-4641-a456-dc879f1c7b29","D04","CUPE","CUPE.AOS.reach","2018-01-23T11:21Z","2018-07-03","CUPE.20180123.SURBER.6",,,"HEXSP4","Y","Hexacylloepus sp.",,"genus","Arthropoda","Hexapoda","Insecta","Pterygota","Neoptera","Holometabola","Coleoptera","Polyphaga","Elateriformia","Byrrhoidea","Elmidae","Elminae","Elmini",,"Hexacylloepus","sp.",,"larva",1,,5,50,10,"N","N",,"condition OK","Y",,"Shepard & Megna 2006; Manzo 2005 & 2013","N","EcoAnalysts Inc.","K. Guild",,,
"8a48ce70-17ea-4c66-8022-5cb405d5981a","D04","CUPE","CUPE.AOS.reach","2018-01-23T11:21Z","2018-07-02","CUPE.20180123.SURBER.3",,,"PHASP11","Y","Phanocerus sp.",,"genus","Arthropoda","Hexapoda","Insecta","Pterygota","Neoptera","Holometabola","Coleoptera","Polyphaga","Elateriformia","Byrrhoidea","Elmidae","Larainae",,,"Phanocerus","sp.",,"larva",2,,2,100,2,"N","N",,"condition OK","Y",,"Shepard & Megna 2006","N","EcoAnalysts Inc.","K. Guild",,,
"6573d963-6ec8-4c5d-8db5-8b7b595ad995","D04","CUPE","CUPE.AOS.reach","2018-01-23T11:21Z","2018-07-03","CUPE.20180123.SURBER.7",,,"PHASP11","Y","Phanocerus sp.",,"genus","Arthropoda","Hexapoda","Insecta","Pterygota","Neoptera","Holometabola","Coleoptera","Polyphaga","Elateriformia","Byrrhoidea","Elmidae","Larainae",,,"Phanocerus","sp.",,"larva",1,,1,100,1,"N","N",,"condition OK","Y",,"Shepard & Megna 2006","Y","EcoAnalysts Inc.","K. Guild",,,
"9a240398-91ff-4914-a5cc-a42e0ffa22d0","D04","CUPE","CUPE.AOS.reach","2018-01-23T11:21Z","2018-07-03","CUPE.20180123.SURBER.8",,,"CHISP7","Y","Chimarra sp.",,"genus","Arthropoda","Hexapoda","Insecta","Pterygota","Neoptera","Holometabola","Trichoptera",,,"Philopotamoidea","Philopotamidae","Chimarrinae",,,"Chimarra","sp.",,"larva",3,,1,100,1,"N","N",,"condition OK","Y",,"Flint 1964","N","EcoAnalysts Inc.","K. Guild",,,
"11e3de18-5848-4c18-b9c3-c8627ce31692","D04","CUPE","CUPE.AOS.reach","2018-01-23T11:21Z","2018-07-03","CUPE.20180123.SURBER.7",,,"CERSP10","Y","Ceratopogoninae sp.",,"subfamily","Arthropoda","Hexapoda","Insecta","Pterygota","Neoptera","Holometabola","Diptera","Nematocera","Culicomorpha",,"Ceratopogonidae","Ceratopogoninae",,,,"sp.",,"larva",2,,1,100,1,"N","N",,"condition OK","Y",,"Merritt and Cummins 2008","Y","EcoAnalysts Inc.","K. Guild",,,
"2a03cd11-2086-4032-9c75-050d143272fa","D04","CUPE","CUPE.AOS.reach","2018-01-23T11:21Z","2018-07-02","CUPE.20180123.SURBER.1",,,"PARPOR","Y","Paracloeodes portoricensis",,"species","Arthropoda","Hexapoda","Insecta","Pterygota","Palaeoptera",,"Ephemeroptera","Pisciforma",,,"Baetidae",,,,"Paracloeodes","portoricensis",,"larva",1,,7,100,7,"N","N",,"damaged, affecting measurement","Y",,"Lugo-Ortiz & McCafferty 1996","N","EcoAnalysts Inc.","K. Guild",,,
"658c80ed-c049-4335-a25d-85de4c077add","D04","CUPE","CUPE.AOS.reach","2018-01-23T11:21Z","2018-07-02","CUPE.20180123.SURBER.1",,,"PARPOR","Y","Paracloeodes portoricensis",,"species","Arthropoda","Hexapoda","Insecta","Pterygota","Palaeoptera",,"Ephemeroptera","Pisciforma",,,"Baetidae",,,,"Paracloeodes","portoricensis",,"larva",1,,4,100,4,"N","N",,"condition OK","Y",,"Lugo-Ortiz & McCafferty 1996","N","EcoAnalysts Inc.","K. Guild",,,
"415f78a0-4aa2-48d8-9f62-136b3536e00e","D04","CUPE","CUPE.AOS.reach","2018-01-23T11:21Z","2018-07-02","CUPE.20180123.SURBER.2",,,"ATRSP3","Y","Atractides sp.",,"genus","Arthropoda","Chelicerata","Arachnida","Acari",,"Acariformes","Trombidiformes","Prostigmata",,"Hygrobatoidea","Hygrobatidae",,,,"Atractides","sp.",,"adult",1,,1,100,1,"N","N",,"condition OK","Y",,"Thorp and Covich 2001","N","EcoAnalysts Inc.","K. Guild",,,
"63673acf-0e1d-4388-b2f2-b4477a9ee14b","D04","CUPE","CUPE.AOS.reach","2018-01-23T11:21Z","2018-07-02","CUPE.20180123.SURBER.3",,,"HEXSP4","Y","Hexacylloepus sp.",,"genus","Arthropoda","Hexapoda","Insecta","Pterygota","Neoptera","Holometabola","Coleoptera","Polyphaga","Elateriformia","Byrrhoidea","Elmidae","Elminae","Elmini",,"Hexacylloepus","sp.",,"larva",3,,10,100,10,"N","N",,"condition OK","Y",,"Shepard & Megna 2006; Manzo 2005 & 2013","N","EcoAnalysts Inc.","K. Guild",,,
"4367c5fa-2097-4584-bec6-198f84258eed","D04","CUPE","CUPE.AOS.reach","2018-01-23T11:21Z","2018-07-02","CUPE.20180123.SURBER.1",,,"CARSP14","Y","Cariboptila sp.",,"genus","Arthropoda","Hexapoda","Insecta","Pterygota","Neoptera","Holometabola","Trichoptera",,,"Glossosomatoidea","Glossosomatidae","Protoptilinae",,,"Cariboptila","sp.",,"larva",1,,2,100,2,"N","N",,"condition OK","Y",,"Flint 1964","N","EcoAnalysts Inc.","K. Guild",,,
"5f88d8f6-a19d-4600-8b31-fed1de3f187f","D04","CUPE","CUPE.AOS.reach","2018-01-23T11:21Z","2018-07-24","CUPE.20180123.SURBER.5",,,"THISP2","Y","Thienemanniella sp.",,"genus","Arthropoda","Hexapoda","Insecta","Pterygota","Neoptera","Holometabola","Diptera","Nematocera","Culicomorpha",,"Chironomidae","Orthocladiinae",,,"Thienemanniella","sp.",,"larva",3,,4,100,4,"N","N",,"condition OK","Y",,"Epler 2001","N","EcoAnalysts Inc.","W. Hoiland",,,
"fa37a2a9-e28e-46aa-a3fa-267ac9fd7f43","D04","CUPE","CUPE.AOS.reach","2018-01-23T11:21Z","2018-07-02","CUPE.20180123.SURBER.4",,,"NEOSP27","Y","Neoelmis sp.",,"genus","Arthropoda","Hexapoda","Insecta","Pterygota","Neoptera","Holometabola","Coleoptera","Polyphaga","Elateriformia","Byrrhoidea","Elmidae","Elminae","Elmini",,"Neoelmis","sp.",,"adult",1,,2,100,2,"N","N",,"condition OK","Y",,"Manzo 2005 & 2013","N","EcoAnalysts Inc.","K. Guild",,,
"f47fd059-6487-4074-adaa-e070ed280093","D04","CUPE","CUPE.AOS.reach","2018-01-23T11:21Z","2018-07-25","CUPE.20180123.SURBER.1",,"CUPE.20180123.SURBER.1.TANYTARSINI SP.","TANSP8","Y","Tanytarsini sp.",,"tribe","Arthropoda","Hexapoda","Insecta","Pterygota","Neoptera","Holometabola","Diptera","Nematocera","Culicomorpha",,"Chironomidae","Chironominae","Tanytarsini",,,"sp.",,"larva",2,,21,100,21,"N","N",,"condition OK","Y",,"Epler 2001","N","EcoAnalysts Inc.","W. Hoiland",,,
"aa0e695e-06ba-4b54-83be-43814d73d295","D04","CUPE","CUPE.AOS.reach","2018-01-23T11:21Z","2018-07-03","CUPE.20180123.SURBER.7",,,"HEXSP4","Y","Hexacylloepus sp.",,"genus","Arthropoda","Hexapoda","Insecta","Pterygota","Neoptera","Holometabola","Coleoptera","Polyphaga","Elateriformia","Byrrhoidea","Elmidae","Elminae","Elmini",,"Hexacylloepus","sp.",,"larva",1,,7,100,7,"N","N",,"condition OK","Y",,"Shepard & Megna 2006; Manzo 2005 & 2013","Y","EcoAnalysts Inc.","K. Guild",,,
"36579833-459f-40c2-a630-2442759a4d34","D04","CUPE","CUPE.AOS.reach","2018-01-23T11:21Z","2018-07-02","CUPE.20180123.SURBER.3",,,"LEPSP4","Y","Leptophlebiidae sp.",,"family","Arthropoda","Hexapoda","Insecta","Pterygota","Palaeoptera",,"Ephemeroptera","Furcatergalia","Lanceolata",,"Leptophlebiidae",,,,,"sp.",,"larva",1,,16,100,16,"N","N",,"condition OK","Y",,"Peters 1971","N","EcoAnalysts Inc.","K. Guild",,,
"95ea3c7d-f57b-4101-ab7a-2ec1ce9d8e24","D04","CUPE","CUPE.AOS.reach","2018-01-23T11:21Z","2018-07-25","CUPE.20180123.SURBER.7",,,"CRISP2","Y","Cricotopus sp.",,"genus","Arthropoda","Hexapoda","Insecta","Pterygota","Neoptera","Holometabola","Diptera","Nematocera","Culicomorpha",,"Chironomidae","Orthocladiinae",,,"Cricotopus","sp.",,"larva",5,,1,100,1,"N","N",,"condition OK","Y",,"Epler 2001, and Maschwitz and Cook 2000","Y","EcoAnalysts Inc.","W. Hoiland",,,
"a19627c6-8ed3-422b-8c69-536d22a18bf8","D04","CUPE","CUPE.AOS.reach","2018-01-23T11:21Z","2018-07-02","CUPE.20180123.SURBER.2",,,"POLSP5","Y","Polycentropodidae sp.",,"family","Arthropoda","Hexapoda","Insecta","Pterygota","Neoptera","Holometabola","Trichoptera",,,"Hydropsychoidea","Polycentropodidae",,,,,"sp.",,"larva",2,,1,100,1,"N","N",,"condition OK","Y",,"Wiggins 1996","N","EcoAnalysts Inc.","K. Guild",,,
"f5b8c5b2-e8c4-4fa3-b56c-4a19e7b5c484","D04","CUPE","CUPE.AOS.reach","2018-01-23T11:21Z","2018-07-24","CUPE.20180123.SURBER.3",,,"RHEEXI","Y","Rheotanytarsus exiguus gr.",,"speciesGroup","Arthropoda","Hexapoda","Insecta","Pterygota","Neoptera","Holometabola","Diptera","Nematocera","Culicomorpha",,"Chironomidae","Chironominae","Tanytarsini",,"Rheotanytarsus","exiguus gr.",,"pupa",4,,1,100,1,"N","N",,"condition OK","Y",,"Epler 2001","N","EcoAnalysts Inc.","W. Hoiland",,,
"89214809-1427-4873-9f50-eb0f427d1325","D04","CUPE","CUPE.AOS.reach","2018-01-23T11:21Z","2018-07-03","CUPE.20180123.SURBER.6",,,"LIBSP","Y","Libellulidae sp.",,"family","Arthropoda","Hexapoda","Insecta","Pterygota","Palaeoptera",,"Odonata","Anisoptera",,,"Libellulidae",,,,,"sp.",,"larva",1,,1,50,2,"N","N",,"condition OK","Y",,"Needham, Westfall and May 2000","N","EcoAnalysts Inc.","K. Guild",,,
"3a0a1740-e119-4888-b049-22cf7d216e73","D04","CUPE","CUPE.AOS.reach","2018-01-23T11:21Z","2018-07-25","CUPE.20180123.SURBER.8",,,"TANSP8","Y","Tanytarsini sp.",,"tribe","Arthropoda","Hexapoda","Insecta","Pterygota","Neoptera","Holometabola","Diptera","Nematocera","Culicomorpha",,"Chironomidae","Chironominae","Tanytarsini",,,"sp.",,"larva",2,,37,100,37,"N","N",,"condition OK","Y",,"Epler 2001","N","EcoAnalysts Inc.","W. Hoiland",,,
"222c8621-4ecb-4dda-9e18-b3b7bc912625","D04","CUPE","CUPE.AOS.reach","2018-01-23T11:21Z","2018-07-02","CUPE.20180123.SURBER.2",,,"ATRSP1","Y","Atrichopogon sp.",,"genus","Arthropoda","Hexapoda","Insecta","Pterygota","Neoptera","Holometabola","Diptera","Nematocera","Culicomorpha",,"Ceratopogonidae","Forcipomyiinae",,,"Atrichopogon","sp.",,"larva",1,,1,100,1,"N","N",,"condition OK","Y",,"Merritt and Cummins 2008","N","EcoAnalysts Inc.","K. Guild",,,
"c9892c4d-e6a9-49fa-b021-b096fa06d5c2","D04","CUPE","CUPE.AOS.reach","2018-01-23T11:21Z","2018-07-03","CUPE.20180123.SURBER.6",,,"ATOTRI","Y","Atopsyche trifida",,"species","Arthropoda","Hexapoda","Insecta","Pterygota","Neoptera","Holometabola","Trichoptera",,,"Rhyacophiloidea","Hydrobiosidae","Hydrobiosinae","Hydrobiosini",,"Atopsyche","trifida",,"larva",7,,1,50,2,"N","N",,"condition OK","Y",,"Flint 1964","N","EcoAnalysts Inc.","K. Guild",,,
"b5d76282-5972-4f8a-8cde-3e023ab8d00a","D04","CUPE","CUPE.AOS.reach","2018-01-23T11:21Z","2018-07-02","CUPE.20180123.SURBER.1",,,"LIBSP","Y","Libellulidae sp.",,"family","Arthropoda","Hexapoda","Insecta","Pterygota","Palaeoptera",,"Odonata","Anisoptera",,,"Libellulidae",,,,,"sp.",,"larva",2,,1,100,1,"N","N",,"condition OK","Y",,"Needham, Westfall and May 2000","N","EcoAnalysts Inc.","K. Guild",,,
"61e343ff-6036-4ab5-8aeb-a81102c82277","D04","CUPE","CUPE.AOS.reach","2018-01-23T11:21Z","2018-07-24","CUPE.20180123.SURBER.1",,"CUPE.20180123.SURBER.1.TANYTARSINI SP.","TANSP8","Y","Tanytarsini sp.","Tanytarsini Genus A","tribe","Arthropoda","Hexapoda","Insecta","Pterygota","Neoptera","Holometabola","Diptera","Nematocera","Culicomorpha",,"Chironomidae","Chironominae","Tanytarsini",,,"sp.",,"larva",3,,1,100,1,"N","N",,"condition OK","Y",,"Epler 2001, and Maschwitz and Cook 2000","N","EcoAnalysts Inc.","W. Hoiland",,,
"ba47a87b-1a2e-41ac-aa15-5095aab3bf2b","D04","CUPE","CUPE.AOS.reach","2018-01-23T11:21Z","2018-07-02","CUPE.20180123.SURBER.4",,,"PARPOR","Y","Paracloeodes portoricensis",,"species","Arthropoda","Hexapoda","Insecta","Pterygota","Palaeoptera",,"Ephemeroptera","Pisciforma",,,"Baetidae",,,,"Paracloeodes","portoricensis",,"larva",2,,1,100,1,"N","N",,"condition OK","Y",,"Lugo-Ortiz & McCafferty 1996","N","EcoAnalysts Inc.","K. Guild",,,
"14aac12b-dafc-4139-93cf-c7729d5f8097","D04","CUPE","CUPE.AOS.reach","2018-01-23T11:21Z","2018-07-02","CUPE.20180123.SURBER.1",,,"ATOTRI","Y","Atopsyche trifida",,"species","Arthropoda","Hexapoda","Insecta","Pterygota","Neoptera","Holometabola","Trichoptera",,,"Rhyacophiloidea","Hydrobiosidae","Hydrobiosinae","Hydrobiosini",,"Atopsyche","trifida",,"larva",2,,1,100,1,"N","N",,"condition OK","Y",,"Flint 1964","N","EcoAnalysts Inc.","K. Guild",,,
"32479ac3-8c08-4ca2-a61c-df2199d5a96d","D04","CUPE","CUPE.AOS.reach","2018-01-23T11:21Z","2018-07-03","CUPE.20180123.SURBER.6",,,"FALSP","Y","Fallceon sp.",,"genus","Arthropoda","Hexapoda","Insecta","Pterygota","Palaeoptera",,"Ephemeroptera","Pisciforma",,,"Baetidae",,,,"Fallceon","sp.",,"larva",5,,1,50,2,"N","N",,"condition OK","Y",,"Gonzalez-Lazo & Salles 2007;Gonzalez-Lazo & Naranjo 2007","N","EcoAnalysts Inc.","K. Guild",,,
"fe0a577e-cdf6-43be-ace1-a5e2b4d236f6","D04","CUPE","CUPE.AOS.reach","2018-01-23T11:21Z","2018-07-02","CUPE.20180123.SURBER.1",,,"ATOTRI","Y","Atopsyche trifida",,"species","Arthropoda","Hexapoda","Insecta","Pterygota","Neoptera","Holometabola","Trichoptera",,,"Rhyacophiloidea","Hydrobiosidae","Hydrobiosinae","Hydrobiosini",,"Atopsyche","trifida",,"larva",3,,1,100,1,"N","N",,"damaged, affecting measurement","Y",,"Flint 1964","N","EcoAnalysts Inc.","K. Guild",,,
"422d260e-ea42-4c2f-a305-0affc2acda7f","D04","CUPE","CUPE.AOS.reach","2018-01-23T11:21Z","2018-07-25","CUPE.20180123.SURBER.8",,,"TANSP11","Y","Tanytarsus sp.",,"genus","Arthropoda","Hexapoda","Insecta","Pterygota","Neoptera","Holometabola","Diptera","Nematocera","Culicomorpha",,"Chironomidae","Chironominae","Tanytarsini",,"Tanytarsus","sp.",,"larva",3,,3,100,3,"N","N",,"condition OK","Y",,"Epler 2001","N","EcoAnalysts Inc.","W. Hoiland",,,
"287e0649-d2cd-43a9-97c2-3d8dc10d8085","D04","CUPE","CUPE.AOS.reach","2018-01-23T11:21Z","2018-07-25","CUPE.20180123.SURBER.8",,,"TANSP8","Y","Tanytarsini sp.",,"tribe","Arthropoda","Hexapoda","Insecta","Pterygota","Neoptera","Holometabola","Diptera","Nematocera","Culicomorpha",,"Chironomidae","Chironominae","Tanytarsini",,,"sp.",,"pupa",2,,1,100,1,"N","N",,"condition OK","Y",,"Epler 2001","N","EcoAnalysts Inc.","W. Hoiland",,,
"70e7378d-d69c-4a3c-8d48-3d25d34fe385","D04","CUPE","CUPE.AOS.reach","2018-01-23T11:21Z","2018-07-02","CUPE.20180123.SURBER.2",,,"PHASP11","Y","Phanocerus sp.",,"genus","Arthropoda","Hexapoda","Insecta","Pterygota","Neoptera","Holometabola","Coleoptera","Polyphaga","Elateriformia","Byrrhoidea","Elmidae","Larainae",,,"Phanocerus","sp.",,"larva",1,,1,100,1,"N","N",,"condition OK","Y",,"Shepard & Megna 2006","N","EcoAnalysts Inc.","K. Guild",,,
"fdbd5ffe-61e2-4b9b-bc99-1a0de43af6fb","D04","CUPE","CUPE.AOS.reach","2018-01-23T11:21Z","2018-07-02","CUPE.20180123.SURBER.3",,,"NEOSP27","Y","Neoelmis sp.",,"genus","Arthropoda","Hexapoda","Insecta","Pterygota","Neoptera","Holometabola","Coleoptera","Polyphaga","Elateriformia","Byrrhoidea","Elmidae","Elminae","Elmini",,"Neoelmis","sp.",,"larva",2,,2,100,2,"N","N",,"condition OK","Y",,"Manzo 2005 & 2013","N","EcoAnalysts Inc.","K. Guild",,,
"022f8836-65df-4ce8-b6e3-773f27de7ec0","D04","CUPE","CUPE.AOS.reach","2018-01-23T11:21Z","2018-07-03","CUPE.20180123.SURBER.6",,,"LEPSP4","Y","Leptophlebiidae sp.",,"family","Arthropoda","Hexapoda","Insecta","Pterygota","Palaeoptera",,"Ephemeroptera","Furcatergalia","Lanceolata",,"Leptophlebiidae",,,,,"sp.",,"larva",3,,11,50,22,"N","N",,"condition OK","Y",,"Peters 1971","N","EcoAnalysts Inc.","K. Guild",,,
"92120904-b829-490c-989c-fcc210b9e593","D04","CUPE","CUPE.AOS.reach","2018-01-23T11:21Z","2018-07-03","CUPE.20180123.SURBER.7",,,"ATOTRI","Y","Atopsyche trifida",,"species","Arthropoda","Hexapoda","Insecta","Pterygota","Neoptera","Holometabola","Trichoptera",,,"Rhyacophiloidea","Hydrobiosidae","Hydrobiosinae","Hydrobiosini",,"Atopsyche","trifida",,"larva",1,,1,100,1,"N","N",,"condition OK","Y",,"Flint 1964","Y","EcoAnalysts Inc.","K. Guild",,,
"edb14026-dfc1-424c-bdf5-c198d5963537","D04","CUPE","CUPE.AOS.reach","2018-01-23T11:21Z","2018-07-03","CUPE.20180123.SURBER.7",,,"TURSP","Y","Turbellaria sp.",,"class","Platyhelminthes",,"Turbellaria",,,,,,,,,,,,,"sp.",,"larva",3,,1,100,1,"N","N",,"condition OK","Y",,"Thorp and Covich 2001","Y","EcoAnalysts Inc.","K. Guild",,,
"cdaa84e1-d46d-4744-a11a-f02041264f23","D04","CUPE","CUPE.AOS.reach","2018-01-23T11:21Z","2018-07-03","CUPE.20180123.SURBER.8",,,"HEXSP4","Y","Hexacylloepus sp.",,"genus","Arthropoda","Hexapoda","Insecta","Pterygota","Neoptera","Holometabola","Coleoptera","Polyphaga","Elateriformia","Byrrhoidea","Elmidae","Elminae","Elmini",,"Hexacylloepus","sp.",,"larva",1,,7,100,7,"N","N",,"condition OK","Y",,"Shepard & Megna 2006; Manzo 2005 & 2013","N","EcoAnalysts Inc.","K. Guild",,,
"675ea642-3353-4f5a-9a65-7c1e53c2a0c0","D04","CUPE","CUPE.AOS.reach","2018-01-23T11:21Z","2018-07-03","CUPE.20180123.SURBER.7",,,"ACASP1","Y","Acari sp.",,"subclass","Arthropoda","Chelicerata","Arachnida","Acari",,,,,,,,,,,,"sp.",,"adult",1,,5,100,5,"N","N",,"condition OK","Y",,"Thorp and Covich 2001","Y","EcoAnalysts Inc.","K. Guild",,,
"4e8d34af-28a1-40ad-9f53-fd9db98bf3e5","D04","CUPE","CUPE.AOS.reach","2018-01-23T11:21Z","2018-07-02","CUPE.20180123.SURBER.2",,,"LEPSP4","Y","Leptophlebiidae sp.",,"family","Arthropoda","Hexapoda","Insecta","Pterygota","Palaeoptera",,"Ephemeroptera","Furcatergalia","Lanceolata",,"Leptophlebiidae",,,,,"sp.",,"larva",4,,1,100,1,"N","N",,"damaged, affecting measurement","Y",,"Peters 1971","N","EcoAnalysts Inc.","K. Guild",,,
"9a865dcf-7146-4cd2-9b88-6396f4d3c116","D04","CUPE","CUPE.AOS.reach","2018-01-23T11:21Z","2018-07-02","CUPE.20180123.SURBER.1",,,"ACASP1","Y","Acari sp.",,"subclass","Arthropoda","Chelicerata","Arachnida","Acari",,,,,,,,,,,,"sp.",,"adult",1,,7,100,7,"N","N",,"condition OK","Y",,"Thorp and Covich 2001","N","EcoAnalysts Inc.","K. Guild",,,
"be458916-1cc1-4dbe-b733-33c128183aa7","D04","CUPE","CUPE.AOS.reach","2018-01-23T11:21Z","2018-07-02","CUPE.20180123.SURBER.3",,,"FALSP","Y","Fallceon sp.",,"genus","Arthropoda","Hexapoda","Insecta","Pterygota","Palaeoptera",,"Ephemeroptera","Pisciforma",,,"Baetidae",,,,"Fallceon","sp.",,"larva",4,,1,100,1,"N","N",,"condition OK","Y",,"Gonzalez-Lazo & Salles 2007;Gonzalez-Lazo & Naranjo 2007","N","EcoAnalysts Inc.","K. Guild",,,
"c3df110d-5dd9-499a-8cc2-6afe2c02e317","D04","CUPE","CUPE.AOS.reach","2018-01-23T11:21Z","2018-07-03","CUPE.20180123.SURBER.6",,,"ATOTRI","Y","Atopsyche trifida",,"species","Arthropoda","Hexapoda","Insecta","Pterygota","Neoptera","Holometabola","Trichoptera",,,"Rhyacophiloidea","Hydrobiosidae","Hydrobiosinae","Hydrobiosini",,"Atopsyche","trifida",,"larva",3,,1,50,2,"N","N",,"condition OK","Y",,"Flint 1964","N","EcoAnalysts Inc.","K. Guild",,,
"664c5cfb-e1d2-44d6-bf62-94e341b79150","D04","CUPE","CUPE.AOS.reach","2018-01-23T11:21Z","2018-07-02","CUPE.20180123.SURBER.1",,,"HEXSP4","Y","Hexacylloepus sp.",,"genus","Arthropoda","Hexapoda","Insecta","Pterygota","Neoptera","Holometabola","Coleoptera","Polyphaga","Elateriformia","Byrrhoidea","Elmidae","Elminae","Elmini",,"Hexacylloepus","sp.",,"larva",3,,9,100,9,"N","N",,"condition OK","Y",,"Shepard & Megna 2006; Manzo 2005 & 2013","N","EcoAnalysts Inc.","K. Guild",,,
"7772357c-76cf-4e5b-9163-218eed701df6","D04","CUPE","CUPE.AOS.reach","2018-01-23T11:21Z","2018-07-25","CUPE.20180123.SURBER.6",,,"TANSP8","Y","Tanytarsini sp.",,"tribe","Arthropoda","Hexapoda","Insecta","Pterygota","Neoptera","Holometabola","Diptera","Nematocera","Culicomorpha",,"Chironomidae","Chironominae","Tanytarsini",,,"sp.",,"larva",2,,29,50,58,"N","N",,"condition OK","Y",,"Epler 2001","N","EcoAnalysts Inc.","W. Hoiland",,,
"0f4da6a1-ef0d-4605-ba82-23fdc0b91722","D04","CUPE","CUPE.AOS.reach","2018-01-23T11:21Z","2018-07-02","CUPE.20180123.SURBER.4",,,"PARPOR","Y","Paracloeodes portoricensis",,"species","Arthropoda","Hexapoda","Insecta","Pterygota","Palaeoptera",,"Ephemeroptera","Pisciforma",,,"Baetidae",,,,"Paracloeodes","portoricensis",,"larva",1,,2,100,2,"N","N",,"condition OK","Y",,"Lugo-Ortiz & McCafferty 1996","N","EcoAnalysts Inc.","K. Guild",,,
"197b4d55-1874-4670-a606-256a3abab13d","D04","CUPE","CUPE.AOS.reach","2018-01-23T11:21Z","2018-07-25","CUPE.20180123.SURBER.6",,,"TANSP8","Y","Tanytarsini sp.",,"tribe","Arthropoda","Hexapoda","Insecta","Pterygota","Neoptera","Holometabola","Diptera","Nematocera","Culicomorpha",,"Chironomidae","Chironominae","Tanytarsini",,,"sp.",,"pupa",2,,9,50,18,"N","N",,"condition OK","Y",,"Epler 2001","N","EcoAnalysts Inc.","W. Hoiland",,,
"f802732c-b3be-4010-b47d-a0e16e529a60","D04","CUPE","CUPE.AOS.reach","2018-01-23T11:21Z","2018-07-02","CUPE.20180123.SURBER.4",,,"HEXSP4","Y","Hexacylloepus sp.",,"genus","Arthropoda","Hexapoda","Insecta","Pterygota","Neoptera","Holometabola","Coleoptera","Polyphaga","Elateriformia","Byrrhoidea","Elmidae","Elminae","Elmini",,"Hexacylloepus","sp.",,"larva",4,,1,100,1,"N","N",,"condition OK","Y",,"Shepard & Megna 2006; Manzo 2005 & 2013","N","EcoAnalysts Inc.","K. Guild",,,
"4dcaac20-e8e9-4df7-bc00-f36ddc07f3ea","D04","CUPE","CUPE.AOS.reach","2018-01-23T11:21Z","2018-07-02","CUPE.20180123.SURBER.4",,,"FALSP","Y","Fallceon sp.",,"genus","Arthropoda","Hexapoda","Insecta","Pterygota","Palaeoptera",,"Ephemeroptera","Pisciforma",,,"Baetidae",,,,"Fallceon","sp.",,"larva",1,,1,100,1,"N","N",,"damaged, affecting measurement","Y",,"Gonzalez-Lazo & Salles 2007;Gonzalez-Lazo & Naranjo 2007","N","EcoAnalysts Inc.","K. Guild",,,
"88833043-a053-43a5-9325-3d7626739754","D04","CUPE","CUPE.AOS.reach","2018-01-23T11:21Z","2018-07-02","CUPE.20180123.SURBER.4",,,"PHASP11","Y","Phanocerus sp.",,"genus","Arthropoda","Hexapoda","Insecta","Pterygota","Neoptera","Holometabola","Coleoptera","Polyphaga","Elateriformia","Byrrhoidea","Elmidae","Larainae",,,"Phanocerus","sp.",,"larva",1,,3,100,3,"N","N",,"condition OK","Y",,"Shepard & Megna 2006","N","EcoAnalysts Inc.","K. Guild",,,
"a847866d-2e32-4863-a972-6e79b9be016f","D04","CUPE","CUPE.AOS.reach","2018-01-23T11:21Z","2018-07-02","CUPE.20180123.SURBER.3",,,"HEXSP4","Y","Hexacylloepus sp.",,"genus","Arthropoda","Hexapoda","Insecta","Pterygota","Neoptera","Holometabola","Coleoptera","Polyphaga","Elateriformia","Byrrhoidea","Elmidae","Elminae","Elmini",,"Hexacylloepus","sp.",,"adult",2,,5,100,5,"N","N",,"condition OK","Y",,"Shepard & Megna 2006; Manzo 2005 & 2013","N","EcoAnalysts Inc.","K. Guild",,,
"7b62dc41-252b-46b9-bd12-58115dd66898","D04","CUPE","CUPE.AOS.reach","2018-01-23T11:21Z","2018-07-02","CUPE.20180123.SURBER.2",,,"NEOSP27","Y","Neoelmis sp.",,"genus","Arthropoda","Hexapoda","Insecta","Pterygota","Neoptera","Holometabola","Coleoptera","Polyphaga","Elateriformia","Byrrhoidea","Elmidae","Elminae","Elmini",,"Neoelmis","sp.",,"adult",2,,2,100,2,"N","N",,"condition OK","Y",,"Manzo 2005 & 2013","N","EcoAnalysts Inc.","K. Guild",,,
"29e5ba43-2eaf-48d1-a3e7-5d6cc7ff646d","D04","CUPE","CUPE.AOS.reach","2018-01-23T11:21Z","2018-07-02","CUPE.20180123.SURBER.3",,,"ATOTRI","Y","Atopsyche trifida",,"species","Arthropoda","Hexapoda","Insecta","Pterygota","Neoptera","Holometabola","Trichoptera",,,"Rhyacophiloidea","Hydrobiosidae","Hydrobiosinae","Hydrobiosini",,"Atopsyche","trifida",,"larva",4,,1,100,1,"N","N",,"condition OK","Y",,"Flint 1964","N","EcoAnalysts Inc.","K. Guild",,,
"a720dc4f-2bcf-4b20-b6d3-39eb4344bb46","D04","CUPE","CUPE.AOS.reach","2018-01-23T11:21Z","2018-07-03","CUPE.20180123.SURBER.8",,,"LIBSP","Y","Libellulidae sp.",,"family","Arthropoda","Hexapoda","Insecta","Pterygota","Palaeoptera",,"Odonata","Anisoptera",,,"Libellulidae",,,,,"sp.",,"larva",1,,1,100,1,"N","N",,"condition OK","Y",,"Needham, Westfall and May 2000","N","EcoAnalysts Inc.","K. Guild",,,
"35ac7b1f-ff34-4b89-9576-d67d69ce2993","D04","CUPE","CUPE.AOS.reach","2018-01-23T11:21Z","2018-07-03","CUPE.20180123.SURBER.6",,,"PARPOR","Y","Paracloeodes portoricensis",,"species","Arthropoda","Hexapoda","Insecta","Pterygota","Palaeoptera",,"Ephemeroptera","Pisciforma",,,"Baetidae",,,,"Paracloeodes","portoricensis",,"larva",1,,7,50,14,"N","N",,"condition OK","Y",,"Lugo-Ortiz & McCafferty 1996","N","EcoAnalysts Inc.","K. Guild",,,
"2e7ba831-7cd2-4f5a-996c-7780c29f62b9","D04","CUPE","CUPE.AOS.reach","2018-01-23T11:21Z","2018-07-03","CUPE.20180123.SURBER.8",,,"FALSP","Y","Fallceon sp.",,"genus","Arthropoda","Hexapoda","Insecta","Pterygota","Palaeoptera",,"Ephemeroptera","Pisciforma",,,"Baetidae",,,,"Fallceon","sp.",,"larva",2,,2,100,2,"N","N",,"condition OK","Y",,"Gonzalez-Lazo & Salles 2007;Gonzalez-Lazo & Naranjo 2007","N","EcoAnalysts Inc.","K. Guild",,,
"7c08229e-2c8f-404b-b1a1-0e7909f654f4","D04","CUPE","CUPE.AOS.reach","2018-01-23T11:21Z","2018-07-03","CUPE.20180123.SURBER.8",,,"HEXSP4","Y","Hexacylloepus sp.",,"genus","Arthropoda","Hexapoda","Insecta","Pterygota","Neoptera","Holometabola","Coleoptera","Polyphaga","Elateriformia","Byrrhoidea","Elmidae","Elminae","Elmini",,"Hexacylloepus","sp.",,"larva",1,,1,100,1,"N","N",,"damaged, affecting measurement","Y",,"Shepard & Megna 2006; Manzo 2005 & 2013","N","EcoAnalysts Inc.","K. Guild",,,
"75d36347-3e46-42e3-8e07-d95772fe2408","D04","CUPE","CUPE.AOS.reach","2018-01-23T11:21Z","2018-07-25","CUPE.20180123.SURBER.8",,,"CRISP2","Y","Cricotopus sp.",,"genus","Arthropoda","Hexapoda","Insecta","Pterygota","Neoptera","Holometabola","Diptera","Nematocera","Culicomorpha",,"Chironomidae","Orthocladiinae",,,"Cricotopus","sp.",,"larva",3,,1,100,1,"N","N",,"condition OK","Y",,"Epler 2001, and Maschwitz and Cook 2000","N","EcoAnalysts Inc.","W. Hoiland",,,
"9455ce64-3794-4316-ab67-4ca955e9d3c2","D04","CUPE","CUPE.AOS.reach","2018-01-23T11:21Z","2018-07-02","CUPE.20180123.SURBER.1",,,"LEPSP4","Y","Leptophlebiidae sp.",,"family","Arthropoda","Hexapoda","Insecta","Pterygota","Palaeoptera",,"Ephemeroptera","Furcatergalia","Lanceolata",,"Leptophlebiidae",,,,,"sp.",,"larva",1,,8,100,8,"N","N",,"damaged, affecting measurement","Y",,"Peters 1971","N","EcoAnalysts Inc.","K. Guild",,,
"f907097a-9828-4925-9500-246d9fc1c628","D04","CUPE","CUPE.AOS.reach","2018-01-23T11:21Z","2018-07-24","CUPE.20180123.SURBER.4",,,"TANSP11","Y","Tanytarsus sp.",,"genus","Arthropoda","Hexapoda","Insecta","Pterygota","Neoptera","Holometabola","Diptera","Nematocera","Culicomorpha",,"Chironomidae","Chironominae","Tanytarsini",,"Tanytarsus","sp.",,"larva",3,,7,100,7,"N","N",,"condition OK","Y",,"Epler 2001","N","EcoAnalysts Inc.","W. Hoiland",,,
"b96e2049-646f-438a-94a6-358cec3c57c8","D04","CUPE","CUPE.AOS.reach","2018-01-23T11:21Z","2018-07-02","CUPE.20180123.SURBER.3",,,"ATOTRI","Y","Atopsyche trifida",,"species","Arthropoda","Hexapoda","Insecta","Pterygota","Neoptera","Holometabola","Trichoptera",,,"Rhyacophiloidea","Hydrobiosidae","Hydrobiosinae","Hydrobiosini",,"Atopsyche","trifida",,"larva",9,,1,100,1,"N","N",,"condition OK","Y",,"Flint 1964","N","EcoAnalysts Inc.","K. Guild",,,
"a93c26dc-18e2-4310-a664-fe69cf8c43a7","D04","CUPE","CUPE.AOS.reach","2018-01-23T11:21Z","2018-07-03","CUPE.20180123.SURBER.8",,,"EMPSP","Y","Empididae sp.",,"family","Arthropoda","Hexapoda","Insecta","Pterygota","Neoptera","Holometabola","Diptera","Brachycera","Muscomorpha",,"Empididae",,,,,"sp.",,"larva",1,,1,100,1,"N","N",,"condition OK","Y",,"Merritt and Cummins 2008","N","EcoAnalysts Inc.","K. Guild",,,
"0a495342-da38-4265-8056-aa0894d8db93","D04","CUPE","CUPE.AOS.reach","2018-01-23T11:21Z","2018-07-03","CUPE.20180123.SURBER.7",,,"NEOSP27","Y","Neoelmis sp.",,"genus","Arthropoda","Hexapoda","Insecta","Pterygota","Neoptera","Holometabola","Coleoptera","Polyphaga","Elateriformia","Byrrhoidea","Elmidae","Elminae","Elmini",,"Neoelmis","sp.",,"larva",2,,10,100,10,"N","N",,"condition OK","Y",,"Manzo 2005 & 2013","Y","EcoAnalysts Inc.","K. Guild",,,
"d089c1a4-b414-41eb-9d77-95e29f4c7be7","D04","CUPE","CUPE.AOS.reach","2018-01-23T11:21Z","2018-07-03","CUPE.20180123.SURBER.6",,,"PHASP11","Y","Phanocerus sp.",,"genus","Arthropoda","Hexapoda","Insecta","Pterygota","Neoptera","Holometabola","Coleoptera","Polyphaga","Elateriformia","Byrrhoidea","Elmidae","Larainae",,,"Phanocerus","sp.",,"larva",3,,1,50,2,"N","N",,"condition OK","Y",,"Shepard & Megna 2006","N","EcoAnalysts Inc.","K. Guild",,,
"17331cc7-66d7-4e3b-b028-4f8cf634e658","D04","CUPE","CUPE.AOS.reach","2018-01-23T11:21Z","2018-07-02","CUPE.20180123.SURBER.1",,,"LIBSP","Y","Libellulidae sp.",,"family","Arthropoda","Hexapoda","Insecta","Pterygota","Palaeoptera",,"Odonata","Anisoptera",,,"Libellulidae",,,,,"sp.",,"larva",1,,4,100,4,"N","N",,"condition OK","Y",,"Needham, Westfall and May 2000","N","EcoAnalysts Inc.","K. Guild",,,
"1945a22c-d956-494a-b944-5a5416240f93","D04","CUPE","CUPE.AOS.reach","2018-01-23T11:21Z","2018-07-03","CUPE.20180123.SURBER.6",,,"HEXSP4","Y","Hexacylloepus sp.",,"genus","Arthropoda","Hexapoda","Insecta","Pterygota","Neoptera","Holometabola","Coleoptera","Polyphaga","Elateriformia","Byrrhoidea","Elmidae","Elminae","Elmini",,"Hexacylloepus","sp.",,"adult",1,,1,50,2,"N","N",,"damaged, affecting measurement","Y",,"Shepard & Megna 2006; Manzo 2005 & 2013","N","EcoAnalysts Inc.","K. Guild",,,
"ffc72597-aacb-483e-8ea5-dc5dc0a4c802","D04","CUPE","CUPE.AOS.reach","2018-01-23T11:21Z","2018-07-03","CUPE.20180123.SURBER.7",,,"ATOTRI","Y","Atopsyche trifida",,"species","Arthropoda","Hexapoda","Insecta","Pterygota","Neoptera","Holometabola","Trichoptera",,,"Rhyacophiloidea","Hydrobiosidae","Hydrobiosinae","Hydrobiosini",,"Atopsyche","trifida",,"larva",2,,2,100,2,"N","N",,"condition OK","Y",,"Flint 1964","Y","EcoAnalysts Inc.","K. Guild",,,
"959b9d13-0aee-469e-aa3d-767d7b23ffea","D04","CUPE","CUPE.AOS.reach","2018-01-23T11:21Z","2018-07-02","CUPE.20180123.SURBER.1",,,"HEXSP4","Y","Hexacylloepus sp.",,"genus","Arthropoda","Hexapoda","Insecta","Pterygota","Neoptera","Holometabola","Coleoptera","Polyphaga","Elateriformia","Byrrhoidea","Elmidae","Elminae","Elmini",,"Hexacylloepus","sp.",,"larva",2,,9,100,9,"N","N",,"condition OK","Y",,"Shepard & Megna 2006; Manzo 2005 & 2013","N","EcoAnalysts Inc.","K. Guild",,,
"d0e9eb21-c0be-423a-b2ae-1bd4a0a1f1ab","D04","CUPE","CUPE.AOS.reach","2018-01-23T11:21Z","2018-07-03","CUPE.20180123.SURBER.6",,,"PETSP4","Y","Petrophila sp.",,"genus","Arthropoda","Hexapoda","Insecta","Pterygota","Neoptera","Holometabola","Lepidoptera",,,"Pyraloidea","Crambidae","Nymphulinae","Argyractini",,"Petrophila","sp.",,"larva",6,,1,50,2,"N","N",,"condition OK","Y",,"Merritt and Cummins 2008","N","EcoAnalysts Inc.","K. Guild",,,
"03b63202-fd36-4c72-a041-b5c58d9253a6","D04","CUPE","CUPE.AOS.reach","2018-01-23T11:21Z","2018-07-03","CUPE.20180123.SURBER.8",,,"MARSP3","Y","Maruina sp.",,"genus","Arthropoda","Hexapoda","Insecta","Pterygota","Neoptera","Holometabola","Diptera","Nematocera","Psychodomorpha",,"Psychodidae","Psychodinae",,,"Maruina","sp.",,"larva",2,,1,100,1,"N","N",,"condition OK","Y",,"Merritt and Cummins 2008","N","EcoAnalysts Inc.","K. Guild",,,
"ca2192d3-0a4f-4eb0-a0e5-fdc30134a7b7","D04","CUPE","CUPE.AOS.reach","2018-01-23T11:21Z","2018-07-02","CUPE.20180123.SURBER.1",,,"LIBSP","Y","Libellulidae sp.",,"family","Arthropoda","Hexapoda","Insecta","Pterygota","Palaeoptera",,"Odonata","Anisoptera",,,"Libellulidae",,,,,"sp.",,"larva",5,,1,100,1,"N","N",,"condition OK","Y",,"Needham, Westfall and May 2000","N","EcoAnalysts Inc.","K. Guild",,,
"ed02ec44-5548-4ec2-9552-ee09a1c62927","D04","CUPE","CUPE.AOS.reach","2018-01-23T11:21Z","2018-07-03","CUPE.20180123.SURBER.8",,,"TIPSP","Y","Tipulidae sp.",,"family","Arthropoda","Hexapoda","Insecta","Pterygota","Neoptera","Holometabola","Diptera","Nematocera","Tipulomorpha",,"Tipulidae",,,,,"sp.",,"pupa",5,,1,100,1,"N","N",,"condition OK","Y",,"Merritt and Cummins 2008","N","EcoAnalysts Inc.","K. Guild",,,
"50f0186c-4d69-4176-a15e-cd48137221f6","D04","CUPE","CUPE.AOS.reach","2018-01-23T11:21Z","2018-07-24","CUPE.20180123.SURBER.1",,"CUPE.20180123.SURBER.1.CHIRONOMINI SP.","CHISP6","Y","Chironomini sp.",,"tribe","Arthropoda","Hexapoda","Insecta","Pterygota","Neoptera","Holometabola","Diptera","Nematocera","Culicomorpha",,"Chironomidae","Chironominae","Chironomini",,,"sp.",,"larva",2,,1,100,1,"N","Y",,"condition OK","Y",,"Epler 2001","N","EcoAnalysts Inc.","W. Hoiland",,,
"166ab04e-852b-4c4d-b1ee-878b2c59a054","D04","CUPE","CUPE.AOS.reach","2018-01-23T11:21Z","2018-07-03","CUPE.20180123.SURBER.8",,,"PARPOR","Y","Paracloeodes portoricensis",,"species","Arthropoda","Hexapoda","Insecta","Pterygota","Palaeoptera",,"Ephemeroptera","Pisciforma",,,"Baetidae",,,,"Paracloeodes","portoricensis",,"larva",3,,1,100,1,"N","N",,"condition OK","Y",,"Lugo-Ortiz & McCafferty 1996","N","EcoAnalysts Inc.","K. Guild",,,
"8ea39677-00ef-44e9-8d77-0e0a3bcd44e3","D04","CUPE","CUPE.AOS.reach","2018-01-23T11:21Z","2018-07-02","CUPE.20180123.SURBER.1",,,"HEXSP4","Y","Hexacylloepus sp.",,"genus","Arthropoda","Hexapoda","Insecta","Pterygota","Neoptera","Holometabola","Coleoptera","Polyphaga","Elateriformia","Byrrhoidea","Elmidae","Elminae","Elmini",,"Hexacylloepus","sp.",,"adult",2,,3,100,3,"N","N",,"condition OK","Y",,"Shepard & Megna 2006; Manzo 2005 & 2013","N","EcoAnalysts Inc.","K. Guild",,,
"ca0ef070-7343-43c8-aead-17a1319c9b77","D04","CUPE","CUPE.AOS.reach","2018-01-23T11:21Z","2018-07-02","CUPE.20180123.SURBER.2",,,"ATOTRI","Y","Atopsyche trifida",,"species","Arthropoda","Hexapoda","Insecta","Pterygota","Neoptera","Holometabola","Trichoptera",,,"Rhyacophiloidea","Hydrobiosidae","Hydrobiosinae","Hydrobiosini",,"Atopsyche","trifida",,"larva",6,,1,100,1,"N","N",,"condition OK","Y",,"Flint 1964","N","EcoAnalysts Inc.","K. Guild",,,
"59da2dbe-4227-48e5-9704-5387b9c449c2","D04","CUPE","CUPE.AOS.reach","2018-01-23T11:21Z","2018-07-26","CUPE.20180123.SURBER.7",,,"PENSP7","Y","Pentaneura sp.",,"genus","Arthropoda","Hexapoda","Insecta","Pterygota","Neoptera","Holometabola","Diptera","Nematocera","Culicomorpha",,"Chironomidae","Tanypodinae","Pentaneurini",,"Pentaneura","sp.",,"larva",3,,4,100,4,"N","N",,"condition OK","Y",,"Epler 2001, and Maschwitz and Cook 2000","Y","EcoAnalysts Inc.","W. Hoiland",,,
"7accb811-bfa9-471f-8309-dee438090f75","D04","CUPE","CUPE.AOS.reach","2018-01-23T11:21Z","2018-07-02","CUPE.20180123.SURBER.1",,,"LIBSP","Y","Libellulidae sp.",,"family","Arthropoda","Hexapoda","Insecta","Pterygota","Palaeoptera",,"Odonata","Anisoptera",,,"Libellulidae",,,,,"sp.",,"larva",4,,1,100,1,"N","N",,"condition OK","Y",,"Needham, Westfall and May 2000","N","EcoAnalysts Inc.","K. Guild",,,
"10517995-2d49-43a2-b8e2-5842b8577d82","D04","CUPE","CUPE.AOS.reach","2018-01-23T11:21Z","2018-07-02","CUPE.20180123.SURBER.4",,,"ZYGSP1","Y","Zygoptera sp.",,"suborder","Arthropoda","Hexapoda","Insecta","Pterygota","Palaeoptera",,"Odonata","Zygoptera",,,,,,,,"sp.",,"larva",1,,1,100,1,"N","N",,"condition OK","Y",,"Needham, Westfall and May 2000","N","EcoAnalysts Inc.","K. Guild",,,
"7995caf2-9dbd-4095-b2c6-78659d3dd595","D04","CUPE","CUPE.AOS.reach","2018-01-23T11:21Z","2018-07-02","CUPE.20180123.SURBER.1",,,"NEOSP27","Y","Neoelmis sp.",,"genus","Arthropoda","Hexapoda","Insecta","Pterygota","Neoptera","Holometabola","Coleoptera","Polyphaga","Elateriformia","Byrrhoidea","Elmidae","Elminae","Elmini",,"Neoelmis","sp.",,"larva",3,,1,100,1,"N","N",,"condition OK","Y",,"Manzo 2005 & 2013","N","EcoAnalysts Inc.","K. Guild",,,
"0af1d551-7c31-4950-bbdc-f0225ae17b7f","D04","CUPE","CUPE.AOS.reach","2018-01-23T11:21Z","2018-07-02","CUPE.20180123.SURBER.1",,,"NEOSP27","Y","Neoelmis sp.",,"genus","Arthropoda","Hexapoda","Insecta","Pterygota","Neoptera","Holometabola","Coleoptera","Polyphaga","Elateriformia","Byrrhoidea","Elmidae","Elminae","Elmini",,"Neoelmis","sp.",,"larva",4,,3,100,3,"N","N",,"condition OK","Y",,"Manzo 2005 & 2013","N","EcoAnalysts Inc.","K. Guild",,,
"3ec45dfa-d7bd-4042-8ecd-d44262f6a64b","D04","CUPE","CUPE.AOS.reach","2018-01-23T11:21Z","2018-07-03","CUPE.20180123.SURBER.7",,,"TURSP","Y","Turbellaria sp.",,"class","Platyhelminthes",,"Turbellaria",,,,,,,,,,,,,"sp.",,"larva",4,,1,100,1,"N","N",,"condition OK","Y",,"Thorp and Covich 2001","Y","EcoAnalysts Inc.","K. Guild",,,
"b8447e58-280b-471e-8f31-30c14d930cdc","D04","CUPE","CUPE.AOS.reach","2018-01-23T11:21Z","2018-07-03","CUPE.20180123.SURBER.6",,,"HEXSP4","Y","Hexacylloepus sp.",,"genus","Arthropoda","Hexapoda","Insecta","Pterygota","Neoptera","Holometabola","Coleoptera","Polyphaga","Elateriformia","Byrrhoidea","Elmidae","Elminae","Elmini",,"Hexacylloepus","sp.",,"adult",2,,13,50,26,"N","N",,"condition OK","Y",,"Shepard & Megna 2006; Manzo 2005 & 2013","N","EcoAnalysts Inc.","K. Guild",,,
"761c4e01-1bce-4cbd-982b-630bf8e98bf3","D04","CUPE","CUPE.AOS.reach","2018-01-23T11:21Z","2018-07-02","CUPE.20180123.SURBER.1",,,"CHISP7","Y","Chimarra sp.",,"genus","Arthropoda","Hexapoda","Insecta","Pterygota","Neoptera","Holometabola","Trichoptera",,,"Philopotamoidea","Philopotamidae","Chimarrinae",,,"Chimarra","sp.",,"larva",3,,1,100,1,"N","N",,"condition OK","Y",,"Flint 1964","N","EcoAnalysts Inc.","K. Guild",,,
"36066a21-b9a1-497f-94bc-0f82e9704933","D04","CUPE","CUPE.AOS.reach","2018-01-23T11:21Z","2018-07-03","CUPE.20180123.SURBER.8",,,"PARPOR","Y","Paracloeodes portoricensis",,"species","Arthropoda","Hexapoda","Insecta","Pterygota","Palaeoptera",,"Ephemeroptera","Pisciforma",,,"Baetidae",,,,"Paracloeodes","portoricensis",,"larva",1,,2,100,2,"N","N",,"condition OK","Y",,"Lugo-Ortiz & McCafferty 1996","N","EcoAnalysts Inc.","K. Guild",,,
"ede4fae9-6574-4b45-9c77-a83e68cb5d95","D04","CUPE","CUPE.AOS.reach","2018-01-23T11:21Z","2018-07-02","CUPE.20180123.SURBER.3",,,"FALSP","Y","Fallceon sp.",,"genus","Arthropoda","Hexapoda","Insecta","Pterygota","Palaeoptera",,"Ephemeroptera","Pisciforma",,,"Baetidae",,,,"Fallceon","sp.",,"larva",2,,3,100,3,"N","N",,"condition OK","Y",,"Gonzalez-Lazo & Salles 2007;Gonzalez-Lazo & Naranjo 2007","N","EcoAnalysts Inc.","K. Guild",,,
"82971e88-dbb7-4431-8388-7948f6d9f9c8","D04","CUPE","CUPE.AOS.reach","2018-01-23T11:21Z","2018-07-02","CUPE.20180123.SURBER.2",,,"FALSP","Y","Fallceon sp.",,"genus","Arthropoda","Hexapoda","Insecta","Pterygota","Palaeoptera",,"Ephemeroptera","Pisciforma",,,"Baetidae",,,,"Fallceon","sp.",,"larva",3,,1,100,1,"N","N",,"condition OK","Y",,"Gonzalez-Lazo & Salles 2007;Gonzalez-Lazo & Naranjo 2007","N","EcoAnalysts Inc.","K. Guild",,,
"c18f1efa-af06-4d01-89b7-9574e4770dbb","D04","CUPE","CUPE.AOS.reach","2018-01-23T11:21Z","2018-07-03","CUPE.20180123.SURBER.7",,,"ATOTRI","Y","Atopsyche trifida",,"species","Arthropoda","Hexapoda","Insecta","Pterygota","Neoptera","Holometabola","Trichoptera",,,"Rhyacophiloidea","Hydrobiosidae","Hydrobiosinae","Hydrobiosini",,"Atopsyche","trifida",,"larva",3,,1,100,1,"N","N",,"condition OK","Y",,"Flint 1964","Y","EcoAnalysts Inc.","K. Guild",,,
"6b4c10b7-e076-4add-975f-ffe1fccc39ea","D04","CUPE","CUPE.AOS.reach","2018-01-23T11:21Z","2018-07-02","CUPE.20180123.SURBER.5",,,"HEXSP4","Y","Hexacylloepus sp.",,"genus","Arthropoda","Hexapoda","Insecta","Pterygota","Neoptera","Holometabola","Coleoptera","Polyphaga","Elateriformia","Byrrhoidea","Elmidae","Elminae","Elmini",,"Hexacylloepus","sp.",,"larva",2,,5,100,5,"N","N",,"condition OK","Y",,"Shepard & Megna 2006; Manzo 2005 & 2013","N","EcoAnalysts Inc.","K. Guild",,,
"e8572610-fc20-4a31-9bf5-b88c5a831dbb","D04","CUPE","CUPE.AOS.reach","2018-01-23T11:21Z","2018-07-25","CUPE.20180123.SURBER.4",,,"TANSP8","Y","Tanytarsini sp.",,"tribe","Arthropoda","Hexapoda","Insecta","Pterygota","Neoptera","Holometabola","Diptera","Nematocera","Culicomorpha",,"Chironomidae","Chironominae","Tanytarsini",,,"sp.",,"pupa",2,,5,100,5,"N","N",,"condition OK","Y",,"Epler 2001","N","EcoAnalysts Inc.","W. Hoiland",,,
"5f97074b-a162-49ad-893d-3ee9a1806674","D04","CUPE","CUPE.AOS.reach","2018-01-23T11:21Z","2018-07-25","CUPE.20180123.SURBER.7",,,"CRISP6","Y","Cricotopus/Orthocladius sp.",,"speciesGroup","Arthropoda","Hexapoda","Insecta","Pterygota","Neoptera","Holometabola","Diptera","Nematocera","Culicomorpha",,"Chironomidae","Orthocladiinae",,,"Cricotopus/Orthocladius","sp.",,"larva",4,,1,100,1,"N","N",,"condition OK","Y",,"Epler 2001, and Maschwitz and Cook 2000","Y","EcoAnalysts Inc.","W. Hoiland",,,
"b4815d02-320a-4aa0-a562-cdb92648271c","D04","CUPE","CUPE.AOS.reach","2018-01-23T11:21Z","2018-07-03","CUPE.20180123.SURBER.6",,,"ATOTRI","Y","Atopsyche trifida",,"species","Arthropoda","Hexapoda","Insecta","Pterygota","Neoptera","Holometabola","Trichoptera",,,"Rhyacophiloidea","Hydrobiosidae","Hydrobiosinae","Hydrobiosini",,"Atopsyche","trifida",,"larva",6,,1,50,2,"N","N",,"condition OK","Y",,"Flint 1964","N","EcoAnalysts Inc.","K. Guild",,,
"dd4538d1-f849-4284-9b7f-0c10ab244d23","D04","CUPE","CUPE.AOS.reach","2018-01-23T11:21Z","2018-07-02","CUPE.20180123.SURBER.1",,,"FALSP","Y","Fallceon sp.",,"genus","Arthropoda","Hexapoda","Insecta","Pterygota","Palaeoptera",,"Ephemeroptera","Pisciforma",,,"Baetidae",,,,"Fallceon","sp.",,"larva",2,,2,100,2,"N","N",,"damaged, affecting measurement","Y",,"Gonzalez-Lazo & Salles 2007;Gonzalez-Lazo & Naranjo 2007","N","EcoAnalysts Inc.","K. Guild",,,
"241ec6fd-cdd0-46e2-a488-b6928b6b0629","D04","CUPE","CUPE.AOS.reach","2018-01-23T11:21Z","2018-07-02","CUPE.20180123.SURBER.3",,,"CERSP10","Y","Ceratopogoninae sp.",,"subfamily","Arthropoda","Hexapoda","Insecta","Pterygota","Neoptera","Holometabola","Diptera","Nematocera","Culicomorpha",,"Ceratopogonidae","Ceratopogoninae",,,,"sp.",,"larva",3,,1,100,1,"N","N",,"condition OK","Y",,"Merritt and Cummins 2008","N","EcoAnalysts Inc.","K. Guild",,,
"89b993b6-18b5-4a0f-83fd-2de2a1ed0dfb","D04","CUPE","CUPE.AOS.reach","2018-01-23T11:21Z","2018-07-25","CUPE.20180123.SURBER.8",,,"CRISP6","Y","Cricotopus/Orthocladius sp.",,"speciesGroup","Arthropoda","Hexapoda","Insecta","Pterygota","Neoptera","Holometabola","Diptera","Nematocera","Culicomorpha",,"Chironomidae","Orthocladiinae",,,"Cricotopus/Orthocladius","sp.",,"larva",3,,1,100,1,"N","N",,"damaged, affecting measurement","Y",,"Epler 2001, and Maschwitz and Cook 2000","N","EcoAnalysts Inc.","W. Hoiland",,,
"df3afd49-9f7b-49e0-b97c-449ccdcd2836","D04","CUPE","CUPE.AOS.reach","2018-01-23T11:21Z","2018-07-02","CUPE.20180123.SURBER.4",,,"FALSP","Y","Fallceon sp.",,"genus","Arthropoda","Hexapoda","Insecta","Pterygota","Palaeoptera",,"Ephemeroptera","Pisciforma",,,"Baetidae",,,,"Fallceon","sp.",,"larva",2,,1,100,1,"N","N",,"condition OK","Y",,"Gonzalez-Lazo & Salles 2007;Gonzalez-Lazo & Naranjo 2007","N","EcoAnalysts Inc.","K. Guild",,,
"ec85e347-48e9-4165-9e2b-72a6db05c914","D04","CUPE","CUPE.AOS.reach","2018-01-23T11:21Z","2018-07-03","CUPE.20180123.SURBER.8",,,"MACSP26","Y","Macrobrachium sp.",,"genus","Arthropoda","Crustacea","Malacostraca","Eumalacostraca",,"Eucarida","Decapoda","Pleocyemata","Caridea","Palaemonoidea","Palaemonidae","Palaemoninae",,,"Macrobrachium","sp.",,"adult",31,,1,100,1,"N","N",,"condition OK","Y",,"EPA Identification Manual #9","N","EcoAnalysts Inc.","K. Guild",,,
"051a5ea7-2efb-475a-b271-bbf4f2fa8a24","D04","CUPE","CUPE.AOS.reach","2018-01-23T11:21Z","2018-07-24","CUPE.20180123.SURBER.6",,"CUPE.20180123.SURBER.6.LARSIA SP.","LARSP","Y","Larsia sp.",,"genus","Arthropoda","Hexapoda","Insecta","Pterygota","Neoptera","Holometabola","Diptera","Nematocera","Culicomorpha",,"Chironomidae","Tanypodinae","Pentaneurini",,"Larsia","sp.",,"larva",4,,1,50,2,"N","N",,"condition OK","Y",,"Epler 2001","N","EcoAnalysts Inc.","W. Hoiland",,,
"fceb5b24-5d2c-445c-b494-dcbfa1315f9e","D04","CUPE","CUPE.AOS.reach","2018-01-23T11:21Z","2018-07-02","CUPE.20180123.SURBER.1",,,"LEPSP4","Y","Leptophlebiidae sp.",,"family","Arthropoda","Hexapoda","Insecta","Pterygota","Palaeoptera",,"Ephemeroptera","Furcatergalia","Lanceolata",,"Leptophlebiidae",,,,,"sp.",,"larva",3,,1,100,1,"N","N",,"condition OK","Y",,"Peters 1971","N","EcoAnalysts Inc.","K. Guild",,,
"41fde7ae-8027-4325-8246-2f5605911d68","D04","CUPE","CUPE.AOS.reach","2018-01-23T11:21Z","2018-07-03","CUPE.20180123.SURBER.7",,,"LEPSP4","Y","Leptophlebiidae sp.",,"family","Arthropoda","Hexapoda","Insecta","Pterygota","Palaeoptera",,"Ephemeroptera","Furcatergalia","Lanceolata",,"Leptophlebiidae",,,,,"sp.",,"larva",2,,24,100,24,"N","N",,"condition OK","Y",,"Peters 1971","Y","EcoAnalysts Inc.","K. Guild",,,
"71aa03e0-079b-44eb-a56a-13b5a5f659f7","D04","CUPE","CUPE.AOS.reach","2018-01-23T11:21Z","2018-07-24","CUPE.20180123.SURBER.4",,,"PARSP26","Y","Parametriocnemus sp.",,"genus","Arthropoda","Hexapoda","Insecta","Pterygota","Neoptera","Holometabola","Diptera","Nematocera","Culicomorpha",,"Chironomidae","Orthocladiinae",,,"Parametriocnemus","sp.",,"larva",4,,1,100,1,"N","N",,"condition OK","Y",,"Epler 2001","N","EcoAnalysts Inc.","W. Hoiland",,,
"50f34acc-1870-41d1-86b7-b1a59dd8a263","D04","CUPE","CUPE.AOS.reach","2018-01-23T11:21Z","2018-07-02","CUPE.20180123.SURBER.5",,,"LIBSP","Y","Libellulidae sp.",,"family","Arthropoda","Hexapoda","Insecta","Pterygota","Palaeoptera",,"Odonata","Anisoptera",,,"Libellulidae",,,,,"sp.",,"larva",1,,1,100,1,"N","N",,"condition OK","Y",,"Needham, Westfall and May 2000","N","EcoAnalysts Inc.","K. Guild",,,
"eeefcbc0-b9d9-42f3-8288-2372a5b8d7a4","D04","CUPE","CUPE.AOS.reach","2018-01-23T11:21Z","2018-07-25","CUPE.20180123.SURBER.4",,"CUPE.20180123.SURBER.4.THIENEMANNIELLA SP.","THISP2","Y","Thienemanniella sp.",,"genus","Arthropoda","Hexapoda","Insecta","Pterygota","Neoptera","Holometabola","Diptera","Nematocera","Culicomorpha",,"Chironomidae","Orthocladiinae",,,"Thienemanniella","sp.",,"larva",3,,1,100,1,"N","N",,"condition OK","Y",,"Epler 2001","N","EcoAnalysts Inc.","W. Hoiland",,,
"0c1e4742-c9b5-49c4-8257-f9107ccb3eb9","D04","CUPE","CUPE.AOS.reach","2018-01-23T11:21Z","2018-07-03","CUPE.20180123.SURBER.6",,,"PARPOR","Y","Paracloeodes portoricensis",,"species","Arthropoda","Hexapoda","Insecta","Pterygota","Palaeoptera",,"Ephemeroptera","Pisciforma",,,"Baetidae",,,,"Paracloeodes","portoricensis",,"larva",2,,6,50,12,"N","N",,"condition OK","Y",,"Lugo-Ortiz & McCafferty 1996","N","EcoAnalysts Inc.","K. Guild",,,
"f7f4b159-32af-4929-8b3c-ceefcb729ec2","D04","CUPE","CUPE.AOS.reach","2018-01-23T11:21Z","2018-07-02","CUPE.20180123.SURBER.3",,,"GLOSP1","Y","Glossosomatidae sp.",,"family","Arthropoda","Hexapoda","Insecta","Pterygota","Neoptera","Holometabola","Trichoptera",,,"Glossosomatoidea","Glossosomatidae",,,,,"sp.",,"larva",1,,1,100,1,"Y","N",,"condition OK","N",,"Flint 1964","N","EcoAnalysts Inc.","K. Guild",,,
"e560b202-2af2-4666-ad92-f7ba136f1a3d","D04","CUPE","CUPE.AOS.reach","2018-01-23T11:21Z","2018-07-03","CUPE.20180123.SURBER.6",,,"LEPSP4","Y","Leptophlebiidae sp.",,"family","Arthropoda","Hexapoda","Insecta","Pterygota","Palaeoptera",,"Ephemeroptera","Furcatergalia","Lanceolata",,"Leptophlebiidae",,,,,"sp.",,"larva",3,,1,50,2,"N","N",,"damaged, affecting measurement","Y",,"Peters 1971","N","EcoAnalysts Inc.","K. Guild",,,
"b423adb9-93ef-4875-b8bf-e9067cea1f8a","D04","CUPE","CUPE.AOS.reach","2018-01-23T11:21Z","2018-07-02","CUPE.20180123.SURBER.5",,,"FARSP","Y","Farrodes sp.",,"genus","Arthropoda","Hexapoda","Insecta","Pterygota","Palaeoptera",,"Ephemeroptera","Furcatergalia","Lanceolata",,"Leptophlebiidae",,,,"Farrodes","sp.",,"larva",5,,1,100,1,"N","N",,"condition OK","Y",,"Peters 1971","N","EcoAnalysts Inc.","K. Guild",,,
"497025ec-a59f-4b66-9162-e858f78264f4","D04","CUPE","CUPE.AOS.reach","2018-01-23T11:21Z","2018-07-03","CUPE.20180123.SURBER.8",,,"NEOSP27","Y","Neoelmis sp.",,"genus","Arthropoda","Hexapoda","Insecta","Pterygota","Neoptera","Holometabola","Coleoptera","Polyphaga","Elateriformia","Byrrhoidea","Elmidae","Elminae","Elmini",,"Neoelmis","sp.",,"larva",2,,2,100,2,"N","N",,"condition OK","Y",,"Manzo 2005 & 2013","N","EcoAnalysts Inc.","K. Guild",,,
"7756a145-69b8-43b9-b9f6-a65bf211c05c","D04","CUPE","CUPE.AOS.reach","2018-01-23T11:21Z","2018-07-03","CUPE.20180123.SURBER.6",,,"LEPSP4","Y","Leptophlebiidae sp.",,"family","Arthropoda","Hexapoda","Insecta","Pterygota","Palaeoptera",,"Ephemeroptera","Furcatergalia","Lanceolata",,"Leptophlebiidae",,,,,"sp.",,"larva",1,,2,50,4,"N","N",,"damaged, affecting measurement","Y",,"Peters 1971","N","EcoAnalysts Inc.","K. Guild",,,
"73548526-954c-40ff-af32-626b113cd45a","D04","CUPE","CUPE.AOS.reach","2018-01-23T11:21Z","2018-07-02","CUPE.20180123.SURBER.5",,,"POLSP5","Y","Polycentropodidae sp.",,"family","Arthropoda","Hexapoda","Insecta","Pterygota","Neoptera","Holometabola","Trichoptera",,,"Hydropsychoidea","Polycentropodidae",,,,,"sp.",,"larva",1,,1,100,1,"N","N",,"condition OK","Y",,"Wiggins 1996","N","EcoAnalysts Inc.","K. Guild",,,
"20b99d3a-7560-44cb-8128-26fc6188aea4","D04","CUPE","CUPE.AOS.reach","2018-01-23T11:21Z","2018-07-02","CUPE.20180123.SURBER.5",,,"HYDSP5","Y","Hydroptilidae sp.",,"family","Arthropoda","Hexapoda","Insecta","Pterygota","Neoptera","Holometabola","Trichoptera",,,"Hydroptiloidea","Hydroptilidae",,,,,"sp.",,"larva",1,,1,100,1,"N","N",,"condition OK","Y",,"Wiggins 1996","N","EcoAnalysts Inc.","K. Guild",,,
"8fc256a8-7bfb-4456-b81b-12ab95d6ecd1","D04","CUPE","CUPE.AOS.reach","2018-01-23T11:21Z","2018-07-02","CUPE.20180123.SURBER.4",,,"LEPSP4","Y","Leptophlebiidae sp.",,"family","Arthropoda","Hexapoda","Insecta","Pterygota","Palaeoptera",,"Ephemeroptera","Furcatergalia","Lanceolata",,"Leptophlebiidae",,,,,"sp.",,"larva",1,,1,100,1,"N","N",,"damaged, affecting measurement","Y",,"Peters 1971","N","EcoAnalysts Inc.","K. Guild",,,
"e2359f5a-d163-4118-ad27-360def879569","D04","CUPE","CUPE.AOS.reach","2018-01-23T11:21Z","2018-07-24","CUPE.20180123.SURBER.3",,,"STESP10","Y","Stempellinella sp.",,"genus","Arthropoda","Hexapoda","Insecta","Pterygota","Neoptera","Holometabola","Diptera","Nematocera","Culicomorpha",,"Chironomidae","Chironominae","Tanytarsini",,"Stempellinella","sp.",,"larva",2,,2,100,2,"N","N",,"condition OK","Y",,"Epler 2001","N","EcoAnalysts Inc.","W. Hoiland",,,
"ac00e22b-19a9-4687-8d16-37757016500a","D04","CUPE","CUPE.AOS.reach","2018-01-23T11:21Z","2018-07-24","CUPE.20180123.SURBER.1",,,"TANSP11","Y","Tanytarsus sp.",,"genus","Arthropoda","Hexapoda","Insecta","Pterygota","Neoptera","Holometabola","Diptera","Nematocera","Culicomorpha",,"Chironomidae","Chironominae","Tanytarsini",,"Tanytarsus","sp.",,"larva",3,,6,100,6,"N","N",,"condition OK","Y",,"Epler 2001","N","EcoAnalysts Inc.","W. Hoiland",,,
"d5bbf7e9-bca4-47e1-9ebb-2cf92cc26cef","D04","CUPE","CUPE.AOS.reach","2018-01-23T11:21Z","2018-07-03","CUPE.20180123.SURBER.8",,,"LEPSP4","Y","Leptophlebiidae sp.",,"family","Arthropoda","Hexapoda","Insecta","Pterygota","Palaeoptera",,"Ephemeroptera","Furcatergalia","Lanceolata",,"Leptophlebiidae",,,,,"sp.",,"larva",2,,20,100,20,"N","N",,"condition OK","Y",,"Peters 1971","N","EcoAnalysts Inc.","K. Guild",,,
"be291ccd-e6ff-47c8-b226-a81b7dafeccf","D04","CUPE","CUPE.AOS.reach","2018-01-23T11:21Z","2018-07-24","CUPE.20180123.SURBER.1",,,"PARSP26","Y","Parametriocnemus sp.",,"genus","Arthropoda","Hexapoda","Insecta","Pterygota","Neoptera","Holometabola","Diptera","Nematocera","Culicomorpha",,"Chironomidae","Orthocladiinae",,,"Parametriocnemus","sp.",,"larva",4,,4,100,4,"N","N",,"condition OK","Y",,"Epler 2001","N","EcoAnalysts Inc.","W. Hoiland",,,
"08bb1af3-e539-4cce-a83d-0b81943eeb11","D04","CUPE","CUPE.AOS.reach","2018-01-23T11:21Z","2018-07-03","CUPE.20180123.SURBER.7",,,"FALSP","Y","Fallceon sp.",,"genus","Arthropoda","Hexapoda","Insecta","Pterygota","Palaeoptera",,"Ephemeroptera","Pisciforma",,,"Baetidae",,,,"Fallceon","sp.",,"larva",1,,3,100,3,"N","N",,"condition OK","Y",,"Gonzalez-Lazo & Salles 2007;Gonzalez-Lazo & Naranjo 2007","Y","EcoAnalysts Inc.","K. Guild",,,
"18b4af43-f271-463d-9b94-e5a2f8ad64ba","D04","CUPE","CUPE.AOS.reach","2018-01-23T11:21Z","2018-07-24","CUPE.20180123.SURBER.6",,,"STESP8","Y","Stenochironomus sp.",,"genus","Arthropoda","Hexapoda","Insecta","Pterygota","Neoptera","Holometabola","Diptera","Nematocera","Culicomorpha",,"Chironomidae","Chironominae","Chironomini",,"Stenochironomus","sp.",,"larva",3,,1,50,2,"N","N",,"damaged, affecting measurement","Y",,"Epler 2001","N","EcoAnalysts Inc.","W. Hoiland",,,
"e7459099-5e33-4202-8ad2-849f959daed6","D04","CUPE","CUPE.AOS.reach","2018-01-23T11:21Z","2018-07-02","CUPE.20180123.SURBER.3",,,"LEPSP4","Y","Leptophlebiidae sp.",,"family","Arthropoda","Hexapoda","Insecta","Pterygota","Palaeoptera",,"Ephemeroptera","Furcatergalia","Lanceolata",,"Leptophlebiidae",,,,,"sp.",,"larva",2,,7,100,7,"N","N",,"condition OK","Y",,"Peters 1971","N","EcoAnalysts Inc.","K. Guild",,,
"dc2e3009-1368-4f3e-aa1b-1ab3ef7e5d5c","D04","CUPE","CUPE.AOS.reach","2018-01-23T11:21Z","2018-07-02","CUPE.20180123.SURBER.1",,,"NEOSP27","Y","Neoelmis sp.",,"genus","Arthropoda","Hexapoda","Insecta","Pterygota","Neoptera","Holometabola","Coleoptera","Polyphaga","Elateriformia","Byrrhoidea","Elmidae","Elminae","Elmini",,"Neoelmis","sp.",,"adult",2,,12,100,12,"N","N",,"condition OK","Y",,"Manzo 2005 & 2013","N","EcoAnalysts Inc.","K. Guild",,,
"7b9ecea2-f64f-4348-828d-b7b3bd7d3041","D04","CUPE","CUPE.AOS.reach","2018-01-23T11:21Z","2018-07-03","CUPE.20180123.SURBER.8",,,"CARSP14","Y","Cariboptila sp.",,"genus","Arthropoda","Hexapoda","Insecta","Pterygota","Neoptera","Holometabola","Trichoptera",,,"Glossosomatoidea","Glossosomatidae","Protoptilinae",,,"Cariboptila","sp.",,"larva",1,,1,100,1,"N","N",,"condition OK","Y",,"Flint 1964","N","EcoAnalysts Inc.","K. Guild",,,
"a465c4ce-ff85-4088-acea-a731a1c84c31","D04","CUPE","CUPE.AOS.reach","2018-01-23T11:21Z","2018-07-02","CUPE.20180123.SURBER.1",,,"ALISP","Y","Alisotrichia sp.",,"genus","Arthropoda","Hexapoda","Insecta","Pterygota","Neoptera","Holometabola","Trichoptera",,,"Hydroptiloidea","Hydroptilidae","Hydroptilinae","Leucotrichiini",,"Alisotrichia","sp.",,"larva",1,,1,100,1,"N","N",,"condition OK","Y",,"Flint 1964","N","EcoAnalysts Inc.","K. Guild",,,
"2cb79085-a407-4058-8481-5f0d23a34478","D04","CUPE","CUPE.AOS.reach","2018-01-23T11:21Z","2018-07-03","CUPE.20180123.SURBER.7",,,"LEPSP4","Y","Leptophlebiidae sp.",,"family","Arthropoda","Hexapoda","Insecta","Pterygota","Palaeoptera",,"Ephemeroptera","Furcatergalia","Lanceolata",,"Leptophlebiidae",,,,,"sp.",,"larva",3,,3,100,3,"N","N",,"condition OK","Y",,"Peters 1971","Y","EcoAnalysts Inc.","K. Guild",,,
"d66b5e4b-c07c-4319-985a-ff66c752180a","D04","CUPE","CUPE.AOS.reach","2018-01-23T11:21Z","2018-07-03","CUPE.20180123.SURBER.7",,,"ALISP","Y","Alisotrichia sp.",,"genus","Arthropoda","Hexapoda","Insecta","Pterygota","Neoptera","Holometabola","Trichoptera",,,"Hydroptiloidea","Hydroptilidae","Hydroptilinae","Leucotrichiini",,"Alisotrichia","sp.",,"larva",2,,1,100,1,"N","N",,"condition OK","Y",,"Flint 1964","Y","EcoAnalysts Inc.","K. Guild",,,
"8a366dd2-b9fa-4e88-94f6-442f6159fe2e","D04","CUPE","CUPE.AOS.reach","2018-01-23T11:21Z","2018-07-03","CUPE.20180123.SURBER.8",,,"FALSP","Y","Fallceon sp.",,"genus","Arthropoda","Hexapoda","Insecta","Pterygota","Palaeoptera",,"Ephemeroptera","Pisciforma",,,"Baetidae",,,,"Fallceon","sp.",,"larva",4,,1,100,1,"N","N",,"condition OK","Y",,"Gonzalez-Lazo & Salles 2007;Gonzalez-Lazo & Naranjo 2007","N","EcoAnalysts Inc.","K. Guild",,,
"09a422fe-0948-4836-9157-cd8fd374a1c7","D04","CUPE","CUPE.AOS.reach","2018-01-23T11:21Z","2018-07-03","CUPE.20180123.SURBER.6",,,"TURSP","Y","Turbellaria sp.",,"class","Platyhelminthes",,"Turbellaria",,,,,,,,,,,,,"sp.",,"larva",1,,2,50,4,"N","N",,"condition OK","Y",,"Thorp and Covich 2001","N","EcoAnalysts Inc.","K. Guild",,,
"f0454b6c-dfc4-42d6-afb3-caa77b43f97c","D04","CUPE","CUPE.AOS.reach","2018-01-23T11:21Z","2018-07-02","CUPE.20180123.SURBER.2",,,"ANTTUB","Y","Antillopsyche tubicola",,"species","Arthropoda","Hexapoda","Insecta","Pterygota","Neoptera","Holometabola","Trichoptera",,,"Hydropsychoidea","Polycentropodidae","Polycentropodinae",,,"Antillopsyche","tubicola",,"larva",3,,1,100,1,"N","N",,"condition OK","Y",,"Flint 1964","N","EcoAnalysts Inc.","K. Guild",,,
"93751e8f-782c-40dd-9b08-5fc5c4f568d1","D04","CUPE","CUPE.AOS.reach","2018-01-23T11:21Z","2018-07-03","CUPE.20180123.SURBER.7",,,"XIPBOR","Y","Xiphocentron borinquense",,"species","Arthropoda","Hexapoda","Insecta","Pterygota","Neoptera","Holometabola","Trichoptera",,,"Hydropsychoidea","Xiphocentronidae","Xiphocentroninae",,,"Xiphocentron","borinquense",,"larva",3,,1,100,1,"N","N",,"condition OK","Y",,"Flint 1964","Y","EcoAnalysts Inc.","K. Guild",,,
"71469fc2-9e27-4765-8c7e-6b4db00b2d1a","D04","CUPE","CUPE.AOS.reach","2018-01-23T11:21Z","2018-07-02","CUPE.20180123.SURBER.2",,,"FALSP","Y","Fallceon sp.",,"genus","Arthropoda","Hexapoda","Insecta","Pterygota","Palaeoptera",,"Ephemeroptera","Pisciforma",,,"Baetidae",,,,"Fallceon","sp.",,"larva",2,,2,100,2,"N","N",,"condition OK","Y",,"Gonzalez-Lazo & Salles 2007;Gonzalez-Lazo & Naranjo 2007","N","EcoAnalysts Inc.","K. Guild",,,
"a2ff5341-982a-491b-b282-66d6c849ad3a","D04","CUPE","CUPE.AOS.reach","2018-01-23T11:21Z","2018-07-02","CUPE.20180123.SURBER.3",,,"CRYSP4","Y","Cryptolabis sp.",,"genus","Arthropoda","Hexapoda","Insecta","Pterygota","Neoptera","Holometabola","Diptera","Nematocera","Tipulomorpha",,"Tipulidae","Limoniinae","Eriopterini",,"Cryptolabis","sp.",,"larva",5,,1,100,1,"N","N",,"condition OK","Y",,"Merritt and Cummins 2008","N","EcoAnalysts Inc.","K. Guild",,,
"b6a2bf52-bd64-4edf-9201-00523465fffc","D04","CUPE","CUPE.AOS.reach","2018-01-23T11:21Z","2018-07-02","CUPE.20180123.SURBER.5",,,"FARSP","Y","Farrodes sp.",,"genus","Arthropoda","Hexapoda","Insecta","Pterygota","Palaeoptera",,"Ephemeroptera","Furcatergalia","Lanceolata",,"Leptophlebiidae",,,,"Farrodes","sp.",,"larva",4,,1,100,1,"N","N",,"condition OK","Y",,"Peters 1971","N","EcoAnalysts Inc.","K. Guild",,,
"0d125f70-c3b9-4657-ad2f-d24b22c340d1","D04","CUPE","CUPE.AOS.reach","2018-01-23T11:21Z","2018-07-24","CUPE.20180123.SURBER.4",,"CUPE.20180123.SURBER.4.CHIRONOMINI SP.","CHISP6","Y","Chironomini sp.",,"tribe","Arthropoda","Hexapoda","Insecta","Pterygota","Neoptera","Holometabola","Diptera","Nematocera","Culicomorpha",,"Chironomidae","Chironominae","Chironomini",,,"sp.",,"pupa",3,,1,100,1,"N","N",,"damaged, affecting measurement","Y",,"Epler 2001","N","EcoAnalysts Inc.","W. Hoiland",,,
"680e166b-ea49-4974-a1df-b411410e11ac","D04","CUPE","CUPE.AOS.reach","2018-01-23T11:21Z","2018-07-03","CUPE.20180123.SURBER.7",,,"TURSP","Y","Turbellaria sp.",,"class","Platyhelminthes",,"Turbellaria",,,,,,,,,,,,,"sp.",,"larva",2,,1,100,1,"N","N",,"condition OK","Y",,"Thorp and Covich 2001","Y","EcoAnalysts Inc.","K. Guild",,,
"1ef096c1-d1f6-4204-8a51-e41b11ddc8e3","D04","CUPE","CUPE.AOS.reach","2018-01-23T11:21Z","2018-07-03","CUPE.20180123.SURBER.8",,,"LEPSP4","Y","Leptophlebiidae sp.",,"family","Arthropoda","Hexapoda","Insecta","Pterygota","Palaeoptera",,"Ephemeroptera","Furcatergalia","Lanceolata",,"Leptophlebiidae",,,,,"sp.",,"larva",1,,8,100,8,"N","N",,"damaged, affecting measurement","Y",,"Peters 1971","N","EcoAnalysts Inc.","K. Guild",,,
"7384846b-a8ef-4fe7-87c4-35f5bc3868bf","D04","CUPE","CUPE.AOS.reach","2018-01-23T11:21Z","2018-07-02","CUPE.20180123.SURBER.4",,,"HEXSP4","Y","Hexacylloepus sp.",,"genus","Arthropoda","Hexapoda","Insecta","Pterygota","Neoptera","Holometabola","Coleoptera","Polyphaga","Elateriformia","Byrrhoidea","Elmidae","Elminae","Elmini",,"Hexacylloepus","sp.",,"adult",2,,1,100,1,"N","N",,"condition OK","Y",,"Shepard & Megna 2006; Manzo 2005 & 2013","N","EcoAnalysts Inc.","K. Guild",,,
"a10887a9-2820-4ff0-ab25-02d781cf58e9","D04","CUPE","CUPE.AOS.reach","2018-01-23T11:21Z","2018-07-02","CUPE.20180123.SURBER.3",,,"HEXSP4","Y","Hexacylloepus sp.",,"genus","Arthropoda","Hexapoda","Insecta","Pterygota","Neoptera","Holometabola","Coleoptera","Polyphaga","Elateriformia","Byrrhoidea","Elmidae","Elminae","Elmini",,"Hexacylloepus","sp.",,"larva",1,,2,100,2,"N","N",,"condition OK","Y",,"Shepard & Megna 2006; Manzo 2005 & 2013","N","EcoAnalysts Inc.","K. Guild",,,
"75b2c948-5f18-4ef0-9869-f16c1e6b59b9","D04","CUPE","CUPE.AOS.reach","2018-01-23T11:21Z","2018-07-03","CUPE.20180123.SURBER.6",,,"LEPSP4","Y","Leptophlebiidae sp.",,"family","Arthropoda","Hexapoda","Insecta","Pterygota","Palaeoptera",,"Ephemeroptera","Furcatergalia","Lanceolata",,"Leptophlebiidae",,,,,"sp.",,"larva",2,,20,50,40,"N","N",,"condition OK","Y",,"Peters 1971","N","EcoAnalysts Inc.","K. Guild",,,
"c5185d83-8a67-4338-b7a1-e50e62a1e278","D04","CUPE","CUPE.AOS.reach","2018-01-23T11:21Z","2018-07-03","CUPE.20180123.SURBER.7",,,"HEXSP4","Y","Hexacylloepus sp.",,"genus","Arthropoda","Hexapoda","Insecta","Pterygota","Neoptera","Holometabola","Coleoptera","Polyphaga","Elateriformia","Byrrhoidea","Elmidae","Elminae","Elmini",,"Hexacylloepus","sp.",,"larva",4,,5,100,5,"N","N",,"condition OK","Y",,"Shepard & Megna 2006; Manzo 2005 & 2013","Y","EcoAnalysts Inc.","K. Guild",,,
"c0f3f025-0f70-48ee-a986-66c12e1a3440","D04","CUPE","CUPE.AOS.reach","2018-01-23T11:21Z","2018-07-02","CUPE.20180123.SURBER.2",,,"LEPSP4","Y","Leptophlebiidae sp.",,"family","Arthropoda","Hexapoda","Insecta","Pterygota","Palaeoptera",,"Ephemeroptera","Furcatergalia","Lanceolata",,"Leptophlebiidae",,,,,"sp.",,"larva",1,,10,100,10,"N","N",,"condition OK","Y",,"Peters 1971","N","EcoAnalysts Inc.","K. Guild",,,
