uid,domainID,siteID,namedLocation,collectDate,identifiedDate,sampleID,sampleCode,slideID,acceptedTaxonID,targetTaxaPresent,scientificName,morphospeciesID,taxonRank,phylum,subphylum,class,subclass,infraclass,superorder,order,suborder,infraorder,superfamily,family,subfamily,tribe,subtribe,genus,specificEpithet,infraspecificEpithet,invertebrateLifeStage,sizeClass,sizeCategory,individualCount,subsamplePercent,estimatedTotalCount,immatureSpecimen,indeterminateSpecies,taxonRankQualifier,sampleCondition,distinctTaxon,identificationQualifier,identificationReferences,qcChecked,laboratoryName,identifiedBy,identificationRemarks,identificationHistoryID,dataQF
"3b8a7858-b698-43d9-8278-cf1f766e94d3","D03","BARC","BARC.AOS.buoy.c0","2019-11-06T13:21Z","2020-03-05","BARC.20191106.PONAR.1","A00000128992","BARC.20191106.PONAR.1_OLIGOCHAETE_1/1","LIMHOF","Y","Limnodrilus hoffmeisteri",,"species","Annelida","Clitellata","Oligochaeta","Oligochaeta",,,"Tubificida",,,,"Naididae","Tubificinae",,,"Limnodrilus","hoffmeisteri",,"none",21,,1,94,1,"N","N",,"condition OK","Y",,"Kathman and Brinkhurst 1999","N","EcoAnalysts Inc.","L. Flaherty",,,
"37298dd0-d627-4be1-b1ae-45b3d9c59e2d","D03","BARC","BARC.AOS.riparian.point.07","2019-11-06T13:21Z","2020-03-16","BARC.20191106.BENTHICSWEEP.7","A00000128998",,"CORSP19","Y","Corynoneura sp.",,"genus","Arthropoda","Hexapoda","Insecta","Pterygota","Neoptera","Holometabola","Diptera","Nematocera","Culicomorpha",,"Chironomidae","Orthocladiinae",,,"Corynoneura","sp.",,"larva",2,,1,7,14,"N","N",,"condition OK","Y",,"Epler 2001","Y","EcoAnalysts Inc.","G. Wallace",,,
"b5717c9c-c46c-4613-ad4b-2d275d1792e6","D03","BARC","BARC.AOS.riparian.point.07","2019-11-06T13:21Z","2020-03-16","BARC.20191106.BENTHICSWEEP.7","A00000128998",,"OECSP","Y","Oecetis sp.",,"genus","Arthropoda","Hexapoda","Insecta","Pterygota","Neoptera","Holometabola","Trichoptera",,,"Leptoceroidea","Leptoceridae","Leptocerinae","Oecetini",,"Oecetis","sp.",,"larva",1,,1,7,14,"N","N",,"condition OK","Y",,"Wiggins 1996","Y","EcoAnalysts Inc.","A. Navesky",,,
"b6029c82-69c6-4703-b498-833080edd954","D03","BARC","BARC.AOS.littoral1","2019-11-06T13:21Z","2020-03-12","BARC.20191106.PONAR.2","A00000128993",,"CRYSP3","Y","Cryptotendipes sp.",,"genus","Arthropoda","Hexapoda","Insecta","Pterygota","Neoptera","Holometabola","Diptera","Nematocera","Culicomorpha",,"Chironomidae","Chironominae","Chironomini",,"Cryptotendipes","sp.",,"larva",3,,1,100,1,"N","N",,"condition OK","Y",,"Epler 2001","N","EcoAnalysts Inc.","G. Wallace",,,
"d74db571-29a1-4c64-8b37-21cd65dd204b","D03","BARC","BARC.AOS.littoral1","2019-11-06T13:21Z","2020-03-12","BARC.20191106.PONAR.2","A00000128993",,"CRYSP3","Y","Cryptotendipes sp.",,"genus","Arthropoda","Hexapoda","Insecta","Pterygota","Neoptera","Holometabola","Diptera","Nematocera","Culicomorpha",,"Chironomidae","Chironominae","Chironomini",,"Cryptotendipes","sp.",,"larva",5,,1,100,1,"N","N",,"condition OK","Y",,"Epler 2001","N","EcoAnalysts Inc.","G. Wallace",,,
"a7f4d520-c5c3-4577-964e-2e174df64d49","D03","BARC","BARC.AOS.riparian.point.07","2019-11-06T13:21Z","2020-03-16","BARC.20191106.BENTHICSWEEP.7","A00000128998",,"DASSP2","Y","Dasyhelea sp.",,"genus","Arthropoda","Hexapoda","Insecta","Pterygota","Neoptera","Holometabola","Diptera","Nematocera","Culicomorpha",,"Ceratopogonidae","Dasyheleinae",,,"Dasyhelea","sp.",,"larva",3,,1,7,14,"N","N",,"condition OK","Y",,"Merritt and Cummins 2008","Y","EcoAnalysts Inc.","A. Navesky",,,
"952c6c01-4003-48c8-8f34-efe2ef5c0e01","D03","BARC","BARC.AOS.littoral2","2019-11-06T13:21Z","2020-03-05","BARC.20191106.PONAR.3","A00000128995","BARC.20191106.PONAR.3_OLIGOCHAETE_1/2|BARC.20191106.PONAR.3_OLIGOCHAETE_2/2","NAISP","Y","Naididae sp.","w/o cap setae","family","Annelida","Clitellata","Oligochaeta","Oligochaeta",,,"Tubificida",,,,"Naididae",,,,,"sp.",,"none",2,,2,100,2,"N","N",,"condition OK","Y",,"Kathman and Brinkhurst 1998","N","EcoAnalysts Inc.","L. Flaherty",,,
"1b82e9fe-a61e-416a-a7cd-5f0c1c2d7632","D03","BARC","BARC.AOS.riparian.point.07","2019-11-06T13:21Z","2020-03-16","BARC.20191106.BENTHICSWEEP.7","A00000128998",,"POLSCA","Y","Polypedilum scalaenum gr.",,"speciesGroup","Arthropoda","Hexapoda","Insecta","Pterygota","Neoptera","Holometabola","Diptera","Nematocera","Culicomorpha",,"Chironomidae","Chironominae","Chironomini",,"Polypedilum","scalaenum gr.",,"larva",4,,1,7,14,"N","N",,"condition OK","Y",,"Epler 2001 and Maschwitz and Cook 2000","Y","EcoAnalysts Inc.","G. Wallace",,,
"4b6a8b6d-aa73-4786-bf43-dae3e40529c4","D03","BARC","BARC.AOS.riparian.point.09","2019-11-06T13:21Z","2020-03-16","BARC.20191106.BENTHICSWEEP.9","A00000128999",,"OXYSP","Y","Oxyethira sp.",,"genus","Arthropoda","Hexapoda","Insecta","Pterygota","Neoptera","Holometabola","Trichoptera",,,"Hydroptiloidea","Hydroptilidae","Hydroptilinae","Hydroptilini",,"Oxyethira","sp.",,"larva",1,,5,8,64,"N","N",,"condition OK","Y",,"Wiggins 1996","N","EcoAnalysts Inc.","A. Navesky",,,
"9fe18297-ce77-4647-b08f-9cc692ffe328","D03","BARC","BARC.AOS.riparian.point.03","2019-11-06T13:21Z","2020-03-12","BARC.20191106.BENTHICSWEEP.3","A00000129000","BARC.20191106.BENTHICSWEEP.3_OLIGOCHAETE_1/1","DERSP4","Y","Dero sp.",,"genus","Annelida","Clitellata","Oligochaeta","Oligochaeta",,,"Tubificida",,,,"Naididae","Naidinae",,,"Dero","sp.",,"none",1,,2,10,19,"N","N",,"condition OK","Y",,"Kathman and Brinkhurst 1999","N","EcoAnalysts Inc.","L. Flaherty",,,
"697457e3-2645-4ae1-9bd4-b67d1a151252","D03","BARC","BARC.AOS.riparian.point.03","2019-11-06T13:21Z","2020-03-12","BARC.20191106.BENTHICSWEEP.3","A00000129000",,"ORISP1","Y","Oribatida sp.",,"suborder","Arthropoda","Chelicerata","Arachnida","Acari",,"Acariformes","Sarcoptiformes","Oribatida",,,,,,,,"sp.",,"none",1,,60,10,576,"N","Y",,"condition OK","Y",,"Thorp and Covich 2001","N","EcoAnalysts Inc.","A. Navesky","Oribatida",,
"b9233e57-9b6b-4936-9c07-92aad59370b8","D03","BARC","BARC.AOS.riparian.point.07","2019-11-06T13:21Z","2020-03-16","BARC.20191106.BENTHICSWEEP.7","A00000128998",,"ZAVMAR","Y","Zavreliella marmorata",,"species","Arthropoda","Hexapoda","Insecta","Pterygota","Neoptera","Holometabola","Diptera","Nematocera","Culicomorpha",,"Chironomidae","Chironominae","Tanytarsini",,"Zavreliella","marmorata",,"larva",2,,1,7,14,"N","N",,"condition OK","Y",,"Epler 2001","Y","EcoAnalysts Inc.","G. Wallace",,,
"fa4aff68-66b5-4833-ba0a-83e5e3033dc5","D03","BARC","BARC.AOS.buoy.c0","2019-11-06T13:21Z","2020-03-05","BARC.20191106.PONAR.1","A00000128992","BARC.20191106.PONAR.1_OLIGOCHAETE_1/1","NAISP","Y","Naididae sp.","w/o cap setae","family","Annelida","Clitellata","Oligochaeta","Oligochaeta",,,"Tubificida",,,,"Naididae",,,,,"sp.",,"none",9,,1,94,1,"N","N",,"condition OK","N",,"Kathman and Brinkhurst 1998","N","EcoAnalysts Inc.","L. Flaherty",,,
"32f21090-d7c9-4404-a7d1-f9551398e23d","D03","BARC","BARC.AOS.riparian.point.03","2019-11-06T13:21Z","2020-03-12","BARC.20191106.BENTHICSWEEP.3","A00000129000",,"OXYSP","Y","Oxyethira sp.",,"genus","Arthropoda","Hexapoda","Insecta","Pterygota","Neoptera","Holometabola","Trichoptera",,,"Hydroptiloidea","Hydroptilidae","Hydroptilinae","Hydroptilini",,"Oxyethira","sp.",,"larva",1,,1,10,10,"N","N",,"condition OK","Y",,"Wiggins 1996","N","EcoAnalysts Inc.","A. Navesky",,,
"5cda385e-18e2-4918-821c-f42c54dfd11f","D03","BARC","BARC.AOS.littoral1","2019-11-06T13:21Z","2020-03-12","BARC.20191106.PONAR.2","A00000128993",,"TANSP11","Y","Tanytarsus sp.",,"genus","Arthropoda","Hexapoda","Insecta","Pterygota","Neoptera","Holometabola","Diptera","Nematocera","Culicomorpha",,"Chironomidae","Chironominae","Tanytarsini",,"Tanytarsus","sp.",,"larva",2,"2b",2,100,2,"N","N",,"condition OK","Y",,"Epler 2001","N","EcoAnalysts Inc.","G. Wallace","Fragment",,
"c3a598e0-4282-47f5-a602-1621febdafbf","D03","BARC","BARC.AOS.riparian.point.09","2019-11-06T13:21Z","2020-03-16","BARC.20191106.BENTHICSWEEP.9","A00000128999",,"ABLSP","Y","Ablabesmyia sp.",,"genus","Arthropoda","Hexapoda","Insecta","Pterygota","Neoptera","Holometabola","Diptera","Nematocera","Culicomorpha",,"Chironomidae","Tanypodinae","Pentaneurini",,"Ablabesmyia","sp.",,"larva",1,,1,8,13,"Y","N",,"condition OK","Y",,"Roback 1985; Epler 2001","N","EcoAnalysts Inc.","G. Wallace",,,
"cf3d4284-87b2-48e2-a0f7-f2781713c396","D03","BARC","BARC.AOS.riparian.point.03","2019-11-06T13:21Z","2020-03-12","BARC.20191106.BENTHICSWEEP.3","A00000129000",,"OXYSP","Y","Oxyethira sp.",,"genus","Arthropoda","Hexapoda","Insecta","Pterygota","Neoptera","Holometabola","Trichoptera",,,"Hydroptiloidea","Hydroptilidae","Hydroptilinae","Hydroptilini",,"Oxyethira","sp.",,"larva",2,,3,10,29,"N","N",,"condition OK","Y",,"Wiggins 1996","N","EcoAnalysts Inc.","A. Navesky",,,
"65c822b4-dd9a-4115-8811-f6d3ce610240","D03","BARC","BARC.AOS.littoral2","2019-11-06T13:21Z","2020-03-05","BARC.20191106.PONAR.3","A00000128995",,"ORTSP2","Y","Orthotrichia sp.",,"genus","Arthropoda","Hexapoda","Insecta","Pterygota","Neoptera","Holometabola","Trichoptera",,,"Hydroptiloidea","Hydroptilidae","Hydroptilinae","Orthotrichiini",,"Orthotrichia","sp.",,"larva",2,,4,100,4,"N","N",,"condition OK","Y",,"Wiggins 1996","N","EcoAnalysts Inc.","A. Navesky",,,
"c03d19f0-190f-41b8-912e-01075dc8dfda","D03","BARC","BARC.AOS.buoy.c0","2019-11-06T13:21Z","2020-03-05","BARC.20191106.PONAR.1","A00000128992","BARC.20191106.PONAR.1_COELOTANYPUS SP.","COESP3","Y","Coelotanypus sp.",,"genus","Arthropoda","Hexapoda","Insecta","Pterygota","Neoptera","Holometabola","Diptera","Nematocera","Culicomorpha",,"Chironomidae","Tanypodinae","Coelotanypodini",,"Coelotanypus","sp.",,"larva",1,,1,94,1,"N","N",,"other (specified in remarks)","Y",,"Epler 2001 and Maschwitz and Cook 2000","N","EcoAnalysts Inc.","G. Wallace","1in RC; not measured",,
"ed4c59b7-ba1e-42d4-8e07-2df12da977dd","D03","BARC","BARC.AOS.riparian.point.05","2019-11-06T13:21Z","2020-03-12","BARC.20191106.BENTHICSWEEP.5","A00000128997",,"OXYSP","Y","Oxyethira sp.",,"genus","Arthropoda","Hexapoda","Insecta","Pterygota","Neoptera","Holometabola","Trichoptera",,,"Hydroptiloidea","Hydroptilidae","Hydroptilinae","Hydroptilini",,"Oxyethira","sp.",,"larva",1,,2,4,48,"N","N",,"condition OK","Y",,"Wiggins 1996","N","EcoAnalysts Inc.","A. Navesky",,,
"e3770a56-50da-4efc-b758-bb894897727a","D03","BARC","BARC.AOS.riparian.point.05","2019-11-06T13:21Z","2020-03-12","BARC.20191106.BENTHICSWEEP.5","A00000128997",,"TANSP11","Y","Tanytarsus sp.",,"genus","Arthropoda","Hexapoda","Insecta","Pterygota","Neoptera","Holometabola","Diptera","Nematocera","Culicomorpha",,"Chironomidae","Chironominae","Tanytarsini",,"Tanytarsus","sp.",,"larva",2,,1,4,24,"N","N",,"condition OK","Y",,"Epler 2001","N","EcoAnalysts Inc.","G. Wallace",,,
"17d3c97e-a778-4a9f-8c24-14bd288f7ea7","D03","BARC","BARC.AOS.riparian.point.09","2019-11-06T13:21Z","2020-03-16","BARC.20191106.BENTHICSWEEP.9","A00000128999","BARC.20191106.BENTHICSWEEP.9_OLIGOCHAETE_1/1","DERSP4","Y","Dero sp.",,"genus","Annelida","Clitellata","Oligochaeta","Oligochaeta",,,"Tubificida",,,,"Naididae","Naidinae",,,"Dero","sp.",,"none",2,,1,8,13,"N","N",,"condition OK","Y",,"Kathman and Brinkhurst 1999","N","EcoAnalysts Inc.","L. Flaherty","Fragment",,
"57517620-f833-4a4c-ad89-785767bcbcc0","D03","BARC","BARC.AOS.littoral2","2019-11-06T13:21Z","2020-03-05","BARC.20191106.PONAR.3","A00000128995","6990.19-8","HIRSP","Y","Hirudinida sp.",,"subclass","Annelida",,"Clitellata","Hirudinea",,,,,,,,,,,,"sp.",,"none",4,,1,100,1,"N","N",,"condition OK","Y",,"Kathman and Brinkhurst 1998","N","EcoAnalysts Inc.","L. Flaherty","1in RC; RC#1 ID by John",,
"b7d6a24a-6c6a-4ae3-b187-31f556c04b51","D03","BARC","BARC.AOS.riparian.point.09","2019-11-06T13:21Z","2020-03-16","BARC.20191106.BENTHICSWEEP.9","A00000128999",,"CLASP6","Y","Cladotanytarsus sp.",,"genus","Arthropoda","Hexapoda","Insecta","Pterygota","Neoptera","Holometabola","Diptera","Nematocera","Culicomorpha",,"Chironomidae","Chironominae","Tanytarsini",,"Cladotanytarsus","sp.",,"larva",3,,2,8,26,"N","N",,"condition OK","Y",,"Epler 2001","N","EcoAnalysts Inc.","G. Wallace",,,
"354b45f5-9854-435c-a877-44ef34361abe","D03","BARC","BARC.AOS.riparian.point.01","2019-11-06T13:21Z","2020-03-12","BARC.20191106.BENTHICSWEEP.1","A00000128996",,"CRISP6","Y","Cricotopus/Orthocladius sp.",,"speciesGroup","Arthropoda","Hexapoda","Insecta","Pterygota","Neoptera","Holometabola","Diptera","Nematocera","Culicomorpha",,"Chironomidae","Orthocladiinae",,,"Cricotopus/Orthocladius","sp.",,"larva",1,,1,8,13,"N","N",,"condition OK","Y",,"Epler 2001","N","EcoAnalysts Inc.","G. Wallace",,,
"59999033-01df-476f-8478-f580b87b68e2","D03","BARC","BARC.AOS.riparian.point.07","2019-11-06T13:21Z","2020-03-16","BARC.20191106.BENTHICSWEEP.7","A00000128998",,"COLSP1","Y","Collembola sp.",,"order","Arthropoda","Hexapoda","Collembola",,,,"Collembola",,,,,,,,,"sp.",,"larva",1,,1,7,14,"N","N",,"condition OK","Y",,"Triplehorn and Johnson 2005","Y","EcoAnalysts Inc.","A. Navesky",,,
"9722b081-fee3-4b39-a016-071f181f25f2","D03","BARC","BARC.AOS.riparian.point.01","2019-11-06T13:21Z","2020-03-12","BARC.20191106.BENTHICSWEEP.1","A00000128996","BARC.20191106.BENTHICSWEEP.1_OLIGOCHAETE_1/1","BRADAD","Y","Bratislavia dadayi",,"species","Annelida","Clitellata","Oligochaeta","Oligochaeta",,,"Tubificida",,,,"Naididae","Naidinae",,,"Bratislavia","dadayi",,"none",2,,1,8,13,"N","N",,"condition OK","Y",,"Kathman and Brinkhurst 1998","N","EcoAnalysts Inc.","L. Flaherty",,,
"c96f28b6-6362-45d3-ad60-f2f0acced530","D03","BARC","BARC.AOS.littoral1","2019-11-06T13:21Z","2020-03-12","BARC.20191106.PONAR.2","A00000128993",,"NEMSP","Y","Nematoda sp.",,"phylum","Nematoda",,,,,,,,,,,,,,,"sp.",,"none",3,,22,100,22,"N","Y",,"condition OK","Y",,"Thorp and Covich 2001","N","EcoAnalysts Inc.","A. Navesky",,,
"e19e7626-4432-4972-841e-76c47892e052","D03","BARC","BARC.AOS.riparian.point.03","2019-11-06T13:21Z","2020-03-12","BARC.20191106.BENTHICSWEEP.3","A00000129000",,"HYASP2","Y","Hyalella sp.",,"genus","Arthropoda","Crustacea","Malacostraca","Eumalacostraca",,"Peracarida","Amphipoda","Gammaridea",,,"Hyalellidae",,,,"Hyalella","sp.",,"none",1,,1,10,10,"N","N",,"other (specified in remarks)","Y",,"Thorp and Covich 2001","N","EcoAnalysts Inc.","A. Navesky","not measured",,
"650ebc2d-acd1-494c-8599-e9661b5dbc2a","D03","BARC","BARC.AOS.buoy.c0","2019-11-06T13:21Z","2020-03-05","BARC.20191106.PONAR.1","A00000128992",,"ZAVMAR","Y","Zavreliella marmorata",,"species","Arthropoda","Hexapoda","Insecta","Pterygota","Neoptera","Holometabola","Diptera","Nematocera","Culicomorpha",,"Chironomidae","Chironominae","Tanytarsini",,"Zavreliella","marmorata",,"larva",1,,1,94,1,"N","N",,"condition OK","Y",,"Epler 2001","N","EcoAnalysts Inc.","G. Wallace","Fragment",,
"41ce3bf3-b41c-4ccf-ac39-a5de5af3ba2b","D03","BARC","BARC.AOS.littoral1","2019-11-06T13:21Z","2020-03-12","BARC.20191106.PONAR.2","A00000128993","BARC.20191106.PONAR.2_OLIGOCHAETE_1/1","NAISP","Y","Naididae sp.","w/o cap setae","family","Annelida","Clitellata","Oligochaeta","Oligochaeta",,,"Tubificida",,,,"Naididae",,,,,"sp.",,"none",1,"1a",1,100,1,"N","N",,"condition OK","Y",,"Kathman and Brinkhurst 1998","N","EcoAnalysts Inc.","L. Flaherty","Fragment",,
"24ad3b38-b714-439c-959b-34bc6f6467b6","D03","BARC","BARC.AOS.riparian.point.09","2019-11-06T13:21Z","2020-03-16","BARC.20191106.BENTHICSWEEP.9","A00000128999",,"LABSP","Y","Labrundinia sp.",,"genus","Arthropoda","Hexapoda","Insecta","Pterygota","Neoptera","Holometabola","Diptera","Nematocera","Culicomorpha",,"Chironomidae","Tanypodinae","Pentaneurini",,"Labrundinia","sp.",,"larva",2,,7,8,90,"N","N",,"condition OK","Y",,"Epler 2001","N","EcoAnalysts Inc.","G. Wallace",,,
"bddc98bc-7d7e-41a6-a328-389e16ea7912","D03","BARC","BARC.AOS.riparian.point.01","2019-11-06T13:21Z","2020-03-12","BARC.20191106.BENTHICSWEEP.1","A00000128996","BARC.20191106.BENTHICSWEEP.1_OLIGOCHAETE_1/1","PRISP1","Y","Pristina sp.",,"genus","Annelida","Clitellata","Oligochaeta","Oligochaeta",,,"Tubificida",,,,"Naididae","Pristininae",,,"Pristina","sp.",,"none",1,,16,8,205,"N","N",,"condition OK","Y",,"Kathman and Brinkhurst 1998","N","EcoAnalysts Inc.","L. Flaherty",,,
"754c5eb1-dbcc-498d-8df0-1e0e767c4473","D03","BARC","BARC.AOS.riparian.point.05","2019-11-06T13:21Z","2020-03-12","BARC.20191106.BENTHICSWEEP.5","A00000128997",,"CAESP5","Y","Caenis sp.",,"genus","Arthropoda","Hexapoda","Insecta","Pterygota","Palaeoptera",,"Ephemeroptera","Furcatergalia","Pannota","Caenoidea","Caenidae","Caeninae",,,"Caenis","sp.",,"larva",2,,1,4,24,"Y","N",,"condition OK","Y",,"Merritt and Cummins 2008","N","EcoAnalysts Inc.","A. Navesky",,,
"19a91d9b-9fe1-4128-81a2-fe6c56f1c679","D03","BARC","BARC.AOS.riparian.point.07","2019-11-06T13:21Z","2020-03-16","BARC.20191106.BENTHICSWEEP.7","A00000128998",,"ABLSP","Y","Ablabesmyia sp.",,"genus","Arthropoda","Hexapoda","Insecta","Pterygota","Neoptera","Holometabola","Diptera","Nematocera","Culicomorpha",,"Chironomidae","Tanypodinae","Pentaneurini",,"Ablabesmyia","sp.",,"larva",2,,3,7,43,"Y","N",,"condition OK","N",,"Roback 1985; Epler 2001","Y","EcoAnalysts Inc.","G. Wallace",,,
"c70c0338-0ac4-487b-bb95-52336c239352","D03","BARC","BARC.AOS.littoral1","2019-11-06T13:21Z","2020-03-12","BARC.20191106.PONAR.2","A00000128993","BARC.20191106.PONAR.2_OLIGOCHAETE_1/1","NAISP","Y","Naididae sp.","w/o cap setae","family","Annelida","Clitellata","Oligochaeta","Oligochaeta",,,"Tubificida",,,,"Naididae",,,,,"sp.",,"none",3,"3b",1,100,1,"N","N",,"condition OK","Y",,"Kathman and Brinkhurst 1998","N","EcoAnalysts Inc.","L. Flaherty","Fragment",,
"f67616e7-5ac5-47ff-a1f8-cf52d52e8cd8","D03","BARC","BARC.AOS.riparian.point.07","2019-11-06T13:21Z","2020-03-16","BARC.20191106.BENTHICSWEEP.7","A00000128998","BARC.20191106.BENTHICSWEEP.7_DICROTENDIPES SP.","DICSP7","Y","Dicrotendipes sp.",,"genus","Arthropoda","Hexapoda","Insecta","Pterygota","Neoptera","Holometabola","Diptera","Nematocera","Culicomorpha",,"Chironomidae","Chironominae","Chironomini",,"Dicrotendipes","sp.",,"larva",2,,1,7,14,"Y","Y",,"condition OK","Y",,"Epler 1987 1988 2001","Y","EcoAnalysts Inc.","G. Wallace","1in RC; reference may be D. nervosus but not 4th instar",,
"252b9a14-8622-4bae-8a99-66b3a42cc0ed","D03","BARC","BARC.AOS.riparian.point.03","2019-11-06T13:21Z","2020-03-12","BARC.20191106.BENTHICSWEEP.3","A00000129000",,"PSESP18","Y","Pseudochironomus sp.",,"genus","Arthropoda","Hexapoda","Insecta","Pterygota","Neoptera","Holometabola","Diptera","Nematocera","Culicomorpha",,"Chironomidae","Chironominae","Pseudochironomini",,"Pseudochironomus","sp.",,"larva",2,,2,10,19,"N","N",,"condition OK","Y",,"Epler 2001","N","EcoAnalysts Inc.","G. Wallace",,,
"c5b5a18c-0cb3-4847-a2b1-07f4f4136b62","D03","BARC","BARC.AOS.riparian.point.03","2019-11-06T13:21Z","2020-03-12","BARC.20191106.BENTHICSWEEP.3","A00000129000",,"CHISP8","Y","Chironomus sp.",,"genus","Arthropoda","Hexapoda","Insecta","Pterygota","Neoptera","Holometabola","Diptera","Nematocera","Culicomorpha",,"Chironomidae","Chironominae","Chironomini",,"Chironomus","sp.",,"larva",5,,1,10,10,"N","N",,"condition OK","Y",,"Epler 2001","N","EcoAnalysts Inc.","G. Wallace",,,
"3c1badc5-2fcc-402f-932d-3f7ad2b56b08","D03","BARC","BARC.AOS.riparian.point.07","2019-11-06T13:21Z","2020-03-16","BARC.20191106.BENTHICSWEEP.7","A00000128998",,"PSESP18","Y","Pseudochironomus sp.",,"genus","Arthropoda","Hexapoda","Insecta","Pterygota","Neoptera","Holometabola","Diptera","Nematocera","Culicomorpha",,"Chironomidae","Chironominae","Pseudochironomini",,"Pseudochironomus","sp.",,"larva",2,,1,7,14,"N","N",,"condition OK","Y",,"Epler 2001","Y","EcoAnalysts Inc.","G. Wallace",,,
"e68965b8-205f-4e54-bec4-bb702ce1133a","D03","BARC","BARC.AOS.riparian.point.05","2019-11-06T13:21Z","2020-03-12","BARC.20191106.BENTHICSWEEP.5","A00000128997",,"ORISP1","Y","Oribatida sp.",,"suborder","Arthropoda","Chelicerata","Arachnida","Acari",,"Acariformes","Sarcoptiformes","Oribatida",,,,,,,,"sp.",,"none",1,,10,4,240,"N","Y",,"condition OK","Y",,"Thorp and Covich 2001","N","EcoAnalysts Inc.","A. Navesky","Oribatida",,
"452d5a09-90aa-40f6-a334-36aba936e113","D03","BARC","BARC.AOS.riparian.point.07","2019-11-06T13:21Z","2020-03-16","BARC.20191106.BENTHICSWEEP.7","A00000128998",,"HYASP2","Y","Hyalella sp.",,"genus","Arthropoda","Crustacea","Malacostraca","Eumalacostraca",,"Peracarida","Amphipoda","Gammaridea",,,"Hyalellidae",,,,"Hyalella","sp.",,"none",1,,9,7,128,"N","N",,"condition OK","Y",,"Thorp and Covich 2001","Y","EcoAnalysts Inc.","A. Navesky",,,
"081b112b-b788-490c-af80-4065f63d61aa","D03","BARC","BARC.AOS.riparian.point.07","2019-11-06T13:21Z","2020-03-16","BARC.20191106.BENTHICSWEEP.7","A00000128998","BARC.20191106.BENTHICSWEEP.7_OLIGOCHAETE_1/1","BRADAD","Y","Bratislavia dadayi",,"species","Annelida","Clitellata","Oligochaeta","Oligochaeta",,,"Tubificida",,,,"Naididae","Naidinae",,,"Bratislavia","dadayi",,"none",3,,2,7,28,"N","N",,"condition OK","Y",,"Kathman and Brinkhurst 1998","Y","EcoAnalysts Inc.","L. Flaherty",,,
"31923840-817c-4ca5-a5ed-7dd8bc63d99c","D03","BARC","BARC.AOS.riparian.point.05","2019-11-06T13:21Z","2020-03-12","BARC.20191106.BENTHICSWEEP.5","A00000128997",,"CAESP5","Y","Caenis sp.",,"genus","Arthropoda","Hexapoda","Insecta","Pterygota","Palaeoptera",,"Ephemeroptera","Furcatergalia","Pannota","Caenoidea","Caenidae","Caeninae",,,"Caenis","sp.",,"larva",3,,1,4,24,"Y","N",,"condition OK","Y",,"Merritt and Cummins 2008","N","EcoAnalysts Inc.","A. Navesky",,,
"203a9458-30c9-42c5-9cbb-e076d30a60ff","D03","BARC","BARC.AOS.riparian.point.07","2019-11-06T13:21Z","2020-03-16","BARC.20191106.BENTHICSWEEP.7","A00000128998",,"HYDSP21","Y","Hydra sp.",,"genus","Cnidaria","Medusozoa","Hydrozoa","Hydroidolina",,,"Anthoathecatae","Capitata",,,"Hydridae",,,,"Hydra","sp.",,"none",1,,1,7,14,"N","N",,"condition OK","Y",,"Thorp and Covich 2001","Y","EcoAnalysts Inc.","A. Navesky",,,
"908e6b48-ba25-4cdd-a0e4-8dad3c117087","D03","BARC","BARC.AOS.riparian.point.05","2019-11-06T13:21Z","2020-03-12","BARC.20191106.BENTHICSWEEP.5","A00000128997",,"PSESP18","Y","Pseudochironomus sp.",,"genus","Arthropoda","Hexapoda","Insecta","Pterygota","Neoptera","Holometabola","Diptera","Nematocera","Culicomorpha",,"Chironomidae","Chironominae","Pseudochironomini",,"Pseudochironomus","sp.",,"larva",3,,1,4,24,"N","N",,"condition OK","Y",,"Epler 2001","N","EcoAnalysts Inc.","G. Wallace",,,
"e2f487a7-2d01-4215-902e-8237a7d8003f","D03","BARC","BARC.AOS.riparian.point.07","2019-11-06T13:21Z","2020-03-16","BARC.20191106.BENTHICSWEEP.7","A00000128998",,"PROSP37","Y","Prostoma sp.",,"genus","Nemertea",,"Enopla",,,,"Hoplonemertea","Monostilifera",,,"Tetrastemmatidae",,,,"Prostoma","sp.",,"none",1,,2,7,28,"N","N",,"condition OK","Y",,"Pennak 1997; Thorp and Covich 2001","Y","EcoAnalysts Inc.","A. Navesky",,,
"fdf25d84-4461-4a48-8b94-dababfdfbd31","D03","BARC","BARC.AOS.riparian.point.01","2019-11-06T13:21Z","2020-03-12","BARC.20191106.BENTHICSWEEP.1","A00000128996",,"TRISP18","Y","Tribelos sp.",,"genus","Arthropoda","Hexapoda","Insecta","Pterygota","Neoptera","Holometabola","Diptera","Nematocera","Culicomorpha",,"Chironomidae","Chironominae","Chironomini",,"Tribelos","sp.",,"larva",1,"1a",1,8,13,"N","N",,"condition OK","Y",,"Epler 2001","N","EcoAnalysts Inc.","G. Wallace","Fragment; old Genus 23",,
"f853049e-2e24-46d5-833a-5a29d8fd6afc","D03","BARC","BARC.AOS.littoral1","2019-11-06T13:21Z","2020-03-12","BARC.20191106.PONAR.2","A00000128993",,"CRYSP3","Y","Cryptotendipes sp.",,"genus","Arthropoda","Hexapoda","Insecta","Pterygota","Neoptera","Holometabola","Diptera","Nematocera","Culicomorpha",,"Chironomidae","Chironominae","Chironomini",,"Cryptotendipes","sp.",,"larva",4,,1,100,1,"N","N",,"condition OK","Y",,"Epler 2001","N","EcoAnalysts Inc.","G. Wallace",,,
"a620641f-85ce-40cc-bf2c-9194b1f26b79","D03","BARC","BARC.AOS.riparian.point.07","2019-11-06T13:21Z","2020-03-16","BARC.20191106.BENTHICSWEEP.7","A00000128998",,"TANSP11","Y","Tanytarsus sp.",,"genus","Arthropoda","Hexapoda","Insecta","Pterygota","Neoptera","Holometabola","Diptera","Nematocera","Culicomorpha",,"Chironomidae","Chironominae","Tanytarsini",,"Tanytarsus","sp.",,"larva",2,,6,7,85,"N","N",,"condition OK","Y",,"Epler 2001","Y","EcoAnalysts Inc.","G. Wallace",,,
"29332f11-3623-4fce-af9c-1a439aaa59bf","D03","BARC","BARC.AOS.riparian.point.01","2019-11-06T13:21Z","2020-03-12","BARC.20191106.BENTHICSWEEP.1","A00000128996",,"ABLSP","Y","Ablabesmyia sp.",,"genus","Arthropoda","Hexapoda","Insecta","Pterygota","Neoptera","Holometabola","Diptera","Nematocera","Culicomorpha",,"Chironomidae","Tanypodinae","Pentaneurini",,"Ablabesmyia","sp.",,"larva",3,,1,8,13,"N","N",,"condition OK","Y",,"Epler 2001","N","EcoAnalysts Inc.","G. Wallace",,,
"97f6dd11-8145-480a-8cbb-244535b2256d","D03","BARC","BARC.AOS.riparian.point.01","2019-11-06T13:21Z","2020-03-12","BARC.20191106.BENTHICSWEEP.1","A00000128996",,"FORSP6","Y","Forelia sp.",,"genus","Arthropoda","Chelicerata","Arachnida","Acari",,"Acariformes","Trombidiformes","Prostigmata",,"Hygrobatoidea","Pionidae",,,,"Forelia","sp.",,"none",1,,1,8,13,"N","N",,"condition OK","Y",,"Thorp and Covich 2001","N","EcoAnalysts Inc.","A. Navesky",,,
"468dfcc8-5764-4ef9-9b38-2eec25c8d0b8","D03","BARC","BARC.AOS.riparian.point.07","2019-11-06T13:21Z","2020-03-16","BARC.20191106.BENTHICSWEEP.7","A00000128998",,"POLSP13","Y","Polypedilum sp.",,"genus","Arthropoda","Hexapoda","Insecta","Pterygota","Neoptera","Holometabola","Diptera","Nematocera","Culicomorpha",,"Chironomidae","Chironominae","Chironomini",,"Polypedilum","sp.",,"larva",1,,7,7,100,"Y","N",,"condition OK","Y",,"Epler 2001 and Maschwitz and Cook 2000","Y","EcoAnalysts Inc.","G. Wallace","unique",,
"95bf4c38-00f3-4eb6-8b64-30c559e3c7db","D03","BARC","BARC.AOS.littoral1","2019-11-06T13:21Z","2020-03-12","BARC.20191106.PONAR.2","A00000128993",,"HYASP2","Y","Hyalella sp.",,"genus","Arthropoda","Crustacea","Malacostraca","Eumalacostraca",,"Peracarida","Amphipoda","Gammaridea",,,"Hyalellidae",,,,"Hyalella","sp.",,"none",1,,2,100,2,"N","N",,"condition OK","Y",,"Thorp and Covich 2001","N","EcoAnalysts Inc.","A. Navesky",,,
"1f3b0052-d3ba-4223-a615-ecf40f415e65","D03","BARC","BARC.AOS.riparian.point.05","2019-11-06T13:21Z","2020-03-12","BARC.20191106.BENTHICSWEEP.5","A00000128997","BARC.20191106.BENTHICSWEEP.5_PARACHIRONOMUS SP.","PARSP30","Y","Parachironomus sp.",,"genus","Arthropoda","Hexapoda","Insecta","Pterygota","Neoptera","Holometabola","Diptera","Nematocera","Culicomorpha",,"Chironomidae","Chironominae","Chironomini",,"Parachironomus","sp.",,"larva",1,,1,4,24,"N","N",,"condition OK","Y",,"Epler 2001","N","EcoAnalysts Inc.","G. Wallace","1in RC; enlarged outer laterals",,
"98d33e24-1632-48fb-be66-0944b97d9637","D03","BARC","BARC.AOS.littoral1","2019-11-06T13:21Z","2020-03-12","BARC.20191106.PONAR.2","A00000128993",,"CLASP5","Y","Cladopelma sp.",,"genus","Arthropoda","Hexapoda","Insecta","Pterygota","Neoptera","Holometabola","Diptera","Nematocera","Culicomorpha",,"Chironomidae","Chironominae","Chironomini",,"Cladopelma","sp.",,"larva",2,,2,100,2,"N","N",,"condition OK","Y",,"Epler 2001","N","EcoAnalysts Inc.","G. Wallace",,,
"5331cf15-5cd2-4043-9b31-4aef2a815ec6","D03","BARC","BARC.AOS.riparian.point.05","2019-11-06T13:21Z","2020-03-12","BARC.20191106.BENTHICSWEEP.5","A00000128997",,"LABSP","Y","Labrundinia sp.",,"genus","Arthropoda","Hexapoda","Insecta","Pterygota","Neoptera","Holometabola","Diptera","Nematocera","Culicomorpha",,"Chironomidae","Tanypodinae","Pentaneurini",,"Labrundinia","sp.",,"larva",3,,1,4,24,"N","N",,"condition OK","Y",,"Epler 2001","N","EcoAnalysts Inc.","G. Wallace",,,
"b11185df-f635-4aba-99a7-6022ab88f9f8","D03","BARC","BARC.AOS.riparian.point.07","2019-11-06T13:21Z","2020-03-16","BARC.20191106.BENTHICSWEEP.7","A00000128998",,"PELSP3","Y","Peltodytes sp.",,"genus","Arthropoda","Hexapoda","Insecta","Pterygota","Neoptera","Holometabola","Coleoptera","Adephaga",,,"Haliplidae",,,,"Peltodytes","sp.",,"larva",2,,2,7,28,"N","N",,"condition OK","Y",,"Merritt and Cummins 2008","Y","EcoAnalysts Inc.","A. Navesky",,,
"acd7b664-aef4-46a6-90bd-1ee19b0ee1e0","D03","BARC","BARC.AOS.littoral2","2019-11-06T13:21Z","2020-03-05","BARC.20191106.PONAR.3","A00000128995",,"CHISP8","Y","Chironomus sp.",,"genus","Arthropoda","Hexapoda","Insecta","Pterygota","Neoptera","Holometabola","Diptera","Nematocera","Culicomorpha",,"Chironomidae","Chironominae","Chironomini",,"Chironomus","sp.",,"larva",3,,1,100,1,"N","N",,"condition OK","Y",,"Epler 2001","N","EcoAnalysts Inc.","G. Wallace","old E. natchitochae",,
"0851a5e0-82ef-4f8a-b442-f812a24930bd","D03","BARC","BARC.AOS.littoral2","2019-11-06T13:21Z","2020-03-05","BARC.20191106.PONAR.3","A00000128995",,"CHASP13","Y","Chaoborus sp.",,"genus","Arthropoda","Hexapoda","Insecta","Pterygota","Neoptera","Holometabola","Diptera","Nematocera","Culicomorpha",,"Chaoboridae","Chaoborinae",,,"Chaoborus","sp.",,"larva",4,,1,100,1,"N","N",,"condition OK","Y",,"Merritt Cummins and Berg 2008","N","EcoAnalysts Inc.","A. Navesky",,,
"96dce203-b8f5-4470-b3f2-73184586557f","D03","BARC","BARC.AOS.riparian.point.07","2019-11-06T13:21Z","2020-03-16","BARC.20191106.BENTHICSWEEP.7","A00000128998",,"LIBSP","Y","Libellulidae sp.",,"family","Arthropoda","Hexapoda","Insecta","Pterygota","Palaeoptera",,"Odonata","Anisoptera",,,"Libellulidae",,,,,"sp.",,"larva",2,,1,7,14,"Y","N",,"condition OK","N",,"Needham Westfall and May 2000","Y","EcoAnalysts Inc.","A. Navesky",,,
"5801efb2-3da2-4289-a5ea-d0a905640fcf","D03","BARC","BARC.AOS.riparian.point.09","2019-11-06T13:21Z","2020-03-16","BARC.20191106.BENTHICSWEEP.9","A00000128999","BARC.20191106.BENTHICSWEEP.9_OLIGOCHAETE_1/1","BRADAD","Y","Bratislavia dadayi",,"species","Annelida","Clitellata","Oligochaeta","Oligochaeta",,,"Tubificida",,,,"Naididae","Naidinae",,,"Bratislavia","dadayi",,"none",2,,1,8,13,"N","N",,"condition OK","Y",,"Kathman and Brinkhurst 1998","N","EcoAnalysts Inc.","L. Flaherty",,,
"a17b32d7-d251-4576-a2f6-f6d1c1b93493","D03","BARC","BARC.AOS.riparian.point.01","2019-11-06T13:21Z","2020-03-12","BARC.20191106.BENTHICSWEEP.1","A00000128996",,"CAESP2","Y","Caenidae sp.",,"family","Arthropoda","Hexapoda","Insecta","Pterygota","Palaeoptera",,"Ephemeroptera","Furcatergalia","Pannota","Caenoidea","Caenidae",,,,,"sp.",,"larva",1,,3,8,38,"Y","N",,"condition OK","N",,"Merritt and Cummins 2008","N","EcoAnalysts Inc.","A. Navesky","3in RC",,
"1de65b68-f1a6-41e0-987d-ede2556a54be","D03","BARC","BARC.AOS.riparian.point.03","2019-11-06T13:21Z","2020-03-12","BARC.20191106.BENTHICSWEEP.3","A00000129000",,"CHISP6","Y","Chironomini sp.",,"tribe","Arthropoda","Hexapoda","Insecta","Pterygota","Neoptera","Holometabola","Diptera","Nematocera","Culicomorpha",,"Chironomidae","Chironominae","Chironomini",,,"sp.",,"larva",1,,4,10,38,"Y","N",,"condition OK","N",,"Epler 2001","N","EcoAnalysts Inc.","G. Wallace",,,
"b2bbb03e-0d93-4e5d-9eca-1054b04859f5","D03","BARC","BARC.AOS.littoral1","2019-11-06T13:21Z","2020-03-12","BARC.20191106.PONAR.2","A00000128993",,"CLASP6","Y","Cladotanytarsus sp.",,"genus","Arthropoda","Hexapoda","Insecta","Pterygota","Neoptera","Holometabola","Diptera","Nematocera","Culicomorpha",,"Chironomidae","Chironominae","Tanytarsini",,"Cladotanytarsus","sp.",,"larva",1,,2,100,2,"N","N",,"condition OK","Y",,"Epler 2001","N","EcoAnalysts Inc.","G. Wallace",,,
"3e48bf54-76c3-4df4-83b2-a5090907dbe4","D03","BARC","BARC.AOS.littoral1","2019-11-06T13:21Z","2020-03-12","BARC.20191106.PONAR.2","A00000128993",,"HYDSP46","Y","Hydrodroma sp.",,"genus","Arthropoda","Chelicerata","Arachnida","Acari",,"Acariformes","Trombidiformes","Prostigmata",,"Hydryphantoidea","Hydrodromidae",,,,"Hydrodroma","sp.",,"none",1,,1,100,1,"N","N",,"condition OK","Y",,"Thorp and Covich 2001","N","EcoAnalysts Inc.","A. Navesky",,,
"c3816549-bfab-42cc-8a12-c6af6dfe9ed0","D03","BARC","BARC.AOS.riparian.point.09","2019-11-06T13:21Z","2020-03-16","BARC.20191106.BENTHICSWEEP.9","A00000128999",,"ORISP1","Y","Oribatida sp.",,"suborder","Arthropoda","Chelicerata","Arachnida","Acari",,"Acariformes","Sarcoptiformes","Oribatida",,,,,,,,"sp.",,"none",1,,77,8,986,"N","Y",,"condition OK","Y",,"Thorp and Covich 2001","N","EcoAnalysts Inc.","A. Navesky","Oribatida",,
"2a886926-1c59-41dc-90c2-10b84367399c","D03","BARC","BARC.AOS.buoy.c0","2019-11-06T13:21Z","2020-03-05","BARC.20191106.PONAR.1","A00000128992",,"CHISP8","Y","Chironomus sp.",,"genus","Arthropoda","Hexapoda","Insecta","Pterygota","Neoptera","Holometabola","Diptera","Nematocera","Culicomorpha",,"Chironomidae","Chironominae","Chironomini",,"Chironomus","sp.",,"larva",3,"3a",2,94,2,"N","N",,"condition OK","Y",,"Epler 2001","N","EcoAnalysts Inc.","G. Wallace","Fragment; od. e. natchitochae",,
"88e5915d-d023-445b-a9da-c1856cf92db9","D03","BARC","BARC.AOS.riparian.point.05","2019-11-06T13:21Z","2020-03-12","BARC.20191106.BENTHICSWEEP.5","A00000128997",,"LABSP","Y","Labrundinia sp.",,"genus","Arthropoda","Hexapoda","Insecta","Pterygota","Neoptera","Holometabola","Diptera","Nematocera","Culicomorpha",,"Chironomidae","Tanypodinae","Pentaneurini",,"Labrundinia","sp.",,"larva",2,,2,4,48,"N","N",,"condition OK","Y",,"Epler 2001","N","EcoAnalysts Inc.","G. Wallace",,,
"0431f48f-5b55-4555-95e8-97a56210395c","D03","BARC","BARC.AOS.littoral1","2019-11-06T13:21Z","2020-03-12","BARC.20191106.PONAR.2","A00000128993",,"TANSP11","Y","Tanytarsus sp.",,"genus","Arthropoda","Hexapoda","Insecta","Pterygota","Neoptera","Holometabola","Diptera","Nematocera","Culicomorpha",,"Chironomidae","Chironominae","Tanytarsini",,"Tanytarsus","sp.",,"larva",7,,1,100,1,"N","N",,"condition OK","Y",,"Epler 2001","N","EcoAnalysts Inc.","G. Wallace",,,
"7505f203-6136-4432-beb3-f44042366019","D03","BARC","BARC.AOS.riparian.point.07","2019-11-06T13:21Z","2020-03-16","BARC.20191106.BENTHICSWEEP.7","A00000128998",,"CLASP6","Y","Cladotanytarsus sp.",,"genus","Arthropoda","Hexapoda","Insecta","Pterygota","Neoptera","Holometabola","Diptera","Nematocera","Culicomorpha",,"Chironomidae","Chironominae","Tanytarsini",,"Cladotanytarsus","sp.",,"larva",2,,2,7,28,"N","N",,"condition OK","Y",,"Epler 2001","Y","EcoAnalysts Inc.","G. Wallace",,,
"11645fca-dff6-45fc-b90d-8b22c3ac0b9b","D03","BARC","BARC.AOS.riparian.point.09","2019-11-06T13:21Z","2020-03-16","BARC.20191106.BENTHICSWEEP.9","A00000128999",,"POLSCA","Y","Polypedilum scalaenum gr.",,"speciesGroup","Arthropoda","Hexapoda","Insecta","Pterygota","Neoptera","Holometabola","Diptera","Nematocera","Culicomorpha",,"Chironomidae","Chironominae","Chironomini",,"Polypedilum","scalaenum gr.",,"larva",2,,1,8,13,"N","N",,"condition OK","Y",,"Epler 2001 and Maschwitz and Cook 2000","N","EcoAnalysts Inc.","G. Wallace",,,
"09be8918-1ce5-411c-a003-946b4aaa7fa7","D03","BARC","BARC.AOS.littoral1","2019-11-06T13:21Z","2020-03-12","BARC.20191106.PONAR.2","A00000128993","BARC.20191106.PONAR.2_OLIGOCHAETE_1/1","PRISP1","Y","Pristina sp.",,"genus","Annelida","Clitellata","Oligochaeta","Oligochaeta",,,"Tubificida",,,,"Naididae","Pristininae",,,"Pristina","sp.",,"none",1,,1,100,1,"N","N",,"condition OK","Y",,"Kathman and Brinkhurst 1998","N","EcoAnalysts Inc.","L. Flaherty",,,
"dcb7d904-3c58-4191-b3ee-7d6aab9b2909","D03","BARC","BARC.AOS.riparian.point.09","2019-11-06T13:21Z","2020-03-16","BARC.20191106.BENTHICSWEEP.9","A00000128999",,"CLASP6","Y","Cladotanytarsus sp.",,"genus","Arthropoda","Hexapoda","Insecta","Pterygota","Neoptera","Holometabola","Diptera","Nematocera","Culicomorpha",,"Chironomidae","Chironominae","Tanytarsini",,"Cladotanytarsus","sp.",,"larva",1,,17,8,218,"N","N",,"condition OK","Y",,"Epler 2001","N","EcoAnalysts Inc.","G. Wallace",,,
"e03bb252-d428-4ac3-ad64-3e5ea769e26e","D03","BARC","BARC.AOS.riparian.point.05","2019-11-06T13:21Z","2020-03-12","BARC.20191106.BENTHICSWEEP.5","A00000128997",,"HYASP2","Y","Hyalella sp.",,"genus","Arthropoda","Crustacea","Malacostraca","Eumalacostraca",,"Peracarida","Amphipoda","Gammaridea",,,"Hyalellidae",,,,"Hyalella","sp.",,"none",2,,7,4,168,"N","N",,"condition OK","Y",,"Thorp and Covich 2001","N","EcoAnalysts Inc.","A. Navesky",,,
"152aa5f7-0ab2-4a49-978a-7ea49a8f5ed4","D03","BARC","BARC.AOS.littoral1","2019-11-06T13:21Z","2020-03-12","BARC.20191106.PONAR.2","A00000128993",,"TANSP11","Y","Tanytarsus sp.",,"genus","Arthropoda","Hexapoda","Insecta","Pterygota","Neoptera","Holometabola","Diptera","Nematocera","Culicomorpha",,"Chironomidae","Chironominae","Tanytarsini",,"Tanytarsus","sp.",,"larva",1,"1a",1,100,1,"N","N",,"condition OK","Y",,"Epler 2001","N","EcoAnalysts Inc.","G. Wallace","Fragment",,
"a8ff889e-8461-41cb-b9d0-243e35a262a4","D03","BARC","BARC.AOS.riparian.point.01","2019-11-06T13:21Z","2020-03-12","BARC.20191106.BENTHICSWEEP.1","A00000128996",,"LABSP","Y","Labrundinia sp.",,"genus","Arthropoda","Hexapoda","Insecta","Pterygota","Neoptera","Holometabola","Diptera","Nematocera","Culicomorpha",,"Chironomidae","Tanypodinae","Pentaneurini",,"Labrundinia","sp.",,"larva",3,,7,8,90,"N","N",,"condition OK","Y",,"Epler 2001","N","EcoAnalysts Inc.","G. Wallace",,,
"61bbcae9-e1f7-4622-bf95-1ebf050a6c61","D03","BARC","BARC.AOS.riparian.point.03","2019-11-06T13:21Z","2020-03-12","BARC.20191106.BENTHICSWEEP.3","A00000129000",,"LARSP","Y","Larsia sp.",,"genus","Arthropoda","Hexapoda","Insecta","Pterygota","Neoptera","Holometabola","Diptera","Nematocera","Culicomorpha",,"Chironomidae","Tanypodinae","Pentaneurini",,"Larsia","sp.",,"larva",2,,3,10,29,"N","N",,"condition OK","Y",,"Epler 2001","N","EcoAnalysts Inc.","G. Wallace",,,
"3a467ade-cfb9-4143-98d1-24dd822642fc","D03","BARC","BARC.AOS.riparian.point.07","2019-11-06T13:21Z","2020-03-16","BARC.20191106.BENTHICSWEEP.7","A00000128998","BARC.20191106.BENTHICSWEEP.7_OLIGOCHAETE_1/1","DERSP4","Y","Dero sp.",,"genus","Annelida","Clitellata","Oligochaeta","Oligochaeta",,,"Tubificida",,,,"Naididae","Naidinae",,,"Dero","sp.",,"none",1,,1,7,14,"N","N",,"condition OK","Y",,"Kathman and Brinkhurst 1999","Y","EcoAnalysts Inc.","L. Flaherty","Fragment",,
"6c3b8c5b-5740-496b-a333-4ffa4aaccc2e","D03","BARC","BARC.AOS.littoral1","2019-11-06T13:21Z","2020-03-12","BARC.20191106.PONAR.2","A00000128993","BARC.20191106.PONAR.2_OLIGOCHAETE_1/1","AULPIG","Y","Aulodrilus pigueti",,"species","Annelida","Clitellata","Oligochaeta","Oligochaeta",,,"Tubificida",,,,"Naididae","Tubificinae",,,"Aulodrilus","pigueti",,"none",4,,1,100,1,"N","N",,"condition OK","Y",,"Kathman and Brinkhurst 1998","N","EcoAnalysts Inc.","L. Flaherty",,,
"eafbc358-f750-492e-bea0-5864acf7d621","D03","BARC","BARC.AOS.riparian.point.03","2019-11-06T13:21Z","2020-03-12","BARC.20191106.BENTHICSWEEP.3","A00000129000",,"LABSP","Y","Labrundinia sp.",,"genus","Arthropoda","Hexapoda","Insecta","Pterygota","Neoptera","Holometabola","Diptera","Nematocera","Culicomorpha",,"Chironomidae","Tanypodinae","Pentaneurini",,"Labrundinia","sp.",,"larva",1,"1b",2,10,19,"N","N",,"condition OK","Y",,"Epler 2001","N","EcoAnalysts Inc.","G. Wallace","Fragment",,
"54fcd3cc-05b9-4052-8b05-b1cb454fb385","D03","BARC","BARC.AOS.riparian.point.09","2019-11-06T13:21Z","2020-03-16","BARC.20191106.BENTHICSWEEP.9","A00000128999",,"LABSP","Y","Labrundinia sp.",,"genus","Arthropoda","Hexapoda","Insecta","Pterygota","Neoptera","Holometabola","Diptera","Nematocera","Culicomorpha",,"Chironomidae","Tanypodinae","Pentaneurini",,"Labrundinia","sp.",,"larva",1,,2,8,26,"N","N",,"condition OK","Y",,"Epler 2001","N","EcoAnalysts Inc.","G. Wallace",,,
"7edbc16a-16c6-4e1e-9080-b26bb9df2b2e","D03","BARC","BARC.AOS.riparian.point.03","2019-11-06T13:21Z","2020-03-12","BARC.20191106.BENTHICSWEEP.3","A00000129000",,"PSESP18","Y","Pseudochironomus sp.",,"genus","Arthropoda","Hexapoda","Insecta","Pterygota","Neoptera","Holometabola","Diptera","Nematocera","Culicomorpha",,"Chironomidae","Chironominae","Pseudochironomini",,"Pseudochironomus","sp.",,"larva",1,"1a",1,10,10,"N","N",,"condition OK","Y",,"Epler 2001","N","EcoAnalysts Inc.","G. Wallace",,,
"67d657d6-6f61-42a6-a47a-b094e7d318d8","D03","BARC","BARC.AOS.riparian.point.01","2019-11-06T13:21Z","2020-03-12","BARC.20191106.BENTHICSWEEP.1","A00000128996",,"CHISP6","Y","Chironomini sp.",,"tribe","Arthropoda","Hexapoda","Insecta","Pterygota","Neoptera","Holometabola","Diptera","Nematocera","Culicomorpha",,"Chironomidae","Chironominae","Chironomini",,,"sp.",,"larva",1,,13,8,166,"Y","N",,"condition OK","N",,"Epler 2001","N","EcoAnalysts Inc.","G. Wallace",,,
"c1fae735-89c1-4a7e-9b76-985ef8251a2f","D03","BARC","BARC.AOS.riparian.point.01","2019-11-06T13:21Z","2020-03-12","BARC.20191106.BENTHICSWEEP.1","A00000128996",,"ABLSP","Y","Ablabesmyia sp.",,"genus","Arthropoda","Hexapoda","Insecta","Pterygota","Neoptera","Holometabola","Diptera","Nematocera","Culicomorpha",,"Chironomidae","Tanypodinae","Pentaneurini",,"Ablabesmyia","sp.",,"larva",1,,1,8,13,"Y","N",,"condition OK","N",,"Roback 1985; Epler 2001","N","EcoAnalysts Inc.","G. Wallace",,,
"51a2a66e-6628-4a8b-8991-14d4a13f87ed","D03","BARC","BARC.AOS.riparian.point.05","2019-11-06T13:21Z","2020-03-12","BARC.20191106.BENTHICSWEEP.5","A00000128997",,"CERSP10","Y","Ceratopogoninae sp.",,"subfamily","Arthropoda","Hexapoda","Insecta","Pterygota","Neoptera","Holometabola","Diptera","Nematocera","Culicomorpha",,"Ceratopogonidae","Ceratopogoninae",,,,"sp.",,"larva",4,,1,4,24,"N","Y",,"condition OK","Y",,"Merritt and Cummins 2008","N","EcoAnalysts Inc.","A. Navesky",,,
"33e1cee4-2513-44da-86f5-7d7d5c61e5c3","D03","BARC","BARC.AOS.littoral1","2019-11-06T13:21Z","2020-03-12","BARC.20191106.PONAR.2","A00000128993","BARC.20191106.PONAR.2_OLIGOCHAETE_1/1","DERSP4","Y","Dero sp.",,"genus","Annelida","Clitellata","Oligochaeta","Oligochaeta",,,"Tubificida",,,,"Naididae","Naidinae",,,"Dero","sp.",,"none",1,,1,100,1,"N","N",,"condition OK","Y",,"Kathman and Brinkhurst 1999","N","EcoAnalysts Inc.","L. Flaherty","Fragment",,
"50aef254-4af2-495f-9de6-a200c08c9670","D03","BARC","BARC.AOS.riparian.point.03","2019-11-06T13:21Z","2020-03-12","BARC.20191106.BENTHICSWEEP.3","A00000129000",,"DICSP7","Y","Dicrotendipes sp.",,"genus","Arthropoda","Hexapoda","Insecta","Pterygota","Neoptera","Holometabola","Diptera","Nematocera","Culicomorpha",,"Chironomidae","Chironominae","Chironomini",,"Dicrotendipes","sp.",,"larva",1,,1,10,10,"Y","N",,"condition OK","Y",,"Epler 1987 1988 2001","N","EcoAnalysts Inc.","G. Wallace",,,
"a1ff55ca-09d1-41b2-aa98-01d6e3409ce4","D03","BARC","BARC.AOS.riparian.point.09","2019-11-06T13:21Z","2020-03-16","BARC.20191106.BENTHICSWEEP.9","A00000128999",,"HYASP2","Y","Hyalella sp.",,"genus","Arthropoda","Crustacea","Malacostraca","Eumalacostraca",,"Peracarida","Amphipoda","Gammaridea",,,"Hyalellidae",,,,"Hyalella","sp.",,"none",2,,16,8,205,"N","N",,"condition OK","Y",,"Thorp and Covich 2001","N","EcoAnalysts Inc.","A. Navesky",,,
"9ebe0798-592e-4f7d-987d-09d0fd6479c5","D03","BARC","BARC.AOS.riparian.point.09","2019-11-06T13:21Z","2020-03-16","BARC.20191106.BENTHICSWEEP.9","A00000128999",,"PARSP25","Y","Parakiefferiella sp.",,"genus","Arthropoda","Hexapoda","Insecta","Pterygota","Neoptera","Holometabola","Diptera","Nematocera","Culicomorpha",,"Chironomidae","Orthocladiinae",,,"Parakiefferiella","sp.",,"larva",1,,1,8,13,"N","N",,"condition OK","Y",,"Epler 2001","N","EcoAnalysts Inc.","G. Wallace",,,
"25f3bf23-3065-4fed-a62a-27817039c0f1","D03","BARC","BARC.AOS.riparian.point.07","2019-11-06T13:21Z","2020-03-16","BARC.20191106.BENTHICSWEEP.7","A00000128998",,"COESP","Y","Coenagrionidae sp.",,"family","Arthropoda","Hexapoda","Insecta","Pterygota","Palaeoptera",,"Odonata","Zygoptera",,,"Coenagrionidae",,,,,"sp.",,"larva",2,,1,7,14,"Y","N",,"condition OK","Y",,"Westfall and May 1996","Y","EcoAnalysts Inc.","A. Navesky",,,
"de074d35-8cf0-4d00-8c85-cbab6260edd6","D03","BARC","BARC.AOS.riparian.point.03","2019-11-06T13:21Z","2020-03-12","BARC.20191106.BENTHICSWEEP.3","A00000129000",,"CORSP7","Y","Corduliidae sp.",,"family","Arthropoda","Hexapoda","Insecta","Pterygota","Palaeoptera",,"Odonata","Anisoptera",,,"Corduliidae",,,,,"sp.",,"larva",3,,1,10,10,"Y","N",,"condition OK","Y",,"Westfall and May 1996","N","EcoAnalysts Inc.","A. Navesky",,,
"13f9261d-aa63-4f47-94bc-584703f39979","D03","BARC","BARC.AOS.littoral1","2019-11-06T13:21Z","2020-03-12","BARC.20191106.PONAR.2","A00000128993",,"TANSP11","Y","Tanytarsus sp.",,"genus","Arthropoda","Hexapoda","Insecta","Pterygota","Neoptera","Holometabola","Diptera","Nematocera","Culicomorpha",,"Chironomidae","Chironominae","Tanytarsini",,"Tanytarsus","sp.",,"larva",3,"3b",1,100,1,"N","N",,"condition OK","Y",,"Epler 2001","N","EcoAnalysts Inc.","G. Wallace",,,
"064cbe27-c904-41da-ba33-411ef6dc24da","D03","BARC","BARC.AOS.riparian.point.07","2019-11-06T13:21Z","2020-03-16","BARC.20191106.BENTHICSWEEP.7","A00000128998",,"POLSP13","Y","Polypedilum sp.",,"genus","Arthropoda","Hexapoda","Insecta","Pterygota","Neoptera","Holometabola","Diptera","Nematocera","Culicomorpha",,"Chironomidae","Chironominae","Chironomini",,"Polypedilum","sp.",,"larva",2,,3,7,43,"Y","N",,"condition OK","Y",,"Epler 2001 and Maschwitz and Cook 2000","Y","EcoAnalysts Inc.","G. Wallace","unique",,
"18cc0e98-b6c5-45fb-bad1-1b4c86a383c7","D03","BARC","BARC.AOS.riparian.point.01","2019-11-06T13:21Z","2020-03-12","BARC.20191106.BENTHICSWEEP.1","A00000128996",,"TRISP18","Y","Tribelos sp.",,"genus","Arthropoda","Hexapoda","Insecta","Pterygota","Neoptera","Holometabola","Diptera","Nematocera","Culicomorpha",,"Chironomidae","Chironominae","Chironomini",,"Tribelos","sp.",,"larva",2,,5,8,64,"N","N",,"condition OK","Y",,"Epler 2001","N","EcoAnalysts Inc.","G. Wallace","old Genus 23",,
"02c6110b-25cb-4ec5-bbfd-f8017ad2e228","D03","BARC","BARC.AOS.littoral2","2019-11-06T13:21Z","2020-03-05","BARC.20191106.PONAR.3","A00000128995",,"HYASP2","Y","Hyalella sp.",,"genus","Arthropoda","Crustacea","Malacostraca","Eumalacostraca",,"Peracarida","Amphipoda","Gammaridea",,,"Hyalellidae",,,,"Hyalella","sp.",,"none",3,,1,100,1,"N","N",,"condition OK","Y",,"Thorp and Covich 2001","N","EcoAnalysts Inc.","A. Navesky",,,
"f04f5377-266d-4a7f-b18f-0d698558120e","D03","BARC","BARC.AOS.riparian.point.01","2019-11-06T13:21Z","2020-03-12","BARC.20191106.BENTHICSWEEP.1","A00000128996",,"DASSP2","Y","Dasyhelea sp.",,"genus","Arthropoda","Hexapoda","Insecta","Pterygota","Neoptera","Holometabola","Diptera","Nematocera","Culicomorpha",,"Ceratopogonidae","Dasyheleinae",,,"Dasyhelea","sp.",,"larva",6,,1,8,13,"N","N",,"condition OK","Y",,"Merritt and Cummins 2008","N","EcoAnalysts Inc.","A. Navesky",,,
"7d2560c8-4af8-48aa-9e09-fb5e8c2fc114","D03","BARC","BARC.AOS.littoral2","2019-11-06T13:21Z","2020-03-05","BARC.20191106.PONAR.3","A00000128995",,"TANSP11","Y","Tanytarsus sp.",,"genus","Arthropoda","Hexapoda","Insecta","Pterygota","Neoptera","Holometabola","Diptera","Nematocera","Culicomorpha",,"Chironomidae","Chironominae","Tanytarsini",,"Tanytarsus","sp.",,"pupa",3,,1,100,1,"N","N",,"condition OK","Y",,"Epler 2001","N","EcoAnalysts Inc.","G. Wallace",,,
"26de41c7-27fc-44b1-9060-63b5ce36e0f3","D03","BARC","BARC.AOS.riparian.point.01","2019-11-06T13:21Z","2020-03-12","BARC.20191106.BENTHICSWEEP.1","A00000128996",,"CLASP6","Y","Cladotanytarsus sp.",,"genus","Arthropoda","Hexapoda","Insecta","Pterygota","Neoptera","Holometabola","Diptera","Nematocera","Culicomorpha",,"Chironomidae","Chironominae","Tanytarsini",,"Cladotanytarsus","sp.",,"larva",2,,2,8,26,"N","N",,"condition OK","Y",,"Epler 2001","N","EcoAnalysts Inc.","G. Wallace",,,
"3cb0db63-8e52-468a-a783-ed4e0b6d9a0c","D03","BARC","BARC.AOS.riparian.point.01","2019-11-06T13:21Z","2020-03-12","BARC.20191106.BENTHICSWEEP.1","A00000128996",,"CLASP6","Y","Cladotanytarsus sp.",,"genus","Arthropoda","Hexapoda","Insecta","Pterygota","Neoptera","Holometabola","Diptera","Nematocera","Culicomorpha",,"Chironomidae","Chironominae","Tanytarsini",,"Cladotanytarsus","sp.",,"larva",3,,1,8,13,"N","N",,"condition OK","Y",,"Epler 2001","N","EcoAnalysts Inc.","G. Wallace",,,
"d725ca10-01a6-4d7e-b634-77264f148779","D03","BARC","BARC.AOS.riparian.point.03","2019-11-06T13:21Z","2020-03-12","BARC.20191106.BENTHICSWEEP.3","A00000129000",,"PSESP18","Y","Pseudochironomus sp.",,"genus","Arthropoda","Hexapoda","Insecta","Pterygota","Neoptera","Holometabola","Diptera","Nematocera","Culicomorpha",,"Chironomidae","Chironominae","Pseudochironomini",,"Pseudochironomus","sp.",,"larva",3,,4,10,38,"N","N",,"condition OK","Y",,"Epler 2001","N","EcoAnalysts Inc.","G. Wallace",,,
"35ee004f-88f1-4210-bcad-e79376cf1e55","D03","BARC","BARC.AOS.riparian.point.03","2019-11-06T13:21Z","2020-03-12","BARC.20191106.BENTHICSWEEP.3","A00000129000",,"ABLSP","Y","Ablabesmyia sp.",,"genus","Arthropoda","Hexapoda","Insecta","Pterygota","Neoptera","Holometabola","Diptera","Nematocera","Culicomorpha",,"Chironomidae","Tanypodinae","Pentaneurini",,"Ablabesmyia","sp.",,"larva",3,,1,10,10,"N","N",,"condition OK","Y",,"Epler 2001","N","EcoAnalysts Inc.","G. Wallace",,,
"3cc04a55-2f26-4794-adbf-b58c52a7b265","D03","BARC","BARC.AOS.buoy.c0","2019-11-06T13:21Z","2020-03-05","BARC.20191106.PONAR.1","A00000128992",,"CHISP8","Y","Chironomus sp.",,"genus","Arthropoda","Hexapoda","Insecta","Pterygota","Neoptera","Holometabola","Diptera","Nematocera","Culicomorpha",,"Chironomidae","Chironominae","Chironomini",,"Chironomus","sp.",,"larva",5,,2,94,2,"N","N",,"condition OK","Y",,"Epler 2001","N","EcoAnalysts Inc.","G. Wallace","od. e. natchitochae",,
"2faabfa6-bca1-48ab-b437-4beac1fa09c2","D03","BARC","BARC.AOS.riparian.point.09","2019-11-06T13:21Z","2020-03-16","BARC.20191106.BENTHICSWEEP.9","A00000128999",,"CHISP8","Y","Chironomus sp.",,"genus","Arthropoda","Hexapoda","Insecta","Pterygota","Neoptera","Holometabola","Diptera","Nematocera","Culicomorpha",,"Chironomidae","Chironominae","Chironomini",,"Chironomus","sp.",,"larva",2,,1,8,13,"N","N",,"condition OK","Y",,"Epler 2001","N","EcoAnalysts Inc.","G. Wallace",,,
"b860da0f-370b-42eb-8161-1f2b2471559a","D03","BARC","BARC.AOS.riparian.point.07","2019-11-06T13:21Z","2020-03-16","BARC.20191106.BENTHICSWEEP.7","A00000128998",,"POLSCA","Y","Polypedilum scalaenum gr.",,"speciesGroup","Arthropoda","Hexapoda","Insecta","Pterygota","Neoptera","Holometabola","Diptera","Nematocera","Culicomorpha",,"Chironomidae","Chironominae","Chironomini",,"Polypedilum","scalaenum gr.",,"larva",2,,4,7,57,"N","N",,"condition OK","Y",,"Epler 2001 and Maschwitz and Cook 2000","Y","EcoAnalysts Inc.","G. Wallace",,,
"912017a2-5f23-41f9-8763-369797ebe545","D03","BARC","BARC.AOS.riparian.point.09","2019-11-06T13:21Z","2020-03-16","BARC.20191106.BENTHICSWEEP.9","A00000128999",,"LABSP","Y","Labrundinia sp.",,"genus","Arthropoda","Hexapoda","Insecta","Pterygota","Neoptera","Holometabola","Diptera","Nematocera","Culicomorpha",,"Chironomidae","Tanypodinae","Pentaneurini",,"Labrundinia","sp.",,"larva",3,,7,8,90,"N","N",,"condition OK","Y",,"Epler 2001","N","EcoAnalysts Inc.","G. Wallace",,,
"56800103-6051-43a7-b470-fb20bca9876d","D03","BARC","BARC.AOS.littoral1","2019-11-06T13:21Z","2020-03-12","BARC.20191106.PONAR.2","A00000128993","BARC.20191106.PONAR.2_OLIGOCHAETE_1/1","NAISP","Y","Naididae sp.","w/o cap setae","family","Annelida","Clitellata","Oligochaeta","Oligochaeta",,,"Tubificida",,,,"Naididae",,,,,"sp.",,"none",5,,1,100,1,"N","N",,"condition OK","Y",,"Kathman and Brinkhurst 1998","N","EcoAnalysts Inc.","L. Flaherty",,,
"27082509-92ef-4f17-aced-1774a5eebae7","D03","BARC","BARC.AOS.riparian.point.03","2019-11-06T13:21Z","2020-03-12","BARC.20191106.BENTHICSWEEP.3","A00000129000",,"LABSP","Y","Labrundinia sp.",,"genus","Arthropoda","Hexapoda","Insecta","Pterygota","Neoptera","Holometabola","Diptera","Nematocera","Culicomorpha",,"Chironomidae","Tanypodinae","Pentaneurini",,"Labrundinia","sp.",,"larva",3,,4,10,38,"N","N",,"condition OK","Y",,"Epler 2001","N","EcoAnalysts Inc.","G. Wallace",,,
"79b1ff3b-8170-491f-8c88-bcc63b1fbb3e","D03","BARC","BARC.AOS.riparian.point.09","2019-11-06T13:21Z","2020-03-16","BARC.20191106.BENTHICSWEEP.9","A00000128999",,"COESP","Y","Coenagrionidae sp.",,"family","Arthropoda","Hexapoda","Insecta","Pterygota","Palaeoptera",,"Odonata","Zygoptera",,,"Coenagrionidae",,,,,"sp.",,"larva",4,,1,8,13,"N","N",,"damaged, affecting taxonomy","Y",,"Westfall and May 1996","N","EcoAnalysts Inc.","A. Navesky","eyes blacked out",,
"bef0798e-8b4a-442c-8b2c-1a3e272ab6df","D03","BARC","BARC.AOS.littoral1","2019-11-06T13:21Z","2020-03-12","BARC.20191106.PONAR.2","A00000128993",,"CLASP5","Y","Cladopelma sp.",,"genus","Arthropoda","Hexapoda","Insecta","Pterygota","Neoptera","Holometabola","Diptera","Nematocera","Culicomorpha",,"Chironomidae","Chironominae","Chironomini",,"Cladopelma","sp.",,"larva",3,"3a",2,100,2,"N","N",,"condition OK","Y",,"Epler 2001","N","EcoAnalysts Inc.","G. Wallace",,,
"684d7401-f87d-42ab-b1a9-ae06aa2ad2d8","D03","BARC","BARC.AOS.riparian.point.09","2019-11-06T13:21Z","2020-03-16","BARC.20191106.BENTHICSWEEP.9","A00000128999","BARC.20191106.BENTHICSWEEP.9_OLIGOCHAETE_1/1","DERSP4","Y","Dero sp.",,"genus","Annelida","Clitellata","Oligochaeta","Oligochaeta",,,"Tubificida",,,,"Naididae","Naidinae",,,"Dero","sp.",,"none",1,,1,8,13,"N","N",,"condition OK","Y",,"Kathman and Brinkhurst 1999","N","EcoAnalysts Inc.","L. Flaherty","Fragment",,
"8d169c4b-5caa-46f9-ba9c-d94eac3b41ec","D03","BARC","BARC.AOS.riparian.point.09","2019-11-06T13:21Z","2020-03-16","BARC.20191106.BENTHICSWEEP.9","A00000128999",,"DICSP7","Y","Dicrotendipes sp.",,"genus","Arthropoda","Hexapoda","Insecta","Pterygota","Neoptera","Holometabola","Diptera","Nematocera","Culicomorpha",,"Chironomidae","Chironominae","Chironomini",,"Dicrotendipes","sp.",,"larva",3,,2,8,26,"N","N",,"condition OK","Y",,"Epler 1987 1988 2001","N","EcoAnalysts Inc.","G. Wallace",,,
"8511eaf3-fade-4cec-99ce-83b209ba0fa5","D03","BARC","BARC.AOS.riparian.point.03","2019-11-06T13:21Z","2020-03-12","BARC.20191106.BENTHICSWEEP.3","A00000129000",,"COESP","Y","Coenagrionidae sp.",,"family","Arthropoda","Hexapoda","Insecta","Pterygota","Palaeoptera",,"Odonata","Zygoptera",,,"Coenagrionidae",,,,,"sp.",,"larva",2,,1,10,10,"Y","N",,"condition OK","Y",,"Westfall and May 1996","N","EcoAnalysts Inc.","A. Navesky","Fragment",,
"3d4d38ad-061a-437b-9812-6dad53c086c4","D03","BARC","BARC.AOS.riparian.point.05","2019-11-06T13:21Z","2020-03-12","BARC.20191106.BENTHICSWEEP.5","A00000128997",,"HYASP2","Y","Hyalella sp.",,"genus","Arthropoda","Crustacea","Malacostraca","Eumalacostraca",,"Peracarida","Amphipoda","Gammaridea",,,"Hyalellidae",,,,"Hyalella","sp.",,"none",3,,1,4,24,"N","N",,"condition OK","Y",,"Thorp and Covich 2001","N","EcoAnalysts Inc.","A. Navesky",,,
"9e1d9d97-fde2-44cb-b6f8-3f63fa1d6323","D03","BARC","BARC.AOS.riparian.point.07","2019-11-06T13:21Z","2020-03-16","BARC.20191106.BENTHICSWEEP.7","A00000128998",,"LABSP","Y","Labrundinia sp.",,"genus","Arthropoda","Hexapoda","Insecta","Pterygota","Neoptera","Holometabola","Diptera","Nematocera","Culicomorpha",,"Chironomidae","Tanypodinae","Pentaneurini",,"Labrundinia","sp.",,"larva",2,,5,7,71,"N","N",,"condition OK","Y",,"Epler 2001","Y","EcoAnalysts Inc.","G. Wallace",,,
"41ad74a9-b5c0-4bc7-8a01-dcf6ba317493","D03","BARC","BARC.AOS.riparian.point.07","2019-11-06T13:21Z","2020-03-16","BARC.20191106.BENTHICSWEEP.7","A00000128998",,"BAESP","Y","Baetidae sp.",,"family","Arthropoda","Hexapoda","Insecta","Pterygota","Palaeoptera",,"Ephemeroptera","Pisciforma",,,"Baetidae",,,,,"sp.",,"larva",1,,4,7,57,"Y","N",,"condition OK","N",,"Merritt and Cummins 2008","Y","EcoAnalysts Inc.","A. Navesky",,,
"ed359f2a-f50d-4090-b9fa-77ef842f45fd","D03","BARC","BARC.AOS.littoral1","2019-11-06T13:21Z","2020-03-12","BARC.20191106.PONAR.2","A00000128993",,"TANSP11","Y","Tanytarsus sp.",,"genus","Arthropoda","Hexapoda","Insecta","Pterygota","Neoptera","Holometabola","Diptera","Nematocera","Culicomorpha",,"Chironomidae","Chironominae","Tanytarsini",,"Tanytarsus","sp.",,"larva",2,"2a",20,100,20,"N","N",,"condition OK","Y",,"Epler 2001","N","EcoAnalysts Inc.","G. Wallace",,,
"8a89625f-b70a-41d6-8813-e9c0e0994cec","D03","BARC","BARC.AOS.riparian.point.05","2019-11-06T13:21Z","2020-03-12","BARC.20191106.BENTHICSWEEP.5","A00000128997",,"NEMSP","Y","Nematoda sp.",,"phylum","Nematoda",,,,,,,,,,,,,,,"sp.",,"none",3,,53,4,1272,"N","N",,"condition OK","Y",,"Thorp and Covich 2001","N","EcoAnalysts Inc.","A. Navesky",,,
"6fc5abfd-d14d-4ae1-a237-efa70f1e5767","D03","BARC","BARC.AOS.riparian.point.09","2019-11-06T13:21Z","2020-03-16","BARC.20191106.BENTHICSWEEP.9","A00000128999","BARC.20191106.BENTHICSWEEP.9_OLIGOCHAETE_1/1","PRISP1","Y","Pristina sp.",,"genus","Annelida","Clitellata","Oligochaeta","Oligochaeta",,,"Tubificida",,,,"Naididae","Pristininae",,,"Pristina","sp.",,"none",2,,1,8,13,"N","N",,"condition OK","Y",,"Kathman and Brinkhurst 1998","N","EcoAnalysts Inc.","L. Flaherty",,,
"5df64aef-fb07-4a90-9019-25c3687dcf9e","D03","BARC","BARC.AOS.riparian.point.07","2019-11-06T13:21Z","2020-03-16","BARC.20191106.BENTHICSWEEP.7","A00000128998",,"LIMSP32","Y","Limnesia sp.",,"genus","Arthropoda","Chelicerata","Arachnida","Acari",,"Acariformes","Trombidiformes","Prostigmata",,"Hygrobatoidea","Limnesiidae",,,,"Limnesia","sp.",,"none",1,,1,7,14,"N","N",,"condition OK","Y",,"Thorp and Covich 2001","Y","EcoAnalysts Inc.","A. Navesky",,,
"488c20f4-36b2-4d6c-bcfd-8e23a7a2d219","D03","BARC","BARC.AOS.riparian.point.07","2019-11-06T13:21Z","2020-03-16","BARC.20191106.BENTHICSWEEP.7","A00000128998",,"LABSP","Y","Labrundinia sp.",,"genus","Arthropoda","Hexapoda","Insecta","Pterygota","Neoptera","Holometabola","Diptera","Nematocera","Culicomorpha",,"Chironomidae","Tanypodinae","Pentaneurini",,"Labrundinia","sp.",,"larva",1,,6,7,85,"N","N",,"condition OK","Y",,"Epler 2001","Y","EcoAnalysts Inc.","G. Wallace",,,
"9ebd95d9-527d-4877-b4e5-8cf2b5f5c0ad","D03","BARC","BARC.AOS.riparian.point.01","2019-11-06T13:21Z","2020-03-12","BARC.20191106.BENTHICSWEEP.1","A00000128996",,"ORISP1","Y","Oribatida sp.",,"suborder","Arthropoda","Chelicerata","Arachnida","Acari",,"Acariformes","Sarcoptiformes","Oribatida",,,,,,,,"sp.",,"none",1,,105,8,1344,"N","N",,"condition OK","Y",,"Thorp and Covich 2001","N","EcoAnalysts Inc.","A. Navesky","Oribatida",,
"603c8f7e-54ba-4b03-a1ca-443d14c9c4a9","D03","BARC","BARC.AOS.littoral1","2019-11-06T13:21Z","2020-03-12","BARC.20191106.PONAR.2","A00000128993",,"TANSP11","Y","Tanytarsus sp.",,"genus","Arthropoda","Hexapoda","Insecta","Pterygota","Neoptera","Holometabola","Diptera","Nematocera","Culicomorpha",,"Chironomidae","Chironominae","Tanytarsini",,"Tanytarsus","sp.",,"larva",6,,8,100,8,"N","N",,"condition OK","Y",,"Epler 2001","N","EcoAnalysts Inc.","G. Wallace",,,
"77ad8967-f360-4313-b3cc-ac65fb5c34a5","D03","BARC","BARC.AOS.riparian.point.09","2019-11-06T13:21Z","2020-03-16","BARC.20191106.BENTHICSWEEP.9","A00000128999",,"COLSP1","Y","Collembola sp.",,"order","Arthropoda","Hexapoda","Collembola",,,,"Collembola",,,,,,,,,"sp.",,"larva",1,,1,8,13,"N","N",,"condition OK","Y",,"Triplehorn and Johnson 2005","N","EcoAnalysts Inc.","A. Navesky",,,
"1d0d738c-c101-44d0-805e-0fe12fea5cd2","D03","BARC","BARC.AOS.buoy.c0","2019-11-06T13:21Z","2020-03-05","BARC.20191106.PONAR.1","A00000128992","BARC.20191106.PONAR.1_OLIGOCHAETE_1/1","NAISP","Y","Naididae sp.","w/o cap setae","family","Annelida","Clitellata","Oligochaeta","Oligochaeta",,,"Tubificida",,,,"Naididae",,,,,"sp.",,"none",7,"7b",2,94,2,"N","N",,"condition OK","N",,"Kathman and Brinkhurst 1998","N","EcoAnalysts Inc.","L. Flaherty","Fragment",,
"377f4ecb-b3d6-4090-beca-8144173a82b1","D03","BARC","BARC.AOS.littoral1","2019-11-06T13:21Z","2020-03-12","BARC.20191106.PONAR.2","A00000128993",,"ZAVMAR","Y","Zavreliella marmorata",,"species","Arthropoda","Hexapoda","Insecta","Pterygota","Neoptera","Holometabola","Diptera","Nematocera","Culicomorpha",,"Chironomidae","Chironominae","Tanytarsini",,"Zavreliella","marmorata",,"larva",1,,3,100,3,"N","N",,"condition OK","Y",,"Epler 2001","N","EcoAnalysts Inc.","G. Wallace",,,
"9326e2d8-1c06-46e5-96e8-04ab0ec3425e","D03","BARC","BARC.AOS.littoral1","2019-11-06T13:21Z","2020-03-12","BARC.20191106.PONAR.2","A00000128993",,"NEMSP","Y","Nematoda sp.",,"phylum","Nematoda",,,,,,,,,,,,,,,"sp.",,"none",1,,1,100,1,"N","Y",,"condition OK","Y",,"Thorp and Covich 2001","N","EcoAnalysts Inc.","A. Navesky",,,
"143f354f-9b70-4309-b654-79da168b6609","D03","BARC","BARC.AOS.riparian.point.09","2019-11-06T13:21Z","2020-03-16","BARC.20191106.BENTHICSWEEP.9","A00000128999","BARC.20191106.BENTHICSWEEP.9_OLIGOCHAETE_1/1","BRADAD","Y","Bratislavia dadayi",,"species","Annelida","Clitellata","Oligochaeta","Oligochaeta",,,"Tubificida",,,,"Naididae","Naidinae",,,"Bratislavia","dadayi",,"none",1,,1,8,13,"N","N",,"condition OK","Y",,"Kathman and Brinkhurst 1998","N","EcoAnalysts Inc.","L. Flaherty",,,
"e4c0d7c1-2a4f-4e68-a6f4-b84beef8001f","D03","BARC","BARC.AOS.littoral2","2019-11-06T13:21Z","2020-03-05","BARC.20191106.PONAR.3","A00000128995","BARC.20191106.PONAR.3_OLIGOCHAETE_1/2|BARC.20191106.PONAR.3_OLIGOCHAETE_2/2","NAISP","Y","Naididae sp.","w/o cap setae","family","Annelida","Clitellata","Oligochaeta","Oligochaeta",,,"Tubificida",,,,"Naididae",,,,,"sp.",,"none",6,,2,100,2,"N","N",,"condition OK","Y",,"Kathman and Brinkhurst 1998","N","EcoAnalysts Inc.","L. Flaherty",,,
"111698c5-deee-4633-857c-fc91274cde92","D03","BARC","BARC.AOS.riparian.point.07","2019-11-06T13:21Z","2020-03-16","BARC.20191106.BENTHICSWEEP.7","A00000128998",,"CHISP6","Y","Chironomini sp.",,"tribe","Arthropoda","Hexapoda","Insecta","Pterygota","Neoptera","Holometabola","Diptera","Nematocera","Culicomorpha",,"Chironomidae","Chironominae","Chironomini",,,"sp.",,"larva",1,,8,7,114,"Y","N",,"condition OK","N",,"Epler 2001","Y","EcoAnalysts Inc.","G. Wallace",,,
"0f20f499-5776-4819-8de7-40232b44b7db","D03","BARC","BARC.AOS.littoral1","2019-11-06T13:21Z","2020-03-12","BARC.20191106.PONAR.2","A00000128993",,"CHISP8","Y","Chironomus sp.",,"genus","Arthropoda","Hexapoda","Insecta","Pterygota","Neoptera","Holometabola","Diptera","Nematocera","Culicomorpha",,"Chironomidae","Chironominae","Chironomini",,"Chironomus","sp.",,"larva",2,,3,100,3,"N","N",,"condition OK","Y",,"Epler 2001","N","EcoAnalysts Inc.","G. Wallace","old E. natchitochae",,
"9c400301-ad33-4ef8-96ce-143e5d33301a","D03","BARC","BARC.AOS.riparian.point.03","2019-11-06T13:21Z","2020-03-12","BARC.20191106.BENTHICSWEEP.3","A00000129000","BARC.20191106.BENTHICSWEEP.3_OLIGOCHAETE_1/1","PRISP1","Y","Pristina sp.",,"genus","Annelida","Clitellata","Oligochaeta","Oligochaeta",,,"Tubificida",,,,"Naididae","Pristininae",,,"Pristina","sp.",,"none",1,,2,10,19,"N","N",,"condition OK","Y",,"Kathman and Brinkhurst 1998","N","EcoAnalysts Inc.","L. Flaherty",,,
"a0154182-e47a-410f-a8d7-72624da8a798","D03","BARC","BARC.AOS.riparian.point.09","2019-11-06T13:21Z","2020-03-16","BARC.20191106.BENTHICSWEEP.9","A00000128999",,"POLSP13","Y","Polypedilum sp.",,"genus","Arthropoda","Hexapoda","Insecta","Pterygota","Neoptera","Holometabola","Diptera","Nematocera","Culicomorpha",,"Chironomidae","Chironominae","Chironomini",,"Polypedilum","sp.",,"larva",2,,3,8,38,"N","N",,"condition OK","Y",,"Epler 2001 and Maschwitz and Cook 2000","N","EcoAnalysts Inc.","G. Wallace",,,
"bdd92643-74cc-45c2-85aa-03594bd7a9be","D03","BARC","BARC.AOS.riparian.point.03","2019-11-06T13:21Z","2020-03-12","BARC.20191106.BENTHICSWEEP.3","A00000129000",,"POLSCA","Y","Polypedilum scalaenum gr.",,"speciesGroup","Arthropoda","Hexapoda","Insecta","Pterygota","Neoptera","Holometabola","Diptera","Nematocera","Culicomorpha",,"Chironomidae","Chironominae","Chironomini",,"Polypedilum","scalaenum gr.",,"larva",2,,1,10,10,"N","N",,"condition OK","Y",,"Epler 2001 and Maschwitz and Cook 2000","N","EcoAnalysts Inc.","G. Wallace",,,
"6fc3f4a8-78ff-4484-bf34-91edacb2edc3","D03","BARC","BARC.AOS.riparian.point.09","2019-11-06T13:21Z","2020-03-16","BARC.20191106.BENTHICSWEEP.9","A00000128999",,"POLSCA","Y","Polypedilum scalaenum gr.",,"speciesGroup","Arthropoda","Hexapoda","Insecta","Pterygota","Neoptera","Holometabola","Diptera","Nematocera","Culicomorpha",,"Chironomidae","Chironominae","Chironomini",,"Polypedilum","scalaenum gr.",,"larva",1,,1,8,13,"N","N",,"condition OK","Y",,"Epler 2001 and Maschwitz and Cook 2000","N","EcoAnalysts Inc.","G. Wallace",,,
"1b516dd2-7d44-464b-a9a8-1e08310ec00e","D03","BARC","BARC.AOS.riparian.point.09","2019-11-06T13:21Z","2020-03-16","BARC.20191106.BENTHICSWEEP.9","A00000128999",,"HYDSP5","Y","Hydroptilidae sp.",,"family","Arthropoda","Hexapoda","Insecta","Pterygota","Neoptera","Holometabola","Trichoptera",,,"Hydroptiloidea","Hydroptilidae",,,,,"sp.",,"pupa",2,,1,8,13,"N","Y",,"condition OK","N",,"Wiggins 1996","N","EcoAnalysts Inc.","A. Navesky",,,
"9370bd9a-b438-4b4f-bde4-bbb5caa2e5a0","D03","BARC","BARC.AOS.littoral1","2019-11-06T13:21Z","2020-03-12","BARC.20191106.PONAR.2","A00000128993","BARC.20191106.PONAR.2_HALACARIDAE SP.","HALSP1","Y","Halacaridae sp.",,"family","Arthropoda","Chelicerata","Arachnida","Acari",,"Acariformes","Trombidiformes","Prostigmata",,"Halacaroidea","Halacaridae",,,,,"sp.",,"none",1,,5,100,5,"N","N",,"condition OK","Y",,"Thorp and Covich 2001","N","EcoAnalysts Inc.","A. Navesky","5in RC",,
"cde76e98-c3e5-41b7-9c94-a411d6792b19","D03","BARC","BARC.AOS.riparian.point.01","2019-11-06T13:21Z","2020-03-12","BARC.20191106.BENTHICSWEEP.1","A00000128996",,"HYASP2","Y","Hyalella sp.",,"genus","Arthropoda","Crustacea","Malacostraca","Eumalacostraca",,"Peracarida","Amphipoda","Gammaridea",,,"Hyalellidae",,,,"Hyalella","sp.",,"none",2,,29,8,371,"N","N",,"condition OK","Y",,"Thorp and Covich 2001","N","EcoAnalysts Inc.","A. Navesky",,,
"bc8cd12c-a3a5-4dbf-bd21-4ac786758223","D03","BARC","BARC.AOS.buoy.c0","2019-11-06T13:21Z","2020-03-05","BARC.20191106.PONAR.1","A00000128992",,"TANSP11","Y","Tanytarsus sp.",,"genus","Arthropoda","Hexapoda","Insecta","Pterygota","Neoptera","Holometabola","Diptera","Nematocera","Culicomorpha",,"Chironomidae","Chironominae","Tanytarsini",,"Tanytarsus","sp.",,"pupa",2,,1,94,1,"N","N",,"condition OK","Y",,"Epler 2001","N","EcoAnalysts Inc.","G. Wallace","Fragment",,
"294b18c9-bc72-491b-abc6-cec333396353","D03","BARC","BARC.AOS.riparian.point.01","2019-11-06T13:21Z","2020-03-12","BARC.20191106.BENTHICSWEEP.1","A00000128996",,"EPHSP","Y","Ephemeroptera sp.",,"order","Arthropoda","Hexapoda","Insecta","Pterygota","Palaeoptera",,"Ephemeroptera",,,,,,,,,"sp.",,"larva",1,,2,8,26,"Y","N",,"condition OK","N",,"Merritt and Cummins 2008","N","EcoAnalysts Inc.","A. Navesky",,,
"ddfca6c2-06c3-474c-b844-64b31b218387","D03","BARC","BARC.AOS.littoral1","2019-11-06T13:21Z","2020-03-12","BARC.20191106.PONAR.2","A00000128993",,"TANSP11","Y","Tanytarsus sp.",,"genus","Arthropoda","Hexapoda","Insecta","Pterygota","Neoptera","Holometabola","Diptera","Nematocera","Culicomorpha",,"Chironomidae","Chironominae","Tanytarsini",,"Tanytarsus","sp.",,"larva",5,,5,100,5,"N","N",,"condition OK","Y",,"Epler 2001","N","EcoAnalysts Inc.","G. Wallace",,,
"7ce35b83-9a29-406b-a295-49d23d120bab","D03","BARC","BARC.AOS.littoral1","2019-11-06T13:21Z","2020-03-12","BARC.20191106.PONAR.2","A00000128993",,"TANSP11","Y","Tanytarsus sp.",,"genus","Arthropoda","Hexapoda","Insecta","Pterygota","Neoptera","Holometabola","Diptera","Nematocera","Culicomorpha",,"Chironomidae","Chironominae","Tanytarsini",,"Tanytarsus","sp.",,"larva",4,,6,100,6,"N","N",,"condition OK","Y",,"Epler 2001","N","EcoAnalysts Inc.","G. Wallace",,,
"b442ffa9-dd81-4b1d-84e5-c3a3f3764410","D03","BARC","BARC.AOS.riparian.point.07","2019-11-06T13:21Z","2020-03-16","BARC.20191106.BENTHICSWEEP.7","A00000128998",,"PSESP18","Y","Pseudochironomus sp.",,"genus","Arthropoda","Hexapoda","Insecta","Pterygota","Neoptera","Holometabola","Diptera","Nematocera","Culicomorpha",,"Chironomidae","Chironominae","Pseudochironomini",,"Pseudochironomus","sp.",,"larva",1,,1,7,14,"N","N",,"condition OK","Y",,"Epler 2001","Y","EcoAnalysts Inc.","G. Wallace","Fragment",,
"e9d4debf-c236-458e-8b67-a155a516a203","D03","BARC","BARC.AOS.riparian.point.01","2019-11-06T13:21Z","2020-03-12","BARC.20191106.BENTHICSWEEP.1","A00000128996",,"LABSP","Y","Labrundinia sp.",,"genus","Arthropoda","Hexapoda","Insecta","Pterygota","Neoptera","Holometabola","Diptera","Nematocera","Culicomorpha",,"Chironomidae","Tanypodinae","Pentaneurini",,"Labrundinia","sp.",,"larva",4,,2,8,26,"N","N",,"condition OK","Y",,"Epler 2001","N","EcoAnalysts Inc.","G. Wallace",,,
"be2e9930-d071-4ad1-ba24-173d1796571e","D03","BARC","BARC.AOS.riparian.point.03","2019-11-06T13:21Z","2020-03-12","BARC.20191106.BENTHICSWEEP.3","A00000129000","BARC.20191106.BENTHICSWEEP.3_OLIGOCHAETE_1/1","DERSP4","Y","Dero sp.",,"genus","Annelida","Clitellata","Oligochaeta","Oligochaeta",,,"Tubificida",,,,"Naididae","Naidinae",,,"Dero","sp.",,"none",6,,1,10,10,"N","N",,"condition OK","Y",,"Kathman and Brinkhurst 1999","N","EcoAnalysts Inc.","L. Flaherty",,,
"fabe9df5-2250-4381-89f6-d69ddffa122c","D03","BARC","BARC.AOS.riparian.point.09","2019-11-06T13:21Z","2020-03-16","BARC.20191106.BENTHICSWEEP.9","A00000128999",,"TANSP11","Y","Tanytarsus sp.",,"genus","Arthropoda","Hexapoda","Insecta","Pterygota","Neoptera","Holometabola","Diptera","Nematocera","Culicomorpha",,"Chironomidae","Chironominae","Tanytarsini",,"Tanytarsus","sp.",,"larva",1,,3,8,38,"N","N",,"condition OK","Y",,"Epler 2001","N","EcoAnalysts Inc.","G. Wallace",,,
"154b3687-b7a2-414f-b2a5-6c4b91448cb7","D03","BARC","BARC.AOS.riparian.point.07","2019-11-06T13:21Z","2020-03-16","BARC.20191106.BENTHICSWEEP.7","A00000128998",,"ABLSP","Y","Ablabesmyia sp.",,"genus","Arthropoda","Hexapoda","Insecta","Pterygota","Neoptera","Holometabola","Diptera","Nematocera","Culicomorpha",,"Chironomidae","Tanypodinae","Pentaneurini",,"Ablabesmyia","sp.",,"larva",3,,1,7,14,"N","N",,"condition OK","Y",,"Epler 2001","Y","EcoAnalysts Inc.","G. Wallace",,,
"8480a9f3-6875-431f-a427-c5c05468aee5","D03","BARC","BARC.AOS.riparian.point.03","2019-11-06T13:21Z","2020-03-12","BARC.20191106.BENTHICSWEEP.3","A00000129000",,"LABSP","Y","Labrundinia sp.",,"genus","Arthropoda","Hexapoda","Insecta","Pterygota","Neoptera","Holometabola","Diptera","Nematocera","Culicomorpha",,"Chironomidae","Tanypodinae","Pentaneurini",,"Labrundinia","sp.",,"larva",2,,2,10,19,"N","N",,"condition OK","Y",,"Epler 2001","N","EcoAnalysts Inc.","G. Wallace",,,
"438450dc-2c62-44d4-b79b-6f8c55c5b0ff","D03","BARC","BARC.AOS.littoral1","2019-11-06T13:21Z","2020-03-12","BARC.20191106.PONAR.2","A00000128993",,"TANSP11","Y","Tanytarsus sp.",,"genus","Arthropoda","Hexapoda","Insecta","Pterygota","Neoptera","Holometabola","Diptera","Nematocera","Culicomorpha",,"Chironomidae","Chironominae","Tanytarsini",,"Tanytarsus","sp.",,"larva",3,"3a",2,100,2,"N","N",,"condition OK","Y",,"Epler 2001","N","EcoAnalysts Inc.","G. Wallace","Fragment",,
"bdd2d3ea-bb10-4ba8-ae3e-b1f06a8eaaf3","D03","BARC","BARC.AOS.riparian.point.03","2019-11-06T13:21Z","2020-03-12","BARC.20191106.BENTHICSWEEP.3","A00000129000",,"CHISP8","Y","Chironomus sp.",,"genus","Arthropoda","Hexapoda","Insecta","Pterygota","Neoptera","Holometabola","Diptera","Nematocera","Culicomorpha",,"Chironomidae","Chironominae","Chironomini",,"Chironomus","sp.",,"larva",9,,1,10,10,"N","N",,"condition OK","Y",,"Epler 2001","N","EcoAnalysts Inc.","G. Wallace",,,
"42886bcf-3cda-43d9-b3c8-92fe3f6a257a","D03","BARC","BARC.AOS.buoy.c0","2019-11-06T13:21Z","2020-03-05","BARC.20191106.PONAR.1","A00000128992",,"HYASP2","Y","Hyalella sp.",,"genus","Arthropoda","Crustacea","Malacostraca","Eumalacostraca",,"Peracarida","Amphipoda","Gammaridea",,,"Hyalellidae",,,,"Hyalella","sp.",,"none",1,,2,94,2,"N","N",,"condition OK","Y",,"Thorp and Covich 2001","N","EcoAnalysts Inc.","A. Navesky",,,
"f6d23a7c-48d1-4037-97d8-c6ce04617a46","D03","BARC","BARC.AOS.littoral1","2019-11-06T13:21Z","2020-03-12","BARC.20191106.PONAR.2","A00000128993",,"CHISP6","Y","Chironomini sp.",,"tribe","Arthropoda","Hexapoda","Insecta","Pterygota","Neoptera","Holometabola","Diptera","Nematocera","Culicomorpha",,"Chironomidae","Chironominae","Chironomini",,,"sp.",,"larva",1,,2,100,2,"Y","N",,"condition OK","N",,"Epler 2001","N","EcoAnalysts Inc.","G. Wallace",,,
"a9737bbe-c618-40d8-a31f-92b0e89495ee","D03","BARC","BARC.AOS.littoral1","2019-11-06T13:21Z","2020-03-12","BARC.20191106.PONAR.2","A00000128993",,"PROSP23","Y","Procladius sp.",,"genus","Arthropoda","Hexapoda","Insecta","Pterygota","Neoptera","Holometabola","Diptera","Nematocera","Culicomorpha",,"Chironomidae","Tanypodinae","Procladiini",,"Procladius","sp.",,"larva",5,,17,100,17,"N","N",,"condition OK","Y",,"Epler 2001","N","EcoAnalysts Inc.","G. Wallace",,,
"2ef3a81b-6b33-4e22-9d3a-1a934f274f3e","D03","BARC","BARC.AOS.riparian.point.09","2019-11-06T13:21Z","2020-03-16","BARC.20191106.BENTHICSWEEP.9","A00000128999",,"FORSP6","Y","Forelia sp.",,"genus","Arthropoda","Chelicerata","Arachnida","Acari",,"Acariformes","Trombidiformes","Prostigmata",,"Hygrobatoidea","Pionidae",,,,"Forelia","sp.",,"none",1,,1,8,13,"N","N",,"condition OK","Y",,"Thorp and Covich 2001","N","EcoAnalysts Inc.","A. Navesky",,,
"7996c520-cbcb-4d21-a74c-2a3680f380ad","D03","BARC","BARC.AOS.riparian.point.01","2019-11-06T13:21Z","2020-03-12","BARC.20191106.BENTHICSWEEP.1","A00000128996",,"COLSP1","Y","Collembola sp.",,"order","Arthropoda","Hexapoda","Collembola",,,,"Collembola",,,,,,,,,"sp.",,"larva",1,,3,8,38,"N","N",,"condition OK","Y",,"Triplehorn and Johnson 2005","N","EcoAnalysts Inc.","A. Navesky",,,
"b28de3f4-2b0e-4ee7-9d5c-b24afe67b7f7","D03","BARC","BARC.AOS.riparian.point.01","2019-11-06T13:21Z","2020-03-12","BARC.20191106.BENTHICSWEEP.1","A00000128996",,"CALSP14","Y","Callibaetis sp.",,"genus","Arthropoda","Hexapoda","Insecta","Pterygota","Palaeoptera",,"Ephemeroptera","Pisciforma",,,"Baetidae",,,,"Callibaetis","sp.",,"larva",1,,1,8,13,"Y","N",,"condition OK","Y",,"Merritt and Cummins 2008","N","EcoAnalysts Inc.","A. Navesky","very small but labial palps distinct",,
"3f8d7061-49f9-4df6-a8e5-2ba9525dde11","D03","BARC","BARC.AOS.buoy.c0","2019-11-06T13:21Z","2020-03-05","BARC.20191106.PONAR.1","A00000128992",,"CHISP8","Y","Chironomus sp.",,"genus","Arthropoda","Hexapoda","Insecta","Pterygota","Neoptera","Holometabola","Diptera","Nematocera","Culicomorpha",,"Chironomidae","Chironominae","Chironomini",,"Chironomus","sp.",,"larva",4,,76,94,81,"N","N",,"condition OK","Y",,"Epler 2001","N","EcoAnalysts Inc.","G. Wallace","od. e. natchitochae",,
"b180c9f8-085a-4acc-accd-675dc799baf1","D03","BARC","BARC.AOS.buoy.c0","2019-11-06T13:21Z","2020-03-05","BARC.20191106.PONAR.1","A00000128992",,"TANSP11","Y","Tanytarsus sp.",,"genus","Arthropoda","Hexapoda","Insecta","Pterygota","Neoptera","Holometabola","Diptera","Nematocera","Culicomorpha",,"Chironomidae","Chironominae","Tanytarsini",,"Tanytarsus","sp.",,"larva",2,,5,94,5,"N","N",,"condition OK","Y",,"Epler 2001","N","EcoAnalysts Inc.","G. Wallace","Fragment",,
"c960d560-00e8-4c70-a55d-e2b367374c9c","D03","BARC","BARC.AOS.buoy.c0","2019-11-06T13:21Z","2020-03-05","BARC.20191106.PONAR.1","A00000128992",,"NEMSP","Y","Nematoda sp.",,"phylum","Nematoda",,,,,,,,,,,,,,,"sp.",,"none",2,,3,94,3,"N","Y",,"condition OK","Y",,"Thorp and Covich 2001","N","EcoAnalysts Inc.","A. Navesky",,,
"55b777ce-3977-42c1-8f4b-6048775a6f76","D03","BARC","BARC.AOS.riparian.point.05","2019-11-06T13:21Z","2020-03-12","BARC.20191106.BENTHICSWEEP.5","A00000128997",,"NEMSP","Y","Nematoda sp.",,"phylum","Nematoda",,,,,,,,,,,,,,,"sp.",,"none",2,,145,4,3480,"N","N",,"condition OK","Y",,"Thorp and Covich 2001","N","EcoAnalysts Inc.","A. Navesky",,,
"9d617337-bae0-4029-a12c-f14616b4ea6e","D03","BARC","BARC.AOS.littoral1","2019-11-06T13:21Z","2020-03-12","BARC.20191106.PONAR.2","A00000128993",,"POLSP12","Y","Polycentropus sp.",,"genus","Arthropoda","Hexapoda","Insecta","Pterygota","Neoptera","Holometabola","Trichoptera",,,"Hydropsychoidea","Polycentropodidae","Polycentropodinae",,,"Polycentropus","sp.",,"larva",6,,1,100,1,"N","N",,"condition OK","Y",,"Wiggins 1996","N","EcoAnalysts Inc.","A. Navesky","inseparable with Polycentropus Plectrocnemia Holocentropus Cernotina",,
"bc38f3ac-7c9e-4087-93b6-75e00be3e5ae","D03","BARC","BARC.AOS.riparian.point.03","2019-11-06T13:21Z","2020-03-12","BARC.20191106.BENTHICSWEEP.3","A00000129000",,"NEMSP","Y","Nematoda sp.",,"phylum","Nematoda",,,,,,,,,,,,,,,"sp.",,"none",2,,54,10,518,"N","N",,"condition OK","Y",,"Thorp and Covich 2001","N","EcoAnalysts Inc.","A. Navesky",,,
"9937d7ee-e4a6-4bd6-82f4-fa7386a86a10","D03","BARC","BARC.AOS.buoy.c0","2019-11-06T13:21Z","2020-03-05","BARC.20191106.PONAR.1","A00000128992",,"TANSP11","Y","Tanytarsus sp.",,"genus","Arthropoda","Hexapoda","Insecta","Pterygota","Neoptera","Holometabola","Diptera","Nematocera","Culicomorpha",,"Chironomidae","Chironominae","Tanytarsini",,"Tanytarsus","sp.",,"larva",1,,4,94,4,"N","N",,"condition OK","Y",,"Epler 2001","N","EcoAnalysts Inc.","G. Wallace","Fragment",,
"e1719b6c-33c3-4812-b595-d810a3a9d318","D03","BARC","BARC.AOS.riparian.point.03","2019-11-06T13:21Z","2020-03-12","BARC.20191106.BENTHICSWEEP.3","A00000129000",,"NEMSP","Y","Nematoda sp.",,"phylum","Nematoda",,,,,,,,,,,,,,,"sp.",,"none",1,,4,10,38,"N","N",,"condition OK","Y",,"Thorp and Covich 2001","N","EcoAnalysts Inc.","A. Navesky",,,
"c3d596f1-d596-4607-8a9c-a739b9bb3cda","D03","BARC","BARC.AOS.riparian.point.01","2019-11-06T13:21Z","2020-03-12","BARC.20191106.BENTHICSWEEP.1","A00000128996",,"DICSP7","Y","Dicrotendipes sp.",,"genus","Arthropoda","Hexapoda","Insecta","Pterygota","Neoptera","Holometabola","Diptera","Nematocera","Culicomorpha",,"Chironomidae","Chironominae","Chironomini",,"Dicrotendipes","sp.",,"larva",2,,13,8,166,"Y","N",,"condition OK","Y",,"Epler 1987 1988 2001","N","EcoAnalysts Inc.","G. Wallace",,,
"c0991c72-ac58-4371-b973-c15d7720d014","D03","BARC","BARC.AOS.riparian.point.01","2019-11-06T13:21Z","2020-03-12","BARC.20191106.BENTHICSWEEP.1","A00000128996","BARC.20191106.BENTHICSWEEP.1_OLIGOCHAETE_1/1","DERSP4","Y","Dero sp.",,"genus","Annelida","Clitellata","Oligochaeta","Oligochaeta",,,"Tubificida",,,,"Naididae","Naidinae",,,"Dero","sp.",,"none",1,,1,8,13,"N","N",,"condition OK","Y",,"Kathman and Brinkhurst 1999","N","EcoAnalysts Inc.","L. Flaherty","Fragment",,
"2539c03e-2b5d-46e8-8623-361922263ccc","D03","BARC","BARC.AOS.riparian.point.09","2019-11-06T13:21Z","2020-03-16","BARC.20191106.BENTHICSWEEP.9","A00000128999",,"NEMSP","Y","Nematoda sp.",,"phylum","Nematoda",,,,,,,,,,,,,,,"sp.",,"none",1,,5,8,64,"N","N",,"condition OK","Y",,"Thorp and Covich 2001","N","EcoAnalysts Inc.","A. Navesky",,,
"6ee93b36-2ac8-460a-9c0b-0de2c583ea2d","D03","BARC","BARC.AOS.riparian.point.01","2019-11-06T13:21Z","2020-03-12","BARC.20191106.BENTHICSWEEP.1","A00000128996",,"ORTSP2","Y","Orthotrichia sp.",,"genus","Arthropoda","Hexapoda","Insecta","Pterygota","Neoptera","Holometabola","Trichoptera",,,"Hydroptiloidea","Hydroptilidae","Hydroptilinae","Orthotrichiini",,"Orthotrichia","sp.",,"larva",2,,1,8,13,"N","N",,"condition OK","Y",,"Wiggins 1996","N","EcoAnalysts Inc.","A. Navesky",,,
"928b131b-2736-424a-9833-71e0a2af58b9","D03","BARC","BARC.AOS.littoral1","2019-11-06T13:21Z","2020-03-12","BARC.20191106.PONAR.2","A00000128993",,"PROSP23","Y","Procladius sp.",,"genus","Arthropoda","Hexapoda","Insecta","Pterygota","Neoptera","Holometabola","Diptera","Nematocera","Culicomorpha",,"Chironomidae","Tanypodinae","Procladiini",,"Procladius","sp.",,"larva",6,,4,100,4,"N","N",,"condition OK","Y",,"Epler 2001","N","EcoAnalysts Inc.","G. Wallace",,,
"455ac368-133a-4773-a313-bd44c6b8fe75","D03","BARC","BARC.AOS.riparian.point.09","2019-11-06T13:21Z","2020-03-16","BARC.20191106.BENTHICSWEEP.9","A00000128999",,"HYASP2","Y","Hyalella sp.",,"genus","Arthropoda","Crustacea","Malacostraca","Eumalacostraca",,"Peracarida","Amphipoda","Gammaridea",,,"Hyalellidae",,,,"Hyalella","sp.",,"none",3,,4,8,51,"N","N",,"condition OK","Y",,"Thorp and Covich 2001","N","EcoAnalysts Inc.","A. Navesky",,,
"a6df9f90-0ba9-4eb4-a9ea-843d1c22d61a","D03","BARC","BARC.AOS.buoy.c0","2019-11-06T13:21Z","2020-03-05","BARC.20191106.PONAR.1","A00000128992",,"TANSP11","Y","Tanytarsus sp.",,"genus","Arthropoda","Hexapoda","Insecta","Pterygota","Neoptera","Holometabola","Diptera","Nematocera","Culicomorpha",,"Chironomidae","Chironominae","Tanytarsini",,"Tanytarsus","sp.",,"larva",5,,35,94,37,"N","N",,"condition OK","Y",,"Epler 2001","N","EcoAnalysts Inc.","G. Wallace",,,
"1b5f0492-9acd-45c2-b515-874d502cb26b","D03","BARC","BARC.AOS.riparian.point.05","2019-11-06T13:21Z","2020-03-12","BARC.20191106.BENTHICSWEEP.5","A00000128997",,"CAESP5","Y","Caenis sp.",,"genus","Arthropoda","Hexapoda","Insecta","Pterygota","Palaeoptera",,"Ephemeroptera","Furcatergalia","Pannota","Caenoidea","Caenidae","Caeninae",,,"Caenis","sp.",,"larva",1,,1,4,24,"Y","N",,"condition OK","Y",,"Merritt and Cummins 2008","N","EcoAnalysts Inc.","A. Navesky",,,
"acac22aa-584f-447c-833d-93db176ad987","D03","BARC","BARC.AOS.buoy.c0","2019-11-06T13:21Z","2020-03-05","BARC.20191106.PONAR.1","A00000128992","BARC.20191106.PONAR.1_OLIGOCHAETE_1/1","BRADAD","Y","Bratislavia dadayi",,"species","Annelida","Clitellata","Oligochaeta","Oligochaeta",,,"Tubificida",,,,"Naididae","Naidinae",,,"Bratislavia","dadayi",,"none",4,,1,94,1,"N","N",,"condition OK","Y",,"Kathman and Brinkhurst 1998","N","EcoAnalysts Inc.","L. Flaherty",,,
"4e1a37c8-4630-489c-b897-b645c8025c60","D03","BARC","BARC.AOS.littoral1","2019-11-06T13:21Z","2020-03-12","BARC.20191106.PONAR.2","A00000128993","BARC.20191106.PONAR.2_OLIGOCHAETE_1/1","NAISP","Y","Naididae sp.","w/o cap setae","family","Annelida","Clitellata","Oligochaeta","Oligochaeta",,,"Tubificida",,,,"Naididae",,,,,"sp.",,"none",3,"3a",5,100,5,"N","N",,"condition OK","Y",,"Kathman and Brinkhurst 1998","N","EcoAnalysts Inc.","L. Flaherty",,,
"9d3b3805-771f-481c-876c-5378c6a02f60","D03","BARC","BARC.AOS.riparian.point.09","2019-11-06T13:21Z","2020-03-16","BARC.20191106.BENTHICSWEEP.9","A00000128999",,"NILSP1","Y","Nilothauma sp.",,"genus","Arthropoda","Hexapoda","Insecta","Pterygota","Neoptera","Holometabola","Diptera","Nematocera","Culicomorpha",,"Chironomidae","Chironominae","Chironomini",,"Nilothauma","sp.",,"larva",2,,7,8,90,"N","N",,"condition OK","Y",,"Epler 2001","N","EcoAnalysts Inc.","G. Wallace",,,
"d36ded37-5c45-483a-8ecf-fa68b711c03a","D03","BARC","BARC.AOS.riparian.point.07","2019-11-06T13:21Z","2020-03-16","BARC.20191106.BENTHICSWEEP.7","A00000128998",,"TANSP11","Y","Tanytarsus sp.",,"genus","Arthropoda","Hexapoda","Insecta","Pterygota","Neoptera","Holometabola","Diptera","Nematocera","Culicomorpha",,"Chironomidae","Chironominae","Tanytarsini",,"Tanytarsus","sp.",,"larva",1,,22,7,313,"N","N",,"condition OK","Y",,"Epler 2001","Y","EcoAnalysts Inc.","G. Wallace",,,
"a4073be5-b800-4878-b25a-30865f1ff18d","D03","BARC","BARC.AOS.riparian.point.07","2019-11-06T13:21Z","2020-03-16","BARC.20191106.BENTHICSWEEP.7","A00000128998","BARC.20191106.BENTHICSWEEP.7_DICROTENDIPES SP.","DICSP7","Y","Dicrotendipes sp.",,"genus","Arthropoda","Hexapoda","Insecta","Pterygota","Neoptera","Holometabola","Diptera","Nematocera","Culicomorpha",,"Chironomidae","Chironominae","Chironomini",,"Dicrotendipes","sp.",,"larva",1,,4,7,57,"Y","Y",,"condition OK","Y",,"Epler 1987 1988 2001","Y","EcoAnalysts Inc.","G. Wallace","1in RC; reference may be D. nervosus but not 4th instar",,
"fc8660c5-e5f8-4eca-a27f-22ec45569fd4","D03","BARC","BARC.AOS.riparian.point.01","2019-11-06T13:21Z","2020-03-12","BARC.20191106.BENTHICSWEEP.1","A00000128996",,"POLSP13","Y","Polypedilum sp.",,"genus","Arthropoda","Hexapoda","Insecta","Pterygota","Neoptera","Holometabola","Diptera","Nematocera","Culicomorpha",,"Chironomidae","Chironominae","Chironomini",,"Polypedilum","sp.",,"larva",2,,1,8,13,"Y","N",,"condition OK","Y",,"Epler 2001 and Maschwitz and Cook 2000","N","EcoAnalysts Inc.","G. Wallace",,,
"d99c6315-ae92-4e14-9ffe-63f8f2c30ef9","D03","BARC","BARC.AOS.riparian.point.01","2019-11-06T13:21Z","2020-03-12","BARC.20191106.BENTHICSWEEP.1","A00000128996",,"CORSP19","Y","Corynoneura sp.",,"genus","Arthropoda","Hexapoda","Insecta","Pterygota","Neoptera","Holometabola","Diptera","Nematocera","Culicomorpha",,"Chironomidae","Orthocladiinae",,,"Corynoneura","sp.",,"larva",3,,4,8,51,"N","N",,"condition OK","Y",,"Epler 2001","N","EcoAnalysts Inc.","G. Wallace",,,
"6fca7cac-cff5-472a-9b75-06152131a0d9","D03","BARC","BARC.AOS.riparian.point.07","2019-11-06T13:21Z","2020-03-16","BARC.20191106.BENTHICSWEEP.7","A00000128998",,"CAESP2","Y","Caenidae sp.",,"family","Arthropoda","Hexapoda","Insecta","Pterygota","Palaeoptera",,"Ephemeroptera","Furcatergalia","Pannota","Caenoidea","Caenidae",,,,,"sp.",,"larva",2,,2,7,28,"Y","N",,"condition OK","N",,"Merritt and Cummins 2008","Y","EcoAnalysts Inc.","A. Navesky",,,
"206dc11a-a564-4fa5-9218-ba55b9729424","D03","BARC","BARC.AOS.riparian.point.07","2019-11-06T13:21Z","2020-03-16","BARC.20191106.BENTHICSWEEP.7","A00000128998",,"ERYSP","Y","Erythemis sp.",,"genus","Arthropoda","Hexapoda","Insecta","Pterygota","Palaeoptera",,"Odonata","Anisoptera",,,"Libellulidae",,,,"Erythemis","sp.",,"larva",3,,1,7,14,"Y","N",,"condition OK","Y",,"Needham Westfall and May 2000","Y","EcoAnalysts Inc.","A. Navesky",,,
"80b2bbbf-2afc-42be-ba80-ce4432d71dc3","D03","BARC","BARC.AOS.littoral2","2019-11-06T13:21Z","2020-03-05","BARC.20191106.PONAR.3","A00000128995","BARC.20191106.PONAR.3_OLIGOCHAETE_2/2|BARC.20191106.PONAR.3_OLIGOCHAETE_1/2","NAISP","Y","Naididae sp.","w/o cap setae","family","Annelida","Clitellata","Oligochaeta","Oligochaeta",,,"Tubificida",,,,"Naididae",,,,,"sp.",,"none",3,,3,100,3,"N","N",,"condition OK","Y",,"Kathman and Brinkhurst 1998","N","EcoAnalysts Inc.","L. Flaherty",,,
"8e1b76a8-62bb-4288-8a07-d2a7302e11f8","D03","BARC","BARC.AOS.riparian.point.07","2019-11-06T13:21Z","2020-03-16","BARC.20191106.BENTHICSWEEP.7","A00000128998",,"CORSP19","Y","Corynoneura sp.",,"genus","Arthropoda","Hexapoda","Insecta","Pterygota","Neoptera","Holometabola","Diptera","Nematocera","Culicomorpha",,"Chironomidae","Orthocladiinae",,,"Corynoneura","sp.",,"larva",3,,1,7,14,"N","N",,"condition OK","Y",,"Epler 2001","Y","EcoAnalysts Inc.","G. Wallace",,,
"074ef763-9b06-413b-af18-75514cc95d82","D03","BARC","BARC.AOS.riparian.point.03","2019-11-06T13:21Z","2020-03-12","BARC.20191106.BENTHICSWEEP.3","A00000129000",,"POLSP13","Y","Polypedilum sp.",,"genus","Arthropoda","Hexapoda","Insecta","Pterygota","Neoptera","Holometabola","Diptera","Nematocera","Culicomorpha",,"Chironomidae","Chironominae","Chironomini",,"Polypedilum","sp.",,"larva",2,,1,10,10,"Y","N",,"condition OK","Y",,"Epler 2001 and Maschwitz and Cook 2000","N","EcoAnalysts Inc.","G. Wallace","unique",,
"4bbf01ac-1b98-4c23-ace0-d6ffe5aa7835","D03","BARC","BARC.AOS.buoy.c0","2019-11-06T13:21Z","2020-03-05","BARC.20191106.PONAR.1","A00000128992",,"CHISP8","Y","Chironomus sp.",,"genus","Arthropoda","Hexapoda","Insecta","Pterygota","Neoptera","Holometabola","Diptera","Nematocera","Culicomorpha",,"Chironomidae","Chironominae","Chironomini",,"Chironomus","sp.",,"larva",7,,5,94,5,"N","N",,"condition OK","Y",,"Epler 2001","N","EcoAnalysts Inc.","G. Wallace","od. e. natchitochae",,
"e6722931-1574-42f8-8f66-1d348d18e7a9","D03","BARC","BARC.AOS.riparian.point.03","2019-11-06T13:21Z","2020-03-12","BARC.20191106.BENTHICSWEEP.3","A00000129000",,"CHISP8","Y","Chironomus sp.",,"genus","Arthropoda","Hexapoda","Insecta","Pterygota","Neoptera","Holometabola","Diptera","Nematocera","Culicomorpha",,"Chironomidae","Chironominae","Chironomini",,"Chironomus","sp.",,"larva",10,,1,10,10,"N","N",,"condition OK","Y",,"Epler 2001","N","EcoAnalysts Inc.","G. Wallace",,,
"e9f34e04-6a8b-474f-8ffc-fd86b6bc2a24","D03","BARC","BARC.AOS.riparian.point.05","2019-11-06T13:21Z","2020-03-12","BARC.20191106.BENTHICSWEEP.5","A00000128997",,"OXYSP","Y","Oxyethira sp.",,"genus","Arthropoda","Hexapoda","Insecta","Pterygota","Neoptera","Holometabola","Trichoptera",,,"Hydroptiloidea","Hydroptilidae","Hydroptilinae","Hydroptilini",,"Oxyethira","sp.",,"larva",2,,1,4,24,"N","N",,"condition OK","Y",,"Wiggins 1996","N","EcoAnalysts Inc.","A. Navesky",,,
"89889f2a-3131-4b04-8ed3-6ebbb667fe55","D03","BARC","BARC.AOS.riparian.point.09","2019-11-06T13:21Z","2020-03-16","BARC.20191106.BENTHICSWEEP.9","A00000128999",,"DICSP7","Y","Dicrotendipes sp.",,"genus","Arthropoda","Hexapoda","Insecta","Pterygota","Neoptera","Holometabola","Diptera","Nematocera","Culicomorpha",,"Chironomidae","Chironominae","Chironomini",,"Dicrotendipes","sp.",,"larva",2,,2,8,26,"N","N",,"condition OK","Y",,"Epler 1987 1988 2001","N","EcoAnalysts Inc.","G. Wallace",,,
"f394d2b5-2b0b-4115-9744-f6e8abc7464a","D03","BARC","BARC.AOS.buoy.c0","2019-11-06T13:21Z","2020-03-05","BARC.20191106.PONAR.1","A00000128992","BARC.20191106.PONAR.1_OLIGOCHAETE_1/1","NAISP","Y","Naididae sp.","w/o cap setae","family","Annelida","Clitellata","Oligochaeta","Oligochaeta",,,"Tubificida",,,,"Naididae",,,,,"sp.",,"none",5,"5b",5,94,5,"N","N",,"condition OK","N",,"Kathman and Brinkhurst 1998","N","EcoAnalysts Inc.","L. Flaherty",,,
"27326369-cb2c-41be-b8bf-7bca89dd20d2","D03","BARC","BARC.AOS.riparian.point.03","2019-11-06T13:21Z","2020-03-12","BARC.20191106.BENTHICSWEEP.3","A00000129000",,"CHISP8","Y","Chironomus sp.",,"genus","Arthropoda","Hexapoda","Insecta","Pterygota","Neoptera","Holometabola","Diptera","Nematocera","Culicomorpha",,"Chironomidae","Chironominae","Chironomini",,"Chironomus","sp.",,"larva",1,,1,10,10,"N","N",,"condition OK","Y",,"Epler 2001","N","EcoAnalysts Inc.","G. Wallace",,,
"5a3fb062-3094-44f5-943e-a6819914c02f","D03","BARC","BARC.AOS.riparian.point.03","2019-11-06T13:21Z","2020-03-12","BARC.20191106.BENTHICSWEEP.3","A00000129000","BARC.20191106.BENTHICSWEEP.3_OLIGOCHAETE_1/1","DERSP4","Y","Dero sp.",,"genus","Annelida","Clitellata","Oligochaeta","Oligochaeta",,,"Tubificida",,,,"Naididae","Naidinae",,,"Dero","sp.",,"none",2,,6,10,58,"N","N",,"condition OK","Y",,"Kathman and Brinkhurst 1999","N","EcoAnalysts Inc.","L. Flaherty",,,
"67ca6c21-eea3-4a4c-ad0d-c046712fb606","D03","BARC","BARC.AOS.riparian.point.01","2019-11-06T13:21Z","2020-03-12","BARC.20191106.BENTHICSWEEP.1","A00000128996",,"NILSP1","Y","Nilothauma sp.",,"genus","Arthropoda","Hexapoda","Insecta","Pterygota","Neoptera","Holometabola","Diptera","Nematocera","Culicomorpha",,"Chironomidae","Chironominae","Chironomini",,"Nilothauma","sp.",,"larva",1,,1,8,13,"N","N",,"condition OK","Y",,"Epler 2001","N","EcoAnalysts Inc.","G. Wallace",,,
"55bbe23f-b501-4731-a125-6db590bb269a","D03","BARC","BARC.AOS.riparian.point.09","2019-11-06T13:21Z","2020-03-16","BARC.20191106.BENTHICSWEEP.9","A00000128999",,"ALBSP2","Y","Albia sp.",,"genus","Arthropoda","Chelicerata","Arachnida","Acari",,"Acariformes","Trombidiformes","Prostigmata",,"Hygrobatoidea","Aturidae",,,,"Albia","sp.",,"none",1,,1,8,13,"N","N",,"condition OK","Y",,"Thorp and Covich 2001","N","EcoAnalysts Inc.","A. Navesky",,,
"218ee15e-d5f4-4634-9444-7924d2ca6eb1","D03","BARC","BARC.AOS.riparian.point.07","2019-11-06T13:21Z","2020-03-16","BARC.20191106.BENTHICSWEEP.7","A00000128998",,"TANSP11","Y","Tanytarsus sp.",,"genus","Arthropoda","Hexapoda","Insecta","Pterygota","Neoptera","Holometabola","Diptera","Nematocera","Culicomorpha",,"Chironomidae","Chironominae","Tanytarsini",,"Tanytarsus","sp.",,"larva",3,,1,7,14,"N","N",,"condition OK","Y",,"Epler 2001","Y","EcoAnalysts Inc.","G. Wallace",,,
"33c25bb2-5c9c-4d9d-bc85-e100474c2db9","D03","BARC","BARC.AOS.riparian.point.09","2019-11-06T13:21Z","2020-03-16","BARC.20191106.BENTHICSWEEP.9","A00000128999",,"NEMSP","Y","Nematoda sp.",,"phylum","Nematoda",,,,,,,,,,,,,,,"sp.",,"none",3,,2,8,26,"N","N",,"condition OK","Y",,"Thorp and Covich 2001","N","EcoAnalysts Inc.","A. Navesky",,,
"8da5143d-59c3-451d-bfb9-f2b72ed8eaf5","D03","BARC","BARC.AOS.riparian.point.03","2019-11-06T13:21Z","2020-03-12","BARC.20191106.BENTHICSWEEP.3","A00000129000",,"POLSP5","Y","Polycentropodidae sp.",,"family","Arthropoda","Hexapoda","Insecta","Pterygota","Neoptera","Holometabola","Trichoptera",,,"Hydropsychoidea","Polycentropodidae",,,,,"sp.",,"larva",2,,1,10,10,"Y","N",,"condition OK","Y",,"Wiggins 1996","N","EcoAnalysts Inc.","A. Navesky",,,
"73436871-7163-4057-ab52-63648ded6438","D03","BARC","BARC.AOS.riparian.point.09","2019-11-06T13:21Z","2020-03-16","BARC.20191106.BENTHICSWEEP.9","A00000128999",,"LABSP","Y","Labrundinia sp.",,"genus","Arthropoda","Hexapoda","Insecta","Pterygota","Neoptera","Holometabola","Diptera","Nematocera","Culicomorpha",,"Chironomidae","Tanypodinae","Pentaneurini",,"Labrundinia","sp.",,"pupa",3,,2,8,26,"N","N",,"condition OK","Y",,"Epler 2001","N","EcoAnalysts Inc.","G. Wallace",,,
"4c3f626d-24da-4f72-951c-99d7f5576b99","D03","BARC","BARC.AOS.riparian.point.07","2019-11-06T13:21Z","2020-03-16","BARC.20191106.BENTHICSWEEP.7","A00000128998",,"PELSP3","Y","Peltodytes sp.",,"genus","Arthropoda","Hexapoda","Insecta","Pterygota","Neoptera","Holometabola","Coleoptera","Adephaga",,,"Haliplidae",,,,"Peltodytes","sp.",,"larva",1,,1,7,14,"N","N",,"condition OK","Y",,"Merritt and Cummins 2008","Y","EcoAnalysts Inc.","A. Navesky",,,
"b320fc0c-c0d1-4e16-bca7-733c12b9f960","D03","BARC","BARC.AOS.riparian.point.07","2019-11-06T13:21Z","2020-03-16","BARC.20191106.BENTHICSWEEP.7","A00000128998",,"CAESP5","Y","Caenis sp.",,"genus","Arthropoda","Hexapoda","Insecta","Pterygota","Palaeoptera",,"Ephemeroptera","Furcatergalia","Pannota","Caenoidea","Caenidae","Caeninae",,,"Caenis","sp.",,"larva",2,,3,7,43,"Y","N",,"condition OK","Y",,"Merritt and Cummins 2008","Y","EcoAnalysts Inc.","A. Navesky",,,
"45083423-b8f3-459f-9377-d58d2846d066","D03","BARC","BARC.AOS.littoral1","2019-11-06T13:21Z","2020-03-12","BARC.20191106.PONAR.2","A00000128993",,"CLASP6","Y","Cladotanytarsus sp.",,"genus","Arthropoda","Hexapoda","Insecta","Pterygota","Neoptera","Holometabola","Diptera","Nematocera","Culicomorpha",,"Chironomidae","Chironominae","Tanytarsini",,"Cladotanytarsus","sp.",,"larva",2,,4,100,4,"N","N",,"condition OK","Y",,"Epler 2001","N","EcoAnalysts Inc.","G. Wallace",,,
"5b7e1756-8001-469b-b809-ecee3f40f478","D03","BARC","BARC.AOS.littoral2","2019-11-06T13:21Z","2020-03-05","BARC.20191106.PONAR.3","A00000128995",,"CAESP5","Y","Caenis sp.",,"genus","Arthropoda","Hexapoda","Insecta","Pterygota","Palaeoptera",,"Ephemeroptera","Furcatergalia","Pannota","Caenoidea","Caenidae","Caeninae",,,"Caenis","sp.",,"larva",2,,1,100,1,"Y","N",,"condition OK","Y",,"Merritt and Cummins 2008","N","EcoAnalysts Inc.","A. Navesky",,,
"c3802f59-4dd8-47b8-8ee9-cdfbad6a30f3","D03","BARC","BARC.AOS.riparian.point.05","2019-11-06T13:21Z","2020-03-12","BARC.20191106.BENTHICSWEEP.5","A00000128997",,"CHISP6","Y","Chironomini sp.",,"tribe","Arthropoda","Hexapoda","Insecta","Pterygota","Neoptera","Holometabola","Diptera","Nematocera","Culicomorpha",,"Chironomidae","Chironominae","Chironomini",,,"sp.",,"larva",1,,1,4,24,"Y","N",,"condition OK","N",,"Epler 2001","N","EcoAnalysts Inc.","G. Wallace",,,
"a7144f9b-4003-49d8-8a3a-8bc6a742317b","D03","BARC","BARC.AOS.littoral2","2019-11-06T13:21Z","2020-03-05","BARC.20191106.PONAR.3","A00000128995",,"GLOELO","Y","Gloiobdella elongata",,"species","Annelida","Clitellata","Hirudinea","Hirudinea","Euhirudinea",,"Rhynchobdellida",,,,"Glossiphoniidae","Haementeriinae",,,"Gloiobdella","elongata",,"none",13,,1,100,1,"N","N",,"condition OK","Y",,"Klemm 1972; Thorp and Rogers 2016","N","EcoAnalysts Inc.","A. Navesky",,,
"170d4142-6aef-4100-b35d-afd4e21c7f19","D03","BARC","BARC.AOS.riparian.point.09","2019-11-06T13:21Z","2020-03-16","BARC.20191106.BENTHICSWEEP.9","A00000128999",,"PSESP18","Y","Pseudochironomus sp.",,"genus","Arthropoda","Hexapoda","Insecta","Pterygota","Neoptera","Holometabola","Diptera","Nematocera","Culicomorpha",,"Chironomidae","Chironominae","Pseudochironomini",,"Pseudochironomus","sp.",,"larva",1,,1,8,13,"N","N",,"condition OK","Y",,"Epler 2001","N","EcoAnalysts Inc.","G. Wallace","Fragment",,
"3ee0a9d9-1fc7-4533-bab4-e13094c79eb0","D03","BARC","BARC.AOS.littoral2","2019-11-06T13:21Z","2020-03-05","BARC.20191106.PONAR.3","A00000128995",,"PROSP23","Y","Procladius sp.",,"genus","Arthropoda","Hexapoda","Insecta","Pterygota","Neoptera","Holometabola","Diptera","Nematocera","Culicomorpha",,"Chironomidae","Tanypodinae","Procladiini",,"Procladius","sp.",,"larva",3,,1,100,1,"N","N",,"condition OK","Y",,"Epler 2001","N","EcoAnalysts Inc.","G. Wallace",,,
"3b2bfb4a-12b9-4153-9cc9-0fb3a15ef328","D03","BARC","BARC.AOS.riparian.point.05","2019-11-06T13:21Z","2020-03-12","BARC.20191106.BENTHICSWEEP.5","A00000128997","BARC.20191106.BENTHICSWEEP.5_OLIGOCHAETE_1/1","DERSP4","Y","Dero sp.",,"genus","Annelida","Clitellata","Oligochaeta","Oligochaeta",,,"Tubificida",,,,"Naididae","Naidinae",,,"Dero","sp.",,"none",3,,1,4,24,"N","N",,"condition OK","Y",,"Kathman and Brinkhurst 1999","N","EcoAnalysts Inc.","L. Flaherty",,,
"08a8a655-8bc0-44e9-89e1-299520577c42","D03","BARC","BARC.AOS.riparian.point.05","2019-11-06T13:21Z","2020-03-12","BARC.20191106.BENTHICSWEEP.5","A00000128997",,"LARSP","Y","Larsia sp.",,"genus","Arthropoda","Hexapoda","Insecta","Pterygota","Neoptera","Holometabola","Diptera","Nematocera","Culicomorpha",,"Chironomidae","Tanypodinae","Pentaneurini",,"Larsia","sp.",,"larva",1,,1,4,24,"N","N",,"condition OK","Y",,"Epler 2001","N","EcoAnalysts Inc.","G. Wallace",,,
"9df2c8e2-32a6-47db-8ede-17b6747135af","D03","BARC","BARC.AOS.littoral1","2019-11-06T13:21Z","2020-03-12","BARC.20191106.PONAR.2","A00000128993",,"PROSP23","Y","Procladius sp.",,"genus","Arthropoda","Hexapoda","Insecta","Pterygota","Neoptera","Holometabola","Diptera","Nematocera","Culicomorpha",,"Chironomidae","Tanypodinae","Procladiini",,"Procladius","sp.",,"larva",4,,19,100,19,"N","N",,"condition OK","Y",,"Epler 2001","N","EcoAnalysts Inc.","G. Wallace",,,
"53acd1b4-15aa-4234-8be5-1b6239d772af","D03","BARC","BARC.AOS.riparian.point.03","2019-11-06T13:21Z","2020-03-12","BARC.20191106.BENTHICSWEEP.3","A00000129000",,"TANSP11","Y","Tanytarsus sp.",,"genus","Arthropoda","Hexapoda","Insecta","Pterygota","Neoptera","Holometabola","Diptera","Nematocera","Culicomorpha",,"Chironomidae","Chironominae","Tanytarsini",,"Tanytarsus","sp.",,"larva",3,,1,10,10,"N","N",,"condition OK","Y",,"Epler 2001","N","EcoAnalysts Inc.","G. Wallace",,,
"0e47900c-1738-4849-b42c-10b1c5b06199","D03","BARC","BARC.AOS.buoy.c0","2019-11-06T13:21Z","2020-03-05","BARC.20191106.PONAR.1","A00000128992","BARC.20191106.PONAR.1_OLIGOCHAETE_1/1","NAISP","Y","Naididae sp.","w/o cap setae","family","Annelida","Clitellata","Oligochaeta","Oligochaeta",,,"Tubificida",,,,"Naididae",,,,,"sp.",,"none",8,,1,94,1,"N","N",,"condition OK","N",,"Kathman and Brinkhurst 1998","N","EcoAnalysts Inc.","L. Flaherty",,,
"d2b2737e-83b8-4af2-8f9d-71a914945346","D03","BARC","BARC.AOS.littoral2","2019-11-06T13:21Z","2020-03-05","BARC.20191106.PONAR.3","A00000128995",,"OXISP","Y","Oxidae sp.",,"family","Arthropoda","Chelicerata","Arachnida","Acari",,"Acariformes","Trombidiformes","Prostigmata",,"Lebertioidea","Oxidae",,,,,"sp.",,"none",1,,1,100,1,"N","N",,"damaged, affecting taxonomy","Y",,"Cook 1968","N","EcoAnalysts Inc.","A. Navesky","1in RC; probably Oxus in molting process",,
"cb7feec9-95fd-49d0-8a3d-c93bbf189513","D03","BARC","BARC.AOS.riparian.point.03","2019-11-06T13:21Z","2020-03-12","BARC.20191106.BENTHICSWEEP.3","A00000129000",,"ENASP","Y","Enallagma sp.",,"genus","Arthropoda","Hexapoda","Insecta","Pterygota","Palaeoptera",,"Odonata","Zygoptera",,,"Coenagrionidae",,,,"Enallagma","sp.",,"larva",11,,1,10,10,"N","N",,"condition OK","Y",,"Westfall and May 1996","N","EcoAnalysts Inc.","A. Navesky","Fragment",,
"003cfee8-e5ba-43bf-a32a-7a532fa6c11a","D03","BARC","BARC.AOS.riparian.point.07","2019-11-06T13:21Z","2020-03-16","BARC.20191106.BENTHICSWEEP.7","A00000128998",,"LARSP","Y","Larsia sp.",,"genus","Arthropoda","Hexapoda","Insecta","Pterygota","Neoptera","Holometabola","Diptera","Nematocera","Culicomorpha",,"Chironomidae","Tanypodinae","Pentaneurini",,"Larsia","sp.",,"larva",2,,2,7,28,"N","N",,"condition OK","Y",,"Epler 2001","Y","EcoAnalysts Inc.","G. Wallace",,,
"9fd3b201-967e-4d15-80dc-2d8bff7b8ed0","D03","BARC","BARC.AOS.riparian.point.07","2019-11-06T13:21Z","2020-03-16","BARC.20191106.BENTHICSWEEP.7","A00000128998",,"POLSCA","Y","Polypedilum scalaenum gr.",,"speciesGroup","Arthropoda","Hexapoda","Insecta","Pterygota","Neoptera","Holometabola","Diptera","Nematocera","Culicomorpha",,"Chironomidae","Chironominae","Chironomini",,"Polypedilum","scalaenum gr.",,"larva",1,,1,7,14,"N","N",,"condition OK","Y",,"Epler 2001 and Maschwitz and Cook 2000","Y","EcoAnalysts Inc.","G. Wallace","Fragment",,
"aa02a395-8642-43ad-ad67-e605604ef41e","D03","BARC","BARC.AOS.riparian.point.01","2019-11-06T13:21Z","2020-03-12","BARC.20191106.BENTHICSWEEP.1","A00000128996",,"ABLSP","Y","Ablabesmyia sp.",,"genus","Arthropoda","Hexapoda","Insecta","Pterygota","Neoptera","Holometabola","Diptera","Nematocera","Culicomorpha",,"Chironomidae","Tanypodinae","Pentaneurini",,"Ablabesmyia","sp.",,"larva",4,,2,8,26,"N","N",,"condition OK","Y",,"Epler 2001","N","EcoAnalysts Inc.","G. Wallace",,,
"04e34b5f-5107-4ada-9bd9-0864e9b2123a","D03","BARC","BARC.AOS.riparian.point.01","2019-11-06T13:21Z","2020-03-12","BARC.20191106.BENTHICSWEEP.1","A00000128996",,"LABSP","Y","Labrundinia sp.",,"genus","Arthropoda","Hexapoda","Insecta","Pterygota","Neoptera","Holometabola","Diptera","Nematocera","Culicomorpha",,"Chironomidae","Tanypodinae","Pentaneurini",,"Labrundinia","sp.",,"larva",2,,5,8,64,"N","N",,"condition OK","Y",,"Epler 2001","N","EcoAnalysts Inc.","G. Wallace",,,
"528e728d-ab80-4595-881f-8b093e72a229","D03","BARC","BARC.AOS.buoy.c0","2019-11-06T13:21Z","2020-03-05","BARC.20191106.PONAR.1","A00000128992",,"CHISP8","Y","Chironomus sp.",,"genus","Arthropoda","Hexapoda","Insecta","Pterygota","Neoptera","Holometabola","Diptera","Nematocera","Culicomorpha",,"Chironomidae","Chironominae","Chironomini",,"Chironomus","sp.",,"larva",2,"2b",20,94,21,"N","N",,"condition OK","Y",,"Epler 2001","N","EcoAnalysts Inc.","G. Wallace","od. e. natchitochae",,
"53e19cf9-301c-4a81-9a6f-37bdd0bbfc52","D03","BARC","BARC.AOS.riparian.point.05","2019-11-06T13:21Z","2020-03-12","BARC.20191106.BENTHICSWEEP.5","A00000128997","BARC.20191106.BENTHICSWEEP.5_OLIGOCHAETE_1/1","DERSP4","Y","Dero sp.",,"genus","Annelida","Clitellata","Oligochaeta","Oligochaeta",,,"Tubificida",,,,"Naididae","Naidinae",,,"Dero","sp.",,"none",1,,3,4,72,"N","N",,"condition OK","Y",,"Kathman and Brinkhurst 1999","N","EcoAnalysts Inc.","L. Flaherty",,,
"6bd3266b-08b8-49e0-a979-ef060420bde8","D03","BARC","BARC.AOS.riparian.point.09","2019-11-06T13:21Z","2020-03-16","BARC.20191106.BENTHICSWEEP.9","A00000128999",,"CRISP6","Y","Cricotopus/Orthocladius sp.",,"speciesGroup","Arthropoda","Hexapoda","Insecta","Pterygota","Neoptera","Holometabola","Diptera","Nematocera","Culicomorpha",,"Chironomidae","Orthocladiinae",,,"Cricotopus/Orthocladius","sp.",,"larva",1,,2,8,26,"N","N",,"condition OK","Y",,"Epler 2001","N","EcoAnalysts Inc.","G. Wallace",,,
"ad717164-9ee8-4763-b0e5-747487e711a4","D03","BARC","BARC.AOS.riparian.point.07","2019-11-06T13:21Z","2020-03-16","BARC.20191106.BENTHICSWEEP.7","A00000128998",,"TANSP11","Y","Tanytarsus sp.",,"genus","Arthropoda","Hexapoda","Insecta","Pterygota","Neoptera","Holometabola","Diptera","Nematocera","Culicomorpha",,"Chironomidae","Chironominae","Tanytarsini",,"Tanytarsus","sp.",,"pupa",3,,1,7,14,"N","N",,"condition OK","Y",,"Epler 2001","Y","EcoAnalysts Inc.","G. Wallace",,,
"5e9783d6-d82c-4ce1-a2be-8db1db9df76e","D03","BARC","BARC.AOS.riparian.point.09","2019-11-06T13:21Z","2020-03-16","BARC.20191106.BENTHICSWEEP.9","A00000128999",,"CORSP19","Y","Corynoneura sp.",,"genus","Arthropoda","Hexapoda","Insecta","Pterygota","Neoptera","Holometabola","Diptera","Nematocera","Culicomorpha",,"Chironomidae","Orthocladiinae",,,"Corynoneura","sp.",,"larva",3,,1,8,13,"N","N",,"condition OK","Y",,"Epler 2001","N","EcoAnalysts Inc.","G. Wallace",,,
"794b4df7-d955-4367-b8a9-b2068150dd9f","D03","BARC","BARC.AOS.riparian.point.07","2019-11-06T13:21Z","2020-03-16","BARC.20191106.BENTHICSWEEP.7","A00000128998",,"CHISP8","Y","Chironomus sp.",,"genus","Arthropoda","Hexapoda","Insecta","Pterygota","Neoptera","Holometabola","Diptera","Nematocera","Culicomorpha",,"Chironomidae","Chironominae","Chironomini",,"Chironomus","sp.",,"larva",2,,1,7,14,"N","N",,"condition OK","Y",,"Epler 2001","Y","EcoAnalysts Inc.","G. Wallace",,,
"4c3b947c-e0bc-4144-80f5-ae85182a4bf2","D03","BARC","BARC.AOS.littoral1","2019-11-06T13:21Z","2020-03-12","BARC.20191106.PONAR.2","A00000128993",,"POLSP12","Y","Polycentropus sp.",,"genus","Arthropoda","Hexapoda","Insecta","Pterygota","Neoptera","Holometabola","Trichoptera",,,"Hydropsychoidea","Polycentropodidae","Polycentropodinae",,,"Polycentropus","sp.",,"larva",4,,1,100,1,"N","N",,"condition OK","Y",,"Wiggins 1996","N","EcoAnalysts Inc.","A. Navesky","inseparable with Polycentropus Plectrocnemia Holocentropus Cernotina",,
"f972e262-8d08-412a-862b-e6ba9e0d4e4e","D03","BARC","BARC.AOS.riparian.point.05","2019-11-06T13:21Z","2020-03-12","BARC.20191106.BENTHICSWEEP.5","A00000128997",,"PSESP18","Y","Pseudochironomus sp.",,"genus","Arthropoda","Hexapoda","Insecta","Pterygota","Neoptera","Holometabola","Diptera","Nematocera","Culicomorpha",,"Chironomidae","Chironominae","Pseudochironomini",,"Pseudochironomus","sp.",,"larva",1,,1,4,24,"N","N",,"condition OK","Y",,"Epler 2001","N","EcoAnalysts Inc.","G. Wallace",,,
"90f04536-f834-4b64-9dd5-62c29648e48e","D03","BARC","BARC.AOS.riparian.point.09","2019-11-06T13:21Z","2020-03-16","BARC.20191106.BENTHICSWEEP.9","A00000128999",,"CHISP8","Y","Chironomus sp.",,"genus","Arthropoda","Hexapoda","Insecta","Pterygota","Neoptera","Holometabola","Diptera","Nematocera","Culicomorpha",,"Chironomidae","Chironominae","Chironomini",,"Chironomus","sp.",,"larva",5,,1,8,13,"N","N",,"condition OK","Y",,"Epler 2001","N","EcoAnalysts Inc.","G. Wallace","Fragment",,
"4d64d340-4627-4dc9-aee1-cbde1a8bba69","D03","BARC","BARC.AOS.riparian.point.01","2019-11-06T13:21Z","2020-03-12","BARC.20191106.BENTHICSWEEP.1","A00000128996",,"PENSP6","Y","Pentaneurini sp.",,"tribe","Arthropoda","Hexapoda","Insecta","Pterygota","Neoptera","Holometabola","Diptera","Nematocera","Culicomorpha",,"Chironomidae","Tanypodinae","Pentaneurini",,,"sp.",,"larva",1,,4,8,51,"Y","N",,"condition OK","N",,"Epler 2001","N","EcoAnalysts Inc.","G. Wallace",,,
"d190f7f1-1158-48e4-ba98-554580324e0b","D03","BARC","BARC.AOS.riparian.point.03","2019-11-06T13:21Z","2020-03-12","BARC.20191106.BENTHICSWEEP.3","A00000129000",,"CAESP5","Y","Caenis sp.",,"genus","Arthropoda","Hexapoda","Insecta","Pterygota","Palaeoptera",,"Ephemeroptera","Furcatergalia","Pannota","Caenoidea","Caenidae","Caeninae",,,"Caenis","sp.",,"larva",2,,2,10,19,"Y","N",,"condition OK","Y",,"Merritt and Cummins 2008","N","EcoAnalysts Inc.","A. Navesky",,,
"53533065-aed0-44ff-a27b-6c77e33551be","D03","BARC","BARC.AOS.littoral1","2019-11-06T13:21Z","2020-03-12","BARC.20191106.PONAR.2","A00000128993",,"TANSP11","Y","Tanytarsus sp.",,"genus","Arthropoda","Hexapoda","Insecta","Pterygota","Neoptera","Holometabola","Diptera","Nematocera","Culicomorpha",,"Chironomidae","Chironominae","Tanytarsini",,"Tanytarsus","sp.",,"larva",1,"1b",7,100,7,"N","N",,"condition OK","Y",,"Epler 2001","N","EcoAnalysts Inc.","G. Wallace",,,
"e3ebc264-30df-439f-99fc-6480f7e25266","D03","BARC","BARC.AOS.riparian.point.07","2019-11-06T13:21Z","2020-03-16","BARC.20191106.BENTHICSWEEP.7","A00000128998",,"ORISP1","Y","Oribatida sp.",,"suborder","Arthropoda","Chelicerata","Arachnida","Acari",,"Acariformes","Sarcoptiformes","Oribatida",,,,,,,,"sp.",,"none",1,,47,7,668,"N","Y",,"condition OK","Y",,"Thorp and Covich 2001","Y","EcoAnalysts Inc.","A. Navesky","Oribatida",,
"7d275ffe-11ea-4cf7-9901-d3736ae10348","D03","BARC","BARC.AOS.riparian.point.01","2019-11-06T13:21Z","2020-03-12","BARC.20191106.BENTHICSWEEP.1","A00000128996",,"CORSP19","Y","Corynoneura sp.",,"genus","Arthropoda","Hexapoda","Insecta","Pterygota","Neoptera","Holometabola","Diptera","Nematocera","Culicomorpha",,"Chironomidae","Orthocladiinae",,,"Corynoneura","sp.",,"larva",1,,1,8,13,"N","N",,"condition OK","Y",,"Epler 2001","N","EcoAnalysts Inc.","G. Wallace",,,
"259e0d89-14e2-4494-ac19-f6b1359cb7c4","D03","BARC","BARC.AOS.riparian.point.03","2019-11-06T13:21Z","2020-03-12","BARC.20191106.BENTHICSWEEP.3","A00000129000","BARC.20191106.BENTHICSWEEP.3_OLIGOCHAETE_1/1","DERSP4","Y","Dero sp.",,"genus","Annelida","Clitellata","Oligochaeta","Oligochaeta",,,"Tubificida",,,,"Naididae","Naidinae",,,"Dero","sp.",,"none",4,,4,10,38,"N","N",,"condition OK","Y",,"Kathman and Brinkhurst 1999","N","EcoAnalysts Inc.","L. Flaherty",,,
"e7285e0b-df70-4fc7-8f7d-baf6a3ca6976","D03","BARC","BARC.AOS.buoy.c0","2019-11-06T13:21Z","2020-03-05","BARC.20191106.PONAR.1","A00000128992",,"CHASP13","Y","Chaoborus sp.",,"genus","Arthropoda","Hexapoda","Insecta","Pterygota","Neoptera","Holometabola","Diptera","Nematocera","Culicomorpha",,"Chaoboridae","Chaoborinae",,,"Chaoborus","sp.",,"larva",9,,2,94,2,"N","N",,"condition OK","Y",,"Merritt Cummins and Berg 2008","N","EcoAnalysts Inc.","A. Navesky",,,
"b114a206-4f3c-48ee-b902-36bee4182efd","D03","BARC","BARC.AOS.riparian.point.03","2019-11-06T13:21Z","2020-03-12","BARC.20191106.BENTHICSWEEP.3","A00000129000",,"HYASP2","Y","Hyalella sp.",,"genus","Arthropoda","Crustacea","Malacostraca","Eumalacostraca",,"Peracarida","Amphipoda","Gammaridea",,,"Hyalellidae",,,,"Hyalella","sp.",,"none",3,,1,10,10,"N","N",,"condition OK","Y",,"Thorp and Covich 2001","N","EcoAnalysts Inc.","A. Navesky",,,
"1ed0f537-8dc6-4fcf-8839-ff912d7659ea","D03","BARC","BARC.AOS.riparian.point.07","2019-11-06T13:21Z","2020-03-16","BARC.20191106.BENTHICSWEEP.7","A00000128998",,"TRISP18","Y","Tribelos sp.",,"genus","Arthropoda","Hexapoda","Insecta","Pterygota","Neoptera","Holometabola","Diptera","Nematocera","Culicomorpha",,"Chironomidae","Chironominae","Chironomini",,"Tribelos","sp.",,"larva",4,,1,7,14,"N","N",,"condition OK","Y",,"Epler 2001","Y","EcoAnalysts Inc.","G. Wallace",,,
"0efe29ed-dc63-41b2-a938-cc80a5b95ffa","D03","BARC","BARC.AOS.riparian.point.07","2019-11-06T13:21Z","2020-03-16","BARC.20191106.BENTHICSWEEP.7","A00000128998","BARC.20191106.BENTHICSWEEP.7_OLIGOCHAETE_1/1","BRADAD","Y","Bratislavia dadayi",,"species","Annelida","Clitellata","Oligochaeta","Oligochaeta",,,"Tubificida",,,,"Naididae","Naidinae",,,"Bratislavia","dadayi",,"none",1,,1,7,14,"N","N",,"condition OK","Y",,"Kathman and Brinkhurst 1998","Y","EcoAnalysts Inc.","L. Flaherty",,,
"4b1071cf-7dfc-4796-929a-e2c5ff2ba5a8","D03","BARC","BARC.AOS.riparian.point.03","2019-11-06T13:21Z","2020-03-12","BARC.20191106.BENTHICSWEEP.3","A00000129000",,"HALSP1","Y","Halacaridae sp.",,"family","Arthropoda","Chelicerata","Arachnida","Acari",,"Acariformes","Trombidiformes","Prostigmata",,"Halacaroidea","Halacaridae",,,,,"sp.",,"none",1,,3,10,29,"N","N",,"condition OK","Y",,"Thorp and Covich 2001","N","EcoAnalysts Inc.","A. Navesky",,,
"797ea729-a09b-4308-b257-39516e8e3196","D03","BARC","BARC.AOS.littoral1","2019-11-06T13:21Z","2020-03-12","BARC.20191106.PONAR.2","A00000128993",,"PROSP23","Y","Procladius sp.",,"genus","Arthropoda","Hexapoda","Insecta","Pterygota","Neoptera","Holometabola","Diptera","Nematocera","Culicomorpha",,"Chironomidae","Tanypodinae","Procladiini",,"Procladius","sp.",,"larva",3,,23,100,23,"N","N",,"condition OK","Y",,"Epler 2001","N","EcoAnalysts Inc.","G. Wallace",,,
"c34e92e7-4af4-44b6-b432-a9ef87c04735","D03","BARC","BARC.AOS.buoy.c0","2019-11-06T13:21Z","2020-03-05","BARC.20191106.PONAR.1","A00000128992",,"CHASP13","Y","Chaoborus sp.",,"genus","Arthropoda","Hexapoda","Insecta","Pterygota","Neoptera","Holometabola","Diptera","Nematocera","Culicomorpha",,"Chaoboridae","Chaoborinae",,,"Chaoborus","sp.",,"larva",8,,5,94,5,"N","N",,"condition OK","Y",,"Merritt Cummins and Berg 2008","N","EcoAnalysts Inc.","A. Navesky",,,
"37b6347c-516e-4649-aed8-ed6383dd85a7","D03","BARC","BARC.AOS.riparian.point.01","2019-11-06T13:21Z","2020-03-12","BARC.20191106.BENTHICSWEEP.1","A00000128996",,"ANISP1","Y","Anisoptera sp.",,"suborder","Arthropoda","Hexapoda","Insecta","Pterygota","Palaeoptera",,"Odonata","Anisoptera",,,,,,,,"sp.",,"larva",2,,2,8,26,"Y","N",,"condition OK","Y",,"Merritt and Cummins 2008","N","EcoAnalysts Inc.","A. Navesky","maybe Libellulidae or Corduliidae",,
"a40b08a1-4aa6-4fd4-bc17-5d11ec05fe07","D03","BARC","BARC.AOS.littoral1","2019-11-06T13:21Z","2020-03-12","BARC.20191106.PONAR.2","A00000128993",,"CLASP6","Y","Cladotanytarsus sp.",,"genus","Arthropoda","Hexapoda","Insecta","Pterygota","Neoptera","Holometabola","Diptera","Nematocera","Culicomorpha",,"Chironomidae","Chironominae","Tanytarsini",,"Cladotanytarsus","sp.",,"larva",4,,1,100,1,"N","N",,"condition OK","Y",,"Epler 2001","N","EcoAnalysts Inc.","G. Wallace",,,
"6a18da72-ef8e-4bbd-b8f2-84b39efa268c","D03","BARC","BARC.AOS.buoy.c0","2019-11-06T13:21Z","2020-03-05","BARC.20191106.PONAR.1","A00000128992",,"CHISP8","Y","Chironomus sp.",,"genus","Arthropoda","Hexapoda","Insecta","Pterygota","Neoptera","Holometabola","Diptera","Nematocera","Culicomorpha",,"Chironomidae","Chironominae","Chironomini",,"Chironomus","sp.",,"larva",6,,9,94,10,"N","N",,"condition OK","Y",,"Epler 2001","N","EcoAnalysts Inc.","G. Wallace","od. e. natchitochae",,
"3b70595a-e69a-4690-9aeb-1153cf413eb9","D03","BARC","BARC.AOS.riparian.point.09","2019-11-06T13:21Z","2020-03-16","BARC.20191106.BENTHICSWEEP.9","A00000128999",,"TANSP11","Y","Tanytarsus sp.",,"genus","Arthropoda","Hexapoda","Insecta","Pterygota","Neoptera","Holometabola","Diptera","Nematocera","Culicomorpha",,"Chironomidae","Chironominae","Tanytarsini",,"Tanytarsus","sp.",,"larva",4,,1,8,13,"N","N",,"condition OK","Y",,"Epler 2001","N","EcoAnalysts Inc.","G. Wallace",,,
"27dc0028-3944-47bd-ba78-7a20acf8d340","D03","BARC","BARC.AOS.riparian.point.07","2019-11-06T13:21Z","2020-03-16","BARC.20191106.BENTHICSWEEP.7","A00000128998",,"LABSP","Y","Labrundinia sp.",,"genus","Arthropoda","Hexapoda","Insecta","Pterygota","Neoptera","Holometabola","Diptera","Nematocera","Culicomorpha",,"Chironomidae","Tanypodinae","Pentaneurini",,"Labrundinia","sp.",,"larva",3,,7,7,100,"N","N",,"condition OK","Y",,"Epler 2001","Y","EcoAnalysts Inc.","G. Wallace",,,
"67301383-4572-403c-89cb-8aa7b1e3a279","D03","BARC","BARC.AOS.riparian.point.09","2019-11-06T13:21Z","2020-03-16","BARC.20191106.BENTHICSWEEP.9","A00000128999",,"ABLSP","Y","Ablabesmyia sp.",,"genus","Arthropoda","Hexapoda","Insecta","Pterygota","Neoptera","Holometabola","Diptera","Nematocera","Culicomorpha",,"Chironomidae","Tanypodinae","Pentaneurini",,"Ablabesmyia","sp.",,"larva",2,,2,8,26,"Y","N",,"condition OK","Y",,"Roback 1985; Epler 2001","N","EcoAnalysts Inc.","G. Wallace",,,
"87e67f91-900f-4392-b33f-48cdb8fb1104","D03","BARC","BARC.AOS.riparian.point.01","2019-11-06T13:21Z","2020-03-12","BARC.20191106.BENTHICSWEEP.1","A00000128996","BARC.20191106.BENTHICSWEEP.1_OLIGOCHAETE_1/1","PRISP1","Y","Pristina sp.",,"genus","Annelida","Clitellata","Oligochaeta","Oligochaeta",,,"Tubificida",,,,"Naididae","Pristininae",,,"Pristina","sp.",,"none",2,,1,8,13,"N","N",,"condition OK","Y",,"Kathman and Brinkhurst 1998","N","EcoAnalysts Inc.","L. Flaherty",,,
"3009249d-72f8-48cc-bb1c-cc920d0ffebe","D03","BARC","BARC.AOS.riparian.point.07","2019-11-06T13:21Z","2020-03-16","BARC.20191106.BENTHICSWEEP.7","A00000128998",,"ANOSP12","Y","Anopheles sp.",,"genus","Arthropoda","Hexapoda","Insecta","Pterygota","Neoptera","Holometabola","Diptera","Nematocera","Culicomorpha",,"Culicidae","Anophelinae",,,"Anopheles","sp.",,"larva",1,,1,7,14,"N","N",,"condition OK","Y",,"Merritt and Cummins 2008","Y","EcoAnalysts Inc.","A. Navesky",,,
"6effc087-777c-4c18-8306-3930340f7064","D03","BARC","BARC.AOS.riparian.point.05","2019-11-06T13:21Z","2020-03-12","BARC.20191106.BENTHICSWEEP.5","A00000128997",,"PENSP6","Y","Pentaneurini sp.",,"tribe","Arthropoda","Hexapoda","Insecta","Pterygota","Neoptera","Holometabola","Diptera","Nematocera","Culicomorpha",,"Chironomidae","Tanypodinae","Pentaneurini",,,"sp.",,"larva",1,,1,4,24,"Y","N",,"condition OK","N",,"Epler 2001","N","EcoAnalysts Inc.","G. Wallace",,,
"db45406c-2abe-4975-8735-e4f7832471dc","D03","BARC","BARC.AOS.riparian.point.05","2019-11-06T13:21Z","2020-03-12","BARC.20191106.BENTHICSWEEP.5","A00000128997",,"PROSP23","Y","Procladius sp.",,"genus","Arthropoda","Hexapoda","Insecta","Pterygota","Neoptera","Holometabola","Diptera","Nematocera","Culicomorpha",,"Chironomidae","Tanypodinae","Procladiini",,"Procladius","sp.",,"larva",2,,1,4,24,"N","N",,"condition OK","Y",,"Epler 2001","N","EcoAnalysts Inc.","G. Wallace",,,
"97a51ecf-6d2f-4c5d-8387-7b9f0afe56b4","D03","BARC","BARC.AOS.riparian.point.01","2019-11-06T13:21Z","2020-03-12","BARC.20191106.BENTHICSWEEP.1","A00000128996",,"PARSP30","Y","Parachironomus sp.",,"genus","Arthropoda","Hexapoda","Insecta","Pterygota","Neoptera","Holometabola","Diptera","Nematocera","Culicomorpha",,"Chironomidae","Chironominae","Chironomini",,"Parachironomus","sp.",,"larva",1,,1,8,13,"N","N",,"condition OK","Y",,"Epler 2001","N","EcoAnalysts Inc.","G. Wallace","enlarged outer laterals",,
"83f6e3c9-e3dd-4646-aab0-1d4ce9a64c28","D03","BARC","BARC.AOS.riparian.point.09","2019-11-06T13:21Z","2020-03-16","BARC.20191106.BENTHICSWEEP.9","A00000128999",,"HYASP2","Y","Hyalella sp.",,"genus","Arthropoda","Crustacea","Malacostraca","Eumalacostraca",,"Peracarida","Amphipoda","Gammaridea",,,"Hyalellidae",,,,"Hyalella","sp.",,"none",1,,18,8,230,"N","N",,"condition OK","Y",,"Thorp and Covich 2001","N","EcoAnalysts Inc.","A. Navesky",,,
"87780aa0-16b8-4b9d-8db7-c2b75f2a98a9","D03","BARC","BARC.AOS.riparian.point.05","2019-11-06T13:21Z","2020-03-12","BARC.20191106.BENTHICSWEEP.5","A00000128997",,"ABLSP","Y","Ablabesmyia sp.",,"genus","Arthropoda","Hexapoda","Insecta","Pterygota","Neoptera","Holometabola","Diptera","Nematocera","Culicomorpha",,"Chironomidae","Tanypodinae","Pentaneurini",,"Ablabesmyia","sp.",,"larva",2,,3,4,72,"Y","N",,"condition OK","N",,"Roback 1985; Epler 2001","N","EcoAnalysts Inc.","G. Wallace",,,
"d986a7ca-4b80-42ec-b932-0cd32f3c32bc","D03","BARC","BARC.AOS.buoy.c0","2019-11-06T13:21Z","2020-03-05","BARC.20191106.PONAR.1","A00000128992",,"LARSP","Y","Larsia sp.",,"genus","Arthropoda","Hexapoda","Insecta","Pterygota","Neoptera","Holometabola","Diptera","Nematocera","Culicomorpha",,"Chironomidae","Tanypodinae","Pentaneurini",,"Larsia","sp.",,"larva",2,,2,94,2,"N","N",,"condition OK","Y",,"Epler 2001","N","EcoAnalysts Inc.","G. Wallace",,,
"de32deea-e979-4bfd-a51a-2436d1854292","D03","BARC","BARC.AOS.littoral2","2019-11-06T13:21Z","2020-03-05","BARC.20191106.PONAR.3","A00000128995",,"TANSP8","Y","Tanytarsini sp.",,"tribe","Arthropoda","Hexapoda","Insecta","Pterygota","Neoptera","Holometabola","Diptera","Nematocera","Culicomorpha",,"Chironomidae","Chironominae","Tanytarsini",,,"sp.",,"larva",3,,1,100,1,"N","N",,"damaged, affecting measurement","N",,"Epler 2001","N","EcoAnalysts Inc.","G. Wallace","Fragment",,
"d9e5aff8-7477-4ce1-ab82-0773085cc14e","D03","BARC","BARC.AOS.riparian.point.01","2019-11-06T13:21Z","2020-03-12","BARC.20191106.BENTHICSWEEP.1","A00000128996","BARC.20191106.BENTHICSWEEP.1_OLIGOCHAETE_1/1","BRADAD","Y","Bratislavia dadayi",,"species","Annelida","Clitellata","Oligochaeta","Oligochaeta",,,"Tubificida",,,,"Naididae","Naidinae",,,"Bratislavia","dadayi",,"none",3,,1,8,13,"N","N",,"condition OK","Y",,"Kathman and Brinkhurst 1998","N","EcoAnalysts Inc.","L. Flaherty",,,
"b3c27f3d-4e25-46df-843b-b0872151bf49","D03","BARC","BARC.AOS.riparian.point.07","2019-11-06T13:21Z","2020-03-16","BARC.20191106.BENTHICSWEEP.7","A00000128998",,"OXYSP","Y","Oxyethira sp.",,"genus","Arthropoda","Hexapoda","Insecta","Pterygota","Neoptera","Holometabola","Trichoptera",,,"Hydroptiloidea","Hydroptilidae","Hydroptilinae","Hydroptilini",,"Oxyethira","sp.",,"larva",5,,1,7,14,"N","N",,"condition OK","Y",,"Wiggins 1996","Y","EcoAnalysts Inc.","A. Navesky",,,
"eee58f1d-b8bd-4f89-9ee4-e94a617a0870","D03","BARC","BARC.AOS.buoy.c0","2019-11-06T13:21Z","2020-03-05","BARC.20191106.PONAR.1","A00000128992","BARC.20191106.PONAR.1_OLIGOCHAETE_1/1","NAISP","Y","Naididae sp.","w/o cap setae","family","Annelida","Clitellata","Oligochaeta","Oligochaeta",,,"Tubificida",,,,"Naididae",,,,,"sp.",,"none",6,"6b",1,94,1,"N","N",,"condition OK","N",,"Kathman and Brinkhurst 1998","N","EcoAnalysts Inc.","L. Flaherty","Fragment",,
"e5d97da5-a99e-4ac8-b376-97da5d2d521e","D03","BARC","BARC.AOS.littoral2","2019-11-06T13:21Z","2020-03-05","BARC.20191106.PONAR.3","A00000128995",,"TANSP11","Y","Tanytarsus sp.",,"genus","Arthropoda","Hexapoda","Insecta","Pterygota","Neoptera","Holometabola","Diptera","Nematocera","Culicomorpha",,"Chironomidae","Chironominae","Tanytarsini",,"Tanytarsus","sp.",,"larva",4,,6,100,6,"N","N",,"condition OK","Y",,"Epler 2001","N","EcoAnalysts Inc.","G. Wallace",,,
"83d845e3-64a7-483b-86a2-aba802e4bc09","D03","BARC","BARC.AOS.riparian.point.07","2019-11-06T13:21Z","2020-03-16","BARC.20191106.BENTHICSWEEP.7","A00000128998",,"LABSP","Y","Labrundinia sp.",,"genus","Arthropoda","Hexapoda","Insecta","Pterygota","Neoptera","Holometabola","Diptera","Nematocera","Culicomorpha",,"Chironomidae","Tanypodinae","Pentaneurini",,"Labrundinia","sp.",,"larva",5,,1,7,14,"N","N",,"condition OK","Y",,"Epler 2001","Y","EcoAnalysts Inc.","G. Wallace",,,
"b394beeb-6bb4-49fc-bfe4-84addcc98d10","D03","BARC","BARC.AOS.riparian.point.03","2019-11-06T13:21Z","2020-03-12","BARC.20191106.BENTHICSWEEP.3","A00000129000","BARC.20191106.BENTHICSWEEP.3_OLIGOCHAETE_1/1","DERSP4","Y","Dero sp.",,"genus","Annelida","Clitellata","Oligochaeta","Oligochaeta",,,"Tubificida",,,,"Naididae","Naidinae",,,"Dero","sp.",,"none",3,,4,10,38,"N","N",,"condition OK","Y",,"Kathman and Brinkhurst 1999","N","EcoAnalysts Inc.","L. Flaherty",,,
"b0fa7c2e-63ba-44df-8e82-7dba3c60d1db","D03","BARC","BARC.AOS.littoral1","2019-11-06T13:21Z","2020-03-12","BARC.20191106.PONAR.2","A00000128993","BARC.20191106.PONAR.2_OLIGOCHAETE_1/1","DERSP4","Y","Dero sp.",,"genus","Annelida","Clitellata","Oligochaeta","Oligochaeta",,,"Tubificida",,,,"Naididae","Naidinae",,,"Dero","sp.",,"none",2,,2,100,2,"N","N",,"condition OK","Y",,"Kathman and Brinkhurst 1999","N","EcoAnalysts Inc.","L. Flaherty",,,
"627c3ab4-fc22-4815-87b7-4529099826b3","D03","BARC","BARC.AOS.riparian.point.07","2019-11-06T13:21Z","2020-03-16","BARC.20191106.BENTHICSWEEP.7","A00000128998",,"DASSP2","Y","Dasyhelea sp.",,"genus","Arthropoda","Hexapoda","Insecta","Pterygota","Neoptera","Holometabola","Diptera","Nematocera","Culicomorpha",,"Ceratopogonidae","Dasyheleinae",,,"Dasyhelea","sp.",,"larva",2,,2,7,28,"N","N",,"condition OK","Y",,"Merritt and Cummins 2008","Y","EcoAnalysts Inc.","A. Navesky",,,
"56fe31af-1f3a-4237-84b9-28473df8b6ca","D03","BARC","BARC.AOS.riparian.point.09","2019-11-06T13:21Z","2020-03-16","BARC.20191106.BENTHICSWEEP.9","A00000128999",,"TRISP18","Y","Tribelos sp.",,"genus","Arthropoda","Hexapoda","Insecta","Pterygota","Neoptera","Holometabola","Diptera","Nematocera","Culicomorpha",,"Chironomidae","Chironominae","Chironomini",,"Tribelos","sp.",,"larva",3,,1,8,13,"N","N",,"condition OK","Y",,"Epler 2001","N","EcoAnalysts Inc.","G. Wallace","0ld Genus 3",,
"2783f0d8-ce06-4e2f-9dd4-6370daf43a45","D03","BARC","BARC.AOS.buoy.c0","2019-11-06T13:21Z","2020-03-05","BARC.20191106.PONAR.1","A00000128992",,"ZAVMAR","Y","Zavreliella marmorata",,"species","Arthropoda","Hexapoda","Insecta","Pterygota","Neoptera","Holometabola","Diptera","Nematocera","Culicomorpha",,"Chironomidae","Chironominae","Tanytarsini",,"Zavreliella","marmorata",,"larva",2,,7,94,7,"N","N",,"condition OK","Y",,"Epler 2001","N","EcoAnalysts Inc.","G. Wallace",,,
"8daf3368-54ec-4dd1-a282-f2fdb1d86ff0","D03","BARC","BARC.AOS.littoral1","2019-11-06T13:21Z","2020-03-12","BARC.20191106.PONAR.2","A00000128993",,"CRYSP3","Y","Cryptotendipes sp.",,"genus","Arthropoda","Hexapoda","Insecta","Pterygota","Neoptera","Holometabola","Diptera","Nematocera","Culicomorpha",,"Chironomidae","Chironominae","Chironomini",,"Cryptotendipes","sp.",,"larva",2,,2,100,2,"N","N",,"condition OK","Y",,"Epler 2001","N","EcoAnalysts Inc.","G. Wallace",,,
"c2e30fa5-1357-4db3-a020-58e263ead741","D03","BARC","BARC.AOS.riparian.point.05","2019-11-06T13:21Z","2020-03-12","BARC.20191106.BENTHICSWEEP.5","A00000128997",,"NEMSP","Y","Nematoda sp.",,"phylum","Nematoda",,,,,,,,,,,,,,,"sp.",,"none",5,,1,4,24,"N","N",,"condition OK","Y",,"Thorp and Covich 2001","N","EcoAnalysts Inc.","A. Navesky",,,
"b1b79634-50f1-4212-9c9c-be3be04b5181","D03","BARC","BARC.AOS.littoral2","2019-11-06T13:21Z","2020-03-05","BARC.20191106.PONAR.3","A00000128995",,"CLASP6","Y","Cladotanytarsus sp.",,"genus","Arthropoda","Hexapoda","Insecta","Pterygota","Neoptera","Holometabola","Diptera","Nematocera","Culicomorpha",,"Chironomidae","Chironominae","Tanytarsini",,"Cladotanytarsus","sp.",,"larva",1,,1,100,1,"N","N",,"condition OK","Y",,"Epler 2001","N","EcoAnalysts Inc.","G. Wallace",,,
"3689cb1f-661c-472c-af85-5ef320bcc6bc","D03","BARC","BARC.AOS.riparian.point.03","2019-11-06T13:21Z","2020-03-12","BARC.20191106.BENTHICSWEEP.3","A00000129000",,"CLASP6","Y","Cladotanytarsus sp.",,"genus","Arthropoda","Hexapoda","Insecta","Pterygota","Neoptera","Holometabola","Diptera","Nematocera","Culicomorpha",,"Chironomidae","Chironominae","Tanytarsini",,"Cladotanytarsus","sp.",,"larva",3,,3,10,29,"N","N",,"condition OK","Y",,"Epler 2001","N","EcoAnalysts Inc.","G. Wallace",,,
"0ff6584f-9f32-423b-9fdc-73b943441d21","D03","BARC","BARC.AOS.riparian.point.01","2019-11-06T13:21Z","2020-03-12","BARC.20191106.BENTHICSWEEP.1","A00000128996",,"HYASP2","Y","Hyalella sp.",,"genus","Arthropoda","Crustacea","Malacostraca","Eumalacostraca",,"Peracarida","Amphipoda","Gammaridea",,,"Hyalellidae",,,,"Hyalella","sp.",,"none",1,,21,8,269,"N","N",,"condition OK","Y",,"Thorp and Covich 2001","N","EcoAnalysts Inc.","A. Navesky",,,
"4f34f4e5-45f4-477e-a8ca-5dbfb4754705","D03","BARC","BARC.AOS.riparian.point.09","2019-11-06T13:21Z","2020-03-16","BARC.20191106.BENTHICSWEEP.9","A00000128999",,"NEMSP","Y","Nematoda sp.",,"phylum","Nematoda",,,,,,,,,,,,,,,"sp.",,"none",2,,11,8,141,"N","N",,"condition OK","Y",,"Thorp and Covich 2001","N","EcoAnalysts Inc.","A. Navesky",,,
"24495a71-b074-4baf-9586-3e9e6a70b87f","D03","BARC","BARC.AOS.riparian.point.01","2019-11-06T13:21Z","2020-03-12","BARC.20191106.BENTHICSWEEP.1","A00000128996",,"TANSP11","Y","Tanytarsus sp.",,"genus","Arthropoda","Hexapoda","Insecta","Pterygota","Neoptera","Holometabola","Diptera","Nematocera","Culicomorpha",,"Chironomidae","Chironominae","Tanytarsini",,"Tanytarsus","sp.",,"larva",1,,2,8,26,"N","N",,"condition OK","Y",,"Epler 2001","N","EcoAnalysts Inc.","G. Wallace",,,
"dc046c4d-36b0-4312-ae34-9d0a20811c4b","D03","BARC","BARC.AOS.riparian.point.09","2019-11-06T13:21Z","2020-03-16","BARC.20191106.BENTHICSWEEP.9","A00000128999",,"PARSP30","Y","Parachironomus sp.",,"genus","Arthropoda","Hexapoda","Insecta","Pterygota","Neoptera","Holometabola","Diptera","Nematocera","Culicomorpha",,"Chironomidae","Chironominae","Chironomini",,"Parachironomus","sp.",,"larva",2,,1,8,13,"N","N",,"condition OK","Y",,"Epler 2001","N","EcoAnalysts Inc.","G. Wallace",,,
"7903e902-7360-4ad2-8908-6f61357180ae","D03","BARC","BARC.AOS.littoral2","2019-11-06T13:21Z","2020-03-05","BARC.20191106.PONAR.3","A00000128995","BARC.20191106.PONAR.3_OLIGOCHAETE_1/2|BARC.20191106.PONAR.3_OLIGOCHAETE_2/2","DERSP4","Y","Dero sp.",,"genus","Annelida","Clitellata","Oligochaeta","Oligochaeta",,,"Tubificida",,,,"Naididae","Naidinae",,,"Dero","sp.",,"none",3,,1,100,1,"N","N",,"condition OK","Y",,"Kathman and Brinkhurst 1999","N","EcoAnalysts Inc.","L. Flaherty",,,
"48ede0c9-b046-4bdb-848d-171b664c9522","D03","BARC","BARC.AOS.littoral1","2019-11-06T13:21Z","2020-03-12","BARC.20191106.PONAR.2","A00000128993",,"LARSP","Y","Larsia sp.",,"genus","Arthropoda","Hexapoda","Insecta","Pterygota","Neoptera","Holometabola","Diptera","Nematocera","Culicomorpha",,"Chironomidae","Tanypodinae","Pentaneurini",,"Larsia","sp.",,"larva",1,,1,100,1,"N","N",,"condition OK","Y",,"Epler 2001","N","EcoAnalysts Inc.","G. Wallace",,,
"2c7a0d25-6956-4be6-8207-3d142db27128","D03","BARC","BARC.AOS.riparian.point.07","2019-11-06T13:21Z","2020-03-16","BARC.20191106.BENTHICSWEEP.7","A00000128998",,"CALSP14","Y","Callibaetis sp.",,"genus","Arthropoda","Hexapoda","Insecta","Pterygota","Palaeoptera",,"Ephemeroptera","Pisciforma",,,"Baetidae",,,,"Callibaetis","sp.",,"larva",2,,2,7,28,"N","N",,"condition OK","Y",,"Merritt and Cummins 2008","Y","EcoAnalysts Inc.","A. Navesky",,,
"2553d413-4aa7-4463-9354-803b8abc151c","D03","BARC","BARC.AOS.riparian.point.03","2019-11-06T13:21Z","2020-03-12","BARC.20191106.BENTHICSWEEP.3","A00000129000",,"HYASP2","Y","Hyalella sp.",,"genus","Arthropoda","Crustacea","Malacostraca","Eumalacostraca",,"Peracarida","Amphipoda","Gammaridea",,,"Hyalellidae",,,,"Hyalella","sp.",,"none",2,,13,10,125,"N","N",,"condition OK","Y",,"Thorp and Covich 2001","N","EcoAnalysts Inc.","A. Navesky",,,
"964cb49c-50a1-48fc-8b7e-5c68ee5f1976","D03","BARC","BARC.AOS.littoral2","2019-11-06T13:21Z","2020-03-05","BARC.20191106.PONAR.3","A00000128995",,"CHISP8","Y","Chironomus sp.",,"genus","Arthropoda","Hexapoda","Insecta","Pterygota","Neoptera","Holometabola","Diptera","Nematocera","Culicomorpha",,"Chironomidae","Chironominae","Chironomini",,"Chironomus","sp.",,"larva",2,,2,100,2,"N","N",,"condition OK","Y",,"Epler 2001","N","EcoAnalysts Inc.","G. Wallace","old E. natchitochae",,
"051f9857-055b-4bbd-a286-5f021b3f5012","D03","BARC","BARC.AOS.littoral1","2019-11-06T13:21Z","2020-03-12","BARC.20191106.PONAR.2","A00000128993",,"CLASP5","Y","Cladopelma sp.",,"genus","Arthropoda","Hexapoda","Insecta","Pterygota","Neoptera","Holometabola","Diptera","Nematocera","Culicomorpha",,"Chironomidae","Chironominae","Chironomini",,"Cladopelma","sp.",,"larva",4,,2,100,2,"N","N",,"condition OK","Y",,"Epler 2001","N","EcoAnalysts Inc.","G. Wallace",,,
"ad519d6e-9e84-4d00-a9cf-3b3e47b6c40f","D03","BARC","BARC.AOS.littoral1","2019-11-06T13:21Z","2020-03-12","BARC.20191106.PONAR.2","A00000128993","BARC.20191106.PONAR.2_OLIGOCHAETE_1/1","NAISP","Y","Naididae sp.","w/o cap setae","family","Annelida","Clitellata","Oligochaeta","Oligochaeta",,,"Tubificida",,,,"Naididae",,,,,"sp.",,"none",11,,1,100,1,"N","N",,"condition OK","Y",,"Kathman and Brinkhurst 1998","N","EcoAnalysts Inc.","L. Flaherty","Fragment",,
"50d6bb27-ed28-49af-8e16-31a91dc3832e","D03","BARC","BARC.AOS.riparian.point.01","2019-11-06T13:21Z","2020-03-12","BARC.20191106.BENTHICSWEEP.1","A00000128996",,"LABSP","Y","Labrundinia sp.",,"genus","Arthropoda","Hexapoda","Insecta","Pterygota","Neoptera","Holometabola","Diptera","Nematocera","Culicomorpha",,"Chironomidae","Tanypodinae","Pentaneurini",,"Labrundinia","sp.",,"larva",1,,4,8,51,"N","N",,"condition OK","Y",,"Epler 2001","N","EcoAnalysts Inc.","G. Wallace",,,
"b83f2a3e-bffc-41dc-817a-bf1afd30f52a","D03","BARC","BARC.AOS.riparian.point.05","2019-11-06T13:21Z","2020-03-12","BARC.20191106.BENTHICSWEEP.5","A00000128997","BARC.20191106.BENTHICSWEEP.5_OLIGOCHAETE_1/1","DERSP4","Y","Dero sp.",,"genus","Annelida","Clitellata","Oligochaeta","Oligochaeta",,,"Tubificida",,,,"Naididae","Naidinae",,,"Dero","sp.",,"none",5,,1,4,24,"N","N",,"condition OK","Y",,"Kathman and Brinkhurst 1999","N","EcoAnalysts Inc.","L. Flaherty",,,
"fe6256a0-0b50-4c12-a478-c4d9d7dea1dc","D03","BARC","BARC.AOS.riparian.point.09","2019-11-06T13:21Z","2020-03-16","BARC.20191106.BENTHICSWEEP.9","A00000128999",,"ORTSP2","Y","Orthotrichia sp.",,"genus","Arthropoda","Hexapoda","Insecta","Pterygota","Neoptera","Holometabola","Trichoptera",,,"Hydroptiloidea","Hydroptilidae","Hydroptilinae","Orthotrichiini",,"Orthotrichia","sp.",,"larva",1,,1,8,13,"N","N",,"condition OK","Y",,"Wiggins 1996","N","EcoAnalysts Inc.","A. Navesky",,,
"1865f7a4-eb50-4a66-9843-b4e0dab7d7ff","D03","BARC","BARC.AOS.riparian.point.03","2019-11-06T13:21Z","2020-03-12","BARC.20191106.BENTHICSWEEP.3","A00000129000",,"CHISP8","Y","Chironomus sp.",,"genus","Arthropoda","Hexapoda","Insecta","Pterygota","Neoptera","Holometabola","Diptera","Nematocera","Culicomorpha",,"Chironomidae","Chironominae","Chironomini",,"Chironomus","sp.",,"larva",2,,2,10,19,"N","N",,"condition OK","Y",,"Epler 2001","N","EcoAnalysts Inc.","G. Wallace",,,
"c0ec5123-7c52-44f1-a173-d8b7f9f3c015","D03","BARC","BARC.AOS.riparian.point.05","2019-11-06T13:21Z","2020-03-12","BARC.20191106.BENTHICSWEEP.5","A00000128997",,"HYASP2","Y","Hyalella sp.",,"genus","Arthropoda","Crustacea","Malacostraca","Eumalacostraca",,"Peracarida","Amphipoda","Gammaridea",,,"Hyalellidae",,,,"Hyalella","sp.",,"none",1,,5,4,120,"N","N",,"condition OK","Y",,"Thorp and Covich 2001","N","EcoAnalysts Inc.","A. Navesky",,,
"828be8b2-c564-4632-88ac-be402919a9d2","D03","BARC","BARC.AOS.riparian.point.09","2019-11-06T13:21Z","2020-03-16","BARC.20191106.BENTHICSWEEP.9","A00000128999",,"CHISP6","Y","Chironomini sp.",,"tribe","Arthropoda","Hexapoda","Insecta","Pterygota","Neoptera","Holometabola","Diptera","Nematocera","Culicomorpha",,"Chironomidae","Chironominae","Chironomini",,,"sp.",,"larva",1,,34,8,435,"Y","N",,"condition OK","N",,"Epler 2001","N","EcoAnalysts Inc.","G. Wallace",,,
"ef6b0f97-0f5e-443a-8cfc-f7ab419c35a7","D03","BARC","BARC.AOS.riparian.point.09","2019-11-06T13:21Z","2020-03-16","BARC.20191106.BENTHICSWEEP.9","A00000128999",,"TRISP18","Y","Tribelos sp.",,"genus","Arthropoda","Hexapoda","Insecta","Pterygota","Neoptera","Holometabola","Diptera","Nematocera","Culicomorpha",,"Chironomidae","Chironominae","Chironomini",,"Tribelos","sp.",,"larva",1,,3,8,38,"N","N",,"condition OK","Y",,"Epler 2001","N","EcoAnalysts Inc.","G. Wallace","0ld Genus 3",,
"588881b6-2048-4a70-9e27-d1f38d54e329","D03","BARC","BARC.AOS.littoral1","2019-11-06T13:21Z","2020-03-12","BARC.20191106.PONAR.2","A00000128993",,"CLASP5","Y","Cladopelma sp.",,"genus","Arthropoda","Hexapoda","Insecta","Pterygota","Neoptera","Holometabola","Diptera","Nematocera","Culicomorpha",,"Chironomidae","Chironominae","Chironomini",,"Cladopelma","sp.",,"larva",3,"3b",1,100,1,"N","N",,"condition OK","Y",,"Epler 2001","N","EcoAnalysts Inc.","G. Wallace","Fragment",,
"671e4305-bb81-4906-8eeb-34c9ce656bc7","D03","BARC","BARC.AOS.buoy.c0","2019-11-06T13:21Z","2020-03-05","BARC.20191106.PONAR.1","A00000128992",,"CHASP13","Y","Chaoborus sp.",,"genus","Arthropoda","Hexapoda","Insecta","Pterygota","Neoptera","Holometabola","Diptera","Nematocera","Culicomorpha",,"Chaoboridae","Chaoborinae",,,"Chaoborus","sp.",,"larva",7,,16,94,17,"N","N",,"condition OK","Y",,"Merritt Cummins and Berg 2008","N","EcoAnalysts Inc.","A. Navesky",,,
"bedd67e5-873b-4760-8ece-ee5f4169f46d","D03","BARC","BARC.AOS.littoral1","2019-11-06T13:21Z","2020-03-12","BARC.20191106.PONAR.2","A00000128993",,"PROSP23","Y","Procladius sp.",,"genus","Arthropoda","Hexapoda","Insecta","Pterygota","Neoptera","Holometabola","Diptera","Nematocera","Culicomorpha",,"Chironomidae","Tanypodinae","Procladiini",,"Procladius","sp.",,"larva",2,,10,100,10,"N","N",,"condition OK","Y",,"Epler 2001","N","EcoAnalysts Inc.","G. Wallace",,,
"9ce64a25-f119-4ea7-b0f2-a55d38cb1503","D03","BARC","BARC.AOS.buoy.c0","2019-11-06T13:21Z","2020-03-05","BARC.20191106.PONAR.1","A00000128992","BARC.20191106.PONAR.1_OLIGOCHAETE_1/1","NAISP","Y","Naididae sp.","w/o cap setae","family","Annelida","Clitellata","Oligochaeta","Oligochaeta",,,"Tubificida",,,,"Naididae",,,,,"sp.",,"none",2,,3,94,3,"N","N",,"condition OK","N",,"Kathman and Brinkhurst 1998","N","EcoAnalysts Inc.","L. Flaherty",,,
"a993edfb-c1b0-4712-9f05-0500f46466ac","D03","BARC","BARC.AOS.littoral2","2019-11-06T13:21Z","2020-03-05","BARC.20191106.PONAR.3","A00000128995",,"CHISP8","Y","Chironomus sp.",,"genus","Arthropoda","Hexapoda","Insecta","Pterygota","Neoptera","Holometabola","Diptera","Nematocera","Culicomorpha",,"Chironomidae","Chironominae","Chironomini",,"Chironomus","sp.",,"larva",4,,3,100,3,"N","N",,"condition OK","Y",,"Epler 2001","N","EcoAnalysts Inc.","G. Wallace","old E. natchitochae",,
"9f7680bc-fd12-4cf5-a60b-f55ef308f3be","D03","BARC","BARC.AOS.riparian.point.07","2019-11-06T13:21Z","2020-03-16","BARC.20191106.BENTHICSWEEP.7","A00000128998",,"PENSP6","Y","Pentaneurini sp.",,"tribe","Arthropoda","Hexapoda","Insecta","Pterygota","Neoptera","Holometabola","Diptera","Nematocera","Culicomorpha",,"Chironomidae","Tanypodinae","Pentaneurini",,,"sp.",,"larva",1,,4,7,57,"Y","N",,"condition OK","N",,"Epler 2001","Y","EcoAnalysts Inc.","G. Wallace",,,
"ba8fdbf9-dc8f-4ffe-b654-a8124cf2419b","D03","BARC","BARC.AOS.riparian.point.09","2019-11-06T13:21Z","2020-03-16","BARC.20191106.BENTHICSWEEP.9","A00000128999",,"EPHSP","Y","Ephemeroptera sp.",,"order","Arthropoda","Hexapoda","Insecta","Pterygota","Palaeoptera",,"Ephemeroptera",,,,,,,,,"sp.",,"larva",1,,8,8,102,"Y","N",,"condition OK","N",,"Merritt and Cummins 2008","N","EcoAnalysts Inc.","A. Navesky",,,
"55dc9ee2-aaf1-4ad1-b70a-7ed86dd482d6","D03","BARC","BARC.AOS.buoy.c0","2019-11-06T13:21Z","2020-03-05","BARC.20191106.PONAR.1","A00000128992",,"TANSP11","Y","Tanytarsus sp.",,"genus","Arthropoda","Hexapoda","Insecta","Pterygota","Neoptera","Holometabola","Diptera","Nematocera","Culicomorpha",,"Chironomidae","Chironominae","Tanytarsini",,"Tanytarsus","sp.",,"pupa",4,,2,94,2,"N","N",,"condition OK","Y",,"Epler 2001","N","EcoAnalysts Inc.","G. Wallace",,,
"b1ddf8a2-f886-4dc6-b245-0a01b265759a","D03","BARC","BARC.AOS.buoy.c0","2019-11-06T13:21Z","2020-03-05","BARC.20191106.PONAR.1","A00000128992",,"TANSP11","Y","Tanytarsus sp.",,"genus","Arthropoda","Hexapoda","Insecta","Pterygota","Neoptera","Holometabola","Diptera","Nematocera","Culicomorpha",,"Chironomidae","Chironominae","Tanytarsini",,"Tanytarsus","sp.",,"larva",3,"3a",4,94,4,"N","N",,"condition OK","Y",,"Epler 2001","N","EcoAnalysts Inc.","G. Wallace","Fragment",,
"a34fc142-7bb6-4952-b51e-5f0687b616ed","D03","BARC","BARC.AOS.riparian.point.01","2019-11-06T13:21Z","2020-03-12","BARC.20191106.BENTHICSWEEP.1","A00000128996",,"TRISP18","Y","Tribelos sp.",,"genus","Arthropoda","Hexapoda","Insecta","Pterygota","Neoptera","Holometabola","Diptera","Nematocera","Culicomorpha",,"Chironomidae","Chironominae","Chironomini",,"Tribelos","sp.",,"larva",1,"1b",1,8,13,"N","N",,"condition OK","Y",,"Epler 2001","N","EcoAnalysts Inc.","G. Wallace","old Genus 23",,
"106746a9-04b2-4af9-b697-539fd57c92bc","D03","BARC","BARC.AOS.riparian.point.03","2019-11-06T13:21Z","2020-03-12","BARC.20191106.BENTHICSWEEP.3","A00000129000",,"CLASP6","Y","Cladotanytarsus sp.",,"genus","Arthropoda","Hexapoda","Insecta","Pterygota","Neoptera","Holometabola","Diptera","Nematocera","Culicomorpha",,"Chironomidae","Chironominae","Tanytarsini",,"Cladotanytarsus","sp.",,"larva",2,,3,10,29,"N","N",,"condition OK","Y",,"Epler 2001","N","EcoAnalysts Inc.","G. Wallace",,,
"3ff23034-cd39-42d4-9073-f8ec07179e5c","D03","BARC","BARC.AOS.riparian.point.09","2019-11-06T13:21Z","2020-03-16","BARC.20191106.BENTHICSWEEP.9","A00000128999",,"CERSP10","Y","Ceratopogoninae sp.",,"subfamily","Arthropoda","Hexapoda","Insecta","Pterygota","Neoptera","Holometabola","Diptera","Nematocera","Culicomorpha",,"Ceratopogonidae","Ceratopogoninae",,,,"sp.",,"larva",3,,1,8,13,"N","Y",,"condition OK","Y",,"Merritt and Cummins 2008","N","EcoAnalysts Inc.","A. Navesky",,,
"afa5d7f6-01a0-4b28-88f9-021978a7c4f4","D03","BARC","BARC.AOS.buoy.c0","2019-11-06T13:21Z","2020-03-05","BARC.20191106.PONAR.1","A00000128992","BARC.20191106.PONAR.1_OLIGOCHAETE_1/1","LIMHOF","Y","Limnodrilus hoffmeisteri",,"species","Annelida","Clitellata","Oligochaeta","Oligochaeta",,,"Tubificida",,,,"Naididae","Tubificinae",,,"Limnodrilus","hoffmeisteri",,"none",10,,1,94,1,"N","N",,"condition OK","Y",,"Kathman and Brinkhurst 1999","N","EcoAnalysts Inc.","L. Flaherty",,,
"712a392e-7b93-496c-a40f-d4407cb79b9a","D03","BARC","BARC.AOS.littoral1","2019-11-06T13:21Z","2020-03-12","BARC.20191106.PONAR.2","A00000128993",,"CLASP6","Y","Cladotanytarsus sp.",,"genus","Arthropoda","Hexapoda","Insecta","Pterygota","Neoptera","Holometabola","Diptera","Nematocera","Culicomorpha",,"Chironomidae","Chironominae","Tanytarsini",,"Cladotanytarsus","sp.",,"pupa",2,,1,100,1,"N","N",,"condition OK","Y",,"Epler 2001","N","EcoAnalysts Inc.","G. Wallace",,,
"8dadb8cd-953a-4908-a320-0f8aee9c0c01","D03","BARC","BARC.AOS.riparian.point.03","2019-11-06T13:21Z","2020-03-12","BARC.20191106.BENTHICSWEEP.3","A00000129000",,"CLASP6","Y","Cladotanytarsus sp.",,"genus","Arthropoda","Hexapoda","Insecta","Pterygota","Neoptera","Holometabola","Diptera","Nematocera","Culicomorpha",,"Chironomidae","Chironominae","Tanytarsini",,"Cladotanytarsus","sp.",,"larva",1,,4,10,38,"N","N",,"condition OK","Y",,"Epler 2001","N","EcoAnalysts Inc.","G. Wallace",,,
"f582bd53-afc3-4cc2-b6e8-21c46c3c65f1","D03","BARC","BARC.AOS.littoral2","2019-11-06T13:21Z","2020-03-05","BARC.20191106.PONAR.3","A00000128995","BARC.20191106.PONAR.3_OLIGOCHAETE_1/2|BARC.20191106.PONAR.3_OLIGOCHAETE_2/2","NAISP","Y","Naididae sp.","w/o cap setae","family","Annelida","Clitellata","Oligochaeta","Oligochaeta",,,"Tubificida",,,,"Naididae",,,,,"sp.",,"none",12,,1,100,1,"N","N",,"condition OK","Y",,"Kathman and Brinkhurst 1998","N","EcoAnalysts Inc.","L. Flaherty",,,
"18f38fb1-a4ef-42ed-8edf-fddde213d417","D03","BARC","BARC.AOS.buoy.c0","2019-11-06T13:21Z","2020-03-05","BARC.20191106.PONAR.1","A00000128992","BARC.20191106.PONAR.1_OLIGOCHAETE_1/1","NAISP","Y","Naididae sp.","w/o cap setae","family","Annelida","Clitellata","Oligochaeta","Oligochaeta",,,"Tubificida",,,,"Naididae",,,,,"sp.",,"none",20,,1,94,1,"N","N",,"condition OK","N",,"Kathman and Brinkhurst 1998","N","EcoAnalysts Inc.","L. Flaherty",,,
"132a5667-c5f5-4665-9b9c-5f60eed0b48f","D03","BARC","BARC.AOS.riparian.point.09","2019-11-06T13:21Z","2020-03-16","BARC.20191106.BENTHICSWEEP.9","A00000128999",,"OXUSP","Y","Oxus sp.",,"genus","Arthropoda","Chelicerata","Arachnida","Acari",,"Acariformes","Trombidiformes","Prostigmata",,"Lebertioidea","Oxidae",,,,"Oxus","sp.",,"none",1,,1,8,13,"N","N",,"condition OK","Y",,"Thorp and Covich 2001","N","EcoAnalysts Inc.","A. Navesky",,,
"521f2fd1-6626-4cdf-a21b-3c52581b8e82","D03","BARC","BARC.AOS.riparian.point.03","2019-11-06T13:21Z","2020-03-12","BARC.20191106.BENTHICSWEEP.3","A00000129000",,"CHISP8","Y","Chironomus sp.",,"genus","Arthropoda","Hexapoda","Insecta","Pterygota","Neoptera","Holometabola","Diptera","Nematocera","Culicomorpha",,"Chironomidae","Chironominae","Chironomini",,"Chironomus","sp.",,"larva",3,,4,10,38,"N","N",,"condition OK","Y",,"Epler 2001","N","EcoAnalysts Inc.","G. Wallace",,,
"0e987c5d-901e-4128-8114-44ddcb622729","D03","BARC","BARC.AOS.riparian.point.03","2019-11-06T13:21Z","2020-03-12","BARC.20191106.BENTHICSWEEP.3","A00000129000",,"CAESP2","Y","Caenidae sp.",,"family","Arthropoda","Hexapoda","Insecta","Pterygota","Palaeoptera",,"Ephemeroptera","Furcatergalia","Pannota","Caenoidea","Caenidae",,,,,"sp.",,"larva",1,,7,10,67,"Y","N",,"condition OK","N",,"Merritt and Cummins 2008","N","EcoAnalysts Inc.","A. Navesky",,,
"cb5e7d2e-a3be-432d-a795-7b80dbd883f0","D03","BARC","BARC.AOS.riparian.point.05","2019-11-06T13:21Z","2020-03-12","BARC.20191106.BENTHICSWEEP.5","A00000128997","BARC.20191106.BENTHICSWEEP.5_OLIGOCHAETE_1/1","DERSP4","Y","Dero sp.",,"genus","Annelida","Clitellata","Oligochaeta","Oligochaeta",,,"Tubificida",,,,"Naididae","Naidinae",,,"Dero","sp.",,"none",2,,2,4,48,"N","N",,"condition OK","Y",,"Kathman and Brinkhurst 1999","N","EcoAnalysts Inc.","L. Flaherty",,,
"78c2ae8b-418e-4254-9f6a-ad13f2a045c1","D03","BARC","BARC.AOS.littoral1","2019-11-06T13:21Z","2020-03-12","BARC.20191106.PONAR.2","A00000128993",,"HYDSP5","Y","Hydroptilidae sp.",,"family","Arthropoda","Hexapoda","Insecta","Pterygota","Neoptera","Holometabola","Trichoptera",,,"Hydroptiloidea","Hydroptilidae",,,,,"sp.",,"pupa",1,,2,100,2,"N","Y",,"condition OK","Y",,"Wiggins 1996","N","EcoAnalysts Inc.","A. Navesky",,,
"13310a4f-86d6-4a57-8665-47ba24ea8e91","D03","BARC","BARC.AOS.riparian.point.01","2019-11-06T13:21Z","2020-03-12","BARC.20191106.BENTHICSWEEP.1","A00000128996",,"COESP","Y","Coenagrionidae sp.",,"family","Arthropoda","Hexapoda","Insecta","Pterygota","Palaeoptera",,"Odonata","Zygoptera",,,"Coenagrionidae",,,,,"sp.",,"larva",2,,1,8,13,"Y","N",,"condition OK","Y",,"Westfall and May 1996","N","EcoAnalysts Inc.","A. Navesky",,,
"a87b010b-f5db-4890-876e-007cbfb23ba3","D03","BARC","BARC.AOS.littoral1","2019-11-06T13:21Z","2020-03-12","BARC.20191106.PONAR.2","A00000128993",,"HYASP2","Y","Hyalella sp.",,"genus","Arthropoda","Crustacea","Malacostraca","Eumalacostraca",,"Peracarida","Amphipoda","Gammaridea",,,"Hyalellidae",,,,"Hyalella","sp.",,"none",2,,1,100,1,"N","N",,"condition OK","Y",,"Thorp and Covich 2001","N","EcoAnalysts Inc.","A. Navesky",,,
"18a4c5fb-1c0c-4daa-a8c9-c850f5a64ec6","D03","BARC","BARC.AOS.littoral2","2019-11-06T13:21Z","2020-03-05","BARC.20191106.PONAR.3","A00000128995","6990.19-8","HIRSP","Y","Hirudinida sp.",,"subclass","Annelida",,"Clitellata","Hirudinea",,,,,,,,,,,,"sp.",,"none",1,,8,100,8,"N","N",,"condition OK","Y",,"Kathman and Brinkhurst 1998","N","EcoAnalysts Inc.","L. Flaherty","1in RC; RC#1 ID by John",,
"1efe2ae8-a2fe-422f-b0a7-1dff97d07413","D03","BARC","BARC.AOS.riparian.point.03","2019-11-06T13:21Z","2020-03-12","BARC.20191106.BENTHICSWEEP.3","A00000129000",,"CERSP10","Y","Ceratopogoninae sp.",,"subfamily","Arthropoda","Hexapoda","Insecta","Pterygota","Neoptera","Holometabola","Diptera","Nematocera","Culicomorpha",,"Ceratopogonidae","Ceratopogoninae",,,,"sp.",,"larva",4,,1,10,10,"N","Y",,"condition OK","Y",,"Merritt and Cummins 2008","N","EcoAnalysts Inc.","A. Navesky",,,
"12ce76fa-022d-47f1-849d-5eaa2ad8d67c","D03","BARC","BARC.AOS.buoy.c0","2019-11-06T13:21Z","2020-03-05","BARC.20191106.PONAR.1","A00000128992",,"CHISP8","Y","Chironomus sp.",,"genus","Arthropoda","Hexapoda","Insecta","Pterygota","Neoptera","Holometabola","Diptera","Nematocera","Culicomorpha",,"Chironomidae","Chironominae","Chironomini",,"Chironomus","sp.",,"larva",3,"3b",9,94,10,"N","N",,"condition OK","Y",,"Epler 2001","N","EcoAnalysts Inc.","G. Wallace","od. e. natchitochae",,
"a07a174e-4512-4c09-b6ea-d39d8c56697d","D03","BARC","BARC.AOS.littoral1","2019-11-06T13:21Z","2020-03-12","BARC.20191106.PONAR.2","A00000128993",,"CLASP6","Y","Cladotanytarsus sp.",,"genus","Arthropoda","Hexapoda","Insecta","Pterygota","Neoptera","Holometabola","Diptera","Nematocera","Culicomorpha",,"Chironomidae","Chironominae","Tanytarsini",,"Cladotanytarsus","sp.",,"larva",5,,1,100,1,"N","N",,"condition OK","Y",,"Epler 2001","N","EcoAnalysts Inc.","G. Wallace",,,
"9bcb42f7-20ab-42ac-b023-fde15ea9e3d0","D03","BARC","BARC.AOS.littoral1","2019-11-06T13:21Z","2020-03-12","BARC.20191106.PONAR.2","A00000128993",,"PIOSP","Y","Pionidae sp.",,"family","Arthropoda","Chelicerata","Arachnida","Acari",,"Acariformes","Trombidiformes","Prostigmata",,"Hygrobatoidea","Pionidae",,,,,"sp.",,"none",1,,1,100,1,"Y","N",,"condition OK","Y",,"Thorp and Covich 2001","N","EcoAnalysts Inc.","A. Navesky",,,
"98366ea9-744b-4fe6-9f62-a1948da27ba8","D03","BARC","BARC.AOS.riparian.point.09","2019-11-06T13:21Z","2020-03-16","BARC.20191106.BENTHICSWEEP.9","A00000128999",,"TANSP11","Y","Tanytarsus sp.",,"genus","Arthropoda","Hexapoda","Insecta","Pterygota","Neoptera","Holometabola","Diptera","Nematocera","Culicomorpha",,"Chironomidae","Chironominae","Tanytarsini",,"Tanytarsus","sp.",,"larva",2,,1,8,13,"N","N",,"condition OK","Y",,"Epler 2001","N","EcoAnalysts Inc.","G. Wallace",,,
"15ebb870-7331-4c73-a594-5004b3e95b54","D03","BARC","BARC.AOS.riparian.point.07","2019-11-06T13:21Z","2020-03-16","BARC.20191106.BENTHICSWEEP.7","A00000128998",,"HYASP2","Y","Hyalella sp.",,"genus","Arthropoda","Crustacea","Malacostraca","Eumalacostraca",,"Peracarida","Amphipoda","Gammaridea",,,"Hyalellidae",,,,"Hyalella","sp.",,"none",2,,17,7,242,"N","N",,"condition OK","Y",,"Thorp and Covich 2001","Y","EcoAnalysts Inc.","A. Navesky",,,
"bc4ce7e6-34ce-4cbb-92b0-151d40be4ec8","D03","BARC","BARC.AOS.riparian.point.09","2019-11-06T13:21Z","2020-03-16","BARC.20191106.BENTHICSWEEP.9","A00000128999","BARC.20191106.BENTHICSWEEP.9_OLIGOCHAETE_1/1","PRISP1","Y","Pristina sp.",,"genus","Annelida","Clitellata","Oligochaeta","Oligochaeta",,,"Tubificida",,,,"Naididae","Pristininae",,,"Pristina","sp.",,"none",1,,18,8,230,"N","N",,"condition OK","Y",,"Kathman and Brinkhurst 1998","N","EcoAnalysts Inc.","L. Flaherty",,,
"d941556f-4d86-4b4c-a81e-1b76e2009727","D03","BARC","BARC.AOS.riparian.point.03","2019-11-06T13:21Z","2020-03-12","BARC.20191106.BENTHICSWEEP.3","A00000129000",,"ZAVMAR","Y","Zavreliella marmorata",,"species","Arthropoda","Hexapoda","Insecta","Pterygota","Neoptera","Holometabola","Diptera","Nematocera","Culicomorpha",,"Chironomidae","Chironominae","Tanytarsini",,"Zavreliella","marmorata",,"larva",1,,1,10,10,"N","N",,"condition OK","Y",,"Epler 2001","N","EcoAnalysts Inc.","G. Wallace",,,
"c783be64-b8a7-417d-9fb1-6c87bc2a27d4","D03","BARC","BARC.AOS.riparian.point.01","2019-11-06T13:21Z","2020-03-12","BARC.20191106.BENTHICSWEEP.1","A00000128996","BARC.20191106.BENTHICSWEEP.1_OLIGOCHAETE_1/1","DERSP4","Y","Dero sp.",,"genus","Annelida","Clitellata","Oligochaeta","Oligochaeta",,,"Tubificida",,,,"Naididae","Naidinae",,,"Dero","sp.",,"none",3,,1,8,13,"N","N",,"condition OK","Y",,"Kathman and Brinkhurst 1999","N","EcoAnalysts Inc.","L. Flaherty",,,
"0680e2b8-60db-40ea-ab17-548612d6b7bb","D03","BARC","BARC.AOS.riparian.point.03","2019-11-06T13:21Z","2020-03-12","BARC.20191106.BENTHICSWEEP.3","A00000129000",,"LABSP","Y","Labrundinia sp.",,"genus","Arthropoda","Hexapoda","Insecta","Pterygota","Neoptera","Holometabola","Diptera","Nematocera","Culicomorpha",,"Chironomidae","Tanypodinae","Pentaneurini",,"Labrundinia","sp.",,"larva",1,"1a",4,10,38,"N","N",,"condition OK","Y",,"Epler 2001","N","EcoAnalysts Inc.","G. Wallace",,,
"4bdcba55-9909-4949-ad12-6bd232b5c85d","D03","BARC","BARC.AOS.riparian.point.03","2019-11-06T13:21Z","2020-03-12","BARC.20191106.BENTHICSWEEP.3","A00000129000",,"PENSP6","Y","Pentaneurini sp.",,"tribe","Arthropoda","Hexapoda","Insecta","Pterygota","Neoptera","Holometabola","Diptera","Nematocera","Culicomorpha",,"Chironomidae","Tanypodinae","Pentaneurini",,,"sp.",,"larva",1,,3,10,29,"Y","N",,"condition OK","N",,"Epler 2001","N","EcoAnalysts Inc.","G. Wallace",,,
"4d5c918c-3ab1-415d-b0ed-469f77a5cdc9","D03","BARC","BARC.AOS.riparian.point.09","2019-11-06T13:21Z","2020-03-16","BARC.20191106.BENTHICSWEEP.9","A00000128999",,"CORSP37","Y","Corduliidae/Libellulidae sp.",,"speciesGroup","Arthropoda","Hexapoda","Insecta","Pterygota","Palaeoptera",,"Odonata","Anisoptera",,,"Corduliidae/Libellulidae",,,,"Corduliidae/Libellulidae","sp.",,"larva",2,,2,8,26,"Y","N",,"condition OK","Y",,"Needham Westfall and May 2000","N","EcoAnalysts Inc.","A. Navesky",,,
"3d6f1ee1-b078-4a4e-916f-fcf2a970c31b","D03","BARC","BARC.AOS.riparian.point.09","2019-11-06T13:21Z","2020-03-16","BARC.20191106.BENTHICSWEEP.9","A00000128999",,"TRISP18","Y","Tribelos sp.",,"genus","Arthropoda","Hexapoda","Insecta","Pterygota","Neoptera","Holometabola","Diptera","Nematocera","Culicomorpha",,"Chironomidae","Chironominae","Chironomini",,"Tribelos","sp.",,"larva",2,,2,8,26,"N","N",,"condition OK","Y",,"Epler 2001","N","EcoAnalysts Inc.","G. Wallace","0ld Genus 3",,
"4fd67da1-126b-48fd-b913-18ffc5159fad","D03","BARC","BARC.AOS.riparian.point.07","2019-11-06T13:21Z","2020-03-16","BARC.20191106.BENTHICSWEEP.7","A00000128998",,"DASSP2","Y","Dasyhelea sp.",,"genus","Arthropoda","Hexapoda","Insecta","Pterygota","Neoptera","Holometabola","Diptera","Nematocera","Culicomorpha",,"Ceratopogonidae","Dasyheleinae",,,"Dasyhelea","sp.",,"larva",1,,2,7,28,"N","N",,"condition OK","Y",,"Merritt and Cummins 2008","Y","EcoAnalysts Inc.","A. Navesky",,,
"d0c73456-62f8-491b-9cda-d0f9fda11f25","D03","BARC","BARC.AOS.buoy.c0","2019-11-06T13:21Z","2020-03-05","BARC.20191106.PONAR.1","A00000128992",,"HYASP2","Y","Hyalella sp.",,"genus","Arthropoda","Crustacea","Malacostraca","Eumalacostraca",,"Peracarida","Amphipoda","Gammaridea",,,"Hyalellidae",,,,"Hyalella","sp.",,"none",2,,6,94,6,"N","N",,"condition OK","Y",,"Thorp and Covich 2001","N","EcoAnalysts Inc.","A. Navesky",,,
"ff684975-dbd3-4c02-bc87-3bd3dc05a795","D03","BARC","BARC.AOS.riparian.point.05","2019-11-06T13:21Z","2020-03-12","BARC.20191106.BENTHICSWEEP.5","A00000128997",,"CLASP6","Y","Cladotanytarsus sp.",,"genus","Arthropoda","Hexapoda","Insecta","Pterygota","Neoptera","Holometabola","Diptera","Nematocera","Culicomorpha",,"Chironomidae","Chironominae","Tanytarsini",,"Cladotanytarsus","sp.",,"larva",1,,10,4,240,"N","N",,"condition OK","Y",,"Epler 2001","N","EcoAnalysts Inc.","G. Wallace",,,
"cb80aa4d-4298-45a6-a9cd-128456d09764","D03","BARC","BARC.AOS.littoral2","2019-11-06T13:21Z","2020-03-05","BARC.20191106.PONAR.3","A00000128995","BARC.20191106.PONAR.3_OLIGOCHAETE_1/2|BARC.20191106.PONAR.3_OLIGOCHAETE_2/2","NAISP","Y","Naididae sp.","w/o cap setae","family","Annelida","Clitellata","Oligochaeta","Oligochaeta",,,"Tubificida",,,,"Naididae",,,,,"sp.",,"none",7,,1,100,1,"N","N",,"condition OK","Y",,"Kathman and Brinkhurst 1998","N","EcoAnalysts Inc.","L. Flaherty",,,
"d8864d29-d4a9-49f2-b8fe-e0fdb691d2b5","D03","BARC","BARC.AOS.riparian.point.05","2019-11-06T13:21Z","2020-03-12","BARC.20191106.BENTHICSWEEP.5","A00000128997",,"NEMSP","Y","Nematoda sp.",,"phylum","Nematoda",,,,,,,,,,,,,,,"sp.",,"none",1,,50,4,1200,"N","N",,"condition OK","Y",,"Thorp and Covich 2001","N","EcoAnalysts Inc.","A. Navesky",,,
"abd3d660-bfd1-4a18-92d2-a8714c664ad6","D03","BARC","BARC.AOS.riparian.point.03","2019-11-06T13:21Z","2020-03-12","BARC.20191106.BENTHICSWEEP.3","A00000129000",,"TANSP11","Y","Tanytarsus sp.",,"genus","Arthropoda","Hexapoda","Insecta","Pterygota","Neoptera","Holometabola","Diptera","Nematocera","Culicomorpha",,"Chironomidae","Chironominae","Tanytarsini",,"Tanytarsus","sp.",,"larva",2,,4,10,38,"N","N",,"condition OK","Y",,"Epler 2001","N","EcoAnalysts Inc.","G. Wallace",,,
"45e0d371-72e3-430e-b1f5-f2e9c0a1f695","D03","BARC","BARC.AOS.riparian.point.07","2019-11-06T13:21Z","2020-03-16","BARC.20191106.BENTHICSWEEP.7","A00000128998",,"ABLSP","Y","Ablabesmyia sp.",,"genus","Arthropoda","Hexapoda","Insecta","Pterygota","Neoptera","Holometabola","Diptera","Nematocera","Culicomorpha",,"Chironomidae","Tanypodinae","Pentaneurini",,"Ablabesmyia","sp.",,"larva",3,,1,7,14,"Y","N",,"condition OK","N",,"Roback 1985; Epler 2001","Y","EcoAnalysts Inc.","G. Wallace",,,
"ee28759c-b5ed-488a-843a-206c95af6e6c","D03","BARC","BARC.AOS.riparian.point.03","2019-11-06T13:21Z","2020-03-12","BARC.20191106.BENTHICSWEEP.3","A00000129000",,"EPHSP","Y","Ephemeroptera sp.",,"order","Arthropoda","Hexapoda","Insecta","Pterygota","Palaeoptera",,"Ephemeroptera",,,,,,,,,"sp.",,"larva",1,,2,10,19,"Y","N",,"condition OK","N",,"Merritt and Cummins 2008","N","EcoAnalysts Inc.","A. Navesky",,,
"a9f8dd3a-3055-4852-8226-99d089c596cd","D03","BARC","BARC.AOS.littoral2","2019-11-06T13:21Z","2020-03-05","BARC.20191106.PONAR.3","A00000128995",,"PROSP23","Y","Procladius sp.",,"genus","Arthropoda","Hexapoda","Insecta","Pterygota","Neoptera","Holometabola","Diptera","Nematocera","Culicomorpha",,"Chironomidae","Tanypodinae","Procladiini",,"Procladius","sp.",,"larva",6,,1,100,1,"N","N",,"condition OK","Y",,"Epler 2001","N","EcoAnalysts Inc.","G. Wallace",,,
"19288d5b-a3b8-4207-a008-af9a35a1c04d","D03","BARC","BARC.AOS.riparian.point.03","2019-11-06T13:21Z","2020-03-12","BARC.20191106.BENTHICSWEEP.3","A00000129000",,"ARRSP2","Y","Arrenurus sp.",,"genus","Arthropoda","Chelicerata","Arachnida","Acari",,"Acariformes","Trombidiformes","Prostigmata",,"Arrenuroidea","Arrenuridae",,,,"Arrenurus","sp.",,"none",1,,1,10,10,"N","N",,"condition OK","Y",,"Thorp and Covich 2001","N","EcoAnalysts Inc.","A. Navesky",,,
"ee7fa40a-7179-4c5a-bff0-fdb397471af2","D03","BARC","BARC.AOS.riparian.point.09","2019-11-06T13:21Z","2020-03-16","BARC.20191106.BENTHICSWEEP.9","A00000128999",,"LABSP","Y","Labrundinia sp.",,"genus","Arthropoda","Hexapoda","Insecta","Pterygota","Neoptera","Holometabola","Diptera","Nematocera","Culicomorpha",,"Chironomidae","Tanypodinae","Pentaneurini",,"Labrundinia","sp.",,"larva",5,,3,8,38,"N","N",,"condition OK","Y",,"Epler 2001","N","EcoAnalysts Inc.","G. Wallace",,,
"94d0ba10-13fa-4195-a7e1-b47364ef1f0e","D03","BARC","BARC.AOS.riparian.point.09","2019-11-06T13:21Z","2020-03-16","BARC.20191106.BENTHICSWEEP.9","A00000128999",,"PARSP30","Y","Parachironomus sp.",,"genus","Arthropoda","Hexapoda","Insecta","Pterygota","Neoptera","Holometabola","Diptera","Nematocera","Culicomorpha",,"Chironomidae","Chironominae","Chironomini",,"Parachironomus","sp.",,"larva",1,,6,8,77,"N","N",,"condition OK","Y",,"Epler 2001","N","EcoAnalysts Inc.","G. Wallace",,,
"e2725bb2-80fe-4111-9162-73a39a9728d0","D03","BARC","BARC.AOS.riparian.point.03","2019-11-06T13:21Z","2020-03-12","BARC.20191106.BENTHICSWEEP.3","A00000129000",,"CERSP10","Y","Ceratopogoninae sp.",,"subfamily","Arthropoda","Hexapoda","Insecta","Pterygota","Neoptera","Holometabola","Diptera","Nematocera","Culicomorpha",,"Ceratopogonidae","Ceratopogoninae",,,,"sp.",,"larva",2,,2,10,19,"N","Y",,"condition OK","Y",,"Merritt and Cummins 2008","N","EcoAnalysts Inc.","A. Navesky",,,
"505ef2c2-a5ce-4a51-86ec-9d288fc17504","D03","BARC","BARC.AOS.littoral2","2019-11-06T13:21Z","2020-03-05","BARC.20191106.PONAR.3","A00000128995",,"CHASP13","Y","Chaoborus sp.",,"genus","Arthropoda","Hexapoda","Insecta","Pterygota","Neoptera","Holometabola","Diptera","Nematocera","Culicomorpha",,"Chaoboridae","Chaoborinae",,,"Chaoborus","sp.",,"larva",8,,1,100,1,"N","N",,"condition OK","Y",,"Merritt Cummins and Berg 2008","N","EcoAnalysts Inc.","A. Navesky",,,
"09f94444-43fc-4400-aedd-2fb1d9a8db3f","D03","BARC","BARC.AOS.littoral1","2019-11-06T13:21Z","2020-03-12","BARC.20191106.PONAR.2","A00000128993",,"ZAVMAR","Y","Zavreliella marmorata",,"species","Arthropoda","Hexapoda","Insecta","Pterygota","Neoptera","Holometabola","Diptera","Nematocera","Culicomorpha",,"Chironomidae","Chironominae","Tanytarsini",,"Zavreliella","marmorata",,"larva",2,,2,100,2,"N","N",,"condition OK","Y",,"Epler 2001","N","EcoAnalysts Inc.","G. Wallace",,,
"e6305045-0fb6-49c0-a5e0-43a5dccaf74b","D03","BARC","BARC.AOS.littoral2","2019-11-06T13:21Z","2020-03-05","BARC.20191106.PONAR.3","A00000128995",,"CHISP8","Y","Chironomus sp.",,"genus","Arthropoda","Hexapoda","Insecta","Pterygota","Neoptera","Holometabola","Diptera","Nematocera","Culicomorpha",,"Chironomidae","Chironominae","Chironomini",,"Chironomus","sp.",,"larva",6,,1,100,1,"N","N",,"condition OK","Y",,"Epler 2001","N","EcoAnalysts Inc.","G. Wallace","old E. natchitochae",,
"3dc4c289-43ea-4124-834b-788c4cc138d8","D03","BARC","BARC.AOS.riparian.point.03","2019-11-06T13:21Z","2020-03-12","BARC.20191106.BENTHICSWEEP.3","A00000129000",,"CAESP5","Y","Caenis sp.",,"genus","Arthropoda","Hexapoda","Insecta","Pterygota","Palaeoptera",,"Ephemeroptera","Furcatergalia","Pannota","Caenoidea","Caenidae","Caeninae",,,"Caenis","sp.",,"larva",1,,3,10,29,"Y","N",,"condition OK","Y",,"Merritt and Cummins 2008","N","EcoAnalysts Inc.","A. Navesky",,,
"106e8085-1389-4439-8923-73f5b41972d9","D03","BARC","BARC.AOS.riparian.point.01","2019-11-06T13:21Z","2020-03-12","BARC.20191106.BENTHICSWEEP.1","A00000128996",,"CLASP6","Y","Cladotanytarsus sp.",,"genus","Arthropoda","Hexapoda","Insecta","Pterygota","Neoptera","Holometabola","Diptera","Nematocera","Culicomorpha",,"Chironomidae","Chironominae","Tanytarsini",,"Cladotanytarsus","sp.",,"larva",1,,8,8,102,"N","N",,"condition OK","Y",,"Epler 2001","N","EcoAnalysts Inc.","G. Wallace",,,
"aeddd9a1-ca40-480b-9301-cc4a5baf723c","D03","BARC","BARC.AOS.littoral1","2019-11-06T13:21Z","2020-03-12","BARC.20191106.PONAR.2","A00000128993",,"POLSP13","Y","Polypedilum sp.",,"genus","Arthropoda","Hexapoda","Insecta","Pterygota","Neoptera","Holometabola","Diptera","Nematocera","Culicomorpha",,"Chironomidae","Chironominae","Chironomini",,"Polypedilum","sp.",,"larva",1,,1,100,1,"Y","N",,"condition OK","Y",,"Epler 2001 and Maschwitz and Cook 2000","N","EcoAnalysts Inc.","G. Wallace",,,
"1a7c69de-08c8-49d0-83dd-0e606dcea780","D03","BARC","BARC.AOS.buoy.c0","2019-11-06T13:21Z","2020-03-05","BARC.20191106.PONAR.1","A00000128992","BARC.20191106.PONAR.1_OLIGOCHAETE_1/1","NAISP","Y","Naididae sp.","w/o cap setae","family","Annelida","Clitellata","Oligochaeta","Oligochaeta",,,"Tubificida",,,,"Naididae",,,,,"sp.",,"none",5,"5a",2,94,2,"N","N",,"condition OK","N",,"Kathman and Brinkhurst 1998","N","EcoAnalysts Inc.","L. Flaherty","Fragment",,
"a7e8b94c-b1d9-43d9-b366-dc5fed08d9e3","D03","BARC","BARC.AOS.riparian.point.03","2019-11-06T13:21Z","2020-03-12","BARC.20191106.BENTHICSWEEP.3","A00000129000",,"OXYSP","Y","Oxyethira sp.",,"genus","Arthropoda","Hexapoda","Insecta","Pterygota","Neoptera","Holometabola","Trichoptera",,,"Hydroptiloidea","Hydroptilidae","Hydroptilinae","Hydroptilini",,"Oxyethira","sp.",,"larva",3,,1,10,10,"N","N",,"condition OK","Y",,"Wiggins 1996","N","EcoAnalysts Inc.","A. Navesky",,,
"094a1476-a1c6-4bb4-bdb9-3900893aa04d","D03","BARC","BARC.AOS.riparian.point.03","2019-11-06T13:21Z","2020-03-12","BARC.20191106.BENTHICSWEEP.3","A00000129000",,"PARSP30","Y","Parachironomus sp.",,"genus","Arthropoda","Hexapoda","Insecta","Pterygota","Neoptera","Holometabola","Diptera","Nematocera","Culicomorpha",,"Chironomidae","Chironominae","Chironomini",,"Parachironomus","sp.",,"larva",1,,4,10,38,"N","N",,"condition OK","Y",,"Epler 2001","N","EcoAnalysts Inc.","G. Wallace",,,
"5797e5bd-cf36-455f-8627-267a75297105","D03","BARC","BARC.AOS.buoy.c0","2019-11-06T13:21Z","2020-03-05","BARC.20191106.PONAR.1","A00000128992",,"ABLSP","Y","Ablabesmyia sp.",,"genus","Arthropoda","Hexapoda","Insecta","Pterygota","Neoptera","Holometabola","Diptera","Nematocera","Culicomorpha",,"Chironomidae","Tanypodinae","Pentaneurini",,"Ablabesmyia","sp.",,"larva",2,,1,94,1,"Y","N",,"condition OK","Y",,"Roback 1985; Epler 2001","N","EcoAnalysts Inc.","G. Wallace",,,
"36be1948-4dd0-4272-9797-2b5c3ab0e8f7","D03","BARC","BARC.AOS.buoy.c0","2019-11-06T13:21Z","2020-03-05","BARC.20191106.PONAR.1","A00000128992","BARC.20191106.PONAR.1_OLIGOCHAETE_1/1","NAISP","Y","Naididae sp.","w/o cap setae","family","Annelida","Clitellata","Oligochaeta","Oligochaeta",,,"Tubificida",,,,"Naididae",,,,,"sp.",,"none",4,"4a",1,94,1,"N","N",,"condition OK","N",,"Kathman and Brinkhurst 1998","N","EcoAnalysts Inc.","L. Flaherty","Fragment",,
"6c97fe52-909f-4314-ab5c-bf9010dc364b","D03","BARC","BARC.AOS.riparian.point.03","2019-11-06T13:21Z","2020-03-12","BARC.20191106.BENTHICSWEEP.3","A00000129000",,"PSESP19","Y","Psectrocladius sp.",,"genus","Arthropoda","Hexapoda","Insecta","Pterygota","Neoptera","Holometabola","Diptera","Nematocera","Culicomorpha",,"Chironomidae","Orthocladiinae",,,"Psectrocladius","sp.",,"larva",4,,1,10,10,"N","N",,"condition OK","Y",,"Epler 2001","N","EcoAnalysts Inc.","G. Wallace",,,
"4bbacc4b-2ca2-48da-9e19-405e54e3edc2","D03","BARC","BARC.AOS.littoral2","2019-11-06T13:21Z","2020-03-05","BARC.20191106.PONAR.3","A00000128995",,"TANSP11","Y","Tanytarsus sp.",,"genus","Arthropoda","Hexapoda","Insecta","Pterygota","Neoptera","Holometabola","Diptera","Nematocera","Culicomorpha",,"Chironomidae","Chironominae","Tanytarsini",,"Tanytarsus","sp.",,"larva",3,,2,100,2,"N","N",,"condition OK","Y",,"Epler 2001","N","EcoAnalysts Inc.","G. Wallace",,,
"41cddf12-1642-400d-8d1a-75f347e0aa55","D03","BARC","BARC.AOS.riparian.point.09","2019-11-06T13:21Z","2020-03-16","BARC.20191106.BENTHICSWEEP.9","A00000128999",,"DICSP7","Y","Dicrotendipes sp.",,"genus","Arthropoda","Hexapoda","Insecta","Pterygota","Neoptera","Holometabola","Diptera","Nematocera","Culicomorpha",,"Chironomidae","Chironominae","Chironomini",,"Dicrotendipes","sp.",,"larva",1,,1,8,13,"N","N",,"condition OK","Y",,"Epler 1987 1988 2001","N","EcoAnalysts Inc.","G. Wallace",,,
"d4f07023-87ae-4f3a-b865-6fc90935e257","D03","BARC","BARC.AOS.littoral1","2019-11-06T13:21Z","2020-03-12","BARC.20191106.PONAR.2","A00000128993",,"EPHSP","Y","Ephemeroptera sp.",,"order","Arthropoda","Hexapoda","Insecta","Pterygota","Palaeoptera",,"Ephemeroptera",,,,,,,,,"sp.",,"larva",1,,1,100,1,"Y","N",,"condition OK","Y",,"Merritt and Cummins 2008","N","EcoAnalysts Inc.","A. Navesky",,,
"7cd66d92-28b4-4393-9d9b-15499bc97857","D03","BARC","BARC.AOS.riparian.point.01","2019-11-06T13:21Z","2020-03-12","BARC.20191106.BENTHICSWEEP.1","A00000128996",,"DASSP2","Y","Dasyhelea sp.",,"genus","Arthropoda","Hexapoda","Insecta","Pterygota","Neoptera","Holometabola","Diptera","Nematocera","Culicomorpha",,"Ceratopogonidae","Dasyheleinae",,,"Dasyhelea","sp.",,"larva",2,,1,8,13,"N","N",,"condition OK","Y",,"Merritt and Cummins 2008","N","EcoAnalysts Inc.","A. Navesky",,,
"a897a277-59fc-4ee9-81d0-fddf10300b9e","D03","BARC","BARC.AOS.littoral1","2019-11-06T13:21Z","2020-03-12","BARC.20191106.PONAR.2","A00000128993","BARC.20191106.PONAR.2_OLIGOCHAETE_1/1","LIMHOF","Y","Limnodrilus hoffmeisteri",,"species","Annelida","Clitellata","Oligochaeta","Oligochaeta",,,"Tubificida",,,,"Naididae","Tubificinae",,,"Limnodrilus","hoffmeisteri",,"none",15,,1,100,1,"N","N",,"condition OK","Y",,"Kathman and Brinkhurst 1999","N","EcoAnalysts Inc.","L. Flaherty",,,
"a51a8d06-de0c-4908-be41-0bf94f32029f","D03","BARC","BARC.AOS.riparian.point.07","2019-11-06T13:21Z","2020-03-16","BARC.20191106.BENTHICSWEEP.7","A00000128998",,"POLSP13","Y","Polypedilum sp.",,"genus","Arthropoda","Hexapoda","Insecta","Pterygota","Neoptera","Holometabola","Diptera","Nematocera","Culicomorpha",,"Chironomidae","Chironominae","Chironomini",,"Polypedilum","sp.",,"larva",3,,2,7,28,"Y","N",,"condition OK","Y",,"Epler 2001 and Maschwitz and Cook 2000","Y","EcoAnalysts Inc.","G. Wallace","unique",,
"70989793-0c41-4a44-9793-352887b923c4","D03","BARC","BARC.AOS.littoral2","2019-11-06T13:21Z","2020-03-05","BARC.20191106.PONAR.3","A00000128995","BARC.20191106.PONAR.3_DICROTENDIPES SP.","DICSP7","Y","Dicrotendipes sp.",,"genus","Arthropoda","Hexapoda","Insecta","Pterygota","Neoptera","Holometabola","Diptera","Nematocera","Culicomorpha",,"Chironomidae","Chironominae","Chironomini",,"Dicrotendipes","sp.",,"larva",6,,2,100,2,"N","Y",,"condition OK","Y",,"Epler 1987 1988 2001","N","EcoAnalysts Inc.","G. Wallace","1in RC",,
"06c2d58c-5992-467f-8b6e-7d6051ff0f13","D03","BARC","BARC.AOS.littoral2","2019-11-06T13:21Z","2020-03-05","BARC.20191106.PONAR.3","A00000128995","BARC.20191106.PONAR.3_OLIGOCHAETE_1/2|BARC.20191106.PONAR.3_OLIGOCHAETE_2/2","NAISP","Y","Naididae sp.","w/o cap setae","family","Annelida","Clitellata","Oligochaeta","Oligochaeta",,,"Tubificida",,,,"Naididae",,,,,"sp.",,"none",14,,1,100,1,"N","N",,"condition OK","Y",,"Kathman and Brinkhurst 1998","N","EcoAnalysts Inc.","L. Flaherty",,,
"500251e2-408d-48a8-b9a4-7161d54c098a","D03","BARC","BARC.AOS.riparian.point.09","2019-11-06T13:21Z","2020-03-16","BARC.20191106.BENTHICSWEEP.9","A00000128999",,"POLSP13","Y","Polypedilum sp.",,"genus","Arthropoda","Hexapoda","Insecta","Pterygota","Neoptera","Holometabola","Diptera","Nematocera","Culicomorpha",,"Chironomidae","Chironominae","Chironomini",,"Polypedilum","sp.",,"larva",1,,2,8,26,"N","N",,"condition OK","Y",,"Epler 2001 and Maschwitz and Cook 2000","N","EcoAnalysts Inc.","G. Wallace",,,
"a0029fbf-5196-4f83-93a9-0e041ea3ce28","D03","BARC","BARC.AOS.buoy.c0","2019-11-06T13:21Z","2020-03-05","BARC.20191106.PONAR.1","A00000128992","BARC.20191106.PONAR.1_OLIGOCHAETE_1/1","NAISP","Y","Naididae sp.","w/o cap setae","family","Annelida","Clitellata","Oligochaeta","Oligochaeta",,,"Tubificida",,,,"Naididae",,,,,"sp.",,"none",7,"7a",4,94,4,"N","N",,"condition OK","N",,"Kathman and Brinkhurst 1998","N","EcoAnalysts Inc.","L. Flaherty",,,
"af99d3c0-f0af-403d-8ff3-191fea7f978e","D03","BARC","BARC.AOS.riparian.point.03","2019-11-06T13:21Z","2020-03-12","BARC.20191106.BENTHICSWEEP.3","A00000129000",,"TRISP18","Y","Tribelos sp.",,"genus","Arthropoda","Hexapoda","Insecta","Pterygota","Neoptera","Holometabola","Diptera","Nematocera","Culicomorpha",,"Chironomidae","Chironominae","Chironomini",,"Tribelos","sp.",,"larva",4,,1,10,10,"N","N",,"condition OK","Y",,"Epler 2001","N","EcoAnalysts Inc.","G. Wallace","old Genus 3",,
"f281d4f5-210c-4a32-a591-49cd2e5fb19e","D03","BARC","BARC.AOS.riparian.point.09","2019-11-06T13:21Z","2020-03-16","BARC.20191106.BENTHICSWEEP.9","A00000128999",,"HALSP1","Y","Halacaridae sp.",,"family","Arthropoda","Chelicerata","Arachnida","Acari",,"Acariformes","Trombidiformes","Prostigmata",,"Halacaroidea","Halacaridae",,,,,"sp.",,"none",1,,2,8,26,"N","N",,"condition OK","Y",,"Thorp and Covich 2001","N","EcoAnalysts Inc.","A. Navesky",,,
"7426b13d-4b8f-4283-a9d1-714dccdb8bec","D03","BARC","BARC.AOS.riparian.point.09","2019-11-06T13:21Z","2020-03-16","BARC.20191106.BENTHICSWEEP.9","A00000128999",,"PIOSP","Y","Pionidae sp.",,"family","Arthropoda","Chelicerata","Arachnida","Acari",,"Acariformes","Trombidiformes","Prostigmata",,"Hygrobatoidea","Pionidae",,,,,"sp.",,"none",1,,2,8,26,"N","Y",,"condition OK","Y",,"Thorp and Covich 2001","N","EcoAnalysts Inc.","A. Navesky","in molting process",,
"e4a9b932-f666-4ba3-b43e-19c7266a2af2","D03","BARC","BARC.AOS.riparian.point.07","2019-11-06T13:21Z","2020-03-16","BARC.20191106.BENTHICSWEEP.7","A00000128998","BARC.20191106.BENTHICSWEEP.7_OLIGOCHAETE_1/1","PRISP1","Y","Pristina sp.",,"genus","Annelida","Clitellata","Oligochaeta","Oligochaeta",,,"Tubificida",,,,"Naididae","Pristininae",,,"Pristina","sp.",,"none",1,,8,7,114,"N","N",,"condition OK","Y",,"Kathman and Brinkhurst 1998","Y","EcoAnalysts Inc.","L. Flaherty",,,
"b6a544f2-fc50-4c14-b666-81a461e56171","D03","BARC","BARC.AOS.riparian.point.01","2019-11-06T13:21Z","2020-03-12","BARC.20191106.BENTHICSWEEP.1","A00000128996",,"CAESP5","Y","Caenis sp.",,"genus","Arthropoda","Hexapoda","Insecta","Pterygota","Palaeoptera",,"Ephemeroptera","Furcatergalia","Pannota","Caenoidea","Caenidae","Caeninae",,,"Caenis","sp.",,"larva",1,,1,8,13,"Y","N",,"condition OK","Y",,"Merritt and Cummins 2008","N","EcoAnalysts Inc.","A. Navesky",,,
"0de9dd3a-1ed5-47ab-9fef-01e99ab8a06b","D03","BARC","BARC.AOS.riparian.point.01","2019-11-06T13:21Z","2020-03-12","BARC.20191106.BENTHICSWEEP.1","A00000128996",,"NEMSP","Y","Nematoda sp.",,"phylum","Nematoda",,,,,,,,,,,,,,,"sp.",,"none",3,,2,8,26,"N","Y",,"condition OK","Y",,"Thorp and Covich 2001","N","EcoAnalysts Inc.","A. Navesky",,,
"c046f964-2d3f-4a1a-8a0c-01cfd04f8669","D03","BARC","BARC.AOS.riparian.point.03","2019-11-06T13:21Z","2020-03-12","BARC.20191106.BENTHICSWEEP.3","A00000129000",,"POLSP13","Y","Polypedilum sp.",,"genus","Arthropoda","Hexapoda","Insecta","Pterygota","Neoptera","Holometabola","Diptera","Nematocera","Culicomorpha",,"Chironomidae","Chironominae","Chironomini",,"Polypedilum","sp.",,"larva",3,,1,10,10,"Y","N",,"condition OK","Y",,"Epler 2001 and Maschwitz and Cook 2000","N","EcoAnalysts Inc.","G. Wallace","unique",,
"4ec670da-c971-4383-b78c-2803edf3cfcd","D03","BARC","BARC.AOS.riparian.point.07","2019-11-06T13:21Z","2020-03-16","BARC.20191106.BENTHICSWEEP.7","A00000128998",,"PSESP18","Y","Pseudochironomus sp.",,"genus","Arthropoda","Hexapoda","Insecta","Pterygota","Neoptera","Holometabola","Diptera","Nematocera","Culicomorpha",,"Chironomidae","Chironominae","Pseudochironomini",,"Pseudochironomus","sp.",,"larva",3,,2,7,28,"N","N",,"condition OK","Y",,"Epler 2001","Y","EcoAnalysts Inc.","G. Wallace",,,
"30e7e41d-589d-4e1b-b8b1-520bb341663d","D03","BARC","BARC.AOS.riparian.point.07","2019-11-06T13:21Z","2020-03-16","BARC.20191106.BENTHICSWEEP.7","A00000128998",,"HYASP2","Y","Hyalella sp.",,"genus","Arthropoda","Crustacea","Malacostraca","Eumalacostraca",,"Peracarida","Amphipoda","Gammaridea",,,"Hyalellidae",,,,"Hyalella","sp.",,"none",3,,3,7,43,"N","N",,"condition OK","Y",,"Thorp and Covich 2001","Y","EcoAnalysts Inc.","A. Navesky",,,
"89824a4e-979c-4923-9bb1-aee6082e4e14","D03","BARC","BARC.AOS.littoral1","2019-11-06T13:21Z","2020-03-12","BARC.20191106.PONAR.2","A00000128993",,"NEMSP","Y","Nematoda sp.",,"phylum","Nematoda",,,,,,,,,,,,,,,"sp.",,"none",2,,37,100,37,"N","Y",,"condition OK","Y",,"Thorp and Covich 2001","N","EcoAnalysts Inc.","A. Navesky",,,
"1830a8ff-e7b4-49ed-8e52-882841c13b36","D03","BARC","BARC.AOS.buoy.c0","2019-11-06T13:21Z","2020-03-05","BARC.20191106.PONAR.1","A00000128992","BARC.20191106.PONAR.1_OLIGOCHAETE_1/1","NAISP","Y","Naididae sp.","w/o cap setae","family","Annelida","Clitellata","Oligochaeta","Oligochaeta",,,"Tubificida",,,,"Naididae",,,,,"sp.",,"none",1,,2,94,2,"N","N",,"condition OK","N",,"Kathman and Brinkhurst 1998","N","EcoAnalysts Inc.","L. Flaherty",,,
"2fc21d76-081f-4ac2-abcc-b2d390b6f15c","D03","BARC","BARC.AOS.littoral2","2019-11-06T13:21Z","2020-03-05","BARC.20191106.PONAR.3","A00000128995",,"PARSP30","Y","Parachironomus sp.",,"genus","Arthropoda","Hexapoda","Insecta","Pterygota","Neoptera","Holometabola","Diptera","Nematocera","Culicomorpha",,"Chironomidae","Chironominae","Chironomini",,"Parachironomus","sp.",,"larva",4,,1,100,1,"N","N",,"condition OK","Y",,"Epler 2001","N","EcoAnalysts Inc.","G. Wallace",,,
"0244973a-0f16-4415-83b6-426a0c363cc6","D03","BARC","BARC.AOS.riparian.point.09","2019-11-06T13:21Z","2020-03-16","BARC.20191106.BENTHICSWEEP.9","A00000128999",,"CLASP6","Y","Cladotanytarsus sp.",,"genus","Arthropoda","Hexapoda","Insecta","Pterygota","Neoptera","Holometabola","Diptera","Nematocera","Culicomorpha",,"Chironomidae","Chironominae","Tanytarsini",,"Cladotanytarsus","sp.",,"larva",2,,8,8,102,"N","N",,"condition OK","Y",,"Epler 2001","N","EcoAnalysts Inc.","G. Wallace",,,
"ac546dfa-dcd0-4c5f-b8fc-0e4fd5ed29f6","D03","BARC","BARC.AOS.riparian.point.01","2019-11-06T13:21Z","2020-03-12","BARC.20191106.BENTHICSWEEP.1","A00000128996",,"ORTSP2","Y","Orthotrichia sp.",,"genus","Arthropoda","Hexapoda","Insecta","Pterygota","Neoptera","Holometabola","Trichoptera",,,"Hydroptiloidea","Hydroptilidae","Hydroptilinae","Orthotrichiini",,"Orthotrichia","sp.",,"larva",1,,1,8,13,"N","N",,"condition OK","Y",,"Wiggins 1996","N","EcoAnalysts Inc.","A. Navesky",,,
"3c62deb5-64eb-4444-a605-c3f8891d1e3b","D03","BARC","BARC.AOS.buoy.c0","2019-11-06T13:21Z","2020-03-05","BARC.20191106.PONAR.1","A00000128992","BARC.20191106.PONAR.1_OLIGOCHAETE_1/1","NAISP","Y","Naididae sp.","w/o cap setae","family","Annelida","Clitellata","Oligochaeta","Oligochaeta",,,"Tubificida",,,,"Naididae",,,,,"sp.",,"none",4,"4b",5,94,5,"N","N",,"condition OK","N",,"Kathman and Brinkhurst 1998","N","EcoAnalysts Inc.","L. Flaherty",,,
"9ff102f7-8235-45cb-af17-fc1bcc613f00","D03","BARC","BARC.AOS.riparian.point.03","2019-11-06T13:21Z","2020-03-12","BARC.20191106.BENTHICSWEEP.3","A00000129000",,"DICSP7","Y","Dicrotendipes sp.",,"genus","Arthropoda","Hexapoda","Insecta","Pterygota","Neoptera","Holometabola","Diptera","Nematocera","Culicomorpha",,"Chironomidae","Chironominae","Chironomini",,"Dicrotendipes","sp.",,"larva",2,,3,10,29,"Y","N",,"condition OK","Y",,"Epler 1987 1988 2001","N","EcoAnalysts Inc.","G. Wallace",,,
"546a9190-13f2-45a9-9790-4cdf19114727","D03","BARC","BARC.AOS.riparian.point.05","2019-11-06T13:21Z","2020-03-12","BARC.20191106.BENTHICSWEEP.5","A00000128997",,"OECSP","Y","Oecetis sp.",,"genus","Arthropoda","Hexapoda","Insecta","Pterygota","Neoptera","Holometabola","Trichoptera",,,"Leptoceroidea","Leptoceridae","Leptocerinae","Oecetini",,"Oecetis","sp.",,"larva",2,,1,4,24,"Y","N",,"condition OK","Y",,"Wiggins 1996","N","EcoAnalysts Inc.","A. Navesky",,,
"f1863be5-7388-4238-b64a-ee466e6d7333","D03","BARC","BARC.AOS.riparian.point.03","2019-11-06T13:21Z","2020-03-12","BARC.20191106.BENTHICSWEEP.3","A00000129000",,"TRISP18","Y","Tribelos sp.",,"genus","Arthropoda","Hexapoda","Insecta","Pterygota","Neoptera","Holometabola","Diptera","Nematocera","Culicomorpha",,"Chironomidae","Chironominae","Chironomini",,"Tribelos","sp.",,"larva",2,,5,10,48,"N","N",,"condition OK","Y",,"Epler 2001","N","EcoAnalysts Inc.","G. Wallace","old Genus 3",,
"3c266087-14ab-472d-b3c5-3e79d5dd55e3","D03","BARC","BARC.AOS.littoral1","2019-11-06T13:21Z","2020-03-12","BARC.20191106.PONAR.2","A00000128993","BARC.20191106.PONAR.2_OLIGOCHAETE_1/1","NAISP","Y","Naididae sp.","w/o cap setae","family","Annelida","Clitellata","Oligochaeta","Oligochaeta",,,"Tubificida",,,,"Naididae",,,,,"sp.",,"none",2,,14,100,14,"N","N",,"condition OK","Y",,"Kathman and Brinkhurst 1998","N","EcoAnalysts Inc.","L. Flaherty",,,
"233099ad-8f31-4848-816c-7da30475fb9b","D03","BARC","BARC.AOS.buoy.c0","2019-11-06T13:21Z","2020-03-05","BARC.20191106.PONAR.1","A00000128992",,"TANSP11","Y","Tanytarsus sp.",,"genus","Arthropoda","Hexapoda","Insecta","Pterygota","Neoptera","Holometabola","Diptera","Nematocera","Culicomorpha",,"Chironomidae","Chironominae","Tanytarsini",,"Tanytarsus","sp.",,"larva",6,,2,94,2,"N","N",,"condition OK","Y",,"Epler 2001","N","EcoAnalysts Inc.","G. Wallace",,,
"fc87dcfe-c603-44a9-8d23-b75f1d92acb4","D03","BARC","BARC.AOS.littoral1","2019-11-06T13:21Z","2020-03-12","BARC.20191106.PONAR.2","A00000128993","BARC.20191106.PONAR.2_OLIGOCHAETE_1/1","NAISP","Y","Naididae sp.","w/o cap setae","family","Annelida","Clitellata","Oligochaeta","Oligochaeta",,,"Tubificida",,,,"Naididae",,,,,"sp.",,"none",1,"1b",3,100,3,"N","N",,"condition OK","Y",,"Kathman and Brinkhurst 1998","N","EcoAnalysts Inc.","L. Flaherty",,,
"308cb9ce-9a53-4159-9a2a-c9ce16ef853b","D03","BARC","BARC.AOS.riparian.point.05","2019-11-06T13:21Z","2020-03-12","BARC.20191106.BENTHICSWEEP.5","A00000128997",,"CLASP6","Y","Cladotanytarsus sp.",,"genus","Arthropoda","Hexapoda","Insecta","Pterygota","Neoptera","Holometabola","Diptera","Nematocera","Culicomorpha",,"Chironomidae","Chironominae","Tanytarsini",,"Cladotanytarsus","sp.",,"larva",3,,1,4,24,"N","N",,"condition OK","Y",,"Epler 2001","N","EcoAnalysts Inc.","G. Wallace",,,
"9b78df23-8651-42db-bc62-f76e69f5ccb8","D03","BARC","BARC.AOS.littoral1","2019-11-06T13:21Z","2020-03-12","BARC.20191106.PONAR.2","A00000128993",,"CHISP8","Y","Chironomus sp.",,"genus","Arthropoda","Hexapoda","Insecta","Pterygota","Neoptera","Holometabola","Diptera","Nematocera","Culicomorpha",,"Chironomidae","Chironominae","Chironomini",,"Chironomus","sp.",,"larva",5,,1,100,1,"N","N",,"condition OK","Y",,"Epler 2001","N","EcoAnalysts Inc.","G. Wallace","old E. natchitochae",,
"37c7d6ef-4bb4-4757-abea-2b05e4c7d21b","D03","BARC","BARC.AOS.riparian.point.03","2019-11-06T13:21Z","2020-03-12","BARC.20191106.BENTHICSWEEP.3","A00000129000",,"LIMSP32","Y","Limnesia sp.",,"genus","Arthropoda","Chelicerata","Arachnida","Acari",,"Acariformes","Trombidiformes","Prostigmata",,"Hygrobatoidea","Limnesiidae",,,,"Limnesia","sp.",,"none",1,,1,10,10,"N","N",,"condition OK","Y",,"Thorp and Covich 2001","N","EcoAnalysts Inc.","A. Navesky",,,
"b6de332f-425c-4dc7-9c9f-c24282223e61","D03","BARC","BARC.AOS.riparian.point.01","2019-11-06T13:21Z","2020-03-12","BARC.20191106.BENTHICSWEEP.1","A00000128996",,"LARSP","Y","Larsia sp.",,"genus","Arthropoda","Hexapoda","Insecta","Pterygota","Neoptera","Holometabola","Diptera","Nematocera","Culicomorpha",,"Chironomidae","Tanypodinae","Pentaneurini",,"Larsia","sp.",,"larva",1,,3,8,38,"N","N",,"condition OK","Y",,"Epler 2001","N","EcoAnalysts Inc.","G. Wallace","very small",,
"91032a74-79e5-41fe-a2ed-342ea0c6af4d","D03","BARC","BARC.AOS.riparian.point.03","2019-11-06T13:21Z","2020-03-12","BARC.20191106.BENTHICSWEEP.3","A00000129000",,"CHISP8","Y","Chironomus sp.",,"genus","Arthropoda","Hexapoda","Insecta","Pterygota","Neoptera","Holometabola","Diptera","Nematocera","Culicomorpha",,"Chironomidae","Chironominae","Chironomini",,"Chironomus","sp.",,"larva",8,,2,10,19,"N","N",,"condition OK","Y",,"Epler 2001","N","EcoAnalysts Inc.","G. Wallace",,,
"7481c933-e2e1-4a54-96e6-7be6e05d9a5e","D03","BARC","BARC.AOS.buoy.c0","2019-11-06T13:21Z","2020-03-05","BARC.20191106.PONAR.1","A00000128992",,"CHISP8","Y","Chironomus sp.",,"genus","Arthropoda","Hexapoda","Insecta","Pterygota","Neoptera","Holometabola","Diptera","Nematocera","Culicomorpha",,"Chironomidae","Chironominae","Chironomini",,"Chironomus","sp.",,"larva",1,,2,94,2,"N","N",,"condition OK","Y",,"Epler 2001","N","EcoAnalysts Inc.","G. Wallace","Fragment; od. e. natchitochae",,
"d14ef86e-76af-4b74-977c-54ba5c5abb0b","D03","BARC","BARC.AOS.littoral1","2019-11-06T13:21Z","2020-03-12","BARC.20191106.PONAR.2","A00000128993",,"OXUSP","Y","Oxus sp.",,"genus","Arthropoda","Chelicerata","Arachnida","Acari",,"Acariformes","Trombidiformes","Prostigmata",,"Lebertioidea","Oxidae",,,,"Oxus","sp.",,"none",1,,3,100,3,"N","N",,"condition OK","Y",,"Thorp and Covich 2001","N","EcoAnalysts Inc.","A. Navesky",,,
"4230c92a-19c7-459e-8a0e-5c8b77d9e98a","D03","BARC","BARC.AOS.riparian.point.07","2019-11-06T13:21Z","2020-03-16","BARC.20191106.BENTHICSWEEP.7","A00000128998",,"CAESP2","Y","Caenidae sp.",,"family","Arthropoda","Hexapoda","Insecta","Pterygota","Palaeoptera",,"Ephemeroptera","Furcatergalia","Pannota","Caenoidea","Caenidae",,,,,"sp.",,"larva",1,,4,7,57,"Y","N",,"condition OK","N",,"Merritt and Cummins 2008","Y","EcoAnalysts Inc.","A. Navesky",,,
"891e20fc-8fcd-44f2-b5ac-a9aeebd04636","D03","BARC","BARC.AOS.riparian.point.07","2019-11-06T13:21Z","2020-03-16","BARC.20191106.BENTHICSWEEP.7","A00000128998",,"NEMSP","Y","Nematoda sp.",,"phylum","Nematoda",,,,,,,,,,,,,,,"sp.",,"none",2,,39,7,555,"N","N",,"condition OK","Y",,"Thorp and Covich 2001","Y","EcoAnalysts Inc.","A. Navesky",,,
"8e7e609b-3bfb-4e54-9023-7a08695ab6bc","D03","BARC","BARC.AOS.riparian.point.07","2019-11-06T13:21Z","2020-03-16","BARC.20191106.BENTHICSWEEP.7","A00000128998",,"OXYSP","Y","Oxyethira sp.",,"genus","Arthropoda","Hexapoda","Insecta","Pterygota","Neoptera","Holometabola","Trichoptera",,,"Hydroptiloidea","Hydroptilidae","Hydroptilinae","Hydroptilini",,"Oxyethira","sp.",,"larva",4,,4,7,57,"N","N",,"condition OK","Y",,"Wiggins 1996","Y","EcoAnalysts Inc.","A. Navesky",,,
"d1bd7d5e-5522-4c81-9740-75f495e98f60","D03","BARC","BARC.AOS.buoy.c0","2019-11-06T13:21Z","2020-03-05","BARC.20191106.PONAR.1","A00000128992","BARC.20191106.PONAR.1_OLIGOCHAETE_1/1","NAISP","Y","Naididae sp.","w/o cap setae","family","Annelida","Clitellata","Oligochaeta","Oligochaeta",,,"Tubificida",,,,"Naididae",,,,,"sp.",,"none",3,,2,94,2,"N","N",,"condition OK","N",,"Kathman and Brinkhurst 1998","N","EcoAnalysts Inc.","L. Flaherty",,,
"a5fcd856-dc84-403e-97a4-a8748ed7b645","D03","BARC","BARC.AOS.riparian.point.03","2019-11-06T13:21Z","2020-03-12","BARC.20191106.BENTHICSWEEP.3","A00000129000",,"ABLSP","Y","Ablabesmyia sp.",,"genus","Arthropoda","Hexapoda","Insecta","Pterygota","Neoptera","Holometabola","Diptera","Nematocera","Culicomorpha",,"Chironomidae","Tanypodinae","Pentaneurini",,"Ablabesmyia","sp.",,"larva",1,,3,10,29,"Y","N",,"condition OK","Y",,"Roback 1985; Epler 2001","N","EcoAnalysts Inc.","G. Wallace",,,
"76b15fbb-fca3-4dc8-85ae-a368387fdb69","D03","BARC","BARC.AOS.riparian.point.03","2019-11-06T13:21Z","2020-03-12","BARC.20191106.BENTHICSWEEP.3","A00000129000",,"LABSP","Y","Labrundinia sp.",,"genus","Arthropoda","Hexapoda","Insecta","Pterygota","Neoptera","Holometabola","Diptera","Nematocera","Culicomorpha",,"Chironomidae","Tanypodinae","Pentaneurini",,"Labrundinia","sp.",,"larva",5,,1,10,10,"N","N",,"condition OK","Y",,"Epler 2001","N","EcoAnalysts Inc.","G. Wallace",,,
"6dfdc0bb-ca65-40fe-94f4-3e10f20ecad3","D03","BARC","BARC.AOS.riparian.point.07","2019-11-06T13:21Z","2020-03-16","BARC.20191106.BENTHICSWEEP.7","A00000128998",,"LIBSP","Y","Libellulidae sp.",,"family","Arthropoda","Hexapoda","Insecta","Pterygota","Palaeoptera",,"Odonata","Anisoptera",,,"Libellulidae",,,,,"sp.",,"larva",3,,1,7,14,"Y","N",,"condition OK","N",,"Needham Westfall and May 2000","Y","EcoAnalysts Inc.","A. Navesky",,,
"5da77caa-148f-4379-83d0-d467448dbbd1","D03","BARC","BARC.AOS.littoral2","2019-11-06T13:21Z","2020-03-05","BARC.20191106.PONAR.3","A00000128995",,"PARSP30","Y","Parachironomus sp.",,"genus","Arthropoda","Hexapoda","Insecta","Pterygota","Neoptera","Holometabola","Diptera","Nematocera","Culicomorpha",,"Chironomidae","Chironominae","Chironomini",,"Parachironomus","sp.",,"larva",6,,1,100,1,"N","N",,"condition OK","Y",,"Epler 2001","N","EcoAnalysts Inc.","G. Wallace",,,
"2424c3b1-b4cb-4bc3-97cc-2e7d24471c0b","D03","BARC","BARC.AOS.riparian.point.07","2019-11-06T13:21Z","2020-03-16","BARC.20191106.BENTHICSWEEP.7","A00000128998",,"CERSP10","Y","Ceratopogoninae sp.",,"subfamily","Arthropoda","Hexapoda","Insecta","Pterygota","Neoptera","Holometabola","Diptera","Nematocera","Culicomorpha",,"Ceratopogonidae","Ceratopogoninae",,,,"sp.",,"larva",2,,1,7,14,"N","Y",,"condition OK","Y",,"Merritt and Cummins 2008","Y","EcoAnalysts Inc.","A. Navesky",,,
"41adce5c-4bea-47d8-b182-9ec2e955c195","D03","BARC","BARC.AOS.riparian.point.01","2019-11-06T13:21Z","2020-03-12","BARC.20191106.BENTHICSWEEP.1","A00000128996",,"NILSP1","Y","Nilothauma sp.",,"genus","Arthropoda","Hexapoda","Insecta","Pterygota","Neoptera","Holometabola","Diptera","Nematocera","Culicomorpha",,"Chironomidae","Chironominae","Chironomini",,"Nilothauma","sp.",,"larva",2,,2,8,26,"N","N",,"condition OK","Y",,"Epler 2001","N","EcoAnalysts Inc.","G. Wallace",,,
"08347481-43c7-4b68-b63b-f0e7f086253b","D03","BARC","BARC.AOS.riparian.point.01","2019-11-06T13:21Z","2020-03-12","BARC.20191106.BENTHICSWEEP.1","A00000128996","BARC.20191106.BENTHICSWEEP.1_OLIGOCHAETE_1/1","BRADAD","Y","Bratislavia dadayi",,"species","Annelida","Clitellata","Oligochaeta","Oligochaeta",,,"Tubificida",,,,"Naididae","Naidinae",,,"Bratislavia","dadayi",,"none",1,,2,8,26,"N","N",,"condition OK","Y",,"Kathman and Brinkhurst 1998","N","EcoAnalysts Inc.","L. Flaherty",,,
"57c9ac85-7383-40b8-9120-ecf2a0c3763c","D03","BARC","BARC.AOS.riparian.point.05","2019-11-06T13:21Z","2020-03-12","BARC.20191106.BENTHICSWEEP.5","A00000128997",,"ABLSP","Y","Ablabesmyia sp.",,"genus","Arthropoda","Hexapoda","Insecta","Pterygota","Neoptera","Holometabola","Diptera","Nematocera","Culicomorpha",,"Chironomidae","Tanypodinae","Pentaneurini",,"Ablabesmyia","sp.",,"larva",3,,1,4,24,"N","N",,"condition OK","Y",,"Epler 2001","N","EcoAnalysts Inc.","G. Wallace",,,
"60eca468-0879-421f-a1ad-a88289596263","D03","BARC","BARC.AOS.riparian.point.09","2019-11-06T13:21Z","2020-03-16","BARC.20191106.BENTHICSWEEP.9","A00000128999",,"PENSP6","Y","Pentaneurini sp.",,"tribe","Arthropoda","Hexapoda","Insecta","Pterygota","Neoptera","Holometabola","Diptera","Nematocera","Culicomorpha",,"Chironomidae","Tanypodinae","Pentaneurini",,,"sp.",,"larva",1,,1,8,13,"Y","N",,"condition OK","N",,"Epler 2001","N","EcoAnalysts Inc.","G. Wallace",,,
"8723477a-8517-4dc3-a023-740cbdf0a1ae","D03","BARC","BARC.AOS.littoral2","2019-11-06T13:21Z","2020-03-05","BARC.20191106.PONAR.3","A00000128995","6990.19-8","HIRSP","Y","Hirudinida sp.",,"subclass","Annelida",,"Clitellata","Hirudinea",,,,,,,,,,,,"sp.",,"none",2,,7,100,7,"N","N",,"condition OK","Y",,"Kathman and Brinkhurst 1998","N","EcoAnalysts Inc.","L. Flaherty","1in RC; RC#1 ID by John",,
"25bb378f-0d71-4a43-80d7-461863848013","D03","BARC","BARC.AOS.littoral2","2019-11-06T13:21Z","2020-03-05","BARC.20191106.PONAR.3","A00000128995",,"TURSP","Y","Turbellaria sp.",,"class","Platyhelminthes",,"Turbellaria",,,,,,,,,,,,,"sp.",,"none",3,,1,100,1,"N","Y",,"condition OK","Y",,"Thorp and Covich 2001","N","EcoAnalysts Inc.","A. Navesky","Fragment",,
"c760291c-7c23-4efc-8e3d-3ce896584f73","D03","BARC","BARC.AOS.riparian.point.05","2019-11-06T13:21Z","2020-03-12","BARC.20191106.BENTHICSWEEP.5","A00000128997","BARC.20191106.BENTHICSWEEP.5_OLIGOCHAETE_1/1","PRISP1","Y","Pristina sp.",,"genus","Annelida","Clitellata","Oligochaeta","Oligochaeta",,,"Tubificida",,,,"Naididae","Pristininae",,,"Pristina","sp.",,"none",1,,4,4,96,"N","N",,"condition OK","Y",,"Kathman and Brinkhurst 1998","N","EcoAnalysts Inc.","L. Flaherty",,,
"f62066b3-6591-4218-831a-7331c74dd03f","D03","BARC","BARC.AOS.buoy.c0","2019-11-06T13:21Z","2020-03-05","BARC.20191106.PONAR.1","A00000128992",,"TANSP11","Y","Tanytarsus sp.",,"genus","Arthropoda","Hexapoda","Insecta","Pterygota","Neoptera","Holometabola","Diptera","Nematocera","Culicomorpha",,"Chironomidae","Chironominae","Tanytarsini",,"Tanytarsus","sp.",,"larva",4,,14,94,15,"N","N",,"condition OK","Y",,"Epler 2001","N","EcoAnalysts Inc.","G. Wallace",,,
"6b231fee-486a-4bf1-998c-50dca2eb8872","D03","BARC","BARC.AOS.riparian.point.05","2019-11-06T13:21Z","2020-03-12","BARC.20191106.BENTHICSWEEP.5","A00000128997",,"TANSP11","Y","Tanytarsus sp.",,"genus","Arthropoda","Hexapoda","Insecta","Pterygota","Neoptera","Holometabola","Diptera","Nematocera","Culicomorpha",,"Chironomidae","Chironominae","Tanytarsini",,"Tanytarsus","sp.",,"larva",1,,2,4,48,"N","N",,"condition OK","Y",,"Epler 2001","N","EcoAnalysts Inc.","G. Wallace",,,
"150ff91c-c56e-43ed-b05c-d04ca856aaf1","D03","BARC","BARC.AOS.riparian.point.09","2019-11-06T13:21Z","2020-03-16","BARC.20191106.BENTHICSWEEP.9","A00000128999",,"CAESP5","Y","Caenis sp.",,"genus","Arthropoda","Hexapoda","Insecta","Pterygota","Palaeoptera",,"Ephemeroptera","Furcatergalia","Pannota","Caenoidea","Caenidae","Caeninae",,,"Caenis","sp.",,"larva",1,,5,8,64,"Y","N",,"condition OK","Y",,"Merritt and Cummins 2008","N","EcoAnalysts Inc.","A. Navesky",,,
"7321a36e-a6a1-4a6f-90e2-7823405c0cd7","D03","BARC","BARC.AOS.littoral1","2019-11-06T13:21Z","2020-03-12","BARC.20191106.PONAR.2","A00000128993","BARC.20191106.PONAR.2_OLIGOCHAETE_1/1","NAISP","Y","Naididae sp.","w/o cap setae","family","Annelida","Clitellata","Oligochaeta","Oligochaeta",,,"Tubificida",,,,"Naididae",,,,,"sp.",,"none",4,,1,100,1,"N","N",,"condition OK","Y",,"Kathman and Brinkhurst 1998","N","EcoAnalysts Inc.","L. Flaherty",,,
"6e8b71c2-c35f-4a12-93a3-17118e930a6d","D03","BARC","BARC.AOS.riparian.point.01","2019-11-06T13:21Z","2020-03-12","BARC.20191106.BENTHICSWEEP.1","A00000128996",,"HYASP2","Y","Hyalella sp.",,"genus","Arthropoda","Crustacea","Malacostraca","Eumalacostraca",,"Peracarida","Amphipoda","Gammaridea",,,"Hyalellidae",,,,"Hyalella","sp.",,"none",3,,7,8,90,"N","N",,"condition OK","Y",,"Thorp and Covich 2001","N","EcoAnalysts Inc.","A. Navesky",,,
"de75fcd3-cb5f-43a2-81fb-bd13165402be","D03","BARC","BARC.AOS.riparian.point.09","2019-11-06T13:21Z","2020-03-16","BARC.20191106.BENTHICSWEEP.9","A00000128999",,"CAESP5","Y","Caenis sp.",,"genus","Arthropoda","Hexapoda","Insecta","Pterygota","Palaeoptera",,"Ephemeroptera","Furcatergalia","Pannota","Caenoidea","Caenidae","Caeninae",,,"Caenis","sp.",,"larva",2,,1,8,13,"Y","N",,"condition OK","Y",,"Merritt and Cummins 2008","N","EcoAnalysts Inc.","A. Navesky",,,
"c592ccd8-ed5d-4c69-bd1a-5d5d393cf80f","D03","BARC","BARC.AOS.riparian.point.03","2019-11-06T13:21Z","2020-03-12","BARC.20191106.BENTHICSWEEP.3","A00000129000",,"CHISP8","Y","Chironomus sp.",,"genus","Arthropoda","Hexapoda","Insecta","Pterygota","Neoptera","Holometabola","Diptera","Nematocera","Culicomorpha",,"Chironomidae","Chironominae","Chironomini",,"Chironomus","sp.",,"larva",6,,1,10,10,"N","N",,"condition OK","Y",,"Epler 2001","N","EcoAnalysts Inc.","G. Wallace",,,
"f4d9780d-1d4c-45ed-88b8-6d09de12b42a","D03","BARC","BARC.AOS.riparian.point.03","2019-11-06T13:21Z","2020-03-12","BARC.20191106.BENTHICSWEEP.3","A00000129000",,"TRISP18","Y","Tribelos sp.",,"genus","Arthropoda","Hexapoda","Insecta","Pterygota","Neoptera","Holometabola","Diptera","Nematocera","Culicomorpha",,"Chironomidae","Chironominae","Chironomini",,"Tribelos","sp.",,"larva",3,,3,10,29,"N","N",,"condition OK","Y",,"Epler 2001","N","EcoAnalysts Inc.","G. Wallace","old Genus 3",,
"474bd912-cf5c-4f24-b82a-b31aa689532c","D03","BARC","BARC.AOS.riparian.point.07","2019-11-06T13:21Z","2020-03-16","BARC.20191106.BENTHICSWEEP.7","A00000128998",,"LABSP","Y","Labrundinia sp.",,"genus","Arthropoda","Hexapoda","Insecta","Pterygota","Neoptera","Holometabola","Diptera","Nematocera","Culicomorpha",,"Chironomidae","Tanypodinae","Pentaneurini",,"Labrundinia","sp.",,"larva",4,,3,7,43,"N","N",,"condition OK","Y",,"Epler 2001","Y","EcoAnalysts Inc.","G. Wallace",,,
"da81ae90-b075-47fc-ab5f-015db539dde0","D03","BARC","BARC.AOS.riparian.point.01","2019-11-06T13:21Z","2020-03-12","BARC.20191106.BENTHICSWEEP.1","A00000128996",,"AESSP","Y","Aeshnidae sp.",,"family","Arthropoda","Hexapoda","Insecta","Pterygota","Palaeoptera",,"Odonata","Anisoptera",,,"Aeshnidae",,,,,"sp.",,"larva",4,,1,8,13,"Y","N",,"condition OK","Y",,"Needham Westfall and May 2000","N","EcoAnalysts Inc.","A. Navesky",,,
"e17e8ca4-6902-463a-bbce-f14fe15e22c7","D03","BARC","BARC.AOS.riparian.point.07","2019-11-06T13:21Z","2020-03-16","BARC.20191106.BENTHICSWEEP.7","A00000128998",,"COESP","Y","Coenagrionidae sp.",,"family","Arthropoda","Hexapoda","Insecta","Pterygota","Palaeoptera",,"Odonata","Zygoptera",,,"Coenagrionidae",,,,,"sp.",,"larva",4,,1,7,14,"Y","N",,"condition OK","Y",,"Westfall and May 1996","Y","EcoAnalysts Inc.","A. Navesky",,,
"2456412e-200a-4d22-9fb6-df9012ea9b42","D03","BARC","BARC.AOS.littoral2","2019-11-06T13:21Z","2020-03-05","BARC.20191106.PONAR.3","A00000128995",,"NEMSP","Y","Nematoda sp.",,"phylum","Nematoda",,,,,,,,,,,,,,,"sp.",,"none",3,,8,100,8,"N","Y",,"condition OK","Y",,"Thorp and Covich 2001","N","EcoAnalysts Inc.","A. Navesky",,,
"f8a1654f-22f8-48e0-894b-5eb0678cc438","D03","BARC","BARC.AOS.riparian.point.09","2019-11-06T13:21Z","2020-03-16","BARC.20191106.BENTHICSWEEP.9","A00000128999",,"POLSP13","Y","Polypedilum sp.",,"genus","Arthropoda","Hexapoda","Insecta","Pterygota","Neoptera","Holometabola","Diptera","Nematocera","Culicomorpha",,"Chironomidae","Chironominae","Chironomini",,"Polypedilum","sp.",,"pupa",2,,1,8,13,"N","N",,"condition OK","Y",,"Epler 2001 and Maschwitz and Cook 2000","N","EcoAnalysts Inc.","G. Wallace",,,
"065fbea6-97aa-4dfb-8e17-fc42391e5030","D03","BARC","BARC.AOS.riparian.point.03","2019-11-06T13:21Z","2020-03-12","BARC.20191106.BENTHICSWEEP.3","A00000129000",,"ZAVMAR","Y","Zavreliella marmorata",,"species","Arthropoda","Hexapoda","Insecta","Pterygota","Neoptera","Holometabola","Diptera","Nematocera","Culicomorpha",,"Chironomidae","Chironominae","Tanytarsini",,"Zavreliella","marmorata",,"larva",2,,2,10,19,"N","N",,"condition OK","Y",,"Epler 2001","N","EcoAnalysts Inc.","G. Wallace",,,
"980974f0-cdf7-44c2-a5d5-af454710df18","D03","BARC","BARC.AOS.riparian.point.07","2019-11-06T13:21Z","2020-03-16","BARC.20191106.BENTHICSWEEP.7","A00000128998",,"NEMSP","Y","Nematoda sp.",,"phylum","Nematoda",,,,,,,,,,,,,,,"sp.",,"none",3,,19,7,270,"N","N",,"condition OK","Y",,"Thorp and Covich 2001","Y","EcoAnalysts Inc.","A. Navesky",,,
"50b4186c-5c52-4cbc-83ee-116ca40d4017","D03","BARC","BARC.AOS.riparian.point.05","2019-11-06T13:21Z","2020-03-12","BARC.20191106.BENTHICSWEEP.5","A00000128997",,"TANSP11","Y","Tanytarsus sp.",,"genus","Arthropoda","Hexapoda","Insecta","Pterygota","Neoptera","Holometabola","Diptera","Nematocera","Culicomorpha",,"Chironomidae","Chironominae","Tanytarsini",,"Tanytarsus","sp.",,"larva",7,,1,4,24,"N","N",,"condition OK","Y",,"Epler 2001","N","EcoAnalysts Inc.","G. Wallace",,,
"f6289870-89f5-4519-b004-b207d8741bab","D03","BARC","BARC.AOS.riparian.point.03","2019-11-06T13:21Z","2020-03-12","BARC.20191106.BENTHICSWEEP.3","A00000129000",,"HYASP2","Y","Hyalella sp.",,"genus","Arthropoda","Crustacea","Malacostraca","Eumalacostraca",,"Peracarida","Amphipoda","Gammaridea",,,"Hyalellidae",,,,"Hyalella","sp.",,"none",1,,17,10,163,"N","N",,"condition OK","Y",,"Thorp and Covich 2001","N","EcoAnalysts Inc.","A. Navesky",,,
"2a6efded-1b21-4265-b656-8678b3137133","D03","BARC","BARC.AOS.riparian.point.01","2019-11-06T13:21Z","2020-03-12","BARC.20191106.BENTHICSWEEP.1","A00000128996",,"NEMSP","Y","Nematoda sp.",,"phylum","Nematoda",,,,,,,,,,,,,,,"sp.",,"none",2,,22,8,282,"N","Y",,"condition OK","Y",,"Thorp and Covich 2001","N","EcoAnalysts Inc.","A. Navesky",,,
"eec8bb01-0aaa-44b7-a6ab-5e2cb0ca5d23","D03","BARC","BARC.AOS.riparian.point.05","2019-11-06T13:21Z","2020-03-12","BARC.20191106.BENTHICSWEEP.5","A00000128997",,"LABSP","Y","Labrundinia sp.",,"genus","Arthropoda","Hexapoda","Insecta","Pterygota","Neoptera","Holometabola","Diptera","Nematocera","Culicomorpha",,"Chironomidae","Tanypodinae","Pentaneurini",,"Labrundinia","sp.",,"larva",4,,1,4,24,"N","N",,"condition OK","Y",,"Epler 2001","N","EcoAnalysts Inc.","G. Wallace",,,
"8006adc7-4c97-4215-8e8d-f05d02d61490","D03","BARC","BARC.AOS.littoral1","2019-11-06T13:21Z","2020-03-12","BARC.20191106.PONAR.2","A00000128993",,"ORISP1","Y","Oribatida sp.",,"suborder","Arthropoda","Chelicerata","Arachnida","Acari",,"Acariformes","Sarcoptiformes","Oribatida",,,,,,,,"sp.",,"none",1,,4,100,4,"N","Y",,"condition OK","Y",,"Thorp and Covich 2001","N","EcoAnalysts Inc.","A. Navesky","Oribatida",,
"576616cc-17dc-4c23-929c-025c8eacebdf","D03","BARC","BARC.AOS.riparian.point.07","2019-11-06T13:21Z","2020-03-16","BARC.20191106.BENTHICSWEEP.7","A00000128998","BARC.20191106.BENTHICSWEEP.7_OLIGOCHAETE_1/1","LUMSP2","Y","Lumbriculidae sp.",,"family","Annelida","Clitellata","Oligochaeta","Oligochaeta",,,"Lumbriculida",,,,"Lumbriculidae",,,,,"sp.",,"none",1,,1,7,14,"N","N",,"condition OK","Y",,"Kathman and Brinkhurst 1999","Y","EcoAnalysts Inc.","L. Flaherty",,,
"e0a2cac8-49f8-45e9-9484-9a4daf8d294c","D03","BARC","BARC.AOS.riparian.point.01","2019-11-06T13:21Z","2020-03-12","BARC.20191106.BENTHICSWEEP.1","A00000128996",,"NEMSP","Y","Nematoda sp.",,"phylum","Nematoda",,,,,,,,,,,,,,,"sp.",,"none",1,,6,8,77,"N","Y",,"condition OK","Y",,"Thorp and Covich 2001","N","EcoAnalysts Inc.","A. Navesky",,,
"5485ad61-9c46-4cf4-9636-33ecb8d91bc3","D03","BARC","BARC.AOS.littoral1","2019-11-06T13:21Z","2020-03-12","BARC.20191106.PONAR.2","A00000128993",,"TANSP11","Y","Tanytarsus sp.",,"genus","Arthropoda","Hexapoda","Insecta","Pterygota","Neoptera","Holometabola","Diptera","Nematocera","Culicomorpha",,"Chironomidae","Chironominae","Tanytarsini",,"Tanytarsus","sp.",,"pupa",3,,1,100,1,"N","N",,"condition OK","Y",,"Epler 2001","N","EcoAnalysts Inc.","G. Wallace",,,
"0165c262-f083-40bc-9d9d-1d69b333b1d9","D03","BARC","BARC.AOS.riparian.point.03","2019-11-06T13:21Z","2020-03-12","BARC.20191106.BENTHICSWEEP.3","A00000129000",,"TANSP11","Y","Tanytarsus sp.",,"genus","Arthropoda","Hexapoda","Insecta","Pterygota","Neoptera","Holometabola","Diptera","Nematocera","Culicomorpha",,"Chironomidae","Chironominae","Tanytarsini",,"Tanytarsus","sp.",,"larva",1,,1,10,10,"N","N",,"condition OK","Y",,"Epler 2001","N","EcoAnalysts Inc.","G. Wallace",,,
"647fd4ba-e7c6-4536-90ee-6fc403bb50c7","D03","BARC","BARC.AOS.littoral1","2019-11-06T13:21Z","2020-03-12","BARC.20191106.PONAR.2","A00000128993",,"ZAVMAR","Y","Zavreliella marmorata",,"species","Arthropoda","Hexapoda","Insecta","Pterygota","Neoptera","Holometabola","Diptera","Nematocera","Culicomorpha",,"Chironomidae","Chironominae","Tanytarsini",,"Zavreliella","marmorata",,"larva",3,,1,100,1,"N","N",,"condition OK","Y",,"Epler 2001","N","EcoAnalysts Inc.","G. Wallace","Fragment",,
"474c2e58-a5b7-4c8c-8189-32d25373f468","D03","BARC","BARC.AOS.littoral2","2019-11-06T13:21Z","2020-03-05","BARC.20191106.PONAR.3","A00000128995",,"NILSP1","Y","Nilothauma sp.",,"genus","Arthropoda","Hexapoda","Insecta","Pterygota","Neoptera","Holometabola","Diptera","Nematocera","Culicomorpha",,"Chironomidae","Chironominae","Chironomini",,"Nilothauma","sp.",,"larva",3,,1,100,1,"N","N",,"condition OK","Y",,"Epler 2001","N","EcoAnalysts Inc.","G. Wallace",,,
"624dd96a-4d10-4305-b565-9814640363e9","D03","BARC","BARC.AOS.riparian.point.07","2019-11-06T13:21Z","2020-03-16","BARC.20191106.BENTHICSWEEP.7","A00000128998",,"CRISP2","Y","Cricotopus sp.",,"genus","Arthropoda","Hexapoda","Insecta","Pterygota","Neoptera","Holometabola","Diptera","Nematocera","Culicomorpha",,"Chironomidae","Orthocladiinae",,,"Cricotopus","sp.",,"larva",1,,1,7,14,"N","N",,"other (specified in remarks)","Y",,"Epler 2001","Y","EcoAnalysts Inc.","G. Wallace","not measured",,
"59f071c4-152c-408c-9268-91abfe12e728","D03","BARC","BARC.AOS.riparian.point.01","2019-11-06T13:21Z","2020-03-12","BARC.20191106.BENTHICSWEEP.1","A00000128996",,"ANISP1","Y","Anisoptera sp.",,"suborder","Arthropoda","Hexapoda","Insecta","Pterygota","Palaeoptera",,"Odonata","Anisoptera",,,,,,,,"sp.",,"larva",1,,1,8,13,"Y","N",,"condition OK","Y",,"Merritt and Cummins 2008","N","EcoAnalysts Inc.","A. Navesky","maybe Libellulidae or Corduliidae",,
"3c34f9f3-c301-4157-ba98-c90abf637442","D03","BARC","BARC.AOS.buoy.c0","2019-11-06T13:21Z","2020-03-05","BARC.20191106.PONAR.1","A00000128992",,"CHISP8","Y","Chironomus sp.",,"genus","Arthropoda","Hexapoda","Insecta","Pterygota","Neoptera","Holometabola","Diptera","Nematocera","Culicomorpha",,"Chironomidae","Chironominae","Chironomini",,"Chironomus","sp.",,"larva",2,"2a",2,94,2,"N","N",,"condition OK","Y",,"Epler 2001","N","EcoAnalysts Inc.","G. Wallace","Fragment; od. e. natchitochae",,
"1affa7e5-f96c-40e2-8121-e8a3a362d06f","D03","BARC","BARC.AOS.buoy.c0","2019-11-06T13:21Z","2020-03-05","BARC.20191106.PONAR.1","A00000128992",,"TANSP11","Y","Tanytarsus sp.",,"genus","Arthropoda","Hexapoda","Insecta","Pterygota","Neoptera","Holometabola","Diptera","Nematocera","Culicomorpha",,"Chironomidae","Chironominae","Tanytarsini",,"Tanytarsus","sp.",,"larva",3,"3b",30,94,32,"N","N",,"condition OK","Y",,"Epler 2001","N","EcoAnalysts Inc.","G. Wallace",,,
"5e476b15-4598-4e73-a60c-9c348c77ac4a","D03","BARC","BARC.AOS.riparian.point.03","2019-11-06T13:21Z","2020-03-12","BARC.20191106.BENTHICSWEEP.3","A00000129000",,"NEMSP","Y","Nematoda sp.",,"phylum","Nematoda",,,,,,,,,,,,,,,"sp.",,"none",1,,1,10,10,"N","N",,"other (specified in remarks)","Y",,"Thorp and Covich 2001","N","EcoAnalysts Inc.","A. Navesky","not measured",,
"5efc36e0-701e-4285-b474-e21a403c0b23","D03","BARC","BARC.AOS.riparian.point.07","2019-11-06T13:21Z","2020-03-16","BARC.20191106.BENTHICSWEEP.7","A00000128998",,"ANOSP12","Y","Anopheles sp.",,"genus","Arthropoda","Hexapoda","Insecta","Pterygota","Neoptera","Holometabola","Diptera","Nematocera","Culicomorpha",,"Culicidae","Anophelinae",,,"Anopheles","sp.",,"larva",5,,1,7,14,"N","N",,"condition OK","Y",,"Merritt and Cummins 2008","Y","EcoAnalysts Inc.","A. Navesky",,,
"6ba0d328-410e-45fb-acdb-ef3956a57e3a","D03","BARC","BARC.AOS.littoral2","2019-11-06T13:21Z","2020-03-05","BARC.20191106.PONAR.3","A00000128995",,"PSESP18","Y","Pseudochironomus sp.",,"genus","Arthropoda","Hexapoda","Insecta","Pterygota","Neoptera","Holometabola","Diptera","Nematocera","Culicomorpha",,"Chironomidae","Chironominae","Pseudochironomini",,"Pseudochironomus","sp.",,"larva",2,,2,100,2,"N","N",,"condition OK","Y",,"Epler 2001","N","EcoAnalysts Inc.","G. Wallace",,,
"c15748c1-f70d-41ff-aa19-de4d85fe47eb","D03","BARC","BARC.AOS.littoral2","2019-11-06T13:21Z","2020-03-05","BARC.20191106.PONAR.3","A00000128995",,"NEMSP","Y","Nematoda sp.",,"phylum","Nematoda",,,,,,,,,,,,,,,"sp.",,"none",2,,3,100,3,"N","Y",,"condition OK","Y",,"Thorp and Covich 2001","N","EcoAnalysts Inc.","A. Navesky",,,
"3c322767-e8ac-4be5-8877-7ce756bffc86","D03","BARC","BARC.AOS.riparian.point.07","2019-11-06T13:21Z","2020-03-16","BARC.20191106.BENTHICSWEEP.7","A00000128998",,"CALSP14","Y","Callibaetis sp.",,"genus","Arthropoda","Hexapoda","Insecta","Pterygota","Palaeoptera",,"Ephemeroptera","Pisciforma",,,"Baetidae",,,,"Callibaetis","sp.",,"larva",1,,2,7,28,"N","N",,"condition OK","Y",,"Merritt and Cummins 2008","Y","EcoAnalysts Inc.","A. Navesky",,,
"eb64f589-5f4c-42f5-86cb-567cca1ba8c1","D03","BARC","BARC.AOS.riparian.point.01","2019-11-06T13:21Z","2020-03-12","BARC.20191106.BENTHICSWEEP.1","A00000128996",,"CERSP10","Y","Ceratopogoninae sp.",,"subfamily","Arthropoda","Hexapoda","Insecta","Pterygota","Neoptera","Holometabola","Diptera","Nematocera","Culicomorpha",,"Ceratopogonidae","Ceratopogoninae",,,,"sp.",,"larva",2,,1,8,13,"N","Y",,"condition OK","Y",,"Merritt and Cummins 2008","N","EcoAnalysts Inc.","A. Navesky",,,
"04ea487d-8887-47b3-8fa1-37e9a1302f91","D03","BARC","BARC.AOS.littoral2","2019-11-06T13:21Z","2020-03-05","BARC.20191106.PONAR.3","A00000128995","BARC.20191106.PONAR.3_OLIGOCHAETE_2/2|BARC.20191106.PONAR.3_OLIGOCHAETE_1/2","NAISP","Y","Naididae sp.","w/o cap setae","family","Annelida","Clitellata","Oligochaeta","Oligochaeta",,,"Tubificida",,,,"Naididae",,,,,"sp.",,"none",9,,1,100,1,"N","N",,"condition OK","Y",,"Kathman and Brinkhurst 1998","N","EcoAnalysts Inc.","L. Flaherty",,,
"2960a321-de4a-4481-8a0f-a6c0f3a01065","D03","BARC","BARC.AOS.riparian.point.03","2019-11-06T13:21Z","2020-03-12","BARC.20191106.BENTHICSWEEP.3","A00000129000",,"PSESP18","Y","Pseudochironomus sp.",,"genus","Arthropoda","Hexapoda","Insecta","Pterygota","Neoptera","Holometabola","Diptera","Nematocera","Culicomorpha",,"Chironomidae","Chironominae","Pseudochironomini",,"Pseudochironomus","sp.",,"larva",1,"1b",1,10,10,"N","N",,"condition OK","Y",,"Epler 2001","N","EcoAnalysts Inc.","G. Wallace","Fragment",,
"d3b2b450-e6c4-4481-b418-06e43b74f62f","D03","BARC","BARC.AOS.buoy.c0","2019-11-06T13:21Z","2020-03-05","BARC.20191106.PONAR.1","A00000128992","BARC.20191106.PONAR.1_OLIGOCHAETE_1/1","NAISP","Y","Naididae sp.","w/o cap setae","family","Annelida","Clitellata","Oligochaeta","Oligochaeta",,,"Tubificida",,,,"Naididae",,,,,"sp.",,"none",6,"6a",4,94,4,"N","N",,"condition OK","N",,"Kathman and Brinkhurst 1998","N","EcoAnalysts Inc.","L. Flaherty",,,
"c1b639c5-2ee8-4ea8-b8e0-afcdc00ec955","D03","BARC","BARC.AOS.littoral2","2019-11-06T13:21Z","2020-03-05","BARC.20191106.PONAR.3","A00000128995",,"GLOELO","Y","Gloiobdella elongata",,"species","Annelida","Clitellata","Hirudinea","Hirudinea","Euhirudinea",,"Rhynchobdellida",,,,"Glossiphoniidae","Haementeriinae",,,"Gloiobdella","elongata",,"none",7,,1,100,1,"N","N",,"condition OK","Y",,"Klemm 1972; Thorp and Rogers 2016","N","EcoAnalysts Inc.","A. Navesky",,,
"286e61d6-24a5-4c03-ac0a-de907f0aa072","D03","BARC","BARC.AOS.riparian.point.03","2019-11-06T13:21Z","2020-03-12","BARC.20191106.BENTHICSWEEP.3","A00000129000",,"OECSP","Y","Oecetis sp.",,"genus","Arthropoda","Hexapoda","Insecta","Pterygota","Neoptera","Holometabola","Trichoptera",,,"Leptoceroidea","Leptoceridae","Leptocerinae","Oecetini",,"Oecetis","sp.",,"larva",6,,1,10,10,"N","N",,"condition OK","Y",,"Wiggins 1996","N","EcoAnalysts Inc.","A. Navesky","Fragment",,
"dc982a4e-b5f9-48ce-8e93-eeeb0fc73ef8","D03","BARC","BARC.AOS.riparian.point.03","2019-11-06T13:21Z","2020-03-12","BARC.20191106.BENTHICSWEEP.3","A00000129000",,"NEMSP","Y","Nematoda sp.",,"phylum","Nematoda",,,,,,,,,,,,,,,"sp.",,"none",3,,23,10,221,"N","N",,"condition OK","Y",,"Thorp and Covich 2001","N","EcoAnalysts Inc.","A. Navesky",,,
"20ced637-c4e0-4617-a5ab-f5d8bc22e947","D03","BARC","BARC.AOS.buoy.c0","2019-11-06T13:21Z","2020-03-05","BARC.20191106.PONAR.1","A00000128992","BARC.20191106.PONAR.1_OLIGOCHAETE_1/1","NAISP","Y","Naididae sp.","w/o cap setae","family","Annelida","Clitellata","Oligochaeta","Oligochaeta",,,"Tubificida",,,,"Naididae",,,,,"sp.",,"none",18,,1,94,1,"N","N",,"condition OK","N",,"Kathman and Brinkhurst 1998","N","EcoAnalysts Inc.","L. Flaherty",,,
"1d2bf26c-ff9e-436b-bc54-8b40ef65f353","D03","BARC","BARC.AOS.littoral2","2019-11-06T13:21Z","2020-03-05","BARC.20191106.PONAR.3","A00000128995","BARC.20191106.PONAR.3_OLIGOCHAETE_1/2|BARC.20191106.PONAR.3_OLIGOCHAETE_2/2","NAISP","Y","Naididae sp.","w/o cap setae","family","Annelida","Clitellata","Oligochaeta","Oligochaeta",,,"Tubificida",,,,"Naididae",,,,,"sp.",,"none",13,,1,100,1,"N","N",,"condition OK","Y",,"Kathman and Brinkhurst 1998","N","EcoAnalysts Inc.","L. Flaherty",,,
"c0aa6b9f-2ad5-4cb6-8ae7-4c2d1fd6e9f2","D03","BARC","BARC.AOS.riparian.point.07","2019-11-06T13:21Z","2020-03-16","BARC.20191106.BENTHICSWEEP.7","A00000128998",,"NEMSP","Y","Nematoda sp.",,"phylum","Nematoda",,,,,,,,,,,,,,,"sp.",,"none",1,,6,7,85,"N","N",,"condition OK","Y",,"Thorp and Covich 2001","Y","EcoAnalysts Inc.","A. Navesky",,,
"dfeebc5a-2d3a-49e9-ba58-5110912bc12c","D03","BARC","BARC.AOS.riparian.point.05","2019-11-06T13:21Z","2020-03-12","BARC.20191106.BENTHICSWEEP.5","A00000128997",,"TANSP11","Y","Tanytarsus sp.",,"genus","Arthropoda","Hexapoda","Insecta","Pterygota","Neoptera","Holometabola","Diptera","Nematocera","Culicomorpha",,"Chironomidae","Chironominae","Tanytarsini",,"Tanytarsus","sp.",,"larva",4,,1,4,24,"N","N",,"condition OK","Y",,"Epler 2001","N","EcoAnalysts Inc.","G. Wallace",,,
"7f0c7ab6-00fc-4551-842f-9227ba486b05","D03","BARC","BARC.AOS.riparian.point.09","2019-11-06T13:21Z","2020-03-16","BARC.20191106.BENTHICSWEEP.9","A00000128999",,"LABSP","Y","Labrundinia sp.",,"genus","Arthropoda","Hexapoda","Insecta","Pterygota","Neoptera","Holometabola","Diptera","Nematocera","Culicomorpha",,"Chironomidae","Tanypodinae","Pentaneurini",,"Labrundinia","sp.",,"larva",4,,3,8,38,"N","N",,"condition OK","Y",,"Epler 2001","N","EcoAnalysts Inc.","G. Wallace",,,
"846312dc-3b82-4cbb-89de-d1d4d089fe39","D03","BARC","BARC.AOS.buoy.c0","2019-11-06T13:21Z","2020-03-05","BARC.20191106.PONAR.1","A00000128992",,"UNISP4","Y","Unionicola sp.",,"genus","Arthropoda","Chelicerata","Arachnida","Acari",,"Acariformes","Trombidiformes","Prostigmata",,"Hygrobatoidea","Unionicolidae",,,,"Unionicola","sp.",,"none",1,,1,94,1,"N","N",,"condition OK","Y",,"Thorp and Covich 2001","N","EcoAnalysts Inc.","A. Navesky",,,
"11d9aeb0-f98e-4ee5-8e4e-449e44400aae","D03","BARC","BARC.AOS.littoral2","2019-11-06T13:21Z","2020-03-05","BARC.20191106.PONAR.3","A00000128995",,"TRISP18","Y","Tribelos sp.",,"genus","Arthropoda","Hexapoda","Insecta","Pterygota","Neoptera","Holometabola","Diptera","Nematocera","Culicomorpha",,"Chironomidae","Chironominae","Chironomini",,"Tribelos","sp.",,"larva",6,,1,100,1,"N","N",,"condition OK","Y",,"Epler 2001","N","EcoAnalysts Inc.","G. Wallace",,,
"c9eea29d-c998-41d7-a9ec-d064b184b9b8","D03","BARC","BARC.AOS.riparian.point.03","2019-11-06T13:21Z","2020-03-12","BARC.20191106.BENTHICSWEEP.3","A00000129000",,"OECSP","Y","Oecetis sp.",,"genus","Arthropoda","Hexapoda","Insecta","Pterygota","Neoptera","Holometabola","Trichoptera",,,"Leptoceroidea","Leptoceridae","Leptocerinae","Oecetini",,"Oecetis","sp.",,"larva",2,,1,10,10,"N","N",,"condition OK","Y",,"Wiggins 1996","N","EcoAnalysts Inc.","A. Navesky",,,
"847556e1-3178-4fa7-806d-428949714f0f","D03","BARC","BARC.AOS.littoral1","2019-11-06T13:21Z","2020-03-12","BARC.20191106.PONAR.2","A00000128993",,"PROSP23","Y","Procladius sp.",,"genus","Arthropoda","Hexapoda","Insecta","Pterygota","Neoptera","Holometabola","Diptera","Nematocera","Culicomorpha",,"Chironomidae","Tanypodinae","Procladiini",,"Procladius","sp.",,"larva",1,,12,100,12,"N","N",,"condition OK","Y",,"Epler 2001","N","EcoAnalysts Inc.","G. Wallace",,,
"8247a67b-62ea-468a-923b-0833ea75d1c2","D03","BARC","BARC.AOS.riparian.point.07","2019-11-06T13:21Z","2020-03-16","BARC.20191106.BENTHICSWEEP.7","A00000128998",,"PARSP30","Y","Parachironomus sp.",,"genus","Arthropoda","Hexapoda","Insecta","Pterygota","Neoptera","Holometabola","Diptera","Nematocera","Culicomorpha",,"Chironomidae","Chironominae","Chironomini",,"Parachironomus","sp.",,"larva",1,,9,7,128,"N","N",,"condition OK","Y",,"Epler 2001","Y","EcoAnalysts Inc.","G. Wallace","enlarged outer laterals",,
"f9c6a511-6945-4b44-a08f-28aa853eaca7","D03","BARC","BARC.AOS.riparian.point.07","2019-11-06T13:21Z","2020-03-16","BARC.20191106.BENTHICSWEEP.7","A00000128998",,"CLASP6","Y","Cladotanytarsus sp.",,"genus","Arthropoda","Hexapoda","Insecta","Pterygota","Neoptera","Holometabola","Diptera","Nematocera","Culicomorpha",,"Chironomidae","Chironominae","Tanytarsini",,"Cladotanytarsus","sp.",,"larva",1,,5,7,71,"N","N",,"condition OK","Y",,"Epler 2001","Y","EcoAnalysts Inc.","G. Wallace",,,
"5d8a5c5e-7f25-416e-ab68-99bc5b537693","D03","BARC","BARC.AOS.buoy.c0","2019-11-06T13:21Z","2020-03-05","BARC.20191106.PONAR.1","A00000128992",,"CHASP13","Y","Chaoborus sp.",,"genus","Arthropoda","Hexapoda","Insecta","Pterygota","Neoptera","Holometabola","Diptera","Nematocera","Culicomorpha",,"Chaoboridae","Chaoborinae",,,"Chaoborus","sp.",,"larva",6,,11,94,12,"N","N",,"condition OK","Y",,"Merritt Cummins and Berg 2008","N","EcoAnalysts Inc.","A. Navesky",,,
