uid,domainID,siteID,namedLocation,collectDate,identifiedDate,sampleID,sampleCode,slideID,acceptedTaxonID,targetTaxaPresent,scientificName,morphospeciesID,taxonRank,phylum,subphylum,class,subclass,infraclass,superorder,order,suborder,infraorder,superfamily,family,subfamily,tribe,subtribe,genus,specificEpithet,infraspecificEpithet,invertebrateLifeStage,sizeClass,sizeCategory,individualCount,subsamplePercent,estimatedTotalCount,immatureSpecimen,indeterminateSpecies,taxonRankQualifier,sampleCondition,distinctTaxon,identificationQualifier,identificationReferences,qcChecked,laboratoryName,identifiedBy,identificationRemarks,identificationHistoryID,dataQF
"362d7c66-7c87-4e38-8bcc-9d4afad82c90","D18","TOOK","TOOK.AOS.riparian.point.03","2023-07-26T18:18Z","2024-10-06","TOOK.20230726.BENTHICSWEEP.3","A00000302727","BA23NEOMLR13002O1","NAIALP","Y","Nais alpina",,"species","Annelida","Clitellata","Oligochaeta","Oligochaeta",,,"Tubificida",,,,"Naididae","Naidinae",,,"Nais","alpina",,"unknown",3,,1,17,6,"N","N",,"condition OK","Y",,"Kathman and Brinkhurst, 1999","N","Rhithron Associates, Inc.","R. Spring",,,
"f2d48986-51d8-46f7-a927-032998e67a82","D18","TOOK","TOOK.AOS.riparian.point.07","2023-07-26T18:18Z","2024-10-06","TOOK.20230726.BENTHICSWEEP.7","A00000302726","BA23NEOMLR13004O1","ENCSP1","Y","Enchytraeidae sp.",,"family","Annelida","Clitellata","Oligochaeta","Oligochaeta",,,"Enchytraeida",,,,"Enchytraeidae",,,,,"sp.",,"unknown",1,,1,100,1,"N","N",,"condition OK","Y",,"Kathman and Brinkhurst, 1999","Y","Rhithron Associates, Inc.","R. Spring",,,
"da336b80-896b-42ba-8a95-a0f73db0457e","D18","TOOK","TOOK.AOS.littoral3","2023-07-26T18:18Z","2024-10-04","TOOK.20230726.PONAR.3","A00000302737",,"PISSP2","Y","Pisidiidae sp.",,"family","Mollusca",,"Bivalvia","Heterodonta",,,"Veneroida",,,"Corbiculoidea","Pisidiidae",,,,,"sp.",,"immature",2,,5,100,5,"Y","N",,"condition OK","Y",,"Mackie 2007; Thorp and Rogers 2016","N","Rhithron Associates, Inc.","S. Sullivan",,,
"ec94f083-3f39-404f-bcde-f7ee4858d7c2","D18","TOOK","TOOK.AOS.littoral3","2023-07-26T18:18Z","2024-10-04","TOOK.20230726.PONAR.3","A00000302737",,"VALMER","Y","Valvata mergella",,"species","Mollusca",,"Gastropoda",,,,"Heterostropha",,,,"Valvatidae",,,,"Valvata","mergella",,"unknown",3,,2,100,2,"N","N",,"condition OK","Y",,"Burch 1989; Thorp and Rogers 2016","N","Rhithron Associates, Inc.","S. Sullivan",,,
"0180451d-0af2-4492-8b2c-954754a46a94","D18","TOOK","TOOK.AOS.buoy.c0","2023-07-26T18:18Z","2024-10-06","TOOK.20230726.PONAR.1","A00000302722",,"STISP2","Y","Stictochironomus sp.",,"genus","Arthropoda","Hexapoda","Insecta","Pterygota","Neoptera","Holometabola","Diptera","Nematocera","Culicomorpha",,"Chironomidae","Chironominae","Chironomini",,"Stictochironomus","sp.",,"larva",12,,1,100,1,"N","N",,"condition OK","Y",,"Weiderholm, 1983; Weiderholm, 1986; Epler 2001; Ferrington et al. 2019; Andersen, Cranston and Epler 2013","N","Rhithron Associates, Inc.","R. Spring",,,
"92b21767-e423-4a6e-82b0-d0eb9d8f7ed5","D18","TOOK","TOOK.AOS.buoy.c0","2023-07-26T18:18Z","2024-10-06","TOOK.20230726.PONAR.1","A00000302722",,"STISP2","Y","Stictochironomus sp.",,"genus","Arthropoda","Hexapoda","Insecta","Pterygota","Neoptera","Holometabola","Diptera","Nematocera","Culicomorpha",,"Chironomidae","Chironominae","Chironomini",,"Stictochironomus","sp.",,"larva",5,,3,100,3,"N","N",,"condition OK","Y",,"Weiderholm, 1983; Weiderholm, 1986; Epler 2001; Ferrington et al. 2019; Andersen, Cranston and Epler 2013","N","Rhithron Associates, Inc.","R. Spring",,,
"241f4632-660c-4caf-9293-cdfdd4cbab16","D18","TOOK","TOOK.AOS.littoral2","2023-07-26T18:18Z","2024-10-06","TOOK.20230726.PONAR.2","A00000302723",,"PARSP34","Y","Paratanytarsus sp.",,"genus","Arthropoda","Hexapoda","Insecta","Pterygota","Neoptera","Holometabola","Diptera","Nematocera","Culicomorpha",,"Chironomidae","Chironominae","Tanytarsini",,"Paratanytarsus","sp.",,"larva",2,,4,100,4,"N","N",,"condition OK","Y",,"Weiderholm, 1983; Weiderholm, 1986; Epler 2001; Ferrington et al. 2019; Andersen, Cranston and Epler 2013","N","Rhithron Associates, Inc.","R. Spring",,,
"612aaac2-f303-4c63-b7c0-9c7499bc134e","D18","TOOK","TOOK.AOS.littoral3","2023-07-26T18:18Z","2024-10-04","TOOK.20230726.PONAR.3","A00000302737",,"PISSP2","Y","Pisidiidae sp.",,"family","Mollusca",,"Bivalvia","Heterodonta",,,"Veneroida",,,"Corbiculoidea","Pisidiidae",,,,,"sp.",,"immature",3,,7,100,7,"Y","N",,"condition OK","Y",,"Mackie 2007; Thorp and Rogers 2016","N","Rhithron Associates, Inc.","S. Sullivan",,,
"300f13d9-97d1-458b-b64f-41d7e8284fcc","D18","TOOK","TOOK.AOS.littoral3","2023-07-26T18:18Z","2024-10-06","TOOK.20230726.PONAR.3","A00000302737",,"TANSP11","Y","Tanytarsus sp.",,"genus","Arthropoda","Hexapoda","Insecta","Pterygota","Neoptera","Holometabola","Diptera","Nematocera","Culicomorpha",,"Chironomidae","Chironominae","Tanytarsini",,"Tanytarsus","sp.",,"pupa",4,,4,100,4,"N","N",,"condition OK","N",,"Weiderholm, 1983; Weiderholm, 1986; Epler 2001; Ferrington et al. 2019; Andersen, Cranston and Epler 2013","N","Rhithron Associates, Inc.","R. Spring",,,
"ab1b2d7d-0f1e-4138-a7ff-5548542f00cb","D18","TOOK","TOOK.AOS.riparian.point.01","2023-07-26T18:18Z","2024-10-06","TOOK.20230726.BENTHICSWEEP.1","A00000302724","BA23NEOMLR13001O2","NAISP","Y","Naididae sp.",,"family","Annelida","Clitellata","Oligochaeta","Oligochaeta",,,"Tubificida",,,,"Naididae",,,,,"sp.",,"immature",2,,2,100,2,"Y","N",,"condition OK","Y",,"Kathman and Brinkhurst, 1999","N","Rhithron Associates, Inc.","R. Spring","w/hc rhyacodrilinae/tubificinae",,
"1bf56085-caf4-4e02-b334-168e93f7cb7e","D18","TOOK","TOOK.AOS.buoy.c0","2023-07-26T18:18Z","2024-10-06","TOOK.20230726.PONAR.1","A00000302722",,"ZALSP","Y","Zalutschia sp.",,"genus","Arthropoda","Hexapoda","Insecta","Pterygota","Neoptera","Holometabola","Diptera","Nematocera","Culicomorpha",,"Chironomidae","Orthocladiinae",,,"Zalutschia","sp.",,"larva",8,,1,100,1,"N","N",,"condition OK","Y",,"Weiderholm, 1983; Weiderholm, 1986; Epler 2001; Ferrington et al. 2019; Andersen, Cranston and Epler 2013","N","Rhithron Associates, Inc.","R. Spring",,,
"204067df-3f7d-4cb7-b218-74c068d95987","D18","TOOK","TOOK.AOS.riparian.point.03","2023-07-26T18:18Z","2024-10-04","TOOK.20230726.BENTHICSWEEP.3","A00000302727",,"TANSP11","Y","Tanytarsus sp.",,"genus","Arthropoda","Hexapoda","Insecta","Pterygota","Neoptera","Holometabola","Diptera","Nematocera","Culicomorpha",,"Chironomidae","Chironominae","Tanytarsini",,"Tanytarsus","sp.",,"larva",4,,1,17,6,"N","N",,"condition OK","Y",,"Weiderholm, 1983; Weiderholm, 1986; Epler 2001; Ferrington et al. 2019; Andersen, Cranston and Epler 2013","N","Rhithron Associates, Inc.","A. Fasbender",,,
"7ecb53d1-66f3-4b2a-b25e-b9db62923432","D18","TOOK","TOOK.AOS.riparian.point.03","2023-07-26T18:18Z","2024-10-04","TOOK.20230726.BENTHICSWEEP.3","A00000302727",,"TANSP11","Y","Tanytarsus sp.",,"genus","Arthropoda","Hexapoda","Insecta","Pterygota","Neoptera","Holometabola","Diptera","Nematocera","Culicomorpha",,"Chironomidae","Chironominae","Tanytarsini",,"Tanytarsus","sp.",,"larva",2,,1,17,6,"N","N",,"condition OK","Y",,"Weiderholm, 1983; Weiderholm, 1986; Epler 2001; Ferrington et al. 2019; Andersen, Cranston and Epler 2013","N","Rhithron Associates, Inc.","A. Fasbender",,,
"95cc8d4c-0037-438f-8a93-3e4bdbdcadaa","D18","TOOK","TOOK.AOS.riparian.point.07","2023-07-26T18:18Z","2024-10-06","TOOK.20230726.BENTHICSWEEP.7","A00000302726",,"CORSP19","Y","Corynoneura sp.",,"genus","Arthropoda","Hexapoda","Insecta","Pterygota","Neoptera","Holometabola","Diptera","Nematocera","Culicomorpha",,"Chironomidae","Orthocladiinae",,,"Corynoneura","sp.",,"larva",1,,9,100,9,"N","N",,"condition OK","Y",,"Weiderholm, 1983; Weiderholm, 1986; Epler 2001; Ferrington et al. 2019; Andersen, Cranston and Epler 2013","Y","Rhithron Associates, Inc.","R. Spring",,,
"75f94a5c-09ab-4407-85c8-c18bc684dafa","D18","TOOK","TOOK.AOS.littoral2","2023-07-26T18:18Z","2024-10-06","TOOK.20230726.PONAR.2","A00000302723","BA23NEOMLR13007O1","ENCSP1","Y","Enchytraeidae sp.",,"family","Annelida","Clitellata","Oligochaeta","Oligochaeta",,,"Enchytraeida",,,,"Enchytraeidae",,,,,"sp.",,"unknown",3,,1,100,1,"N","N",,"condition OK","Y",,"Kathman and Brinkhurst, 1999","N","Rhithron Associates, Inc.","R. Spring",,,
"edec15fb-e72e-4555-a451-3fa15feca711","D18","TOOK","TOOK.AOS.riparian.point.05","2023-07-26T18:18Z","2024-10-06","TOOK.20230726.BENTHICSWEEP.5","A00000302728","BA23NEOMLR13003O4","NAISP","Y","Naididae sp.",,"family","Annelida","Clitellata","Oligochaeta","Oligochaeta",,,"Tubificida",,,,"Naididae",,,,,"sp.",,"immature",2,,2,100,2,"Y","N",,"condition OK","Y",,"Kathman and Brinkhurst, 1999","N","Rhithron Associates, Inc.","R. Spring","w/hc rhyacodrilinae/tubificinae",,
"c5476544-a780-4c58-af18-85a19b761078","D18","TOOK","TOOK.AOS.riparian.point.07","2023-07-26T18:18Z","2024-10-07","TOOK.20230726.BENTHICSWEEP.7","A00000302726",,"COLSP1","Y","Collembola sp.",,"order","Arthropoda","Hexapoda","Collembola",,,,"Collembola",,,,,,,,,"sp.",,"unknown",1,,45,100,45,"N","N",,"condition OK","Y",,"Merritt et al. 2019","Y","Rhithron Associates, Inc.","S. Sullivan",,,
"5084d28a-1925-4de3-9d14-a1947e7f816d","D18","TOOK","TOOK.AOS.riparian.point.09","2023-07-26T18:18Z","2024-10-07","TOOK.20230726.BENTHICSWEEP.9","A00000302738",,"GYRSP1","Y","Gyraulus sp.",,"genus","Mollusca",,"Gastropoda",,,,"Basommatophora",,,,"Planorbidae",,,,"Gyraulus","sp.",,"unknown",2,,25,70,36,"N","N",,"condition OK","Y",,"Burch 1989; Thorp and Rogers 2016","N","Rhithron Associates, Inc.","S. Sullivan",,,
"2e31d752-72d6-4284-8f4c-4b1491dd74b3","D18","TOOK","TOOK.AOS.riparian.point.05","2023-07-26T18:18Z","2024-10-06","TOOK.20230726.BENTHICSWEEP.5","A00000302728","BA23NEOMLR13003O1","ENCSP1","Y","Enchytraeidae sp.",,"family","Annelida","Clitellata","Oligochaeta","Oligochaeta",,,"Enchytraeida",,,,"Enchytraeidae",,,,,"sp.",,"unknown",2,,1,100,1,"N","N",,"condition OK","Y",,"Kathman and Brinkhurst, 1999","N","Rhithron Associates, Inc.","R. Spring",,,
"6af79f47-2ead-4e9a-bb71-c3098e66570a","D18","TOOK","TOOK.AOS.riparian.point.09","2023-07-26T18:18Z","2024-10-06","TOOK.20230726.BENTHICSWEEP.9","A00000302738",,"PARSP25","Y","Parakiefferiella sp.",,"genus","Arthropoda","Hexapoda","Insecta","Pterygota","Neoptera","Holometabola","Diptera","Nematocera","Culicomorpha",,"Chironomidae","Orthocladiinae",,,"Parakiefferiella","sp.",,"larva",3,,1,70,1,"N","N",,"condition OK","Y",,"Weiderholm, 1983; Weiderholm, 1986; Epler 2001; Ferrington et al. 2019; Andersen, Cranston and Epler 2013","N","Rhithron Associates, Inc.","R. Spring",,,
"c22c1a59-f4c4-48e3-a426-d44268889127","D18","TOOK","TOOK.AOS.riparian.point.03","2023-07-26T18:18Z","2024-10-04","TOOK.20230726.BENTHICSWEEP.3","A00000302727",,"HALSP1","Y","Halacaridae sp.",,"family","Arthropoda","Chelicerata","Arachnida","Acari",,"Acariformes","Trombidiformes","Prostigmata",,"Halacaroidea","Halacaridae",,,,,"sp.",,"adult",1,,44,17,259,"N","N",,"condition OK","Y",,"Thorp and Rogers 2016","N","Rhithron Associates, Inc.","J. Webb",,,
"04506fa6-e6d9-4736-bf04-8f03512184b2","D18","TOOK","TOOK.AOS.riparian.point.05","2023-07-26T18:18Z","2024-10-07","TOOK.20230726.BENTHICSWEEP.5","A00000302728",,"LEBSP1","Y","Lebertia sp.",,"genus","Arthropoda","Chelicerata","Arachnida","Acari",,"Acariformes","Trombidiformes","Prostigmata",,"Lebertioidea","Lebertiidae",,,,"Lebertia","sp.",,"adult",1,,6,100,6,"N","N",,"condition OK","Y",,"Thorp and Rogers 2016","N","Rhithron Associates, Inc.","J. Webb",,,
"ad5fffc4-c228-4be2-bbc6-6dbae5e76a97","D18","TOOK","TOOK.AOS.riparian.point.01","2023-07-26T18:18Z","2024-10-04","TOOK.20230726.BENTHICSWEEP.1","A00000302724",,"VALSP3","Y","Valvata sp.",,"genus","Mollusca",,"Gastropoda",,,,"Heterostropha",,,,"Valvatidae",,,,"Valvata","sp.",,"immature",2,,1,100,1,"Y","N",,"condition OK","Y",,"Thorp and Rogers 2016","N","Rhithron Associates, Inc.","J. Webb",,,
"abdf931a-d2a1-47c7-9b22-0426b467244e","D18","TOOK","TOOK.AOS.buoy.c0","2023-07-26T18:18Z","2024-10-06","TOOK.20230726.PONAR.1","A00000302722",,"PROSP23","Y","Procladius sp.",,"genus","Arthropoda","Hexapoda","Insecta","Pterygota","Neoptera","Holometabola","Diptera","Nematocera","Culicomorpha",,"Chironomidae","Tanypodinae","Procladiini",,"Procladius","sp.",,"larva",4,,1,100,1,"N","N",,"condition OK","Y",,"Weiderholm, 1983; Weiderholm, 1986; Epler 2001; Ferrington et al. 2019; Andersen, Cranston and Epler 2013","N","Rhithron Associates, Inc.","R. Spring",,,
"9bd88d56-12a0-460d-94f5-0ca26336f4e5","D18","TOOK","TOOK.AOS.riparian.point.01","2023-07-26T18:18Z","2024-10-04","TOOK.20230726.BENTHICSWEEP.1","A00000302724",,"HYDSP26","Y","Hydrobaenus sp.",,"genus","Arthropoda","Hexapoda","Insecta","Pterygota","Neoptera","Holometabola","Diptera","Nematocera","Culicomorpha",,"Chironomidae","Orthocladiinae",,,"Hydrobaenus","sp.",,"larva",2,,2,100,2,"N","N",,"condition OK","Y",,"Weiderholm, 1983; Weiderholm, 1986; Epler 2001; Ferrington et al. 2019; Andersen, Cranston and Epler 2013","N","Rhithron Associates, Inc.","A. Fasbender",,,
"e251c6eb-d0b6-4249-aa25-81e68725db69","D18","TOOK","TOOK.AOS.riparian.point.01","2023-07-26T18:18Z","2024-10-04","TOOK.20230726.BENTHICSWEEP.1","A00000302724",,"CORSP19","Y","Corynoneura sp.",,"genus","Arthropoda","Hexapoda","Insecta","Pterygota","Neoptera","Holometabola","Diptera","Nematocera","Culicomorpha",,"Chironomidae","Orthocladiinae",,,"Corynoneura","sp.",,"larva",2,,38,100,38,"N","N",,"condition OK","Y",,"Weiderholm, 1983; Weiderholm, 1986; Epler 2001; Ferrington et al. 2019; Andersen, Cranston and Epler 2013","N","Rhithron Associates, Inc.","A. Fasbender",,,
"da4dcb7c-d56b-47ef-a604-e28c5eda53dc","D18","TOOK","TOOK.AOS.riparian.point.09","2023-07-26T18:18Z","2024-10-06","TOOK.20230726.BENTHICSWEEP.9","A00000302738",,"HYDSP26","Y","Hydrobaenus sp.",,"genus","Arthropoda","Hexapoda","Insecta","Pterygota","Neoptera","Holometabola","Diptera","Nematocera","Culicomorpha",,"Chironomidae","Orthocladiinae",,,"Hydrobaenus","sp.",,"larva",1,,2,70,3,"N","N",,"condition OK","Y",,"Weiderholm, 1983; Weiderholm, 1986; Epler 2001; Ferrington et al. 2019; Andersen, Cranston and Epler 2013","N","Rhithron Associates, Inc.","R. Spring",,,
"a639625e-557c-43f7-8ed1-8eb96d700c2d","D18","TOOK","TOOK.AOS.riparian.point.07","2023-07-26T18:18Z","2024-10-07","TOOK.20230726.BENTHICSWEEP.7","A00000302726",,"SPESP4","Y","Sperchon sp.",,"genus","Arthropoda","Chelicerata","Arachnida","Acari",,"Acariformes","Trombidiformes","Prostigmata",,"Lebertioidea","Sperchontidae",,,,"Sperchon","sp.",,"adult",1,,1,100,1,"N","N",,"condition OK","Y",,"Thorp and Rogers 2016","Y","Rhithron Associates, Inc.","S. Sullivan",,,
"05ed6fb8-a9a3-4b5c-bf97-2435eb8157b3","D18","TOOK","TOOK.AOS.riparian.point.05","2023-07-26T18:18Z","2024-10-07","TOOK.20230726.BENTHICSWEEP.5","A00000302728",,"LIMSP32","Y","Limnesia sp.",,"genus","Arthropoda","Chelicerata","Arachnida","Acari",,"Acariformes","Trombidiformes","Prostigmata",,"Hygrobatoidea","Limnesiidae",,,,"Limnesia","sp.",,"adult",1,,1,100,1,"N","N",,"condition OK","Y",,"Thorp and Rogers 2016","N","Rhithron Associates, Inc.","J. Webb",,,
"be3cd25d-bf09-483b-9dae-9fabd393d04c","D18","TOOK","TOOK.AOS.littoral3","2023-07-26T18:18Z","2024-10-06","TOOK.20230726.PONAR.3","A00000302737",,"PHASP9","Y","Phaenopsectra sp.",,"genus","Arthropoda","Hexapoda","Insecta","Pterygota","Neoptera","Holometabola","Diptera","Nematocera","Culicomorpha",,"Chironomidae","Chironominae","Chironomini",,"Phaenopsectra","sp.",,"larva",7,,1,100,1,"N","N",,"condition OK","Y",,"Weiderholm, 1983; Weiderholm, 1986; Epler 2001; Ferrington et al. 2019; Andersen, Cranston and Epler 2013","N","Rhithron Associates, Inc.","R. Spring",,,
"354c7109-4ccd-41e1-b35e-b66c63efa0f3","D18","TOOK","TOOK.AOS.riparian.point.09","2023-07-26T18:18Z","2024-10-07","TOOK.20230726.BENTHICSWEEP.9","A00000302738",,"NEMSP","Y","Nematoda sp.",,"phylum","Nematoda",,,,,,,,,,,,,,,"sp.",,"unknown",2,,32,70,46,"N","N",,"condition OK","Y",,"Thorp and Rogers 2016","N","Rhithron Associates, Inc.","S. Sullivan",,,
"9d346704-c679-4e87-92fd-847be999d36d","D18","TOOK","TOOK.AOS.riparian.point.09","2023-07-26T18:18Z","2024-10-07","TOOK.20230726.BENTHICSWEEP.9","A00000302738",,"GREPRA","Y","Grensia praeterita",,"species","Arthropoda","Hexapoda","Insecta","Pterygota","Neoptera","Holometabola","Trichoptera",,,"Limnephiloidea","Limnephilidae","Limnephilinae","Chilostigmini",,"Grensia","praeterita",,"larva",6,,36,70,51,"N","N",,"condition OK","Y",,"Wiggins 1996; Merritt et al. 2019","N","Rhithron Associates, Inc.","S. Sullivan",,,
"c6142587-ead1-4c76-ab51-5fbabe50459d","D18","TOOK","TOOK.AOS.riparian.point.09","2023-07-26T18:18Z","2024-10-06","TOOK.20230726.BENTHICSWEEP.9","A00000302738","BA23NEOMLR13005O1","NAIALP","Y","Nais alpina",,"species","Annelida","Clitellata","Oligochaeta","Oligochaeta",,,"Tubificida",,,,"Naididae","Naidinae",,,"Nais","alpina",,"unknown",1,,4,70,6,"N","N",,"condition OK","Y",,"Kathman and Brinkhurst, 1999","N","Rhithron Associates, Inc.","R. Spring",,,
"331bf507-c332-49fa-ab38-d4b483536826","D18","TOOK","TOOK.AOS.riparian.point.01","2023-07-26T18:18Z","2024-10-04","TOOK.20230726.BENTHICSWEEP.1","A00000302724",,"LIMSP23","Y","Limnophyes sp.",,"genus","Arthropoda","Hexapoda","Insecta","Pterygota","Neoptera","Holometabola","Diptera","Nematocera","Culicomorpha",,"Chironomidae","Orthocladiinae",,,"Limnophyes","sp.",,"larva",1,,6,100,6,"N","N",,"condition OK","Y",,"Weiderholm, 1983; Weiderholm, 1986; Epler 2001; Ferrington et al. 2019; Andersen, Cranston and Epler 2013","N","Rhithron Associates, Inc.","A. Fasbender",,,
"204b5676-7d48-42a0-a9b3-ffd7f4eaa8e0","D18","TOOK","TOOK.AOS.riparian.point.03","2023-07-26T18:18Z","2024-10-04","TOOK.20230726.BENTHICSWEEP.3","A00000302727",,"MICSP6","Y","Micropsectra sp.",,"genus","Arthropoda","Hexapoda","Insecta","Pterygota","Neoptera","Holometabola","Diptera","Nematocera","Culicomorpha",,"Chironomidae","Chironominae","Tanytarsini",,"Micropsectra","sp.",,"larva",5,,1,17,6,"N","N",,"condition OK","Y",,"Weiderholm, 1983; Weiderholm, 1986; Epler 2001; Ferrington et al. 2019; Andersen, Cranston and Epler 2013","N","Rhithron Associates, Inc.","A. Fasbender",,,
"5d767ba0-2c5a-42c3-bbb2-2e2791659527","D18","TOOK","TOOK.AOS.riparian.point.03","2023-07-26T18:18Z","2024-10-04","TOOK.20230726.BENTHICSWEEP.3","A00000302727",,"CORSP19","Y","Corynoneura sp.",,"genus","Arthropoda","Hexapoda","Insecta","Pterygota","Neoptera","Holometabola","Diptera","Nematocera","Culicomorpha",,"Chironomidae","Orthocladiinae",,,"Corynoneura","sp.",,"larva",2,,24,17,141,"N","N",,"condition OK","Y",,"Weiderholm, 1983; Weiderholm, 1986; Epler 2001; Ferrington et al. 2019; Andersen, Cranston and Epler 2013","N","Rhithron Associates, Inc.","A. Fasbender",,,
"c047786c-d7cc-42b9-8130-9c7eb5b447a1","D18","TOOK","TOOK.AOS.littoral3","2023-07-26T18:18Z","2024-10-06","TOOK.20230726.PONAR.3","A00000302737",,"CORSP26","Y","Corynocera sp.",,"genus","Arthropoda","Hexapoda","Insecta","Pterygota","Neoptera","Holometabola","Diptera","Nematocera","Culicomorpha",,"Chironomidae","Chironominae","Tanytarsini",,"Corynocera","sp.",,"larva",7,,27,100,27,"N","N",,"condition OK","Y",,"Weiderholm, 1983; Weiderholm, 1986; Epler 2001; Ferrington et al. 2008; Andersen, Cranston and Epler 2013","N","Rhithron Associates, Inc.","R. Spring",,,
"e12f58d6-9c00-4aad-8ab5-72136bfb0b73","D18","TOOK","TOOK.AOS.riparian.point.09","2023-07-26T18:18Z","2024-10-07","TOOK.20230726.BENTHICSWEEP.9","A00000302738",,"STASP3","Y","Stagnicola sp.",,"genus","Mollusca",,"Gastropoda",,,,"Basommatophora",,,,"Lymnaeidae",,,,"Stagnicola","sp.",,"unknown",15,,1,70,1,"N","N",,"condition OK","Y",,"Burch 1989; Thorp and Rogers 2016","N","Rhithron Associates, Inc.","S. Sullivan",,,
"76e78357-5182-420d-b9cd-8c201c144b25","D18","TOOK","TOOK.AOS.riparian.point.03","2023-07-26T18:18Z","2024-10-06","TOOK.20230726.BENTHICSWEEP.3","A00000302727","BA23NEOMLR13002O1","ENCSP1","Y","Enchytraeidae sp.",,"family","Annelida","Clitellata","Oligochaeta","Oligochaeta",,,"Enchytraeida",,,,"Enchytraeidae",,,,,"sp.",,"unknown",1,,1,17,6,"N","N",,"condition OK","Y",,"Kathman and Brinkhurst, 1999","N","Rhithron Associates, Inc.","R. Spring",,,
"f026e1bd-5cfa-4fe1-8fa6-a1d90dd20246","D18","TOOK","TOOK.AOS.riparian.point.07","2023-07-26T18:18Z","2024-10-06","TOOK.20230726.BENTHICSWEEP.7","A00000302726","BA23NEOMLR13004O1","NAISP","Y","Naididae sp.",,"family","Annelida","Clitellata","Oligochaeta","Oligochaeta",,,"Tubificida",,,,"Naididae",,,,,"sp.",,"immature",4,,2,100,2,"Y","N",,"condition OK","Y",,"Kathman and Brinkhurst, 1999","Y","Rhithron Associates, Inc.","R. Spring","w/hc rhyacodrilinae/tubificinae",,
"3ce953d3-3eed-4ddb-8c84-4f8c5da438fb","D18","TOOK","TOOK.AOS.littoral3","2023-07-26T18:18Z","2024-10-04","TOOK.20230726.PONAR.3","A00000302737",,"VALMER","Y","Valvata mergella",,"species","Mollusca",,"Gastropoda",,,,"Heterostropha",,,,"Valvatidae",,,,"Valvata","mergella",,"unknown",5,,6,100,6,"N","N",,"condition OK","Y",,"Burch 1989; Thorp and Rogers 2016","N","Rhithron Associates, Inc.","S. Sullivan",,,
"0a69a89b-58a9-43bc-acc6-55e41b6d8224","D18","TOOK","TOOK.AOS.riparian.point.07","2023-07-26T18:18Z","2024-10-07","TOOK.20230726.BENTHICSWEEP.7","A00000302726",,"ACASP1","Y","Acari sp.",,"subclass","Arthropoda","Chelicerata","Arachnida","Acari",,,,,,,,,,,,"sp.",,"larva",1,,2,100,2,"N","N",,"condition OK","N",,"Thorp and Rogers 2016","Y","Rhithron Associates, Inc.","S. Sullivan",,,
"e79eb617-3d41-4bda-b5d5-7de2e187be7a","D18","TOOK","TOOK.AOS.littoral3","2023-07-26T18:18Z","2024-10-06","TOOK.20230726.PONAR.3","A00000302737","BA23NEOMLR13008O1","NAISP","Y","Naididae sp.",,"family","Annelida","Clitellata","Oligochaeta","Oligochaeta",,,"Tubificida",,,,"Naididae",,,,,"sp.",,"immature",3,,2,100,2,"Y","N",,"condition OK","Y",,"Kathman and Brinkhurst, 1999","N","Rhithron Associates, Inc.","R. Spring","w/hc rhyacodrilinae/tubificinae",,
"abbd8b7b-03fb-4f30-859a-2660a7d33fe4","D18","TOOK","TOOK.AOS.riparian.point.03","2023-07-26T18:18Z","2024-10-04","TOOK.20230726.BENTHICSWEEP.3","A00000302727",,"NEMSP","Y","Nematoda sp.",,"phylum","Nematoda",,,,,,,,,,,,,,,"sp.",,"unknown",2,,13,17,76,"N","N",,"condition OK","Y",,"Thorp and Rogers 2016","N","Rhithron Associates, Inc.","J. Webb",,,
"ef5cce16-5ae8-4045-af3c-5e839aa9486a","D18","TOOK","TOOK.AOS.riparian.point.01","2023-07-26T18:18Z","2024-10-04","TOOK.20230726.BENTHICSWEEP.1","A00000302724",,"TRISP","Y","Trichoptera sp.",,"order","Arthropoda","Hexapoda","Insecta","Pterygota","Neoptera","Holometabola","Trichoptera",,,,,,,,,"sp.",,"larva",1,,1,100,1,"Y","N","early instar","condition OK","Y",,"Merritt et al. 2019; Wiggins 1996","N","Rhithron Associates, Inc.","J. Webb","Brachycentridae?",,
"b4025a88-58a2-41e2-abb4-70caef27dfd5","D18","TOOK","TOOK.AOS.riparian.point.07","2023-07-26T18:18Z","2024-10-06","TOOK.20230726.BENTHICSWEEP.7","A00000302726","BA23NEOMLR13004O1","ENCSP1","Y","Enchytraeidae sp.",,"family","Annelida","Clitellata","Oligochaeta","Oligochaeta",,,"Enchytraeida",,,,"Enchytraeidae",,,,,"sp.",,"unknown",4,,2,100,2,"N","N",,"condition OK","Y",,"Kathman and Brinkhurst, 1999","Y","Rhithron Associates, Inc.","R. Spring",,,
"a3b60350-6eb0-498c-bdc6-853f9f0cf69f","D18","TOOK","TOOK.AOS.buoy.c0","2023-07-26T18:18Z","2024-10-06","TOOK.20230726.PONAR.1","A00000302722",,"MICSP6","Y","Micropsectra sp.",,"genus","Arthropoda","Hexapoda","Insecta","Pterygota","Neoptera","Holometabola","Diptera","Nematocera","Culicomorpha",,"Chironomidae","Chironominae","Tanytarsini",,"Micropsectra","sp.",,"larva",5,,3,100,3,"N","N",,"condition OK","Y",,"Weiderholm, 1983; Weiderholm, 1986; Epler 2001; Ferrington et al. 2019; Andersen, Cranston and Epler 2013","N","Rhithron Associates, Inc.","R. Spring",,,
"ed8fb7f8-3f91-42cd-bbff-ce6a6e713bb8","D18","TOOK","TOOK.AOS.littoral2","2023-07-26T18:18Z","2024-10-06","TOOK.20230726.PONAR.2","A00000302723",,"TANSP8","Y","Tanytarsini sp.",,"tribe","Arthropoda","Hexapoda","Insecta","Pterygota","Neoptera","Holometabola","Diptera","Nematocera","Culicomorpha",,"Chironomidae","Chironominae","Tanytarsini",,,"sp.",,"pupa",2,,1,100,1,"N","N","damaged","damaged, affecting taxonomy and measurement","N",,"Weiderholm, 1983; Weiderholm, 1986; Epler 2001; Ferrington et al. 2019; Andersen, Cranston and Epler 2013","N","Rhithron Associates, Inc.","R. Spring",,,
"5cd9d250-67f0-4b02-b8f6-86fb416d86ed","D18","TOOK","TOOK.AOS.littoral2","2023-07-26T18:18Z","2024-10-06","TOOK.20230726.PONAR.2","A00000302723",,"PARSP34","Y","Paratanytarsus sp.",,"genus","Arthropoda","Hexapoda","Insecta","Pterygota","Neoptera","Holometabola","Diptera","Nematocera","Culicomorpha",,"Chironomidae","Chironominae","Tanytarsini",,"Paratanytarsus","sp.",,"larva",3,,1,100,1,"N","N",,"condition OK","Y",,"Weiderholm, 1983; Weiderholm, 1986; Epler 2001; Ferrington et al. 2019; Andersen, Cranston and Epler 2013","N","Rhithron Associates, Inc.","R. Spring",,,
"49b5ae6a-7081-4550-aef5-f4b21ea3666c","D18","TOOK","TOOK.AOS.riparian.point.03","2023-07-26T18:18Z","2024-10-04","TOOK.20230726.BENTHICSWEEP.3","A00000302727",,"CLASP6","Y","Cladotanytarsus sp.",,"genus","Arthropoda","Hexapoda","Insecta","Pterygota","Neoptera","Holometabola","Diptera","Nematocera","Culicomorpha",,"Chironomidae","Chironominae","Tanytarsini",,"Cladotanytarsus","sp.",,"larva",3,,1,17,6,"N","N",,"condition OK","Y",,"Weiderholm, 1983; Weiderholm, 1986; Epler 2001; Ferrington et al. 2019; Andersen, Cranston and Epler 2013","N","Rhithron Associates, Inc.","A. Fasbender",,,
"27f8f942-d103-4406-94e7-3a66ba1f2b16","D18","TOOK","TOOK.AOS.riparian.point.07","2023-07-26T18:18Z","2024-10-07","TOOK.20230726.BENTHICSWEEP.7","A00000302726",,"ORISP1","Y","Oribatida sp.",,"suborder","Arthropoda","Chelicerata","Arachnida","Acari",,"Acariformes","Sarcoptiformes","Oribatida",,,,,,,,"sp.",,"adult",1,,8,100,8,"N","N",,"condition OK","Y",,"Thorp and Rogers 2016","Y","Rhithron Associates, Inc.","S. Sullivan",,,
"45a14a2d-4e57-4d09-b0ed-f77e248370ae","D18","TOOK","TOOK.AOS.riparian.point.03","2023-07-26T18:18Z","2024-10-04","TOOK.20230726.BENTHICSWEEP.3","A00000302727",,"ORISP1","Y","Oribatida sp.",,"suborder","Arthropoda","Chelicerata","Arachnida","Acari",,"Acariformes","Sarcoptiformes","Oribatida",,,,,,,,"sp.",,"adult",1,,18,17,106,"N","N",,"condition OK","Y",,"Thorp and Rogers 2016","N","Rhithron Associates, Inc.","J. Webb",,,
"53da9fac-3a76-4840-b946-1332577b50e9","D18","TOOK","TOOK.AOS.buoy.c0","2023-07-26T18:18Z","2024-10-06","TOOK.20230726.PONAR.1","A00000302722",,"HETSP9","Y","Heterotrissocladius sp.",,"genus","Arthropoda","Hexapoda","Insecta","Pterygota","Neoptera","Holometabola","Diptera","Nematocera","Culicomorpha",,"Chironomidae","Orthocladiinae",,,"Heterotrissocladius","sp.",,"larva",5,,1,100,1,"N","N",,"condition OK","Y",,"Weiderholm, 1983; Weiderholm, 1986; Epler 2001; Ferrington et al. 2019; Andersen, Cranston and Epler 2013","N","Rhithron Associates, Inc.","R. Spring",,,
"3a346c3c-6c5f-4fce-b925-45776b9799a0","D18","TOOK","TOOK.AOS.riparian.point.07","2023-07-26T18:18Z","2024-10-07","TOOK.20230726.BENTHICSWEEP.7","A00000302726",,"LIMSP5","Y","Limnephilidae sp.",,"family","Arthropoda","Hexapoda","Insecta","Pterygota","Neoptera","Holometabola","Trichoptera",,,"Limnephiloidea","Limnephilidae",,,,,"sp.",,"larva",2,,2,100,2,"Y","N","early instar","condition OK","Y",,"Wiggins 1996; Merritt et al. 2019","Y","Rhithron Associates, Inc.","S. Sullivan",,,
"00145ea6-50a9-4c20-883b-ae436cec6589","D18","TOOK","TOOK.AOS.littoral2","2023-07-26T18:18Z","2024-10-04","TOOK.20230726.PONAR.2","A00000302723",,"NEMSP","Y","Nematoda sp.",,"phylum","Nematoda",,,,,,,,,,,,,,,"sp.",,"unknown",3,,29,100,29,"N","N",,"condition OK","Y",,"Thorp and Rogers 2016","N","Rhithron Associates, Inc.","S. Sullivan",,,
"c9ce9b0c-635d-4ac1-ace5-2ba16d017d17","D18","TOOK","TOOK.AOS.riparian.point.03","2023-07-26T18:18Z","2024-10-04","TOOK.20230726.BENTHICSWEEP.3","A00000302727",,"CORSP19","Y","Corynoneura sp.",,"genus","Arthropoda","Hexapoda","Insecta","Pterygota","Neoptera","Holometabola","Diptera","Nematocera","Culicomorpha",,"Chironomidae","Orthocladiinae",,,"Corynoneura","sp.",,"larva",1,,12,17,71,"N","N",,"condition OK","Y",,"Weiderholm, 1983; Weiderholm, 1986; Epler 2001; Ferrington et al. 2019; Andersen, Cranston and Epler 2013","N","Rhithron Associates, Inc.","A. Fasbender",,,
"34ca7695-9228-4298-990f-9b54b595e426","D18","TOOK","TOOK.AOS.riparian.point.07","2023-07-26T18:18Z","2024-10-07","TOOK.20230726.BENTHICSWEEP.7","A00000302726",,"VALSP3","Y","Valvata sp.",,"genus","Mollusca",,"Gastropoda",,,,"Heterostropha",,,,"Valvatidae",,,,"Valvata","sp.",,"immature",2,,2,100,2,"Y","N",,"condition OK","Y",,"Thorp and Rogers 2016","Y","Rhithron Associates, Inc.","S. Sullivan",,,
"45a130e4-e4f7-4149-b7a4-1bf0faa8b365","D18","TOOK","TOOK.AOS.riparian.point.01","2023-07-26T18:18Z","2024-10-04","TOOK.20230726.BENTHICSWEEP.1","A00000302724",,"LIMSP23","Y","Limnophyes sp.",,"genus","Arthropoda","Hexapoda","Insecta","Pterygota","Neoptera","Holometabola","Diptera","Nematocera","Culicomorpha",,"Chironomidae","Orthocladiinae",,,"Limnophyes","sp.",,"larva",2,,4,100,4,"N","N",,"condition OK","Y",,"Weiderholm, 1983; Weiderholm, 1986; Epler 2001; Ferrington et al. 2019; Andersen, Cranston and Epler 2013","N","Rhithron Associates, Inc.","A. Fasbender",,,
"3dff955e-ffd0-48d8-bf29-2b9809e02bb8","D18","TOOK","TOOK.AOS.riparian.point.01","2023-07-26T18:18Z","2024-10-04","TOOK.20230726.BENTHICSWEEP.1","A00000302724",,"CRISP2","Y","Cricotopus sp.",,"genus","Arthropoda","Hexapoda","Insecta","Pterygota","Neoptera","Holometabola","Diptera","Nematocera","Culicomorpha",,"Chironomidae","Orthocladiinae",,,"Cricotopus","sp.",,"larva",2,,1,100,1,"N","N",,"condition OK","Y",,"Weiderholm, 1983; Weiderholm, 1986; Epler 2001; Ferrington et al. 2019; Andersen, Cranston and Epler 2013","N","Rhithron Associates, Inc.","A. Fasbender",,,
"9cf97c85-db04-40f9-8b9c-590b15b79a34","D18","TOOK","TOOK.AOS.riparian.point.03","2023-07-26T18:18Z","2024-10-04","TOOK.20230726.BENTHICSWEEP.3","A00000302727",,"MICSP3","Y","Micrasema sp.",,"genus","Arthropoda","Hexapoda","Insecta","Pterygota","Neoptera","Holometabola","Trichoptera",,,"Limnephiloidea","Brachycentridae",,,,"Micrasema","sp.",,"larva",3,,2,17,12,"N","N",,"condition OK","Y",,"Wiggins 1996; Merritt et al. 2019","N","Rhithron Associates, Inc.","J. Webb",,,
"9c354893-3458-4f23-a0f6-9fddfdbf085a","D18","TOOK","TOOK.AOS.riparian.point.03","2023-07-26T18:18Z","2024-10-04","TOOK.20230726.BENTHICSWEEP.3","A00000302727",,"VALMER","Y","Valvata mergella",,"species","Mollusca",,"Gastropoda",,,,"Heterostropha",,,,"Valvatidae",,,,"Valvata","mergella",,"unknown",5,,1,17,6,"N","N",,"condition OK","Y",,"Burch 1989; Thorp and Rogers 2016","N","Rhithron Associates, Inc.","J. Webb",,,
"5c2df5c4-a12d-489a-bd6f-ded8ffcb5585","D18","TOOK","TOOK.AOS.littoral2","2023-07-26T18:18Z","2024-10-04","TOOK.20230726.PONAR.2","A00000302723",,"VALMER","Y","Valvata mergella",,"species","Mollusca",,"Gastropoda",,,,"Heterostropha",,,,"Valvatidae",,,,"Valvata","mergella",,"unknown",5,,23,100,23,"N","N",,"condition OK","Y",,"Burch 1989; Thorp and Rogers 2016","N","Rhithron Associates, Inc.","S. Sullivan",,,
"9563a441-adea-4a4b-8862-65ff5b377442","D18","TOOK","TOOK.AOS.riparian.point.03","2023-07-26T18:18Z","2024-10-04","TOOK.20230726.BENTHICSWEEP.3","A00000302727",,"HETSP13","Y","Heterotanytarsus sp.",,"genus","Arthropoda","Hexapoda","Insecta","Pterygota","Neoptera","Holometabola","Diptera","Nematocera","Culicomorpha",,"Chironomidae","Orthocladiinae",,,"Heterotanytarsus","sp.",,"larva",3,,5,17,29,"N","N",,"condition OK","Y",,"Weiderholm, 1983; Weiderholm, 1986; Epler 2001; Ferrington et al. 2019; Andersen, Cranston and Epler 2013","N","Rhithron Associates, Inc.","A. Fasbender",,,
"d61391c8-5706-49c8-8a9a-8a51c9bff9d6","D18","TOOK","TOOK.AOS.riparian.point.03","2023-07-26T18:18Z","2024-10-04","TOOK.20230726.BENTHICSWEEP.3","A00000302727",,"MICSP3","Y","Micrasema sp.",,"genus","Arthropoda","Hexapoda","Insecta","Pterygota","Neoptera","Holometabola","Trichoptera",,,"Limnephiloidea","Brachycentridae",,,,"Micrasema","sp.",,"larva",1,,4,17,24,"N","N",,"condition OK","Y",,"Wiggins 1996; Merritt et al. 2019","N","Rhithron Associates, Inc.","J. Webb",,,
"8a240565-51bd-43a0-872e-a62eb2049208","D18","TOOK","TOOK.AOS.riparian.point.07","2023-07-26T18:18Z","2024-10-06","TOOK.20230726.BENTHICSWEEP.7","A00000302726","BA23NEOMLR13004O1","NAICOM","Y","Nais communis/variabilis",,"speciesGroup","Annelida","Clitellata","Oligochaeta","Oligochaeta",,,"Tubificida",,,,"Naididae","Naidinae",,,"Nais","communis/variabilis",,"immature",2,,5,100,5,"Y","N",,"condition OK","Y",,"Kathman and Brinkhurst, 1999","Y","Rhithron Associates, Inc.","R. Spring",,,
"05a025b6-fa1b-4d9d-8ca7-8339634e187e","D18","TOOK","TOOK.AOS.riparian.point.03","2023-07-26T18:18Z","2024-10-04","TOOK.20230726.BENTHICSWEEP.3","A00000302727",,"LIMSP23","Y","Limnophyes sp.",,"genus","Arthropoda","Hexapoda","Insecta","Pterygota","Neoptera","Holometabola","Diptera","Nematocera","Culicomorpha",,"Chironomidae","Orthocladiinae",,,"Limnophyes","sp.",,"larva",2,,3,17,18,"N","N",,"condition OK","Y",,"Weiderholm, 1983; Weiderholm, 1986; Epler 2001; Ferrington et al. 2019; Andersen, Cranston and Epler 2013","N","Rhithron Associates, Inc.","A. Fasbender",,,
"edd13037-b04b-4157-80cb-fca69156a98b","D18","TOOK","TOOK.AOS.riparian.point.03","2023-07-26T18:18Z","2024-10-04","TOOK.20230726.BENTHICSWEEP.3","A00000302727",,"VALMER","Y","Valvata mergella",,"species","Mollusca",,"Gastropoda",,,,"Heterostropha",,,,"Valvatidae",,,,"Valvata","mergella",,"unknown",4,,1,17,6,"N","N",,"condition OK","Y",,"Burch 1989; Thorp and Rogers 2016","N","Rhithron Associates, Inc.","J. Webb",,,
"5ba9899f-21f2-45d3-b0fc-de065e8b209e","D18","TOOK","TOOK.AOS.riparian.point.05","2023-07-26T18:18Z","2024-10-07","TOOK.20230726.BENTHICSWEEP.5","A00000302728",,"DICSP6","Y","Dicranota sp.",,"genus","Arthropoda","Hexapoda","Insecta","Pterygota","Neoptera","Holometabola","Diptera","Nematocera","Tipulomorpha",,"Tipulidae","Limoniinae","Pediciini",,"Dicranota","sp.",,"larva",3,,1,100,1,"N","N",,"condition OK","Y",,"Gelhaus and Podeniene 2018; Merritt et al. 2019","N","Rhithron Associates, Inc.","J. Webb",,,
"89404d11-e1f4-49ce-978d-229e465606da","D18","TOOK","TOOK.AOS.riparian.point.07","2023-07-26T18:18Z","2024-10-07","TOOK.20230726.BENTHICSWEEP.7","A00000302726",,"PLASP2","Y","Planorbidae sp.",,"family","Mollusca",,"Gastropoda",,,,"Basommatophora",,,,"Planorbidae",,,,,"sp.",,"immature",1,,5,100,5,"Y","N",,"condition OK","N",,"Burch 1989; Thorp and Rogers 2016","Y","Rhithron Associates, Inc.","S. Sullivan",,,
"b9f7f950-cd12-4f3f-a90a-69a61b722584","D18","TOOK","TOOK.AOS.buoy.c0","2023-07-26T18:18Z","2024-10-06","TOOK.20230726.PONAR.1","A00000302722",,"ABISP","Y","Abiskomyia sp.",,"genus","Arthropoda","Hexapoda","Insecta","Pterygota","Neoptera","Holometabola","Diptera","Nematocera","Culicomorpha",,"Chironomidae","Orthocladiinae",,,"Abiskomyia","sp.",,"larva",4,,1,100,1,"N","N",,"condition OK","Y",,"Weiderholm, 1983; Weiderholm, 1986; Epler 2001; Ferrington et al. 2008; Andersen, Cranston and Epler 2013","N","Rhithron Associates, Inc.","R. Spring",,,
"7ea3a247-cb1e-449a-963a-773432da33a8","D18","TOOK","TOOK.AOS.riparian.point.09","2023-07-26T18:18Z","2024-10-06","TOOK.20230726.BENTHICSWEEP.9","A00000302738","BA23NEOMLR13005O2","NAICOM","Y","Nais communis/variabilis",,"speciesGroup","Annelida","Clitellata","Oligochaeta","Oligochaeta",,,"Tubificida",,,,"Naididae","Naidinae",,,"Nais","communis/variabilis",,"immature",1,,1,70,1,"Y","N",,"condition OK","Y",,"Kathman and Brinkhurst, 1999","N","Rhithron Associates, Inc.","R. Spring",,,
"21f0d564-1007-4446-9167-f41a36d38758","D18","TOOK","TOOK.AOS.riparian.point.01","2023-07-26T18:18Z","2024-10-04","TOOK.20230726.BENTHICSWEEP.1","A00000302724",,"CRISP2","Y","Cricotopus sp.",,"genus","Arthropoda","Hexapoda","Insecta","Pterygota","Neoptera","Holometabola","Diptera","Nematocera","Culicomorpha",,"Chironomidae","Orthocladiinae",,,"Cricotopus","sp.",,"larva",5,,1,100,1,"N","N",,"condition OK","Y",,"Weiderholm, 1983; Weiderholm, 1986; Epler 2001; Ferrington et al. 2019; Andersen, Cranston and Epler 2013","N","Rhithron Associates, Inc.","A. Fasbender",,,
"8058fb02-4162-4f4e-b7a0-1cd9a594656d","D18","TOOK","TOOK.AOS.riparian.point.05","2023-07-26T18:18Z","2024-10-06","TOOK.20230726.BENTHICSWEEP.5","A00000302728","BA23NEOMLR13003O1","NAIALP","Y","Nais alpina",,"species","Annelida","Clitellata","Oligochaeta","Oligochaeta",,,"Tubificida",,,,"Naididae","Naidinae",,,"Nais","alpina",,"unknown",2,,7,100,7,"N","N",,"condition OK","Y",,"Kathman and Brinkhurst, 1999","N","Rhithron Associates, Inc.","R. Spring",,,
"4e4d5763-acaa-4bc2-9ff0-c6daab4a180e","D18","TOOK","TOOK.AOS.riparian.point.03","2023-07-26T18:18Z","2024-10-04","TOOK.20230726.BENTHICSWEEP.3","A00000302727",,"LYMSP","Y","Lymnaeidae sp.",,"family","Mollusca",,"Gastropoda",,,,"Basommatophora",,,,"Lymnaeidae",,,,,"sp.",,"immature",2,,2,17,12,"Y","N",,"condition OK","N",,"Burch 1989; Thorp and Rogers 2016","N","Rhithron Associates, Inc.","J. Webb",,,
"36f0dd26-39e9-445e-b3e8-6bdb29cc7650","D18","TOOK","TOOK.AOS.riparian.point.03","2023-07-26T18:18Z","2024-10-04","TOOK.20230726.BENTHICSWEEP.3","A00000302727",,"GYRSP1","Y","Gyraulus sp.",,"genus","Mollusca",,"Gastropoda",,,,"Basommatophora",,,,"Planorbidae",,,,"Gyraulus","sp.",,"unknown",1,,18,17,106,"N","N",,"condition OK","Y",,"Burch 1989; Thorp and Rogers 2016","N","Rhithron Associates, Inc.","J. Webb",,,
"870d7c3d-f6d6-439a-bc17-e3725cc58142","D18","TOOK","TOOK.AOS.riparian.point.05","2023-07-26T18:18Z","2024-10-07","TOOK.20230726.BENTHICSWEEP.5","A00000302728",,"ATUSP","Y","Aturidae sp.",,"family","Arthropoda","Chelicerata","Arachnida","Acari",,"Acariformes","Trombidiformes","Prostigmata",,"Hygrobatoidea","Aturidae",,,,,"sp.",,"adult",1,,1,100,1,"N","N","damaged","damaged, affecting taxonomy and measurement","Y",,"Thorp and Rogers 2016","N","Rhithron Associates, Inc.","J. Webb","Axonopsinae",,
"5bbbd7bf-4a70-4163-9231-f116960ff675","D18","TOOK","TOOK.AOS.riparian.point.05","2023-07-26T18:18Z","2024-10-07","TOOK.20230726.BENTHICSWEEP.5","A00000302728",,"CAPSP2","Y","Capniidae sp.",,"family","Arthropoda","Hexapoda","Insecta","Pterygota","Neoptera","Polyneoptera","Plecoptera","Euholognatha",,,"Capniidae",,,,,"sp.",,"larva",1,,2,100,2,"Y","N","early instar","condition OK","Y",,"Stewart and Stark 2002; Merritt et al. 2019","N","Rhithron Associates, Inc.","J. Webb",,,
"5f3bb752-4f39-4c77-908b-83dab2df325b","D18","TOOK","TOOK.AOS.riparian.point.09","2023-07-26T18:18Z","2024-10-06","TOOK.20230726.BENTHICSWEEP.9","A00000302738","BA23NEOMLR13005O1","NAIALP","Y","Nais alpina",,"species","Annelida","Clitellata","Oligochaeta","Oligochaeta",,,"Tubificida",,,,"Naididae","Naidinae",,,"Nais","alpina",,"unknown",2,,5,70,7,"N","N",,"condition OK","Y",,"Kathman and Brinkhurst, 1999","N","Rhithron Associates, Inc.","R. Spring",,,
"34ee1f53-496f-4361-876c-5590d56c981d","D18","TOOK","TOOK.AOS.littoral2","2023-07-26T18:18Z","2024-10-06","TOOK.20230726.PONAR.2","A00000302723",,"PARSP25","Y","Parakiefferiella sp.",,"genus","Arthropoda","Hexapoda","Insecta","Pterygota","Neoptera","Holometabola","Diptera","Nematocera","Culicomorpha",,"Chironomidae","Orthocladiinae",,,"Parakiefferiella","sp.",,"larva",3,,3,100,3,"N","N",,"condition OK","Y",,"Weiderholm, 1983; Weiderholm, 1986; Epler 2001; Ferrington et al. 2019; Andersen, Cranston and Epler 2013","N","Rhithron Associates, Inc.","R. Spring",,,
"d7dac61e-1e46-429b-9185-a20950a6ac32","D18","TOOK","TOOK.AOS.buoy.c0","2023-07-26T18:18Z","2024-10-06","TOOK.20230726.PONAR.1","A00000302722",,"MICSP6","Y","Micropsectra sp.",,"genus","Arthropoda","Hexapoda","Insecta","Pterygota","Neoptera","Holometabola","Diptera","Nematocera","Culicomorpha",,"Chironomidae","Chironominae","Tanytarsini",,"Micropsectra","sp.",,"larva",4,,1,100,1,"N","N",,"condition OK","Y",,"Weiderholm, 1983; Weiderholm, 1986; Epler 2001; Ferrington et al. 2019; Andersen, Cranston and Epler 2013","N","Rhithron Associates, Inc.","R. Spring",,,
"396b8e2d-dc15-47b6-abdc-db56b5d354a2","D18","TOOK","TOOK.AOS.riparian.point.05","2023-07-26T18:18Z","2024-10-07","TOOK.20230726.BENTHICSWEEP.5","A00000302728",,"HYGSP2","Y","Hygrobates sp.",,"genus","Arthropoda","Chelicerata","Arachnida","Acari",,"Acariformes","Trombidiformes","Prostigmata",,"Hygrobatoidea","Hygrobatidae",,,,"Hygrobates","sp.",,"adult",1,,3,100,3,"N","N",,"condition OK","Y",,"Thorp and Rogers 2016","N","Rhithron Associates, Inc.","J. Webb",,,
"0f7eae8f-29b3-400e-8bab-0bedd3585b55","D18","TOOK","TOOK.AOS.riparian.point.01","2023-07-26T18:18Z","2024-10-06","TOOK.20230726.BENTHICSWEEP.1","A00000302724","BA23NEOMLR13001O1","ENCSP1","Y","Enchytraeidae sp.",,"family","Annelida","Clitellata","Oligochaeta","Oligochaeta",,,"Enchytraeida",,,,"Enchytraeidae",,,,,"sp.",,"unknown",5,,1,100,1,"N","N",,"condition OK","Y",,"Kathman and Brinkhurst, 1999","N","Rhithron Associates, Inc.","R. Spring",,,
"2d6d3184-a4b3-452a-9775-bb6b3e78d345","D18","TOOK","TOOK.AOS.riparian.point.05","2023-07-26T18:18Z","2024-10-06","TOOK.20230726.BENTHICSWEEP.5","A00000302728","BA23NEOMLR13003O3","NAIALP","Y","Nais alpina",,"species","Annelida","Clitellata","Oligochaeta","Oligochaeta",,,"Tubificida",,,,"Naididae","Naidinae",,,"Nais","alpina",,"unknown",2,,14,100,14,"N","N",,"condition OK","Y",,"Kathman and Brinkhurst, 1999","N","Rhithron Associates, Inc.","R. Spring",,,
"1df74902-67e2-4966-b086-761ce7d1e08f","D18","TOOK","TOOK.AOS.riparian.point.05","2023-07-26T18:18Z","2024-10-04","TOOK.20230726.BENTHICSWEEP.5","A00000302728",,"ABLSP","Y","Ablabesmyia sp.",,"genus","Arthropoda","Hexapoda","Insecta","Pterygota","Neoptera","Holometabola","Diptera","Nematocera","Culicomorpha",,"Chironomidae","Tanypodinae","Pentaneurini",,"Ablabesmyia","sp.",,"larva",3,,1,100,1,"N","N",,"condition OK","Y",,"Weiderholm, 1983; Weiderholm, 1986; Epler 2001; Ferrington et al. 2019; Andersen, Cranston and Epler 2013","N","Rhithron Associates, Inc.","A. Fasbender",,,
"0cefe6de-1536-40d6-a5dc-cc37ff952a0a","D18","TOOK","TOOK.AOS.littoral2","2023-07-26T18:18Z","2024-10-04","TOOK.20230726.PONAR.2","A00000302723",,"VALMER","Y","Valvata mergella",,"species","Mollusca",,"Gastropoda",,,,"Heterostropha",,,,"Valvatidae",,,,"Valvata","mergella",,"unknown",4,,9,100,9,"N","N",,"condition OK","Y",,"Burch 1989; Thorp and Rogers 2016","N","Rhithron Associates, Inc.","S. Sullivan",,,
"2bf56496-4c20-4d15-8f81-8cbcf49b3bb2","D18","TOOK","TOOK.AOS.riparian.point.01","2023-07-26T18:18Z","2024-10-06","TOOK.20230726.BENTHICSWEEP.1","A00000302724","BA23NEOMLR13001O1","NAISP","Y","Naididae sp.",,"family","Annelida","Clitellata","Oligochaeta","Oligochaeta",,,"Tubificida",,,,"Naididae",,,,,"sp.",,"immature",3,,4,100,4,"Y","N",,"condition OK","Y",,"Kathman and Brinkhurst, 1999","N","Rhithron Associates, Inc.","R. Spring","w/hc rhyacodrilinae/tubificinae",,
"bc588c75-5da9-43c0-b00d-857aa8fbf6b7","D18","TOOK","TOOK.AOS.riparian.point.05","2023-07-26T18:18Z","2024-10-04","TOOK.20230726.BENTHICSWEEP.5","A00000302728",,"MONSP6","Y","Monodiamesa sp.",,"genus","Arthropoda","Hexapoda","Insecta","Pterygota","Neoptera","Holometabola","Diptera","Nematocera","Culicomorpha",,"Chironomidae","Prodiamesinae",,,"Monodiamesa","sp.",,"larva",9,,1,100,1,"N","N",,"condition OK","Y",,"Weiderholm, 1983; Weiderholm, 1986; Epler 2001; Ferrington et al. 2019; Andersen, Cranston and Epler 2013","N","Rhithron Associates, Inc.","A. Fasbender",,,
"09430e46-10dd-4683-b052-0eae7d5275e9","D18","TOOK","TOOK.AOS.riparian.point.01","2023-07-26T18:18Z","2024-10-04","TOOK.20230726.BENTHICSWEEP.1","A00000302724",,"NEOSP13","Y","Neophylax sp.",,"genus","Arthropoda","Hexapoda","Insecta","Pterygota","Neoptera","Holometabola","Trichoptera",,,"Limnephiloidea","Uenoidae","Thremmatinae",,,"Neophylax","sp.",,"larva",2,,1,100,1,"Y","N","early instar","condition OK","Y",,"Vineyard 1990; Wiggins 1996; Merritt et al. 2019","N","Rhithron Associates, Inc.","J. Webb",,,
"38ed2bdc-4f90-4f30-bb75-6d939b040ca1","D18","TOOK","TOOK.AOS.riparian.point.03","2023-07-26T18:18Z","2024-10-06","TOOK.20230726.BENTHICSWEEP.3","A00000302727","BA23NEOMLR13002O1","NAIALP","Y","Nais alpina",,"species","Annelida","Clitellata","Oligochaeta","Oligochaeta",,,"Tubificida",,,,"Naididae","Naidinae",,,"Nais","alpina",,"unknown",2,,7,17,41,"N","N",,"condition OK","Y",,"Kathman and Brinkhurst, 1999","N","Rhithron Associates, Inc.","R. Spring",,,
"d32f99b4-e22e-4fe8-9d47-eba047c7a9dc","D18","TOOK","TOOK.AOS.riparian.point.07","2023-07-26T18:18Z","2024-10-06","TOOK.20230726.BENTHICSWEEP.7","A00000302726",,"CORSP19","Y","Corynoneura sp.",,"genus","Arthropoda","Hexapoda","Insecta","Pterygota","Neoptera","Holometabola","Diptera","Nematocera","Culicomorpha",,"Chironomidae","Orthocladiinae",,,"Corynoneura","sp.",,"larva",2,,24,100,24,"N","N",,"condition OK","Y",,"Weiderholm, 1983; Weiderholm, 1986; Epler 2001; Ferrington et al. 2019; Andersen, Cranston and Epler 2013","Y","Rhithron Associates, Inc.","R. Spring",,,
"2a798f82-6586-48fb-a18b-61e1595e213c","D18","TOOK","TOOK.AOS.riparian.point.03","2023-07-26T18:18Z","2024-10-04","TOOK.20230726.BENTHICSWEEP.3","A00000302727",,"PARSP34","Y","Paratanytarsus sp.",,"genus","Arthropoda","Hexapoda","Insecta","Pterygota","Neoptera","Holometabola","Diptera","Nematocera","Culicomorpha",,"Chironomidae","Chironominae","Tanytarsini",,"Paratanytarsus","sp.",,"larva",1,,1,17,6,"N","N",,"condition OK","Y",,"Weiderholm, 1983; Weiderholm, 1986; Epler 2001; Ferrington et al. 2019; Andersen, Cranston and Epler 2013","N","Rhithron Associates, Inc.","A. Fasbender",,,
"5d648e32-b256-4186-8aff-525a0471335a","D18","TOOK","TOOK.AOS.riparian.point.01","2023-07-26T18:18Z","2024-10-04","TOOK.20230726.BENTHICSWEEP.1","A00000302724",,"HYDSP21","Y","Hydra sp.",,"genus","Cnidaria","Medusozoa","Hydrozoa","Hydroidolina",,,"Anthoathecatae","Capitata",,,"Hydridae",,,,"Hydra","sp.",,"unknown",1,,2,100,2,"N","N",,"condition OK","Y",,"Thorp and Rogers 2016","N","Rhithron Associates, Inc.","J. Webb",,,
"42e8306b-8cb4-42d7-a856-98b197142153","D18","TOOK","TOOK.AOS.riparian.point.05","2023-07-26T18:18Z","2024-10-06","TOOK.20230726.BENTHICSWEEP.5","A00000302728","BA23NEOMLR13003O2","ENCSP1","Y","Enchytraeidae sp.",,"family","Annelida","Clitellata","Oligochaeta","Oligochaeta",,,"Enchytraeida",,,,"Enchytraeidae",,,,,"sp.",,"unknown",3,,2,100,2,"N","N",,"condition OK","Y",,"Kathman and Brinkhurst, 1999","N","Rhithron Associates, Inc.","R. Spring",,,
"9636f5d5-4d12-4335-a0eb-df4347f953cc","D18","TOOK","TOOK.AOS.riparian.point.03","2023-07-26T18:18Z","2024-10-06","TOOK.20230726.BENTHICSWEEP.3","A00000302727","BA23NEOMLR13002O1","NAIALP","Y","Nais alpina",,"species","Annelida","Clitellata","Oligochaeta","Oligochaeta",,,"Tubificida",,,,"Naididae","Naidinae",,,"Nais","alpina",,"unknown",1,,3,17,18,"N","N",,"condition OK","Y",,"Kathman and Brinkhurst, 1999","N","Rhithron Associates, Inc.","R. Spring",,,
"ebe000d9-951a-4d09-b4c1-6182fd5d597d","D18","TOOK","TOOK.AOS.littoral2","2023-07-26T18:18Z","2024-10-06","TOOK.20230726.PONAR.2","A00000302723",,"TANSP11","Y","Tanytarsus sp.",,"genus","Arthropoda","Hexapoda","Insecta","Pterygota","Neoptera","Holometabola","Diptera","Nematocera","Culicomorpha",,"Chironomidae","Chironominae","Tanytarsini",,"Tanytarsus","sp.",,"larva",5,,4,100,4,"N","N",,"condition OK","Y",,"Weiderholm, 1983; Weiderholm, 1986; Epler 2001; Ferrington et al. 2019; Andersen, Cranston and Epler 2013","N","Rhithron Associates, Inc.","R. Spring",,,
"e37d91d4-dc44-48ea-ba63-3c3deb17d1af","D18","TOOK","TOOK.AOS.littoral2","2023-07-26T18:18Z","2024-10-06","TOOK.20230726.PONAR.2","A00000302723",,"PARSP30","Y","Parachironomus sp.",,"genus","Arthropoda","Hexapoda","Insecta","Pterygota","Neoptera","Holometabola","Diptera","Nematocera","Culicomorpha",,"Chironomidae","Chironominae","Chironomini",,"Parachironomus","sp.",,"larva",5,,1,100,1,"N","N",,"condition OK","Y",,"Weiderholm, 1983; Weiderholm, 1986; Epler 2001; Ferrington et al. 2019; Andersen, Cranston and Epler 2013","N","Rhithron Associates, Inc.","R. Spring",,,
"ec88eae6-132f-48be-80e9-810dff173f14","D18","TOOK","TOOK.AOS.riparian.point.03","2023-07-26T18:18Z","2024-10-04","TOOK.20230726.BENTHICSWEEP.3","A00000302727",,"VALMER","Y","Valvata mergella",,"species","Mollusca",,"Gastropoda",,,,"Heterostropha",,,,"Valvatidae",,,,"Valvata","mergella",,"unknown",2,,5,17,29,"N","N",,"condition OK","Y",,"Burch 1989; Thorp and Rogers 2016","N","Rhithron Associates, Inc.","J. Webb",,,
"b8085a06-6e9c-416c-9a6c-bfa2f1b072d4","D18","TOOK","TOOK.AOS.riparian.point.01","2023-07-26T18:18Z","2024-10-04","TOOK.20230726.BENTHICSWEEP.1","A00000302724",,"METSP4","Y","Metriocnemus sp.",,"genus","Arthropoda","Hexapoda","Insecta","Pterygota","Neoptera","Holometabola","Diptera","Nematocera","Culicomorpha",,"Chironomidae","Orthocladiinae",,,"Metriocnemus","sp.",,"larva",5,,1,100,1,"N","N",,"condition OK","Y",,"Weiderholm, 1983; Weiderholm, 1986; Epler 2001; Ferrington et al. 2019; Andersen, Cranston and Epler 2013","N","Rhithron Associates, Inc.","A. Fasbender",,,
"726d97b0-158b-4c38-8bfd-f93a5a00c290","D18","TOOK","TOOK.AOS.riparian.point.03","2023-07-26T18:18Z","2024-10-04","TOOK.20230726.BENTHICSWEEP.3","A00000302727",,"CORSP19","Y","Corynoneura sp.",,"genus","Arthropoda","Hexapoda","Insecta","Pterygota","Neoptera","Holometabola","Diptera","Nematocera","Culicomorpha",,"Chironomidae","Orthocladiinae",,,"Corynoneura","sp.",,"pupa",1,,3,17,18,"N","N",,"condition OK","N",,"Weiderholm, 1983; Weiderholm, 1986; Epler 2001; Ferrington et al. 2019; Andersen, Cranston and Epler 2013","N","Rhithron Associates, Inc.","A. Fasbender",,,
"d3d1eabe-6611-4154-8458-c4108834776b","D18","TOOK","TOOK.AOS.riparian.point.03","2023-07-26T18:18Z","2024-10-04","TOOK.20230726.BENTHICSWEEP.3","A00000302727",,"CONSP6","Y","Constempellina sp.",,"genus","Arthropoda","Hexapoda","Insecta","Pterygota","Neoptera","Holometabola","Diptera","Nematocera","Culicomorpha",,"Chironomidae","Chironominae","Tanytarsini",,"Constempellina","sp.",,"larva",1,,17,17,100,"N","N",,"condition OK","Y",,"Weiderholm, 1983; Weiderholm, 1986; Epler 2001; Ferrington et al. 2019; Andersen, Cranston and Epler 2013","N","Rhithron Associates, Inc.","A. Fasbender",,,
"c8ec0804-01cc-48f7-ac48-923d1e8c23c5","D18","TOOK","TOOK.AOS.riparian.point.03","2023-07-26T18:18Z","2024-10-04","TOOK.20230726.BENTHICSWEEP.3","A00000302727",,"LIMSP5","Y","Limnephilidae sp.",,"family","Arthropoda","Hexapoda","Insecta","Pterygota","Neoptera","Holometabola","Trichoptera",,,"Limnephiloidea","Limnephilidae",,,,,"sp.",,"larva",1,,1,17,6,"Y","N","early instar","condition OK","Y",,"Wiggins 1996; Merritt et al. 2019","N","Rhithron Associates, Inc.","J. Webb",,,
"65697d46-f99d-40da-9549-b73e50186e2f","D18","TOOK","TOOK.AOS.riparian.point.05","2023-07-26T18:18Z","2024-10-06","TOOK.20230726.BENTHICSWEEP.5","A00000302728","BA23NEOMLR13003O1","NAISP","Y","Naididae sp.",,"family","Annelida","Clitellata","Oligochaeta","Oligochaeta",,,"Tubificida",,,,"Naididae",,,,,"sp.",,"immature",2,,2,100,2,"Y","N",,"condition OK","Y",,"Kathman and Brinkhurst, 1999","N","Rhithron Associates, Inc.","R. Spring","w/hc rhyacodrilinae/tubificinae",,
"a00c92b1-a9a2-4141-87cc-70cea5286761","D18","TOOK","TOOK.AOS.littoral2","2023-07-26T18:18Z","2024-10-06","TOOK.20230726.PONAR.2","A00000302723",,"STESP10","Y","Stempellinella sp.",,"genus","Arthropoda","Hexapoda","Insecta","Pterygota","Neoptera","Holometabola","Diptera","Nematocera","Culicomorpha",,"Chironomidae","Chironominae","Tanytarsini",,"Stempellinella","sp.",,"larva",2,,4,100,4,"N","N",,"condition OK","Y",,"Weiderholm, 1983; Weiderholm, 1986; Epler 2001; Ferrington et al. 2019; Andersen, Cranston and Epler 2013","N","Rhithron Associates, Inc.","R. Spring",,,
"cac3dcea-03bc-4a26-aae9-481645737279","D18","TOOK","TOOK.AOS.riparian.point.01","2023-07-26T18:18Z","2024-10-06","TOOK.20230726.BENTHICSWEEP.1","A00000302724","BA23NEOMLR13001O1","NAICOM","Y","Nais communis/variabilis",,"speciesGroup","Annelida","Clitellata","Oligochaeta","Oligochaeta",,,"Tubificida",,,,"Naididae","Naidinae",,,"Nais","communis/variabilis",,"immature",2,,5,100,5,"Y","N",,"condition OK","Y",,"Kathman and Brinkhurst, 1999","N","Rhithron Associates, Inc.","R. Spring",,,
"a32b42dc-4566-4f17-b169-65f4fbe1d2da","D18","TOOK","TOOK.AOS.riparian.point.01","2023-07-26T18:18Z","2024-10-04","TOOK.20230726.BENTHICSWEEP.1","A00000302724",,"TARSP","Y","Tardigrada sp.",,"phylum","Tardigrada",,,,,,,,,,,,,,,"sp.",,"unknown",1,,10,100,10,"N","N",,"condition OK","Y",,"Thorp and Rogers 2016","N","Rhithron Associates, Inc.","J. Webb",,,
"7ed8f342-27ec-44fa-bad1-c51c303a2213","D18","TOOK","TOOK.AOS.littoral3","2023-07-26T18:18Z","2024-10-06","TOOK.20230726.PONAR.3","A00000302737","BA23NEOMLR13008O1","NAISP","Y","Naididae sp.",,"family","Annelida","Clitellata","Oligochaeta","Oligochaeta",,,"Tubificida",,,,"Naididae",,,,,"sp.",,"immature",2,,2,100,2,"Y","N",,"condition OK","Y",,"Kathman and Brinkhurst, 1999","N","Rhithron Associates, Inc.","R. Spring","w/hc rhyacodrilinae/tubificinae",,
"3c62a1f4-7524-46db-a134-5c11e701f920","D18","TOOK","TOOK.AOS.riparian.point.09","2023-07-26T18:18Z","2024-10-06","TOOK.20230726.BENTHICSWEEP.9","A00000302738",,"CRISP2","Y","Cricotopus sp.",,"genus","Arthropoda","Hexapoda","Insecta","Pterygota","Neoptera","Holometabola","Diptera","Nematocera","Culicomorpha",,"Chironomidae","Orthocladiinae",,,"Cricotopus","sp.",,"larva",3,,1,70,1,"N","N",,"condition OK","Y",,"Weiderholm, 1983; Weiderholm, 1986; Epler 2001; Ferrington et al. 2019; Andersen, Cranston and Epler 2013","N","Rhithron Associates, Inc.","R. Spring",,,
"13a0a910-e8f5-436d-94b3-df317665b213","D18","TOOK","TOOK.AOS.littoral2","2023-07-26T18:18Z","2024-10-04","TOOK.20230726.PONAR.2","A00000302723",,"TIPSP3","Y","Tipula sp.",,"genus","Arthropoda","Hexapoda","Insecta","Pterygota","Neoptera","Holometabola","Diptera","Nematocera","Tipulomorpha",,"Tipulidae","Tipulinae",,,"Tipula","sp.",,"larva",10,,1,100,1,"N","N",,"condition OK","Y",,"Gelhaus and Podeniene 2018; Merritt et al. 2019","N","Rhithron Associates, Inc.","S. Sullivan",,,
"5d63e064-44d6-4358-b654-6636d642f0ec","D18","TOOK","TOOK.AOS.riparian.point.05","2023-07-26T18:18Z","2024-10-06","TOOK.20230726.BENTHICSWEEP.5","A00000302728","BA23NEOMLR13003O1","LUMSP2","Y","Lumbriculidae sp.",,"family","Annelida","Clitellata","Oligochaeta","Oligochaeta",,,"Lumbriculida",,,,"Lumbriculidae",,,,,"sp.",,"immature",6,,1,100,1,"Y","N",,"condition OK","Y",,"Kathman and Brinkhurst, 1999","N","Rhithron Associates, Inc.","R. Spring",,,
"eaefa620-1d60-4299-8e69-e7e86074d180","D18","TOOK","TOOK.AOS.riparian.point.01","2023-07-26T18:18Z","2024-10-04","TOOK.20230726.BENTHICSWEEP.1","A00000302724",,"VALSP3","Y","Valvata sp.",,"genus","Mollusca",,"Gastropoda",,,,"Heterostropha",,,,"Valvatidae",,,,"Valvata","sp.",,"immature",1,,5,100,5,"Y","N",,"condition OK","Y",,"Thorp and Rogers 2016","N","Rhithron Associates, Inc.","J. Webb",,,
"1199ca82-9e40-40a2-b166-69e77a136038","D18","TOOK","TOOK.AOS.littoral3","2023-07-26T18:18Z","2024-10-06","TOOK.20230726.PONAR.3","A00000302737",,"PROSP23","Y","Procladius sp.",,"genus","Arthropoda","Hexapoda","Insecta","Pterygota","Neoptera","Holometabola","Diptera","Nematocera","Culicomorpha",,"Chironomidae","Tanypodinae","Procladiini",,"Procladius","sp.",,"larva",3,,1,100,1,"N","N",,"condition OK","Y",,"Weiderholm, 1983; Weiderholm, 1986; Epler 2001; Ferrington et al. 2019; Andersen, Cranston and Epler 2013","N","Rhithron Associates, Inc.","R. Spring",,,
"f2812408-f7dc-4224-af85-12b616dd45a0","D18","TOOK","TOOK.AOS.riparian.point.09","2023-07-26T18:18Z","2024-10-07","TOOK.20230726.BENTHICSWEEP.9","A00000302738",,"GYRSP1","Y","Gyraulus sp.",,"genus","Mollusca",,"Gastropoda",,,,"Basommatophora",,,,"Planorbidae",,,,"Gyraulus","sp.",,"unknown",3,,29,70,41,"N","N",,"condition OK","Y",,"Burch 1989; Thorp and Rogers 2016","N","Rhithron Associates, Inc.","S. Sullivan",,,
"d79aa81e-3386-435b-8a81-bf6810bb34a2","D18","TOOK","TOOK.AOS.littoral3","2023-07-26T18:18Z","2024-10-06","TOOK.20230726.PONAR.3","A00000302737",,"PROSP23","Y","Procladius sp.",,"genus","Arthropoda","Hexapoda","Insecta","Pterygota","Neoptera","Holometabola","Diptera","Nematocera","Culicomorpha",,"Chironomidae","Tanypodinae","Procladiini",,"Procladius","sp.",,"larva",8,,1,100,1,"N","N",,"condition OK","Y",,"Weiderholm, 1983; Weiderholm, 1986; Epler 2001; Ferrington et al. 2019; Andersen, Cranston and Epler 2013","N","Rhithron Associates, Inc.","R. Spring",,,
"1e676619-3b87-4b46-b808-67875a3edb55","D18","TOOK","TOOK.AOS.riparian.point.03","2023-07-26T18:18Z","2024-10-04","TOOK.20230726.BENTHICSWEEP.3","A00000302727",,"STASP3","Y","Stagnicola sp.",,"genus","Mollusca",,"Gastropoda",,,,"Basommatophora",,,,"Lymnaeidae",,,,"Stagnicola","sp.",,"unknown",5,,1,17,6,"N","N",,"condition OK","Y",,"Burch 1989; Thorp and Rogers 2016","N","Rhithron Associates, Inc.","J. Webb",,,
"20eea6fd-f65d-45e6-8db7-6813cf458741","D18","TOOK","TOOK.AOS.riparian.point.01","2023-07-26T18:18Z","2024-10-04","TOOK.20230726.BENTHICSWEEP.1","A00000302724",,"POLSP13","Y","Polypedilum sp.",,"genus","Arthropoda","Hexapoda","Insecta","Pterygota","Neoptera","Holometabola","Diptera","Nematocera","Culicomorpha",,"Chironomidae","Chironominae","Chironomini",,"Polypedilum","sp.",,"larva",1,,1,100,1,"N","N",,"condition OK","Y",,"Weiderholm, 1983; Weiderholm, 1986; Epler 2001; Ferrington et al. 2008; Andersen, Cranston and Epler 2013","N","Rhithron Associates, Inc.","A. Fasbender",,,
"1b20dd90-6467-4083-8318-2c1319f5f1b0","D18","TOOK","TOOK.AOS.riparian.point.01","2023-07-26T18:18Z","2024-10-04","TOOK.20230726.BENTHICSWEEP.1","A00000302724",,"ORTSP1","Y","Orthocladiinae sp.",,"subfamily","Arthropoda","Hexapoda","Insecta","Pterygota","Neoptera","Holometabola","Diptera","Nematocera","Culicomorpha",,"Chironomidae","Orthocladiinae",,,,"sp.",,"larva",1,,2,100,2,"Y","N","early instar","condition OK","N",,"Weiderholm, 1983; Weiderholm, 1986; Epler 2001; Ferrington et al. 2019; Andersen, Cranston and Epler 2013","N","Rhithron Associates, Inc.","A. Fasbender",,,
"6b9da2da-eafe-43a7-9e8d-1a8bf1f1479c","D18","TOOK","TOOK.AOS.riparian.point.01","2023-07-26T18:18Z","2024-10-04","TOOK.20230726.BENTHICSWEEP.1","A00000302724",,"CLASP6","Y","Cladotanytarsus sp.",,"genus","Arthropoda","Hexapoda","Insecta","Pterygota","Neoptera","Holometabola","Diptera","Nematocera","Culicomorpha",,"Chironomidae","Chironominae","Tanytarsini",,"Cladotanytarsus","sp.",,"larva",2,,1,100,1,"N","N",,"condition OK","Y",,"Weiderholm, 1983; Weiderholm, 1986; Epler 2001; Ferrington et al. 2019; Andersen, Cranston and Epler 2013","N","Rhithron Associates, Inc.","A. Fasbender",,,
"3bac1752-1c24-42d1-95e3-0b941899a9d4","D18","TOOK","TOOK.AOS.riparian.point.09","2023-07-26T18:18Z","2024-10-06","TOOK.20230726.BENTHICSWEEP.9","A00000302738",,"PSESP19","Y","Psectrocladius sp.",,"genus","Arthropoda","Hexapoda","Insecta","Pterygota","Neoptera","Holometabola","Diptera","Nematocera","Culicomorpha",,"Chironomidae","Orthocladiinae",,,"Psectrocladius","sp.",,"larva",3,,1,70,1,"N","N",,"condition OK","Y",,"Weiderholm, 1983; Weiderholm, 1986; Epler 2001; Ferrington et al. 2019; Andersen, Cranston and Epler 2013","N","Rhithron Associates, Inc.","R. Spring",,,
"eb062101-c882-4cb6-9e73-74c7d02d7973","D18","TOOK","TOOK.AOS.riparian.point.07","2023-07-26T18:18Z","2024-10-06","TOOK.20230726.BENTHICSWEEP.7","A00000302726",,"STESP10","Y","Stempellinella sp.",,"genus","Arthropoda","Hexapoda","Insecta","Pterygota","Neoptera","Holometabola","Diptera","Nematocera","Culicomorpha",,"Chironomidae","Chironominae","Tanytarsini",,"Stempellinella","sp.",,"pupa",2,,1,100,1,"N","N",,"condition OK","Y",,"Weiderholm, 1983; Weiderholm, 1986; Epler 2001; Ferrington et al. 2019; Andersen, Cranston and Epler 2013","Y","Rhithron Associates, Inc.","R. Spring",,,
"1bffb7ff-e0df-43ae-bcba-3f896a11e37d","D18","TOOK","TOOK.AOS.littoral2","2023-07-26T18:18Z","2024-10-04","TOOK.20230726.PONAR.2","A00000302723",,"PISSP2","Y","Pisidiidae sp.",,"family","Mollusca",,"Bivalvia","Heterodonta",,,"Veneroida",,,"Corbiculoidea","Pisidiidae",,,,,"sp.",,"immature",3,,3,100,3,"Y","N",,"condition OK","Y",,"Mackie 2007; Thorp and Rogers 2016","N","Rhithron Associates, Inc.","S. Sullivan",,,
"d0b5765f-7dcf-453e-952a-f533578b8e51","D18","TOOK","TOOK.AOS.riparian.point.03","2023-07-26T18:18Z","2024-10-04","TOOK.20230726.BENTHICSWEEP.3","A00000302727",,"PISSP2","Y","Pisidiidae sp.",,"family","Mollusca",,"Bivalvia","Heterodonta",,,"Veneroida",,,"Corbiculoidea","Pisidiidae",,,,,"sp.",,"immature",2,,4,17,24,"Y","N",,"condition OK","Y",,"Mackie 2007; Thorp and Rogers 2016","N","Rhithron Associates, Inc.","J. Webb",,,
"48ab68c2-2d09-4821-9fd5-2e9f935ab8ae","D18","TOOK","TOOK.AOS.littoral3","2023-07-26T18:18Z","2024-10-06","TOOK.20230726.PONAR.3","A00000302737",,"HETSP9","Y","Heterotrissocladius sp.",,"genus","Arthropoda","Hexapoda","Insecta","Pterygota","Neoptera","Holometabola","Diptera","Nematocera","Culicomorpha",,"Chironomidae","Orthocladiinae",,,"Heterotrissocladius","sp.",,"larva",4,,1,100,1,"N","N",,"condition OK","Y",,"Weiderholm, 1983; Weiderholm, 1986; Epler 2001; Ferrington et al. 2019; Andersen, Cranston and Epler 2013","N","Rhithron Associates, Inc.","R. Spring",,,
"f1adbe3d-a68d-4434-9e95-1f79d5e6623c","D18","TOOK","TOOK.AOS.riparian.point.03","2023-07-26T18:18Z","2024-10-04","TOOK.20230726.BENTHICSWEEP.3","A00000302727",,"MICSP3","Y","Micrasema sp.",,"genus","Arthropoda","Hexapoda","Insecta","Pterygota","Neoptera","Holometabola","Trichoptera",,,"Limnephiloidea","Brachycentridae",,,,"Micrasema","sp.",,"larva",6,,1,17,6,"N","N",,"condition OK","Y",,"Wiggins 1996; Merritt et al. 2019","N","Rhithron Associates, Inc.","J. Webb",,,
"4d23cab4-09f6-4209-afc3-2018720495d1","D18","TOOK","TOOK.AOS.riparian.point.05","2023-07-26T18:18Z","2024-10-06","TOOK.20230726.BENTHICSWEEP.5","A00000302728","BA23NEOMLR13003O2","NAISP","Y","Naididae sp.",,"family","Annelida","Clitellata","Oligochaeta","Oligochaeta",,,"Tubificida",,,,"Naididae",,,,,"sp.",,"immature",3,,1,100,1,"Y","N",,"condition OK","Y",,"Kathman and Brinkhurst, 1999","N","Rhithron Associates, Inc.","R. Spring","w/hc rhyacodrilinae/tubificinae",,
"a4594842-1931-4979-bb89-11498369509b","D18","TOOK","TOOK.AOS.riparian.point.03","2023-07-26T18:18Z","2024-10-04","TOOK.20230726.BENTHICSWEEP.3","A00000302727",,"THIGRO","Y","Thienemannimyia gr.",,"speciesGroup","Arthropoda","Hexapoda","Insecta","Pterygota","Neoptera","Holometabola","Diptera","Nematocera","Culicomorpha",,"Chironomidae","Tanypodinae","Pentaneurini",,"Thienemannimyia","gr.",,"larva",2,,2,17,12,"Y","N","early instar","condition OK","Y",,"Weiderholm, 1983; Weiderholm, 1986; Epler 2001; Ferrington et al. 2008; Andersen, Cranston and Epler 2017","N","Rhithron Associates, Inc.","A. Fasbender",,,
"cab26a28-d506-410b-8a6d-a074b4eb5447","D18","TOOK","TOOK.AOS.riparian.point.07","2023-07-26T18:18Z","2024-10-06","TOOK.20230726.BENTHICSWEEP.7","A00000302726","BA23NEOMLR13004O1","NAIALP","Y","Nais alpina",,"species","Annelida","Clitellata","Oligochaeta","Oligochaeta",,,"Tubificida",,,,"Naididae","Naidinae",,,"Nais","alpina",,"unknown",2,,2,100,2,"N","N",,"condition OK","Y",,"Kathman and Brinkhurst, 1999","Y","Rhithron Associates, Inc.","R. Spring",,,
"1f370b66-4ebd-4c35-8025-99f377bc613d","D18","TOOK","TOOK.AOS.littoral3","2023-07-26T18:18Z","2024-10-06","TOOK.20230726.PONAR.3","A00000302737","BA23NEOMLR13008O1","NAISP","Y","Naididae sp.",,"family","Annelida","Clitellata","Oligochaeta","Oligochaeta",,,"Tubificida",,,,"Naididae",,,,,"sp.",,"immature",5,,4,100,4,"Y","N",,"condition OK","Y",,"Kathman and Brinkhurst, 1999","N","Rhithron Associates, Inc.","R. Spring","w/hc rhyacodrilinae/tubificinae",,
"b24bd125-7088-41df-a82d-3b66d5d4d4a9","D18","TOOK","TOOK.AOS.riparian.point.07","2023-07-26T18:18Z","2024-10-07","TOOK.20230726.BENTHICSWEEP.7","A00000302726",,"HYGSP2","Y","Hygrobates sp.",,"genus","Arthropoda","Chelicerata","Arachnida","Acari",,"Acariformes","Trombidiformes","Prostigmata",,"Hygrobatoidea","Hygrobatidae",,,,"Hygrobates","sp.",,"adult",1,,5,100,5,"N","N",,"condition OK","Y",,"Thorp and Rogers 2016","Y","Rhithron Associates, Inc.","S. Sullivan",,,
"68f1ca73-6f43-4bed-bf4b-c2d36d4c9823","D18","TOOK","TOOK.AOS.littoral3","2023-07-26T18:18Z","2024-10-04","TOOK.20230726.PONAR.3","A00000302737",,"OSTSP","Y","Ostracoda sp.",,"class","Arthropoda","Crustacea","Ostracoda",,,,,,,,,,,,,"sp.",,"unknown",1,,19,100,19,"N","N",,"condition OK","Y",,"Thorp and Rogers 2016","N","Rhithron Associates, Inc.","S. Sullivan",,,
"43174b67-029f-4f93-8ec6-af93565b6d04","D18","TOOK","TOOK.AOS.riparian.point.09","2023-07-26T18:18Z","2024-10-06","TOOK.20230726.BENTHICSWEEP.9","A00000302738",,"ALLSP14","Y","Allocladius sp.",,"genus","Arthropoda",,"Insecta",,,,"Diptera",,,,"Chironomidae",,,,"Allocladius","sp.",,"larva",2,,1,70,1,"N","N",,"condition OK","Y",,"Weiderholm, 1983; Weiderholm, 1986; Epler 2001; Ferrington et al. 2008; Andersen, Cranston and Epler 2013","N","Rhithron Associates, Inc.","R. Spring",,,
"c4948ce9-8977-42e8-b090-9ee3ba330239","D18","TOOK","TOOK.AOS.riparian.point.03","2023-07-26T18:18Z","2024-10-06","TOOK.20230726.BENTHICSWEEP.3","A00000302727","BA23NEOMLR13002O1","ENCSP1","Y","Enchytraeidae sp.",,"family","Annelida","Clitellata","Oligochaeta","Oligochaeta",,,"Enchytraeida",,,,"Enchytraeidae",,,,,"sp.",,"unknown",4,,2,17,12,"N","N",,"condition OK","Y",,"Kathman and Brinkhurst, 1999","N","Rhithron Associates, Inc.","R. Spring",,,
"3c094c87-5858-4898-96b7-7167c9e3c765","D18","TOOK","TOOK.AOS.riparian.point.05","2023-07-26T18:18Z","2024-10-04","TOOK.20230726.BENTHICSWEEP.5","A00000302728",,"MONSP6","Y","Monodiamesa sp.",,"genus","Arthropoda","Hexapoda","Insecta","Pterygota","Neoptera","Holometabola","Diptera","Nematocera","Culicomorpha",,"Chironomidae","Prodiamesinae",,,"Monodiamesa","sp.",,"larva",2,,2,100,2,"N","N",,"condition OK","Y",,"Weiderholm, 1983; Weiderholm, 1986; Epler 2001; Ferrington et al. 2019; Andersen, Cranston and Epler 2013","N","Rhithron Associates, Inc.","A. Fasbender",,,
"c1527949-9ee9-4ccc-85ff-7bb7c87ecb19","D18","TOOK","TOOK.AOS.littoral3","2023-07-26T18:18Z","2024-10-06","TOOK.20230726.PONAR.3","A00000302737",,"TANSP11","Y","Tanytarsus sp.",,"genus","Arthropoda","Hexapoda","Insecta","Pterygota","Neoptera","Holometabola","Diptera","Nematocera","Culicomorpha",,"Chironomidae","Chironominae","Tanytarsini",,"Tanytarsus","sp.",,"larva",5,,27,100,27,"N","N",,"condition OK","Y",,"Weiderholm, 1983; Weiderholm, 1986; Epler 2001; Ferrington et al. 2019; Andersen, Cranston and Epler 2013","N","Rhithron Associates, Inc.","R. Spring",,,
"303fda61-6406-4753-9df1-fc67f03e36cf","D18","TOOK","TOOK.AOS.littoral2","2023-07-26T18:18Z","2024-10-04","TOOK.20230726.PONAR.2","A00000302723",,"OSTSP","Y","Ostracoda sp.",,"class","Arthropoda","Crustacea","Ostracoda",,,,,,,,,,,,,"sp.",,"unknown",1,,9,100,9,"N","N",,"condition OK","Y",,"Thorp and Rogers 2016","N","Rhithron Associates, Inc.","S. Sullivan",,,
"fb06d391-5c9b-4c66-abdd-005ad98059c4","D18","TOOK","TOOK.AOS.riparian.point.01","2023-07-26T18:18Z","2024-10-04","TOOK.20230726.BENTHICSWEEP.1","A00000302724",,"PLESP","Y","Plecoptera sp.",,"order","Arthropoda","Hexapoda","Insecta","Pterygota","Neoptera","Polyneoptera","Plecoptera",,,,,,,,,"sp.",,"larva",1,,3,100,3,"Y","N","early instar","condition OK","Y",,"Merritt et al. 2019","N","Rhithron Associates, Inc.","J. Webb",,,
"bdba1baa-a58f-4ea0-a53b-a4b1f2122e06","D18","TOOK","TOOK.AOS.riparian.point.01","2023-07-26T18:18Z","2024-10-06","TOOK.20230726.BENTHICSWEEP.1","A00000302724","BA23NEOMLR13001O1","NAISP","Y","Naididae sp.",,"family","Annelida","Clitellata","Oligochaeta","Oligochaeta",,,"Tubificida",,,,"Naididae",,,,,"sp.",,"immature",2,,1,100,1,"Y","N",,"condition OK","Y",,"Kathman and Brinkhurst, 1999","N","Rhithron Associates, Inc.","R. Spring","w/hc rhyacodrilinae/tubificinae",,
"e099ec52-86f3-46d1-8a63-c6dbe2d4d870","D18","TOOK","TOOK.AOS.littoral2","2023-07-26T18:18Z","2024-10-04","TOOK.20230726.PONAR.2","A00000302723",,"VALMER","Y","Valvata mergella",,"species","Mollusca",,"Gastropoda",,,,"Heterostropha",,,,"Valvatidae",,,,"Valvata","mergella",,"unknown",3,,5,100,5,"N","N",,"condition OK","Y",,"Burch 1989; Thorp and Rogers 2016","N","Rhithron Associates, Inc.","S. Sullivan",,,
"b87e8502-b8b2-4415-9449-b73ba87ccec4","D18","TOOK","TOOK.AOS.riparian.point.09","2023-07-26T18:18Z","2024-10-06","TOOK.20230726.BENTHICSWEEP.9","A00000302738",,"CORSP19","Y","Corynoneura sp.",,"genus","Arthropoda","Hexapoda","Insecta","Pterygota","Neoptera","Holometabola","Diptera","Nematocera","Culicomorpha",,"Chironomidae","Orthocladiinae",,,"Corynoneura","sp.",,"larva",2,,17,70,24,"N","N",,"condition OK","Y",,"Weiderholm, 1983; Weiderholm, 1986; Epler 2001; Ferrington et al. 2019; Andersen, Cranston and Epler 2013","N","Rhithron Associates, Inc.","R. Spring",,,
"22f04a1e-1ab7-44f6-83ef-e1b3337e3580","D18","TOOK","TOOK.AOS.riparian.point.05","2023-07-26T18:18Z","2024-10-04","TOOK.20230726.BENTHICSWEEP.5","A00000302728",,"CORSP19","Y","Corynoneura sp.",,"genus","Arthropoda","Hexapoda","Insecta","Pterygota","Neoptera","Holometabola","Diptera","Nematocera","Culicomorpha",,"Chironomidae","Orthocladiinae",,,"Corynoneura","sp.",,"pupa",2,,1,100,1,"N","N",,"condition OK","N",,"Weiderholm, 1983; Weiderholm, 1986; Epler 2001; Ferrington et al. 2019; Andersen, Cranston and Epler 2013","N","Rhithron Associates, Inc.","A. Fasbender",,,
"2c795c51-aa32-4e8e-9c7a-922ad2b71268","D18","TOOK","TOOK.AOS.riparian.point.09","2023-07-26T18:18Z","2024-10-06","TOOK.20230726.BENTHICSWEEP.9","A00000302738",,"PARSP34","Y","Paratanytarsus sp.",,"genus","Arthropoda","Hexapoda","Insecta","Pterygota","Neoptera","Holometabola","Diptera","Nematocera","Culicomorpha",,"Chironomidae","Chironominae","Tanytarsini",,"Paratanytarsus","sp.",,"larva",4,,1,70,1,"N","N",,"condition OK","Y",,"Weiderholm, 1983; Weiderholm, 1986; Epler 2001; Ferrington et al. 2019; Andersen, Cranston and Epler 2013","N","Rhithron Associates, Inc.","R. Spring",,,
"5aa93cd9-284c-494f-a631-451b19f8adfa","D18","TOOK","TOOK.AOS.littoral2","2023-07-26T18:18Z","2024-10-04","TOOK.20230726.PONAR.2","A00000302723",,"HYGSP2","Y","Hygrobates sp.",,"genus","Arthropoda","Chelicerata","Arachnida","Acari",,"Acariformes","Trombidiformes","Prostigmata",,"Hygrobatoidea","Hygrobatidae",,,,"Hygrobates","sp.",,"adult",1,,1,100,1,"N","N",,"condition OK","Y",,"Thorp and Rogers 2016","N","Rhithron Associates, Inc.","S. Sullivan",,,
"e7b8c9d6-8ef3-4722-919d-920dc95c86ed","D18","TOOK","TOOK.AOS.riparian.point.03","2023-07-26T18:18Z","2024-10-04","TOOK.20230726.BENTHICSWEEP.3","A00000302727",,"LIMSP5","Y","Limnephilidae sp.",,"family","Arthropoda","Hexapoda","Insecta","Pterygota","Neoptera","Holometabola","Trichoptera",,,"Limnephiloidea","Limnephilidae",,,,,"sp.",,"larva",5,,5,17,29,"Y","N","early instar","condition OK","Y",,"Wiggins 1996; Merritt et al. 2019","N","Rhithron Associates, Inc.","J. Webb",,,
"ac752718-4fbd-467a-bf52-f21e9887b240","D18","TOOK","TOOK.AOS.littoral2","2023-07-26T18:18Z","2024-10-04","TOOK.20230726.PONAR.2","A00000302723",,"NEMSP","Y","Nematoda sp.",,"phylum","Nematoda",,,,,,,,,,,,,,,"sp.",,"unknown",2,,90,100,90,"N","N",,"condition OK","Y",,"Thorp and Rogers 2016","N","Rhithron Associates, Inc.","S. Sullivan",,,
"d219ff47-795b-40f6-a8d2-81c678842032","D18","TOOK","TOOK.AOS.riparian.point.03","2023-07-26T18:18Z","2024-10-06","TOOK.20230726.BENTHICSWEEP.3","A00000302727","BA23NEOMLR13002O1","NAICOM","Y","Nais communis/variabilis",,"speciesGroup","Annelida","Clitellata","Oligochaeta","Oligochaeta",,,"Tubificida",,,,"Naididae","Naidinae",,,"Nais","communis/variabilis",,"immature",1,,1,17,6,"Y","N",,"condition OK","Y",,"Kathman and Brinkhurst, 1999","N","Rhithron Associates, Inc.","R. Spring",,,
"3f478ba7-e46e-4a7d-b650-82b6cfc14192","D18","TOOK","TOOK.AOS.riparian.point.01","2023-07-26T18:18Z","2024-10-04","TOOK.20230726.BENTHICSWEEP.1","A00000302724",,"NEMSP","Y","Nematoda sp.",,"phylum","Nematoda",,,,,,,,,,,,,,,"sp.",,"unknown",3,,25,100,25,"N","N",,"condition OK","Y",,"Thorp and Rogers 2016","N","Rhithron Associates, Inc.","J. Webb",,,
"0856f09c-3d30-4d80-a43f-97f4dcc2db0b","D18","TOOK","TOOK.AOS.riparian.point.09","2023-07-26T18:18Z","2024-10-06","TOOK.20230726.BENTHICSWEEP.9","A00000302738",,"CRISP2","Y","Cricotopus sp.",,"genus","Arthropoda","Hexapoda","Insecta","Pterygota","Neoptera","Holometabola","Diptera","Nematocera","Culicomorpha",,"Chironomidae","Orthocladiinae",,,"Cricotopus","sp.",,"larva",1,,14,70,20,"N","N",,"condition OK","Y",,"Weiderholm, 1983; Weiderholm, 1986; Epler 2001; Ferrington et al. 2019; Andersen, Cranston and Epler 2013","N","Rhithron Associates, Inc.","R. Spring",,,
"8e5a9745-5dcf-4b23-a3d4-37cea9368bc8","D18","TOOK","TOOK.AOS.riparian.point.03","2023-07-26T18:18Z","2024-10-04","TOOK.20230726.BENTHICSWEEP.3","A00000302727",,"AGASP1","Y","Agabinae sp.",,"subfamily","Arthropoda","Hexapoda","Insecta","Pterygota","Neoptera","Holometabola","Coleoptera","Adephaga",,,"Dytiscidae","Agabinae",,,,"sp.",,"larva",3,,1,17,6,"N","N",,"condition OK","Y",,"Larson Alarie and Roughley, 2000","N","Rhithron Associates, Inc.","J. Webb",,,
"915b4e5c-2418-41eb-96a3-ebcac2f18e57","D18","TOOK","TOOK.AOS.riparian.point.05","2023-07-26T18:18Z","2024-10-06","TOOK.20230726.BENTHICSWEEP.5","A00000302728","BA23NEOMLR13003O1","NAIALP","Y","Nais alpina",,"species","Annelida","Clitellata","Oligochaeta","Oligochaeta",,,"Tubificida",,,,"Naididae","Naidinae",,,"Nais","alpina",,"unknown",4,,6,100,6,"N","N",,"condition OK","Y",,"Kathman and Brinkhurst, 1999","N","Rhithron Associates, Inc.","R. Spring",,,
"11b2569e-f992-4cb1-8026-5948e83b4e45","D18","TOOK","TOOK.AOS.riparian.point.01","2023-07-26T18:18Z","2024-10-04","TOOK.20230726.BENTHICSWEEP.1","A00000302724",,"CORSP19","Y","Corynoneura sp.",,"genus","Arthropoda","Hexapoda","Insecta","Pterygota","Neoptera","Holometabola","Diptera","Nematocera","Culicomorpha",,"Chironomidae","Orthocladiinae",,,"Corynoneura","sp.",,"larva",1,,13,100,13,"N","N",,"condition OK","Y",,"Weiderholm, 1983; Weiderholm, 1986; Epler 2001; Ferrington et al. 2019; Andersen, Cranston and Epler 2013","N","Rhithron Associates, Inc.","A. Fasbender",,,
"ed13071a-35b3-482a-94ee-3182d5ecaf63","D18","TOOK","TOOK.AOS.riparian.point.07","2023-07-26T18:18Z","2024-10-07","TOOK.20230726.BENTHICSWEEP.7","A00000302726",,"PHYSP7","Y","Physa sp.",,"genus","Mollusca",,"Gastropoda",,,,"Basommatophora",,,,"Physidae",,,,"Physa","sp.",,"unknown",3,,1,100,1,"N","N",,"condition OK","Y",,"Thorp and Rogers 2016","Y","Rhithron Associates, Inc.","S. Sullivan",,,
"31e6518b-a6cb-4b09-99aa-a2bb7e1a23b1","D18","TOOK","TOOK.AOS.riparian.point.05","2023-07-26T18:18Z","2024-10-06","TOOK.20230726.BENTHICSWEEP.5","A00000302728","BA23NEOMLR13003O2","NAIALP","Y","Nais alpina",,"species","Annelida","Clitellata","Oligochaeta","Oligochaeta",,,"Tubificida",,,,"Naididae","Naidinae",,,"Nais","alpina",,"unknown",2,,14,100,14,"N","N",,"condition OK","Y",,"Kathman and Brinkhurst, 1999","N","Rhithron Associates, Inc.","R. Spring",,,
"7fef6cf8-52df-4809-b0f9-5371cd0e47d9","D18","TOOK","TOOK.AOS.riparian.point.05","2023-07-26T18:18Z","2024-10-06","TOOK.20230726.BENTHICSWEEP.5","A00000302728","BA23NEOMLR13003O2","LUMSP2","Y","Lumbriculidae sp.",,"family","Annelida","Clitellata","Oligochaeta","Oligochaeta",,,"Lumbriculida",,,,"Lumbriculidae",,,,,"sp.",,"immature",3,,1,100,1,"Y","N",,"condition OK","Y",,"Kathman and Brinkhurst, 1999","N","Rhithron Associates, Inc.","R. Spring",,,
"e2865812-3a3d-475e-bf69-07d0c90b4f9e","D18","TOOK","TOOK.AOS.riparian.point.05","2023-07-26T18:18Z","2024-10-04","TOOK.20230726.BENTHICSWEEP.5","A00000302728",,"ORTSP1","Y","Orthocladiinae sp.",,"subfamily","Arthropoda","Hexapoda","Insecta","Pterygota","Neoptera","Holometabola","Diptera","Nematocera","Culicomorpha",,"Chironomidae","Orthocladiinae",,,,"sp.",,"pupa",4,,1,100,1,"N","N","damaged","damaged, affecting taxonomy and measurement","N",,"Weiderholm, 1983; Weiderholm, 1986; Epler 2001; Ferrington et al. 2019; Andersen, Cranston and Epler 2013","N","Rhithron Associates, Inc.","A. Fasbender",,,
"3f88e858-69cf-4116-862b-69a7e1c4d58a","D18","TOOK","TOOK.AOS.riparian.point.01","2023-07-26T18:18Z","2024-10-06","TOOK.20230726.BENTHICSWEEP.1","A00000302724","BA23NEOMLR13001O2","NAICOM","Y","Nais communis/variabilis",,"speciesGroup","Annelida","Clitellata","Oligochaeta","Oligochaeta",,,"Tubificida",,,,"Naididae","Naidinae",,,"Nais","communis/variabilis",,"immature",2,,4,100,4,"Y","N",,"condition OK","Y",,"Kathman and Brinkhurst, 1999","N","Rhithron Associates, Inc.","R. Spring",,,
"9eea0a4e-0527-4f83-9757-71c36c7abd95","D18","TOOK","TOOK.AOS.riparian.point.05","2023-07-26T18:18Z","2024-10-06","TOOK.20230726.BENTHICSWEEP.5","A00000302728","BA23NEOMLR13003O4","NAIALP","Y","Nais alpina",,"species","Annelida","Clitellata","Oligochaeta","Oligochaeta",,,"Tubificida",,,,"Naididae","Naidinae",,,"Nais","alpina",,"unknown",2,,4,100,4,"N","N",,"condition OK","Y",,"Kathman and Brinkhurst, 1999","N","Rhithron Associates, Inc.","R. Spring",,,
"b098ebfc-c7d2-4ff6-aa46-69eb45410696","D18","TOOK","TOOK.AOS.littoral2","2023-07-26T18:18Z","2024-10-06","TOOK.20230726.PONAR.2","A00000302723",,"PROSP23","Y","Procladius sp.",,"genus","Arthropoda","Hexapoda","Insecta","Pterygota","Neoptera","Holometabola","Diptera","Nematocera","Culicomorpha",,"Chironomidae","Tanypodinae","Procladiini",,"Procladius","sp.",,"larva",5,,1,100,1,"N","N",,"condition OK","Y",,"Weiderholm, 1983; Weiderholm, 1986; Epler 2001; Ferrington et al. 2019; Andersen, Cranston and Epler 2013","N","Rhithron Associates, Inc.","R. Spring",,,
"3ee9e2a2-bf41-4d1e-9e9d-4f297a0ee2d3","D18","TOOK","TOOK.AOS.riparian.point.09","2023-07-26T18:18Z","2024-10-06","TOOK.20230726.BENTHICSWEEP.9","A00000302738",,"LIMSP23","Y","Limnophyes sp.",,"genus","Arthropoda","Hexapoda","Insecta","Pterygota","Neoptera","Holometabola","Diptera","Nematocera","Culicomorpha",,"Chironomidae","Orthocladiinae",,,"Limnophyes","sp.",,"larva",2,,1,70,1,"N","N",,"condition OK","Y",,"Weiderholm, 1983; Weiderholm, 1986; Epler 2001; Ferrington et al. 2019; Andersen, Cranston and Epler 2013","N","Rhithron Associates, Inc.","R. Spring",,,
"5e61e787-b2de-4a1c-a703-f674ddb4bc6c","D18","TOOK","TOOK.AOS.riparian.point.05","2023-07-26T18:18Z","2024-10-04","TOOK.20230726.BENTHICSWEEP.5","A00000302728",,"ABLSP","Y","Ablabesmyia sp.",,"genus","Arthropoda","Hexapoda","Insecta","Pterygota","Neoptera","Holometabola","Diptera","Nematocera","Culicomorpha",,"Chironomidae","Tanypodinae","Pentaneurini",,"Ablabesmyia","sp.",,"larva",2,,1,100,1,"N","N",,"condition OK","Y",,"Weiderholm, 1983; Weiderholm, 1986; Epler 2001; Ferrington et al. 2019; Andersen, Cranston and Epler 2013","N","Rhithron Associates, Inc.","A. Fasbender",,,
"823bb585-1385-4e3d-b5fe-12afa24aafbe","D18","TOOK","TOOK.AOS.riparian.point.03","2023-07-26T18:18Z","2024-10-04","TOOK.20230726.BENTHICSWEEP.3","A00000302727",,"CHISP6","Y","Chironomini sp.",,"tribe","Arthropoda","Hexapoda","Insecta","Pterygota","Neoptera","Holometabola","Diptera","Nematocera","Culicomorpha",,"Chironomidae","Chironominae","Chironomini",,,"sp.",,"larva",1,,1,17,6,"Y","N","early instar","condition OK","Y",,"Weiderholm, 1983; Weiderholm, 1986; Epler 2001; Ferrington et al. 2019; Andersen, Cranston and Epler 2013","N","Rhithron Associates, Inc.","A. Fasbender",,,
"9afba98c-686b-46b1-bde0-de7461978363","D18","TOOK","TOOK.AOS.riparian.point.05","2023-07-26T18:18Z","2024-10-04","TOOK.20230726.BENTHICSWEEP.5","A00000302728",,"CORSP19","Y","Corynoneura sp.",,"genus","Arthropoda","Hexapoda","Insecta","Pterygota","Neoptera","Holometabola","Diptera","Nematocera","Culicomorpha",,"Chironomidae","Orthocladiinae",,,"Corynoneura","sp.",,"larva",1,,12,100,12,"N","N",,"condition OK","Y",,"Weiderholm, 1983; Weiderholm, 1986; Epler 2001; Ferrington et al. 2019; Andersen, Cranston and Epler 2013","N","Rhithron Associates, Inc.","A. Fasbender",,,
"4774e0b8-0965-4988-bf62-635f6d3a9d6b","D18","TOOK","TOOK.AOS.buoy.c0","2023-07-26T18:18Z","2024-10-06","TOOK.20230726.PONAR.1","A00000302722",,"PHASP9","Y","Phaenopsectra sp.",,"genus","Arthropoda","Hexapoda","Insecta","Pterygota","Neoptera","Holometabola","Diptera","Nematocera","Culicomorpha",,"Chironomidae","Chironominae","Chironomini",,"Phaenopsectra","sp.",,"larva",4,,1,100,1,"N","N",,"condition OK","Y",,"Weiderholm, 1983; Weiderholm, 1986; Epler 2001; Ferrington et al. 2019; Andersen, Cranston and Epler 2013","N","Rhithron Associates, Inc.","R. Spring",,,
"46bb3b9b-c0ab-4660-9f44-8ffab7d6a1d2","D18","TOOK","TOOK.AOS.riparian.point.05","2023-07-26T18:18Z","2024-10-07","TOOK.20230726.BENTHICSWEEP.5","A00000302728",,"ACASP1","Y","Acari sp.",,"subclass","Arthropoda","Chelicerata","Arachnida","Acari",,,,,,,,,,,,"sp.",,"larva",1,,2,100,2,"N","N",,"condition OK","N",,"Thorp and Rogers 2016","N","Rhithron Associates, Inc.","J. Webb",,,
"325012df-4038-4508-bee2-1387c44a047b","D18","TOOK","TOOK.AOS.riparian.point.09","2023-07-26T18:18Z","2024-10-07","TOOK.20230726.BENTHICSWEEP.9","A00000302738",,"PIOSP2","Y","Piona sp.",,"genus","Arthropoda","Chelicerata","Arachnida","Acari",,"Acariformes","Trombidiformes","Prostigmata",,"Hygrobatoidea","Pionidae",,,,"Piona","sp.",,"adult",1,,15,70,21,"N","N",,"condition OK","Y",,"Thorp and Rogers 2016","N","Rhithron Associates, Inc.","S. Sullivan",,,
"af69c0d6-e317-4fd8-8e5f-24861f196763","D18","TOOK","TOOK.AOS.riparian.point.01","2023-07-26T18:18Z","2024-10-04","TOOK.20230726.BENTHICSWEEP.1","A00000302724",,"PHYSP7","Y","Physa sp.",,"genus","Mollusca",,"Gastropoda",,,,"Basommatophora",,,,"Physidae",,,,"Physa","sp.",,"unknown",2,,2,100,2,"N","N",,"condition OK","Y",,"Thorp and Rogers 2016","N","Rhithron Associates, Inc.","J. Webb",,,
"bf7401bd-4847-4574-8a28-beecb9bf2f41","D18","TOOK","TOOK.AOS.littoral2","2023-07-26T18:18Z","2024-10-04","TOOK.20230726.PONAR.2","A00000302723",,"STASP3","Y","Stagnicola sp.",,"genus","Mollusca",,"Gastropoda",,,,"Basommatophora",,,,"Lymnaeidae",,,,"Stagnicola","sp.",,"unknown",5,,3,100,3,"N","N",,"condition OK","Y",,"Burch 1989; Thorp and Rogers 2016","N","Rhithron Associates, Inc.","S. Sullivan",,,
"c0b1a643-a3e1-42bd-bf82-5128484f66dc","D18","TOOK","TOOK.AOS.littoral2","2023-07-26T18:18Z","2024-10-06","TOOK.20230726.PONAR.2","A00000302723",,"CHISP8","Y","Chironomus sp.",,"genus","Arthropoda","Hexapoda","Insecta","Pterygota","Neoptera","Holometabola","Diptera","Nematocera","Culicomorpha",,"Chironomidae","Chironominae","Chironomini",,"Chironomus","sp.",,"larva",2,,1,100,1,"N","N",,"condition OK","Y",,"Weiderholm, 1983; Weiderholm, 1986; Epler 2001; Ferrington et al. 2019; Andersen, Cranston and Epler 2013","N","Rhithron Associates, Inc.","R. Spring",,,
"4b87730b-3d4c-4c39-b220-5318afc45e72","D18","TOOK","TOOK.AOS.riparian.point.01","2023-07-26T18:18Z","2024-10-04","TOOK.20230726.BENTHICSWEEP.1","A00000302724",,"LIMSP5","Y","Limnephilidae sp.",,"family","Arthropoda","Hexapoda","Insecta","Pterygota","Neoptera","Holometabola","Trichoptera",,,"Limnephiloidea","Limnephilidae",,,,,"sp.",,"larva",2,,1,100,1,"Y","N","early instar","condition OK","Y",,"Wiggins 1996; Merritt et al. 2019","N","Rhithron Associates, Inc.","J. Webb",,,
"ca740c01-03f0-4b4b-8ed1-feb6e30b142a","D18","TOOK","TOOK.AOS.riparian.point.05","2023-07-26T18:18Z","2024-10-06","TOOK.20230726.BENTHICSWEEP.5","A00000302728","BA23NEOMLR13003O3","LUMSP2","Y","Lumbriculidae sp.",,"family","Annelida","Clitellata","Oligochaeta","Oligochaeta",,,"Lumbriculida",,,,"Lumbriculidae",,,,,"sp.",,"immature",2,,1,100,1,"Y","N",,"condition OK","Y",,"Kathman and Brinkhurst, 1999","N","Rhithron Associates, Inc.","R. Spring",,,
"2beb4a6d-c87c-4241-bd1c-c2720f46515c","D18","TOOK","TOOK.AOS.riparian.point.05","2023-07-26T18:18Z","2024-10-04","TOOK.20230726.BENTHICSWEEP.5","A00000302728",,"POTSP2","Y","Potthastia sp.",,"genus","Arthropoda","Hexapoda","Insecta","Pterygota","Neoptera","Holometabola","Diptera","Nematocera","Culicomorpha",,"Chironomidae","Diamesinae","Diamesini",,"Potthastia","sp.",,"larva",2,,1,100,1,"N","N",,"condition OK","Y",,"Weiderholm, 1983; Weiderholm, 1986; Epler 2001; Ferrington et al. 2019; Andersen, Cranston and Epler 2013","N","Rhithron Associates, Inc.","A. Fasbender","P. longimanus",,
"10b7ee46-6515-4d91-9899-67c6aef300d1","D18","TOOK","TOOK.AOS.riparian.point.07","2023-07-26T18:18Z","2024-10-06","TOOK.20230726.BENTHICSWEEP.7","A00000302726","BA23NEOMLR13004O1","NAISP1","Y","Nais sp.",,"genus","Annelida","Clitellata","Oligochaeta","Oligochaeta",,,"Tubificida",,,,"Naididae","Naidinae",,,"Nais","sp.",,"immature",2,,1,100,1,"Y","N",,"condition OK","N",,"Kathman and Brinkhurst, 1999","Y","Rhithron Associates, Inc.","R. Spring",,,
"363cb67e-91c5-43ae-95d3-7ccadcff2b9c","D18","TOOK","TOOK.AOS.littoral3","2023-07-26T18:18Z","2024-10-06","TOOK.20230726.PONAR.3","A00000302737",,"CORSP26","Y","Corynocera sp.",,"genus","Arthropoda","Hexapoda","Insecta","Pterygota","Neoptera","Holometabola","Diptera","Nematocera","Culicomorpha",,"Chironomidae","Chironominae","Tanytarsini",,"Corynocera","sp.",,"larva",3,,5,100,5,"N","N",,"condition OK","Y",,"Weiderholm, 1983; Weiderholm, 1986; Epler 2001; Ferrington et al. 2008; Andersen, Cranston and Epler 2013","N","Rhithron Associates, Inc.","R. Spring",,,
"a546a6d8-691f-45d8-a7fc-a0d80ef929b1","D18","TOOK","TOOK.AOS.riparian.point.05","2023-07-26T18:18Z","2024-10-07","TOOK.20230726.BENTHICSWEEP.5","A00000302728",,"SPESP4","Y","Sperchon sp.",,"genus","Arthropoda","Chelicerata","Arachnida","Acari",,"Acariformes","Trombidiformes","Prostigmata",,"Lebertioidea","Sperchontidae",,,,"Sperchon","sp.",,"adult",1,,1,100,1,"N","N",,"condition OK","Y",,"Thorp and Rogers 2016","N","Rhithron Associates, Inc.","J. Webb",,,
"cab72973-c958-4603-b679-b5c6b5048cf7","D18","TOOK","TOOK.AOS.littoral2","2023-07-26T18:18Z","2024-10-04","TOOK.20230726.PONAR.2","A00000302723",,"OXUSP","Y","Oxus sp.",,"genus","Arthropoda","Chelicerata","Arachnida","Acari",,"Acariformes","Trombidiformes","Prostigmata",,"Lebertioidea","Oxidae",,,,"Oxus","sp.",,"adult",1,,1,100,1,"N","N",,"condition OK","Y",,"Thorp and Rogers 2016","N","Rhithron Associates, Inc.","S. Sullivan",,,
"a0c9af42-3998-436e-8cfd-2ba8cdb5111b","D18","TOOK","TOOK.AOS.riparian.point.05","2023-07-26T18:18Z","2024-10-06","TOOK.20230726.BENTHICSWEEP.5","A00000302728","BA23NEOMLR13003O3","NAICOM","Y","Nais communis/variabilis",,"speciesGroup","Annelida","Clitellata","Oligochaeta","Oligochaeta",,,"Tubificida",,,,"Naididae","Naidinae",,,"Nais","communis/variabilis",,"immature",1,,2,100,2,"Y","N",,"condition OK","Y",,"Kathman and Brinkhurst, 1999","N","Rhithron Associates, Inc.","R. Spring",,,
"cb0535bf-1646-45bd-ac3c-18ee29eed270","D18","TOOK","TOOK.AOS.riparian.point.07","2023-07-26T18:18Z","2024-10-06","TOOK.20230726.BENTHICSWEEP.7","A00000302726",,"TANSP11","Y","Tanytarsus sp.",,"genus","Arthropoda","Hexapoda","Insecta","Pterygota","Neoptera","Holometabola","Diptera","Nematocera","Culicomorpha",,"Chironomidae","Chironominae","Tanytarsini",,"Tanytarsus","sp.",,"pupa",3,,1,100,1,"N","N",,"condition OK","Y",,"Weiderholm, 1983; Weiderholm, 1986; Epler 2001; Ferrington et al. 2019; Andersen, Cranston and Epler 2013","Y","Rhithron Associates, Inc.","R. Spring",,,
"ac4c2b9b-661b-4a6c-adfc-7501f31faebc","D18","TOOK","TOOK.AOS.littoral3","2023-07-26T18:18Z","2024-10-06","TOOK.20230726.PONAR.3","A00000302737",,"CORSP19","Y","Corynoneura sp.",,"genus","Arthropoda","Hexapoda","Insecta","Pterygota","Neoptera","Holometabola","Diptera","Nematocera","Culicomorpha",,"Chironomidae","Orthocladiinae",,,"Corynoneura","sp.",,"larva",1,,1,100,1,"N","N",,"condition OK","Y",,"Weiderholm, 1983; Weiderholm, 1986; Epler 2001; Ferrington et al. 2019; Andersen, Cranston and Epler 2013","N","Rhithron Associates, Inc.","R. Spring",,,
"abc6e832-3e36-4357-b3ca-91ebae23e68b","D18","TOOK","TOOK.AOS.riparian.point.09","2023-07-26T18:18Z","2024-10-06","TOOK.20230726.BENTHICSWEEP.9","A00000302738",,"ABLSP","Y","Ablabesmyia sp.",,"genus","Arthropoda","Hexapoda","Insecta","Pterygota","Neoptera","Holometabola","Diptera","Nematocera","Culicomorpha",,"Chironomidae","Tanypodinae","Pentaneurini",,"Ablabesmyia","sp.",,"larva",2,,1,70,1,"N","N",,"condition OK","Y",,"Weiderholm, 1983; Weiderholm, 1986; Epler 2001; Ferrington et al. 2019; Andersen, Cranston and Epler 2013","N","Rhithron Associates, Inc.","R. Spring",,,
"7f5ce9d4-2658-4b43-9ca0-6c4c7d6646e4","D18","TOOK","TOOK.AOS.riparian.point.05","2023-07-26T18:18Z","2024-10-07","TOOK.20230726.BENTHICSWEEP.5","A00000302728",,"GREPRA","Y","Grensia praeterita",,"species","Arthropoda","Hexapoda","Insecta","Pterygota","Neoptera","Holometabola","Trichoptera",,,"Limnephiloidea","Limnephilidae","Limnephilinae","Chilostigmini",,"Grensia","praeterita",,"larva",12,,3,100,3,"N","N",,"condition OK","Y",,"Wiggins 1996; Merritt et al. 2019","N","Rhithron Associates, Inc.","J. Webb",,,
"cbdc557b-97fc-466f-a611-b6eda27098ea","D18","TOOK","TOOK.AOS.buoy.c0","2023-07-26T18:18Z","2024-10-04","TOOK.20230726.PONAR.1","A00000302722",,"ORISP1","Y","Oribatida sp.",,"suborder","Arthropoda","Chelicerata","Arachnida","Acari",,"Acariformes","Sarcoptiformes","Oribatida",,,,,,,,"sp.",,"adult",1,,1,100,1,"N","N",,"condition OK","Y",,"Thorp and Rogers 2016","N","Rhithron Associates, Inc.","S. Sullivan",,,
"9b05acdf-7d66-42e9-8ae9-d423b704c4a2","D18","TOOK","TOOK.AOS.riparian.point.01","2023-07-26T18:18Z","2024-10-04","TOOK.20230726.BENTHICSWEEP.1","A00000302724",,"PIOSP","Y","Pionidae sp.",,"family","Arthropoda","Chelicerata","Arachnida","Acari",,"Acariformes","Trombidiformes","Prostigmata",,"Hygrobatoidea","Pionidae",,,,,"sp.",,"adult",1,,1,100,1,"N","N","damaged","damaged, affecting taxonomy and measurement","N",,"Thorp and Rogers 2016","N","Rhithron Associates, Inc.","J. Webb",,,
"8f4f4c03-b6a5-493c-bd70-e5437bd488bd","D18","TOOK","TOOK.AOS.riparian.point.01","2023-07-26T18:18Z","2024-10-04","TOOK.20230726.BENTHICSWEEP.1","A00000302724",,"NEMSP","Y","Nematoda sp.",,"phylum","Nematoda",,,,,,,,,,,,,,,"sp.",,"unknown",6,,2,100,2,"N","N",,"condition OK","Y",,"Thorp and Rogers 2016","N","Rhithron Associates, Inc.","J. Webb",,,
"b8a4bc5a-a220-4cfa-8766-4292bccb14a6","D18","TOOK","TOOK.AOS.riparian.point.01","2023-07-26T18:18Z","2024-10-04","TOOK.20230726.BENTHICSWEEP.1","A00000302724",,"LIMSP5","Y","Limnephilidae sp.",,"family","Arthropoda","Hexapoda","Insecta","Pterygota","Neoptera","Holometabola","Trichoptera",,,"Limnephiloidea","Limnephilidae",,,,,"sp.",,"larva",4,,7,100,7,"Y","N","early instar","condition OK","Y",,"Wiggins 1996; Merritt et al. 2019","N","Rhithron Associates, Inc.","J. Webb",,,
"6cc1c0dc-7eac-4869-9a10-6efccd7f4939","D18","TOOK","TOOK.AOS.riparian.point.09","2023-07-26T18:18Z","2024-10-07","TOOK.20230726.BENTHICSWEEP.9","A00000302738",,"GREPRA","Y","Grensia praeterita",,"species","Arthropoda","Hexapoda","Insecta","Pterygota","Neoptera","Holometabola","Trichoptera",,,"Limnephiloidea","Limnephilidae","Limnephilinae","Chilostigmini",,"Grensia","praeterita",,"larva",3,,7,70,10,"N","N",,"condition OK","Y",,"Wiggins 1996; Merritt et al. 2019","N","Rhithron Associates, Inc.","S. Sullivan",,,
"10e21f48-aef7-4330-aaa1-16e540382dc6","D18","TOOK","TOOK.AOS.riparian.point.01","2023-07-26T18:18Z","2024-10-04","TOOK.20230726.BENTHICSWEEP.1","A00000302724",,"HYGSP2","Y","Hygrobates sp.",,"genus","Arthropoda","Chelicerata","Arachnida","Acari",,"Acariformes","Trombidiformes","Prostigmata",,"Hygrobatoidea","Hygrobatidae",,,,"Hygrobates","sp.",,"adult",1,,7,100,7,"N","N",,"condition OK","Y",,"Thorp and Rogers 2016","N","Rhithron Associates, Inc.","J. Webb",,,
"40ddd152-e137-4c31-bbcd-a6dcf28c633b","D18","TOOK","TOOK.AOS.riparian.point.07","2023-07-26T18:18Z","2024-10-07","TOOK.20230726.BENTHICSWEEP.7","A00000302726",,"GYRSP1","Y","Gyraulus sp.",,"genus","Mollusca",,"Gastropoda",,,,"Basommatophora",,,,"Planorbidae",,,,"Gyraulus","sp.",,"unknown",4,,7,100,7,"N","N",,"condition OK","Y",,"Burch 1989; Thorp and Rogers 2016","Y","Rhithron Associates, Inc.","S. Sullivan",,,
"b1232933-2982-442e-8cc3-be6957f150e2","D18","TOOK","TOOK.AOS.riparian.point.03","2023-07-26T18:18Z","2024-10-04","TOOK.20230726.BENTHICSWEEP.3","A00000302727",,"RHESP2","Y","Rheotanytarsus sp.",,"genus","Arthropoda","Hexapoda","Insecta","Pterygota","Neoptera","Holometabola","Diptera","Nematocera","Culicomorpha",,"Chironomidae","Chironominae","Tanytarsini",,"Rheotanytarsus","sp.",,"larva",4,,1,17,6,"N","N",,"condition OK","Y",,"Weiderholm, 1983; Weiderholm, 1986; Epler 2001; Ferrington et al. 2019; Andersen, Cranston and Epler 2013","N","Rhithron Associates, Inc.","A. Fasbender",,,
"58c7f9a5-f958-4578-8c11-0fb588ea28f4","D18","TOOK","TOOK.AOS.riparian.point.05","2023-07-26T18:18Z","2024-10-06","TOOK.20230726.BENTHICSWEEP.5","A00000302728","BA23NEOMLR13003O4","LUMSP2","Y","Lumbriculidae sp.",,"family","Annelida","Clitellata","Oligochaeta","Oligochaeta",,,"Lumbriculida",,,,"Lumbriculidae",,,,,"sp.",,"immature",2,,1,100,1,"Y","N",,"condition OK","Y",,"Kathman and Brinkhurst, 1999","N","Rhithron Associates, Inc.","R. Spring",,,
"c4b39649-bd26-432a-97b0-9eea314b7f3a","D18","TOOK","TOOK.AOS.riparian.point.03","2023-07-26T18:18Z","2024-10-04","TOOK.20230726.BENTHICSWEEP.3","A00000302727",,"OSTSP","Y","Ostracoda sp.",,"class","Arthropoda","Crustacea","Ostracoda",,,,,,,,,,,,,"sp.",,"unknown",1,,22,17,129,"N","N",,"condition OK","Y",,"Thorp and Rogers 2016","N","Rhithron Associates, Inc.","J. Webb",,,
"04ce82ad-f9ea-4bf7-8f7d-50c9af5825d1","D18","TOOK","TOOK.AOS.buoy.c0","2023-07-26T18:18Z","2024-10-06","TOOK.20230726.PONAR.1","A00000302722",,"PROSP34","Y","Protanypus sp.",,"genus","Arthropoda","Hexapoda","Insecta","Pterygota","Neoptera","Holometabola","Diptera","Nematocera","Culicomorpha",,"Chironomidae","Diamesinae","Protanypini",,"Protanypus","sp.",,"larva",3,,1,100,1,"N","N",,"condition OK","Y",,"Weiderholm, 1983; Weiderholm, 1986; Epler 2001; Ferrington et al. 2019; Andersen, Cranston and Epler 2013","N","Rhithron Associates, Inc.","R. Spring",,,
"58232afd-4f51-4b71-b43f-2d7e003c7a88","D18","TOOK","TOOK.AOS.riparian.point.01","2023-07-26T18:18Z","2024-10-04","TOOK.20230726.BENTHICSWEEP.1","A00000302724",,"PHASP9","Y","Phaenopsectra sp.",,"genus","Arthropoda","Hexapoda","Insecta","Pterygota","Neoptera","Holometabola","Diptera","Nematocera","Culicomorpha",,"Chironomidae","Chironominae","Chironomini",,"Phaenopsectra","sp.",,"larva",5,,1,100,1,"N","N",,"condition OK","Y",,"Weiderholm, 1983; Weiderholm, 1986; Epler 2001; Ferrington et al. 2019; Andersen, Cranston and Epler 2013","N","Rhithron Associates, Inc.","A. Fasbender",,,
"5689d06e-7441-4ec6-bb8b-135237c68d78","D18","TOOK","TOOK.AOS.riparian.point.01","2023-07-26T18:18Z","2024-10-04","TOOK.20230726.BENTHICSWEEP.1","A00000302724",,"ATUSP","Y","Aturidae sp.",,"family","Arthropoda","Chelicerata","Arachnida","Acari",,"Acariformes","Trombidiformes","Prostigmata",,"Hygrobatoidea","Aturidae",,,,,"sp.",,"adult",1,,1,100,1,"N","N","damaged","damaged, affecting taxonomy and measurement","Y",,"Thorp and Rogers 2016","N","Rhithron Associates, Inc.","J. Webb",,,
"f3f4069f-a8d9-4dd9-a653-ee86e1fb48b5","D18","TOOK","TOOK.AOS.littoral3","2023-07-26T18:18Z","2024-10-06","TOOK.20230726.PONAR.3","A00000302737","BA23NEOMLR13008O1","NAISP","Y","Naididae sp.",,"family","Annelida","Clitellata","Oligochaeta","Oligochaeta",,,"Tubificida",,,,"Naididae",,,,,"sp.",,"immature",4,,5,100,5,"Y","N",,"condition OK","Y",,"Kathman and Brinkhurst, 1999","N","Rhithron Associates, Inc.","R. Spring","w/hc rhyacodrilinae/tubificinae",,
"3de47a71-1e20-4056-9b91-c794a7e5263f","D18","TOOK","TOOK.AOS.riparian.point.09","2023-07-26T18:18Z","2024-10-06","TOOK.20230726.BENTHICSWEEP.9","A00000302738",,"HETSP9","Y","Heterotrissocladius sp.",,"genus","Arthropoda","Hexapoda","Insecta","Pterygota","Neoptera","Holometabola","Diptera","Nematocera","Culicomorpha",,"Chironomidae","Orthocladiinae",,,"Heterotrissocladius","sp.",,"larva",6,,1,70,1,"N","N",,"condition OK","Y",,"Weiderholm, 1983; Weiderholm, 1986; Epler 2001; Ferrington et al. 2019; Andersen, Cranston and Epler 2013","N","Rhithron Associates, Inc.","R. Spring",,,
"cb44fa51-a5a5-4286-92af-aec2c4efa0a0","D18","TOOK","TOOK.AOS.riparian.point.03","2023-07-26T18:18Z","2024-10-04","TOOK.20230726.BENTHICSWEEP.3","A00000302727",,"LIMSP23","Y","Limnophyes sp.",,"genus","Arthropoda","Hexapoda","Insecta","Pterygota","Neoptera","Holometabola","Diptera","Nematocera","Culicomorpha",,"Chironomidae","Orthocladiinae",,,"Limnophyes","sp.",,"larva",1,,3,17,18,"N","N",,"condition OK","Y",,"Weiderholm, 1983; Weiderholm, 1986; Epler 2001; Ferrington et al. 2019; Andersen, Cranston and Epler 2013","N","Rhithron Associates, Inc.","A. Fasbender",,,
"9eb0ac79-fd6c-47f4-a04d-6b4131f500cd","D18","TOOK","TOOK.AOS.riparian.point.09","2023-07-26T18:18Z","2024-10-06","TOOK.20230726.BENTHICSWEEP.9","A00000302738","BA23NEOMLR13005O1","NAICOM","Y","Nais communis/variabilis",,"speciesGroup","Annelida","Clitellata","Oligochaeta","Oligochaeta",,,"Tubificida",,,,"Naididae","Naidinae",,,"Nais","communis/variabilis",,"immature",3,,3,70,4,"Y","N",,"condition OK","Y",,"Kathman and Brinkhurst, 1999","N","Rhithron Associates, Inc.","R. Spring",,,
"7eb91fa3-aa1b-46f0-b647-1138a0ead71a","D18","TOOK","TOOK.AOS.riparian.point.03","2023-07-26T18:18Z","2024-10-04","TOOK.20230726.BENTHICSWEEP.3","A00000302727",,"PIOSP","Y","Pionidae sp.",,"family","Arthropoda","Chelicerata","Arachnida","Acari",,"Acariformes","Trombidiformes","Prostigmata",,"Hygrobatoidea","Pionidae",,,,,"sp.",,"adult",1,,2,17,12,"N","N","damaged","damaged, affecting taxonomy and measurement","Y",,"Thorp and Rogers 2016","N","Rhithron Associates, Inc.","J. Webb",,,
"95cec56e-7770-401c-8ebc-c82650f69eec","D18","TOOK","TOOK.AOS.littoral2","2023-07-26T18:18Z","2024-10-06","TOOK.20230726.PONAR.2","A00000302723","BA23NEOMLR13007O1","NAISP","Y","Naididae sp.",,"family","Annelida","Clitellata","Oligochaeta","Oligochaeta",,,"Tubificida",,,,"Naididae",,,,,"sp.",,"immature",5,,10,100,10,"Y","N",,"condition OK","Y",,"Kathman and Brinkhurst, 1999","N","Rhithron Associates, Inc.","R. Spring","w/hc rhyacodrilinae/tubificinae",,
"7b93d44c-2bcb-47bb-ad19-bf5c357e8b68","D18","TOOK","TOOK.AOS.riparian.point.07","2023-07-26T18:18Z","2024-10-07","TOOK.20230726.BENTHICSWEEP.7","A00000302726",,"LEBSP1","Y","Lebertia sp.",,"genus","Arthropoda","Chelicerata","Arachnida","Acari",,"Acariformes","Trombidiformes","Prostigmata",,"Lebertioidea","Lebertiidae",,,,"Lebertia","sp.",,"adult",1,,2,100,2,"N","N",,"condition OK","Y",,"Thorp and Rogers 2016","Y","Rhithron Associates, Inc.","S. Sullivan",,,
"cc8fe63d-25a2-45bb-9aa4-3a923adee6c9","D18","TOOK","TOOK.AOS.riparian.point.09","2023-07-26T18:18Z","2024-10-07","TOOK.20230726.BENTHICSWEEP.9","A00000302738",,"GREPRA","Y","Grensia praeterita",,"species","Arthropoda","Hexapoda","Insecta","Pterygota","Neoptera","Holometabola","Trichoptera",,,"Limnephiloidea","Limnephilidae","Limnephilinae","Chilostigmini",,"Grensia","praeterita",,"larva",9,,5,70,7,"N","N",,"condition OK","Y",,"Wiggins 1996; Merritt et al. 2019","N","Rhithron Associates, Inc.","S. Sullivan",,,
"10e9e56c-a856-4a1a-8fe5-fc60f9ab821c","D18","TOOK","TOOK.AOS.littoral3","2023-07-26T18:18Z","2024-10-06","TOOK.20230726.PONAR.3","A00000302737",,"TANSP11","Y","Tanytarsus sp.",,"genus","Arthropoda","Hexapoda","Insecta","Pterygota","Neoptera","Holometabola","Diptera","Nematocera","Culicomorpha",,"Chironomidae","Chironominae","Tanytarsini",,"Tanytarsus","sp.",,"larva",2,,1,100,1,"N","N",,"condition OK","Y",,"Weiderholm, 1983; Weiderholm, 1986; Epler 2001; Ferrington et al. 2019; Andersen, Cranston and Epler 2013","N","Rhithron Associates, Inc.","R. Spring",,,
"b113215e-cd28-4f09-b153-547fece9b178","D18","TOOK","TOOK.AOS.riparian.point.09","2023-07-26T18:18Z","2024-10-06","TOOK.20230726.BENTHICSWEEP.9","A00000302738",,"ORTSP1","Y","Orthocladiinae sp.",,"subfamily","Arthropoda","Hexapoda","Insecta","Pterygota","Neoptera","Holometabola","Diptera","Nematocera","Culicomorpha",,"Chironomidae","Orthocladiinae",,,,"sp.",,"larva",1,,1,70,1,"Y","N","early instar","condition OK","N",,"Weiderholm, 1983; Weiderholm, 1986; Epler 2001; Ferrington et al. 2019; Andersen, Cranston and Epler 2013","N","Rhithron Associates, Inc.","R. Spring",,,
"7646a9ad-f230-4f8b-93d2-c53674b8555a","D18","TOOK","TOOK.AOS.riparian.point.05","2023-07-26T18:18Z","2024-10-07","TOOK.20230726.BENTHICSWEEP.5","A00000302728",,"PERSP2","Y","Perlodidae sp.",,"family","Arthropoda","Hexapoda","Insecta","Pterygota","Neoptera","Polyneoptera","Plecoptera","Systellognatha",,,"Perlodidae",,,,,"sp.",,"larva",2,,2,100,2,"Y","N","early instar","condition OK","Y",,"Stewart and Stark 2002; Merritt et al. 2019","N","Rhithron Associates, Inc.","J. Webb",,,
"9e4d91e2-c716-4ad7-b78a-ae00a4d1f7c1","D18","TOOK","TOOK.AOS.riparian.point.05","2023-07-26T18:18Z","2024-10-07","TOOK.20230726.BENTHICSWEEP.5","A00000302728",,"NEMSP","Y","Nematoda sp.",,"phylum","Nematoda",,,,,,,,,,,,,,,"sp.",,"unknown",2,,19,100,19,"N","N",,"condition OK","Y",,"Thorp and Rogers 2016","N","Rhithron Associates, Inc.","J. Webb",,,
"d34f863d-9e3c-4632-baf3-18f414da0ec6","D18","TOOK","TOOK.AOS.riparian.point.05","2023-07-26T18:18Z","2024-10-06","TOOK.20230726.BENTHICSWEEP.5","A00000302728","BA23NEOMLR13003O3","NAISP","Y","Naididae sp.",,"family","Annelida","Clitellata","Oligochaeta","Oligochaeta",,,"Tubificida",,,,"Naididae",,,,,"sp.",,"immature",2,,1,100,1,"Y","N",,"condition OK","Y",,"Kathman and Brinkhurst, 1999","N","Rhithron Associates, Inc.","R. Spring","w/hc rhyacodrilinae/tubificinae",,
"7778b938-957c-446c-9c6c-4e62861f94e9","D18","TOOK","TOOK.AOS.riparian.point.05","2023-07-26T18:18Z","2024-10-04","TOOK.20230726.BENTHICSWEEP.5","A00000302728",,"CORSP19","Y","Corynoneura sp.",,"genus","Arthropoda","Hexapoda","Insecta","Pterygota","Neoptera","Holometabola","Diptera","Nematocera","Culicomorpha",,"Chironomidae","Orthocladiinae",,,"Corynoneura","sp.",,"larva",2,,21,100,21,"N","N",,"condition OK","Y",,"Weiderholm, 1983; Weiderholm, 1986; Epler 2001; Ferrington et al. 2019; Andersen, Cranston and Epler 2013","N","Rhithron Associates, Inc.","A. Fasbender",,,
"fc5dff1f-976c-4dcb-b87d-8151510beaff","D18","TOOK","TOOK.AOS.riparian.point.03","2023-07-26T18:18Z","2024-10-04","TOOK.20230726.BENTHICSWEEP.3","A00000302727",,"HETSP13","Y","Heterotanytarsus sp.",,"genus","Arthropoda","Hexapoda","Insecta","Pterygota","Neoptera","Holometabola","Diptera","Nematocera","Culicomorpha",,"Chironomidae","Orthocladiinae",,,"Heterotanytarsus","sp.",,"larva",4,,4,17,24,"N","N",,"condition OK","Y",,"Weiderholm, 1983; Weiderholm, 1986; Epler 2001; Ferrington et al. 2019; Andersen, Cranston and Epler 2013","N","Rhithron Associates, Inc.","A. Fasbender",,,
"598cc2b5-a207-4ca5-a967-ba8b8b99aeed","D18","TOOK","TOOK.AOS.riparian.point.07","2023-07-26T18:18Z","2024-10-07","TOOK.20230726.BENTHICSWEEP.7","A00000302726",,"HALSP1","Y","Halacaridae sp.",,"family","Arthropoda","Chelicerata","Arachnida","Acari",,"Acariformes","Trombidiformes","Prostigmata",,"Halacaroidea","Halacaridae",,,,,"sp.",,"adult",1,,4,100,4,"N","N",,"condition OK","Y",,"Thorp and Rogers 2016","Y","Rhithron Associates, Inc.","S. Sullivan",,,
"f7a06a44-d962-4b34-9cc5-eab1e41f6dc9","D18","TOOK","TOOK.AOS.riparian.point.09","2023-07-26T18:18Z","2024-10-07","TOOK.20230726.BENTHICSWEEP.9","A00000302738",,"BAERHO","Y","Baetis rhodani gr.",,"speciesGroup","Arthropoda","Hexapoda","Insecta","Pterygota","Palaeoptera",,"Ephemeroptera",,,,"Baetidae",,,,"Baetis","rhodani gr.",,"larva",6,,1,70,1,"N","N","damaged","damaged, affecting taxonomy and measurement","Y",,"Morihara and McCafferty 1979; Wiersema, 2004; Webb et al. 2018","N","Rhithron Associates, Inc.","S. Sullivan",,,
"b7511300-ee5d-4844-95e9-2fbf7645a5cb","D18","TOOK","TOOK.AOS.riparian.point.03","2023-07-26T18:18Z","2024-10-04","TOOK.20230726.BENTHICSWEEP.3","A00000302727",,"ORTSP1","Y","Orthocladiinae sp.",,"subfamily","Arthropoda","Hexapoda","Insecta","Pterygota","Neoptera","Holometabola","Diptera","Nematocera","Culicomorpha",,"Chironomidae","Orthocladiinae",,,,"sp.",,"larva",1,,2,17,12,"Y","N","early instar","condition OK","N",,"Weiderholm, 1983; Weiderholm, 1986; Epler 2001; Ferrington et al. 2019; Andersen, Cranston and Epler 2013","N","Rhithron Associates, Inc.","A. Fasbender",,,
"7da805a7-d56c-4b8c-bbf7-ee9505b2b335","D18","TOOK","TOOK.AOS.littoral2","2023-07-26T18:18Z","2024-10-06","TOOK.20230726.PONAR.2","A00000302723",,"HETSP9","Y","Heterotrissocladius sp.",,"genus","Arthropoda","Hexapoda","Insecta","Pterygota","Neoptera","Holometabola","Diptera","Nematocera","Culicomorpha",,"Chironomidae","Orthocladiinae",,,"Heterotrissocladius","sp.",,"larva",6,,1,100,1,"N","N",,"condition OK","Y",,"Weiderholm, 1983; Weiderholm, 1986; Epler 2001; Ferrington et al. 2019; Andersen, Cranston and Epler 2013","N","Rhithron Associates, Inc.","R. Spring",,,
"0da712e6-516b-45d5-8e92-5f96a59906b0","D18","TOOK","TOOK.AOS.riparian.point.01","2023-07-26T18:18Z","2024-10-04","TOOK.20230726.BENTHICSWEEP.1","A00000302724",,"CLISP1","Y","Clinocerinae sp.",,"subfamily","Arthropoda","Hexapoda","Insecta","Pterygota","Neoptera","Holometabola","Diptera","Brachycera","Muscomorpha",,"Empididae","Clinocerinae",,,,"sp.",,"larva",1,,3,100,3,"Y","N","early instar","condition OK","Y",,"Merritt et al. 2019","N","Rhithron Associates, Inc.","J. Webb",,,
"b99df5a1-641a-4316-8024-0026f328a31e","D18","TOOK","TOOK.AOS.riparian.point.05","2023-07-26T18:18Z","2024-10-06","TOOK.20230726.BENTHICSWEEP.5","A00000302728","BA23NEOMLR13003O1","ENCSP1","Y","Enchytraeidae sp.",,"family","Annelida","Clitellata","Oligochaeta","Oligochaeta",,,"Enchytraeida",,,,"Enchytraeidae",,,,,"sp.",,"unknown",3,,1,100,1,"N","N",,"condition OK","Y",,"Kathman and Brinkhurst, 1999","N","Rhithron Associates, Inc.","R. Spring",,,
"67d19781-c514-471c-a675-ffc74d379732","D18","TOOK","TOOK.AOS.riparian.point.05","2023-07-26T18:18Z","2024-10-07","TOOK.20230726.BENTHICSWEEP.5","A00000302728",,"PIOSP2","Y","Piona sp.",,"genus","Arthropoda","Chelicerata","Arachnida","Acari",,"Acariformes","Trombidiformes","Prostigmata",,"Hygrobatoidea","Pionidae",,,,"Piona","sp.",,"adult",1,,3,100,3,"N","N",,"condition OK","Y",,"Thorp and Rogers 2016","N","Rhithron Associates, Inc.","J. Webb",,,
"820d04c4-7ec5-43c8-8003-b60c681522c6","D18","TOOK","TOOK.AOS.riparian.point.05","2023-07-26T18:18Z","2024-10-04","TOOK.20230726.BENTHICSWEEP.5","A00000302728",,"HYDSP26","Y","Hydrobaenus sp.",,"genus","Arthropoda","Hexapoda","Insecta","Pterygota","Neoptera","Holometabola","Diptera","Nematocera","Culicomorpha",,"Chironomidae","Orthocladiinae",,,"Hydrobaenus","sp.",,"larva",2,,1,100,1,"N","N",,"condition OK","Y",,"Weiderholm, 1983; Weiderholm, 1986; Epler 2001; Ferrington et al. 2019; Andersen, Cranston and Epler 2013","N","Rhithron Associates, Inc.","A. Fasbender",,,
"18719cc3-1d1b-4504-89ae-c682b56b03d0","D18","TOOK","TOOK.AOS.riparian.point.03","2023-07-26T18:18Z","2024-10-04","TOOK.20230726.BENTHICSWEEP.3","A00000302727",,"GYRSP1","Y","Gyraulus sp.",,"genus","Mollusca",,"Gastropoda",,,,"Basommatophora",,,,"Planorbidae",,,,"Gyraulus","sp.",,"unknown",5,,1,17,6,"N","N",,"condition OK","Y",,"Burch 1989; Thorp and Rogers 2016","N","Rhithron Associates, Inc.","J. Webb",,,
"c0f446c0-a2c4-46f9-8ec2-fb415adf6ea0","D18","TOOK","TOOK.AOS.riparian.point.09","2023-07-26T18:18Z","2024-10-06","TOOK.20230726.BENTHICSWEEP.9","A00000302738","BA23NEOMLR13005O1","NAICOM","Y","Nais communis/variabilis",,"speciesGroup","Annelida","Clitellata","Oligochaeta","Oligochaeta",,,"Tubificida",,,,"Naididae","Naidinae",,,"Nais","communis/variabilis",,"immature",2,,2,70,3,"Y","N",,"condition OK","Y",,"Kathman and Brinkhurst, 1999","N","Rhithron Associates, Inc.","R. Spring",,,
"610a4370-c233-4912-816a-8eff16790126","D18","TOOK","TOOK.AOS.riparian.point.01","2023-07-26T18:18Z","2024-10-04","TOOK.20230726.BENTHICSWEEP.1","A00000302724",,"CLASP6","Y","Cladotanytarsus sp.",,"genus","Arthropoda","Hexapoda","Insecta","Pterygota","Neoptera","Holometabola","Diptera","Nematocera","Culicomorpha",,"Chironomidae","Chironominae","Tanytarsini",,"Cladotanytarsus","sp.",,"larva",3,,1,100,1,"N","N",,"condition OK","Y",,"Weiderholm, 1983; Weiderholm, 1986; Epler 2001; Ferrington et al. 2019; Andersen, Cranston and Epler 2013","N","Rhithron Associates, Inc.","A. Fasbender",,,
"aed6b9ab-a7e1-4612-b894-b7e1dac3f1a7","D18","TOOK","TOOK.AOS.riparian.point.03","2023-07-26T18:18Z","2024-10-04","TOOK.20230726.BENTHICSWEEP.3","A00000302727",,"VALMER","Y","Valvata mergella",,"species","Mollusca",,"Gastropoda",,,,"Heterostropha",,,,"Valvatidae",,,,"Valvata","mergella",,"unknown",1,,61,17,359,"N","N",,"condition OK","Y",,"Burch 1989; Thorp and Rogers 2016","N","Rhithron Associates, Inc.","J. Webb",,,
"ec2b216c-1a7b-4f29-91b7-b23621363369","D18","TOOK","TOOK.AOS.riparian.point.09","2023-07-26T18:18Z","2024-10-06","TOOK.20230726.BENTHICSWEEP.9","A00000302738",,"ABLSP","Y","Ablabesmyia sp.",,"genus","Arthropoda","Hexapoda","Insecta","Pterygota","Neoptera","Holometabola","Diptera","Nematocera","Culicomorpha",,"Chironomidae","Tanypodinae","Pentaneurini",,"Ablabesmyia","sp.",,"larva",3,,1,70,1,"N","N",,"condition OK","Y",,"Weiderholm, 1983; Weiderholm, 1986; Epler 2001; Ferrington et al. 2019; Andersen, Cranston and Epler 2013","N","Rhithron Associates, Inc.","R. Spring",,,
"42698023-51d3-42bc-92bc-86cdbc340a80","D18","TOOK","TOOK.AOS.riparian.point.03","2023-07-26T18:18Z","2024-10-04","TOOK.20230726.BENTHICSWEEP.3","A00000302727",,"CLISP1","Y","Clinocerinae sp.",,"subfamily","Arthropoda","Hexapoda","Insecta","Pterygota","Neoptera","Holometabola","Diptera","Brachycera","Muscomorpha",,"Empididae","Clinocerinae",,,,"sp.",,"larva",1,,1,17,6,"Y","N","early instar","condition OK","Y",,"Merritt et al. 2019","N","Rhithron Associates, Inc.","J. Webb",,,
"23f36f44-b419-44df-805c-259e56a7cb2b","D18","TOOK","TOOK.AOS.riparian.point.07","2023-07-26T18:18Z","2024-10-07","TOOK.20230726.BENTHICSWEEP.7","A00000302726",,"PIOSP2","Y","Piona sp.",,"genus","Arthropoda","Chelicerata","Arachnida","Acari",,"Acariformes","Trombidiformes","Prostigmata",,"Hygrobatoidea","Pionidae",,,,"Piona","sp.",,"adult",1,,15,100,15,"N","N",,"condition OK","Y",,"Thorp and Rogers 2016","Y","Rhithron Associates, Inc.","S. Sullivan",,,
"c1df3226-7645-4519-99fd-62b89f96f9b0","D18","TOOK","TOOK.AOS.riparian.point.07","2023-07-26T18:18Z","2024-10-06","TOOK.20230726.BENTHICSWEEP.7","A00000302726",,"CORSP19","Y","Corynoneura sp.",,"genus","Arthropoda","Hexapoda","Insecta","Pterygota","Neoptera","Holometabola","Diptera","Nematocera","Culicomorpha",,"Chironomidae","Orthocladiinae",,,"Corynoneura","sp.",,"larva",3,,2,100,2,"N","N",,"condition OK","Y",,"Weiderholm, 1983; Weiderholm, 1986; Epler 2001; Ferrington et al. 2019; Andersen, Cranston and Epler 2013","Y","Rhithron Associates, Inc.","R. Spring",,,
"b5324aff-25f3-47c4-920a-6d4bd0b974a9","D18","TOOK","TOOK.AOS.riparian.point.01","2023-07-26T18:18Z","2024-10-06","TOOK.20230726.BENTHICSWEEP.1","A00000302724","BA23NEOMLR13001O1","NAIALP","Y","Nais alpina",,"species","Annelida","Clitellata","Oligochaeta","Oligochaeta",,,"Tubificida",,,,"Naididae","Naidinae",,,"Nais","alpina",,"unknown",2,,2,100,2,"N","N",,"condition OK","Y",,"Kathman and Brinkhurst, 1999","N","Rhithron Associates, Inc.","R. Spring",,,
"51cd80a8-dfe7-4b6b-aabc-b17e7c1c2939","D18","TOOK","TOOK.AOS.riparian.point.03","2023-07-26T18:18Z","2024-10-04","TOOK.20230726.BENTHICSWEEP.3","A00000302727",,"CLASP6","Y","Cladotanytarsus sp.",,"genus","Arthropoda","Hexapoda","Insecta","Pterygota","Neoptera","Holometabola","Diptera","Nematocera","Culicomorpha",,"Chironomidae","Chironominae","Tanytarsini",,"Cladotanytarsus","sp.",,"larva",4,,1,17,6,"N","N",,"condition OK","Y",,"Weiderholm, 1983; Weiderholm, 1986; Epler 2001; Ferrington et al. 2019; Andersen, Cranston and Epler 2013","N","Rhithron Associates, Inc.","A. Fasbender",,,
"6b1d59ff-88ba-41d6-8d10-e80a29fcf150","D18","TOOK","TOOK.AOS.riparian.point.05","2023-07-26T18:18Z","2024-10-04","TOOK.20230726.BENTHICSWEEP.5","A00000302728",,"HETSP9","Y","Heterotrissocladius sp.",,"genus","Arthropoda","Hexapoda","Insecta","Pterygota","Neoptera","Holometabola","Diptera","Nematocera","Culicomorpha",,"Chironomidae","Orthocladiinae",,,"Heterotrissocladius","sp.",,"larva",7,,2,100,2,"N","N",,"condition OK","Y",,"Weiderholm, 1983; Weiderholm, 1986; Epler 2001; Ferrington et al. 2019; Andersen, Cranston and Epler 2013","N","Rhithron Associates, Inc.","A. Fasbender",,,
"5724b3ce-915c-407b-9a76-e547f3c24c6b","D18","TOOK","TOOK.AOS.riparian.point.01","2023-07-26T18:18Z","2024-10-04","TOOK.20230726.BENTHICSWEEP.1","A00000302724",,"PIOSP2","Y","Piona sp.",,"genus","Arthropoda","Chelicerata","Arachnida","Acari",,"Acariformes","Trombidiformes","Prostigmata",,"Hygrobatoidea","Pionidae",,,,"Piona","sp.",,"adult",1,,2,100,2,"N","N",,"condition OK","Y",,"Thorp and Rogers 2016","N","Rhithron Associates, Inc.","J. Webb",,,
"d522e582-1c35-410f-ac7f-997f8e0a2532","D18","TOOK","TOOK.AOS.riparian.point.07","2023-07-26T18:18Z","2024-10-07","TOOK.20230726.BENTHICSWEEP.7","A00000302726",,"ESTUNG","Y","Estellacarus unguitarsus",,"species","Arthropoda","Chelicerata","Arachnida",,,"Acariformes","Trombidiformes",,,,"Aturidae",,,,"Estellacarus","unguitarsus",,"adult",1,,2,100,2,"N","N",,"condition OK","Y",,"Thorp and Rogers 2016","Y","Rhithron Associates, Inc.","S. Sullivan",,,
"78c0f75f-e9bb-4f25-86cc-63776caf7efb","D18","TOOK","TOOK.AOS.littoral2","2023-07-26T18:18Z","2024-10-06","TOOK.20230726.PONAR.2","A00000302723",,"STESP10","Y","Stempellinella sp.",,"genus","Arthropoda","Hexapoda","Insecta","Pterygota","Neoptera","Holometabola","Diptera","Nematocera","Culicomorpha",,"Chironomidae","Chironominae","Tanytarsini",,"Stempellinella","sp.",,"pupa",2,,1,100,1,"N","N",,"condition OK","N",,"Weiderholm, 1983; Weiderholm, 1986; Epler 2001; Ferrington et al. 2019; Andersen, Cranston and Epler 2013","N","Rhithron Associates, Inc.","R. Spring",,,
"ed028171-9cf2-4aff-9db7-c22f78582562","D18","TOOK","TOOK.AOS.riparian.point.03","2023-07-26T18:18Z","2024-10-04","TOOK.20230726.BENTHICSWEEP.3","A00000302727",,"LIMSP5","Y","Limnephilidae sp.",,"family","Arthropoda","Hexapoda","Insecta","Pterygota","Neoptera","Holometabola","Trichoptera",,,"Limnephiloidea","Limnephilidae",,,,,"sp.",,"larva",3,,11,17,65,"Y","N","early instar","condition OK","Y",,"Wiggins 1996; Merritt et al. 2019","N","Rhithron Associates, Inc.","J. Webb",,,
"7c727f54-a94d-4532-8174-1b1b850a26c7","D18","TOOK","TOOK.AOS.riparian.point.09","2023-07-26T18:18Z","2024-10-07","TOOK.20230726.BENTHICSWEEP.9","A00000302738",,"LYMSP","Y","Lymnaeidae sp.",,"family","Mollusca",,"Gastropoda",,,,"Basommatophora",,,,"Lymnaeidae",,,,,"sp.",,"immature",2,,72,70,103,"Y","N",,"condition OK","N",,"Burch 1989; Thorp and Rogers 2016","N","Rhithron Associates, Inc.","S. Sullivan",,,
"5396d51d-ef43-4743-9cd9-5313bcf33208","D18","TOOK","TOOK.AOS.littoral2","2023-07-26T18:18Z","2024-10-06","TOOK.20230726.PONAR.2","A00000302723",,"ALLSP14","Y","Allocladius sp.",,"genus","Arthropoda",,"Insecta",,,,"Diptera",,,,"Chironomidae",,,,"Allocladius","sp.",,"larva",2,,1,100,1,"N","N",,"condition OK","Y",,"Weiderholm, 1983; Weiderholm, 1986; Epler 2001; Ferrington et al. 2008; Andersen, Cranston and Epler 2013","N","Rhithron Associates, Inc.","R. Spring",,,
"83a540d2-fda7-4561-b0d2-5ffdd04179d4","D18","TOOK","TOOK.AOS.riparian.point.01","2023-07-26T18:18Z","2024-10-04","TOOK.20230726.BENTHICSWEEP.1","A00000302724",,"OSTSP","Y","Ostracoda sp.",,"class","Arthropoda","Crustacea","Ostracoda",,,,,,,,,,,,,"sp.",,"unknown",1,,38,100,38,"N","N",,"condition OK","Y",,"Thorp and Rogers 2016","N","Rhithron Associates, Inc.","J. Webb",,,
"255716a4-6df7-4d0a-b4ff-3e964e9d22b6","D18","TOOK","TOOK.AOS.riparian.point.03","2023-07-26T18:18Z","2024-10-04","TOOK.20230726.BENTHICSWEEP.3","A00000302727",,"NEMSP","Y","Nematoda sp.",,"phylum","Nematoda",,,,,,,,,,,,,,,"sp.",,"unknown",3,,3,17,18,"N","N",,"condition OK","Y",,"Thorp and Rogers 2016","N","Rhithron Associates, Inc.","J. Webb",,,
"88edf9a0-b948-40df-a9cc-75c345473809","D18","TOOK","TOOK.AOS.riparian.point.07","2023-07-26T18:18Z","2024-10-07","TOOK.20230726.BENTHICSWEEP.7","A00000302726",,"NEMSP","Y","Nematoda sp.",,"phylum","Nematoda",,,,,,,,,,,,,,,"sp.",,"unknown",2,,6,100,6,"N","N",,"condition OK","Y",,"Thorp and Rogers 2016","Y","Rhithron Associates, Inc.","S. Sullivan",,,
"53a88346-d24a-4aa2-adba-b6172fb976ff","D18","TOOK","TOOK.AOS.littoral2","2023-07-26T18:18Z","2024-10-06","TOOK.20230726.PONAR.2","A00000302723",,"CONSP6","Y","Constempellina sp.",,"genus","Arthropoda","Hexapoda","Insecta","Pterygota","Neoptera","Holometabola","Diptera","Nematocera","Culicomorpha",,"Chironomidae","Chironominae","Tanytarsini",,"Constempellina","sp.",,"larva",2,,2,100,2,"N","N",,"condition OK","Y",,"Weiderholm, 1983; Weiderholm, 1986; Epler 2001; Ferrington et al. 2019; Andersen, Cranston and Epler 2013","N","Rhithron Associates, Inc.","R. Spring",,,
"693bfa91-f2c9-49f4-8852-2c7ae97a7baa","D18","TOOK","TOOK.AOS.buoy.c0","2023-07-26T18:18Z","2024-10-06","TOOK.20230726.PONAR.1","A00000302722",,"STISP2","Y","Stictochironomus sp.",,"genus","Arthropoda","Hexapoda","Insecta","Pterygota","Neoptera","Holometabola","Diptera","Nematocera","Culicomorpha",,"Chironomidae","Chironominae","Chironomini",,"Stictochironomus","sp.",,"larva",3,,2,100,2,"N","N",,"condition OK","Y",,"Weiderholm, 1983; Weiderholm, 1986; Epler 2001; Ferrington et al. 2019; Andersen, Cranston and Epler 2013","N","Rhithron Associates, Inc.","R. Spring",,,
"a65ca836-4d75-4429-acac-bce2bb1e062a","D18","TOOK","TOOK.AOS.riparian.point.09","2023-07-26T18:18Z","2024-10-06","TOOK.20230726.BENTHICSWEEP.9","A00000302738",,"CORSP19","Y","Corynoneura sp.",,"genus","Arthropoda","Hexapoda","Insecta","Pterygota","Neoptera","Holometabola","Diptera","Nematocera","Culicomorpha",,"Chironomidae","Orthocladiinae",,,"Corynoneura","sp.",,"larva",3,,6,70,9,"N","N",,"condition OK","Y",,"Weiderholm, 1983; Weiderholm, 1986; Epler 2001; Ferrington et al. 2019; Andersen, Cranston and Epler 2013","N","Rhithron Associates, Inc.","R. Spring",,,
"d94c809f-0d92-432a-9756-011bb9de451a","D18","TOOK","TOOK.AOS.riparian.point.05","2023-07-26T18:18Z","2024-10-06","TOOK.20230726.BENTHICSWEEP.5","A00000302728","BA23NEOMLR13003O4","NAIALP","Y","Nais alpina",,"species","Annelida","Clitellata","Oligochaeta","Oligochaeta",,,"Tubificida",,,,"Naididae","Naidinae",,,"Nais","alpina",,"unknown",1,,3,100,3,"N","N",,"condition OK","Y",,"Kathman and Brinkhurst, 1999","N","Rhithron Associates, Inc.","R. Spring",,,
"e735c4dd-1ebc-43ac-b172-0cedb6472ab9","D18","TOOK","TOOK.AOS.riparian.point.07","2023-07-26T18:18Z","2024-10-07","TOOK.20230726.BENTHICSWEEP.7","A00000302726",,"COLSP1","Y","Collembola sp.",,"order","Arthropoda","Hexapoda","Collembola",,,,"Collembola",,,,,,,,,"sp.",,"unknown",2,,1,100,1,"N","N",,"condition OK","Y",,"Merritt et al. 2019","Y","Rhithron Associates, Inc.","S. Sullivan",,,
"5a295e1b-20f3-4668-bd13-32c2b1caf72e","D18","TOOK","TOOK.AOS.riparian.point.01","2023-07-26T18:18Z","2024-10-04","TOOK.20230726.BENTHICSWEEP.1","A00000302724",,"ORISP1","Y","Oribatida sp.",,"suborder","Arthropoda","Chelicerata","Arachnida","Acari",,"Acariformes","Sarcoptiformes","Oribatida",,,,,,,,"sp.",,"adult",1,,2,100,2,"N","N",,"condition OK","Y",,"Thorp and Rogers 2016","N","Rhithron Associates, Inc.","J. Webb",,,
"97b4c603-832f-48e9-9046-8734c5146555","D18","TOOK","TOOK.AOS.riparian.point.05","2023-07-26T18:18Z","2024-10-07","TOOK.20230726.BENTHICSWEEP.5","A00000302728",,"OSTSP","Y","Ostracoda sp.",,"class","Arthropoda","Crustacea","Ostracoda",,,,,,,,,,,,,"sp.",,"unknown",1,,81,100,81,"N","N",,"condition OK","Y",,"Thorp and Rogers 2016","N","Rhithron Associates, Inc.","J. Webb",,,
"e42a9e0f-e641-44b9-903c-21feba07061a","D18","TOOK","TOOK.AOS.riparian.point.09","2023-07-26T18:18Z","2024-10-07","TOOK.20230726.BENTHICSWEEP.9","A00000302738",,"OSTSP","Y","Ostracoda sp.",,"class","Arthropoda","Crustacea","Ostracoda",,,,,,,,,,,,,"sp.",,"unknown",1,,17,70,24,"N","N",,"condition OK","Y",,"Thorp and Rogers 2016","N","Rhithron Associates, Inc.","S. Sullivan",,,
"8f52d1c2-1121-413a-8a7a-ae4c5dad0bff","D18","TOOK","TOOK.AOS.littoral2","2023-07-26T18:18Z","2024-10-06","TOOK.20230726.PONAR.2","A00000302723",,"MONSP6","Y","Monodiamesa sp.",,"genus","Arthropoda","Hexapoda","Insecta","Pterygota","Neoptera","Holometabola","Diptera","Nematocera","Culicomorpha",,"Chironomidae","Prodiamesinae",,,"Monodiamesa","sp.",,"larva",7,,1,100,1,"N","N",,"condition OK","Y",,"Weiderholm, 1983; Weiderholm, 1986; Epler 2001; Ferrington et al. 2019; Andersen, Cranston and Epler 2013","N","Rhithron Associates, Inc.","R. Spring",,,
"cfbf2162-e718-4ac0-b0dc-29580fe6ac1d","D18","TOOK","TOOK.AOS.littoral3","2023-07-26T18:18Z","2024-10-06","TOOK.20230726.PONAR.3","A00000302737",,"HETSP9","Y","Heterotrissocladius sp.",,"genus","Arthropoda","Hexapoda","Insecta","Pterygota","Neoptera","Holometabola","Diptera","Nematocera","Culicomorpha",,"Chironomidae","Orthocladiinae",,,"Heterotrissocladius","sp.",,"larva",7,,2,100,2,"N","N",,"condition OK","Y",,"Weiderholm, 1983; Weiderholm, 1986; Epler 2001; Ferrington et al. 2019; Andersen, Cranston and Epler 2013","N","Rhithron Associates, Inc.","R. Spring",,,
"c67413a7-c1a7-4df4-8f44-189d57d81a3f","D18","TOOK","TOOK.AOS.riparian.point.07","2023-07-26T18:18Z","2024-10-06","TOOK.20230726.BENTHICSWEEP.7","A00000302726","BA23NEOMLR13004O1","NAICOM","Y","Nais communis/variabilis",,"speciesGroup","Annelida","Clitellata","Oligochaeta","Oligochaeta",,,"Tubificida",,,,"Naididae","Naidinae",,,"Nais","communis/variabilis",,"immature",1,,2,100,2,"Y","N",,"condition OK","Y",,"Kathman and Brinkhurst, 1999","Y","Rhithron Associates, Inc.","R. Spring",,,
"042de443-8527-4286-a24c-af60a3cace57","D18","TOOK","TOOK.AOS.riparian.point.05","2023-07-26T18:18Z","2024-10-06","TOOK.20230726.BENTHICSWEEP.5","A00000302728","BA23NEOMLR13003O1","NAISP","Y","Naididae sp.",,"family","Annelida","Clitellata","Oligochaeta","Oligochaeta",,,"Tubificida",,,,"Naididae",,,,,"sp.",,"immature",4,,2,100,2,"Y","N",,"condition OK","Y",,"Kathman and Brinkhurst, 1999","N","Rhithron Associates, Inc.","R. Spring","w/hc rhyacodrilinae/tubificinae",,
"68a75d38-ccd6-427b-95e1-f4fbff44edeb","D18","TOOK","TOOK.AOS.riparian.point.03","2023-07-26T18:18Z","2024-10-04","TOOK.20230726.BENTHICSWEEP.3","A00000302727",,"PLESP","Y","Plecoptera sp.",,"order","Arthropoda","Hexapoda","Insecta","Pterygota","Neoptera","Polyneoptera","Plecoptera",,,,,,,,,"sp.",,"larva",1,,13,17,76,"Y","N","early instar","condition OK","Y",,"Merritt et al. 2019","N","Rhithron Associates, Inc.","J. Webb","nemouridae?",,
"0d0e26a2-a062-42af-a542-78fe01cfcf58","D18","TOOK","TOOK.AOS.littoral3","2023-07-26T18:18Z","2024-10-06","TOOK.20230726.PONAR.3","A00000302737",,"PARSP25","Y","Parakiefferiella sp.",,"genus","Arthropoda","Hexapoda","Insecta","Pterygota","Neoptera","Holometabola","Diptera","Nematocera","Culicomorpha",,"Chironomidae","Orthocladiinae",,,"Parakiefferiella","sp.",,"larva",3,,1,100,1,"N","N",,"condition OK","Y",,"Weiderholm, 1983; Weiderholm, 1986; Epler 2001; Ferrington et al. 2019; Andersen, Cranston and Epler 2013","N","Rhithron Associates, Inc.","R. Spring",,,
"802d60f2-fbd6-4142-b400-484d0b685d54","D18","TOOK","TOOK.AOS.littoral3","2023-07-26T18:18Z","2024-10-06","TOOK.20230726.PONAR.3","A00000302737",,"PROSP23","Y","Procladius sp.",,"genus","Arthropoda","Hexapoda","Insecta","Pterygota","Neoptera","Holometabola","Diptera","Nematocera","Culicomorpha",,"Chironomidae","Tanypodinae","Procladiini",,"Procladius","sp.",,"larva",11,,1,100,1,"N","N",,"condition OK","Y",,"Weiderholm, 1983; Weiderholm, 1986; Epler 2001; Ferrington et al. 2019; Andersen, Cranston and Epler 2013","N","Rhithron Associates, Inc.","R. Spring",,,
"7ab48737-9b3a-4524-9b7e-61cc766edf89","D18","TOOK","TOOK.AOS.riparian.point.09","2023-07-26T18:18Z","2024-10-06","TOOK.20230726.BENTHICSWEEP.9","A00000302738",,"PARSP34","Y","Paratanytarsus sp.",,"genus","Arthropoda","Hexapoda","Insecta","Pterygota","Neoptera","Holometabola","Diptera","Nematocera","Culicomorpha",,"Chironomidae","Chironominae","Tanytarsini",,"Paratanytarsus","sp.",,"larva",3,,1,70,1,"N","N",,"condition OK","Y",,"Weiderholm, 1983; Weiderholm, 1986; Epler 2001; Ferrington et al. 2019; Andersen, Cranston and Epler 2013","N","Rhithron Associates, Inc.","R. Spring",,,
"351b345d-a8e7-4c1f-b703-58561d1e3379","D18","TOOK","TOOK.AOS.riparian.point.07","2023-07-26T18:18Z","2024-10-06","TOOK.20230726.BENTHICSWEEP.7","A00000302726",,"LIMSP23","Y","Limnophyes sp.",,"genus","Arthropoda","Hexapoda","Insecta","Pterygota","Neoptera","Holometabola","Diptera","Nematocera","Culicomorpha",,"Chironomidae","Orthocladiinae",,,"Limnophyes","sp.",,"larva",1,,2,100,2,"N","N",,"condition OK","Y",,"Weiderholm, 1983; Weiderholm, 1986; Epler 2001; Ferrington et al. 2019; Andersen, Cranston and Epler 2013","Y","Rhithron Associates, Inc.","R. Spring",,,
"4f30f9f7-522c-4645-be1d-74c611272cfe","D18","TOOK","TOOK.AOS.riparian.point.07","2023-07-26T18:18Z","2024-10-07","TOOK.20230726.BENTHICSWEEP.7","A00000302726",,"HYDSP21","Y","Hydra sp.",,"genus","Cnidaria","Medusozoa","Hydrozoa","Hydroidolina",,,"Anthoathecatae","Capitata",,,"Hydridae",,,,"Hydra","sp.",,"unknown",1,,1,100,1,"N","N",,"condition OK","Y",,"Thorp and Rogers 2016","Y","Rhithron Associates, Inc.","S. Sullivan",,,
"170ae61a-3a6e-417f-b055-31f8f0f9cdb8","D18","TOOK","TOOK.AOS.littoral3","2023-07-26T18:18Z","2024-10-06","TOOK.20230726.PONAR.3","A00000302737",,"ZALSP","Y","Zalutschia sp.",,"genus","Arthropoda","Hexapoda","Insecta","Pterygota","Neoptera","Holometabola","Diptera","Nematocera","Culicomorpha",,"Chironomidae","Orthocladiinae",,,"Zalutschia","sp.",,"larva",4,,1,100,1,"N","N",,"condition OK","Y",,"Weiderholm, 1983; Weiderholm, 1986; Epler 2001; Ferrington et al. 2019; Andersen, Cranston and Epler 2013","N","Rhithron Associates, Inc.","R. Spring",,,
"ebf4187d-6199-4796-abdf-cc20a3875bd4","D18","TOOK","TOOK.AOS.riparian.point.01","2023-07-26T18:18Z","2024-10-06","TOOK.20230726.BENTHICSWEEP.1","A00000302724","BA23NEOMLR13001O1","OLISP","Y","Oligochaeta sp.",,"subclass","Annelida","Clitellata","Oligochaeta","Oligochaeta",,,,,,,,,,,,"sp.",,"immature",1,,2,100,2,"Y","N",,"condition OK","N",,"Thorp and Rogers 2016","N","Rhithron Associates, Inc.","R. Spring",,,
"b3920295-29d5-4178-a839-068dcc2378da","D18","TOOK","TOOK.AOS.riparian.point.07","2023-07-26T18:18Z","2024-10-07","TOOK.20230726.BENTHICSWEEP.7","A00000302726",,"VALSP3","Y","Valvata sp.",,"genus","Mollusca",,"Gastropoda",,,,"Heterostropha",,,,"Valvatidae",,,,"Valvata","sp.",,"immature",3,,1,100,1,"Y","N",,"condition OK","Y",,"Thorp and Rogers 2016","Y","Rhithron Associates, Inc.","S. Sullivan",,,
"bddeb52f-543a-4d6a-803c-05b00f766f2d","D18","TOOK","TOOK.AOS.buoy.c0","2023-07-26T18:18Z","2024-10-06","TOOK.20230726.PONAR.1","A00000302722",,"CORSP19","Y","Corynoneura sp.",,"genus","Arthropoda","Hexapoda","Insecta","Pterygota","Neoptera","Holometabola","Diptera","Nematocera","Culicomorpha",,"Chironomidae","Orthocladiinae",,,"Corynoneura","sp.",,"larva",2,,1,100,1,"N","N",,"condition OK","Y",,"Weiderholm, 1983; Weiderholm, 1986; Epler 2001; Ferrington et al. 2019; Andersen, Cranston and Epler 2013","N","Rhithron Associates, Inc.","R. Spring",,,
"719ca220-31b9-4862-8d2f-f9c7b7bea608","D18","TOOK","TOOK.AOS.riparian.point.05","2023-07-26T18:18Z","2024-10-06","TOOK.20230726.BENTHICSWEEP.5","A00000302728","BA23NEOMLR13003O4","ENCSP1","Y","Enchytraeidae sp.",,"family","Annelida","Clitellata","Oligochaeta","Oligochaeta",,,"Enchytraeida",,,,"Enchytraeidae",,,,,"sp.",,"unknown",1,,2,100,2,"N","N",,"condition OK","Y",,"Kathman and Brinkhurst, 1999","N","Rhithron Associates, Inc.","R. Spring",,,
"04d7c5a8-d6ea-4fb2-9b75-5cf88c42ccb6","D18","TOOK","TOOK.AOS.riparian.point.05","2023-07-26T18:18Z","2024-10-07","TOOK.20230726.BENTHICSWEEP.5","A00000302728",,"LYMSP","Y","Lymnaeidae sp.",,"family","Mollusca",,"Gastropoda",,,,"Basommatophora",,,,"Lymnaeidae",,,,,"sp.",,"immature",3,,3,100,3,"Y","N",,"condition OK","Y",,"Burch 1989; Thorp and Rogers 2016","N","Rhithron Associates, Inc.","J. Webb",,,
"9e704058-6941-451d-87cb-046cb0844385","D18","TOOK","TOOK.AOS.riparian.point.05","2023-07-26T18:18Z","2024-10-07","TOOK.20230726.BENTHICSWEEP.5","A00000302728",,"LIMSP5","Y","Limnephilidae sp.",,"family","Arthropoda","Hexapoda","Insecta","Pterygota","Neoptera","Holometabola","Trichoptera",,,"Limnephiloidea","Limnephilidae",,,,,"sp.",,"larva",3,,7,100,7,"Y","N","early instar","condition OK","N",,"Wiggins 1996; Merritt et al. 2019","N","Rhithron Associates, Inc.","J. Webb",,,
"76703b3c-e6a3-4134-9c13-212f51781f00","D18","TOOK","TOOK.AOS.riparian.point.05","2023-07-26T18:18Z","2024-10-04","TOOK.20230726.BENTHICSWEEP.5","A00000302728",,"TANSP11","Y","Tanytarsus sp.",,"genus","Arthropoda","Hexapoda","Insecta","Pterygota","Neoptera","Holometabola","Diptera","Nematocera","Culicomorpha",,"Chironomidae","Chironominae","Tanytarsini",,"Tanytarsus","sp.",,"larva",4,,1,100,1,"N","N",,"condition OK","Y",,"Weiderholm, 1983; Weiderholm, 1986; Epler 2001; Ferrington et al. 2019; Andersen, Cranston and Epler 2013","N","Rhithron Associates, Inc.","A. Fasbender",,,
"b6b0d0f7-8117-440c-b96d-025a3e04d55d","D18","TOOK","TOOK.AOS.riparian.point.07","2023-07-26T18:18Z","2024-10-07","TOOK.20230726.BENTHICSWEEP.7","A00000302726",,"OSTSP","Y","Ostracoda sp.",,"class","Arthropoda","Crustacea","Ostracoda",,,,,,,,,,,,,"sp.",,"unknown",1,,34,100,34,"N","N",,"condition OK","Y",,"Thorp and Rogers 2016","Y","Rhithron Associates, Inc.","S. Sullivan",,,
"19fcede4-843c-4ccf-82ca-2928d5b9026f","D18","TOOK","TOOK.AOS.riparian.point.01","2023-07-26T18:18Z","2024-10-04","TOOK.20230726.BENTHICSWEEP.1","A00000302724",,"CRISP2","Y","Cricotopus sp.",,"genus","Arthropoda","Hexapoda","Insecta","Pterygota","Neoptera","Holometabola","Diptera","Nematocera","Culicomorpha",,"Chironomidae","Orthocladiinae",,,"Cricotopus","sp.",,"larva",1,,1,100,1,"N","N",,"condition OK","Y",,"Weiderholm, 1983; Weiderholm, 1986; Epler 2001; Ferrington et al. 2019; Andersen, Cranston and Epler 2013","N","Rhithron Associates, Inc.","A. Fasbender",,,
"a3222f25-e662-4ee5-bea7-953104ee9285","D18","TOOK","TOOK.AOS.riparian.point.05","2023-07-26T18:18Z","2024-10-04","TOOK.20230726.BENTHICSWEEP.5","A00000302728",,"HETSP9","Y","Heterotrissocladius sp.",,"genus","Arthropoda","Hexapoda","Insecta","Pterygota","Neoptera","Holometabola","Diptera","Nematocera","Culicomorpha",,"Chironomidae","Orthocladiinae",,,"Heterotrissocladius","sp.",,"larva",1,,1,100,1,"N","N",,"condition OK","Y",,"Weiderholm, 1983; Weiderholm, 1986; Epler 2001; Ferrington et al. 2019; Andersen, Cranston and Epler 2013","N","Rhithron Associates, Inc.","A. Fasbender",,,
"971428c7-dc58-4566-85c6-f907213fac0c","D18","TOOK","TOOK.AOS.riparian.point.09","2023-07-26T18:18Z","2024-10-06","TOOK.20230726.BENTHICSWEEP.9","A00000302738","BA23NEOMLR13005O1","NAICOM","Y","Nais communis/variabilis",,"speciesGroup","Annelida","Clitellata","Oligochaeta","Oligochaeta",,,"Tubificida",,,,"Naididae","Naidinae",,,"Nais","communis/variabilis",,"immature",1,,4,70,6,"Y","N",,"condition OK","Y",,"Kathman and Brinkhurst, 1999","N","Rhithron Associates, Inc.","R. Spring",,,
"2d066f74-db2e-4fcb-beef-ddd316ca8c32","D18","TOOK","TOOK.AOS.riparian.point.01","2023-07-26T18:18Z","2024-10-04","TOOK.20230726.BENTHICSWEEP.1","A00000302724",,"LEBSP1","Y","Lebertia sp.",,"genus","Arthropoda","Chelicerata","Arachnida","Acari",,"Acariformes","Trombidiformes","Prostigmata",,"Lebertioidea","Lebertiidae",,,,"Lebertia","sp.",,"adult",1,,1,100,1,"N","N",,"condition OK","Y",,"Thorp and Rogers 2016","N","Rhithron Associates, Inc.","J. Webb",,,
"eb05faf9-9d1f-4ada-99ab-858a5f0335b3","D18","TOOK","TOOK.AOS.riparian.point.03","2023-07-26T18:18Z","2024-10-04","TOOK.20230726.BENTHICSWEEP.3","A00000302727",,"CORSP19","Y","Corynoneura sp.",,"genus","Arthropoda","Hexapoda","Insecta","Pterygota","Neoptera","Holometabola","Diptera","Nematocera","Culicomorpha",,"Chironomidae","Orthocladiinae",,,"Corynoneura","sp.",,"pupa",2,,1,17,6,"N","N",,"condition OK","N",,"Weiderholm, 1983; Weiderholm, 1986; Epler 2001; Ferrington et al. 2019; Andersen, Cranston and Epler 2013","N","Rhithron Associates, Inc.","A. Fasbender",,,
"3a7573b9-de22-4b2b-85c8-7d0d91438e98","D18","TOOK","TOOK.AOS.riparian.point.09","2023-07-26T18:18Z","2024-10-07","TOOK.20230726.BENTHICSWEEP.9","A00000302738",,"LEBSP1","Y","Lebertia sp.",,"genus","Arthropoda","Chelicerata","Arachnida","Acari",,"Acariformes","Trombidiformes","Prostigmata",,"Lebertioidea","Lebertiidae",,,,"Lebertia","sp.",,"adult",1,,1,70,1,"N","N",,"condition OK","Y",,"Thorp and Rogers 2016","N","Rhithron Associates, Inc.","S. Sullivan",,,
"e4223c41-5b88-4c9d-8124-1ccbdd5336ae","D18","TOOK","TOOK.AOS.riparian.point.09","2023-07-26T18:18Z","2024-10-06","TOOK.20230726.BENTHICSWEEP.9","A00000302738",,"CORSP19","Y","Corynoneura sp.",,"genus","Arthropoda","Hexapoda","Insecta","Pterygota","Neoptera","Holometabola","Diptera","Nematocera","Culicomorpha",,"Chironomidae","Orthocladiinae",,,"Corynoneura","sp.",,"larva",1,,2,70,3,"N","N",,"condition OK","Y",,"Weiderholm, 1983; Weiderholm, 1986; Epler 2001; Ferrington et al. 2019; Andersen, Cranston and Epler 2013","N","Rhithron Associates, Inc.","R. Spring",,,
"d7a060cf-84af-4608-84f0-322103a66ff3","D18","TOOK","TOOK.AOS.riparian.point.05","2023-07-26T18:18Z","2024-10-07","TOOK.20230726.BENTHICSWEEP.5","A00000302728",,"HYDSP21","Y","Hydra sp.",,"genus","Cnidaria","Medusozoa","Hydrozoa","Hydroidolina",,,"Anthoathecatae","Capitata",,,"Hydridae",,,,"Hydra","sp.",,"unknown",2,,9,100,9,"N","N",,"condition OK","Y",,"Thorp and Rogers 2016","N","Rhithron Associates, Inc.","J. Webb",,,
"e2f79012-e258-451c-b173-f121f4ca933d","D18","TOOK","TOOK.AOS.riparian.point.05","2023-07-26T18:18Z","2024-10-07","TOOK.20230726.BENTHICSWEEP.5","A00000302728",,"NEMSP","Y","Nematoda sp.",,"phylum","Nematoda",,,,,,,,,,,,,,,"sp.",,"unknown",5,,3,100,3,"N","N",,"condition OK","Y",,"Thorp and Rogers 2016","N","Rhithron Associates, Inc.","J. Webb",,,
"0f23c253-da46-4395-804f-1d2799b8125f","D18","TOOK","TOOK.AOS.riparian.point.09","2023-07-26T18:18Z","2024-10-07","TOOK.20230726.BENTHICSWEEP.9","A00000302738",,"VALMER","Y","Valvata mergella",,"species","Mollusca",,"Gastropoda",,,,"Heterostropha",,,,"Valvatidae",,,,"Valvata","mergella",,"unknown",3,,6,70,9,"N","N",,"condition OK","Y",,"Burch 1989; Thorp and Rogers 2016","N","Rhithron Associates, Inc.","S. Sullivan",,,
"6aa41d5c-89ab-4ade-a682-22cfad686d74","D18","TOOK","TOOK.AOS.riparian.point.05","2023-07-26T18:18Z","2024-10-07","TOOK.20230726.BENTHICSWEEP.5","A00000302728",,"VALSP3","Y","Valvata sp.",,"genus","Mollusca",,"Gastropoda",,,,"Heterostropha",,,,"Valvatidae",,,,"Valvata","sp.",,"immature",1,,2,100,2,"Y","N",,"condition OK","Y",,"Thorp and Rogers 2016","N","Rhithron Associates, Inc.","J. Webb",,,
