uid,domainID,siteID,namedLocation,collectDate,identifiedDate,sampleID,sampleCode,slideID,acceptedTaxonID,targetTaxaPresent,scientificName,morphospeciesID,taxonRank,phylum,subphylum,class,subclass,infraclass,superorder,order,suborder,infraorder,superfamily,family,subfamily,tribe,subtribe,genus,specificEpithet,infraspecificEpithet,invertebrateLifeStage,sizeClass,sizeCategory,individualCount,subsamplePercent,estimatedTotalCount,immatureSpecimen,indeterminateSpecies,taxonRankQualifier,sampleCondition,distinctTaxon,identificationQualifier,identificationReferences,qcChecked,laboratoryName,identifiedBy,identificationRemarks,identificationHistoryID,dataQF
"6f52a50a-6972-4d5a-a2b5-35a23bbd49d4","D08","TOMB","TOMB.AOS.riparian.point.07","2022-10-31T16:12Z","2024-02-20","TOMB.20221031.LWD.4","A00000236615",,"PSESP18","Y","Pseudochironomus sp.",,"genus","Arthropoda","Hexapoda","Insecta","Pterygota","Neoptera","Holometabola","Diptera","Nematocera","Culicomorpha",,"Chironomidae","Chironominae","Pseudochironomini",,"Pseudochironomus","sp.",,"larva",3,,1,67,1,"N","N",,"condition OK","Y",,"Weiderholm, 1983; Weiderholm, 1986; Epler 2001; Ferrington et al. 2019; Andersen, Cranston and Epler 2013","N","Rhithron Associates, Inc.","A. Fasbender",,,
"2fa84302-c8f6-4279-9581-6a70e9310dfb","D08","TOMB","TOMB.AOS.riparian.point.05","2022-10-31T16:12Z","2024-02-19","TOMB.20221031.LWD.3","A00000236613",,"PSESP18","Y","Pseudochironomus sp.",,"genus","Arthropoda","Hexapoda","Insecta","Pterygota","Neoptera","Holometabola","Diptera","Nematocera","Culicomorpha",,"Chironomidae","Chironominae","Pseudochironomini",,"Pseudochironomus","sp.",,"larva",2,,3,70,4,"N","N",,"condition OK","Y",,"Weiderholm, 1983; Weiderholm, 1986; Epler 2001; Ferrington et al. 2019; Andersen, Cranston and Epler 2013","N","Rhithron Associates, Inc.","A. Fasbender",,,
"a072641f-91d8-4528-b2cb-5d3de5a6715f","D08","TOMB","TOMB.AOS.riparian.point.09","2022-10-31T16:12Z","2024-02-16","TOMB.20221031.LWD.5","A00000236612",,"HYASP2","Y","Hyalella sp.",,"genus","Arthropoda","Crustacea","Malacostraca","Eumalacostraca",,"Peracarida","Amphipoda","Gammaridea",,,"Hyalellidae",,,,"Hyalella","sp.",,"unknown",2,,7,10,70,"N","N",,"condition OK","Y",,"Thorp and Rogers 2016","N","Rhithron Associates, Inc.","B. Moore",,,
"f1427231-62f5-4f1c-8390-2b0620ac1b24","D08","TOMB","TOMB.AOS.riparian.point.05","2022-10-31T16:12Z","2024-02-19","TOMB.20221031.LWD.3","A00000236613",,"DICSP7","Y","Dicrotendipes sp.",,"genus","Arthropoda","Hexapoda","Insecta","Pterygota","Neoptera","Holometabola","Diptera","Nematocera","Culicomorpha",,"Chironomidae","Chironominae","Chironomini",,"Dicrotendipes","sp.",,"larva",3,,7,70,10,"N","N",,"condition OK","Y",,"Weiderholm, 1983; Weiderholm, 1986; Epler 2001; Ferrington et al. 2019; Andersen, Cranston and Epler 2013","N","Rhithron Associates, Inc.","A. Fasbender",,,
"bc9a6ace-9806-4192-ad6c-1e1d04afa212","D08","TOMB","TOMB.AOS.riparian.point.01","2022-10-31T16:12Z","2024-02-19","TOMB.20221031.LWD.1","A00000236616",,"DICSP7","Y","Dicrotendipes sp.",,"genus","Arthropoda","Hexapoda","Insecta","Pterygota","Neoptera","Holometabola","Diptera","Nematocera","Culicomorpha",,"Chironomidae","Chironominae","Chironomini",,"Dicrotendipes","sp.",,"larva",1,,3,60,5,"N","N",,"condition OK","Y",,"Weiderholm, 1983; Weiderholm, 1986; Epler 2001; Ferrington et al. 2019; Andersen, Cranston and Epler 2013","N","Rhithron Associates, Inc.","A. Fasbender",,,
"238e6bf3-2d3b-4c3c-97be-960e0f5a1d39","D08","TOMB","TOMB.AOS.reach","2022-10-31T16:12Z","2024-02-16","TOMB.20221031.PONAR.1","A00000236617",,"OSTSP","Y","Ostracoda sp.",,"class","Arthropoda","Crustacea","Ostracoda",,,,,,,,,,,,,"sp.",,"unknown",1,,3,100,3,"N","N",,"condition OK","Y",,"Thorp and Rogers 2016","N","Rhithron Associates, Inc.","B. Moore",,,
"71f9106e-b36b-48dd-ab9b-a29d30bbcad6","D08","TOMB","TOMB.AOS.riparian.point.07","2022-10-31T16:12Z","2024-02-20","TOMB.20221031.LWD.4","A00000236615","BA23NEOMLR03012O5","NAICOM","Y","Nais communis/variabilis",,"speciesGroup","Annelida","Clitellata","Oligochaeta","Oligochaeta",,,"Tubificida",,,,"Naididae","Naidinae",,,"Nais","communis/variabilis",,"immature",2,,16,67,24,"Y","N",,"condition OK","Y",,"Kathman and Brinkhurst, 1999","N","Rhithron Associates, Inc.","J. Webb",,,
"9798e7d0-305d-4895-9320-2b50706f23a3","D08","TOMB","TOMB.AOS.riparian.point.01","2022-10-31T16:12Z","2024-02-19","TOMB.20221031.LWD.1","A00000236616","BA23NEOMLR03009O5","DERSP4","Y","Dero sp.",,"genus","Annelida","Clitellata","Oligochaeta","Oligochaeta",,,"Tubificida",,,,"Naididae","Naidinae",,,"Dero","sp.",,"immature",1,,1,60,2,"Y","N",,"condition OK","Y",,"Kathman and Brinkhurst, 1999","N","Rhithron Associates, Inc.","J. Webb","digitata?",,
"5425ade6-4584-4106-b9ff-1f85bf65c133","D08","TOMB","TOMB.AOS.riparian.point.09","2022-10-31T16:12Z","2024-02-16","TOMB.20221031.LWD.5","A00000236612",,"PSESP18","Y","Pseudochironomus sp.",,"genus","Arthropoda","Hexapoda","Insecta","Pterygota","Neoptera","Holometabola","Diptera","Nematocera","Culicomorpha",,"Chironomidae","Chironominae","Pseudochironomini",,"Pseudochironomus","sp.",,"larva",1,,23,10,230,"N","N",,"condition OK","Y",,"Weiderholm, 1983; Weiderholm, 1986; Epler 2001; Ferrington et al. 2019; Andersen, Cranston and Epler 2013","N","Rhithron Associates, Inc.","A. Fasbender",,,
"956cdd62-cbf3-4680-9bf2-79c5f7055996","D08","TOMB","TOMB.AOS.riparian.point.09","2022-10-31T16:12Z","2024-02-16","TOMB.20221031.LWD.5","A00000236612",,"CRISP2","Y","Cricotopus sp.",,"genus","Arthropoda","Hexapoda","Insecta","Pterygota","Neoptera","Holometabola","Diptera","Nematocera","Culicomorpha",,"Chironomidae","Orthocladiinae",,,"Cricotopus","sp.",,"pupa",3,,2,10,20,"N","N",,"condition OK","N",,"Weiderholm, 1983; Weiderholm, 1986; Epler 2001; Ferrington et al. 2019; Andersen, Cranston and Epler 2013","N","Rhithron Associates, Inc.","A. Fasbender",,,
"980bd953-a3ea-4baf-890a-ae698137eaf5","D08","TOMB","TOMB.AOS.reach","2022-10-31T16:12Z","2024-02-16","TOMB.20221031.PONAR.2","A00000236618",,"STISP2","Y","Stictochironomus sp.",,"genus","Arthropoda","Hexapoda","Insecta","Pterygota","Neoptera","Holometabola","Diptera","Nematocera","Culicomorpha",,"Chironomidae","Chironominae","Chironomini",,"Stictochironomus","sp.",,"larva",3,,2,100,2,"N","N",,"condition OK","Y",,"Weiderholm, 1983; Weiderholm, 1986; Epler 2001; Ferrington et al. 2019; Andersen, Cranston and Epler 2013","Y","Rhithron Associates, Inc.","A. Fasbender",,,
"eed01936-c943-4fda-9e25-b335a48a090d","D08","TOMB","TOMB.AOS.riparian.point.09","2022-10-31T16:12Z","2024-02-16","TOMB.20221031.LWD.5","A00000236612",,"DICSP7","Y","Dicrotendipes sp.",,"genus","Arthropoda","Hexapoda","Insecta","Pterygota","Neoptera","Holometabola","Diptera","Nematocera","Culicomorpha",,"Chironomidae","Chironominae","Chironomini",,"Dicrotendipes","sp.",,"larva",1,,4,10,40,"N","N",,"condition OK","Y",,"Weiderholm, 1983; Weiderholm, 1986; Epler 2001; Ferrington et al. 2019; Andersen, Cranston and Epler 2013","N","Rhithron Associates, Inc.","A. Fasbender",,,
"49d47949-d5a2-473a-823f-bb45f59da1e3","D08","TOMB","TOMB.AOS.reach","2022-10-31T16:12Z","2024-02-16","TOMB.20221031.PONAR.2","A00000236618",,"CHISP6","Y","Chironomini sp.",,"tribe","Arthropoda","Hexapoda","Insecta","Pterygota","Neoptera","Holometabola","Diptera","Nematocera","Culicomorpha",,"Chironomidae","Chironominae","Chironomini",,,"sp.",,"larva",2,,1,100,1,"Y","N","early instar","condition OK","N",,"Weiderholm, 1983; Weiderholm, 1986; Epler 2001; Ferrington et al. 2019; Andersen, Cranston and Epler 2013","Y","Rhithron Associates, Inc.","A. Fasbender",,,
"eb466d0c-4c89-464a-bff9-7974b1074a9c","D08","TOMB","TOMB.AOS.riparian.point.05","2022-10-31T16:12Z","2024-02-19","TOMB.20221031.LWD.3","A00000236613",,"TANSP11","Y","Tanytarsus sp.",,"genus","Arthropoda","Hexapoda","Insecta","Pterygota","Neoptera","Holometabola","Diptera","Nematocera","Culicomorpha",,"Chironomidae","Chironominae","Tanytarsini",,"Tanytarsus","sp.",,"larva",3,,1,70,1,"N","N",,"condition OK","Y",,"Weiderholm, 1983; Weiderholm, 1986; Epler 2001; Ferrington et al. 2019; Andersen, Cranston and Epler 2013","N","Rhithron Associates, Inc.","A. Fasbender",,,
"e3e4cd91-828b-4f55-a992-ceb81937665a","D08","TOMB","TOMB.AOS.riparian.point.01","2022-10-31T16:12Z","2024-02-19","TOMB.20221031.LWD.1","A00000236616",,"CRISP2","Y","Cricotopus sp.",,"genus","Arthropoda","Hexapoda","Insecta","Pterygota","Neoptera","Holometabola","Diptera","Nematocera","Culicomorpha",,"Chironomidae","Orthocladiinae",,,"Cricotopus","sp.",,"larva",5,,4,60,7,"N","N",,"condition OK","Y",,"Weiderholm, 1983; Weiderholm, 1986; Epler 2001; Ferrington et al. 2019; Andersen, Cranston and Epler 2013","N","Rhithron Associates, Inc.","A. Fasbender",,,
"3d559476-06d5-4ebe-bd4d-d181bc5f8b5c","D08","TOMB","TOMB.AOS.riparian.point.01","2022-10-31T16:12Z","2024-02-19","TOMB.20221031.LWD.1","A00000236616","BA23NEOMLR03009O2","NAISP","Y","Naididae sp.",,"family","Annelida","Clitellata","Oligochaeta","Oligochaeta",,,"Tubificida",,,,"Naididae",,,,,"sp.",,"immature",2,,1,60,2,"Y","N",,"condition OK","N",,"Kathman and Brinkhurst, 1999","N","Rhithron Associates, Inc.","J. Webb",,,
"74d49c2a-50f2-4dd2-876c-a044225d1a7e","D08","TOMB","TOMB.AOS.reach","2022-10-31T16:12Z","2024-02-16","TOMB.20221031.PONAR.1","A00000236617",,"CRISP2","Y","Cricotopus sp.",,"genus","Arthropoda","Hexapoda","Insecta","Pterygota","Neoptera","Holometabola","Diptera","Nematocera","Culicomorpha",,"Chironomidae","Orthocladiinae",,,"Cricotopus","sp.",,"larva",4,,1,100,1,"N","N",,"condition OK","Y",,"Weiderholm, 1983; Weiderholm, 1986; Epler 2001; Ferrington et al. 2019; Andersen, Cranston and Epler 2013","N","Rhithron Associates, Inc.","A. Fasbender",,,
"ec232364-9ee7-49d7-8c6c-deed1c745767","D08","TOMB","TOMB.AOS.reach","2022-10-31T16:12Z","2024-02-16","TOMB.20221031.PONAR.1","A00000236617",,"STISP2","Y","Stictochironomus sp.",,"genus","Arthropoda","Hexapoda","Insecta","Pterygota","Neoptera","Holometabola","Diptera","Nematocera","Culicomorpha",,"Chironomidae","Chironominae","Chironomini",,"Stictochironomus","sp.",,"larva",3,,10,100,10,"N","N",,"condition OK","Y",,"Weiderholm, 1983; Weiderholm, 1986; Epler 2001; Ferrington et al. 2019; Andersen, Cranston and Epler 2013","N","Rhithron Associates, Inc.","A. Fasbender",,,
"877fff98-30e1-472a-afde-6aa6cac57989","D08","TOMB","TOMB.AOS.reach","2022-10-31T16:12Z","2024-02-16","TOMB.20221031.PONAR.3","A00000236619",,"STISP2","Y","Stictochironomus sp.",,"genus","Arthropoda","Hexapoda","Insecta","Pterygota","Neoptera","Holometabola","Diptera","Nematocera","Culicomorpha",,"Chironomidae","Chironominae","Chironomini",,"Stictochironomus","sp.",,"larva",2,,19,100,19,"N","N",,"condition OK","Y",,"Weiderholm, 1983; Weiderholm, 1986; Epler 2001; Ferrington et al. 2019; Andersen, Cranston and Epler 2013","N","Rhithron Associates, Inc.","A. Fasbender",,,
"e1e38d8f-0fcf-4d34-81fd-4b5eb0404d29","D08","TOMB","TOMB.AOS.reach","2022-10-31T16:12Z","2024-02-16","TOMB.20221031.PONAR.3","A00000236619",,"NEMSP","Y","Nematoda sp.",,"phylum","Nematoda",,,,,,,,,,,,,,,"sp.",,"unknown",1,,8,100,8,"N","N",,"condition OK","Y",,"Thorp and Rogers 2016","N","Rhithron Associates, Inc.","B. Moore",,,
"5ebe9a92-3cef-4987-9103-656d41551398","D08","TOMB","TOMB.AOS.riparian.point.05","2022-10-31T16:12Z","2024-02-16","TOMB.20221031.LWD.3","A00000236613",,"HYASP2","Y","Hyalella sp.",,"genus","Arthropoda","Crustacea","Malacostraca","Eumalacostraca",,"Peracarida","Amphipoda","Gammaridea",,,"Hyalellidae",,,,"Hyalella","sp.",,"unknown",2,,1,70,1,"N","N",,"condition OK","Y",,"Thorp and Rogers 2016","N","Rhithron Associates, Inc.","B. Moore",,,
"3b5c7305-6957-44f3-9da3-e24d521907c9","D08","TOMB","TOMB.AOS.riparian.point.07","2022-10-31T16:12Z","2024-02-20","TOMB.20221031.LWD.4","A00000236615","BA23NEOMLR03012O2","NAICOM","Y","Nais communis/variabilis",,"speciesGroup","Annelida","Clitellata","Oligochaeta","Oligochaeta",,,"Tubificida",,,,"Naididae","Naidinae",,,"Nais","communis/variabilis",,"immature",2,,14,67,21,"Y","N",,"condition OK","Y",,"Kathman and Brinkhurst, 1999","N","Rhithron Associates, Inc.","J. Webb",,,
"e5c13baa-21be-4766-9bc7-346d3c6df206","D08","TOMB","TOMB.AOS.riparian.point.09","2022-10-31T16:12Z","2024-02-16","TOMB.20221031.LWD.5","A00000236612",,"ACASP1","Y","Acari sp.",,"subclass","Arthropoda","Chelicerata","Arachnida","Acari",,,,,,,,,,,,"sp.",,"larva",1,,1,10,10,"N","N",,"condition OK","Y",,"Thorp and Rogers 2016","N","Rhithron Associates, Inc.","B. Moore",,,
"658ada85-b55a-4203-ba40-3c06c822368a","D08","TOMB","TOMB.AOS.riparian.point.01","2022-10-31T16:12Z","2024-02-19","TOMB.20221031.LWD.1","A00000236616",,"CRISP2","Y","Cricotopus sp.",,"genus","Arthropoda","Hexapoda","Insecta","Pterygota","Neoptera","Holometabola","Diptera","Nematocera","Culicomorpha",,"Chironomidae","Orthocladiinae",,,"Cricotopus","sp.",,"larva",1,,73,60,122,"N","N",,"condition OK","Y",,"Weiderholm, 1983; Weiderholm, 1986; Epler 2001; Ferrington et al. 2019; Andersen, Cranston and Epler 2013","N","Rhithron Associates, Inc.","A. Fasbender",,,
"f9e99146-3cae-4fea-ac04-59036bc43c8d","D08","TOMB","TOMB.AOS.riparian.point.03","2022-10-31T16:12Z","2024-02-19","TOMB.20221031.LWD.2","A00000236614",,"CRISP2","Y","Cricotopus sp.",,"genus","Arthropoda","Hexapoda","Insecta","Pterygota","Neoptera","Holometabola","Diptera","Nematocera","Culicomorpha",,"Chironomidae","Orthocladiinae",,,"Cricotopus","sp.",,"larva",4,,32,100,32,"N","N",,"condition OK","Y",,"Weiderholm, 1983; Weiderholm, 1986; Epler 2001; Ferrington et al. 2019; Andersen, Cranston and Epler 2013","N","Rhithron Associates, Inc.","A. Fasbender",,,
"968fdf28-ea29-4a14-bce0-2863442ab927","D08","TOMB","TOMB.AOS.riparian.point.01","2022-10-31T16:12Z","2024-02-19","TOMB.20221031.LWD.1","A00000236616",,"CRISP6","Y","Cricotopus/Orthocladius sp.",,"speciesGroup","Arthropoda","Hexapoda","Insecta","Pterygota","Neoptera","Holometabola","Diptera","Nematocera","Culicomorpha",,"Chironomidae","Orthocladiinae",,,"Cricotopus/Orthocladius","sp.",,"larva",2,,4,60,7,"Y","N","early instar","condition OK","N",,"Weiderholm, 1983; Weiderholm, 1986; Epler 2001; Ferrington et al. 2008; Andersen, Cranston and Epler 2013","N","Rhithron Associates, Inc.","A. Fasbender",,,
"4a6e518d-cbe1-4b15-84fb-1f0065701b1c","D08","TOMB","TOMB.AOS.riparian.point.05","2022-10-31T16:12Z","2024-02-19","TOMB.20221031.LWD.3","A00000236613",,"POLSP13","Y","Polypedilum sp.",,"genus","Arthropoda","Hexapoda","Insecta","Pterygota","Neoptera","Holometabola","Diptera","Nematocera","Culicomorpha",,"Chironomidae","Chironominae","Chironomini",,"Polypedilum","sp.",,"larva",5,,1,70,1,"Y","N","early instar","condition OK","Y",,"Weiderholm, 1983; Weiderholm, 1986; Epler 2001; Ferrington et al. 2008; Andersen, Cranston and Epler 2013","N","Rhithron Associates, Inc.","A. Fasbender",,,
"2d2e3bb6-ea63-4c16-9b88-a4da76fd6a8b","D08","TOMB","TOMB.AOS.riparian.point.07","2022-10-31T16:12Z","2024-02-20","TOMB.20221031.LWD.4","A00000236615",,"CRISP2","Y","Cricotopus sp.",,"genus","Arthropoda","Hexapoda","Insecta","Pterygota","Neoptera","Holometabola","Diptera","Nematocera","Culicomorpha",,"Chironomidae","Orthocladiinae",,,"Cricotopus","sp.",,"larva",1,,35,67,52,"N","N",,"condition OK","Y",,"Weiderholm, 1983; Weiderholm, 1986; Epler 2001; Ferrington et al. 2019; Andersen, Cranston and Epler 2013","N","Rhithron Associates, Inc.","A. Fasbender",,,
"79ef38d7-2c5c-420f-a665-b57c61170650","D08","TOMB","TOMB.AOS.riparian.point.09","2022-10-31T16:12Z","2024-02-16","TOMB.20221031.LWD.5","A00000236612",,"CRISP6","Y","Cricotopus/Orthocladius sp.",,"speciesGroup","Arthropoda","Hexapoda","Insecta","Pterygota","Neoptera","Holometabola","Diptera","Nematocera","Culicomorpha",,"Chironomidae","Orthocladiinae",,,"Cricotopus/Orthocladius","sp.",,"larva",4,,1,10,10,"Y","N","early instar","condition OK","N",,"Weiderholm, 1983; Weiderholm, 1986; Epler 2001; Ferrington et al. 2008; Andersen, Cranston and Epler 2013","N","Rhithron Associates, Inc.","A. Fasbender",,,
"250c3f21-7a32-4978-91a1-44b520e89591","D08","TOMB","TOMB.AOS.riparian.point.09","2022-10-31T16:12Z","2024-02-20","TOMB.20221031.LWD.5","A00000236612","BA23NEOMLR03013O2","NAISP","Y","Naididae sp.",,"family","Annelida","Clitellata","Oligochaeta","Oligochaeta",,,"Tubificida",,,,"Naididae",,,,,"sp.",,"unknown",2,,14,10,140,"N","N","damaged","damaged, affecting taxonomy and measurement","N",,"Kathman and Brinkhurst, 1999","N","Rhithron Associates, Inc.","J. Webb","bad slides",,
"9f8f56a1-a4e8-4573-b1c1-9275ed54fa48","D08","TOMB","TOMB.AOS.riparian.point.07","2022-10-31T16:12Z","2024-02-20","TOMB.20221031.LWD.4","A00000236615","BA23NEOMLR03012O10","NAICOM","Y","Nais communis/variabilis",,"speciesGroup","Annelida","Clitellata","Oligochaeta","Oligochaeta",,,"Tubificida",,,,"Naididae","Naidinae",,,"Nais","communis/variabilis",,"immature",2,,16,67,24,"Y","N",,"condition OK","Y",,"Kathman and Brinkhurst, 1999","N","Rhithron Associates, Inc.","J. Webb",,,
"3741a377-1bb7-4c98-b83b-6a701849af2a","D08","TOMB","TOMB.AOS.riparian.point.07","2022-10-31T16:12Z","2024-02-20","TOMB.20221031.LWD.4","A00000236615",,"PSESP18","Y","Pseudochironomus sp.",,"genus","Arthropoda","Hexapoda","Insecta","Pterygota","Neoptera","Holometabola","Diptera","Nematocera","Culicomorpha",,"Chironomidae","Chironominae","Pseudochironomini",,"Pseudochironomus","sp.",,"larva",2,,1,67,1,"N","N",,"condition OK","Y",,"Weiderholm, 1983; Weiderholm, 1986; Epler 2001; Ferrington et al. 2019; Andersen, Cranston and Epler 2013","N","Rhithron Associates, Inc.","A. Fasbender",,,
"2fe869d5-6bd9-4257-a029-11ac1270da17","D08","TOMB","TOMB.AOS.riparian.point.03","2022-10-31T16:12Z","2024-02-19","TOMB.20221031.LWD.2","A00000236614",,"CHISP6","Y","Chironomini sp.",,"tribe","Arthropoda","Hexapoda","Insecta","Pterygota","Neoptera","Holometabola","Diptera","Nematocera","Culicomorpha",,"Chironomidae","Chironominae","Chironomini",,,"sp.",,"larva",1,,2,100,2,"Y","N","early instar","condition OK","N",,"Weiderholm, 1983; Weiderholm, 1986; Epler 2001; Ferrington et al. 2019; Andersen, Cranston and Epler 2013","N","Rhithron Associates, Inc.","A. Fasbender",,,
"2fcf4440-89d6-4f8b-9bd4-217e3d8baaf5","D08","TOMB","TOMB.AOS.riparian.point.07","2022-10-31T16:12Z","2024-02-20","TOMB.20221031.LWD.4","A00000236615","BA23NEOMLR03012O10","DERDIG","Y","Dero digitata",,"species","Annelida","Clitellata","Oligochaeta","Oligochaeta",,,"Tubificida",,,,"Naididae","Naidinae",,,"Dero","digitata",,"unknown",2,,1,67,1,"N","N",,"condition OK","Y",,"Kathman and Brinkhurst, 1999","N","Rhithron Associates, Inc.","J. Webb",,,
"e12af7dd-e977-4185-9f5f-7a75ffd7723e","D08","TOMB","TOMB.AOS.riparian.point.07","2022-10-31T16:12Z","2024-02-20","TOMB.20221031.LWD.4","A00000236615",,"DICSP7","Y","Dicrotendipes sp.",,"genus","Arthropoda","Hexapoda","Insecta","Pterygota","Neoptera","Holometabola","Diptera","Nematocera","Culicomorpha",,"Chironomidae","Chironominae","Chironomini",,"Dicrotendipes","sp.",,"larva",3,,1,67,1,"N","N",,"condition OK","Y",,"Weiderholm, 1983; Weiderholm, 1986; Epler 2001; Ferrington et al. 2019; Andersen, Cranston and Epler 2013","N","Rhithron Associates, Inc.","A. Fasbender",,,
"f4f809f7-d844-4abd-97ea-0192db11c84c","D08","TOMB","TOMB.AOS.riparian.point.01","2022-10-31T16:12Z","2024-02-19","TOMB.20221031.LWD.1","A00000236616","BA23NEOMLR03009O8","NAICOM","Y","Nais communis/variabilis",,"speciesGroup","Annelida","Clitellata","Oligochaeta","Oligochaeta",,,"Tubificida",,,,"Naididae","Naidinae",,,"Nais","communis/variabilis",,"immature",2,,18,60,30,"Y","N",,"condition OK","Y",,"Kathman and Brinkhurst, 1999","N","Rhithron Associates, Inc.","J. Webb",,,
"5a7cfd8d-935e-4be0-aa49-ba649c48102c","D08","TOMB","TOMB.AOS.riparian.point.09","2022-10-31T16:12Z","2024-02-20","TOMB.20221031.LWD.5","A00000236612","BA23NEOMLR03013O3","DERDIG","Y","Dero digitata",,"species","Annelida","Clitellata","Oligochaeta","Oligochaeta",,,"Tubificida",,,,"Naididae","Naidinae",,,"Dero","digitata",,"unknown",2,,3,10,30,"N","N",,"condition OK","Y",,"Kathman and Brinkhurst, 1999","N","Rhithron Associates, Inc.","J. Webb",,,
"84f8eda9-4bcd-40ca-9734-400223d5137d","D08","TOMB","TOMB.AOS.reach","2022-10-31T16:12Z","2024-02-16","TOMB.20221031.PONAR.1","A00000236617",,"CRYSP2","Y","Cryptochironomus sp.",,"genus","Arthropoda","Hexapoda","Insecta","Pterygota","Neoptera","Holometabola","Diptera","Nematocera","Culicomorpha",,"Chironomidae","Chironominae","Chironomini",,"Cryptochironomus","sp.",,"larva",4,,1,100,1,"N","N",,"condition OK","Y",,"Weiderholm, 1983; Weiderholm, 1986; Epler 2001; Ferrington et al. 2019; Andersen, Cranston and Epler 2013","N","Rhithron Associates, Inc.","A. Fasbender",,,
"3e32b97d-b695-45c5-945a-d001f24071bf","D08","TOMB","TOMB.AOS.reach","2022-10-31T16:12Z","2024-02-16","TOMB.20221031.PONAR.1","A00000236617",,"STISP2","Y","Stictochironomus sp.",,"genus","Arthropoda","Hexapoda","Insecta","Pterygota","Neoptera","Holometabola","Diptera","Nematocera","Culicomorpha",,"Chironomidae","Chironominae","Chironomini",,"Stictochironomus","sp.",,"larva",2,,3,100,3,"N","N",,"condition OK","Y",,"Weiderholm, 1983; Weiderholm, 1986; Epler 2001; Ferrington et al. 2019; Andersen, Cranston and Epler 2013","N","Rhithron Associates, Inc.","A. Fasbender",,,
"8c1d3abc-6b57-42d7-a892-81acc42629ca","D08","TOMB","TOMB.AOS.riparian.point.01","2022-10-31T16:12Z","2024-02-19","TOMB.20221031.LWD.1","A00000236616",,"TANSP11","Y","Tanytarsus sp.",,"genus","Arthropoda","Hexapoda","Insecta","Pterygota","Neoptera","Holometabola","Diptera","Nematocera","Culicomorpha",,"Chironomidae","Chironominae","Tanytarsini",,"Tanytarsus","sp.",,"larva",1,,2,60,3,"N","N",,"condition OK","Y",,"Weiderholm, 1983; Weiderholm, 1986; Epler 2001; Ferrington et al. 2019; Andersen, Cranston and Epler 2013","N","Rhithron Associates, Inc.","A. Fasbender",,,
"3e017d72-85f2-4e1c-9253-ba3a379eb140","D08","TOMB","TOMB.AOS.riparian.point.07","2022-10-31T16:12Z","2024-02-20","TOMB.20221031.LWD.4","A00000236615","BA23NEOMLR03012O7","PRISP1","Y","Pristina sp.",,"genus","Annelida","Clitellata","Oligochaeta","Oligochaeta",,,"Tubificida",,,,"Naididae","Pristininae",,,"Pristina","sp.",,"unknown",2,,1,67,1,"N","N",,"condition OK","Y",,"Kathman and Brinkhurst, 1999","N","Rhithron Associates, Inc.","J. Webb",,,
"e27a4469-d068-4917-86ab-9125befeb4b4","D08","TOMB","TOMB.AOS.riparian.point.05","2022-10-31T16:12Z","2024-02-19","TOMB.20221031.LWD.3","A00000236613",,"CRISP2","Y","Cricotopus sp.",,"genus","Arthropoda","Hexapoda","Insecta","Pterygota","Neoptera","Holometabola","Diptera","Nematocera","Culicomorpha",,"Chironomidae","Orthocladiinae",,,"Cricotopus","sp.",,"larva",1,,23,70,33,"N","N",,"condition OK","Y",,"Weiderholm, 1983; Weiderholm, 1986; Epler 2001; Ferrington et al. 2019; Andersen, Cranston and Epler 2013","N","Rhithron Associates, Inc.","A. Fasbender",,,
"36deb06f-5da2-476e-a803-3c2bc8031feb","D08","TOMB","TOMB.AOS.riparian.point.05","2022-10-31T16:12Z","2024-02-19","TOMB.20221031.LWD.3","A00000236613",,"DICSP7","Y","Dicrotendipes sp.",,"genus","Arthropoda","Hexapoda","Insecta","Pterygota","Neoptera","Holometabola","Diptera","Nematocera","Culicomorpha",,"Chironomidae","Chironominae","Chironomini",,"Dicrotendipes","sp.",,"larva",4,,1,70,1,"N","N",,"condition OK","Y",,"Weiderholm, 1983; Weiderholm, 1986; Epler 2001; Ferrington et al. 2019; Andersen, Cranston and Epler 2013","N","Rhithron Associates, Inc.","A. Fasbender",,,
"f27f2bcc-f79b-4b43-99e6-3d11e56ddd82","D08","TOMB","TOMB.AOS.riparian.point.01","2022-10-31T16:12Z","2024-02-19","TOMB.20221031.LWD.1","A00000236616",,"DICSP7","Y","Dicrotendipes sp.",,"genus","Arthropoda","Hexapoda","Insecta","Pterygota","Neoptera","Holometabola","Diptera","Nematocera","Culicomorpha",,"Chironomidae","Chironominae","Chironomini",,"Dicrotendipes","sp.",,"larva",2,,5,60,8,"N","N",,"condition OK","Y",,"Weiderholm, 1983; Weiderholm, 1986; Epler 2001; Ferrington et al. 2019; Andersen, Cranston and Epler 2013","N","Rhithron Associates, Inc.","A. Fasbender",,,
"50624235-4080-43bd-bca3-cf5f9008e030","D08","TOMB","TOMB.AOS.riparian.point.09","2022-10-31T16:12Z","2024-02-16","TOMB.20221031.LWD.5","A00000236612",,"TANSP11","Y","Tanytarsus sp.",,"genus","Arthropoda","Hexapoda","Insecta","Pterygota","Neoptera","Holometabola","Diptera","Nematocera","Culicomorpha",,"Chironomidae","Chironominae","Tanytarsini",,"Tanytarsus","sp.",,"larva",2,,7,10,70,"N","N",,"condition OK","Y",,"Weiderholm, 1983; Weiderholm, 1986; Epler 2001; Ferrington et al. 2019; Andersen, Cranston and Epler 2013","N","Rhithron Associates, Inc.","A. Fasbender",,,
"89a9531e-bdad-4db9-a06a-d1bde8fbc236","D08","TOMB","TOMB.AOS.reach","2022-10-31T16:12Z","2024-02-16","TOMB.20221031.PONAR.3","A00000236619",,"CORSP27","Y","Corbicula sp.",,"genus","Mollusca",,"Bivalvia","Heterodonta",,,"Veneroida",,,"Corbiculoidea","Corbiculidae",,,,"Corbicula","sp.",,"unknown",1,,12,100,12,"N","N",,"condition OK","Y",,"Thorp and Rogers 2016","N","Rhithron Associates, Inc.","B. Moore",,,
"02e1f904-f267-41c5-9cae-b931621b1fd2","D08","TOMB","TOMB.AOS.riparian.point.09","2022-10-31T16:12Z","2024-02-20","TOMB.20221031.LWD.5","A00000236612","BA23NEOMLR03013O2","BRADAD","Y","Bratislavia dadayi",,"species","Annelida","Clitellata","Oligochaeta","Oligochaeta",,,"Tubificida",,,,"Naididae","Naidinae",,,"Bratislavia","dadayi",,"unknown",2,,2,10,20,"N","N",,"condition OK","Y",,"Kathman and Brinkhurst, 1999","N","Rhithron Associates, Inc.","J. Webb",,,
"8128d884-c777-45e5-adbf-9188994bd62a","D08","TOMB","TOMB.AOS.riparian.point.07","2022-10-31T16:12Z","2024-02-20","TOMB.20221031.LWD.4","A00000236615","BA23NEOMLR03012O9","NAICOM","Y","Nais communis/variabilis",,"speciesGroup","Annelida","Clitellata","Oligochaeta","Oligochaeta",,,"Tubificida",,,,"Naididae","Naidinae",,,"Nais","communis/variabilis",,"immature",2,,7,67,10,"Y","N",,"condition OK","Y",,"Kathman and Brinkhurst, 1999","N","Rhithron Associates, Inc.","J. Webb",,,
"cb3cecde-b0ae-4b22-b076-720afe30f483","D08","TOMB","TOMB.AOS.riparian.point.09","2022-10-31T16:12Z","2024-02-16","TOMB.20221031.LWD.5","A00000236612",,"CRISP6","Y","Cricotopus/Orthocladius sp.",,"speciesGroup","Arthropoda","Hexapoda","Insecta","Pterygota","Neoptera","Holometabola","Diptera","Nematocera","Culicomorpha",,"Chironomidae","Orthocladiinae",,,"Cricotopus/Orthocladius","sp.",,"larva",3,,3,10,30,"Y","N","early instar","condition OK","N",,"Weiderholm, 1983; Weiderholm, 1986; Epler 2001; Ferrington et al. 2008; Andersen, Cranston and Epler 2013","N","Rhithron Associates, Inc.","A. Fasbender",,,
"c38096cc-e2a6-404e-a2bd-51fd7a88c2dc","D08","TOMB","TOMB.AOS.riparian.point.03","2022-10-31T16:12Z","2024-02-20","TOMB.20221031.LWD.2","A00000236614","BA23NEOMLR03010O2","PRISP1","Y","Pristina sp.",,"genus","Annelida","Clitellata","Oligochaeta","Oligochaeta",,,"Tubificida",,,,"Naididae","Pristininae",,,"Pristina","sp.",,"unknown",1,,1,100,1,"N","N",,"condition OK","Y",,"Kathman and Brinkhurst, 1999","N","Rhithron Associates, Inc.","J. Webb",,,
"63133a85-d8aa-49ad-90a8-ca058aa7b54f","D08","TOMB","TOMB.AOS.riparian.point.09","2022-10-31T16:12Z","2024-02-16","TOMB.20221031.LWD.5","A00000236612",,"CHISP6","Y","Chironomini sp.",,"tribe","Arthropoda","Hexapoda","Insecta","Pterygota","Neoptera","Holometabola","Diptera","Nematocera","Culicomorpha",,"Chironomidae","Chironominae","Chironomini",,,"sp.",,"larva",2,,2,10,20,"Y","N","early instar","condition OK","N",,"Weiderholm, 1983; Weiderholm, 1986; Epler 2001; Ferrington et al. 2019; Andersen, Cranston and Epler 2013","N","Rhithron Associates, Inc.","A. Fasbender",,,
"618f7afb-ea8e-4788-86db-c2c442d6c6e3","D08","TOMB","TOMB.AOS.riparian.point.03","2022-10-31T16:12Z","2024-02-19","TOMB.20221031.LWD.2","A00000236614",,"CRISP6","Y","Cricotopus/Orthocladius sp.",,"speciesGroup","Arthropoda","Hexapoda","Insecta","Pterygota","Neoptera","Holometabola","Diptera","Nematocera","Culicomorpha",,"Chironomidae","Orthocladiinae",,,"Cricotopus/Orthocladius","sp.",,"larva",2,,23,100,23,"Y","N","early instar","condition OK","N",,"Weiderholm, 1983; Weiderholm, 1986; Epler 2001; Ferrington et al. 2008; Andersen, Cranston and Epler 2013","N","Rhithron Associates, Inc.","A. Fasbender",,,
"d3726dbb-974f-4f08-a391-ae5e80bb34d6","D08","TOMB","TOMB.AOS.reach","2022-10-31T16:12Z","2024-02-16","TOMB.20221031.PONAR.3","A00000236619",,"STISP2","Y","Stictochironomus sp.",,"genus","Arthropoda","Hexapoda","Insecta","Pterygota","Neoptera","Holometabola","Diptera","Nematocera","Culicomorpha",,"Chironomidae","Chironominae","Chironomini",,"Stictochironomus","sp.",,"larva",4,,12,100,12,"N","N",,"condition OK","Y",,"Weiderholm, 1983; Weiderholm, 1986; Epler 2001; Ferrington et al. 2019; Andersen, Cranston and Epler 2013","N","Rhithron Associates, Inc.","A. Fasbender",,,
"c1a26261-1b62-4cdf-ba82-5a2ca841c2e8","D08","TOMB","TOMB.AOS.riparian.point.05","2022-10-31T16:12Z","2024-02-19","TOMB.20221031.LWD.3","A00000236613",,"CRISP2","Y","Cricotopus sp.",,"genus","Arthropoda","Hexapoda","Insecta","Pterygota","Neoptera","Holometabola","Diptera","Nematocera","Culicomorpha",,"Chironomidae","Orthocladiinae",,,"Cricotopus","sp.",,"larva",3,,46,70,66,"N","N",,"condition OK","Y",,"Weiderholm, 1983; Weiderholm, 1986; Epler 2001; Ferrington et al. 2019; Andersen, Cranston and Epler 2013","N","Rhithron Associates, Inc.","A. Fasbender",,,
"366988b5-2a53-4af1-a914-4e5fb98cbf32","D08","TOMB","TOMB.AOS.riparian.point.09","2022-10-31T16:12Z","2024-02-16","TOMB.20221031.LWD.5","A00000236612",,"CRISP2","Y","Cricotopus sp.",,"genus","Arthropoda","Hexapoda","Insecta","Pterygota","Neoptera","Holometabola","Diptera","Nematocera","Culicomorpha",,"Chironomidae","Orthocladiinae",,,"Cricotopus","sp.",,"larva",3,,66,10,660,"N","N",,"condition OK","Y",,"Weiderholm, 1983; Weiderholm, 1986; Epler 2001; Ferrington et al. 2019; Andersen, Cranston and Epler 2013","N","Rhithron Associates, Inc.","A. Fasbender",,,
"b8052663-a97f-4422-8b10-00d00fac18bf","D08","TOMB","TOMB.AOS.riparian.point.09","2022-10-31T16:12Z","2024-02-16","TOMB.20221031.LWD.5","A00000236612",,"CORSP27","Y","Corbicula sp.",,"genus","Mollusca",,"Bivalvia","Heterodonta",,,"Veneroida",,,"Corbiculoidea","Corbiculidae",,,,"Corbicula","sp.",,"unknown",1,,1,10,10,"N","N",,"condition OK","Y",,"Thorp and Rogers 2016","N","Rhithron Associates, Inc.","B. Moore",,,
"3ed18a23-5f50-44b8-8ff3-b4aadb10e884","D08","TOMB","TOMB.AOS.reach","2022-10-31T16:12Z","2024-02-20","TOMB.20221031.PONAR.1","A00000236617","BA23NEOMLR03014O3","PRISP1","Y","Pristina sp.",,"genus","Annelida","Clitellata","Oligochaeta","Oligochaeta",,,"Tubificida",,,,"Naididae","Pristininae",,,"Pristina","sp.",,"unknown",2,,1,100,1,"N","N",,"condition OK","Y",,"Kathman and Brinkhurst, 1999","N","Rhithron Associates, Inc.","J. Webb",,,
"86acbde3-64f3-4acc-8386-e44fbbac9849","D08","TOMB","TOMB.AOS.riparian.point.09","2022-10-31T16:12Z","2024-02-16","TOMB.20221031.LWD.5","A00000236612",,"CRISP2","Y","Cricotopus sp.",,"genus","Arthropoda","Hexapoda","Insecta","Pterygota","Neoptera","Holometabola","Diptera","Nematocera","Culicomorpha",,"Chironomidae","Orthocladiinae",,,"Cricotopus","sp.",,"larva",1,,3,10,30,"N","N",,"condition OK","Y",,"Weiderholm, 1983; Weiderholm, 1986; Epler 2001; Ferrington et al. 2019; Andersen, Cranston and Epler 2013","N","Rhithron Associates, Inc.","A. Fasbender",,,
"3918085a-e168-4047-8500-c2a236128957","D08","TOMB","TOMB.AOS.reach","2022-10-31T16:12Z","2024-02-16","TOMB.20221031.PONAR.3","A00000236619",,"CHISP6","Y","Chironomini sp.",,"tribe","Arthropoda","Hexapoda","Insecta","Pterygota","Neoptera","Holometabola","Diptera","Nematocera","Culicomorpha",,"Chironomidae","Chironominae","Chironomini",,,"sp.",,"larva",1,,14,100,14,"Y","N","early instar","condition OK","N",,"Weiderholm, 1983; Weiderholm, 1986; Epler 2001; Ferrington et al. 2019; Andersen, Cranston and Epler 2013","N","Rhithron Associates, Inc.","A. Fasbender",,,
"9ff10cd4-6422-4e11-8b7c-aa4277d58035","D08","TOMB","TOMB.AOS.riparian.point.07","2022-10-31T16:12Z","2024-02-20","TOMB.20221031.LWD.4","A00000236615","BA23NEOMLR03012O5","DERDIG","Y","Dero digitata",,"species","Annelida","Clitellata","Oligochaeta","Oligochaeta",,,"Tubificida",,,,"Naididae","Naidinae",,,"Dero","digitata",,"unknown",2,,2,67,3,"N","N",,"condition OK","Y",,"Kathman and Brinkhurst, 1999","N","Rhithron Associates, Inc.","J. Webb",,,
"a0a2bfbc-decc-4083-a68d-0ace6d6d7488","D08","TOMB","TOMB.AOS.reach","2022-10-31T16:12Z","2024-02-16","TOMB.20221031.PONAR.3","A00000236619",,"CRISP6","Y","Cricotopus/Orthocladius sp.",,"speciesGroup","Arthropoda","Hexapoda","Insecta","Pterygota","Neoptera","Holometabola","Diptera","Nematocera","Culicomorpha",,"Chironomidae","Orthocladiinae",,,"Cricotopus/Orthocladius","sp.",,"larva",2,,1,100,1,"Y","N","early instar","condition OK","N",,"Weiderholm, 1983; Weiderholm, 1986; Epler 2001; Ferrington et al. 2008; Andersen, Cranston and Epler 2013","N","Rhithron Associates, Inc.","A. Fasbender",,,
"4573fe81-56b1-45ef-9635-f012857863d5","D08","TOMB","TOMB.AOS.riparian.point.09","2022-10-31T16:12Z","2024-02-20","TOMB.20221031.LWD.5","A00000236612","BA23NEOMLR03013O1","NAICOM","Y","Nais communis/variabilis",,"speciesGroup","Annelida","Clitellata","Oligochaeta","Oligochaeta",,,"Tubificida",,,,"Naididae","Naidinae",,,"Nais","communis/variabilis",,"immature",2,,18,10,180,"Y","N",,"condition OK","Y",,"Kathman and Brinkhurst, 1999","N","Rhithron Associates, Inc.","J. Webb",,,
"5aa338f7-b827-4de5-ba23-5136434cb14f","D08","TOMB","TOMB.AOS.riparian.point.07","2022-10-31T16:12Z","2024-02-20","TOMB.20221031.LWD.4","A00000236615","BA23NEOMLR03012O1","NAICOM","Y","Nais communis/variabilis",,"speciesGroup","Annelida","Clitellata","Oligochaeta","Oligochaeta",,,"Tubificida",,,,"Naididae","Naidinae",,,"Nais","communis/variabilis",,"immature",2,,15,67,22,"Y","N",,"condition OK","Y",,"Kathman and Brinkhurst, 1999","N","Rhithron Associates, Inc.","J. Webb",,,
"c489b925-9fc1-4a1f-987c-7d4b9121a17e","D08","TOMB","TOMB.AOS.riparian.point.09","2022-10-31T16:12Z","2024-02-20","TOMB.20221031.LWD.5","A00000236612","BA23NEOMLR03013O2","BRADAD","Y","Bratislavia dadayi",,"species","Annelida","Clitellata","Oligochaeta","Oligochaeta",,,"Tubificida",,,,"Naididae","Naidinae",,,"Bratislavia","dadayi",,"unknown",3,,1,10,10,"N","N",,"condition OK","Y",,"Kathman and Brinkhurst, 1999","N","Rhithron Associates, Inc.","J. Webb",,,
"8ee50abe-71f8-4bc4-bbc7-639c15d4367a","D08","TOMB","TOMB.AOS.riparian.point.03","2022-10-31T16:12Z","2024-02-19","TOMB.20221031.LWD.2","A00000236614",,"NANSP1","Y","Nanocladius sp.",,"genus","Arthropoda","Hexapoda","Insecta","Pterygota","Neoptera","Holometabola","Diptera","Nematocera","Culicomorpha",,"Chironomidae","Orthocladiinae",,,"Nanocladius","sp.",,"larva",2,,1,100,1,"N","N",,"condition OK","Y",,"Weiderholm, 1983; Weiderholm, 1986; Epler 2001; Ferrington et al. 2019; Andersen, Cranston and Epler 2013","N","Rhithron Associates, Inc.","A. Fasbender",,,
"06fdbe4c-9f44-4fd6-bd72-140c42d46f23","D08","TOMB","TOMB.AOS.riparian.point.01","2022-10-31T16:12Z","2024-02-19","TOMB.20221031.LWD.1","A00000236616",,"TANSP8","Y","Tanytarsini sp.",,"tribe","Arthropoda","Hexapoda","Insecta","Pterygota","Neoptera","Holometabola","Diptera","Nematocera","Culicomorpha",,"Chironomidae","Chironominae","Tanytarsini",,,"sp.",,"pupa",2,,1,60,2,"N","N","damaged","damaged, affecting taxonomy and measurement","N",,"Weiderholm, 1983; Weiderholm, 1986; Epler 2001; Ferrington et al. 2019; Andersen, Cranston and Epler 2013","N","Rhithron Associates, Inc.","A. Fasbender",,,
"f23bc26b-cd8d-4d25-bea3-cbc9518beaab","D08","TOMB","TOMB.AOS.riparian.point.09","2022-10-31T16:12Z","2024-02-16","TOMB.20221031.LWD.5","A00000236612",,"CRISP2","Y","Cricotopus sp.",,"genus","Arthropoda","Hexapoda","Insecta","Pterygota","Neoptera","Holometabola","Diptera","Nematocera","Culicomorpha",,"Chironomidae","Orthocladiinae",,,"Cricotopus","sp.",,"pupa",2,,1,10,10,"N","N",,"condition OK","N",,"Weiderholm, 1983; Weiderholm, 1986; Epler 2001; Ferrington et al. 2019; Andersen, Cranston and Epler 2013","N","Rhithron Associates, Inc.","A. Fasbender",,,
"b2fba7ac-d981-4651-a038-4f3f05c159a9","D08","TOMB","TOMB.AOS.reach","2022-10-31T16:12Z","2024-02-16","TOMB.20221031.PONAR.1","A00000236617",,"STISP2","Y","Stictochironomus sp.",,"genus","Arthropoda","Hexapoda","Insecta","Pterygota","Neoptera","Holometabola","Diptera","Nematocera","Culicomorpha",,"Chironomidae","Chironominae","Chironomini",,"Stictochironomus","sp.",,"larva",4,,5,100,5,"N","N",,"condition OK","Y",,"Weiderholm, 1983; Weiderholm, 1986; Epler 2001; Ferrington et al. 2019; Andersen, Cranston and Epler 2013","N","Rhithron Associates, Inc.","A. Fasbender",,,
"51532ff7-e8c9-41e9-8b4a-ddd4f80a0d78","D08","TOMB","TOMB.AOS.reach","2022-10-31T16:12Z","2024-02-20","TOMB.20221031.PONAR.1","A00000236617","BA23NEOMLR03014O1","NAISP","Y","Naididae sp.",,"family","Annelida","Clitellata","Oligochaeta","Oligochaeta",,,"Tubificida",,,,"Naididae",,,,,"sp.",,"unknown",4,,5,100,5,"N","N","damaged","damaged, affecting taxonomy and measurement","N",,"Kathman and Brinkhurst, 1999","N","Rhithron Associates, Inc.","J. Webb","bad slides",,
"31f56659-a320-4ad5-acf7-616a17e25f71","D08","TOMB","TOMB.AOS.riparian.point.03","2022-10-31T16:12Z","2024-02-19","TOMB.20221031.LWD.2","A00000236614",,"POLSP13","Y","Polypedilum sp.",,"genus","Arthropoda","Hexapoda","Insecta","Pterygota","Neoptera","Holometabola","Diptera","Nematocera","Culicomorpha",,"Chironomidae","Chironominae","Chironomini",,"Polypedilum","sp.",,"larva",4,,1,100,1,"Y","N","early instar","condition OK","Y",,"Weiderholm, 1983; Weiderholm, 1986; Epler 2001; Ferrington et al. 2008; Andersen, Cranston and Epler 2013","N","Rhithron Associates, Inc.","A. Fasbender",,,
"9e29b750-7f27-44da-8a40-334b0800a50a","D08","TOMB","TOMB.AOS.reach","2022-10-31T16:12Z","2024-02-16","TOMB.20221031.PONAR.3","A00000236619",,"STISP2","Y","Stictochironomus sp.",,"genus","Arthropoda","Hexapoda","Insecta","Pterygota","Neoptera","Holometabola","Diptera","Nematocera","Culicomorpha",,"Chironomidae","Chironominae","Chironomini",,"Stictochironomus","sp.",,"larva",3,,21,100,21,"N","N",,"condition OK","Y",,"Weiderholm, 1983; Weiderholm, 1986; Epler 2001; Ferrington et al. 2019; Andersen, Cranston and Epler 2013","N","Rhithron Associates, Inc.","A. Fasbender",,,
"03073635-4ba7-4dd4-8141-828061255f05","D08","TOMB","TOMB.AOS.riparian.point.05","2022-10-31T16:12Z","2024-02-20","TOMB.20221031.LWD.3","A00000236613","BA23NEOMLR03011O6","NAICOM","Y","Nais communis/variabilis",,"speciesGroup","Annelida","Clitellata","Oligochaeta","Oligochaeta",,,"Tubificida",,,,"Naididae","Naidinae",,,"Nais","communis/variabilis",,"immature",2,,16,70,23,"Y","N",,"condition OK","Y",,"Kathman and Brinkhurst, 1999","N","Rhithron Associates, Inc.","J. Webb","badly damaged",,
"50cc9255-5e28-42f0-a174-9423a2dc3b17","D08","TOMB","TOMB.AOS.riparian.point.07","2022-10-31T16:12Z","2024-02-16","TOMB.20221031.LWD.4","A00000236615",,"HYASP2","Y","Hyalella sp.",,"genus","Arthropoda","Crustacea","Malacostraca","Eumalacostraca",,"Peracarida","Amphipoda","Gammaridea",,,"Hyalellidae",,,,"Hyalella","sp.",,"unknown",2,,6,67,9,"N","N",,"condition OK","Y",,"Thorp and Rogers 2016","N","Rhithron Associates, Inc.","B. Moore",,,
"3587867e-f716-4e19-9f5c-f0b4158df08b","D08","TOMB","TOMB.AOS.riparian.point.07","2022-10-31T16:12Z","2024-02-20","TOMB.20221031.LWD.4","A00000236615",,"CHISP6","Y","Chironomini sp.",,"tribe","Arthropoda","Hexapoda","Insecta","Pterygota","Neoptera","Holometabola","Diptera","Nematocera","Culicomorpha",,"Chironomidae","Chironominae","Chironomini",,,"sp.",,"larva",1,,3,67,4,"Y","N","early instar","condition OK","N",,"Weiderholm, 1983; Weiderholm, 1986; Epler 2001; Ferrington et al. 2019; Andersen, Cranston and Epler 2013","N","Rhithron Associates, Inc.","A. Fasbender",,,
"be1e99d2-d249-4c35-9e59-910561579c8b","D08","TOMB","TOMB.AOS.riparian.point.09","2022-10-31T16:12Z","2024-02-16","TOMB.20221031.LWD.5","A00000236612",,"GLYSP3","Y","Glyptotendipes sp.",,"genus","Arthropoda","Hexapoda","Insecta","Pterygota","Neoptera","Holometabola","Diptera","Nematocera","Culicomorpha",,"Chironomidae","Chironominae","Chironomini",,"Glyptotendipes","sp.",,"larva",3,,4,10,40,"N","N",,"condition OK","Y",,"Weiderholm, 1983; Weiderholm, 1986; Epler 2001; Ferrington et al. 2019; Andersen, Cranston and Epler 2013","N","Rhithron Associates, Inc.","A. Fasbender",,,
"4b4c37dd-0268-4f89-b23d-f931779e5830","D08","TOMB","TOMB.AOS.reach","2022-10-31T16:12Z","2024-02-16","TOMB.20221031.PONAR.3","A00000236619",,"CRISP2","Y","Cricotopus sp.",,"genus","Arthropoda","Hexapoda","Insecta","Pterygota","Neoptera","Holometabola","Diptera","Nematocera","Culicomorpha",,"Chironomidae","Orthocladiinae",,,"Cricotopus","sp.",,"larva",3,,1,100,1,"N","N",,"condition OK","Y",,"Weiderholm, 1983; Weiderholm, 1986; Epler 2001; Ferrington et al. 2019; Andersen, Cranston and Epler 2013","N","Rhithron Associates, Inc.","A. Fasbender",,,
"97a21bca-c939-4067-951b-6dce913921ea","D08","TOMB","TOMB.AOS.riparian.point.03","2022-10-31T16:12Z","2024-02-16","TOMB.20221031.LWD.2","A00000236614",,"APOLAC","Y","Apocorophium lacustre",,"species","Arthropoda","Crustacea","Malacostraca","Eumalacostraca",,"Peracarida","Amphipoda","Gammaridea",,,"Corophiidae",,,,"Apocorophium","lacustre",,"unknown",4,,1,100,1,"N","N",,"condition OK","Y",,"Thorp and Rogers 2016","N","Rhithron Associates, Inc.","B. Moore",,,
"8bde470c-8ad6-4f17-ac86-8fb77244c5da","D08","TOMB","TOMB.AOS.riparian.point.05","2022-10-31T16:12Z","2024-02-19","TOMB.20221031.LWD.3","A00000236613",,"PSESP18","Y","Pseudochironomus sp.",,"genus","Arthropoda","Hexapoda","Insecta","Pterygota","Neoptera","Holometabola","Diptera","Nematocera","Culicomorpha",,"Chironomidae","Chironominae","Pseudochironomini",,"Pseudochironomus","sp.",,"larva",1,,5,70,7,"N","N",,"condition OK","Y",,"Weiderholm, 1983; Weiderholm, 1986; Epler 2001; Ferrington et al. 2019; Andersen, Cranston and Epler 2013","N","Rhithron Associates, Inc.","A. Fasbender",,,
"ec3073cb-9709-4fbc-8558-1705fdfe4d70","D08","TOMB","TOMB.AOS.reach","2022-10-31T16:12Z","2024-02-20","TOMB.20221031.PONAR.3","A00000236619","BA23NEOMLR03016O2","NAISP","Y","Naididae sp.",,"family","Annelida","Clitellata","Oligochaeta","Oligochaeta",,,"Tubificida",,,,"Naididae",,,,,"sp.",,"unknown",3,,2,100,2,"N","N","damaged","damaged, affecting taxonomy and measurement","Y",,"Kathman and Brinkhurst, 1999","N","Rhithron Associates, Inc.","J. Webb",,,
"33562451-1458-48ee-b94f-5af369b1897c","D08","TOMB","TOMB.AOS.riparian.point.01","2022-10-31T16:12Z","2024-02-19","TOMB.20221031.LWD.1","A00000236616",,"TANSP11","Y","Tanytarsus sp.",,"genus","Arthropoda","Hexapoda","Insecta","Pterygota","Neoptera","Holometabola","Diptera","Nematocera","Culicomorpha",,"Chironomidae","Chironominae","Tanytarsini",,"Tanytarsus","sp.",,"larva",2,,2,60,3,"N","N",,"condition OK","Y",,"Weiderholm, 1983; Weiderholm, 1986; Epler 2001; Ferrington et al. 2019; Andersen, Cranston and Epler 2013","N","Rhithron Associates, Inc.","A. Fasbender",,,
"f30ece8d-5ada-43ab-9028-22b3f353d54c","D08","TOMB","TOMB.AOS.riparian.point.03","2022-10-31T16:12Z","2024-02-16","TOMB.20221031.LWD.2","A00000236614",,"APOLAC","Y","Apocorophium lacustre",,"species","Arthropoda","Crustacea","Malacostraca","Eumalacostraca",,"Peracarida","Amphipoda","Gammaridea",,,"Corophiidae",,,,"Apocorophium","lacustre",,"unknown",2,,8,100,8,"N","N",,"condition OK","Y",,"Thorp and Rogers 2016","N","Rhithron Associates, Inc.","B. Moore",,,
"cc8ff2db-fc3c-4b4a-b2c3-586762367f34","D08","TOMB","TOMB.AOS.reach","2022-10-31T16:12Z","2024-02-16","TOMB.20221031.PONAR.3","A00000236619",,"OSTSP","Y","Ostracoda sp.",,"class","Arthropoda","Crustacea","Ostracoda",,,,,,,,,,,,,"sp.",,"unknown",1,,4,100,4,"N","N",,"condition OK","Y",,"Thorp and Rogers 2016","N","Rhithron Associates, Inc.","B. Moore",,,
"f325dfce-a38b-49fc-ab0c-28aceaba8bf5","D08","TOMB","TOMB.AOS.riparian.point.07","2022-10-31T16:12Z","2024-02-16","TOMB.20221031.LWD.4","A00000236615",,"HYDSP24","Y","Hydroptila sp.",,"genus","Arthropoda","Hexapoda","Insecta","Pterygota","Neoptera","Holometabola","Trichoptera",,,"Hydroptiloidea","Hydroptilidae","Hydroptilinae","Hydroptilini",,"Hydroptila","sp.",,"larva",3,,1,67,1,"N","N",,"condition OK","Y",,"Wiggins 1996; Merritt et al. 2019","N","Rhithron Associates, Inc.","B. Moore",,,
"a422d414-2e92-49d9-94db-6f5b5336e524","D08","TOMB","TOMB.AOS.riparian.point.01","2022-10-31T16:12Z","2024-02-19","TOMB.20221031.LWD.1","A00000236616","BA23NEOMLR03009O3","DERSP4","Y","Dero sp.",,"genus","Annelida","Clitellata","Oligochaeta","Oligochaeta",,,"Tubificida",,,,"Naididae","Naidinae",,,"Dero","sp.",,"immature",2,,2,60,3,"Y","N",,"condition OK","Y",,"Kathman and Brinkhurst, 1999","N","Rhithron Associates, Inc.","J. Webb","digitata?",,
"f4cdab77-f963-4fdd-9191-5b06bfc4a633","D08","TOMB","TOMB.AOS.reach","2022-10-31T16:12Z","2024-02-20","TOMB.20221031.PONAR.1","A00000236617","BA23NEOMLR03014O1","OLISP","Y","Oligochaeta sp.",,"subclass","Annelida","Clitellata","Oligochaeta","Oligochaeta",,,,,,,,,,,,"sp.",,"unknown",8,,1,100,1,"N","N","damaged","damaged, affecting taxonomy and measurement","N",,"Thorp and Rogers 2016","N","Rhithron Associates, Inc.","J. Webb",,,
"9be5f436-2936-4490-be5a-7b8b665fe1fb","D08","TOMB","TOMB.AOS.riparian.point.03","2022-10-31T16:12Z","2024-02-19","TOMB.20221031.LWD.2","A00000236614",,"CRISP2","Y","Cricotopus sp.",,"genus","Arthropoda","Hexapoda","Insecta","Pterygota","Neoptera","Holometabola","Diptera","Nematocera","Culicomorpha",,"Chironomidae","Orthocladiinae",,,"Cricotopus","sp.",,"pupa",3,,2,100,2,"N","N",,"condition OK","N",,"Weiderholm, 1983; Weiderholm, 1986; Epler 2001; Ferrington et al. 2019; Andersen, Cranston and Epler 2013","N","Rhithron Associates, Inc.","A. Fasbender",,,
"2d9a2b90-1465-488d-a378-f5cca56b4a0b","D08","TOMB","TOMB.AOS.reach","2022-10-31T16:12Z","2024-02-16","TOMB.20221031.PONAR.3","A00000236619",,"CRISP2","Y","Cricotopus sp.",,"genus","Arthropoda","Hexapoda","Insecta","Pterygota","Neoptera","Holometabola","Diptera","Nematocera","Culicomorpha",,"Chironomidae","Orthocladiinae",,,"Cricotopus","sp.",,"larva",2,,2,100,2,"N","N",,"condition OK","Y",,"Weiderholm, 1983; Weiderholm, 1986; Epler 2001; Ferrington et al. 2019; Andersen, Cranston and Epler 2013","N","Rhithron Associates, Inc.","A. Fasbender",,,
"8676693d-934b-4596-b385-4d40bb5e7b1e","D08","TOMB","TOMB.AOS.riparian.point.09","2022-10-31T16:12Z","2024-02-16","TOMB.20221031.LWD.5","A00000236612",,"TANSP11","Y","Tanytarsus sp.",,"genus","Arthropoda","Hexapoda","Insecta","Pterygota","Neoptera","Holometabola","Diptera","Nematocera","Culicomorpha",,"Chironomidae","Chironominae","Tanytarsini",,"Tanytarsus","sp.",,"larva",3,,1,10,10,"N","N",,"condition OK","Y",,"Weiderholm, 1983; Weiderholm, 1986; Epler 2001; Ferrington et al. 2019; Andersen, Cranston and Epler 2013","N","Rhithron Associates, Inc.","A. Fasbender",,,
"384ac144-d411-46db-85ea-1388f1ee818e","D08","TOMB","TOMB.AOS.riparian.point.05","2022-10-31T16:12Z","2024-02-19","TOMB.20221031.LWD.3","A00000236613",,"DICSP7","Y","Dicrotendipes sp.",,"genus","Arthropoda","Hexapoda","Insecta","Pterygota","Neoptera","Holometabola","Diptera","Nematocera","Culicomorpha",,"Chironomidae","Chironominae","Chironomini",,"Dicrotendipes","sp.",,"larva",5,,1,70,1,"N","N",,"condition OK","Y",,"Weiderholm, 1983; Weiderholm, 1986; Epler 2001; Ferrington et al. 2019; Andersen, Cranston and Epler 2013","N","Rhithron Associates, Inc.","A. Fasbender",,,
"dac82e9e-19ed-4b3c-b89f-0cbdd91cba1a","D08","TOMB","TOMB.AOS.riparian.point.05","2022-10-31T16:12Z","2024-02-20","TOMB.20221031.LWD.3","A00000236613","BA23NEOMLR03011O2","NAICOM","Y","Nais communis/variabilis",,"speciesGroup","Annelida","Clitellata","Oligochaeta","Oligochaeta",,,"Tubificida",,,,"Naididae","Naidinae",,,"Nais","communis/variabilis",,"immature",2,,19,70,27,"Y","N",,"condition OK","Y",,"Kathman and Brinkhurst, 1999","N","Rhithron Associates, Inc.","J. Webb","badly damaged",,
"716d6dec-878b-49d6-a065-932666186b3f","D08","TOMB","TOMB.AOS.riparian.point.03","2022-10-31T16:12Z","2024-02-19","TOMB.20221031.LWD.2","A00000236614",,"CRISP6","Y","Cricotopus/Orthocladius sp.",,"speciesGroup","Arthropoda","Hexapoda","Insecta","Pterygota","Neoptera","Holometabola","Diptera","Nematocera","Culicomorpha",,"Chironomidae","Orthocladiinae",,,"Cricotopus/Orthocladius","sp.",,"larva",3,,5,100,5,"Y","N","early instar","condition OK","N",,"Weiderholm, 1983; Weiderholm, 1986; Epler 2001; Ferrington et al. 2008; Andersen, Cranston and Epler 2013","N","Rhithron Associates, Inc.","A. Fasbender",,,
"1d0f0f20-6721-4972-963a-f5264091515b","D08","TOMB","TOMB.AOS.riparian.point.09","2022-10-31T16:12Z","2024-02-16","TOMB.20221031.LWD.5","A00000236612",,"TANSP11","Y","Tanytarsus sp.",,"genus","Arthropoda","Hexapoda","Insecta","Pterygota","Neoptera","Holometabola","Diptera","Nematocera","Culicomorpha",,"Chironomidae","Chironominae","Tanytarsini",,"Tanytarsus","sp.",,"pupa",2,,1,10,10,"N","N",,"condition OK","N",,"Weiderholm, 1983; Weiderholm, 1986; Epler 2001; Ferrington et al. 2019; Andersen, Cranston and Epler 2013","N","Rhithron Associates, Inc.","A. Fasbender",,,
"460cf17c-a1d0-4372-823b-3d389e081e74","D08","TOMB","TOMB.AOS.riparian.point.05","2022-10-31T16:12Z","2024-02-19","TOMB.20221031.LWD.3","A00000236613",,"CRISP2","Y","Cricotopus sp.",,"genus","Arthropoda","Hexapoda","Insecta","Pterygota","Neoptera","Holometabola","Diptera","Nematocera","Culicomorpha",,"Chironomidae","Orthocladiinae",,,"Cricotopus","sp.",,"larva",4,,41,70,59,"N","N",,"condition OK","Y",,"Weiderholm, 1983; Weiderholm, 1986; Epler 2001; Ferrington et al. 2019; Andersen, Cranston and Epler 2013","N","Rhithron Associates, Inc.","A. Fasbender",,,
"a5904a4f-6b74-43a0-afee-e241e76695cd","D08","TOMB","TOMB.AOS.reach","2022-10-31T16:12Z","2024-02-16","TOMB.20221031.PONAR.3","A00000236619",,"TANSP8","Y","Tanytarsini sp.",,"tribe","Arthropoda","Hexapoda","Insecta","Pterygota","Neoptera","Holometabola","Diptera","Nematocera","Culicomorpha",,"Chironomidae","Chironominae","Tanytarsini",,,"sp.",,"larva",1,,2,100,2,"Y","N","early instar","condition OK","Y",,"Weiderholm, 1983; Weiderholm, 1986; Epler 2001; Ferrington et al. 2019; Andersen, Cranston and Epler 2013","N","Rhithron Associates, Inc.","A. Fasbender",,,
"0b70691a-ad68-45af-88d2-7ea4095d7fc5","D08","TOMB","TOMB.AOS.riparian.point.09","2022-10-31T16:12Z","2024-02-16","TOMB.20221031.LWD.5","A00000236612",,"CRISP6","Y","Cricotopus/Orthocladius sp.",,"speciesGroup","Arthropoda","Hexapoda","Insecta","Pterygota","Neoptera","Holometabola","Diptera","Nematocera","Culicomorpha",,"Chironomidae","Orthocladiinae",,,"Cricotopus/Orthocladius","sp.",,"larva",5,,1,10,10,"Y","N","early instar","condition OK","N",,"Weiderholm, 1983; Weiderholm, 1986; Epler 2001; Ferrington et al. 2008; Andersen, Cranston and Epler 2013","N","Rhithron Associates, Inc.","A. Fasbender",,,
"5336c2ac-0987-4919-bad4-3b61a830f725","D08","TOMB","TOMB.AOS.riparian.point.07","2022-10-31T16:12Z","2024-02-20","TOMB.20221031.LWD.4","A00000236615",,"CRISP6","Y","Cricotopus/Orthocladius sp.",,"speciesGroup","Arthropoda","Hexapoda","Insecta","Pterygota","Neoptera","Holometabola","Diptera","Nematocera","Culicomorpha",,"Chironomidae","Orthocladiinae",,,"Cricotopus/Orthocladius","sp.",,"larva",2,,6,67,9,"Y","N","early instar","condition OK","N",,"Weiderholm, 1983; Weiderholm, 1986; Epler 2001; Ferrington et al. 2008; Andersen, Cranston and Epler 2013","N","Rhithron Associates, Inc.","A. Fasbender",,,
"840a4238-d692-4820-85b7-03d61562de4e","D08","TOMB","TOMB.AOS.riparian.point.03","2022-10-31T16:12Z","2024-02-19","TOMB.20221031.LWD.2","A00000236614",,"CRISP2","Y","Cricotopus sp.",,"genus","Arthropoda","Hexapoda","Insecta","Pterygota","Neoptera","Holometabola","Diptera","Nematocera","Culicomorpha",,"Chironomidae","Orthocladiinae",,,"Cricotopus","sp.",,"larva",2,,27,100,27,"N","N",,"condition OK","Y",,"Weiderholm, 1983; Weiderholm, 1986; Epler 2001; Ferrington et al. 2019; Andersen, Cranston and Epler 2013","N","Rhithron Associates, Inc.","A. Fasbender",,,
"224b94e6-ab59-47fa-a632-2f6945e59c4b","D08","TOMB","TOMB.AOS.riparian.point.07","2022-10-31T16:12Z","2024-02-20","TOMB.20221031.LWD.4","A00000236615",,"CRISP2","Y","Cricotopus sp.",,"genus","Arthropoda","Hexapoda","Insecta","Pterygota","Neoptera","Holometabola","Diptera","Nematocera","Culicomorpha",,"Chironomidae","Orthocladiinae",,,"Cricotopus","sp.",,"larva",5,,4,67,6,"N","N",,"condition OK","Y",,"Weiderholm, 1983; Weiderholm, 1986; Epler 2001; Ferrington et al. 2019; Andersen, Cranston and Epler 2013","N","Rhithron Associates, Inc.","A. Fasbender",,,
"91c092a8-d8c8-43b5-8341-4031af5c248f","D08","TOMB","TOMB.AOS.riparian.point.07","2022-10-31T16:12Z","2024-02-20","TOMB.20221031.LWD.4","A00000236615","BA23NEOMLR03012O7","DERDIG","Y","Dero digitata",,"species","Annelida","Clitellata","Oligochaeta","Oligochaeta",,,"Tubificida",,,,"Naididae","Naidinae",,,"Dero","digitata",,"unknown",2,,2,67,3,"N","N",,"condition OK","Y",,"Kathman and Brinkhurst, 1999","N","Rhithron Associates, Inc.","J. Webb",,,
"a87ac2e3-0d48-4b43-ba06-952e6129c391","D08","TOMB","TOMB.AOS.reach","2022-10-31T16:12Z","2024-02-16","TOMB.20221031.PONAR.3","A00000236619",,"NEMSP","Y","Nematoda sp.",,"phylum","Nematoda",,,,,,,,,,,,,,,"sp.",,"unknown",2,,1,100,1,"N","N",,"condition OK","Y",,"Thorp and Rogers 2016","N","Rhithron Associates, Inc.","B. Moore",,,
"6492515a-a19f-4385-a99f-a50d0b949f43","D08","TOMB","TOMB.AOS.riparian.point.09","2022-10-31T16:12Z","2024-02-16","TOMB.20221031.LWD.5","A00000236612",,"POLSP13","Y","Polypedilum sp.",,"genus","Arthropoda","Hexapoda","Insecta","Pterygota","Neoptera","Holometabola","Diptera","Nematocera","Culicomorpha",,"Chironomidae","Chironominae","Chironomini",,"Polypedilum","sp.",,"larva",2,,1,10,10,"Y","N","early instar","condition OK","Y",,"Weiderholm, 1983; Weiderholm, 1986; Epler 2001; Ferrington et al. 2008; Andersen, Cranston and Epler 2013","N","Rhithron Associates, Inc.","A. Fasbender",,,
"f85287f0-adf4-4e93-8c74-f752880a9cc1","D08","TOMB","TOMB.AOS.riparian.point.05","2022-10-31T16:12Z","2024-02-20","TOMB.20221031.LWD.3","A00000236613","BA23NEOMLR03011O5","DERSP4","Y","Dero sp.",,"genus","Annelida","Clitellata","Oligochaeta","Oligochaeta",,,"Tubificida",,,,"Naididae","Naidinae",,,"Dero","sp.",,"unknown",1,,1,70,1,"N","N","damaged","damaged, affecting taxonomy and measurement","Y",,"Kathman and Brinkhurst, 1999","N","Rhithron Associates, Inc.","J. Webb",,,
"f2aa8066-6a1e-4fa2-b9ae-910bdfc4e5ec","D08","TOMB","TOMB.AOS.riparian.point.09","2022-10-31T16:12Z","2024-02-16","TOMB.20221031.LWD.5","A00000236612",,"DICSP7","Y","Dicrotendipes sp.",,"genus","Arthropoda","Hexapoda","Insecta","Pterygota","Neoptera","Holometabola","Diptera","Nematocera","Culicomorpha",,"Chironomidae","Chironominae","Chironomini",,"Dicrotendipes","sp.",,"larva",3,,4,10,40,"N","N",,"condition OK","Y",,"Weiderholm, 1983; Weiderholm, 1986; Epler 2001; Ferrington et al. 2019; Andersen, Cranston and Epler 2013","N","Rhithron Associates, Inc.","A. Fasbender",,,
"32a74a8c-8397-442f-9887-a4c1c4c4e1a7","D08","TOMB","TOMB.AOS.riparian.point.01","2022-10-31T16:12Z","2024-02-19","TOMB.20221031.LWD.1","A00000236616","BA23NEOMLR03009O2","NAICOM","Y","Nais communis/variabilis",,"speciesGroup","Annelida","Clitellata","Oligochaeta","Oligochaeta",,,"Tubificida",,,,"Naididae","Naidinae",,,"Nais","communis/variabilis",,"immature",2,,14,60,23,"Y","N",,"condition OK","Y",,"Kathman and Brinkhurst, 1999","N","Rhithron Associates, Inc.","J. Webb",,,
"1f74b554-81df-48d1-8042-87f4d71e8200","D08","TOMB","TOMB.AOS.riparian.point.01","2022-10-31T16:12Z","2024-02-16","TOMB.20221031.LWD.1","A00000236616",,"HYDSP21","Y","Hydra sp.",,"genus","Cnidaria","Medusozoa","Hydrozoa","Hydroidolina",,,"Anthoathecatae","Capitata",,,"Hydridae",,,,"Hydra","sp.",,"unknown",1,,1,60,2,"N","N",,"condition OK","Y",,"Thorp and Rogers 2016","N","Rhithron Associates, Inc.","B. Moore",,,
"704bf899-546e-4219-9c67-a01c1ab170e6","D08","TOMB","TOMB.AOS.reach","2022-10-31T16:12Z","2024-02-16","TOMB.20221031.PONAR.3","A00000236619",,"STISP2","Y","Stictochironomus sp.",,"genus","Arthropoda","Hexapoda","Insecta","Pterygota","Neoptera","Holometabola","Diptera","Nematocera","Culicomorpha",,"Chironomidae","Chironominae","Chironomini",,"Stictochironomus","sp.",,"larva",1,,4,100,4,"N","N",,"condition OK","Y",,"Weiderholm, 1983; Weiderholm, 1986; Epler 2001; Ferrington et al. 2019; Andersen, Cranston and Epler 2013","N","Rhithron Associates, Inc.","A. Fasbender",,,
"3037d7bf-cfe0-4903-b917-99dfcf0f3180","D08","TOMB","TOMB.AOS.riparian.point.03","2022-10-31T16:12Z","2024-02-19","TOMB.20221031.LWD.2","A00000236614",,"CHISP2","Y","Chironomidae sp.",,"family","Arthropoda","Hexapoda","Insecta","Pterygota","Neoptera","Holometabola","Diptera","Nematocera","Culicomorpha",,"Chironomidae",,,,,"sp.",,"larva",3,,1,100,1,"Y","N","early instar","condition OK","N",,"Merritt et al. 2019","N","Rhithron Associates, Inc.","A. Fasbender",,,
"e7efda97-c912-4540-8a5b-ab1c99007935","D08","TOMB","TOMB.AOS.riparian.point.07","2022-10-31T16:12Z","2024-02-20","TOMB.20221031.LWD.4","A00000236615","BA23NEOMLR03012O7","NAICOM","Y","Nais communis/variabilis",,"speciesGroup","Annelida","Clitellata","Oligochaeta","Oligochaeta",,,"Tubificida",,,,"Naididae","Naidinae",,,"Nais","communis/variabilis",,"immature",2,,15,67,22,"Y","N",,"condition OK","Y",,"Kathman and Brinkhurst, 1999","N","Rhithron Associates, Inc.","J. Webb",,,
"fa354457-2294-4b25-981a-1cace1cb9903","D08","TOMB","TOMB.AOS.riparian.point.03","2022-10-31T16:12Z","2024-02-19","TOMB.20221031.LWD.2","A00000236614",,"CRISP2","Y","Cricotopus sp.",,"genus","Arthropoda","Hexapoda","Insecta","Pterygota","Neoptera","Holometabola","Diptera","Nematocera","Culicomorpha",,"Chironomidae","Orthocladiinae",,,"Cricotopus","sp.",,"larva",1,,41,100,41,"N","N",,"condition OK","Y",,"Weiderholm, 1983; Weiderholm, 1986; Epler 2001; Ferrington et al. 2019; Andersen, Cranston and Epler 2013","N","Rhithron Associates, Inc.","A. Fasbender",,,
"6a4f2fc9-643d-40c3-a23e-b2c80efefa7a","D08","TOMB","TOMB.AOS.riparian.point.07","2022-10-31T16:12Z","2024-02-16","TOMB.20221031.LWD.4","A00000236615",,"HYDSP24","Y","Hydroptila sp.",,"genus","Arthropoda","Hexapoda","Insecta","Pterygota","Neoptera","Holometabola","Trichoptera",,,"Hydroptiloidea","Hydroptilidae","Hydroptilinae","Hydroptilini",,"Hydroptila","sp.",,"larva",1,,1,67,1,"N","N",,"condition OK","Y",,"Wiggins 1996; Merritt et al. 2019","N","Rhithron Associates, Inc.","B. Moore",,,
"36f2b777-1706-40ff-bdaa-7b361eea1996","D08","TOMB","TOMB.AOS.riparian.point.03","2022-10-31T16:12Z","2024-02-16","TOMB.20221031.LWD.2","A00000236614",,"HYDSP24","Y","Hydroptila sp.",,"genus","Arthropoda","Hexapoda","Insecta","Pterygota","Neoptera","Holometabola","Trichoptera",,,"Hydroptiloidea","Hydroptilidae","Hydroptilinae","Hydroptilini",,"Hydroptila","sp.",,"larva",3,,1,100,1,"N","N",,"condition OK","Y",,"Wiggins 1996; Merritt et al. 2019","N","Rhithron Associates, Inc.","B. Moore",,,
"4a40fd2b-9cc6-40e1-94e5-b50d4e1ccf91","D08","TOMB","TOMB.AOS.riparian.point.07","2022-10-31T16:12Z","2024-02-20","TOMB.20221031.LWD.4","A00000236615","BA23NEOMLR03012O4","NAICOM","Y","Nais communis/variabilis",,"speciesGroup","Annelida","Clitellata","Oligochaeta","Oligochaeta",,,"Tubificida",,,,"Naididae","Naidinae",,,"Nais","communis/variabilis",,"immature",2,,17,67,25,"Y","N",,"condition OK","Y",,"Kathman and Brinkhurst, 1999","N","Rhithron Associates, Inc.","J. Webb",,,
"7346d1bb-37bf-4e14-a77a-6941a4c9a544","D08","TOMB","TOMB.AOS.riparian.point.07","2022-10-31T16:12Z","2024-02-20","TOMB.20221031.LWD.4","A00000236615",,"CRISP2","Y","Cricotopus sp.",,"genus","Arthropoda","Hexapoda","Insecta","Pterygota","Neoptera","Holometabola","Diptera","Nematocera","Culicomorpha",,"Chironomidae","Orthocladiinae",,,"Cricotopus","sp.",,"larva",4,,8,67,12,"N","N",,"condition OK","Y",,"Weiderholm, 1983; Weiderholm, 1986; Epler 2001; Ferrington et al. 2019; Andersen, Cranston and Epler 2013","N","Rhithron Associates, Inc.","A. Fasbender",,,
"9a74c8df-7f4f-43e5-8c82-8bebb5894bab","D08","TOMB","TOMB.AOS.reach","2022-10-31T16:12Z","2024-02-16","TOMB.20221031.PONAR.3","A00000236619",,"CHISP6","Y","Chironomini sp.",,"tribe","Arthropoda","Hexapoda","Insecta","Pterygota","Neoptera","Holometabola","Diptera","Nematocera","Culicomorpha",,"Chironomidae","Chironominae","Chironomini",,,"sp.",,"larva",2,,1,100,1,"Y","N","early instar","condition OK","N",,"Weiderholm, 1983; Weiderholm, 1986; Epler 2001; Ferrington et al. 2019; Andersen, Cranston and Epler 2013","N","Rhithron Associates, Inc.","A. Fasbender",,,
"3ef036a7-d51d-4580-8bda-604405e61c38","D08","TOMB","TOMB.AOS.riparian.point.09","2022-10-31T16:12Z","2024-02-16","TOMB.20221031.LWD.5","A00000236612",,"DICSP7","Y","Dicrotendipes sp.",,"genus","Arthropoda","Hexapoda","Insecta","Pterygota","Neoptera","Holometabola","Diptera","Nematocera","Culicomorpha",,"Chironomidae","Chironominae","Chironomini",,"Dicrotendipes","sp.",,"larva",5,,2,10,20,"N","N",,"condition OK","Y",,"Weiderholm, 1983; Weiderholm, 1986; Epler 2001; Ferrington et al. 2019; Andersen, Cranston and Epler 2013","N","Rhithron Associates, Inc.","A. Fasbender",,,
"c5e879e1-9019-4e63-b8b8-7b0929769252","D08","TOMB","TOMB.AOS.reach","2022-10-31T16:12Z","2024-02-16","TOMB.20221031.PONAR.3","A00000236619",,"STISP2","Y","Stictochironomus sp.",,"genus","Arthropoda","Hexapoda","Insecta","Pterygota","Neoptera","Holometabola","Diptera","Nematocera","Culicomorpha",,"Chironomidae","Chironominae","Chironomini",,"Stictochironomus","sp.",,"larva",5,,3,100,3,"N","N",,"condition OK","Y",,"Weiderholm, 1983; Weiderholm, 1986; Epler 2001; Ferrington et al. 2019; Andersen, Cranston and Epler 2013","N","Rhithron Associates, Inc.","A. Fasbender",,,
"3449f174-5613-4ff3-9563-3c098561173d","D08","TOMB","TOMB.AOS.riparian.point.03","2022-10-31T16:12Z","2024-02-19","TOMB.20221031.LWD.2","A00000236614",,"CRISP2","Y","Cricotopus sp.",,"genus","Arthropoda","Hexapoda","Insecta","Pterygota","Neoptera","Holometabola","Diptera","Nematocera","Culicomorpha",,"Chironomidae","Orthocladiinae",,,"Cricotopus","sp.",,"larva",3,,32,100,32,"N","N",,"condition OK","Y",,"Weiderholm, 1983; Weiderholm, 1986; Epler 2001; Ferrington et al. 2019; Andersen, Cranston and Epler 2013","N","Rhithron Associates, Inc.","A. Fasbender",,,
"b12938c2-3b9b-47a8-9c37-bb722ffc84df","D08","TOMB","TOMB.AOS.reach","2022-10-31T16:12Z","2024-02-16","TOMB.20221031.PONAR.3","A00000236619",,"CRYSP2","Y","Cryptochironomus sp.",,"genus","Arthropoda","Hexapoda","Insecta","Pterygota","Neoptera","Holometabola","Diptera","Nematocera","Culicomorpha",,"Chironomidae","Chironominae","Chironomini",,"Cryptochironomus","sp.",,"larva",3,,2,100,2,"N","N",,"condition OK","Y",,"Weiderholm, 1983; Weiderholm, 1986; Epler 2001; Ferrington et al. 2019; Andersen, Cranston and Epler 2013","N","Rhithron Associates, Inc.","A. Fasbender",,,
"6413b4ca-e7f4-4d87-9c2d-b740ddeab6c8","D08","TOMB","TOMB.AOS.riparian.point.09","2022-10-31T16:12Z","2024-02-16","TOMB.20221031.LWD.5","A00000236612",,"PSESP18","Y","Pseudochironomus sp.",,"genus","Arthropoda","Hexapoda","Insecta","Pterygota","Neoptera","Holometabola","Diptera","Nematocera","Culicomorpha",,"Chironomidae","Chironominae","Pseudochironomini",,"Pseudochironomus","sp.",,"larva",2,,19,10,190,"N","N",,"condition OK","Y",,"Weiderholm, 1983; Weiderholm, 1986; Epler 2001; Ferrington et al. 2019; Andersen, Cranston and Epler 2013","N","Rhithron Associates, Inc.","A. Fasbender",,,
"f1baf2ef-3cc6-44ed-b7e7-c12eeed8ddbd","D08","TOMB","TOMB.AOS.riparian.point.03","2022-10-31T16:12Z","2024-02-20","TOMB.20221031.LWD.2","A00000236614","BA23NEOMLR03010O4","NAICOM","Y","Nais communis/variabilis",,"speciesGroup","Annelida","Clitellata","Oligochaeta","Oligochaeta",,,"Tubificida",,,,"Naididae","Naidinae",,,"Nais","communis/variabilis",,"immature",2,,12,100,12,"Y","N",,"condition OK","Y",,"Kathman and Brinkhurst, 1999","N","Rhithron Associates, Inc.","J. Webb",,,
"8d3876b6-fbc7-4f4a-afc2-243147878ea0","D08","TOMB","TOMB.AOS.riparian.point.01","2022-10-31T16:12Z","2024-02-19","TOMB.20221031.LWD.1","A00000236616","BA23NEOMLR03009O1","DERSP4","Y","Dero sp.",,"genus","Annelida","Clitellata","Oligochaeta","Oligochaeta",,,"Tubificida",,,,"Naididae","Naidinae",,,"Dero","sp.",,"immature",2,,1,60,2,"Y","N",,"condition OK","Y",,"Kathman and Brinkhurst, 1999","N","Rhithron Associates, Inc.","J. Webb","digitata?",,
"2fcb32cc-1c51-4ead-8f8d-19ac789f3272","D08","TOMB","TOMB.AOS.riparian.point.09","2022-10-31T16:12Z","2024-02-16","TOMB.20221031.LWD.5","A00000236612",,"TRISP18","Y","Tribelos sp.",,"genus","Arthropoda","Hexapoda","Insecta","Pterygota","Neoptera","Holometabola","Diptera","Nematocera","Culicomorpha",,"Chironomidae","Chironominae","Chironomini",,"Tribelos","sp.",,"larva",2,,1,10,10,"N","N",,"condition OK","Y",,"Weiderholm, 1983; Weiderholm, 1986; Epler 2001; Ferrington et al. 2019; Andersen, Cranston and Epler 2013","N","Rhithron Associates, Inc.","A. Fasbender",,,
"e33ef38c-e081-4ddd-81bd-5301019b2185","D08","TOMB","TOMB.AOS.riparian.point.09","2022-10-31T16:12Z","2024-02-16","TOMB.20221031.LWD.5","A00000236612",,"CAESP5","Y","Caenis sp.",,"genus","Arthropoda","Hexapoda","Insecta","Pterygota","Palaeoptera",,"Ephemeroptera","Furcatergalia","Pannota","Caenoidea","Caenidae","Caeninae",,,"Caenis","sp.",,"larva",1,,1,10,10,"Y","N","early instar","condition OK","Y",,"Merritt et al. 2019","N","Rhithron Associates, Inc.","B. Moore",,,
"fb80bde2-0092-4f48-a2fd-f8184ea21f22","D08","TOMB","TOMB.AOS.riparian.point.09","2022-10-31T16:12Z","2024-02-16","TOMB.20221031.LWD.5","A00000236612",,"DICSP7","Y","Dicrotendipes sp.",,"genus","Arthropoda","Hexapoda","Insecta","Pterygota","Neoptera","Holometabola","Diptera","Nematocera","Culicomorpha",,"Chironomidae","Chironominae","Chironomini",,"Dicrotendipes","sp.",,"larva",4,,4,10,40,"N","N",,"condition OK","Y",,"Weiderholm, 1983; Weiderholm, 1986; Epler 2001; Ferrington et al. 2019; Andersen, Cranston and Epler 2013","N","Rhithron Associates, Inc.","A. Fasbender",,,
"0dfe5363-89c8-4e6e-b822-7028c863b24c","D08","TOMB","TOMB.AOS.riparian.point.05","2022-10-31T16:12Z","2024-02-19","TOMB.20221031.LWD.3","A00000236613",,"DICSP7","Y","Dicrotendipes sp.",,"genus","Arthropoda","Hexapoda","Insecta","Pterygota","Neoptera","Holometabola","Diptera","Nematocera","Culicomorpha",,"Chironomidae","Chironominae","Chironomini",,"Dicrotendipes","sp.",,"larva",1,,4,70,6,"N","N",,"condition OK","Y",,"Weiderholm, 1983; Weiderholm, 1986; Epler 2001; Ferrington et al. 2019; Andersen, Cranston and Epler 2013","N","Rhithron Associates, Inc.","A. Fasbender",,,
"0b49a3d3-c274-4d84-bd17-eb3cc0d66d9e","D08","TOMB","TOMB.AOS.riparian.point.09","2022-10-31T16:12Z","2024-02-16","TOMB.20221031.LWD.5","A00000236612",,"TANSP11","Y","Tanytarsus sp.",,"genus","Arthropoda","Hexapoda","Insecta","Pterygota","Neoptera","Holometabola","Diptera","Nematocera","Culicomorpha",,"Chironomidae","Chironominae","Tanytarsini",,"Tanytarsus","sp.",,"larva",1,,3,10,30,"N","N",,"condition OK","Y",,"Weiderholm, 1983; Weiderholm, 1986; Epler 2001; Ferrington et al. 2019; Andersen, Cranston and Epler 2013","N","Rhithron Associates, Inc.","A. Fasbender",,,
"e96f11f1-27b0-48b0-828a-bf8ab34eb580","D08","TOMB","TOMB.AOS.riparian.point.09","2022-10-31T16:12Z","2024-02-20","TOMB.20221031.LWD.5","A00000236612","BA23NEOMLR03013O3","NAICOM","Y","Nais communis/variabilis",,"speciesGroup","Annelida","Clitellata","Oligochaeta","Oligochaeta",,,"Tubificida",,,,"Naididae","Naidinae",,,"Nais","communis/variabilis",,"immature",2,,7,10,70,"Y","N",,"condition OK","Y",,"Kathman and Brinkhurst, 1999","N","Rhithron Associates, Inc.","J. Webb",,,
"b4d048ff-d499-452d-9bd3-ee5ba288b954","D08","TOMB","TOMB.AOS.riparian.point.01","2022-10-31T16:12Z","2024-02-19","TOMB.20221031.LWD.1","A00000236616",,"PSESP18","Y","Pseudochironomus sp.",,"genus","Arthropoda","Hexapoda","Insecta","Pterygota","Neoptera","Holometabola","Diptera","Nematocera","Culicomorpha",,"Chironomidae","Chironominae","Pseudochironomini",,"Pseudochironomus","sp.",,"larva",1,,1,60,2,"N","N",,"condition OK","Y",,"Weiderholm, 1983; Weiderholm, 1986; Epler 2001; Ferrington et al. 2019; Andersen, Cranston and Epler 2013","N","Rhithron Associates, Inc.","A. Fasbender",,,
"0e73927b-286f-4bc1-babc-9d45e34e1498","D08","TOMB","TOMB.AOS.riparian.point.09","2022-10-31T16:12Z","2024-02-16","TOMB.20221031.LWD.5","A00000236612",,"CRISP2","Y","Cricotopus sp.",,"genus","Arthropoda","Hexapoda","Insecta","Pterygota","Neoptera","Holometabola","Diptera","Nematocera","Culicomorpha",,"Chironomidae","Orthocladiinae",,,"Cricotopus","sp.",,"larva",2,,43,10,430,"N","N",,"condition OK","Y",,"Weiderholm, 1983; Weiderholm, 1986; Epler 2001; Ferrington et al. 2019; Andersen, Cranston and Epler 2013","N","Rhithron Associates, Inc.","A. Fasbender",,,
"650b0ebb-63d8-422d-9d14-723a6fad4652","D08","TOMB","TOMB.AOS.riparian.point.01","2022-10-31T16:12Z","2024-02-19","TOMB.20221031.LWD.1","A00000236616","BA23NEOMLR03009O1","PRISP1","Y","Pristina sp.",,"genus","Annelida","Clitellata","Oligochaeta","Oligochaeta",,,"Tubificida",,,,"Naididae","Pristininae",,,"Pristina","sp.",,"unknown",1,,1,60,2,"N","N",,"condition OK","Y",,"Kathman and Brinkhurst, 1999","N","Rhithron Associates, Inc.","J. Webb",,,
"b02b7633-bc6b-4800-817f-69652553794d","D08","TOMB","TOMB.AOS.reach","2022-10-31T16:12Z","2024-02-16","TOMB.20221031.PONAR.1","A00000236617",,"COLSP1","Y","Collembola sp.",,"order","Arthropoda","Hexapoda","Collembola",,,,"Collembola",,,,,,,,,"sp.",,"unknown",1,,1,100,1,"N","N",,"condition OK","Y",,"Merritt et al. 2019","N","Rhithron Associates, Inc.","B. Moore",,,
"2413b2ba-77b0-4a15-91ff-4016051fe587","D08","TOMB","TOMB.AOS.riparian.point.01","2022-10-31T16:12Z","2024-02-19","TOMB.20221031.LWD.1","A00000236616","BA23NEOMLR03009O4","NAICOM","Y","Nais communis/variabilis",,"speciesGroup","Annelida","Clitellata","Oligochaeta","Oligochaeta",,,"Tubificida",,,,"Naididae","Naidinae",,,"Nais","communis/variabilis",,"immature",2,,18,60,30,"Y","N",,"condition OK","Y",,"Kathman and Brinkhurst, 1999","N","Rhithron Associates, Inc.","J. Webb",,,
"ddfdbef2-b416-4934-b83a-5adba311117d","D08","TOMB","TOMB.AOS.riparian.point.01","2022-10-31T16:12Z","2024-02-19","TOMB.20221031.LWD.1","A00000236616",,"PSESP18","Y","Pseudochironomus sp.",,"genus","Arthropoda","Hexapoda","Insecta","Pterygota","Neoptera","Holometabola","Diptera","Nematocera","Culicomorpha",,"Chironomidae","Chironominae","Pseudochironomini",,"Pseudochironomus","sp.",,"larva",2,,1,60,2,"N","N",,"condition OK","Y",,"Weiderholm, 1983; Weiderholm, 1986; Epler 2001; Ferrington et al. 2019; Andersen, Cranston and Epler 2013","N","Rhithron Associates, Inc.","A. Fasbender",,,
"557072fd-f374-4e05-a599-f872d4441a1e","D08","TOMB","TOMB.AOS.riparian.point.07","2022-10-31T16:12Z","2024-02-20","TOMB.20221031.LWD.4","A00000236615",,"CRISP6","Y","Cricotopus/Orthocladius sp.",,"speciesGroup","Arthropoda","Hexapoda","Insecta","Pterygota","Neoptera","Holometabola","Diptera","Nematocera","Culicomorpha",,"Chironomidae","Orthocladiinae",,,"Cricotopus/Orthocladius","sp.",,"larva",1,,18,67,27,"Y","N","early instar","condition OK","N",,"Weiderholm, 1983; Weiderholm, 1986; Epler 2001; Ferrington et al. 2008; Andersen, Cranston and Epler 2013","N","Rhithron Associates, Inc.","A. Fasbender",,,
"76bc33db-0c92-4749-af00-fa8b6af307b9","D08","TOMB","TOMB.AOS.riparian.point.09","2022-10-31T16:12Z","2024-02-16","TOMB.20221031.LWD.5","A00000236612",,"TANSP8","Y","Tanytarsini sp.",,"tribe","Arthropoda","Hexapoda","Insecta","Pterygota","Neoptera","Holometabola","Diptera","Nematocera","Culicomorpha",,"Chironomidae","Chironominae","Tanytarsini",,,"sp.",,"larva",1,,3,10,30,"Y","N","early instar","condition OK","N",,"Weiderholm, 1983; Weiderholm, 1986; Epler 2001; Ferrington et al. 2019; Andersen, Cranston and Epler 2013","N","Rhithron Associates, Inc.","A. Fasbender",,,
"1c35f50b-6312-40bb-8824-0739d9e6d027","D08","TOMB","TOMB.AOS.riparian.point.05","2022-10-31T16:12Z","2024-02-20","TOMB.20221031.LWD.3","A00000236613","BA23NEOMLR03011O1","NAICOM","Y","Nais communis/variabilis",,"speciesGroup","Annelida","Clitellata","Oligochaeta","Oligochaeta",,,"Tubificida",,,,"Naididae","Naidinae",,,"Nais","communis/variabilis",,"immature",2,,16,70,23,"Y","N",,"condition OK","Y",,"Kathman and Brinkhurst, 1999","N","Rhithron Associates, Inc.","J. Webb","badly damaged",,
"96efae8c-d84e-4175-8966-e3448ea87601","D08","TOMB","TOMB.AOS.riparian.point.01","2022-10-31T16:12Z","2024-02-19","TOMB.20221031.LWD.1","A00000236616",,"PSESP18","Y","Pseudochironomus sp.",,"genus","Arthropoda","Hexapoda","Insecta","Pterygota","Neoptera","Holometabola","Diptera","Nematocera","Culicomorpha",,"Chironomidae","Chironominae","Pseudochironomini",,"Pseudochironomus","sp.",,"larva",3,,1,60,2,"N","N",,"condition OK","Y",,"Weiderholm, 1983; Weiderholm, 1986; Epler 2001; Ferrington et al. 2019; Andersen, Cranston and Epler 2013","N","Rhithron Associates, Inc.","A. Fasbender",,,
"a9f024ee-8bc7-401d-9a9f-9af95676d0d5","D08","TOMB","TOMB.AOS.riparian.point.03","2022-10-31T16:12Z","2024-02-19","TOMB.20221031.LWD.2","A00000236614",,"CRISP2","Y","Cricotopus sp.",,"genus","Arthropoda","Hexapoda","Insecta","Pterygota","Neoptera","Holometabola","Diptera","Nematocera","Culicomorpha",,"Chironomidae","Orthocladiinae",,,"Cricotopus","sp.",,"larva",5,,1,100,1,"N","N",,"condition OK","Y",,"Weiderholm, 1983; Weiderholm, 1986; Epler 2001; Ferrington et al. 2019; Andersen, Cranston and Epler 2013","N","Rhithron Associates, Inc.","A. Fasbender",,,
"ba490a48-0492-43f2-8dde-dbbbf1fbbf59","D08","TOMB","TOMB.AOS.riparian.point.05","2022-10-31T16:12Z","2024-02-19","TOMB.20221031.LWD.3","A00000236613",,"CRISP2","Y","Cricotopus sp.",,"genus","Arthropoda","Hexapoda","Insecta","Pterygota","Neoptera","Holometabola","Diptera","Nematocera","Culicomorpha",,"Chironomidae","Orthocladiinae",,,"Cricotopus","sp.",,"larva",5,,8,70,11,"N","N",,"condition OK","Y",,"Weiderholm, 1983; Weiderholm, 1986; Epler 2001; Ferrington et al. 2019; Andersen, Cranston and Epler 2013","N","Rhithron Associates, Inc.","A. Fasbender",,,
"81707c8c-967c-4dc8-bc61-5d9090af4b17","D08","TOMB","TOMB.AOS.riparian.point.09","2022-10-31T16:12Z","2024-02-20","TOMB.20221031.LWD.5","A00000236612","BA23NEOMLR03013O3","NAISP","Y","Naididae sp.",,"family","Annelida","Clitellata","Oligochaeta","Oligochaeta",,,"Tubificida",,,,"Naididae",,,,,"sp.",,"unknown",2,,10,10,100,"N","N","damaged","damaged, affecting taxonomy and measurement","N",,"Kathman and Brinkhurst, 1999","N","Rhithron Associates, Inc.","J. Webb","bad slides",,
"954d9c6e-c398-4b7e-87f9-9781f5ad7164","D08","TOMB","TOMB.AOS.riparian.point.05","2022-10-31T16:12Z","2024-02-19","TOMB.20221031.LWD.3","A00000236613",,"CRISP6","Y","Cricotopus/Orthocladius sp.",,"speciesGroup","Arthropoda","Hexapoda","Insecta","Pterygota","Neoptera","Holometabola","Diptera","Nematocera","Culicomorpha",,"Chironomidae","Orthocladiinae",,,"Cricotopus/Orthocladius","sp.",,"larva",3,,5,70,7,"Y","N","early instar","condition OK","N",,"Weiderholm, 1983; Weiderholm, 1986; Epler 2001; Ferrington et al. 2008; Andersen, Cranston and Epler 2013","N","Rhithron Associates, Inc.","A. Fasbender",,,
"1d11e57a-dd03-4e2d-9992-295973eb06c6","D08","TOMB","TOMB.AOS.reach","2022-10-31T16:12Z","2024-02-16","TOMB.20221031.PONAR.3","A00000236619",,"STISP2","Y","Stictochironomus sp.",,"genus","Arthropoda","Hexapoda","Insecta","Pterygota","Neoptera","Holometabola","Diptera","Nematocera","Culicomorpha",,"Chironomidae","Chironominae","Chironomini",,"Stictochironomus","sp.",,"larva",6,,2,100,2,"N","N",,"condition OK","Y",,"Weiderholm, 1983; Weiderholm, 1986; Epler 2001; Ferrington et al. 2019; Andersen, Cranston and Epler 2013","N","Rhithron Associates, Inc.","A. Fasbender",,,
"790f103e-c000-4e68-8868-1dbcfc2c79f5","D08","TOMB","TOMB.AOS.reach","2022-10-31T16:12Z","2024-02-20","TOMB.20221031.PONAR.1","A00000236617","BA23NEOMLR03014O2","PRISP1","Y","Pristina sp.",,"genus","Annelida","Clitellata","Oligochaeta","Oligochaeta",,,"Tubificida",,,,"Naididae","Pristininae",,,"Pristina","sp.",,"unknown",2,,9,100,9,"N","N",,"condition OK","Y",,"Kathman and Brinkhurst, 1999","N","Rhithron Associates, Inc.","J. Webb",,,
"d60d78c1-a7ea-4299-8489-758f232dd6cf","D08","TOMB","TOMB.AOS.riparian.point.09","2022-10-31T16:12Z","2024-02-16","TOMB.20221031.LWD.5","A00000236612",,"DICSP7","Y","Dicrotendipes sp.",,"genus","Arthropoda","Hexapoda","Insecta","Pterygota","Neoptera","Holometabola","Diptera","Nematocera","Culicomorpha",,"Chironomidae","Chironominae","Chironomini",,"Dicrotendipes","sp.",,"larva",2,,15,10,150,"N","N",,"condition OK","Y",,"Weiderholm, 1983; Weiderholm, 1986; Epler 2001; Ferrington et al. 2019; Andersen, Cranston and Epler 2013","N","Rhithron Associates, Inc.","A. Fasbender",,,
"39c08729-e52b-419d-a307-b2471c537cd9","D08","TOMB","TOMB.AOS.riparian.point.07","2022-10-31T16:12Z","2024-02-20","TOMB.20221031.LWD.4","A00000236615","BA23NEOMLR03012O9","DERDIG","Y","Dero digitata",,"species","Annelida","Clitellata","Oligochaeta","Oligochaeta",,,"Tubificida",,,,"Naididae","Naidinae",,,"Dero","digitata",,"unknown",2,,1,67,1,"N","N",,"condition OK","Y",,"Kathman and Brinkhurst, 1999","N","Rhithron Associates, Inc.","J. Webb",,,
"872f51a2-332b-4bd6-9c5c-668a38fdca59","D08","TOMB","TOMB.AOS.reach","2022-10-31T16:12Z","2024-02-16","TOMB.20221031.PONAR.2","A00000236618",,"STISP2","Y","Stictochironomus sp.",,"genus","Arthropoda","Hexapoda","Insecta","Pterygota","Neoptera","Holometabola","Diptera","Nematocera","Culicomorpha",,"Chironomidae","Chironominae","Chironomini",,"Stictochironomus","sp.",,"larva",5,,2,100,2,"N","N",,"condition OK","Y",,"Weiderholm, 1983; Weiderholm, 1986; Epler 2001; Ferrington et al. 2019; Andersen, Cranston and Epler 2013","Y","Rhithron Associates, Inc.","A. Fasbender",,,
"ebed075f-191d-41fd-aef9-93735ad5d2ae","D08","TOMB","TOMB.AOS.riparian.point.07","2022-10-31T16:12Z","2024-02-20","TOMB.20221031.LWD.4","A00000236615",,"CRISP6","Y","Cricotopus/Orthocladius sp.",,"speciesGroup","Arthropoda","Hexapoda","Insecta","Pterygota","Neoptera","Holometabola","Diptera","Nematocera","Culicomorpha",,"Chironomidae","Orthocladiinae",,,"Cricotopus/Orthocladius","sp.",,"larva",4,,1,67,1,"Y","N","early instar","condition OK","N",,"Weiderholm, 1983; Weiderholm, 1986; Epler 2001; Ferrington et al. 2008; Andersen, Cranston and Epler 2013","N","Rhithron Associates, Inc.","A. Fasbender",,,
"3b617340-76b6-4418-b560-8fe9847599f4","D08","TOMB","TOMB.AOS.reach","2022-10-31T16:12Z","2024-02-16","TOMB.20221031.PONAR.3","A00000236619",,"NEMSP","Y","Nematoda sp.",,"phylum","Nematoda",,,,,,,,,,,,,,,"sp.",,"unknown",3,,2,100,2,"N","N",,"condition OK","Y",,"Thorp and Rogers 2016","N","Rhithron Associates, Inc.","B. Moore",,,
"ddbf9d24-05fc-4cc1-b025-a3c2a05e1b80","D08","TOMB","TOMB.AOS.riparian.point.01","2022-10-31T16:12Z","2024-02-19","TOMB.20221031.LWD.1","A00000236616",,"CRISP2","Y","Cricotopus sp.",,"genus","Arthropoda","Hexapoda","Insecta","Pterygota","Neoptera","Holometabola","Diptera","Nematocera","Culicomorpha",,"Chironomidae","Orthocladiinae",,,"Cricotopus","sp.",,"larva",2,,50,60,83,"N","N",,"condition OK","Y",,"Weiderholm, 1983; Weiderholm, 1986; Epler 2001; Ferrington et al. 2019; Andersen, Cranston and Epler 2013","N","Rhithron Associates, Inc.","A. Fasbender",,,
"3668b1df-16c3-4f93-beac-c8da96ee423c","D08","TOMB","TOMB.AOS.reach","2022-10-31T16:12Z","2024-02-16","TOMB.20221031.PONAR.1","A00000236617",,"CHISP6","Y","Chironomini sp.",,"tribe","Arthropoda","Hexapoda","Insecta","Pterygota","Neoptera","Holometabola","Diptera","Nematocera","Culicomorpha",,"Chironomidae","Chironominae","Chironomini",,,"sp.",,"larva",1,,4,100,4,"Y","N","early instar","condition OK","N",,"Weiderholm, 1983; Weiderholm, 1986; Epler 2001; Ferrington et al. 2019; Andersen, Cranston and Epler 2013","N","Rhithron Associates, Inc.","A. Fasbender",,,
"6072808a-bf13-4326-8565-0f20faddf95b","D08","TOMB","TOMB.AOS.riparian.point.05","2022-10-31T16:12Z","2024-02-19","TOMB.20221031.LWD.3","A00000236613",,"CRISP2","Y","Cricotopus sp.",,"genus","Arthropoda","Hexapoda","Insecta","Pterygota","Neoptera","Holometabola","Diptera","Nematocera","Culicomorpha",,"Chironomidae","Orthocladiinae",,,"Cricotopus","sp.",,"larva",2,,43,70,61,"N","N",,"condition OK","Y",,"Weiderholm, 1983; Weiderholm, 1986; Epler 2001; Ferrington et al. 2019; Andersen, Cranston and Epler 2013","N","Rhithron Associates, Inc.","A. Fasbender",,,
"0de51acb-3086-469c-ae0d-1c70d0d42011","D08","TOMB","TOMB.AOS.riparian.point.01","2022-10-31T16:12Z","2024-02-19","TOMB.20221031.LWD.1","A00000236616","BA23NEOMLR03009O5","NAICOM","Y","Nais communis/variabilis",,"speciesGroup","Annelida","Clitellata","Oligochaeta","Oligochaeta",,,"Tubificida",,,,"Naididae","Naidinae",,,"Nais","communis/variabilis",,"immature",2,,14,60,23,"Y","N",,"condition OK","Y",,"Kathman and Brinkhurst, 1999","N","Rhithron Associates, Inc.","J. Webb",,,
"6ad92d7d-12e9-440f-88d1-099c2aac74dd","D08","TOMB","TOMB.AOS.riparian.point.09","2022-10-31T16:12Z","2024-02-16","TOMB.20221031.LWD.5","A00000236612",,"OSTSP","Y","Ostracoda sp.",,"class","Arthropoda","Crustacea","Ostracoda",,,,,,,,,,,,,"sp.",,"unknown",1,,1,10,10,"N","N",,"condition OK","Y",,"Thorp and Rogers 2016","N","Rhithron Associates, Inc.","B. Moore",,,
"f8de40a3-8dd8-467f-a171-06c43eeb2496","D08","TOMB","TOMB.AOS.reach","2022-10-31T16:12Z","2024-02-20","TOMB.20221031.PONAR.3","A00000236619","BA23NEOMLR03016O2","NAISP","Y","Naididae sp.",,"family","Annelida","Clitellata","Oligochaeta","Oligochaeta",,,"Tubificida",,,,"Naididae",,,,,"sp.",,"unknown",5,,2,100,2,"N","N","damaged","damaged, affecting taxonomy and measurement","Y",,"Kathman and Brinkhurst, 1999","N","Rhithron Associates, Inc.","J. Webb",,,
"43d3f91f-69df-4947-8a73-1fa878d65c3d","D08","TOMB","TOMB.AOS.riparian.point.07","2022-10-31T16:12Z","2024-02-16","TOMB.20221031.LWD.4","A00000236615",,"HYASP2","Y","Hyalella sp.",,"genus","Arthropoda","Crustacea","Malacostraca","Eumalacostraca",,"Peracarida","Amphipoda","Gammaridea",,,"Hyalellidae",,,,"Hyalella","sp.",,"unknown",1,,17,67,25,"N","N",,"condition OK","Y",,"Thorp and Rogers 2016","N","Rhithron Associates, Inc.","B. Moore",,,
"be7ce568-321a-4e93-934d-2b8ee7fb444d","D08","TOMB","TOMB.AOS.riparian.point.01","2022-10-31T16:12Z","2024-02-16","TOMB.20221031.LWD.1","A00000236616",,"NEUSP4","Y","Neumania sp.",,"genus","Arthropoda","Chelicerata","Arachnida","Acari",,"Acariformes","Trombidiformes","Prostigmata",,"Hygrobatoidea","Unionicolidae",,,,"Neumania","sp.",,"adult",1,,1,60,2,"N","N",,"condition OK","Y",,"Thorp and Rogers 2016","N","Rhithron Associates, Inc.","B. Moore",,,
"1552e027-1b7e-4365-a207-640582ac2ed4","D08","TOMB","TOMB.AOS.riparian.point.01","2022-10-31T16:12Z","2024-02-19","TOMB.20221031.LWD.1","A00000236616","BA23NEOMLR03009O1","NAICOM","Y","Nais communis/variabilis",,"speciesGroup","Annelida","Clitellata","Oligochaeta","Oligochaeta",,,"Tubificida",,,,"Naididae","Naidinae",,,"Nais","communis/variabilis",,"immature",2,,15,60,25,"Y","N",,"condition OK","Y",,"Kathman and Brinkhurst, 1999","N","Rhithron Associates, Inc.","J. Webb",,,
"05690309-9072-49d5-894f-97789bb32c33","D08","TOMB","TOMB.AOS.riparian.point.09","2022-10-31T16:12Z","2024-02-20","TOMB.20221031.LWD.5","A00000236612","BA23NEOMLR03013O4","NAISP","Y","Naididae sp.",,"family","Annelida","Clitellata","Oligochaeta","Oligochaeta",,,"Tubificida",,,,"Naididae",,,,,"sp.",,"unknown",2,,6,10,60,"N","N","damaged","damaged, affecting taxonomy and measurement","N",,"Kathman and Brinkhurst, 1999","N","Rhithron Associates, Inc.","J. Webb","bad slides",,
"64b5a5be-9271-49fc-9bb0-51139422bf80","D08","TOMB","TOMB.AOS.riparian.point.07","2022-10-31T16:12Z","2024-02-20","TOMB.20221031.LWD.4","A00000236615",,"DICSP7","Y","Dicrotendipes sp.",,"genus","Arthropoda","Hexapoda","Insecta","Pterygota","Neoptera","Holometabola","Diptera","Nematocera","Culicomorpha",,"Chironomidae","Chironominae","Chironomini",,"Dicrotendipes","sp.",,"larva",2,,4,67,6,"N","N",,"condition OK","Y",,"Weiderholm, 1983; Weiderholm, 1986; Epler 2001; Ferrington et al. 2019; Andersen, Cranston and Epler 2013","N","Rhithron Associates, Inc.","A. Fasbender",,,
"5fe8219b-2635-4feb-b35c-347facc5ed5e","D08","TOMB","TOMB.AOS.riparian.point.03","2022-10-31T16:12Z","2024-02-20","TOMB.20221031.LWD.2","A00000236614","BA23NEOMLR03010O2","NAICOM","Y","Nais communis/variabilis",,"speciesGroup","Annelida","Clitellata","Oligochaeta","Oligochaeta",,,"Tubificida",,,,"Naididae","Naidinae",,,"Nais","communis/variabilis",,"immature",2,,13,100,13,"Y","N",,"condition OK","Y",,"Kathman and Brinkhurst, 1999","N","Rhithron Associates, Inc.","J. Webb",,,
"bc0741a0-aa64-4204-84c6-411a3bdc7df3","D08","TOMB","TOMB.AOS.riparian.point.03","2022-10-31T16:12Z","2024-02-20","TOMB.20221031.LWD.2","A00000236614","BA23NEOMLR03010O3","NAICOM","Y","Nais communis/variabilis",,"speciesGroup","Annelida","Clitellata","Oligochaeta","Oligochaeta",,,"Tubificida",,,,"Naididae","Naidinae",,,"Nais","communis/variabilis",,"immature",2,,13,100,13,"Y","N",,"condition OK","Y",,"Kathman and Brinkhurst, 1999","N","Rhithron Associates, Inc.","J. Webb",,,
"88d108ae-22a0-40a9-b449-06fffffcb56d","D08","TOMB","TOMB.AOS.riparian.point.03","2022-10-31T16:12Z","2024-02-19","TOMB.20221031.LWD.2","A00000236614",,"PSESP18","Y","Pseudochironomus sp.",,"genus","Arthropoda","Hexapoda","Insecta","Pterygota","Neoptera","Holometabola","Diptera","Nematocera","Culicomorpha",,"Chironomidae","Chironominae","Pseudochironomini",,"Pseudochironomus","sp.",,"larva",2,,3,100,3,"N","N",,"condition OK","Y",,"Weiderholm, 1983; Weiderholm, 1986; Epler 2001; Ferrington et al. 2019; Andersen, Cranston and Epler 2013","N","Rhithron Associates, Inc.","A. Fasbender",,,
"fe05203a-f59d-4790-9ee3-2efdbe04ed0d","D08","TOMB","TOMB.AOS.riparian.point.09","2022-10-31T16:12Z","2024-02-16","TOMB.20221031.LWD.5","A00000236612",,"CRISP6","Y","Cricotopus/Orthocladius sp.",,"speciesGroup","Arthropoda","Hexapoda","Insecta","Pterygota","Neoptera","Holometabola","Diptera","Nematocera","Culicomorpha",,"Chironomidae","Orthocladiinae",,,"Cricotopus/Orthocladius","sp.",,"larva",2,,4,10,40,"Y","N","early instar","condition OK","N",,"Weiderholm, 1983; Weiderholm, 1986; Epler 2001; Ferrington et al. 2008; Andersen, Cranston and Epler 2013","N","Rhithron Associates, Inc.","A. Fasbender",,,
"a200b115-e306-4101-8cc7-73464f8d8c40","D08","TOMB","TOMB.AOS.riparian.point.07","2022-10-31T16:12Z","2024-02-20","TOMB.20221031.LWD.4","A00000236615","BA23NEOMLR03012O6","NAICOM","Y","Nais communis/variabilis",,"speciesGroup","Annelida","Clitellata","Oligochaeta","Oligochaeta",,,"Tubificida",,,,"Naididae","Naidinae",,,"Nais","communis/variabilis",,"immature",2,,18,67,27,"Y","N",,"condition OK","Y",,"Kathman and Brinkhurst, 1999","N","Rhithron Associates, Inc.","J. Webb",,,
"92fd53bf-3a66-4c01-bcf7-3370071f2667","D08","TOMB","TOMB.AOS.riparian.point.01","2022-10-31T16:12Z","2024-02-19","TOMB.20221031.LWD.1","A00000236616","BA23NEOMLR03009O3","NAICOM","Y","Nais communis/variabilis",,"speciesGroup","Annelida","Clitellata","Oligochaeta","Oligochaeta",,,"Tubificida",,,,"Naididae","Naidinae",,,"Nais","communis/variabilis",,"immature",2,,16,60,27,"Y","N",,"condition OK","Y",,"Kathman and Brinkhurst, 1999","N","Rhithron Associates, Inc.","J. Webb",,,
"d5741aac-d48a-4e80-9898-4e0f8e7a7d81","D08","TOMB","TOMB.AOS.riparian.point.05","2022-10-31T16:12Z","2024-02-19","TOMB.20221031.LWD.3","A00000236613",,"CRISP2","Y","Cricotopus sp.",,"genus","Arthropoda","Hexapoda","Insecta","Pterygota","Neoptera","Holometabola","Diptera","Nematocera","Culicomorpha",,"Chironomidae","Orthocladiinae",,,"Cricotopus","sp.",,"pupa",3,,3,70,4,"N","N","damaged","damaged, affecting taxonomy and measurement","N",,"Weiderholm, 1983; Weiderholm, 1986; Epler 2001; Ferrington et al. 2019; Andersen, Cranston and Epler 2013","N","Rhithron Associates, Inc.","A. Fasbender",,,
"35006d60-8313-4e62-9591-c09a234ee1a6","D08","TOMB","TOMB.AOS.riparian.point.01","2022-10-31T16:12Z","2024-02-19","TOMB.20221031.LWD.1","A00000236616",,"DICSP7","Y","Dicrotendipes sp.",,"genus","Arthropoda","Hexapoda","Insecta","Pterygota","Neoptera","Holometabola","Diptera","Nematocera","Culicomorpha",,"Chironomidae","Chironominae","Chironomini",,"Dicrotendipes","sp.",,"larva",3,,6,60,10,"N","N",,"condition OK","Y",,"Weiderholm, 1983; Weiderholm, 1986; Epler 2001; Ferrington et al. 2019; Andersen, Cranston and Epler 2013","N","Rhithron Associates, Inc.","A. Fasbender",,,
"c676be4c-7777-4d84-bae5-8d8143a828e6","D08","TOMB","TOMB.AOS.riparian.point.03","2022-10-31T16:12Z","2024-02-19","TOMB.20221031.LWD.2","A00000236614",,"DICSP7","Y","Dicrotendipes sp.",,"genus","Arthropoda","Hexapoda","Insecta","Pterygota","Neoptera","Holometabola","Diptera","Nematocera","Culicomorpha",,"Chironomidae","Chironominae","Chironomini",,"Dicrotendipes","sp.",,"larva",3,,1,100,1,"N","N",,"condition OK","Y",,"Weiderholm, 1983; Weiderholm, 1986; Epler 2001; Ferrington et al. 2019; Andersen, Cranston and Epler 2013","N","Rhithron Associates, Inc.","A. Fasbender",,,
"691d717a-3b0c-4d4f-b7a4-7938f7e87dbf","D08","TOMB","TOMB.AOS.reach","2022-10-31T16:12Z","2024-02-16","TOMB.20221031.PONAR.3","A00000236619",,"ORTSP1","Y","Orthocladiinae sp.",,"subfamily","Arthropoda","Hexapoda","Insecta","Pterygota","Neoptera","Holometabola","Diptera","Nematocera","Culicomorpha",,"Chironomidae","Orthocladiinae",,,,"sp.",,"larva",1,,4,100,4,"Y","N","early instar","condition OK","N",,"Weiderholm, 1983; Weiderholm, 1986; Epler 2001; Ferrington et al. 2019; Andersen, Cranston and Epler 2013","N","Rhithron Associates, Inc.","A. Fasbender",,,
"d86fef85-68ea-41aa-bd1f-3ce415ae0e18","D08","TOMB","TOMB.AOS.riparian.point.05","2022-10-31T16:12Z","2024-02-19","TOMB.20221031.LWD.3","A00000236613",,"PSESP18","Y","Pseudochironomus sp.",,"genus","Arthropoda","Hexapoda","Insecta","Pterygota","Neoptera","Holometabola","Diptera","Nematocera","Culicomorpha",,"Chironomidae","Chironominae","Pseudochironomini",,"Pseudochironomus","sp.",,"larva",3,,4,70,6,"N","N",,"condition OK","Y",,"Weiderholm, 1983; Weiderholm, 1986; Epler 2001; Ferrington et al. 2019; Andersen, Cranston and Epler 2013","N","Rhithron Associates, Inc.","A. Fasbender",,,
"36af2fc3-d702-4b22-833d-ba7095bbfab5","D08","TOMB","TOMB.AOS.riparian.point.01","2022-10-31T16:12Z","2024-02-19","TOMB.20221031.LWD.1","A00000236616","BA23NEOMLR03009O2","DERSP4","Y","Dero sp.",,"genus","Annelida","Clitellata","Oligochaeta","Oligochaeta",,,"Tubificida",,,,"Naididae","Naidinae",,,"Dero","sp.",,"immature",2,,1,60,2,"Y","N",,"condition OK","Y",,"Kathman and Brinkhurst, 1999","N","Rhithron Associates, Inc.","J. Webb","digitata?",,
"b0f748a9-ec10-4350-9d47-7a08e1806148","D08","TOMB","TOMB.AOS.riparian.point.01","2022-10-31T16:12Z","2024-02-19","TOMB.20221031.LWD.1","A00000236616",,"CRISP2","Y","Cricotopus sp.",,"genus","Arthropoda","Hexapoda","Insecta","Pterygota","Neoptera","Holometabola","Diptera","Nematocera","Culicomorpha",,"Chironomidae","Orthocladiinae",,,"Cricotopus","sp.",,"larva",3,,5,60,8,"N","N",,"condition OK","Y",,"Weiderholm, 1983; Weiderholm, 1986; Epler 2001; Ferrington et al. 2019; Andersen, Cranston and Epler 2013","N","Rhithron Associates, Inc.","A. Fasbender",,,
"def34f62-58e4-4f78-996d-fd1757b913d7","D08","TOMB","TOMB.AOS.riparian.point.07","2022-10-31T16:12Z","2024-02-20","TOMB.20221031.LWD.4","A00000236615",,"POLSP13","Y","Polypedilum sp.",,"genus","Arthropoda","Hexapoda","Insecta","Pterygota","Neoptera","Holometabola","Diptera","Nematocera","Culicomorpha",,"Chironomidae","Chironominae","Chironomini",,"Polypedilum","sp.",,"larva",4,,2,67,3,"Y","N","early instar","condition OK","Y",,"Weiderholm, 1983; Weiderholm, 1986; Epler 2001; Ferrington et al. 2008; Andersen, Cranston and Epler 2013","N","Rhithron Associates, Inc.","A. Fasbender",,,
"3e1d28e8-1ae8-41a8-be04-9d008968e6a1","D08","TOMB","TOMB.AOS.riparian.point.07","2022-10-31T16:12Z","2024-02-20","TOMB.20221031.LWD.4","A00000236615","BA23NEOMLR03012O6","DERDIG","Y","Dero digitata",,"species","Annelida","Clitellata","Oligochaeta","Oligochaeta",,,"Tubificida",,,,"Naididae","Naidinae",,,"Dero","digitata",,"unknown",2,,1,67,1,"N","N",,"condition OK","Y",,"Kathman and Brinkhurst, 1999","N","Rhithron Associates, Inc.","J. Webb",,,
"f521df79-9daf-4fec-b8ea-a055838c1395","D08","TOMB","TOMB.AOS.reach","2022-10-31T16:12Z","2024-02-20","TOMB.20221031.PONAR.3","A00000236619","BA23NEOMLR03016O1","NAISP","Y","Naididae sp.",,"family","Annelida","Clitellata","Oligochaeta","Oligochaeta",,,"Tubificida",,,,"Naididae",,,,,"sp.",,"unknown",2,,17,100,17,"N","N","damaged","damaged, affecting taxonomy and measurement","Y",,"Kathman and Brinkhurst, 1999","N","Rhithron Associates, Inc.","J. Webb",,,
"a8536edd-c769-4ec7-9307-6f0e1205c2e9","D08","TOMB","TOMB.AOS.riparian.point.03","2022-10-31T16:12Z","2024-02-19","TOMB.20221031.LWD.2","A00000236614",,"POLSP13","Y","Polypedilum sp.",,"genus","Arthropoda","Hexapoda","Insecta","Pterygota","Neoptera","Holometabola","Diptera","Nematocera","Culicomorpha",,"Chironomidae","Chironominae","Chironomini",,"Polypedilum","sp.",,"larva",3,,1,100,1,"Y","N","early instar","condition OK","Y",,"Weiderholm, 1983; Weiderholm, 1986; Epler 2001; Ferrington et al. 2008; Andersen, Cranston and Epler 2013","N","Rhithron Associates, Inc.","A. Fasbender",,,
"3130054c-10b5-4be6-afe3-a69974c8b40e","D08","TOMB","TOMB.AOS.riparian.point.05","2022-10-31T16:12Z","2024-02-20","TOMB.20221031.LWD.3","A00000236613","BA23NEOMLR03011O3","NAICOM","Y","Nais communis/variabilis",,"speciesGroup","Annelida","Clitellata","Oligochaeta","Oligochaeta",,,"Tubificida",,,,"Naididae","Naidinae",,,"Nais","communis/variabilis",,"immature",2,,17,70,24,"Y","N",,"condition OK","Y",,"Kathman and Brinkhurst, 1999","N","Rhithron Associates, Inc.","J. Webb","badly damaged",,
"a576be90-c9f7-4974-be42-91c389579491","D08","TOMB","TOMB.AOS.reach","2022-10-31T16:12Z","2024-02-16","TOMB.20221031.PONAR.3","A00000236619",,"CRYSP2","Y","Cryptochironomus sp.",,"genus","Arthropoda","Hexapoda","Insecta","Pterygota","Neoptera","Holometabola","Diptera","Nematocera","Culicomorpha",,"Chironomidae","Chironominae","Chironomini",,"Cryptochironomus","sp.",,"larva",5,,1,100,1,"N","N",,"condition OK","Y",,"Weiderholm, 1983; Weiderholm, 1986; Epler 2001; Ferrington et al. 2019; Andersen, Cranston and Epler 2013","N","Rhithron Associates, Inc.","A. Fasbender",,,
"e5d7595e-6167-49df-8201-1fc0d696f81e","D08","TOMB","TOMB.AOS.riparian.point.01","2022-10-31T16:12Z","2024-02-19","TOMB.20221031.LWD.1","A00000236616",,"PSESP18","Y","Pseudochironomus sp.",,"genus","Arthropoda","Hexapoda","Insecta","Pterygota","Neoptera","Holometabola","Diptera","Nematocera","Culicomorpha",,"Chironomidae","Chironominae","Pseudochironomini",,"Pseudochironomus","sp.",,"larva",4,,1,60,2,"N","N",,"condition OK","Y",,"Weiderholm, 1983; Weiderholm, 1986; Epler 2001; Ferrington et al. 2019; Andersen, Cranston and Epler 2013","N","Rhithron Associates, Inc.","A. Fasbender",,,
"1bf19abc-178f-452d-922c-88d987e3bff4","D08","TOMB","TOMB.AOS.reach","2022-10-31T16:12Z","2024-02-20","TOMB.20221031.PONAR.1","A00000236617","BA23NEOMLR03014O3","NAISP","Y","Naididae sp.",,"family","Annelida","Clitellata","Oligochaeta","Oligochaeta",,,"Tubificida",,,,"Naididae",,,,,"sp.",,"unknown",2,,10,100,10,"N","N","damaged","damaged, affecting taxonomy and measurement","N",,"Kathman and Brinkhurst, 1999","N","Rhithron Associates, Inc.","J. Webb","bad slides",,
"a61afa07-167d-496b-b958-06a8cb39f6e0","D08","TOMB","TOMB.AOS.riparian.point.05","2022-10-31T16:12Z","2024-02-16","TOMB.20221031.LWD.3","A00000236613",,"OSTSP","Y","Ostracoda sp.",,"class","Arthropoda","Crustacea","Ostracoda",,,,,,,,,,,,,"sp.",,"unknown",1,,4,70,6,"N","N",,"condition OK","Y",,"Thorp and Rogers 2016","N","Rhithron Associates, Inc.","B. Moore",,,
"33677245-cd4d-49e8-881d-12ac70572778","D08","TOMB","TOMB.AOS.riparian.point.07","2022-10-31T16:12Z","2024-02-16","TOMB.20221031.LWD.4","A00000236615",,"OSTSP","Y","Ostracoda sp.",,"class","Arthropoda","Crustacea","Ostracoda",,,,,,,,,,,,,"sp.",,"unknown",1,,1,67,1,"N","N",,"condition OK","Y",,"Thorp and Rogers 2016","N","Rhithron Associates, Inc.","B. Moore",,,
"849a8ef7-e59d-4473-a54c-10fc36d229cc","D08","TOMB","TOMB.AOS.riparian.point.01","2022-10-31T16:12Z","2024-02-19","TOMB.20221031.LWD.1","A00000236616",,"DICSP7","Y","Dicrotendipes sp.",,"genus","Arthropoda","Hexapoda","Insecta","Pterygota","Neoptera","Holometabola","Diptera","Nematocera","Culicomorpha",,"Chironomidae","Chironominae","Chironomini",,"Dicrotendipes","sp.",,"larva",4,,2,60,3,"N","N",,"condition OK","Y",,"Weiderholm, 1983; Weiderholm, 1986; Epler 2001; Ferrington et al. 2019; Andersen, Cranston and Epler 2013","N","Rhithron Associates, Inc.","A. Fasbender",,,
"74571a0b-467c-40c2-9beb-21cc5225842c","D08","TOMB","TOMB.AOS.riparian.point.07","2022-10-31T16:12Z","2024-02-20","TOMB.20221031.LWD.4","A00000236615",,"CRISP2","Y","Cricotopus sp.",,"genus","Arthropoda","Hexapoda","Insecta","Pterygota","Neoptera","Holometabola","Diptera","Nematocera","Culicomorpha",,"Chironomidae","Orthocladiinae",,,"Cricotopus","sp.",,"larva",3,,11,67,16,"N","N",,"condition OK","Y",,"Weiderholm, 1983; Weiderholm, 1986; Epler 2001; Ferrington et al. 2019; Andersen, Cranston and Epler 2013","N","Rhithron Associates, Inc.","A. Fasbender",,,
"ee300827-4e44-4a8b-a723-106a91d411fd","D08","TOMB","TOMB.AOS.riparian.point.07","2022-10-31T16:12Z","2024-02-20","TOMB.20221031.LWD.4","A00000236615","BA23NEOMLR03012O3","NAICOM","Y","Nais communis/variabilis",,"speciesGroup","Annelida","Clitellata","Oligochaeta","Oligochaeta",,,"Tubificida",,,,"Naididae","Naidinae",,,"Nais","communis/variabilis",,"immature",2,,17,67,25,"Y","N",,"condition OK","Y",,"Kathman and Brinkhurst, 1999","N","Rhithron Associates, Inc.","J. Webb",,,
"867247b9-4357-4327-aee6-7ec958943642","D08","TOMB","TOMB.AOS.riparian.point.01","2022-10-31T16:12Z","2024-02-19","TOMB.20221031.LWD.1","A00000236616",,"CRISP6","Y","Cricotopus/Orthocladius sp.",,"speciesGroup","Arthropoda","Hexapoda","Insecta","Pterygota","Neoptera","Holometabola","Diptera","Nematocera","Culicomorpha",,"Chironomidae","Orthocladiinae",,,"Cricotopus/Orthocladius","sp.",,"larva",3,,2,60,3,"Y","N","early instar","condition OK","N",,"Weiderholm, 1983; Weiderholm, 1986; Epler 2001; Ferrington et al. 2008; Andersen, Cranston and Epler 2013","N","Rhithron Associates, Inc.","A. Fasbender",,,
"faefeda4-cea4-4b30-a2e8-41f262e969e7","D08","TOMB","TOMB.AOS.riparian.point.01","2022-10-31T16:12Z","2024-02-16","TOMB.20221031.LWD.1","A00000236616",,"OSTSP","Y","Ostracoda sp.",,"class","Arthropoda","Crustacea","Ostracoda",,,,,,,,,,,,,"sp.",,"unknown",1,,2,60,3,"N","N",,"condition OK","Y",,"Thorp and Rogers 2016","N","Rhithron Associates, Inc.","B. Moore",,,
"46b260a7-90e4-4916-8c1b-008d11be81a8","D08","TOMB","TOMB.AOS.riparian.point.09","2022-10-31T16:12Z","2024-02-20","TOMB.20221031.LWD.5","A00000236612","BA23NEOMLR03013O2","NAICOM","Y","Nais communis/variabilis",,"speciesGroup","Annelida","Clitellata","Oligochaeta","Oligochaeta",,,"Tubificida",,,,"Naididae","Naidinae",,,"Nais","communis/variabilis",,"immature",2,,3,10,30,"Y","N",,"condition OK","Y",,"Kathman and Brinkhurst, 1999","N","Rhithron Associates, Inc.","J. Webb",,,
"b81087d0-a7ae-41f8-9ab9-d74b2715650f","D08","TOMB","TOMB.AOS.reach","2022-10-31T16:12Z","2024-02-16","TOMB.20221031.PONAR.3","A00000236619",,"CRYSP2","Y","Cryptochironomus sp.",,"genus","Arthropoda","Hexapoda","Insecta","Pterygota","Neoptera","Holometabola","Diptera","Nematocera","Culicomorpha",,"Chironomidae","Chironominae","Chironomini",,"Cryptochironomus","sp.",,"larva",6,,1,100,1,"N","N",,"condition OK","Y",,"Weiderholm, 1983; Weiderholm, 1986; Epler 2001; Ferrington et al. 2019; Andersen, Cranston and Epler 2013","N","Rhithron Associates, Inc.","A. Fasbender",,,
"5488e863-6364-4ef3-b6e8-97ff817fd05c","D08","TOMB","TOMB.AOS.riparian.point.09","2022-10-31T16:12Z","2024-02-16","TOMB.20221031.LWD.5","A00000236612",,"CRISP6","Y","Cricotopus/Orthocladius sp.",,"speciesGroup","Arthropoda","Hexapoda","Insecta","Pterygota","Neoptera","Holometabola","Diptera","Nematocera","Culicomorpha",,"Chironomidae","Orthocladiinae",,,"Cricotopus/Orthocladius","sp.",,"larva",1,,12,10,120,"Y","N","early instar","condition OK","N",,"Weiderholm, 1983; Weiderholm, 1986; Epler 2001; Ferrington et al. 2008; Andersen, Cranston and Epler 2013","N","Rhithron Associates, Inc.","A. Fasbender",,,
"2fd2197d-b17f-4bc5-a3cf-361063da55f3","D08","TOMB","TOMB.AOS.riparian.point.09","2022-10-31T16:12Z","2024-02-16","TOMB.20221031.LWD.5","A00000236612",,"PSESP18","Y","Pseudochironomus sp.",,"genus","Arthropoda","Hexapoda","Insecta","Pterygota","Neoptera","Holometabola","Diptera","Nematocera","Culicomorpha",,"Chironomidae","Chironominae","Pseudochironomini",,"Pseudochironomus","sp.",,"larva",3,,4,10,40,"N","N",,"condition OK","Y",,"Weiderholm, 1983; Weiderholm, 1986; Epler 2001; Ferrington et al. 2019; Andersen, Cranston and Epler 2013","N","Rhithron Associates, Inc.","A. Fasbender",,,
"48f4b45e-0662-4168-a04c-7c4d60ff420d","D08","TOMB","TOMB.AOS.reach","2022-10-31T16:12Z","2024-02-20","TOMB.20221031.PONAR.1","A00000236617","BA23NEOMLR03014O1","NAISP","Y","Naididae sp.",,"family","Annelida","Clitellata","Oligochaeta","Oligochaeta",,,"Tubificida",,,,"Naididae",,,,,"sp.",,"unknown",2,,4,100,4,"N","N","damaged","damaged, affecting taxonomy and measurement","N",,"Kathman and Brinkhurst, 1999","N","Rhithron Associates, Inc.","J. Webb","bad slides",,
"fa51d13b-ee7a-443b-b67f-b84496e97fd5","D08","TOMB","TOMB.AOS.riparian.point.07","2022-10-31T16:12Z","2024-02-20","TOMB.20221031.LWD.4","A00000236615",,"PSESP18","Y","Pseudochironomus sp.",,"genus","Arthropoda","Hexapoda","Insecta","Pterygota","Neoptera","Holometabola","Diptera","Nematocera","Culicomorpha",,"Chironomidae","Chironominae","Pseudochironomini",,"Pseudochironomus","sp.",,"larva",1,,1,67,1,"N","N",,"condition OK","Y",,"Weiderholm, 1983; Weiderholm, 1986; Epler 2001; Ferrington et al. 2019; Andersen, Cranston and Epler 2013","N","Rhithron Associates, Inc.","A. Fasbender",,,
"56719904-d696-46b7-b931-338f1aa141f2","D08","TOMB","TOMB.AOS.riparian.point.07","2022-10-31T16:12Z","2024-02-20","TOMB.20221031.LWD.4","A00000236615",,"CRISP2","Y","Cricotopus sp.",,"genus","Arthropoda","Hexapoda","Insecta","Pterygota","Neoptera","Holometabola","Diptera","Nematocera","Culicomorpha",,"Chironomidae","Orthocladiinae",,,"Cricotopus","sp.",,"pupa",3,,1,67,1,"N","N",,"condition OK","N",,"Weiderholm, 1983; Weiderholm, 1986; Epler 2001; Ferrington et al. 2019; Andersen, Cranston and Epler 2013","N","Rhithron Associates, Inc.","A. Fasbender",,,
"39d7b651-6367-49a4-8a33-8f84b368e592","D08","TOMB","TOMB.AOS.riparian.point.05","2022-10-31T16:12Z","2024-02-16","TOMB.20221031.LWD.3","A00000236613",,"HYDSP24","Y","Hydroptila sp.",,"genus","Arthropoda","Hexapoda","Insecta","Pterygota","Neoptera","Holometabola","Trichoptera",,,"Hydroptiloidea","Hydroptilidae","Hydroptilinae","Hydroptilini",,"Hydroptila","sp.",,"larva",2,,1,70,1,"N","N",,"condition OK","Y",,"Wiggins 1996; Merritt et al. 2019","N","Rhithron Associates, Inc.","B. Moore",,,
"37115728-4b09-4fbc-baa9-7d4a450a9990","D08","TOMB","TOMB.AOS.riparian.point.03","2022-10-31T16:12Z","2024-02-19","TOMB.20221031.LWD.2","A00000236614",,"PSESP18","Y","Pseudochironomus sp.",,"genus","Arthropoda","Hexapoda","Insecta","Pterygota","Neoptera","Holometabola","Diptera","Nematocera","Culicomorpha",,"Chironomidae","Chironominae","Pseudochironomini",,"Pseudochironomus","sp.",,"larva",3,,2,100,2,"N","N",,"condition OK","Y",,"Weiderholm, 1983; Weiderholm, 1986; Epler 2001; Ferrington et al. 2019; Andersen, Cranston and Epler 2013","N","Rhithron Associates, Inc.","A. Fasbender",,,
"fec78432-64cb-413f-96f9-fb3f77f05e3f","D08","TOMB","TOMB.AOS.riparian.point.05","2022-10-31T16:12Z","2024-02-19","TOMB.20221031.LWD.3","A00000236613",,"DICSP7","Y","Dicrotendipes sp.",,"genus","Arthropoda","Hexapoda","Insecta","Pterygota","Neoptera","Holometabola","Diptera","Nematocera","Culicomorpha",,"Chironomidae","Chironominae","Chironomini",,"Dicrotendipes","sp.",,"larva",2,,5,70,7,"N","N",,"condition OK","Y",,"Weiderholm, 1983; Weiderholm, 1986; Epler 2001; Ferrington et al. 2019; Andersen, Cranston and Epler 2013","N","Rhithron Associates, Inc.","A. Fasbender",,,
"2793b4b1-1a0c-4fdc-ba60-0f04d9687c94","D08","TOMB","TOMB.AOS.riparian.point.03","2022-10-31T16:12Z","2024-02-20","TOMB.20221031.LWD.2","A00000236614","BA23NEOMLR03010O3","DERSP4","Y","Dero sp.",,"genus","Annelida","Clitellata","Oligochaeta","Oligochaeta",,,"Tubificida",,,,"Naididae","Naidinae",,,"Dero","sp.",,"immature",2,,1,100,1,"Y","N",,"condition OK","Y",,"Kathman and Brinkhurst, 1999","N","Rhithron Associates, Inc.","J. Webb",,,
"3a357f9b-0d6a-4add-97d2-a9681e64f18c","D08","TOMB","TOMB.AOS.riparian.point.05","2022-10-31T16:12Z","2024-02-20","TOMB.20221031.LWD.3","A00000236613","BA23NEOMLR03011O7","NAICOM","Y","Nais communis/variabilis",,"speciesGroup","Annelida","Clitellata","Oligochaeta","Oligochaeta",,,"Tubificida",,,,"Naididae","Naidinae",,,"Nais","communis/variabilis",,"immature",2,,2,70,3,"Y","N",,"condition OK","Y",,"Kathman and Brinkhurst, 1999","N","Rhithron Associates, Inc.","J. Webb","badly damaged",,
"04815062-5545-4193-afc5-efa14fc13438","D08","TOMB","TOMB.AOS.riparian.point.09","2022-10-31T16:12Z","2024-02-16","TOMB.20221031.LWD.5","A00000236612",,"CHISP6","Y","Chironomini sp.",,"tribe","Arthropoda","Hexapoda","Insecta","Pterygota","Neoptera","Holometabola","Diptera","Nematocera","Culicomorpha",,"Chironomidae","Chironominae","Chironomini",,,"sp.",,"pupa",3,,1,10,10,"N","N","damaged","damaged, affecting taxonomy and measurement","N",,"Weiderholm, 1983; Weiderholm, 1986; Epler 2001; Ferrington et al. 2019; Andersen, Cranston and Epler 2013","N","Rhithron Associates, Inc.","A. Fasbender",,,
"0134957e-c143-47ad-baa0-8f246db2e6e0","D08","TOMB","TOMB.AOS.riparian.point.01","2022-10-31T16:12Z","2024-02-19","TOMB.20221031.LWD.1","A00000236616","BA23NEOMLR03009O7","NAICOM","Y","Nais communis/variabilis",,"speciesGroup","Annelida","Clitellata","Oligochaeta","Oligochaeta",,,"Tubificida",,,,"Naididae","Naidinae",,,"Nais","communis/variabilis",,"immature",2,,16,60,27,"Y","N",,"condition OK","Y",,"Kathman and Brinkhurst, 1999","N","Rhithron Associates, Inc.","J. Webb",,,
"a06dda28-fa0d-46d6-8b5e-824b41a25a33","D08","TOMB","TOMB.AOS.riparian.point.05","2022-10-31T16:12Z","2024-02-16","TOMB.20221031.LWD.3","A00000236613",,"CYRFRA","Y","Cyrnellus fraternus",,"species","Arthropoda","Hexapoda","Insecta","Pterygota","Neoptera","Holometabola","Trichoptera",,,"Hydropsychoidea","Polycentropodidae","Polycentropodinae",,,"Cyrnellus","fraternus",,"larva",4,,1,70,1,"N","N",,"condition OK","Y",,"Wiggins 1996; Merritt et al. 2019","N","Rhithron Associates, Inc.","B. Moore",,,
"d80c2852-f569-4bc1-911b-5e9aeb615daa","D08","TOMB","TOMB.AOS.riparian.point.01","2022-10-31T16:12Z","2024-02-19","TOMB.20221031.LWD.1","A00000236616",,"CRISP6","Y","Cricotopus/Orthocladius sp.",,"speciesGroup","Arthropoda","Hexapoda","Insecta","Pterygota","Neoptera","Holometabola","Diptera","Nematocera","Culicomorpha",,"Chironomidae","Orthocladiinae",,,"Cricotopus/Orthocladius","sp.",,"larva",1,,2,60,3,"Y","N","early instar","condition OK","N",,"Weiderholm, 1983; Weiderholm, 1986; Epler 2001; Ferrington et al. 2008; Andersen, Cranston and Epler 2013","N","Rhithron Associates, Inc.","A. Fasbender",,,
"fa18523c-16ab-4fe5-bd6e-1b5d7ec9cf14","D08","TOMB","TOMB.AOS.riparian.point.09","2022-10-31T16:12Z","2024-02-16","TOMB.20221031.LWD.5","A00000236612",,"HYASP2","Y","Hyalella sp.",,"genus","Arthropoda","Crustacea","Malacostraca","Eumalacostraca",,"Peracarida","Amphipoda","Gammaridea",,,"Hyalellidae",,,,"Hyalella","sp.",,"unknown",1,,5,10,50,"N","N",,"condition OK","Y",,"Thorp and Rogers 2016","N","Rhithron Associates, Inc.","B. Moore",,,
"26c8ecfd-9f32-4963-894d-f94e38cadbaf","D08","TOMB","TOMB.AOS.riparian.point.03","2022-10-31T16:12Z","2024-02-19","TOMB.20221031.LWD.2","A00000236614",,"ORTSP1","Y","Orthocladiinae sp.",,"subfamily","Arthropoda","Hexapoda","Insecta","Pterygota","Neoptera","Holometabola","Diptera","Nematocera","Culicomorpha",,"Chironomidae","Orthocladiinae",,,,"sp.",,"pupa",3,,2,100,2,"N","N","damaged","damaged, affecting taxonomy and measurement","N",,"Weiderholm, 1983; Weiderholm, 1986; Epler 2001; Ferrington et al. 2019; Andersen, Cranston and Epler 2013","N","Rhithron Associates, Inc.","A. Fasbender",,,
"86fcdcd9-a212-43a1-914c-bee36ccef6d5","D08","TOMB","TOMB.AOS.riparian.point.07","2022-10-31T16:12Z","2024-02-20","TOMB.20221031.LWD.4","A00000236615","BA23NEOMLR03012O8","NAICOM","Y","Nais communis/variabilis",,"speciesGroup","Annelida","Clitellata","Oligochaeta","Oligochaeta",,,"Tubificida",,,,"Naididae","Naidinae",,,"Nais","communis/variabilis",,"immature",2,,15,67,22,"Y","N",,"condition OK","Y",,"Kathman and Brinkhurst, 1999","N","Rhithron Associates, Inc.","J. Webb",,,
"78006a97-0c6c-4e22-9501-4fa40838c157","D08","TOMB","TOMB.AOS.riparian.point.05","2022-10-31T16:12Z","2024-02-20","TOMB.20221031.LWD.3","A00000236613","BA23NEOMLR03011O4","NAICOM","Y","Nais communis/variabilis",,"speciesGroup","Annelida","Clitellata","Oligochaeta","Oligochaeta",,,"Tubificida",,,,"Naididae","Naidinae",,,"Nais","communis/variabilis",,"immature",2,,19,70,27,"Y","N",,"condition OK","Y",,"Kathman and Brinkhurst, 1999","N","Rhithron Associates, Inc.","J. Webb","badly damaged",,
"cfd08179-3cb2-4654-9088-4709579e5847","D08","TOMB","TOMB.AOS.riparian.point.03","2022-10-31T16:12Z","2024-02-16","TOMB.20221031.LWD.2","A00000236614",,"PLASP2","Y","Planorbidae sp.",,"family","Mollusca",,"Gastropoda",,,,"Basommatophora",,,,"Planorbidae",,,,,"sp.",,"immature",1,,1,100,1,"Y","N",,"condition OK","Y",,"Burch 1989; Thorp and Rogers 2016","N","Rhithron Associates, Inc.","B. Moore",,,
"8c6831fd-c4cf-4a8a-b5cd-8685e8e6f7af","D08","TOMB","TOMB.AOS.riparian.point.09","2022-10-31T16:12Z","2024-02-16","TOMB.20221031.LWD.5","A00000236612",,"NEMSP","Y","Nematoda sp.",,"phylum","Nematoda",,,,,,,,,,,,,,,"sp.",,"unknown",1,,1,10,10,"N","N",,"condition OK","Y",,"Thorp and Rogers 2016","N","Rhithron Associates, Inc.","B. Moore",,,
"34c0f729-7aa9-455b-bd3f-a9edb09df009","D08","TOMB","TOMB.AOS.reach","2022-10-31T16:12Z","2024-02-16","TOMB.20221031.PONAR.1","A00000236617",,"STISP2","Y","Stictochironomus sp.",,"genus","Arthropoda","Hexapoda","Insecta","Pterygota","Neoptera","Holometabola","Diptera","Nematocera","Culicomorpha",,"Chironomidae","Chironominae","Chironomini",,"Stictochironomus","sp.",,"larva",5,,2,100,2,"N","N",,"condition OK","Y",,"Weiderholm, 1983; Weiderholm, 1986; Epler 2001; Ferrington et al. 2019; Andersen, Cranston and Epler 2013","N","Rhithron Associates, Inc.","A. Fasbender",,,
"b0cab3e4-a4a3-4f2b-a54c-743415b0ff89","D08","TOMB","TOMB.AOS.riparian.point.03","2022-10-31T16:12Z","2024-02-20","TOMB.20221031.LWD.2","A00000236614","BA23NEOMLR03010O1","NAICOM","Y","Nais communis/variabilis",,"speciesGroup","Annelida","Clitellata","Oligochaeta","Oligochaeta",,,"Tubificida",,,,"Naididae","Naidinae",,,"Nais","communis/variabilis",,"immature",2,,15,100,15,"Y","N",,"condition OK","Y",,"Kathman and Brinkhurst, 1999","N","Rhithron Associates, Inc.","J. Webb",,,
"c2d67c6c-689f-4846-becb-cab06042ff47","D08","TOMB","TOMB.AOS.riparian.point.07","2022-10-31T16:12Z","2024-02-20","TOMB.20221031.LWD.4","A00000236615",,"CRISP6","Y","Cricotopus/Orthocladius sp.",,"speciesGroup","Arthropoda","Hexapoda","Insecta","Pterygota","Neoptera","Holometabola","Diptera","Nematocera","Culicomorpha",,"Chironomidae","Orthocladiinae",,,"Cricotopus/Orthocladius","sp.",,"larva",3,,5,67,7,"Y","N","early instar","condition OK","N",,"Weiderholm, 1983; Weiderholm, 1986; Epler 2001; Ferrington et al. 2008; Andersen, Cranston and Epler 2013","N","Rhithron Associates, Inc.","A. Fasbender",,,
"8620cb07-086f-4ae0-b2b1-ffa05153776b","D08","TOMB","TOMB.AOS.riparian.point.03","2022-10-31T16:12Z","2024-02-19","TOMB.20221031.LWD.2","A00000236614",,"CRISP6","Y","Cricotopus/Orthocladius sp.",,"speciesGroup","Arthropoda","Hexapoda","Insecta","Pterygota","Neoptera","Holometabola","Diptera","Nematocera","Culicomorpha",,"Chironomidae","Orthocladiinae",,,"Cricotopus/Orthocladius","sp.",,"larva",1,,19,100,19,"Y","N","early instar","condition OK","N",,"Weiderholm, 1983; Weiderholm, 1986; Epler 2001; Ferrington et al. 2008; Andersen, Cranston and Epler 2013","N","Rhithron Associates, Inc.","A. Fasbender",,,
"92a90a37-8df4-4787-a7a1-9999a44dd921","D08","TOMB","TOMB.AOS.reach","2022-10-31T16:12Z","2024-02-16","TOMB.20221031.PONAR.2","A00000236618",,"STISP2","Y","Stictochironomus sp.",,"genus","Arthropoda","Hexapoda","Insecta","Pterygota","Neoptera","Holometabola","Diptera","Nematocera","Culicomorpha",,"Chironomidae","Chironominae","Chironomini",,"Stictochironomus","sp.",,"larva",4,,3,100,3,"N","N",,"condition OK","Y",,"Weiderholm, 1983; Weiderholm, 1986; Epler 2001; Ferrington et al. 2019; Andersen, Cranston and Epler 2013","Y","Rhithron Associates, Inc.","A. Fasbender",,,
"46a99afa-9125-4cf4-96cd-a6fe61bca266","D08","TOMB","TOMB.AOS.riparian.point.01","2022-10-31T16:12Z","2024-02-19","TOMB.20221031.LWD.1","A00000236616","BA23NEOMLR03009O6","NAICOM","Y","Nais communis/variabilis",,"speciesGroup","Annelida","Clitellata","Oligochaeta","Oligochaeta",,,"Tubificida",,,,"Naididae","Naidinae",,,"Nais","communis/variabilis",,"immature",2,,17,60,28,"Y","N",,"condition OK","Y",,"Kathman and Brinkhurst, 1999","N","Rhithron Associates, Inc.","J. Webb",,,
"1fcc7931-e066-4e01-bed6-9727c244668c","D08","TOMB","TOMB.AOS.reach","2022-10-31T16:12Z","2024-02-20","TOMB.20221031.PONAR.1","A00000236617","BA23NEOMLR03014O2","NAISP","Y","Naididae sp.",,"family","Annelida","Clitellata","Oligochaeta","Oligochaeta",,,"Tubificida",,,,"Naididae",,,,,"sp.",,"unknown",2,,3,100,3,"N","N","damaged","damaged, affecting taxonomy and measurement","N",,"Kathman and Brinkhurst, 1999","N","Rhithron Associates, Inc.","J. Webb","bad slides",,
"905af9d1-bd94-4459-9a6d-0635b0cb00fa","D08","TOMB","TOMB.AOS.riparian.point.01","2022-10-31T16:12Z","2024-02-19","TOMB.20221031.LWD.1","A00000236616","BA23NEOMLR03009O9","NAICOM","Y","Nais communis/variabilis",,"speciesGroup","Annelida","Clitellata","Oligochaeta","Oligochaeta",,,"Tubificida",,,,"Naididae","Naidinae",,,"Nais","communis/variabilis",,"immature",2,,4,60,7,"Y","N",,"condition OK","Y",,"Kathman and Brinkhurst, 1999","N","Rhithron Associates, Inc.","J. Webb",,,
"7c9da659-0770-49fd-b589-88ac53c5de7f","D08","TOMB","TOMB.AOS.riparian.point.05","2022-10-31T16:12Z","2024-02-19","TOMB.20221031.LWD.3","A00000236613",,"CHISP6","Y","Chironomini sp.",,"tribe","Arthropoda","Hexapoda","Insecta","Pterygota","Neoptera","Holometabola","Diptera","Nematocera","Culicomorpha",,"Chironomidae","Chironominae","Chironomini",,,"sp.",,"larva",1,,1,70,1,"Y","N","early instar","condition OK","N",,"Weiderholm, 1983; Weiderholm, 1986; Epler 2001; Ferrington et al. 2019; Andersen, Cranston and Epler 2013","N","Rhithron Associates, Inc.","A. Fasbender",,,
"7408cc0c-041f-4ffb-a337-17217aee400c","D08","TOMB","TOMB.AOS.riparian.point.03","2022-10-31T16:12Z","2024-02-19","TOMB.20221031.LWD.2","A00000236614",,"CHISP6","Y","Chironomini sp.",,"tribe","Arthropoda","Hexapoda","Insecta","Pterygota","Neoptera","Holometabola","Diptera","Nematocera","Culicomorpha",,"Chironomidae","Chironominae","Chironomini",,,"sp.",,"pupa",4,,1,100,1,"N","N","damaged","damaged, affecting taxonomy and measurement","N",,"Weiderholm, 1983; Weiderholm, 1986; Epler 2001; Ferrington et al. 2019; Andersen, Cranston and Epler 2013","N","Rhithron Associates, Inc.","A. Fasbender",,,
"06fa758f-041a-4b73-878d-ecd66c22c3b4","D08","TOMB","TOMB.AOS.riparian.point.03","2022-10-31T16:12Z","2024-02-19","TOMB.20221031.LWD.2","A00000236614",,"TANSP11","Y","Tanytarsus sp.",,"genus","Arthropoda","Hexapoda","Insecta","Pterygota","Neoptera","Holometabola","Diptera","Nematocera","Culicomorpha",,"Chironomidae","Chironominae","Tanytarsini",,"Tanytarsus","sp.",,"larva",1,,2,100,2,"N","N",,"condition OK","Y",,"Weiderholm, 1983; Weiderholm, 1986; Epler 2001; Ferrington et al. 2019; Andersen, Cranston and Epler 2013","N","Rhithron Associates, Inc.","A. Fasbender",,,
"870f3bf3-281f-4699-8e55-5652ba6d5c67","D08","TOMB","TOMB.AOS.riparian.point.07","2022-10-31T16:12Z","2024-02-20","TOMB.20221031.LWD.4","A00000236615",,"ORTSP1","Y","Orthocladiinae sp.",,"subfamily","Arthropoda","Hexapoda","Insecta","Pterygota","Neoptera","Holometabola","Diptera","Nematocera","Culicomorpha",,"Chironomidae","Orthocladiinae",,,,"sp.",,"pupa",3,,1,67,1,"N","N","damaged","damaged, affecting taxonomy and measurement","N",,"Weiderholm, 1983; Weiderholm, 1986; Epler 2001; Ferrington et al. 2019; Andersen, Cranston and Epler 2013","N","Rhithron Associates, Inc.","A. Fasbender",,,
"33da57e8-3d82-475b-a9a1-7ee9da04801d","D08","TOMB","TOMB.AOS.riparian.point.05","2022-10-31T16:12Z","2024-02-16","TOMB.20221031.LWD.3","A00000236613",,"HYASP2","Y","Hyalella sp.",,"genus","Arthropoda","Crustacea","Malacostraca","Eumalacostraca",,"Peracarida","Amphipoda","Gammaridea",,,"Hyalellidae",,,,"Hyalella","sp.",,"unknown",1,,2,70,3,"N","N",,"condition OK","Y",,"Thorp and Rogers 2016","N","Rhithron Associates, Inc.","B. Moore",,,
"eaa023cc-92c8-484a-9243-1e5ba90def53","D08","TOMB","TOMB.AOS.riparian.point.03","2022-10-31T16:12Z","2024-02-19","TOMB.20221031.LWD.2","A00000236614",,"TANSP11","Y","Tanytarsus sp.",,"genus","Arthropoda","Hexapoda","Insecta","Pterygota","Neoptera","Holometabola","Diptera","Nematocera","Culicomorpha",,"Chironomidae","Chironominae","Tanytarsini",,"Tanytarsus","sp.",,"larva",2,,1,100,1,"N","N",,"condition OK","Y",,"Weiderholm, 1983; Weiderholm, 1986; Epler 2001; Ferrington et al. 2019; Andersen, Cranston and Epler 2013","N","Rhithron Associates, Inc.","A. Fasbender",,,
"3657ea8c-af9a-4794-81d6-1dc339969e2a","D08","TOMB","TOMB.AOS.riparian.point.07","2022-10-31T16:12Z","2024-02-20","TOMB.20221031.LWD.4","A00000236615",,"CRISP2","Y","Cricotopus sp.",,"genus","Arthropoda","Hexapoda","Insecta","Pterygota","Neoptera","Holometabola","Diptera","Nematocera","Culicomorpha",,"Chironomidae","Orthocladiinae",,,"Cricotopus","sp.",,"larva",2,,30,67,45,"N","N",,"condition OK","Y",,"Weiderholm, 1983; Weiderholm, 1986; Epler 2001; Ferrington et al. 2019; Andersen, Cranston and Epler 2013","N","Rhithron Associates, Inc.","A. Fasbender",,,
"97e4c459-27a6-470b-885c-b01bf2ee60dc","D08","TOMB","TOMB.AOS.reach","2022-10-31T16:12Z","2024-02-16","TOMB.20221031.PONAR.1","A00000236617",,"STISP2","Y","Stictochironomus sp.",,"genus","Arthropoda","Hexapoda","Insecta","Pterygota","Neoptera","Holometabola","Diptera","Nematocera","Culicomorpha",,"Chironomidae","Chironominae","Chironomini",,"Stictochironomus","sp.",,"larva",6,,2,100,2,"N","N",,"condition OK","Y",,"Weiderholm, 1983; Weiderholm, 1986; Epler 2001; Ferrington et al. 2019; Andersen, Cranston and Epler 2013","N","Rhithron Associates, Inc.","A. Fasbender",,,
"3e26e5be-6bae-4a33-aaa9-c49e15ab996f","D08","TOMB","TOMB.AOS.reach","2022-10-31T16:12Z","2024-02-20","TOMB.20221031.PONAR.1","A00000236617","BA23NEOMLR03014O2","NAISP","Y","Naididae sp.",,"family","Annelida","Clitellata","Oligochaeta","Oligochaeta",,,"Tubificida",,,,"Naididae",,,,,"sp.",,"unknown",4,,1,100,1,"N","N","damaged","damaged, affecting taxonomy and measurement","N",,"Kathman and Brinkhurst, 1999","N","Rhithron Associates, Inc.","J. Webb","bad slides",,
"f4867f48-9a33-45fb-bfc4-9a58f6e1a8c0","D08","TOMB","TOMB.AOS.riparian.point.09","2022-10-31T16:12Z","2024-02-16","TOMB.20221031.LWD.5","A00000236612",,"CRISP2","Y","Cricotopus sp.",,"genus","Arthropoda","Hexapoda","Insecta","Pterygota","Neoptera","Holometabola","Diptera","Nematocera","Culicomorpha",,"Chironomidae","Orthocladiinae",,,"Cricotopus","sp.",,"larva",4,,13,10,130,"N","N",,"condition OK","Y",,"Weiderholm, 1983; Weiderholm, 1986; Epler 2001; Ferrington et al. 2019; Andersen, Cranston and Epler 2013","N","Rhithron Associates, Inc.","A. Fasbender",,,
"9aa15281-a3f3-4816-94d9-3d392733f83c","D08","TOMB","TOMB.AOS.reach","2022-10-31T16:12Z","2024-02-16","TOMB.20221031.PONAR.3","A00000236619",,"CRYSP2","Y","Cryptochironomus sp.",,"genus","Arthropoda","Hexapoda","Insecta","Pterygota","Neoptera","Holometabola","Diptera","Nematocera","Culicomorpha",,"Chironomidae","Chironominae","Chironomini",,"Cryptochironomus","sp.",,"larva",2,,4,100,4,"N","N",,"condition OK","Y",,"Weiderholm, 1983; Weiderholm, 1986; Epler 2001; Ferrington et al. 2019; Andersen, Cranston and Epler 2013","N","Rhithron Associates, Inc.","A. Fasbender",,,
"e0531a57-2fea-4fa1-9b22-7f80ee8df928","D08","TOMB","TOMB.AOS.riparian.point.01","2022-10-31T16:12Z","2024-02-19","TOMB.20221031.LWD.1","A00000236616",,"CHISP6","Y","Chironomini sp.",,"tribe","Arthropoda","Hexapoda","Insecta","Pterygota","Neoptera","Holometabola","Diptera","Nematocera","Culicomorpha",,"Chironomidae","Chironominae","Chironomini",,,"sp.",,"larva",1,,4,60,7,"Y","N","early instar","condition OK","N",,"Weiderholm, 1983; Weiderholm, 1986; Epler 2001; Ferrington et al. 2019; Andersen, Cranston and Epler 2013","N","Rhithron Associates, Inc.","A. Fasbender",,,
"8174d494-4b3f-4228-99b9-f7176e9a809e","D08","TOMB","TOMB.AOS.riparian.point.09","2022-10-31T16:12Z","2024-02-16","TOMB.20221031.LWD.5","A00000236612",,"CHISP6","Y","Chironomini sp.",,"tribe","Arthropoda","Hexapoda","Insecta","Pterygota","Neoptera","Holometabola","Diptera","Nematocera","Culicomorpha",,"Chironomidae","Chironominae","Chironomini",,,"sp.",,"larva",1,,11,10,110,"Y","N","early instar","condition OK","N",,"Weiderholm, 1983; Weiderholm, 1986; Epler 2001; Ferrington et al. 2019; Andersen, Cranston and Epler 2013","N","Rhithron Associates, Inc.","A. Fasbender",,,
"590ae586-cad2-4cec-9e97-ac498d9c334f","D08","TOMB","TOMB.AOS.riparian.point.07","2022-10-31T16:12Z","2024-02-16","TOMB.20221031.LWD.4","A00000236615",,"GAMSP3","Y","Gammarus sp.",,"genus","Arthropoda","Crustacea","Malacostraca","Eumalacostraca",,"Peracarida","Amphipoda","Gammaridea",,,"Gammaridae",,,,"Gammarus","sp.",,"unknown",5,,1,67,1,"N","N",,"condition OK","Y",,"Thorp and Rogers 2016","N","Rhithron Associates, Inc.","B. Moore",,,
"3ef494dc-6e75-4df6-a0a5-7a9e0ab1f5af","D08","TOMB","TOMB.AOS.riparian.point.05","2022-10-31T16:12Z","2024-02-20","TOMB.20221031.LWD.3","A00000236613","BA23NEOMLR03011O5","NAICOM","Y","Nais communis/variabilis",,"speciesGroup","Annelida","Clitellata","Oligochaeta","Oligochaeta",,,"Tubificida",,,,"Naididae","Naidinae",,,"Nais","communis/variabilis",,"immature",2,,14,70,20,"Y","N",,"condition OK","Y",,"Kathman and Brinkhurst, 1999","N","Rhithron Associates, Inc.","J. Webb","badly damaged",,
"d625ab5c-d7be-431c-890a-9f03f04b88df","D08","TOMB","TOMB.AOS.reach","2022-10-31T16:12Z","2024-02-20","TOMB.20221031.PONAR.1","A00000236617","BA23NEOMLR03014O1","NAISP","Y","Naididae sp.",,"family","Annelida","Clitellata","Oligochaeta","Oligochaeta",,,"Tubificida",,,,"Naididae",,,,,"sp.",,"unknown",5,,3,100,3,"N","N","damaged","damaged, affecting taxonomy and measurement","N",,"Kathman and Brinkhurst, 1999","N","Rhithron Associates, Inc.","J. Webb","bad slides",,
