uid,domainID,siteID,namedLocation,collectDate,identifiedDate,sampleID,sampleCode,slideID,acceptedTaxonID,targetTaxaPresent,scientificName,morphospeciesID,taxonRank,phylum,subphylum,class,subclass,infraclass,superorder,order,suborder,infraorder,superfamily,family,subfamily,tribe,subtribe,genus,specificEpithet,infraspecificEpithet,invertebrateLifeStage,sizeClass,sizeCategory,individualCount,subsamplePercent,estimatedTotalCount,immatureSpecimen,indeterminateSpecies,taxonRankQualifier,sampleCondition,distinctTaxon,identificationQualifier,identificationReferences,qcChecked,laboratoryName,identifiedBy,identificationRemarks,identificationHistoryID,dataQF
"a11a3815-b367-4107-8655-b0d52bd45820","D16","MART","MART.AOS.reach","2021-04-19T17:15Z","2021-06-09","MART.20210419.SURBER.3","A00000109545",,"PARSP26","Y","Parametriocnemus sp.",,"genus","Arthropoda","Hexapoda","Insecta","Pterygota","Neoptera","Holometabola","Diptera","Nematocera","Culicomorpha",,"Chironomidae","Orthocladiinae",,,"Parametriocnemus","sp.",,"larva",3,,1,100,1,"N","N",,"condition OK","Y",,"Weiderholm, 1983; Weiderholm, 1986; Epler 2001; Ferrington et al. 2019; Andersen, Cranston and Epler 2013","N","Rhithron Associates, Inc.","B. Hayford",,,
"857ce295-7a16-4c4d-909f-56c79bd34f90","D16","MART","MART.AOS.reach","2021-04-19T17:15Z","2021-06-10","MART.20210419.HESS.3","A00000109546",,"AMESP2","Y","Ameletus sp.",,"genus","Arthropoda","Hexapoda","Insecta","Pterygota","Palaeoptera",,"Ephemeroptera","Pisciforma",,,"Ameletidae",,,,"Ameletus","sp.",,"larva",3,,11,100,11,"N","N",,"condition OK","Y",,"Merritt et al. 2019","N","Rhithron Associates, Inc.","B. Moore",,,
"cd0b03fd-5020-4d21-8dfa-f3fa07a45b37","D16","MART","MART.AOS.reach","2021-04-19T17:15Z","2021-06-10","MART.20210419.SURBER.1","A00000109543",,"SPESP4","Y","Sperchon sp.",,"genus","Arthropoda","Chelicerata","Arachnida","Acari",,"Acariformes","Trombidiformes","Prostigmata",,"Lebertioidea","Sperchontidae",,,,"Sperchon","sp.",,"adult",1,,1,100,1,"N","N",,"condition OK","Y",,"Thorp and Rogers 2016","N","Rhithron Associates, Inc.","B. Moore",,,
"f5300381-7fcb-4acf-a689-eb4c81a7db73","D16","MART","MART.AOS.reach","2021-04-19T17:15Z","2021-06-11","MART.20210419.HESS.2","A00000109542",,"DIPHAG","Y","Diphetor hageni",,"species","Arthropoda","Hexapoda","Insecta","Pterygota","Palaeoptera",,"Ephemeroptera","Pisciforma",,,"Baetidae",,,,"Diphetor","hageni",,"larva",4,,6,100,6,"N","N",,"condition OK","Y",,"Morihara and McCafferty 1987; Meyer and McCafferty 2001; Merritt et al. 2019","N","Rhithron Associates, Inc.","B. Moore",,,
"c11c1756-3551-4b2e-9cf4-053d419eb87f","D16","MART","MART.AOS.reach","2021-04-19T17:15Z","2021-06-09","MART.20210419.HESS.2","A00000109542",,"CRISP6","Y","Cricotopus/Orthocladius sp.",,"speciesGroup","Arthropoda","Hexapoda","Insecta","Pterygota","Neoptera","Holometabola","Diptera","Nematocera","Culicomorpha",,"Chironomidae","Orthocladiinae",,,"Cricotopus/Orthocladius","sp.",,"larva",4,,1,100,1,"Y","N","early instar","condition OK","N",,"Weiderholm, 1983; Weiderholm, 1986; Epler 2001; Ferrington et al. 2008; Andersen, Cranston and Epler 2013","N","Rhithron Associates, Inc.","B. Hayford",,,
"5deffe34-2618-459b-8119-b84e2e261dbd","D16","MART","MART.AOS.reach","2021-04-19T17:15Z","2021-06-09","MART.20210419.SURBER.3","A00000109545",,"EUKCLA","Y","Eukiefferiella claripennis gr.",,"speciesGroup","Arthropoda","Hexapoda","Insecta","Pterygota","Neoptera","Holometabola","Diptera","Nematocera","Culicomorpha",,"Chironomidae","Orthocladiinae",,,"Eukiefferiella","claripennis gr.",,"larva",3,,1,100,1,"N","N",,"condition OK","Y",,"Weiderholm, 1983; Bode, 1983; Weiderholm, 1986; Epler 2001; Ferrington et al. 2019; Andersen, Cranston and Epler 2013","N","Rhithron Associates, Inc.","B. Hayford",,,
"f5b63678-899d-4e5a-8e55-4ac2004ff25b","D16","MART","MART.AOS.reach","2021-04-19T17:15Z","2021-06-09","MART.20210419.SURBER.3","A00000109545",,"POLSP13","Y","Polypedilum sp.",,"genus","Arthropoda","Hexapoda","Insecta","Pterygota","Neoptera","Holometabola","Diptera","Nematocera","Culicomorpha",,"Chironomidae","Chironominae","Chironomini",,"Polypedilum","sp.",,"larva",4,,1,100,1,"N","N",,"condition OK","Y",,"Weiderholm, 1983; Weiderholm, 1986; Epler 2001; Ferrington et al. 2008; Andersen, Cranston and Epler 2013","N","Rhithron Associates, Inc.","B. Hayford",,,
"2d9bdf84-5725-452b-a735-717242867ce1","D16","MART","MART.AOS.reach","2021-04-19T17:15Z","2021-06-09","MART.20210419.SURBER.2","A00000109544",,"POTSP2","Y","Potthastia sp.",,"genus","Arthropoda","Hexapoda","Insecta","Pterygota","Neoptera","Holometabola","Diptera","Nematocera","Culicomorpha",,"Chironomidae","Diamesinae","Diamesini",,"Potthastia","sp.",,"larva",4,,1,100,1,"N","N",,"condition OK","Y",,"Weiderholm, 1983; Weiderholm, 1986; Epler 2001; Ferrington et al. 2019; Andersen, Cranston and Epler 2013","N","Rhithron Associates, Inc.","B. Hayford",,,
"8f03352f-be78-4a94-b2b4-f34e6c5dbe73","D16","MART","MART.AOS.reach","2021-04-19T17:15Z","2021-06-09","MART.20210419.HESS.3","A00000109546",,"RHESP1","Y","Rheocricotopus sp.",,"genus","Arthropoda","Hexapoda","Insecta","Pterygota","Neoptera","Holometabola","Diptera","Nematocera","Culicomorpha",,"Chironomidae","Orthocladiinae",,,"Rheocricotopus","sp.",,"larva",4,,1,100,1,"N","N",,"condition OK","Y",,"Weiderholm, 1983; Weiderholm, 1986; Epler 2001; Ferrington et al. 2019; Andersen, Cranston and Epler 2013","N","Rhithron Associates, Inc.","B. Hayford",,,
"2dae078f-114a-4ac8-911a-c3355acb8d26","D16","MART","MART.AOS.reach","2021-04-19T17:15Z","2021-06-10","MART.20210419.SURBER.1","A00000109543",,"DRUCOL","Y","Drunella coloradensis/flavilinea",,"speciesGroup","Arthropoda","Hexapoda","Insecta","Pterygota","Palaeoptera",,"Ephemeroptera","Furcatergalia","Pannota","Ephemerelloidea","Ephemerellidae",,,,"Drunella","coloradensis/flavilinea",,"larva",2,,2,100,2,"N","N",,"condition OK","Y",,"Allen and Edmunds 1962","N","Rhithron Associates, Inc.","B. Moore",,,
"55bf2556-1bab-4d6d-872b-f263f91d3832","D16","MART","MART.AOS.reach","2021-04-19T17:15Z","2021-06-09","MART.20210419.SURBER.5","A00000109541",,"KATSP1","Y","Kathroperla sp.",,"genus","Arthropoda","Hexapoda","Insecta","Pterygota","Neoptera","Polyneoptera","Plecoptera","Systellognatha",,,"Chloroperlidae","Paraperlinae",,,"Kathroperla","sp.",,"larva",4,,3,33,9,"N","N",,"condition OK","Y",,"Stewart and Stark 2002; Merritt et al. 2019","N","Rhithron Associates, Inc.","B. Moore",,,
"ab4e5253-b00a-4a82-b8a5-669f49fd21e2","D16","MART","MART.AOS.reach","2021-04-19T17:15Z","2021-06-11","MART.20210419.HESS.1","A00000109540",,"HYDSP23","Y","Hydropsyche sp.",,"genus","Arthropoda","Hexapoda","Insecta","Pterygota","Neoptera","Holometabola","Trichoptera",,,"Hydropsychoidea","Hydropsychidae","Hydropsychinae",,,"Hydropsyche","sp.",,"larva",10,,1,100,1,"N","N",,"condition OK","Y",,"Wiggins, 1996; Geraci, 2010","N","Rhithron Associates, Inc.","B. Moore",,,
"744aa64f-abb7-45c2-b442-9b30e056837b","D16","MART","MART.AOS.reach","2021-04-19T17:15Z","2021-06-10","MART.20210419.SURBER.1","A00000109543",,"EPESP","Y","Epeorus sp.",,"genus","Arthropoda","Hexapoda","Insecta","Pterygota","Palaeoptera",,"Ephemeroptera","Pisciforma",,"Heptagenioidea","Heptageniidae",,,,"Epeorus","sp.",,"larva",2,,24,100,24,"Y","N","early instar","condition OK","Y",,"Merritt et al. 2019","N","Rhithron Associates, Inc.","B. Moore",,,
"f9a8d7f0-7e86-4e1c-b246-21ef21ddd93e","D16","MART","MART.AOS.reach","2021-04-19T17:15Z","2021-06-09","MART.20210419.SURBER.5","A00000109541",,"COLSP1","Y","Collembola sp.",,"order","Arthropoda","Hexapoda","Collembola",,,,"Collembola",,,,,,,,,"sp.",,"unknown",1,,1,33,3,"N","N",,"condition OK","Y",,"Merritt et al. 2019","N","Rhithron Associates, Inc.","B. Moore",,,
"4fbe9815-221d-41e3-a3f8-8d2da26cf9ee","D16","MART","MART.AOS.reach","2021-04-19T17:15Z","2021-06-09","MART.20210419.SURBER.5","A00000109541",,"POLSP13","Y","Polypedilum sp.",,"genus","Arthropoda","Hexapoda","Insecta","Pterygota","Neoptera","Holometabola","Diptera","Nematocera","Culicomorpha",,"Chironomidae","Chironominae","Chironomini",,"Polypedilum","sp.",,"larva",1,,2,33,6,"N","N",,"condition OK","Y",,"Weiderholm, 1983; Weiderholm, 1986; Epler 2001; Ferrington et al. 2008; Andersen, Cranston and Epler 2013","N","Rhithron Associates, Inc.","B. Hayford",,,
"a7f1b9fc-bf7a-4336-b0fc-51f537d6e934","D16","MART","MART.AOS.reach","2021-04-19T17:15Z","2021-06-10","MART.20210419.HESS.3","A00000109546",,"KATSP1","Y","Kathroperla sp.",,"genus","Arthropoda","Hexapoda","Insecta","Pterygota","Neoptera","Polyneoptera","Plecoptera","Systellognatha",,,"Chloroperlidae","Paraperlinae",,,"Kathroperla","sp.",,"larva",3,,1,100,1,"N","N",,"condition OK","Y",,"Stewart and Stark 2002; Merritt et al. 2019","N","Rhithron Associates, Inc.","B. Moore",,,
"e9dc089a-7847-42a3-9e8e-0166690191ad","D16","MART","MART.AOS.reach","2021-04-19T17:15Z","2021-06-09","MART.20210419.SURBER.5","A00000109541",,"LEPSP4","Y","Leptophlebiidae sp.",,"family","Arthropoda","Hexapoda","Insecta","Pterygota","Palaeoptera",,"Ephemeroptera","Furcatergalia","Lanceolata",,"Leptophlebiidae",,,,,"sp.",,"larva",3,,6,33,18,"Y","N","early instar","condition OK","Y",,"Merritt et al. 2019","N","Rhithron Associates, Inc.","B. Moore",,,
"22984a33-6c01-4e3a-8a7b-48ec3c09be7e","D16","MART","MART.AOS.reach","2021-04-19T17:15Z","2021-06-10","MART.20210419.SURBER.2","A00000109544",,"BAEBIC1","Y","Baetis bicaudatus cx.",,"speciesGroup","Arthropoda","Hexapoda","Insecta","Pterygota","Palaeoptera",,"Ephemeroptera",,,,"Baetidae",,,,"Baetis","bicaudatus cx.",,"larva",4,,3,100,3,"N","N",,"condition OK","Y",,"Morihara and McCafferty 1979; Wiersema, 2004; Webb et al. 2018","N","Rhithron Associates, Inc.","B. Moore",,"03ce2d35-f591-4bf7-bb1e-91d7d34eb68b",
"5a46b0b1-a5c7-4d57-a49e-78106e7ca1a2","D16","MART","MART.AOS.reach","2021-04-19T17:15Z","2021-06-09","MART.20210419.SURBER.1","A00000109543",,"MICSP5","Y","Microtendipes sp.",,"genus","Arthropoda","Hexapoda","Insecta","Pterygota","Neoptera","Holometabola","Diptera","Nematocera","Culicomorpha",,"Chironomidae","Chironominae","Chironomini",,"Microtendipes","sp.",,"larva",5,,1,100,1,"N","N",,"condition OK","Y",,"Weiderholm, 1983; Weiderholm, 1986; Epler 2001; Ferrington et al. 2019; Andersen, Cranston and Epler 2013","N","Rhithron Associates, Inc.","B. Hayford",,,
"fec0b757-2c7d-4226-8bc7-5adcc0b30fde","D16","MART","MART.AOS.reach","2021-04-19T17:15Z","2021-06-11","MART.20210419.HESS.1","A00000109540",,"CRYSP4","Y","Cryptolabis sp.",,"genus","Arthropoda","Hexapoda","Insecta","Pterygota","Neoptera","Holometabola","Diptera","Nematocera","Tipulomorpha",,"Tipulidae","Limoniinae","Eriopterini",,"Cryptolabis","sp.",,"larva",6,,2,100,2,"N","N",,"condition OK","Y",,"Gelhaus and Podeniene 2018; Merritt et al. 2019","N","Rhithron Associates, Inc.","B. Moore",,,
"afa59874-1aba-45a0-9470-5217dbdd35d1","D16","MART","MART.AOS.reach","2021-04-19T17:15Z","2021-06-09","MART.20210419.SURBER.5","A00000109541",,"HEXSP3","Y","Hexatoma sp.",,"genus","Arthropoda","Hexapoda","Insecta","Pterygota","Neoptera","Holometabola","Diptera","Nematocera","Tipulomorpha",,"Tipulidae","Limoniinae","Hexatomini",,"Hexatoma","sp.",,"larva",6,,1,33,3,"N","N",,"condition OK","Y",,"Gelhaus and Podeniene 2018; Merritt et al. 2019","N","Rhithron Associates, Inc.","B. Moore",,,
"2f3bf3cc-4518-46ab-8bf9-5f1fdffd7731","D16","MART","MART.AOS.reach","2021-04-19T17:15Z","2021-06-09","MART.20210419.SURBER.3","A00000109545",,"RHYSP3","Y","Rhyacophila sp.",,"genus","Arthropoda","Hexapoda","Insecta","Pterygota","Neoptera","Holometabola","Trichoptera",,,"Rhyacophiloidea","Rhyacophilidae",,,,"Rhyacophila","sp.",,"larva",2,,1,100,1,"Y","N","early instar","condition OK","Y",,"Prather and Morris 2001; Morse et al. 2017; Giersch et al. 2012","N","Rhithron Associates, Inc.","B. Moore",,,
"60b632d8-0d47-4113-b355-99fae8290cf7","D16","MART","MART.AOS.reach","2021-04-19T17:15Z","2021-06-09","MART.20210419.HESS.2","A00000109542",,"STESP10","Y","Stempellinella sp.",,"genus","Arthropoda","Hexapoda","Insecta","Pterygota","Neoptera","Holometabola","Diptera","Nematocera","Culicomorpha",,"Chironomidae","Chironominae","Tanytarsini",,"Stempellinella","sp.",,"larva",2,,43,100,43,"N","N",,"condition OK","Y",,"Weiderholm, 1983; Weiderholm, 1986; Epler 2001; Ferrington et al. 2019; Andersen, Cranston and Epler 2013","N","Rhithron Associates, Inc.","B. Hayford",,,
"509393e7-fc49-4ad7-bbd7-8ad210b72650","D16","MART","MART.AOS.reach","2021-04-19T17:15Z","2021-06-09","MART.20210419.SURBER.3","A00000109545",,"CINSP1","Y","Cinygmula sp.",,"genus","Arthropoda","Hexapoda","Insecta","Pterygota","Palaeoptera",,"Ephemeroptera","Pisciforma",,"Heptagenioidea","Heptageniidae",,,,"Cinygmula","sp.",,"larva",6,,2,100,2,"N","N",,"condition OK","Y",,"Merritt et al. 2019","N","Rhithron Associates, Inc.","B. Moore",,,
"0e551a3a-8ce1-4875-a315-74baca845748","D16","MART","MART.AOS.reach","2021-04-19T17:15Z","2021-06-09","MART.20210419.SURBER.5","A00000109541",,"RHESP1","Y","Rheocricotopus sp.",,"genus","Arthropoda","Hexapoda","Insecta","Pterygota","Neoptera","Holometabola","Diptera","Nematocera","Culicomorpha",,"Chironomidae","Orthocladiinae",,,"Rheocricotopus","sp.",,"larva",4,,1,33,3,"N","N",,"condition OK","Y",,"Weiderholm, 1983; Weiderholm, 1986; Epler 2001; Ferrington et al. 2019; Andersen, Cranston and Epler 2013","N","Rhithron Associates, Inc.","B. Hayford",,,
"4fb83854-278e-4eec-9306-ecc5d3981a9a","D16","MART","MART.AOS.reach","2021-04-19T17:15Z","2021-06-09","MART.20210419.SURBER.4","A00000109539",,"CRISP6","Y","Cricotopus/Orthocladius sp.",,"speciesGroup","Arthropoda","Hexapoda","Insecta","Pterygota","Neoptera","Holometabola","Diptera","Nematocera","Culicomorpha",,"Chironomidae","Orthocladiinae",,,"Cricotopus/Orthocladius","sp.",,"larva",4,,1,100,1,"Y","N","early instar","condition OK","N",,"Weiderholm, 1983; Weiderholm, 1986; Epler 2001; Ferrington et al. 2008; Andersen, Cranston and Epler 2013","Y","Rhithron Associates, Inc.","B. Hayford",,,
"a74c4585-f95e-4cf1-bf83-dbfe11e80023","D16","MART","MART.AOS.reach","2021-04-19T17:15Z","2021-06-10","MART.20210419.HESS.3","A00000109546",,"DIPHAG","Y","Diphetor hageni",,"species","Arthropoda","Hexapoda","Insecta","Pterygota","Palaeoptera",,"Ephemeroptera","Pisciforma",,,"Baetidae",,,,"Diphetor","hageni",,"larva",2,,2,100,2,"N","N",,"condition OK","Y",,"Morihara and McCafferty 1987; Meyer and McCafferty 2001; Merritt et al. 2019","N","Rhithron Associates, Inc.","B. Moore",,,
"4e39ac57-e480-48dc-81ea-2df052ee411a","D16","MART","MART.AOS.reach","2021-04-19T17:15Z","2021-06-11","MART.20210419.HESS.1","A00000109540",,"HYGSP2","Y","Hygrobates sp.",,"genus","Arthropoda","Chelicerata","Arachnida","Acari",,"Acariformes","Trombidiformes","Prostigmata",,"Hygrobatoidea","Hygrobatidae",,,,"Hygrobates","sp.",,"adult",1,,1,100,1,"N","N",,"condition OK","Y",,"Thorp and Rogers 2016","N","Rhithron Associates, Inc.","B. Moore",,,
"954e4bfc-c3d0-4cb2-821a-99aabb70f2b9","D16","MART","MART.AOS.reach","2021-04-19T17:15Z","2021-06-09","MART.20210419.SURBER.5","A00000109541",,"ATRSP3","Y","Atractides sp.",,"genus","Arthropoda","Chelicerata","Arachnida","Acari",,"Acariformes","Trombidiformes","Prostigmata",,"Hygrobatoidea","Hygrobatidae",,,,"Atractides","sp.",,"adult",1,,1,33,3,"N","N",,"condition OK","Y",,"Thorp and Rogers 2016","N","Rhithron Associates, Inc.","B. Moore",,,
"12fe9c81-f682-45d5-8651-9e1595ab6389","D16","MART","MART.AOS.reach","2021-04-19T17:15Z","2021-06-09","MART.20210419.SURBER.5","A00000109541",,"POLSP13","Y","Polypedilum sp.",,"genus","Arthropoda","Hexapoda","Insecta","Pterygota","Neoptera","Holometabola","Diptera","Nematocera","Culicomorpha",,"Chironomidae","Chironominae","Chironomini",,"Polypedilum","sp.",,"larva",3,,1,33,3,"N","N",,"condition OK","Y",,"Weiderholm, 1983; Weiderholm, 1986; Epler 2001; Ferrington et al. 2008; Andersen, Cranston and Epler 2013","N","Rhithron Associates, Inc.","B. Hayford",,,
"831ca967-b6c5-400d-9b1f-08aafe231285","D16","MART","MART.AOS.reach","2021-04-19T17:15Z","2021-06-09","MART.20210419.HESS.3","A00000109546",,"THISP2","Y","Thienemanniella sp.",,"genus","Arthropoda","Hexapoda","Insecta","Pterygota","Neoptera","Holometabola","Diptera","Nematocera","Culicomorpha",,"Chironomidae","Orthocladiinae",,,"Thienemanniella","sp.",,"larva",2,,1,100,1,"N","N",,"condition OK","Y",,"Weiderholm, 1983; Weiderholm, 1986; Epler 2001; Ferrington et al. 2019; Andersen, Cranston and Epler 2013","N","Rhithron Associates, Inc.","B. Hayford",,,
"0ea87823-a00e-4ae4-b2c4-afaa75551839","D16","MART","MART.AOS.reach","2021-04-19T17:15Z","2021-06-10","MART.20210419.HESS.3","A00000109546",,"CINSP1","Y","Cinygmula sp.",,"genus","Arthropoda","Hexapoda","Insecta","Pterygota","Palaeoptera",,"Ephemeroptera","Pisciforma",,"Heptagenioidea","Heptageniidae",,,,"Cinygmula","sp.",,"larva",1,,1,100,1,"N","N",,"condition OK","Y",,"Merritt et al. 2019","N","Rhithron Associates, Inc.","B. Moore",,,
"84edb20e-b245-4e50-a6e5-9c36dde4c4eb","D16","MART","MART.AOS.reach","2021-04-19T17:15Z","2021-06-09","MART.20210419.SURBER.5","A00000109541",,"TORSP6","Y","Torrenticola sp.",,"genus","Arthropoda","Chelicerata","Arachnida","Acari",,"Acariformes","Trombidiformes","Prostigmata",,"Lebertioidea","Torrenticolidae",,,,"Torrenticola","sp.",,"adult",1,,27,33,82,"N","N",,"condition OK","Y",,"Thorp and Rogers 2016","N","Rhithron Associates, Inc.","B. Moore",,,
"95bb1c68-d7dd-4593-a92b-adae2618abc6","D16","MART","MART.AOS.reach","2021-04-19T17:15Z","2021-06-11","MART.20210419.HESS.2","A00000109542",,"OSTSP","Y","Ostracoda sp.",,"class","Arthropoda","Crustacea","Ostracoda",,,,,,,,,,,,,"sp.",,"unknown",1,,1,100,1,"N","N",,"condition OK","Y",,"Thorp and Rogers 2016","N","Rhithron Associates, Inc.","B. Moore",,,
"f30da5d9-e24c-44d9-ad78-b0b75dc8d423","D16","MART","MART.AOS.reach","2021-04-19T17:15Z","2021-06-09","MART.20210419.SURBER.5","A00000109541",,"RHYBET","Y","Rhyacophila betteni gr.",,"speciesGroup","Arthropoda","Hexapoda","Insecta","Pterygota","Neoptera","Holometabola","Trichoptera",,,"Rhyacophiloidea","Rhyacophilidae",,,,"Rhyacophila","betteni gr.",,"larva",2,,1,33,3,"N","N",,"condition OK","Y",,"Prather and Morris 2001; Morse et al. 2017; Giersch et al. 2012","N","Rhithron Associates, Inc.","B. Moore",,,
"d40d8097-cd01-4a48-afca-ae1378541f9c","D16","MART","MART.AOS.reach","2021-04-19T17:15Z","2021-06-10","MART.20210419.SURBER.2","A00000109544",,"CINSP1","Y","Cinygmula sp.",,"genus","Arthropoda","Hexapoda","Insecta","Pterygota","Palaeoptera",,"Ephemeroptera","Pisciforma",,"Heptagenioidea","Heptageniidae",,,,"Cinygmula","sp.",,"larva",3,,1,100,1,"N","N",,"condition OK","Y",,"Merritt et al. 2019","N","Rhithron Associates, Inc.","B. Moore",,,
"6bc45ab0-ebed-4617-b4d9-c2c25a08f077","D16","MART","MART.AOS.reach","2021-04-19T17:15Z","2021-06-09","MART.20210419.SURBER.3","A00000109545",,"HYDSP23","Y","Hydropsyche sp.",,"genus","Arthropoda","Hexapoda","Insecta","Pterygota","Neoptera","Holometabola","Trichoptera",,,"Hydropsychoidea","Hydropsychidae","Hydropsychinae",,,"Hydropsyche","sp.",,"larva",8,,1,100,1,"N","N",,"condition OK","Y",,"Wiggins, 1996; Geraci, 2010","N","Rhithron Associates, Inc.","B. Moore",,,
"9bd021b1-fa9f-4801-9e7e-698089dceff7","D16","MART","MART.AOS.reach","2021-04-19T17:15Z","2021-06-11","MART.20210419.HESS.2","A00000109542",,"HEXSP3","Y","Hexatoma sp.",,"genus","Arthropoda","Hexapoda","Insecta","Pterygota","Neoptera","Holometabola","Diptera","Nematocera","Tipulomorpha",,"Tipulidae","Limoniinae","Hexatomini",,"Hexatoma","sp.",,"larva",3,,1,100,1,"N","N",,"condition OK","Y",,"Gelhaus and Podeniene 2018; Merritt et al. 2019","N","Rhithron Associates, Inc.","B. Moore",,,
"92df4a9f-4510-4a37-89b4-3c99580184e9","D16","MART","MART.AOS.reach","2021-04-19T17:15Z","2021-06-09","MART.20210419.SURBER.5","A00000109541",,"TVESP","Y","Tvetenia sp.",,"genus","Arthropoda","Hexapoda","Insecta","Pterygota","Neoptera","Holometabola","Diptera","Nematocera","Culicomorpha",,"Chironomidae","Orthocladiinae",,,"Tvetenia","sp.",,"larva",3,,1,33,3,"N","N",,"condition OK","Y",,"Weiderholm, 1983; Weiderholm, 1986; Epler 2001; Ferrington et al. 2019; Andersen, Cranston and Epler 2013","N","Rhithron Associates, Inc.","B. Hayford",,,
"7b7ab982-e8f4-4687-827e-fbeafa1167c1","D16","MART","MART.AOS.reach","2021-04-19T17:15Z","2021-06-09","MART.20210419.SURBER.5","A00000109541",,"KATSP1","Y","Kathroperla sp.",,"genus","Arthropoda","Hexapoda","Insecta","Pterygota","Neoptera","Polyneoptera","Plecoptera","Systellognatha",,,"Chloroperlidae","Paraperlinae",,,"Kathroperla","sp.",,"larva",8,,1,33,3,"N","N",,"condition OK","Y",,"Stewart and Stark 2002; Merritt et al. 2019","N","Rhithron Associates, Inc.","B. Moore",,,
"ddd1eebe-53b9-4f47-a3dd-e8767b117fcd","D16","MART","MART.AOS.reach","2021-04-19T17:15Z","2021-06-09","MART.20210419.HESS.3","A00000109546",,"RHESP1","Y","Rheocricotopus sp.",,"genus","Arthropoda","Hexapoda","Insecta","Pterygota","Neoptera","Holometabola","Diptera","Nematocera","Culicomorpha",,"Chironomidae","Orthocladiinae",,,"Rheocricotopus","sp.",,"larva",2,,6,100,6,"N","N",,"condition OK","Y",,"Weiderholm, 1983; Weiderholm, 1986; Epler 2001; Ferrington et al. 2019; Andersen, Cranston and Epler 2013","N","Rhithron Associates, Inc.","B. Hayford",,,
"86980d16-d2cc-45e1-8dac-2b5422113a79","D16","MART","MART.AOS.reach","2021-04-19T17:15Z","2021-06-09","MART.20210419.SURBER.5","A00000109541",,"ATUSP1","Y","Aturus sp.",,"genus","Arthropoda","Chelicerata","Arachnida","Acari",,"Acariformes","Trombidiformes","Prostigmata",,"Hygrobatoidea","Aturidae",,,,"Aturus","sp.",,"adult",1,,3,33,9,"N","N",,"condition OK","Y",,"Thorp and Rogers 2016","N","Rhithron Associates, Inc.","B. Moore",,,
"75a504c4-2c82-4598-a1b3-959ce7707272","D16","MART","MART.AOS.reach","2021-04-19T17:15Z","2021-06-09","MART.20210419.HESS.3","A00000109546",,"TANSP11","Y","Tanytarsus sp.",,"genus","Arthropoda","Hexapoda","Insecta","Pterygota","Neoptera","Holometabola","Diptera","Nematocera","Culicomorpha",,"Chironomidae","Chironominae","Tanytarsini",,"Tanytarsus","sp.",,"larva",1,,1,100,1,"N","N",,"condition OK","Y",,"Weiderholm, 1983; Weiderholm, 1986; Epler 2001; Ferrington et al. 2019; Andersen, Cranston and Epler 2013","N","Rhithron Associates, Inc.","B. Hayford",,,
"fe584ce6-670e-40f1-a9f7-cd2f7bd19026","D16","MART","MART.AOS.reach","2021-04-19T17:15Z","2021-06-11","MART.20210419.HESS.1","A00000109540",,"LEPSP20","Y","Lepidostoma sp.",,"genus","Arthropoda","Hexapoda","Insecta","Pterygota","Neoptera","Holometabola","Trichoptera",,,"Limnephiloidea","Lepidostomatidae","Lepidostomatinae",,,"Lepidostoma","sp.",,"larva",3,,1,100,1,"N","N",,"condition OK","Y",,"Wiggins 1996; Merritt et al. 2019","N","Rhithron Associates, Inc.","B. Moore",,,
"b63ca13d-10da-40af-8cf3-1fdd49acab82","D16","MART","MART.AOS.reach","2021-04-19T17:15Z","2021-06-15","MART.20210419.HESS.1","A00000109540",,"PARSP29","Y","Parorthocladius sp.",,"genus","Arthropoda","Hexapoda","Insecta","Pterygota","Neoptera","Holometabola","Diptera","Nematocera","Culicomorpha",,"Chironomidae","Orthocladiinae",,,"Parorthocladius","sp.",,"larva",2,,1,100,1,"N","N",,"condition OK","Y",,"Weiderholm, 1983; Weiderholm, 1986; Epler 2001; Ferrington et al. 2019; Andersen, Cranston and Epler 2013","N","Rhithron Associates, Inc.","R. Spring",,,
"41dd550a-ba63-4eca-a910-9d7b2db2f802","D16","MART","MART.AOS.reach","2021-04-19T17:15Z","2021-06-11","MART.20210419.HESS.1","A00000109540",,"ZAPSP","Y","Zapada sp.",,"genus","Arthropoda","Hexapoda","Insecta","Pterygota","Neoptera","Polyneoptera","Plecoptera","Euholognatha",,,"Nemouridae","Nemourinae",,,"Zapada","sp.",,"larva",1,,1,100,1,"Y","N","early instar","condition OK","Y",,"Baumann et al. 1977; Stewart and Stark 2002; Merritt et al. 2019","N","Rhithron Associates, Inc.","B. Moore",,,
"8712cc27-6335-4057-920d-a0a5da43bcae","D16","MART","MART.AOS.reach","2021-04-19T17:15Z","2021-06-09","MART.20210419.HESS.2","A00000109542",,"POTSP2","Y","Potthastia sp.",,"genus","Arthropoda","Hexapoda","Insecta","Pterygota","Neoptera","Holometabola","Diptera","Nematocera","Culicomorpha",,"Chironomidae","Diamesinae","Diamesini",,"Potthastia","sp.",,"larva",8,,1,100,1,"N","N",,"condition OK","Y",,"Weiderholm, 1983; Weiderholm, 1986; Epler 2001; Ferrington et al. 2019; Andersen, Cranston and Epler 2013","N","Rhithron Associates, Inc.","B. Hayford",,,
"8334e20a-16bf-4ee3-a929-7ebae88fbf67","D16","MART","MART.AOS.reach","2021-04-19T17:15Z","2021-06-09","MART.20210419.SURBER.3","A00000109545",,"GLOSP1","Y","Glossosomatidae sp.",,"family","Arthropoda","Hexapoda","Insecta","Pterygota","Neoptera","Holometabola","Trichoptera",,,"Glossosomatoidea","Glossosomatidae",,,,,"sp.",,"pupa",4,,1,100,1,"N","N",,"condition OK","Y",,"Merritt et al. 2019; Wiggins 1996","N","Rhithron Associates, Inc.","B. Moore",,,
"d41f97a3-2b6d-40a4-940f-f8a68d3e256a","D16","MART","MART.AOS.reach","2021-04-19T17:15Z","2021-06-09","MART.20210419.SURBER.4","A00000109539",,"THISP2","Y","Thienemanniella sp.",,"genus","Arthropoda","Hexapoda","Insecta","Pterygota","Neoptera","Holometabola","Diptera","Nematocera","Culicomorpha",,"Chironomidae","Orthocladiinae",,,"Thienemanniella","sp.",,"larva",2,,1,100,1,"N","N",,"condition OK","Y",,"Weiderholm, 1983; Weiderholm, 1986; Epler 2001; Ferrington et al. 2019; Andersen, Cranston and Epler 2013","Y","Rhithron Associates, Inc.","B. Hayford",,,
"e5afda25-63cd-433f-b78f-4be215d408a8","D16","MART","MART.AOS.reach","2021-04-19T17:15Z","2021-06-10","MART.20210419.SURBER.1","A00000109543",,"EPESP","Y","Epeorus sp.",,"genus","Arthropoda","Hexapoda","Insecta","Pterygota","Palaeoptera",,"Ephemeroptera","Pisciforma",,"Heptagenioidea","Heptageniidae",,,,"Epeorus","sp.",,"larva",5,,6,100,6,"Y","N","early instar","condition OK","Y",,"Merritt et al. 2019","N","Rhithron Associates, Inc.","B. Moore",,,
"20495860-17e4-475d-aacd-53b1776ac7c9","D16","MART","MART.AOS.reach","2021-04-19T17:15Z","2021-06-09","MART.20210419.SURBER.5","A00000109541",,"PROSP38","Y","Protzia sp.",,"genus","Arthropoda","Chelicerata","Arachnida","Acari",,"Acariformes","Trombidiformes","Prostigmata",,"Hydryphantoidea","Hydryphantidae",,,,"Protzia","sp.",,"adult",1,,3,33,9,"N","N",,"condition OK","Y",,"Thorp and Rogers 2016","N","Rhithron Associates, Inc.","B. Moore",,,
"31772479-c8fd-44e4-90c6-cd34c564e2a8","D16","MART","MART.AOS.reach","2021-04-19T17:15Z","2021-06-10","MART.20210419.SURBER.2","A00000109544",,"HYDSP23","Y","Hydropsyche sp.",,"genus","Arthropoda","Hexapoda","Insecta","Pterygota","Neoptera","Holometabola","Trichoptera",,,"Hydropsychoidea","Hydropsychidae","Hydropsychinae",,,"Hydropsyche","sp.",,"larva",10,,1,100,1,"N","N",,"condition OK","Y",,"Wiggins, 1996; Geraci, 2010","N","Rhithron Associates, Inc.","B. Moore",,,
"3dbd5ff9-2ea3-4a21-880e-d26dd4fd9a35","D16","MART","MART.AOS.reach","2021-04-19T17:15Z","2021-06-09","MART.20210419.SURBER.5","A00000109541",,"THISP2","Y","Thienemanniella sp.",,"genus","Arthropoda","Hexapoda","Insecta","Pterygota","Neoptera","Holometabola","Diptera","Nematocera","Culicomorpha",,"Chironomidae","Orthocladiinae",,,"Thienemanniella","sp.",,"larva",2,,3,33,9,"N","N",,"condition OK","Y",,"Weiderholm, 1983; Weiderholm, 1986; Epler 2001; Ferrington et al. 2019; Andersen, Cranston and Epler 2013","N","Rhithron Associates, Inc.","B. Hayford",,,
"dc67d807-1e73-4aad-8ba7-d8e4bf6b3041","D16","MART","MART.AOS.reach","2021-04-19T17:15Z","2021-06-10","MART.20210419.SURBER.2","A00000109544",,"UTASP2","Y","Utaxatax sp.",,"genus","Arthropoda","Chelicerata","Arachnida","Acari",,"Acariformes","Trombidiformes","Prostigmata",,"Lebertioidea","Anisitsiellidae",,,,"Utaxatax","sp.",,"adult",1,,3,100,3,"N","N",,"condition OK","Y",,"Thorp and Rogers 2016","N","Rhithron Associates, Inc.","B. Moore",,,
"111ff0cd-3231-4cc0-8bd7-dc95077e26c3","D16","MART","MART.AOS.reach","2021-04-19T17:15Z","2021-06-09","MART.20210419.SURBER.3","A00000109545",,"RHESP2","Y","Rheotanytarsus sp.",,"genus","Arthropoda","Hexapoda","Insecta","Pterygota","Neoptera","Holometabola","Diptera","Nematocera","Culicomorpha",,"Chironomidae","Chironominae","Tanytarsini",,"Rheotanytarsus","sp.",,"larva",2,,1,100,1,"N","N",,"condition OK","Y",,"Weiderholm, 1983; Weiderholm, 1986; Epler 2001; Ferrington et al. 2019; Andersen, Cranston and Epler 2013","N","Rhithron Associates, Inc.","B. Hayford",,,
"3d3f1a92-14da-4a21-b3de-e5920d1934ef","D16","MART","MART.AOS.reach","2021-04-19T17:15Z","2021-06-10","MART.20210419.SURBER.2","A00000109544",,"BAEBIC1","Y","Baetis bicaudatus cx.",,"speciesGroup","Arthropoda","Hexapoda","Insecta","Pterygota","Palaeoptera",,"Ephemeroptera",,,,"Baetidae",,,,"Baetis","bicaudatus cx.",,"larva",3,,1,100,1,"N","N",,"condition OK","Y",,"Morihara and McCafferty 1979; Wiersema, 2004; Webb et al. 2018","N","Rhithron Associates, Inc.","B. Moore",,"747540b7-3223-40ab-a611-7bf3418c5a96",
"e24b60c4-944c-4ecd-ac17-93a9e644ed39","D16","MART","MART.AOS.reach","2021-04-19T17:15Z","2021-06-10","MART.20210419.SURBER.1","A00000109543",,"ZAISP","Y","Zaitzevia sp.",,"genus","Arthropoda","Hexapoda","Insecta","Pterygota","Neoptera","Holometabola","Coleoptera","Polyphaga","Elateriformia","Byrrhoidea","Elmidae","Elminae","Macronychini",,"Zaitzevia","sp.",,"larva",4,,1,100,1,"N","N",,"condition OK","Y",,"Brown 1972; Merritt et al. 2019","N","Rhithron Associates, Inc.","B. Moore",,,
"8d7be6e8-3cd7-4d86-84bd-f352a88b3dd7","D16","MART","MART.AOS.reach","2021-04-19T17:15Z","2021-06-09","MART.20210419.SURBER.4","A00000109539",,"HETCOR","Y","Heterlimnius corpulentus",,"species","Arthropoda","Hexapoda","Insecta","Pterygota","Neoptera","Holometabola","Coleoptera","Polyphaga","Elateriformia","Byrrhoidea","Elmidae","Elminae","Elmini",,"Heterlimnius","corpulentus",,"larva",1,,2,100,2,"N","N",,"condition OK","Y",,"Brown 1972; Merritt et al. 2019; Kamite, 2009","Y","Rhithron Associates, Inc.","B. Moore",,,
"3fc5afbf-1a6f-4fbd-957d-f7d63034b016","D16","MART","MART.AOS.reach","2021-04-19T17:15Z","2021-06-10","MART.20210419.HESS.3","A00000109546",,"TORSP6","Y","Torrenticola sp.",,"genus","Arthropoda","Chelicerata","Arachnida","Acari",,"Acariformes","Trombidiformes","Prostigmata",,"Lebertioidea","Torrenticolidae",,,,"Torrenticola","sp.",,"adult",1,,6,100,6,"N","N",,"condition OK","Y",,"Thorp and Rogers 2016","N","Rhithron Associates, Inc.","B. Moore",,,
"bff8c8c8-3fe5-4f42-a0b7-f6c079ba4726","D16","MART","MART.AOS.reach","2021-04-19T17:15Z","2021-06-09","MART.20210419.SURBER.5","A00000109541",,"OSTSP","Y","Ostracoda sp.",,"class","Arthropoda","Crustacea","Ostracoda",,,,,,,,,,,,,"sp.",,"unknown",1,,2,33,6,"N","N",,"condition OK","Y",,"Thorp and Rogers 2016","N","Rhithron Associates, Inc.","B. Moore",,,
"18dff23e-d54c-44b1-90be-d79996972dc3","D16","MART","MART.AOS.reach","2021-04-19T17:15Z","2021-06-09","MART.20210419.SURBER.4","A00000109539",,"DIPHAG","Y","Diphetor hageni",,"species","Arthropoda","Hexapoda","Insecta","Pterygota","Palaeoptera",,"Ephemeroptera","Pisciforma",,,"Baetidae",,,,"Diphetor","hageni",,"larva",3,,1,100,1,"N","N",,"condition OK","Y",,"Morihara and McCafferty 1987; Meyer and McCafferty 2001; Merritt et al. 2019","Y","Rhithron Associates, Inc.","B. Moore",,,
"aa2b212e-b027-4811-9341-5de6bfc42a57","D16","MART","MART.AOS.reach","2021-04-19T17:15Z","2021-06-10","MART.20210419.HESS.3","A00000109546",,"HETCOR","Y","Heterlimnius corpulentus",,"species","Arthropoda","Hexapoda","Insecta","Pterygota","Neoptera","Holometabola","Coleoptera","Polyphaga","Elateriformia","Byrrhoidea","Elmidae","Elminae","Elmini",,"Heterlimnius","corpulentus",,"larva",2,,9,100,9,"N","N",,"condition OK","Y",,"Brown 1972; Merritt et al. 2019; Kamite, 2009","N","Rhithron Associates, Inc.","B. Moore",,,
"16bd683b-3a37-41b7-a2ef-e2807e7c332a","D16","MART","MART.AOS.reach","2021-04-19T17:15Z","2021-06-09","MART.20210419.SURBER.3","A00000109545",,"THIGRO","Y","Thienemannimyia gr.",,"speciesGroup","Arthropoda","Hexapoda","Insecta","Pterygota","Neoptera","Holometabola","Diptera","Nematocera","Culicomorpha",,"Chironomidae","Tanypodinae","Pentaneurini",,"Thienemannimyia","gr.",,"larva",4,,1,100,1,"Y","N","early instar","condition OK","Y",,"Weiderholm, 1983; Weiderholm, 1986; Epler 2001; Ferrington et al. 2008; Andersen, Cranston and Epler 2017","N","Rhithron Associates, Inc.","B. Hayford",,,
"896444d7-8a06-4783-ba58-acfc5acb865e","D16","MART","MART.AOS.reach","2021-04-19T17:15Z","2021-06-09","MART.20210419.SURBER.4","A00000109539",,"RHESP1","Y","Rheocricotopus sp.",,"genus","Arthropoda","Hexapoda","Insecta","Pterygota","Neoptera","Holometabola","Diptera","Nematocera","Culicomorpha",,"Chironomidae","Orthocladiinae",,,"Rheocricotopus","sp.",,"larva",4,,1,100,1,"N","N",,"condition OK","Y",,"Weiderholm, 1983; Weiderholm, 1986; Epler 2001; Ferrington et al. 2019; Andersen, Cranston and Epler 2013","Y","Rhithron Associates, Inc.","B. Hayford",,,
"e567d7a8-6ad3-4ce0-8cdf-1688c9be0829","D16","MART","MART.AOS.reach","2021-04-19T17:15Z","2021-06-09","MART.20210419.SURBER.5","A00000109541",,"EPESP","Y","Epeorus sp.",,"genus","Arthropoda","Hexapoda","Insecta","Pterygota","Palaeoptera",,"Ephemeroptera","Pisciforma",,"Heptagenioidea","Heptageniidae",,,,"Epeorus","sp.",,"larva",5,,3,33,9,"Y","N","early instar","condition OK","Y",,"Merritt et al. 2019","N","Rhithron Associates, Inc.","B. Moore",,,
"e908971b-fd34-4163-aa98-2ad84a6dc092","D16","MART","MART.AOS.reach","2021-04-19T17:15Z","2021-06-09","MART.20210419.SURBER.5","A00000109541",,"RHYBET","Y","Rhyacophila betteni gr.",,"speciesGroup","Arthropoda","Hexapoda","Insecta","Pterygota","Neoptera","Holometabola","Trichoptera",,,"Rhyacophiloidea","Rhyacophilidae",,,,"Rhyacophila","betteni gr.",,"larva",3,,1,33,3,"N","N",,"condition OK","Y",,"Prather and Morris 2001; Morse et al. 2017; Giersch et al. 2012","N","Rhithron Associates, Inc.","B. Moore",,,
"6adc746c-c8a0-4ebf-8eb1-10c560bd44ae","D16","MART","MART.AOS.reach","2021-04-19T17:15Z","2021-06-15","MART.20210419.HESS.1","A00000109540",,"THIGRO","Y","Thienemannimyia gr.",,"speciesGroup","Arthropoda","Hexapoda","Insecta","Pterygota","Neoptera","Holometabola","Diptera","Nematocera","Culicomorpha",,"Chironomidae","Tanypodinae","Pentaneurini",,"Thienemannimyia","gr.",,"larva",3,,4,100,4,"Y","N","early instar","condition OK","Y",,"Weiderholm, 1983; Weiderholm, 1986; Epler 2001; Ferrington et al. 2008; Andersen, Cranston and Epler 2017","N","Rhithron Associates, Inc.","R. Spring",,,
"3988a55c-3941-4702-be23-c25308d27f57","D16","MART","MART.AOS.reach","2021-04-19T17:15Z","2021-06-10","MART.20210419.SURBER.2","A00000109544",,"NEOSP13","Y","Neophylax sp.",,"genus","Arthropoda","Hexapoda","Insecta","Pterygota","Neoptera","Holometabola","Trichoptera",,,"Limnephiloidea","Uenoidae","Thremmatinae",,,"Neophylax","sp.",,"larva",1,,1,100,1,"Y","N","early instar","condition OK","Y",,"Vineyard 1990; Wiggins 1996; Merritt et al. 2019","N","Rhithron Associates, Inc.","B. Moore",,,
"925d0645-f413-4859-8c10-4b0d45ea3984","D16","MART","MART.AOS.reach","2021-04-19T17:15Z","2021-06-11","MART.20210419.HESS.2","A00000109542",,"LIMSP5","Y","Limnephilidae sp.",,"family","Arthropoda","Hexapoda","Insecta","Pterygota","Neoptera","Holometabola","Trichoptera",,,"Limnephiloidea","Limnephilidae",,,,,"sp.",,"larva",2,,5,100,5,"Y","N","early instar","condition OK","Y",,"Wiggins 1996; Merritt et al. 2019","N","Rhithron Associates, Inc.","B. Moore",,,
"3fa268fe-e0e6-4847-8c81-bc28b10c2225","D16","MART","MART.AOS.reach","2021-04-19T17:15Z","2021-06-10","MART.20210419.SURBER.2","A00000109544",,"LIMSP5","Y","Limnephilidae sp.",,"family","Arthropoda","Hexapoda","Insecta","Pterygota","Neoptera","Holometabola","Trichoptera",,,"Limnephiloidea","Limnephilidae",,,,,"sp.",,"larva",1,,2,100,2,"Y","N","early instar","condition OK","Y",,"Wiggins 1996; Merritt et al. 2019","N","Rhithron Associates, Inc.","B. Moore",,,
"0e5a1808-1b3e-4e4f-9daa-ed3a1eed1cc3","D16","MART","MART.AOS.reach","2021-04-19T17:15Z","2021-06-09","MART.20210419.SURBER.3","A00000109545",,"PROSP38","Y","Protzia sp.",,"genus","Arthropoda","Chelicerata","Arachnida","Acari",,"Acariformes","Trombidiformes","Prostigmata",,"Hydryphantoidea","Hydryphantidae",,,,"Protzia","sp.",,"adult",1,,1,100,1,"N","N",,"condition OK","Y",,"Thorp and Rogers 2016","N","Rhithron Associates, Inc.","B. Moore",,,
"e09465a1-b927-4018-a9bf-4a8189977ed9","D16","MART","MART.AOS.reach","2021-04-19T17:15Z","2021-06-10","MART.20210419.HESS.3","A00000109546",,"NEOSP13","Y","Neophylax sp.",,"genus","Arthropoda","Hexapoda","Insecta","Pterygota","Neoptera","Holometabola","Trichoptera",,,"Limnephiloidea","Uenoidae","Thremmatinae",,,"Neophylax","sp.",,"larva",1,,9,100,9,"Y","N","early instar","condition OK","Y",,"Vineyard 1990; Wiggins 1996; Merritt et al. 2019","N","Rhithron Associates, Inc.","B. Moore",,,
"0e1f0716-3dad-4504-a7de-0b2d1fb18277","D16","MART","MART.AOS.reach","2021-04-19T17:15Z","2021-06-10","MART.20210419.SURBER.1","A00000109543",,"HETCOR","Y","Heterlimnius corpulentus",,"species","Arthropoda","Hexapoda","Insecta","Pterygota","Neoptera","Holometabola","Coleoptera","Polyphaga","Elateriformia","Byrrhoidea","Elmidae","Elminae","Elmini",,"Heterlimnius","corpulentus",,"larva",2,,6,100,6,"N","N",,"condition OK","Y",,"Brown 1972; Merritt et al. 2019; Kamite, 2009","N","Rhithron Associates, Inc.","B. Moore",,,
"4c65df8d-5dbe-4404-adab-5b0a4161c01f","D16","MART","MART.AOS.reach","2021-04-19T17:15Z","2021-06-09","MART.20210419.SURBER.1","A00000109543",,"POLSP13","Y","Polypedilum sp.",,"genus","Arthropoda","Hexapoda","Insecta","Pterygota","Neoptera","Holometabola","Diptera","Nematocera","Culicomorpha",,"Chironomidae","Chironominae","Chironomini",,"Polypedilum","sp.",,"larva",1,,1,100,1,"N","N",,"condition OK","Y",,"Weiderholm, 1983; Weiderholm, 1986; Epler 2001; Ferrington et al. 2008; Andersen, Cranston and Epler 2013","N","Rhithron Associates, Inc.","B. Hayford",,,
"5067f676-fc71-4182-937b-5ff4bf20a110","D16","MART","MART.AOS.reach","2021-04-19T17:15Z","2021-06-09","MART.20210419.SURBER.3","A00000109545",,"EUKGRA","Y","Eukiefferiella gracei gr.",,"speciesGroup","Arthropoda","Hexapoda","Insecta","Pterygota","Neoptera","Holometabola","Diptera","Nematocera","Culicomorpha",,"Chironomidae","Orthocladiinae",,,"Eukiefferiella","gracei gr.",,"larva",3,,1,100,1,"N","N",,"condition OK","Y",,"Weiderholm, 1983; Bode, 1983; Weiderholm, 1986; Epler 2001; Ferrington et al. 2019; Andersen, Cranston and Epler 2013","N","Rhithron Associates, Inc.","B. Hayford",,,
"f31a9f41-9d28-4edb-b54e-cb3dc7f5ba27","D16","MART","MART.AOS.reach","2021-04-19T17:15Z","2021-06-10","MART.20210419.HESS.3","A00000109546",,"ZAISP","Y","Zaitzevia sp.",,"genus","Arthropoda","Hexapoda","Insecta","Pterygota","Neoptera","Holometabola","Coleoptera","Polyphaga","Elateriformia","Byrrhoidea","Elmidae","Elminae","Macronychini",,"Zaitzevia","sp.",,"larva",2,,8,100,8,"N","N",,"condition OK","Y",,"Brown 1972; Merritt et al. 2019","N","Rhithron Associates, Inc.","B. Moore",,,
"1a60fbd6-d61e-4e97-a3a7-5b3cd3bebea0","D16","MART","MART.AOS.reach","2021-04-19T17:15Z","2021-06-09","MART.20210419.SURBER.3","A00000109545",,"POLSP13","Y","Polypedilum sp.",,"genus","Arthropoda","Hexapoda","Insecta","Pterygota","Neoptera","Holometabola","Diptera","Nematocera","Culicomorpha",,"Chironomidae","Chironominae","Chironomini",,"Polypedilum","sp.",,"larva",2,,2,100,2,"N","N",,"condition OK","Y",,"Weiderholm, 1983; Weiderholm, 1986; Epler 2001; Ferrington et al. 2008; Andersen, Cranston and Epler 2013","N","Rhithron Associates, Inc.","B. Hayford",,,
"876ca664-ba48-4486-9405-33ff7684619f","D16","MART","MART.AOS.reach","2021-04-19T17:15Z","2021-06-11","MART.20210419.HESS.1","A00000109540",,"NEOSP13","Y","Neophylax sp.",,"genus","Arthropoda","Hexapoda","Insecta","Pterygota","Neoptera","Holometabola","Trichoptera",,,"Limnephiloidea","Uenoidae","Thremmatinae",,,"Neophylax","sp.",,"larva",1,,12,100,12,"Y","N","early instar","condition OK","Y",,"Vineyard 1990; Wiggins 1996; Merritt et al. 2019","N","Rhithron Associates, Inc.","B. Moore",,,
"4d0a945d-c4ed-4192-a9f0-2d9d48d05672","D16","MART","MART.AOS.reach","2021-04-19T17:15Z","2021-06-09","MART.20210419.SURBER.5","A00000109541",,"TANSP11","Y","Tanytarsus sp.",,"genus","Arthropoda","Hexapoda","Insecta","Pterygota","Neoptera","Holometabola","Diptera","Nematocera","Culicomorpha",,"Chironomidae","Chironominae","Tanytarsini",,"Tanytarsus","sp.",,"larva",2,,1,33,3,"N","N",,"condition OK","Y",,"Weiderholm, 1983; Weiderholm, 1986; Epler 2001; Ferrington et al. 2019; Andersen, Cranston and Epler 2013","N","Rhithron Associates, Inc.","B. Hayford",,,
"de4279c4-e499-45c5-b805-c55f6810efda","D16","MART","MART.AOS.reach","2021-04-19T17:15Z","2021-06-09","MART.20210419.SURBER.5","A00000109541",,"CINSP1","Y","Cinygmula sp.",,"genus","Arthropoda","Hexapoda","Insecta","Pterygota","Palaeoptera",,"Ephemeroptera","Pisciforma",,"Heptagenioidea","Heptageniidae",,,,"Cinygmula","sp.",,"larva",5,,11,33,33,"N","N",,"condition OK","Y",,"Merritt et al. 2019","N","Rhithron Associates, Inc.","B. Moore",,,
"2a2a7669-fd5e-4a66-a8af-45a6e75946c1","D16","MART","MART.AOS.reach","2021-04-19T17:15Z","2021-06-09","MART.20210419.SURBER.4","A00000109539",,"BAESP2","Y","Baetis sp.",,"genus","Arthropoda","Hexapoda","Insecta","Pterygota","Palaeoptera",,"Ephemeroptera","Pisciforma",,,"Baetidae",,,,"Baetis","sp.",,"larva",1,,5,100,5,"Y","N","early instar","condition OK","N",,"Merritt et al. 2019","Y","Rhithron Associates, Inc.","B. Moore",,,
"81318f21-a61f-4b3a-96a0-25ff4326dc92","D16","MART","MART.AOS.reach","2021-04-19T17:15Z","2021-06-11","MART.20210419.HESS.1","A00000109540",,"HETCOR","Y","Heterlimnius corpulentus",,"species","Arthropoda","Hexapoda","Insecta","Pterygota","Neoptera","Holometabola","Coleoptera","Polyphaga","Elateriformia","Byrrhoidea","Elmidae","Elminae","Elmini",,"Heterlimnius","corpulentus",,"larva",3,,4,100,4,"N","N",,"condition OK","Y",,"Brown 1972; Merritt et al. 2019; Kamite, 2009","N","Rhithron Associates, Inc.","B. Moore",,,
"2a5b8f8c-c2b9-4a92-a3b8-093b2af72a8d","D16","MART","MART.AOS.reach","2021-04-19T17:15Z","2021-06-10","MART.20210419.SURBER.1","A00000109543",,"DRUCOL","Y","Drunella coloradensis/flavilinea",,"speciesGroup","Arthropoda","Hexapoda","Insecta","Pterygota","Palaeoptera",,"Ephemeroptera","Furcatergalia","Pannota","Ephemerelloidea","Ephemerellidae",,,,"Drunella","coloradensis/flavilinea",,"larva",5,,1,100,1,"N","N",,"condition OK","Y",,"Allen and Edmunds 1962","N","Rhithron Associates, Inc.","B. Moore",,,
"5e90c51d-56cc-4f48-bf87-7fc1fc8b6dba","D16","MART","MART.AOS.reach","2021-04-19T17:15Z","2021-06-09","MART.20210419.HESS.3","A00000109546",,"PARSP26","Y","Parametriocnemus sp.",,"genus","Arthropoda","Hexapoda","Insecta","Pterygota","Neoptera","Holometabola","Diptera","Nematocera","Culicomorpha",,"Chironomidae","Orthocladiinae",,,"Parametriocnemus","sp.",,"larva",6,,1,100,1,"N","N",,"condition OK","Y",,"Weiderholm, 1983; Weiderholm, 1986; Epler 2001; Ferrington et al. 2019; Andersen, Cranston and Epler 2013","N","Rhithron Associates, Inc.","B. Hayford",,,
"60d09341-f42b-4ed6-a9d6-550d76242390","D16","MART","MART.AOS.reach","2021-04-19T17:15Z","2021-06-11","MART.20210419.HESS.2","A00000109542",,"CALCAL","Y","Calineuria californica",,"species","Arthropoda","Hexapoda","Insecta","Pterygota","Neoptera","Polyneoptera","Plecoptera","Systellognatha",,,"Perlidae","Acroneuriinae","Acroneuriini",,"Calineuria","californica",,"larva",4,,1,100,1,"N","N",,"condition OK","Y",,"Stewart and Stark 2002; Merritt et al. 2019","N","Rhithron Associates, Inc.","B. Moore",,,
"83c8c745-ee9a-4bad-9378-dd70fedef6c1","D16","MART","MART.AOS.reach","2021-04-19T17:15Z","2021-06-11","MART.20210419.HESS.2","A00000109542",,"LEPSP20","Y","Lepidostoma sp.",,"genus","Arthropoda","Hexapoda","Insecta","Pterygota","Neoptera","Holometabola","Trichoptera",,,"Limnephiloidea","Lepidostomatidae","Lepidostomatinae",,,"Lepidostoma","sp.",,"larva",2,,1,100,1,"N","N",,"condition OK","Y",,"Wiggins 1996; Merritt et al. 2019","N","Rhithron Associates, Inc.","B. Moore",,,
"78b2808d-01dc-446b-b5bc-4e89141617db","D16","MART","MART.AOS.reach","2021-04-19T17:15Z","2021-06-09","MART.20210419.SURBER.4","A00000109539",,"CRISP2","Y","Cricotopus sp.",,"genus","Arthropoda","Hexapoda","Insecta","Pterygota","Neoptera","Holometabola","Diptera","Nematocera","Culicomorpha",,"Chironomidae","Orthocladiinae",,,"Cricotopus","sp.",,"larva",3,,1,100,1,"N","N",,"condition OK","Y",,"Weiderholm, 1983; Weiderholm, 1986; Epler 2001; Ferrington et al. 2019; Andersen, Cranston and Epler 2013","Y","Rhithron Associates, Inc.","B. Hayford",,,
"3f3b8605-f801-4323-885d-f20783db1cbf","D16","MART","MART.AOS.reach","2021-04-19T17:15Z","2021-06-11","MART.20210419.HESS.2","A00000109542",,"HETCOR","Y","Heterlimnius corpulentus",,"species","Arthropoda","Hexapoda","Insecta","Pterygota","Neoptera","Holometabola","Coleoptera","Polyphaga","Elateriformia","Byrrhoidea","Elmidae","Elminae","Elmini",,"Heterlimnius","corpulentus",,"larva",2,,4,100,4,"N","N",,"condition OK","Y",,"Brown 1972; Merritt et al. 2019; Kamite, 2009","N","Rhithron Associates, Inc.","B. Moore",,,
"74af407a-5a6c-4e02-b247-148d0f141efe","D16","MART","MART.AOS.reach","2021-04-19T17:15Z","2021-06-09","MART.20210419.SURBER.5","A00000109541",,"RHYANG","Y","Rhyacophila angelita gr.",,"speciesGroup","Arthropoda","Hexapoda","Insecta","Pterygota","Neoptera","Holometabola","Trichoptera",,,"Rhyacophiloidea","Rhyacophilidae",,,,"Rhyacophila","angelita gr.",,"larva",7,,1,33,3,"N","N",,"condition OK","Y",,"Prather and Morris 2001; Giersch et al. 2012; Morse et al. 2017","N","Rhithron Associates, Inc.","B. Moore",,,
"d9a22aa9-f21d-4c36-9357-78751cf5b82c","D16","MART","MART.AOS.reach","2021-04-19T17:15Z","2021-06-09","MART.20210419.SURBER.4","A00000109539",,"PERSP1","Y","Perlidae sp.",,"family","Arthropoda","Hexapoda","Insecta","Pterygota","Neoptera","Polyneoptera","Plecoptera","Systellognatha",,,"Perlidae",,,,,"sp.",,"larva",1,,5,100,5,"Y","N","early instar","condition OK","N",,"Stewart and Stark 2002; Merritt et al. 2019","Y","Rhithron Associates, Inc.","B. Moore",,,
"9fbeb8f0-e4a8-4365-9c50-775ebd08454f","D16","MART","MART.AOS.reach","2021-04-19T17:15Z","2021-06-10","MART.20210419.SURBER.1","A00000109543",,"CINSP1","Y","Cinygmula sp.",,"genus","Arthropoda","Hexapoda","Insecta","Pterygota","Palaeoptera",,"Ephemeroptera","Pisciforma",,"Heptagenioidea","Heptageniidae",,,,"Cinygmula","sp.",,"larva",5,,4,100,4,"N","N",,"condition OK","Y",,"Merritt et al. 2019","N","Rhithron Associates, Inc.","B. Moore",,,
"bb7bef5c-8ead-4584-a97a-aba0e4449f43","D16","MART","MART.AOS.reach","2021-04-19T17:15Z","2021-06-09","MART.20210419.SURBER.4","A00000109539",,"STESP10","Y","Stempellinella sp.",,"genus","Arthropoda","Hexapoda","Insecta","Pterygota","Neoptera","Holometabola","Diptera","Nematocera","Culicomorpha",,"Chironomidae","Chironominae","Tanytarsini",,"Stempellinella","sp.",,"larva",1,,1,100,1,"N","N",,"condition OK","Y",,"Weiderholm, 1983; Weiderholm, 1986; Epler 2001; Ferrington et al. 2019; Andersen, Cranston and Epler 2013","Y","Rhithron Associates, Inc.","B. Hayford",,,
"eefcc6f3-72f2-4834-b709-a33e83070db6","D16","MART","MART.AOS.reach","2021-04-19T17:15Z","2021-06-10","MART.20210419.SURBER.2","A00000109544",,"SWESP","Y","Sweltsa sp.",,"genus","Arthropoda","Hexapoda","Insecta","Pterygota","Neoptera","Polyneoptera","Plecoptera","Systellognatha",,,"Chloroperlidae","Chloroperlinae",,,"Sweltsa","sp.",,"larva",3,,1,100,1,"N","N",,"condition OK","Y",,"Stewart and Stark 2002; Merritt et al. 2019","N","Rhithron Associates, Inc.","B. Moore",,,
"a12c94cd-5004-437c-ab6d-7b917c73a7fa","D16","MART","MART.AOS.reach","2021-04-19T17:15Z","2021-06-09","MART.20210419.SURBER.4","A00000109539",,"EPESP","Y","Epeorus sp.",,"genus","Arthropoda","Hexapoda","Insecta","Pterygota","Palaeoptera",,"Ephemeroptera","Pisciforma",,"Heptagenioidea","Heptageniidae",,,,"Epeorus","sp.",,"larva",2,,9,100,9,"Y","N","early instar","condition OK","Y",,"Merritt et al. 2019","Y","Rhithron Associates, Inc.","B. Moore",,,
"b39e9799-6345-492e-b6f5-e99733b0c6ff","D16","MART","MART.AOS.reach","2021-04-19T17:15Z","2021-06-15","MART.20210419.HESS.1","A00000109540",,"STESP10","Y","Stempellinella sp.",,"genus","Arthropoda","Hexapoda","Insecta","Pterygota","Neoptera","Holometabola","Diptera","Nematocera","Culicomorpha",,"Chironomidae","Chironominae","Tanytarsini",,"Stempellinella","sp.",,"larva",1,,9,100,9,"N","N",,"condition OK","Y",,"Weiderholm, 1983; Weiderholm, 1986; Epler 2001; Ferrington et al. 2019; Andersen, Cranston and Epler 2013","N","Rhithron Associates, Inc.","R. Spring",,,
"f73280a4-672f-4579-b1cd-c2667f44de4c","D16","MART","MART.AOS.reach","2021-04-19T17:15Z","2021-06-10","MART.20210419.SURBER.1","A00000109543",,"NEOSP13","Y","Neophylax sp.",,"genus","Arthropoda","Hexapoda","Insecta","Pterygota","Neoptera","Holometabola","Trichoptera",,,"Limnephiloidea","Uenoidae","Thremmatinae",,,"Neophylax","sp.",,"larva",1,,2,100,2,"Y","N","early instar","condition OK","Y",,"Vineyard 1990; Wiggins 1996; Merritt et al. 2019","N","Rhithron Associates, Inc.","B. Moore",,,
"c8b3c826-fb1c-4a06-9783-dae05bf84aec","D16","MART","MART.AOS.reach","2021-04-19T17:15Z","2021-06-11","MART.20210419.HESS.1","A00000109540",,"KOGSP","Y","Kogotus sp.",,"genus","Arthropoda","Hexapoda","Insecta","Pterygota","Neoptera","Polyneoptera","Plecoptera","Systellognatha",,,"Perlodidae","Perlodinae","Diploperlini",,"Kogotus","sp.",,"larva",9,,1,100,1,"N","N",,"condition OK","Y",,"Stewart and Stark 2002; Merritt et al. 2019","N","Rhithron Associates, Inc.","B. Moore",,,
"be2a054f-0d98-4241-892e-c8730222c05a","D16","MART","MART.AOS.reach","2021-04-19T17:15Z","2021-06-09","MART.20210419.HESS.3","A00000109546",,"HELSP10","Y","Heleniella sp.",,"genus","Arthropoda","Hexapoda","Insecta","Pterygota","Neoptera","Holometabola","Diptera","Nematocera","Culicomorpha",,"Chironomidae","Orthocladiinae",,,"Heleniella","sp.",,"larva",3,,1,100,1,"N","N",,"condition OK","Y",,"Weiderholm, 1983; Weiderholm, 1986; Epler 2001; Ferrington et al. 2019; Andersen, Cranston and Epler 2013","N","Rhithron Associates, Inc.","B. Hayford",,,
"e0067bb7-cafd-4760-b0bd-b7af98cdc045","D16","MART","MART.AOS.reach","2021-04-19T17:15Z","2021-06-10","MART.20210419.HESS.3","A00000109546",,"ANASP2","Y","Anagapetus sp.",,"genus","Arthropoda","Hexapoda","Insecta","Pterygota","Neoptera","Holometabola","Trichoptera",,,"Glossosomatoidea","Glossosomatidae","Glossosomatinae","Anagapetini",,"Anagapetus","sp.",,"larva",4,,1,100,1,"N","N",,"condition OK","Y",,"Wiggins 1996","N","Rhithron Associates, Inc.","B. Moore",,,
"7fe662a4-2db9-447e-b5b6-c9b841dee083","D16","MART","MART.AOS.reach","2021-04-19T17:15Z","2021-06-11","MART.20210419.HESS.1","A00000109540",,"CALCAL","Y","Calineuria californica",,"species","Arthropoda","Hexapoda","Insecta","Pterygota","Neoptera","Polyneoptera","Plecoptera","Systellognatha",,,"Perlidae","Acroneuriinae","Acroneuriini",,"Calineuria","californica",,"larva",5,,1,100,1,"N","N",,"condition OK","Y",,"Stewart and Stark 2002; Merritt et al. 2019","N","Rhithron Associates, Inc.","B. Moore",,,
"192160e2-12eb-49e4-a3c7-d1c1bf54ccb4","D16","MART","MART.AOS.reach","2021-04-19T17:15Z","2021-06-09","MART.20210419.SURBER.5","A00000109541",,"LARSP","Y","Larsia sp.",,"genus","Arthropoda","Hexapoda","Insecta","Pterygota","Neoptera","Holometabola","Diptera","Nematocera","Culicomorpha",,"Chironomidae","Tanypodinae","Pentaneurini",,"Larsia","sp.",,"larva",3,,1,33,3,"N","N",,"condition OK","Y",,"Weiderholm, 1983; Weiderholm, 1986; Epler 2001; Ferrington et al. 2019; Andersen, Cranston and Epler 2013","N","Rhithron Associates, Inc.","B. Hayford",,,
"5a99cb50-3c08-4c72-81e5-6b4290d639e1","D16","MART","MART.AOS.reach","2021-04-19T17:15Z","2021-06-09","MART.20210419.HESS.3","A00000109546",,"THISP2","Y","Thienemanniella sp.",,"genus","Arthropoda","Hexapoda","Insecta","Pterygota","Neoptera","Holometabola","Diptera","Nematocera","Culicomorpha",,"Chironomidae","Orthocladiinae",,,"Thienemanniella","sp.",,"pupa",2,,1,100,1,"N","N",,"condition OK","N",,"Weiderholm, 1983; Weiderholm, 1986; Epler 2001; Ferrington et al. 2019; Andersen, Cranston and Epler 2013","N","Rhithron Associates, Inc.","B. Hayford",,,
"db0878db-1e63-4fec-98f2-784dd3e9d287","D16","MART","MART.AOS.reach","2021-04-19T17:15Z","2021-06-10","MART.20210419.SURBER.1","A00000109543",,"HYDSP23","Y","Hydropsyche sp.",,"genus","Arthropoda","Hexapoda","Insecta","Pterygota","Neoptera","Holometabola","Trichoptera",,,"Hydropsychoidea","Hydropsychidae","Hydropsychinae",,,"Hydropsyche","sp.",,"larva",7,,1,100,1,"N","N",,"condition OK","Y",,"Wiggins, 1996; Geraci, 2010","N","Rhithron Associates, Inc.","B. Moore",,,
"10abd4fd-87ad-4275-927a-5bd7e0bc1571","D16","MART","MART.AOS.reach","2021-04-19T17:15Z","2021-06-09","MART.20210419.HESS.3","A00000109546",,"THIGRO","Y","Thienemannimyia gr.",,"speciesGroup","Arthropoda","Hexapoda","Insecta","Pterygota","Neoptera","Holometabola","Diptera","Nematocera","Culicomorpha",,"Chironomidae","Tanypodinae","Pentaneurini",,"Thienemannimyia","gr.",,"larva",5,,1,100,1,"Y","N","early instar","condition OK","Y",,"Weiderholm, 1983; Weiderholm, 1986; Epler 2001; Ferrington et al. 2008; Andersen, Cranston and Epler 2017","N","Rhithron Associates, Inc.","B. Hayford",,,
"7c568c21-6119-49c5-9be7-efdf4b330698","D16","MART","MART.AOS.reach","2021-04-19T17:15Z","2021-06-09","MART.20210419.SURBER.2","A00000109544",,"EUKGRA","Y","Eukiefferiella gracei gr.",,"speciesGroup","Arthropoda","Hexapoda","Insecta","Pterygota","Neoptera","Holometabola","Diptera","Nematocera","Culicomorpha",,"Chironomidae","Orthocladiinae",,,"Eukiefferiella","gracei gr.",,"larva",2,,2,100,2,"N","N",,"condition OK","Y",,"Weiderholm, 1983; Bode, 1983; Weiderholm, 1986; Epler 2001; Ferrington et al. 2019; Andersen, Cranston and Epler 2013","N","Rhithron Associates, Inc.","B. Hayford",,,
"d153d4ad-8a58-4162-a38a-1f12db95428a","D16","MART","MART.AOS.reach","2021-04-19T17:15Z","2021-06-15","MART.20210419.HESS.3","A00000109546","BA21NEOMST05006O1","ENCSP1","Y","Enchytraeidae sp.",,"family","Annelida","Clitellata","Oligochaeta","Oligochaeta",,,"Enchytraeida",,,,"Enchytraeidae",,,,,"sp.",,"unknown",4,,1,100,1,"N","N",,"condition OK","Y",,"Kathman and Brinkhurst, 1999","N","Rhithron Associates, Inc.","J. Webb",,,
"524a2ff9-ede4-44b3-bd37-193bd3e91c10","D16","MART","MART.AOS.reach","2021-04-19T17:15Z","2021-06-11","MART.20210419.HESS.1","A00000109540",,"CHLSP","Y","Chloroperlidae sp.",,"family","Arthropoda","Hexapoda","Insecta","Pterygota","Neoptera","Polyneoptera","Plecoptera","Systellognatha",,,"Chloroperlidae",,,,,"sp.",,"larva",2,,8,100,8,"Y","N","early instar","condition OK","N",,"Stewart and Stark 2002; Merritt et al. 2019","N","Rhithron Associates, Inc.","B. Moore",,,
"5aac873f-ecb4-4d3c-be69-66934a04e541","D16","MART","MART.AOS.reach","2021-04-19T17:15Z","2021-06-09","MART.20210419.SURBER.3","A00000109545",,"MICSP6","Y","Micropsectra sp.",,"genus","Arthropoda","Hexapoda","Insecta","Pterygota","Neoptera","Holometabola","Diptera","Nematocera","Culicomorpha",,"Chironomidae","Chironominae","Tanytarsini",,"Micropsectra","sp.",,"larva",4,,1,100,1,"N","N",,"condition OK","Y",,"Weiderholm, 1983; Weiderholm, 1986; Epler 2001; Ferrington et al. 2019; Andersen, Cranston and Epler 2013","N","Rhithron Associates, Inc.","B. Hayford",,,
"e0b44bbe-bf6e-423e-a704-c63331b48b48","D16","MART","MART.AOS.reach","2021-04-19T17:15Z","2021-06-10","MART.20210419.SURBER.2","A00000109544",,"RHYBET","Y","Rhyacophila betteni gr.",,"speciesGroup","Arthropoda","Hexapoda","Insecta","Pterygota","Neoptera","Holometabola","Trichoptera",,,"Rhyacophiloidea","Rhyacophilidae",,,,"Rhyacophila","betteni gr.",,"larva",2,,2,100,2,"N","N",,"condition OK","Y",,"Prather and Morris 2001; Morse et al. 2017; Giersch et al. 2012","N","Rhithron Associates, Inc.","B. Moore",,,
"549eec01-df4c-49a5-a872-a99381220a4c","D16","MART","MART.AOS.reach","2021-04-19T17:15Z","2021-06-09","MART.20210419.SURBER.4","A00000109539",,"HYDSP23","Y","Hydropsyche sp.",,"genus","Arthropoda","Hexapoda","Insecta","Pterygota","Neoptera","Holometabola","Trichoptera",,,"Hydropsychoidea","Hydropsychidae","Hydropsychinae",,,"Hydropsyche","sp.",,"larva",10,,1,100,1,"N","N",,"condition OK","Y",,"Wiggins, 1996; Geraci, 2010","Y","Rhithron Associates, Inc.","B. Moore",,,
"e8e5cf68-7a48-4c36-a982-48a5540cf9b8","D16","MART","MART.AOS.reach","2021-04-19T17:15Z","2021-06-10","MART.20210419.SURBER.2","A00000109544",,"ZAISP","Y","Zaitzevia sp.",,"genus","Arthropoda","Hexapoda","Insecta","Pterygota","Neoptera","Holometabola","Coleoptera","Polyphaga","Elateriformia","Byrrhoidea","Elmidae","Elminae","Macronychini",,"Zaitzevia","sp.",,"larva",2,,3,100,3,"N","N",,"condition OK","Y",,"Brown 1972; Merritt et al. 2019","N","Rhithron Associates, Inc.","B. Moore",,,
"24f44e91-1d95-4934-aced-c3d7747fe57f","D16","MART","MART.AOS.reach","2021-04-19T17:15Z","2021-06-09","MART.20210419.SURBER.5","A00000109541",,"LIMSP5","Y","Limnephilidae sp.",,"family","Arthropoda","Hexapoda","Insecta","Pterygota","Neoptera","Holometabola","Trichoptera",,,"Limnephiloidea","Limnephilidae",,,,,"sp.",,"larva",3,,1,33,3,"Y","N","early instar","condition OK","Y",,"Wiggins 1996; Merritt et al. 2019","N","Rhithron Associates, Inc.","B. Moore",,,
"d719a1f9-1324-49a0-85ea-3307c9f9553b","D16","MART","MART.AOS.reach","2021-04-19T17:15Z","2021-06-09","MART.20210419.SURBER.1","A00000109543",,"EUKCLA","Y","Eukiefferiella claripennis gr.",,"speciesGroup","Arthropoda","Hexapoda","Insecta","Pterygota","Neoptera","Holometabola","Diptera","Nematocera","Culicomorpha",,"Chironomidae","Orthocladiinae",,,"Eukiefferiella","claripennis gr.",,"larva",3,,2,100,2,"N","N",,"condition OK","Y",,"Weiderholm, 1983; Bode, 1983; Weiderholm, 1986; Epler 2001; Ferrington et al. 2019; Andersen, Cranston and Epler 2013","N","Rhithron Associates, Inc.","B. Hayford",,,
"cffa58e1-7b33-4c7d-a5fb-18b2a3aa6a25","D16","MART","MART.AOS.reach","2021-04-19T17:15Z","2021-06-09","MART.20210419.HESS.2","A00000109542",,"PARSP29","Y","Parorthocladius sp.",,"genus","Arthropoda","Hexapoda","Insecta","Pterygota","Neoptera","Holometabola","Diptera","Nematocera","Culicomorpha",,"Chironomidae","Orthocladiinae",,,"Parorthocladius","sp.",,"larva",2,,2,100,2,"N","N",,"condition OK","Y",,"Weiderholm, 1983; Weiderholm, 1986; Epler 2001; Ferrington et al. 2019; Andersen, Cranston and Epler 2013","N","Rhithron Associates, Inc.","B. Hayford",,,
"d7bde12f-ba6c-42a7-a3fd-5d3d818c6a00","D16","MART","MART.AOS.reach","2021-04-19T17:15Z","2021-06-11","MART.20210419.HESS.1","A00000109540",,"POLSP17","Y","Polycelis sp.",,"genus","Platyhelminthes","Rhabditophora","Trepaxonemata",,,,"Neoophora",,,,"Planariidae",,,,"Polycelis","sp.",,"unknown",2,,1,100,1,"N","N",,"condition OK","Y",,"Thorp and Rogers 2016","N","Rhithron Associates, Inc.","B. Moore",,,
"6e0166f7-83e5-4978-8101-35f8c5641ab7","D16","MART","MART.AOS.reach","2021-04-19T17:15Z","2021-06-09","MART.20210419.SURBER.1","A00000109543",,"EUKGRA","Y","Eukiefferiella gracei gr.",,"speciesGroup","Arthropoda","Hexapoda","Insecta","Pterygota","Neoptera","Holometabola","Diptera","Nematocera","Culicomorpha",,"Chironomidae","Orthocladiinae",,,"Eukiefferiella","gracei gr.",,"larva",3,,2,100,2,"N","N",,"condition OK","Y",,"Weiderholm, 1983; Bode, 1983; Weiderholm, 1986; Epler 2001; Ferrington et al. 2019; Andersen, Cranston and Epler 2013","N","Rhithron Associates, Inc.","B. Hayford",,,
"bc8f4054-9662-45f0-acb9-2f63169ac34e","D16","MART","MART.AOS.reach","2021-04-19T17:15Z","2021-06-09","MART.20210419.HESS.2","A00000109542",,"STESP10","Y","Stempellinella sp.",,"genus","Arthropoda","Hexapoda","Insecta","Pterygota","Neoptera","Holometabola","Diptera","Nematocera","Culicomorpha",,"Chironomidae","Chironominae","Tanytarsini",,"Stempellinella","sp.",,"larva",3,,1,100,1,"N","N",,"condition OK","Y",,"Weiderholm, 1983; Weiderholm, 1986; Epler 2001; Ferrington et al. 2019; Andersen, Cranston and Epler 2013","N","Rhithron Associates, Inc.","B. Hayford",,,
"12feeb44-e32d-4974-8616-d308a9e1473c","D16","MART","MART.AOS.reach","2021-04-19T17:15Z","2021-06-11","MART.20210419.HESS.2","A00000109542",,"AMESP2","Y","Ameletus sp.",,"genus","Arthropoda","Hexapoda","Insecta","Pterygota","Palaeoptera",,"Ephemeroptera","Pisciforma",,,"Ameletidae",,,,"Ameletus","sp.",,"larva",5,,5,100,5,"N","N",,"condition OK","Y",,"Merritt et al. 2019","N","Rhithron Associates, Inc.","B. Moore",,,
"4b0e8724-3dc9-4d56-8d1d-dd2f6bdc1d40","D16","MART","MART.AOS.reach","2021-04-19T17:15Z","2021-06-09","MART.20210419.SURBER.4","A00000109539",,"CINSP1","Y","Cinygmula sp.",,"genus","Arthropoda","Hexapoda","Insecta","Pterygota","Palaeoptera",,"Ephemeroptera","Pisciforma",,"Heptagenioidea","Heptageniidae",,,,"Cinygmula","sp.",,"larva",1,,1,100,1,"N","N",,"condition OK","Y",,"Merritt et al. 2019","Y","Rhithron Associates, Inc.","B. Moore",,,
"278eba6a-82c7-4cfd-832a-0df1688a9797","D16","MART","MART.AOS.reach","2021-04-19T17:15Z","2021-06-09","MART.20210419.SURBER.5","A00000109541",,"EPESP","Y","Epeorus sp.",,"genus","Arthropoda","Hexapoda","Insecta","Pterygota","Palaeoptera",,"Ephemeroptera","Pisciforma",,"Heptagenioidea","Heptageniidae",,,,"Epeorus","sp.",,"larva",2,,20,33,61,"Y","N","early instar","condition OK","Y",,"Merritt et al. 2019","N","Rhithron Associates, Inc.","B. Moore",,,
"53f56c72-a0b4-4cb2-94ee-23d97c2a5c94","D16","MART","MART.AOS.reach","2021-04-19T17:15Z","2021-06-09","MART.20210419.SURBER.3","A00000109545",,"STESP10","Y","Stempellinella sp.",,"genus","Arthropoda","Hexapoda","Insecta","Pterygota","Neoptera","Holometabola","Diptera","Nematocera","Culicomorpha",,"Chironomidae","Chironominae","Tanytarsini",,"Stempellinella","sp.",,"larva",1,,2,100,2,"N","N",,"condition OK","Y",,"Weiderholm, 1983; Weiderholm, 1986; Epler 2001; Ferrington et al. 2019; Andersen, Cranston and Epler 2013","N","Rhithron Associates, Inc.","B. Hayford",,,
"3aaa3964-6254-47a3-8e0c-20ce13048f11","D16","MART","MART.AOS.reach","2021-04-19T17:15Z","2021-06-09","MART.20210419.SURBER.5","A00000109541",,"CINSP1","Y","Cinygmula sp.",,"genus","Arthropoda","Hexapoda","Insecta","Pterygota","Palaeoptera",,"Ephemeroptera","Pisciforma",,"Heptagenioidea","Heptageniidae",,,,"Cinygmula","sp.",,"larva",1,,2,33,6,"N","N",,"condition OK","Y",,"Merritt et al. 2019","N","Rhithron Associates, Inc.","B. Moore",,,
"1baf893c-79c8-42af-b32e-882145749e91","D16","MART","MART.AOS.reach","2021-04-19T17:15Z","2021-06-10","MART.20210419.HESS.3","A00000109546",,"COLSP1","Y","Collembola sp.",,"order","Arthropoda","Hexapoda","Collembola",,,,"Collembola",,,,,,,,,"sp.",,"unknown",1,,1,100,1,"N","N",,"condition OK","Y",,"Merritt et al. 2019","N","Rhithron Associates, Inc.","B. Moore",,,
"fb77367c-ec58-40ec-a9d9-1f077848bdf0","D16","MART","MART.AOS.reach","2021-04-19T17:15Z","2021-06-10","MART.20210419.SURBER.2","A00000109544",,"DRUSP","Y","Drunella sp.",,"genus","Arthropoda","Hexapoda","Insecta","Pterygota","Palaeoptera",,"Ephemeroptera","Furcatergalia","Pannota","Ephemerelloidea","Ephemerellidae",,,,"Drunella","sp.",,"larva",3,,2,100,2,"Y","N","early instar","condition OK","Y",,"Merritt et al. 2019","N","Rhithron Associates, Inc.","B. Moore","coloradensis/flav",,
"fbbe1c5f-dbce-4492-b55e-22445f7fa4f9","D16","MART","MART.AOS.reach","2021-04-19T17:15Z","2021-06-09","MART.20210419.SURBER.4","A00000109539",,"HETCOR","Y","Heterlimnius corpulentus",,"species","Arthropoda","Hexapoda","Insecta","Pterygota","Neoptera","Holometabola","Coleoptera","Polyphaga","Elateriformia","Byrrhoidea","Elmidae","Elminae","Elmini",,"Heterlimnius","corpulentus",,"larva",2,,1,100,1,"N","N",,"condition OK","Y",,"Brown 1972; Merritt et al. 2019; Kamite, 2009","Y","Rhithron Associates, Inc.","B. Moore",,,
"5b8a1a04-2211-442a-9d22-53103e5a3ec6","D16","MART","MART.AOS.reach","2021-04-19T17:15Z","2021-06-09","MART.20210419.SURBER.4","A00000109539",,"CRISP6","Y","Cricotopus/Orthocladius sp.",,"speciesGroup","Arthropoda","Hexapoda","Insecta","Pterygota","Neoptera","Holometabola","Diptera","Nematocera","Culicomorpha",,"Chironomidae","Orthocladiinae",,,"Cricotopus/Orthocladius","sp.",,"larva",2,,1,100,1,"Y","N","early instar","condition OK","N",,"Weiderholm, 1983; Weiderholm, 1986; Epler 2001; Ferrington et al. 2008; Andersen, Cranston and Epler 2013","Y","Rhithron Associates, Inc.","B. Hayford",,,
"d464a83f-9563-456c-99ee-9944eea86fff","D16","MART","MART.AOS.reach","2021-04-19T17:15Z","2021-06-09","MART.20210419.SURBER.5","A00000109541",,"NEOSP13","Y","Neophylax sp.",,"genus","Arthropoda","Hexapoda","Insecta","Pterygota","Neoptera","Holometabola","Trichoptera",,,"Limnephiloidea","Uenoidae","Thremmatinae",,,"Neophylax","sp.",,"larva",2,,3,33,9,"Y","N","early instar","condition OK","Y",,"Vineyard 1990; Wiggins 1996; Merritt et al. 2019","N","Rhithron Associates, Inc.","B. Moore",,,
"f693d45b-52d6-4e1a-a19e-03bce6c02995","D16","MART","MART.AOS.reach","2021-04-19T17:15Z","2021-06-09","MART.20210419.HESS.3","A00000109546",,"STESP10","Y","Stempellinella sp.",,"genus","Arthropoda","Hexapoda","Insecta","Pterygota","Neoptera","Holometabola","Diptera","Nematocera","Culicomorpha",,"Chironomidae","Chironominae","Tanytarsini",,"Stempellinella","sp.",,"larva",2,,1,100,1,"N","N",,"condition OK","Y",,"Weiderholm, 1983; Weiderholm, 1986; Epler 2001; Ferrington et al. 2019; Andersen, Cranston and Epler 2013","N","Rhithron Associates, Inc.","B. Hayford",,,
"c85aea7f-19ef-4f71-83cc-3e4b66a46a84","D16","MART","MART.AOS.reach","2021-04-19T17:15Z","2021-06-11","MART.20210419.HESS.1","A00000109540",,"DIPHAG","Y","Diphetor hageni",,"species","Arthropoda","Hexapoda","Insecta","Pterygota","Palaeoptera",,"Ephemeroptera","Pisciforma",,,"Baetidae",,,,"Diphetor","hageni",,"larva",3,,6,100,6,"N","N",,"condition OK","Y",,"Morihara and McCafferty 1987; Meyer and McCafferty 2001; Merritt et al. 2019","N","Rhithron Associates, Inc.","B. Moore",,,
"5cdbe1be-35f4-4090-9fff-e254359f97f0","D16","MART","MART.AOS.reach","2021-04-19T17:15Z","2021-06-09","MART.20210419.SURBER.5","A00000109541",,"CERSP10","Y","Ceratopogoninae sp.",,"subfamily","Arthropoda","Hexapoda","Insecta","Pterygota","Neoptera","Holometabola","Diptera","Nematocera","Culicomorpha",,"Ceratopogonidae","Ceratopogoninae",,,,"sp.",,"larva",4,,2,33,6,"N","N",,"condition OK","Y",,"Merritt et al. 2019","N","Rhithron Associates, Inc.","B. Moore",,,
"eab6e283-859b-4bd8-92b9-2064fba25998","D16","MART","MART.AOS.reach","2021-04-19T17:15Z","2021-06-10","MART.20210419.SURBER.1","A00000109543",,"BAEBIC1","Y","Baetis bicaudatus cx.",,"speciesGroup","Arthropoda","Hexapoda","Insecta","Pterygota","Palaeoptera",,"Ephemeroptera",,,,"Baetidae",,,,"Baetis","bicaudatus cx.",,"larva",5,,2,100,2,"N","N",,"condition OK","Y",,"Morihara and McCafferty 1979; Wiersema, 2004; Webb et al. 2018","N","Rhithron Associates, Inc.","B. Moore",,"1f130459-bf47-4e0c-a914-40a8874f1e47",
"185f6207-4d9e-4bac-9987-f4c7cc8012e3","D16","MART","MART.AOS.reach","2021-04-19T17:15Z","2021-06-09","MART.20210419.HESS.2","A00000109542",,"RHESP1","Y","Rheocricotopus sp.",,"genus","Arthropoda","Hexapoda","Insecta","Pterygota","Neoptera","Holometabola","Diptera","Nematocera","Culicomorpha",,"Chironomidae","Orthocladiinae",,,"Rheocricotopus","sp.",,"larva",4,,2,100,2,"N","N",,"condition OK","Y",,"Weiderholm, 1983; Weiderholm, 1986; Epler 2001; Ferrington et al. 2019; Andersen, Cranston and Epler 2013","N","Rhithron Associates, Inc.","B. Hayford",,,
"936fb95c-f99c-4984-aa55-1bded9f4df01","D16","MART","MART.AOS.reach","2021-04-19T17:15Z","2021-06-09","MART.20210419.SURBER.5","A00000109541",,"AMESP2","Y","Ameletus sp.",,"genus","Arthropoda","Hexapoda","Insecta","Pterygota","Palaeoptera",,"Ephemeroptera","Pisciforma",,,"Ameletidae",,,,"Ameletus","sp.",,"larva",2,,10,33,30,"N","N",,"condition OK","Y",,"Merritt et al. 2019","N","Rhithron Associates, Inc.","B. Moore",,,
"39d4a0b8-3fef-4815-af25-5058daf9004f","D16","MART","MART.AOS.reach","2021-04-19T17:15Z","2021-06-15","MART.20210419.HESS.1","A00000109540","BA21NEOMST05008O1","ENCSP1","Y","Enchytraeidae sp.",,"family","Annelida","Clitellata","Oligochaeta","Oligochaeta",,,"Enchytraeida",,,,"Enchytraeidae",,,,,"sp.",,"unknown",4,,1,100,1,"N","N",,"condition OK","Y",,"Kathman and Brinkhurst, 1999","N","Rhithron Associates, Inc.","J. Webb",,,
"1b89a27d-4e18-46ea-9412-f3cf29b82e8e","D16","MART","MART.AOS.reach","2021-04-19T17:15Z","2021-06-11","MART.20210419.HESS.2","A00000109542",,"BAEBIC1","Y","Baetis bicaudatus cx.",,"speciesGroup","Arthropoda","Hexapoda","Insecta","Pterygota","Palaeoptera",,"Ephemeroptera",,,,"Baetidae",,,,"Baetis","bicaudatus cx.",,"larva",4,,1,100,1,"N","N",,"condition OK","Y",,"Morihara and McCafferty 1979; Wiersema, 2004; Webb et al. 2018","N","Rhithron Associates, Inc.","B. Moore",,"ad28ede9-42a6-487c-a24c-cde936672155",
"1fb6dd06-5ec3-4142-acb8-f9aa0d95126f","D16","MART","MART.AOS.reach","2021-04-19T17:15Z","2021-06-11","MART.20210419.HESS.1","A00000109540",,"CINSP1","Y","Cinygmula sp.",,"genus","Arthropoda","Hexapoda","Insecta","Pterygota","Palaeoptera",,"Ephemeroptera","Pisciforma",,"Heptagenioidea","Heptageniidae",,,,"Cinygmula","sp.",,"larva",6,,1,100,1,"N","N",,"condition OK","Y",,"Merritt et al. 2019","N","Rhithron Associates, Inc.","B. Moore",,,
"1569c0fc-1f68-490a-b573-5db5337bf0ed","D16","MART","MART.AOS.reach","2021-04-19T17:15Z","2021-06-09","MART.20210419.HESS.2","A00000109542",,"CRISP2","Y","Cricotopus sp.",,"genus","Arthropoda","Hexapoda","Insecta","Pterygota","Neoptera","Holometabola","Diptera","Nematocera","Culicomorpha",,"Chironomidae","Orthocladiinae",,,"Cricotopus","sp.",,"larva",3,,1,100,1,"N","N",,"condition OK","Y",,"Weiderholm, 1983; Weiderholm, 1986; Epler 2001; Ferrington et al. 2019; Andersen, Cranston and Epler 2013","N","Rhithron Associates, Inc.","B. Hayford",,,
"570606b1-36fe-4056-9205-8e27ab249b6b","D16","MART","MART.AOS.reach","2021-04-19T17:15Z","2021-06-11","MART.20210419.HESS.1","A00000109540",,"CALCAL","Y","Calineuria californica",,"species","Arthropoda","Hexapoda","Insecta","Pterygota","Neoptera","Polyneoptera","Plecoptera","Systellognatha",,,"Perlidae","Acroneuriinae","Acroneuriini",,"Calineuria","californica",,"larva",6,,1,100,1,"N","N",,"condition OK","Y",,"Stewart and Stark 2002; Merritt et al. 2019","N","Rhithron Associates, Inc.","B. Moore",,,
"ed8540df-ab5e-4f29-a3d1-9752672e7cbc","D16","MART","MART.AOS.reach","2021-04-19T17:15Z","2021-06-09","MART.20210419.SURBER.5","A00000109541",,"MONSP19","Y","Monatractides sp.",,"genus","Arthropoda","Chelicerata","Arachnida","Acari",,"Acariformes","Trombidiformes","Prostigmata",,"Lebertioidea","Torrenticolidae",,,,"Monatractides","sp.",,"adult",1,,1,33,3,"N","N",,"condition OK","Y",,"Thorp and Rogers 2016","N","Rhithron Associates, Inc.","B. Moore",,,
"a160a994-7acd-4c98-8447-0a5e69962d4c","D16","MART","MART.AOS.reach","2021-04-19T17:15Z","2021-06-09","MART.20210419.HESS.3","A00000109546",,"PARSP33","Y","Paratendipes sp.",,"genus","Arthropoda","Hexapoda","Insecta","Pterygota","Neoptera","Holometabola","Diptera","Nematocera","Culicomorpha",,"Chironomidae","Chironominae","Chironomini",,"Paratendipes","sp.",,"larva",2,,1,100,1,"N","N",,"condition OK","Y",,"Weiderholm, 1983; Weiderholm, 1986; Epler 2001; Ferrington et al. 2019; Andersen, Cranston and Epler 2013","N","Rhithron Associates, Inc.","B. Hayford",,,
"52c8e144-c8a5-4315-bda0-93061876fd3a","D16","MART","MART.AOS.reach","2021-04-19T17:15Z","2021-06-15","MART.20210419.HESS.1","A00000109540",,"THIGRO","Y","Thienemannimyia gr.",,"speciesGroup","Arthropoda","Hexapoda","Insecta","Pterygota","Neoptera","Holometabola","Diptera","Nematocera","Culicomorpha",,"Chironomidae","Tanypodinae","Pentaneurini",,"Thienemannimyia","gr.",,"larva",2,,2,100,2,"Y","N","early instar","condition OK","Y",,"Weiderholm, 1983; Weiderholm, 1986; Epler 2001; Ferrington et al. 2008; Andersen, Cranston and Epler 2017","N","Rhithron Associates, Inc.","R. Spring",,,
"5086ef6b-377f-4b29-9173-371ab9277628","D16","MART","MART.AOS.reach","2021-04-19T17:15Z","2021-06-15","MART.20210419.HESS.1","A00000109540",,"RHESP1","Y","Rheocricotopus sp.",,"genus","Arthropoda","Hexapoda","Insecta","Pterygota","Neoptera","Holometabola","Diptera","Nematocera","Culicomorpha",,"Chironomidae","Orthocladiinae",,,"Rheocricotopus","sp.",,"larva",3,,2,100,2,"N","N",,"condition OK","Y",,"Weiderholm, 1983; Weiderholm, 1986; Epler 2001; Ferrington et al. 2019; Andersen, Cranston and Epler 2013","N","Rhithron Associates, Inc.","R. Spring",,,
"ab9096d5-e91b-4d22-9a72-515ef45848aa","D16","MART","MART.AOS.reach","2021-04-19T17:15Z","2021-06-09","MART.20210419.SURBER.4","A00000109539",,"CHLSP","Y","Chloroperlidae sp.",,"family","Arthropoda","Hexapoda","Insecta","Pterygota","Neoptera","Polyneoptera","Plecoptera","Systellognatha",,,"Chloroperlidae",,,,,"sp.",,"larva",2,,3,100,3,"Y","N","early instar","condition OK","N",,"Stewart and Stark 2002; Merritt et al. 2019","Y","Rhithron Associates, Inc.","B. Moore",,,
"6b431f45-641e-4be5-8c85-7f5788707ced","D16","MART","MART.AOS.reach","2021-04-19T17:15Z","2021-06-09","MART.20210419.SURBER.3","A00000109545",,"CRISP2","Y","Cricotopus sp.",,"genus","Arthropoda","Hexapoda","Insecta","Pterygota","Neoptera","Holometabola","Diptera","Nematocera","Culicomorpha",,"Chironomidae","Orthocladiinae",,,"Cricotopus","sp.",,"larva",5,,1,100,1,"N","N",,"condition OK","Y",,"Weiderholm, 1983; Weiderholm, 1986; Epler 2001; Ferrington et al. 2019; Andersen, Cranston and Epler 2013","N","Rhithron Associates, Inc.","B. Hayford",,,
"3cc65938-52cf-469a-a4f3-900b66e76660","D16","MART","MART.AOS.reach","2021-04-19T17:15Z","2021-06-09","MART.20210419.SURBER.5","A00000109541",,"DIPHAG","Y","Diphetor hageni",,"species","Arthropoda","Hexapoda","Insecta","Pterygota","Palaeoptera",,"Ephemeroptera","Pisciforma",,,"Baetidae",,,,"Diphetor","hageni",,"larva",2,,1,33,3,"N","N",,"condition OK","Y",,"Morihara and McCafferty 1987; Meyer and McCafferty 2001; Merritt et al. 2019","N","Rhithron Associates, Inc.","B. Moore",,,
"f243e46e-3de1-4d96-9d3a-60264a181d24","D16","MART","MART.AOS.reach","2021-04-19T17:15Z","2021-06-09","MART.20210419.SURBER.4","A00000109539",,"ZAISP","Y","Zaitzevia sp.",,"genus","Arthropoda","Hexapoda","Insecta","Pterygota","Neoptera","Holometabola","Coleoptera","Polyphaga","Elateriformia","Byrrhoidea","Elmidae","Elminae","Macronychini",,"Zaitzevia","sp.",,"larva",2,,2,100,2,"N","N",,"condition OK","Y",,"Brown 1972; Merritt et al. 2019","Y","Rhithron Associates, Inc.","B. Moore",,,
"72a23e84-d0c4-4a7b-9027-26c9864483ea","D16","MART","MART.AOS.reach","2021-04-19T17:15Z","2021-06-09","MART.20210419.SURBER.3","A00000109545",,"BAEBIC1","Y","Baetis bicaudatus cx.",,"speciesGroup","Arthropoda","Hexapoda","Insecta","Pterygota","Palaeoptera",,"Ephemeroptera",,,,"Baetidae",,,,"Baetis","bicaudatus cx.",,"larva",3,,2,100,2,"N","N",,"condition OK","Y",,"Morihara and McCafferty 1979; Wiersema, 2004; Webb et al. 2018","N","Rhithron Associates, Inc.","B. Moore",,"3297f681-1c16-4f9e-bd79-fbba5b6dbc56",
"9a053bf3-f016-442c-bbaf-01881ef5e8c1","D16","MART","MART.AOS.reach","2021-04-19T17:15Z","2021-06-09","MART.20210419.SURBER.3","A00000109545",,"VISCAT","Y","Visoka cataractae",,"species","Arthropoda","Hexapoda","Insecta","Pterygota","Neoptera","Polyneoptera","Plecoptera","Euholognatha",,,"Nemouridae","Nemourinae",,,"Visoka","cataractae",,"larva",3,,1,100,1,"N","N",,"condition OK","Y",,"Stewart and Stark 2002; Merritt et al. 2019","N","Rhithron Associates, Inc.","B. Moore",,,
"81de3231-7965-4350-a1fa-c5d3473820a1","D16","MART","MART.AOS.reach","2021-04-19T17:15Z","2021-06-09","MART.20210419.SURBER.2","A00000109544",,"CRISP2","Y","Cricotopus sp.",,"genus","Arthropoda","Hexapoda","Insecta","Pterygota","Neoptera","Holometabola","Diptera","Nematocera","Culicomorpha",,"Chironomidae","Orthocladiinae",,,"Cricotopus","sp.",,"larva",3,,2,100,2,"N","N",,"condition OK","Y",,"Weiderholm, 1983; Weiderholm, 1986; Epler 2001; Ferrington et al. 2019; Andersen, Cranston and Epler 2013","N","Rhithron Associates, Inc.","B. Hayford",,,
"77879790-1707-448f-8964-90a45351495b","D16","MART","MART.AOS.reach","2021-04-19T17:15Z","2021-06-11","MART.20210419.HESS.1","A00000109540",,"KATSP1","Y","Kathroperla sp.",,"genus","Arthropoda","Hexapoda","Insecta","Pterygota","Neoptera","Polyneoptera","Plecoptera","Systellognatha",,,"Chloroperlidae","Paraperlinae",,,"Kathroperla","sp.",,"larva",2,,3,100,3,"N","N",,"condition OK","Y",,"Stewart and Stark 2002; Merritt et al. 2019","N","Rhithron Associates, Inc.","B. Moore",,,
"8311a9bc-a6e9-4b3d-a80d-52ec8a575c17","D16","MART","MART.AOS.reach","2021-04-19T17:15Z","2021-06-11","MART.20210419.HESS.1","A00000109540",,"KATSP1","Y","Kathroperla sp.",,"genus","Arthropoda","Hexapoda","Insecta","Pterygota","Neoptera","Polyneoptera","Plecoptera","Systellognatha",,,"Chloroperlidae","Paraperlinae",,,"Kathroperla","sp.",,"larva",3,,5,100,5,"N","N",,"condition OK","Y",,"Stewart and Stark 2002; Merritt et al. 2019","N","Rhithron Associates, Inc.","B. Moore",,,
"0ba9b20e-52c8-425f-b676-79f185af988b","D16","MART","MART.AOS.reach","2021-04-19T17:15Z","2021-06-15","MART.20210419.HESS.3","A00000109546","BA21NEOMST05006O1","ENCSP1","Y","Enchytraeidae sp.",,"family","Annelida","Clitellata","Oligochaeta","Oligochaeta",,,"Enchytraeida",,,,"Enchytraeidae",,,,,"sp.",,"unknown",8,,1,100,1,"N","N",,"condition OK","Y",,"Kathman and Brinkhurst, 1999","N","Rhithron Associates, Inc.","J. Webb",,,
"aa853b8f-8be0-4e5b-985d-761c74351133","D16","MART","MART.AOS.reach","2021-04-19T17:15Z","2021-06-09","MART.20210419.SURBER.4","A00000109539",,"PARSP29","Y","Parorthocladius sp.",,"genus","Arthropoda","Hexapoda","Insecta","Pterygota","Neoptera","Holometabola","Diptera","Nematocera","Culicomorpha",,"Chironomidae","Orthocladiinae",,,"Parorthocladius","sp.",,"larva",3,,3,100,3,"N","N",,"condition OK","Y",,"Weiderholm, 1983; Weiderholm, 1986; Epler 2001; Ferrington et al. 2019; Andersen, Cranston and Epler 2013","Y","Rhithron Associates, Inc.","B. Hayford",,,
"6439dd68-c105-4eae-bbc8-08cbfa186f2e","D16","MART","MART.AOS.reach","2021-04-19T17:15Z","2021-06-09","MART.20210419.SURBER.4","A00000109539",,"AMESP2","Y","Ameletus sp.",,"genus","Arthropoda","Hexapoda","Insecta","Pterygota","Palaeoptera",,"Ephemeroptera","Pisciforma",,,"Ameletidae",,,,"Ameletus","sp.",,"larva",6,,1,100,1,"N","N",,"condition OK","Y",,"Merritt et al. 2019","Y","Rhithron Associates, Inc.","B. Moore",,,
"4e5f2835-0590-44d4-972c-78eca2d660a6","D16","MART","MART.AOS.reach","2021-04-19T17:15Z","2021-06-09","MART.20210419.HESS.3","A00000109546",,"PARSP29","Y","Parorthocladius sp.",,"genus","Arthropoda","Hexapoda","Insecta","Pterygota","Neoptera","Holometabola","Diptera","Nematocera","Culicomorpha",,"Chironomidae","Orthocladiinae",,,"Parorthocladius","sp.",,"larva",3,,1,100,1,"N","N",,"condition OK","Y",,"Weiderholm, 1983; Weiderholm, 1986; Epler 2001; Ferrington et al. 2019; Andersen, Cranston and Epler 2013","N","Rhithron Associates, Inc.","B. Hayford",,,
"4c550b2f-d303-4772-a832-1b092fc1d9bb","D16","MART","MART.AOS.reach","2021-04-19T17:15Z","2021-06-10","MART.20210419.HESS.3","A00000109546",,"LEPSP20","Y","Lepidostoma sp.",,"genus","Arthropoda","Hexapoda","Insecta","Pterygota","Neoptera","Holometabola","Trichoptera",,,"Limnephiloidea","Lepidostomatidae","Lepidostomatinae",,,"Lepidostoma","sp.",,"larva",3,,1,100,1,"N","N",,"condition OK","Y",,"Wiggins 1996; Merritt et al. 2019","N","Rhithron Associates, Inc.","B. Moore",,,
"c16e8c58-df2f-4422-bcc7-f3102abb9fa3","D16","MART","MART.AOS.reach","2021-04-19T17:15Z","2021-06-09","MART.20210419.SURBER.5","A00000109541",,"STESP10","Y","Stempellinella sp.",,"genus","Arthropoda","Hexapoda","Insecta","Pterygota","Neoptera","Holometabola","Diptera","Nematocera","Culicomorpha",,"Chironomidae","Chironominae","Tanytarsini",,"Stempellinella","sp.",,"larva",1,,12,33,36,"N","N",,"condition OK","Y",,"Weiderholm, 1983; Weiderholm, 1986; Epler 2001; Ferrington et al. 2019; Andersen, Cranston and Epler 2013","N","Rhithron Associates, Inc.","B. Hayford",,,
"12a686e2-e5d3-4de7-ae7d-d0fda43bb7e3","D16","MART","MART.AOS.reach","2021-04-19T17:15Z","2021-06-11","MART.20210419.HESS.2","A00000109542",,"CALCAL","Y","Calineuria californica",,"species","Arthropoda","Hexapoda","Insecta","Pterygota","Neoptera","Polyneoptera","Plecoptera","Systellognatha",,,"Perlidae","Acroneuriinae","Acroneuriini",,"Calineuria","californica",,"larva",8,,1,100,1,"N","N",,"condition OK","Y",,"Stewart and Stark 2002; Merritt et al. 2019","N","Rhithron Associates, Inc.","B. Moore",,,
"6de88209-f20e-45aa-87fb-68a4f4b43540","D16","MART","MART.AOS.reach","2021-04-19T17:15Z","2021-06-10","MART.20210419.SURBER.1","A00000109543",,"ZAISP","Y","Zaitzevia sp.",,"genus","Arthropoda","Hexapoda","Insecta","Pterygota","Neoptera","Holometabola","Coleoptera","Polyphaga","Elateriformia","Byrrhoidea","Elmidae","Elminae","Macronychini",,"Zaitzevia","sp.",,"larva",2,,6,100,6,"N","N",,"condition OK","Y",,"Brown 1972; Merritt et al. 2019","N","Rhithron Associates, Inc.","B. Moore",,,
"a5087523-f3f6-44ce-b79b-607c5d602b0a","D16","MART","MART.AOS.reach","2021-04-19T17:15Z","2021-06-10","MART.20210419.HESS.3","A00000109546",,"CERSP10","Y","Ceratopogoninae sp.",,"subfamily","Arthropoda","Hexapoda","Insecta","Pterygota","Neoptera","Holometabola","Diptera","Nematocera","Culicomorpha",,"Ceratopogonidae","Ceratopogoninae",,,,"sp.",,"larva",8,,1,100,1,"N","N",,"condition OK","Y",,"Merritt et al. 2019","N","Rhithron Associates, Inc.","B. Moore",,,
"9dd875e4-47e0-46c3-88f4-7a89476f389d","D16","MART","MART.AOS.reach","2021-04-19T17:15Z","2021-06-09","MART.20210419.SURBER.1","A00000109543",,"EUKGRA","Y","Eukiefferiella gracei gr.",,"speciesGroup","Arthropoda","Hexapoda","Insecta","Pterygota","Neoptera","Holometabola","Diptera","Nematocera","Culicomorpha",,"Chironomidae","Orthocladiinae",,,"Eukiefferiella","gracei gr.",,"larva",2,,4,100,4,"N","N",,"condition OK","Y",,"Weiderholm, 1983; Bode, 1983; Weiderholm, 1986; Epler 2001; Ferrington et al. 2019; Andersen, Cranston and Epler 2013","N","Rhithron Associates, Inc.","B. Hayford",,,
"be5c242d-24ff-47f0-b16e-b1a43b324692","D16","MART","MART.AOS.reach","2021-04-19T17:15Z","2021-06-11","MART.20210419.HESS.1","A00000109540",,"EPHDOR","Y","Ephemerella dorothea/excrucians",,"speciesGroup","Arthropoda","Hexapoda","Insecta","Pterygota","Palaeoptera",,"Ephemeroptera","Furcatergalia","Pannota","Ephemerelloidea","Ephemerellidae",,,,"Ephemerella","dorothea/excrucians",,"larva",7,,2,100,2,"Y","N","early instar","condition OK","Y",,"Allen and Edmunds 1965; Merritt et al. 2019","N","Rhithron Associates, Inc.","B. Moore",,,
"9630ab34-37b7-47c4-b7b1-c697857407f8","D16","MART","MART.AOS.reach","2021-04-19T17:15Z","2021-06-11","MART.20210419.HESS.2","A00000109542",,"DRUSP","Y","Drunella sp.",,"genus","Arthropoda","Hexapoda","Insecta","Pterygota","Palaeoptera",,"Ephemeroptera","Furcatergalia","Pannota","Ephemerelloidea","Ephemerellidae",,,,"Drunella","sp.",,"larva",1,,1,100,1,"Y","N","early instar","condition OK","Y",,"Merritt et al. 2019","N","Rhithron Associates, Inc.","B. Moore",,,
"38cecb13-23f1-4e7f-b3db-4b3e4dcd0b58","D16","MART","MART.AOS.reach","2021-04-19T17:15Z","2021-06-09","MART.20210419.SURBER.5","A00000109541",,"THISP2","Y","Thienemanniella sp.",,"genus","Arthropoda","Hexapoda","Insecta","Pterygota","Neoptera","Holometabola","Diptera","Nematocera","Culicomorpha",,"Chironomidae","Orthocladiinae",,,"Thienemanniella","sp.",,"larva",3,,2,33,6,"N","N",,"condition OK","Y",,"Weiderholm, 1983; Weiderholm, 1986; Epler 2001; Ferrington et al. 2019; Andersen, Cranston and Epler 2013","N","Rhithron Associates, Inc.","B. Hayford",,,
"c17e678f-af0a-43f6-80ca-7ec83232a97a","D16","MART","MART.AOS.reach","2021-04-19T17:15Z","2021-06-09","MART.20210419.SURBER.3","A00000109545",,"BAETRI2","Y","Baetis tricaudatus cx.",,"speciesGroup","Arthropoda","Hexapoda","Insecta","Pterygota","Palaeoptera",,"Ephemeroptera",,,,"Baetidae",,,,"Baetis","tricaudatus cx.",,"larva",3,,2,100,2,"N","N",,"condition OK","Y",,"Morihara and McCafferty 1979; Wiersema, 2004; Webb et al. 2018","N","Rhithron Associates, Inc.","B. Moore",,"4654d6c0-21c1-4c60-a006-fe0810cc401e",
"1a96f41a-89ee-4257-a65a-721f157a2849","D16","MART","MART.AOS.reach","2021-04-19T17:15Z","2021-06-09","MART.20210419.SURBER.5","A00000109541",,"RHESP1","Y","Rheocricotopus sp.",,"genus","Arthropoda","Hexapoda","Insecta","Pterygota","Neoptera","Holometabola","Diptera","Nematocera","Culicomorpha",,"Chironomidae","Orthocladiinae",,,"Rheocricotopus","sp.",,"larva",2,,2,33,6,"N","N",,"condition OK","Y",,"Weiderholm, 1983; Weiderholm, 1986; Epler 2001; Ferrington et al. 2019; Andersen, Cranston and Epler 2013","N","Rhithron Associates, Inc.","B. Hayford",,,
"15567097-817c-4beb-9738-1c08a1e4d28d","D16","MART","MART.AOS.reach","2021-04-19T17:15Z","2021-06-10","MART.20210419.SURBER.1","A00000109543",,"CALCAL","Y","Calineuria californica",,"species","Arthropoda","Hexapoda","Insecta","Pterygota","Neoptera","Polyneoptera","Plecoptera","Systellognatha",,,"Perlidae","Acroneuriinae","Acroneuriini",,"Calineuria","californica",,"larva",3,,1,100,1,"N","N",,"condition OK","Y",,"Stewart and Stark 2002; Merritt et al. 2019","N","Rhithron Associates, Inc.","B. Moore",,,
"ee5d6f87-7047-4a8b-9f36-95018363c31d","D16","MART","MART.AOS.reach","2021-04-19T17:15Z","2021-06-09","MART.20210419.SURBER.5","A00000109541",,"CALCAL","Y","Calineuria californica",,"species","Arthropoda","Hexapoda","Insecta","Pterygota","Neoptera","Polyneoptera","Plecoptera","Systellognatha",,,"Perlidae","Acroneuriinae","Acroneuriini",,"Calineuria","californica",,"larva",2,,15,33,45,"N","N",,"condition OK","Y",,"Stewart and Stark 2002; Merritt et al. 2019","N","Rhithron Associates, Inc.","B. Moore",,,
"e5a16f6b-264f-4a1b-9b83-d53714e4a1b7","D16","MART","MART.AOS.reach","2021-04-19T17:15Z","2021-06-10","MART.20210419.SURBER.1","A00000109543",,"RHYSP3","Y","Rhyacophila sp.",,"genus","Arthropoda","Hexapoda","Insecta","Pterygota","Neoptera","Holometabola","Trichoptera",,,"Rhyacophiloidea","Rhyacophilidae",,,,"Rhyacophila","sp.",,"larva",2,,2,100,2,"Y","N","early instar","condition OK","Y",,"Prather and Morris 2001; Morse et al. 2017; Giersch et al. 2012","N","Rhithron Associates, Inc.","B. Moore",,,
"b562d0a6-d890-4dfa-b8c8-63e147fc6f4f","D16","MART","MART.AOS.reach","2021-04-19T17:15Z","2021-06-09","MART.20210419.HESS.3","A00000109546",,"LARSP","Y","Larsia sp.",,"genus","Arthropoda","Hexapoda","Insecta","Pterygota","Neoptera","Holometabola","Diptera","Nematocera","Culicomorpha",,"Chironomidae","Tanypodinae","Pentaneurini",,"Larsia","sp.",,"larva",2,,5,100,5,"N","N",,"condition OK","Y",,"Weiderholm, 1983; Weiderholm, 1986; Epler 2001; Ferrington et al. 2019; Andersen, Cranston and Epler 2013","N","Rhithron Associates, Inc.","B. Hayford",,,
"c75b5a9f-d9d7-44a2-b560-75ea6ff774de","D16","MART","MART.AOS.reach","2021-04-19T17:15Z","2021-06-09","MART.20210419.HESS.2","A00000109542",,"BRISP","Y","Brillia sp.",,"genus","Arthropoda","Hexapoda","Insecta","Pterygota","Neoptera","Holometabola","Diptera","Nematocera","Culicomorpha",,"Chironomidae","Orthocladiinae",,,"Brillia","sp.",,"larva",2,,1,100,1,"N","N",,"condition OK","Y",,"Weiderholm, 1983; Weiderholm, 1986; Epler 2001; Ferrington et al. 2019; Andersen, Cranston and Epler 2013","N","Rhithron Associates, Inc.","B. Hayford",,,
"a2b9fa6f-72bf-4767-92eb-17a777e960c2","D16","MART","MART.AOS.reach","2021-04-19T17:15Z","2021-06-11","MART.20210419.HESS.1","A00000109540",,"LEPSP4","Y","Leptophlebiidae sp.",,"family","Arthropoda","Hexapoda","Insecta","Pterygota","Palaeoptera",,"Ephemeroptera","Furcatergalia","Lanceolata",,"Leptophlebiidae",,,,,"sp.",,"larva",2,,6,100,6,"Y","N","early instar","condition OK","Y",,"Merritt et al. 2019","N","Rhithron Associates, Inc.","B. Moore",,,
"dbb35c09-aadb-4455-90ef-c5c854c96706","D16","MART","MART.AOS.reach","2021-04-19T17:15Z","2021-06-10","MART.20210419.SURBER.1","A00000109543",,"CALCAL","Y","Calineuria californica",,"species","Arthropoda","Hexapoda","Insecta","Pterygota","Neoptera","Polyneoptera","Plecoptera","Systellognatha",,,"Perlidae","Acroneuriinae","Acroneuriini",,"Calineuria","californica",,"larva",10,,1,100,1,"N","N",,"condition OK","Y",,"Stewart and Stark 2002; Merritt et al. 2019","N","Rhithron Associates, Inc.","B. Moore",,,
"d2cda40b-edcc-4d15-9f1b-ea6d0256d5f1","D16","MART","MART.AOS.reach","2021-04-19T17:15Z","2021-06-10","MART.20210419.SURBER.2","A00000109544",,"GLOSP3","Y","Glossosoma sp.",,"genus","Arthropoda","Hexapoda","Insecta","Pterygota","Neoptera","Holometabola","Trichoptera",,,"Glossosomatoidea","Glossosomatidae","Glossosomatinae","Glossosomatini",,"Glossosoma","sp.",,"larva",3,,1,100,1,"N","N",,"condition OK","Y",,"Merritt et al. 2019","N","Rhithron Associates, Inc.","B. Moore",,,
"45ec2d4d-f04c-4ead-b81c-fffaaac0c25c","D16","MART","MART.AOS.reach","2021-04-19T17:15Z","2021-06-09","MART.20210419.SURBER.4","A00000109539",,"AMESP2","Y","Ameletus sp.",,"genus","Arthropoda","Hexapoda","Insecta","Pterygota","Palaeoptera",,"Ephemeroptera","Pisciforma",,,"Ameletidae",,,,"Ameletus","sp.",,"larva",2,,1,100,1,"N","N",,"condition OK","Y",,"Merritt et al. 2019","Y","Rhithron Associates, Inc.","B. Moore",,,
"294953ae-b19b-45ba-8761-b6a28c4ae8af","D16","MART","MART.AOS.reach","2021-04-19T17:15Z","2021-06-10","MART.20210419.SURBER.1","A00000109543",,"EPESP","Y","Epeorus sp.",,"genus","Arthropoda","Hexapoda","Insecta","Pterygota","Palaeoptera",,"Ephemeroptera","Pisciforma",,"Heptagenioidea","Heptageniidae",,,,"Epeorus","sp.",,"larva",1,,37,100,37,"Y","N","early instar","condition OK","Y",,"Merritt et al. 2019","N","Rhithron Associates, Inc.","B. Moore",,,
"2b8f8713-77cb-40f6-9836-37ab19c0a183","D16","MART","MART.AOS.reach","2021-04-19T17:15Z","2021-06-09","MART.20210419.HESS.2","A00000109542",,"TANSP11","Y","Tanytarsus sp.",,"genus","Arthropoda","Hexapoda","Insecta","Pterygota","Neoptera","Holometabola","Diptera","Nematocera","Culicomorpha",,"Chironomidae","Chironominae","Tanytarsini",,"Tanytarsus","sp.",,"larva",2,,1,100,1,"N","N",,"condition OK","Y",,"Weiderholm, 1983; Weiderholm, 1986; Epler 2001; Ferrington et al. 2019; Andersen, Cranston and Epler 2013","N","Rhithron Associates, Inc.","B. Hayford",,,
"f8eaa6de-fc0e-4b1a-bbff-434c5c24dc3b","D16","MART","MART.AOS.reach","2021-04-19T17:15Z","2021-06-09","MART.20210419.HESS.2","A00000109542",,"SYNSP3","Y","Synorthocladius sp.",,"genus","Arthropoda","Hexapoda","Insecta","Pterygota","Neoptera","Holometabola","Diptera","Nematocera","Culicomorpha",,"Chironomidae","Orthocladiinae",,,"Synorthocladius","sp.",,"larva",2,,1,100,1,"N","N",,"condition OK","Y",,"Weiderholm, 1983; Weiderholm, 1986; Epler 2001; Ferrington et al. 2019; Andersen, Cranston and Epler 2013","N","Rhithron Associates, Inc.","B. Hayford",,,
"80e194b3-d717-4d21-8340-c7b1c876a760","D16","MART","MART.AOS.reach","2021-04-19T17:15Z","2021-06-09","MART.20210419.HESS.3","A00000109546",,"LARSP","Y","Larsia sp.",,"genus","Arthropoda","Hexapoda","Insecta","Pterygota","Neoptera","Holometabola","Diptera","Nematocera","Culicomorpha",,"Chironomidae","Tanypodinae","Pentaneurini",,"Larsia","sp.",,"larva",3,,2,100,2,"N","N",,"condition OK","Y",,"Weiderholm, 1983; Weiderholm, 1986; Epler 2001; Ferrington et al. 2019; Andersen, Cranston and Epler 2013","N","Rhithron Associates, Inc.","B. Hayford",,,
"6ef99be6-1595-4f74-ba95-f434fa608cc9","D16","MART","MART.AOS.reach","2021-04-19T17:15Z","2021-06-11","MART.20210419.HESS.2","A00000109542",,"CINSP1","Y","Cinygmula sp.",,"genus","Arthropoda","Hexapoda","Insecta","Pterygota","Palaeoptera",,"Ephemeroptera","Pisciforma",,"Heptagenioidea","Heptageniidae",,,,"Cinygmula","sp.",,"larva",7,,1,100,1,"N","N",,"condition OK","Y",,"Merritt et al. 2019","N","Rhithron Associates, Inc.","B. Moore",,,
"be550ca4-68e1-4a35-80a6-642943c80f09","D16","MART","MART.AOS.reach","2021-04-19T17:15Z","2021-06-09","MART.20210419.HESS.2","A00000109542",,"POTSP2","Y","Potthastia sp.",,"genus","Arthropoda","Hexapoda","Insecta","Pterygota","Neoptera","Holometabola","Diptera","Nematocera","Culicomorpha",,"Chironomidae","Diamesinae","Diamesini",,"Potthastia","sp.",,"larva",6,,1,100,1,"N","N",,"condition OK","Y",,"Weiderholm, 1983; Weiderholm, 1986; Epler 2001; Ferrington et al. 2019; Andersen, Cranston and Epler 2013","N","Rhithron Associates, Inc.","B. Hayford",,,
"779e4897-020f-4eb2-959f-74af4d92e68a","D16","MART","MART.AOS.reach","2021-04-19T17:15Z","2021-06-15","MART.20210419.SURBER.1","A00000109543","BA21NEOMST05005O1","LUMSP2","Y","Lumbriculidae sp.",,"family","Annelida","Clitellata","Oligochaeta","Oligochaeta",,,"Lumbriculida",,,,"Lumbriculidae",,,,,"sp.",,"immature",6,,1,100,1,"Y","N",,"condition OK","Y",,"Kathman and Brinkhurst, 1999","N","Rhithron Associates, Inc.","J. Webb","w/proboscis",,
"7e7df21c-01d6-44fb-9a6b-96186e586d4f","D16","MART","MART.AOS.reach","2021-04-19T17:15Z","2021-06-10","MART.20210419.HESS.3","A00000109546",,"EPESP","Y","Epeorus sp.",,"genus","Arthropoda","Hexapoda","Insecta","Pterygota","Palaeoptera",,"Ephemeroptera","Pisciforma",,"Heptagenioidea","Heptageniidae",,,,"Epeorus","sp.",,"larva",1,,11,100,11,"Y","N","early instar","condition OK","Y",,"Merritt et al. 2019","N","Rhithron Associates, Inc.","B. Moore",,,
"88f67baa-a259-4cba-b3e7-bc2661bcee08","D16","MART","MART.AOS.reach","2021-04-19T17:15Z","2021-06-09","MART.20210419.SURBER.5","A00000109541",,"PARSP26","Y","Parametriocnemus sp.",,"genus","Arthropoda","Hexapoda","Insecta","Pterygota","Neoptera","Holometabola","Diptera","Nematocera","Culicomorpha",,"Chironomidae","Orthocladiinae",,,"Parametriocnemus","sp.",,"larva",3,,2,33,6,"N","N",,"condition OK","Y",,"Weiderholm, 1983; Weiderholm, 1986; Epler 2001; Ferrington et al. 2019; Andersen, Cranston and Epler 2013","N","Rhithron Associates, Inc.","B. Hayford",,,
"74acd2ad-1717-4628-bdf3-99a6bcd6e21b","D16","MART","MART.AOS.reach","2021-04-19T17:15Z","2021-06-09","MART.20210419.SURBER.5","A00000109541",,"DIPHAG","Y","Diphetor hageni",,"species","Arthropoda","Hexapoda","Insecta","Pterygota","Palaeoptera",,"Ephemeroptera","Pisciforma",,,"Baetidae",,,,"Diphetor","hageni",,"larva",3,,1,33,3,"N","N",,"condition OK","Y",,"Morihara and McCafferty 1987; Meyer and McCafferty 2001; Merritt et al. 2019","N","Rhithron Associates, Inc.","B. Moore",,,
"47ab7ab4-7538-42e7-b818-bca9217809b0","D16","MART","MART.AOS.reach","2021-04-19T17:15Z","2021-06-11","MART.20210419.HESS.2","A00000109542",,"CINSP1","Y","Cinygmula sp.",,"genus","Arthropoda","Hexapoda","Insecta","Pterygota","Palaeoptera",,"Ephemeroptera","Pisciforma",,"Heptagenioidea","Heptageniidae",,,,"Cinygmula","sp.",,"larva",2,,2,100,2,"N","N",,"condition OK","Y",,"Merritt et al. 2019","N","Rhithron Associates, Inc.","B. Moore",,,
"2909f7bd-970d-4f04-8c7b-924b4defcb43","D16","MART","MART.AOS.reach","2021-04-19T17:15Z","2021-06-09","MART.20210419.SURBER.4","A00000109539",,"RHYANG","Y","Rhyacophila angelita gr.",,"speciesGroup","Arthropoda","Hexapoda","Insecta","Pterygota","Neoptera","Holometabola","Trichoptera",,,"Rhyacophiloidea","Rhyacophilidae",,,,"Rhyacophila","angelita gr.",,"larva",4,,1,100,1,"N","N",,"condition OK","Y",,"Prather and Morris 2001; Giersch et al. 2012; Morse et al. 2017","Y","Rhithron Associates, Inc.","B. Moore",,,
"62f5715e-293c-4262-8304-c9120d587e22","D16","MART","MART.AOS.reach","2021-04-19T17:15Z","2021-06-09","MART.20210419.SURBER.5","A00000109541",,"STESP10","Y","Stempellinella sp.",,"genus","Arthropoda","Hexapoda","Insecta","Pterygota","Neoptera","Holometabola","Diptera","Nematocera","Culicomorpha",,"Chironomidae","Chironominae","Tanytarsini",,"Stempellinella","sp.",,"larva",2,,4,33,12,"N","N",,"condition OK","Y",,"Weiderholm, 1983; Weiderholm, 1986; Epler 2001; Ferrington et al. 2019; Andersen, Cranston and Epler 2013","N","Rhithron Associates, Inc.","B. Hayford",,,
"b52a3351-966e-4c32-ba72-71272d8371ff","D16","MART","MART.AOS.reach","2021-04-19T17:15Z","2021-06-10","MART.20210419.SURBER.2","A00000109544",,"ORISP1","Y","Oribatida sp.",,"suborder","Arthropoda","Chelicerata","Arachnida","Acari",,"Acariformes","Sarcoptiformes","Oribatida",,,,,,,,"sp.",,"adult",1,,1,100,1,"N","N",,"condition OK","Y",,"Thorp and Rogers 2016","N","Rhithron Associates, Inc.","B. Moore",,,
"0671ed46-d99d-4c2f-b167-ab8f3fadba7f","D16","MART","MART.AOS.reach","2021-04-19T17:15Z","2021-06-09","MART.20210419.SURBER.3","A00000109545",,"PERSP1","Y","Perlidae sp.",,"family","Arthropoda","Hexapoda","Insecta","Pterygota","Neoptera","Polyneoptera","Plecoptera","Systellognatha",,,"Perlidae",,,,,"sp.",,"larva",1,,4,100,4,"Y","N","early instar","condition OK","N",,"Stewart and Stark 2002; Merritt et al. 2019","N","Rhithron Associates, Inc.","B. Moore",,,
"6aea4796-3e5d-45a9-8200-9752ac01d196","D16","MART","MART.AOS.reach","2021-04-19T17:15Z","2021-06-11","MART.20210419.HESS.1","A00000109540",,"ZAISP","Y","Zaitzevia sp.",,"genus","Arthropoda","Hexapoda","Insecta","Pterygota","Neoptera","Holometabola","Coleoptera","Polyphaga","Elateriformia","Byrrhoidea","Elmidae","Elminae","Macronychini",,"Zaitzevia","sp.",,"larva",2,,9,100,9,"N","N",,"condition OK","N",,"Brown 1972; Merritt et al. 2019","N","Rhithron Associates, Inc.","B. Moore",,,
"b2b1408d-1dc0-4d08-93eb-ca04f0a516bb","D16","MART","MART.AOS.reach","2021-04-19T17:15Z","2021-06-09","MART.20210419.SURBER.5","A00000109541",,"CALCAL","Y","Calineuria californica",,"species","Arthropoda","Hexapoda","Insecta","Pterygota","Neoptera","Polyneoptera","Plecoptera","Systellognatha",,,"Perlidae","Acroneuriinae","Acroneuriini",,"Calineuria","californica",,"larva",5,,2,33,6,"N","N",,"condition OK","Y",,"Stewart and Stark 2002; Merritt et al. 2019","N","Rhithron Associates, Inc.","B. Moore",,,
"a3a5e5e5-4598-4c1a-88ef-3435a1905e78","D16","MART","MART.AOS.reach","2021-04-19T17:15Z","2021-06-09","MART.20210419.SURBER.5","A00000109541",,"PARSP29","Y","Parorthocladius sp.",,"genus","Arthropoda","Hexapoda","Insecta","Pterygota","Neoptera","Holometabola","Diptera","Nematocera","Culicomorpha",,"Chironomidae","Orthocladiinae",,,"Parorthocladius","sp.",,"larva",3,,3,33,9,"N","N",,"condition OK","Y",,"Weiderholm, 1983; Weiderholm, 1986; Epler 2001; Ferrington et al. 2019; Andersen, Cranston and Epler 2013","N","Rhithron Associates, Inc.","B. Hayford",,,
"04eff997-6981-4e78-8d92-7bbf691a7e1a","D16","MART","MART.AOS.reach","2021-04-19T17:15Z","2021-06-10","MART.20210419.SURBER.1","A00000109543",,"DRUCOL","Y","Drunella coloradensis/flavilinea",,"speciesGroup","Arthropoda","Hexapoda","Insecta","Pterygota","Palaeoptera",,"Ephemeroptera","Furcatergalia","Pannota","Ephemerelloidea","Ephemerellidae",,,,"Drunella","coloradensis/flavilinea",,"larva",3,,4,100,4,"N","N",,"condition OK","Y",,"Allen and Edmunds 1962","N","Rhithron Associates, Inc.","B. Moore",,,
"1a1ce747-fa11-4153-94cd-62cd12532b3b","D16","MART","MART.AOS.reach","2021-04-19T17:15Z","2021-06-11","MART.20210419.HESS.1","A00000109540",,"LEBSP1","Y","Lebertia sp.",,"genus","Arthropoda","Chelicerata","Arachnida","Acari",,"Acariformes","Trombidiformes","Prostigmata",,"Lebertioidea","Lebertiidae",,,,"Lebertia","sp.",,"adult",1,,1,100,1,"N","N",,"condition OK","Y",,"Thorp and Rogers 2016","N","Rhithron Associates, Inc.","B. Moore",,,
"8695550e-4201-471c-a486-d3e4b7eb8fa9","D16","MART","MART.AOS.reach","2021-04-19T17:15Z","2021-06-09","MART.20210419.HESS.2","A00000109542",,"PARSP26","Y","Parametriocnemus sp.",,"genus","Arthropoda","Hexapoda","Insecta","Pterygota","Neoptera","Holometabola","Diptera","Nematocera","Culicomorpha",,"Chironomidae","Orthocladiinae",,,"Parametriocnemus","sp.",,"larva",5,,3,100,3,"N","N",,"condition OK","Y",,"Weiderholm, 1983; Weiderholm, 1986; Epler 2001; Ferrington et al. 2019; Andersen, Cranston and Epler 2013","N","Rhithron Associates, Inc.","B. Hayford",,,
"0366b527-219c-4cd1-a0b0-e95aa3a837e8","D16","MART","MART.AOS.reach","2021-04-19T17:15Z","2021-06-09","MART.20210419.SURBER.5","A00000109541",,"EPESP","Y","Epeorus sp.",,"genus","Arthropoda","Hexapoda","Insecta","Pterygota","Palaeoptera",,"Ephemeroptera","Pisciforma",,"Heptagenioidea","Heptageniidae",,,,"Epeorus","sp.",,"larva",3,,9,33,27,"Y","N","early instar","condition OK","Y",,"Merritt et al. 2019","N","Rhithron Associates, Inc.","B. Moore",,,
"867a09f3-e8ac-46b4-a6bb-d451603c3e0d","D16","MART","MART.AOS.reach","2021-04-19T17:15Z","2021-06-10","MART.20210419.SURBER.2","A00000109544",,"BAERHO","Y","Baetis rhodani gr.",,"speciesGroup","Arthropoda","Hexapoda","Insecta","Pterygota","Palaeoptera",,"Ephemeroptera",,,,"Baetidae",,,,"Baetis","rhodani gr.",,"larva",1,,21,100,21,"Y","N","early instar","condition OK","N",,"Morihara and McCafferty 1979; Wiersema, 2004; Webb et al. 2018","N","Rhithron Associates, Inc.","B. Moore",,"7a7af506-52e7-4de8-85fa-1ec7440da08d",
"66de046f-8076-4669-9be4-6d79c5f4489e","D16","MART","MART.AOS.reach","2021-04-19T17:15Z","2021-06-09","MART.20210419.HESS.2","A00000109542",,"PARSP29","Y","Parorthocladius sp.",,"genus","Arthropoda","Hexapoda","Insecta","Pterygota","Neoptera","Holometabola","Diptera","Nematocera","Culicomorpha",,"Chironomidae","Orthocladiinae",,,"Parorthocladius","sp.",,"pupa",3,,3,100,3,"N","N",,"condition OK","N",,"Weiderholm, 1983; Weiderholm, 1986; Epler 2001; Ferrington et al. 2019; Andersen, Cranston and Epler 2013","N","Rhithron Associates, Inc.","B. Hayford",,,
"c2cdb570-0057-4c70-a7a0-eb0243774b2d","D16","MART","MART.AOS.reach","2021-04-19T17:15Z","2021-06-09","MART.20210419.SURBER.5","A00000109541",,"NEMSP5","Y","Nemouridae sp.",,"family","Arthropoda","Hexapoda","Insecta","Pterygota","Neoptera","Polyneoptera","Plecoptera","Euholognatha",,,"Nemouridae",,,,,"sp.",,"larva",1,,1,33,3,"Y","N","early instar","condition OK","Y",,"Baumann et al. 1977; Stewart and Stark 2002; Merritt et al. 2019","N","Rhithron Associates, Inc.","B. Moore",,,
"53a6a3e4-3ebd-48c9-8d2f-3327bfa833b3","D16","MART","MART.AOS.reach","2021-04-19T17:15Z","2021-06-09","MART.20210419.HESS.2","A00000109542",,"RHESP1","Y","Rheocricotopus sp.",,"genus","Arthropoda","Hexapoda","Insecta","Pterygota","Neoptera","Holometabola","Diptera","Nematocera","Culicomorpha",,"Chironomidae","Orthocladiinae",,,"Rheocricotopus","sp.",,"larva",2,,3,100,3,"N","N",,"condition OK","Y",,"Weiderholm, 1983; Weiderholm, 1986; Epler 2001; Ferrington et al. 2019; Andersen, Cranston and Epler 2013","N","Rhithron Associates, Inc.","B. Hayford",,,
"8afeb7d2-7bf0-4eb0-b8ef-d7ff39c46dc2","D16","MART","MART.AOS.reach","2021-04-19T17:15Z","2021-06-09","MART.20210419.SURBER.2","A00000109544",,"CRISP6","Y","Cricotopus/Orthocladius sp.",,"speciesGroup","Arthropoda","Hexapoda","Insecta","Pterygota","Neoptera","Holometabola","Diptera","Nematocera","Culicomorpha",,"Chironomidae","Orthocladiinae",,,"Cricotopus/Orthocladius","sp.",,"larva",5,,1,100,1,"Y","N","early instar","condition OK","N",,"Weiderholm, 1983; Weiderholm, 1986; Epler 2001; Ferrington et al. 2008; Andersen, Cranston and Epler 2013","N","Rhithron Associates, Inc.","B. Hayford",,,
"e13f016a-119e-494a-a6a9-b121ba524e93","D16","MART","MART.AOS.reach","2021-04-19T17:15Z","2021-06-09","MART.20210419.SURBER.2","A00000109544",,"CRISP6","Y","Cricotopus/Orthocladius sp.",,"speciesGroup","Arthropoda","Hexapoda","Insecta","Pterygota","Neoptera","Holometabola","Diptera","Nematocera","Culicomorpha",,"Chironomidae","Orthocladiinae",,,"Cricotopus/Orthocladius","sp.",,"larva",1,,1,100,1,"Y","N","early instar","condition OK","N",,"Weiderholm, 1983; Weiderholm, 1986; Epler 2001; Ferrington et al. 2008; Andersen, Cranston and Epler 2013","N","Rhithron Associates, Inc.","B. Hayford",,,
"a1608e1f-2efe-4054-9a47-98dfc58e2263","D16","MART","MART.AOS.reach","2021-04-19T17:15Z","2021-06-09","MART.20210419.SURBER.3","A00000109545",,"DRUSP","Y","Drunella sp.",,"genus","Arthropoda","Hexapoda","Insecta","Pterygota","Palaeoptera",,"Ephemeroptera","Furcatergalia","Pannota","Ephemerelloidea","Ephemerellidae",,,,"Drunella","sp.",,"larva",2,,2,100,2,"Y","N","early instar","condition OK","Y",,"Merritt et al. 2019","N","Rhithron Associates, Inc.","B. Moore",,,
"59fb9227-b28d-4090-a86f-fa90989daa4c","D16","MART","MART.AOS.reach","2021-04-19T17:15Z","2021-06-11","MART.20210419.HESS.2","A00000109542",,"LEPSP20","Y","Lepidostoma sp.",,"genus","Arthropoda","Hexapoda","Insecta","Pterygota","Neoptera","Holometabola","Trichoptera",,,"Limnephiloidea","Lepidostomatidae","Lepidostomatinae",,,"Lepidostoma","sp.",,"larva",4,,2,100,2,"N","N",,"condition OK","Y",,"Wiggins 1996; Merritt et al. 2019","N","Rhithron Associates, Inc.","B. Moore",,,
"5270c727-8247-456a-b525-ee9c1aee70a8","D16","MART","MART.AOS.reach","2021-04-19T17:15Z","2021-06-10","MART.20210419.SURBER.2","A00000109544",,"HETCOR","Y","Heterlimnius corpulentus",,"species","Arthropoda","Hexapoda","Insecta","Pterygota","Neoptera","Holometabola","Coleoptera","Polyphaga","Elateriformia","Byrrhoidea","Elmidae","Elminae","Elmini",,"Heterlimnius","corpulentus",,"larva",2,,3,100,3,"N","N",,"condition OK","Y",,"Brown 1972; Merritt et al. 2019; Kamite, 2009","N","Rhithron Associates, Inc.","B. Moore",,,
"16a2f44d-b4fd-44c1-a713-24d05fd09464","D16","MART","MART.AOS.reach","2021-04-19T17:15Z","2021-06-09","MART.20210419.SURBER.4","A00000109539",,"CORSP19","Y","Corynoneura sp.",,"genus","Arthropoda","Hexapoda","Insecta","Pterygota","Neoptera","Holometabola","Diptera","Nematocera","Culicomorpha",,"Chironomidae","Orthocladiinae",,,"Corynoneura","sp.",,"larva",1,,1,100,1,"N","N",,"condition OK","Y",,"Weiderholm, 1983; Weiderholm, 1986; Epler 2001; Ferrington et al. 2019; Andersen, Cranston and Epler 2013","Y","Rhithron Associates, Inc.","B. Hayford",,,
"17b12f9a-42f6-414d-bd1b-707670a7fe29","D16","MART","MART.AOS.reach","2021-04-19T17:15Z","2021-06-15","MART.20210419.HESS.1","A00000109540",,"PARSP29","Y","Parorthocladius sp.",,"genus","Arthropoda","Hexapoda","Insecta","Pterygota","Neoptera","Holometabola","Diptera","Nematocera","Culicomorpha",,"Chironomidae","Orthocladiinae",,,"Parorthocladius","sp.",,"larva",3,,13,100,13,"N","N",,"condition OK","Y",,"Weiderholm, 1983; Weiderholm, 1986; Epler 2001; Ferrington et al. 2019; Andersen, Cranston and Epler 2013","N","Rhithron Associates, Inc.","R. Spring",,,
"ad58c7a0-ba96-45cb-aee4-2b4ba9789b6c","D16","MART","MART.AOS.reach","2021-04-19T17:15Z","2021-06-09","MART.20210419.SURBER.4","A00000109539",,"COLSP1","Y","Collembola sp.",,"order","Arthropoda","Hexapoda","Collembola",,,,"Collembola",,,,,,,,,"sp.",,"unknown",1,,1,100,1,"N","N",,"condition OK","Y",,"Merritt et al. 2019","Y","Rhithron Associates, Inc.","B. Moore",,,
"1aadb433-7f86-4b7e-afbc-2b1b4a76d43d","D16","MART","MART.AOS.reach","2021-04-19T17:15Z","2021-06-09","MART.20210419.SURBER.4","A00000109539",,"TORSP6","Y","Torrenticola sp.",,"genus","Arthropoda","Chelicerata","Arachnida","Acari",,"Acariformes","Trombidiformes","Prostigmata",,"Lebertioidea","Torrenticolidae",,,,"Torrenticola","sp.",,"adult",1,,5,100,5,"N","N",,"condition OK","Y",,"Thorp and Rogers 2016","Y","Rhithron Associates, Inc.","B. Moore",,,
"40d61ef1-ddc7-499c-91fa-d57cba52330b","D16","MART","MART.AOS.reach","2021-04-19T17:15Z","2021-06-09","MART.20210419.SURBER.2","A00000109544",,"PARSP29","Y","Parorthocladius sp.",,"genus","Arthropoda","Hexapoda","Insecta","Pterygota","Neoptera","Holometabola","Diptera","Nematocera","Culicomorpha",,"Chironomidae","Orthocladiinae",,,"Parorthocladius","sp.",,"larva",3,,2,100,2,"N","N",,"condition OK","Y",,"Weiderholm, 1983; Weiderholm, 1986; Epler 2001; Ferrington et al. 2019; Andersen, Cranston and Epler 2013","N","Rhithron Associates, Inc.","B. Hayford",,,
"b59a22fa-87fd-488e-a671-5903c05a495b","D16","MART","MART.AOS.reach","2021-04-19T17:15Z","2021-06-09","MART.20210419.SURBER.2","A00000109544",,"STESP10","Y","Stempellinella sp.",,"genus","Arthropoda","Hexapoda","Insecta","Pterygota","Neoptera","Holometabola","Diptera","Nematocera","Culicomorpha",,"Chironomidae","Chironominae","Tanytarsini",,"Stempellinella","sp.",,"larva",1,,2,100,2,"N","N",,"condition OK","Y",,"Weiderholm, 1983; Weiderholm, 1986; Epler 2001; Ferrington et al. 2019; Andersen, Cranston and Epler 2013","N","Rhithron Associates, Inc.","B. Hayford",,,
"b6f766b9-fb65-47fd-85eb-d007caa9d9e8","D16","MART","MART.AOS.reach","2021-04-19T17:15Z","2021-06-11","MART.20210419.HESS.1","A00000109540",,"EPHDOR","Y","Ephemerella dorothea/excrucians",,"speciesGroup","Arthropoda","Hexapoda","Insecta","Pterygota","Palaeoptera",,"Ephemeroptera","Furcatergalia","Pannota","Ephemerelloidea","Ephemerellidae",,,,"Ephemerella","dorothea/excrucians",,"larva",6,,1,100,1,"Y","N","early instar","condition OK","Y",,"Allen and Edmunds 1965; Merritt et al. 2019","N","Rhithron Associates, Inc.","B. Moore",,,
"abdd2c65-5e16-4046-84bb-a59d3a157fc0","D16","MART","MART.AOS.reach","2021-04-19T17:15Z","2021-06-11","MART.20210419.HESS.2","A00000109542",,"EPESP","Y","Epeorus sp.",,"genus","Arthropoda","Hexapoda","Insecta","Pterygota","Palaeoptera",,"Ephemeroptera","Pisciforma",,"Heptagenioidea","Heptageniidae",,,,"Epeorus","sp.",,"larva",1,,7,100,7,"Y","N","early instar","condition OK","Y",,"Merritt et al. 2019","N","Rhithron Associates, Inc.","B. Moore",,,
"a75a628e-5556-4827-bb5b-805c0c748e31","D16","MART","MART.AOS.reach","2021-04-19T17:15Z","2021-06-10","MART.20210419.SURBER.1","A00000109543",,"AMESP2","Y","Ameletus sp.",,"genus","Arthropoda","Hexapoda","Insecta","Pterygota","Palaeoptera",,"Ephemeroptera","Pisciforma",,,"Ameletidae",,,,"Ameletus","sp.",,"larva",2,,2,100,2,"N","N",,"condition OK","Y",,"Merritt et al. 2019","N","Rhithron Associates, Inc.","B. Moore",,,
"dab9fb0b-b7f1-4df8-8029-0ca47da8aa9a","D16","MART","MART.AOS.reach","2021-04-19T17:15Z","2021-06-15","MART.20210419.HESS.1","A00000109540",,"THIGRO","Y","Thienemannimyia gr.",,"speciesGroup","Arthropoda","Hexapoda","Insecta","Pterygota","Neoptera","Holometabola","Diptera","Nematocera","Culicomorpha",,"Chironomidae","Tanypodinae","Pentaneurini",,"Thienemannimyia","gr.",,"larva",4,,2,100,2,"Y","N","early instar","condition OK","Y",,"Weiderholm, 1983; Weiderholm, 1986; Epler 2001; Ferrington et al. 2008; Andersen, Cranston and Epler 2017","N","Rhithron Associates, Inc.","R. Spring",,,
"fa219213-80f4-4b8a-90a0-5462bbee245b","D16","MART","MART.AOS.reach","2021-04-19T17:15Z","2021-06-09","MART.20210419.SURBER.5","A00000109541",,"WOOSP","Y","Woolastookia sp.",,"genus","Arthropoda","Chelicerata","Arachnida","Acari",,"Acariformes","Trombidiformes","Prostigmata",,"Hygrobatoidea","Aturidae",,,,"Woolastookia","sp.",,"adult",1,,2,33,6,"N","N",,"condition OK","Y",,"Thorp and Rogers 2016","N","Rhithron Associates, Inc.","B. Moore",,,
"7cce2799-2440-47cd-8568-3c075e88dfe1","D16","MART","MART.AOS.reach","2021-04-19T17:15Z","2021-06-09","MART.20210419.SURBER.3","A00000109545",,"EPHTIB","Y","Ephemerella tibialis",,"species","Arthropoda","Hexapoda","Insecta","Pterygota","Palaeoptera",,"Ephemeroptera","Furcatergalia","Pannota","Ephemerelloidea","Ephemerellidae",,,,"Ephemerella","tibialis",,"larva",1,,1,100,1,"N","N",,"condition OK","Y",,"Allen and Edmunds 1965","N","Rhithron Associates, Inc.","B. Moore",,,
"63dff134-6068-48e8-82cc-6851fe31a2e6","D16","MART","MART.AOS.reach","2021-04-19T17:15Z","2021-06-09","MART.20210419.HESS.2","A00000109542",,"LARSP","Y","Larsia sp.",,"genus","Arthropoda","Hexapoda","Insecta","Pterygota","Neoptera","Holometabola","Diptera","Nematocera","Culicomorpha",,"Chironomidae","Tanypodinae","Pentaneurini",,"Larsia","sp.",,"larva",2,,10,100,10,"N","N",,"condition OK","Y",,"Weiderholm, 1983; Weiderholm, 1986; Epler 2001; Ferrington et al. 2019; Andersen, Cranston and Epler 2013","N","Rhithron Associates, Inc.","B. Hayford",,,
"5c23e5ac-80ad-4912-97ba-42b88ea92b0b","D16","MART","MART.AOS.reach","2021-04-19T17:15Z","2021-06-10","MART.20210419.SURBER.1","A00000109543",,"COLSP1","Y","Collembola sp.",,"order","Arthropoda","Hexapoda","Collembola",,,,"Collembola",,,,,,,,,"sp.",,"unknown",1,,3,100,3,"N","N",,"condition OK","Y",,"Merritt et al. 2019","N","Rhithron Associates, Inc.","B. Moore",,,
"79d25cad-0533-4237-a602-4a2a79cee560","D16","MART","MART.AOS.reach","2021-04-19T17:15Z","2021-06-09","MART.20210419.SURBER.3","A00000109545",,"DORSP2","Y","Doroneuria sp.",,"genus","Arthropoda","Hexapoda","Insecta","Pterygota","Neoptera","Polyneoptera","Plecoptera","Systellognatha",,,"Perlidae","Acroneuriinae","Acroneuriini",,"Doroneuria","sp.",,"larva",6,,1,100,1,"N","N",,"condition OK","Y",,"Stewart and Stark 2002; Merritt et al. 2019","N","Rhithron Associates, Inc.","B. Moore",,,
"a735f5c6-9237-4b5f-a203-b875608514f9","D16","MART","MART.AOS.reach","2021-04-19T17:15Z","2021-06-11","MART.20210419.HESS.2","A00000109542",,"ATRSP3","Y","Atractides sp.",,"genus","Arthropoda","Chelicerata","Arachnida","Acari",,"Acariformes","Trombidiformes","Prostigmata",,"Hygrobatoidea","Hygrobatidae",,,,"Atractides","sp.",,"adult",1,,1,100,1,"N","N",,"condition OK","Y",,"Thorp and Rogers 2016","N","Rhithron Associates, Inc.","B. Moore",,,
"5505c834-0788-49ad-a1f2-f72eeb33232e","D16","MART","MART.AOS.reach","2021-04-19T17:15Z","2021-06-09","MART.20210419.SURBER.4","A00000109539",,"SWESP","Y","Sweltsa sp.",,"genus","Arthropoda","Hexapoda","Insecta","Pterygota","Neoptera","Polyneoptera","Plecoptera","Systellognatha",,,"Chloroperlidae","Chloroperlinae",,,"Sweltsa","sp.",,"larva",3,,2,100,2,"N","N",,"condition OK","Y",,"Stewart and Stark 2002; Merritt et al. 2019","Y","Rhithron Associates, Inc.","B. Moore",,,
"1899f408-1efb-4b5f-a36c-39eb4f793d34","D16","MART","MART.AOS.reach","2021-04-19T17:15Z","2021-06-09","MART.20210419.SURBER.3","A00000109545",,"TANSP7","Y","Tanypodinae sp.",,"subfamily","Arthropoda","Hexapoda","Insecta","Pterygota","Neoptera","Holometabola","Diptera","Nematocera","Culicomorpha",,"Chironomidae","Tanypodinae",,,,"sp.",,"larva",1,,1,100,1,"Y","N","early instar","condition OK","N",,"Weiderholm, 1983; Weiderholm, 1986; Epler 2001; Ferrington et al. 2019; Andersen, Cranston and Epler 2013","N","Rhithron Associates, Inc.","B. Hayford",,,
"094d35dd-db11-469e-addb-2a4f96659582","D16","MART","MART.AOS.reach","2021-04-19T17:15Z","2021-06-10","MART.20210419.SURBER.2","A00000109544",,"TORSP6","Y","Torrenticola sp.",,"genus","Arthropoda","Chelicerata","Arachnida","Acari",,"Acariformes","Trombidiformes","Prostigmata",,"Lebertioidea","Torrenticolidae",,,,"Torrenticola","sp.",,"adult",1,,6,100,6,"N","N",,"condition OK","Y",,"Thorp and Rogers 2016","N","Rhithron Associates, Inc.","B. Moore",,,
"c991b7b6-b2da-4584-90b4-b46d408feedd","D16","MART","MART.AOS.reach","2021-04-19T17:15Z","2021-06-11","MART.20210419.HESS.2","A00000109542",,"GLOSP3","Y","Glossosoma sp.",,"genus","Arthropoda","Hexapoda","Insecta","Pterygota","Neoptera","Holometabola","Trichoptera",,,"Glossosomatoidea","Glossosomatidae","Glossosomatinae","Glossosomatini",,"Glossosoma","sp.",,"larva",4,,1,100,1,"N","N",,"condition OK","Y",,"Merritt et al. 2019","N","Rhithron Associates, Inc.","B. Moore",,,
"4bfea230-ead4-4587-b144-abd79e3f00a2","D16","MART","MART.AOS.reach","2021-04-19T17:15Z","2021-06-09","MART.20210419.SURBER.5","A00000109541",,"LEPSP4","Y","Leptophlebiidae sp.",,"family","Arthropoda","Hexapoda","Insecta","Pterygota","Palaeoptera",,"Ephemeroptera","Furcatergalia","Lanceolata",,"Leptophlebiidae",,,,,"sp.",,"larva",2,,11,33,33,"Y","N","early instar","condition OK","Y",,"Merritt et al. 2019","N","Rhithron Associates, Inc.","B. Moore",,,
"7cc24578-99bf-4ed0-a413-dacb025feedd","D16","MART","MART.AOS.reach","2021-04-19T17:15Z","2021-06-09","MART.20210419.HESS.3","A00000109546",,"THIGRO","Y","Thienemannimyia gr.",,"speciesGroup","Arthropoda","Hexapoda","Insecta","Pterygota","Neoptera","Holometabola","Diptera","Nematocera","Culicomorpha",,"Chironomidae","Tanypodinae","Pentaneurini",,"Thienemannimyia","gr.",,"larva",2,,3,100,3,"Y","N","early instar","condition OK","Y",,"Weiderholm, 1983; Weiderholm, 1986; Epler 2001; Ferrington et al. 2008; Andersen, Cranston and Epler 2017","N","Rhithron Associates, Inc.","B. Hayford",,,
"b8f6d101-4fdf-4bbe-928f-0c690b781f4c","D16","MART","MART.AOS.reach","2021-04-19T17:15Z","2021-06-09","MART.20210419.SURBER.5","A00000109541",,"RHESP1","Y","Rheocricotopus sp.",,"genus","Arthropoda","Hexapoda","Insecta","Pterygota","Neoptera","Holometabola","Diptera","Nematocera","Culicomorpha",,"Chironomidae","Orthocladiinae",,,"Rheocricotopus","sp.",,"larva",3,,2,33,6,"N","N",,"condition OK","Y",,"Weiderholm, 1983; Weiderholm, 1986; Epler 2001; Ferrington et al. 2019; Andersen, Cranston and Epler 2013","N","Rhithron Associates, Inc.","B. Hayford",,,
"2e2cd66b-495e-4b4d-a1ba-f6d2c18b1080","D16","MART","MART.AOS.reach","2021-04-19T17:15Z","2021-06-11","MART.20210419.HESS.2","A00000109542",,"SWESP","Y","Sweltsa sp.",,"genus","Arthropoda","Hexapoda","Insecta","Pterygota","Neoptera","Polyneoptera","Plecoptera","Systellognatha",,,"Chloroperlidae","Chloroperlinae",,,"Sweltsa","sp.",,"larva",5,,3,100,3,"N","N",,"condition OK","Y",,"Stewart and Stark 2002; Merritt et al. 2019","N","Rhithron Associates, Inc.","B. Moore",,,
"95442c14-4b30-45cb-bc77-11b8de0ee157","D16","MART","MART.AOS.reach","2021-04-19T17:15Z","2021-06-09","MART.20210419.SURBER.5","A00000109541",,"CERSP10","Y","Ceratopogoninae sp.",,"subfamily","Arthropoda","Hexapoda","Insecta","Pterygota","Neoptera","Holometabola","Diptera","Nematocera","Culicomorpha",,"Ceratopogonidae","Ceratopogoninae",,,,"sp.",,"larva",2,,2,33,6,"N","N",,"condition OK","Y",,"Merritt et al. 2019","N","Rhithron Associates, Inc.","B. Moore",,,
"656deebd-47ff-44aa-baa5-bcc6854901ab","D16","MART","MART.AOS.reach","2021-04-19T17:15Z","2021-06-09","MART.20210419.SURBER.4","A00000109539",,"GLOSP3","Y","Glossosoma sp.",,"genus","Arthropoda","Hexapoda","Insecta","Pterygota","Neoptera","Holometabola","Trichoptera",,,"Glossosomatoidea","Glossosomatidae","Glossosomatinae","Glossosomatini",,"Glossosoma","sp.",,"larva",4,,2,100,2,"N","N",,"condition OK","Y",,"Merritt et al. 2019","Y","Rhithron Associates, Inc.","B. Moore",,,
"6a5de018-e47f-495c-96db-38d383a4aa9c","D16","MART","MART.AOS.reach","2021-04-19T17:15Z","2021-06-15","MART.20210419.HESS.3","A00000109546","BA21NEOMST05006O1","LUMSP2","Y","Lumbriculidae sp.",,"family","Annelida","Clitellata","Oligochaeta","Oligochaeta",,,"Lumbriculida",,,,"Lumbriculidae",,,,,"sp.",,"immature",4,,1,100,1,"Y","N",,"condition OK","Y",,"Kathman and Brinkhurst, 1999","N","Rhithron Associates, Inc.","J. Webb",,,
"4678be55-8884-4b0f-b1cb-6536560ad56b","D16","MART","MART.AOS.reach","2021-04-19T17:15Z","2021-06-09","MART.20210419.SURBER.4","A00000109539",,"STESP10","Y","Stempellinella sp.",,"genus","Arthropoda","Hexapoda","Insecta","Pterygota","Neoptera","Holometabola","Diptera","Nematocera","Culicomorpha",,"Chironomidae","Chironominae","Tanytarsini",,"Stempellinella","sp.",,"larva",2,,2,100,2,"N","N",,"condition OK","Y",,"Weiderholm, 1983; Weiderholm, 1986; Epler 2001; Ferrington et al. 2019; Andersen, Cranston and Epler 2013","Y","Rhithron Associates, Inc.","B. Hayford",,,
"c115db56-cf99-4229-9b4d-6c440b42de0c","D16","MART","MART.AOS.reach","2021-04-19T17:15Z","2021-06-09","MART.20210419.SURBER.4","A00000109539",,"EPESP","Y","Epeorus sp.",,"genus","Arthropoda","Hexapoda","Insecta","Pterygota","Palaeoptera",,"Ephemeroptera","Pisciforma",,"Heptagenioidea","Heptageniidae",,,,"Epeorus","sp.",,"larva",4,,1,100,1,"Y","N","early instar","condition OK","Y",,"Merritt et al. 2019","Y","Rhithron Associates, Inc.","B. Moore",,,
"5acd6836-356c-487f-b1ab-e5754651e197","D16","MART","MART.AOS.reach","2021-04-19T17:15Z","2021-06-09","MART.20210419.SURBER.3","A00000109545",,"STESP10","Y","Stempellinella sp.",,"genus","Arthropoda","Hexapoda","Insecta","Pterygota","Neoptera","Holometabola","Diptera","Nematocera","Culicomorpha",,"Chironomidae","Chironominae","Tanytarsini",,"Stempellinella","sp.",,"larva",2,,1,100,1,"N","N",,"condition OK","Y",,"Weiderholm, 1983; Weiderholm, 1986; Epler 2001; Ferrington et al. 2019; Andersen, Cranston and Epler 2013","N","Rhithron Associates, Inc.","B. Hayford",,,
"81663303-e211-41bf-92fb-9afd20a15c5e","D16","MART","MART.AOS.reach","2021-04-19T17:15Z","2021-06-11","MART.20210419.HESS.2","A00000109542",,"ZAISP","Y","Zaitzevia sp.",,"genus","Arthropoda","Hexapoda","Insecta","Pterygota","Neoptera","Holometabola","Coleoptera","Polyphaga","Elateriformia","Byrrhoidea","Elmidae","Elminae","Macronychini",,"Zaitzevia","sp.",,"larva",2,,3,100,3,"N","N",,"condition OK","Y",,"Brown 1972; Merritt et al. 2019","N","Rhithron Associates, Inc.","B. Moore",,,
"7dce3add-1e30-4e64-a576-9040f8029cae","D16","MART","MART.AOS.reach","2021-04-19T17:15Z","2021-06-10","MART.20210419.SURBER.2","A00000109544",,"PERSP1","Y","Perlidae sp.",,"family","Arthropoda","Hexapoda","Insecta","Pterygota","Neoptera","Polyneoptera","Plecoptera","Systellognatha",,,"Perlidae",,,,,"sp.",,"larva",1,,4,100,4,"Y","N","early instar","condition OK","Y",,"Stewart and Stark 2002; Merritt et al. 2019","N","Rhithron Associates, Inc.","B. Moore",,,
"68fd6c52-ab39-407b-a37a-0c2041ef1964","D16","MART","MART.AOS.reach","2021-04-19T17:15Z","2021-06-11","MART.20210419.HESS.2","A00000109542",,"TORSP6","Y","Torrenticola sp.",,"genus","Arthropoda","Chelicerata","Arachnida","Acari",,"Acariformes","Trombidiformes","Prostigmata",,"Lebertioidea","Torrenticolidae",,,,"Torrenticola","sp.",,"adult",1,,10,100,10,"N","N",,"condition OK","Y",,"Thorp and Rogers 2016","N","Rhithron Associates, Inc.","B. Moore",,,
"8242841f-2a89-4265-a32c-2e07784e5d1f","D16","MART","MART.AOS.reach","2021-04-19T17:15Z","2021-06-11","MART.20210419.HESS.1","A00000109540",,"ZAISP","Y","Zaitzevia sp.",,"genus","Arthropoda","Hexapoda","Insecta","Pterygota","Neoptera","Holometabola","Coleoptera","Polyphaga","Elateriformia","Byrrhoidea","Elmidae","Elminae","Macronychini",,"Zaitzevia","sp.",,"adult",2,,2,100,2,"N","N",,"condition OK","Y",,"Brown 1972; Merritt et al. 2019","N","Rhithron Associates, Inc.","B. Moore",,,
"96873f18-2b03-4138-b038-e0ac848cd006","D16","MART","MART.AOS.reach","2021-04-19T17:15Z","2021-06-11","MART.20210419.HESS.1","A00000109540",,"AMESP2","Y","Ameletus sp.",,"genus","Arthropoda","Hexapoda","Insecta","Pterygota","Palaeoptera",,"Ephemeroptera","Pisciforma",,,"Ameletidae",,,,"Ameletus","sp.",,"larva",2,,48,100,48,"N","N",,"condition OK","Y",,"Merritt et al. 2019","N","Rhithron Associates, Inc.","B. Moore",,,
"557d9287-605b-4b09-b248-3a41f3eff105","D16","MART","MART.AOS.reach","2021-04-19T17:15Z","2021-06-09","MART.20210419.SURBER.5","A00000109541",,"ZAISP","Y","Zaitzevia sp.",,"genus","Arthropoda","Hexapoda","Insecta","Pterygota","Neoptera","Holometabola","Coleoptera","Polyphaga","Elateriformia","Byrrhoidea","Elmidae","Elminae","Macronychini",,"Zaitzevia","sp.",,"larva",2,,5,33,15,"N","N",,"condition OK","Y",,"Brown 1972; Merritt et al. 2019","N","Rhithron Associates, Inc.","B. Moore",,,
"1085793b-a1bd-44c5-9c71-6891cfca5519","D16","MART","MART.AOS.reach","2021-04-19T17:15Z","2021-06-09","MART.20210419.SURBER.4","A00000109539",,"CINSP1","Y","Cinygmula sp.",,"genus","Arthropoda","Hexapoda","Insecta","Pterygota","Palaeoptera",,"Ephemeroptera","Pisciforma",,"Heptagenioidea","Heptageniidae",,,,"Cinygmula","sp.",,"larva",6,,1,100,1,"N","N",,"condition OK","Y",,"Merritt et al. 2019","Y","Rhithron Associates, Inc.","B. Moore",,,
"04c67c75-2bac-4f33-bdaa-1c75d0047798","D16","MART","MART.AOS.reach","2021-04-19T17:15Z","2021-06-09","MART.20210419.SURBER.4","A00000109539",,"CALCAL","Y","Calineuria californica",,"species","Arthropoda","Hexapoda","Insecta","Pterygota","Neoptera","Polyneoptera","Plecoptera","Systellognatha",,,"Perlidae","Acroneuriinae","Acroneuriini",,"Calineuria","californica",,"larva",3,,1,100,1,"N","N",,"condition OK","Y",,"Stewart and Stark 2002; Merritt et al. 2019","Y","Rhithron Associates, Inc.","B. Moore",,,
"b8c547a0-586f-4b25-8229-b38a3b168a49","D16","MART","MART.AOS.reach","2021-04-19T17:15Z","2021-06-09","MART.20210419.SURBER.5","A00000109541",,"ZAISP","Y","Zaitzevia sp.",,"genus","Arthropoda","Hexapoda","Insecta","Pterygota","Neoptera","Holometabola","Coleoptera","Polyphaga","Elateriformia","Byrrhoidea","Elmidae","Elminae","Macronychini",,"Zaitzevia","sp.",,"larva",3,,5,33,15,"N","N",,"condition OK","Y",,"Brown 1972; Merritt et al. 2019","N","Rhithron Associates, Inc.","B. Moore",,,
"b60517e3-8f40-42ae-aadf-b90ae7c65356","D16","MART","MART.AOS.reach","2021-04-19T17:15Z","2021-06-15","MART.20210419.HESS.1","A00000109540",,"RHESP1","Y","Rheocricotopus sp.",,"genus","Arthropoda","Hexapoda","Insecta","Pterygota","Neoptera","Holometabola","Diptera","Nematocera","Culicomorpha",,"Chironomidae","Orthocladiinae",,,"Rheocricotopus","sp.",,"larva",4,,1,100,1,"N","N",,"condition OK","Y",,"Weiderholm, 1983; Weiderholm, 1986; Epler 2001; Ferrington et al. 2019; Andersen, Cranston and Epler 2013","N","Rhithron Associates, Inc.","R. Spring",,,
"12bec0b4-eec6-423c-a634-cd63649fc8f6","D16","MART","MART.AOS.reach","2021-04-19T17:15Z","2021-06-10","MART.20210419.SURBER.1","A00000109543",,"BAERHO","Y","Baetis rhodani gr.",,"speciesGroup","Arthropoda","Hexapoda","Insecta","Pterygota","Palaeoptera",,"Ephemeroptera",,,,"Baetidae",,,,"Baetis","rhodani gr.",,"larva",2,,120,100,120,"Y","N","early instar","condition OK","N",,"Morihara and McCafferty 1979; Wiersema, 2004; Webb et al. 2018","N","Rhithron Associates, Inc.","B. Moore",,"49dcdc85-dd6f-432a-97d2-b9a1683e6054",
"3357caba-bd81-4dc4-aea7-c9d9f5d6bad5","D16","MART","MART.AOS.reach","2021-04-19T17:15Z","2021-06-09","MART.20210419.SURBER.4","A00000109539",,"CHLSP","Y","Chloroperlidae sp.",,"family","Arthropoda","Hexapoda","Insecta","Pterygota","Neoptera","Polyneoptera","Plecoptera","Systellognatha",,,"Chloroperlidae",,,,,"sp.",,"larva",1,,3,100,3,"Y","N","early instar","condition OK","N",,"Stewart and Stark 2002; Merritt et al. 2019","Y","Rhithron Associates, Inc.","B. Moore",,,
"5888b4a6-980d-4102-b1dc-eb49a0a0319b","D16","MART","MART.AOS.reach","2021-04-19T17:15Z","2021-06-09","MART.20210419.SURBER.3","A00000109545",,"POTSP2","Y","Potthastia sp.",,"genus","Arthropoda","Hexapoda","Insecta","Pterygota","Neoptera","Holometabola","Diptera","Nematocera","Culicomorpha",,"Chironomidae","Diamesinae","Diamesini",,"Potthastia","sp.",,"larva",2,,1,100,1,"N","N",,"condition OK","Y",,"Weiderholm, 1983; Weiderholm, 1986; Epler 2001; Ferrington et al. 2019; Andersen, Cranston and Epler 2013","N","Rhithron Associates, Inc.","B. Hayford",,,
"e9058d5f-e9aa-401b-b761-d510bda5d172","D16","MART","MART.AOS.reach","2021-04-19T17:15Z","2021-06-09","MART.20210419.SURBER.1","A00000109543",,"MICSP6","Y","Micropsectra sp.",,"genus","Arthropoda","Hexapoda","Insecta","Pterygota","Neoptera","Holometabola","Diptera","Nematocera","Culicomorpha",,"Chironomidae","Chironominae","Tanytarsini",,"Micropsectra","sp.",,"larva",4,,1,100,1,"N","N",,"condition OK","Y",,"Weiderholm, 1983; Weiderholm, 1986; Epler 2001; Ferrington et al. 2019; Andersen, Cranston and Epler 2013","N","Rhithron Associates, Inc.","B. Hayford",,,
"b2b02c10-f7b3-4f30-a1ab-545eef668e0b","D16","MART","MART.AOS.reach","2021-04-19T17:15Z","2021-06-09","MART.20210419.HESS.3","A00000109546",,"THIGRO","Y","Thienemannimyia gr.",,"speciesGroup","Arthropoda","Hexapoda","Insecta","Pterygota","Neoptera","Holometabola","Diptera","Nematocera","Culicomorpha",,"Chironomidae","Tanypodinae","Pentaneurini",,"Thienemannimyia","gr.",,"larva",6,,1,100,1,"Y","N","early instar","condition OK","Y",,"Weiderholm, 1983; Weiderholm, 1986; Epler 2001; Ferrington et al. 2008; Andersen, Cranston and Epler 2017","N","Rhithron Associates, Inc.","B. Hayford",,,
"2e947090-b019-4934-8d38-302b5e33d647","D16","MART","MART.AOS.reach","2021-04-19T17:15Z","2021-06-15","MART.20210419.SURBER.5","A00000109541","BA21NEOMST05001O1","LUMSP2","Y","Lumbriculidae sp.",,"family","Annelida","Clitellata","Oligochaeta","Oligochaeta",,,"Lumbriculida",,,,"Lumbriculidae",,,,,"sp.",,"immature",8,,3,33,9,"Y","N",,"condition OK","Y",,"Kathman and Brinkhurst, 1999","N","Rhithron Associates, Inc.","J. Webb","w/proboscis",,
"c7b8e803-3c2a-41ed-92d4-ca951e47aa49","D16","MART","MART.AOS.reach","2021-04-19T17:15Z","2021-06-09","MART.20210419.SURBER.5","A00000109541",,"HETCOR","Y","Heterlimnius corpulentus",,"species","Arthropoda","Hexapoda","Insecta","Pterygota","Neoptera","Holometabola","Coleoptera","Polyphaga","Elateriformia","Byrrhoidea","Elmidae","Elminae","Elmini",,"Heterlimnius","corpulentus",,"larva",2,,10,33,30,"N","N",,"condition OK","Y",,"Brown 1972; Merritt et al. 2019; Kamite, 2009","N","Rhithron Associates, Inc.","B. Moore",,,
"c4fa8977-0e32-4991-8c67-eb781ac6fdea","D16","MART","MART.AOS.reach","2021-04-19T17:15Z","2021-06-11","MART.20210419.HESS.1","A00000109540",,"EPESP","Y","Epeorus sp.",,"genus","Arthropoda","Hexapoda","Insecta","Pterygota","Palaeoptera",,"Ephemeroptera","Pisciforma",,"Heptagenioidea","Heptageniidae",,,,"Epeorus","sp.",,"larva",2,,28,100,28,"Y","N","early instar","condition OK","Y",,"Merritt et al. 2019","N","Rhithron Associates, Inc.","B. Moore",,,
"f4298308-2e7e-4e8e-b396-066bad1c2ed1","D16","MART","MART.AOS.reach","2021-04-19T17:15Z","2021-06-09","MART.20210419.HESS.2","A00000109542",,"RHESP2","Y","Rheotanytarsus sp.",,"genus","Arthropoda","Hexapoda","Insecta","Pterygota","Neoptera","Holometabola","Diptera","Nematocera","Culicomorpha",,"Chironomidae","Chironominae","Tanytarsini",,"Rheotanytarsus","sp.",,"larva",3,,1,100,1,"N","N",,"condition OK","Y",,"Weiderholm, 1983; Weiderholm, 1986; Epler 2001; Ferrington et al. 2019; Andersen, Cranston and Epler 2013","N","Rhithron Associates, Inc.","B. Hayford",,,
"401b98e8-a662-4eae-84ad-49a82a929f81","D16","MART","MART.AOS.reach","2021-04-19T17:15Z","2021-06-09","MART.20210419.SURBER.2","A00000109544",,"TVESP","Y","Tvetenia sp.",,"genus","Arthropoda","Hexapoda","Insecta","Pterygota","Neoptera","Holometabola","Diptera","Nematocera","Culicomorpha",,"Chironomidae","Orthocladiinae",,,"Tvetenia","sp.",,"larva",4,,1,100,1,"N","N",,"condition OK","Y",,"Weiderholm, 1983; Weiderholm, 1986; Epler 2001; Ferrington et al. 2019; Andersen, Cranston and Epler 2013","N","Rhithron Associates, Inc.","B. Hayford",,,
"69166007-4953-46d0-a86c-a0067392b5a3","D16","MART","MART.AOS.reach","2021-04-19T17:15Z","2021-06-09","MART.20210419.HESS.2","A00000109542",,"LARSP","Y","Larsia sp.",,"genus","Arthropoda","Hexapoda","Insecta","Pterygota","Neoptera","Holometabola","Diptera","Nematocera","Culicomorpha",,"Chironomidae","Tanypodinae","Pentaneurini",,"Larsia","sp.",,"larva",3,,3,100,3,"N","N",,"condition OK","Y",,"Weiderholm, 1983; Weiderholm, 1986; Epler 2001; Ferrington et al. 2019; Andersen, Cranston and Epler 2013","N","Rhithron Associates, Inc.","B. Hayford",,,
"5e43d2f5-78a9-4738-b738-fa591572dcb7","D16","MART","MART.AOS.reach","2021-04-19T17:15Z","2021-06-09","MART.20210419.SURBER.3","A00000109545",,"LEBSP1","Y","Lebertia sp.",,"genus","Arthropoda","Chelicerata","Arachnida","Acari",,"Acariformes","Trombidiformes","Prostigmata",,"Lebertioidea","Lebertiidae",,,,"Lebertia","sp.",,"adult",1,,2,100,2,"N","N",,"condition OK","Y",,"Thorp and Rogers 2016","N","Rhithron Associates, Inc.","B. Moore",,,
"936ec086-0fc5-4c35-af2a-a0b7f6a9dde7","D16","MART","MART.AOS.reach","2021-04-19T17:15Z","2021-06-10","MART.20210419.SURBER.1","A00000109543",,"EPHTIB","Y","Ephemerella tibialis",,"species","Arthropoda","Hexapoda","Insecta","Pterygota","Palaeoptera",,"Ephemeroptera","Furcatergalia","Pannota","Ephemerelloidea","Ephemerellidae",,,,"Ephemerella","tibialis",,"larva",2,,5,100,5,"N","N",,"condition OK","Y",,"Allen and Edmunds 1965","N","Rhithron Associates, Inc.","B. Moore",,,
"6dd01cfb-e1b2-4837-89cf-cf8b81f89ff2","D16","MART","MART.AOS.reach","2021-04-19T17:15Z","2021-06-09","MART.20210419.SURBER.5","A00000109541",,"EPESP","Y","Epeorus sp.",,"genus","Arthropoda","Hexapoda","Insecta","Pterygota","Palaeoptera",,"Ephemeroptera","Pisciforma",,"Heptagenioidea","Heptageniidae",,,,"Epeorus","sp.",,"larva",6,,2,33,6,"Y","N","early instar","condition OK","Y",,"Merritt et al. 2019","N","Rhithron Associates, Inc.","B. Moore",,,
"797acd06-91e1-4671-8531-9ffdcaa5c97e","D16","MART","MART.AOS.reach","2021-04-19T17:15Z","2021-06-09","MART.20210419.SURBER.3","A00000109545",,"CINSP1","Y","Cinygmula sp.",,"genus","Arthropoda","Hexapoda","Insecta","Pterygota","Palaeoptera",,"Ephemeroptera","Pisciforma",,"Heptagenioidea","Heptageniidae",,,,"Cinygmula","sp.",,"larva",5,,3,100,3,"N","N",,"condition OK","Y",,"Merritt et al. 2019","N","Rhithron Associates, Inc.","B. Moore",,,
"4ce75468-383c-4246-8a1a-19d5e921b24a","D16","MART","MART.AOS.reach","2021-04-19T17:15Z","2021-06-09","MART.20210419.SURBER.1","A00000109543",,"CORSP19","Y","Corynoneura sp.",,"genus","Arthropoda","Hexapoda","Insecta","Pterygota","Neoptera","Holometabola","Diptera","Nematocera","Culicomorpha",,"Chironomidae","Orthocladiinae",,,"Corynoneura","sp.",,"larva",2,,1,100,1,"N","N",,"condition OK","Y",,"Weiderholm, 1983; Weiderholm, 1986; Epler 2001; Ferrington et al. 2019; Andersen, Cranston and Epler 2013","N","Rhithron Associates, Inc.","B. Hayford",,,
"a3794a3f-8054-4556-a1ee-2f974ce7d9f6","D16","MART","MART.AOS.reach","2021-04-19T17:15Z","2021-06-11","MART.20210419.HESS.2","A00000109542",,"CHLSP","Y","Chloroperlidae sp.",,"family","Arthropoda","Hexapoda","Insecta","Pterygota","Neoptera","Polyneoptera","Plecoptera","Systellognatha",,,"Chloroperlidae",,,,,"sp.",,"larva",2,,7,100,7,"Y","N","early instar","condition OK","N",,"Stewart and Stark 2002; Merritt et al. 2019","N","Rhithron Associates, Inc.","B. Moore",,,
"69f64695-f1a2-43e5-90c8-f2868ef65fa6","D16","MART","MART.AOS.reach","2021-04-19T17:15Z","2021-06-09","MART.20210419.SURBER.5","A00000109541",,"PARSP29","Y","Parorthocladius sp.",,"genus","Arthropoda","Hexapoda","Insecta","Pterygota","Neoptera","Holometabola","Diptera","Nematocera","Culicomorpha",,"Chironomidae","Orthocladiinae",,,"Parorthocladius","sp.",,"larva",2,,3,33,9,"N","N",,"condition OK","Y",,"Weiderholm, 1983; Weiderholm, 1986; Epler 2001; Ferrington et al. 2019; Andersen, Cranston and Epler 2013","N","Rhithron Associates, Inc.","B. Hayford",,,
"0bfe2985-eaad-463f-8d8d-1c98a3c43dd8","D16","MART","MART.AOS.reach","2021-04-19T17:15Z","2021-06-11","MART.20210419.HESS.2","A00000109542",,"ELOSP2","Y","Eloeophila sp.",,"genus","Arthropoda",,"Insecta",,,,"Diptera",,,,"Limoniidae",,,,"Eloeophila","sp.",,"larva",9,,1,100,1,"N","N",,"condition OK","Y",,"Merritt et al. 2019","N","Rhithron Associates, Inc.","B. Moore",,,
"ff50c637-8a55-4ed5-9b09-63061f13207f","D16","MART","MART.AOS.reach","2021-04-19T17:15Z","2021-06-09","MART.20210419.SURBER.3","A00000109545",,"THISP2","Y","Thienemanniella sp.",,"genus","Arthropoda","Hexapoda","Insecta","Pterygota","Neoptera","Holometabola","Diptera","Nematocera","Culicomorpha",,"Chironomidae","Orthocladiinae",,,"Thienemanniella","sp.",,"larva",3,,1,100,1,"N","N",,"condition OK","Y",,"Weiderholm, 1983; Weiderholm, 1986; Epler 2001; Ferrington et al. 2019; Andersen, Cranston and Epler 2013","N","Rhithron Associates, Inc.","B. Hayford",,,
"2c0316fe-44f4-4c4a-b2fb-7141efcde5fa","D16","MART","MART.AOS.reach","2021-04-19T17:15Z","2021-06-15","MART.20210419.HESS.1","A00000109540",,"EUKGRA","Y","Eukiefferiella gracei gr.",,"speciesGroup","Arthropoda","Hexapoda","Insecta","Pterygota","Neoptera","Holometabola","Diptera","Nematocera","Culicomorpha",,"Chironomidae","Orthocladiinae",,,"Eukiefferiella","gracei gr.",,"larva",2,,1,100,1,"N","N",,"condition OK","Y",,"Weiderholm, 1983; Bode, 1983; Weiderholm, 1986; Epler 2001; Ferrington et al. 2019; Andersen, Cranston and Epler 2013","N","Rhithron Associates, Inc.","R. Spring",,,
"1ba57972-59c8-4586-9c88-a7190f20ca56","D16","MART","MART.AOS.reach","2021-04-19T17:15Z","2021-06-11","MART.20210419.HESS.1","A00000109540",,"TORSP6","Y","Torrenticola sp.",,"genus","Arthropoda","Chelicerata","Arachnida","Acari",,"Acariformes","Trombidiformes","Prostigmata",,"Lebertioidea","Torrenticolidae",,,,"Torrenticola","sp.",,"adult",1,,18,100,18,"N","N",,"condition OK","Y",,"Thorp and Rogers 2016","N","Rhithron Associates, Inc.","B. Moore",,,
"c6007ff1-4500-46e9-b4bc-7c9130d4de8f","D16","MART","MART.AOS.reach","2021-04-19T17:15Z","2021-06-09","MART.20210419.HESS.2","A00000109542",,"PARSP29","Y","Parorthocladius sp.",,"genus","Arthropoda","Hexapoda","Insecta","Pterygota","Neoptera","Holometabola","Diptera","Nematocera","Culicomorpha",,"Chironomidae","Orthocladiinae",,,"Parorthocladius","sp.",,"larva",4,,1,100,1,"N","N",,"condition OK","Y",,"Weiderholm, 1983; Weiderholm, 1986; Epler 2001; Ferrington et al. 2019; Andersen, Cranston and Epler 2013","N","Rhithron Associates, Inc.","B. Hayford",,,
"1748f4ff-14b4-45fa-9f79-9406c765fcb6","D16","MART","MART.AOS.reach","2021-04-19T17:15Z","2021-06-10","MART.20210419.HESS.3","A00000109546",,"ZAISP","Y","Zaitzevia sp.",,"genus","Arthropoda","Hexapoda","Insecta","Pterygota","Neoptera","Holometabola","Coleoptera","Polyphaga","Elateriformia","Byrrhoidea","Elmidae","Elminae","Macronychini",,"Zaitzevia","sp.",,"larva",3,,8,100,8,"N","N",,"condition OK","Y",,"Brown 1972; Merritt et al. 2019","N","Rhithron Associates, Inc.","B. Moore",,,
"35950c64-d37c-45b2-afa2-9a3fdd98b9b0","D16","MART","MART.AOS.reach","2021-04-19T17:15Z","2021-06-09","MART.20210419.SURBER.4","A00000109539",,"RHESP1","Y","Rheocricotopus sp.",,"genus","Arthropoda","Hexapoda","Insecta","Pterygota","Neoptera","Holometabola","Diptera","Nematocera","Culicomorpha",,"Chironomidae","Orthocladiinae",,,"Rheocricotopus","sp.",,"larva",3,,1,100,1,"N","N",,"condition OK","Y",,"Weiderholm, 1983; Weiderholm, 1986; Epler 2001; Ferrington et al. 2019; Andersen, Cranston and Epler 2013","Y","Rhithron Associates, Inc.","B. Hayford",,,
"5935cade-fa99-40ce-8784-99c39b282bca","D16","MART","MART.AOS.reach","2021-04-19T17:15Z","2021-06-10","MART.20210419.SURBER.1","A00000109543",,"PERSP1","Y","Perlidae sp.",,"family","Arthropoda","Hexapoda","Insecta","Pterygota","Neoptera","Polyneoptera","Plecoptera","Systellognatha",,,"Perlidae",,,,,"sp.",,"larva",1,,6,100,6,"Y","N","early instar","condition OK","N",,"Stewart and Stark 2002; Merritt et al. 2019","N","Rhithron Associates, Inc.","B. Moore",,,
"941e2ff1-9e06-4867-8e8e-298a0750090f","D16","MART","MART.AOS.reach","2021-04-19T17:15Z","2021-06-10","MART.20210419.SURBER.1","A00000109543",,"BAETRI2","Y","Baetis tricaudatus cx.",,"speciesGroup","Arthropoda","Hexapoda","Insecta","Pterygota","Palaeoptera",,"Ephemeroptera",,,,"Baetidae",,,,"Baetis","tricaudatus cx.",,"larva",3,,5,100,5,"N","N",,"condition OK","Y",,"Morihara and McCafferty 1979; Wiersema, 2004; Webb et al. 2018","N","Rhithron Associates, Inc.","B. Moore",,"14e54112-f2e2-4f77-9d00-3502995ca5ad",
"f867d20b-c62b-4361-9e9a-285c8d996d04","D16","MART","MART.AOS.reach","2021-04-19T17:15Z","2021-06-09","MART.20210419.HESS.2","A00000109542",,"THISP2","Y","Thienemanniella sp.",,"genus","Arthropoda","Hexapoda","Insecta","Pterygota","Neoptera","Holometabola","Diptera","Nematocera","Culicomorpha",,"Chironomidae","Orthocladiinae",,,"Thienemanniella","sp.",,"larva",2,,1,100,1,"N","N",,"condition OK","Y",,"Weiderholm, 1983; Weiderholm, 1986; Epler 2001; Ferrington et al. 2019; Andersen, Cranston and Epler 2013","N","Rhithron Associates, Inc.","B. Hayford",,,
"ef017e70-167b-490d-ba44-7d78b57c8299","D16","MART","MART.AOS.reach","2021-04-19T17:15Z","2021-06-09","MART.20210419.SURBER.4","A00000109539",,"DRUSP","Y","Drunella sp.",,"genus","Arthropoda","Hexapoda","Insecta","Pterygota","Palaeoptera",,"Ephemeroptera","Furcatergalia","Pannota","Ephemerelloidea","Ephemerellidae",,,,"Drunella","sp.",,"larva",3,,1,100,1,"Y","N","early instar","condition OK","Y",,"Merritt et al. 2019","Y","Rhithron Associates, Inc.","B. Moore",,,
"a01dacbf-da1d-4ae8-bda8-67edb2206612","D16","MART","MART.AOS.reach","2021-04-19T17:15Z","2021-06-09","MART.20210419.SURBER.4","A00000109539",,"NEOSP30","Y","Neoplasta sp.",,"genus","Arthropoda","Hexapoda","Insecta","Pterygota","Neoptera","Holometabola","Diptera","Brachycera","Muscomorpha",,"Empididae","Hemerodromiinae","Hemerodromiini",,"Neoplasta","sp.",,"larva",2,,1,100,1,"N","N",,"condition OK","Y",,"Merritt et al. 2019","Y","Rhithron Associates, Inc.","B. Moore",,,
"68defd49-a97f-41ae-b267-d878e8934f92","D16","MART","MART.AOS.reach","2021-04-19T17:15Z","2021-06-09","MART.20210419.SURBER.3","A00000109545",,"ATUSP1","Y","Aturus sp.",,"genus","Arthropoda","Chelicerata","Arachnida","Acari",,"Acariformes","Trombidiformes","Prostigmata",,"Hygrobatoidea","Aturidae",,,,"Aturus","sp.",,"adult",1,,1,100,1,"N","N",,"condition OK","Y",,"Thorp and Rogers 2016","N","Rhithron Associates, Inc.","B. Moore",,,
"4df3b96a-0222-4306-b197-67ca9ed971b5","D16","MART","MART.AOS.reach","2021-04-19T17:15Z","2021-06-10","MART.20210419.SURBER.1","A00000109543",,"EPHSP1","Y","Ephemerellidae sp.",,"family","Arthropoda","Hexapoda","Insecta","Pterygota","Palaeoptera",,"Ephemeroptera","Furcatergalia","Pannota","Ephemerelloidea","Ephemerellidae",,,,,"sp.",,"larva",1,,5,100,5,"Y","N","early instar","condition OK","N",,"Merritt et al. 2019","N","Rhithron Associates, Inc.","B. Moore",,,
"c8b7d50c-23ae-492b-a32b-3e7ce5d2868a","D16","MART","MART.AOS.reach","2021-04-19T17:15Z","2021-06-11","MART.20210419.HESS.2","A00000109542",,"PERSP1","Y","Perlidae sp.",,"family","Arthropoda","Hexapoda","Insecta","Pterygota","Neoptera","Polyneoptera","Plecoptera","Systellognatha",,,"Perlidae",,,,,"sp.",,"larva",1,,8,100,8,"Y","N","early instar","condition OK","N",,"Stewart and Stark 2002; Merritt et al. 2019","N","Rhithron Associates, Inc.","B. Moore",,,
"a2992740-0cd9-4779-abe5-2e1811404266","D16","MART","MART.AOS.reach","2021-04-19T17:15Z","2021-06-09","MART.20210419.SURBER.3","A00000109545",,"THISP2","Y","Thienemanniella sp.",,"genus","Arthropoda","Hexapoda","Insecta","Pterygota","Neoptera","Holometabola","Diptera","Nematocera","Culicomorpha",,"Chironomidae","Orthocladiinae",,,"Thienemanniella","sp.",,"larva",2,,1,100,1,"N","N",,"condition OK","Y",,"Weiderholm, 1983; Weiderholm, 1986; Epler 2001; Ferrington et al. 2019; Andersen, Cranston and Epler 2013","N","Rhithron Associates, Inc.","B. Hayford",,,
"ca73b556-7fb5-4143-a0f1-c3b9da2a7005","D16","MART","MART.AOS.reach","2021-04-19T17:15Z","2021-06-10","MART.20210419.SURBER.1","A00000109543",,"CERSP10","Y","Ceratopogoninae sp.",,"subfamily","Arthropoda","Hexapoda","Insecta","Pterygota","Neoptera","Holometabola","Diptera","Nematocera","Culicomorpha",,"Ceratopogonidae","Ceratopogoninae",,,,"sp.",,"larva",4,,1,100,1,"N","N",,"condition OK","Y",,"Merritt et al. 2019","N","Rhithron Associates, Inc.","B. Moore",,,
"7cfab07a-99e4-4486-beb2-a26a7afc220a","D16","MART","MART.AOS.reach","2021-04-19T17:15Z","2021-06-11","MART.20210419.HESS.1","A00000109540",,"ZAISP","Y","Zaitzevia sp.",,"genus","Arthropoda","Hexapoda","Insecta","Pterygota","Neoptera","Holometabola","Coleoptera","Polyphaga","Elateriformia","Byrrhoidea","Elmidae","Elminae","Macronychini",,"Zaitzevia","sp.",,"larva",4,,6,100,6,"N","N",,"condition OK","N",,"Brown 1972; Merritt et al. 2019","N","Rhithron Associates, Inc.","B. Moore",,,
"c872e838-304b-4255-9975-ae43c8eb13c2","D16","MART","MART.AOS.reach","2021-04-19T17:15Z","2021-06-10","MART.20210419.SURBER.2","A00000109544",,"COLSP1","Y","Collembola sp.",,"order","Arthropoda","Hexapoda","Collembola",,,,"Collembola",,,,,,,,,"sp.",,"unknown",1,,3,100,3,"N","N",,"condition OK","Y",,"Merritt et al. 2019","N","Rhithron Associates, Inc.","B. Moore",,,
"9ad7a102-8b99-4cbd-8196-312227143d0d","D16","MART","MART.AOS.reach","2021-04-19T17:15Z","2021-06-09","MART.20210419.HESS.2","A00000109542",,"THIGRO","Y","Thienemannimyia gr.",,"speciesGroup","Arthropoda","Hexapoda","Insecta","Pterygota","Neoptera","Holometabola","Diptera","Nematocera","Culicomorpha",,"Chironomidae","Tanypodinae","Pentaneurini",,"Thienemannimyia","gr.",,"larva",2,,1,100,1,"Y","N","early instar","condition OK","Y",,"Weiderholm, 1983; Weiderholm, 1986; Epler 2001; Ferrington et al. 2008; Andersen, Cranston and Epler 2017","N","Rhithron Associates, Inc.","B. Hayford",,,
"f8c986e1-a1d1-4203-9b07-9c179e1c7664","D16","MART","MART.AOS.reach","2021-04-19T17:15Z","2021-06-09","MART.20210419.SURBER.5","A00000109541",,"BAERHO","Y","Baetis rhodani gr.",,"speciesGroup","Arthropoda","Hexapoda","Insecta","Pterygota","Palaeoptera",,"Ephemeroptera",,,,"Baetidae",,,,"Baetis","rhodani gr.",,"larva",2,,10,33,30,"Y","N","early instar","condition OK","N",,"Morihara and McCafferty 1979; Wiersema, 2004; Webb et al. 2018","N","Rhithron Associates, Inc.","B. Moore",,"310258df-797c-41ff-bc32-0613573ecbd1",
"03a13e77-92a9-4a11-8adc-1ba609e053ad","D16","MART","MART.AOS.reach","2021-04-19T17:15Z","2021-06-09","MART.20210419.HESS.3","A00000109546",,"STESP10","Y","Stempellinella sp.",,"genus","Arthropoda","Hexapoda","Insecta","Pterygota","Neoptera","Holometabola","Diptera","Nematocera","Culicomorpha",,"Chironomidae","Chironominae","Tanytarsini",,"Stempellinella","sp.",,"larva",1,,29,100,29,"N","N",,"condition OK","Y",,"Weiderholm, 1983; Weiderholm, 1986; Epler 2001; Ferrington et al. 2019; Andersen, Cranston and Epler 2013","N","Rhithron Associates, Inc.","B. Hayford",,,
"4cba3ef5-3dec-4c98-a930-11a1fd8f5610","D16","MART","MART.AOS.reach","2021-04-19T17:15Z","2021-06-10","MART.20210419.HESS.3","A00000109546",,"CERSP10","Y","Ceratopogoninae sp.",,"subfamily","Arthropoda","Hexapoda","Insecta","Pterygota","Neoptera","Holometabola","Diptera","Nematocera","Culicomorpha",,"Ceratopogonidae","Ceratopogoninae",,,,"sp.",,"larva",6,,14,100,14,"N","N",,"condition OK","Y",,"Merritt et al. 2019","N","Rhithron Associates, Inc.","B. Moore",,,
"6c9db921-ba06-43fe-a22c-ca37be1c1499","D16","MART","MART.AOS.reach","2021-04-19T17:15Z","2021-06-10","MART.20210419.SURBER.1","A00000109543",,"TORSP6","Y","Torrenticola sp.",,"genus","Arthropoda","Chelicerata","Arachnida","Acari",,"Acariformes","Trombidiformes","Prostigmata",,"Lebertioidea","Torrenticolidae",,,,"Torrenticola","sp.",,"adult",1,,11,100,11,"N","N",,"condition OK","Y",,"Thorp and Rogers 2016","N","Rhithron Associates, Inc.","B. Moore",,,
"5e7a3331-861e-498e-b88b-a3a1198103fb","D16","MART","MART.AOS.reach","2021-04-19T17:15Z","2021-06-09","MART.20210419.SURBER.5","A00000109541",,"AMESP2","Y","Ameletus sp.",,"genus","Arthropoda","Hexapoda","Insecta","Pterygota","Palaeoptera",,"Ephemeroptera","Pisciforma",,,"Ameletidae",,,,"Ameletus","sp.",,"larva",5,,1,33,3,"N","N",,"condition OK","Y",,"Merritt et al. 2019","N","Rhithron Associates, Inc.","B. Moore",,,
"2255c610-2d73-46ad-8256-7c72f4724fc8","D16","MART","MART.AOS.reach","2021-04-19T17:15Z","2021-06-11","MART.20210419.HESS.1","A00000109540",,"MONSP19","Y","Monatractides sp.",,"genus","Arthropoda","Chelicerata","Arachnida","Acari",,"Acariformes","Trombidiformes","Prostigmata",,"Lebertioidea","Torrenticolidae",,,,"Monatractides","sp.",,"adult",1,,1,100,1,"N","N",,"condition OK","Y",,"Thorp and Rogers 2016","N","Rhithron Associates, Inc.","B. Moore",,,
"9cacb8d6-0617-4a33-918f-447eebafed9d","D16","MART","MART.AOS.reach","2021-04-19T17:15Z","2021-06-09","MART.20210419.HESS.2","A00000109542",,"SYNSP3","Y","Synorthocladius sp.",,"genus","Arthropoda","Hexapoda","Insecta","Pterygota","Neoptera","Holometabola","Diptera","Nematocera","Culicomorpha",,"Chironomidae","Orthocladiinae",,,"Synorthocladius","sp.",,"larva",3,,3,100,3,"N","N",,"condition OK","Y",,"Weiderholm, 1983; Weiderholm, 1986; Epler 2001; Ferrington et al. 2019; Andersen, Cranston and Epler 2013","N","Rhithron Associates, Inc.","B. Hayford",,,
"7b591cc4-d967-44a3-aaa6-eb67fcdee936","D16","MART","MART.AOS.reach","2021-04-19T17:15Z","2021-06-10","MART.20210419.HESS.3","A00000109546",,"DIPHAG","Y","Diphetor hageni",,"species","Arthropoda","Hexapoda","Insecta","Pterygota","Palaeoptera",,"Ephemeroptera","Pisciforma",,,"Baetidae",,,,"Diphetor","hageni",,"larva",1,,3,100,3,"N","N",,"condition OK","Y",,"Morihara and McCafferty 1987; Meyer and McCafferty 2001; Merritt et al. 2019","N","Rhithron Associates, Inc.","B. Moore",,,
"9e98669d-a796-44b9-a087-30ae9473bec2","D16","MART","MART.AOS.reach","2021-04-19T17:15Z","2021-06-09","MART.20210419.SURBER.3","A00000109545",,"LEPSP4","Y","Leptophlebiidae sp.",,"family","Arthropoda","Hexapoda","Insecta","Pterygota","Palaeoptera",,"Ephemeroptera","Furcatergalia","Lanceolata",,"Leptophlebiidae",,,,,"sp.",,"larva",3,,3,100,3,"Y","N","early instar","condition OK","Y",,"Merritt et al. 2019","N","Rhithron Associates, Inc.","B. Moore",,,
"23c1eb63-d116-4689-9e6b-f5ea28befd0b","D16","MART","MART.AOS.reach","2021-04-19T17:15Z","2021-06-10","MART.20210419.HESS.3","A00000109546",,"CHLSP","Y","Chloroperlidae sp.",,"family","Arthropoda","Hexapoda","Insecta","Pterygota","Neoptera","Polyneoptera","Plecoptera","Systellognatha",,,"Chloroperlidae",,,,,"sp.",,"larva",2,,21,100,21,"Y","N","early instar","condition OK","N",,"Stewart and Stark 2002; Merritt et al. 2019","N","Rhithron Associates, Inc.","B. Moore",,,
"dc157581-a102-4f86-a9fd-9f5bd62aba80","D16","MART","MART.AOS.reach","2021-04-19T17:15Z","2021-06-10","MART.20210419.SURBER.2","A00000109544",,"ATUSP1","Y","Aturus sp.",,"genus","Arthropoda","Chelicerata","Arachnida","Acari",,"Acariformes","Trombidiformes","Prostigmata",,"Hygrobatoidea","Aturidae",,,,"Aturus","sp.",,"adult",1,,2,100,2,"N","N",,"condition OK","Y",,"Thorp and Rogers 2016","N","Rhithron Associates, Inc.","B. Moore",,,
"30d92699-545b-43b2-95cc-eb7247e0efcf","D16","MART","MART.AOS.reach","2021-04-19T17:15Z","2021-06-09","MART.20210419.SURBER.5","A00000109541",,"CORSP19","Y","Corynoneura sp.",,"genus","Arthropoda","Hexapoda","Insecta","Pterygota","Neoptera","Holometabola","Diptera","Nematocera","Culicomorpha",,"Chironomidae","Orthocladiinae",,,"Corynoneura","sp.",,"larva",1,,2,33,6,"N","N",,"condition OK","Y",,"Weiderholm, 1983; Weiderholm, 1986; Epler 2001; Ferrington et al. 2019; Andersen, Cranston and Epler 2013","N","Rhithron Associates, Inc.","B. Hayford",,,
"bca0bd55-343f-452b-ae37-347efa49ea50","D16","MART","MART.AOS.reach","2021-04-19T17:15Z","2021-06-09","MART.20210419.SURBER.2","A00000109544",,"TANSP8","Y","Tanytarsini sp.",,"tribe","Arthropoda","Hexapoda","Insecta","Pterygota","Neoptera","Holometabola","Diptera","Nematocera","Culicomorpha",,"Chironomidae","Chironominae","Tanytarsini",,,"sp.",,"larva",1,,1,100,1,"N","N","damaged","damaged, affecting taxonomy and measurement","N",,"Weiderholm, 1983; Weiderholm, 1986; Epler 2001; Ferrington et al. 2019; Andersen, Cranston and Epler 2013","N","Rhithron Associates, Inc.","B. Hayford",,,
"c38a963d-52d1-4a56-be14-240c7fc32910","D16","MART","MART.AOS.reach","2021-04-19T17:15Z","2021-06-10","MART.20210419.HESS.3","A00000109546",,"PERSP1","Y","Perlidae sp.",,"family","Arthropoda","Hexapoda","Insecta","Pterygota","Neoptera","Polyneoptera","Plecoptera","Systellognatha",,,"Perlidae",,,,,"sp.",,"larva",1,,15,100,15,"Y","N","early instar","condition OK","Y",,"Stewart and Stark 2002; Merritt et al. 2019","N","Rhithron Associates, Inc.","B. Moore",,,
"b28d1328-3f04-4590-a7b0-45cf7c548a29","D16","MART","MART.AOS.reach","2021-04-19T17:15Z","2021-06-09","MART.20210419.SURBER.3","A00000109545",,"RHESP1","Y","Rheocricotopus sp.",,"genus","Arthropoda","Hexapoda","Insecta","Pterygota","Neoptera","Holometabola","Diptera","Nematocera","Culicomorpha",,"Chironomidae","Orthocladiinae",,,"Rheocricotopus","sp.",,"larva",3,,1,100,1,"N","N",,"condition OK","Y",,"Weiderholm, 1983; Weiderholm, 1986; Epler 2001; Ferrington et al. 2019; Andersen, Cranston and Epler 2013","N","Rhithron Associates, Inc.","B. Hayford",,,
"0fb70415-b25e-45a2-8368-630b75cbe96f","D16","MART","MART.AOS.reach","2021-04-19T17:15Z","2021-06-09","MART.20210419.SURBER.5","A00000109541",,"NEOSP13","Y","Neophylax sp.",,"genus","Arthropoda","Hexapoda","Insecta","Pterygota","Neoptera","Holometabola","Trichoptera",,,"Limnephiloidea","Uenoidae","Thremmatinae",,,"Neophylax","sp.",,"larva",1,,2,33,6,"Y","N","early instar","condition OK","Y",,"Vineyard 1990; Wiggins 1996; Merritt et al. 2019","N","Rhithron Associates, Inc.","B. Moore",,,
"ceb18c3b-cc03-449e-a569-0df817858d47","D16","MART","MART.AOS.reach","2021-04-19T17:15Z","2021-06-09","MART.20210419.SURBER.3","A00000109545",,"DRUSP","Y","Drunella sp.",,"genus","Arthropoda","Hexapoda","Insecta","Pterygota","Palaeoptera",,"Ephemeroptera","Furcatergalia","Pannota","Ephemerelloidea","Ephemerellidae",,,,"Drunella","sp.",,"larva",1,,20,100,20,"Y","N","early instar","condition OK","Y",,"Merritt et al. 2019","N","Rhithron Associates, Inc.","B. Moore",,,
"c3b55307-e3b7-42ce-ad97-4bada7b7cc31","D16","MART","MART.AOS.reach","2021-04-19T17:15Z","2021-06-09","MART.20210419.HESS.2","A00000109542",,"PARSP29","Y","Parorthocladius sp.",,"genus","Arthropoda","Hexapoda","Insecta","Pterygota","Neoptera","Holometabola","Diptera","Nematocera","Culicomorpha",,"Chironomidae","Orthocladiinae",,,"Parorthocladius","sp.",,"larva",3,,20,100,20,"N","N",,"condition OK","Y",,"Weiderholm, 1983; Weiderholm, 1986; Epler 2001; Ferrington et al. 2019; Andersen, Cranston and Epler 2013","N","Rhithron Associates, Inc.","B. Hayford",,,
"29018350-044e-4072-b4ef-4feacb5c15f1","D16","MART","MART.AOS.reach","2021-04-19T17:15Z","2021-06-15","MART.20210419.HESS.1","A00000109540",,"ORTSP3","Y","Orthocladius sp.",,"genus","Arthropoda","Hexapoda","Insecta","Pterygota","Neoptera","Holometabola","Diptera","Nematocera","Culicomorpha",,"Chironomidae","Orthocladiinae",,,"Orthocladius","sp.",,"pupa",3,,1,100,1,"N","N",,"condition OK","Y",,"Weiderholm, 1983; Weiderholm, 1986; Epler 2001; Ferrington et al. 2019; Andersen, Cranston and Epler 2013","N","Rhithron Associates, Inc.","R. Spring",,,
"a0bc2e99-fd59-483b-8762-ae23e100472d","D16","MART","MART.AOS.reach","2021-04-19T17:15Z","2021-06-10","MART.20210419.SURBER.1","A00000109543",,"CHLSP","Y","Chloroperlidae sp.",,"family","Arthropoda","Hexapoda","Insecta","Pterygota","Neoptera","Polyneoptera","Plecoptera","Systellognatha",,,"Chloroperlidae",,,,,"sp.",,"larva",2,,8,100,8,"Y","N","early instar","condition OK","Y",,"Stewart and Stark 2002; Merritt et al. 2019","N","Rhithron Associates, Inc.","B. Moore",,,
"d105ef53-d4d3-426e-8df9-2de24e77a5ff","D16","MART","MART.AOS.reach","2021-04-19T17:15Z","2021-06-09","MART.20210419.HESS.2","A00000109542",,"RHESP1","Y","Rheocricotopus sp.",,"genus","Arthropoda","Hexapoda","Insecta","Pterygota","Neoptera","Holometabola","Diptera","Nematocera","Culicomorpha",,"Chironomidae","Orthocladiinae",,,"Rheocricotopus","sp.",,"larva",3,,3,100,3,"N","N",,"condition OK","Y",,"Weiderholm, 1983; Weiderholm, 1986; Epler 2001; Ferrington et al. 2019; Andersen, Cranston and Epler 2013","N","Rhithron Associates, Inc.","B. Hayford",,,
"037b4730-952c-4bcb-b341-91654e756187","D16","MART","MART.AOS.reach","2021-04-19T17:15Z","2021-06-10","MART.20210419.SURBER.2","A00000109544",,"BAEBIC1","Y","Baetis bicaudatus cx.",,"speciesGroup","Arthropoda","Hexapoda","Insecta","Pterygota","Palaeoptera",,"Ephemeroptera",,,,"Baetidae",,,,"Baetis","bicaudatus cx.",,"larva",5,,1,100,1,"N","N",,"condition OK","Y",,"Morihara and McCafferty 1979; Wiersema, 2004; Webb et al. 2018","N","Rhithron Associates, Inc.","B. Moore",,"283ecce3-cd09-4c86-bb51-2f0dd980a151",
"661b186e-c1d9-44db-9baf-ce82d8f40cf4","D16","MART","MART.AOS.reach","2021-04-19T17:15Z","2021-06-15","MART.20210419.HESS.1","A00000109540",,"THISP2","Y","Thienemanniella sp.",,"genus","Arthropoda","Hexapoda","Insecta","Pterygota","Neoptera","Holometabola","Diptera","Nematocera","Culicomorpha",,"Chironomidae","Orthocladiinae",,,"Thienemanniella","sp.",,"larva",2,,2,100,2,"N","N",,"condition OK","Y",,"Weiderholm, 1983; Weiderholm, 1986; Epler 2001; Ferrington et al. 2019; Andersen, Cranston and Epler 2013","N","Rhithron Associates, Inc.","R. Spring",,,
"92de0daf-435d-4c8a-b44b-2daaef5dc241","D16","MART","MART.AOS.reach","2021-04-19T17:15Z","2021-06-10","MART.20210419.HESS.3","A00000109546",,"AMESP2","Y","Ameletus sp.",,"genus","Arthropoda","Hexapoda","Insecta","Pterygota","Palaeoptera",,"Ephemeroptera","Pisciforma",,,"Ameletidae",,,,"Ameletus","sp.",,"larva",2,,18,100,18,"N","N",,"condition OK","Y",,"Merritt et al. 2019","N","Rhithron Associates, Inc.","B. Moore",,,
"3871ebbf-ab57-4239-9f59-a3e52551fb47","D16","MART","MART.AOS.reach","2021-04-19T17:15Z","2021-06-09","MART.20210419.HESS.2","A00000109542",,"STESP10","Y","Stempellinella sp.",,"genus","Arthropoda","Hexapoda","Insecta","Pterygota","Neoptera","Holometabola","Diptera","Nematocera","Culicomorpha",,"Chironomidae","Chironominae","Tanytarsini",,"Stempellinella","sp.",,"larva",1,,38,100,38,"N","N",,"condition OK","Y",,"Weiderholm, 1983; Weiderholm, 1986; Epler 2001; Ferrington et al. 2019; Andersen, Cranston and Epler 2013","N","Rhithron Associates, Inc.","B. Hayford",,,
"d866e327-7298-41e9-a667-d26ef8bd7e22","D16","MART","MART.AOS.reach","2021-04-19T17:15Z","2021-06-09","MART.20210419.SURBER.5","A00000109541",,"DRUSP","Y","Drunella sp.",,"genus","Arthropoda","Hexapoda","Insecta","Pterygota","Palaeoptera",,"Ephemeroptera","Furcatergalia","Pannota","Ephemerelloidea","Ephemerellidae",,,,"Drunella","sp.",,"larva",1,,18,33,55,"Y","N","early instar","condition OK","Y",,"Merritt et al. 2019","N","Rhithron Associates, Inc.","B. Moore",,,
"9c9c5436-0851-4cab-b7d8-a91bd7371313","D16","MART","MART.AOS.reach","2021-04-19T17:15Z","2021-06-09","MART.20210419.SURBER.5","A00000109541",,"SWESP","Y","Sweltsa sp.",,"genus","Arthropoda","Hexapoda","Insecta","Pterygota","Neoptera","Polyneoptera","Plecoptera","Systellognatha",,,"Chloroperlidae","Chloroperlinae",,,"Sweltsa","sp.",,"larva",4,,4,33,12,"N","N",,"condition OK","Y",,"Stewart and Stark 2002; Merritt et al. 2019","N","Rhithron Associates, Inc.","B. Moore",,,
"f7ad298a-6eaf-492d-8d4c-2c4e355b1567","D16","MART","MART.AOS.reach","2021-04-19T17:15Z","2021-06-10","MART.20210419.SURBER.1","A00000109543",,"HYDSP23","Y","Hydropsyche sp.",,"genus","Arthropoda","Hexapoda","Insecta","Pterygota","Neoptera","Holometabola","Trichoptera",,,"Hydropsychoidea","Hydropsychidae","Hydropsychinae",,,"Hydropsyche","sp.",,"larva",8,,1,100,1,"N","N",,"condition OK","Y",,"Wiggins, 1996; Geraci, 2010","N","Rhithron Associates, Inc.","B. Moore",,,
"4c71a92b-0e63-47c2-b915-6767bf9a5e60","D16","MART","MART.AOS.reach","2021-04-19T17:15Z","2021-06-09","MART.20210419.SURBER.3","A00000109545",,"ZAISP","Y","Zaitzevia sp.",,"genus","Arthropoda","Hexapoda","Insecta","Pterygota","Neoptera","Holometabola","Coleoptera","Polyphaga","Elateriformia","Byrrhoidea","Elmidae","Elminae","Macronychini",,"Zaitzevia","sp.",,"larva",2,,2,100,2,"N","N",,"condition OK","Y",,"Brown 1972; Merritt et al. 2019","N","Rhithron Associates, Inc.","B. Moore",,,
"e8c570f6-598f-40d5-bacc-f03f1a215776","D16","MART","MART.AOS.reach","2021-04-19T17:15Z","2021-06-09","MART.20210419.SURBER.4","A00000109539",,"ATUSP1","Y","Aturus sp.",,"genus","Arthropoda","Chelicerata","Arachnida","Acari",,"Acariformes","Trombidiformes","Prostigmata",,"Hygrobatoidea","Aturidae",,,,"Aturus","sp.",,"adult",1,,1,100,1,"N","N",,"condition OK","Y",,"Thorp and Rogers 2016","Y","Rhithron Associates, Inc.","B. Moore",,,
"d5e0e0d6-9a32-49d0-bfd6-b11848d85f09","D16","MART","MART.AOS.reach","2021-04-19T17:15Z","2021-06-11","MART.20210419.HESS.1","A00000109540",,"LEPSP20","Y","Lepidostoma sp.",,"genus","Arthropoda","Hexapoda","Insecta","Pterygota","Neoptera","Holometabola","Trichoptera",,,"Limnephiloidea","Lepidostomatidae","Lepidostomatinae",,,"Lepidostoma","sp.",,"larva",4,,2,100,2,"N","N",,"condition OK","Y",,"Wiggins 1996; Merritt et al. 2019","N","Rhithron Associates, Inc.","B. Moore",,,
"dab0a097-2956-4571-849d-76f14df4d101","D16","MART","MART.AOS.reach","2021-04-19T17:15Z","2021-06-09","MART.20210419.SURBER.5","A00000109541",,"BAETRI2","Y","Baetis tricaudatus cx.",,"speciesGroup","Arthropoda","Hexapoda","Insecta","Pterygota","Palaeoptera",,"Ephemeroptera",,,,"Baetidae",,,,"Baetis","tricaudatus cx.",,"larva",5,,1,33,3,"N","N",,"condition OK","Y",,"Morihara and McCafferty 1979; Wiersema, 2004; Webb et al. 2018","N","Rhithron Associates, Inc.","B. Moore",,"03909e94-8112-484b-8bad-ef5ef92d2b4e",
"243286aa-c33a-4718-bab5-de04657ec2c3","D16","MART","MART.AOS.reach","2021-04-19T17:15Z","2021-06-10","MART.20210419.HESS.3","A00000109546",,"EPHSP1","Y","Ephemerellidae sp.",,"family","Arthropoda","Hexapoda","Insecta","Pterygota","Palaeoptera",,"Ephemeroptera","Furcatergalia","Pannota","Ephemerelloidea","Ephemerellidae",,,,,"sp.",,"larva",1,,3,100,3,"Y","N","early instar","condition OK","Y",,"Merritt et al. 2019","N","Rhithron Associates, Inc.","B. Moore",,,
"c40323e7-a35c-46c8-beed-c22ed2591e9b","D16","MART","MART.AOS.reach","2021-04-19T17:15Z","2021-06-09","MART.20210419.HESS.3","A00000109546",,"RHESP1","Y","Rheocricotopus sp.",,"genus","Arthropoda","Hexapoda","Insecta","Pterygota","Neoptera","Holometabola","Diptera","Nematocera","Culicomorpha",,"Chironomidae","Orthocladiinae",,,"Rheocricotopus","sp.",,"larva",3,,1,100,1,"N","N",,"condition OK","Y",,"Weiderholm, 1983; Weiderholm, 1986; Epler 2001; Ferrington et al. 2019; Andersen, Cranston and Epler 2013","N","Rhithron Associates, Inc.","B. Hayford",,,
"c490af0d-ad4a-42fe-90b6-0d6445088b91","D16","MART","MART.AOS.reach","2021-04-19T17:15Z","2021-06-10","MART.20210419.HESS.3","A00000109546",,"TRUSP","Y","Truncatelloidea sp.",,"superfamily","Mollusca",,"Gastropoda",,,,"Littorinimorpha",,,"Truncatelloidea",,,,,,"sp.",,"immature",1,,2,100,2,"Y","N",,"condition OK","Y",,"Criscione and Ponder 2013; Hersler 2017","N","Rhithron Associates, Inc.","B. Moore",,,
"17a98bea-c751-4ade-8f8a-49c346c6791a","D16","MART","MART.AOS.reach","2021-04-19T17:15Z","2021-06-10","MART.20210419.SURBER.2","A00000109544",,"EPESP","Y","Epeorus sp.",,"genus","Arthropoda","Hexapoda","Insecta","Pterygota","Palaeoptera",,"Ephemeroptera","Pisciforma",,"Heptagenioidea","Heptageniidae",,,,"Epeorus","sp.",,"larva",1,,1,100,1,"Y","N","early instar","condition OK","Y",,"Merritt et al. 2019","N","Rhithron Associates, Inc.","B. Moore",,,
"d8b1d1ea-dab5-4b58-af2f-176d26e933bf","D16","MART","MART.AOS.reach","2021-04-19T17:15Z","2021-06-09","MART.20210419.SURBER.2","A00000109544",,"POTSP2","Y","Potthastia sp.",,"genus","Arthropoda","Hexapoda","Insecta","Pterygota","Neoptera","Holometabola","Diptera","Nematocera","Culicomorpha",,"Chironomidae","Diamesinae","Diamesini",,"Potthastia","sp.",,"larva",3,,1,100,1,"N","N",,"condition OK","Y",,"Weiderholm, 1983; Weiderholm, 1986; Epler 2001; Ferrington et al. 2019; Andersen, Cranston and Epler 2013","N","Rhithron Associates, Inc.","B. Hayford",,,
"5a5ee01b-3178-4d63-a918-2f0f9c6d9db4","D16","MART","MART.AOS.reach","2021-04-19T17:15Z","2021-06-09","MART.20210419.SURBER.5","A00000109541",,"SWESP","Y","Sweltsa sp.",,"genus","Arthropoda","Hexapoda","Insecta","Pterygota","Neoptera","Polyneoptera","Plecoptera","Systellognatha",,,"Chloroperlidae","Chloroperlinae",,,"Sweltsa","sp.",,"larva",2,,11,33,33,"N","N",,"condition OK","Y",,"Stewart and Stark 2002; Merritt et al. 2019","N","Rhithron Associates, Inc.","B. Moore",,,
"764fcd12-3308-4842-8c36-b6163d75d0f2","D16","MART","MART.AOS.reach","2021-04-19T17:15Z","2021-06-09","MART.20210419.SURBER.3","A00000109545",,"BAESP2","Y","Baetis sp.",,"genus","Arthropoda","Hexapoda","Insecta","Pterygota","Palaeoptera",,"Ephemeroptera","Pisciforma",,,"Baetidae",,,,"Baetis","sp.",,"larva",1,,19,100,19,"Y","N","early instar","condition OK","N",,"Merritt et al. 2019","N","Rhithron Associates, Inc.","B. Moore",,,
"5ebdbd03-ecaf-4874-85b4-2779b70b6070","D16","MART","MART.AOS.reach","2021-04-19T17:15Z","2021-06-11","MART.20210419.HESS.1","A00000109540",,"POLSP17","Y","Polycelis sp.",,"genus","Platyhelminthes","Rhabditophora","Trepaxonemata",,,,"Neoophora",,,,"Planariidae",,,,"Polycelis","sp.",,"unknown",4,,2,100,2,"N","N",,"condition OK","Y",,"Thorp and Rogers 2016","N","Rhithron Associates, Inc.","B. Moore",,,
"aa36fd04-117b-4aab-872f-e08a1a45f0e0","D16","MART","MART.AOS.reach","2021-04-19T17:15Z","2021-06-10","MART.20210419.SURBER.2","A00000109544",,"BAERHO","Y","Baetis rhodani gr.",,"speciesGroup","Arthropoda","Hexapoda","Insecta","Pterygota","Palaeoptera",,"Ephemeroptera",,,,"Baetidae",,,,"Baetis","rhodani gr.",,"larva",4,,2,100,2,"Y","N","early instar","condition OK","N",,"Morihara and McCafferty 1979; Wiersema, 2004; Webb et al. 2018","N","Rhithron Associates, Inc.","B. Moore",,"a2f6ca8d-498f-400c-8eda-f22d7256a473",
"01f596fe-22a6-47c3-8f96-4d058c4b01df","D16","MART","MART.AOS.reach","2021-04-19T17:15Z","2021-06-10","MART.20210419.SURBER.1","A00000109543",,"BAEBIC1","Y","Baetis bicaudatus cx.",,"speciesGroup","Arthropoda","Hexapoda","Insecta","Pterygota","Palaeoptera",,"Ephemeroptera",,,,"Baetidae",,,,"Baetis","bicaudatus cx.",,"larva",3,,12,100,12,"N","N",,"condition OK","Y",,"Morihara and McCafferty 1979; Wiersema, 2004; Webb et al. 2018","N","Rhithron Associates, Inc.","B. Moore",,"02dcbd9a-9e13-42d2-9ee5-e9f424a2d28a",
"16f5357f-557a-4879-9ba3-c8a22391a368","D16","MART","MART.AOS.reach","2021-04-19T17:15Z","2021-06-10","MART.20210419.SURBER.1","A00000109543",,"CHLSP","Y","Chloroperlidae sp.",,"family","Arthropoda","Hexapoda","Insecta","Pterygota","Neoptera","Polyneoptera","Plecoptera","Systellognatha",,,"Chloroperlidae",,,,,"sp.",,"larva",4,,1,100,1,"Y","N","early instar","condition OK","Y",,"Stewart and Stark 2002; Merritt et al. 2019","N","Rhithron Associates, Inc.","B. Moore",,,
"db023e8c-0523-46d2-990b-120ede39f0d6","D16","MART","MART.AOS.reach","2021-04-19T17:15Z","2021-06-09","MART.20210419.SURBER.5","A00000109541",,"BAEBIC1","Y","Baetis bicaudatus cx.",,"speciesGroup","Arthropoda","Hexapoda","Insecta","Pterygota","Palaeoptera",,"Ephemeroptera",,,,"Baetidae",,,,"Baetis","bicaudatus cx.",,"larva",3,,1,33,3,"N","N",,"condition OK","Y",,"Morihara and McCafferty 1979; Wiersema, 2004; Webb et al. 2018","N","Rhithron Associates, Inc.","B. Moore",,"b8b4a94b-64a0-40f0-b964-302ce32c6418",
"6d1e585f-1d5a-46d6-b92a-726fb6c4f20d","D16","MART","MART.AOS.reach","2021-04-19T17:15Z","2021-06-09","MART.20210419.HESS.2","A00000109542",,"CRISP6","Y","Cricotopus/Orthocladius sp.",,"speciesGroup","Arthropoda","Hexapoda","Insecta","Pterygota","Neoptera","Holometabola","Diptera","Nematocera","Culicomorpha",,"Chironomidae","Orthocladiinae",,,"Cricotopus/Orthocladius","sp.",,"larva",2,,3,100,3,"Y","N","early instar","condition OK","N",,"Weiderholm, 1983; Weiderholm, 1986; Epler 2001; Ferrington et al. 2008; Andersen, Cranston and Epler 2013","N","Rhithron Associates, Inc.","B. Hayford",,,
"bbd8ac7a-5ddc-4cae-bc2c-00c2ac50f970","D16","MART","MART.AOS.reach","2021-04-19T17:15Z","2021-06-11","MART.20210419.HESS.2","A00000109542",,"DIPHAG","Y","Diphetor hageni",,"species","Arthropoda","Hexapoda","Insecta","Pterygota","Palaeoptera",,"Ephemeroptera","Pisciforma",,,"Baetidae",,,,"Diphetor","hageni",,"larva",2,,2,100,2,"N","N",,"condition OK","Y",,"Morihara and McCafferty 1987; Meyer and McCafferty 2001; Merritt et al. 2019","N","Rhithron Associates, Inc.","B. Moore",,,
"b82c2d93-3be9-4a17-970c-8e5d1815d6be","D16","MART","MART.AOS.reach","2021-04-19T17:15Z","2021-06-09","MART.20210419.SURBER.5","A00000109541",,"ORTSP1","Y","Orthocladiinae sp.",,"subfamily","Arthropoda","Hexapoda","Insecta","Pterygota","Neoptera","Holometabola","Diptera","Nematocera","Culicomorpha",,"Chironomidae","Orthocladiinae",,,,"sp.",,"larva",1,,2,33,6,"Y","N","early instar","condition OK","N",,"Weiderholm, 1983; Weiderholm, 1986; Epler 2001; Ferrington et al. 2019; Andersen, Cranston and Epler 2013","N","Rhithron Associates, Inc.","B. Hayford",,,
"48fa57ca-88f7-4ef9-b597-7365abd4a808","D16","MART","MART.AOS.reach","2021-04-19T17:15Z","2021-06-09","MART.20210419.HESS.3","A00000109546",,"THIGRO","Y","Thienemannimyia gr.",,"speciesGroup","Arthropoda","Hexapoda","Insecta","Pterygota","Neoptera","Holometabola","Diptera","Nematocera","Culicomorpha",,"Chironomidae","Tanypodinae","Pentaneurini",,"Thienemannimyia","gr.",,"larva",3,,6,100,6,"Y","N","early instar","condition OK","Y",,"Weiderholm, 1983; Weiderholm, 1986; Epler 2001; Ferrington et al. 2008; Andersen, Cranston and Epler 2017","N","Rhithron Associates, Inc.","B. Hayford",,,
"c7a9b5b0-b56e-4bce-8421-10b0ebeb4eff","D16","MART","MART.AOS.reach","2021-04-19T17:15Z","2021-06-09","MART.20210419.HESS.2","A00000109542",,"THIGRO","Y","Thienemannimyia gr.",,"speciesGroup","Arthropoda","Hexapoda","Insecta","Pterygota","Neoptera","Holometabola","Diptera","Nematocera","Culicomorpha",,"Chironomidae","Tanypodinae","Pentaneurini",,"Thienemannimyia","gr.",,"larva",3,,3,100,3,"Y","N","early instar","condition OK","Y",,"Weiderholm, 1983; Weiderholm, 1986; Epler 2001; Ferrington et al. 2008; Andersen, Cranston and Epler 2017","N","Rhithron Associates, Inc.","B. Hayford",,,
"3a491d28-340a-48b9-a57d-51447f57917e","D16","MART","MART.AOS.reach","2021-04-19T17:15Z","2021-06-09","MART.20210419.SURBER.5","A00000109541",,"HETCOR","Y","Heterlimnius corpulentus",,"species","Arthropoda","Hexapoda","Insecta","Pterygota","Neoptera","Holometabola","Coleoptera","Polyphaga","Elateriformia","Byrrhoidea","Elmidae","Elminae","Elmini",,"Heterlimnius","corpulentus",,"larva",3,,3,33,9,"N","N",,"condition OK","Y",,"Brown 1972; Merritt et al. 2019; Kamite, 2009","N","Rhithron Associates, Inc.","B. Moore",,,
"9512b29b-c488-46bf-8f65-d30701bdc4cd","D16","MART","MART.AOS.reach","2021-04-19T17:15Z","2021-06-10","MART.20210419.HESS.3","A00000109546",,"POLSP17","Y","Polycelis sp.",,"genus","Platyhelminthes","Rhabditophora","Trepaxonemata",,,,"Neoophora",,,,"Planariidae",,,,"Polycelis","sp.",,"unknown",3,,1,100,1,"N","N",,"condition OK","Y",,"Thorp and Rogers 2016","N","Rhithron Associates, Inc.","B. Moore",,,
"2d17a668-054b-4c48-8116-09de9f338ef4","D16","MART","MART.AOS.reach","2021-04-19T17:15Z","2021-06-09","MART.20210419.SURBER.4","A00000109539",,"LEPSP4","Y","Leptophlebiidae sp.",,"family","Arthropoda","Hexapoda","Insecta","Pterygota","Palaeoptera",,"Ephemeroptera","Furcatergalia","Lanceolata",,"Leptophlebiidae",,,,,"sp.",,"larva",2,,2,100,2,"Y","N","early instar","condition OK","Y",,"Merritt et al. 2019","Y","Rhithron Associates, Inc.","B. Moore",,,
"650088b0-5fd2-4fed-ad66-f03254babea3","D16","MART","MART.AOS.reach","2021-04-19T17:15Z","2021-06-09","MART.20210419.SURBER.1","A00000109543",,"CRISP6","Y","Cricotopus/Orthocladius sp.",,"speciesGroup","Arthropoda","Hexapoda","Insecta","Pterygota","Neoptera","Holometabola","Diptera","Nematocera","Culicomorpha",,"Chironomidae","Orthocladiinae",,,"Cricotopus/Orthocladius","sp.",,"larva",3,,1,100,1,"Y","N","early instar","condition OK","Y",,"Weiderholm, 1983; Weiderholm, 1986; Epler 2001; Ferrington et al. 2008; Andersen, Cranston and Epler 2013","N","Rhithron Associates, Inc.","B. Hayford",,,
"7cc1c764-10a6-4f5b-b7e7-26ad7ca734fd","D16","MART","MART.AOS.reach","2021-04-19T17:15Z","2021-06-09","MART.20210419.SURBER.1","A00000109543",,"TVESP","Y","Tvetenia sp.",,"genus","Arthropoda","Hexapoda","Insecta","Pterygota","Neoptera","Holometabola","Diptera","Nematocera","Culicomorpha",,"Chironomidae","Orthocladiinae",,,"Tvetenia","sp.",,"larva",4,,2,100,2,"N","N",,"condition OK","Y",,"Weiderholm, 1983; Weiderholm, 1986; Epler 2001; Ferrington et al. 2019; Andersen, Cranston and Epler 2013","N","Rhithron Associates, Inc.","B. Hayford",,,
"849dd68a-b270-4382-848d-1a30752ed8c0","D16","MART","MART.AOS.reach","2021-04-19T17:15Z","2021-06-11","MART.20210419.HESS.1","A00000109540",,"AMESP2","Y","Ameletus sp.",,"genus","Arthropoda","Hexapoda","Insecta","Pterygota","Palaeoptera",,"Ephemeroptera","Pisciforma",,,"Ameletidae",,,,"Ameletus","sp.",,"larva",5,,1,100,1,"N","N",,"condition OK","Y",,"Merritt et al. 2019","N","Rhithron Associates, Inc.","B. Moore",,,
"3891e8d6-6bd6-4376-b3f1-dcde2db097cf","D16","MART","MART.AOS.reach","2021-04-19T17:15Z","2021-06-09","MART.20210419.SURBER.3","A00000109545",,"CHLSP","Y","Chloroperlidae sp.",,"family","Arthropoda","Hexapoda","Insecta","Pterygota","Neoptera","Polyneoptera","Plecoptera","Systellognatha",,,"Chloroperlidae",,,,,"sp.",,"larva",3,,2,100,2,"Y","N","early instar","condition OK","Y",,"Stewart and Stark 2002; Merritt et al. 2019","N","Rhithron Associates, Inc.","B. Moore",,,
"efe98973-2c4c-42bc-98c7-c3b26106dcca","D16","MART","MART.AOS.reach","2021-04-19T17:15Z","2021-06-11","MART.20210419.HESS.2","A00000109542",,"BAETRI2","Y","Baetis tricaudatus cx.",,"speciesGroup","Arthropoda","Hexapoda","Insecta","Pterygota","Palaeoptera",,"Ephemeroptera",,,,"Baetidae",,,,"Baetis","tricaudatus cx.",,"larva",3,,3,100,3,"N","N",,"condition OK","Y",,"Morihara and McCafferty 1979; Wiersema, 2004; Webb et al. 2018","N","Rhithron Associates, Inc.","B. Moore",,"ab9e4178-e889-4bb8-b62d-b463ddde041c",
"0620ea03-8390-49cc-90f8-0fe9ef02768e","D16","MART","MART.AOS.reach","2021-04-19T17:15Z","2021-06-11","MART.20210419.HESS.2","A00000109542",,"NEOSP13","Y","Neophylax sp.",,"genus","Arthropoda","Hexapoda","Insecta","Pterygota","Neoptera","Holometabola","Trichoptera",,,"Limnephiloidea","Uenoidae","Thremmatinae",,,"Neophylax","sp.",,"larva",1,,9,100,9,"Y","N","early instar","condition OK","Y",,"Vineyard 1990; Wiggins 1996; Merritt et al. 2019","N","Rhithron Associates, Inc.","B. Moore",,,
"424b180a-aa9f-4565-b3f1-cdbd5a10f1c9","D16","MART","MART.AOS.reach","2021-04-19T17:15Z","2021-06-10","MART.20210419.HESS.3","A00000109546",,"PERSP1","Y","Perlidae sp.",,"family","Arthropoda","Hexapoda","Insecta","Pterygota","Neoptera","Polyneoptera","Plecoptera","Systellognatha",,,"Perlidae",,,,,"sp.",,"larva",2,,1,100,1,"Y","N","early instar","condition OK","Y",,"Stewart and Stark 2002; Merritt et al. 2019","N","Rhithron Associates, Inc.","B. Moore",,,
"7c01cc0e-42da-4bb4-9976-d8e88916c5db","D16","MART","MART.AOS.reach","2021-04-19T17:15Z","2021-06-11","MART.20210419.HESS.1","A00000109540",,"SWESP","Y","Sweltsa sp.",,"genus","Arthropoda","Hexapoda","Insecta","Pterygota","Neoptera","Polyneoptera","Plecoptera","Systellognatha",,,"Chloroperlidae","Chloroperlinae",,,"Sweltsa","sp.",,"larva",4,,3,100,3,"N","N",,"condition OK","Y",,"Stewart and Stark 2002; Merritt et al. 2019","N","Rhithron Associates, Inc.","B. Moore",,,
"ce6f0433-d12e-4b61-a08d-01756319fe48","D16","MART","MART.AOS.reach","2021-04-19T17:15Z","2021-06-09","MART.20210419.SURBER.5","A00000109541",,"SWESP","Y","Sweltsa sp.",,"genus","Arthropoda","Hexapoda","Insecta","Pterygota","Neoptera","Polyneoptera","Plecoptera","Systellognatha",,,"Chloroperlidae","Chloroperlinae",,,"Sweltsa","sp.",,"larva",3,,25,33,76,"N","N",,"condition OK","Y",,"Stewart and Stark 2002; Merritt et al. 2019","N","Rhithron Associates, Inc.","B. Moore",,,
"35ddf932-2a46-47d8-b463-93f9b4d23f4e","D16","MART","MART.AOS.reach","2021-04-19T17:15Z","2021-06-11","MART.20210419.HESS.1","A00000109540",,"CERSP10","Y","Ceratopogoninae sp.",,"subfamily","Arthropoda","Hexapoda","Insecta","Pterygota","Neoptera","Holometabola","Diptera","Nematocera","Culicomorpha",,"Ceratopogonidae","Ceratopogoninae",,,,"sp.",,"larva",4,,2,100,2,"N","N",,"condition OK","Y",,"Merritt et al. 2019","N","Rhithron Associates, Inc.","B. Moore",,,
"4a4d72de-e8af-4fa2-9b0b-64087c3159bc","D16","MART","MART.AOS.reach","2021-04-19T17:15Z","2021-06-10","MART.20210419.SURBER.2","A00000109544",,"DIPHAG","Y","Diphetor hageni",,"species","Arthropoda","Hexapoda","Insecta","Pterygota","Palaeoptera",,"Ephemeroptera","Pisciforma",,,"Baetidae",,,,"Diphetor","hageni",,"larva",2,,1,100,1,"N","N",,"condition OK","Y",,"Morihara and McCafferty 1987; Meyer and McCafferty 2001; Merritt et al. 2019","N","Rhithron Associates, Inc.","B. Moore",,,
"53c1b256-09d9-46c7-9c37-01bf472a32ec","D16","MART","MART.AOS.reach","2021-04-19T17:15Z","2021-06-10","MART.20210419.SURBER.2","A00000109544",,"EPHSP1","Y","Ephemerellidae sp.",,"family","Arthropoda","Hexapoda","Insecta","Pterygota","Palaeoptera",,"Ephemeroptera","Furcatergalia","Pannota","Ephemerelloidea","Ephemerellidae",,,,,"sp.",,"larva",1,,7,100,7,"Y","N","early instar","condition OK","N",,"Merritt et al. 2019","N","Rhithron Associates, Inc.","B. Moore",,,
"0131c349-975a-4dcd-b1cd-5ea0eff0b45a","D16","MART","MART.AOS.reach","2021-04-19T17:15Z","2021-06-10","MART.20210419.SURBER.2","A00000109544",,"LEPSP4","Y","Leptophlebiidae sp.",,"family","Arthropoda","Hexapoda","Insecta","Pterygota","Palaeoptera",,"Ephemeroptera","Furcatergalia","Lanceolata",,"Leptophlebiidae",,,,,"sp.",,"larva",1,,1,100,1,"Y","N","early instar","condition OK","Y",,"Merritt et al. 2019","N","Rhithron Associates, Inc.","B. Moore",,,
"2eab89cb-5b01-4c19-84f8-38a1219243cb","D16","MART","MART.AOS.reach","2021-04-19T17:15Z","2021-06-09","MART.20210419.SURBER.4","A00000109539",,"RHESP2","Y","Rheotanytarsus sp.",,"genus","Arthropoda","Hexapoda","Insecta","Pterygota","Neoptera","Holometabola","Diptera","Nematocera","Culicomorpha",,"Chironomidae","Chironominae","Tanytarsini",,"Rheotanytarsus","sp.",,"larva",2,,1,100,1,"N","N",,"condition OK","Y",,"Weiderholm, 1983; Weiderholm, 1986; Epler 2001; Ferrington et al. 2019; Andersen, Cranston and Epler 2013","Y","Rhithron Associates, Inc.","B. Hayford",,,
"cabcede5-a648-4bf9-8cc6-4d0fb33e103e","D16","MART","MART.AOS.reach","2021-04-19T17:15Z","2021-06-11","MART.20210419.HESS.2","A00000109542",,"CINSP1","Y","Cinygmula sp.",,"genus","Arthropoda","Hexapoda","Insecta","Pterygota","Palaeoptera",,"Ephemeroptera","Pisciforma",,"Heptagenioidea","Heptageniidae",,,,"Cinygmula","sp.",,"larva",5,,5,100,5,"N","N",,"condition OK","Y",,"Merritt et al. 2019","N","Rhithron Associates, Inc.","B. Moore",,,
"9e07a992-1e2b-4c28-9470-1c9fa18327c1","D16","MART","MART.AOS.reach","2021-04-19T17:15Z","2021-06-10","MART.20210419.SURBER.2","A00000109544",,"EPESP","Y","Epeorus sp.",,"genus","Arthropoda","Hexapoda","Insecta","Pterygota","Palaeoptera",,"Ephemeroptera","Pisciforma",,"Heptagenioidea","Heptageniidae",,,,"Epeorus","sp.",,"larva",4,,3,100,3,"Y","N","early instar","condition OK","Y",,"Merritt et al. 2019","N","Rhithron Associates, Inc.","B. Moore",,,
"732c9adf-6701-4efd-9691-871dffbf2ce3","D16","MART","MART.AOS.reach","2021-04-19T17:15Z","2021-06-09","MART.20210419.SURBER.4","A00000109539",,"POTSP2","Y","Potthastia sp.",,"genus","Arthropoda","Hexapoda","Insecta","Pterygota","Neoptera","Holometabola","Diptera","Nematocera","Culicomorpha",,"Chironomidae","Diamesinae","Diamesini",,"Potthastia","sp.",,"larva",1,,1,100,1,"N","N",,"condition OK","Y",,"Weiderholm, 1983; Weiderholm, 1986; Epler 2001; Ferrington et al. 2019; Andersen, Cranston and Epler 2013","Y","Rhithron Associates, Inc.","B. Hayford",,,
"5460b38e-49bb-4df2-a6f5-317ec286cab9","D16","MART","MART.AOS.reach","2021-04-19T17:15Z","2021-06-09","MART.20210419.SURBER.3","A00000109545",,"EPHTIB","Y","Ephemerella tibialis",,"species","Arthropoda","Hexapoda","Insecta","Pterygota","Palaeoptera",,"Ephemeroptera","Furcatergalia","Pannota","Ephemerelloidea","Ephemerellidae",,,,"Ephemerella","tibialis",,"larva",2,,1,100,1,"N","N",,"condition OK","Y",,"Allen and Edmunds 1965","N","Rhithron Associates, Inc.","B. Moore",,,
"e13bedcf-6d6e-457d-ba76-65c74f0acf97","D16","MART","MART.AOS.reach","2021-04-19T17:15Z","2021-06-09","MART.20210419.SURBER.5","A00000109541",,"CERSP10","Y","Ceratopogoninae sp.",,"subfamily","Arthropoda","Hexapoda","Insecta","Pterygota","Neoptera","Holometabola","Diptera","Nematocera","Culicomorpha",,"Ceratopogonidae","Ceratopogoninae",,,,"sp.",,"larva",6,,1,33,3,"N","N",,"condition OK","Y",,"Merritt et al. 2019","N","Rhithron Associates, Inc.","B. Moore",,,
"440a2992-dfc6-4b81-92eb-eecc96ec74e0","D16","MART","MART.AOS.reach","2021-04-19T17:15Z","2021-06-11","MART.20210419.HESS.2","A00000109542",,"LEBSP1","Y","Lebertia sp.",,"genus","Arthropoda","Chelicerata","Arachnida","Acari",,"Acariformes","Trombidiformes","Prostigmata",,"Lebertioidea","Lebertiidae",,,,"Lebertia","sp.",,"adult",1,,2,100,2,"N","N",,"condition OK","Y",,"Thorp and Rogers 2016","N","Rhithron Associates, Inc.","B. Moore",,,
"ed1d7e30-2a89-483a-8f62-39096322b3ef","D16","MART","MART.AOS.reach","2021-04-19T17:15Z","2021-06-09","MART.20210419.SURBER.3","A00000109545",,"EPESP","Y","Epeorus sp.",,"genus","Arthropoda","Hexapoda","Insecta","Pterygota","Palaeoptera",,"Ephemeroptera","Pisciforma",,"Heptagenioidea","Heptageniidae",,,,"Epeorus","sp.",,"larva",4,,6,100,6,"Y","N","early instar","condition OK","Y",,"Merritt et al. 2019","N","Rhithron Associates, Inc.","B. Moore",,,
"fa473126-07f9-44dd-9f43-f702d9839def","D16","MART","MART.AOS.reach","2021-04-19T17:15Z","2021-06-11","MART.20210419.HESS.1","A00000109540",,"HETCOR","Y","Heterlimnius corpulentus",,"species","Arthropoda","Hexapoda","Insecta","Pterygota","Neoptera","Holometabola","Coleoptera","Polyphaga","Elateriformia","Byrrhoidea","Elmidae","Elminae","Elmini",,"Heterlimnius","corpulentus",,"larva",2,,9,100,9,"N","N",,"condition OK","Y",,"Brown 1972; Merritt et al. 2019; Kamite, 2009","N","Rhithron Associates, Inc.","B. Moore",,,
"48e0be55-f6b2-4826-9cc2-7c9549deab65","D16","MART","MART.AOS.reach","2021-04-19T17:15Z","2021-06-10","MART.20210419.SURBER.2","A00000109544",,"EPESP","Y","Epeorus sp.",,"genus","Arthropoda","Hexapoda","Insecta","Pterygota","Palaeoptera",,"Ephemeroptera","Pisciforma",,"Heptagenioidea","Heptageniidae",,,,"Epeorus","sp.",,"larva",2,,6,100,6,"Y","N","early instar","condition OK","Y",,"Merritt et al. 2019","N","Rhithron Associates, Inc.","B. Moore",,,
"e6d80b97-c84c-4369-9dd0-e832fb2a3e38","D16","MART","MART.AOS.reach","2021-04-19T17:15Z","2021-06-15","MART.20210419.HESS.1","A00000109540",,"TANSP11","Y","Tanytarsus sp.",,"genus","Arthropoda","Hexapoda","Insecta","Pterygota","Neoptera","Holometabola","Diptera","Nematocera","Culicomorpha",,"Chironomidae","Chironominae","Tanytarsini",,"Tanytarsus","sp.",,"larva",1,,2,100,2,"N","N",,"condition OK","Y",,"Weiderholm, 1983; Weiderholm, 1986; Epler 2001; Ferrington et al. 2019; Andersen, Cranston and Epler 2013","N","Rhithron Associates, Inc.","R. Spring",,,
"c6ac31f5-30dd-4b7b-960f-5c207fc82e2e","D16","MART","MART.AOS.reach","2021-04-19T17:15Z","2021-06-10","MART.20210419.SURBER.2","A00000109544",,"CINSP1","Y","Cinygmula sp.",,"genus","Arthropoda","Hexapoda","Insecta","Pterygota","Palaeoptera",,"Ephemeroptera","Pisciforma",,"Heptagenioidea","Heptageniidae",,,,"Cinygmula","sp.",,"larva",1,,4,100,4,"N","N",,"condition OK","Y",,"Merritt et al. 2019","N","Rhithron Associates, Inc.","B. Moore",,,
"278f81c9-9acf-4486-b3ca-d45c570444e2","D16","MART","MART.AOS.reach","2021-04-19T17:15Z","2021-06-09","MART.20210419.SURBER.4","A00000109539",,"BAETRI2","Y","Baetis tricaudatus cx.",,"speciesGroup","Arthropoda","Hexapoda","Insecta","Pterygota","Palaeoptera",,"Ephemeroptera",,,,"Baetidae",,,,"Baetis","tricaudatus cx.",,"larva",3,,2,100,2,"N","N",,"condition OK","Y",,"Morihara and McCafferty 1979; Wiersema, 2004; Webb et al. 2018","Y","Rhithron Associates, Inc.","B. Moore",,"e5a82c4e-52d4-46ba-b32a-603d5d273d33",
"8114c6a4-f600-4c65-81dc-6681bd4f7612","D16","MART","MART.AOS.reach","2021-04-19T17:15Z","2021-06-09","MART.20210419.SURBER.4","A00000109539",,"CRISP2","Y","Cricotopus sp.",,"genus","Arthropoda","Hexapoda","Insecta","Pterygota","Neoptera","Holometabola","Diptera","Nematocera","Culicomorpha",,"Chironomidae","Orthocladiinae",,,"Cricotopus","sp.",,"larva",2,,3,100,3,"N","N",,"condition OK","Y",,"Weiderholm, 1983; Weiderholm, 1986; Epler 2001; Ferrington et al. 2019; Andersen, Cranston and Epler 2013","Y","Rhithron Associates, Inc.","B. Hayford",,,
"cbcd23e3-c162-4a5a-91dd-e64b7af99016","D16","MART","MART.AOS.reach","2021-04-19T17:15Z","2021-06-11","MART.20210419.HESS.1","A00000109540",,"PERSP1","Y","Perlidae sp.",,"family","Arthropoda","Hexapoda","Insecta","Pterygota","Neoptera","Polyneoptera","Plecoptera","Systellognatha",,,"Perlidae",,,,,"sp.",,"larva",1,,7,100,7,"Y","N","early instar","condition OK","N",,"Stewart and Stark 2002; Merritt et al. 2019","N","Rhithron Associates, Inc.","B. Moore",,,
"8f1f225f-1495-46c6-9acb-ab028f298937","D16","MART","MART.AOS.reach","2021-04-19T17:15Z","2021-06-11","MART.20210419.HESS.1","A00000109540",,"ORISP1","Y","Oribatida sp.",,"suborder","Arthropoda","Chelicerata","Arachnida","Acari",,"Acariformes","Sarcoptiformes","Oribatida",,,,,,,,"sp.",,"adult",1,,1,100,1,"N","N",,"condition OK","Y",,"Thorp and Rogers 2016","N","Rhithron Associates, Inc.","B. Moore",,,
"60c4c720-f721-45a8-99bc-951d4e3dc2bc","D16","MART","MART.AOS.reach","2021-04-19T17:15Z","2021-06-09","MART.20210419.SURBER.2","A00000109544",,"THISP2","Y","Thienemanniella sp.",,"genus","Arthropoda","Hexapoda","Insecta","Pterygota","Neoptera","Holometabola","Diptera","Nematocera","Culicomorpha",,"Chironomidae","Orthocladiinae",,,"Thienemanniella","sp.",,"larva",1,,1,100,1,"N","N",,"condition OK","Y",,"Weiderholm, 1983; Weiderholm, 1986; Epler 2001; Ferrington et al. 2019; Andersen, Cranston and Epler 2013","N","Rhithron Associates, Inc.","B. Hayford",,,
"fce2f0d2-eef7-4f0a-85b6-ab9c0a5b597a","D16","MART","MART.AOS.reach","2021-04-19T17:15Z","2021-06-09","MART.20210419.HESS.3","A00000109546",,"PARSP26","Y","Parametriocnemus sp.",,"genus","Arthropoda","Hexapoda","Insecta","Pterygota","Neoptera","Holometabola","Diptera","Nematocera","Culicomorpha",,"Chironomidae","Orthocladiinae",,,"Parametriocnemus","sp.",,"larva",5,,1,100,1,"N","N",,"condition OK","Y",,"Weiderholm, 1983; Weiderholm, 1986; Epler 2001; Ferrington et al. 2019; Andersen, Cranston and Epler 2013","N","Rhithron Associates, Inc.","B. Hayford",,,
"105df78c-0ec5-4d02-bae5-65c9d2492722","D16","MART","MART.AOS.reach","2021-04-19T17:15Z","2021-06-11","MART.20210419.HESS.2","A00000109542",,"LEPSP4","Y","Leptophlebiidae sp.",,"family","Arthropoda","Hexapoda","Insecta","Pterygota","Palaeoptera",,"Ephemeroptera","Furcatergalia","Lanceolata",,"Leptophlebiidae",,,,,"sp.",,"larva",6,,2,100,2,"N","N","damaged","damaged, affecting taxonomy and measurement","Y",,"Merritt et al. 2019","N","Rhithron Associates, Inc.","B. Moore",,,
"c340fcb9-1d1b-4ffd-be8e-73bd8bc0c762","D16","MART","MART.AOS.reach","2021-04-19T17:15Z","2021-06-09","MART.20210419.SURBER.3","A00000109545",,"LIMSP5","Y","Limnephilidae sp.",,"family","Arthropoda","Hexapoda","Insecta","Pterygota","Neoptera","Holometabola","Trichoptera",,,"Limnephiloidea","Limnephilidae",,,,,"sp.",,"larva",2,,1,100,1,"Y","N","early instar","condition OK","Y",,"Wiggins 1996; Merritt et al. 2019","N","Rhithron Associates, Inc.","B. Moore",,,
"2dbfc745-5871-429f-a5f0-60773ca5047c","D16","MART","MART.AOS.reach","2021-04-19T17:15Z","2021-06-09","MART.20210419.SURBER.3","A00000109545",,"TORSP6","Y","Torrenticola sp.",,"genus","Arthropoda","Chelicerata","Arachnida","Acari",,"Acariformes","Trombidiformes","Prostigmata",,"Lebertioidea","Torrenticolidae",,,,"Torrenticola","sp.",,"adult",1,,1,100,1,"N","N",,"condition OK","Y",,"Thorp and Rogers 2016","N","Rhithron Associates, Inc.","B. Moore",,,
"76f4ef31-57bd-4cbc-8637-119b5ca80062","D16","MART","MART.AOS.reach","2021-04-19T17:15Z","2021-06-10","MART.20210419.SURBER.2","A00000109544",,"CINSP1","Y","Cinygmula sp.",,"genus","Arthropoda","Hexapoda","Insecta","Pterygota","Palaeoptera",,"Ephemeroptera","Pisciforma",,"Heptagenioidea","Heptageniidae",,,,"Cinygmula","sp.",,"larva",5,,4,100,4,"N","N",,"condition OK","Y",,"Merritt et al. 2019","N","Rhithron Associates, Inc.","B. Moore",,,
"81dca297-4236-420e-b554-711a523db5ad","D16","MART","MART.AOS.reach","2021-04-19T17:15Z","2021-06-10","MART.20210419.SURBER.1","A00000109543",,"EPESP","Y","Epeorus sp.",,"genus","Arthropoda","Hexapoda","Insecta","Pterygota","Palaeoptera",,"Ephemeroptera","Pisciforma",,"Heptagenioidea","Heptageniidae",,,,"Epeorus","sp.",,"larva",6,,1,100,1,"Y","N","early instar","condition OK","Y",,"Merritt et al. 2019","N","Rhithron Associates, Inc.","B. Moore",,,
"8f039045-e31d-4931-b11b-f4f587387448","D16","MART","MART.AOS.reach","2021-04-19T17:15Z","2021-06-09","MART.20210419.SURBER.4","A00000109539",,"EUKSP","Y","Eukiefferiella sp.",,"genus","Arthropoda","Hexapoda","Insecta","Pterygota","Neoptera","Holometabola","Diptera","Nematocera","Culicomorpha",,"Chironomidae","Orthocladiinae",,,"Eukiefferiella","sp.",,"larva",2,,1,100,1,"Y","N","early instar","condition OK","Y",,"Weiderholm, 1983; Bode, 1983; Weiderholm, 1986; Epler 2001; Ferrington et al. 2019; Andersen, Cranston and Epler 2013","Y","Rhithron Associates, Inc.","B. Hayford",,,
"17be3375-8938-470f-83e3-68697bedaa7e","D16","MART","MART.AOS.reach","2021-04-19T17:15Z","2021-06-10","MART.20210419.HESS.3","A00000109546",,"SWESP","Y","Sweltsa sp.",,"genus","Arthropoda","Hexapoda","Insecta","Pterygota","Neoptera","Polyneoptera","Plecoptera","Systellognatha",,,"Chloroperlidae","Chloroperlinae",,,"Sweltsa","sp.",,"larva",3,,1,100,1,"N","N",,"condition OK","Y",,"Stewart and Stark 2002; Merritt et al. 2019","N","Rhithron Associates, Inc.","B. Moore",,,
"dad4b97b-6cb4-47e7-90f0-79cfc6c5ca7a","D16","MART","MART.AOS.reach","2021-04-19T17:15Z","2021-06-10","MART.20210419.SURBER.2","A00000109544",,"EPHTIB","Y","Ephemerella tibialis",,"species","Arthropoda","Hexapoda","Insecta","Pterygota","Palaeoptera",,"Ephemeroptera","Furcatergalia","Pannota","Ephemerelloidea","Ephemerellidae",,,,"Ephemerella","tibialis",,"larva",1,,3,100,3,"N","N",,"condition OK","Y",,"Allen and Edmunds 1965","N","Rhithron Associates, Inc.","B. Moore",,,
"bb2b5678-606b-4c5c-8d4a-73c0943ecac7","D16","MART","MART.AOS.reach","2021-04-19T17:15Z","2021-06-11","MART.20210419.HESS.1","A00000109540",,"WOOSP","Y","Woolastookia sp.",,"genus","Arthropoda","Chelicerata","Arachnida","Acari",,"Acariformes","Trombidiformes","Prostigmata",,"Hygrobatoidea","Aturidae",,,,"Woolastookia","sp.",,"adult",1,,4,100,4,"N","N",,"condition OK","Y",,"Thorp and Rogers 2016","N","Rhithron Associates, Inc.","B. Moore",,,
"3ad0836b-d9ef-430d-8ed2-422654b533cd","D16","MART","MART.AOS.reach","2021-04-19T17:15Z","2021-06-09","MART.20210419.SURBER.4","A00000109539",,"PARSP29","Y","Parorthocladius sp.",,"genus","Arthropoda","Hexapoda","Insecta","Pterygota","Neoptera","Holometabola","Diptera","Nematocera","Culicomorpha",,"Chironomidae","Orthocladiinae",,,"Parorthocladius","sp.",,"larva",4,,1,100,1,"N","N",,"condition OK","Y",,"Weiderholm, 1983; Weiderholm, 1986; Epler 2001; Ferrington et al. 2019; Andersen, Cranston and Epler 2013","Y","Rhithron Associates, Inc.","B. Hayford",,,
"96be6f4c-d91e-4d7c-9e84-20640b133507","D16","MART","MART.AOS.reach","2021-04-19T17:15Z","2021-06-10","MART.20210419.SURBER.1","A00000109543",,"ORISP1","Y","Oribatida sp.",,"suborder","Arthropoda","Chelicerata","Arachnida","Acari",,"Acariformes","Sarcoptiformes","Oribatida",,,,,,,,"sp.",,"adult",1,,2,100,2,"N","N",,"condition OK","Y",,"Thorp and Rogers 2016","N","Rhithron Associates, Inc.","B. Moore",,,
"991a9cea-4a51-443d-85ea-4574446d56da","D16","MART","MART.AOS.reach","2021-04-19T17:15Z","2021-06-11","MART.20210419.HESS.2","A00000109542",,"DRUSP","Y","Drunella sp.",,"genus","Arthropoda","Hexapoda","Insecta","Pterygota","Palaeoptera",,"Ephemeroptera","Furcatergalia","Pannota","Ephemerelloidea","Ephemerellidae",,,,"Drunella","sp.",,"larva",3,,1,100,1,"Y","N","early instar","condition OK","Y",,"Merritt et al. 2019","N","Rhithron Associates, Inc.","B. Moore",,,
"aef67e48-0c96-41bb-ace4-d8005a971407","D16","MART","MART.AOS.reach","2021-04-19T17:15Z","2021-06-09","MART.20210419.SURBER.4","A00000109539",,"POTSP2","Y","Potthastia sp.",,"genus","Arthropoda","Hexapoda","Insecta","Pterygota","Neoptera","Holometabola","Diptera","Nematocera","Culicomorpha",,"Chironomidae","Diamesinae","Diamesini",,"Potthastia","sp.",,"larva",4,,1,100,1,"N","N",,"condition OK","Y",,"Weiderholm, 1983; Weiderholm, 1986; Epler 2001; Ferrington et al. 2019; Andersen, Cranston and Epler 2013","Y","Rhithron Associates, Inc.","B. Hayford",,,
"2068fef5-1a83-44f7-a4cb-94d5ad7704fd","D16","MART","MART.AOS.reach","2021-04-19T17:15Z","2021-06-09","MART.20210419.SURBER.4","A00000109539",,"EPHSP1","Y","Ephemerellidae sp.",,"family","Arthropoda","Hexapoda","Insecta","Pterygota","Palaeoptera",,"Ephemeroptera","Furcatergalia","Pannota","Ephemerelloidea","Ephemerellidae",,,,,"sp.",,"larva",1,,3,100,3,"Y","N","early instar","condition OK","N",,"Merritt et al. 2019","Y","Rhithron Associates, Inc.","B. Moore",,,
"fe8fee86-1a6e-4c19-9961-93be1747f62a","D16","MART","MART.AOS.reach","2021-04-19T17:15Z","2021-06-11","MART.20210419.HESS.1","A00000109540",,"LIMSP5","Y","Limnephilidae sp.",,"family","Arthropoda","Hexapoda","Insecta","Pterygota","Neoptera","Holometabola","Trichoptera",,,"Limnephiloidea","Limnephilidae",,,,,"sp.",,"larva",2,,8,100,8,"Y","N","early instar","condition OK","Y",,"Wiggins 1996; Merritt et al. 2019","N","Rhithron Associates, Inc.","B. Moore",,,
"1f71c614-3c28-4a2e-a1fb-544baabd10c8","D16","MART","MART.AOS.reach","2021-04-19T17:15Z","2021-06-10","MART.20210419.SURBER.1","A00000109543",,"CERSP10","Y","Ceratopogoninae sp.",,"subfamily","Arthropoda","Hexapoda","Insecta","Pterygota","Neoptera","Holometabola","Diptera","Nematocera","Culicomorpha",,"Ceratopogonidae","Ceratopogoninae",,,,"sp.",,"larva",6,,1,100,1,"N","N",,"condition OK","Y",,"Merritt et al. 2019","N","Rhithron Associates, Inc.","B. Moore",,,
"fc4ed288-5aa3-4f0d-ad04-27aa6bd092fd","D16","MART","MART.AOS.reach","2021-04-19T17:15Z","2021-06-10","MART.20210419.SURBER.1","A00000109543",,"ANTMON","Y","Antocha monticola",,"species","Arthropoda","Hexapoda","Insecta","Pterygota","Neoptera","Holometabola","Diptera","Nematocera","Tipulomorpha",,"Tipulidae","Limoniinae","Limoniini",,"Antocha","monticola",,"larva",3,,1,100,1,"N","N",,"condition OK","Y",,"Gelhaus and Podeniene 2018; Merritt et al. 2019","N","Rhithron Associates, Inc.","B. Moore",,,
"4f711a16-0807-40b5-9d9a-b781a83b0110","D16","MART","MART.AOS.reach","2021-04-19T17:15Z","2021-06-09","MART.20210419.SURBER.2","A00000109544",,"CORSP19","Y","Corynoneura sp.",,"genus","Arthropoda","Hexapoda","Insecta","Pterygota","Neoptera","Holometabola","Diptera","Nematocera","Culicomorpha",,"Chironomidae","Orthocladiinae",,,"Corynoneura","sp.",,"larva",1,,1,100,1,"N","N",,"condition OK","Y",,"Weiderholm, 1983; Weiderholm, 1986; Epler 2001; Ferrington et al. 2019; Andersen, Cranston and Epler 2013","N","Rhithron Associates, Inc.","B. Hayford",,,
"7b2dc5f3-857d-4c99-8fec-69927a8cf422","D16","MART","MART.AOS.reach","2021-04-19T17:15Z","2021-06-10","MART.20210419.HESS.3","A00000109546",,"LEPSP4","Y","Leptophlebiidae sp.",,"family","Arthropoda","Hexapoda","Insecta","Pterygota","Palaeoptera",,"Ephemeroptera","Furcatergalia","Lanceolata",,"Leptophlebiidae",,,,,"sp.",,"larva",1,,4,100,4,"Y","N","early instar","condition OK","Y",,"Merritt et al. 2019","N","Rhithron Associates, Inc.","B. Moore",,,
"85ae391e-865b-40af-a5f4-bca43e98ce19","D16","MART","MART.AOS.reach","2021-04-19T17:15Z","2021-06-10","MART.20210419.SURBER.1","A00000109543",,"EPESP","Y","Epeorus sp.",,"genus","Arthropoda","Hexapoda","Insecta","Pterygota","Palaeoptera",,"Ephemeroptera","Pisciforma",,"Heptagenioidea","Heptageniidae",,,,"Epeorus","sp.",,"larva",3,,4,100,4,"Y","N","early instar","condition OK","Y",,"Merritt et al. 2019","N","Rhithron Associates, Inc.","B. Moore",,,
"0a153cc2-48bf-4562-89ca-6482da92e592","D16","MART","MART.AOS.reach","2021-04-19T17:15Z","2021-06-10","MART.20210419.SURBER.2","A00000109544",,"AMESP2","Y","Ameletus sp.",,"genus","Arthropoda","Hexapoda","Insecta","Pterygota","Palaeoptera",,"Ephemeroptera","Pisciforma",,,"Ameletidae",,,,"Ameletus","sp.",,"larva",2,,1,100,1,"N","N",,"condition OK","Y",,"Merritt et al. 2019","N","Rhithron Associates, Inc.","B. Moore",,,
"d35a4ef4-e918-4a11-88e9-659aee5e7023","D16","MART","MART.AOS.reach","2021-04-19T17:15Z","2021-06-11","MART.20210419.HESS.2","A00000109542",,"RHYBET","Y","Rhyacophila betteni gr.",,"speciesGroup","Arthropoda","Hexapoda","Insecta","Pterygota","Neoptera","Holometabola","Trichoptera",,,"Rhyacophiloidea","Rhyacophilidae",,,,"Rhyacophila","betteni gr.",,"larva",5,,1,100,1,"N","N",,"condition OK","Y",,"Prather and Morris 2001; Morse et al. 2017; Giersch et al. 2012","N","Rhithron Associates, Inc.","B. Moore",,,
"71356b0f-3089-4031-9057-324efc51b7f1","D16","MART","MART.AOS.reach","2021-04-19T17:15Z","2021-06-09","MART.20210419.SURBER.1","A00000109543",,"LARSP","Y","Larsia sp.",,"genus","Arthropoda","Hexapoda","Insecta","Pterygota","Neoptera","Holometabola","Diptera","Nematocera","Culicomorpha",,"Chironomidae","Tanypodinae","Pentaneurini",,"Larsia","sp.",,"larva",2,,1,100,1,"N","N",,"condition OK","Y",,"Weiderholm, 1983; Weiderholm, 1986; Epler 2001; Ferrington et al. 2019; Andersen, Cranston and Epler 2013","N","Rhithron Associates, Inc.","B. Hayford",,,
"e9d90309-464b-4495-b41a-b7a144e0ebc5","D16","MART","MART.AOS.reach","2021-04-19T17:15Z","2021-06-10","MART.20210419.SURBER.2","A00000109544",,"HETCOR","Y","Heterlimnius corpulentus",,"species","Arthropoda","Hexapoda","Insecta","Pterygota","Neoptera","Holometabola","Coleoptera","Polyphaga","Elateriformia","Byrrhoidea","Elmidae","Elminae","Elmini",,"Heterlimnius","corpulentus",,"larva",3,,1,100,1,"N","N",,"condition OK","Y",,"Brown 1972; Merritt et al. 2019; Kamite, 2009","N","Rhithron Associates, Inc.","B. Moore",,,
"e905f991-61fd-431b-b09d-3c4df72b6a7d","D16","MART","MART.AOS.reach","2021-04-19T17:15Z","2021-06-09","MART.20210419.SURBER.3","A00000109545",,"PARSP29","Y","Parorthocladius sp.",,"genus","Arthropoda","Hexapoda","Insecta","Pterygota","Neoptera","Holometabola","Diptera","Nematocera","Culicomorpha",,"Chironomidae","Orthocladiinae",,,"Parorthocladius","sp.",,"larva",3,,1,100,1,"N","N",,"condition OK","Y",,"Weiderholm, 1983; Weiderholm, 1986; Epler 2001; Ferrington et al. 2019; Andersen, Cranston and Epler 2013","N","Rhithron Associates, Inc.","B. Hayford",,,
"ba2833ba-2137-4e43-b785-922d8ba7f3af","D16","MART","MART.AOS.reach","2021-04-19T17:15Z","2021-06-09","MART.20210419.SURBER.1","A00000109543",,"MICSP6","Y","Micropsectra sp.",,"genus","Arthropoda","Hexapoda","Insecta","Pterygota","Neoptera","Holometabola","Diptera","Nematocera","Culicomorpha",,"Chironomidae","Chironominae","Tanytarsini",,"Micropsectra","sp.",,"larva",3,,1,100,1,"N","N",,"condition OK","Y",,"Weiderholm, 1983; Weiderholm, 1986; Epler 2001; Ferrington et al. 2019; Andersen, Cranston and Epler 2013","N","Rhithron Associates, Inc.","B. Hayford",,,
"63466a8c-b539-4b25-96cf-12564b267f2e","D16","MART","MART.AOS.reach","2021-04-19T17:15Z","2021-06-11","MART.20210419.HESS.2","A00000109542",,"AMESP2","Y","Ameletus sp.",,"genus","Arthropoda","Hexapoda","Insecta","Pterygota","Palaeoptera",,"Ephemeroptera","Pisciforma",,,"Ameletidae",,,,"Ameletus","sp.",,"larva",2,,43,100,43,"N","N",,"condition OK","Y",,"Merritt et al. 2019","N","Rhithron Associates, Inc.","B. Moore",,,
"400c2272-a68e-4652-b3a9-1fce6137f787","D16","MART","MART.AOS.reach","2021-04-19T17:15Z","2021-06-10","MART.20210419.SURBER.2","A00000109544",,"SWESP","Y","Sweltsa sp.",,"genus","Arthropoda","Hexapoda","Insecta","Pterygota","Neoptera","Polyneoptera","Plecoptera","Systellognatha",,,"Chloroperlidae","Chloroperlinae",,,"Sweltsa","sp.",,"larva",2,,2,100,2,"N","N",,"condition OK","Y",,"Stewart and Stark 2002; Merritt et al. 2019","N","Rhithron Associates, Inc.","B. Moore",,,
"d1756771-f1f9-4dc7-a6d8-d19801fc334b","D16","MART","MART.AOS.reach","2021-04-19T17:15Z","2021-06-11","MART.20210419.HESS.2","A00000109542",,"LEPSP4","Y","Leptophlebiidae sp.",,"family","Arthropoda","Hexapoda","Insecta","Pterygota","Palaeoptera",,"Ephemeroptera","Furcatergalia","Lanceolata",,"Leptophlebiidae",,,,,"sp.",,"larva",1,,1,100,1,"N","N","damaged","damaged, affecting taxonomy and measurement","Y",,"Merritt et al. 2019","N","Rhithron Associates, Inc.","B. Moore",,,
"4009970e-3f7b-4f1d-9036-354a5b33c9f4","D16","MART","MART.AOS.reach","2021-04-19T17:15Z","2021-06-10","MART.20210419.SURBER.1","A00000109543",,"LEBSP1","Y","Lebertia sp.",,"genus","Arthropoda","Chelicerata","Arachnida","Acari",,"Acariformes","Trombidiformes","Prostigmata",,"Lebertioidea","Lebertiidae",,,,"Lebertia","sp.",,"adult",1,,1,100,1,"N","N",,"condition OK","Y",,"Thorp and Rogers 2016","N","Rhithron Associates, Inc.","B. Moore",,,
"281a6362-7cf0-477e-a34d-e3d54a141b2e","D16","MART","MART.AOS.reach","2021-04-19T17:15Z","2021-06-15","MART.20210419.HESS.1","A00000109540",,"STESP10","Y","Stempellinella sp.",,"genus","Arthropoda","Hexapoda","Insecta","Pterygota","Neoptera","Holometabola","Diptera","Nematocera","Culicomorpha",,"Chironomidae","Chironominae","Tanytarsini",,"Stempellinella","sp.",,"larva",2,,38,100,38,"N","N",,"condition OK","Y",,"Weiderholm, 1983; Weiderholm, 1986; Epler 2001; Ferrington et al. 2019; Andersen, Cranston and Epler 2013","N","Rhithron Associates, Inc.","R. Spring",,,
"adc9592a-f4d1-4b44-8dc5-d708baf7b08e","D16","MART","MART.AOS.reach","2021-04-19T17:15Z","2021-06-09","MART.20210419.SURBER.5","A00000109541",,"HELSP10","Y","Heleniella sp.",,"genus","Arthropoda","Hexapoda","Insecta","Pterygota","Neoptera","Holometabola","Diptera","Nematocera","Culicomorpha",,"Chironomidae","Orthocladiinae",,,"Heleniella","sp.",,"larva",5,,2,33,6,"N","N",,"condition OK","Y",,"Weiderholm, 1983; Weiderholm, 1986; Epler 2001; Ferrington et al. 2019; Andersen, Cranston and Epler 2013","N","Rhithron Associates, Inc.","B. Hayford",,,
"ba350f0b-cf96-4a8a-979b-4f89f9fcef34","D16","MART","MART.AOS.reach","2021-04-19T17:15Z","2021-06-15","MART.20210419.HESS.1","A00000109540",,"CRISP2","Y","Cricotopus sp.",,"genus","Arthropoda","Hexapoda","Insecta","Pterygota","Neoptera","Holometabola","Diptera","Nematocera","Culicomorpha",,"Chironomidae","Orthocladiinae",,,"Cricotopus","sp.",,"larva",2,,1,100,1,"N","N",,"condition OK","Y",,"Weiderholm, 1983; Weiderholm, 1986; Epler 2001; Ferrington et al. 2019; Andersen, Cranston and Epler 2013","N","Rhithron Associates, Inc.","R. Spring",,,
"72b6fadf-6e7a-4b8b-b6a4-8710a47bc238","D16","MART","MART.AOS.reach","2021-04-19T17:15Z","2021-06-09","MART.20210419.HESS.3","A00000109546",,"PARSP29","Y","Parorthocladius sp.",,"genus","Arthropoda","Hexapoda","Insecta","Pterygota","Neoptera","Holometabola","Diptera","Nematocera","Culicomorpha",,"Chironomidae","Orthocladiinae",,,"Parorthocladius","sp.",,"larva",4,,1,100,1,"N","N",,"condition OK","Y",,"Weiderholm, 1983; Weiderholm, 1986; Epler 2001; Ferrington et al. 2019; Andersen, Cranston and Epler 2013","N","Rhithron Associates, Inc.","B. Hayford",,,
"878a0bc3-fce9-4c87-b226-f4d6f49c4643","D16","MART","MART.AOS.reach","2021-04-19T17:15Z","2021-06-10","MART.20210419.SURBER.1","A00000109543",,"BAETRI2","Y","Baetis tricaudatus cx.",,"speciesGroup","Arthropoda","Hexapoda","Insecta","Pterygota","Palaeoptera",,"Ephemeroptera",,,,"Baetidae",,,,"Baetis","tricaudatus cx.",,"larva",5,,4,100,4,"N","N",,"condition OK","Y",,"Morihara and McCafferty 1979; Wiersema, 2004; Webb et al. 2018","N","Rhithron Associates, Inc.","B. Moore",,"b2c6188d-96b2-4d18-91b9-dbe315cdf056",
"71ca2f50-70b5-4ec1-b677-3321ac93635f","D16","MART","MART.AOS.reach","2021-04-19T17:15Z","2021-06-09","MART.20210419.SURBER.3","A00000109545",,"ORTSP1","Y","Orthocladiinae sp.",,"subfamily","Arthropoda","Hexapoda","Insecta","Pterygota","Neoptera","Holometabola","Diptera","Nematocera","Culicomorpha",,"Chironomidae","Orthocladiinae",,,,"sp.",,"larva",1,,1,100,1,"Y","N","early instar","condition OK","N",,"Weiderholm, 1983; Weiderholm, 1986; Epler 2001; Ferrington et al. 2019; Andersen, Cranston and Epler 2013","N","Rhithron Associates, Inc.","B. Hayford",,,
"5742b24f-b501-485c-bab3-d0d784e57e69","D16","MART","MART.AOS.reach","2021-04-19T17:15Z","2021-06-09","MART.20210419.SURBER.5","A00000109541",,"PARSP29","Y","Parorthocladius sp.",,"genus","Arthropoda","Hexapoda","Insecta","Pterygota","Neoptera","Holometabola","Diptera","Nematocera","Culicomorpha",,"Chironomidae","Orthocladiinae",,,"Parorthocladius","sp.",,"larva",4,,1,33,3,"N","N",,"condition OK","Y",,"Weiderholm, 1983; Weiderholm, 1986; Epler 2001; Ferrington et al. 2019; Andersen, Cranston and Epler 2013","N","Rhithron Associates, Inc.","B. Hayford",,,
"6ef08b28-991d-41f1-abb0-d3b4b95e0a3a","D16","MART","MART.AOS.reach","2021-04-19T17:15Z","2021-06-09","MART.20210419.SURBER.5","A00000109541",,"LJASP","Y","Ljania sp.",,"genus","Arthropoda","Chelicerata","Arachnida","Acari",,"Acariformes","Trombidiformes","Prostigmata",,"Hygrobatoidea","Aturidae",,,,"Ljania","sp.",,"adult",1,,2,33,6,"N","N",,"condition OK","Y",,"Thorp and Rogers 2016","N","Rhithron Associates, Inc.","B. Moore",,,
"54cb8880-24bc-4989-8063-cc7473129f4b","D16","MART","MART.AOS.reach","2021-04-19T17:15Z","2021-06-11","MART.20210419.HESS.1","A00000109540",,"LEPSP4","Y","Leptophlebiidae sp.",,"family","Arthropoda","Hexapoda","Insecta","Pterygota","Palaeoptera",,"Ephemeroptera","Furcatergalia","Lanceolata",,"Leptophlebiidae",,,,,"sp.",,"larva",5,,3,100,3,"Y","N","early instar","condition OK","Y",,"Merritt et al. 2019","N","Rhithron Associates, Inc.","B. Moore",,,
"8caba928-335f-4170-8424-1c75c9da28f4","D16","MART","MART.AOS.reach","2021-04-19T17:15Z","2021-06-11","MART.20210419.HESS.1","A00000109540",,"DRUSP","Y","Drunella sp.",,"genus","Arthropoda","Hexapoda","Insecta","Pterygota","Palaeoptera",,"Ephemeroptera","Furcatergalia","Pannota","Ephemerelloidea","Ephemerellidae",,,,"Drunella","sp.",,"larva",1,,2,100,2,"Y","N","early instar","condition OK","Y",,"Merritt et al. 2019","N","Rhithron Associates, Inc.","B. Moore",,,
"d299a052-a74f-411f-94c9-83fe58323e27","D16","MART","MART.AOS.reach","2021-04-19T17:15Z","2021-06-09","MART.20210419.SURBER.3","A00000109545",,"EPESP","Y","Epeorus sp.",,"genus","Arthropoda","Hexapoda","Insecta","Pterygota","Palaeoptera",,"Ephemeroptera","Pisciforma",,"Heptagenioidea","Heptageniidae",,,,"Epeorus","sp.",,"larva",2,,24,100,24,"Y","N","early instar","condition OK","Y",,"Merritt et al. 2019","N","Rhithron Associates, Inc.","B. Moore",,,
"d0f7672d-5801-48a5-b3c1-607b99ece971","D16","MART","MART.AOS.reach","2021-04-19T17:15Z","2021-06-09","MART.20210419.SURBER.5","A00000109541",,"KATSP1","Y","Kathroperla sp.",,"genus","Arthropoda","Hexapoda","Insecta","Pterygota","Neoptera","Polyneoptera","Plecoptera","Systellognatha",,,"Chloroperlidae","Paraperlinae",,,"Kathroperla","sp.",,"larva",6,,1,33,3,"N","N",,"condition OK","Y",,"Stewart and Stark 2002; Merritt et al. 2019","N","Rhithron Associates, Inc.","B. Moore",,,
"04f43088-055a-4220-aae2-4660cb92d035","D16","MART","MART.AOS.reach","2021-04-19T17:15Z","2021-06-09","MART.20210419.SURBER.5","A00000109541",,"CALCAL","Y","Calineuria californica",,"species","Arthropoda","Hexapoda","Insecta","Pterygota","Neoptera","Polyneoptera","Plecoptera","Systellognatha",,,"Perlidae","Acroneuriinae","Acroneuriini",,"Calineuria","californica",,"larva",4,,2,33,6,"N","N",,"condition OK","Y",,"Stewart and Stark 2002; Merritt et al. 2019","N","Rhithron Associates, Inc.","B. Moore",,,
