uid,domainID,siteID,namedLocation,collectDate,identifiedDate,sampleID,sampleCode,slideID,acceptedTaxonID,targetTaxaPresent,scientificName,morphospeciesID,taxonRank,phylum,subphylum,class,subclass,infraclass,superorder,order,suborder,infraorder,superfamily,family,subfamily,tribe,subtribe,genus,specificEpithet,infraspecificEpithet,invertebrateLifeStage,sizeClass,sizeCategory,individualCount,subsamplePercent,estimatedTotalCount,immatureSpecimen,indeterminateSpecies,taxonRankQualifier,sampleCondition,distinctTaxon,identificationQualifier,identificationReferences,qcChecked,laboratoryName,identifiedBy,identificationRemarks,identificationHistoryID,dataQF
"ad102cac-2e79-4e9c-b7cd-fba532fa5dcd","D05","CRAM","CRAM.AOS.littoral2","2020-07-09T16:18Z","2020-10-26","CRAM.20200709.PONAR.1","A00000203301",,"TANSP11","Y","Tanytarsus sp.",,"genus","Arthropoda","Hexapoda","Insecta","Pterygota","Neoptera","Holometabola","Diptera","Nematocera","Culicomorpha",,"Chironomidae","Chironominae","Tanytarsini",,"Tanytarsus","sp.",,"larva",2,"2a",4,100,4,"N","N",,"condition OK","Y",,"Epler 2001","N","EcoAnalysts Inc.","G. Wallace","Fragment measured",,
"2fba0ae7-e652-4c30-ba54-9db17cdb792d","D05","CRAM","CRAM.AOS.riparian.point.07","2020-07-09T16:18Z","2020-10-26","CRAM.20200709.BENTHICSWEEP.7","A00000203299",,"ABLSP","Y","Ablabesmyia sp.",,"genus","Arthropoda","Hexapoda","Insecta","Pterygota","Neoptera","Holometabola","Diptera","Nematocera","Culicomorpha",,"Chironomidae","Tanypodinae","Pentaneurini",,"Ablabesmyia","sp.",,"larva",2,"2b",5,18,28,"Y","Y",,"condition OK","Y",,"Roback 1985; Epler 2001","N","EcoAnalysts Inc.","G. Wallace","Larger ones w/ 3-segmented palps",,
"88b2185d-a8af-4d34-b36d-fd8cae7a76a5","D05","CRAM","CRAM.AOS.littoral2","2020-07-09T16:18Z","2020-10-26","CRAM.20200709.PONAR.1","A00000203301",,"DASSP2","Y","Dasyhelea sp.",,"genus","Arthropoda","Hexapoda","Insecta","Pterygota","Neoptera","Holometabola","Diptera","Nematocera","Culicomorpha",,"Ceratopogonidae","Dasyheleinae",,,"Dasyhelea","sp.",,"larva",3,,1,100,1,"N","N",,"condition OK","Y",,"Merritt and Cummins 2008","N","EcoAnalysts Inc.","A. Navesky",,,
"ec537243-022b-44fc-92cf-1049fd2a0f2a","D05","CRAM","CRAM.AOS.riparian.point.01","2020-07-09T16:18Z","2020-10-26","CRAM.20200709.BENTHICSWEEP.1","A00000203293",,"MICPED","Y","Microtendipes pedellus gr.",,"speciesGroup","Arthropoda","Hexapoda","Insecta","Pterygota","Neoptera","Holometabola","Diptera","Nematocera","Culicomorpha",,"Chironomidae","Chironominae","Chironomini",,"Microtendipes","pedellus gr.",,"larva",2,,6,36,17,"N","N",,"condition OK","Y",,"Epler 2001","N","EcoAnalysts Inc.","G. Wallace",,,
"7dc58df7-2d23-4aa8-a275-4e912a24540c","D05","CRAM","CRAM.AOS.riparian.point.01","2020-07-09T16:18Z","2020-10-26","CRAM.20200709.BENTHICSWEEP.1","A00000203293",,"MICPED","Y","Microtendipes pedellus gr.",,"speciesGroup","Arthropoda","Hexapoda","Insecta","Pterygota","Neoptera","Holometabola","Diptera","Nematocera","Culicomorpha",,"Chironomidae","Chironominae","Chironomini",,"Microtendipes","pedellus gr.",,"larva",1,"1b",2,36,6,"N","N",,"condition OK","Y",,"Epler 2001","N","EcoAnalysts Inc.","G. Wallace",,,
"4d61f151-8d20-4281-b0aa-1a3528bf6e00","D05","CRAM","CRAM.AOS.riparian.point.05","2020-07-09T16:18Z","2020-10-26","CRAM.20200709.BENTHICSWEEP.5","A00000203297",,"PSESP18","Y","Pseudochironomus sp.",,"genus","Arthropoda","Hexapoda","Insecta","Pterygota","Neoptera","Holometabola","Diptera","Nematocera","Culicomorpha",,"Chironomidae","Chironominae","Pseudochironomini",,"Pseudochironomus","sp.",,"larva",2,,1,9,11,"N","N",,"condition OK","Y",,"Epler 2001","Y","EcoAnalysts Inc.","G. Wallace","3 very small",,
"31e291aa-aabf-4d47-8b83-d282e2921d41","D05","CRAM","CRAM.AOS.buoy.c0","2020-07-09T16:18Z","2020-10-25","CRAM.20200709.PONAR.3","A00000203303",,"TANSP11","Y","Tanytarsus sp.",,"genus","Arthropoda","Hexapoda","Insecta","Pterygota","Neoptera","Holometabola","Diptera","Nematocera","Culicomorpha",,"Chironomidae","Chironominae","Tanytarsini",,"Tanytarsus","sp.",,"larva",2,,4,100,4,"N","N",,"condition OK","Y",,"Epler 2001","N","EcoAnalysts Inc.","G. Wallace",,,
"929a201f-aa62-4bdf-af87-1888a6b00241","D05","CRAM","CRAM.AOS.riparian.point.03","2020-07-09T16:18Z","2020-10-26","CRAM.20200709.BENTHICSWEEP.3","A00000203295",,"LARSP","Y","Larsia sp.",,"genus","Arthropoda","Hexapoda","Insecta","Pterygota","Neoptera","Holometabola","Diptera","Nematocera","Culicomorpha",,"Chironomidae","Tanypodinae","Pentaneurini",,"Larsia","sp.",,"larva",2,"2b",1,98,1,"N","N",,"condition OK","Y",,"Epler 2001","N","EcoAnalysts Inc.","G. Wallace","Fragment measured",,
"ba01254b-4b8d-4d55-af8e-e5e5c1cad74e","D05","CRAM","CRAM.AOS.riparian.point.05","2020-07-09T16:18Z","2020-10-26","CRAM.20200709.BENTHICSWEEP.5","A00000203297",,"CERSP10","Y","Ceratopogoninae sp.",,"subfamily","Arthropoda","Hexapoda","Insecta","Pterygota","Neoptera","Holometabola","Diptera","Nematocera","Culicomorpha",,"Ceratopogonidae","Ceratopogoninae",,,,"sp.",,"larva",10,,1,9,11,"N","Y",,"condition OK","Y",,"Merritt and Cummins 2008","Y","EcoAnalysts Inc.","A. Navesky",,,
"198a2876-931f-4570-a299-86d62a1b669f","D05","CRAM","CRAM.AOS.riparian.point.03","2020-07-09T16:18Z","2020-10-26","CRAM.20200709.BENTHICSWEEP.3","A00000203295",,"PSESP18","Y","Pseudochironomus sp.",,"genus","Arthropoda","Hexapoda","Insecta","Pterygota","Neoptera","Holometabola","Diptera","Nematocera","Culicomorpha",,"Chironomidae","Chironominae","Pseudochironomini",,"Pseudochironomus","sp.",,"larva",7,,1,98,1,"N","N",,"condition OK","Y",,"Epler 2001","N","EcoAnalysts Inc.","G. Wallace","1 small",,
"34b9427e-a03e-4b56-979d-24c67f1f11d8","D05","CRAM","CRAM.AOS.riparian.point.03","2020-07-09T16:18Z","2020-10-26","CRAM.20200709.BENTHICSWEEP.3","A00000203295","7644.13-15","NAISP1","Y","Nais sp.",,"genus","Annelida","Clitellata","Oligochaeta","Oligochaeta",,,"Tubificida",,,,"Naididae","Naidinae",,,"Nais","sp.",,"none",1,,1,98,1,"N","N",,"condition OK","Y",,"Kathman and Brinkhurst 1998","N","EcoAnalysts Inc.","G. Wallace","Fragment measured",,
"f25923ee-793c-4efb-8d5d-80aedec208ed","D05","CRAM","CRAM.AOS.riparian.point.09","2020-07-09T16:18Z","2020-10-26","CRAM.20200709.BENTHICSWEEP.9","A00000203300","CRAM.20200709.BENTHICSWEEP.9_OLIGOCHAETE_1/1","SLAAPP","Y","Slavina appendiculata",,"species","Annelida","Clitellata","Oligochaeta","Oligochaeta",,,"Tubificida",,,,"Naididae","Naidinae",,,"Slavina","appendiculata",,"none",1,"1a",2,8,25,"N","N",,"condition OK","Y",,"Kathman and Brinkhurst 1998","N","EcoAnalysts Inc.","G. Wallace",,,
"bb88a0b7-ba60-4b6b-80b7-b394cff0c72a","D05","CRAM","CRAM.AOS.riparian.point.09","2020-07-09T16:18Z","2020-10-26","CRAM.20200709.BENTHICSWEEP.9","A00000203300",,"PSESP19","Y","Psectrocladius sp.",,"genus","Arthropoda","Hexapoda","Insecta","Pterygota","Neoptera","Holometabola","Diptera","Nematocera","Culicomorpha",,"Chironomidae","Orthocladiinae",,,"Psectrocladius","sp.",,"larva",2,,2,8,25,"N","N",,"condition OK","Y",,"Epler 2001","N","EcoAnalysts Inc.","G. Wallace",,,
"82ab0637-0d8a-4043-a212-ec27bcd4abaa","D05","CRAM","CRAM.AOS.riparian.point.03","2020-07-09T16:18Z","2020-10-26","CRAM.20200709.BENTHICSWEEP.3","A00000203295",,"OXYSP","Y","Oxyethira sp.",,"genus","Arthropoda","Hexapoda","Insecta","Pterygota","Neoptera","Holometabola","Trichoptera",,,"Hydroptiloidea","Hydroptilidae","Hydroptilinae","Hydroptilini",,"Oxyethira","sp.",,"larva",2,,5,98,5,"N","N",,"condition OK","Y",,"Wiggins 1996","N","EcoAnalysts Inc.","A. Navesky",,,
"90029368-5929-40e4-b8bc-e3da7893e648","D05","CRAM","CRAM.AOS.riparian.point.01","2020-07-09T16:18Z","2020-10-26","CRAM.20200709.BENTHICSWEEP.1","A00000203293","CRAM.20200709.BENTHICSWEEP.1_OLIGOCHAETE_2/2|CRAM.20200709.BENTHICSWEEP.1_OLIGOCHAETE_1/2","VEJCOM","Y","Vejdovskyella comata",,"species","Annelida","Clitellata","Oligochaeta","Oligochaeta",,,"Tubificida",,,,"Naididae","Naidinae",,,"Vejdovskyella","comata",,"none",1,,3,36,8,"N","N",,"condition OK","Y",,"Kathman and Brinkhurst 1998","N","EcoAnalysts Inc.","G. Wallace","Fragment measured",,
"0afc7798-5d80-4e8a-95e5-e49ec63cf195","D05","CRAM","CRAM.AOS.riparian.point.07","2020-07-09T16:18Z","2020-10-26","CRAM.20200709.BENTHICSWEEP.7","A00000203299","CRAM.20200709.BENTHICSWEEP.7_OLIGOCHAETE_1/1","VEJCOM","Y","Vejdovskyella comata",,"species","Annelida","Clitellata","Oligochaeta","Oligochaeta",,,"Tubificida",,,,"Naididae","Naidinae",,,"Vejdovskyella","comata",,"none",1,,2,18,11,"N","N",,"condition OK","Y",,"Kathman and Brinkhurst 1998","N","EcoAnalysts Inc.","G. Wallace","Fragment measured",,
"70b28169-a2e6-4469-9d78-d7eed8e9c22f","D05","CRAM","CRAM.AOS.riparian.point.01","2020-07-09T16:18Z","2020-10-26","CRAM.20200709.BENTHICSWEEP.1","A00000203293",,"LARSP","Y","Larsia sp.",,"genus","Arthropoda","Hexapoda","Insecta","Pterygota","Neoptera","Holometabola","Diptera","Nematocera","Culicomorpha",,"Chironomidae","Tanypodinae","Pentaneurini",,"Larsia","sp.",,"larva",4,,1,36,3,"N","N",,"condition OK","Y",,"Epler 2001","N","EcoAnalysts Inc.","G. Wallace",,,
"b68b0a5c-82d9-4b99-8bf7-b39f4076bc1b","D05","CRAM","CRAM.AOS.riparian.point.09","2020-07-09T16:18Z","2020-10-26","CRAM.20200709.BENTHICSWEEP.9","A00000203300",,"PSESP18","Y","Pseudochironomus sp.",,"genus","Arthropoda","Hexapoda","Insecta","Pterygota","Neoptera","Holometabola","Diptera","Nematocera","Culicomorpha",,"Chironomidae","Chironominae","Pseudochironomini",,"Pseudochironomus","sp.",,"larva",1,,1,8,12,"N","N",,"condition OK","Y",,"Epler 2001","N","EcoAnalysts Inc.","G. Wallace",,,
"eee95b4e-bf71-47ef-af1a-4124400a0cdf","D05","CRAM","CRAM.AOS.littoral2","2020-07-09T16:18Z","2020-10-26","CRAM.20200709.PONAR.1","A00000203301",,"NILSP1","Y","Nilothauma sp.",,"genus","Arthropoda","Hexapoda","Insecta","Pterygota","Neoptera","Holometabola","Diptera","Nematocera","Culicomorpha",,"Chironomidae","Chironominae","Chironomini",,"Nilothauma","sp.",,"larva",2,,2,100,2,"N","N",,"condition OK","Y",,"Epler 2001","N","EcoAnalysts Inc.","G. Wallace",,,
"e05933c1-a9ae-4ebf-9e9a-49072159f97b","D05","CRAM","CRAM.AOS.riparian.point.01","2020-07-09T16:18Z","2020-10-26","CRAM.20200709.BENTHICSWEEP.1","A00000203293",,"PARSP34","Y","Paratanytarsus sp.",,"genus","Arthropoda","Hexapoda","Insecta","Pterygota","Neoptera","Holometabola","Diptera","Nematocera","Culicomorpha",,"Chironomidae","Chironominae","Tanytarsini",,"Paratanytarsus","sp.",,"larva",1,"1b",4,36,11,"N","N",,"condition OK","Y",,"Epler 2001","N","EcoAnalysts Inc.","G. Wallace","Fragment measured",,
"1fb8dfe4-39b2-4cbb-9d23-5bc8686cb787","D05","CRAM","CRAM.AOS.riparian.point.07","2020-07-09T16:18Z","2020-10-26","CRAM.20200709.BENTHICSWEEP.7","A00000203299",,"CHISP8","Y","Chironomus sp.",,"genus","Arthropoda","Hexapoda","Insecta","Pterygota","Neoptera","Holometabola","Diptera","Nematocera","Culicomorpha",,"Chironomidae","Chironominae","Chironomini",,"Chironomus","sp.",,"larva",2,,2,18,11,"N","N",,"condition OK","Y",,"Epler 2001","N","EcoAnalysts Inc.","G. Wallace",,,
"96f9c9bc-977a-4056-a8af-9761aed00735","D05","CRAM","CRAM.AOS.riparian.point.01","2020-07-09T16:18Z","2020-10-26","CRAM.20200709.BENTHICSWEEP.1","A00000203293",,"TANSP11","Y","Tanytarsus sp.",,"genus","Arthropoda","Hexapoda","Insecta","Pterygota","Neoptera","Holometabola","Diptera","Nematocera","Culicomorpha",,"Chironomidae","Chironominae","Tanytarsini",,"Tanytarsus","sp.",,"larva",1,"1b",3,36,8,"N","N",,"condition OK","Y",,"Epler 2001","N","EcoAnalysts Inc.","G. Wallace","Fragment measured",,
"476b0684-e31a-430b-930c-9a7d6ea7e9a7","D05","CRAM","CRAM.AOS.littoral2","2020-07-09T16:18Z","2020-10-26","CRAM.20200709.PONAR.1","A00000203301",,"CLASP5","Y","Cladopelma sp.",,"genus","Arthropoda","Hexapoda","Insecta","Pterygota","Neoptera","Holometabola","Diptera","Nematocera","Culicomorpha",,"Chironomidae","Chironominae","Chironomini",,"Cladopelma","sp.",,"larva",3,,2,100,2,"N","N",,"condition OK","Y",,"Epler 2001","N","EcoAnalysts Inc.","G. Wallace","Fragment measured",,
"9be24202-21fe-48cd-a3df-5b04a9fb9558","D05","CRAM","CRAM.AOS.riparian.point.05","2020-07-09T16:18Z","2020-10-26","CRAM.20200709.BENTHICSWEEP.5","A00000203297",,"PSESP19","Y","Psectrocladius sp.",,"genus","Arthropoda","Hexapoda","Insecta","Pterygota","Neoptera","Holometabola","Diptera","Nematocera","Culicomorpha",,"Chironomidae","Orthocladiinae",,,"Psectrocladius","sp.",,"larva",3,,1,9,11,"N","N",,"condition OK","Y",,"Epler 2001","Y","EcoAnalysts Inc.","G. Wallace",,,
"6bf2e036-200d-47fb-b0ad-a39c64af7061","D05","CRAM","CRAM.AOS.riparian.point.03","2020-07-09T16:18Z","2020-10-26","CRAM.20200709.BENTHICSWEEP.3","A00000203295",,"PSESP18","Y","Pseudochironomus sp.",,"genus","Arthropoda","Hexapoda","Insecta","Pterygota","Neoptera","Holometabola","Diptera","Nematocera","Culicomorpha",,"Chironomidae","Chironominae","Pseudochironomini",,"Pseudochironomus","sp.",,"larva",5,,3,98,3,"N","N",,"condition OK","Y",,"Epler 2001","N","EcoAnalysts Inc.","G. Wallace","1 small",,
"13011324-0825-4f3b-a332-adc995443403","D05","CRAM","CRAM.AOS.riparian.point.05","2020-07-09T16:18Z","2020-10-26","CRAM.20200709.BENTHICSWEEP.5","A00000203297",,"TANSP11","Y","Tanytarsus sp.",,"genus","Arthropoda","Hexapoda","Insecta","Pterygota","Neoptera","Holometabola","Diptera","Nematocera","Culicomorpha",,"Chironomidae","Chironominae","Tanytarsini",,"Tanytarsus","sp.",,"larva",3,,3,9,33,"N","N",,"condition OK","Y",,"Epler 2001","Y","EcoAnalysts Inc.","G. Wallace",,,
"9e2e53a0-d68c-4b4d-a5c3-f023d9ecdee5","D05","CRAM","CRAM.AOS.riparian.point.07","2020-07-09T16:18Z","2020-10-26","CRAM.20200709.BENTHICSWEEP.7","A00000203299",,"NEMSP","Y","Nematoda sp.",,"phylum","Nematoda",,,,,,,,,,,,,,,"sp.",,"none",4,,1,18,6,"N","Y",,"condition OK","Y",,"Thorp and Covich 2001","N","EcoAnalysts Inc.","A. Navesky",,,
"7a67d574-cd24-4540-a49c-7c1eefd31655","D05","CRAM","CRAM.AOS.riparian.point.05","2020-07-09T16:18Z","2020-10-26","CRAM.20200709.BENTHICSWEEP.5","A00000203297",,"LABSP","Y","Labrundinia sp.",,"genus","Arthropoda","Hexapoda","Insecta","Pterygota","Neoptera","Holometabola","Diptera","Nematocera","Culicomorpha",,"Chironomidae","Tanypodinae","Pentaneurini",,"Labrundinia","sp.",,"larva",2,,1,9,11,"N","N",,"condition OK","Y",,"Epler 2001","Y","EcoAnalysts Inc.","G. Wallace",,,
"8bfe09ce-4470-47f9-9386-bf2424221f1c","D05","CRAM","CRAM.AOS.littoral1","2020-07-09T16:18Z","2020-10-25","CRAM.20200709.PONAR.2","A00000203302",,"STESP9","Y","Stempellina sp.",,"genus","Arthropoda","Hexapoda","Insecta","Pterygota","Neoptera","Holometabola","Diptera","Nematocera","Culicomorpha",,"Chironomidae","Chironominae","Tanytarsini",,"Stempellina","sp.",,"larva",3,,1,56,2,"N","N",,"condition OK","Y",,"Epler 2001","N","EcoAnalysts Inc.","G. Wallace",,,
"614e3344-9d7b-475f-8571-a819c39b030a","D05","CRAM","CRAM.AOS.riparian.point.09","2020-07-09T16:18Z","2020-10-26","CRAM.20200709.BENTHICSWEEP.9","A00000203300",,"POLSOR","Y","Polypedilum sordens",,"species","Arthropoda","Hexapoda","Insecta","Pterygota","Neoptera","Holometabola","Diptera","Nematocera","Culicomorpha",,"Chironomidae","Chironominae","Chironomini",,"Polypedilum","sordens",,"larva",1,,1,8,12,"N","N",,"condition OK","Y",,"Maschwitz and Cook 2000","N","EcoAnalysts Inc.","G. Wallace",,,
"8eccbe42-54f7-4a9f-b671-8a6e21eeeb8b","D05","CRAM","CRAM.AOS.riparian.point.05","2020-07-09T16:18Z","2020-10-26","CRAM.20200709.BENTHICSWEEP.5","A00000203297",,"THIGRO","Y","Thienemannimyia gr.",,"speciesGroup","Arthropoda","Hexapoda","Insecta","Pterygota","Neoptera","Holometabola","Diptera","Nematocera","Culicomorpha",,"Chironomidae","Tanypodinae","Pentaneurini",,"Thienemannimyia","gr.",,"larva",1,,3,9,33,"N","N",,"condition OK","Y",,"Epler 2001","Y","EcoAnalysts Inc.","G. Wallace","very small",,
"e5e4f523-65a1-4a49-b8f0-a7c13b0ad510","D05","CRAM","CRAM.AOS.littoral1","2020-07-09T16:18Z","2020-10-25","CRAM.20200709.PONAR.2","A00000203302",,"TANSP11","Y","Tanytarsus sp.",,"genus","Arthropoda","Hexapoda","Insecta","Pterygota","Neoptera","Holometabola","Diptera","Nematocera","Culicomorpha",,"Chironomidae","Chironominae","Tanytarsini",,"Tanytarsus","sp.",,"larva",1,,1,56,2,"N","N",,"condition OK","Y",,"Epler 2001","N","EcoAnalysts Inc.","G. Wallace","Fragment measured",,
"378b8493-5f82-497f-9c7f-d2d72f5e31fd","D05","CRAM","CRAM.AOS.littoral2","2020-07-09T16:18Z","2020-10-26","CRAM.20200709.PONAR.1","A00000203301",,"TANSP11","Y","Tanytarsus sp.",,"genus","Arthropoda","Hexapoda","Insecta","Pterygota","Neoptera","Holometabola","Diptera","Nematocera","Culicomorpha",,"Chironomidae","Chironominae","Tanytarsini",,"Tanytarsus","sp.",,"larva",4,,1,100,1,"N","N",,"condition OK","Y",,"Epler 2001","N","EcoAnalysts Inc.","G. Wallace",,,
"c1b33f3b-35fc-4419-bd99-01f4568049b4","D05","CRAM","CRAM.AOS.riparian.point.03","2020-07-09T16:18Z","2020-10-26","CRAM.20200709.BENTHICSWEEP.3","A00000203295",,"GLYSP3","Y","Glyptotendipes sp.",,"genus","Arthropoda","Hexapoda","Insecta","Pterygota","Neoptera","Holometabola","Diptera","Nematocera","Culicomorpha",,"Chironomidae","Chironominae","Chironomini",,"Glyptotendipes","sp.",,"larva",1,"1a",2,98,2,"N","N",,"condition OK","Y",,"Epler 2001","N","EcoAnalysts Inc.","G. Wallace",,,
"73800499-7650-4d66-a177-fb669f5e338a","D05","CRAM","CRAM.AOS.riparian.point.09","2020-07-09T16:18Z","2020-10-26","CRAM.20200709.BENTHICSWEEP.9","A00000203300","CRAM.20200709.BENTHICSWEEP.9_OLIGOCHAETE_1/1","STYLAC","Y","Stylaria lacustris",,"species","Annelida","Clitellata","Oligochaeta","Oligochaeta",,,"Tubificida",,,,"Naididae","Naidinae",,,"Stylaria","lacustris",,"none",2,,1,8,12,"N","N",,"condition OK","Y",,"Kathman and Brinkhurst 1998","N","EcoAnalysts Inc.","G. Wallace","Fragment measured",,
"b5b55acd-d984-4710-94ed-206a94f8b3e0","D05","CRAM","CRAM.AOS.riparian.point.03","2020-07-09T16:18Z","2020-10-26","CRAM.20200709.BENTHICSWEEP.3","A00000203295","CRAM.20200709.BENTHICSWEEP.3_OLIGOCHAETE_2/2|CRAM.20200709.BENTHICSWEEP.3_OLIGOCHAETE_1/2","CHADIA","Y","Chaetogaster diaphanus",,"species","Annelida","Clitellata","Oligochaeta","Oligochaeta",,,"Tubificida",,,,"Naididae","Naidinae",,,"Chaetogaster","diaphanus",,"none",1,,4,98,4,"N","N",,"condition OK","Y",,"Kathman and Brinkhurst 1998","N","EcoAnalysts Inc.","G. Wallace","Fragment measured",,
"7d7ae205-e900-43d3-a2af-7a519ca0a2d3","D05","CRAM","CRAM.AOS.littoral1","2020-07-09T16:18Z","2020-10-25","CRAM.20200709.PONAR.2","A00000203302",,"HETSP13","Y","Heterotanytarsus sp.",,"genus","Arthropoda","Hexapoda","Insecta","Pterygota","Neoptera","Holometabola","Diptera","Nematocera","Culicomorpha",,"Chironomidae","Orthocladiinae",,,"Heterotanytarsus","sp.",,"larva",1,"1b",1,56,2,"N","N",,"condition OK","Y",,"Epler 2001","N","EcoAnalysts Inc.","G. Wallace","Fragment measured",,
"24a2b97b-be33-4641-b88b-9544a2995be2","D05","CRAM","CRAM.AOS.littoral1","2020-07-09T16:18Z","2020-10-25","CRAM.20200709.PONAR.2","A00000203302",,"CERSP10","Y","Ceratopogoninae sp.",,"subfamily","Arthropoda","Hexapoda","Insecta","Pterygota","Neoptera","Holometabola","Diptera","Nematocera","Culicomorpha",,"Ceratopogonidae","Ceratopogoninae",,,,"sp.",,"larva",4,,14,56,25,"N","Y",,"condition OK","Y",,"Merritt and Cummins 2008","N","EcoAnalysts Inc.","A. Navesky",,,
"54d7a2db-feb9-4d22-b66a-fefbb7952068","D05","CRAM","CRAM.AOS.riparian.point.01","2020-07-09T16:18Z","2020-10-26","CRAM.20200709.BENTHICSWEEP.1","A00000203293",,"ABLSP","Y","Ablabesmyia sp.","Ablabesmyia (Karelia)","genus","Arthropoda","Hexapoda","Insecta","Pterygota","Neoptera","Holometabola","Diptera","Nematocera","Culicomorpha",,"Chironomidae","Tanypodinae","Pentaneurini",,"Ablabesmyia","sp.",,"larva",6,,2,36,6,"N","N",,"condition OK","Y",,"Epler 2001","N","EcoAnalysts Inc.","G. Wallace",,,
"c71c60d2-b40d-467d-88ee-759c0bf1428a","D05","CRAM","CRAM.AOS.riparian.point.01","2020-07-09T16:18Z","2020-10-26","CRAM.20200709.BENTHICSWEEP.1","A00000203293",,"TANSP11","Y","Tanytarsus sp.",,"genus","Arthropoda","Hexapoda","Insecta","Pterygota","Neoptera","Holometabola","Diptera","Nematocera","Culicomorpha",,"Chironomidae","Chironominae","Tanytarsini",,"Tanytarsus","sp.",,"larva",3,,3,36,8,"N","N",,"condition OK","Y",,"Epler 2001","N","EcoAnalysts Inc.","G. Wallace",,,
"76676ba3-5f13-41bd-8ab7-c090f99dbd00","D05","CRAM","CRAM.AOS.riparian.point.07","2020-07-09T16:18Z","2020-10-26","CRAM.20200709.BENTHICSWEEP.7","A00000203299",,"ABLSP","Y","Ablabesmyia sp.",,"genus","Arthropoda","Hexapoda","Insecta","Pterygota","Neoptera","Holometabola","Diptera","Nematocera","Culicomorpha",,"Chironomidae","Tanypodinae","Pentaneurini",,"Ablabesmyia","sp.",,"larva",7,,1,18,6,"Y","Y",,"condition OK","Y",,"Roback 1985; Epler 2001","N","EcoAnalysts Inc.","G. Wallace","Larger ones w/ 3-segmented palps",,
"c75285e6-8882-43ac-b279-a0493106f21c","D05","CRAM","CRAM.AOS.riparian.point.03","2020-07-09T16:18Z","2020-10-26","CRAM.20200709.BENTHICSWEEP.3","A00000203295",,"LARSP","Y","Larsia sp.",,"genus","Arthropoda","Hexapoda","Insecta","Pterygota","Neoptera","Holometabola","Diptera","Nematocera","Culicomorpha",,"Chironomidae","Tanypodinae","Pentaneurini",,"Larsia","sp.",,"larva",3,,6,98,6,"N","N",,"condition OK","Y",,"Epler 2001","N","EcoAnalysts Inc.","G. Wallace",,,
"4837210e-846b-45b1-ab76-820465a509da","D05","CRAM","CRAM.AOS.riparian.point.01","2020-07-09T16:18Z","2020-10-26","CRAM.20200709.BENTHICSWEEP.1","A00000203293",,"ANISP1","Y","Anisoptera sp.",,"suborder","Arthropoda","Hexapoda","Insecta","Pterygota","Palaeoptera",,"Odonata","Anisoptera",,,,,,,,"sp.",,"larva",2,,3,36,8,"Y","N",,"condition OK","Y",,"Merritt and Cummins 2008","N","EcoAnalysts Inc.","A. Navesky",,,
"aae20c89-4cbe-43e2-81f6-9ace3fb51851","D05","CRAM","CRAM.AOS.riparian.point.07","2020-07-09T16:18Z","2020-10-26","CRAM.20200709.BENTHICSWEEP.7","A00000203299",,"CERSP10","Y","Ceratopogoninae sp.",,"subfamily","Arthropoda","Hexapoda","Insecta","Pterygota","Neoptera","Holometabola","Diptera","Nematocera","Culicomorpha",,"Ceratopogonidae","Ceratopogoninae",,,,"sp.",,"larva",4,,2,18,11,"N","Y",,"condition OK","Y",,"Merritt and Cummins 2008","N","EcoAnalysts Inc.","A. Navesky",,,
"46301e08-523d-4fe4-98da-480d4ab9c10c","D05","CRAM","CRAM.AOS.riparian.point.09","2020-07-09T16:18Z","2020-10-26","CRAM.20200709.BENTHICSWEEP.9","A00000203300",,"CORSP19","Y","Corynoneura sp.",,"genus","Arthropoda","Hexapoda","Insecta","Pterygota","Neoptera","Holometabola","Diptera","Nematocera","Culicomorpha",,"Chironomidae","Orthocladiinae",,,"Corynoneura","sp.",,"larva",1,,1,8,12,"N","N",,"condition OK","Y",,"Epler 2001","N","EcoAnalysts Inc.","G. Wallace",,,
"f298f50b-3280-43bb-aeec-627604f54b05","D05","CRAM","CRAM.AOS.littoral2","2020-07-09T16:18Z","2020-10-26","CRAM.20200709.PONAR.1","A00000203301",,"ABLSP","Y","Ablabesmyia sp.",,"genus","Arthropoda","Hexapoda","Insecta","Pterygota","Neoptera","Holometabola","Diptera","Nematocera","Culicomorpha",,"Chironomidae","Tanypodinae","Pentaneurini",,"Ablabesmyia","sp.",,"larva",2,,2,100,2,"Y","Y",,"condition OK","Y",,"Roback 1985; Epler 2001","N","EcoAnalysts Inc.","G. Wallace","Larger ones w/ 3-segmented palps",,
"871ed4f6-d0c6-4197-a421-1a98f549f7a8","D05","CRAM","CRAM.AOS.littoral2","2020-07-09T16:18Z","2020-10-26","CRAM.20200709.PONAR.1","A00000203301",,"NEMSP","Y","Nematoda sp.",,"phylum","Nematoda",,,,,,,,,,,,,,,"sp.",,"none",5,,3,100,3,"N","Y",,"condition OK","Y",,"Thorp and Covich 2001","N","EcoAnalysts Inc.","A. Navesky",,,
"d309ede5-e5b8-44fd-8c20-c3eaaf4d051a","D05","CRAM","CRAM.AOS.riparian.point.03","2020-07-09T16:18Z","2020-10-26","CRAM.20200709.BENTHICSWEEP.3","A00000203295",,"OXYSP","Y","Oxyethira sp.",,"genus","Arthropoda","Hexapoda","Insecta","Pterygota","Neoptera","Holometabola","Trichoptera",,,"Hydroptiloidea","Hydroptilidae","Hydroptilinae","Hydroptilini",,"Oxyethira","sp.",,"larva",3,,1,98,1,"N","N",,"condition OK","Y",,"Wiggins 1996","N","EcoAnalysts Inc.","A. Navesky",,,
"c625a0af-3a74-4005-a13c-59d3f1055f8b","D05","CRAM","CRAM.AOS.riparian.point.07","2020-07-09T16:18Z","2020-10-26","CRAM.20200709.BENTHICSWEEP.7","A00000203299",,"CERSP10","Y","Ceratopogoninae sp.",,"subfamily","Arthropoda","Hexapoda","Insecta","Pterygota","Neoptera","Holometabola","Diptera","Nematocera","Culicomorpha",,"Ceratopogonidae","Ceratopogoninae",,,,"sp.",,"larva",3,,2,18,11,"N","Y",,"condition OK","Y",,"Merritt and Cummins 2008","N","EcoAnalysts Inc.","A. Navesky",,,
"70341bc7-76ec-4d50-aaf8-6285a95e2aa8","D05","CRAM","CRAM.AOS.littoral2","2020-07-09T16:18Z","2020-10-26","CRAM.20200709.PONAR.1","A00000203301",,"CERSP10","Y","Ceratopogoninae sp.",,"subfamily","Arthropoda","Hexapoda","Insecta","Pterygota","Neoptera","Holometabola","Diptera","Nematocera","Culicomorpha",,"Ceratopogonidae","Ceratopogoninae",,,,"sp.",,"larva",3,,1,100,1,"N","Y",,"condition OK","Y",,"Merritt and Cummins 2008","N","EcoAnalysts Inc.","A. Navesky",,,
"9519b7d6-8f0a-49b4-9f03-4c541abece52","D05","CRAM","CRAM.AOS.riparian.point.09","2020-07-09T16:18Z","2020-10-26","CRAM.20200709.BENTHICSWEEP.9","A00000203300",,"TANSP11","Y","Tanytarsus sp.",,"genus","Arthropoda","Hexapoda","Insecta","Pterygota","Neoptera","Holometabola","Diptera","Nematocera","Culicomorpha",,"Chironomidae","Chironominae","Tanytarsini",,"Tanytarsus","sp.",,"larva",2,"2a",2,8,25,"N","N",,"condition OK","Y",,"Epler 2001","N","EcoAnalysts Inc.","G. Wallace","Fragment measured",,
"14d2f6f2-8d09-473f-9b2b-2c8ef473ad61","D05","CRAM","CRAM.AOS.littoral2","2020-07-09T16:18Z","2020-10-26","CRAM.20200709.PONAR.1","A00000203301",,"PSESP19","Y","Psectrocladius sp.",,"genus","Arthropoda","Hexapoda","Insecta","Pterygota","Neoptera","Holometabola","Diptera","Nematocera","Culicomorpha",,"Chironomidae","Orthocladiinae",,,"Psectrocladius","sp.",,"larva",3,"3a",1,100,1,"N","N",,"condition OK","Y",,"Epler 2001","N","EcoAnalysts Inc.","G. Wallace","5 very small",,
"25991587-f224-44b4-8ea6-1d5e1bedc049","D05","CRAM","CRAM.AOS.riparian.point.03","2020-07-09T16:18Z","2020-10-26","CRAM.20200709.BENTHICSWEEP.3","A00000203295",,"NILSP1","Y","Nilothauma sp.",,"genus","Arthropoda","Hexapoda","Insecta","Pterygota","Neoptera","Holometabola","Diptera","Nematocera","Culicomorpha",,"Chironomidae","Chironominae","Chironomini",,"Nilothauma","sp.",,"larva",1,,1,98,1,"N","N",,"condition OK","Y",,"Epler 2001","N","EcoAnalysts Inc.","G. Wallace","Fragment measured",,
"6595c15c-cb17-40e6-823e-439f42dae5b9","D05","CRAM","CRAM.AOS.riparian.point.03","2020-07-09T16:18Z","2020-10-26","CRAM.20200709.BENTHICSWEEP.3","A00000203295",,"GLYSP3","Y","Glyptotendipes sp.",,"genus","Arthropoda","Hexapoda","Insecta","Pterygota","Neoptera","Holometabola","Diptera","Nematocera","Culicomorpha",,"Chironomidae","Chironominae","Chironomini",,"Glyptotendipes","sp.",,"larva",3,,4,98,4,"N","N",,"condition OK","Y",,"Epler 2001","N","EcoAnalysts Inc.","G. Wallace",,,
"769280bc-8578-467b-a5dd-33f6bbcdd55f","D05","CRAM","CRAM.AOS.riparian.point.07","2020-07-09T16:18Z","2020-10-26","CRAM.20200709.BENTHICSWEEP.7","A00000203299",,"TANSP11","Y","Tanytarsus sp.",,"genus","Arthropoda","Hexapoda","Insecta","Pterygota","Neoptera","Holometabola","Diptera","Nematocera","Culicomorpha",,"Chironomidae","Chironominae","Tanytarsini",,"Tanytarsus","sp.",,"larva",4,,2,18,11,"N","N",,"condition OK","Y",,"Epler 2001","N","EcoAnalysts Inc.","G. Wallace",,,
"fa9ed16a-6602-463c-a2b8-7ddbdf294c2e","D05","CRAM","CRAM.AOS.littoral2","2020-07-09T16:18Z","2020-10-26","CRAM.20200709.PONAR.1","A00000203301",,"NEMSP","Y","Nematoda sp.",,"phylum","Nematoda",,,,,,,,,,,,,,,"sp.",,"none",6,,4,100,4,"N","Y",,"condition OK","Y",,"Thorp and Covich 2001","N","EcoAnalysts Inc.","A. Navesky",,,
"a5ac2da7-bc10-4eab-94b1-f8ea7262988c","D05","CRAM","CRAM.AOS.riparian.point.01","2020-07-09T16:18Z","2020-10-26","CRAM.20200709.BENTHICSWEEP.1","A00000203293",,"THISP2","Y","Thienemanniella sp.",,"genus","Arthropoda","Hexapoda","Insecta","Pterygota","Neoptera","Holometabola","Diptera","Nematocera","Culicomorpha",,"Chironomidae","Orthocladiinae",,,"Thienemanniella","sp.",,"larva",2,,1,36,3,"N","N",,"condition OK","Y",,"Epler 2001","N","EcoAnalysts Inc.","G. Wallace",,,
"4025a541-f8cd-4b5d-9d06-76c71137c97e","D05","CRAM","CRAM.AOS.riparian.point.07","2020-07-09T16:18Z","2020-10-26","CRAM.20200709.BENTHICSWEEP.7","A00000203299",,"POLSOR","Y","Polypedilum sordens",,"species","Arthropoda","Hexapoda","Insecta","Pterygota","Neoptera","Holometabola","Diptera","Nematocera","Culicomorpha",,"Chironomidae","Chironominae","Chironomini",,"Polypedilum","sordens",,"larva",2,,1,18,6,"N","N",,"condition OK","Y",,"Maschwitz and Cook 2000","N","EcoAnalysts Inc.","G. Wallace",,,
"16e83e29-af9a-4b83-8781-a1392f284cee","D05","CRAM","CRAM.AOS.littoral1","2020-07-09T16:18Z","2020-10-25","CRAM.20200709.PONAR.2","A00000203302",,"ABLSP","Y","Ablabesmyia sp.",,"genus","Arthropoda","Hexapoda","Insecta","Pterygota","Neoptera","Holometabola","Diptera","Nematocera","Culicomorpha",,"Chironomidae","Tanypodinae","Pentaneurini",,"Ablabesmyia","sp.",,"larva",3,,1,56,2,"Y","Y",,"damaged, affecting taxonomy and measurement","Y",,"Roback 1985; Epler 2001","N","EcoAnalysts Inc.","G. Wallace","Fragment measured; 1 larger one partial with 5-6 segmented palp other larger with 3-segmented palp",,
"957ad7d4-543b-48df-8ed0-4d6fe8e771f8","D05","CRAM","CRAM.AOS.riparian.point.03","2020-07-09T16:18Z","2020-10-26","CRAM.20200709.BENTHICSWEEP.3","A00000203295",,"ABLSP","Y","Ablabesmyia sp.",,"genus","Arthropoda","Hexapoda","Insecta","Pterygota","Neoptera","Holometabola","Diptera","Nematocera","Culicomorpha",,"Chironomidae","Tanypodinae","Pentaneurini",,"Ablabesmyia","sp.",,"larva",2,,3,98,3,"Y","N",,"condition OK","Y",,"Roback 1985; Epler 2001","N","EcoAnalysts Inc.","G. Wallace",,,
"acee8c8d-9b59-4c86-adab-3e52ba295f4a","D05","CRAM","CRAM.AOS.littoral2","2020-07-09T16:18Z","2020-10-26","CRAM.20200709.PONAR.1","A00000203301",,"NEMSP","Y","Nematoda sp.",,"phylum","Nematoda",,,,,,,,,,,,,,,"sp.",,"none",11,,1,100,1,"N","Y",,"condition OK","Y",,"Thorp and Covich 2001","N","EcoAnalysts Inc.","A. Navesky",,,
"2245c871-b997-413e-b15b-c6d7eb7d6c97","D05","CRAM","CRAM.AOS.littoral1","2020-07-09T16:18Z","2020-10-25","CRAM.20200709.PONAR.2","A00000203302",,"PSESP19","Y","Psectrocladius sp.",,"genus","Arthropoda","Hexapoda","Insecta","Pterygota","Neoptera","Holometabola","Diptera","Nematocera","Culicomorpha",,"Chironomidae","Orthocladiinae",,,"Psectrocladius","sp.",,"larva",1,"1b",1,56,2,"N","N",,"condition OK","Y",,"Epler 2001","N","EcoAnalysts Inc.","G. Wallace","Fragment measured",,
"8fe69393-a9f4-47bb-b49c-973279db559b","D05","CRAM","CRAM.AOS.riparian.point.03","2020-07-09T16:18Z","2020-10-26","CRAM.20200709.BENTHICSWEEP.3","A00000203295",,"ABLSP","Y","Ablabesmyia sp.",,"genus","Arthropoda","Hexapoda","Insecta","Pterygota","Neoptera","Holometabola","Diptera","Nematocera","Culicomorpha",,"Chironomidae","Tanypodinae","Pentaneurini",,"Ablabesmyia","sp.",,"larva",1,,4,98,4,"Y","N",,"condition OK","Y",,"Roback 1985; Epler 2001","N","EcoAnalysts Inc.","G. Wallace",,,
"c593bd81-d280-40d1-b68e-27fb797a4008","D05","CRAM","CRAM.AOS.riparian.point.09","2020-07-09T16:18Z","2020-10-26","CRAM.20200709.BENTHICSWEEP.9","A00000203300",,"TANSP11","Y","Tanytarsus sp.",,"genus","Arthropoda","Hexapoda","Insecta","Pterygota","Neoptera","Holometabola","Diptera","Nematocera","Culicomorpha",,"Chironomidae","Chironominae","Tanytarsini",,"Tanytarsus","sp.",,"larva",1,"1a",21,8,258,"N","N",,"condition OK","Y",,"Epler 2001","N","EcoAnalysts Inc.","G. Wallace",,,
"68d3eb99-bc8b-4e0d-beb6-c520aa525b28","D05","CRAM","CRAM.AOS.riparian.point.01","2020-07-09T16:18Z","2020-10-26","CRAM.20200709.BENTHICSWEEP.1","A00000203293",,"CHISP6","Y","Chironomini sp.",,"tribe","Arthropoda","Hexapoda","Insecta","Pterygota","Neoptera","Holometabola","Diptera","Nematocera","Culicomorpha",,"Chironomidae","Chironominae","Chironomini",,,"sp.",,"larva",1,,5,36,14,"Y","N",,"condition OK","N",,"Epler 2001","N","EcoAnalysts Inc.","G. Wallace",,,
"91a667db-5d20-4df8-84ca-19b255aaed0b","D05","CRAM","CRAM.AOS.riparian.point.01","2020-07-09T16:18Z","2020-10-26","CRAM.20200709.BENTHICSWEEP.1","A00000203293",,"DICSP7","Y","Dicrotendipes sp.",,"genus","Arthropoda","Hexapoda","Insecta","Pterygota","Neoptera","Holometabola","Diptera","Nematocera","Culicomorpha",,"Chironomidae","Chironominae","Chironomini",,"Dicrotendipes","sp.",,"larva",4,,2,36,6,"Y","Y",,"condition OK","Y",,"Epler 1987 1988 2001","N","EcoAnalysts Inc.","G. Wallace",,,
"3a3dd6c1-986d-4de1-af89-ad2201d270a4","D05","CRAM","CRAM.AOS.littoral1","2020-07-09T16:18Z","2020-10-25","CRAM.20200709.PONAR.2","A00000203302",,"PARSP34","Y","Paratanytarsus sp.",,"genus","Arthropoda","Hexapoda","Insecta","Pterygota","Neoptera","Holometabola","Diptera","Nematocera","Culicomorpha",,"Chironomidae","Chironominae","Tanytarsini",,"Paratanytarsus","sp.",,"larva",1,"1a",1,56,2,"N","N",,"condition OK","Y",,"Epler 2001","N","EcoAnalysts Inc.","G. Wallace","Fragment measured",,
"8f6ce9ae-6b7f-4527-aec7-6abb729c5056","D05","CRAM","CRAM.AOS.riparian.point.07","2020-07-09T16:18Z","2020-10-26","CRAM.20200709.BENTHICSWEEP.7","A00000203299",,"LARSP","Y","Larsia sp.",,"genus","Arthropoda","Hexapoda","Insecta","Pterygota","Neoptera","Holometabola","Diptera","Nematocera","Culicomorpha",,"Chironomidae","Tanypodinae","Pentaneurini",,"Larsia","sp.",,"larva",2,,2,18,11,"N","N",,"condition OK","Y",,"Epler 2001","N","EcoAnalysts Inc.","G. Wallace","Fragment measured",,
"10d39c34-809d-4687-96ee-4d90f65663e0","D05","CRAM","CRAM.AOS.littoral2","2020-07-09T16:18Z","2020-10-26","CRAM.20200709.PONAR.1","A00000203301",,"CAESP5","Y","Caenis sp.",,"genus","Arthropoda","Hexapoda","Insecta","Pterygota","Palaeoptera",,"Ephemeroptera","Furcatergalia","Pannota","Caenoidea","Caenidae","Caeninae",,,"Caenis","sp.",,"larva",5,,1,100,1,"N","Y",,"condition OK","Y",,"Merritt and Cummins 2008","N","EcoAnalysts Inc.","A. Navesky",,,
"9afb8bbc-ba6c-4111-affb-60597b92ad16","D05","CRAM","CRAM.AOS.littoral1","2020-07-09T16:18Z","2020-10-25","CRAM.20200709.PONAR.2","A00000203302",,"PENSP6","Y","Pentaneurini sp.",,"tribe","Arthropoda","Hexapoda","Insecta","Pterygota","Neoptera","Holometabola","Diptera","Nematocera","Culicomorpha",,"Chironomidae","Tanypodinae","Pentaneurini",,,"sp.",,"larva",2,,1,56,2,"Y","N",,"condition OK","N",,"Epler 2001","N","EcoAnalysts Inc.","G. Wallace",,,
"6026fd48-25dd-4e04-9de9-a1526ad992d3","D05","CRAM","CRAM.AOS.riparian.point.03","2020-07-09T16:18Z","2020-10-26","CRAM.20200709.BENTHICSWEEP.3","A00000203295","7644.13-15","NAISP1","Y","Nais sp.",,"genus","Annelida","Clitellata","Oligochaeta","Oligochaeta",,,"Tubificida",,,,"Naididae","Naidinae",,,"Nais","sp.",,"none",2,"2a",1,98,1,"N","N",,"condition OK","Y",,"Kathman and Brinkhurst 1998","N","EcoAnalysts Inc.","G. Wallace",,,
"fbba7351-4103-4c1c-84bc-d067a3e60db3","D05","CRAM","CRAM.AOS.riparian.point.07","2020-07-09T16:18Z","2020-10-26","CRAM.20200709.BENTHICSWEEP.7","A00000203299",,"COESP","Y","Coenagrionidae sp.",,"family","Arthropoda","Hexapoda","Insecta","Pterygota","Palaeoptera",,"Odonata","Zygoptera",,,"Coenagrionidae",,,,,"sp.",,"larva",2,,1,18,6,"Y","N",,"condition OK","Y",,"Westfall and May 1996","N","EcoAnalysts Inc.","A. Navesky",,,
"9300f413-104a-4480-8c17-76c44c661fb8","D05","CRAM","CRAM.AOS.riparian.point.03","2020-07-09T16:18Z","2020-10-26","CRAM.20200709.BENTHICSWEEP.3","A00000203295",,"ARRSP2","Y","Arrenurus sp.",,"genus","Arthropoda","Chelicerata","Arachnida","Acari",,"Acariformes","Trombidiformes","Prostigmata",,"Arrenuroidea","Arrenuridae",,,,"Arrenurus","sp.",,"none",1,,4,98,4,"N","N",,"condition OK","Y",,"Thorp and Covich 2001","N","EcoAnalysts Inc.","A. Navesky",,,
"72b31a9c-68e6-47fe-ad32-d9665dc180c5","D05","CRAM","CRAM.AOS.riparian.point.07","2020-07-09T16:18Z","2020-10-26","CRAM.20200709.BENTHICSWEEP.7","A00000203299",,"CERSP10","Y","Ceratopogoninae sp.",,"subfamily","Arthropoda","Hexapoda","Insecta","Pterygota","Neoptera","Holometabola","Diptera","Nematocera","Culicomorpha",,"Ceratopogonidae","Ceratopogoninae",,,,"sp.",,"larva",2,,8,18,45,"N","Y",,"condition OK","Y",,"Merritt and Cummins 2008","N","EcoAnalysts Inc.","A. Navesky",,,
"27a94c31-5803-4ae2-a268-9e447d9cb16e","D05","CRAM","CRAM.AOS.riparian.point.01","2020-07-09T16:18Z","2020-10-26","CRAM.20200709.BENTHICSWEEP.1","A00000203293",,"OXYSP","Y","Oxyethira sp.",,"genus","Arthropoda","Hexapoda","Insecta","Pterygota","Neoptera","Holometabola","Trichoptera",,,"Hydroptiloidea","Hydroptilidae","Hydroptilinae","Hydroptilini",,"Oxyethira","sp.",,"larva",3,,3,36,8,"N","N",,"condition OK","Y",,"Wiggins 1996","N","EcoAnalysts Inc.","A. Navesky",,,
"1791578e-53e1-42f2-982e-ba3d12e9961b","D05","CRAM","CRAM.AOS.littoral2","2020-07-09T16:18Z","2020-10-26","CRAM.20200709.PONAR.1","A00000203301",,"STESP10","Y","Stempellinella sp.",,"genus","Arthropoda","Hexapoda","Insecta","Pterygota","Neoptera","Holometabola","Diptera","Nematocera","Culicomorpha",,"Chironomidae","Chironominae","Tanytarsini",,"Stempellinella","sp.",,"larva",1,,1,100,1,"N","N",,"condition OK","Y",,"Epler 2001","N","EcoAnalysts Inc.","G. Wallace","Fragment measured",,
"55ca3f1d-fb44-40e3-9ba0-7ee80c39e4f5","D05","CRAM","CRAM.AOS.riparian.point.09","2020-07-09T16:18Z","2020-10-26","CRAM.20200709.BENTHICSWEEP.9","A00000203300",,"CERSP10","Y","Ceratopogoninae sp.",,"subfamily","Arthropoda","Hexapoda","Insecta","Pterygota","Neoptera","Holometabola","Diptera","Nematocera","Culicomorpha",,"Ceratopogonidae","Ceratopogoninae",,,,"sp.",,"larva",3,,2,8,25,"N","Y",,"condition OK","Y",,"Merritt and Cummins 2008","N","EcoAnalysts Inc.","A. Navesky",,,
"97ca3a5e-39f9-489e-9e50-9848d4c045b8","D05","CRAM","CRAM.AOS.littoral1","2020-07-09T16:18Z","2020-10-25","CRAM.20200709.PONAR.2","A00000203302",,"ZALSP","Y","Zalutschia sp.",,"genus","Arthropoda","Hexapoda","Insecta","Pterygota","Neoptera","Holometabola","Diptera","Nematocera","Culicomorpha",,"Chironomidae","Orthocladiinae",,,"Zalutschia","sp.",,"larva",1,,12,56,21,"N","N",,"condition OK","Y",,"Epler 2001","N","EcoAnalysts Inc.","G. Wallace",,,
"7dff68d2-3ff6-427e-8304-37e57e72a6cd","D05","CRAM","CRAM.AOS.littoral1","2020-07-09T16:18Z","2020-10-25","CRAM.20200709.PONAR.2","A00000203302",,"TANSP11","Y","Tanytarsus sp.",,"genus","Arthropoda","Hexapoda","Insecta","Pterygota","Neoptera","Holometabola","Diptera","Nematocera","Culicomorpha",,"Chironomidae","Chironominae","Tanytarsini",,"Tanytarsus","sp.",,"larva",2,"2c",3,56,5,"N","N",,"condition OK","Y",,"Epler 2001","N","EcoAnalysts Inc.","G. Wallace",,,
"4da4e0bf-d173-4150-a59f-60e05ff7dc32","D05","CRAM","CRAM.AOS.riparian.point.01","2020-07-09T16:18Z","2020-10-26","CRAM.20200709.BENTHICSWEEP.1","A00000203293",,"PISSP2","Y","Pisidiidae sp.",,"family","Mollusca",,"Bivalvia","Heterodonta",,,"Veneroida",,,"Corbiculoidea","Pisidiidae",,,,,"sp.",,"none",1,,1,36,3,"Y","N",,"condition OK","N",,"Thorp and Covich 2001","N","EcoAnalysts Inc.","A. Navesky",,,
"3e0d9db1-ba85-43ed-b1df-5319abb03c95","D05","CRAM","CRAM.AOS.riparian.point.05","2020-07-09T16:18Z","2020-10-26","CRAM.20200709.BENTHICSWEEP.5","A00000203297","7644.13-14","NAISP1","Y","Nais sp.",,"genus","Annelida","Clitellata","Oligochaeta","Oligochaeta",,,"Tubificida",,,,"Naididae","Naidinae",,,"Nais","sp.",,"none",1,,5,9,54,"N","N",,"condition OK","Y",,"Kathman and Brinkhurst 1998","Y","EcoAnalysts Inc.","G. Wallace","Fragment measured",,
"efd14883-a61c-443d-8f35-afbcd4aca9db","D05","CRAM","CRAM.AOS.riparian.point.03","2020-07-09T16:18Z","2020-10-26","CRAM.20200709.BENTHICSWEEP.3","A00000203295","CRAM.20200709.BENTHICSWEEP.3_OLIGOCHAETE_2/2|CRAM.20200709.BENTHICSWEEP.3_OLIGOCHAETE_1/2","SLAAPP","Y","Slavina appendiculata",,"species","Annelida","Clitellata","Oligochaeta","Oligochaeta",,,"Tubificida",,,,"Naididae","Naidinae",,,"Slavina","appendiculata",,"none",2,,1,98,1,"N","N",,"condition OK","Y",,"Kathman and Brinkhurst 1998","N","EcoAnalysts Inc.","G. Wallace",,,
"db151263-4774-48f6-9db5-35b570e65b82","D05","CRAM","CRAM.AOS.littoral1","2020-07-09T16:18Z","2020-10-25","CRAM.20200709.PONAR.2","A00000203302",,"CERSP10","Y","Ceratopogoninae sp.",,"subfamily","Arthropoda","Hexapoda","Insecta","Pterygota","Neoptera","Holometabola","Diptera","Nematocera","Culicomorpha",,"Ceratopogonidae","Ceratopogoninae",,,,"sp.",,"larva",11,,1,56,2,"N","Y",,"condition OK","Y",,"Merritt and Cummins 2008","N","EcoAnalysts Inc.","A. Navesky",,,
"2d26d527-bbbe-4acf-b5cf-9af6e5b3d752","D05","CRAM","CRAM.AOS.riparian.point.07","2020-07-09T16:18Z","2020-10-26","CRAM.20200709.BENTHICSWEEP.7","A00000203299","7644.13-13","NAISP1","Y","Nais sp.",,"genus","Annelida","Clitellata","Oligochaeta","Oligochaeta",,,"Tubificida",,,,"Naididae","Naidinae",,,"Nais","sp.",,"none",1,,2,18,11,"N","N",,"condition OK","Y",,"Kathman and Brinkhurst 1998","N","EcoAnalysts Inc.","G. Wallace","Fragment measured",,
"9c3946e5-7b56-40e9-8277-0afa1530c959","D05","CRAM","CRAM.AOS.littoral2","2020-07-09T16:18Z","2020-10-26","CRAM.20200709.PONAR.1","A00000203301",,"PSESP19","Y","Psectrocladius sp.",,"genus","Arthropoda","Hexapoda","Insecta","Pterygota","Neoptera","Holometabola","Diptera","Nematocera","Culicomorpha",,"Chironomidae","Orthocladiinae",,,"Psectrocladius","sp.",,"larva",3,"3b",1,100,1,"N","N",,"condition OK","Y",,"Epler 2001","N","EcoAnalysts Inc.","G. Wallace","Fragment measured; 5 very small",,
"074a8d15-34ab-46d4-96b2-f9707a1f009e","D05","CRAM","CRAM.AOS.riparian.point.01","2020-07-09T16:18Z","2020-10-26","CRAM.20200709.BENTHICSWEEP.1","A00000203293",,"POLSOR","Y","Polypedilum sordens",,"species","Arthropoda","Hexapoda","Insecta","Pterygota","Neoptera","Holometabola","Diptera","Nematocera","Culicomorpha",,"Chironomidae","Chironominae","Chironomini",,"Polypedilum","sordens",,"larva",5,,1,36,3,"N","N",,"condition OK","Y",,"Maschwitz and Cook 2000","N","EcoAnalysts Inc.","G. Wallace",,,
"f19cb5b9-9f01-4b52-9ccf-41a3e6d7d6f7","D05","CRAM","CRAM.AOS.riparian.point.07","2020-07-09T16:18Z","2020-10-26","CRAM.20200709.BENTHICSWEEP.7","A00000203299",,"NEMSP","Y","Nematoda sp.",,"phylum","Nematoda",,,,,,,,,,,,,,,"sp.",,"none",2,,26,18,148,"N","Y",,"condition OK","Y",,"Thorp and Covich 2001","N","EcoAnalysts Inc.","A. Navesky",,,
"1e302168-f00d-4953-a8e8-249fa7d399bf","D05","CRAM","CRAM.AOS.littoral2","2020-07-09T16:18Z","2020-10-26","CRAM.20200709.PONAR.1","A00000203301",,"POLHAL","Y","Polypedilum halterale gr.",,"speciesGroup","Arthropoda","Hexapoda","Insecta","Pterygota","Neoptera","Holometabola","Diptera","Nematocera","Culicomorpha",,"Chironomidae","Chironominae","Chironomini",,"Polypedilum","halterale gr.",,"larva",1,,1,100,1,"N","N",,"condition OK","Y",,"Epler 2001 and Maschwitz and Cook 2000","N","EcoAnalysts Inc.","G. Wallace",,,
"63dad7f7-d645-4e64-93b6-b7cbbcb80094","D05","CRAM","CRAM.AOS.littoral1","2020-07-09T16:18Z","2020-10-25","CRAM.20200709.PONAR.2","A00000203302",,"NEMSP","Y","Nematoda sp.",,"phylum","Nematoda",,,,,,,,,,,,,,,"sp.",,"none",6,,1,56,2,"N","Y",,"condition OK","Y",,"Thorp and Covich 2001","N","EcoAnalysts Inc.","A. Navesky",,,
"c3d9e5f5-e5e2-4c98-a1fb-4603c5ea956d","D05","CRAM","CRAM.AOS.riparian.point.07","2020-07-09T16:18Z","2020-10-26","CRAM.20200709.BENTHICSWEEP.7","A00000203299",,"TANSP11","Y","Tanytarsus sp.",,"genus","Arthropoda","Hexapoda","Insecta","Pterygota","Neoptera","Holometabola","Diptera","Nematocera","Culicomorpha",,"Chironomidae","Chironominae","Tanytarsini",,"Tanytarsus","sp.",,"larva",1,"1b",2,18,11,"N","N",,"condition OK","Y",,"Epler 2001","N","EcoAnalysts Inc.","G. Wallace",,,
"9d95eb63-d453-4e50-aeeb-09ed0830cefe","D05","CRAM","CRAM.AOS.riparian.point.03","2020-07-09T16:18Z","2020-10-26","CRAM.20200709.BENTHICSWEEP.3","A00000203295",,"POLSOR","Y","Polypedilum sordens",,"species","Arthropoda","Hexapoda","Insecta","Pterygota","Neoptera","Holometabola","Diptera","Nematocera","Culicomorpha",,"Chironomidae","Chironominae","Chironomini",,"Polypedilum","sordens",,"larva",3,,2,98,2,"N","N",,"condition OK","Y",,"Maschwitz and Cook 2000","N","EcoAnalysts Inc.","G. Wallace",,,
"3cc028f9-d910-4f4d-b833-bad9333808db","D05","CRAM","CRAM.AOS.riparian.point.05","2020-07-09T16:18Z","2020-10-26","CRAM.20200709.BENTHICSWEEP.5","A00000203297",,"CRISP6","Y","Cricotopus/Orthocladius sp.",,"speciesGroup","Arthropoda","Hexapoda","Insecta","Pterygota","Neoptera","Holometabola","Diptera","Nematocera","Culicomorpha",,"Chironomidae","Orthocladiinae",,,"Cricotopus/Orthocladius","sp.",,"larva",1,,2,9,22,"Y","N",,"condition OK","N",,"Epler 2001","Y","EcoAnalysts Inc.","G. Wallace",,,
"d6450551-5563-4632-bd9c-e570f16d321e","D05","CRAM","CRAM.AOS.littoral1","2020-07-09T16:18Z","2020-10-25","CRAM.20200709.PONAR.2","A00000203302",,"STESP9","Y","Stempellina sp.",,"genus","Arthropoda","Hexapoda","Insecta","Pterygota","Neoptera","Holometabola","Diptera","Nematocera","Culicomorpha",,"Chironomidae","Chironominae","Tanytarsini",,"Stempellina","sp.",,"larva",1,"1a",1,56,2,"N","N",,"condition OK","Y",,"Epler 2001","N","EcoAnalysts Inc.","G. Wallace","Fragment measured",,
"4d8e2af8-805b-47c8-bc3d-5e4d9c93cdb5","D05","CRAM","CRAM.AOS.riparian.point.05","2020-07-09T16:18Z","2020-10-26","CRAM.20200709.BENTHICSWEEP.5","A00000203297",,"POLILL","Y","Polypedilum illinoense gr.",,"speciesGroup","Arthropoda","Hexapoda","Insecta","Pterygota","Neoptera","Holometabola","Diptera","Nematocera","Culicomorpha",,"Chironomidae","Chironominae","Chironomini",,"Polypedilum","illinoense gr.",,"larva",1,,1,9,11,"N","N",,"condition OK","Y",,"Epler 2001 and Maschwitz and Cook 2000","Y","EcoAnalysts Inc.","G. Wallace",,,
"94ec1c07-6480-43bb-bcb3-a383f9279410","D05","CRAM","CRAM.AOS.riparian.point.07","2020-07-09T16:18Z","2020-10-26","CRAM.20200709.BENTHICSWEEP.7","A00000203299",,"OXYSP","Y","Oxyethira sp.",,"genus","Arthropoda","Hexapoda","Insecta","Pterygota","Neoptera","Holometabola","Trichoptera",,,"Hydroptiloidea","Hydroptilidae","Hydroptilinae","Hydroptilini",,"Oxyethira","sp.",,"larva",1,,3,18,17,"N","N",,"condition OK","Y",,"Wiggins 1996","N","EcoAnalysts Inc.","A. Navesky",,,
"ce921975-c7a6-49cc-b3f1-e874746b82ff","D05","CRAM","CRAM.AOS.riparian.point.07","2020-07-09T16:18Z","2020-10-26","CRAM.20200709.BENTHICSWEEP.7","A00000203299",,"CERSP10","Y","Ceratopogoninae sp.",,"subfamily","Arthropoda","Hexapoda","Insecta","Pterygota","Neoptera","Holometabola","Diptera","Nematocera","Culicomorpha",,"Ceratopogonidae","Ceratopogoninae",,,,"sp.",,"larva",1,,4,18,23,"N","Y",,"condition OK","Y",,"Merritt and Cummins 2008","N","EcoAnalysts Inc.","A. Navesky",,,
"b2d7ade7-19dc-4100-a9ce-c52ee9edd46a","D05","CRAM","CRAM.AOS.riparian.point.05","2020-07-09T16:18Z","2020-10-26","CRAM.20200709.BENTHICSWEEP.5","A00000203297","CRAM.20200709.BENTHICSWEEP.5_OLIGOCHAETE_1/1","STYLAC","Y","Stylaria lacustris",,"species","Annelida","Clitellata","Oligochaeta","Oligochaeta",,,"Tubificida",,,,"Naididae","Naidinae",,,"Stylaria","lacustris",,"none",1,,1,9,11,"N","N",,"condition OK","Y",,"Kathman and Brinkhurst 1998","Y","EcoAnalysts Inc.","G. Wallace","Fragment measured",,
"bac4b76d-94cc-426c-a1c5-9ab671ca99a3","D05","CRAM","CRAM.AOS.riparian.point.07","2020-07-09T16:18Z","2020-10-26","CRAM.20200709.BENTHICSWEEP.7","A00000203299",,"DICSP7","Y","Dicrotendipes sp.",,"genus","Arthropoda","Hexapoda","Insecta","Pterygota","Neoptera","Holometabola","Diptera","Nematocera","Culicomorpha",,"Chironomidae","Chironominae","Chironomini",,"Dicrotendipes","sp.",,"larva",5,,2,18,11,"Y","Y",,"condition OK","Y",,"Epler 1987 1988 2001","N","EcoAnalysts Inc.","G. Wallace",,,
"515c1623-f7fe-4aa1-b802-50d3e4b7a4b7","D05","CRAM","CRAM.AOS.littoral2","2020-07-09T16:18Z","2020-10-26","CRAM.20200709.PONAR.1","A00000203301",,"ZALSP","Y","Zalutschia sp.",,"genus","Arthropoda","Hexapoda","Insecta","Pterygota","Neoptera","Holometabola","Diptera","Nematocera","Culicomorpha",,"Chironomidae","Orthocladiinae",,,"Zalutschia","sp.",,"larva",1,,3,100,3,"N","N",,"condition OK","Y",,"Epler 2001","N","EcoAnalysts Inc.","G. Wallace",,,
"a73eff78-6165-41f2-b892-8bbb2d57bb84","D05","CRAM","CRAM.AOS.riparian.point.09","2020-07-09T16:18Z","2020-10-26","CRAM.20200709.BENTHICSWEEP.9","A00000203300",,"OXYSP","Y","Oxyethira sp.",,"genus","Arthropoda","Hexapoda","Insecta","Pterygota","Neoptera","Holometabola","Trichoptera",,,"Hydroptiloidea","Hydroptilidae","Hydroptilinae","Hydroptilini",,"Oxyethira","sp.",,"larva",1,,2,8,25,"N","N",,"condition OK","Y",,"Wiggins 1996","N","EcoAnalysts Inc.","A. Navesky",,,
"9056a85c-32cd-466f-9920-85f89a53a276","D05","CRAM","CRAM.AOS.riparian.point.03","2020-07-09T16:18Z","2020-10-26","CRAM.20200709.BENTHICSWEEP.3","A00000203295",,"POLSOR","Y","Polypedilum sordens",,"species","Arthropoda","Hexapoda","Insecta","Pterygota","Neoptera","Holometabola","Diptera","Nematocera","Culicomorpha",,"Chironomidae","Chironominae","Chironomini",,"Polypedilum","sordens",,"larva",5,,1,98,1,"N","N",,"condition OK","Y",,"Maschwitz and Cook 2000","N","EcoAnalysts Inc.","G. Wallace",,,
"d8645fcc-304d-4f08-a4d1-fe91f1c17cf8","D05","CRAM","CRAM.AOS.riparian.point.01","2020-07-09T16:18Z","2020-10-26","CRAM.20200709.BENTHICSWEEP.1","A00000203293","7644.13-16","ENCSP1","Y","Enchytraeidae sp.",,"family","Annelida","Clitellata","Oligochaeta","Oligochaeta",,,"Enchytraeida",,,,"Enchytraeidae",,,,,"sp.",,"none",2,,2,36,6,"N","N",,"condition OK","Y",,"Kathman and Brinkhurst 1999","N","EcoAnalysts Inc.","G. Wallace",,,
"692b12a2-de09-46f2-b389-99bfcf1f94ed","D05","CRAM","CRAM.AOS.riparian.point.05","2020-07-09T16:18Z","2020-10-26","CRAM.20200709.BENTHICSWEEP.5","A00000203297",,"CRYSP2","Y","Cryptochironomus sp.",,"genus","Arthropoda","Hexapoda","Insecta","Pterygota","Neoptera","Holometabola","Diptera","Nematocera","Culicomorpha",,"Chironomidae","Chironominae","Chironomini",,"Cryptochironomus","sp.",,"larva",2,,1,9,11,"N","N",,"condition OK","Y",,"Epler 2001","Y","EcoAnalysts Inc.","G. Wallace",,,
"608e32d7-f5e6-4523-beb5-bbdb4d26f9ab","D05","CRAM","CRAM.AOS.littoral1","2020-07-09T16:18Z","2020-10-25","CRAM.20200709.PONAR.2","A00000203302",,"ZALSP","Y","Zalutschia sp.",,"genus","Arthropoda","Hexapoda","Insecta","Pterygota","Neoptera","Holometabola","Diptera","Nematocera","Culicomorpha",,"Chironomidae","Orthocladiinae",,,"Zalutschia","sp.",,"larva",2,,6,56,11,"N","N",,"condition OK","Y",,"Epler 2001","N","EcoAnalysts Inc.","G. Wallace",,,
"5ce9259d-961b-41a9-9f93-99ccd60a5f51","D05","CRAM","CRAM.AOS.riparian.point.09","2020-07-09T16:18Z","2020-10-26","CRAM.20200709.BENTHICSWEEP.9","A00000203300",,"ABLSP","Y","Ablabesmyia sp.","Ablabesmyia (Karelia)","genus","Arthropoda","Hexapoda","Insecta","Pterygota","Neoptera","Holometabola","Diptera","Nematocera","Culicomorpha",,"Chironomidae","Tanypodinae","Pentaneurini",,"Ablabesmyia","sp.",,"larva",4,,1,8,12,"N","N",,"condition OK","Y",,"Epler 2001","N","EcoAnalysts Inc.","G. Wallace",,,
"ec05dca6-4e35-4261-8f0c-a4906b22a469","D05","CRAM","CRAM.AOS.littoral2","2020-07-09T16:18Z","2020-10-26","CRAM.20200709.PONAR.1","A00000203301",,"LARSP","Y","Larsia sp.",,"genus","Arthropoda","Hexapoda","Insecta","Pterygota","Neoptera","Holometabola","Diptera","Nematocera","Culicomorpha",,"Chironomidae","Tanypodinae","Pentaneurini",,"Larsia","sp.",,"larva",1,,1,100,1,"N","N",,"condition OK","Y",,"Epler 2001","N","EcoAnalysts Inc.","G. Wallace","Fragment measured",,
"321e657f-9fa7-4121-9b64-8b8bd4767235","D05","CRAM","CRAM.AOS.riparian.point.01","2020-07-09T16:18Z","2020-10-26","CRAM.20200709.BENTHICSWEEP.1","A00000203293",,"ANISP1","Y","Anisoptera sp.",,"suborder","Arthropoda","Hexapoda","Insecta","Pterygota","Palaeoptera",,"Odonata","Anisoptera",,,,,,,,"sp.",,"larva",1,,4,36,11,"Y","N",,"condition OK","Y",,"Merritt and Cummins 2008","N","EcoAnalysts Inc.","A. Navesky",,,
"9c36acf4-9fc0-499d-b70e-dcaf954486a2","D05","CRAM","CRAM.AOS.riparian.point.09","2020-07-09T16:18Z","2020-10-26","CRAM.20200709.BENTHICSWEEP.9","A00000203300",,"LARSP","Y","Larsia sp.",,"genus","Arthropoda","Hexapoda","Insecta","Pterygota","Neoptera","Holometabola","Diptera","Nematocera","Culicomorpha",,"Chironomidae","Tanypodinae","Pentaneurini",,"Larsia","sp.",,"larva",3,,1,8,12,"N","N",,"condition OK","Y",,"Epler 2001","N","EcoAnalysts Inc.","G. Wallace",,,
"fa32e27d-78d3-44fb-aac6-9920f2b5f814","D05","CRAM","CRAM.AOS.riparian.point.01","2020-07-09T16:18Z","2020-10-26","CRAM.20200709.BENTHICSWEEP.1","A00000203293","CRAM.20200709.BENTHICSWEEP.1_OLIGOCHAETE_1/2|CRAM.20200709.BENTHICSWEEP.1_OLIGOCHAETE_2/2","CHADIA1","Y","Chaetogaster diastrophus",,"species","Annelida","Clitellata","Oligochaeta","Oligochaeta",,,"Tubificida",,,,"Naididae","Naidinae",,,"Chaetogaster","diastrophus",,"none",2,,1,36,3,"N","N",,"condition OK","Y",,"Kathman and Brinkhurst 1998","N","EcoAnalysts Inc.","G. Wallace",,,
"f7ef17df-9cfd-453b-a1b5-d1fc573c88a6","D05","CRAM","CRAM.AOS.riparian.point.09","2020-07-09T16:18Z","2020-10-26","CRAM.20200709.BENTHICSWEEP.9","A00000203300",,"POLILL","Y","Polypedilum illinoense gr.",,"speciesGroup","Arthropoda","Hexapoda","Insecta","Pterygota","Neoptera","Holometabola","Diptera","Nematocera","Culicomorpha",,"Chironomidae","Chironominae","Chironomini",,"Polypedilum","illinoense gr.",,"larva",4,,1,8,12,"N","N",,"condition OK","Y",,"Epler 2001 and Maschwitz and Cook 2000","N","EcoAnalysts Inc.","G. Wallace",,,
"56ec188c-fbc6-4487-a234-172bad1e728c","D05","CRAM","CRAM.AOS.riparian.point.03","2020-07-09T16:18Z","2020-10-26","CRAM.20200709.BENTHICSWEEP.3","A00000203295",,"CERSP10","Y","Ceratopogoninae sp.",,"subfamily","Arthropoda","Hexapoda","Insecta","Pterygota","Neoptera","Holometabola","Diptera","Nematocera","Culicomorpha",,"Ceratopogonidae","Ceratopogoninae",,,,"sp.",,"larva",4,,1,98,1,"N","Y",,"condition OK","Y",,"Merritt and Cummins 2008","N","EcoAnalysts Inc.","A. Navesky",,,
"8c1d3ee2-7569-44bc-a8bf-10d016725d42","D05","CRAM","CRAM.AOS.riparian.point.09","2020-07-09T16:18Z","2020-10-26","CRAM.20200709.BENTHICSWEEP.9","A00000203300","7644.13-12","NAISP1","Y","Nais sp.",,"genus","Annelida","Clitellata","Oligochaeta","Oligochaeta",,,"Tubificida",,,,"Naididae","Naidinae",,,"Nais","sp.",,"none",3,,1,8,12,"N","N",,"condition OK","Y",,"Kathman and Brinkhurst 1998","N","EcoAnalysts Inc.","G. Wallace",,,
"1f13fe74-3ac3-4360-9b63-af98a49cdd58","D05","CRAM","CRAM.AOS.riparian.point.01","2020-07-09T16:18Z","2020-10-26","CRAM.20200709.BENTHICSWEEP.1","A00000203293",,"CORSP19","Y","Corynoneura sp.",,"genus","Arthropoda","Hexapoda","Insecta","Pterygota","Neoptera","Holometabola","Diptera","Nematocera","Culicomorpha",,"Chironomidae","Orthocladiinae",,,"Corynoneura","sp.",,"pupa",2,,1,36,3,"N","N",,"condition OK","Y",,"Epler 2001","N","EcoAnalysts Inc.","G. Wallace",,,
"a26955c7-da2f-4e04-af46-5e355356617e","D05","CRAM","CRAM.AOS.riparian.point.01","2020-07-09T16:18Z","2020-10-26","CRAM.20200709.BENTHICSWEEP.1","A00000203293",,"HYDSP5","Y","Hydroptilidae sp.",,"family","Arthropoda","Hexapoda","Insecta","Pterygota","Neoptera","Holometabola","Trichoptera",,,"Hydroptiloidea","Hydroptilidae",,,,,"sp.",,"larva",1,,1,36,3,"Y","N",,"condition OK","Y",,"Wiggins 1996","N","EcoAnalysts Inc.","A. Navesky",,,
"65197e39-0375-4b7e-a2ac-a9b4eadae509","D05","CRAM","CRAM.AOS.riparian.point.05","2020-07-09T16:18Z","2020-10-26","CRAM.20200709.BENTHICSWEEP.5","A00000203297",,"ODOSP","Y","Odonata sp.","Libellulidae/Corduliidae","order","Arthropoda","Hexapoda","Insecta","Pterygota","Palaeoptera",,"Odonata",,,,,,,,,"sp.",,"larva",7,,1,9,11,"Y","N",,"condition OK","Y",,"Needham Westfall and May 2000","Y","EcoAnalysts Inc.","A. Navesky",,,
"fac63ecc-37d4-46e9-816f-b53ceb750340","D05","CRAM","CRAM.AOS.riparian.point.09","2020-07-09T16:18Z","2020-10-26","CRAM.20200709.BENTHICSWEEP.9","A00000203300",,"PARSP34","Y","Paratanytarsus sp.",,"genus","Arthropoda","Hexapoda","Insecta","Pterygota","Neoptera","Holometabola","Diptera","Nematocera","Culicomorpha",,"Chironomidae","Chironominae","Tanytarsini",,"Paratanytarsus","sp.",,"larva",2,"2b",4,8,49,"N","N",,"condition OK","Y",,"Epler 2001","N","EcoAnalysts Inc.","G. Wallace",,,
"63a40124-b5b9-4955-b6c5-19502a9212e7","D05","CRAM","CRAM.AOS.riparian.point.09","2020-07-09T16:18Z","2020-10-26","CRAM.20200709.BENTHICSWEEP.9","A00000203300",,"GLYSP3","Y","Glyptotendipes sp.",,"genus","Arthropoda","Hexapoda","Insecta","Pterygota","Neoptera","Holometabola","Diptera","Nematocera","Culicomorpha",,"Chironomidae","Chironominae","Chironomini",,"Glyptotendipes","sp.",,"larva",1,,1,8,12,"N","N",,"condition OK","Y",,"Epler 2001","N","EcoAnalysts Inc.","G. Wallace","Fragment measured",,
"fc22d868-1272-4ded-a48f-cbcbdf130501","D05","CRAM","CRAM.AOS.riparian.point.05","2020-07-09T16:18Z","2020-10-26","CRAM.20200709.BENTHICSWEEP.5","A00000203297",,"PSESP19","Y","Psectrocladius sp.",,"genus","Arthropoda","Hexapoda","Insecta","Pterygota","Neoptera","Holometabola","Diptera","Nematocera","Culicomorpha",,"Chironomidae","Orthocladiinae",,,"Psectrocladius","sp.",,"larva",1,"1b",6,9,65,"N","N",,"condition OK","Y",,"Epler 2001","Y","EcoAnalysts Inc.","G. Wallace",,,
"878a67ef-7eb4-49be-afda-a62df528e45b","D05","CRAM","CRAM.AOS.littoral1","2020-07-09T16:18Z","2020-10-25","CRAM.20200709.PONAR.2","A00000203302",,"PISSP2","Y","Pisidiidae sp.",,"family","Mollusca",,"Bivalvia","Heterodonta",,,"Veneroida",,,"Corbiculoidea","Pisidiidae",,,,,"sp.",,"none",2,,12,56,21,"N","N",,"damaged, affecting taxonomy","Y",,"Thorp and Covich 2001","N","EcoAnalysts Inc.","A. Navesky",,,
"8c85b4a6-a376-4216-a562-992bd9734843","D05","CRAM","CRAM.AOS.littoral1","2020-07-09T16:18Z","2020-10-25","CRAM.20200709.PONAR.2","A00000203302",,"PROSP23","Y","Procladius sp.",,"genus","Arthropoda","Hexapoda","Insecta","Pterygota","Neoptera","Holometabola","Diptera","Nematocera","Culicomorpha",,"Chironomidae","Tanypodinae","Procladiini",,"Procladius","sp.",,"larva",3,"3b",1,56,2,"N","N",,"condition OK","Y",,"Epler 2001","N","EcoAnalysts Inc.","G. Wallace","Fragment measured",,
"3ab1bdc6-5e53-443c-9dfa-ce56b4870e8a","D05","CRAM","CRAM.AOS.riparian.point.07","2020-07-09T16:18Z","2020-10-26","CRAM.20200709.BENTHICSWEEP.7","A00000203299",,"ORISP1","Y","Oribatida sp.",,"suborder","Arthropoda","Chelicerata","Arachnida","Acari",,"Acariformes","Sarcoptiformes","Oribatida",,,,,,,,"sp.",,"none",1,,29,18,165,"N","Y",,"condition OK","Y",,"Thorp and Covich 2001","N","EcoAnalysts Inc.","A. Navesky","Oribatida",,
"35071fa2-dcdc-44d7-867a-4ec741d00850","D05","CRAM","CRAM.AOS.littoral2","2020-07-09T16:18Z","2020-10-26","CRAM.20200709.PONAR.1","A00000203301",,"CLASP5","Y","Cladopelma sp.",,"genus","Arthropoda","Hexapoda","Insecta","Pterygota","Neoptera","Holometabola","Diptera","Nematocera","Culicomorpha",,"Chironomidae","Chironominae","Chironomini",,"Cladopelma","sp.",,"pupa",3,,1,100,1,"N","N",,"condition OK","Y",,"Epler 2001","N","EcoAnalysts Inc.","G. Wallace",,,
"01fbf871-72c4-47e7-a620-6efe83117f3f","D05","CRAM","CRAM.AOS.riparian.point.01","2020-07-09T16:18Z","2020-10-26","CRAM.20200709.BENTHICSWEEP.1","A00000203293",,"CORSP19","Y","Corynoneura sp.",,"genus","Arthropoda","Hexapoda","Insecta","Pterygota","Neoptera","Holometabola","Diptera","Nematocera","Culicomorpha",,"Chironomidae","Orthocladiinae",,,"Corynoneura","sp.",,"larva",1,,1,36,3,"N","N",,"condition OK","Y",,"Epler 2001","N","EcoAnalysts Inc.","G. Wallace",,,
"aaccf3de-647f-4730-8b3b-b9bf53f544e6","D05","CRAM","CRAM.AOS.riparian.point.01","2020-07-09T16:18Z","2020-10-26","CRAM.20200709.BENTHICSWEEP.1","A00000203293",,"ABLSP","Y","Ablabesmyia sp.",,"genus","Arthropoda","Hexapoda","Insecta","Pterygota","Neoptera","Holometabola","Diptera","Nematocera","Culicomorpha",,"Chironomidae","Tanypodinae","Pentaneurini",,"Ablabesmyia","sp.",,"larva",1,"1b",3,36,8,"Y","N",,"condition OK","N",,"Roback 1985; Epler 2001","N","EcoAnalysts Inc.","G. Wallace",,,
"acee6a42-26fc-4e92-9153-08733ee052ca","D05","CRAM","CRAM.AOS.riparian.point.07","2020-07-09T16:18Z","2020-10-26","CRAM.20200709.BENTHICSWEEP.7","A00000203299",,"ABLSP","Y","Ablabesmyia sp.",,"genus","Arthropoda","Hexapoda","Insecta","Pterygota","Neoptera","Holometabola","Diptera","Nematocera","Culicomorpha",,"Chironomidae","Tanypodinae","Pentaneurini",,"Ablabesmyia","sp.",,"larva",4,,2,18,11,"Y","Y",,"condition OK","Y",,"Roback 1985; Epler 2001","N","EcoAnalysts Inc.","G. Wallace","Larger ones w/ 3-segmented palps",,
"a8e6a216-610d-4dc1-9017-471b91e6969e","D05","CRAM","CRAM.AOS.riparian.point.09","2020-07-09T16:18Z","2020-10-26","CRAM.20200709.BENTHICSWEEP.9","A00000203300",,"PSESP19","Y","Psectrocladius sp.",,"genus","Arthropoda","Hexapoda","Insecta","Pterygota","Neoptera","Holometabola","Diptera","Nematocera","Culicomorpha",,"Chironomidae","Orthocladiinae",,,"Psectrocladius","sp.",,"larva",3,,4,8,49,"N","N",,"condition OK","Y",,"Epler 2001","N","EcoAnalysts Inc.","G. Wallace",,,
"f1171912-d132-4992-b8c1-da5a65b70457","D05","CRAM","CRAM.AOS.buoy.c0","2020-07-09T16:18Z","2020-10-25","CRAM.20200709.PONAR.3","A00000203303",,"CORSP19","Y","Corynoneura sp.",,"genus","Arthropoda","Hexapoda","Insecta","Pterygota","Neoptera","Holometabola","Diptera","Nematocera","Culicomorpha",,"Chironomidae","Orthocladiinae",,,"Corynoneura","sp.",,"larva",3,,1,100,1,"N","N",,"condition OK","Y",,"Epler 2001","N","EcoAnalysts Inc.","G. Wallace",,,
"2391417d-db22-41be-b262-66b64fc4d34a","D05","CRAM","CRAM.AOS.littoral1","2020-07-09T16:18Z","2020-10-25","CRAM.20200709.PONAR.2","A00000203302",,"DICSP7","Y","Dicrotendipes sp.",,"genus","Arthropoda","Hexapoda","Insecta","Pterygota","Neoptera","Holometabola","Diptera","Nematocera","Culicomorpha",,"Chironomidae","Chironominae","Chironomini",,"Dicrotendipes","sp.",,"larva",1,"1a",2,56,4,"Y","Y",,"condition OK","Y",,"Epler 1987 1988 2001","N","EcoAnalysts Inc.","G. Wallace",,,
"2514df3b-7f11-496b-9724-16c3e25f3141","D05","CRAM","CRAM.AOS.littoral1","2020-07-09T16:18Z","2020-10-25","CRAM.20200709.PONAR.2","A00000203302",,"PSESP19","Y","Psectrocladius sp.",,"genus","Arthropoda","Hexapoda","Insecta","Pterygota","Neoptera","Holometabola","Diptera","Nematocera","Culicomorpha",,"Chironomidae","Orthocladiinae",,,"Psectrocladius","sp.",,"larva",4,,2,56,4,"N","N",,"condition OK","Y",,"Epler 2001","N","EcoAnalysts Inc.","G. Wallace",,,
"a2883fdf-6d11-4b3c-b66a-a717b57c1bd3","D05","CRAM","CRAM.AOS.riparian.point.01","2020-07-09T16:18Z","2020-10-26","CRAM.20200709.BENTHICSWEEP.1","A00000203293",,"DICSP7","Y","Dicrotendipes sp.",,"genus","Arthropoda","Hexapoda","Insecta","Pterygota","Neoptera","Holometabola","Diptera","Nematocera","Culicomorpha",,"Chironomidae","Chironominae","Chironomini",,"Dicrotendipes","sp.",,"larva",1,,1,36,3,"Y","Y",,"condition OK","Y",,"Epler 1987 1988 2001","N","EcoAnalysts Inc.","G. Wallace",,,
"4ec521d2-77b7-41c1-8312-afc98531b9ad","D05","CRAM","CRAM.AOS.riparian.point.03","2020-07-09T16:18Z","2020-10-26","CRAM.20200709.BENTHICSWEEP.3","A00000203295",,"GLYSP3","Y","Glyptotendipes sp.",,"genus","Arthropoda","Hexapoda","Insecta","Pterygota","Neoptera","Holometabola","Diptera","Nematocera","Culicomorpha",,"Chironomidae","Chironominae","Chironomini",,"Glyptotendipes","sp.",,"larva",4,,1,98,1,"N","N",,"condition OK","Y",,"Epler 2001","N","EcoAnalysts Inc.","G. Wallace",,,
"59505078-b928-43b0-91d3-118ffbbf898b","D05","CRAM","CRAM.AOS.riparian.point.05","2020-07-09T16:18Z","2020-10-26","CRAM.20200709.BENTHICSWEEP.5","A00000203297",,"PENSP6","Y","Pentaneurini sp.",,"tribe","Arthropoda","Hexapoda","Insecta","Pterygota","Neoptera","Holometabola","Diptera","Nematocera","Culicomorpha",,"Chironomidae","Tanypodinae","Pentaneurini",,,"sp.",,"larva",1,,15,9,163,"Y","N",,"condition OK","N",,"Epler 2001","Y","EcoAnalysts Inc.","G. Wallace",,,
"2d236c59-ba69-4bd5-85ef-ad49b8772f42","D05","CRAM","CRAM.AOS.riparian.point.09","2020-07-09T16:18Z","2020-10-26","CRAM.20200709.BENTHICSWEEP.9","A00000203300",,"NEMSP","Y","Nematoda sp.",,"phylum","Nematoda",,,,,,,,,,,,,,,"sp.",,"none",2,,2,8,25,"N","Y",,"condition OK","Y",,"Thorp and Covich 2001","N","EcoAnalysts Inc.","A. Navesky",,,
"6cdd62d7-92f9-42ba-8d05-6842c6c24345","D05","CRAM","CRAM.AOS.buoy.c0","2020-07-09T16:18Z","2020-10-25","CRAM.20200709.PONAR.3","A00000203303",,"PROSP23","Y","Procladius sp.",,"genus","Arthropoda","Hexapoda","Insecta","Pterygota","Neoptera","Holometabola","Diptera","Nematocera","Culicomorpha",,"Chironomidae","Tanypodinae","Procladiini",,"Procladius","sp.",,"larva",8,,1,100,1,"N","N",,"condition OK","Y",,"Epler 2001","N","EcoAnalysts Inc.","G. Wallace",,,
"2e19f001-5e56-42d5-92de-0aec1ffd0c1b","D05","CRAM","CRAM.AOS.riparian.point.05","2020-07-09T16:18Z","2020-10-26","CRAM.20200709.BENTHICSWEEP.5","A00000203297",,"NEMSP","Y","Nematoda sp.",,"phylum","Nematoda",,,,,,,,,,,,,,,"sp.",,"none",2,,40,9,436,"N","Y",,"condition OK","Y",,"Thorp and Covich 2001","Y","EcoAnalysts Inc.","A. Navesky",,,
"38ba9fd9-9db8-4838-8a62-a90063d0db8f","D05","CRAM","CRAM.AOS.littoral1","2020-07-09T16:18Z","2020-10-25","CRAM.20200709.PONAR.2","A00000203302",,"DICSP7","Y","Dicrotendipes sp.",,"genus","Arthropoda","Hexapoda","Insecta","Pterygota","Neoptera","Holometabola","Diptera","Nematocera","Culicomorpha",,"Chironomidae","Chironominae","Chironomini",,"Dicrotendipes","sp.",,"larva",1,"1b",1,56,2,"Y","Y",,"condition OK","Y",,"Epler 1987 1988 2001","N","EcoAnalysts Inc.","G. Wallace","Fragment measured",,
"3921d4f6-5f0d-4ae6-8d0c-32151ee0e8b6","D05","CRAM","CRAM.AOS.riparian.point.01","2020-07-09T16:18Z","2020-10-26","CRAM.20200709.BENTHICSWEEP.1","A00000203293",,"LAUAGR","Y","Lauterborniella agrayloides",,"species","Arthropoda","Hexapoda","Insecta","Pterygota","Neoptera","Holometabola","Diptera","Nematocera","Culicomorpha",,"Chironomidae","Chironominae","Chironomini",,"Lauterborniella","agrayloides",,"larva",1,,1,36,3,"N","N",,"condition OK","Y",,"Epler 2001","N","EcoAnalysts Inc.","G. Wallace",,,
"f5c10fc3-dcc0-48bf-a553-ad8d7b14c0fd","D05","CRAM","CRAM.AOS.riparian.point.01","2020-07-09T16:18Z","2020-10-26","CRAM.20200709.BENTHICSWEEP.1","A00000203293",,"HYDSP21","Y","Hydra sp.",,"genus","Cnidaria","Medusozoa","Hydrozoa","Hydroidolina",,,"Anthoathecatae","Capitata",,,"Hydridae",,,,"Hydra","sp.",,"none",2,,1,36,3,"N","N",,"condition OK","Y",,"Thorp and Covich 2001","N","EcoAnalysts Inc.","A. Navesky",,,
"682a298c-24d9-4a10-ad49-38a011c2c80b","D05","CRAM","CRAM.AOS.riparian.point.03","2020-07-09T16:18Z","2020-10-26","CRAM.20200709.BENTHICSWEEP.3","A00000203295",,"NEMSP","Y","Nematoda sp.",,"phylum","Nematoda",,,,,,,,,,,,,,,"sp.",,"none",3,,2,98,2,"N","Y",,"condition OK","Y",,"Thorp and Covich 2001","N","EcoAnalysts Inc.","A. Navesky",,,
"a597ad00-a347-4845-bc39-49fc156e7d61","D05","CRAM","CRAM.AOS.riparian.point.01","2020-07-09T16:18Z","2020-10-26","CRAM.20200709.BENTHICSWEEP.1","A00000203293",,"TANSP11","Y","Tanytarsus sp.",,"genus","Arthropoda","Hexapoda","Insecta","Pterygota","Neoptera","Holometabola","Diptera","Nematocera","Culicomorpha",,"Chironomidae","Chironominae","Tanytarsini",,"Tanytarsus","sp.",,"larva",1,"1a",24,36,68,"N","N",,"condition OK","Y",,"Epler 2001","N","EcoAnalysts Inc.","G. Wallace",,,
"04736495-142a-43c7-806f-a9761b9aa012","D05","CRAM","CRAM.AOS.riparian.point.01","2020-07-09T16:18Z","2020-10-26","CRAM.20200709.BENTHICSWEEP.1","A00000203293",,"NEUSP4","Y","Neumania sp.",,"genus","Arthropoda","Chelicerata","Arachnida","Acari",,"Acariformes","Trombidiformes","Prostigmata",,"Hygrobatoidea","Unionicolidae",,,,"Neumania","sp.",,"none",1,,1,36,3,"N","N",,"condition OK","Y",,"Thorp and Covich 2001","N","EcoAnalysts Inc.","A. Navesky",,,
"9eeefe01-8c03-4f55-b55d-7467ff083d6b","D05","CRAM","CRAM.AOS.littoral2","2020-07-09T16:18Z","2020-10-26","CRAM.20200709.PONAR.1","A00000203301",,"PAGSP5","Y","Pagastiella sp.",,"genus","Arthropoda","Hexapoda","Insecta","Pterygota","Neoptera","Holometabola","Diptera","Nematocera","Culicomorpha",,"Chironomidae","Chironominae","Chironomini",,"Pagastiella","sp.",,"larva",2,,2,100,2,"N","N",,"condition OK","Y",,"Epler 2001","N","EcoAnalysts Inc.","G. Wallace",,,
"d577bfbe-be6a-408c-aac6-855bd42d0f6b","D05","CRAM","CRAM.AOS.littoral2","2020-07-09T16:18Z","2020-10-26","CRAM.20200709.PONAR.1","A00000203301",,"PISSP2","Y","Pisidiidae sp.",,"family","Mollusca",,"Bivalvia","Heterodonta",,,"Veneroida",,,"Corbiculoidea","Pisidiidae",,,,,"sp.",,"none",2,,9,100,9,"Y","N",,"condition OK","Y",,"Thorp and Covich 2001","N","EcoAnalysts Inc.","A. Navesky",,,
"eb0c84b7-2ce3-4aa3-9b4f-bbfc8045d199","D05","CRAM","CRAM.AOS.riparian.point.01","2020-07-09T16:18Z","2020-10-26","CRAM.20200709.BENTHICSWEEP.1","A00000203293","7644.13-16","NAISP1","Y","Nais sp.",,"genus","Annelida","Clitellata","Oligochaeta","Oligochaeta",,,"Tubificida",,,,"Naididae","Naidinae",,,"Nais","sp.",,"none",1,,1,36,3,"N","N",,"condition OK","Y",,"Kathman and Brinkhurst 1998","N","EcoAnalysts Inc.","G. Wallace","Fragment measured",,
"c6fc0c9d-5b12-43bf-ba5a-37b9b2576983","D05","CRAM","CRAM.AOS.riparian.point.03","2020-07-09T16:18Z","2020-10-26","CRAM.20200709.BENTHICSWEEP.3","A00000203295",,"POLILL","Y","Polypedilum illinoense gr.",,"speciesGroup","Arthropoda","Hexapoda","Insecta","Pterygota","Neoptera","Holometabola","Diptera","Nematocera","Culicomorpha",,"Chironomidae","Chironominae","Chironomini",,"Polypedilum","illinoense gr.",,"larva",3,,1,98,1,"N","N",,"condition OK","Y",,"Epler 2001 and Maschwitz and Cook 2000","N","EcoAnalysts Inc.","G. Wallace",,,
"14be2170-d256-4604-a8f3-1c0ed8506dd2","D05","CRAM","CRAM.AOS.riparian.point.03","2020-07-09T16:18Z","2020-10-26","CRAM.20200709.BENTHICSWEEP.3","A00000203295",,"PSESP18","Y","Pseudochironomus sp.",,"genus","Arthropoda","Hexapoda","Insecta","Pterygota","Neoptera","Holometabola","Diptera","Nematocera","Culicomorpha",,"Chironomidae","Chironominae","Pseudochironomini",,"Pseudochironomus","sp.",,"larva",1,,1,98,1,"N","N",,"condition OK","Y",,"Epler 2001","N","EcoAnalysts Inc.","G. Wallace","1 small",,
"2ae73253-adc3-4c11-be92-7b57ec5c10f5","D05","CRAM","CRAM.AOS.riparian.point.03","2020-07-09T16:18Z","2020-10-26","CRAM.20200709.BENTHICSWEEP.3","A00000203295",,"LEPSP7","Y","Leptoceridae sp.",,"family","Arthropoda","Hexapoda","Insecta","Pterygota","Neoptera","Holometabola","Trichoptera",,,"Leptoceroidea","Leptoceridae",,,,,"sp.",,"larva",1,,1,98,1,"Y","N",,"condition OK","Y",,"Wiggins 1996","N","EcoAnalysts Inc.","A. Navesky",,,
"4ccbf121-8550-4d72-8afd-990c4bfed378","D05","CRAM","CRAM.AOS.littoral1","2020-07-09T16:18Z","2020-10-25","CRAM.20200709.PONAR.2","A00000203302",,"TANSP11","Y","Tanytarsus sp.",,"genus","Arthropoda","Hexapoda","Insecta","Pterygota","Neoptera","Holometabola","Diptera","Nematocera","Culicomorpha",,"Chironomidae","Chironominae","Tanytarsini",,"Tanytarsus","sp.",,"pupa",2,"2a",1,56,2,"N","N",,"condition OK","Y",,"Epler 2001","N","EcoAnalysts Inc.","G. Wallace","Fragment measured",,
"86065cc0-2337-4af4-ac21-1829f2ba15a4","D05","CRAM","CRAM.AOS.riparian.point.05","2020-07-09T16:18Z","2020-10-26","CRAM.20200709.BENTHICSWEEP.5","A00000203297",,"CRISP2","Y","Cricotopus sp.",,"genus","Arthropoda","Hexapoda","Insecta","Pterygota","Neoptera","Holometabola","Diptera","Nematocera","Culicomorpha",,"Chironomidae","Orthocladiinae",,,"Cricotopus","sp.",,"larva",1,,1,9,11,"N","N",,"condition OK","Y",,"Epler 2001","Y","EcoAnalysts Inc.","G. Wallace",,,
"ecc85bde-326e-4af4-b27b-c98633d37227","D05","CRAM","CRAM.AOS.riparian.point.01","2020-07-09T16:18Z","2020-10-26","CRAM.20200709.BENTHICSWEEP.1","A00000203293",,"LARSP","Y","Larsia sp.",,"genus","Arthropoda","Hexapoda","Insecta","Pterygota","Neoptera","Holometabola","Diptera","Nematocera","Culicomorpha",,"Chironomidae","Tanypodinae","Pentaneurini",,"Larsia","sp.",,"pupa",3,,1,36,3,"N","N",,"condition OK","Y",,"Epler 2001","N","EcoAnalysts Inc.","G. Wallace",,,
"b5c58289-33a3-4ebc-8a8a-c4d46d536ff1","D05","CRAM","CRAM.AOS.littoral1","2020-07-09T16:18Z","2020-10-25","CRAM.20200709.PONAR.2","A00000203302",,"POLSP5","Y","Polycentropodidae sp.",,"family","Arthropoda","Hexapoda","Insecta","Pterygota","Neoptera","Holometabola","Trichoptera",,,"Hydropsychoidea","Polycentropodidae",,,,,"sp.",,"larva",3,,1,56,2,"Y","N",,"condition OK","Y",,"Wiggins 1996","N","EcoAnalysts Inc.","A. Navesky",,,
"00a19983-ca70-41df-a2d3-ac1c3be0513d","D05","CRAM","CRAM.AOS.riparian.point.03","2020-07-09T16:18Z","2020-10-26","CRAM.20200709.BENTHICSWEEP.3","A00000203295",,"NEMSP","Y","Nematoda sp.",,"phylum","Nematoda",,,,,,,,,,,,,,,"sp.",,"none",2,,13,98,13,"N","Y",,"condition OK","Y",,"Thorp and Covich 2001","N","EcoAnalysts Inc.","A. Navesky",,,
"aeb04485-6c41-48a9-9c06-f038a1bc62f5","D05","CRAM","CRAM.AOS.riparian.point.07","2020-07-09T16:18Z","2020-10-26","CRAM.20200709.BENTHICSWEEP.7","A00000203299",,"CHISP8","Y","Chironomus sp.",,"genus","Arthropoda","Hexapoda","Insecta","Pterygota","Neoptera","Holometabola","Diptera","Nematocera","Culicomorpha",,"Chironomidae","Chironominae","Chironomini",,"Chironomus","sp.",,"larva",4,"4b",1,18,6,"N","N",,"condition OK","Y",,"Epler 2001","N","EcoAnalysts Inc.","G. Wallace",,,
"cb8d0296-9601-4f59-9e4f-1ecd259f6ee9","D05","CRAM","CRAM.AOS.littoral1","2020-07-09T16:18Z","2020-10-25","CRAM.20200709.PONAR.2","A00000203302",,"PAGSP5","Y","Pagastiella sp.",,"genus","Arthropoda","Hexapoda","Insecta","Pterygota","Neoptera","Holometabola","Diptera","Nematocera","Culicomorpha",,"Chironomidae","Chironominae","Chironomini",,"Pagastiella","sp.",,"larva",2,,1,56,2,"N","N",,"condition OK","Y",,"Epler 2001","N","EcoAnalysts Inc.","G. Wallace",,,
"af1cdc27-705a-4784-b07c-303b9d892878","D05","CRAM","CRAM.AOS.riparian.point.09","2020-07-09T16:18Z","2020-10-26","CRAM.20200709.BENTHICSWEEP.9","A00000203300",,"LABSP","Y","Labrundinia sp.",,"genus","Arthropoda","Hexapoda","Insecta","Pterygota","Neoptera","Holometabola","Diptera","Nematocera","Culicomorpha",,"Chironomidae","Tanypodinae","Pentaneurini",,"Labrundinia","sp.",,"larva",1,"1a",2,8,25,"N","N",,"condition OK","Y",,"Epler 2001","N","EcoAnalysts Inc.","G. Wallace","Fragment measured",,
"c0a18fa0-e692-4b7d-a9d5-19ef04723282","D05","CRAM","CRAM.AOS.riparian.point.09","2020-07-09T16:18Z","2020-10-26","CRAM.20200709.BENTHICSWEEP.9","A00000203300",,"THIGRO","Y","Thienemannimyia gr.",,"speciesGroup","Arthropoda","Hexapoda","Insecta","Pterygota","Neoptera","Holometabola","Diptera","Nematocera","Culicomorpha",,"Chironomidae","Tanypodinae","Pentaneurini",,"Thienemannimyia","gr.",,"larva",1,,2,8,25,"N","N",,"condition OK","Y",,"Epler 2001","N","EcoAnalysts Inc.","G. Wallace",,,
"18b3561d-475b-451d-8df5-ac14c96580d2","D05","CRAM","CRAM.AOS.littoral2","2020-07-09T16:18Z","2020-10-26","CRAM.20200709.PONAR.1","A00000203301",,"ENDSP","Y","Endochironomus sp.",,"genus","Arthropoda","Hexapoda","Insecta","Pterygota","Neoptera","Holometabola","Diptera","Nematocera","Culicomorpha",,"Chironomidae","Chironominae","Chironomini",,"Endochironomus","sp.",,"larva",10,,1,100,1,"N","N",,"condition OK","Y",,"Epler 2001","N","EcoAnalysts Inc.","G. Wallace",,,
"4f93d804-2657-4846-b503-e669d42a95f4","D05","CRAM","CRAM.AOS.riparian.point.01","2020-07-09T16:18Z","2020-10-26","CRAM.20200709.BENTHICSWEEP.1","A00000203293",,"LARSP","Y","Larsia sp.",,"genus","Arthropoda","Hexapoda","Insecta","Pterygota","Neoptera","Holometabola","Diptera","Nematocera","Culicomorpha",,"Chironomidae","Tanypodinae","Pentaneurini",,"Larsia","sp.",,"larva",2,"2b",1,36,3,"N","N",,"condition OK","Y",,"Epler 2001","N","EcoAnalysts Inc.","G. Wallace","Fragment measured",,
"defe8c64-312e-4f0e-af87-aeb01e0c3ffa","D05","CRAM","CRAM.AOS.riparian.point.07","2020-07-09T16:18Z","2020-10-26","CRAM.20200709.BENTHICSWEEP.7","A00000203299",,"ENDSP","Y","Endochironomus sp.",,"genus","Arthropoda","Hexapoda","Insecta","Pterygota","Neoptera","Holometabola","Diptera","Nematocera","Culicomorpha",,"Chironomidae","Chironominae","Chironomini",,"Endochironomus","sp.",,"larva",2,,1,18,6,"N","N",,"condition OK","Y",,"Epler 2001","N","EcoAnalysts Inc.","G. Wallace","lost; small teneral",,
"41355bdf-b0d8-4357-b415-f65a23fae12e","D05","CRAM","CRAM.AOS.littoral2","2020-07-09T16:18Z","2020-10-26","CRAM.20200709.PONAR.1","A00000203301",,"CLASP5","Y","Cladopelma sp.",,"genus","Arthropoda","Hexapoda","Insecta","Pterygota","Neoptera","Holometabola","Diptera","Nematocera","Culicomorpha",,"Chironomidae","Chironominae","Chironomini",,"Cladopelma","sp.",,"larva",4,,7,100,7,"N","N",,"condition OK","Y",,"Epler 2001","N","EcoAnalysts Inc.","G. Wallace",,,
"3548bee1-29e6-4eab-9555-2dc6ff9194a4","D05","CRAM","CRAM.AOS.riparian.point.03","2020-07-09T16:18Z","2020-10-26","CRAM.20200709.BENTHICSWEEP.3","A00000203295",,"EPHSP","Y","Ephemeroptera sp.",,"order","Arthropoda","Hexapoda","Insecta","Pterygota","Palaeoptera",,"Ephemeroptera",,,,,,,,,"sp.",,"larva",1,,28,98,29,"Y","N",,"condition OK","N",,"Merritt and Cummins 2008","N","EcoAnalysts Inc.","A. Navesky",,,
"5cfe9835-1547-4fd3-92f2-d00e1c6f35d0","D05","CRAM","CRAM.AOS.riparian.point.01","2020-07-09T16:18Z","2020-10-26","CRAM.20200709.BENTHICSWEEP.1","A00000203293",,"POLILL","Y","Polypedilum illinoense gr.",,"speciesGroup","Arthropoda","Hexapoda","Insecta","Pterygota","Neoptera","Holometabola","Diptera","Nematocera","Culicomorpha",,"Chironomidae","Chironominae","Chironomini",,"Polypedilum","illinoense gr.",,"larva",1,"1a",1,36,3,"N","N",,"condition OK","Y",,"Epler 2001 and Maschwitz and Cook 2000","N","EcoAnalysts Inc.","G. Wallace",,,
"c62343dd-6633-44bc-b31d-22c22c87dba9","D05","CRAM","CRAM.AOS.riparian.point.09","2020-07-09T16:18Z","2020-10-26","CRAM.20200709.BENTHICSWEEP.9","A00000203300",,"PARSP34","Y","Paratanytarsus sp.",,"genus","Arthropoda","Hexapoda","Insecta","Pterygota","Neoptera","Holometabola","Diptera","Nematocera","Culicomorpha",,"Chironomidae","Chironominae","Tanytarsini",,"Paratanytarsus","sp.",,"larva",1,,20,8,246,"N","N",,"condition OK","Y",,"Epler 2001","N","EcoAnalysts Inc.","G. Wallace",,,
"39a48453-0fc4-4551-b04a-3092c54097c7","D05","CRAM","CRAM.AOS.littoral2","2020-07-09T16:18Z","2020-10-26","CRAM.20200709.PONAR.1","A00000203301",,"LAUAGR","Y","Lauterborniella agrayloides",,"species","Arthropoda","Hexapoda","Insecta","Pterygota","Neoptera","Holometabola","Diptera","Nematocera","Culicomorpha",,"Chironomidae","Chironominae","Chironomini",,"Lauterborniella","agrayloides",,"larva",1,,2,100,2,"N","N",,"condition OK","Y",,"Epler 2001","N","EcoAnalysts Inc.","G. Wallace","Fragment measured",,
"d56710ed-603b-4a90-986a-4a4a54cb49e0","D05","CRAM","CRAM.AOS.riparian.point.01","2020-07-09T16:18Z","2020-10-26","CRAM.20200709.BENTHICSWEEP.1","A00000203293",,"POLSOR","Y","Polypedilum sordens",,"species","Arthropoda","Hexapoda","Insecta","Pterygota","Neoptera","Holometabola","Diptera","Nematocera","Culicomorpha",,"Chironomidae","Chironominae","Chironomini",,"Polypedilum","sordens",,"larva",2,,2,36,6,"N","N",,"condition OK","Y",,"Maschwitz and Cook 2000","N","EcoAnalysts Inc.","G. Wallace",,,
"c7568ebd-ef8e-46cd-9c67-17103b9d65f1","D05","CRAM","CRAM.AOS.littoral1","2020-07-09T16:18Z","2020-10-25","CRAM.20200709.PONAR.2","A00000203302",,"NEMSP","Y","Nematoda sp.",,"phylum","Nematoda",,,,,,,,,,,,,,,"sp.",,"none",5,,2,56,4,"N","Y",,"condition OK","Y",,"Thorp and Covich 2001","N","EcoAnalysts Inc.","A. Navesky",,,
"e7d454e7-88ea-4fe3-8828-edec8800c41c","D05","CRAM","CRAM.AOS.riparian.point.03","2020-07-09T16:18Z","2020-10-26","CRAM.20200709.BENTHICSWEEP.3","A00000203295",,"PARSP34","Y","Paratanytarsus sp.",,"genus","Arthropoda","Hexapoda","Insecta","Pterygota","Neoptera","Holometabola","Diptera","Nematocera","Culicomorpha",,"Chironomidae","Chironominae","Tanytarsini",,"Paratanytarsus","sp.",,"larva",2,,16,98,16,"N","N",,"condition OK","Y",,"Epler 2001","N","EcoAnalysts Inc.","G. Wallace",,,
"c3adcaea-c747-4f00-9b60-11925ef54995","D05","CRAM","CRAM.AOS.riparian.point.01","2020-07-09T16:18Z","2020-10-26","CRAM.20200709.BENTHICSWEEP.1","A00000203293",,"PSESP19","Y","Psectrocladius sp.",,"genus","Arthropoda","Hexapoda","Insecta","Pterygota","Neoptera","Holometabola","Diptera","Nematocera","Culicomorpha",,"Chironomidae","Orthocladiinae",,,"Psectrocladius","sp.",,"larva",3,,1,36,3,"N","N",,"condition OK","Y",,"Epler 2001","N","EcoAnalysts Inc.","G. Wallace",,,
"b033acae-78b8-4896-9b3b-a61f91c9f0a1","D05","CRAM","CRAM.AOS.riparian.point.09","2020-07-09T16:18Z","2020-10-26","CRAM.20200709.BENTHICSWEEP.9","A00000203300",,"PARSP25","Y","Parakiefferiella sp.",,"genus","Arthropoda","Hexapoda","Insecta","Pterygota","Neoptera","Holometabola","Diptera","Nematocera","Culicomorpha",,"Chironomidae","Orthocladiinae",,,"Parakiefferiella","sp.",,"larva",1,,1,8,12,"N","N",,"condition OK","Y",,"Epler 2001","N","EcoAnalysts Inc.","G. Wallace",,,
"a68f2ad8-e975-4aeb-aed0-23fb20341925","D05","CRAM","CRAM.AOS.riparian.point.01","2020-07-09T16:18Z","2020-10-26","CRAM.20200709.BENTHICSWEEP.1","A00000203293","CRAM.20200709.BENTHICSWEEP.1_OLIGOCHAETE_2/2|CRAM.20200709.BENTHICSWEEP.1_OLIGOCHAETE_1/2","STYLAC","Y","Stylaria lacustris",,"species","Annelida","Clitellata","Oligochaeta","Oligochaeta",,,"Tubificida",,,,"Naididae","Naidinae",,,"Stylaria","lacustris",,"none",3,,1,36,3,"N","N",,"condition OK","Y",,"Kathman and Brinkhurst 1998","N","EcoAnalysts Inc.","G. Wallace","Fragment measured",,
"97b6dcee-0d2e-4235-9986-1199d2699fd7","D05","CRAM","CRAM.AOS.riparian.point.03","2020-07-09T16:18Z","2020-10-26","CRAM.20200709.BENTHICSWEEP.3","A00000203295",,"DICSP7","Y","Dicrotendipes sp.",,"genus","Arthropoda","Hexapoda","Insecta","Pterygota","Neoptera","Holometabola","Diptera","Nematocera","Culicomorpha",,"Chironomidae","Chironominae","Chironomini",,"Dicrotendipes","sp.",,"larva",1,,1,98,1,"Y","Y",,"condition OK","Y",,"Epler 1987 1988 2001","N","EcoAnalysts Inc.","G. Wallace","Fragment measured",,
"626b3f5e-ed9a-494c-a944-67b94ac64914","D05","CRAM","CRAM.AOS.riparian.point.07","2020-07-09T16:18Z","2020-10-26","CRAM.20200709.BENTHICSWEEP.7","A00000203299",,"PENSP6","Y","Pentaneurini sp.",,"tribe","Arthropoda","Hexapoda","Insecta","Pterygota","Neoptera","Holometabola","Diptera","Nematocera","Culicomorpha",,"Chironomidae","Tanypodinae","Pentaneurini",,,"sp.",,"larva",1,,15,18,85,"Y","N",,"condition OK","N",,"Epler 2001","N","EcoAnalysts Inc.","G. Wallace",,,
"1821ecfc-2ccd-47a0-8498-f3c4e864d38e","D05","CRAM","CRAM.AOS.littoral1","2020-07-09T16:18Z","2020-10-25","CRAM.20200709.PONAR.2","A00000203302",,"ORISP1","Y","Oribatida sp.",,"suborder","Arthropoda","Chelicerata","Arachnida","Acari",,"Acariformes","Sarcoptiformes","Oribatida",,,,,,,,"sp.",,"none",1,,1,56,2,"N","Y",,"condition OK","Y",,"Thorp and Covich 2001","N","EcoAnalysts Inc.","A. Navesky","Oribatida",,
"caec2c57-3d45-4a7c-bec1-f370f667770a","D05","CRAM","CRAM.AOS.riparian.point.03","2020-07-09T16:18Z","2020-10-26","CRAM.20200709.BENTHICSWEEP.3","A00000203295",,"ORISP1","Y","Oribatida sp.",,"suborder","Arthropoda","Chelicerata","Arachnida","Acari",,"Acariformes","Sarcoptiformes","Oribatida",,,,,,,,"sp.",,"none",1,,17,98,17,"N","Y",,"condition OK","Y",,"Thorp and Covich 2001","N","EcoAnalysts Inc.","A. Navesky","Oribatida",,
"5822707d-8f17-4b59-b310-24f1af121ff9","D05","CRAM","CRAM.AOS.riparian.point.09","2020-07-09T16:18Z","2020-10-26","CRAM.20200709.BENTHICSWEEP.9","A00000203300","CRAM.20200709.BENTHICSWEEP.9_OLIGOCHAETE_1/1","STYLAC","Y","Stylaria lacustris",,"species","Annelida","Clitellata","Oligochaeta","Oligochaeta",,,"Tubificida",,,,"Naididae","Naidinae",,,"Stylaria","lacustris",,"none",1,,1,8,12,"N","N",,"condition OK","Y",,"Kathman and Brinkhurst 1998","N","EcoAnalysts Inc.","G. Wallace","Fragment measured",,
"3e3a8fdd-99cc-4adf-99ea-e919bfa8420e","D05","CRAM","CRAM.AOS.riparian.point.03","2020-07-09T16:18Z","2020-10-26","CRAM.20200709.BENTHICSWEEP.3","A00000203295",,"DICSP7","Y","Dicrotendipes sp.",,"genus","Arthropoda","Hexapoda","Insecta","Pterygota","Neoptera","Holometabola","Diptera","Nematocera","Culicomorpha",,"Chironomidae","Chironominae","Chironomini",,"Dicrotendipes","sp.",,"larva",3,,1,98,1,"Y","Y",,"condition OK","Y",,"Epler 1987 1988 2001","N","EcoAnalysts Inc.","G. Wallace",,,
"1125c9ac-b525-4b26-9b9d-622a53027996","D05","CRAM","CRAM.AOS.riparian.point.07","2020-07-09T16:18Z","2020-10-26","CRAM.20200709.BENTHICSWEEP.7","A00000203299",,"CLASP5","Y","Cladopelma sp.",,"genus","Arthropoda","Hexapoda","Insecta","Pterygota","Neoptera","Holometabola","Diptera","Nematocera","Culicomorpha",,"Chironomidae","Chironominae","Chironomini",,"Cladopelma","sp.",,"larva",1,"1b",1,18,6,"N","N",,"condition OK","Y",,"Epler 2001","N","EcoAnalysts Inc.","G. Wallace","Fragment measured",,
"53795aa6-5818-4593-8be7-b95baf64a7a6","D05","CRAM","CRAM.AOS.littoral2","2020-07-09T16:18Z","2020-10-26","CRAM.20200709.PONAR.1","A00000203301",,"PAGSP5","Y","Pagastiella sp.",,"genus","Arthropoda","Hexapoda","Insecta","Pterygota","Neoptera","Holometabola","Diptera","Nematocera","Culicomorpha",,"Chironomidae","Chironominae","Chironomini",,"Pagastiella","sp.",,"larva",1,,1,100,1,"N","N",,"condition OK","Y",,"Epler 2001","N","EcoAnalysts Inc.","G. Wallace",,,
"0ea0ae90-4d06-4e4c-8f36-facefed56b79","D05","CRAM","CRAM.AOS.riparian.point.09","2020-07-09T16:18Z","2020-10-26","CRAM.20200709.BENTHICSWEEP.9","A00000203300",,"STESP9","Y","Stempellina sp.",,"genus","Arthropoda","Hexapoda","Insecta","Pterygota","Neoptera","Holometabola","Diptera","Nematocera","Culicomorpha",,"Chironomidae","Chironominae","Tanytarsini",,"Stempellina","sp.",,"larva",1,,1,8,12,"N","N",,"condition OK","Y",,"Epler 2001","N","EcoAnalysts Inc.","G. Wallace",,,
"fbae3787-1010-4935-bc03-2513b6926988","D05","CRAM","CRAM.AOS.riparian.point.03","2020-07-09T16:18Z","2020-10-26","CRAM.20200709.BENTHICSWEEP.3","A00000203295",,"ORTSP1","Y","Orthocladiinae sp.",,"subfamily","Arthropoda","Hexapoda","Insecta","Pterygota","Neoptera","Holometabola","Diptera","Nematocera","Culicomorpha",,"Chironomidae","Orthocladiinae",,,,"sp.",,"larva",1,,1,98,1,"Y","N",,"condition OK","N",,"Epler 2001","N","EcoAnalysts Inc.","G. Wallace",,,
"6c4d353d-8660-4cc8-a771-6197d900a686","D05","CRAM","CRAM.AOS.littoral1","2020-07-09T16:18Z","2020-10-25","CRAM.20200709.PONAR.2","A00000203302",,"PROSP23","Y","Procladius sp.",,"genus","Arthropoda","Hexapoda","Insecta","Pterygota","Neoptera","Holometabola","Diptera","Nematocera","Culicomorpha",,"Chironomidae","Tanypodinae","Procladiini",,"Procladius","sp.",,"larva",1,,12,56,21,"N","N",,"condition OK","Y",,"Epler 2001","N","EcoAnalysts Inc.","G. Wallace","Fragment measured",,
"ebe291ec-17c9-45c3-88b7-79e8e80d8d68","D05","CRAM","CRAM.AOS.littoral1","2020-07-09T16:18Z","2020-10-25","CRAM.20200709.PONAR.2","A00000203302",,"CERSP10","Y","Ceratopogoninae sp.",,"subfamily","Arthropoda","Hexapoda","Insecta","Pterygota","Neoptera","Holometabola","Diptera","Nematocera","Culicomorpha",,"Ceratopogonidae","Ceratopogoninae",,,,"sp.",,"larva",9,,2,56,4,"N","Y",,"condition OK","Y",,"Merritt and Cummins 2008","N","EcoAnalysts Inc.","A. Navesky",,,
"67ef5875-a805-484b-8ac9-da4b1c12395d","D05","CRAM","CRAM.AOS.littoral1","2020-07-09T16:18Z","2020-10-25","CRAM.20200709.PONAR.2","A00000203302",,"PISSP2","Y","Pisidiidae sp.",,"family","Mollusca",,"Bivalvia","Heterodonta",,,"Veneroida",,,"Corbiculoidea","Pisidiidae",,,,,"sp.",,"none",1,,8,56,14,"N","N",,"damaged, affecting taxonomy","Y",,"Thorp and Covich 2001","N","EcoAnalysts Inc.","A. Navesky",,,
"bdb95a99-4032-4bf1-8353-06ad79c26fa9","D05","CRAM","CRAM.AOS.riparian.point.03","2020-07-09T16:18Z","2020-10-26","CRAM.20200709.BENTHICSWEEP.3","A00000203295",,"POLSP5","Y","Polycentropodidae sp.",,"family","Arthropoda","Hexapoda","Insecta","Pterygota","Neoptera","Holometabola","Trichoptera",,,"Hydropsychoidea","Polycentropodidae",,,,,"sp.",,"larva",1,,1,98,1,"Y","N",,"condition OK","Y",,"Wiggins 1996","N","EcoAnalysts Inc.","A. Navesky",,,
"f778bbb6-773a-4945-b773-052c8be98f21","D05","CRAM","CRAM.AOS.littoral2","2020-07-09T16:18Z","2020-10-26","CRAM.20200709.PONAR.1","A00000203301",,"TANSP11","Y","Tanytarsus sp.",,"genus","Arthropoda","Hexapoda","Insecta","Pterygota","Neoptera","Holometabola","Diptera","Nematocera","Culicomorpha",,"Chironomidae","Chironominae","Tanytarsini",,"Tanytarsus","sp.",,"larva",1,,2,100,2,"N","N",,"condition OK","Y",,"Epler 2001","N","EcoAnalysts Inc.","G. Wallace","Fragment measured",,
"967027c1-1d58-406c-856c-31c030ac7bb3","D05","CRAM","CRAM.AOS.littoral1","2020-07-09T16:18Z","2020-10-25","CRAM.20200709.PONAR.2","A00000203302",,"PSESP19","Y","Psectrocladius sp.",,"genus","Arthropoda","Hexapoda","Insecta","Pterygota","Neoptera","Holometabola","Diptera","Nematocera","Culicomorpha",,"Chironomidae","Orthocladiinae",,,"Psectrocladius","sp.",,"larva",3,,2,56,4,"N","N",,"condition OK","Y",,"Epler 2001","N","EcoAnalysts Inc.","G. Wallace",,,
"699677fc-6fb9-4aa4-b1ce-cb607d58f650","D05","CRAM","CRAM.AOS.riparian.point.05","2020-07-09T16:18Z","2020-10-26","CRAM.20200709.BENTHICSWEEP.5","A00000203297",,"PARSP34","Y","Paratanytarsus sp.",,"genus","Arthropoda","Hexapoda","Insecta","Pterygota","Neoptera","Holometabola","Diptera","Nematocera","Culicomorpha",,"Chironomidae","Chironominae","Tanytarsini",,"Paratanytarsus","sp.",,"larva",2,,2,9,22,"N","N",,"condition OK","Y",,"Epler 2001","Y","EcoAnalysts Inc.","G. Wallace",,,
"58f326e6-31dc-49ff-910b-24b85c743260","D05","CRAM","CRAM.AOS.littoral2","2020-07-09T16:18Z","2020-10-26","CRAM.20200709.PONAR.1","A00000203301",,"LARSP","Y","Larsia sp.",,"genus","Arthropoda","Hexapoda","Insecta","Pterygota","Neoptera","Holometabola","Diptera","Nematocera","Culicomorpha",,"Chironomidae","Tanypodinae","Pentaneurini",,"Larsia","sp.",,"pupa",3,,1,100,1,"N","N",,"condition OK","Y",,"Epler 2001","N","EcoAnalysts Inc.","G. Wallace",,,
"9d0e6c1b-8599-48e5-a141-e862535efb21","D05","CRAM","CRAM.AOS.riparian.point.07","2020-07-09T16:18Z","2020-10-26","CRAM.20200709.BENTHICSWEEP.7","A00000203299",,"PSESP19","Y","Psectrocladius sp.",,"genus","Arthropoda","Hexapoda","Insecta","Pterygota","Neoptera","Holometabola","Diptera","Nematocera","Culicomorpha",,"Chironomidae","Orthocladiinae",,,"Psectrocladius","sp.",,"larva",3,,1,18,6,"N","N",,"condition OK","Y",,"Epler 2001","N","EcoAnalysts Inc.","G. Wallace",,,
"9cda59a2-a7f8-4733-9a42-785f094cf970","D05","CRAM","CRAM.AOS.riparian.point.01","2020-07-09T16:18Z","2020-10-26","CRAM.20200709.BENTHICSWEEP.1","A00000203293",,"LEPSP7","Y","Leptoceridae sp.",,"family","Arthropoda","Hexapoda","Insecta","Pterygota","Neoptera","Holometabola","Trichoptera",,,"Leptoceroidea","Leptoceridae",,,,,"sp.",,"larva",1,,4,36,11,"Y","N",,"condition OK","N",,"Wiggins 1996","N","EcoAnalysts Inc.","A. Navesky",,,
"2ea8ea97-30bc-4a96-adf6-8d066cb6b5e4","D05","CRAM","CRAM.AOS.riparian.point.05","2020-07-09T16:18Z","2020-10-26","CRAM.20200709.BENTHICSWEEP.5","A00000203297",,"DICSP7","Y","Dicrotendipes sp.",,"genus","Arthropoda","Hexapoda","Insecta","Pterygota","Neoptera","Holometabola","Diptera","Nematocera","Culicomorpha",,"Chironomidae","Chironominae","Chironomini",,"Dicrotendipes","sp.",,"larva",4,,3,9,33,"Y","Y",,"condition OK","Y",,"Epler 1987 1988 2001","Y","EcoAnalysts Inc.","G. Wallace",,,
"fbe5faed-54af-4580-aaaf-38d911ceb378","D05","CRAM","CRAM.AOS.riparian.point.03","2020-07-09T16:18Z","2020-10-26","CRAM.20200709.BENTHICSWEEP.3","A00000203295",,"CRISP2","Y","Cricotopus sp.",,"genus","Arthropoda","Hexapoda","Insecta","Pterygota","Neoptera","Holometabola","Diptera","Nematocera","Culicomorpha",,"Chironomidae","Orthocladiinae",,,"Cricotopus","sp.",,"larva",1,,1,98,1,"N","N",,"condition OK","Y",,"Epler 2001","N","EcoAnalysts Inc.","G. Wallace",,,
"3d101fa0-e8f1-4cb8-a0d7-b3b14c636ffa","D05","CRAM","CRAM.AOS.littoral1","2020-07-09T16:18Z","2020-10-25","CRAM.20200709.PONAR.2","A00000203302",,"NILSP1","Y","Nilothauma sp.",,"genus","Arthropoda","Hexapoda","Insecta","Pterygota","Neoptera","Holometabola","Diptera","Nematocera","Culicomorpha",,"Chironomidae","Chironominae","Chironomini",,"Nilothauma","sp.",,"larva",3,,1,56,2,"N","N",,"condition OK","Y",,"Epler 2001","N","EcoAnalysts Inc.","G. Wallace",,,
"3bcfb61d-e07e-419d-bd8d-5d9b5a312c81","D05","CRAM","CRAM.AOS.littoral1","2020-07-09T16:18Z","2020-10-25","CRAM.20200709.PONAR.2","A00000203302",,"STESP10","Y","Stempellinella sp.",,"genus","Arthropoda","Hexapoda","Insecta","Pterygota","Neoptera","Holometabola","Diptera","Nematocera","Culicomorpha",,"Chironomidae","Chironominae","Tanytarsini",,"Stempellinella","sp.",,"larva",1,,9,56,16,"N","N",,"condition OK","Y",,"Epler 2001","N","EcoAnalysts Inc.","G. Wallace",,,
"f7501a88-c384-477c-b3d6-ddb55a26505a","D05","CRAM","CRAM.AOS.riparian.point.05","2020-07-09T16:18Z","2020-10-26","CRAM.20200709.BENTHICSWEEP.5","A00000203297",,"ABLSP","Y","Ablabesmyia sp.",,"genus","Arthropoda","Hexapoda","Insecta","Pterygota","Neoptera","Holometabola","Diptera","Nematocera","Culicomorpha",,"Chironomidae","Tanypodinae","Pentaneurini",,"Ablabesmyia","sp.",,"larva",3,,5,9,54,"Y","N",,"condition OK","Y",,"Roback 1985; Epler 2001","Y","EcoAnalysts Inc.","G. Wallace",,,
"b64d4d7f-89bc-4e88-83fc-1873eed5f671","D05","CRAM","CRAM.AOS.riparian.point.03","2020-07-09T16:18Z","2020-10-26","CRAM.20200709.BENTHICSWEEP.3","A00000203295",,"POLSOR","Y","Polypedilum sordens",,"species","Arthropoda","Hexapoda","Insecta","Pterygota","Neoptera","Holometabola","Diptera","Nematocera","Culicomorpha",,"Chironomidae","Chironominae","Chironomini",,"Polypedilum","sordens",,"larva",6,,1,98,1,"N","N",,"condition OK","Y",,"Maschwitz and Cook 2000","N","EcoAnalysts Inc.","G. Wallace",,,
"482f7e95-799c-44f2-bd20-a3fd6f789da2","D05","CRAM","CRAM.AOS.riparian.point.07","2020-07-09T16:18Z","2020-10-26","CRAM.20200709.BENTHICSWEEP.7","A00000203299",,"POLILL","Y","Polypedilum illinoense gr.",,"speciesGroup","Arthropoda","Hexapoda","Insecta","Pterygota","Neoptera","Holometabola","Diptera","Nematocera","Culicomorpha",,"Chironomidae","Chironominae","Chironomini",,"Polypedilum","illinoense gr.",,"larva",1,,1,18,6,"N","N",,"condition OK","Y",,"Epler 2001 and Maschwitz and Cook 2000","N","EcoAnalysts Inc.","G. Wallace",,,
"065711a7-250e-4d36-a916-4ab35ae09966","D05","CRAM","CRAM.AOS.littoral2","2020-07-09T16:18Z","2020-10-26","CRAM.20200709.PONAR.1","A00000203301",,"NEMSP","Y","Nematoda sp.",,"phylum","Nematoda",,,,,,,,,,,,,,,"sp.",,"none",4,,3,100,3,"N","Y",,"condition OK","Y",,"Thorp and Covich 2001","N","EcoAnalysts Inc.","A. Navesky",,,
"da7816ab-9915-418b-b8d9-5fca3cede926","D05","CRAM","CRAM.AOS.riparian.point.07","2020-07-09T16:18Z","2020-10-26","CRAM.20200709.BENTHICSWEEP.7","A00000203299",,"CERSP10","Y","Ceratopogoninae sp.",,"subfamily","Arthropoda","Hexapoda","Insecta","Pterygota","Neoptera","Holometabola","Diptera","Nematocera","Culicomorpha",,"Ceratopogonidae","Ceratopogoninae",,,,"sp.",,"larva",6,,1,18,6,"N","Y",,"condition OK","Y",,"Merritt and Cummins 2008","N","EcoAnalysts Inc.","A. Navesky",,,
"d5566fa5-53f9-4d45-8623-bb0e93e56db8","D05","CRAM","CRAM.AOS.riparian.point.05","2020-07-09T16:18Z","2020-10-26","CRAM.20200709.BENTHICSWEEP.5","A00000203297",,"TANSP11","Y","Tanytarsus sp.",,"genus","Arthropoda","Hexapoda","Insecta","Pterygota","Neoptera","Holometabola","Diptera","Nematocera","Culicomorpha",,"Chironomidae","Chironominae","Tanytarsini",,"Tanytarsus","sp.",,"larva",2,"2b",1,9,11,"N","N",,"condition OK","Y",,"Epler 2001","Y","EcoAnalysts Inc.","G. Wallace","Fragment measured",,
"ca23329e-a862-4592-9d48-454ff25d646a","D05","CRAM","CRAM.AOS.littoral1","2020-07-09T16:18Z","2020-10-25","CRAM.20200709.PONAR.2","A00000203302",,"NEMSP","Y","Nematoda sp.",,"phylum","Nematoda",,,,,,,,,,,,,,,"sp.",,"none",10,,1,56,2,"N","Y",,"condition OK","Y",,"Thorp and Covich 2001","N","EcoAnalysts Inc.","A. Navesky",,,
"4d2b99c1-baa4-41e4-b654-fe764cda7873","D05","CRAM","CRAM.AOS.riparian.point.05","2020-07-09T16:18Z","2020-10-26","CRAM.20200709.BENTHICSWEEP.5","A00000203297",,"LEPSP7","Y","Leptoceridae sp.",,"family","Arthropoda","Hexapoda","Insecta","Pterygota","Neoptera","Holometabola","Trichoptera",,,"Leptoceroidea","Leptoceridae",,,,,"sp.",,"larva",1,,1,9,11,"Y","N",,"condition OK","Y",,"Wiggins 1996","Y","EcoAnalysts Inc.","A. Navesky",,,
"eb962d09-30b1-4150-8f9e-123380568a3b","D05","CRAM","CRAM.AOS.littoral1","2020-07-09T16:18Z","2020-10-25","CRAM.20200709.PONAR.2","A00000203302",,"ARRSP2","Y","Arrenurus sp.",,"genus","Arthropoda","Chelicerata","Arachnida","Acari",,"Acariformes","Trombidiformes","Prostigmata",,"Arrenuroidea","Arrenuridae",,,,"Arrenurus","sp.",,"none",1,,1,56,2,"N","N",,"condition OK","Y",,"Thorp and Covich 2001","N","EcoAnalysts Inc.","A. Navesky",,,
"a8849def-4c82-4502-8eae-4bd743cfd804","D05","CRAM","CRAM.AOS.riparian.point.01","2020-07-09T16:18Z","2020-10-26","CRAM.20200709.BENTHICSWEEP.1","A00000203293",,"OECSP","Y","Oecetis sp.",,"genus","Arthropoda","Hexapoda","Insecta","Pterygota","Neoptera","Holometabola","Trichoptera",,,"Leptoceroidea","Leptoceridae","Leptocerinae","Oecetini",,"Oecetis","sp.",,"larva",1,,1,36,3,"Y","N",,"condition OK","Y",,"Wiggins 1996","N","EcoAnalysts Inc.","A. Navesky",,,
"58811f8d-5646-483d-98b5-b94a12c5ec6d","D05","CRAM","CRAM.AOS.riparian.point.01","2020-07-09T16:18Z","2020-10-26","CRAM.20200709.BENTHICSWEEP.1","A00000203293",,"ABLSP","Y","Ablabesmyia sp.","Ablabesmyia (Karelia)","genus","Arthropoda","Hexapoda","Insecta","Pterygota","Neoptera","Holometabola","Diptera","Nematocera","Culicomorpha",,"Chironomidae","Tanypodinae","Pentaneurini",,"Ablabesmyia","sp.",,"larva",4,,1,36,3,"N","N",,"condition OK","Y",,"Epler 2001","N","EcoAnalysts Inc.","G. Wallace",,,
"a682fe72-c07d-461e-919a-c84d93fff630","D05","CRAM","CRAM.AOS.buoy.c0","2020-07-09T16:18Z","2020-10-25","CRAM.20200709.PONAR.3","A00000203303",,"CHASP4","Y","Chaoboridae sp.",,"family","Arthropoda","Hexapoda","Insecta","Pterygota","Neoptera","Holometabola","Diptera","Nematocera","Culicomorpha",,"Chaoboridae",,,,,"sp.",,"pupa",6,,1,100,1,"N","Y",,"condition OK","N",,"Merritt and Cummins 2008","N","EcoAnalysts Inc.","A. Navesky",,,
"07c01265-5e51-408c-91ac-a25af147f8a2","D05","CRAM","CRAM.AOS.riparian.point.01","2020-07-09T16:18Z","2020-10-26","CRAM.20200709.BENTHICSWEEP.1","A00000203293",,"TANSP11","Y","Tanytarsus sp.",,"genus","Arthropoda","Hexapoda","Insecta","Pterygota","Neoptera","Holometabola","Diptera","Nematocera","Culicomorpha",,"Chironomidae","Chironominae","Tanytarsini",,"Tanytarsus","sp.",,"larva",5,,1,36,3,"N","N",,"condition OK","Y",,"Epler 2001","N","EcoAnalysts Inc.","G. Wallace",,,
"22ef6e57-1c68-4566-9a94-6eba7ea0f631","D05","CRAM","CRAM.AOS.riparian.point.03","2020-07-09T16:18Z","2020-10-26","CRAM.20200709.BENTHICSWEEP.3","A00000203295",,"NEMSP","Y","Nematoda sp.",,"phylum","Nematoda",,,,,,,,,,,,,,,"sp.",,"none",1,,16,98,16,"N","Y",,"condition OK","Y",,"Thorp and Covich 2001","N","EcoAnalysts Inc.","A. Navesky",,,
"3559358f-314a-4556-b19f-c1003cd13181","D05","CRAM","CRAM.AOS.riparian.point.09","2020-07-09T16:18Z","2020-10-26","CRAM.20200709.BENTHICSWEEP.9","A00000203300",,"ENDSP","Y","Endochironomus sp.",,"genus","Arthropoda","Hexapoda","Insecta","Pterygota","Neoptera","Holometabola","Diptera","Nematocera","Culicomorpha",,"Chironomidae","Chironominae","Chironomini",,"Endochironomus","sp.",,"larva",2,,1,8,12,"N","N",,"condition OK","Y",,"Epler 2001","N","EcoAnalysts Inc.","G. Wallace",,,
"172a86d4-4014-443f-8e87-ff53d2873062","D05","CRAM","CRAM.AOS.riparian.point.05","2020-07-09T16:18Z","2020-10-26","CRAM.20200709.BENTHICSWEEP.5","A00000203297",,"NEMSP","Y","Nematoda sp.",,"phylum","Nematoda",,,,,,,,,,,,,,,"sp.",,"none",1,,11,9,120,"N","Y",,"condition OK","Y",,"Thorp and Covich 2001","Y","EcoAnalysts Inc.","A. Navesky",,,
"ab5a9076-956e-4fed-aa08-30c0b6e85001","D05","CRAM","CRAM.AOS.riparian.point.03","2020-07-09T16:18Z","2020-10-26","CRAM.20200709.BENTHICSWEEP.3","A00000203295",,"PSESP18","Y","Pseudochironomus sp.",,"genus","Arthropoda","Hexapoda","Insecta","Pterygota","Neoptera","Holometabola","Diptera","Nematocera","Culicomorpha",,"Chironomidae","Chironominae","Pseudochironomini",,"Pseudochironomus","sp.",,"larva",3,,1,98,1,"N","N",,"condition OK","Y",,"Epler 2001","N","EcoAnalysts Inc.","G. Wallace","1 small",,
"6ead4cd2-22b1-4022-915e-8326c091f789","D05","CRAM","CRAM.AOS.riparian.point.07","2020-07-09T16:18Z","2020-10-26","CRAM.20200709.BENTHICSWEEP.7","A00000203299",,"EPHSP","Y","Ephemeroptera sp.",,"order","Arthropoda","Hexapoda","Insecta","Pterygota","Palaeoptera",,"Ephemeroptera",,,,,,,,,"sp.",,"larva",1,,7,18,40,"Y","N",,"condition OK","Y",,"Merritt and Cummins 2008","N","EcoAnalysts Inc.","A. Navesky",,,
"ae44d9a2-ff89-4066-877d-a4ef3de6e746","D05","CRAM","CRAM.AOS.riparian.point.07","2020-07-09T16:18Z","2020-10-26","CRAM.20200709.BENTHICSWEEP.7","A00000203299",,"ABLASP","Y","Ablabesmyia aspera",,"species","Arthropoda","Hexapoda","Insecta","Pterygota","Neoptera","Holometabola","Diptera","Nematocera","Culicomorpha",,"Chironomidae","Tanypodinae","Pentaneurini",,"Ablabesmyia","aspera",,"larva",2,,1,18,6,"N","N",,"condition OK","Y",,"Roback 1985; Epler 2001","N","EcoAnalysts Inc.","G. Wallace","Fragment measured",,
"85701fbd-ea6a-4751-97d0-cffb8847ad0f","D05","CRAM","CRAM.AOS.riparian.point.07","2020-07-09T16:18Z","2020-10-26","CRAM.20200709.BENTHICSWEEP.7","A00000203299",,"DICSP7","Y","Dicrotendipes sp.",,"genus","Arthropoda","Hexapoda","Insecta","Pterygota","Neoptera","Holometabola","Diptera","Nematocera","Culicomorpha",,"Chironomidae","Chironominae","Chironomini",,"Dicrotendipes","sp.",,"larva",1,,2,18,11,"Y","Y",,"condition OK","Y",,"Epler 1987 1988 2001","N","EcoAnalysts Inc.","G. Wallace","Fragment measured",,
"74aa5ca5-588e-4249-9082-8f56c4d20254","D05","CRAM","CRAM.AOS.littoral2","2020-07-09T16:18Z","2020-10-26","CRAM.20200709.PONAR.1","A00000203301",,"POLSP5","Y","Polycentropodidae sp.",,"family","Arthropoda","Hexapoda","Insecta","Pterygota","Neoptera","Holometabola","Trichoptera",,,"Hydropsychoidea","Polycentropodidae",,,,,"sp.",,"larva",2,,1,100,1,"Y","N",,"condition OK","Y",,"Wiggins 1996","N","EcoAnalysts Inc.","A. Navesky",,,
"9aaec4b2-6676-4a80-a2e6-3147d1d0f478","D05","CRAM","CRAM.AOS.riparian.point.05","2020-07-09T16:18Z","2020-10-26","CRAM.20200709.BENTHICSWEEP.5","A00000203297",,"TANSP11","Y","Tanytarsus sp.",,"genus","Arthropoda","Hexapoda","Insecta","Pterygota","Neoptera","Holometabola","Diptera","Nematocera","Culicomorpha",,"Chironomidae","Chironominae","Tanytarsini",,"Tanytarsus","sp.",,"larva",1,"1a",12,9,131,"N","N",,"condition OK","Y",,"Epler 2001","Y","EcoAnalysts Inc.","G. Wallace",,,
"2724ad45-9584-444f-a90f-6374e8f23d99","D05","CRAM","CRAM.AOS.riparian.point.03","2020-07-09T16:18Z","2020-10-26","CRAM.20200709.BENTHICSWEEP.3","A00000203295",,"GLYSP3","Y","Glyptotendipes sp.",,"genus","Arthropoda","Hexapoda","Insecta","Pterygota","Neoptera","Holometabola","Diptera","Nematocera","Culicomorpha",,"Chironomidae","Chironominae","Chironomini",,"Glyptotendipes","sp.",,"larva",1,"1b",2,98,2,"N","N",,"condition OK","Y",,"Epler 2001","N","EcoAnalysts Inc.","G. Wallace","Fragment measured",,
"21f0a2b3-58c0-4c0c-9f8d-5f262d2f075e","D05","CRAM","CRAM.AOS.littoral2","2020-07-09T16:18Z","2020-10-26","CRAM.20200709.PONAR.1","A00000203301",,"NEMSP","Y","Nematoda sp.",,"phylum","Nematoda",,,,,,,,,,,,,,,"sp.",,"none",25,,1,100,1,"N","Y",,"condition OK","Y",,"Thorp and Covich 2001","N","EcoAnalysts Inc.","A. Navesky",,,
"c848aa48-bc32-4fc6-aa94-6ec8f062297c","D05","CRAM","CRAM.AOS.littoral2","2020-07-09T16:18Z","2020-10-26","CRAM.20200709.PONAR.1","A00000203301",,"POLSOR","Y","Polypedilum sordens",,"species","Arthropoda","Hexapoda","Insecta","Pterygota","Neoptera","Holometabola","Diptera","Nematocera","Culicomorpha",,"Chironomidae","Chironominae","Chironomini",,"Polypedilum","sordens",,"larva",4,,1,100,1,"N","N",,"condition OK","Y",,"Maschwitz and Cook 2000","N","EcoAnalysts Inc.","G. Wallace",,,
"533bf27e-8bc9-454a-8c81-006d2499f98d","D05","CRAM","CRAM.AOS.riparian.point.03","2020-07-09T16:18Z","2020-10-26","CRAM.20200709.BENTHICSWEEP.3","A00000203295",,"GOMSP","Y","Gomphidae sp.",,"family","Arthropoda","Hexapoda","Insecta","Pterygota","Palaeoptera",,"Odonata","Anisoptera",,,"Gomphidae",,,,,"sp.",,"larva",1,,1,98,1,"Y","N",,"condition OK","Y",,"Needham Westfall and May 2000","N","EcoAnalysts Inc.","A. Navesky",,,
"602e6e29-6eb9-41ce-8ef7-b10ce445d424","D05","CRAM","CRAM.AOS.riparian.point.09","2020-07-09T16:18Z","2020-10-26","CRAM.20200709.BENTHICSWEEP.9","A00000203300",,"CERSP10","Y","Ceratopogoninae sp.",,"subfamily","Arthropoda","Hexapoda","Insecta","Pterygota","Neoptera","Holometabola","Diptera","Nematocera","Culicomorpha",,"Ceratopogonidae","Ceratopogoninae",,,,"sp.",,"larva",11,,1,8,12,"N","Y",,"condition OK","Y",,"Merritt and Cummins 2008","N","EcoAnalysts Inc.","A. Navesky",,,
"037b1ca7-8bd2-4a9e-9bbb-adab16d16b68","D05","CRAM","CRAM.AOS.riparian.point.09","2020-07-09T16:18Z","2020-10-26","CRAM.20200709.BENTHICSWEEP.9","A00000203300",,"ABLSP","Y","Ablabesmyia sp.",,"genus","Arthropoda","Hexapoda","Insecta","Pterygota","Neoptera","Holometabola","Diptera","Nematocera","Culicomorpha",,"Chironomidae","Tanypodinae","Pentaneurini",,"Ablabesmyia","sp.",,"larva",1,"1a",9,8,111,"Y","Y",,"condition OK","Y",,"Roback 1985; Epler 2001","N","EcoAnalysts Inc.","G. Wallace","larger 1 has 3-segmented palps others immature",,
"1d0e2ac1-fd60-4087-9de8-0035aa15a2d3","D05","CRAM","CRAM.AOS.littoral2","2020-07-09T16:18Z","2020-10-26","CRAM.20200709.PONAR.1","A00000203301",,"PAGSP5","Y","Pagastiella sp.",,"genus","Arthropoda","Hexapoda","Insecta","Pterygota","Neoptera","Holometabola","Diptera","Nematocera","Culicomorpha",,"Chironomidae","Chironominae","Chironomini",,"Pagastiella","sp.",,"larva",3,,12,100,12,"N","N",,"condition OK","Y",,"Epler 2001","N","EcoAnalysts Inc.","G. Wallace",,,
"fb610208-d664-4501-8782-d6306618c3bf","D05","CRAM","CRAM.AOS.riparian.point.07","2020-07-09T16:18Z","2020-10-26","CRAM.20200709.BENTHICSWEEP.7","A00000203299",,"ABLASP","Y","Ablabesmyia aspera",,"species","Arthropoda","Hexapoda","Insecta","Pterygota","Neoptera","Holometabola","Diptera","Nematocera","Culicomorpha",,"Chironomidae","Tanypodinae","Pentaneurini",,"Ablabesmyia","aspera",,"larva",4,,1,18,6,"N","N",,"condition OK","Y",,"Roback 1985; Epler 2001","N","EcoAnalysts Inc.","G. Wallace",,,
"b655f824-1e6f-4803-8df4-886111bbda8c","D05","CRAM","CRAM.AOS.riparian.point.09","2020-07-09T16:18Z","2020-10-26","CRAM.20200709.BENTHICSWEEP.9","A00000203300",,"POLSOR","Y","Polypedilum sordens",,"species","Arthropoda","Hexapoda","Insecta","Pterygota","Neoptera","Holometabola","Diptera","Nematocera","Culicomorpha",,"Chironomidae","Chironominae","Chironomini",,"Polypedilum","sordens",,"larva",2,,1,8,12,"N","N",,"condition OK","Y",,"Maschwitz and Cook 2000","N","EcoAnalysts Inc.","G. Wallace",,,
"86da8d03-3d82-4c99-a4b3-cb502bb978ee","D05","CRAM","CRAM.AOS.riparian.point.07","2020-07-09T16:18Z","2020-10-26","CRAM.20200709.BENTHICSWEEP.7","A00000203299",,"CERSP10","Y","Ceratopogoninae sp.",,"subfamily","Arthropoda","Hexapoda","Insecta","Pterygota","Neoptera","Holometabola","Diptera","Nematocera","Culicomorpha",,"Ceratopogonidae","Ceratopogoninae",,,,"sp.",,"larva",7,,1,18,6,"N","Y",,"condition OK","Y",,"Merritt and Cummins 2008","N","EcoAnalysts Inc.","A. Navesky",,,
"0f3ddd62-20fa-4bb9-bdd3-cb9f594a457e","D05","CRAM","CRAM.AOS.riparian.point.07","2020-07-09T16:18Z","2020-10-26","CRAM.20200709.BENTHICSWEEP.7","A00000203299",,"PARSP34","Y","Paratanytarsus sp.",,"genus","Arthropoda","Hexapoda","Insecta","Pterygota","Neoptera","Holometabola","Diptera","Nematocera","Culicomorpha",,"Chironomidae","Chironominae","Tanytarsini",,"Paratanytarsus","sp.",,"larva",2,,4,18,23,"N","N",,"condition OK","Y",,"Epler 2001","N","EcoAnalysts Inc.","G. Wallace",,,
"1f7bfde2-38e7-41b5-9bfe-5c5792fe269c","D05","CRAM","CRAM.AOS.riparian.point.03","2020-07-09T16:18Z","2020-10-26","CRAM.20200709.BENTHICSWEEP.3","A00000203295",,"POLSOR","Y","Polypedilum sordens",,"species","Arthropoda","Hexapoda","Insecta","Pterygota","Neoptera","Holometabola","Diptera","Nematocera","Culicomorpha",,"Chironomidae","Chironominae","Chironomini",,"Polypedilum","sordens",,"larva",4,,2,98,2,"N","N",,"condition OK","Y",,"Maschwitz and Cook 2000","N","EcoAnalysts Inc.","G. Wallace",,,
"7c7e9783-2dd4-49b4-abe3-d1e978d357e7","D05","CRAM","CRAM.AOS.littoral1","2020-07-09T16:18Z","2020-10-25","CRAM.20200709.PONAR.2","A00000203302",,"PAGSP5","Y","Pagastiella sp.",,"genus","Arthropoda","Hexapoda","Insecta","Pterygota","Neoptera","Holometabola","Diptera","Nematocera","Culicomorpha",,"Chironomidae","Chironominae","Chironomini",,"Pagastiella","sp.",,"larva",1,"1b",9,56,16,"N","N",,"condition OK","Y",,"Epler 2001","N","EcoAnalysts Inc.","G. Wallace",,,
"aabcda1c-ed57-4e43-b6f5-c5a63ddf3856","D05","CRAM","CRAM.AOS.riparian.point.09","2020-07-09T16:18Z","2020-10-26","CRAM.20200709.BENTHICSWEEP.9","A00000203300",,"LABSP","Y","Labrundinia sp.",,"genus","Arthropoda","Hexapoda","Insecta","Pterygota","Neoptera","Holometabola","Diptera","Nematocera","Culicomorpha",,"Chironomidae","Tanypodinae","Pentaneurini",,"Labrundinia","sp.",,"larva",1,"1b",1,8,12,"N","N",,"condition OK","Y",,"Epler 2001","N","EcoAnalysts Inc.","G. Wallace",,,
"91be7d32-4505-40bc-9189-ffa5ba0a11f2","D05","CRAM","CRAM.AOS.littoral1","2020-07-09T16:18Z","2020-10-25","CRAM.20200709.PONAR.2","A00000203302",,"CLASP6","Y","Cladotanytarsus sp.",,"genus","Arthropoda","Hexapoda","Insecta","Pterygota","Neoptera","Holometabola","Diptera","Nematocera","Culicomorpha",,"Chironomidae","Chironominae","Tanytarsini",,"Cladotanytarsus","sp.",,"larva",4,,1,56,2,"N","N",,"condition OK","Y",,"Epler 2001","N","EcoAnalysts Inc.","G. Wallace",,,
"6054d627-b82b-498d-8607-6e580a04fdb1","D05","CRAM","CRAM.AOS.littoral2","2020-07-09T16:18Z","2020-10-26","CRAM.20200709.PONAR.1","A00000203301",,"PSESP19","Y","Psectrocladius sp.",,"genus","Arthropoda","Hexapoda","Insecta","Pterygota","Neoptera","Holometabola","Diptera","Nematocera","Culicomorpha",,"Chironomidae","Orthocladiinae",,,"Psectrocladius","sp.",,"larva",4,,3,100,3,"N","N",,"condition OK","Y",,"Epler 2001","N","EcoAnalysts Inc.","G. Wallace","5 very small",,
"f4b36dbc-9761-4974-bcb0-f0723cca1609","D05","CRAM","CRAM.AOS.riparian.point.05","2020-07-09T16:18Z","2020-10-26","CRAM.20200709.BENTHICSWEEP.5","A00000203297",,"CHISP6","Y","Chironomini sp.",,"tribe","Arthropoda","Hexapoda","Insecta","Pterygota","Neoptera","Holometabola","Diptera","Nematocera","Culicomorpha",,"Chironomidae","Chironominae","Chironomini",,,"sp.",,"larva",1,,32,9,349,"Y","N",,"condition OK","N",,"Epler 2001","Y","EcoAnalysts Inc.","G. Wallace",,,
"435c39b5-72bc-460a-a406-0aebd47dfb28","D05","CRAM","CRAM.AOS.riparian.point.09","2020-07-09T16:18Z","2020-10-26","CRAM.20200709.BENTHICSWEEP.9","A00000203300",,"ABLSP","Y","Ablabesmyia sp.",,"genus","Arthropoda","Hexapoda","Insecta","Pterygota","Neoptera","Holometabola","Diptera","Nematocera","Culicomorpha",,"Chironomidae","Tanypodinae","Pentaneurini",,"Ablabesmyia","sp.",,"larva",2,"2b",7,8,86,"Y","Y",,"condition OK","Y",,"Roback 1985; Epler 2001","N","EcoAnalysts Inc.","G. Wallace","larger 1 has 3-segmented palps others immature",,
"a1ef70a8-510f-485e-bf90-b7eea99eb864","D05","CRAM","CRAM.AOS.riparian.point.01","2020-07-09T16:18Z","2020-10-26","CRAM.20200709.BENTHICSWEEP.1","A00000203293",,"LAUAGR","Y","Lauterborniella agrayloides",,"species","Arthropoda","Hexapoda","Insecta","Pterygota","Neoptera","Holometabola","Diptera","Nematocera","Culicomorpha",,"Chironomidae","Chironominae","Chironomini",,"Lauterborniella","agrayloides",,"larva",2,,4,36,11,"N","N",,"condition OK","Y",,"Epler 2001","N","EcoAnalysts Inc.","G. Wallace",,,
"4a2aa305-2bb4-48e4-979e-7ce80d396a39","D05","CRAM","CRAM.AOS.riparian.point.01","2020-07-09T16:18Z","2020-10-26","CRAM.20200709.BENTHICSWEEP.1","A00000203293",,"TANSP11","Y","Tanytarsus sp.",,"genus","Arthropoda","Hexapoda","Insecta","Pterygota","Neoptera","Holometabola","Diptera","Nematocera","Culicomorpha",,"Chironomidae","Chironominae","Tanytarsini",,"Tanytarsus","sp.",,"larva",2,,4,36,11,"N","N",,"condition OK","Y",,"Epler 2001","N","EcoAnalysts Inc.","G. Wallace",,,
"1edc1a85-eabb-4d62-b003-3df54c8b4d6f","D05","CRAM","CRAM.AOS.riparian.point.05","2020-07-09T16:18Z","2020-10-26","CRAM.20200709.BENTHICSWEEP.5","A00000203297",,"NANSP1","Y","Nanocladius sp.",,"genus","Arthropoda","Hexapoda","Insecta","Pterygota","Neoptera","Holometabola","Diptera","Nematocera","Culicomorpha",,"Chironomidae","Orthocladiinae",,,"Nanocladius","sp.",,"larva",2,,1,9,11,"N","N",,"condition OK","Y",,"Epler 2001","Y","EcoAnalysts Inc.","G. Wallace",,,
"a66c70bb-e7ff-404b-8c79-4910e7dd3fab","D05","CRAM","CRAM.AOS.littoral2","2020-07-09T16:18Z","2020-10-26","CRAM.20200709.PONAR.1","A00000203301",,"CERSP10","Y","Ceratopogoninae sp.",,"subfamily","Arthropoda","Hexapoda","Insecta","Pterygota","Neoptera","Holometabola","Diptera","Nematocera","Culicomorpha",,"Ceratopogonidae","Ceratopogoninae",,,,"sp.",,"larva",8,,1,100,1,"N","Y",,"condition OK","Y",,"Merritt and Cummins 2008","N","EcoAnalysts Inc.","A. Navesky",,,
"1dd834ac-dea2-4381-ac35-1e58889a1bc5","D05","CRAM","CRAM.AOS.littoral1","2020-07-09T16:18Z","2020-10-25","CRAM.20200709.PONAR.2","A00000203302",,"TANSP11","Y","Tanytarsus sp.",,"genus","Arthropoda","Hexapoda","Insecta","Pterygota","Neoptera","Holometabola","Diptera","Nematocera","Culicomorpha",,"Chironomidae","Chironominae","Tanytarsini",,"Tanytarsus","sp.",,"larva",2,"2b",1,56,2,"N","N",,"condition OK","Y",,"Epler 2001","N","EcoAnalysts Inc.","G. Wallace","Fragment measured",,
"683bdf42-517e-4398-8f9a-879e5eb54ffb","D05","CRAM","CRAM.AOS.riparian.point.09","2020-07-09T16:18Z","2020-10-26","CRAM.20200709.BENTHICSWEEP.9","A00000203300","CRAM.20200709.BENTHICSWEEP.9_OLIGOCHAETE_1/1","VEJCOM","Y","Vejdovskyella comata",,"species","Annelida","Clitellata","Oligochaeta","Oligochaeta",,,"Tubificida",,,,"Naididae","Naidinae",,,"Vejdovskyella","comata",,"none",2,,6,8,74,"N","N",,"condition OK","Y",,"Kathman and Brinkhurst 1998","N","EcoAnalysts Inc.","G. Wallace","Fragment measured",,
"0e6040fa-83a1-408c-b1f7-c2c721086402","D05","CRAM","CRAM.AOS.riparian.point.03","2020-07-09T16:18Z","2020-10-26","CRAM.20200709.BENTHICSWEEP.3","A00000203295",,"GLYSP3","Y","Glyptotendipes sp.",,"genus","Arthropoda","Hexapoda","Insecta","Pterygota","Neoptera","Holometabola","Diptera","Nematocera","Culicomorpha",,"Chironomidae","Chironominae","Chironomini",,"Glyptotendipes","sp.",,"larva",2,,3,98,3,"N","N",,"condition OK","Y",,"Epler 2001","N","EcoAnalysts Inc.","G. Wallace",,,
"fcd0e6c2-5795-449a-9187-b887e9042127","D05","CRAM","CRAM.AOS.riparian.point.07","2020-07-09T16:18Z","2020-10-26","CRAM.20200709.BENTHICSWEEP.7","A00000203299",,"CERSP10","Y","Ceratopogoninae sp.",,"subfamily","Arthropoda","Hexapoda","Insecta","Pterygota","Neoptera","Holometabola","Diptera","Nematocera","Culicomorpha",,"Ceratopogonidae","Ceratopogoninae",,,,"sp.",,"larva",10,,1,18,6,"N","Y",,"condition OK","Y",,"Merritt and Cummins 2008","N","EcoAnalysts Inc.","A. Navesky",,,
"32bbaa79-5ef3-4ef7-ae8d-bfafe30f0613","D05","CRAM","CRAM.AOS.riparian.point.01","2020-07-09T16:18Z","2020-10-26","CRAM.20200709.BENTHICSWEEP.1","A00000203293",,"PARSP34","Y","Paratanytarsus sp.",,"genus","Arthropoda","Hexapoda","Insecta","Pterygota","Neoptera","Holometabola","Diptera","Nematocera","Culicomorpha",,"Chironomidae","Chironominae","Tanytarsini",,"Paratanytarsus","sp.",,"larva",1,"1a",29,36,82,"N","N",,"condition OK","Y",,"Epler 2001","N","EcoAnalysts Inc.","G. Wallace",,,
"228ef89e-e4de-4446-87b5-cbf451c8b590","D05","CRAM","CRAM.AOS.riparian.point.09","2020-07-09T16:18Z","2020-10-26","CRAM.20200709.BENTHICSWEEP.9","A00000203300",,"PROSP37","Y","Prostoma sp.",,"genus","Nemertea",,"Enopla",,,,"Hoplonemertea","Monostilifera",,,"Tetrastemmatidae",,,,"Prostoma","sp.",,"none",1,,1,8,12,"N","N",,"condition OK","Y",,"Pennak 1997; Thorp and Covich 2001","N","EcoAnalysts Inc.","G. Wallace","reference; #1",,
"06ab316b-13e6-493c-a2f9-71518696b763","D05","CRAM","CRAM.AOS.riparian.point.01","2020-07-09T16:18Z","2020-10-26","CRAM.20200709.BENTHICSWEEP.1","A00000203293",,"PARSP25","Y","Parakiefferiella sp.",,"genus","Arthropoda","Hexapoda","Insecta","Pterygota","Neoptera","Holometabola","Diptera","Nematocera","Culicomorpha",,"Chironomidae","Orthocladiinae",,,"Parakiefferiella","sp.",,"larva",3,,1,36,3,"N","N",,"condition OK","Y",,"Epler 2001","N","EcoAnalysts Inc.","G. Wallace",,,
"a09c2066-f124-4f5f-9999-0b083ef571a3","D05","CRAM","CRAM.AOS.riparian.point.09","2020-07-09T16:18Z","2020-10-26","CRAM.20200709.BENTHICSWEEP.9","A00000203300","CRAM.20200709.BENTHICSWEEP.9_OLIGOCHAETE_1/1","VEJCOM","Y","Vejdovskyella comata",,"species","Annelida","Clitellata","Oligochaeta","Oligochaeta",,,"Tubificida",,,,"Naididae","Naidinae",,,"Vejdovskyella","comata",,"none",1,,3,8,37,"N","N",,"condition OK","Y",,"Kathman and Brinkhurst 1998","N","EcoAnalysts Inc.","G. Wallace","Fragment measured",,
"38f53d81-4e11-40ae-b475-7262446d5c00","D05","CRAM","CRAM.AOS.littoral2","2020-07-09T16:18Z","2020-10-26","CRAM.20200709.PONAR.1","A00000203301",,"ABLSP","Y","Ablabesmyia sp.",,"genus","Arthropoda","Hexapoda","Insecta","Pterygota","Neoptera","Holometabola","Diptera","Nematocera","Culicomorpha",,"Chironomidae","Tanypodinae","Pentaneurini",,"Ablabesmyia","sp.",,"larva",5,,2,100,2,"Y","Y",,"condition OK","Y",,"Roback 1985; Epler 2001","N","EcoAnalysts Inc.","G. Wallace","Larger ones w/ 3-segmented palps",,
"7a19fd3f-57d8-4680-a3a2-496b092635fe","D05","CRAM","CRAM.AOS.riparian.point.01","2020-07-09T16:18Z","2020-10-26","CRAM.20200709.BENTHICSWEEP.1","A00000203293",,"DASSP2","Y","Dasyhelea sp.",,"genus","Arthropoda","Hexapoda","Insecta","Pterygota","Neoptera","Holometabola","Diptera","Nematocera","Culicomorpha",,"Ceratopogonidae","Dasyheleinae",,,"Dasyhelea","sp.",,"larva",3,,1,36,3,"N","N",,"condition OK","Y",,"Merritt and Cummins 2008","N","EcoAnalysts Inc.","A. Navesky",,,
"92b404dc-7649-425b-877e-e890371470ec","D05","CRAM","CRAM.AOS.riparian.point.01","2020-07-09T16:18Z","2020-10-26","CRAM.20200709.BENTHICSWEEP.1","A00000203293",,"TANSP8","Y","Tanytarsini sp.",,"tribe","Arthropoda","Hexapoda","Insecta","Pterygota","Neoptera","Holometabola","Diptera","Nematocera","Culicomorpha",,"Chironomidae","Chironominae","Tanytarsini",,,"sp.",,"larva",2,,1,36,3,"N","N",,"damaged, affecting taxonomy and measurement","N",,"Epler 2001","N","EcoAnalysts Inc.","G. Wallace","Fragment measured",,
"3a17faae-01d0-4354-85af-92d657d8f736","D05","CRAM","CRAM.AOS.riparian.point.07","2020-07-09T16:18Z","2020-10-26","CRAM.20200709.BENTHICSWEEP.7","A00000203299",,"TANSP11","Y","Tanytarsus sp.",,"genus","Arthropoda","Hexapoda","Insecta","Pterygota","Neoptera","Holometabola","Diptera","Nematocera","Culicomorpha",,"Chironomidae","Chironominae","Tanytarsini",,"Tanytarsus","sp.",,"larva",1,"1a",2,18,11,"N","N",,"condition OK","Y",,"Epler 2001","N","EcoAnalysts Inc.","G. Wallace","Fragment measured",,
"9ab0934f-1957-434b-a0a6-310a5fb5d02e","D05","CRAM","CRAM.AOS.riparian.point.05","2020-07-09T16:18Z","2020-10-26","CRAM.20200709.BENTHICSWEEP.5","A00000203297",,"POLSP13","Y","Polypedilum sp.",,"genus","Arthropoda","Hexapoda","Insecta","Pterygota","Neoptera","Holometabola","Diptera","Nematocera","Culicomorpha",,"Chironomidae","Chironominae","Chironomini",,"Polypedilum","sp.",,"larva",,,1,9,11,"Y","N",,"damaged, affecting measurement","N",,"Epler 2001 and Maschwitz and Cook 2000","Y","EcoAnalysts Inc.","G. Wallace","1not measured",,
"328e9a79-0742-4630-b1a8-7ac3898ecf24","D05","CRAM","CRAM.AOS.littoral1","2020-07-09T16:18Z","2020-10-25","CRAM.20200709.PONAR.2","A00000203302",,"STESP9","Y","Stempellina sp.",,"genus","Arthropoda","Hexapoda","Insecta","Pterygota","Neoptera","Holometabola","Diptera","Nematocera","Culicomorpha",,"Chironomidae","Chironominae","Tanytarsini",,"Stempellina","sp.",,"pupa",2,,2,56,4,"N","N",,"condition OK","Y",,"Epler 2001","N","EcoAnalysts Inc.","G. Wallace","Fragment measured",,
"8414b5bc-11b1-4e23-bfae-ad8e04877439","D05","CRAM","CRAM.AOS.littoral2","2020-07-09T16:18Z","2020-10-26","CRAM.20200709.PONAR.1","A00000203301",,"ABLSP","Y","Ablabesmyia sp.",,"genus","Arthropoda","Hexapoda","Insecta","Pterygota","Neoptera","Holometabola","Diptera","Nematocera","Culicomorpha",,"Chironomidae","Tanypodinae","Pentaneurini",,"Ablabesmyia","sp.",,"larva",8,,1,100,1,"Y","Y",,"condition OK","Y",,"Roback 1985; Epler 2001","N","EcoAnalysts Inc.","G. Wallace","Larger ones w/ 3-segmented palps",,
"46c76b8b-6b85-403f-a1e2-5317464c58ef","D05","CRAM","CRAM.AOS.riparian.point.05","2020-07-09T16:18Z","2020-10-26","CRAM.20200709.BENTHICSWEEP.5","A00000203297",,"CORSP19","Y","Corynoneura sp.",,"genus","Arthropoda","Hexapoda","Insecta","Pterygota","Neoptera","Holometabola","Diptera","Nematocera","Culicomorpha",,"Chironomidae","Orthocladiinae",,,"Corynoneura","sp.",,"larva",1,,1,9,11,"N","N",,"condition OK","Y",,"Epler 2001","Y","EcoAnalysts Inc.","G. Wallace",,,
"1fa8c1f4-fd74-46b7-a8ac-734686b4dc7e","D05","CRAM","CRAM.AOS.littoral1","2020-07-09T16:18Z","2020-10-25","CRAM.20200709.PONAR.2","A00000203302",,"STESP10","Y","Stempellinella sp.",,"genus","Arthropoda","Hexapoda","Insecta","Pterygota","Neoptera","Holometabola","Diptera","Nematocera","Culicomorpha",,"Chironomidae","Chironominae","Tanytarsini",,"Stempellinella","sp.",,"larva",3,,1,56,2,"N","N",,"condition OK","Y",,"Epler 2001","N","EcoAnalysts Inc.","G. Wallace",,,
"a436c57c-379e-4338-ae18-7cd71dced339","D05","CRAM","CRAM.AOS.riparian.point.03","2020-07-09T16:18Z","2020-10-26","CRAM.20200709.BENTHICSWEEP.3","A00000203295",,"TANSP11","Y","Tanytarsus sp.",,"genus","Arthropoda","Hexapoda","Insecta","Pterygota","Neoptera","Holometabola","Diptera","Nematocera","Culicomorpha",,"Chironomidae","Chironominae","Tanytarsini",,"Tanytarsus","sp.",,"larva",2,,5,98,5,"N","N",,"condition OK","Y",,"Epler 2001","N","EcoAnalysts Inc.","G. Wallace",,,
"67e2e6b3-69d2-45ea-9de6-1c3b85990ee0","D05","CRAM","CRAM.AOS.riparian.point.01","2020-07-09T16:18Z","2020-10-26","CRAM.20200709.BENTHICSWEEP.1","A00000203293",,"ABLSP","Y","Ablabesmyia sp.","Ablabesmyia (Karelia)","genus","Arthropoda","Hexapoda","Insecta","Pterygota","Neoptera","Holometabola","Diptera","Nematocera","Culicomorpha",,"Chironomidae","Tanypodinae","Pentaneurini",,"Ablabesmyia","sp.",,"larva",5,,2,36,6,"N","N",,"condition OK","Y",,"Epler 2001","N","EcoAnalysts Inc.","G. Wallace",,,
"2c3210b0-6557-4c09-a8f7-9070b72497b7","D05","CRAM","CRAM.AOS.riparian.point.03","2020-07-09T16:18Z","2020-10-26","CRAM.20200709.BENTHICSWEEP.3","A00000203295",,"CHISP6","Y","Chironomini sp.",,"tribe","Arthropoda","Hexapoda","Insecta","Pterygota","Neoptera","Holometabola","Diptera","Nematocera","Culicomorpha",,"Chironomidae","Chironominae","Chironomini",,,"sp.",,"larva",1,,5,98,5,"Y","N",,"condition OK","N",,"Epler 2001","N","EcoAnalysts Inc.","G. Wallace",,,
"f442ea02-8083-41e1-8db4-f0df89d75b91","D05","CRAM","CRAM.AOS.littoral2","2020-07-09T16:18Z","2020-10-26","CRAM.20200709.PONAR.1","A00000203301",,"LAUAGR","Y","Lauterborniella agrayloides",,"species","Arthropoda","Hexapoda","Insecta","Pterygota","Neoptera","Holometabola","Diptera","Nematocera","Culicomorpha",,"Chironomidae","Chironominae","Chironomini",,"Lauterborniella","agrayloides",,"larva",2,"2a",1,100,1,"N","N",,"condition OK","Y",,"Epler 2001","N","EcoAnalysts Inc.","G. Wallace","Fragment measured",,
"9e82a733-a435-489e-9055-b07ff4457301","D05","CRAM","CRAM.AOS.littoral2","2020-07-09T16:18Z","2020-10-26","CRAM.20200709.PONAR.1","A00000203301",,"NEMSP","Y","Nematoda sp.",,"phylum","Nematoda",,,,,,,,,,,,,,,"sp.",,"none",9,,1,100,1,"N","Y",,"condition OK","Y",,"Thorp and Covich 2001","N","EcoAnalysts Inc.","A. Navesky",,,
"67121588-b9f5-417c-9421-d9579a6c7c6a","D05","CRAM","CRAM.AOS.littoral2","2020-07-09T16:18Z","2020-10-26","CRAM.20200709.PONAR.1","A00000203301",,"PHYSP8","Y","Phylocentropus sp.",,"genus","Arthropoda","Hexapoda","Insecta","Pterygota","Neoptera","Holometabola","Trichoptera",,,"Hydropsychoidea","Dipseudopsidae","Hyalopsychinae",,,"Phylocentropus","sp.",,"larva",7,,1,100,1,"N","N",,"condition OK","Y",,"Wiggins 1996","N","EcoAnalysts Inc.","A. Navesky",,,
"9ff9891b-d32c-41e4-8ac5-25a82f853670","D05","CRAM","CRAM.AOS.littoral2","2020-07-09T16:18Z","2020-10-26","CRAM.20200709.PONAR.1","A00000203301",,"PARSP34","Y","Paratanytarsus sp.",,"genus","Arthropoda","Hexapoda","Insecta","Pterygota","Neoptera","Holometabola","Diptera","Nematocera","Culicomorpha",,"Chironomidae","Chironominae","Tanytarsini",,"Paratanytarsus","sp.",,"larva",3,,1,100,1,"N","N",,"condition OK","Y",,"Epler 2001","N","EcoAnalysts Inc.","G. Wallace",,,
"04229f6b-33ac-4fff-af58-ea0bc5091e84","D05","CRAM","CRAM.AOS.riparian.point.05","2020-07-09T16:18Z","2020-10-26","CRAM.20200709.BENTHICSWEEP.5","A00000203297","7644.13-14","NAISP1","Y","Nais sp.",,"genus","Annelida","Clitellata","Oligochaeta","Oligochaeta",,,"Tubificida",,,,"Naididae","Naidinae",,,"Nais","sp.",,"none",2,,2,9,22,"N","N",,"condition OK","Y",,"Kathman and Brinkhurst 1998","Y","EcoAnalysts Inc.","G. Wallace",,,
"9a9bd197-4cd5-4cc2-a9cb-eb64c2146835","D05","CRAM","CRAM.AOS.riparian.point.07","2020-07-09T16:18Z","2020-10-26","CRAM.20200709.BENTHICSWEEP.7","A00000203299",,"NANSP1","Y","Nanocladius sp.",,"genus","Arthropoda","Hexapoda","Insecta","Pterygota","Neoptera","Holometabola","Diptera","Nematocera","Culicomorpha",,"Chironomidae","Orthocladiinae",,,"Nanocladius","sp.",,"larva",1,,2,18,11,"N","N",,"condition OK","Y",,"Epler 2001","N","EcoAnalysts Inc.","G. Wallace","very small",,
"7f3c6caf-7b59-4ce6-b914-f59b7c8b1147","D05","CRAM","CRAM.AOS.littoral2","2020-07-09T16:18Z","2020-10-26","CRAM.20200709.PONAR.1","A00000203301",,"CERSP10","Y","Ceratopogoninae sp.",,"subfamily","Arthropoda","Hexapoda","Insecta","Pterygota","Neoptera","Holometabola","Diptera","Nematocera","Culicomorpha",,"Ceratopogonidae","Ceratopogoninae",,,,"sp.",,"larva",10,,1,100,1,"N","Y",,"condition OK","Y",,"Merritt and Cummins 2008","N","EcoAnalysts Inc.","A. Navesky",,,
"148e57a5-1ff5-4d35-8afd-1451c17f4f36","D05","CRAM","CRAM.AOS.riparian.point.03","2020-07-09T16:18Z","2020-10-26","CRAM.20200709.BENTHICSWEEP.3","A00000203295",,"THISP2","Y","Thienemanniella sp.",,"genus","Arthropoda","Hexapoda","Insecta","Pterygota","Neoptera","Holometabola","Diptera","Nematocera","Culicomorpha",,"Chironomidae","Orthocladiinae",,,"Thienemanniella","sp.",,"larva",2,,1,98,1,"N","N",,"condition OK","Y",,"Epler 2001","N","EcoAnalysts Inc.","G. Wallace",,,
"5037ea0c-583d-4115-ba9c-54ae5a0793c8","D05","CRAM","CRAM.AOS.riparian.point.01","2020-07-09T16:18Z","2020-10-26","CRAM.20200709.BENTHICSWEEP.1","A00000203293","CRAM.20200709.BENTHICSWEEP.1_OLIGOCHAETE_1/2|CRAM.20200709.BENTHICSWEEP.1_OLIGOCHAETE_2/2","PRISP1","Y","Pristina sp.",,"genus","Annelida","Clitellata","Oligochaeta","Oligochaeta",,,"Tubificida",,,,"Naididae","Pristininae",,,"Pristina","sp.",,"none",1,,1,36,3,"N","N",,"condition OK","Y",,"Kathman and Brinkhurst 1998","N","EcoAnalysts Inc.","G. Wallace","Fragment measured",,
"c358ed44-9dcf-44dc-99b3-584ff20ffc82","D05","CRAM","CRAM.AOS.littoral1","2020-07-09T16:18Z","2020-10-25","CRAM.20200709.PONAR.2","A00000203302",,"CLASP5","Y","Cladopelma sp.",,"genus","Arthropoda","Hexapoda","Insecta","Pterygota","Neoptera","Holometabola","Diptera","Nematocera","Culicomorpha",,"Chironomidae","Chironominae","Chironomini",,"Cladopelma","sp.",,"larva",5,,1,56,2,"N","N",,"condition OK","Y",,"Epler 2001","N","EcoAnalysts Inc.","G. Wallace",,,
"73032b00-7dcd-44c1-b191-91429e724bf3","D05","CRAM","CRAM.AOS.riparian.point.01","2020-07-09T16:18Z","2020-10-26","CRAM.20200709.BENTHICSWEEP.1","A00000203293",,"PISSP4","Y","Pisidium sp.",,"genus","Mollusca",,"Bivalvia","Heterodonta",,,"Veneroida",,,"Corbiculoidea","Pisidiidae",,,,"Pisidium","sp.",,"none",2,,2,36,6,"N","N",,"condition OK","Y",,"Thorp and Covich 2001","N","EcoAnalysts Inc.","A. Navesky",,,
"5c767529-76a7-49f9-8cd6-8ead3adeef40","D05","CRAM","CRAM.AOS.buoy.c0","2020-07-09T16:18Z","2020-10-25","CRAM.20200709.PONAR.3","A00000203303",,"CHASP13","Y","Chaoborus sp.",,"genus","Arthropoda","Hexapoda","Insecta","Pterygota","Neoptera","Holometabola","Diptera","Nematocera","Culicomorpha",,"Chaoboridae","Chaoborinae",,,"Chaoborus","sp.",,"larva",4,,1,100,1,"N","N",,"condition OK","Y",,"Merritt Cummins and Berg 2008","N","EcoAnalysts Inc.","A. Navesky",,,
"6fe1b68e-b971-4061-a89d-1124a17b17a8","D05","CRAM","CRAM.AOS.riparian.point.09","2020-07-09T16:18Z","2020-10-26","CRAM.20200709.BENTHICSWEEP.9","A00000203300",,"ANISP1","Y","Anisoptera sp.",,"suborder","Arthropoda","Hexapoda","Insecta","Pterygota","Palaeoptera",,"Odonata","Anisoptera",,,,,,,,"sp.",,"larva",1,,1,8,12,"Y","N",,"condition OK","Y",,"Merritt and Cummins 2008","N","EcoAnalysts Inc.","A. Navesky",,,
"e83c53b7-1abd-4ba7-98eb-627e4647298a","D05","CRAM","CRAM.AOS.littoral2","2020-07-09T16:18Z","2020-10-26","CRAM.20200709.PONAR.1","A00000203301",,"GLYSP3","Y","Glyptotendipes sp.",,"genus","Arthropoda","Hexapoda","Insecta","Pterygota","Neoptera","Holometabola","Diptera","Nematocera","Culicomorpha",,"Chironomidae","Chironominae","Chironomini",,"Glyptotendipes","sp.",,"larva",8,,1,100,1,"N","N",,"condition OK","Y",,"Epler 2001","N","EcoAnalysts Inc.","G. Wallace",,,
"fdbdf4be-7c9f-46fd-bb18-3b0e4188f14f","D05","CRAM","CRAM.AOS.riparian.point.01","2020-07-09T16:18Z","2020-10-26","CRAM.20200709.BENTHICSWEEP.1","A00000203293",,"LARSP","Y","Larsia sp.",,"genus","Arthropoda","Hexapoda","Insecta","Pterygota","Neoptera","Holometabola","Diptera","Nematocera","Culicomorpha",,"Chironomidae","Tanypodinae","Pentaneurini",,"Larsia","sp.",,"larva",1,"1a",2,36,6,"N","N",,"condition OK","Y",,"Epler 2001","N","EcoAnalysts Inc.","G. Wallace","Fragment measured",,
"c6941462-c3be-4ba7-ae10-acc4bba90f31","D05","CRAM","CRAM.AOS.littoral1","2020-07-09T16:18Z","2020-10-25","CRAM.20200709.PONAR.2","A00000203302",,"NEMSP","Y","Nematoda sp.",,"phylum","Nematoda",,,,,,,,,,,,,,,"sp.",,"none",3,,8,56,14,"N","Y",,"condition OK","Y",,"Thorp and Covich 2001","N","EcoAnalysts Inc.","A. Navesky",,,
"5e3654dc-0f15-4214-9cf3-f1484da980c4","D05","CRAM","CRAM.AOS.riparian.point.03","2020-07-09T16:18Z","2020-10-26","CRAM.20200709.BENTHICSWEEP.3","A00000203295",,"POLILL","Y","Polypedilum illinoense gr.",,"speciesGroup","Arthropoda","Hexapoda","Insecta","Pterygota","Neoptera","Holometabola","Diptera","Nematocera","Culicomorpha",,"Chironomidae","Chironominae","Chironomini",,"Polypedilum","illinoense gr.",,"larva",2,,1,98,1,"N","N",,"condition OK","Y",,"Epler 2001 and Maschwitz and Cook 2000","N","EcoAnalysts Inc.","G. Wallace",,,
"0e171aeb-2dad-4ee4-8476-b51e899a9db0","D05","CRAM","CRAM.AOS.riparian.point.09","2020-07-09T16:18Z","2020-10-26","CRAM.20200709.BENTHICSWEEP.9","A00000203300",,"NEMSP","Y","Nematoda sp.",,"phylum","Nematoda",,,,,,,,,,,,,,,"sp.",,"none",3,,1,8,12,"N","Y",,"condition OK","Y",,"Thorp and Covich 2001","N","EcoAnalysts Inc.","A. Navesky",,,
"1062faf0-d4e8-4ccd-a3d7-1a422584864e","D05","CRAM","CRAM.AOS.littoral1","2020-07-09T16:18Z","2020-10-25","CRAM.20200709.PONAR.2","A00000203302",,"LARSP","Y","Larsia sp.",,"genus","Arthropoda","Hexapoda","Insecta","Pterygota","Neoptera","Holometabola","Diptera","Nematocera","Culicomorpha",,"Chironomidae","Tanypodinae","Pentaneurini",,"Larsia","sp.",,"larva",2,,2,56,4,"N","N",,"condition OK","Y",,"Epler 2001","N","EcoAnalysts Inc.","G. Wallace","Fragment measured",,
"0aff9944-895d-465b-a012-ff5c755fcd86","D05","CRAM","CRAM.AOS.riparian.point.01","2020-07-09T16:18Z","2020-10-26","CRAM.20200709.BENTHICSWEEP.1","A00000203293",,"HYDSP21","Y","Hydra sp.",,"genus","Cnidaria","Medusozoa","Hydrozoa","Hydroidolina",,,"Anthoathecatae","Capitata",,,"Hydridae",,,,"Hydra","sp.",,"none",1,,1,36,3,"N","N",,"condition OK","Y",,"Thorp and Covich 2001","N","EcoAnalysts Inc.","A. Navesky",,,
"c826a946-0300-44c3-97b0-36450f8a30dc","D05","CRAM","CRAM.AOS.littoral2","2020-07-09T16:18Z","2020-10-26","CRAM.20200709.PONAR.1","A00000203301",,"OXYSP","Y","Oxyethira sp.",,"genus","Arthropoda","Hexapoda","Insecta","Pterygota","Neoptera","Holometabola","Trichoptera",,,"Hydroptiloidea","Hydroptilidae","Hydroptilinae","Hydroptilini",,"Oxyethira","sp.",,"larva",4,,1,100,1,"N","N",,"condition OK","Y",,"Wiggins 1996","N","EcoAnalysts Inc.","A. Navesky",,,
"5e748d53-0b18-45b5-bc10-7f00d3d54da2","D05","CRAM","CRAM.AOS.riparian.point.05","2020-07-09T16:18Z","2020-10-26","CRAM.20200709.BENTHICSWEEP.5","A00000203297",,"MICPED","Y","Microtendipes pedellus gr.",,"speciesGroup","Arthropoda","Hexapoda","Insecta","Pterygota","Neoptera","Holometabola","Diptera","Nematocera","Culicomorpha",,"Chironomidae","Chironominae","Chironomini",,"Microtendipes","pedellus gr.",,"larva",2,,1,9,11,"N","N",,"condition OK","Y",,"Epler 2001","Y","EcoAnalysts Inc.","G. Wallace",,,
"308dd819-17da-4174-ba1b-706745d64380","D05","CRAM","CRAM.AOS.riparian.point.05","2020-07-09T16:18Z","2020-10-26","CRAM.20200709.BENTHICSWEEP.5","A00000203297",,"TANSP11","Y","Tanytarsus sp.",,"genus","Arthropoda","Hexapoda","Insecta","Pterygota","Neoptera","Holometabola","Diptera","Nematocera","Culicomorpha",,"Chironomidae","Chironominae","Tanytarsini",,"Tanytarsus","sp.",,"larva",2,"2a",16,9,174,"N","N",,"condition OK","Y",,"Epler 2001","Y","EcoAnalysts Inc.","G. Wallace",,,
"3fe8844b-3b0a-4485-be51-117c5597fccf","D05","CRAM","CRAM.AOS.littoral2","2020-07-09T16:18Z","2020-10-26","CRAM.20200709.PONAR.1","A00000203301",,"ABLSP","Y","Ablabesmyia sp.",,"genus","Arthropoda","Hexapoda","Insecta","Pterygota","Neoptera","Holometabola","Diptera","Nematocera","Culicomorpha",,"Chironomidae","Tanypodinae","Pentaneurini",,"Ablabesmyia","sp.",,"larva",3,,1,100,1,"Y","Y",,"condition OK","Y",,"Roback 1985; Epler 2001","N","EcoAnalysts Inc.","G. Wallace","Larger ones w/ 3-segmented palps",,
"a0b3579c-11a2-4ac6-987f-105de61f7da0","D05","CRAM","CRAM.AOS.littoral1","2020-07-09T16:18Z","2020-10-25","CRAM.20200709.PONAR.2","A00000203302",,"PARSP34","Y","Paratanytarsus sp.",,"genus","Arthropoda","Hexapoda","Insecta","Pterygota","Neoptera","Holometabola","Diptera","Nematocera","Culicomorpha",,"Chironomidae","Chironominae","Tanytarsini",,"Paratanytarsus","sp.",,"larva",1,"1b",1,56,2,"N","N",,"condition OK","Y",,"Epler 2001","N","EcoAnalysts Inc.","G. Wallace",,,
"b77e853d-6460-4146-88f3-f54b0181c61a","D05","CRAM","CRAM.AOS.riparian.point.05","2020-07-09T16:18Z","2020-10-26","CRAM.20200709.BENTHICSWEEP.5","A00000203297",,"ORTSP1","Y","Orthocladiinae sp.",,"subfamily","Arthropoda","Hexapoda","Insecta","Pterygota","Neoptera","Holometabola","Diptera","Nematocera","Culicomorpha",,"Chironomidae","Orthocladiinae",,,,"sp.",,"larva",1,,9,9,98,"Y","N",,"condition OK","N",,"Epler 2001","Y","EcoAnalysts Inc.","G. Wallace",,,
"0e99a58d-064d-4966-82f7-c40797b82c7a","D05","CRAM","CRAM.AOS.riparian.point.01","2020-07-09T16:18Z","2020-10-26","CRAM.20200709.BENTHICSWEEP.1","A00000203293",,"PSESP18","Y","Pseudochironomus sp.",,"genus","Arthropoda","Hexapoda","Insecta","Pterygota","Neoptera","Holometabola","Diptera","Nematocera","Culicomorpha",,"Chironomidae","Chironominae","Pseudochironomini",,"Pseudochironomus","sp.",,"larva",2,,1,36,3,"N","N",,"condition OK","Y",,"Epler 2001","N","EcoAnalysts Inc.","G. Wallace",,,
"6ae4d282-a04a-499e-be45-9697febf707d","D05","CRAM","CRAM.AOS.riparian.point.07","2020-07-09T16:18Z","2020-10-26","CRAM.20200709.BENTHICSWEEP.7","A00000203299",,"CHISP8","Y","Chironomus sp.",,"genus","Arthropoda","Hexapoda","Insecta","Pterygota","Neoptera","Holometabola","Diptera","Nematocera","Culicomorpha",,"Chironomidae","Chironominae","Chironomini",,"Chironomus","sp.",,"larva",4,"4a",1,18,6,"N","N",,"condition OK","Y",,"Epler 2001","N","EcoAnalysts Inc.","G. Wallace","Fragment measured",,
"64b2defd-a01a-4eb5-8942-edd9dfc6cdeb","D05","CRAM","CRAM.AOS.riparian.point.09","2020-07-09T16:18Z","2020-10-26","CRAM.20200709.BENTHICSWEEP.9","A00000203300",,"ABLSP","Y","Ablabesmyia sp.",,"genus","Arthropoda","Hexapoda","Insecta","Pterygota","Neoptera","Holometabola","Diptera","Nematocera","Culicomorpha",,"Chironomidae","Tanypodinae","Pentaneurini",,"Ablabesmyia","sp.",,"larva",3,,2,8,25,"Y","Y",,"condition OK","Y",,"Roback 1985; Epler 2001","N","EcoAnalysts Inc.","G. Wallace","larger 1 has 3-segmented palps others immature",,
"a28cc76a-86ef-4ee6-b108-4b1aaa55949a","D05","CRAM","CRAM.AOS.riparian.point.01","2020-07-09T16:18Z","2020-10-26","CRAM.20200709.BENTHICSWEEP.1","A00000203293",,"LARSP","Y","Larsia sp.",,"genus","Arthropoda","Hexapoda","Insecta","Pterygota","Neoptera","Holometabola","Diptera","Nematocera","Culicomorpha",,"Chironomidae","Tanypodinae","Pentaneurini",,"Larsia","sp.",,"larva",3,,22,36,62,"N","N",,"condition OK","Y",,"Epler 2001","N","EcoAnalysts Inc.","G. Wallace",,,
"781d6e99-f3ec-49cb-90a3-06261bd7e277","D05","CRAM","CRAM.AOS.riparian.point.05","2020-07-09T16:18Z","2020-10-26","CRAM.20200709.BENTHICSWEEP.5","A00000203297","CRAM.20200709.BENTHICSWEEP.5_OLIGOCHAETE_1/1","SLAAPP","Y","Slavina appendiculata",,"species","Annelida","Clitellata","Oligochaeta","Oligochaeta",,,"Tubificida",,,,"Naididae","Naidinae",,,"Slavina","appendiculata",,"none",1,,5,9,54,"N","N",,"condition OK","Y",,"Kathman and Brinkhurst 1998","Y","EcoAnalysts Inc.","G. Wallace","Fragment measured",,
"8c90a44f-a0dc-484b-8a3d-fe8eefb3296f","D05","CRAM","CRAM.AOS.littoral1","2020-07-09T16:18Z","2020-10-25","CRAM.20200709.PONAR.2","A00000203302",,"NEMSP","Y","Nematoda sp.",,"phylum","Nematoda",,,,,,,,,,,,,,,"sp.",,"none",8,,4,56,7,"N","Y",,"condition OK","Y",,"Thorp and Covich 2001","N","EcoAnalysts Inc.","A. Navesky",,,
"d31ee860-2fdc-49b8-b48b-52d4779e9157","D05","CRAM","CRAM.AOS.littoral2","2020-07-09T16:18Z","2020-10-26","CRAM.20200709.PONAR.1","A00000203301",,"TANSP11","Y","Tanytarsus sp.",,"genus","Arthropoda","Hexapoda","Insecta","Pterygota","Neoptera","Holometabola","Diptera","Nematocera","Culicomorpha",,"Chironomidae","Chironominae","Tanytarsini",,"Tanytarsus","sp.",,"larva",2,"2b",2,100,2,"N","N",,"condition OK","Y",,"Epler 2001","N","EcoAnalysts Inc.","G. Wallace",,,
"a0b47cec-69a7-43e8-b56c-14aaf98a7547","D05","CRAM","CRAM.AOS.littoral1","2020-07-09T16:18Z","2020-10-25","CRAM.20200709.PONAR.2","A00000203302",,"CERSP10","Y","Ceratopogoninae sp.",,"subfamily","Arthropoda","Hexapoda","Insecta","Pterygota","Neoptera","Holometabola","Diptera","Nematocera","Culicomorpha",,"Ceratopogonidae","Ceratopogoninae",,,,"sp.",,"larva",6,,6,56,11,"N","Y",,"condition OK","Y",,"Merritt and Cummins 2008","N","EcoAnalysts Inc.","A. Navesky",,,
"eb68293e-1ace-423f-a99c-44fb6c15ceeb","D05","CRAM","CRAM.AOS.riparian.point.09","2020-07-09T16:18Z","2020-10-26","CRAM.20200709.BENTHICSWEEP.9","A00000203300",,"CERSP10","Y","Ceratopogoninae sp.",,"subfamily","Arthropoda","Hexapoda","Insecta","Pterygota","Neoptera","Holometabola","Diptera","Nematocera","Culicomorpha",,"Ceratopogonidae","Ceratopogoninae",,,,"sp.",,"larva",2,,2,8,25,"N","Y",,"condition OK","Y",,"Merritt and Cummins 2008","N","EcoAnalysts Inc.","A. Navesky",,,
"18d68b00-6ffd-4a22-8f45-7c5a1a2a6212","D05","CRAM","CRAM.AOS.littoral2","2020-07-09T16:18Z","2020-10-26","CRAM.20200709.PONAR.1","A00000203301",,"CLASP5","Y","Cladopelma sp.",,"genus","Arthropoda","Hexapoda","Insecta","Pterygota","Neoptera","Holometabola","Diptera","Nematocera","Culicomorpha",,"Chironomidae","Chironominae","Chironomini",,"Cladopelma","sp.",,"larva",2,,1,100,1,"N","N",,"condition OK","Y",,"Epler 2001","N","EcoAnalysts Inc.","G. Wallace","Fragment measured",,
"e9381321-5e2f-44c2-a1db-badb6bab16b4","D05","CRAM","CRAM.AOS.riparian.point.09","2020-07-09T16:18Z","2020-10-26","CRAM.20200709.BENTHICSWEEP.9","A00000203300",,"DICSP7","Y","Dicrotendipes sp.",,"genus","Arthropoda","Hexapoda","Insecta","Pterygota","Neoptera","Holometabola","Diptera","Nematocera","Culicomorpha",,"Chironomidae","Chironominae","Chironomini",,"Dicrotendipes","sp.",,"larva",4,,1,8,12,"N","Y",,"condition OK","Y",,"Epler 1987 1988 2001","N","EcoAnalysts Inc.","G. Wallace",,,
"34563415-cba5-4e5c-bdc1-0ecd3ee32a7d","D05","CRAM","CRAM.AOS.riparian.point.05","2020-07-09T16:18Z","2020-10-26","CRAM.20200709.BENTHICSWEEP.5","A00000203297",,"GLYSP3","Y","Glyptotendipes sp.",,"genus","Arthropoda","Hexapoda","Insecta","Pterygota","Neoptera","Holometabola","Diptera","Nematocera","Culicomorpha",,"Chironomidae","Chironominae","Chironomini",,"Glyptotendipes","sp.",,"larva",5,,1,9,11,"N","N",,"condition OK","Y",,"Epler 2001","Y","EcoAnalysts Inc.","G. Wallace","Fragment measured",,
"c2b9f48b-b6c6-4cdc-960b-eeda2d1e9450","D05","CRAM","CRAM.AOS.riparian.point.01","2020-07-09T16:18Z","2020-10-26","CRAM.20200709.BENTHICSWEEP.1","A00000203293",,"STESP9","Y","Stempellina sp.",,"genus","Arthropoda","Hexapoda","Insecta","Pterygota","Neoptera","Holometabola","Diptera","Nematocera","Culicomorpha",,"Chironomidae","Chironominae","Tanytarsini",,"Stempellina","sp.",,"larva",1,,1,36,3,"N","N",,"condition OK","Y",,"Epler 2001","N","EcoAnalysts Inc.","G. Wallace",,,
"46c7e02f-141c-4d5e-838d-d9b2f5d3e952","D05","CRAM","CRAM.AOS.littoral1","2020-07-09T16:18Z","2020-10-25","CRAM.20200709.PONAR.2","A00000203302",,"PHYSP8","Y","Phylocentropus sp.",,"genus","Arthropoda","Hexapoda","Insecta","Pterygota","Neoptera","Holometabola","Trichoptera",,,"Hydropsychoidea","Dipseudopsidae","Hyalopsychinae",,,"Phylocentropus","sp.",,"larva",18,,1,56,2,"N","N",,"condition OK","Y",,"Wiggins 1996","N","EcoAnalysts Inc.","A. Navesky","Fragment measured",,
"ede89211-7b38-48c6-bc73-5279a00c50e3","D05","CRAM","CRAM.AOS.riparian.point.03","2020-07-09T16:18Z","2020-10-26","CRAM.20200709.BENTHICSWEEP.3","A00000203295",,"LARSP","Y","Larsia sp.",,"genus","Arthropoda","Hexapoda","Insecta","Pterygota","Neoptera","Holometabola","Diptera","Nematocera","Culicomorpha",,"Chironomidae","Tanypodinae","Pentaneurini",,"Larsia","sp.",,"larva",2,"2a",2,98,2,"N","N",,"condition OK","Y",,"Epler 2001","N","EcoAnalysts Inc.","G. Wallace",,,
"c7d315fd-4453-4d87-a67b-1f0e3faad850","D05","CRAM","CRAM.AOS.riparian.point.03","2020-07-09T16:18Z","2020-10-26","CRAM.20200709.BENTHICSWEEP.3","A00000203295","CRAM.20200709.BENTHICSWEEP.3_OLIGOCHAETE_2/2|CRAM.20200709.BENTHICSWEEP.3_OLIGOCHAETE_1/2","SLAAPP","Y","Slavina appendiculata",,"species","Annelida","Clitellata","Oligochaeta","Oligochaeta",,,"Tubificida",,,,"Naididae","Naidinae",,,"Slavina","appendiculata",,"none",1,,3,98,3,"N","N",,"condition OK","Y",,"Kathman and Brinkhurst 1998","N","EcoAnalysts Inc.","G. Wallace","Fragment measured",,
"c061c6dc-4780-4098-98b3-1d620307cdc3","D05","CRAM","CRAM.AOS.littoral2","2020-07-09T16:18Z","2020-10-26","CRAM.20200709.PONAR.1","A00000203301",,"POLSP13","Y","Polypedilum sp.",,"genus","Arthropoda","Hexapoda","Insecta","Pterygota","Neoptera","Holometabola","Diptera","Nematocera","Culicomorpha",,"Chironomidae","Chironominae","Chironomini",,"Polypedilum","sp.",,"larva",1,,1,100,1,"Y","N",,"condition OK","Y",,"Epler 2001 and Maschwitz and Cook 2000","N","EcoAnalysts Inc.","G. Wallace","unique",,
"41ac4d0f-6752-4430-92a2-1df50360695a","D05","CRAM","CRAM.AOS.riparian.point.01","2020-07-09T16:18Z","2020-10-26","CRAM.20200709.BENTHICSWEEP.1","A00000203293",,"PARSP34","Y","Paratanytarsus sp.",,"genus","Arthropoda","Hexapoda","Insecta","Pterygota","Neoptera","Holometabola","Diptera","Nematocera","Culicomorpha",,"Chironomidae","Chironominae","Tanytarsini",,"Paratanytarsus","sp.",,"larva",2,,18,36,51,"N","N",,"condition OK","Y",,"Epler 2001","N","EcoAnalysts Inc.","G. Wallace",,,
"493383c6-bd79-477a-95c6-5cbaf05fd947","D05","CRAM","CRAM.AOS.littoral2","2020-07-09T16:18Z","2020-10-26","CRAM.20200709.PONAR.1","A00000203301",,"CERSP10","Y","Ceratopogoninae sp.",,"subfamily","Arthropoda","Hexapoda","Insecta","Pterygota","Neoptera","Holometabola","Diptera","Nematocera","Culicomorpha",,"Ceratopogonidae","Ceratopogoninae",,,,"sp.",,"larva",5,,3,100,3,"N","Y",,"condition OK","Y",,"Merritt and Cummins 2008","N","EcoAnalysts Inc.","A. Navesky",,,
"8b8b21aa-1772-4c87-9ef0-e260033ddeb6","D05","CRAM","CRAM.AOS.riparian.point.03","2020-07-09T16:18Z","2020-10-26","CRAM.20200709.BENTHICSWEEP.3","A00000203295",,"LARSP","Y","Larsia sp.",,"genus","Arthropoda","Hexapoda","Insecta","Pterygota","Neoptera","Holometabola","Diptera","Nematocera","Culicomorpha",,"Chironomidae","Tanypodinae","Pentaneurini",,"Larsia","sp.",,"pupa",3,,1,98,1,"N","N",,"condition OK","Y",,"Epler 2001","N","EcoAnalysts Inc.","G. Wallace",,,
"5081107e-0486-4a82-a5e9-1102cc84ba6d","D05","CRAM","CRAM.AOS.littoral1","2020-07-09T16:18Z","2020-10-25","CRAM.20200709.PONAR.2","A00000203302",,"LARSP","Y","Larsia sp.",,"genus","Arthropoda","Hexapoda","Insecta","Pterygota","Neoptera","Holometabola","Diptera","Nematocera","Culicomorpha",,"Chironomidae","Tanypodinae","Pentaneurini",,"Larsia","sp.",,"larva",5,,7,56,12,"N","N",,"condition OK","Y",,"Epler 2001","N","EcoAnalysts Inc.","G. Wallace",,,
"2a13f550-9937-4186-8647-0c68afc94c4d","D05","CRAM","CRAM.AOS.littoral2","2020-07-09T16:18Z","2020-10-26","CRAM.20200709.PONAR.1","A00000203301",,"NEMSP","Y","Nematoda sp.",,"phylum","Nematoda",,,,,,,,,,,,,,,"sp.",,"none",10,,1,100,1,"N","Y",,"condition OK","Y",,"Thorp and Covich 2001","N","EcoAnalysts Inc.","A. Navesky",,,
"4a4d68a6-0e17-419b-a74c-0026e9c967b0","D05","CRAM","CRAM.AOS.riparian.point.09","2020-07-09T16:18Z","2020-10-26","CRAM.20200709.BENTHICSWEEP.9","A00000203300",,"ABLSP","Y","Ablabesmyia sp.",,"genus","Arthropoda","Hexapoda","Insecta","Pterygota","Neoptera","Holometabola","Diptera","Nematocera","Culicomorpha",,"Chironomidae","Tanypodinae","Pentaneurini",,"Ablabesmyia","sp.",,"larva",2,"2a",2,8,25,"Y","Y",,"condition OK","Y",,"Roback 1985; Epler 2001","N","EcoAnalysts Inc.","G. Wallace","Fragment measured; larger 1 has 3-segmented palps others immature",,
"c04fea5d-e4f4-451c-b890-65da6bbf7ca3","D05","CRAM","CRAM.AOS.riparian.point.07","2020-07-09T16:18Z","2020-10-26","CRAM.20200709.BENTHICSWEEP.7","A00000203299",,"PSESP19","Y","Psectrocladius sp.",,"genus","Arthropoda","Hexapoda","Insecta","Pterygota","Neoptera","Holometabola","Diptera","Nematocera","Culicomorpha",,"Chironomidae","Orthocladiinae",,,"Psectrocladius","sp.",,"larva",4,,1,18,6,"N","N",,"condition OK","Y",,"Epler 2001","N","EcoAnalysts Inc.","G. Wallace",,,
"48ad639e-d657-43f6-8fbe-b96560d4b7ff","D05","CRAM","CRAM.AOS.riparian.point.05","2020-07-09T16:18Z","2020-10-26","CRAM.20200709.BENTHICSWEEP.5","A00000203297",,"NANSP1","Y","Nanocladius sp.",,"genus","Arthropoda","Hexapoda","Insecta","Pterygota","Neoptera","Holometabola","Diptera","Nematocera","Culicomorpha",,"Chironomidae","Orthocladiinae",,,"Nanocladius","sp.",,"larva",1,,2,9,22,"N","N",,"condition OK","Y",,"Epler 2001","Y","EcoAnalysts Inc.","G. Wallace",,,
"2e054630-7a7b-4f0f-8ec2-cfeab146e216","D05","CRAM","CRAM.AOS.riparian.point.03","2020-07-09T16:18Z","2020-10-26","CRAM.20200709.BENTHICSWEEP.3","A00000203295","CRAM.20200709.BENTHICSWEEP.3_TANYPODINAE SP.","TANSP7","Y","Tanypodinae sp.",,"subfamily","Arthropoda","Hexapoda","Insecta","Pterygota","Neoptera","Holometabola","Diptera","Nematocera","Culicomorpha",,"Chironomidae","Tanypodinae",,,,"sp.",,"pupa",8,,1,98,1,"N","N",,"damaged, affecting taxonomy and measurement","Y",,"Epler 2001 and Maschwitz and Cook 2000","N","EcoAnalysts Inc.","G. Wallace","Fragment measured; reference specimen; unique partial",,
"36434349-ad2c-4680-b6ba-8edbf5589022","D05","CRAM","CRAM.AOS.riparian.point.01","2020-07-09T16:18Z","2020-10-26","CRAM.20200709.BENTHICSWEEP.1","A00000203293",,"NANSP1","Y","Nanocladius sp.",,"genus","Arthropoda","Hexapoda","Insecta","Pterygota","Neoptera","Holometabola","Diptera","Nematocera","Culicomorpha",,"Chironomidae","Orthocladiinae",,,"Nanocladius","sp.",,"larva",1,,1,36,3,"N","N",,"condition OK","Y",,"Epler 2001","N","EcoAnalysts Inc.","G. Wallace",,,
"20276d0b-04aa-4383-bf54-828ef70a95f5","D05","CRAM","CRAM.AOS.littoral2","2020-07-09T16:18Z","2020-10-26","CRAM.20200709.PONAR.1","A00000203301","CRAM.20200709.PONAR.1_OLIGOCHAETE_1/1","PRISP1","Y","Pristina sp.",,"genus","Annelida","Clitellata","Oligochaeta","Oligochaeta",,,"Tubificida",,,,"Naididae","Pristininae",,,"Pristina","sp.",,"none",1,,1,100,1,"N","N",,"condition OK","Y",,"Kathman and Brinkhurst 1998","N","EcoAnalysts Inc.","G. Wallace","Fragment measured",,
"80075881-9c13-4409-8619-fea79adaa49e","D05","CRAM","CRAM.AOS.riparian.point.01","2020-07-09T16:18Z","2020-10-26","CRAM.20200709.BENTHICSWEEP.1","A00000203293",,"ABLSP","Y","Ablabesmyia sp.",,"genus","Arthropoda","Hexapoda","Insecta","Pterygota","Neoptera","Holometabola","Diptera","Nematocera","Culicomorpha",,"Chironomidae","Tanypodinae","Pentaneurini",,"Ablabesmyia","sp.",,"larva",2,,3,36,8,"Y","N",,"condition OK","N",,"Roback 1985; Epler 2001","N","EcoAnalysts Inc.","G. Wallace",,,
"e8ba7069-7d36-410d-b88a-712b0a5ef693","D05","CRAM","CRAM.AOS.riparian.point.09","2020-07-09T16:18Z","2020-10-26","CRAM.20200709.BENTHICSWEEP.9","A00000203300",,"THIGRO","Y","Thienemannimyia gr.",,"speciesGroup","Arthropoda","Hexapoda","Insecta","Pterygota","Neoptera","Holometabola","Diptera","Nematocera","Culicomorpha",,"Chironomidae","Tanypodinae","Pentaneurini",,"Thienemannimyia","gr.",,"larva",2,,1,8,12,"N","N",,"condition OK","Y",,"Epler 2001","N","EcoAnalysts Inc.","G. Wallace",,,
"19729d40-2de5-41e3-a05f-a718c5efc1ac","D05","CRAM","CRAM.AOS.littoral1","2020-07-09T16:18Z","2020-10-25","CRAM.20200709.PONAR.2","A00000203302",,"NEMSP","Y","Nematoda sp.",,"phylum","Nematoda",,,,,,,,,,,,,,,"sp.",,"none",7,,1,56,2,"N","Y",,"condition OK","Y",,"Thorp and Covich 2001","N","EcoAnalysts Inc.","A. Navesky",,,
"fd67ee09-f4f2-4b3e-993d-069c2549f0f7","D05","CRAM","CRAM.AOS.riparian.point.03","2020-07-09T16:18Z","2020-10-26","CRAM.20200709.BENTHICSWEEP.3","A00000203295",,"CRISP2","Y","Cricotopus sp.",,"genus","Arthropoda","Hexapoda","Insecta","Pterygota","Neoptera","Holometabola","Diptera","Nematocera","Culicomorpha",,"Chironomidae","Orthocladiinae",,,"Cricotopus","sp.",,"larva",3,,1,98,1,"N","N",,"condition OK","Y",,"Epler 2001","N","EcoAnalysts Inc.","G. Wallace",,,
"bfe5bea5-3e90-4e6b-bc64-db54aab027f4","D05","CRAM","CRAM.AOS.littoral2","2020-07-09T16:18Z","2020-10-26","CRAM.20200709.PONAR.1","A00000203301",,"LAUAGR","Y","Lauterborniella agrayloides",,"species","Arthropoda","Hexapoda","Insecta","Pterygota","Neoptera","Holometabola","Diptera","Nematocera","Culicomorpha",,"Chironomidae","Chironominae","Chironomini",,"Lauterborniella","agrayloides",,"larva",2,"2b",5,100,5,"N","N",,"condition OK","Y",,"Epler 2001","N","EcoAnalysts Inc.","G. Wallace",,,
"f381ddd1-f8e4-4b66-8b67-d01bc2e45059","D05","CRAM","CRAM.AOS.riparian.point.01","2020-07-09T16:18Z","2020-10-26","CRAM.20200709.BENTHICSWEEP.1","A00000203293",,"ABLSP","Y","Ablabesmyia sp.",,"genus","Arthropoda","Hexapoda","Insecta","Pterygota","Neoptera","Holometabola","Diptera","Nematocera","Culicomorpha",,"Chironomidae","Tanypodinae","Pentaneurini",,"Ablabesmyia","sp.",,"larva",1,"1a",1,36,3,"Y","N",,"condition OK","N",,"Roback 1985; Epler 2001","N","EcoAnalysts Inc.","G. Wallace","Fragment measured",,
"33d51232-a6b7-4d89-9c49-6bdf56e80c38","D05","CRAM","CRAM.AOS.riparian.point.09","2020-07-09T16:18Z","2020-10-26","CRAM.20200709.BENTHICSWEEP.9","A00000203300","CRAM.20200709.BENTHICSWEEP.9_OLIGOCHAETE_1/1","VEJCOM","Y","Vejdovskyella comata",,"species","Annelida","Clitellata","Oligochaeta","Oligochaeta",,,"Tubificida",,,,"Naididae","Naidinae",,,"Vejdovskyella","comata",,"none",3,,1,8,12,"N","N",,"condition OK","Y",,"Kathman and Brinkhurst 1998","N","EcoAnalysts Inc.","G. Wallace",,,
"eefb5fdc-28e8-4a30-b92c-4709023dfbb2","D05","CRAM","CRAM.AOS.riparian.point.03","2020-07-09T16:18Z","2020-10-26","CRAM.20200709.BENTHICSWEEP.3","A00000203295","7644.13-15","NAISP1","Y","Nais sp.",,"genus","Annelida","Clitellata","Oligochaeta","Oligochaeta",,,"Tubificida",,,,"Naididae","Naidinae",,,"Nais","sp.",,"none",2,"2b",1,98,1,"N","N",,"condition OK","Y",,"Kathman and Brinkhurst 1998","N","EcoAnalysts Inc.","G. Wallace","Fragment measured",,
"ffadfa4f-df3b-40b9-83f9-684c92b19314","D05","CRAM","CRAM.AOS.riparian.point.07","2020-07-09T16:18Z","2020-10-26","CRAM.20200709.BENTHICSWEEP.7","A00000203299",,"TANSP11","Y","Tanytarsus sp.",,"genus","Arthropoda","Hexapoda","Insecta","Pterygota","Neoptera","Holometabola","Diptera","Nematocera","Culicomorpha",,"Chironomidae","Chironominae","Tanytarsini",,"Tanytarsus","sp.",,"larva",3,,2,18,11,"N","N",,"condition OK","Y",,"Epler 2001","N","EcoAnalysts Inc.","G. Wallace",,,
"f5d7b7f6-3330-4534-ab3a-94be01f3ea48","D05","CRAM","CRAM.AOS.littoral1","2020-07-09T16:18Z","2020-10-25","CRAM.20200709.PONAR.2","A00000203302",,"NEMSP","Y","Nematoda sp.",,"phylum","Nematoda",,,,,,,,,,,,,,,"sp.",,"none",4,,4,56,7,"N","Y",,"condition OK","Y",,"Thorp and Covich 2001","N","EcoAnalysts Inc.","A. Navesky",,,
"14b86abe-1f0f-4b3d-b254-550b705a3ba5","D05","CRAM","CRAM.AOS.littoral2","2020-07-09T16:18Z","2020-10-26","CRAM.20200709.PONAR.1","A00000203301",,"ABLSP","Y","Ablabesmyia sp.",,"genus","Arthropoda","Hexapoda","Insecta","Pterygota","Neoptera","Holometabola","Diptera","Nematocera","Culicomorpha",,"Chironomidae","Tanypodinae","Pentaneurini",,"Ablabesmyia","sp.",,"larva",1,,1,100,1,"Y","Y",,"condition OK","Y",,"Roback 1985; Epler 2001","N","EcoAnalysts Inc.","G. Wallace","Larger ones w/ 3-segmented palps",,
"b464c12a-f126-4335-a107-70bbb5945fc4","D05","CRAM","CRAM.AOS.riparian.point.05","2020-07-09T16:18Z","2020-10-26","CRAM.20200709.BENTHICSWEEP.5","A00000203297",,"DICSP7","Y","Dicrotendipes sp.",,"genus","Arthropoda","Hexapoda","Insecta","Pterygota","Neoptera","Holometabola","Diptera","Nematocera","Culicomorpha",,"Chironomidae","Chironominae","Chironomini",,"Dicrotendipes","sp.",,"larva",1,,1,9,11,"Y","Y",,"condition OK","Y",,"Epler 1987 1988 2001","Y","EcoAnalysts Inc.","G. Wallace","Fragment measured",,
"7a9001d8-9489-4c47-b30e-7acc04d5b717","D05","CRAM","CRAM.AOS.riparian.point.05","2020-07-09T16:18Z","2020-10-26","CRAM.20200709.BENTHICSWEEP.5","A00000203297",,"DICSP7","Y","Dicrotendipes sp.",,"genus","Arthropoda","Hexapoda","Insecta","Pterygota","Neoptera","Holometabola","Diptera","Nematocera","Culicomorpha",,"Chironomidae","Chironominae","Chironomini",,"Dicrotendipes","sp.",,"larva",7,,1,9,11,"Y","Y",,"condition OK","Y",,"Epler 1987 1988 2001","Y","EcoAnalysts Inc.","G. Wallace",,,
"0692ab03-5978-49e3-9876-47b94eb31097","D05","CRAM","CRAM.AOS.riparian.point.09","2020-07-09T16:18Z","2020-10-26","CRAM.20200709.BENTHICSWEEP.9","A00000203300","7644.13-12","NAISP1","Y","Nais sp.",,"genus","Annelida","Clitellata","Oligochaeta","Oligochaeta",,,"Tubificida",,,,"Naididae","Naidinae",,,"Nais","sp.",,"none",1,,1,8,12,"N","N",,"condition OK","Y",,"Kathman and Brinkhurst 1998","N","EcoAnalysts Inc.","G. Wallace","Fragment measured",,
"d3793c70-6a2a-440b-a2a6-888bf0a9f8bd","D05","CRAM","CRAM.AOS.littoral1","2020-07-09T16:18Z","2020-10-25","CRAM.20200709.PONAR.2","A00000203302",,"PAGSP5","Y","Pagastiella sp.",,"genus","Arthropoda","Hexapoda","Insecta","Pterygota","Neoptera","Holometabola","Diptera","Nematocera","Culicomorpha",,"Chironomidae","Chironominae","Chironomini",,"Pagastiella","sp.",,"larva",3,,1,56,2,"N","N",,"condition OK","Y",,"Epler 2001","N","EcoAnalysts Inc.","G. Wallace",,,
"f73b30ea-76db-414d-86dc-184a9732c8e6","D05","CRAM","CRAM.AOS.riparian.point.01","2020-07-09T16:18Z","2020-10-26","CRAM.20200709.BENTHICSWEEP.1","A00000203293",,"ORISP1","Y","Oribatida sp.",,"suborder","Arthropoda","Chelicerata","Arachnida","Acari",,"Acariformes","Sarcoptiformes","Oribatida",,,,,,,,"sp.",,"none",1,,31,36,87,"N","Y",,"condition OK","Y",,"Thorp and Covich 2001","N","EcoAnalysts Inc.","A. Navesky","Oribatida",,
"298ccc29-d93a-4332-bcfe-845418a9d30d","D05","CRAM","CRAM.AOS.riparian.point.03","2020-07-09T16:18Z","2020-10-26","CRAM.20200709.BENTHICSWEEP.3","A00000203295",,"PSESP19","Y","Psectrocladius sp.",,"genus","Arthropoda","Hexapoda","Insecta","Pterygota","Neoptera","Holometabola","Diptera","Nematocera","Culicomorpha",,"Chironomidae","Orthocladiinae",,,"Psectrocladius","sp.",,"larva",1,,7,98,7,"N","N",,"condition OK","Y",,"Epler 2001","N","EcoAnalysts Inc.","G. Wallace",,,
"87c8c8c7-960b-41e0-8c3f-2bb931f90645","D05","CRAM","CRAM.AOS.riparian.point.09","2020-07-09T16:18Z","2020-10-26","CRAM.20200709.BENTHICSWEEP.9","A00000203300",,"TANSP11","Y","Tanytarsus sp.",,"genus","Arthropoda","Hexapoda","Insecta","Pterygota","Neoptera","Holometabola","Diptera","Nematocera","Culicomorpha",,"Chironomidae","Chironominae","Tanytarsini",,"Tanytarsus","sp.",,"larva",1,"1b",5,8,62,"N","N",,"condition OK","Y",,"Epler 2001","N","EcoAnalysts Inc.","G. Wallace","Fragment measured",,
"4a4076e2-b54d-4647-bc16-fa02cce7777c","D05","CRAM","CRAM.AOS.riparian.point.07","2020-07-09T16:18Z","2020-10-26","CRAM.20200709.BENTHICSWEEP.7","A00000203299",,"CHISP6","Y","Chironomini sp.",,"tribe","Arthropoda","Hexapoda","Insecta","Pterygota","Neoptera","Holometabola","Diptera","Nematocera","Culicomorpha",,"Chironomidae","Chironominae","Chironomini",,,"sp.",,"larva",1,,45,18,256,"Y","N",,"condition OK","N",,"Epler 2001","N","EcoAnalysts Inc.","G. Wallace",,,
"76f028d6-99f9-4e10-b500-6f0b9fead16a","D05","CRAM","CRAM.AOS.riparian.point.09","2020-07-09T16:18Z","2020-10-26","CRAM.20200709.BENTHICSWEEP.9","A00000203300",,"ABLSP","Y","Ablabesmyia sp.",,"genus","Arthropoda","Hexapoda","Insecta","Pterygota","Neoptera","Holometabola","Diptera","Nematocera","Culicomorpha",,"Chironomidae","Tanypodinae","Pentaneurini",,"Ablabesmyia","sp.",,"larva",1,"1b",1,8,12,"Y","Y",,"condition OK","Y",,"Roback 1985; Epler 2001","N","EcoAnalysts Inc.","G. Wallace","Fragment measured; larger 1 has 3-segmented palps others immature",,
"d324dce6-48fb-4852-b16f-50d98b2fc437","D05","CRAM","CRAM.AOS.riparian.point.09","2020-07-09T16:18Z","2020-10-26","CRAM.20200709.BENTHICSWEEP.9","A00000203300",,"ABLASP","Y","Ablabesmyia aspera",,"species","Arthropoda","Hexapoda","Insecta","Pterygota","Neoptera","Holometabola","Diptera","Nematocera","Culicomorpha",,"Chironomidae","Tanypodinae","Pentaneurini",,"Ablabesmyia","aspera",,"larva",3,,1,8,12,"N","N",,"condition OK","Y",,"Roback 1985; Epler 2001","N","EcoAnalysts Inc.","G. Wallace",,,
"c0c638c1-0607-4e0f-91b2-7fef6993c3bd","D05","CRAM","CRAM.AOS.littoral2","2020-07-09T16:18Z","2020-10-26","CRAM.20200709.PONAR.1","A00000203301",,"STESP10","Y","Stempellinella sp.",,"genus","Arthropoda","Hexapoda","Insecta","Pterygota","Neoptera","Holometabola","Diptera","Nematocera","Culicomorpha",,"Chironomidae","Chironominae","Tanytarsini",,"Stempellinella","sp.",,"larva",2,"2b",1,100,1,"N","N",,"condition OK","Y",,"Epler 2001","N","EcoAnalysts Inc.","G. Wallace","Fragment measured",,
"b5c7d666-c7ab-4eb5-98db-06810a021e2d","D05","CRAM","CRAM.AOS.riparian.point.03","2020-07-09T16:18Z","2020-10-26","CRAM.20200709.BENTHICSWEEP.3","A00000203295","CRAM.20200709.BENTHICSWEEP.3_OLIGOCHAETE_2/2|CRAM.20200709.BENTHICSWEEP.3_OLIGOCHAETE_1/2","ENCSP1","Y","Enchytraeidae sp.",,"family","Annelida","Clitellata","Oligochaeta","Oligochaeta",,,"Enchytraeida",,,,"Enchytraeidae",,,,,"sp.",,"none",1,,1,98,1,"N","N",,"condition OK","Y",,"Kathman and Brinkhurst 1999","N","EcoAnalysts Inc.","G. Wallace",,,
"644b3e89-3fb7-41ef-aab1-dc722d77054b","D05","CRAM","CRAM.AOS.littoral2","2020-07-09T16:18Z","2020-10-26","CRAM.20200709.PONAR.1","A00000203301",,"PARSP25","Y","Parakiefferiella sp.",,"genus","Arthropoda","Hexapoda","Insecta","Pterygota","Neoptera","Holometabola","Diptera","Nematocera","Culicomorpha",,"Chironomidae","Orthocladiinae",,,"Parakiefferiella","sp.",,"larva",2,,1,100,1,"N","N",,"condition OK","Y",,"Epler 2001","N","EcoAnalysts Inc.","G. Wallace",,,
"e294df87-68aa-405e-bd8a-10a5ab58f698","D05","CRAM","CRAM.AOS.riparian.point.05","2020-07-09T16:18Z","2020-10-26","CRAM.20200709.BENTHICSWEEP.5","A00000203297","CRAM.20200709.BENTHICSWEEP.5_OLIGOCHAETE_1/1","CHADIA1","Y","Chaetogaster diastrophus",,"species","Annelida","Clitellata","Oligochaeta","Oligochaeta",,,"Tubificida",,,,"Naididae","Naidinae",,,"Chaetogaster","diastrophus",,"none",,,2,9,22,"N","N",,"damaged, affecting measurement","Y",,"Kathman and Brinkhurst 1998","Y","EcoAnalysts Inc.","G. Wallace","1not measured",,
"eda2a62c-f98d-432c-bd1f-a87e731f8ac7","D05","CRAM","CRAM.AOS.littoral2","2020-07-09T16:18Z","2020-10-26","CRAM.20200709.PONAR.1","A00000203301",,"DICSP7","Y","Dicrotendipes sp.",,"genus","Arthropoda","Hexapoda","Insecta","Pterygota","Neoptera","Holometabola","Diptera","Nematocera","Culicomorpha",,"Chironomidae","Chironominae","Chironomini",,"Dicrotendipes","sp.",,"larva",2,,3,100,3,"Y","N",,"condition OK","Y",,"Epler 1987 1988 2001","N","EcoAnalysts Inc.","G. Wallace",,,
"b95f9167-7ddc-4d5f-8b7e-d3807363d298","D05","CRAM","CRAM.AOS.riparian.point.07","2020-07-09T16:18Z","2020-10-26","CRAM.20200709.BENTHICSWEEP.7","A00000203299",,"PSESP19","Y","Psectrocladius sp.",,"genus","Arthropoda","Hexapoda","Insecta","Pterygota","Neoptera","Holometabola","Diptera","Nematocera","Culicomorpha",,"Chironomidae","Orthocladiinae",,,"Psectrocladius","sp.",,"larva",1,,4,18,23,"N","N",,"condition OK","Y",,"Epler 2001","N","EcoAnalysts Inc.","G. Wallace",,,
"fb93ab7e-85aa-442c-a2d7-4a0cc353bd7e","D05","CRAM","CRAM.AOS.riparian.point.09","2020-07-09T16:18Z","2020-10-26","CRAM.20200709.BENTHICSWEEP.9","A00000203300",,"LABSP","Y","Labrundinia sp.",,"genus","Arthropoda","Hexapoda","Insecta","Pterygota","Neoptera","Holometabola","Diptera","Nematocera","Culicomorpha",,"Chironomidae","Tanypodinae","Pentaneurini",,"Labrundinia","sp.",,"pupa",3,,1,8,12,"N","N",,"condition OK","Y",,"Epler 2001","N","EcoAnalysts Inc.","G. Wallace",,,
"7a8970e6-57b0-4adf-b51c-d230ec8b8192","D05","CRAM","CRAM.AOS.riparian.point.07","2020-07-09T16:18Z","2020-10-26","CRAM.20200709.BENTHICSWEEP.7","A00000203299","CRAM.20200709.BENTHICSWEEP.7_OLIGOCHAETE_1/1","CHADIA1","Y","Chaetogaster diastrophus",,"species","Annelida","Clitellata","Oligochaeta","Oligochaeta",,,"Tubificida",,,,"Naididae","Naidinae",,,"Chaetogaster","diastrophus",,"none",,,2,18,11,"N","N",,"damaged, affecting measurement","Y",,"Kathman and Brinkhurst 1998","N","EcoAnalysts Inc.","G. Wallace","1not measured",,
"a3733fe7-b389-4cfa-9d85-aca8f1223c48","D05","CRAM","CRAM.AOS.riparian.point.03","2020-07-09T16:18Z","2020-10-26","CRAM.20200709.BENTHICSWEEP.3","A00000203295",,"COESP","Y","Coenagrionidae sp.",,"family","Arthropoda","Hexapoda","Insecta","Pterygota","Palaeoptera",,"Odonata","Zygoptera",,,"Coenagrionidae",,,,,"sp.",,"larva",2,,1,98,1,"Y","N",,"condition OK","Y",,"Westfall and May 1996","N","EcoAnalysts Inc.","A. Navesky",,,
"275ed0a7-9e57-4163-ad84-8c6605d3ade1","D05","CRAM","CRAM.AOS.littoral2","2020-07-09T16:18Z","2020-10-26","CRAM.20200709.PONAR.1","A00000203301",,"CAESP5","Y","Caenis sp.",,"genus","Arthropoda","Hexapoda","Insecta","Pterygota","Palaeoptera",,"Ephemeroptera","Furcatergalia","Pannota","Caenoidea","Caenidae","Caeninae",,,"Caenis","sp.",,"larva",6,,2,100,2,"N","Y",,"condition OK","Y",,"Merritt and Cummins 2008","N","EcoAnalysts Inc.","A. Navesky",,,
"17972b72-42cf-40ac-ba41-71ea5a0d0077","D05","CRAM","CRAM.AOS.riparian.point.01","2020-07-09T16:18Z","2020-10-26","CRAM.20200709.BENTHICSWEEP.1","A00000203293","7644.13-16","NAISP1","Y","Nais sp.",,"genus","Annelida","Clitellata","Oligochaeta","Oligochaeta",,,"Tubificida",,,,"Naididae","Naidinae",,,"Nais","sp.",,"none",2,,1,36,3,"N","N",,"condition OK","Y",,"Kathman and Brinkhurst 1998","N","EcoAnalysts Inc.","G. Wallace","Fragment measured",,
"9bc1fc5a-0cce-47f5-b456-5511b899b72e","D05","CRAM","CRAM.AOS.riparian.point.07","2020-07-09T16:18Z","2020-10-26","CRAM.20200709.BENTHICSWEEP.7","A00000203299",,"ABLSP","Y","Ablabesmyia sp.",,"genus","Arthropoda","Hexapoda","Insecta","Pterygota","Neoptera","Holometabola","Diptera","Nematocera","Culicomorpha",,"Chironomidae","Tanypodinae","Pentaneurini",,"Ablabesmyia","sp.",,"larva",2,"2a",2,18,11,"Y","Y",,"condition OK","Y",,"Roback 1985; Epler 2001","N","EcoAnalysts Inc.","G. Wallace","Fragment measured; larger ones w/ 3-segmented palps",,
"718a4d4f-887c-4966-bc18-0adb4e45773e","D05","CRAM","CRAM.AOS.riparian.point.07","2020-07-09T16:18Z","2020-10-26","CRAM.20200709.BENTHICSWEEP.7","A00000203299",,"MICPED","Y","Microtendipes pedellus gr.",,"speciesGroup","Arthropoda","Hexapoda","Insecta","Pterygota","Neoptera","Holometabola","Diptera","Nematocera","Culicomorpha",,"Chironomidae","Chironominae","Chironomini",,"Microtendipes","pedellus gr.",,"larva",2,,1,18,6,"N","N",,"condition OK","Y",,"Epler 2001","N","EcoAnalysts Inc.","G. Wallace",,,
"4e91ec2e-2212-417b-8cf6-9dfc0514e8be","D05","CRAM","CRAM.AOS.riparian.point.07","2020-07-09T16:18Z","2020-10-26","CRAM.20200709.BENTHICSWEEP.7","A00000203299",,"NILSP1","Y","Nilothauma sp.",,"genus","Arthropoda","Hexapoda","Insecta","Pterygota","Neoptera","Holometabola","Diptera","Nematocera","Culicomorpha",,"Chironomidae","Chironominae","Chironomini",,"Nilothauma","sp.",,"larva",3,,1,18,6,"N","N",,"condition OK","Y",,"Epler 2001","N","EcoAnalysts Inc.","G. Wallace",,,
"67d282d6-0308-4ede-acbb-bdce618c786e","D05","CRAM","CRAM.AOS.riparian.point.03","2020-07-09T16:18Z","2020-10-26","CRAM.20200709.BENTHICSWEEP.3","A00000203295",,"OXYSP","Y","Oxyethira sp.",,"genus","Arthropoda","Hexapoda","Insecta","Pterygota","Neoptera","Holometabola","Trichoptera",,,"Hydroptiloidea","Hydroptilidae","Hydroptilinae","Hydroptilini",,"Oxyethira","sp.",,"larva",1,,2,98,2,"N","N",,"condition OK","Y",,"Wiggins 1996","N","EcoAnalysts Inc.","A. Navesky",,,
"edc3bbba-c53d-410e-a7fc-764a53b8ee85","D05","CRAM","CRAM.AOS.littoral1","2020-07-09T16:18Z","2020-10-25","CRAM.20200709.PONAR.2","A00000203302",,"STESP10","Y","Stempellinella sp.",,"genus","Arthropoda","Hexapoda","Insecta","Pterygota","Neoptera","Holometabola","Diptera","Nematocera","Culicomorpha",,"Chironomidae","Chironominae","Tanytarsini",,"Stempellinella","sp.",,"larva",2,,1,56,2,"N","N",,"condition OK","Y",,"Epler 2001","N","EcoAnalysts Inc.","G. Wallace","Fragment measured",,
"3cff72ea-1d11-49eb-9e8b-cbf865bbf5c7","D05","CRAM","CRAM.AOS.riparian.point.05","2020-07-09T16:18Z","2020-10-26","CRAM.20200709.BENTHICSWEEP.5","A00000203297",,"ANISP1","Y","Anisoptera sp.",,"suborder","Arthropoda","Hexapoda","Insecta","Pterygota","Palaeoptera",,"Odonata","Anisoptera",,,,,,,,"sp.",,"larva",1,,1,9,11,"Y","N",,"condition OK","N",,"Merritt and Cummins 2008","Y","EcoAnalysts Inc.","A. Navesky",,,
"44e479ee-2ff5-4196-9375-32f7e717d940","D05","CRAM","CRAM.AOS.littoral1","2020-07-09T16:18Z","2020-10-25","CRAM.20200709.PONAR.2","A00000203302",,"CERSP10","Y","Ceratopogoninae sp.",,"subfamily","Arthropoda","Hexapoda","Insecta","Pterygota","Neoptera","Holometabola","Diptera","Nematocera","Culicomorpha",,"Ceratopogonidae","Ceratopogoninae",,,,"sp.",,"larva",5,,6,56,11,"N","Y",,"condition OK","Y",,"Merritt and Cummins 2008","N","EcoAnalysts Inc.","A. Navesky",,,
"c940a50d-8cfe-4f32-b0f8-fa6c3c783df0","D05","CRAM","CRAM.AOS.riparian.point.03","2020-07-09T16:18Z","2020-10-26","CRAM.20200709.BENTHICSWEEP.3","A00000203295","CRAM.20200709.BENTHICSWEEP.3_OLIGOCHAETE_2/2|CRAM.20200709.BENTHICSWEEP.3_OLIGOCHAETE_1/2","VEJCOM","Y","Vejdovskyella comata",,"species","Annelida","Clitellata","Oligochaeta","Oligochaeta",,,"Tubificida",,,,"Naididae","Naidinae",,,"Vejdovskyella","comata",,"none",1,,1,98,1,"N","N",,"condition OK","Y",,"Kathman and Brinkhurst 1998","N","EcoAnalysts Inc.","G. Wallace","Fragment measured",,
"c28bc29f-8955-49d4-aa02-9bac056d1ebb","D05","CRAM","CRAM.AOS.littoral1","2020-07-09T16:18Z","2020-10-25","CRAM.20200709.PONAR.2","A00000203302",,"DICSP7","Y","Dicrotendipes sp.",,"genus","Arthropoda","Hexapoda","Insecta","Pterygota","Neoptera","Holometabola","Diptera","Nematocera","Culicomorpha",,"Chironomidae","Chironominae","Chironomini",,"Dicrotendipes","sp.",,"larva",2,"2b",1,56,2,"Y","Y",,"condition OK","Y",,"Epler 1987 1988 2001","N","EcoAnalysts Inc.","G. Wallace","Fragment measured",,
"c84ffafe-83cd-44fc-acb0-e93b47ae48e2","D05","CRAM","CRAM.AOS.riparian.point.01","2020-07-09T16:18Z","2020-10-26","CRAM.20200709.BENTHICSWEEP.1","A00000203293",,"MICPED","Y","Microtendipes pedellus gr.",,"speciesGroup","Arthropoda","Hexapoda","Insecta","Pterygota","Neoptera","Holometabola","Diptera","Nematocera","Culicomorpha",,"Chironomidae","Chironominae","Chironomini",,"Microtendipes","pedellus gr.",,"larva",1,"1a",1,36,3,"N","N",,"condition OK","Y",,"Epler 2001","N","EcoAnalysts Inc.","G. Wallace","Fragment measured",,
"560eb493-372b-4fe6-bbd6-beb48e782c58","D05","CRAM","CRAM.AOS.riparian.point.03","2020-07-09T16:18Z","2020-10-26","CRAM.20200709.BENTHICSWEEP.3","A00000203295",,"THISP2","Y","Thienemanniella sp.",,"genus","Arthropoda","Hexapoda","Insecta","Pterygota","Neoptera","Holometabola","Diptera","Nematocera","Culicomorpha",,"Chironomidae","Orthocladiinae",,,"Thienemanniella","sp.",,"larva",1,,1,98,1,"N","N",,"condition OK","Y",,"Epler 2001","N","EcoAnalysts Inc.","G. Wallace",,,
"d1f71fa8-9406-4896-9f0b-e85d1a827c27","D05","CRAM","CRAM.AOS.riparian.point.03","2020-07-09T16:18Z","2020-10-26","CRAM.20200709.BENTHICSWEEP.3","A00000203295",,"ANISP1","Y","Anisoptera sp.",,"suborder","Arthropoda","Hexapoda","Insecta","Pterygota","Palaeoptera",,"Odonata","Anisoptera",,,,,,,,"sp.",,"larva",1,,1,98,1,"Y","N",,"condition OK","Y",,"Merritt and Cummins 2008","N","EcoAnalysts Inc.","A. Navesky",,,
"86716325-d7e6-4840-bf81-00b9f28f2436","D05","CRAM","CRAM.AOS.littoral1","2020-07-09T16:18Z","2020-10-25","CRAM.20200709.PONAR.2","A00000203302",,"NILSP1","Y","Nilothauma sp.",,"genus","Arthropoda","Hexapoda","Insecta","Pterygota","Neoptera","Holometabola","Diptera","Nematocera","Culicomorpha",,"Chironomidae","Chironominae","Chironomini",,"Nilothauma","sp.",,"larva",2,,2,56,4,"N","N",,"condition OK","Y",,"Epler 2001","N","EcoAnalysts Inc.","G. Wallace",,,
"846eff3e-843d-4762-b639-3f8a291e5430","D05","CRAM","CRAM.AOS.littoral1","2020-07-09T16:18Z","2020-10-25","CRAM.20200709.PONAR.2","A00000203302",,"LARSP","Y","Larsia sp.",,"genus","Arthropoda","Hexapoda","Insecta","Pterygota","Neoptera","Holometabola","Diptera","Nematocera","Culicomorpha",,"Chironomidae","Tanypodinae","Pentaneurini",,"Larsia","sp.",,"larva",4,,2,56,4,"N","N",,"condition OK","Y",,"Epler 2001","N","EcoAnalysts Inc.","G. Wallace",,,
"fdb7fd90-0e21-428f-ba48-ba09760be209","D05","CRAM","CRAM.AOS.littoral1","2020-07-09T16:18Z","2020-10-25","CRAM.20200709.PONAR.2","A00000203302",,"PAGSP5","Y","Pagastiella sp.",,"genus","Arthropoda","Hexapoda","Insecta","Pterygota","Neoptera","Holometabola","Diptera","Nematocera","Culicomorpha",,"Chironomidae","Chironominae","Chironomini",,"Pagastiella","sp.",,"larva",1,"1a",1,56,2,"N","N",,"condition OK","Y",,"Epler 2001","N","EcoAnalysts Inc.","G. Wallace","Fragment measured",,
"6e275a3d-b3e4-43a2-9abe-a5fc21c2c557","D05","CRAM","CRAM.AOS.riparian.point.03","2020-07-09T16:18Z","2020-10-26","CRAM.20200709.BENTHICSWEEP.3","A00000203295",,"TANSP11","Y","Tanytarsus sp.",,"genus","Arthropoda","Hexapoda","Insecta","Pterygota","Neoptera","Holometabola","Diptera","Nematocera","Culicomorpha",,"Chironomidae","Chironominae","Tanytarsini",,"Tanytarsus","sp.",,"larva",1,,40,98,41,"N","N",,"condition OK","Y",,"Epler 2001","N","EcoAnalysts Inc.","G. Wallace",,,
"5cf1ce5f-4005-4653-bcd4-c4da6a1996a5","D05","CRAM","CRAM.AOS.riparian.point.05","2020-07-09T16:18Z","2020-10-26","CRAM.20200709.BENTHICSWEEP.5","A00000203297",,"CERSP10","Y","Ceratopogoninae sp.",,"subfamily","Arthropoda","Hexapoda","Insecta","Pterygota","Neoptera","Holometabola","Diptera","Nematocera","Culicomorpha",,"Ceratopogonidae","Ceratopogoninae",,,,"sp.",,"larva",2,,3,9,33,"N","Y",,"condition OK","Y",,"Merritt and Cummins 2008","Y","EcoAnalysts Inc.","A. Navesky",,,
"3a160a3a-70ad-4ac0-bca8-5e3764876f80","D05","CRAM","CRAM.AOS.riparian.point.07","2020-07-09T16:18Z","2020-10-26","CRAM.20200709.BENTHICSWEEP.7","A00000203299",,"PSESP19","Y","Psectrocladius sp.",,"genus","Arthropoda","Hexapoda","Insecta","Pterygota","Neoptera","Holometabola","Diptera","Nematocera","Culicomorpha",,"Chironomidae","Orthocladiinae",,,"Psectrocladius","sp.",,"larva",2,,2,18,11,"N","N",,"condition OK","Y",,"Epler 2001","N","EcoAnalysts Inc.","G. Wallace",,,
"638716dc-f00c-44eb-9bb3-6c3d783be80e","D05","CRAM","CRAM.AOS.littoral2","2020-07-09T16:18Z","2020-10-26","CRAM.20200709.PONAR.1","A00000203301",,"PARSP34","Y","Paratanytarsus sp.",,"genus","Arthropoda","Hexapoda","Insecta","Pterygota","Neoptera","Holometabola","Diptera","Nematocera","Culicomorpha",,"Chironomidae","Chironominae","Tanytarsini",,"Paratanytarsus","sp.",,"larva",1,,1,100,1,"N","N",,"condition OK","Y",,"Epler 2001","N","EcoAnalysts Inc.","G. Wallace",,,
"97581562-ba18-4874-9986-45141f4cd917","D05","CRAM","CRAM.AOS.riparian.point.07","2020-07-09T16:18Z","2020-10-26","CRAM.20200709.BENTHICSWEEP.7","A00000203299",,"TANSP11","Y","Tanytarsus sp.",,"genus","Arthropoda","Hexapoda","Insecta","Pterygota","Neoptera","Holometabola","Diptera","Nematocera","Culicomorpha",,"Chironomidae","Chironominae","Tanytarsini",,"Tanytarsus","sp.",,"larva",2,,17,18,97,"N","N",,"condition OK","Y",,"Epler 2001","N","EcoAnalysts Inc.","G. Wallace",,,
"92071a40-3b2c-4feb-98ee-8f298bc99b84","D05","CRAM","CRAM.AOS.riparian.point.09","2020-07-09T16:18Z","2020-10-26","CRAM.20200709.BENTHICSWEEP.9","A00000203300",,"COESP","Y","Coenagrionidae sp.",,"family","Arthropoda","Hexapoda","Insecta","Pterygota","Palaeoptera",,"Odonata","Zygoptera",,,"Coenagrionidae",,,,,"sp.",,"larva",2,,1,8,12,"Y","N",,"condition OK","Y",,"Westfall and May 1996","N","EcoAnalysts Inc.","A. Navesky",,,
"4800fee3-f6cd-4e99-a62b-4901d21db9ab","D05","CRAM","CRAM.AOS.riparian.point.09","2020-07-09T16:18Z","2020-10-26","CRAM.20200709.BENTHICSWEEP.9","A00000203300","CRAM.20200709.BENTHICSWEEP.9_OLIGOCHAETE_1/1","SLAAPP","Y","Slavina appendiculata",,"species","Annelida","Clitellata","Oligochaeta","Oligochaeta",,,"Tubificida",,,,"Naididae","Naidinae",,,"Slavina","appendiculata",,"none",1,"1b",1,8,12,"N","N",,"condition OK","Y",,"Kathman and Brinkhurst 1998","N","EcoAnalysts Inc.","G. Wallace","Fragment measured",,
"f9619302-80c9-4c4d-b4cb-e61529073187","D05","CRAM","CRAM.AOS.riparian.point.07","2020-07-09T16:18Z","2020-10-26","CRAM.20200709.BENTHICSWEEP.7","A00000203299",,"ABLSP","Y","Ablabesmyia sp.",,"genus","Arthropoda","Hexapoda","Insecta","Pterygota","Neoptera","Holometabola","Diptera","Nematocera","Culicomorpha",,"Chironomidae","Tanypodinae","Pentaneurini",,"Ablabesmyia","sp.",,"larva",3,,3,18,17,"Y","Y",,"condition OK","Y",,"Roback 1985; Epler 2001","N","EcoAnalysts Inc.","G. Wallace","Larger ones w/ 3-segmented palps",,
"97ac244d-e945-4248-8d4f-ca6adc2d9782","D05","CRAM","CRAM.AOS.riparian.point.09","2020-07-09T16:18Z","2020-10-26","CRAM.20200709.BENTHICSWEEP.9","A00000203300",,"DICSP7","Y","Dicrotendipes sp.",,"genus","Arthropoda","Hexapoda","Insecta","Pterygota","Neoptera","Holometabola","Diptera","Nematocera","Culicomorpha",,"Chironomidae","Chironominae","Chironomini",,"Dicrotendipes","sp.",,"larva",1,,1,8,12,"N","Y",,"condition OK","Y",,"Epler 1987 1988 2001","N","EcoAnalysts Inc.","G. Wallace","Fragment measured",,
"2e02eb13-2918-4427-8843-36d5db9bd890","D05","CRAM","CRAM.AOS.littoral1","2020-07-09T16:18Z","2020-10-25","CRAM.20200709.PONAR.2","A00000203302",,"CERSP10","Y","Ceratopogoninae sp.",,"subfamily","Arthropoda","Hexapoda","Insecta","Pterygota","Neoptera","Holometabola","Diptera","Nematocera","Culicomorpha",,"Ceratopogonidae","Ceratopogoninae",,,,"sp.",,"larva",7,,3,56,5,"N","Y",,"condition OK","Y",,"Merritt and Cummins 2008","N","EcoAnalysts Inc.","A. Navesky",,,
"e1630c76-955b-4b4b-9eaa-7966707f8821","D05","CRAM","CRAM.AOS.riparian.point.01","2020-07-09T16:18Z","2020-10-26","CRAM.20200709.BENTHICSWEEP.1","A00000203293","CRAM.20200709.BENTHICSWEEP.1_OLIGOCHAETE_1/2|CRAM.20200709.BENTHICSWEEP.1_OLIGOCHAETE_2/2","CHADIA1","Y","Chaetogaster diastrophus",,"species","Annelida","Clitellata","Oligochaeta","Oligochaeta",,,"Tubificida",,,,"Naididae","Naidinae",,,"Chaetogaster","diastrophus",,"none",1,,1,36,3,"N","N",,"condition OK","Y",,"Kathman and Brinkhurst 1998","N","EcoAnalysts Inc.","G. Wallace",,,
"d2828fdf-bc36-483b-acdf-4da3365c3fe7","D05","CRAM","CRAM.AOS.riparian.point.03","2020-07-09T16:18Z","2020-10-26","CRAM.20200709.BENTHICSWEEP.3","A00000203295",,"THIGRO","Y","Thienemannimyia gr.",,"speciesGroup","Arthropoda","Hexapoda","Insecta","Pterygota","Neoptera","Holometabola","Diptera","Nematocera","Culicomorpha",,"Chironomidae","Tanypodinae","Pentaneurini",,"Thienemannimyia","gr.",,"larva",1,,2,98,2,"N","N",,"condition OK","Y",,"Epler 2001","N","EcoAnalysts Inc.","G. Wallace",,,
"8cda727d-cd2b-4325-8f4a-f8ee31eb50c2","D05","CRAM","CRAM.AOS.riparian.point.09","2020-07-09T16:18Z","2020-10-26","CRAM.20200709.BENTHICSWEEP.9","A00000203300","7644.13-12","NAISP1","Y","Nais sp.",,"genus","Annelida","Clitellata","Oligochaeta","Oligochaeta",,,"Tubificida",,,,"Naididae","Naidinae",,,"Nais","sp.",,"none",2,,1,8,12,"N","N",,"condition OK","Y",,"Kathman and Brinkhurst 1998","N","EcoAnalysts Inc.","G. Wallace","Fragment measured",,
"95210000-66b3-4c05-9512-4d8fe88cfe7c","D05","CRAM","CRAM.AOS.riparian.point.07","2020-07-09T16:18Z","2020-10-26","CRAM.20200709.BENTHICSWEEP.7","A00000203299",,"GLYSP3","Y","Glyptotendipes sp.",,"genus","Arthropoda","Hexapoda","Insecta","Pterygota","Neoptera","Holometabola","Diptera","Nematocera","Culicomorpha",,"Chironomidae","Chironominae","Chironomini",,"Glyptotendipes","sp.",,"larva",3,,1,18,6,"N","N",,"condition OK","Y",,"Epler 2001","N","EcoAnalysts Inc.","G. Wallace",,,
"cce4db1e-4dd9-42d0-83b1-cc84d04ef88f","D05","CRAM","CRAM.AOS.riparian.point.01","2020-07-09T16:18Z","2020-10-26","CRAM.20200709.BENTHICSWEEP.1","A00000203293",,"POLILL","Y","Polypedilum illinoense gr.",,"speciesGroup","Arthropoda","Hexapoda","Insecta","Pterygota","Neoptera","Holometabola","Diptera","Nematocera","Culicomorpha",,"Chironomidae","Chironominae","Chironomini",,"Polypedilum","illinoense gr.",,"larva",2,,1,36,3,"N","N",,"condition OK","Y",,"Epler 2001 and Maschwitz and Cook 2000","N","EcoAnalysts Inc.","G. Wallace",,,
"d372e96e-54db-411c-baab-f89f2adb56be","D05","CRAM","CRAM.AOS.riparian.point.09","2020-07-09T16:18Z","2020-10-26","CRAM.20200709.BENTHICSWEEP.9","A00000203300",,"ACASP1","Y","Acari sp.",,"subclass","Arthropoda","Chelicerata","Arachnida","Acari",,,,,,,,,,,,"sp.",,"none",1,,1,8,12,"Y","N",,"condition OK","Y",,"Thorp and Covich 2001","N","EcoAnalysts Inc.","A. Navesky",,,
"daec5e54-20b9-48e9-8a3b-9b7ec4729a1a","D05","CRAM","CRAM.AOS.riparian.point.07","2020-07-09T16:18Z","2020-10-26","CRAM.20200709.BENTHICSWEEP.7","A00000203299",,"CERSP10","Y","Ceratopogoninae sp.",,"subfamily","Arthropoda","Hexapoda","Insecta","Pterygota","Neoptera","Holometabola","Diptera","Nematocera","Culicomorpha",,"Ceratopogonidae","Ceratopogoninae",,,,"sp.",,"larva",12,,1,18,6,"N","Y",,"condition OK","Y",,"Merritt and Cummins 2008","N","EcoAnalysts Inc.","A. Navesky",,,
"621660bc-bd8a-4566-95be-7cead0802d65","D05","CRAM","CRAM.AOS.riparian.point.05","2020-07-09T16:18Z","2020-10-26","CRAM.20200709.BENTHICSWEEP.5","A00000203297",,"LARSP","Y","Larsia sp.",,"genus","Arthropoda","Hexapoda","Insecta","Pterygota","Neoptera","Holometabola","Diptera","Nematocera","Culicomorpha",,"Chironomidae","Tanypodinae","Pentaneurini",,"Larsia","sp.",,"larva",1,,1,9,11,"N","N",,"condition OK","Y",,"Epler 2001","Y","EcoAnalysts Inc.","G. Wallace",,,
"a616d250-0489-4504-9263-ebf7e73027cc","D05","CRAM","CRAM.AOS.littoral1","2020-07-09T16:18Z","2020-10-25","CRAM.20200709.PONAR.2","A00000203302",,"STESP9","Y","Stempellina sp.",,"genus","Arthropoda","Hexapoda","Insecta","Pterygota","Neoptera","Holometabola","Diptera","Nematocera","Culicomorpha",,"Chironomidae","Chironominae","Tanytarsini",,"Stempellina","sp.",,"larva",1,"1b",2,56,4,"N","N",,"condition OK","Y",,"Epler 2001","N","EcoAnalysts Inc.","G. Wallace",,,
"09d230b5-d3c2-4834-9386-8278d77036f7","D05","CRAM","CRAM.AOS.riparian.point.03","2020-07-09T16:18Z","2020-10-26","CRAM.20200709.BENTHICSWEEP.3","A00000203295",,"TANSP11","Y","Tanytarsus sp.",,"genus","Arthropoda","Hexapoda","Insecta","Pterygota","Neoptera","Holometabola","Diptera","Nematocera","Culicomorpha",,"Chironomidae","Chironominae","Tanytarsini",,"Tanytarsus","sp.",,"larva",4,,1,98,1,"N","N",,"condition OK","Y",,"Epler 2001","N","EcoAnalysts Inc.","G. Wallace",,,
"15f1e417-9be4-4760-804e-7b94aed0b716","D05","CRAM","CRAM.AOS.riparian.point.01","2020-07-09T16:18Z","2020-10-26","CRAM.20200709.BENTHICSWEEP.1","A00000203293",,"THIGRO","Y","Thienemannimyia gr.",,"speciesGroup","Arthropoda","Hexapoda","Insecta","Pterygota","Neoptera","Holometabola","Diptera","Nematocera","Culicomorpha",,"Chironomidae","Tanypodinae","Pentaneurini",,"Thienemannimyia","gr.",,"larva",2,,1,36,3,"N","N",,"condition OK","Y",,"Epler 2001","N","EcoAnalysts Inc.","G. Wallace",,,
"c7d9d98c-d105-4ac5-b88e-bc05b58f7ab0","D05","CRAM","CRAM.AOS.littoral2","2020-07-09T16:18Z","2020-10-26","CRAM.20200709.PONAR.1","A00000203301",,"CERSP10","Y","Ceratopogoninae sp.",,"subfamily","Arthropoda","Hexapoda","Insecta","Pterygota","Neoptera","Holometabola","Diptera","Nematocera","Culicomorpha",,"Ceratopogonidae","Ceratopogoninae",,,,"sp.",,"larva",6,,3,100,3,"N","Y",,"condition OK","Y",,"Merritt and Cummins 2008","N","EcoAnalysts Inc.","A. Navesky",,,
"3b1405b2-2ae5-46be-9d36-4677072af009","D05","CRAM","CRAM.AOS.riparian.point.09","2020-07-09T16:18Z","2020-10-26","CRAM.20200709.BENTHICSWEEP.9","A00000203300",,"EPHSP","Y","Ephemeroptera sp.",,"order","Arthropoda","Hexapoda","Insecta","Pterygota","Palaeoptera",,"Ephemeroptera",,,,,,,,,"sp.",,"larva",1,,47,8,578,"Y","N",,"condition OK","Y",,"Merritt and Cummins 2008","N","EcoAnalysts Inc.","A. Navesky",,,
"2c9781c9-0d78-4a65-a7eb-0fbcbba29ec0","D05","CRAM","CRAM.AOS.littoral1","2020-07-09T16:18Z","2020-10-25","CRAM.20200709.PONAR.2","A00000203302",,"CORSP1","Y","Corbiculoidea sp.",,"superfamily","Mollusca",,"Bivalvia","Heterodonta",,,"Veneroida",,,"Corbiculoidea",,,,,,"sp.",,"none",3,,2,56,4,"N","N",,"damaged, affecting taxonomy","N",,"Mackie 2007","N","EcoAnalysts Inc.","A. Navesky","missing shell",,
"50486a16-d0fb-470e-afcd-138573ccdd77","D05","CRAM","CRAM.AOS.riparian.point.03","2020-07-09T16:18Z","2020-10-26","CRAM.20200709.BENTHICSWEEP.3","A00000203295",,"PENSP6","Y","Pentaneurini sp.",,"tribe","Arthropoda","Hexapoda","Insecta","Pterygota","Neoptera","Holometabola","Diptera","Nematocera","Culicomorpha",,"Chironomidae","Tanypodinae","Pentaneurini",,,"sp.",,"larva",1,,1,98,1,"Y","N",,"condition OK","N",,"Epler 2001","N","EcoAnalysts Inc.","G. Wallace",,,
"4498b385-34c2-44ff-a712-bc8b7fa666c2","D05","CRAM","CRAM.AOS.riparian.point.01","2020-07-09T16:18Z","2020-10-26","CRAM.20200709.BENTHICSWEEP.1","A00000203293",,"ACASP1","Y","Acari sp.",,"subclass","Arthropoda","Chelicerata","Arachnida","Acari",,,,,,,,,,,,"sp.",,"none",1,,3,36,8,"Y","N",,"condition OK","Y",,"Thorp and Covich 2001","N","EcoAnalysts Inc.","A. Navesky","maybe Halacaridae",,
"2cb5f555-7a57-4fee-94c8-17144fa1e7da","D05","CRAM","CRAM.AOS.littoral1","2020-07-09T16:18Z","2020-10-25","CRAM.20200709.PONAR.2","A00000203302",,"PROSP23","Y","Procladius sp.",,"genus","Arthropoda","Hexapoda","Insecta","Pterygota","Neoptera","Holometabola","Diptera","Nematocera","Culicomorpha",,"Chironomidae","Tanypodinae","Procladiini",,"Procladius","sp.",,"larva",5,,1,56,2,"N","N",,"condition OK","Y",,"Epler 2001","N","EcoAnalysts Inc.","G. Wallace",,,
"f05c03e0-33fd-4692-9e8c-f142825faf81","D05","CRAM","CRAM.AOS.riparian.point.01","2020-07-09T16:18Z","2020-10-26","CRAM.20200709.BENTHICSWEEP.1","A00000203293",,"DICSP7","Y","Dicrotendipes sp.",,"genus","Arthropoda","Hexapoda","Insecta","Pterygota","Neoptera","Holometabola","Diptera","Nematocera","Culicomorpha",,"Chironomidae","Chironominae","Chironomini",,"Dicrotendipes","sp.",,"larva",3,,5,36,14,"Y","Y",,"condition OK","Y",,"Epler 1987 1988 2001","N","EcoAnalysts Inc.","G. Wallace",,,
"4b6d13ba-8b43-47e1-b7d0-faeb3c91c0d3","D05","CRAM","CRAM.AOS.riparian.point.09","2020-07-09T16:18Z","2020-10-26","CRAM.20200709.BENTHICSWEEP.9","A00000203300",,"CORSP19","Y","Corynoneura sp.",,"genus","Arthropoda","Hexapoda","Insecta","Pterygota","Neoptera","Holometabola","Diptera","Nematocera","Culicomorpha",,"Chironomidae","Orthocladiinae",,,"Corynoneura","sp.",,"larva",2,,1,8,12,"N","N",,"condition OK","Y",,"Epler 2001","N","EcoAnalysts Inc.","G. Wallace",,,
"f8124f62-01c4-446e-afd6-31ea06bbeb61","D05","CRAM","CRAM.AOS.riparian.point.09","2020-07-09T16:18Z","2020-10-26","CRAM.20200709.BENTHICSWEEP.9","A00000203300",,"POLILL","Y","Polypedilum illinoense gr.",,"speciesGroup","Arthropoda","Hexapoda","Insecta","Pterygota","Neoptera","Holometabola","Diptera","Nematocera","Culicomorpha",,"Chironomidae","Chironominae","Chironomini",,"Polypedilum","illinoense gr.",,"larva",1,,4,8,49,"N","N",,"condition OK","Y",,"Epler 2001 and Maschwitz and Cook 2000","N","EcoAnalysts Inc.","G. Wallace",,,
"78e091cd-f4b9-44d5-952c-00c12131a301","D05","CRAM","CRAM.AOS.littoral2","2020-07-09T16:18Z","2020-10-26","CRAM.20200709.PONAR.1","A00000203301",,"TANSP11","Y","Tanytarsus sp.",,"genus","Arthropoda","Hexapoda","Insecta","Pterygota","Neoptera","Holometabola","Diptera","Nematocera","Culicomorpha",,"Chironomidae","Chironominae","Tanytarsini",,"Tanytarsus","sp.",,"larva",5,,1,100,1,"N","N",,"condition OK","Y",,"Epler 2001","N","EcoAnalysts Inc.","G. Wallace",,,
"045d2387-2dd7-410e-97a0-22cd91f63457","D05","CRAM","CRAM.AOS.littoral1","2020-07-09T16:18Z","2020-10-25","CRAM.20200709.PONAR.2","A00000203302",,"MICPED","Y","Microtendipes pedellus gr.",,"speciesGroup","Arthropoda","Hexapoda","Insecta","Pterygota","Neoptera","Holometabola","Diptera","Nematocera","Culicomorpha",,"Chironomidae","Chironominae","Chironomini",,"Microtendipes","pedellus gr.",,"larva",2,,6,56,11,"N","N",,"condition OK","Y",,"Epler 2001","N","EcoAnalysts Inc.","G. Wallace",,,
"47c2faf9-fa42-4c4a-b1f0-ec8ebb550a00","D05","CRAM","CRAM.AOS.riparian.point.05","2020-07-09T16:18Z","2020-10-26","CRAM.20200709.BENTHICSWEEP.5","A00000203297",,"PSESP18","Y","Pseudochironomus sp.",,"genus","Arthropoda","Hexapoda","Insecta","Pterygota","Neoptera","Holometabola","Diptera","Nematocera","Culicomorpha",,"Chironomidae","Chironominae","Pseudochironomini",,"Pseudochironomus","sp.",,"larva",1,,3,9,33,"N","N",,"condition OK","Y",,"Epler 2001","Y","EcoAnalysts Inc.","G. Wallace","3 very small",,
"5c9c085e-2a6c-412b-a0bf-5831cccf4b9a","D05","CRAM","CRAM.AOS.riparian.point.05","2020-07-09T16:18Z","2020-10-26","CRAM.20200709.BENTHICSWEEP.5","A00000203297",,"ABLSP","Y","Ablabesmyia sp.",,"genus","Arthropoda","Hexapoda","Insecta","Pterygota","Neoptera","Holometabola","Diptera","Nematocera","Culicomorpha",,"Chironomidae","Tanypodinae","Pentaneurini",,"Ablabesmyia","sp.",,"larva",2,"2a",1,9,11,"Y","N",,"condition OK","Y",,"Roback 1985; Epler 2001","Y","EcoAnalysts Inc.","G. Wallace","Fragment measured",,
"cf1d6ebf-72c2-40f4-91c9-95155987ba45","D05","CRAM","CRAM.AOS.riparian.point.09","2020-07-09T16:18Z","2020-10-26","CRAM.20200709.BENTHICSWEEP.9","A00000203300",,"DICSP7","Y","Dicrotendipes sp.",,"genus","Arthropoda","Hexapoda","Insecta","Pterygota","Neoptera","Holometabola","Diptera","Nematocera","Culicomorpha",,"Chironomidae","Chironominae","Chironomini",,"Dicrotendipes","sp.",,"larva",3,,1,8,12,"N","Y",,"condition OK","Y",,"Epler 1987 1988 2001","N","EcoAnalysts Inc.","G. Wallace",,,
"f14833ff-e5eb-44e1-af1f-3ea7a0ff6a4d","D05","CRAM","CRAM.AOS.riparian.point.01","2020-07-09T16:18Z","2020-10-26","CRAM.20200709.BENTHICSWEEP.1","A00000203293",,"ABLSP","Y","Ablabesmyia sp.",,"genus","Arthropoda","Hexapoda","Insecta","Pterygota","Neoptera","Holometabola","Diptera","Nematocera","Culicomorpha",,"Chironomidae","Tanypodinae","Pentaneurini",,"Ablabesmyia","sp.",,"larva",3,,3,36,8,"Y","N",,"condition OK","N",,"Roback 1985; Epler 2001","N","EcoAnalysts Inc.","G. Wallace",,,
"576a8bba-5b6f-4e9c-8f6d-bde9221dc938","D05","CRAM","CRAM.AOS.littoral1","2020-07-09T16:18Z","2020-10-25","CRAM.20200709.PONAR.2","A00000203302",,"STESP9","Y","Stempellina sp.",,"genus","Arthropoda","Hexapoda","Insecta","Pterygota","Neoptera","Holometabola","Diptera","Nematocera","Culicomorpha",,"Chironomidae","Chironominae","Tanytarsini",,"Stempellina","sp.",,"larva",2,,5,56,9,"N","N",,"condition OK","Y",,"Epler 2001","N","EcoAnalysts Inc.","G. Wallace","Fragment measured",,
"7ad22af1-fa17-4b2c-ab0a-8cf762001bf7","D05","CRAM","CRAM.AOS.riparian.point.03","2020-07-09T16:18Z","2020-10-26","CRAM.20200709.BENTHICSWEEP.3","A00000203295",,"PARSP34","Y","Paratanytarsus sp.",,"genus","Arthropoda","Hexapoda","Insecta","Pterygota","Neoptera","Holometabola","Diptera","Nematocera","Culicomorpha",,"Chironomidae","Chironominae","Tanytarsini",,"Paratanytarsus","sp.",,"larva",1,"1a",63,98,65,"N","N",,"condition OK","Y",,"Epler 2001","N","EcoAnalysts Inc.","G. Wallace",,,
"386f4100-129a-409f-83e3-694180391253","D05","CRAM","CRAM.AOS.buoy.c0","2020-07-09T16:18Z","2020-10-25","CRAM.20200709.PONAR.3","A00000203303",,"CHISP8","Y","Chironomus sp.",,"genus","Arthropoda","Hexapoda","Insecta","Pterygota","Neoptera","Holometabola","Diptera","Nematocera","Culicomorpha",,"Chironomidae","Chironominae","Chironomini",,"Chironomus","sp.",,"larva",14,,1,100,1,"N","N",,"condition OK","Y",,"Epler 2001","N","EcoAnalysts Inc.","G. Wallace",,,
"6f3ef213-d42b-4ab4-96fa-25eafdda92c0","D05","CRAM","CRAM.AOS.littoral2","2020-07-09T16:18Z","2020-10-26","CRAM.20200709.PONAR.1","A00000203301",,"NEMSP","Y","Nematoda sp.",,"phylum","Nematoda",,,,,,,,,,,,,,,"sp.",,"none",3,,9,100,9,"N","Y",,"condition OK","Y",,"Thorp and Covich 2001","N","EcoAnalysts Inc.","A. Navesky",,,
"466665bc-9ae3-470f-9e8d-598aa8bc0819","D05","CRAM","CRAM.AOS.riparian.point.03","2020-07-09T16:18Z","2020-10-26","CRAM.20200709.BENTHICSWEEP.3","A00000203295",,"PSESP19","Y","Psectrocladius sp.",,"genus","Arthropoda","Hexapoda","Insecta","Pterygota","Neoptera","Holometabola","Diptera","Nematocera","Culicomorpha",,"Chironomidae","Orthocladiinae",,,"Psectrocladius","sp.",,"larva",2,,2,98,2,"N","N",,"condition OK","Y",,"Epler 2001","N","EcoAnalysts Inc.","G. Wallace",,,
"0cfb4537-9444-404b-a4ea-1846cb364b3c","D05","CRAM","CRAM.AOS.buoy.c0","2020-07-09T16:18Z","2020-10-25","CRAM.20200709.PONAR.3","A00000203303",,"DIPSP1","Y","Diptera sp.",,"order","Arthropoda","Hexapoda","Insecta","Pterygota","Neoptera","Holometabola","Diptera",,,,,,,,,"sp.",,"pupa",6,,5,100,5,"N","N",,"damaged, affecting taxonomy and measurement","N",,"Merritt and Cummins 2008","N","EcoAnalysts Inc.","A. Navesky","missing abdomen",,
"6269dcb2-6165-4b5f-8ae1-3ec28a60944f","D05","CRAM","CRAM.AOS.riparian.point.05","2020-07-09T16:18Z","2020-10-26","CRAM.20200709.BENTHICSWEEP.5","A00000203297",,"DICSP7","Y","Dicrotendipes sp.",,"genus","Arthropoda","Hexapoda","Insecta","Pterygota","Neoptera","Holometabola","Diptera","Nematocera","Culicomorpha",,"Chironomidae","Chironominae","Chironomini",,"Dicrotendipes","sp.",,"larva",2,"2a",1,9,11,"Y","Y",,"condition OK","Y",,"Epler 1987 1988 2001","Y","EcoAnalysts Inc.","G. Wallace","Fragment measured",,
"545557c3-61ca-49ee-9f9c-86279d652557","D05","CRAM","CRAM.AOS.riparian.point.05","2020-07-09T16:18Z","2020-10-26","CRAM.20200709.BENTHICSWEEP.5","A00000203297",,"PARSP34","Y","Paratanytarsus sp.",,"genus","Arthropoda","Hexapoda","Insecta","Pterygota","Neoptera","Holometabola","Diptera","Nematocera","Culicomorpha",,"Chironomidae","Chironominae","Tanytarsini",,"Paratanytarsus","sp.",,"larva",1,,8,9,87,"N","N",,"condition OK","Y",,"Epler 2001","Y","EcoAnalysts Inc.","G. Wallace",,,
"0aa41d0a-840c-4da1-9be7-045a23248444","D05","CRAM","CRAM.AOS.littoral2","2020-07-09T16:18Z","2020-10-26","CRAM.20200709.PONAR.1","A00000203301",,"PHYSP8","Y","Phylocentropus sp.",,"genus","Arthropoda","Hexapoda","Insecta","Pterygota","Neoptera","Holometabola","Trichoptera",,,"Hydropsychoidea","Dipseudopsidae","Hyalopsychinae",,,"Phylocentropus","sp.",,"larva",5,,1,100,1,"N","N",,"condition OK","Y",,"Wiggins 1996","N","EcoAnalysts Inc.","A. Navesky",,,
"38ef748e-a4a3-4115-8eef-6ca15ccc7dfd","D05","CRAM","CRAM.AOS.riparian.point.07","2020-07-09T16:18Z","2020-10-26","CRAM.20200709.BENTHICSWEEP.7","A00000203299",,"LARSP","Y","Larsia sp.",,"genus","Arthropoda","Hexapoda","Insecta","Pterygota","Neoptera","Holometabola","Diptera","Nematocera","Culicomorpha",,"Chironomidae","Tanypodinae","Pentaneurini",,"Larsia","sp.",,"larva",5,,1,18,6,"N","N",,"condition OK","Y",,"Epler 2001","N","EcoAnalysts Inc.","G. Wallace",,,
"e4dafc07-17a1-4f4f-b9ad-8d0084b19230","D05","CRAM","CRAM.AOS.riparian.point.01","2020-07-09T16:18Z","2020-10-26","CRAM.20200709.BENTHICSWEEP.1","A00000203293",,"CORSP19","Y","Corynoneura sp.",,"genus","Arthropoda","Hexapoda","Insecta","Pterygota","Neoptera","Holometabola","Diptera","Nematocera","Culicomorpha",,"Chironomidae","Orthocladiinae",,,"Corynoneura","sp.",,"larva",2,,2,36,6,"N","N",,"condition OK","Y",,"Epler 2001","N","EcoAnalysts Inc.","G. Wallace",,,
"f77eae01-3f42-4f8f-b0d1-1dd01dbb4245","D05","CRAM","CRAM.AOS.riparian.point.01","2020-07-09T16:18Z","2020-10-26","CRAM.20200709.BENTHICSWEEP.1","A00000203293",,"LARSP","Y","Larsia sp.",,"genus","Arthropoda","Hexapoda","Insecta","Pterygota","Neoptera","Holometabola","Diptera","Nematocera","Culicomorpha",,"Chironomidae","Tanypodinae","Pentaneurini",,"Larsia","sp.",,"larva",1,"1b",3,36,8,"N","N",,"condition OK","Y",,"Epler 2001","N","EcoAnalysts Inc.","G. Wallace",,,
"f024a607-5a6d-4fc9-8e63-820a1d06ceb9","D05","CRAM","CRAM.AOS.littoral2","2020-07-09T16:18Z","2020-10-26","CRAM.20200709.PONAR.1","A00000203301",,"PROSP23","Y","Procladius sp.",,"genus","Arthropoda","Hexapoda","Insecta","Pterygota","Neoptera","Holometabola","Diptera","Nematocera","Culicomorpha",,"Chironomidae","Tanypodinae","Procladiini",,"Procladius","sp.",,"larva",4,,4,100,4,"N","N",,"condition OK","Y",,"Epler 2001","N","EcoAnalysts Inc.","G. Wallace",,,
"aa93b92f-9e68-45d6-9998-6ab522ffe35e","D05","CRAM","CRAM.AOS.riparian.point.01","2020-07-09T16:18Z","2020-10-26","CRAM.20200709.BENTHICSWEEP.1","A00000203293",,"ABLSP","Y","Ablabesmyia sp.","Ablabesmyia (Karelia)","genus","Arthropoda","Hexapoda","Insecta","Pterygota","Neoptera","Holometabola","Diptera","Nematocera","Culicomorpha",,"Chironomidae","Tanypodinae","Pentaneurini",,"Ablabesmyia","sp.",,"larva",3,,1,36,3,"N","N",,"condition OK","Y",,"Epler 2001","N","EcoAnalysts Inc.","G. Wallace",,,
"34dd7124-4a40-4001-b074-6381e7699080","D05","CRAM","CRAM.AOS.riparian.point.07","2020-07-09T16:18Z","2020-10-26","CRAM.20200709.BENTHICSWEEP.7","A00000203299",,"NEMSP","Y","Nematoda sp.",,"phylum","Nematoda",,,,,,,,,,,,,,,"sp.",,"none",3,,10,18,57,"N","Y",,"condition OK","Y",,"Thorp and Covich 2001","N","EcoAnalysts Inc.","A. Navesky",,,
"3c858e0a-023b-44b7-a331-4eec3f8013b4","D05","CRAM","CRAM.AOS.riparian.point.01","2020-07-09T16:18Z","2020-10-26","CRAM.20200709.BENTHICSWEEP.1","A00000203293",,"NEMSP","Y","Nematoda sp.",,"phylum","Nematoda",,,,,,,,,,,,,,,"sp.",,"none",3,,3,36,8,"N","Y",,"condition OK","Y",,"Thorp and Covich 2001","N","EcoAnalysts Inc.","A. Navesky",,,
"e1a6d5de-6cac-4520-a967-cf0332ace035","D05","CRAM","CRAM.AOS.littoral2","2020-07-09T16:18Z","2020-10-26","CRAM.20200709.PONAR.1","A00000203301",,"NEMSP","Y","Nematoda sp.",,"phylum","Nematoda",,,,,,,,,,,,,,,"sp.",,"none",2,,20,100,20,"N","Y",,"condition OK","Y",,"Thorp and Covich 2001","N","EcoAnalysts Inc.","A. Navesky",,,
"76096c2a-9363-4550-b112-f5d7ba796d5b","D05","CRAM","CRAM.AOS.littoral2","2020-07-09T16:18Z","2020-10-26","CRAM.20200709.PONAR.1","A00000203301","CRAM.20200709.PONAR.1_OLIGOCHAETE_1/1","NAISP","Y","Naididae sp.","w/ cap setae","family","Annelida","Clitellata","Oligochaeta","Oligochaeta",,,"Tubificida",,,,"Naididae",,,,,"sp.",,"none",1,,1,100,1,"N","N",,"condition OK","Y",,"Kathman and Brinkhurst 1999","N","EcoAnalysts Inc.","G. Wallace","Fragment measured",,
"fa785597-6638-4356-855a-9072d86b726a","D05","CRAM","CRAM.AOS.riparian.point.03","2020-07-09T16:18Z","2020-10-26","CRAM.20200709.BENTHICSWEEP.3","A00000203295",,"THIGRO","Y","Thienemannimyia gr.",,"speciesGroup","Arthropoda","Hexapoda","Insecta","Pterygota","Neoptera","Holometabola","Diptera","Nematocera","Culicomorpha",,"Chironomidae","Tanypodinae","Pentaneurini",,"Thienemannimyia","gr.",,"larva",5,,1,98,1,"N","N",,"condition OK","Y",,"Epler 2001","N","EcoAnalysts Inc.","G. Wallace",,,
"b2b2e497-fefa-446b-a0ae-15f121702f56","D05","CRAM","CRAM.AOS.riparian.point.01","2020-07-09T16:18Z","2020-10-26","CRAM.20200709.BENTHICSWEEP.1","A00000203293","7644.13-16","NAISP","Y","Naididae sp.","w/o cap setae","family","Annelida","Clitellata","Oligochaeta","Oligochaeta",,,"Tubificida",,,,"Naididae",,,,,"sp.",,"none",3,,2,36,6,"N","N",,"condition OK","Y",,"Kathman and Brinkhurst 1998","N","EcoAnalysts Inc.","G. Wallace",,,
"000c847b-8212-4752-83ec-9c688f84ab5f","D05","CRAM","CRAM.AOS.riparian.point.09","2020-07-09T16:18Z","2020-10-26","CRAM.20200709.BENTHICSWEEP.9","A00000203300",,"TANSP11","Y","Tanytarsus sp.",,"genus","Arthropoda","Hexapoda","Insecta","Pterygota","Neoptera","Holometabola","Diptera","Nematocera","Culicomorpha",,"Chironomidae","Chironominae","Tanytarsini",,"Tanytarsus","sp.",,"larva",2,"2b",8,8,98,"N","N",,"condition OK","Y",,"Epler 2001","N","EcoAnalysts Inc.","G. Wallace",,,
"8594e9f5-d0f4-4709-9549-d7c9afe604c4","D05","CRAM","CRAM.AOS.littoral2","2020-07-09T16:18Z","2020-10-26","CRAM.20200709.PONAR.1","A00000203301",,"PROSP23","Y","Procladius sp.",,"genus","Arthropoda","Hexapoda","Insecta","Pterygota","Neoptera","Holometabola","Diptera","Nematocera","Culicomorpha",,"Chironomidae","Tanypodinae","Procladiini",,"Procladius","sp.",,"larva",2,"2a",3,100,3,"N","N",,"condition OK","Y",,"Epler 2001","N","EcoAnalysts Inc.","G. Wallace","Fragment measured",,
"e25db76f-7807-48d9-a01e-dcc3af928c54","D05","CRAM","CRAM.AOS.riparian.point.09","2020-07-09T16:18Z","2020-10-26","CRAM.20200709.BENTHICSWEEP.9","A00000203300",,"OXYSP","Y","Oxyethira sp.",,"genus","Arthropoda","Hexapoda","Insecta","Pterygota","Neoptera","Holometabola","Trichoptera",,,"Hydroptiloidea","Hydroptilidae","Hydroptilinae","Hydroptilini",,"Oxyethira","sp.",,"larva",2,,1,8,12,"N","N",,"condition OK","Y",,"Wiggins 1996","N","EcoAnalysts Inc.","A. Navesky",,,
"fd76e58a-7baa-4b18-af6e-d0cf4cd601b3","D05","CRAM","CRAM.AOS.riparian.point.07","2020-07-09T16:18Z","2020-10-26","CRAM.20200709.BENTHICSWEEP.7","A00000203299",,"OXYSP","Y","Oxyethira sp.",,"genus","Arthropoda","Hexapoda","Insecta","Pterygota","Neoptera","Holometabola","Trichoptera",,,"Hydroptiloidea","Hydroptilidae","Hydroptilinae","Hydroptilini",,"Oxyethira","sp.",,"larva",3,,1,18,6,"N","N",,"condition OK","Y",,"Wiggins 1996","N","EcoAnalysts Inc.","A. Navesky",,,
"c1b44d74-b756-4e39-ac19-2254c24b08a8","D05","CRAM","CRAM.AOS.riparian.point.09","2020-07-09T16:18Z","2020-10-26","CRAM.20200709.BENTHICSWEEP.9","A00000203300",,"ABLSP","Y","Ablabesmyia sp.",,"genus","Arthropoda","Hexapoda","Insecta","Pterygota","Neoptera","Holometabola","Diptera","Nematocera","Culicomorpha",,"Chironomidae","Tanypodinae","Pentaneurini",,"Ablabesmyia","sp.",,"larva",6,,1,8,12,"Y","Y",,"condition OK","Y",,"Roback 1985; Epler 2001","N","EcoAnalysts Inc.","G. Wallace","larger 1 has 3-segmented palps others immature",,
"9247df3a-287b-47c0-9cd1-2b1b0979a29b","D05","CRAM","CRAM.AOS.riparian.point.05","2020-07-09T16:18Z","2020-10-26","CRAM.20200709.BENTHICSWEEP.5","A00000203297",,"TANSP11","Y","Tanytarsus sp.",,"genus","Arthropoda","Hexapoda","Insecta","Pterygota","Neoptera","Holometabola","Diptera","Nematocera","Culicomorpha",,"Chironomidae","Chironominae","Tanytarsini",,"Tanytarsus","sp.",,"larva",1,"1b",2,9,22,"N","N",,"condition OK","Y",,"Epler 2001","Y","EcoAnalysts Inc.","G. Wallace","Fragment measured",,
"484c8af9-ea95-4f2a-b5c4-40bbf65f14ce","D05","CRAM","CRAM.AOS.riparian.point.05","2020-07-09T16:18Z","2020-10-26","CRAM.20200709.BENTHICSWEEP.5","A00000203297",,"DICSP7","Y","Dicrotendipes sp.",,"genus","Arthropoda","Hexapoda","Insecta","Pterygota","Neoptera","Holometabola","Diptera","Nematocera","Culicomorpha",,"Chironomidae","Chironominae","Chironomini",,"Dicrotendipes","sp.",,"larva",6,,1,9,11,"Y","Y",,"condition OK","Y",,"Epler 1987 1988 2001","Y","EcoAnalysts Inc.","G. Wallace","Fragment measured",,
"dbf4813b-e5c6-4fc2-9f50-f4b8c3b5b1de","D05","CRAM","CRAM.AOS.riparian.point.01","2020-07-09T16:18Z","2020-10-26","CRAM.20200709.BENTHICSWEEP.1","A00000203293",,"PSESP19","Y","Psectrocladius sp.",,"genus","Arthropoda","Hexapoda","Insecta","Pterygota","Neoptera","Holometabola","Diptera","Nematocera","Culicomorpha",,"Chironomidae","Orthocladiinae",,,"Psectrocladius","sp.",,"larva",2,,1,36,3,"N","N",,"condition OK","Y",,"Epler 2001","N","EcoAnalysts Inc.","G. Wallace",,,
"aeaea107-ca43-485f-b4fc-fdd7854cf3d8","D05","CRAM","CRAM.AOS.riparian.point.09","2020-07-09T16:18Z","2020-10-26","CRAM.20200709.BENTHICSWEEP.9","A00000203300",,"CHISP6","Y","Chironomini sp.",,"tribe","Arthropoda","Hexapoda","Insecta","Pterygota","Neoptera","Holometabola","Diptera","Nematocera","Culicomorpha",,"Chironomidae","Chironominae","Chironomini",,,"sp.",,"larva",1,,37,8,455,"Y","N",,"condition OK","Y",,"Epler 2001","N","EcoAnalysts Inc.","G. Wallace",,,
"1792413a-3987-431a-b89b-d9c19e883364","D05","CRAM","CRAM.AOS.riparian.point.05","2020-07-09T16:18Z","2020-10-26","CRAM.20200709.BENTHICSWEEP.5","A00000203297","CRAM.20200709.BENTHICSWEEP.5_OLIGOCHAETE_1/1","VEJCOM","Y","Vejdovskyella comata",,"species","Annelida","Clitellata","Oligochaeta","Oligochaeta",,,"Tubificida",,,,"Naididae","Naidinae",,,"Vejdovskyella","comata",,"none",1,,3,9,33,"N","N",,"condition OK","Y",,"Kathman and Brinkhurst 1998","Y","EcoAnalysts Inc.","G. Wallace","Fragment measured",,
"f0bc7bd1-d61b-4ef5-af40-ce9a53e10ec9","D05","CRAM","CRAM.AOS.riparian.point.05","2020-07-09T16:18Z","2020-10-26","CRAM.20200709.BENTHICSWEEP.5","A00000203297",,"CERSP10","Y","Ceratopogoninae sp.",,"subfamily","Arthropoda","Hexapoda","Insecta","Pterygota","Neoptera","Holometabola","Diptera","Nematocera","Culicomorpha",,"Ceratopogonidae","Ceratopogoninae",,,,"sp.",,"larva",4,,1,9,11,"N","Y",,"condition OK","Y",,"Merritt and Cummins 2008","Y","EcoAnalysts Inc.","A. Navesky",,,
"ea99f073-b36c-45d5-8a94-6a07b2f231b6","D05","CRAM","CRAM.AOS.riparian.point.09","2020-07-09T16:18Z","2020-10-26","CRAM.20200709.BENTHICSWEEP.9","A00000203300",,"NEMSP","Y","Nematoda sp.",,"phylum","Nematoda",,,,,,,,,,,,,,,"sp.",,"none",1,,13,8,160,"N","Y",,"condition OK","Y",,"Thorp and Covich 2001","N","EcoAnalysts Inc.","A. Navesky",,,
"a7abfb7b-1704-4319-abb5-c7d6742247b1","D05","CRAM","CRAM.AOS.littoral1","2020-07-09T16:18Z","2020-10-25","CRAM.20200709.PONAR.2","A00000203302","CRAM.20200709.PONAR.2_OLIGOCHAETE_1/1","NAISP","Y","Naididae sp.","w/o cap setae","family","Annelida","Clitellata","Oligochaeta","Oligochaeta",,,"Tubificida",,,,"Naididae",,,,,"sp.",,"none",2,,1,56,2,"N","N",,"condition OK","Y",,"Kathman and Brinkhurst 1998","N","EcoAnalysts Inc.","G. Wallace","Fragment measured",,
"5884564b-929e-4ffe-b4be-cdf77106c72d","D05","CRAM","CRAM.AOS.riparian.point.09","2020-07-09T16:18Z","2020-10-26","CRAM.20200709.BENTHICSWEEP.9","A00000203300",,"PARSP34","Y","Paratanytarsus sp.",,"genus","Arthropoda","Hexapoda","Insecta","Pterygota","Neoptera","Holometabola","Diptera","Nematocera","Culicomorpha",,"Chironomidae","Chironominae","Tanytarsini",,"Paratanytarsus","sp.",,"larva",2,"2a",1,8,12,"N","N",,"condition OK","Y",,"Epler 2001","N","EcoAnalysts Inc.","G. Wallace","Fragment measured",,
"62a47232-9b38-4624-9cf5-4500e864da50","D05","CRAM","CRAM.AOS.riparian.point.07","2020-07-09T16:18Z","2020-10-26","CRAM.20200709.BENTHICSWEEP.7","A00000203299",,"PROSP23","Y","Procladius sp.",,"genus","Arthropoda","Hexapoda","Insecta","Pterygota","Neoptera","Holometabola","Diptera","Nematocera","Culicomorpha",,"Chironomidae","Tanypodinae","Procladiini",,"Procladius","sp.",,"larva",4,,1,18,6,"N","N",,"condition OK","Y",,"Epler 2001","N","EcoAnalysts Inc.","G. Wallace",,,
"04a4bc2c-258d-477e-9cbb-cfd6c6a7f527","D05","CRAM","CRAM.AOS.riparian.point.05","2020-07-09T16:18Z","2020-10-26","CRAM.20200709.BENTHICSWEEP.5","A00000203297",,"PSESP19","Y","Psectrocladius sp.",,"genus","Arthropoda","Hexapoda","Insecta","Pterygota","Neoptera","Holometabola","Diptera","Nematocera","Culicomorpha",,"Chironomidae","Orthocladiinae",,,"Psectrocladius","sp.",,"larva",1,"1a",1,9,11,"N","N",,"condition OK","Y",,"Epler 2001","Y","EcoAnalysts Inc.","G. Wallace","Fragment measured",,
"70ee7bab-027d-4939-8bbf-fb9bcf372af5","D05","CRAM","CRAM.AOS.riparian.point.01","2020-07-09T16:18Z","2020-10-26","CRAM.20200709.BENTHICSWEEP.1","A00000203293",,"DICSP7","Y","Dicrotendipes sp.",,"genus","Arthropoda","Hexapoda","Insecta","Pterygota","Neoptera","Holometabola","Diptera","Nematocera","Culicomorpha",,"Chironomidae","Chironominae","Chironomini",,"Dicrotendipes","sp.",,"larva",2,,3,36,8,"Y","Y",,"condition OK","Y",,"Epler 1987 1988 2001","N","EcoAnalysts Inc.","G. Wallace",,,
"4e7c9f3b-d3f1-4c9d-b41d-8f897050404f","D05","CRAM","CRAM.AOS.littoral2","2020-07-09T16:18Z","2020-10-26","CRAM.20200709.PONAR.1","A00000203301",,"CHISP6","Y","Chironomini sp.",,"tribe","Arthropoda","Hexapoda","Insecta","Pterygota","Neoptera","Holometabola","Diptera","Nematocera","Culicomorpha",,"Chironomidae","Chironominae","Chironomini",,,"sp.",,"larva",1,,4,100,4,"Y","N",,"condition OK","N",,"Epler 2001","N","EcoAnalysts Inc.","G. Wallace",,,
"a9fbb6d8-9ef0-4a68-816c-f29cd967ff04","D05","CRAM","CRAM.AOS.riparian.point.05","2020-07-09T16:18Z","2020-10-26","CRAM.20200709.BENTHICSWEEP.5","A00000203297",,"GOMSP","Y","Gomphidae sp.",,"family","Arthropoda","Hexapoda","Insecta","Pterygota","Palaeoptera",,"Odonata","Anisoptera",,,"Gomphidae",,,,,"sp.",,"larva",2,,1,9,11,"Y","N",,"condition OK","Y",,"Needham Westfall and May 2000","Y","EcoAnalysts Inc.","A. Navesky",,,
"f566c674-17f0-4f02-a897-641bc1460cae","D05","CRAM","CRAM.AOS.littoral2","2020-07-09T16:18Z","2020-10-26","CRAM.20200709.PONAR.1","A00000203301",,"ENDSP","Y","Endochironomus sp.",,"genus","Arthropoda","Hexapoda","Insecta","Pterygota","Neoptera","Holometabola","Diptera","Nematocera","Culicomorpha",,"Chironomidae","Chironominae","Chironomini",,"Endochironomus","sp.",,"larva",4,,1,100,1,"N","N",,"condition OK","Y",,"Epler 2001","N","EcoAnalysts Inc.","G. Wallace","Fragment measured",,
"2a0fe26c-dfab-4e47-9931-185988230f76","D05","CRAM","CRAM.AOS.littoral2","2020-07-09T16:18Z","2020-10-26","CRAM.20200709.PONAR.1","A00000203301",,"HETMAR","Y","Heterotrissocladius marcidus gr.",,"speciesGroup","Arthropoda","Hexapoda","Insecta","Pterygota","Neoptera","Holometabola","Diptera","Nematocera","Culicomorpha",,"Chironomidae","Orthocladiinae",,,"Heterotrissocladius","marcidus gr.",,"larva",2,,3,100,3,"N","N",,"condition OK","Y",,"Epler 2001","N","EcoAnalysts Inc.","G. Wallace",,,
"976261ea-cd2f-470b-a8f6-96d4a40a3cd1","D05","CRAM","CRAM.AOS.littoral2","2020-07-09T16:18Z","2020-10-26","CRAM.20200709.PONAR.1","A00000203301",,"MICPED","Y","Microtendipes pedellus gr.",,"speciesGroup","Arthropoda","Hexapoda","Insecta","Pterygota","Neoptera","Holometabola","Diptera","Nematocera","Culicomorpha",,"Chironomidae","Chironominae","Chironomini",,"Microtendipes","pedellus gr.",,"larva",2,,1,100,1,"N","N",,"condition OK","Y",,"Epler 2001","N","EcoAnalysts Inc.","G. Wallace",,,
"c9c72fd8-40e2-4f84-80b8-2c651c078e76","D05","CRAM","CRAM.AOS.riparian.point.05","2020-07-09T16:18Z","2020-10-26","CRAM.20200709.BENTHICSWEEP.5","A00000203297",,"PARSP34","Y","Paratanytarsus sp.",,"genus","Arthropoda","Hexapoda","Insecta","Pterygota","Neoptera","Holometabola","Diptera","Nematocera","Culicomorpha",,"Chironomidae","Chironominae","Tanytarsini",,"Paratanytarsus","sp.",,"larva",3,,1,9,11,"N","N",,"condition OK","Y",,"Epler 2001","Y","EcoAnalysts Inc.","G. Wallace",,,
"a5e6aae4-6841-41e9-876b-98dcbb4a934a","D05","CRAM","CRAM.AOS.riparian.point.03","2020-07-09T16:18Z","2020-10-26","CRAM.20200709.BENTHICSWEEP.3","A00000203295",,"DICSP7","Y","Dicrotendipes sp.",,"genus","Arthropoda","Hexapoda","Insecta","Pterygota","Neoptera","Holometabola","Diptera","Nematocera","Culicomorpha",,"Chironomidae","Chironominae","Chironomini",,"Dicrotendipes","sp.",,"larva",2,,2,98,2,"Y","Y",,"condition OK","Y",,"Epler 1987 1988 2001","N","EcoAnalysts Inc.","G. Wallace",,,
"7b3decfb-5ec6-483c-9649-0cb5432eb165","D05","CRAM","CRAM.AOS.riparian.point.01","2020-07-09T16:18Z","2020-10-26","CRAM.20200709.BENTHICSWEEP.1","A00000203293",,"CERSP10","Y","Ceratopogoninae sp.",,"subfamily","Arthropoda","Hexapoda","Insecta","Pterygota","Neoptera","Holometabola","Diptera","Nematocera","Culicomorpha",,"Ceratopogonidae","Ceratopogoninae",,,,"sp.",,"larva",10,,4,36,11,"N","Y",,"condition OK","Y",,"Merritt and Cummins 2008","N","EcoAnalysts Inc.","A. Navesky",,,
"62382574-e5f8-455d-9c8e-51cb8244e329","D05","CRAM","CRAM.AOS.riparian.point.07","2020-07-09T16:18Z","2020-10-26","CRAM.20200709.BENTHICSWEEP.7","A00000203299",,"OXYSP","Y","Oxyethira sp.",,"genus","Arthropoda","Hexapoda","Insecta","Pterygota","Neoptera","Holometabola","Trichoptera",,,"Hydroptiloidea","Hydroptilidae","Hydroptilinae","Hydroptilini",,"Oxyethira","sp.",,"larva",2,,2,18,11,"N","N",,"condition OK","Y",,"Wiggins 1996","N","EcoAnalysts Inc.","A. Navesky",,,
"713a78d8-323e-47a3-a211-25a5cc9e86a8","D05","CRAM","CRAM.AOS.riparian.point.01","2020-07-09T16:18Z","2020-10-26","CRAM.20200709.BENTHICSWEEP.1","A00000203293",,"GYRSP2","Y","Gyrinus sp.",,"genus","Arthropoda","Hexapoda","Insecta","Pterygota","Neoptera","Holometabola","Coleoptera","Adephaga",,,"Gyrinidae","Gyrininae","Gyrinini",,"Gyrinus","sp.",,"larva",5,,1,36,3,"N","N",,"condition OK","Y",,"Merritt and Cummins 2008","N","EcoAnalysts Inc.","A. Navesky","Fragment measured; reference specimen",,
"8d641ba6-9ad2-44f2-a748-e628a17fae09","D05","CRAM","CRAM.AOS.littoral2","2020-07-09T16:18Z","2020-10-26","CRAM.20200709.PONAR.1","A00000203301",,"PISSP2","Y","Pisidiidae sp.",,"family","Mollusca",,"Bivalvia","Heterodonta",,,"Veneroida",,,"Corbiculoidea","Pisidiidae",,,,,"sp.",,"none",1,,5,100,5,"Y","N",,"condition OK","Y",,"Thorp and Covich 2001","N","EcoAnalysts Inc.","A. Navesky",,,
"ec460433-92f5-4633-b7b5-4d001badd1b4","D05","CRAM","CRAM.AOS.riparian.point.03","2020-07-09T16:18Z","2020-10-26","CRAM.20200709.BENTHICSWEEP.3","A00000203295",,"PARSP34","Y","Paratanytarsus sp.",,"genus","Arthropoda","Hexapoda","Insecta","Pterygota","Neoptera","Holometabola","Diptera","Nematocera","Culicomorpha",,"Chironomidae","Chironominae","Tanytarsini",,"Paratanytarsus","sp.",,"larva",1,"1b",1,98,1,"N","N",,"condition OK","Y",,"Epler 2001","N","EcoAnalysts Inc.","G. Wallace","Fragment measured",,
"ca9d631f-12c5-4f2e-b8a1-b13800660cbe","D05","CRAM","CRAM.AOS.riparian.point.01","2020-07-09T16:18Z","2020-10-26","CRAM.20200709.BENTHICSWEEP.1","A00000203293",,"LARSP","Y","Larsia sp.",,"genus","Arthropoda","Hexapoda","Insecta","Pterygota","Neoptera","Holometabola","Diptera","Nematocera","Culicomorpha",,"Chironomidae","Tanypodinae","Pentaneurini",,"Larsia","sp.",,"larva",2,"2a",3,36,8,"N","N",,"condition OK","Y",,"Epler 2001","N","EcoAnalysts Inc.","G. Wallace",,,
"df2ee348-418d-4f82-89f3-d0bd319a8610","D05","CRAM","CRAM.AOS.littoral2","2020-07-09T16:18Z","2020-10-26","CRAM.20200709.PONAR.1","A00000203301",,"PROSP23","Y","Procladius sp.",,"genus","Arthropoda","Hexapoda","Insecta","Pterygota","Neoptera","Holometabola","Diptera","Nematocera","Culicomorpha",,"Chironomidae","Tanypodinae","Procladiini",,"Procladius","sp.",,"larva",3,,8,100,8,"N","N",,"condition OK","Y",,"Epler 2001","N","EcoAnalysts Inc.","G. Wallace",,,
"81c896f7-1318-4a8a-a363-590bca308024","D05","CRAM","CRAM.AOS.littoral2","2020-07-09T16:18Z","2020-10-26","CRAM.20200709.PONAR.1","A00000203301",,"LARSP","Y","Larsia sp.",,"genus","Arthropoda","Hexapoda","Insecta","Pterygota","Neoptera","Holometabola","Diptera","Nematocera","Culicomorpha",,"Chironomidae","Tanypodinae","Pentaneurini",,"Larsia","sp.",,"larva",2,,1,100,1,"N","N",,"condition OK","Y",,"Epler 2001","N","EcoAnalysts Inc.","G. Wallace","Fragment measured",,
"a7a9716d-3d9b-42dd-9a08-09173e2894a7","D05","CRAM","CRAM.AOS.riparian.point.09","2020-07-09T16:18Z","2020-10-26","CRAM.20200709.BENTHICSWEEP.9","A00000203300",,"TANSP11","Y","Tanytarsus sp.",,"genus","Arthropoda","Hexapoda","Insecta","Pterygota","Neoptera","Holometabola","Diptera","Nematocera","Culicomorpha",,"Chironomidae","Chironominae","Tanytarsini",,"Tanytarsus","sp.",,"larva",3,,7,8,86,"N","N",,"condition OK","Y",,"Epler 2001","N","EcoAnalysts Inc.","G. Wallace",,,
"52076d56-c1d0-4100-8da8-aeebd52acb6d","D05","CRAM","CRAM.AOS.riparian.point.01","2020-07-09T16:18Z","2020-10-26","CRAM.20200709.BENTHICSWEEP.1","A00000203293",,"OXYSP","Y","Oxyethira sp.",,"genus","Arthropoda","Hexapoda","Insecta","Pterygota","Neoptera","Holometabola","Trichoptera",,,"Hydroptiloidea","Hydroptilidae","Hydroptilinae","Hydroptilini",,"Oxyethira","sp.",,"larva",1,,5,36,14,"N","N",,"condition OK","Y",,"Wiggins 1996","N","EcoAnalysts Inc.","A. Navesky",,,
"679057e9-2c54-45cc-a09a-69544831ca24","D05","CRAM","CRAM.AOS.riparian.point.03","2020-07-09T16:18Z","2020-10-26","CRAM.20200709.BENTHICSWEEP.3","A00000203295",,"POLSOR","Y","Polypedilum sordens",,"species","Arthropoda","Hexapoda","Insecta","Pterygota","Neoptera","Holometabola","Diptera","Nematocera","Culicomorpha",,"Chironomidae","Chironominae","Chironomini",,"Polypedilum","sordens",,"larva",2,,3,98,3,"N","N",,"condition OK","Y",,"Maschwitz and Cook 2000","N","EcoAnalysts Inc.","G. Wallace",,,
"1094e262-1f2b-44b9-b858-6e002e8a5f9d","D05","CRAM","CRAM.AOS.riparian.point.05","2020-07-09T16:18Z","2020-10-26","CRAM.20200709.BENTHICSWEEP.5","A00000203297",,"ORISP1","Y","Oribatida sp.",,"suborder","Arthropoda","Chelicerata","Arachnida","Acari",,"Acariformes","Sarcoptiformes","Oribatida",,,,,,,,"sp.",,"none",1,,13,9,142,"N","Y",,"condition OK","Y",,"Thorp and Covich 2001","Y","EcoAnalysts Inc.","A. Navesky","Oribatida",,
"aa286849-bd03-4b69-9db1-97e810a0f515","D05","CRAM","CRAM.AOS.littoral2","2020-07-09T16:18Z","2020-10-26","CRAM.20200709.PONAR.1","A00000203301",,"PSESP19","Y","Psectrocladius sp.",,"genus","Arthropoda","Hexapoda","Insecta","Pterygota","Neoptera","Holometabola","Diptera","Nematocera","Culicomorpha",,"Chironomidae","Orthocladiinae",,,"Psectrocladius","sp.",,"larva",1,,5,100,5,"N","N",,"condition OK","Y",,"Epler 2001","N","EcoAnalysts Inc.","G. Wallace","5 very small",,
"e411161b-8d31-49a8-aa7b-fb6ce9a20aba","D05","CRAM","CRAM.AOS.riparian.point.05","2020-07-09T16:18Z","2020-10-26","CRAM.20200709.BENTHICSWEEP.5","A00000203297",,"ABLSP","Y","Ablabesmyia sp.",,"genus","Arthropoda","Hexapoda","Insecta","Pterygota","Neoptera","Holometabola","Diptera","Nematocera","Culicomorpha",,"Chironomidae","Tanypodinae","Pentaneurini",,"Ablabesmyia","sp.",,"larva",2,"2b",12,9,131,"Y","N",,"condition OK","Y",,"Roback 1985; Epler 2001","Y","EcoAnalysts Inc.","G. Wallace",,,
"be9baf43-688b-40f3-a4c5-defc98923eaf","D05","CRAM","CRAM.AOS.littoral1","2020-07-09T16:18Z","2020-10-25","CRAM.20200709.PONAR.2","A00000203302",,"PARSP30","Y","Parachironomus sp.",,"genus","Arthropoda","Hexapoda","Insecta","Pterygota","Neoptera","Holometabola","Diptera","Nematocera","Culicomorpha",,"Chironomidae","Chironominae","Chironomini",,"Parachironomus","sp.",,"larva",2,,1,56,2,"N","N",,"condition OK","Y",,"Epler 2001","N","EcoAnalysts Inc.","G. Wallace",,,
"df953944-d96b-474e-8a82-2dea9b20ba92","D05","CRAM","CRAM.AOS.riparian.point.05","2020-07-09T16:18Z","2020-10-26","CRAM.20200709.BENTHICSWEEP.5","A00000203297",,"EPHSP","Y","Ephemeroptera sp.",,"order","Arthropoda","Hexapoda","Insecta","Pterygota","Palaeoptera",,"Ephemeroptera",,,,,,,,,"sp.",,"larva",1,,40,9,436,"Y","N",,"condition OK","Y",,"Merritt and Cummins 2008","Y","EcoAnalysts Inc.","A. Navesky",,,
"4b68e4f6-21e7-4c14-8a49-7a4198966682","D05","CRAM","CRAM.AOS.littoral1","2020-07-09T16:18Z","2020-10-25","CRAM.20200709.PONAR.2","A00000203302",,"DICSP7","Y","Dicrotendipes sp.",,"genus","Arthropoda","Hexapoda","Insecta","Pterygota","Neoptera","Holometabola","Diptera","Nematocera","Culicomorpha",,"Chironomidae","Chironominae","Chironomini",,"Dicrotendipes","sp.",,"larva",2,"2a",5,56,9,"Y","Y",,"condition OK","Y",,"Epler 1987 1988 2001","N","EcoAnalysts Inc.","G. Wallace",,,
"81e7f7ba-1564-4a80-bd23-bdb66597476f","D05","CRAM","CRAM.AOS.littoral2","2020-07-09T16:18Z","2020-10-26","CRAM.20200709.PONAR.1","A00000203301",,"CAESP5","Y","Caenis sp.",,"genus","Arthropoda","Hexapoda","Insecta","Pterygota","Palaeoptera",,"Ephemeroptera","Furcatergalia","Pannota","Caenoidea","Caenidae","Caeninae",,,"Caenis","sp.",,"larva",3,,3,100,3,"N","Y",,"condition OK","Y",,"Merritt and Cummins 2008","N","EcoAnalysts Inc.","A. Navesky",,,
"662c56d9-85a7-4e29-9aae-53f9a27a6c7d","D05","CRAM","CRAM.AOS.riparian.point.09","2020-07-09T16:18Z","2020-10-26","CRAM.20200709.BENTHICSWEEP.9","A00000203300",,"GLYSP3","Y","Glyptotendipes sp.",,"genus","Arthropoda","Hexapoda","Insecta","Pterygota","Neoptera","Holometabola","Diptera","Nematocera","Culicomorpha",,"Chironomidae","Chironominae","Chironomini",,"Glyptotendipes","sp.",,"larva",3,"3b",1,8,12,"N","N",,"condition OK","Y",,"Epler 2001","N","EcoAnalysts Inc.","G. Wallace","Fragment measured",,
"c569dabb-07bc-44d9-b766-77b58b9bf11c","D05","CRAM","CRAM.AOS.riparian.point.07","2020-07-09T16:18Z","2020-10-26","CRAM.20200709.BENTHICSWEEP.7","A00000203299",,"CLASP5","Y","Cladopelma sp.",,"genus","Arthropoda","Hexapoda","Insecta","Pterygota","Neoptera","Holometabola","Diptera","Nematocera","Culicomorpha",,"Chironomidae","Chironominae","Chironomini",,"Cladopelma","sp.",,"larva",1,"1a",3,18,17,"N","N",,"condition OK","Y",,"Epler 2001","N","EcoAnalysts Inc.","G. Wallace",,,
"bed00726-0ce4-4fee-aa30-ef36af232f83","D05","CRAM","CRAM.AOS.riparian.point.05","2020-07-09T16:18Z","2020-10-26","CRAM.20200709.BENTHICSWEEP.5","A00000203297",,"DICSP7","Y","Dicrotendipes sp.",,"genus","Arthropoda","Hexapoda","Insecta","Pterygota","Neoptera","Holometabola","Diptera","Nematocera","Culicomorpha",,"Chironomidae","Chironominae","Chironomini",,"Dicrotendipes","sp.",,"larva",3,,6,9,65,"Y","Y",,"condition OK","Y",,"Epler 1987 1988 2001","Y","EcoAnalysts Inc.","G. Wallace",,,
"8f93475b-4dd9-44ba-aa54-936b7bde2aa7","D05","CRAM","CRAM.AOS.littoral2","2020-07-09T16:18Z","2020-10-26","CRAM.20200709.PONAR.1","A00000203301",,"STESP10","Y","Stempellinella sp.",,"genus","Arthropoda","Hexapoda","Insecta","Pterygota","Neoptera","Holometabola","Diptera","Nematocera","Culicomorpha",,"Chironomidae","Chironominae","Tanytarsini",,"Stempellinella","sp.",,"larva",2,"2a",1,100,1,"N","N",,"condition OK","Y",,"Epler 2001","N","EcoAnalysts Inc.","G. Wallace",,,
"5cbdebab-a5ca-49d1-86c3-b155d70f159c","D05","CRAM","CRAM.AOS.riparian.point.05","2020-07-09T16:18Z","2020-10-26","CRAM.20200709.BENTHICSWEEP.5","A00000203297",,"NEMSP","Y","Nematoda sp.",,"phylum","Nematoda",,,,,,,,,,,,,,,"sp.",,"none",3,,1,9,11,"N","Y",,"condition OK","Y",,"Thorp and Covich 2001","Y","EcoAnalysts Inc.","A. Navesky",,,
"bfb313f4-0493-4efc-a521-4fc8aa8f8a55","D05","CRAM","CRAM.AOS.littoral1","2020-07-09T16:18Z","2020-10-25","CRAM.20200709.PONAR.2","A00000203302",,"ABLSP","Y","Ablabesmyia sp.",,"genus","Arthropoda","Hexapoda","Insecta","Pterygota","Neoptera","Holometabola","Diptera","Nematocera","Culicomorpha",,"Chironomidae","Tanypodinae","Pentaneurini",,"Ablabesmyia","sp.",,"larva",5,,1,56,2,"Y","Y",,"damaged, affecting taxonomy","Y",,"Roback 1985; Epler 2001","N","EcoAnalysts Inc.","G. Wallace","1 larger one partial with 5-6 segmented palp other larger with 3-segmented palp",,
"ff5f403b-1f13-4904-aa40-5dd6682cba52","D05","CRAM","CRAM.AOS.littoral1","2020-07-09T16:18Z","2020-10-25","CRAM.20200709.PONAR.2","A00000203302",,"CERSP10","Y","Ceratopogoninae sp.",,"subfamily","Arthropoda","Hexapoda","Insecta","Pterygota","Neoptera","Holometabola","Diptera","Nematocera","Culicomorpha",,"Ceratopogonidae","Ceratopogoninae",,,,"sp.",,"larva",3,,2,56,4,"N","Y",,"condition OK","Y",,"Merritt and Cummins 2008","N","EcoAnalysts Inc.","A. Navesky",,,
"762994f2-5a4a-4374-8deb-68631684c843","D05","CRAM","CRAM.AOS.littoral2","2020-07-09T16:18Z","2020-10-26","CRAM.20200709.PONAR.1","A00000203301",,"PISSP2","Y","Pisidiidae sp.",,"family","Mollusca",,"Bivalvia","Heterodonta",,,"Veneroida",,,"Corbiculoidea","Pisidiidae",,,,,"sp.",,"none",4,,1,100,1,"Y","N",,"condition OK","Y",,"Thorp and Covich 2001","N","EcoAnalysts Inc.","A. Navesky",,,
"9e0c72b7-570c-4057-9d32-23ecfbb40cd5","D05","CRAM","CRAM.AOS.riparian.point.09","2020-07-09T16:18Z","2020-10-26","CRAM.20200709.BENTHICSWEEP.9","A00000203300",,"PSESP19","Y","Psectrocladius sp.",,"genus","Arthropoda","Hexapoda","Insecta","Pterygota","Neoptera","Holometabola","Diptera","Nematocera","Culicomorpha",,"Chironomidae","Orthocladiinae",,,"Psectrocladius","sp.",,"larva",1,,14,8,172,"N","N",,"condition OK","Y",,"Epler 2001","N","EcoAnalysts Inc.","G. Wallace",,,
"c75140e8-565a-41d6-abfe-eab1ff3bd048","D05","CRAM","CRAM.AOS.riparian.point.05","2020-07-09T16:18Z","2020-10-26","CRAM.20200709.BENTHICSWEEP.5","A00000203297",,"ABLSP","Y","Ablabesmyia sp.",,"genus","Arthropoda","Hexapoda","Insecta","Pterygota","Neoptera","Holometabola","Diptera","Nematocera","Culicomorpha",,"Chironomidae","Tanypodinae","Pentaneurini",,"Ablabesmyia","sp.",,"larva",1,"1a",7,9,76,"Y","N",,"condition OK","Y",,"Roback 1985; Epler 2001","Y","EcoAnalysts Inc.","G. Wallace",,,
"7f51c91a-064e-4c0f-926e-a3f376c8ff5b","D05","CRAM","CRAM.AOS.riparian.point.01","2020-07-09T16:18Z","2020-10-26","CRAM.20200709.BENTHICSWEEP.1","A00000203293",,"EPHSP","Y","Ephemeroptera sp.",,"order","Arthropoda","Hexapoda","Insecta","Pterygota","Palaeoptera",,"Ephemeroptera",,,,,,,,,"sp.",,"larva",1,,5,36,14,"Y","N",,"condition OK","Y",,"Merritt and Cummins 2008","N","EcoAnalysts Inc.","A. Navesky",,,
"f9b7c035-92b9-4b17-96ee-3228e5c310ff","D05","CRAM","CRAM.AOS.riparian.point.03","2020-07-09T16:18Z","2020-10-26","CRAM.20200709.BENTHICSWEEP.3","A00000203295","CRAM.20200709.BENTHICSWEEP.3_OLIGOCHAETE_1/2|CRAM.20200709.BENTHICSWEEP.3_OLIGOCHAETE_2/2","ENCSP1","Y","Enchytraeidae sp.",,"family","Annelida","Clitellata","Oligochaeta","Oligochaeta",,,"Enchytraeida",,,,"Enchytraeidae",,,,,"sp.",,"none",3,,2,98,2,"N","N",,"condition OK","Y",,"Kathman and Brinkhurst 1999","N","EcoAnalysts Inc.","G. Wallace",,,
"f1527f95-94d2-4fa3-82a9-1233715665ce","D05","CRAM","CRAM.AOS.riparian.point.09","2020-07-09T16:18Z","2020-10-26","CRAM.20200709.BENTHICSWEEP.9","A00000203300",,"GLYSP3","Y","Glyptotendipes sp.",,"genus","Arthropoda","Hexapoda","Insecta","Pterygota","Neoptera","Holometabola","Diptera","Nematocera","Culicomorpha",,"Chironomidae","Chironominae","Chironomini",,"Glyptotendipes","sp.",,"larva",2,,2,8,25,"N","N",,"condition OK","Y",,"Epler 2001","N","EcoAnalysts Inc.","G. Wallace",,,
"6b57d2a6-dff9-4525-9667-8fd060deac9c","D05","CRAM","CRAM.AOS.riparian.point.01","2020-07-09T16:18Z","2020-10-26","CRAM.20200709.BENTHICSWEEP.1","A00000203293",,"POLILL","Y","Polypedilum illinoense gr.",,"speciesGroup","Arthropoda","Hexapoda","Insecta","Pterygota","Neoptera","Holometabola","Diptera","Nematocera","Culicomorpha",,"Chironomidae","Chironominae","Chironomini",,"Polypedilum","illinoense gr.",,"larva",1,"1b",1,36,3,"N","N",,"condition OK","Y",,"Epler 2001 and Maschwitz and Cook 2000","N","EcoAnalysts Inc.","G. Wallace","<0.5mm",,
"dc46b8bb-20f2-4aa7-9570-b89cab0c4cca","D05","CRAM","CRAM.AOS.littoral2","2020-07-09T16:18Z","2020-10-26","CRAM.20200709.PONAR.1","A00000203301",,"LAUAGR","Y","Lauterborniella agrayloides",,"species","Arthropoda","Hexapoda","Insecta","Pterygota","Neoptera","Holometabola","Diptera","Nematocera","Culicomorpha",,"Chironomidae","Chironominae","Chironomini",,"Lauterborniella","agrayloides",,"larva",3,,2,100,2,"N","N",,"condition OK","Y",,"Epler 2001","N","EcoAnalysts Inc.","G. Wallace",,,
"19b9562f-4fa4-437b-942a-64078d41a32e","D05","CRAM","CRAM.AOS.littoral1","2020-07-09T16:18Z","2020-10-25","CRAM.20200709.PONAR.2","A00000203302",,"TANSP11","Y","Tanytarsus sp.",,"genus","Arthropoda","Hexapoda","Insecta","Pterygota","Neoptera","Holometabola","Diptera","Nematocera","Culicomorpha",,"Chironomidae","Chironominae","Tanytarsini",,"Tanytarsus","sp.",,"larva",3,,1,56,2,"N","N",,"condition OK","Y",,"Epler 2001","N","EcoAnalysts Inc.","G. Wallace",,,
"b8bd2993-da59-467a-a409-4cc755b6ac12","D05","CRAM","CRAM.AOS.riparian.point.01","2020-07-09T16:18Z","2020-10-26","CRAM.20200709.BENTHICSWEEP.1","A00000203293",,"PENSP6","Y","Pentaneurini sp.",,"tribe","Arthropoda","Hexapoda","Insecta","Pterygota","Neoptera","Holometabola","Diptera","Nematocera","Culicomorpha",,"Chironomidae","Tanypodinae","Pentaneurini",,,"sp.",,"larva",1,,2,36,6,"Y","N",,"condition OK","N",,"Epler 2001","N","EcoAnalysts Inc.","G. Wallace",,,
"5670b397-c181-4266-a420-f1240f564c86","D05","CRAM","CRAM.AOS.riparian.point.05","2020-07-09T16:18Z","2020-10-26","CRAM.20200709.BENTHICSWEEP.5","A00000203297",,"ABLSP","Y","Ablabesmyia sp.",,"genus","Arthropoda","Hexapoda","Insecta","Pterygota","Neoptera","Holometabola","Diptera","Nematocera","Culicomorpha",,"Chironomidae","Tanypodinae","Pentaneurini",,"Ablabesmyia","sp.",,"larva",1,"1b",1,9,11,"Y","N",,"condition OK","Y",,"Roback 1985; Epler 2001","Y","EcoAnalysts Inc.","G. Wallace","Fragment measured",,
"0c901502-a447-4e09-bc91-aa712fad623e","D05","CRAM","CRAM.AOS.riparian.point.07","2020-07-09T16:18Z","2020-10-26","CRAM.20200709.BENTHICSWEEP.7","A00000203299",,"PARSP34","Y","Paratanytarsus sp.",,"genus","Arthropoda","Hexapoda","Insecta","Pterygota","Neoptera","Holometabola","Diptera","Nematocera","Culicomorpha",,"Chironomidae","Chironominae","Tanytarsini",,"Paratanytarsus","sp.",,"larva",1,,17,18,97,"N","N",,"condition OK","Y",,"Epler 2001","N","EcoAnalysts Inc.","G. Wallace",,,
"12109323-f6f9-460a-bbd8-9b137d11655d","D05","CRAM","CRAM.AOS.riparian.point.01","2020-07-09T16:18Z","2020-10-26","CRAM.20200709.BENTHICSWEEP.1","A00000203293","CRAM.20200709.BENTHICSWEEP.1_OLIGOCHAETE_2/2|CRAM.20200709.BENTHICSWEEP.1_OLIGOCHAETE_1/2","SLAAPP","Y","Slavina appendiculata",,"species","Annelida","Clitellata","Oligochaeta","Oligochaeta",,,"Tubificida",,,,"Naididae","Naidinae",,,"Slavina","appendiculata",,"none",1,,5,36,14,"N","N",,"condition OK","Y",,"Kathman and Brinkhurst 1998","N","EcoAnalysts Inc.","G. Wallace","Fragment measured",,
"be954f7d-fa13-4e92-8da6-31edbd584082","D05","CRAM","CRAM.AOS.littoral1","2020-07-09T16:18Z","2020-10-25","CRAM.20200709.PONAR.2","A00000203302",,"NEMSP","Y","Nematoda sp.",,"phylum","Nematoda",,,,,,,,,,,,,,,"sp.",,"none",1,,7,56,12,"N","Y",,"condition OK","Y",,"Thorp and Covich 2001","N","EcoAnalysts Inc.","A. Navesky",,,
"cbbd29a5-b0d0-4265-b6b5-b4088f4ba9e1","D05","CRAM","CRAM.AOS.littoral2","2020-07-09T16:18Z","2020-10-26","CRAM.20200709.PONAR.1","A00000203301",,"TANSP11","Y","Tanytarsus sp.",,"genus","Arthropoda","Hexapoda","Insecta","Pterygota","Neoptera","Holometabola","Diptera","Nematocera","Culicomorpha",,"Chironomidae","Chironominae","Tanytarsini",,"Tanytarsus","sp.",,"larva",3,,4,100,4,"N","N",,"condition OK","Y",,"Epler 2001","N","EcoAnalysts Inc.","G. Wallace",,,
"9a12c743-6d20-4034-873d-6319628220b1","D05","CRAM","CRAM.AOS.riparian.point.05","2020-07-09T16:18Z","2020-10-26","CRAM.20200709.BENTHICSWEEP.5","A00000203297",,"LARSP","Y","Larsia sp.",,"genus","Arthropoda","Hexapoda","Insecta","Pterygota","Neoptera","Holometabola","Diptera","Nematocera","Culicomorpha",,"Chironomidae","Tanypodinae","Pentaneurini",,"Larsia","sp.",,"larva",4,,1,9,11,"N","N",,"condition OK","Y",,"Epler 2001","Y","EcoAnalysts Inc.","G. Wallace",,,
"a72a2e75-c71d-4561-a029-799550c8a8ba","D05","CRAM","CRAM.AOS.riparian.point.07","2020-07-09T16:18Z","2020-10-26","CRAM.20200709.BENTHICSWEEP.7","A00000203299",,"PROSP23","Y","Procladius sp.",,"genus","Arthropoda","Hexapoda","Insecta","Pterygota","Neoptera","Holometabola","Diptera","Nematocera","Culicomorpha",,"Chironomidae","Tanypodinae","Procladiini",,"Procladius","sp.",,"larva",1,"1a",2,18,11,"N","N",,"condition OK","Y",,"Epler 2001","N","EcoAnalysts Inc.","G. Wallace",,,
"77a93b5a-31b2-4ad5-b35f-22f8f65b6be3","D05","CRAM","CRAM.AOS.littoral1","2020-07-09T16:18Z","2020-10-25","CRAM.20200709.PONAR.2","A00000203302",,"CLASP6","Y","Cladotanytarsus sp.",,"genus","Arthropoda","Hexapoda","Insecta","Pterygota","Neoptera","Holometabola","Diptera","Nematocera","Culicomorpha",,"Chironomidae","Chironominae","Tanytarsini",,"Cladotanytarsus","sp.",,"pupa",2,,1,56,2,"N","N",,"condition OK","Y",,"Epler 2001","N","EcoAnalysts Inc.","G. Wallace","Fragment measured",,
"b06f540d-4b25-40af-8a01-ad4f4f237ae4","D05","CRAM","CRAM.AOS.riparian.point.01","2020-07-09T16:18Z","2020-10-26","CRAM.20200709.BENTHICSWEEP.1","A00000203293",,"PSESP18","Y","Pseudochironomus sp.",,"genus","Arthropoda","Hexapoda","Insecta","Pterygota","Neoptera","Holometabola","Diptera","Nematocera","Culicomorpha",,"Chironomidae","Chironominae","Pseudochironomini",,"Pseudochironomus","sp.",,"larva",1,,7,36,20,"N","N",,"condition OK","Y",,"Epler 2001","N","EcoAnalysts Inc.","G. Wallace",,,
"e1130f61-a145-4887-8995-7972d9f7f4a9","D05","CRAM","CRAM.AOS.riparian.point.09","2020-07-09T16:18Z","2020-10-26","CRAM.20200709.BENTHICSWEEP.9","A00000203300",,"TANSP11","Y","Tanytarsus sp.",,"genus","Arthropoda","Hexapoda","Insecta","Pterygota","Neoptera","Holometabola","Diptera","Nematocera","Culicomorpha",,"Chironomidae","Chironominae","Tanytarsini",,"Tanytarsus","sp.",,"larva",4,,1,8,12,"N","N",,"condition OK","Y",,"Epler 2001","N","EcoAnalysts Inc.","G. Wallace",,,
"82ac059b-1221-4462-86a1-1c6d759b1b7d","D05","CRAM","CRAM.AOS.riparian.point.05","2020-07-09T16:18Z","2020-10-26","CRAM.20200709.BENTHICSWEEP.5","A00000203297",,"CERSP10","Y","Ceratopogoninae sp.",,"subfamily","Arthropoda","Hexapoda","Insecta","Pterygota","Neoptera","Holometabola","Diptera","Nematocera","Culicomorpha",,"Ceratopogonidae","Ceratopogoninae",,,,"sp.",,"larva",9,,1,9,11,"N","Y",,"condition OK","Y",,"Merritt and Cummins 2008","Y","EcoAnalysts Inc.","A. Navesky",,,
"1d7cb42a-c465-4d2d-a002-fe1d69a57b45","D05","CRAM","CRAM.AOS.littoral2","2020-07-09T16:18Z","2020-10-26","CRAM.20200709.PONAR.1","A00000203301",,"NEMSP","Y","Nematoda sp.",,"phylum","Nematoda",,,,,,,,,,,,,,,"sp.",,"none",8,,1,100,1,"N","Y",,"condition OK","Y",,"Thorp and Covich 2001","N","EcoAnalysts Inc.","A. Navesky",,,
"f54b602a-2e76-4d66-9a4c-a2e7e6febca1","D05","CRAM","CRAM.AOS.riparian.point.09","2020-07-09T16:18Z","2020-10-26","CRAM.20200709.BENTHICSWEEP.9","A00000203300","CRAM.20200709.BENTHICSWEEP.9_OLIGOCHAETE_1/1","HAEWAL","Y","Haemonais waldvogeli",,"species","Annelida","Clitellata","Oligochaeta","Oligochaeta",,,"Tubificida",,,,"Naididae","Naidinae",,,"Haemonais","waldvogeli",,"none",1,,1,8,12,"N","N",,"condition OK","Y",,"Kathman and Brinkhurst 1999","N","EcoAnalysts Inc.","G. Wallace","Fragment measured",,
"b7d8d69c-61ea-42bf-a743-c1a736e5ad2b","D05","CRAM","CRAM.AOS.riparian.point.07","2020-07-09T16:18Z","2020-10-26","CRAM.20200709.BENTHICSWEEP.7","A00000203299",,"NEMSP","Y","Nematoda sp.",,"phylum","Nematoda",,,,,,,,,,,,,,,"sp.",,"none",1,,37,18,210,"N","Y",,"condition OK","Y",,"Thorp and Covich 2001","N","EcoAnalysts Inc.","A. Navesky",,,
"2ecb6167-3871-4615-8fb8-4da03d66548c","D05","CRAM","CRAM.AOS.littoral1","2020-07-09T16:18Z","2020-10-25","CRAM.20200709.PONAR.2","A00000203302",,"LARSP","Y","Larsia sp.",,"genus","Arthropoda","Hexapoda","Insecta","Pterygota","Neoptera","Holometabola","Diptera","Nematocera","Culicomorpha",,"Chironomidae","Tanypodinae","Pentaneurini",,"Larsia","sp.",,"larva",3,,1,56,2,"N","N",,"condition OK","Y",,"Epler 2001","N","EcoAnalysts Inc.","G. Wallace",,,
"11e1f266-e47c-472e-a48c-95e75e6ab593","D05","CRAM","CRAM.AOS.riparian.point.05","2020-07-09T16:18Z","2020-10-26","CRAM.20200709.BENTHICSWEEP.5","A00000203297",,"PSESP19","Y","Psectrocladius sp.",,"genus","Arthropoda","Hexapoda","Insecta","Pterygota","Neoptera","Holometabola","Diptera","Nematocera","Culicomorpha",,"Chironomidae","Orthocladiinae",,,"Psectrocladius","sp.",,"larva",2,,2,9,22,"N","N",,"condition OK","Y",,"Epler 2001","Y","EcoAnalysts Inc.","G. Wallace",,,
"0cbcee29-2ae7-4197-9696-dc25d21d11b8","D05","CRAM","CRAM.AOS.riparian.point.01","2020-07-09T16:18Z","2020-10-26","CRAM.20200709.BENTHICSWEEP.1","A00000203293",,"LABSP","Y","Labrundinia sp.",,"genus","Arthropoda","Hexapoda","Insecta","Pterygota","Neoptera","Holometabola","Diptera","Nematocera","Culicomorpha",,"Chironomidae","Tanypodinae","Pentaneurini",,"Labrundinia","sp.",,"larva",3,,3,36,8,"N","N",,"condition OK","Y",,"Epler 2001","N","EcoAnalysts Inc.","G. Wallace",,,
"5f873997-be2d-4aa2-99de-1c673876ed5f","D05","CRAM","CRAM.AOS.riparian.point.03","2020-07-09T16:18Z","2020-10-26","CRAM.20200709.BENTHICSWEEP.3","A00000203295",,"THIGRO","Y","Thienemannimyia gr.",,"speciesGroup","Arthropoda","Hexapoda","Insecta","Pterygota","Neoptera","Holometabola","Diptera","Nematocera","Culicomorpha",,"Chironomidae","Tanypodinae","Pentaneurini",,"Thienemannimyia","gr.",,"larva",2,,2,98,2,"N","N",,"condition OK","Y",,"Epler 2001","N","EcoAnalysts Inc.","G. Wallace",,,
"44f4c433-23c9-42aa-8d82-bc1c3b0efac5","D05","CRAM","CRAM.AOS.littoral1","2020-07-09T16:18Z","2020-10-25","CRAM.20200709.PONAR.2","A00000203302",,"PSESP19","Y","Psectrocladius sp.",,"genus","Arthropoda","Hexapoda","Insecta","Pterygota","Neoptera","Holometabola","Diptera","Nematocera","Culicomorpha",,"Chironomidae","Orthocladiinae",,,"Psectrocladius","sp.",,"larva",1,"1a",1,56,2,"N","N",,"condition OK","Y",,"Epler 2001","N","EcoAnalysts Inc.","G. Wallace",,,
"3eeff0c0-a907-49f5-b943-bdda8d6d8984","D05","CRAM","CRAM.AOS.littoral1","2020-07-09T16:18Z","2020-10-25","CRAM.20200709.PONAR.2","A00000203302",,"HALSP1","Y","Halacaridae sp.",,"family","Arthropoda","Chelicerata","Arachnida","Acari",,"Acariformes","Trombidiformes","Prostigmata",,"Halacaroidea","Halacaridae",,,,,"sp.",,"none",1,,1,56,2,"N","N",,"condition OK","Y",,"Thorp and Covich 2001","N","EcoAnalysts Inc.","A. Navesky",,,
"030baf11-a268-475f-b3c2-99b6d638470b","D05","CRAM","CRAM.AOS.littoral1","2020-07-09T16:18Z","2020-10-25","CRAM.20200709.PONAR.2","A00000203302",,"OXYSP","Y","Oxyethira sp.",,"genus","Arthropoda","Hexapoda","Insecta","Pterygota","Neoptera","Holometabola","Trichoptera",,,"Hydroptiloidea","Hydroptilidae","Hydroptilinae","Hydroptilini",,"Oxyethira","sp.",,"larva",2,,1,56,2,"N","N",,"condition OK","Y",,"Wiggins 1996","N","EcoAnalysts Inc.","A. Navesky",,,
"5434b7fa-bf1e-463b-b65c-b8d08544f3ee","D05","CRAM","CRAM.AOS.littoral1","2020-07-09T16:18Z","2020-10-25","CRAM.20200709.PONAR.2","A00000203302",,"CORSP1","Y","Corbiculoidea sp.",,"superfamily","Mollusca",,"Bivalvia","Heterodonta",,,"Veneroida",,,"Corbiculoidea",,,,,,"sp.",,"none",2,,2,56,4,"N","N",,"damaged, affecting taxonomy","N",,"Mackie 2007","N","EcoAnalysts Inc.","A. Navesky","missing shell",,
"f5c7ddbb-c328-42a4-966f-3bf96ffa0864","D05","CRAM","CRAM.AOS.riparian.point.03","2020-07-09T16:18Z","2020-10-26","CRAM.20200709.BENTHICSWEEP.3","A00000203295",,"COESP","Y","Coenagrionidae sp.",,"family","Arthropoda","Hexapoda","Insecta","Pterygota","Palaeoptera",,"Odonata","Zygoptera",,,"Coenagrionidae",,,,,"sp.",,"larva",1,,4,98,4,"Y","N",,"condition OK","Y",,"Westfall and May 1996","N","EcoAnalysts Inc.","A. Navesky",,,
"19645b9e-3359-4cf9-a015-706c308a3285","D05","CRAM","CRAM.AOS.riparian.point.09","2020-07-09T16:18Z","2020-10-26","CRAM.20200709.BENTHICSWEEP.9","A00000203300",,"POLSOR","Y","Polypedilum sordens",,"species","Arthropoda","Hexapoda","Insecta","Pterygota","Neoptera","Holometabola","Diptera","Nematocera","Culicomorpha",,"Chironomidae","Chironominae","Chironomini",,"Polypedilum","sordens",,"larva",4,,1,8,12,"N","N",,"condition OK","Y",,"Maschwitz and Cook 2000","N","EcoAnalysts Inc.","G. Wallace",,,
"a914fd22-432e-4b5d-b187-734a516fa5d6","D05","CRAM","CRAM.AOS.littoral2","2020-07-09T16:18Z","2020-10-26","CRAM.20200709.PONAR.1","A00000203301",,"PENSP6","Y","Pentaneurini sp.",,"tribe","Arthropoda","Hexapoda","Insecta","Pterygota","Neoptera","Holometabola","Diptera","Nematocera","Culicomorpha",,"Chironomidae","Tanypodinae","Pentaneurini",,,"sp.",,"larva",1,,1,100,1,"Y","N",,"condition OK","N",,"Epler 2001","N","EcoAnalysts Inc.","G. Wallace",,,
"04f38f4a-b80a-4980-881a-13cebc46dedc","D05","CRAM","CRAM.AOS.riparian.point.09","2020-07-09T16:18Z","2020-10-26","CRAM.20200709.BENTHICSWEEP.9","A00000203300",,"CERSP10","Y","Ceratopogoninae sp.",,"subfamily","Arthropoda","Hexapoda","Insecta","Pterygota","Neoptera","Holometabola","Diptera","Nematocera","Culicomorpha",,"Ceratopogonidae","Ceratopogoninae",,,,"sp.",,"larva",5,,1,8,12,"N","Y",,"condition OK","Y",,"Merritt and Cummins 2008","N","EcoAnalysts Inc.","A. Navesky",,,
"0c9a749f-00fc-459d-b91e-4d9af9fca37d","D05","CRAM","CRAM.AOS.riparian.point.09","2020-07-09T16:18Z","2020-10-26","CRAM.20200709.BENTHICSWEEP.9","A00000203300",,"COLSP1","Y","Collembola sp.",,"order","Arthropoda","Hexapoda","Collembola",,,,"Collembola",,,,,,,,,"sp.",,"larva",1,,1,8,12,"N","N",,"condition OK","Y",,"Triplehorn and Johnson 2005","N","EcoAnalysts Inc.","A. Navesky",,,
"24a80e8f-4a41-413b-91de-539aad0f8832","D05","CRAM","CRAM.AOS.riparian.point.09","2020-07-09T16:18Z","2020-10-26","CRAM.20200709.BENTHICSWEEP.9","A00000203300",,"PENSP6","Y","Pentaneurini sp.",,"tribe","Arthropoda","Hexapoda","Insecta","Pterygota","Neoptera","Holometabola","Diptera","Nematocera","Culicomorpha",,"Chironomidae","Tanypodinae","Pentaneurini",,,"sp.",,"larva",1,,3,8,37,"Y","N",,"condition OK","N",,"Epler 2001","N","EcoAnalysts Inc.","G. Wallace",,,
"b28de044-7b6b-4eca-b688-de68cc5dab2f","D05","CRAM","CRAM.AOS.riparian.point.07","2020-07-09T16:18Z","2020-10-26","CRAM.20200709.BENTHICSWEEP.7","A00000203299",,"PSESP18","Y","Pseudochironomus sp.",,"genus","Arthropoda","Hexapoda","Insecta","Pterygota","Neoptera","Holometabola","Diptera","Nematocera","Culicomorpha",,"Chironomidae","Chironominae","Pseudochironomini",,"Pseudochironomus","sp.",,"larva",1,,2,18,11,"N","N",,"condition OK","Y",,"Epler 2001","N","EcoAnalysts Inc.","G. Wallace",,,
"b9a69082-224a-4532-8976-8ef2e3c0aa0f","D05","CRAM","CRAM.AOS.littoral2","2020-07-09T16:18Z","2020-10-26","CRAM.20200709.PONAR.1","A00000203301",,"PROSP23","Y","Procladius sp.",,"genus","Arthropoda","Hexapoda","Insecta","Pterygota","Neoptera","Holometabola","Diptera","Nematocera","Culicomorpha",,"Chironomidae","Tanypodinae","Procladiini",,"Procladius","sp.",,"larva",2,"2b",11,100,11,"N","N",,"condition OK","Y",,"Epler 2001","N","EcoAnalysts Inc.","G. Wallace",,,
"34c2e026-2445-4944-ba15-82dcfcb671f4","D05","CRAM","CRAM.AOS.riparian.point.01","2020-07-09T16:18Z","2020-10-26","CRAM.20200709.BENTHICSWEEP.1","A00000203293",,"ZALSP","Y","Zalutschia sp.",,"genus","Arthropoda","Hexapoda","Insecta","Pterygota","Neoptera","Holometabola","Diptera","Nematocera","Culicomorpha",,"Chironomidae","Orthocladiinae",,,"Zalutschia","sp.",,"larva",1,,4,36,11,"N","N",,"condition OK","Y",,"Epler 2001","N","EcoAnalysts Inc.","G. Wallace",,,
"9339673f-4069-4d46-95bc-1f5abb0143ba","D05","CRAM","CRAM.AOS.riparian.point.05","2020-07-09T16:18Z","2020-10-26","CRAM.20200709.BENTHICSWEEP.5","A00000203297","CRAM.20200709.BENTHICSWEEP.5_OLIGOCHAETE_1/1","CHADIA","Y","Chaetogaster diaphanus",,"species","Annelida","Clitellata","Oligochaeta","Oligochaeta",,,"Tubificida",,,,"Naididae","Naidinae",,,"Chaetogaster","diaphanus",,"none",1,,3,9,33,"N","N",,"condition OK","Y",,"Kathman and Brinkhurst 1998","Y","EcoAnalysts Inc.","G. Wallace","Fragment measured",,
"dce67684-0d2c-40a3-b750-6994799ed6e6","D05","CRAM","CRAM.AOS.riparian.point.07","2020-07-09T16:18Z","2020-10-26","CRAM.20200709.BENTHICSWEEP.7","A00000203299",,"PROSP23","Y","Procladius sp.",,"genus","Arthropoda","Hexapoda","Insecta","Pterygota","Neoptera","Holometabola","Diptera","Nematocera","Culicomorpha",,"Chironomidae","Tanypodinae","Procladiini",,"Procladius","sp.",,"larva",3,,1,18,6,"N","N",,"condition OK","Y",,"Epler 2001","N","EcoAnalysts Inc.","G. Wallace",,,
"a448e9da-9356-4602-8e07-50d1eee289dd","D05","CRAM","CRAM.AOS.riparian.point.09","2020-07-09T16:18Z","2020-10-26","CRAM.20200709.BENTHICSWEEP.9","A00000203300",,"ABLSP","Y","Ablabesmyia sp.",,"genus","Arthropoda","Hexapoda","Insecta","Pterygota","Neoptera","Holometabola","Diptera","Nematocera","Culicomorpha",,"Chironomidae","Tanypodinae","Pentaneurini",,"Ablabesmyia","sp.",,"larva",,,5,8,62,"Y","Y",,"damaged, affecting measurement","Y",,"Roback 1985; Epler 2001","N","EcoAnalysts Inc.","G. Wallace","5not measured; larger 1 has 3-segmented palps others immature",,
"120ef852-a851-4f4c-9587-15483906d480","D05","CRAM","CRAM.AOS.littoral1","2020-07-09T16:18Z","2020-10-25","CRAM.20200709.PONAR.2","A00000203302",,"PROSP23","Y","Procladius sp.",,"genus","Arthropoda","Hexapoda","Insecta","Pterygota","Neoptera","Holometabola","Diptera","Nematocera","Culicomorpha",,"Chironomidae","Tanypodinae","Procladiini",,"Procladius","sp.",,"larva",3,"3a",28,56,50,"N","N",,"condition OK","Y",,"Epler 2001","N","EcoAnalysts Inc.","G. Wallace",,,
"c48ea13b-93c4-47c8-ae5c-b26e16cefe92","D05","CRAM","CRAM.AOS.riparian.point.03","2020-07-09T16:18Z","2020-10-26","CRAM.20200709.BENTHICSWEEP.3","A00000203295",,"PROSP37","Y","Prostoma sp.",,"genus","Nemertea",,"Enopla",,,,"Hoplonemertea","Monostilifera",,,"Tetrastemmatidae",,,,"Prostoma","sp.",,"none",1,,2,98,2,"N","N",,"condition OK","Y",,"Pennak 1997; Thorp and Covich 2001","N","EcoAnalysts Inc.","G. Wallace","Fragment measured",,
"00047cdd-9884-4a40-9dc8-690148e15680","D05","CRAM","CRAM.AOS.riparian.point.09","2020-07-09T16:18Z","2020-10-26","CRAM.20200709.BENTHICSWEEP.9","A00000203300",,"GLYSP3","Y","Glyptotendipes sp.",,"genus","Arthropoda","Hexapoda","Insecta","Pterygota","Neoptera","Holometabola","Diptera","Nematocera","Culicomorpha",,"Chironomidae","Chironominae","Chironomini",,"Glyptotendipes","sp.",,"larva",3,"3a",2,8,25,"N","N",,"condition OK","Y",,"Epler 2001","N","EcoAnalysts Inc.","G. Wallace",,,
"8967bf05-0579-4aa6-b697-d68fa0a00d32","D05","CRAM","CRAM.AOS.riparian.point.03","2020-07-09T16:18Z","2020-10-26","CRAM.20200709.BENTHICSWEEP.3","A00000203295",,"CAESP5","Y","Caenis sp.",,"genus","Arthropoda","Hexapoda","Insecta","Pterygota","Palaeoptera",,"Ephemeroptera","Furcatergalia","Pannota","Caenoidea","Caenidae","Caeninae",,,"Caenis","sp.",,"larva",4,,1,98,1,"Y","N",,"condition OK","Y",,"Merritt and Cummins 2008","N","EcoAnalysts Inc.","A. Navesky",,,
"c5cd4b13-5e19-447c-b149-e2c5e8bd147d","D05","CRAM","CRAM.AOS.riparian.point.07","2020-07-09T16:18Z","2020-10-26","CRAM.20200709.BENTHICSWEEP.7","A00000203299",,"PROSP23","Y","Procladius sp.",,"genus","Arthropoda","Hexapoda","Insecta","Pterygota","Neoptera","Holometabola","Diptera","Nematocera","Culicomorpha",,"Chironomidae","Tanypodinae","Procladiini",,"Procladius","sp.",,"larva",1,"1b",2,18,11,"N","N",,"condition OK","Y",,"Epler 2001","N","EcoAnalysts Inc.","G. Wallace","Fragment measured",,
"f37887a1-8381-405d-b878-451d0800ecfa","D05","CRAM","CRAM.AOS.riparian.point.07","2020-07-09T16:18Z","2020-10-26","CRAM.20200709.BENTHICSWEEP.7","A00000203299",,"ANISP1","Y","Anisoptera sp.",,"suborder","Arthropoda","Hexapoda","Insecta","Pterygota","Palaeoptera",,"Odonata","Anisoptera",,,,,,,,"sp.",,"larva",2,,1,18,6,"Y","N",,"condition OK","Y",,"Merritt and Cummins 2008","N","EcoAnalysts Inc.","A. Navesky",,,
"c89360c9-f1f4-4832-83e8-c572e2b618e5","D05","CRAM","CRAM.AOS.riparian.point.01","2020-07-09T16:18Z","2020-10-26","CRAM.20200709.BENTHICSWEEP.1","A00000203293",,"PSESP19","Y","Psectrocladius sp.",,"genus","Arthropoda","Hexapoda","Insecta","Pterygota","Neoptera","Holometabola","Diptera","Nematocera","Culicomorpha",,"Chironomidae","Orthocladiinae",,,"Psectrocladius","sp.",,"larva",1,,2,36,6,"N","N",,"condition OK","Y",,"Epler 2001","N","EcoAnalysts Inc.","G. Wallace",,,
"7aeeef0a-7b82-43b9-a8ca-821cdb9c62fc","D05","CRAM","CRAM.AOS.riparian.point.05","2020-07-09T16:18Z","2020-10-26","CRAM.20200709.BENTHICSWEEP.5","A00000203297",,"CERSP10","Y","Ceratopogoninae sp.",,"subfamily","Arthropoda","Hexapoda","Insecta","Pterygota","Neoptera","Holometabola","Diptera","Nematocera","Culicomorpha",,"Ceratopogonidae","Ceratopogoninae",,,,"sp.",,"larva",3,,1,9,11,"N","Y",,"condition OK","Y",,"Merritt and Cummins 2008","Y","EcoAnalysts Inc.","A. Navesky",,,
"c5fde210-95cb-4cc1-8439-cde4259cc772","D05","CRAM","CRAM.AOS.littoral2","2020-07-09T16:18Z","2020-10-26","CRAM.20200709.PONAR.1","A00000203301",,"CAESP5","Y","Caenis sp.",,"genus","Arthropoda","Hexapoda","Insecta","Pterygota","Palaeoptera",,"Ephemeroptera","Furcatergalia","Pannota","Caenoidea","Caenidae","Caeninae",,,"Caenis","sp.",,"larva",4,,1,100,1,"N","Y",,"condition OK","Y",,"Merritt and Cummins 2008","N","EcoAnalysts Inc.","A. Navesky",,,
"aa324a68-d57a-4ed1-afd5-dfe1e51d871b","D05","CRAM","CRAM.AOS.riparian.point.07","2020-07-09T16:18Z","2020-10-26","CRAM.20200709.BENTHICSWEEP.7","A00000203299",,"HETMAR","Y","Heterotrissocladius marcidus gr.",,"speciesGroup","Arthropoda","Hexapoda","Insecta","Pterygota","Neoptera","Holometabola","Diptera","Nematocera","Culicomorpha",,"Chironomidae","Orthocladiinae",,,"Heterotrissocladius","marcidus gr.",,"larva",2,,1,18,6,"N","N",,"condition OK","Y",,"Epler 2001","N","EcoAnalysts Inc.","G. Wallace",,,
"2061ae37-a3ce-458b-ae3b-da3ff29f289b","D05","CRAM","CRAM.AOS.riparian.point.07","2020-07-09T16:18Z","2020-10-26","CRAM.20200709.BENTHICSWEEP.7","A00000203299",,"TABSP1","Y","Tabanidae sp.",,"family","Arthropoda","Hexapoda","Insecta","Pterygota","Neoptera","Holometabola","Diptera","Brachycera","Tabanomorpha",,"Tabanidae",,,,,"sp.",,"larva",3,,1,18,6,"Y","N",,"condition OK","Y",,"Merritt and Cummins 2008","N","EcoAnalysts Inc.","A. Navesky","RC",,
"e7e8f45c-7067-4282-8ee8-02c1ed8f8241","D05","CRAM","CRAM.AOS.littoral1","2020-07-09T16:18Z","2020-10-25","CRAM.20200709.PONAR.2","A00000203302",,"ABLSP","Y","Ablabesmyia sp.",,"genus","Arthropoda","Hexapoda","Insecta","Pterygota","Neoptera","Holometabola","Diptera","Nematocera","Culicomorpha",,"Chironomidae","Tanypodinae","Pentaneurini",,"Ablabesmyia","sp.",,"larva",2,,1,56,2,"Y","Y",,"damaged, affecting taxonomy","Y",,"Roback 1985; Epler 2001","N","EcoAnalysts Inc.","G. Wallace","1 larger one partial with 5-6 segmented palp other larger with 3-segmented palp",,
"f6d5ced5-575c-4794-8056-d57b4f8fc4da","D05","CRAM","CRAM.AOS.riparian.point.03","2020-07-09T16:18Z","2020-10-26","CRAM.20200709.BENTHICSWEEP.3","A00000203295",,"LARSP","Y","Larsia sp.",,"genus","Arthropoda","Hexapoda","Insecta","Pterygota","Neoptera","Holometabola","Diptera","Nematocera","Culicomorpha",,"Chironomidae","Tanypodinae","Pentaneurini",,"Larsia","sp.",,"larva",1,,1,98,1,"N","N",,"condition OK","Y",,"Epler 2001","N","EcoAnalysts Inc.","G. Wallace",,,
"365ea7fa-e93a-493d-8f2f-a79e89c5b4f7","D05","CRAM","CRAM.AOS.buoy.c0","2020-07-09T16:18Z","2020-10-25","CRAM.20200709.PONAR.3","A00000203303",,"CHASP13","Y","Chaoborus sp.",,"genus","Arthropoda","Hexapoda","Insecta","Pterygota","Neoptera","Holometabola","Diptera","Nematocera","Culicomorpha",,"Chaoboridae","Chaoborinae",,,"Chaoborus","sp.",,"larva",10,,3,100,3,"N","N",,"condition OK","Y",,"Merritt Cummins and Berg 2008","N","EcoAnalysts Inc.","A. Navesky",,,
"1cb9538a-d0fb-4c0c-a9b6-4b389ebb994f","D05","CRAM","CRAM.AOS.littoral1","2020-07-09T16:18Z","2020-10-25","CRAM.20200709.PONAR.2","A00000203302",,"PISSP2","Y","Pisidiidae sp.",,"family","Mollusca",,"Bivalvia","Heterodonta",,,"Veneroida",,,"Corbiculoidea","Pisidiidae",,,,,"sp.",,"none",3,,3,56,5,"N","N",,"damaged, affecting taxonomy","Y",,"Thorp and Covich 2001","N","EcoAnalysts Inc.","A. Navesky",,,
"931b635e-9744-4353-88ed-29c195148243","D05","CRAM","CRAM.AOS.littoral1","2020-07-09T16:18Z","2020-10-25","CRAM.20200709.PONAR.2","A00000203302",,"PARSP25","Y","Parakiefferiella sp.",,"genus","Arthropoda","Hexapoda","Insecta","Pterygota","Neoptera","Holometabola","Diptera","Nematocera","Culicomorpha",,"Chironomidae","Orthocladiinae",,,"Parakiefferiella","sp.",,"larva",3,,6,56,11,"N","N",,"condition OK","Y",,"Epler 2001","N","EcoAnalysts Inc.","G. Wallace",,,
"ee932d9d-cc68-4a43-908c-ed8de421627a","D05","CRAM","CRAM.AOS.riparian.point.01","2020-07-09T16:18Z","2020-10-26","CRAM.20200709.BENTHICSWEEP.1","A00000203293",,"ZYGSP1","Y","Zygoptera sp.",,"suborder","Arthropoda","Hexapoda","Insecta","Pterygota","Palaeoptera",,"Odonata","Zygoptera",,,,,,,,"sp.",,"larva",1,,1,36,3,"N","N",,"damaged, affecting taxonomy","Y",,"Merritt and Cummins 2008","N","EcoAnalysts Inc.","A. Navesky",,,
"ae951e4e-8cf2-498d-99b7-9dc8e325c17a","D05","CRAM","CRAM.AOS.littoral1","2020-07-09T16:18Z","2020-10-25","CRAM.20200709.PONAR.2","A00000203302",,"LAUAGR","Y","Lauterborniella agrayloides",,"species","Arthropoda","Hexapoda","Insecta","Pterygota","Neoptera","Holometabola","Diptera","Nematocera","Culicomorpha",,"Chironomidae","Chironominae","Chironomini",,"Lauterborniella","agrayloides",,"larva",2,,1,56,2,"N","N",,"condition OK","Y",,"Epler 2001","N","EcoAnalysts Inc.","G. Wallace",,,
"5bc53aa8-855d-4f6d-a57a-86d41815a0e9","D05","CRAM","CRAM.AOS.riparian.point.01","2020-07-09T16:18Z","2020-10-26","CRAM.20200709.BENTHICSWEEP.1","A00000203293",,"NEMSP","Y","Nematoda sp.",,"phylum","Nematoda",,,,,,,,,,,,,,,"sp.",,"none",1,,10,36,28,"N","Y",,"condition OK","Y",,"Thorp and Covich 2001","N","EcoAnalysts Inc.","A. Navesky",,,
"89fb5d0c-76f7-46a0-8b94-3b4937bd4818","D05","CRAM","CRAM.AOS.littoral1","2020-07-09T16:18Z","2020-10-25","CRAM.20200709.PONAR.2","A00000203302",,"HETSP13","Y","Heterotanytarsus sp.",,"genus","Arthropoda","Hexapoda","Insecta","Pterygota","Neoptera","Holometabola","Diptera","Nematocera","Culicomorpha",,"Chironomidae","Orthocladiinae",,,"Heterotanytarsus","sp.",,"larva",1,"1a",3,56,5,"N","N",,"condition OK","Y",,"Epler 2001","N","EcoAnalysts Inc.","G. Wallace",,,
"d31167ee-4ae6-4b56-87ce-63f2717f9e10","D05","CRAM","CRAM.AOS.littoral2","2020-07-09T16:18Z","2020-10-26","CRAM.20200709.PONAR.1","A00000203301",,"PROSP23","Y","Procladius sp.",,"genus","Arthropoda","Hexapoda","Insecta","Pterygota","Neoptera","Holometabola","Diptera","Nematocera","Culicomorpha",,"Chironomidae","Tanypodinae","Procladiini",,"Procladius","sp.",,"larva",5,,7,100,7,"N","N",,"condition OK","Y",,"Epler 2001","N","EcoAnalysts Inc.","G. Wallace",,,
"a659249e-4174-43ff-b100-929ee1da48d2","D05","CRAM","CRAM.AOS.littoral1","2020-07-09T16:18Z","2020-10-25","CRAM.20200709.PONAR.2","A00000203302",,"NEMSP","Y","Nematoda sp.",,"phylum","Nematoda",,,,,,,,,,,,,,,"sp.",,"none",2,,43,56,76,"N","Y",,"condition OK","Y",,"Thorp and Covich 2001","N","EcoAnalysts Inc.","A. Navesky",,,
"f75d89bc-f903-4d21-87f7-893b793f3bff","D05","CRAM","CRAM.AOS.littoral1","2020-07-09T16:18Z","2020-10-25","CRAM.20200709.PONAR.2","A00000203302",,"CERSP10","Y","Ceratopogoninae sp.",,"subfamily","Arthropoda","Hexapoda","Insecta","Pterygota","Neoptera","Holometabola","Diptera","Nematocera","Culicomorpha",,"Ceratopogonidae","Ceratopogoninae",,,,"sp.",,"larva",8,,1,56,2,"N","Y",,"condition OK","Y",,"Merritt and Cummins 2008","N","EcoAnalysts Inc.","A. Navesky",,,
"31249401-bcb0-439c-ad98-24fa969cc85a","D05","CRAM","CRAM.AOS.riparian.point.03","2020-07-09T16:18Z","2020-10-26","CRAM.20200709.BENTHICSWEEP.3","A00000203295",,"LARSP","Y","Larsia sp.",,"genus","Arthropoda","Hexapoda","Insecta","Pterygota","Neoptera","Holometabola","Diptera","Nematocera","Culicomorpha",,"Chironomidae","Tanypodinae","Pentaneurini",,"Larsia","sp.",,"larva",4,,1,98,1,"N","N",,"condition OK","Y",,"Epler 2001","N","EcoAnalysts Inc.","G. Wallace",,,
"38378fe1-7add-44fd-bc22-c18abc78435c","D05","CRAM","CRAM.AOS.riparian.point.05","2020-07-09T16:18Z","2020-10-26","CRAM.20200709.BENTHICSWEEP.5","A00000203297",,"DICSP7","Y","Dicrotendipes sp.",,"genus","Arthropoda","Hexapoda","Insecta","Pterygota","Neoptera","Holometabola","Diptera","Nematocera","Culicomorpha",,"Chironomidae","Chironominae","Chironomini",,"Dicrotendipes","sp.",,"larva",2,"2b",7,9,76,"Y","Y",,"condition OK","Y",,"Epler 1987 1988 2001","Y","EcoAnalysts Inc.","G. Wallace",,,
"a0451564-b8bc-44bb-85a1-8b3c61c8ee22","D05","CRAM","CRAM.AOS.riparian.point.07","2020-07-09T16:18Z","2020-10-26","CRAM.20200709.BENTHICSWEEP.7","A00000203299",,"CERSP10","Y","Ceratopogoninae sp.",,"subfamily","Arthropoda","Hexapoda","Insecta","Pterygota","Neoptera","Holometabola","Diptera","Nematocera","Culicomorpha",,"Ceratopogonidae","Ceratopogoninae",,,,"sp.",,"larva",9,,1,18,6,"N","Y",,"condition OK","Y",,"Merritt and Cummins 2008","N","EcoAnalysts Inc.","A. Navesky",,,
"ecf6596f-0f7d-45bc-a072-7a68653c206f","D05","CRAM","CRAM.AOS.littoral1","2020-07-09T16:18Z","2020-10-25","CRAM.20200709.PONAR.2","A00000203302",,"POLSP5","Y","Polycentropodidae sp.",,"family","Arthropoda","Hexapoda","Insecta","Pterygota","Neoptera","Holometabola","Trichoptera",,,"Hydropsychoidea","Polycentropodidae",,,,,"sp.",,"larva",2,,1,56,2,"Y","N",,"condition OK","Y",,"Wiggins 1996","N","EcoAnalysts Inc.","A. Navesky",,,
"f4033996-823f-4173-a518-ddd5b1afc577","D05","CRAM","CRAM.AOS.riparian.point.09","2020-07-09T16:18Z","2020-10-26","CRAM.20200709.BENTHICSWEEP.9","A00000203300",,"POLSOR","Y","Polypedilum sordens",,"species","Arthropoda","Hexapoda","Insecta","Pterygota","Neoptera","Holometabola","Diptera","Nematocera","Culicomorpha",,"Chironomidae","Chironominae","Chironomini",,"Polypedilum","sordens",,"larva",6,,2,8,25,"N","N",,"condition OK","Y",,"Maschwitz and Cook 2000","N","EcoAnalysts Inc.","G. Wallace",,,
"ef02ab6a-0d9b-457f-9cbc-33950af3e1c9","D05","CRAM","CRAM.AOS.riparian.point.09","2020-07-09T16:18Z","2020-10-26","CRAM.20200709.BENTHICSWEEP.9","A00000203300",,"CERSP10","Y","Ceratopogoninae sp.",,"subfamily","Arthropoda","Hexapoda","Insecta","Pterygota","Neoptera","Holometabola","Diptera","Nematocera","Culicomorpha",,"Ceratopogonidae","Ceratopogoninae",,,,"sp.",,"larva",1,,2,8,25,"N","Y",,"condition OK","Y",,"Merritt and Cummins 2008","N","EcoAnalysts Inc.","A. Navesky",,,
"8e7e42c9-6738-49ce-bd99-1cb18383f7fa","D05","CRAM","CRAM.AOS.littoral1","2020-07-09T16:18Z","2020-10-25","CRAM.20200709.PONAR.2","A00000203302",,"PROSP23","Y","Procladius sp.",,"genus","Arthropoda","Hexapoda","Insecta","Pterygota","Neoptera","Holometabola","Diptera","Nematocera","Culicomorpha",,"Chironomidae","Tanypodinae","Procladiini",,"Procladius","sp.",,"larva",2,,7,56,12,"N","N",,"condition OK","Y",,"Epler 2001","N","EcoAnalysts Inc.","G. Wallace",,,
"db881573-129e-47a5-967f-70d38961bfe1","D05","CRAM","CRAM.AOS.riparian.point.03","2020-07-09T16:18Z","2020-10-26","CRAM.20200709.BENTHICSWEEP.3","A00000203295",,"DICSP7","Y","Dicrotendipes sp.",,"genus","Arthropoda","Hexapoda","Insecta","Pterygota","Neoptera","Holometabola","Diptera","Nematocera","Culicomorpha",,"Chironomidae","Chironominae","Chironomini",,"Dicrotendipes","sp.",,"larva",7,,1,98,1,"Y","Y",,"condition OK","Y",,"Epler 1987 1988 2001","N","EcoAnalysts Inc.","G. Wallace",,,
"905324db-5306-4b1e-a2b5-5f25f5f43423","D05","CRAM","CRAM.AOS.littoral2","2020-07-09T16:18Z","2020-10-26","CRAM.20200709.PONAR.1","A00000203301",,"PROSP23","Y","Procladius sp.",,"genus","Arthropoda","Hexapoda","Insecta","Pterygota","Neoptera","Holometabola","Diptera","Nematocera","Culicomorpha",,"Chironomidae","Tanypodinae","Procladiini",,"Procladius","sp.",,"larva",1,,2,100,2,"N","N",,"condition OK","Y",,"Epler 2001","N","EcoAnalysts Inc.","G. Wallace","Fragment measured",,
"0f7a2e39-3363-4785-98a3-a6a9c7eb3cd8","D05","CRAM","CRAM.AOS.littoral2","2020-07-09T16:18Z","2020-10-26","CRAM.20200709.PONAR.1","A00000203301",,"HETMAR","Y","Heterotrissocladius marcidus gr.",,"speciesGroup","Arthropoda","Hexapoda","Insecta","Pterygota","Neoptera","Holometabola","Diptera","Nematocera","Culicomorpha",,"Chironomidae","Orthocladiinae",,,"Heterotrissocladius","marcidus gr.",,"larva",3,,1,100,1,"N","N",,"condition OK","Y",,"Epler 2001","N","EcoAnalysts Inc.","G. Wallace",,,
"88f5c316-bff8-4a62-981e-3ae93536b885","D05","CRAM","CRAM.AOS.riparian.point.01","2020-07-09T16:18Z","2020-10-26","CRAM.20200709.BENTHICSWEEP.1","A00000203293",,"NEMSP","Y","Nematoda sp.",,"phylum","Nematoda",,,,,,,,,,,,,,,"sp.",,"none",2,,7,36,20,"N","Y",,"condition OK","Y",,"Thorp and Covich 2001","N","EcoAnalysts Inc.","A. Navesky",,,
"ceb96f34-cd2c-4411-9b60-f90baf4b807d","D05","CRAM","CRAM.AOS.littoral2","2020-07-09T16:18Z","2020-10-26","CRAM.20200709.PONAR.1","A00000203301",,"STESP9","Y","Stempellina sp.",,"genus","Arthropoda","Hexapoda","Insecta","Pterygota","Neoptera","Holometabola","Diptera","Nematocera","Culicomorpha",,"Chironomidae","Chironominae","Tanytarsini",,"Stempellina","sp.",,"larva",3,,2,100,2,"N","N",,"condition OK","Y",,"Epler 2001","N","EcoAnalysts Inc.","G. Wallace",,,
"71c15c6d-a500-4e83-aba6-8327f3e65154","D05","CRAM","CRAM.AOS.riparian.point.07","2020-07-09T16:18Z","2020-10-26","CRAM.20200709.BENTHICSWEEP.7","A00000203299",,"PSESP19","Y","Psectrocladius sp.",,"genus","Arthropoda","Hexapoda","Insecta","Pterygota","Neoptera","Holometabola","Diptera","Nematocera","Culicomorpha",,"Chironomidae","Orthocladiinae",,,"Psectrocladius","sp.",,"pupa",2,,1,18,6,"N","N",,"condition OK","Y",,"Epler 2001","N","EcoAnalysts Inc.","G. Wallace",,,
"80985ba4-b7c4-409d-9079-c74877d2438e","D05","CRAM","CRAM.AOS.buoy.c0","2020-07-09T16:18Z","2020-10-25","CRAM.20200709.PONAR.3","A00000203303",,"LARSP","Y","Larsia sp.",,"genus","Arthropoda","Hexapoda","Insecta","Pterygota","Neoptera","Holometabola","Diptera","Nematocera","Culicomorpha",,"Chironomidae","Tanypodinae","Pentaneurini",,"Larsia","sp.",,"larva",4,,1,100,1,"N","N",,"condition OK","Y",,"Epler 2001","N","EcoAnalysts Inc.","G. Wallace",,,
"74b644ef-2119-453c-a910-9493bbf83e77","D05","CRAM","CRAM.AOS.riparian.point.09","2020-07-09T16:18Z","2020-10-26","CRAM.20200709.BENTHICSWEEP.9","A00000203300",,"ORISP1","Y","Oribatida sp.",,"suborder","Arthropoda","Chelicerata","Arachnida","Acari",,"Acariformes","Sarcoptiformes","Oribatida",,,,,,,,"sp.",,"none",1,,21,8,258,"N","Y",,"condition OK","Y",,"Thorp and Covich 2001","N","EcoAnalysts Inc.","A. Navesky","Oribatida",,
"7da1d97a-7e8a-47bd-9745-23327e393905","D05","CRAM","CRAM.AOS.littoral2","2020-07-09T16:18Z","2020-10-26","CRAM.20200709.PONAR.1","A00000203301",,"NEMSP","Y","Nematoda sp.",,"phylum","Nematoda",,,,,,,,,,,,,,,"sp.",,"none",1,,13,100,13,"N","Y",,"condition OK","Y",,"Thorp and Covich 2001","N","EcoAnalysts Inc.","A. Navesky",,,
"d9813bd3-5ffc-44fe-bee4-d8ba619ec8ec","D05","CRAM","CRAM.AOS.littoral2","2020-07-09T16:18Z","2020-10-26","CRAM.20200709.PONAR.1","A00000203301",,"HETMAR","Y","Heterotrissocladius marcidus gr.",,"speciesGroup","Arthropoda","Hexapoda","Insecta","Pterygota","Neoptera","Holometabola","Diptera","Nematocera","Culicomorpha",,"Chironomidae","Orthocladiinae",,,"Heterotrissocladius","marcidus gr.",,"larva",1,,1,100,1,"N","N",,"condition OK","Y",,"Epler 2001","N","EcoAnalysts Inc.","G. Wallace","Fragment measured",,
"eba9034b-6b8c-4aa0-a466-4db6c5dc2a46","D05","CRAM","CRAM.AOS.littoral2","2020-07-09T16:18Z","2020-10-26","CRAM.20200709.PONAR.1","A00000203301",,"ABLSP","Y","Ablabesmyia sp.",,"genus","Arthropoda","Hexapoda","Insecta","Pterygota","Neoptera","Holometabola","Diptera","Nematocera","Culicomorpha",,"Chironomidae","Tanypodinae","Pentaneurini",,"Ablabesmyia","sp.",,"larva",4,,2,100,2,"Y","Y",,"condition OK","Y",,"Roback 1985; Epler 2001","N","EcoAnalysts Inc.","G. Wallace","Larger ones w/ 3-segmented palps",,
"88c110ad-cf2f-4cbf-9380-8ffefaae580a","D05","CRAM","CRAM.AOS.riparian.point.07","2020-07-09T16:18Z","2020-10-26","CRAM.20200709.BENTHICSWEEP.7","A00000203299","CRAM.20200709.BENTHICSWEEP.7_OLIGOCHAETE_1/1","PRISP1","Y","Pristina sp.",,"genus","Annelida","Clitellata","Oligochaeta","Oligochaeta",,,"Tubificida",,,,"Naididae","Pristininae",,,"Pristina","sp.",,"none",1,,1,18,6,"N","N",,"condition OK","Y",,"Kathman and Brinkhurst 1998","N","EcoAnalysts Inc.","G. Wallace","Fragment measured",,
"7d6f7ad2-7995-4adb-9a81-d7a6df0869fe","D05","CRAM","CRAM.AOS.littoral1","2020-07-09T16:18Z","2020-10-25","CRAM.20200709.PONAR.2","A00000203302",,"STESP9","Y","Stempellina sp.",,"genus","Arthropoda","Hexapoda","Insecta","Pterygota","Neoptera","Holometabola","Diptera","Nematocera","Culicomorpha",,"Chironomidae","Chironominae","Tanytarsini",,"Stempellina","sp.",,"pupa",3,,1,56,2,"N","N",,"condition OK","Y",,"Epler 2001","N","EcoAnalysts Inc.","G. Wallace",,,
