uid,domainID,siteID,namedLocation,collectDate,identifiedDate,sampleID,sampleCode,slideID,acceptedTaxonID,targetTaxaPresent,scientificName,morphospeciesID,taxonRank,phylum,subphylum,class,subclass,infraclass,superorder,order,suborder,infraorder,superfamily,family,subfamily,tribe,subtribe,genus,specificEpithet,infraspecificEpithet,invertebrateLifeStage,sizeClass,sizeCategory,individualCount,subsamplePercent,estimatedTotalCount,immatureSpecimen,indeterminateSpecies,taxonRankQualifier,sampleCondition,distinctTaxon,identificationQualifier,identificationReferences,qcChecked,laboratoryName,identifiedBy,identificationRemarks,identificationHistoryID,dataQF
"783804cc-11d0-4c4a-a1a1-81405aed1bc1","D04","CUPE","CUPE.AOS.reach","2016-01-29T11:20Z","2016-09-19","CUPE.20160129.SURBER.2",,,"HELSP7","Y","Helicopsyche sp.",,"genus","Arthropoda","Hexapoda","Insecta","Pterygota","Neoptera","Holometabola","Trichoptera",,,"Sericostomatoidea","Helicopsychidae",,,,"Helicopsyche","sp.",,"larva",2,,2,100,2,"N","Y",,"condition OK","Y",,"Merritt et al. 2008; Wiggins 1996; Flint 1964,1992","N","GEI Consultants Inc.","KG",,,"legacyData"
"fb658705-760c-443a-a471-6e2af6834263","D04","CUPE","CUPE.AOS.reach","2016-01-29T11:20Z","2016-09-19","CUPE.20160129.SURBER.2",,,"MARSP3","Y","Maruina sp.",,"genus","Arthropoda","Hexapoda","Insecta","Pterygota","Neoptera","Holometabola","Diptera","Nematocera","Psychodomorpha",,"Psychodidae","Psychodinae",,,"Maruina","sp.",,"larva",1,,1,100,1,"N","Y",,"condition OK","Y",,"Wagner and Masteller 1996; Merritt et al. 2008","N","GEI Consultants Inc.","KG",,,"legacyData"
"6685efdc-ffac-4998-a336-81d83115f9f2","D04","CUPE","CUPE.AOS.reach","2016-01-29T11:20Z","2016-10-20","CUPE.20160129.SURBER.8",,,"ATOTRI","Y","Atopsyche trifida",,"species","Arthropoda","Hexapoda","Insecta","Pterygota","Neoptera","Holometabola","Trichoptera",,,"Rhyacophiloidea","Hydrobiosidae","Hydrobiosinae","Hydrobiosini",,"Atopsyche","trifida",,"larva",2,,1,100,1,"N","N",,"condition OK","Y",,"Merritt et al. 2008; Wiggins 1996; Flint 1992","N","GEI Consultants Inc.","KG",,,"legacyData"
"a1bb611f-379e-4f6f-b451-bbfea79567c6","D04","CUPE","CUPE.AOS.reach","2016-01-29T11:20Z","2016-12-15","CUPE.20160129.SURBER.4",,"NE(4)616-4-CHI","ORTGR","Y","Orthocladius/Cricotopus gr.",,"speciesGroup","Arthropoda","Hexapoda","Insecta",,"Neoptera","Holometabola","Diptera","Nematocera","Culicomorpha",,"Chironomidae","Orthocladiinae",,,,"gr.",,"larva",3,,2,100,2,"N","Y",,"condition OK","Y",,"Andersen et al. 2013","N","GEI Consultants Inc.","UR",,,"legacyData"
"90c07aa5-d355-4162-94d3-7bc2d1f32bef","D04","CUPE","CUPE.AOS.reach","2016-01-29T11:20Z","2016-10-19","CUPE.20160129.SURBER.7",,,"NEOGRA","Y","Neoelmis gracilis",,"species","Arthropoda","Hexapoda","Insecta","Pterygota","Neoptera","Holometabola","Coleoptera","Polyphaga","Elateriformia","Byrrhoidea","Elmidae","Elminae","Elmini",,"Neoelmis","gracilis",,"adult",2,,2,100,2,"N","N",,"condition OK","Y",,"Merritt et al. 2008; Segura et al. 2013; Musgrave 1935","N","GEI Consultants Inc.","KG",,,"legacyData"
"33d2bf14-8db2-4d68-a574-6681173d2aa4","D04","CUPE","CUPE.AOS.reach","2016-01-29T11:20Z","2016-10-10","CUPE.20160129.SURBER.4",,,"PHACLA","Y","Phanocerus clavicornis",,"species","Arthropoda","Hexapoda","Insecta","Pterygota","Neoptera","Holometabola","Coleoptera","Polyphaga","Elateriformia","Byrrhoidea","Elmidae","Larainae",,,"Phanocerus","clavicornis",,"larva",4,,1,100,1,"N","N",,"condition OK","Y",,"Spangler and Santiago-Fragoso 1992; Segura et al. 2013; Merritt et al. 2008","N","GEI Consultants Inc.","KG",,,"legacyData"
"cc07edd5-acca-4c00-aabd-96aedb6dafbb","D04","CUPE","CUPE.AOS.reach","2016-01-29T11:20Z","2016-10-10","CUPE.20160129.SURBER.4",,,"EPISIN","Y","Epilobocera sinuatifrons",,"species","Arthropoda","Crustacea","Malacostraca","Eumalacostraca",,"Eucarida","Decapoda","Pleocyemata","Brachyura","Pseudothelphusoidea","Pseudothelphusidae",,,,"Epilobocera","sinuatifrons",,"adult",5,,1,100,1,"N","N",,"condition OK","Y",,"Perez-Reyes et al. 2013","N","GEI Consultants Inc.","KG","Missing claw",,"legacyData"
"c38905a0-74ce-4564-8baf-366241977eb0","D04","CUPE","CUPE.AOS.reach","2016-01-29T11:20Z","2016-10-20","CUPE.20160129.SURBER.8",,,"CARSP14","Y","Cariboptila sp.",,"genus","Arthropoda","Hexapoda","Insecta","Pterygota","Neoptera","Holometabola","Trichoptera",,,"Glossosomatoidea","Glossosomatidae","Protoptilinae",,,"Cariboptila","sp.",,"larva",3,,1,100,1,"N","Y",,"condition OK","Y",,"Merritt et al. 2008; Wiggins 1996; Flint 1964","N","GEI Consultants Inc.","KG",,,"legacyData"
"01534ec9-fc93-4a29-baf1-f99912343d8c","D04","CUPE","CUPE.AOS.reach","2016-01-29T11:20Z","2016-09-21","CUPE.20160129.SURBER.3",,,"CARSP14","Y","Cariboptila sp.",,"genus","Arthropoda","Hexapoda","Insecta","Pterygota","Neoptera","Holometabola","Trichoptera",,,"Glossosomatoidea","Glossosomatidae","Protoptilinae",,,"Cariboptila","sp.",,"larva",2,,27,100,27,"N","Y",,"condition OK","Y",,"Merritt et al. 2008; Wiggins 1996; Flint 1964","N","GEI Consultants Inc.","KG",,,"legacyData"
"1e7c7b88-4350-4e69-8cbb-c8af9e8f251b","D04","CUPE","CUPE.AOS.reach","2016-01-29T11:20Z","2016-10-10","CUPE.20160129.SURBER.4",,,"NEOGRA","Y","Neoelmis gracilis",,"species","Arthropoda","Hexapoda","Insecta","Pterygota","Neoptera","Holometabola","Coleoptera","Polyphaga","Elateriformia","Byrrhoidea","Elmidae","Elminae","Elmini",,"Neoelmis","gracilis",,"larva",3,,30,100,30,"N","N",,"condition OK","Y",,"Merritt et al. 2008; Segura et al. 2013; Musgrave 1935","N","GEI Consultants Inc.","KG","Lacking frontal tooth",,"legacyData"
"f3d0be84-530b-495a-9a3c-acfc12aa9d6e","D04","CUPE","CUPE.AOS.reach","2016-01-29T11:20Z","2016-10-11","CUPE.20160129.SURBER.5",,,"PETSP4","Y","Petrophila sp.",,"genus","Arthropoda","Hexapoda","Insecta","Pterygota","Neoptera","Holometabola","Lepidoptera",,,"Pyraloidea","Crambidae","Nymphulinae","Argyractini",,"Petrophila","sp.",,"larva",7,,1,100,1,"N","Y",,"condition OK","Y",,"Merritt et al. 2008","N","GEI Consultants Inc.","KG",,,"legacyData"
"41e6763c-95f1-45a3-b573-602030d8875d","D04","CUPE","CUPE.AOS.reach","2016-01-29T11:20Z","2016-10-20","CUPE.20160129.SURBER.8",,,"LABSP2","Y","Labiobaetis sp.",,"genus","Arthropoda","Hexapoda","Insecta","Pterygota","Palaeoptera",,"Ephemeroptera","Pisciforma",,,"Baetidae",,,,"Labiobaetis","sp.",,"larva",3,,1,100,1,"Y","N",,"condition OK","Y",,"Merritt et al. 2008; Lugo-Ortiz and McCafferty 1994; Travers 1938","N","GEI Consultants Inc.","KG","Has keel, labial palps with well-developed anterior projecting digitate-lobe",,"legacyData"
"70af67f6-9243-4938-a0ff-d14a7270b782","D04","CUPE","CUPE.AOS.reach","2016-01-29T11:20Z","2016-12-15","CUPE.20160129.SURBER.3",,"NE(4)616-3","ORTSP1","Y","Orthocladiinae sp.","Second genus near Thienemanniella","subfamily","Arthropoda","Hexapoda","Insecta","Pterygota","Neoptera","Holometabola","Diptera","Nematocera","Culicomorpha",,"Chironomidae","Orthocladiinae",,,,"sp.",,"larva",,,2,100,2,"N","Y",,"damaged, affecting measurement","Y",,"Andersen et al. 2013","N","GEI Consultants Inc.","UR","New type; Second genus near Thienemanniella; posterior abdomen missing",,"legacyData"
"9486a053-75a6-4245-8025-817f0b99b44e","D04","CUPE","CUPE.AOS.reach","2016-01-29T11:20Z","2016-10-20","CUPE.20160129.SURBER.8",,,"LEPSP4","Y","Leptophlebiidae sp.",,"family","Arthropoda","Hexapoda","Insecta","Pterygota","Palaeoptera",,"Ephemeroptera","Furcatergalia","Lanceolata",,"Leptophlebiidae",,,,,"sp.",,"larva",4,,8,100,8,"N","Y",,"damaged, affecting analysis","Y",,"Lugo-Ortiz and McCafferty 1994; Merritt et al. 2008","N","GEI Consultants Inc.","KG","Missing gills",,"legacyData"
"31948c8b-5875-430f-ad39-535a9f328f9c","D04","CUPE","CUPE.AOS.reach","2016-01-29T11:20Z","2016-10-20","CUPE.20160129.SURBER.8",,,"BAESP","Y","Baetidae sp.",,"family","Arthropoda","Hexapoda","Insecta","Pterygota","Palaeoptera",,"Ephemeroptera","Pisciforma",,,"Baetidae",,,,,"sp.",,"larva",1,,1,100,1,"Y","Y",,"condition OK","Y",,"Merritt et al. 2008","N","GEI Consultants Inc.","KG","Has keel, labial palps with well-developed anterior projecting digitate-lobe",,"legacyData"
"ef1ef07f-f898-40d7-8c39-4a2ac18db207","D04","CUPE","CUPE.AOS.reach","2016-01-29T11:20Z","2016-10-19","CUPE.20160129.SURBER.7",,,"ELMSP","Y","Elmidae sp.",,"family","Arthropoda","Hexapoda","Insecta","Pterygota","Neoptera","Holometabola","Coleoptera","Polyphaga","Elateriformia","Byrrhoidea","Elmidae",,,,,"sp.",,"larva",3,,2,100,2,"Y","Y",,"condition OK","N",,"Merritt et al. 2008","N","GEI Consultants Inc.","KG","Lacking frontal tooth; probably Neoelmis",,"legacyData"
"26afe26d-ef32-4123-830c-0cc0a87b0973","D04","CUPE","CUPE.AOS.reach","2016-01-29T11:20Z","2016-10-10","CUPE.20160129.SURBER.4",,"NE(4)616-4-CHI","CHISP2","Y","Chironomidae sp.",,"family","Arthropoda","Hexapoda","Insecta","Pterygota","Neoptera","Holometabola","Diptera","Nematocera","Culicomorpha",,"Chironomidae",,,,,"sp.",,"pupa",2,,2,100,2,"N","Y",,"condition OK","N",,"Merritt et al. 2008","N","GEI Consultants Inc.","KG",,,"legacyData"
"f814c6e1-1ee9-476d-b772-8df645e02e8d","D04","CUPE","CUPE.AOS.reach","2016-01-29T11:20Z","2016-10-19","CUPE.20160129.SURBER.7",,,"CARSP14","Y","Cariboptila sp.",,"genus","Arthropoda","Hexapoda","Insecta","Pterygota","Neoptera","Holometabola","Trichoptera",,,"Glossosomatoidea","Glossosomatidae","Protoptilinae",,,"Cariboptila","sp.",,"larva",2,,1,100,1,"N","Y",,"condition OK","Y",,"Merritt et al. 2008; Wiggins 1996; Flint 1964","N","GEI Consultants Inc.","KG",,,"legacyData"
"68509479-e272-4119-9dd6-57eac4a0bd3d","D04","CUPE","CUPE.AOS.reach","2016-01-29T11:20Z","2016-10-11","CUPE.20160129.SURBER.5",,,"HEMSP4","Y","Hemerodromia sp.",,"genus","Arthropoda","Hexapoda","Insecta","Pterygota","Neoptera","Holometabola","Diptera","Brachycera","Muscomorpha",,"Empididae","Hemerodromiinae","Hemerodromiini",,"Hemerodromia","sp.",,"larva",3,,2,100,2,"N","Y",,"condition OK","Y",,"Merritt et al. 2008","N","GEI Consultants Inc.","KG",,,"legacyData"
"6c7ec976-b8ef-4334-8d7f-e878ce4416dd","D04","CUPE","CUPE.AOS.reach","2016-01-29T11:20Z","2016-10-19","CUPE.20160129.SURBER.7",,,"BAESP","Y","Baetidae sp.",,"family","Arthropoda","Hexapoda","Insecta","Pterygota","Palaeoptera",,"Ephemeroptera","Pisciforma",,,"Baetidae",,,,,"sp.",,"larva",3,,1,100,1,"Y","Y",,"condition OK","N",,"Merritt et al. 2008","N","GEI Consultants Inc.","KG","No keel and labial palps without projection, not Acerpenna sp.",,"legacyData"
"cba7539e-fdac-47b3-852c-a31fb1f63ed5","D04","CUPE","CUPE.AOS.reach","2016-01-29T11:20Z","2016-10-10","CUPE.20160129.SURBER.4",,,"HYGSP","Y","Hygrobatidae sp.",,"family","Arthropoda","Chelicerata","Arachnida","Acari",,"Acariformes","Trombidiformes","Prostigmata",,"Hygrobatoidea","Hygrobatidae",,,,,"sp.",,"adult",1,,1,100,1,"N","Y",,"condition OK","Y",,"Thorp and Rogers 2016","N","GEI Consultants Inc.","KG","Mite not found in Thorp & Rogers 2016: large fourth coxal plate; Poss. new genus- personal correspondence Proctor & Goldschmidt",,"legacyData"
"611e3668-11d1-4e0a-b61c-53ea616a4630","D04","CUPE","CUPE.AOS.reach","2016-01-29T11:20Z","2016-10-12","CUPE.20160129.SURBER.6",,,"NEOGRA","Y","Neoelmis gracilis",,"species","Arthropoda","Hexapoda","Insecta","Pterygota","Neoptera","Holometabola","Coleoptera","Polyphaga","Elateriformia","Byrrhoidea","Elmidae","Elminae","Elmini",,"Neoelmis","gracilis",,"adult",2,,1,100,1,"N","N",,"condition OK","Y",,"Merritt et al. 2008; Segura et al. 2013; Musgrave 1935","N","GEI Consultants Inc.","KG",,,"legacyData"
"71021d63-2737-4945-80a7-82e623015c7a","D04","CUPE","CUPE.AOS.reach","2016-01-29T11:20Z","2016-10-19","CUPE.20160129.SURBER.7",,,"LIMSP18","Y","Limoniinae sp.",,"subfamily","Arthropoda","Hexapoda","Insecta","Pterygota","Neoptera","Holometabola","Diptera","Nematocera","Tipulomorpha",,"Tipulidae","Limoniinae",,,,"sp.",,"larva",6,,1,100,1,"N","Y",,"condition OK","Y",,"Capriles and Navarro 1967; Gelhaus 2008; Merritt et al. 2008","N","GEI Consultants Inc.","KG",,,"legacyData"
"d83ee8ee-e684-4ad7-8c77-6ba54df2a458","D04","CUPE","CUPE.AOS.reach","2016-01-29T11:20Z","2016-09-21","CUPE.20160129.SURBER.3",,,"TURSP","Y","Turbellaria sp.","Unid. Turbellaria","class","Platyhelminthes",,"Turbellaria",,,,,,,,,,,,,"sp.",,"adult",3,,1,100,1,"N","Y",,"condition OK","Y",,"Smith 2001","N","GEI Consultants Inc.","KG","Probably Girardia sp.",,"legacyData"
"d1ecc812-3684-4ef7-b3de-aa603a5ad7b4","D04","CUPE","CUPE.AOS.reach","2016-01-29T11:20Z","2016-09-19","CUPE.20160129.SURBER.2",,,"TURSP","Y","Turbellaria sp.","Unid. Turbellaria","class","Platyhelminthes",,"Turbellaria",,,,,,,,,,,,,"sp.",,"adult",2,,1,100,1,"N","Y",,"condition OK","Y",,"Smith 2001","N","GEI Consultants Inc.","KG","Probably Girardia sp.",,"legacyData"
"2b3970f2-9bd5-417b-8fa5-3fd17d80520c","D04","CUPE","CUPE.AOS.reach","2016-01-29T11:20Z","2016-12-15","CUPE.20160129.SURBER.4",,"NE(4)616-4-CHI","TANSP8","Y","Tanytarsini sp.","Genus near Stempellina","tribe","Arthropoda","Hexapoda","Insecta","Pterygota","Neoptera","Holometabola","Diptera","Nematocera","Culicomorpha",,"Chironomidae","Chironominae","Tanytarsini",,,"sp.",,"larva",,,2,100,2,"N","Y",,"damaged, affecting measurement","Y",,"Andersen et al. 2013","N","GEI Consultants Inc.","UR","New type; Genus near Stempellina; posterior abdomen missing",,"legacyData"
"dc20883b-a9a5-4be6-9e16-c71d2632e5ef","D04","CUPE","CUPE.AOS.reach","2016-01-29T11:20Z","2016-10-11","CUPE.20160129.SURBER.5",,,"NEOGRA","Y","Neoelmis gracilis",,"species","Arthropoda","Hexapoda","Insecta","Pterygota","Neoptera","Holometabola","Coleoptera","Polyphaga","Elateriformia","Byrrhoidea","Elmidae","Elminae","Elmini",,"Neoelmis","gracilis",,"larva",3,,4,100,4,"N","N",,"condition OK","Y",,"Merritt et al. 2008; Segura et al. 2013; Musgrave 1935","N","GEI Consultants Inc.","KG","Lacking frontal tooth, keys to Neoelmis sp. in Merritt et al. 2008",,"legacyData"
"11ae572a-3ee4-40b8-b57a-5e237df765e8","D04","CUPE","CUPE.AOS.reach","2016-01-29T11:20Z","2016-09-21","CUPE.20160129.SURBER.3",,,"NEOGRA","Y","Neoelmis gracilis",,"species","Arthropoda","Hexapoda","Insecta","Pterygota","Neoptera","Holometabola","Coleoptera","Polyphaga","Elateriformia","Byrrhoidea","Elmidae","Elminae","Elmini",,"Neoelmis","gracilis",,"larva",4,,1,100,1,"N","N",,"condition OK","Y",,"Merritt et al. 2008; Segura et al. 2013; Musgrave 1935","N","GEI Consultants Inc.","KG","Lacking frontal tooth",,"legacyData"
"6c7290a4-5d44-4cc9-8d11-901e083d3688","D04","CUPE","CUPE.AOS.reach","2016-01-29T11:20Z","2016-10-20","CUPE.20160129.SURBER.8",,,"ANTTUB","Y","Antillopsyche tubicola",,"species","Arthropoda","Hexapoda","Insecta","Pterygota","Neoptera","Holometabola","Trichoptera",,,"Hydropsychoidea","Polycentropodidae","Polycentropodinae",,,"Antillopsyche","tubicola",,"larva",5,,1,100,1,"N","N",,"condition OK","Y",,"Flint 1964; Chamorro and Holzenthal 2011; Merritt et al. 2008","N","GEI Consultants Inc.","KG",,,"legacyData"
"0791901c-154b-4e96-b5ed-3b641c0edcfc","D04","CUPE","CUPE.AOS.reach","2016-01-29T11:20Z","2016-12-15","CUPE.20160129.SURBER.1",,"NE(4)616-1-CHI","RHESP2","Y","Rheotanytarsus sp.",,"genus","Arthropoda","Hexapoda","Insecta","Pterygota","Neoptera","Holometabola","Diptera","Nematocera","Culicomorpha",,"Chironomidae","Chironominae","Tanytarsini",,"Rheotanytarsus","sp.",,"larva",3,,4,100,4,"N","Y",,"condition OK","Y",,"Andersen et al. 2013","N","GEI Consultants Inc.","UR",,,"legacyData"
"388d3b84-56d3-463f-8759-d1fd7272c299","D04","CUPE","CUPE.AOS.reach","2016-01-29T11:20Z","2016-09-21","CUPE.20160129.SURBER.3",,"NE(4)616-3","CHISP2","Y","Chironomidae sp.",,"family","Arthropoda","Hexapoda","Insecta","Pterygota","Neoptera","Holometabola","Diptera","Nematocera","Culicomorpha",,"Chironomidae",,,,,"sp.",,"pupa",1,,2,100,2,"N","Y",,"condition OK","N",,"Merritt et al. 2008","N","GEI Consultants Inc.","KG",,,"legacyData"
"6baa616c-0f25-42ae-9541-959f100c89ee","D04","CUPE","CUPE.AOS.reach","2016-01-29T11:20Z","2016-10-19","CUPE.20160129.SURBER.7",,,"LEPSP4","Y","Leptophlebiidae sp.",,"family","Arthropoda","Hexapoda","Insecta","Pterygota","Palaeoptera",,"Ephemeroptera","Furcatergalia","Lanceolata",,"Leptophlebiidae",,,,,"sp.",,"larva",1,,1,100,1,"Y","Y",,"damaged, affecting analysis","N",,"Lugo-Ortiz and McCafferty 1994; Merritt et al. 2008","N","GEI Consultants Inc.","KG","Missing gill",,"legacyData"
"2fbab033-142d-43b2-a3df-6a87d457ecff","D04","CUPE","CUPE.AOS.reach","2016-01-29T11:20Z","2016-12-16","CUPE.20160129.SURBER.5",,"NE(4)616-5","ORTGR","Y","Orthocladius/Cricotopus gr.",,"speciesGroup","Arthropoda","Hexapoda","Insecta",,"Neoptera","Holometabola","Diptera","Nematocera","Culicomorpha",,"Chironomidae","Orthocladiinae",,,,"gr.",,"larva",2,"2b",13,100,13,"N","Y",,"condition OK","N",,"Andersen et al. 2013","N","GEI Consultants Inc.","UR",,,"legacyData"
"a2cc07ef-812a-49a5-acb1-c150e5b0d683","D04","CUPE","CUPE.AOS.reach","2016-01-29T11:20Z","2016-09-19","CUPE.20160129.SURBER.2",,,"ATOTRI","Y","Atopsyche trifida",,"species","Arthropoda","Hexapoda","Insecta","Pterygota","Neoptera","Holometabola","Trichoptera",,,"Rhyacophiloidea","Hydrobiosidae","Hydrobiosinae","Hydrobiosini",,"Atopsyche","trifida",,"larva",11,,1,100,1,"N","N",,"condition OK","Y",,"Merritt et al. 2008; Wiggins 1996; Flint 1992","N","GEI Consultants Inc.","KG",,,"legacyData"
"f5beebee-8cc3-4510-9498-cc7496357147","D04","CUPE","CUPE.AOS.reach","2016-01-29T11:20Z","2016-12-16","CUPE.20160129.SURBER.5",,"NE(4)616-5","RHESP2","Y","Rheotanytarsus sp.",,"genus","Arthropoda","Hexapoda","Insecta","Pterygota","Neoptera","Holometabola","Diptera","Nematocera","Culicomorpha",,"Chironomidae","Chironominae","Tanytarsini",,"Rheotanytarsus","sp.",,"larva",3,"3a",6,100,6,"N","Y",,"condition OK","Y",,"Andersen et al. 2013","N","GEI Consultants Inc.","UR",,,"legacyData"
"04d64681-e0f8-48ba-a2c0-61f162e9653b","D04","CUPE","CUPE.AOS.reach","2016-01-29T11:20Z","2016-09-21","CUPE.20160129.SURBER.3",,,"ATOTRI","Y","Atopsyche trifida",,"species","Arthropoda","Hexapoda","Insecta","Pterygota","Neoptera","Holometabola","Trichoptera",,,"Rhyacophiloidea","Hydrobiosidae","Hydrobiosinae","Hydrobiosini",,"Atopsyche","trifida",,"larva",5,,1,100,1,"N","N",,"condition OK","Y",,"Merritt et al. 2008; Wiggins 1996; Flint 1992","N","GEI Consultants Inc.","KG",,,"legacyData"
"c379cba5-c3c5-4ce4-900c-b41275513a1b","D04","CUPE","CUPE.AOS.reach","2016-01-29T11:20Z","2016-09-13","CUPE.20160129.SURBER.1",,,"NEOGRA","Y","Neoelmis gracilis",,"species","Arthropoda","Hexapoda","Insecta","Pterygota","Neoptera","Holometabola","Coleoptera","Polyphaga","Elateriformia","Byrrhoidea","Elmidae","Elminae","Elmini",,"Neoelmis","gracilis",,"adult",2,,31,100,31,"N","N",,"condition OK","Y",,"Merritt et al. 2008; Segura et al. 2013; Musgrave 1935","Y","GEI Consultants Inc.","KG",,,"legacyData"
"f5d21c33-755a-44f2-b939-2b71c77b2d3e","D04","CUPE","CUPE.AOS.reach","2016-01-29T11:20Z","2016-10-10","CUPE.20160129.SURBER.4",,,"LEPSP4","Y","Leptophlebiidae sp.",,"family","Arthropoda","Hexapoda","Insecta","Pterygota","Palaeoptera",,"Ephemeroptera","Furcatergalia","Lanceolata",,"Leptophlebiidae",,,,,"sp.",,"larva",,,10,100,10,"N","Y",,"damaged, affecting measurement","Y",,"Lugo-Ortiz and McCafferty 1994; Merritt et al. 2008","N","GEI Consultants Inc.","KG","Missing abdomen",,"legacyData"
"356e526e-e38b-408e-9bb2-91842917c3ab","D04","CUPE","CUPE.AOS.reach","2016-01-29T11:20Z","2016-12-15","CUPE.20160129.SURBER.2",,"NE(4)616-2","ORTGR","Y","Orthocladius/Cricotopus gr.",,"speciesGroup","Arthropoda","Hexapoda","Insecta",,"Neoptera","Holometabola","Diptera","Nematocera","Culicomorpha",,"Chironomidae","Orthocladiinae",,,,"gr.",,"larva",,,2,100,2,"N","Y",,"damaged, affecting measurement","Y",,"Andersen et al. 2013","N","GEI Consultants Inc.","UR","Posterior abdomen missing",,"legacyData"
"954c67d3-71a7-45e6-81ac-387d4285306b","D04","CUPE","CUPE.AOS.reach","2016-01-29T11:20Z","2016-10-10","CUPE.20160129.SURBER.4",,,"MARSP3","Y","Maruina sp.",,"genus","Arthropoda","Hexapoda","Insecta","Pterygota","Neoptera","Holometabola","Diptera","Nematocera","Psychodomorpha",,"Psychodidae","Psychodinae",,,"Maruina","sp.",,"larva",2,,1,100,1,"N","Y",,"condition OK","Y",,"Wagner and Masteller 1996; Merritt et al. 2008","N","GEI Consultants Inc.","KG",,,"legacyData"
"44359180-33ac-4cf3-b775-6d8171b976a3","D04","CUPE","CUPE.AOS.reach","2016-01-29T11:20Z","2016-10-19","CUPE.20160129.SURBER.7",,,"SIMSP1","Y","Simulium sp.",,"genus","Arthropoda","Hexapoda","Insecta","Pterygota","Neoptera","Holometabola","Diptera","Nematocera","Culicomorpha",,"Simuliidae","Simuliinae","Simuliini",,"Simulium","sp.",,"larva",2,,1,100,1,"N","Y",,"condition OK","Y",,"Merritt et al. 2008; Gutierrez-Fonseca et al. 2013","N","GEI Consultants Inc.","KG",,,"legacyData"
"483bb8a7-a41f-499e-926c-605d12d63a77","D04","CUPE","CUPE.AOS.reach","2016-01-29T11:20Z","2016-09-19","CUPE.20160129.SURBER.2",,,"NEOGRA","Y","Neoelmis gracilis",,"species","Arthropoda","Hexapoda","Insecta","Pterygota","Neoptera","Holometabola","Coleoptera","Polyphaga","Elateriformia","Byrrhoidea","Elmidae","Elminae","Elmini",,"Neoelmis","gracilis",,"adult",2,,23,100,23,"N","N",,"condition OK","Y",,"Merritt et al. 2008; Segura et al. 2013; Musgrave 1935","N","GEI Consultants Inc.","KG",,,"legacyData"
"fce0bdb1-f3ad-4e3f-a86b-b8ddd03eaa43","D04","CUPE","CUPE.AOS.reach","2016-01-29T11:20Z","2016-09-13","CUPE.20160129.SURBER.1",,,"LIBSP","Y","Libellulidae sp.",,"family","Arthropoda","Hexapoda","Insecta","Pterygota","Palaeoptera",,"Odonata","Anisoptera",,,"Libellulidae",,,,,"sp.",,"larva",3,,1,100,1,"Y","Y",,"condition OK","Y",,"Needham et al. 2000; Merritt et al. 2008","Y","GEI Consultants Inc.","KG",,,"legacyData"
"60fe2a5c-9551-43fb-b03f-a7038dc494c5","D04","CUPE","CUPE.AOS.reach","2016-01-29T11:20Z","2016-10-11","CUPE.20160129.SURBER.5",,,"PETSP4","Y","Petrophila sp.",,"genus","Arthropoda","Hexapoda","Insecta","Pterygota","Neoptera","Holometabola","Lepidoptera",,,"Pyraloidea","Crambidae","Nymphulinae","Argyractini",,"Petrophila","sp.",,"larva",3,,4,100,4,"N","Y",,"condition OK","Y",,"Merritt et al. 2008","N","GEI Consultants Inc.","KG",,,"legacyData"
"16dcae7e-631b-4634-9987-daadf3d847b0","D04","CUPE","CUPE.AOS.reach","2016-01-29T11:20Z","2016-10-11","CUPE.20160129.SURBER.5",,,"LEUTUB","Y","Leucotrichia tubifex",,"species","Arthropoda","Hexapoda","Insecta","Pterygota","Neoptera","Holometabola","Trichoptera",,,"Hydroptiloidea","Hydroptilidae","Hydroptilinae","Leucotrichiini",,"Leucotrichia","tubifex",,"larva",1,,2,100,2,"N","N",,"condition OK","Y",,"Merritt et al. 2008; Wiggins 1996; Flint 1964; Thompson and Holzenthal 2015","N","GEI Consultants Inc.","KG",,,"legacyData"
"ac1de06b-9946-4e85-8a9c-596abe346a60","D04","CUPE","CUPE.AOS.reach","2016-01-29T11:20Z","2016-10-11","CUPE.20160129.SURBER.5",,,"HELSP7","Y","Helicopsyche sp.",,"genus","Arthropoda","Hexapoda","Insecta","Pterygota","Neoptera","Holometabola","Trichoptera",,,"Sericostomatoidea","Helicopsychidae",,,,"Helicopsyche","sp.",,"larva",1,,1,100,1,"N","Y",,"condition OK","Y",,"Merritt et al. 2008; Wiggins 1996; Flint 1964,1992","N","GEI Consultants Inc.","KG",,,"legacyData"
"7478ab6a-e553-4745-9438-a2e9e682bd2b","D04","CUPE","CUPE.AOS.reach","2016-01-29T11:20Z","2016-10-10","CUPE.20160129.SURBER.4",,,"BAESP","Y","Baetidae sp.",,"family","Arthropoda","Hexapoda","Insecta","Pterygota","Palaeoptera",,"Ephemeroptera","Pisciforma",,,"Baetidae",,,,,"sp.",,"larva",1,,1,100,1,"Y","Y",,"condition OK","Y",,"Merritt et al. 2008","N","GEI Consultants Inc.","KG","Has keel, probably Labiobaetis sp.",,"legacyData"
"fa8efc42-b852-4716-8ec9-be78d78b38d5","D04","CUPE","CUPE.AOS.reach","2016-01-29T11:20Z","2016-09-13","CUPE.20160129.SURBER.1",,,"ATOTRI","Y","Atopsyche trifida",,"species","Arthropoda","Hexapoda","Insecta","Pterygota","Neoptera","Holometabola","Trichoptera",,,"Rhyacophiloidea","Hydrobiosidae","Hydrobiosinae","Hydrobiosini",,"Atopsyche","trifida",,"larva",6,,1,100,1,"N","N",,"condition OK","Y",,"Merritt et al. 2008; Wiggins 1996; Flint 1992","Y","GEI Consultants Inc.","KG",,,"legacyData"
"a2d0002c-411e-42c3-8618-55d26f1b2ae6","D04","CUPE","CUPE.AOS.reach","2016-01-29T11:20Z","2016-09-13","CUPE.20160129.SURBER.1",,,"CARSP14","Y","Cariboptila sp.",,"genus","Arthropoda","Hexapoda","Insecta","Pterygota","Neoptera","Holometabola","Trichoptera",,,"Glossosomatoidea","Glossosomatidae","Protoptilinae",,,"Cariboptila","sp.",,"larva",3,,4,100,4,"N","Y",,"condition OK","Y",,"Merritt et al. 2008; Wiggins 1996; Flint 1964","Y","GEI Consultants Inc.","KG",,,"legacyData"
"0d153020-b19a-4286-8407-836f6f841884","D04","CUPE","CUPE.AOS.reach","2016-01-29T11:20Z","2016-10-19","CUPE.20160129.SURBER.7",,,"CARSP14","Y","Cariboptila sp.",,"genus","Arthropoda","Hexapoda","Insecta","Pterygota","Neoptera","Holometabola","Trichoptera",,,"Glossosomatoidea","Glossosomatidae","Protoptilinae",,,"Cariboptila","sp.",,"larva",1,,1,100,1,"N","Y",,"condition OK","Y",,"Merritt et al. 2008; Wiggins 1996; Flint 1964","N","GEI Consultants Inc.","KG",,,"legacyData"
"aff83140-aec5-4c35-ae30-3910b54c3584","D04","CUPE","CUPE.AOS.reach","2016-01-29T11:20Z","2016-09-19","CUPE.20160129.SURBER.2",,,"ENTSP2","Y","Entomobryidae sp.",,"family","Arthropoda","Hexapoda","Collembola",,,,"Collembola","Entomobryomorpha",,"Entomobryoidea","Entomobryidae",,,,,"sp.",,"adult",2,,1,100,1,"N","Y",,"condition OK","Y",,"Merritt et al. 2008","N","GEI Consultants Inc.","KG",,,"legacyData"
"649d7c4b-580f-4759-baa2-e8bd35b59ec3","D04","CUPE","CUPE.AOS.reach","2016-01-29T11:20Z","2016-12-15","CUPE.20160129.SURBER.4",,"NE(4)616-4-CHI","RHESP2","Y","Rheotanytarsus sp.",,"genus","Arthropoda","Hexapoda","Insecta","Pterygota","Neoptera","Holometabola","Diptera","Nematocera","Culicomorpha",,"Chironomidae","Chironominae","Tanytarsini",,"Rheotanytarsus","sp.",,"larva",2,,6,100,6,"N","Y",,"condition OK","Y",,"Andersen et al. 2013","N","GEI Consultants Inc.","UR",,,"legacyData"
"bf7cc49b-8c94-4704-9a05-a8de341297d7","D04","CUPE","CUPE.AOS.reach","2016-01-29T11:20Z","2016-12-15","CUPE.20160129.SURBER.3",,"NE(4)616-3","ORTGR","Y","Orthocladius/Cricotopus gr.",,"speciesGroup","Arthropoda","Hexapoda","Insecta",,"Neoptera","Holometabola","Diptera","Nematocera","Culicomorpha",,"Chironomidae","Orthocladiinae",,,,"gr.",,"larva",2,,2,100,2,"N","Y",,"condition OK","Y",,"Andersen et al. 2013","N","GEI Consultants Inc.","UR",,,"legacyData"
"83a3b294-59d9-4e85-a783-4c5d02d5341e","D04","CUPE","CUPE.AOS.reach","2016-01-29T11:20Z","2016-09-19","CUPE.20160129.SURBER.2",,,"NEOGRA","Y","Neoelmis gracilis",,"species","Arthropoda","Hexapoda","Insecta","Pterygota","Neoptera","Holometabola","Coleoptera","Polyphaga","Elateriformia","Byrrhoidea","Elmidae","Elminae","Elmini",,"Neoelmis","gracilis",,"larva",3,,6,100,6,"N","N",,"condition OK","Y",,"Merritt et al. 2008; Segura et al. 2013; Musgrave 1935","N","GEI Consultants Inc.","KG","Lacking frontal tooth, keys to Neoelmis sp. in Merritt et al. 2008",,"legacyData"
"76a163d6-d3d5-4b68-a38e-f46380542731","D04","CUPE","CUPE.AOS.reach","2016-01-29T11:20Z","2016-10-11","CUPE.20160129.SURBER.5",,,"BAESP","Y","Baetidae sp.",,"family","Arthropoda","Hexapoda","Insecta","Pterygota","Palaeoptera",,"Ephemeroptera","Pisciforma",,,"Baetidae",,,,,"sp.",,"larva",2,,1,100,1,"Y","Y",,"damaged, affecting analysis","Y",,"Merritt et al. 2008","N","GEI Consultants Inc.","KG","Missing gills, has keel",,"legacyData"
"6db953fb-fe94-405d-ba3d-4681c76d03db","D04","CUPE","CUPE.AOS.reach","2016-01-29T11:20Z","2016-10-11","CUPE.20160129.SURBER.5",,,"LEPSP4","Y","Leptophlebiidae sp.",,"family","Arthropoda","Hexapoda","Insecta","Pterygota","Palaeoptera",,"Ephemeroptera","Furcatergalia","Lanceolata",,"Leptophlebiidae",,,,,"sp.",,"larva",3,,3,100,3,"N","Y",,"damaged, affecting analysis","Y",,"Lugo-Ortiz and McCafferty 1994; Merritt et al. 2008","N","GEI Consultants Inc.","KG","Missing gills and legs",,"legacyData"
"3b656761-b393-4aa4-b470-946ddc6e4af2","D04","CUPE","CUPE.AOS.reach","2016-01-29T11:20Z","2016-09-13","CUPE.20160129.SURBER.1",,"NE(4)616-1-CHI","CHISP2","Y","Chironomidae sp.",,"family","Arthropoda","Hexapoda","Insecta","Pterygota","Neoptera","Holometabola","Diptera","Nematocera","Culicomorpha",,"Chironomidae",,,,,"sp.",,"pupa",,,1,100,1,"N","Y",,"damaged, affecting measurement","N",,"Merritt et al. 2008","Y","GEI Consultants Inc.","KG","Missing abdomen",,"legacyData"
"77b105ae-ec88-4ede-8f4e-6eb40f0146c4","D04","CUPE","CUPE.AOS.reach","2016-01-29T11:20Z","2016-10-12","CUPE.20160129.SURBER.6",,,"BAESP","Y","Baetidae sp.",,"family","Arthropoda","Hexapoda","Insecta","Pterygota","Palaeoptera",,"Ephemeroptera","Pisciforma",,,"Baetidae",,,,,"sp.",,"larva",2,,4,100,4,"Y","Y",,"damaged, affecting analysis","Y",,"Merritt et al. 2008","N","GEI Consultants Inc.","KG","Missing gills and legs",,"legacyData"
"e7710961-4e84-4bd8-8e1d-d4808477f7d4","D04","CUPE","CUPE.AOS.reach","2016-01-29T11:20Z","2016-10-11","CUPE.20160129.SURBER.5",,,"PETSP4","Y","Petrophila sp.",,"genus","Arthropoda","Hexapoda","Insecta","Pterygota","Neoptera","Holometabola","Lepidoptera",,,"Pyraloidea","Crambidae","Nymphulinae","Argyractini",,"Petrophila","sp.",,"larva",5,,1,100,1,"N","Y",,"condition OK","Y",,"Merritt et al. 2008","N","GEI Consultants Inc.","KG",,,"legacyData"
"958836c0-bf8a-4e5e-bbb7-cc4294cec481","D04","CUPE","CUPE.AOS.reach","2016-01-29T11:20Z","2016-12-16","CUPE.20160129.SURBER.5",,"NE(4)616-5","CRISP2","Y","Cricotopus sp.",,"genus","Arthropoda","Hexapoda","Insecta","Pterygota","Neoptera","Holometabola","Diptera","Nematocera","Culicomorpha",,"Chironomidae","Orthocladiinae",,,"Cricotopus","sp.",,"larva",,"b",20,100,20,"N","Y",,"damaged, affecting measurement","Y",,"Andersen et al. 2013","N","GEI Consultants Inc.","UR","Posterior abdomen missing",,"legacyData"
"bf08895b-c657-45d5-b529-3c7b691317c1","D04","CUPE","CUPE.AOS.reach","2016-01-29T11:20Z","2016-12-16","CUPE.20160129.SURBER.5",,"NE(4)616-5","ORTGR","Y","Orthocladius/Cricotopus gr.",,"speciesGroup","Arthropoda","Hexapoda","Insecta",,"Neoptera","Holometabola","Diptera","Nematocera","Culicomorpha",,"Chironomidae","Orthocladiinae",,,,"gr.",,"larva",,"a",3,100,3,"N","Y",,"damaged, affecting measurement","N",,"Andersen et al. 2013","N","GEI Consultants Inc.","UR","Posterior abdomen missing",,"legacyData"
"a961150d-0987-46b6-941f-cc6a45807539","D04","CUPE","CUPE.AOS.reach","2016-01-29T11:20Z","2016-09-19","CUPE.20160129.SURBER.2",,,"HYGSP","Y","Hygrobatidae sp.",,"family","Arthropoda","Chelicerata","Arachnida","Acari",,"Acariformes","Trombidiformes","Prostigmata",,"Hygrobatoidea","Hygrobatidae",,,,,"sp.",,"adult",1,,1,100,1,"N","Y",,"condition OK","Y",,"Thorp and Rogers 2016","N","GEI Consultants Inc.","KG","Mite not found in Thorp & Rogers 2016: large fourth coxal plate; Poss. new genus- personal correspondence Proctor & Goldschmidt",,"legacyData"
"0b1828ef-e94d-49ec-9554-959a70d3fdb1","D04","CUPE","CUPE.AOS.reach","2016-01-29T11:20Z","2016-09-13","CUPE.20160129.SURBER.1",,,"PETSP4","Y","Petrophila sp.",,"genus","Arthropoda","Hexapoda","Insecta","Pterygota","Neoptera","Holometabola","Lepidoptera",,,"Pyraloidea","Crambidae","Nymphulinae","Argyractini",,"Petrophila","sp.",,"larva",2,,1,100,1,"N","Y",,"condition OK","Y",,"Merritt et al. 2008","Y","GEI Consultants Inc.","KG",,,"legacyData"
"cc105cdc-a741-4c3e-8aff-6663f0ebd9f4","D04","CUPE","CUPE.AOS.reach","2016-01-29T11:20Z","2016-10-10","CUPE.20160129.SURBER.4",,,"ELMSP","Y","Elmidae sp.",,"family","Arthropoda","Hexapoda","Insecta","Pterygota","Neoptera","Holometabola","Coleoptera","Polyphaga","Elateriformia","Byrrhoidea","Elmidae",,,,,"sp.",,"larva",5,,1,100,1,"N","Y",,"condition OK","N",,"Merritt et al. 2008","N","GEI Consultants Inc.","KG","Has frontal tooth, keys to Stenelmis sp. in Merritt et al. 2008-no literature found for Stenelmis in Puerto Rico",,"legacyData"
"9dda5590-b57d-4e8f-b7b9-de68ac608191","D04","CUPE","CUPE.AOS.reach","2016-01-29T11:20Z","2016-12-16","CUPE.20160129.SURBER.5",,"NE(4)616-5","THISP2","Y","Thienemanniella sp.",,"genus","Arthropoda","Hexapoda","Insecta","Pterygota","Neoptera","Holometabola","Diptera","Nematocera","Culicomorpha",,"Chironomidae","Orthocladiinae",,,"Thienemanniella","sp.",,"larva",2,"2b",3,100,3,"N","Y",,"condition OK","Y",,"Andersen et al. 2013","N","GEI Consultants Inc.","UR",,,"legacyData"
"36bc7753-0276-4df4-8f11-00a54f0bfdf6","D04","CUPE","CUPE.AOS.reach","2016-01-29T11:20Z","2016-10-20","CUPE.20160129.SURBER.8",,,"HELSP7","Y","Helicopsyche sp.",,"genus","Arthropoda","Hexapoda","Insecta","Pterygota","Neoptera","Holometabola","Trichoptera",,,"Sericostomatoidea","Helicopsychidae",,,,"Helicopsyche","sp.",,"larva",3,,1,100,1,"N","Y",,"condition OK","Y",,"Merritt et al. 2008; Wiggins 1996; Flint 1964,1992","N","GEI Consultants Inc.","KG",,,"legacyData"
"7a015319-6afe-4378-9be6-3578350c013f","D04","CUPE","CUPE.AOS.reach","2016-01-29T11:20Z","2016-10-20","CUPE.20160129.SURBER.8",,,"CARSP14","Y","Cariboptila sp.",,"genus","Arthropoda","Hexapoda","Insecta","Pterygota","Neoptera","Holometabola","Trichoptera",,,"Glossosomatoidea","Glossosomatidae","Protoptilinae",,,"Cariboptila","sp.",,"larva",2,,6,100,6,"N","Y",,"condition OK","Y",,"Merritt et al. 2008; Wiggins 1996; Flint 1964","N","GEI Consultants Inc.","KG",,,"legacyData"
"773e0885-88b2-48a1-abd9-25a40df79917","D04","CUPE","CUPE.AOS.reach","2016-01-29T11:20Z","2016-10-10","CUPE.20160129.SURBER.4",,,"LEUTUB","Y","Leucotrichia tubifex",,"species","Arthropoda","Hexapoda","Insecta","Pterygota","Neoptera","Holometabola","Trichoptera",,,"Hydroptiloidea","Hydroptilidae","Hydroptilinae","Leucotrichiini",,"Leucotrichia","tubifex",,"larva",2,,1,100,1,"N","N",,"condition OK","Y",,"Merritt et al. 2008; Wiggins 1996; Flint 1964; Thompson and Holzenthal 2015","N","GEI Consultants Inc.","KG",,,"legacyData"
"49ad5ddc-92c3-4ac0-85e9-26c6b7e4d7fd","D04","CUPE","CUPE.AOS.reach","2016-01-29T11:20Z","2016-10-10","CUPE.20160129.SURBER.4",,,"LEPSP4","Y","Leptophlebiidae sp.",,"family","Arthropoda","Hexapoda","Insecta","Pterygota","Palaeoptera",,"Ephemeroptera","Furcatergalia","Lanceolata",,"Leptophlebiidae",,,,,"sp.",,"larva",1,,1,100,1,"Y","Y",,"damaged, affecting analysis","Y",,"Lugo-Ortiz and McCafferty 1994; Merritt et al. 2008","N","GEI Consultants Inc.","KG","Missing gills",,"legacyData"
"48620410-c434-434d-9d81-a8453c421e3a","D04","CUPE","CUPE.AOS.reach","2016-01-29T11:20Z","2016-12-15","CUPE.20160129.SURBER.2",,"NE(4)616-2","PARSP26","Y","Parametriocnemus sp.",,"genus","Arthropoda","Hexapoda","Insecta","Pterygota","Neoptera","Holometabola","Diptera","Nematocera","Culicomorpha",,"Chironomidae","Orthocladiinae",,,"Parametriocnemus","sp.",,"larva",2,,1,100,1,"N","Y",,"condition OK","Y",,"Andersen et al. 2013","N","GEI Consultants Inc.","UR",,,"legacyData"
"5edfbb43-86d4-457c-8eef-0ec90b6ec8f9","D04","CUPE","CUPE.AOS.reach","2016-01-29T11:20Z","2016-12-16","CUPE.20160129.SURBER.5",,"NE(4)616-5","RHESP2","Y","Rheotanytarsus sp.",,"genus","Arthropoda","Hexapoda","Insecta","Pterygota","Neoptera","Holometabola","Diptera","Nematocera","Culicomorpha",,"Chironomidae","Chironominae","Tanytarsini",,"Rheotanytarsus","sp.",,"larva",3,"3b",6,100,6,"N","Y",,"condition OK","Y",,"Andersen et al. 2013","N","GEI Consultants Inc.","UR",,,"legacyData"
"78281fad-cabf-42fd-964c-8606a00a5cda","D04","CUPE","CUPE.AOS.reach","2016-01-29T11:20Z","2016-10-10","CUPE.20160129.SURBER.4",,,"ENTSP2","Y","Entomobryidae sp.",,"family","Arthropoda","Hexapoda","Collembola",,,,"Collembola","Entomobryomorpha",,"Entomobryoidea","Entomobryidae",,,,,"sp.",,"adult",2,,1,100,1,"N","Y",,"condition OK","Y",,"Merritt et al. 2008","N","GEI Consultants Inc.","KG",,,"legacyData"
"14b0ad3b-6db5-4452-8f41-6f03c68d2e9b","D04","CUPE","CUPE.AOS.reach","2016-01-29T11:20Z","2016-10-11","CUPE.20160129.SURBER.5",,,"LEUTUB","Y","Leucotrichia tubifex",,"species","Arthropoda","Hexapoda","Insecta","Pterygota","Neoptera","Holometabola","Trichoptera",,,"Hydroptiloidea","Hydroptilidae","Hydroptilinae","Leucotrichiini",,"Leucotrichia","tubifex",,"larva",,,1,100,1,"N","N",,"damaged, affecting measurement","Y",,"Merritt et al. 2008; Wiggins 1996; Flint 1964; Thompson and Holzenthal 2015","N","GEI Consultants Inc.","KG","Missing abdomen",,"legacyData"
"93e55b5d-93b3-4f2d-b477-c8a6559d7947","D04","CUPE","CUPE.AOS.reach","2016-01-29T11:20Z","2016-09-19","CUPE.20160129.SURBER.2",,,"HEMSP4","Y","Hemerodromia sp.",,"genus","Arthropoda","Hexapoda","Insecta","Pterygota","Neoptera","Holometabola","Diptera","Brachycera","Muscomorpha",,"Empididae","Hemerodromiinae","Hemerodromiini",,"Hemerodromia","sp.",,"larva",2,,1,100,1,"N","Y",,"condition OK","Y",,"Merritt et al. 2008","N","GEI Consultants Inc.","KG",,,"legacyData"
"23805662-b8b7-4021-a18c-b2709d9540b8","D04","CUPE","CUPE.AOS.reach","2016-01-29T11:20Z","2016-10-20","CUPE.20160129.SURBER.8",,,"ANTTUB","Y","Antillopsyche tubicola",,"species","Arthropoda","Hexapoda","Insecta","Pterygota","Neoptera","Holometabola","Trichoptera",,,"Hydropsychoidea","Polycentropodidae","Polycentropodinae",,,"Antillopsyche","tubicola",,"larva",3,,1,100,1,"N","N",,"condition OK","Y",,"Flint 1964; Chamorro and Holzenthal 2011; Merritt et al. 2008","N","GEI Consultants Inc.","KG",,,"legacyData"
"26817b64-99e5-4270-a2fd-1f9d9b791d51","D04","CUPE","CUPE.AOS.reach","2016-01-29T11:20Z","2016-10-19","CUPE.20160129.SURBER.7",,,"LABSP2","Y","Labiobaetis sp.",,"genus","Arthropoda","Hexapoda","Insecta","Pterygota","Palaeoptera",,"Ephemeroptera","Pisciforma",,,"Baetidae",,,,"Labiobaetis","sp.",,"larva",3,,1,100,1,"Y","N",,"condition OK","Y",,"Merritt et al. 2008; Lugo-Ortiz and McCafferty 1994; Travers 1938","N","GEI Consultants Inc.","KG","Has keel, labial palps with well-developed anterior projecting digitate-lobe",,"legacyData"
"08da5545-6b84-4d28-95b7-daf3120b25cd","D04","CUPE","CUPE.AOS.reach","2016-01-29T11:20Z","2016-12-16","CUPE.20160129.SURBER.5",,"NE(4)616-5","THISP2","Y","Thienemanniella sp.",,"genus","Arthropoda","Hexapoda","Insecta","Pterygota","Neoptera","Holometabola","Diptera","Nematocera","Culicomorpha",,"Chironomidae","Orthocladiinae",,,"Thienemanniella","sp.",,"larva",2,"2a",3,100,3,"N","Y",,"condition OK","Y",,"Andersen et al. 2013","N","GEI Consultants Inc.","UR",,,"legacyData"
"fcf404a9-8bce-4b46-80a1-9ca7445be09d","D04","CUPE","CUPE.AOS.reach","2016-01-29T11:20Z","2016-12-15","CUPE.20160129.SURBER.2",,"NE(4)616-2","CORSP19","Y","Corynoneura sp.",,"genus","Arthropoda","Hexapoda","Insecta","Pterygota","Neoptera","Holometabola","Diptera","Nematocera","Culicomorpha",,"Chironomidae","Orthocladiinae",,,"Corynoneura","sp.",,"larva",2,,1,100,1,"N","Y",,"condition OK","Y",,"Andersen et al. 2013","N","GEI Consultants Inc.","UR","Antenna missing; id based on basiventral spines of posterior parapods",,"legacyData"
"1d632d61-efc7-43da-ab97-f50b0a3407b3","D04","CUPE","CUPE.AOS.reach","2016-01-29T11:20Z","2016-12-15","CUPE.20160129.SURBER.2",,"NE(4)616-2","RHESP2","Y","Rheotanytarsus sp.",,"genus","Arthropoda","Hexapoda","Insecta","Pterygota","Neoptera","Holometabola","Diptera","Nematocera","Culicomorpha",,"Chironomidae","Chironominae","Tanytarsini",,"Rheotanytarsus","sp.",,"larva",3,,1,100,1,"N","Y",,"condition OK","Y",,"Andersen et al. 2013","N","GEI Consultants Inc.","UR",,,"legacyData"
"f4ab78bd-03ee-4e71-aead-87efe8b6c26d","D04","CUPE","CUPE.AOS.reach","2016-01-29T11:20Z","2016-10-19","CUPE.20160129.SURBER.7",,,"BAESP","Y","Baetidae sp.",,"family","Arthropoda","Hexapoda","Insecta","Pterygota","Palaeoptera",,"Ephemeroptera","Pisciforma",,,"Baetidae",,,,,"sp.",,"larva",2,,10,100,10,"Y","Y",,"condition OK","N",,"Merritt et al. 2008","N","GEI Consultants Inc.","KG","Has keel, probably Labiobaetis sp.",,"legacyData"
"5bb3a463-530b-4a29-a7ec-e6d0f21ad8c3","D04","CUPE","CUPE.AOS.reach","2016-01-29T11:20Z","2016-12-15","CUPE.20160129.SURBER.2",,"NE(4)616-2","RHESP2","Y","Rheotanytarsus sp.",,"genus","Arthropoda","Hexapoda","Insecta","Pterygota","Neoptera","Holometabola","Diptera","Nematocera","Culicomorpha",,"Chironomidae","Chironominae","Tanytarsini",,"Rheotanytarsus","sp.",,"larva",,,3,100,3,"N","Y",,"damaged, affecting measurement","Y",,"Andersen et al. 2013","N","GEI Consultants Inc.","UR","Posterior abdomen missing",,"legacyData"
"3e3b2f2f-5b3e-4d97-9d97-18e3e2cbf846","D04","CUPE","CUPE.AOS.reach","2016-01-29T11:20Z","2016-10-12","CUPE.20160129.SURBER.6",,,"LEPSP4","Y","Leptophlebiidae sp.",,"family","Arthropoda","Hexapoda","Insecta","Pterygota","Palaeoptera",,"Ephemeroptera","Furcatergalia","Lanceolata",,"Leptophlebiidae",,,,,"sp.",,"larva",,,4,100,4,"N","Y",,"damaged, affecting measurement","Y",,"Lugo-Ortiz and McCafferty 1994; Merritt et al. 2008","N","GEI Consultants Inc.","KG","Heads only",,"legacyData"
"bc8c9347-6282-4f06-94e6-a2017a345613","D04","CUPE","CUPE.AOS.reach","2016-01-29T11:20Z","2016-10-19","CUPE.20160129.SURBER.7",,,"ANTTUB","Y","Antillopsyche tubicola",,"species","Arthropoda","Hexapoda","Insecta","Pterygota","Neoptera","Holometabola","Trichoptera",,,"Hydropsychoidea","Polycentropodidae","Polycentropodinae",,,"Antillopsyche","tubicola",,"larva",,,1,100,1,"N","N",,"damaged, affecting measurement","Y",,"Flint 1964; Chamorro and Holzenthal 2011; Merritt et al. 2008","N","GEI Consultants Inc.","KG","Missing anal prolegs",,"legacyData"
"c26b3f8d-75b7-4d74-97d0-6a5d818d16ee","D04","CUPE","CUPE.AOS.reach","2016-01-29T11:20Z","2016-12-16","CUPE.20160129.SURBER.5",,"NE(4)616-5","CRISP2","Y","Cricotopus sp.",,"genus","Arthropoda","Hexapoda","Insecta","Pterygota","Neoptera","Holometabola","Diptera","Nematocera","Culicomorpha",,"Chironomidae","Orthocladiinae",,,"Cricotopus","sp.",,"larva",3,"3a",16,100,16,"N","Y",,"condition OK","Y",,"Andersen et al. 2013","N","GEI Consultants Inc.","UR",,,"legacyData"
"991dfb73-d244-4316-a43c-a419b71d36f2","D04","CUPE","CUPE.AOS.reach","2016-01-29T11:20Z","2016-10-10","CUPE.20160129.SURBER.4",,,"LEPSP4","Y","Leptophlebiidae sp.",,"family","Arthropoda","Hexapoda","Insecta","Pterygota","Palaeoptera",,"Ephemeroptera","Furcatergalia","Lanceolata",,"Leptophlebiidae",,,,,"sp.",,"larva",2,,21,100,21,"Y","Y",,"damaged, affecting analysis","Y",,"Lugo-Ortiz and McCafferty 1994; Merritt et al. 2008","N","GEI Consultants Inc.","KG","Missing gills",,"legacyData"
"0e67d2c8-1150-4933-9cd1-4dfdd7ed3f90","D04","CUPE","CUPE.AOS.reach","2016-01-29T11:20Z","2016-09-13","CUPE.20160129.SURBER.1",,,"GLOSP1","Y","Glossosomatidae sp.",,"family","Arthropoda","Hexapoda","Insecta","Pterygota","Neoptera","Holometabola","Trichoptera",,,"Glossosomatoidea","Glossosomatidae",,,,,"sp.",,"larva",1,,17,100,17,"Y","Y",,"condition OK","N",,"Merritt et al. 2008; Wiggins 1996; Flint 1964","Y","GEI Consultants Inc.","KG",,,"legacyData"
"1947c6fc-f986-445f-8b4e-aee0b76b8bd9","D04","CUPE","CUPE.AOS.reach","2016-01-29T11:20Z","2016-10-10","CUPE.20160129.SURBER.4",,,"ELMSP","Y","Elmidae sp.",,"family","Arthropoda","Hexapoda","Insecta","Pterygota","Neoptera","Holometabola","Coleoptera","Polyphaga","Elateriformia","Byrrhoidea","Elmidae",,,,,"sp.",,"larva",,,4,100,4,"N","Y",,"damaged, affecting measurement","N",,"Merritt et al. 2008","N","GEI Consultants Inc.","KG","Missing abdomen",,"legacyData"
"2d212fd3-23ef-43cf-bcae-c5fac6c1bcee","D04","CUPE","CUPE.AOS.reach","2016-01-29T11:20Z","2016-12-16","CUPE.20160129.SURBER.5",,"NE(4)616-5","RHESP2","Y","Rheotanytarsus sp.",,"genus","Arthropoda","Hexapoda","Insecta","Pterygota","Neoptera","Holometabola","Diptera","Nematocera","Culicomorpha",,"Chironomidae","Chironominae","Tanytarsini",,"Rheotanytarsus","sp.",,"larva",2,"2b",3,100,3,"N","Y",,"condition OK","Y",,"Andersen et al. 2013","N","GEI Consultants Inc.","UR",,,"legacyData"
"646b70a2-16de-4b14-8cb1-eac52036655e","D04","CUPE","CUPE.AOS.reach","2016-01-29T11:20Z","2016-09-21","CUPE.20160129.SURBER.3",,,"ELMSP","Y","Elmidae sp.",,"family","Arthropoda","Hexapoda","Insecta","Pterygota","Neoptera","Holometabola","Coleoptera","Polyphaga","Elateriformia","Byrrhoidea","Elmidae",,,,,"sp.",,"larva",,,1,100,1,"N","Y",,"damaged, affecting measurement","N",,"Merritt et al. 2008","N","GEI Consultants Inc.","KG","Missing abdomen",,"legacyData"
"8ad488f2-8de0-4630-8fd7-4968398b3062","D04","CUPE","CUPE.AOS.reach","2016-01-29T11:20Z","2016-09-19","CUPE.20160129.SURBER.2",,,"GLOSP1","Y","Glossosomatidae sp.",,"family","Arthropoda","Hexapoda","Insecta","Pterygota","Neoptera","Holometabola","Trichoptera",,,"Glossosomatoidea","Glossosomatidae",,,,,"sp.",,"larva",1,,18,100,18,"Y","Y",,"condition OK","N",,"Merritt et al. 2008; Wiggins 1996; Flint 1964","N","GEI Consultants Inc.","KG",,,"legacyData"
"3531988c-951b-42c2-ab29-04acf0b34ea7","D04","CUPE","CUPE.AOS.reach","2016-01-29T11:20Z","2016-10-10","CUPE.20160129.SURBER.4",,,"ATOTRI","Y","Atopsyche trifida",,"species","Arthropoda","Hexapoda","Insecta","Pterygota","Neoptera","Holometabola","Trichoptera",,,"Rhyacophiloidea","Hydrobiosidae","Hydrobiosinae","Hydrobiosini",,"Atopsyche","trifida",,"larva",5,,2,100,2,"N","N",,"condition OK","Y",,"Merritt et al. 2008; Wiggins 1996; Flint 1992","N","GEI Consultants Inc.","KG",,,"legacyData"
"37cad707-369f-4b7a-880e-1f7f165e8472","D04","CUPE","CUPE.AOS.reach","2016-01-29T11:20Z","2016-09-21","CUPE.20160129.SURBER.3",,,"NEOGRA","Y","Neoelmis gracilis",,"species","Arthropoda","Hexapoda","Insecta","Pterygota","Neoptera","Holometabola","Coleoptera","Polyphaga","Elateriformia","Byrrhoidea","Elmidae","Elminae","Elmini",,"Neoelmis","gracilis",,"larva",3,,4,100,4,"N","N",,"condition OK","Y",,"Merritt et al. 2008; Segura et al. 2013; Musgrave 1935","N","GEI Consultants Inc.","KG","Lacking frontal tooth",,"legacyData"
"7ae0200a-7f93-4e60-a2f3-6135a807ae5d","D04","CUPE","CUPE.AOS.reach","2016-01-29T11:20Z","2016-10-10","CUPE.20160129.SURBER.4",,,"SIMSP1","Y","Simulium sp.",,"genus","Arthropoda","Hexapoda","Insecta","Pterygota","Neoptera","Holometabola","Diptera","Nematocera","Culicomorpha",,"Simuliidae","Simuliinae","Simuliini",,"Simulium","sp.",,"larva",4,,1,100,1,"N","Y",,"condition OK","Y",,"Merritt et al. 2008; Gutierrez-Fonseca et al. 2013","N","GEI Consultants Inc.","KG",,,"legacyData"
"d9ff2bed-c545-49ec-acfe-9f39bc7b7a09","D04","CUPE","CUPE.AOS.reach","2016-01-29T11:20Z","2016-10-20","CUPE.20160129.SURBER.8",,,"LEPSP4","Y","Leptophlebiidae sp.",,"family","Arthropoda","Hexapoda","Insecta","Pterygota","Palaeoptera",,"Ephemeroptera","Furcatergalia","Lanceolata",,"Leptophlebiidae",,,,,"sp.",,"larva",2,,3,100,3,"Y","Y",,"damaged, affecting analysis","Y",,"Lugo-Ortiz and McCafferty 1994; Merritt et al. 2008","N","GEI Consultants Inc.","KG","Missing gills",,"legacyData"
"0a51078c-bfc8-4a8a-86a1-c5a85d2b6a2f","D04","CUPE","CUPE.AOS.reach","2016-01-29T11:20Z","2016-10-10","CUPE.20160129.SURBER.4",,,"ATOTRI","Y","Atopsyche trifida",,"species","Arthropoda","Hexapoda","Insecta","Pterygota","Neoptera","Holometabola","Trichoptera",,,"Rhyacophiloidea","Hydrobiosidae","Hydrobiosinae","Hydrobiosini",,"Atopsyche","trifida",,"larva",3,,3,100,3,"N","N",,"condition OK","Y",,"Merritt et al. 2008; Wiggins 1996; Flint 1992","N","GEI Consultants Inc.","KG",,,"legacyData"
"46f9e73e-0659-472c-9868-8bdeed0081b4","D04","CUPE","CUPE.AOS.reach","2016-01-29T11:20Z","2016-09-19","CUPE.20160129.SURBER.2",,,"BAESP","Y","Baetidae sp.",,"family","Arthropoda","Hexapoda","Insecta","Pterygota","Palaeoptera",,"Ephemeroptera","Pisciforma",,,"Baetidae",,,,,"sp.",,"larva",1,,1,100,1,"Y","Y",,"condition OK","N",,"Merritt et al. 2008","N","GEI Consultants Inc.","KG","No keel",,"legacyData"
"ea197cb2-3f0f-4770-b859-8330c8c3d0af","D04","CUPE","CUPE.AOS.reach","2016-01-29T11:20Z","2016-10-20","CUPE.20160129.SURBER.8",,,"LEPSP4","Y","Leptophlebiidae sp.",,"family","Arthropoda","Hexapoda","Insecta","Pterygota","Palaeoptera",,"Ephemeroptera","Furcatergalia","Lanceolata",,"Leptophlebiidae",,,,,"sp.",,"larva",,,7,100,7,"N","Y",,"damaged, affecting measurement","Y",,"Lugo-Ortiz and McCafferty 1994; Merritt et al. 2008","N","GEI Consultants Inc.","KG","Heads only",,"legacyData"
"9f422582-adf6-497a-837d-9ac7ea8fcdd4","D04","CUPE","CUPE.AOS.reach","2016-01-29T11:20Z","2016-09-21","CUPE.20160129.SURBER.3",,,"LEPSP","Y","Lepidoptera sp.",,"order","Arthropoda","Hexapoda","Insecta","Pterygota","Neoptera","Holometabola","Lepidoptera",,,,,,,,,"sp.",,"larva",1,,1,100,1,"Y","Y",,"condition OK","N",,"Merritt et al. 2008","N","GEI Consultants Inc.","KG",,,"legacyData"
"ee4b119d-a7a3-458e-9564-e8ad697c3d68","D04","CUPE","CUPE.AOS.reach","2016-01-29T11:20Z","2016-12-15","CUPE.20160129.SURBER.4",,"NE(4)616-4-CHI","RHESP2","Y","Rheotanytarsus sp.",,"genus","Arthropoda","Hexapoda","Insecta","Pterygota","Neoptera","Holometabola","Diptera","Nematocera","Culicomorpha",,"Chironomidae","Chironominae","Tanytarsini",,"Rheotanytarsus","sp.",,"larva",3,,26,100,26,"N","Y",,"condition OK","Y",,"Andersen et al. 2013","N","GEI Consultants Inc.","UR",,,"legacyData"
"537e23ff-23c9-4b85-b955-4a3f0828faaa","D04","CUPE","CUPE.AOS.reach","2016-01-29T11:20Z","2016-10-19","CUPE.20160129.SURBER.7",,"NE(4)616-7","CHISP2","Y","Chironomidae sp.",,"family","Arthropoda","Hexapoda","Insecta","Pterygota","Neoptera","Holometabola","Diptera","Nematocera","Culicomorpha",,"Chironomidae",,,,,"sp.",,"pupa",1,,1,100,1,"N","Y",,"condition OK","N",,"Merritt et al. 2008","N","GEI Consultants Inc.","KG",,,"legacyData"
"a9cd43e5-7c24-4963-9557-6d011cab0644","D04","CUPE","CUPE.AOS.reach","2016-01-29T11:20Z","2016-10-10","CUPE.20160129.SURBER.4",,"NE(4)616-4-CHI","CHISP2","Y","Chironomidae sp.",,"family","Arthropoda","Hexapoda","Insecta","Pterygota","Neoptera","Holometabola","Diptera","Nematocera","Culicomorpha",,"Chironomidae",,,,,"sp.",,"pupa",1,,1,100,1,"N","Y",,"condition OK","N",,"Merritt et al. 2008","N","GEI Consultants Inc.","KG",,,"legacyData"
"125a08cd-a2ac-456b-8d9e-1127905feaae","D04","CUPE","CUPE.AOS.reach","2016-01-29T11:20Z","2016-09-13","CUPE.20160129.SURBER.1",,,"CARSP14","Y","Cariboptila sp.",,"genus","Arthropoda","Hexapoda","Insecta","Pterygota","Neoptera","Holometabola","Trichoptera",,,"Glossosomatoidea","Glossosomatidae","Protoptilinae",,,"Cariboptila","sp.",,"larva",2,,23,100,23,"N","Y",,"condition OK","Y",,"Merritt et al. 2008; Wiggins 1996; Flint 1964","Y","GEI Consultants Inc.","KG",,,"legacyData"
"5763a6b0-ea92-4875-b540-6d3e92a001f4","D04","CUPE","CUPE.AOS.reach","2016-01-29T11:20Z","2016-09-19","CUPE.20160129.SURBER.2",,,"SIMSP1","Y","Simulium sp.",,"genus","Arthropoda","Hexapoda","Insecta","Pterygota","Neoptera","Holometabola","Diptera","Nematocera","Culicomorpha",,"Simuliidae","Simuliinae","Simuliini",,"Simulium","sp.",,"larva",5,,2,100,2,"N","Y",,"condition OK","Y",,"Merritt et al. 2008; Gutierrez-Fonseca et al. 2013","N","GEI Consultants Inc.","KG",,,"legacyData"
"681a35bd-0bce-4f26-a712-5312fcf8b007","D04","CUPE","CUPE.AOS.reach","2016-01-29T11:20Z","2016-12-15","CUPE.20160129.SURBER.2",,"NE(4)616-2","ORTGR","Y","Orthocladius/Cricotopus gr.",,"speciesGroup","Arthropoda","Hexapoda","Insecta",,"Neoptera","Holometabola","Diptera","Nematocera","Culicomorpha",,"Chironomidae","Orthocladiinae",,,,"gr.",,"larva",2,,1,100,1,"N","Y",,"condition OK","Y",,"Andersen et al. 2013","N","GEI Consultants Inc.","UR",,,"legacyData"
"3d8c679b-df1c-468a-b63a-22d4d7fc528c","D04","CUPE","CUPE.AOS.reach","2016-01-29T11:20Z","2016-10-11","CUPE.20160129.SURBER.5",,,"HEMSP4","Y","Hemerodromia sp.",,"genus","Arthropoda","Hexapoda","Insecta","Pterygota","Neoptera","Holometabola","Diptera","Brachycera","Muscomorpha",,"Empididae","Hemerodromiinae","Hemerodromiini",,"Hemerodromia","sp.",,"larva",2,,5,100,5,"N","Y",,"condition OK","Y",,"Merritt et al. 2008","N","GEI Consultants Inc.","KG",,,"legacyData"
"db29f92a-2848-49b7-a64a-a14081ee2154","D04","CUPE","CUPE.AOS.reach","2016-01-29T11:20Z","2016-10-10","CUPE.20160129.SURBER.4",,,"LIBSP","Y","Libellulidae sp.",,"family","Arthropoda","Hexapoda","Insecta","Pterygota","Palaeoptera",,"Odonata","Anisoptera",,,"Libellulidae",,,,,"sp.",,"larva",2,,2,100,2,"Y","Y",,"condition OK","Y",,"Needham et al. 2000; Merritt et al. 2008","N","GEI Consultants Inc.","KG",,,"legacyData"
"48bb8f4c-4003-4a6f-bcd9-fcc28911516d","D04","CUPE","CUPE.AOS.reach","2016-01-29T11:20Z","2016-10-12","CUPE.20160129.SURBER.6",,,"LEPSP4","Y","Leptophlebiidae sp.",,"family","Arthropoda","Hexapoda","Insecta","Pterygota","Palaeoptera",,"Ephemeroptera","Furcatergalia","Lanceolata",,"Leptophlebiidae",,,,,"sp.",,"larva",3,,1,100,1,"N","Y",,"damaged, affecting analysis","Y",,"Lugo-Ortiz and McCafferty 1994; Merritt et al. 2008","N","GEI Consultants Inc.","KG","Missing legs and gills",,"legacyData"
"1454788c-dba9-4e5b-97e5-277f89f7c423","D04","CUPE","CUPE.AOS.reach","2016-01-29T11:20Z","2016-10-12","CUPE.20160129.SURBER.6",,,"NEOGRA","Y","Neoelmis gracilis",,"species","Arthropoda","Hexapoda","Insecta","Pterygota","Neoptera","Holometabola","Coleoptera","Polyphaga","Elateriformia","Byrrhoidea","Elmidae","Elminae","Elmini",,"Neoelmis","gracilis",,"larva",3,,2,100,2,"N","N",,"condition OK","Y",,"Merritt et al. 2008; Segura et al. 2013; Musgrave 1935","N","GEI Consultants Inc.","KG","Lacking frontal tooth, keys to Neoelmis sp. in Merritt et al. 2008",,"legacyData"
"c7a48fcd-62b2-4cdf-b08d-91640797ed69","D04","CUPE","CUPE.AOS.reach","2016-01-29T11:20Z","2016-12-15","CUPE.20160129.SURBER.4",,"NE(4)616-4-CHI","RHESP2","Y","Rheotanytarsus sp.",,"genus","Arthropoda","Hexapoda","Insecta","Pterygota","Neoptera","Holometabola","Diptera","Nematocera","Culicomorpha",,"Chironomidae","Chironominae","Tanytarsini",,"Rheotanytarsus","sp.",,"larva",5,,2,100,2,"N","Y",,"condition OK","Y",,"Andersen et al. 2013","N","GEI Consultants Inc.","UR",,,"legacyData"
"d3e53c01-3ed6-42de-9833-5c753c351caa","D04","CUPE","CUPE.AOS.reach","2016-01-29T11:20Z","2016-09-19","CUPE.20160129.SURBER.2",,,"LIBSP","Y","Libellulidae sp.",,"family","Arthropoda","Hexapoda","Insecta","Pterygota","Palaeoptera",,"Odonata","Anisoptera",,,"Libellulidae",,,,,"sp.",,"larva",2,,2,100,2,"Y","Y",,"condition OK","Y",,"Needham et al. 2000; Merritt et al. 2008","N","GEI Consultants Inc.","KG",,,"legacyData"
"1c889586-0aac-4887-8459-9ac8fb37c9bf","D04","CUPE","CUPE.AOS.reach","2016-01-29T11:20Z","2016-12-16","CUPE.20160129.SURBER.6",,"NE(4)616-6","PENSP6","Y","Pentaneurini sp.",,"tribe","Arthropoda","Hexapoda","Insecta","Pterygota","Neoptera","Holometabola","Diptera","Nematocera","Culicomorpha",,"Chironomidae","Tanypodinae","Pentaneurini",,,"sp.",,"larva",,,1,100,1,"N","Y",,"damaged, affecting measurement","Y",,"Andersen et al. 2013","N","GEI Consultants Inc.","UR","Pentaneura?; posterior abdomen missing",,"legacyData"
"cce529e5-1b36-4e14-b0a0-49464536e2aa","D04","CUPE","CUPE.AOS.reach","2016-01-29T11:20Z","2016-09-19","CUPE.20160129.SURBER.2",,,"SIMSP","Y","Simuliidae sp.",,"family","Arthropoda","Hexapoda","Insecta","Pterygota","Neoptera","Holometabola","Diptera","Nematocera","Culicomorpha",,"Simuliidae",,,,,"sp.",,"larva",2,,2,100,2,"Y","Y",,"condition OK","N",,"Merritt et al. 2008; Gutierrez-Fonseca et al. 2013","N","GEI Consultants Inc.","KG",,,"legacyData"
"05912799-3191-473d-bd79-17b63025332f","D04","CUPE","CUPE.AOS.reach","2016-01-29T11:20Z","2016-10-11","CUPE.20160129.SURBER.5",,,"LEPSP4","Y","Leptophlebiidae sp.",,"family","Arthropoda","Hexapoda","Insecta","Pterygota","Palaeoptera",,"Ephemeroptera","Furcatergalia","Lanceolata",,"Leptophlebiidae",,,,,"sp.",,"larva",2,,1,100,1,"Y","Y",,"damaged, affecting analysis","Y",,"Lugo-Ortiz and McCafferty 1994; Merritt et al. 2008","N","GEI Consultants Inc.","KG","Missing gills and legs",,"legacyData"
"32337b69-9798-428d-81d1-86e8153d647c","D04","CUPE","CUPE.AOS.reach","2016-01-29T11:20Z","2016-10-10","CUPE.20160129.SURBER.4",,,"ATOTRI","Y","Atopsyche trifida",,"species","Arthropoda","Hexapoda","Insecta","Pterygota","Neoptera","Holometabola","Trichoptera",,,"Rhyacophiloidea","Hydrobiosidae","Hydrobiosinae","Hydrobiosini",,"Atopsyche","trifida",,"larva",4,,1,100,1,"N","N",,"condition OK","Y",,"Merritt et al. 2008; Wiggins 1996; Flint 1992","N","GEI Consultants Inc.","KG",,,"legacyData"
"ef36008b-422a-4984-b049-5acb9f9bdb7f","D04","CUPE","CUPE.AOS.reach","2016-01-29T11:20Z","2016-09-19","CUPE.20160129.SURBER.2",,,"BAESP","Y","Baetidae sp.",,"family","Arthropoda","Hexapoda","Insecta","Pterygota","Palaeoptera",,"Ephemeroptera","Pisciforma",,,"Baetidae",,,,,"sp.",,"larva",2,,1,100,1,"N","Y",,"damaged, affecting analysis","Y",,"Merritt et al. 2008","N","GEI Consultants Inc.","KG","Has keel, labial palps with well-developed anterior projecting digitate-lobe; keys to Acerpenna",,"legacyData"
"9046eeac-56b1-4c23-ac64-39283d2cbb7e","D04","CUPE","CUPE.AOS.reach","2016-01-29T11:20Z","2016-10-20","CUPE.20160129.SURBER.8",,,"PHACLA","Y","Phanocerus clavicornis",,"species","Arthropoda","Hexapoda","Insecta","Pterygota","Neoptera","Holometabola","Coleoptera","Polyphaga","Elateriformia","Byrrhoidea","Elmidae","Larainae",,,"Phanocerus","clavicornis",,"larva",1,,1,100,1,"Y","N",,"condition OK","Y",,"Spangler and Santiago-Fragoso 1992; Segura et al. 2013; Merritt et al. 2008","N","GEI Consultants Inc.","KG",,,"legacyData"
"03cd3119-d6fe-4eab-820e-293e4e157939","D04","CUPE","CUPE.AOS.reach","2016-01-29T11:20Z","2016-09-21","CUPE.20160129.SURBER.3",,,"SIMSP1","Y","Simulium sp.",,"genus","Arthropoda","Hexapoda","Insecta","Pterygota","Neoptera","Holometabola","Diptera","Nematocera","Culicomorpha",,"Simuliidae","Simuliinae","Simuliini",,"Simulium","sp.",,"larva",2,,12,100,12,"N","Y",,"condition OK","Y",,"Merritt et al. 2008; Gutierrez-Fonseca et al. 2013","N","GEI Consultants Inc.","KG",,,"legacyData"
"0ce8f4a8-d215-4aec-ba9f-2be14c750134","D04","CUPE","CUPE.AOS.reach","2016-01-29T11:20Z","2016-09-13","CUPE.20160129.SURBER.1",,,"ELMSP","Y","Elmidae sp.",,"family","Arthropoda","Hexapoda","Insecta","Pterygota","Neoptera","Holometabola","Coleoptera","Polyphaga","Elateriformia","Byrrhoidea","Elmidae",,,,,"sp.",,"larva",5,,1,100,1,"N","Y",,"condition OK","N",,"Merritt et al. 2008","Y","GEI Consultants Inc.","KG","Keys out Cylloepus/Rhizelmis in Merritt et al. 2008",,"legacyData"
"51e9362e-6609-4abf-b916-68abc02ce582","D04","CUPE","CUPE.AOS.reach","2016-01-29T11:20Z","2016-10-19","CUPE.20160129.SURBER.7",,,"LABSP2","Y","Labiobaetis sp.",,"genus","Arthropoda","Hexapoda","Insecta","Pterygota","Palaeoptera",,"Ephemeroptera","Pisciforma",,,"Baetidae",,,,"Labiobaetis","sp.",,"larva",2,,1,100,1,"Y","N",,"condition OK","Y",,"Merritt et al. 2008; Lugo-Ortiz and McCafferty 1994; Travers 1938","N","GEI Consultants Inc.","KG","Has keel, labial palps with well-developed anterior projecting digitate-lobe",,"legacyData"
"a168969e-762f-404f-9313-fea9b0a69975","D04","CUPE","CUPE.AOS.reach","2016-01-29T11:20Z","2016-12-15","CUPE.20160129.SURBER.1",,"NE(4)616-1-CHI","ORTSP1","Y","Orthocladiinae sp.","Second genus near Thienemanniella","subfamily","Arthropoda","Hexapoda","Insecta","Pterygota","Neoptera","Holometabola","Diptera","Nematocera","Culicomorpha",,"Chironomidae","Orthocladiinae",,,,"sp.",,"larva",1,,1,100,1,"N","Y",,"condition OK","Y",,"Andersen et al. 2013","N","GEI Consultants Inc.","UR","New type; Second genus near Thienemanniella",,"legacyData"
"80cd0d85-aff8-4f5b-a7b4-6429c06fac68","D04","CUPE","CUPE.AOS.reach","2016-01-29T11:20Z","2016-10-11","CUPE.20160129.SURBER.5",,,"HEMSP4","Y","Hemerodromia sp.",,"genus","Arthropoda","Hexapoda","Insecta","Pterygota","Neoptera","Holometabola","Diptera","Brachycera","Muscomorpha",,"Empididae","Hemerodromiinae","Hemerodromiini",,"Hemerodromia","sp.",,"larva",1,,2,100,2,"N","Y",,"condition OK","Y",,"Merritt et al. 2008","N","GEI Consultants Inc.","KG",,,"legacyData"
"514f7ab9-ff01-4dcb-9676-d2dc50dcedd8","D04","CUPE","CUPE.AOS.reach","2016-01-29T11:20Z","2016-10-10","CUPE.20160129.SURBER.4",,,"LIBSP","Y","Libellulidae sp.",,"family","Arthropoda","Hexapoda","Insecta","Pterygota","Palaeoptera",,"Odonata","Anisoptera",,,"Libellulidae",,,,,"sp.",,"larva",5,,1,100,1,"Y","Y",,"condition OK","Y",,"Needham et al. 2000; Merritt et al. 2008","N","GEI Consultants Inc.","KG",,,"legacyData"
"09f3ab00-19ed-48f2-afac-15dae5cffe74","D04","CUPE","CUPE.AOS.reach","2016-01-29T11:20Z","2016-10-20","CUPE.20160129.SURBER.8",,,"LEPSP4","Y","Leptophlebiidae sp.",,"family","Arthropoda","Hexapoda","Insecta","Pterygota","Palaeoptera",,"Ephemeroptera","Furcatergalia","Lanceolata",,"Leptophlebiidae",,,,,"sp.",,"larva",1,,1,100,1,"Y","Y",,"damaged, affecting analysis","Y",,"Lugo-Ortiz and McCafferty 1994; Merritt et al. 2008","N","GEI Consultants Inc.","KG","Missing gills",,"legacyData"
"c03851e3-c694-4607-9294-382fb96375d2","D04","CUPE","CUPE.AOS.reach","2016-01-29T11:20Z","2016-09-13","CUPE.20160129.SURBER.1",,,"LEPSP4","Y","Leptophlebiidae sp.",,"family","Arthropoda","Hexapoda","Insecta","Pterygota","Palaeoptera",,"Ephemeroptera","Furcatergalia","Lanceolata",,"Leptophlebiidae",,,,,"sp.",,"larva",2,,1,100,1,"Y","Y",,"damaged, affecting analysis","Y",,"Lugo-Ortiz and McCafferty 1994; Merritt et al. 2008","Y","GEI Consultants Inc.","KG","Missing gills",,"legacyData"
"6ca974df-d5cd-4546-892b-6773edeff0b5","D04","CUPE","CUPE.AOS.reach","2016-01-29T11:20Z","2016-12-16","CUPE.20160129.SURBER.5",,"NE(4)616-5","ORTGR","Y","Orthocladius/Cricotopus gr.",,"speciesGroup","Arthropoda","Hexapoda","Insecta",,"Neoptera","Holometabola","Diptera","Nematocera","Culicomorpha",,"Chironomidae","Orthocladiinae",,,,"gr.",,"larva",3,"3b",3,100,3,"N","Y",,"condition OK","N",,"Andersen et al. 2013","N","GEI Consultants Inc.","UR",,,"legacyData"
"6c1a651a-0994-414d-bb30-792b403210d8","D04","CUPE","CUPE.AOS.reach","2016-01-29T11:20Z","2016-09-19","CUPE.20160129.SURBER.2",,,"LEPSP4","Y","Leptophlebiidae sp.",,"family","Arthropoda","Hexapoda","Insecta","Pterygota","Palaeoptera",,"Ephemeroptera","Furcatergalia","Lanceolata",,"Leptophlebiidae",,,,,"sp.",,"larva",2,,2,100,2,"Y","Y",,"damaged, affecting analysis","Y",,"Lugo-Ortiz and McCafferty 1994; Merritt et al. 2008","N","GEI Consultants Inc.","KG","Missing gills",,"legacyData"
"592b2ed8-dc6c-4c53-bc35-297d784a7a08","D04","CUPE","CUPE.AOS.reach","2016-01-29T11:20Z","2016-10-10","CUPE.20160129.SURBER.4",,,"HELSP7","Y","Helicopsyche sp.",,"genus","Arthropoda","Hexapoda","Insecta","Pterygota","Neoptera","Holometabola","Trichoptera",,,"Sericostomatoidea","Helicopsychidae",,,,"Helicopsyche","sp.",,"larva",1,,1,100,1,"N","Y",,"condition OK","Y",,"Merritt et al. 2008; Wiggins 1996; Flint 1964,1992","N","GEI Consultants Inc.","KG",,,"legacyData"
"def49f05-abcd-4d79-a4ce-d720a05fab30","D04","CUPE","CUPE.AOS.reach","2016-01-29T11:20Z","2016-09-19","CUPE.20160129.SURBER.2",,,"HEMSP4","Y","Hemerodromia sp.",,"genus","Arthropoda","Hexapoda","Insecta","Pterygota","Neoptera","Holometabola","Diptera","Brachycera","Muscomorpha",,"Empididae","Hemerodromiinae","Hemerodromiini",,"Hemerodromia","sp.",,"larva",1,,1,100,1,"N","Y",,"condition OK","Y",,"Merritt et al. 2008","N","GEI Consultants Inc.","KG",,,"legacyData"
"201dd034-a923-4f65-a0c3-746041e3d878","D04","CUPE","CUPE.AOS.reach","2016-01-29T11:20Z","2016-10-20","CUPE.20160129.SURBER.8",,,"NEOGRA","Y","Neoelmis gracilis",,"species","Arthropoda","Hexapoda","Insecta","Pterygota","Neoptera","Holometabola","Coleoptera","Polyphaga","Elateriformia","Byrrhoidea","Elmidae","Elminae","Elmini",,"Neoelmis","gracilis",,"larva",2,,1,100,1,"Y","N",,"condition OK","Y",,"Merritt et al. 2008; Segura et al. 2013; Musgrave 1935","N","GEI Consultants Inc.","KG","Lacking frontal tooth, keys to Neoelmis sp. in Merritt et al. 2008",,"legacyData"
"7fde0a28-ca13-40ae-bec9-6c108afb4ebf","D04","CUPE","CUPE.AOS.reach","2016-01-29T11:20Z","2016-12-16","CUPE.20160129.SURBER.7",,"NE(4)616-7","CORSP19","Y","Corynoneura sp.",,"genus","Arthropoda","Hexapoda","Insecta","Pterygota","Neoptera","Holometabola","Diptera","Nematocera","Culicomorpha",,"Chironomidae","Orthocladiinae",,,"Corynoneura","sp.",,"larva",2,,1,100,1,"N","Y",,"condition OK","Y",,"Andersen et al. 2013","N","GEI Consultants Inc.","UR",,,"legacyData"
"6e3a158c-1f28-4e2e-b247-436d8423f4d1","D04","CUPE","CUPE.AOS.reach","2016-01-29T11:20Z","2016-09-13","CUPE.20160129.SURBER.1",,,"LEPSP4","Y","Leptophlebiidae sp.",,"family","Arthropoda","Hexapoda","Insecta","Pterygota","Palaeoptera",,"Ephemeroptera","Furcatergalia","Lanceolata",,"Leptophlebiidae",,,,,"sp.",,"larva",,,6,100,6,"N","Y",,"damaged, affecting measurement","Y",,"Lugo-Ortiz and McCafferty 1994; Merritt et al. 2008","Y","GEI Consultants Inc.","KG","Heads only (6)",,"legacyData"
"d3e0787b-339e-455b-9136-3b8bce69975b","D04","CUPE","CUPE.AOS.reach","2016-01-29T11:20Z","2016-10-19","CUPE.20160129.SURBER.7",,,"ANTTUB","Y","Antillopsyche tubicola",,"species","Arthropoda","Hexapoda","Insecta","Pterygota","Neoptera","Holometabola","Trichoptera",,,"Hydropsychoidea","Polycentropodidae","Polycentropodinae",,,"Antillopsyche","tubicola",,"larva",4,,2,100,2,"N","N",,"condition OK","Y",,"Flint 1964; Chamorro and Holzenthal 2011; Merritt et al. 2008","N","GEI Consultants Inc.","KG",,,"legacyData"
"f3f05bab-3553-482a-8b50-45ce4036d63f","D04","CUPE","CUPE.AOS.reach","2016-01-29T11:20Z","2016-10-10","CUPE.20160129.SURBER.4",,,"NEOGRA","Y","Neoelmis gracilis",,"species","Arthropoda","Hexapoda","Insecta","Pterygota","Neoptera","Holometabola","Coleoptera","Polyphaga","Elateriformia","Byrrhoidea","Elmidae","Elminae","Elmini",,"Neoelmis","gracilis",,"adult",2,,56,100,56,"N","N",,"condition OK","Y",,"Merritt et al. 2008; Segura et al. 2013; Musgrave 1935","N","GEI Consultants Inc.","KG",,,"legacyData"
"13608e38-100a-4846-b36f-0af079ad9aae","D04","CUPE","CUPE.AOS.reach","2016-01-29T11:20Z","2016-12-16","CUPE.20160129.SURBER.5",,"NE(4)616-5","ORTGR","Y","Orthocladius/Cricotopus gr.",,"speciesGroup","Arthropoda","Hexapoda","Insecta",,"Neoptera","Holometabola","Diptera","Nematocera","Culicomorpha",,"Chironomidae","Orthocladiinae",,,,"gr.",,"larva",1,"1a",6,100,6,"N","Y",,"condition OK","N",,"Andersen et al. 2013","N","GEI Consultants Inc.","UR",,,"legacyData"
"c2656c71-a61d-4afe-a848-a227a6c35074","D04","CUPE","CUPE.AOS.reach","2016-01-29T11:20Z","2016-09-19","CUPE.20160129.SURBER.2",,,"HELSP7","Y","Helicopsyche sp.",,"genus","Arthropoda","Hexapoda","Insecta","Pterygota","Neoptera","Holometabola","Trichoptera",,,"Sericostomatoidea","Helicopsychidae",,,,"Helicopsyche","sp.",,"larva",1,,6,100,6,"N","Y",,"condition OK","Y",,"Merritt et al. 2008; Wiggins 1996; Flint 1964,1992","N","GEI Consultants Inc.","KG",,,"legacyData"
"a5e26b3c-47f8-48bb-b399-2dcca1c025df","D04","CUPE","CUPE.AOS.reach","2016-01-29T11:20Z","2016-12-16","CUPE.20160129.SURBER.5",,"NE(4)616-5","ORTGR","Y","Orthocladius/Cricotopus gr.",,"speciesGroup","Arthropoda","Hexapoda","Insecta",,"Neoptera","Holometabola","Diptera","Nematocera","Culicomorpha",,"Chironomidae","Orthocladiinae",,,,"gr.",,"larva",,"b",3,100,3,"N","Y",,"damaged, affecting measurement","N",,"Andersen et al. 2013","N","GEI Consultants Inc.","UR","Posterior abdomen missing",,"legacyData"
"4ee76a8e-d1bb-4969-924b-0cf9c3f3c919","D04","CUPE","CUPE.AOS.reach","2016-01-29T11:20Z","2016-09-21","CUPE.20160129.SURBER.3",,,"SIMSP1","Y","Simulium sp.",,"genus","Arthropoda","Hexapoda","Insecta","Pterygota","Neoptera","Holometabola","Diptera","Nematocera","Culicomorpha",,"Simuliidae","Simuliinae","Simuliini",,"Simulium","sp.",,"larva",5,,3,100,3,"N","Y",,"condition OK","Y",,"Merritt et al. 2008; Gutierrez-Fonseca et al. 2013","N","GEI Consultants Inc.","KG",,,"legacyData"
"f231b667-5fb6-4502-8a8e-f652963f1bfe","D04","CUPE","CUPE.AOS.reach","2016-01-29T11:20Z","2016-10-10","CUPE.20160129.SURBER.4",,,"HELSP7","Y","Helicopsyche sp.",,"genus","Arthropoda","Hexapoda","Insecta","Pterygota","Neoptera","Holometabola","Trichoptera",,,"Sericostomatoidea","Helicopsychidae",,,,"Helicopsyche","sp.",,"larva",2,,1,100,1,"N","Y",,"condition OK","Y",,"Merritt et al. 2008; Wiggins 1996; Flint 1964,1992","N","GEI Consultants Inc.","KG",,,"legacyData"
"01cf7048-aafd-40fa-a796-66df13f64951","D04","CUPE","CUPE.AOS.reach","2016-01-29T11:20Z","2016-09-13","CUPE.20160129.SURBER.1",,,"PHACLA","Y","Phanocerus clavicornis",,"species","Arthropoda","Hexapoda","Insecta","Pterygota","Neoptera","Holometabola","Coleoptera","Polyphaga","Elateriformia","Byrrhoidea","Elmidae","Larainae",,,"Phanocerus","clavicornis",,"larva",2,,1,100,1,"N","N",,"condition OK","Y",,"Spangler and Santiago-Fragoso 1992; Segura et al. 2013; Merritt et al. 2008","Y","GEI Consultants Inc.","KG",,,"legacyData"
"f3cf0f02-a885-4361-9168-e14477a44458","D04","CUPE","CUPE.AOS.reach","2016-01-29T11:20Z","2016-10-19","CUPE.20160129.SURBER.7",,,"LEPSP4","Y","Leptophlebiidae sp.",,"family","Arthropoda","Hexapoda","Insecta","Pterygota","Palaeoptera",,"Ephemeroptera","Furcatergalia","Lanceolata",,"Leptophlebiidae",,,,,"sp.",,"larva",2,,6,100,6,"Y","Y",,"damaged, affecting analysis","N",,"Lugo-Ortiz and McCafferty 1994; Merritt et al. 2008","N","GEI Consultants Inc.","KG","Missing gill",,"legacyData"
"195aa584-de7d-4566-bb34-7df4f7544276","D04","CUPE","CUPE.AOS.reach","2016-01-29T11:20Z","2016-10-19","CUPE.20160129.SURBER.7",,,"LEPSP4","Y","Leptophlebiidae sp.",,"family","Arthropoda","Hexapoda","Insecta","Pterygota","Palaeoptera",,"Ephemeroptera","Furcatergalia","Lanceolata",,"Leptophlebiidae",,,,,"sp.",,"larva",3,,7,100,7,"N","Y",,"damaged, affecting analysis","N",,"Lugo-Ortiz and McCafferty 1994; Merritt et al. 2008","N","GEI Consultants Inc.","KG","Missing first abdomen gill",,"legacyData"
"c9fe2e35-7cc7-4005-8225-4d3ac8fcc6fd","D04","CUPE","CUPE.AOS.reach","2016-01-29T11:20Z","2016-12-15","CUPE.20160129.SURBER.4",,"NE(4)616-4-CHI","RHESP2","Y","Rheotanytarsus sp.",,"genus","Arthropoda","Hexapoda","Insecta","Pterygota","Neoptera","Holometabola","Diptera","Nematocera","Culicomorpha",,"Chironomidae","Chironominae","Tanytarsini",,"Rheotanytarsus","sp.",,"larva",4,,4,100,4,"N","Y",,"condition OK","Y",,"Andersen et al. 2013","N","GEI Consultants Inc.","UR",,,"legacyData"
"2e26136d-e9aa-4245-84b7-1c4bd09a9c7a","D04","CUPE","CUPE.AOS.reach","2016-01-29T11:20Z","2016-09-13","CUPE.20160129.SURBER.1",,,"NEOGRA","Y","Neoelmis gracilis",,"species","Arthropoda","Hexapoda","Insecta","Pterygota","Neoptera","Holometabola","Coleoptera","Polyphaga","Elateriformia","Byrrhoidea","Elmidae","Elminae","Elmini",,"Neoelmis","gracilis",,"larva",4,,2,100,2,"N","N",,"condition OK","Y",,"Merritt et al. 2008; Segura et al. 2013; Musgrave 1935","Y","GEI Consultants Inc.","KG","Lacking frontal tooth",,"legacyData"
"ff9930fe-476a-409f-b8d2-8ba180b216cc","D04","CUPE","CUPE.AOS.reach","2016-01-29T11:20Z","2016-10-10","CUPE.20160129.SURBER.4",,,"PETSP4","Y","Petrophila sp.",,"genus","Arthropoda","Hexapoda","Insecta","Pterygota","Neoptera","Holometabola","Lepidoptera",,,"Pyraloidea","Crambidae","Nymphulinae","Argyractini",,"Petrophila","sp.",,"larva",5,,1,100,1,"N","Y",,"condition OK","Y",,"Merritt et al. 2008","N","GEI Consultants Inc.","KG",,,"legacyData"
"e37dc88e-95bd-4179-94fb-c59d86d908e3","D04","CUPE","CUPE.AOS.reach","2016-01-29T11:20Z","2016-09-21","CUPE.20160129.SURBER.3",,,"PETSP4","Y","Petrophila sp.",,"genus","Arthropoda","Hexapoda","Insecta","Pterygota","Neoptera","Holometabola","Lepidoptera",,,"Pyraloidea","Crambidae","Nymphulinae","Argyractini",,"Petrophila","sp.",,"larva",4,,1,100,1,"N","Y",,"condition OK","Y",,"Merritt et al. 2008","N","GEI Consultants Inc.","KG",,,"legacyData"
"218472eb-7b30-4493-bd77-473a90316a34","D04","CUPE","CUPE.AOS.reach","2016-01-29T11:20Z","2016-09-21","CUPE.20160129.SURBER.3",,,"MARSP3","Y","Maruina sp.",,"genus","Arthropoda","Hexapoda","Insecta","Pterygota","Neoptera","Holometabola","Diptera","Nematocera","Psychodomorpha",,"Psychodidae","Psychodinae",,,"Maruina","sp.",,"larva",2,,1,100,1,"N","Y",,"condition OK","Y",,"Wagner and Masteller 1996; Merritt et al. 2008","N","GEI Consultants Inc.","KG",,,"legacyData"
"5901a0df-fc39-4984-bd6e-e13daa253995","D04","CUPE","CUPE.AOS.reach","2016-01-29T11:20Z","2016-09-19","CUPE.20160129.SURBER.2",,,"SIMSP","Y","Simuliidae sp.",,"family","Arthropoda","Hexapoda","Insecta","Pterygota","Neoptera","Holometabola","Diptera","Nematocera","Culicomorpha",,"Simuliidae",,,,,"sp.",,"larva",4,,1,100,1,"Y","Y",,"condition OK","N",,"Merritt et al. 2008; Gutierrez-Fonseca et al. 2013","N","GEI Consultants Inc.","KG",,,"legacyData"
"c463939a-f0ad-4906-957a-476a3b87ae23","D04","CUPE","CUPE.AOS.reach","2016-01-29T11:20Z","2016-10-10","CUPE.20160129.SURBER.4",,,"LEPSP4","Y","Leptophlebiidae sp.",,"family","Arthropoda","Hexapoda","Insecta","Pterygota","Palaeoptera",,"Ephemeroptera","Furcatergalia","Lanceolata",,"Leptophlebiidae",,,,,"sp.",,"larva",3,,2,100,2,"N","Y",,"damaged, affecting analysis","Y",,"Lugo-Ortiz and McCafferty 1994; Merritt et al. 2008","N","GEI Consultants Inc.","KG","Missing gills",,"legacyData"
"fba154de-c229-4000-9de2-230bb432f8da","D04","CUPE","CUPE.AOS.reach","2016-01-29T11:20Z","2016-12-15","CUPE.20160129.SURBER.1",,"NE(4)616-1-CHI","RHESP2","Y","Rheotanytarsus sp.",,"genus","Arthropoda","Hexapoda","Insecta","Pterygota","Neoptera","Holometabola","Diptera","Nematocera","Culicomorpha",,"Chironomidae","Chironominae","Tanytarsini",,"Rheotanytarsus","sp.",,"larva",2,,1,100,1,"N","Y",,"condition OK","Y",,"Andersen et al. 2013","N","GEI Consultants Inc.","UR",,,"legacyData"
"ace8b8fd-bf6c-4602-a776-9db4eaf3a735","D04","CUPE","CUPE.AOS.reach","2016-01-29T11:20Z","2016-12-15","CUPE.20160129.SURBER.2",,"NE(4)616-2","TANSP8","Y","Tanytarsini sp.","Genus near Stempellina","tribe","Arthropoda","Hexapoda","Insecta","Pterygota","Neoptera","Holometabola","Diptera","Nematocera","Culicomorpha",,"Chironomidae","Chironominae","Tanytarsini",,,"sp.",,"larva",,,4,100,4,"N","Y",,"damaged, affecting measurement","Y",,"Andersen et al. 2013","N","GEI Consultants Inc.","UR","New type; Genus near Stempellina; posterior abdomen missing",,"legacyData"
"2bbf3021-a1d4-4610-a014-62a7d4b7ad23","D04","CUPE","CUPE.AOS.reach","2016-01-29T11:20Z","2016-09-13","CUPE.20160129.SURBER.1",,,"HEXSP4","Y","Hexacylloepus sp.",,"genus","Arthropoda","Hexapoda","Insecta","Pterygota","Neoptera","Holometabola","Coleoptera","Polyphaga","Elateriformia","Byrrhoidea","Elmidae","Elminae","Elmini",,"Hexacylloepus","sp.",,"adult",2,,1,100,1,"N","Y",,"condition OK","Y",,"Segura et al. 2011, 2013; Brown 1981; Merritt et al. 2008; Manzo 2013","Y","GEI Consultants Inc.","KG",,,"legacyData"
"81e68713-fde7-4db6-b39d-dcdf6ad13cbe","D04","CUPE","CUPE.AOS.reach","2016-01-29T11:20Z","2016-09-13","CUPE.20160129.SURBER.1",,,"LIMSP18","Y","Limoniinae sp.",,"subfamily","Arthropoda","Hexapoda","Insecta","Pterygota","Neoptera","Holometabola","Diptera","Nematocera","Tipulomorpha",,"Tipulidae","Limoniinae",,,,"sp.",,"larva",6,,1,100,1,"N","Y",,"damaged, affecting analysis","Y",,"Capriles and Navarro 1967; Gelhaus 2008; Merritt et al. 2008","Y","GEI Consultants Inc.","KG","Head damaged",,"legacyData"
"1b524273-3c68-445c-94b1-5b246d868b7d","D04","CUPE","CUPE.AOS.reach","2016-01-29T11:20Z","2016-12-16","CUPE.20160129.SURBER.6",,"NE(4)616-6","CONGR","Y","Conchapelopia/Thienemannimyia gr.",,"speciesGroup","Arthropoda","Hexapoda","Insecta",,"Neoptera","Holometabola","Diptera","Nematocera","Culicomorpha",,"Chironomidae","Tanypodinae","Pentaneurini",,,"gr.",,"larva",,,1,100,1,"N","Y",,"damaged, affecting measurement","Y",,"Andersen et al. 2013","N","GEI Consultants Inc.","UR","Posterior abdomen missing",,"legacyData"
"da77da98-507f-491a-ae05-b1bcf72a6ce1","D04","CUPE","CUPE.AOS.reach","2016-01-29T11:20Z","2016-10-10","CUPE.20160129.SURBER.4",,,"CERSP10","Y","Ceratopogoninae sp.",,"subfamily","Arthropoda","Hexapoda","Insecta","Pterygota","Neoptera","Holometabola","Diptera","Nematocera","Culicomorpha",,"Ceratopogonidae","Ceratopogoninae",,,,"sp.",,"larva",5,,1,100,1,"N","Y",,"condition OK","Y",,"Merritt et al. 2008","N","GEI Consultants Inc.","KG",,,"legacyData"
"8471c248-7a7f-4160-8c98-978367841b8b","D04","CUPE","CUPE.AOS.reach","2016-01-29T11:20Z","2016-10-11","CUPE.20160129.SURBER.5",,,"LEPSP4","Y","Leptophlebiidae sp.",,"family","Arthropoda","Hexapoda","Insecta","Pterygota","Palaeoptera",,"Ephemeroptera","Furcatergalia","Lanceolata",,"Leptophlebiidae",,,,,"sp.",,"larva",4,,2,100,2,"N","Y",,"damaged, affecting analysis","Y",,"Lugo-Ortiz and McCafferty 1994; Merritt et al. 2008","N","GEI Consultants Inc.","KG","Missing gills and legs",,"legacyData"
"304964b6-1e5a-4e0a-a41e-56b80e85e3d3","D04","CUPE","CUPE.AOS.reach","2016-01-29T11:20Z","2016-09-19","CUPE.20160129.SURBER.2",,,"MARSP3","Y","Maruina sp.",,"genus","Arthropoda","Hexapoda","Insecta","Pterygota","Neoptera","Holometabola","Diptera","Nematocera","Psychodomorpha",,"Psychodidae","Psychodinae",,,"Maruina","sp.",,"larva",2,,1,100,1,"N","Y",,"condition OK","Y",,"Wagner and Masteller 1996; Merritt et al. 2008","N","GEI Consultants Inc.","KG",,,"legacyData"
"82a80c25-4902-406a-a852-341b089ef98b","D04","CUPE","CUPE.AOS.reach","2016-01-29T11:20Z","2016-10-10","CUPE.20160129.SURBER.4",,,"MARSP3","Y","Maruina sp.",,"genus","Arthropoda","Hexapoda","Insecta","Pterygota","Neoptera","Holometabola","Diptera","Nematocera","Psychodomorpha",,"Psychodidae","Psychodinae",,,"Maruina","sp.",,"larva",1,,1,100,1,"N","Y",,"condition OK","Y",,"Wagner and Masteller 1996; Merritt et al. 2008","N","GEI Consultants Inc.","KG",,,"legacyData"
"4b4e16a7-d5f8-4e9b-a929-62d2bfbb7118","D04","CUPE","CUPE.AOS.reach","2016-01-29T11:20Z","2016-10-11","CUPE.20160129.SURBER.5",,,"HELSP7","Y","Helicopsyche sp.",,"genus","Arthropoda","Hexapoda","Insecta","Pterygota","Neoptera","Holometabola","Trichoptera",,,"Sericostomatoidea","Helicopsychidae",,,,"Helicopsyche","sp.",,"larva",2,,1,100,1,"N","Y",,"condition OK","Y",,"Merritt et al. 2008; Wiggins 1996; Flint 1964,1992","N","GEI Consultants Inc.","KG",,,"legacyData"
"6ad20734-24e5-4738-9f29-f5d759717e93","D04","CUPE","CUPE.AOS.reach","2016-01-29T11:20Z","2016-12-15","CUPE.20160129.SURBER.4",,"NE(4)616-4-CHI","PENSP7","Y","Pentaneura sp.",,"genus","Arthropoda","Hexapoda","Insecta","Pterygota","Neoptera","Holometabola","Diptera","Nematocera","Culicomorpha",,"Chironomidae","Tanypodinae","Pentaneurini",,"Pentaneura","sp.",,"larva",3,,2,100,2,"N","Y",,"condition OK","Y",,"Andersen et al. 2013","N","GEI Consultants Inc.","UR","P. inyoensis?; anteroventral surface of head with scale-like sculpturing",,"legacyData"
"0fb9a543-ff96-4de6-8e5b-f8a0da27c498","D04","CUPE","CUPE.AOS.reach","2016-01-29T11:20Z","2016-10-11","CUPE.20160129.SURBER.5",,,"PETSP4","Y","Petrophila sp.",,"genus","Arthropoda","Hexapoda","Insecta","Pterygota","Neoptera","Holometabola","Lepidoptera",,,"Pyraloidea","Crambidae","Nymphulinae","Argyractini",,"Petrophila","sp.",,"larva",1,,1,100,1,"N","Y",,"condition OK","Y",,"Merritt et al. 2008","N","GEI Consultants Inc.","KG",,,"legacyData"
"b8c79eff-11dd-42dc-87b4-ca241016c998","D04","CUPE","CUPE.AOS.reach","2016-01-29T11:20Z","2016-10-10","CUPE.20160129.SURBER.4",,,"LIBSP","Y","Libellulidae sp.",,"family","Arthropoda","Hexapoda","Insecta","Pterygota","Palaeoptera",,"Odonata","Anisoptera",,,"Libellulidae",,,,,"sp.",,"larva",4,,1,100,1,"Y","Y",,"condition OK","Y",,"Needham et al. 2000; Merritt et al. 2008","N","GEI Consultants Inc.","KG",,,"legacyData"
"292c29c8-db86-4f88-99f6-d5a301758b9f","D04","CUPE","CUPE.AOS.reach","2016-01-29T11:20Z","2016-10-10","CUPE.20160129.SURBER.4",,,"LIMSP18","Y","Limoniinae sp.",,"subfamily","Arthropoda","Hexapoda","Insecta","Pterygota","Neoptera","Holometabola","Diptera","Nematocera","Tipulomorpha",,"Tipulidae","Limoniinae",,,,"sp.",,"larva",5,,1,100,1,"N","Y",,"condition OK","Y",,"Capriles and Navarro 1967; Gelhaus 2008; Merritt et al. 2008","N","GEI Consultants Inc.","KG",,,"legacyData"
"74a23080-75f2-4ebd-9fd9-5faa57b7f360","D04","CUPE","CUPE.AOS.reach","2016-01-29T11:20Z","2016-09-19","CUPE.20160129.SURBER.2",,,"ELMSP","Y","Elmidae sp.",,"family","Arthropoda","Hexapoda","Insecta","Pterygota","Neoptera","Holometabola","Coleoptera","Polyphaga","Elateriformia","Byrrhoidea","Elmidae",,,,,"sp.",,"adult",,,4,100,4,"N","Y",,"damaged, affecting measurement","N",,"Merritt et al. 2008","N","GEI Consultants Inc.","KG","Missing abdomen; probably Neoelmis gracilis",,"legacyData"
"7f49d56b-0d02-4497-9f39-4865529c2e46","D04","CUPE","CUPE.AOS.reach","2016-01-29T11:20Z","2016-10-10","CUPE.20160129.SURBER.4",,,"SMISP","Y","Sminthuridae sp.",,"family","Arthropoda","Hexapoda","Collembola",,,,"Collembola","Symphypleona",,"Sminthuroidea","Sminthuridae",,,,,"sp.",,"adult",1,,1,100,1,"Y","Y",,"condition OK","Y",,"Merritt et al. 2008","N","GEI Consultants Inc.","KG",,,"legacyData"
"9d8720d9-b6af-44ef-ba89-0c347b67a159","D04","CUPE","CUPE.AOS.reach","2016-01-29T11:20Z","2016-12-15","CUPE.20160129.SURBER.1",,"NE(4)616-1-CHI","PENSP6","Y","Pentaneurini sp.",,"tribe","Arthropoda","Hexapoda","Insecta","Pterygota","Neoptera","Holometabola","Diptera","Nematocera","Culicomorpha",,"Chironomidae","Tanypodinae","Pentaneurini",,,"sp.",,"larva",,,1,100,1,"N","Y",,"damaged, affecting measurement","Y",,"Andersen et al. 2013","N","GEI Consultants Inc.","UR","Abdomen missing",,"legacyData"
"3702d6e6-8bf6-40ea-9d2c-66330e0c7559","D04","CUPE","CUPE.AOS.reach","2016-01-29T11:20Z","2016-10-10","CUPE.20160129.SURBER.4",,,"LEPSP4","Y","Leptophlebiidae sp.",,"family","Arthropoda","Hexapoda","Insecta","Pterygota","Palaeoptera",,"Ephemeroptera","Furcatergalia","Lanceolata",,"Leptophlebiidae",,,,,"sp.",,"larva",4,,2,100,2,"N","Y",,"damaged, affecting analysis","Y",,"Lugo-Ortiz and McCafferty 1994; Merritt et al. 2008","N","GEI Consultants Inc.","KG","Missing gills",,"legacyData"
"9eb3b916-99f4-4cf7-9f0c-97965608e512","D04","CUPE","CUPE.AOS.reach","2016-01-29T11:20Z","2016-10-19","CUPE.20160129.SURBER.7",,,"LEPSP4","Y","Leptophlebiidae sp.",,"family","Arthropoda","Hexapoda","Insecta","Pterygota","Palaeoptera",,"Ephemeroptera","Furcatergalia","Lanceolata",,"Leptophlebiidae",,,,,"sp.",,"larva",,,2,100,2,"Y","Y",,"damaged, affecting measurement","N",,"Lugo-Ortiz and McCafferty 1994; Merritt et al. 2008","N","GEI Consultants Inc.","KG","Missing abdomen",,"legacyData"
"7270b4ee-e6b4-46a1-8903-d8d0d9854cb6","D04","CUPE","CUPE.AOS.reach","2016-01-29T11:20Z","2016-10-11","CUPE.20160129.SURBER.5",,,"NEOGRA","Y","Neoelmis gracilis",,"species","Arthropoda","Hexapoda","Insecta","Pterygota","Neoptera","Holometabola","Coleoptera","Polyphaga","Elateriformia","Byrrhoidea","Elmidae","Elminae","Elmini",,"Neoelmis","gracilis",,"adult",2,,15,100,15,"N","N",,"condition OK","Y",,"Merritt et al. 2008; Segura et al. 2013; Musgrave 1935","N","GEI Consultants Inc.","KG","(1) beetle head and abdomen separated",,"legacyData"
"b2321826-4b5a-4eca-bfd4-6b139205eda5","D04","CUPE","CUPE.AOS.reach","2016-01-29T11:20Z","2016-10-10","CUPE.20160129.SURBER.4",,,"LEUTUB","Y","Leucotrichia tubifex",,"species","Arthropoda","Hexapoda","Insecta","Pterygota","Neoptera","Holometabola","Trichoptera",,,"Hydroptiloidea","Hydroptilidae","Hydroptilinae","Leucotrichiini",,"Leucotrichia","tubifex",,"larva",1,,1,100,1,"N","N",,"condition OK","Y",,"Merritt et al. 2008; Wiggins 1996; Flint 1964; Thompson and Holzenthal 2015","N","GEI Consultants Inc.","KG",,,"legacyData"
"e81aef75-8fef-4929-a955-69b259f14568","D04","CUPE","CUPE.AOS.reach","2016-01-29T11:20Z","2016-10-10","CUPE.20160129.SURBER.4",,"NE(4)616-4-CHI","CHISP2","Y","Chironomidae sp.",,"family","Arthropoda","Hexapoda","Insecta","Pterygota","Neoptera","Holometabola","Diptera","Nematocera","Culicomorpha",,"Chironomidae",,,,,"sp.",,"pupa",4,,1,100,1,"N","Y",,"condition OK","N",,"Merritt et al. 2008","N","GEI Consultants Inc.","KG",,,"legacyData"
"69ebb85a-b72a-4591-acde-8740ab4944ec","D04","CUPE","CUPE.AOS.reach","2016-01-29T11:20Z","2016-10-10","CUPE.20160129.SURBER.4",,,"CARSP14","Y","Cariboptila sp.",,"genus","Arthropoda","Hexapoda","Insecta","Pterygota","Neoptera","Holometabola","Trichoptera",,,"Glossosomatoidea","Glossosomatidae","Protoptilinae",,,"Cariboptila","sp.",,"larva",,,7,100,7,"N","Y",,"damaged, affecting measurement","Y",,"Merritt et al. 2008; Wiggins 1996; Flint 1964","N","GEI Consultants Inc.","KG","Missing abdomen",,"legacyData"
"6dd74b18-698e-495b-bd47-7854dba091eb","D04","CUPE","CUPE.AOS.reach","2016-01-29T11:20Z","2016-12-15","CUPE.20160129.SURBER.2",,"NE(4)616-2","ORTGR","Y","Orthocladius/Cricotopus gr.",,"speciesGroup","Arthropoda","Hexapoda","Insecta",,"Neoptera","Holometabola","Diptera","Nematocera","Culicomorpha",,"Chironomidae","Orthocladiinae",,,,"gr.",,"larva",3,,1,100,1,"N","Y",,"condition OK","Y",,"Andersen et al. 2013","N","GEI Consultants Inc.","UR",,,"legacyData"
"70915dff-8b82-49d2-a4e2-6bc46fff82d6","D04","CUPE","CUPE.AOS.reach","2016-01-29T11:20Z","2016-12-15","CUPE.20160129.SURBER.3",,"NE(4)616-3","ORTGR","Y","Orthocladius/Cricotopus gr.",,"speciesGroup","Arthropoda","Hexapoda","Insecta",,"Neoptera","Holometabola","Diptera","Nematocera","Culicomorpha",,"Chironomidae","Orthocladiinae",,,,"gr.",,"larva",1,,2,100,2,"N","Y",,"condition OK","Y",,"Andersen et al. 2013","N","GEI Consultants Inc.","UR",,,"legacyData"
"efbff9a0-41d6-4d7a-b84a-2fea28ec4329","D04","CUPE","CUPE.AOS.reach","2016-01-29T11:20Z","2016-12-16","CUPE.20160129.SURBER.5",,"NE(4)616-5","CRISP2","Y","Cricotopus sp.",,"genus","Arthropoda","Hexapoda","Insecta","Pterygota","Neoptera","Holometabola","Diptera","Nematocera","Culicomorpha",,"Chironomidae","Orthocladiinae",,,"Cricotopus","sp.",,"larva",4,"4b",6,100,6,"N","Y",,"condition OK","Y",,"Andersen et al. 2013","N","GEI Consultants Inc.","UR",,,"legacyData"
"cc9004f3-2945-4358-94d7-25e6f4c8855e","D04","CUPE","CUPE.AOS.reach","2016-01-29T11:20Z","2016-10-10","CUPE.20160129.SURBER.4",,,"HEXSP4","Y","Hexacylloepus sp.",,"genus","Arthropoda","Hexapoda","Insecta","Pterygota","Neoptera","Holometabola","Coleoptera","Polyphaga","Elateriformia","Byrrhoidea","Elmidae","Elminae","Elmini",,"Hexacylloepus","sp.",,"adult",2,,4,100,4,"N","Y",,"condition OK","Y",,"Segura et al. 2011, 2013; Brown 1981; Merritt et al. 2008; Manzo 2013","N","GEI Consultants Inc.","KG",,,"legacyData"
"79097029-e22d-43e5-a5ba-5021eac1e6f2","D04","CUPE","CUPE.AOS.reach","2016-01-29T11:20Z","2016-10-19","CUPE.20160129.SURBER.7",,,"ANTTUB","Y","Antillopsyche tubicola",,"species","Arthropoda","Hexapoda","Insecta","Pterygota","Neoptera","Holometabola","Trichoptera",,,"Hydropsychoidea","Polycentropodidae","Polycentropodinae",,,"Antillopsyche","tubicola",,"larva",2,,2,100,2,"N","N",,"condition OK","Y",,"Flint 1964; Chamorro and Holzenthal 2011; Merritt et al. 2008","N","GEI Consultants Inc.","KG",,,"legacyData"
"b0167ab3-ac51-43ab-9b5a-6241679d9a99","D04","CUPE","CUPE.AOS.reach","2016-01-29T11:20Z","2016-12-15","CUPE.20160129.SURBER.3",,"NE(4)616-3","RHESP2","Y","Rheotanytarsus sp.",,"genus","Arthropoda","Hexapoda","Insecta","Pterygota","Neoptera","Holometabola","Diptera","Nematocera","Culicomorpha",,"Chironomidae","Chironominae","Tanytarsini",,"Rheotanytarsus","sp.",,"larva",2,,1,100,1,"N","Y",,"condition OK","Y",,"Andersen et al. 2013","N","GEI Consultants Inc.","UR",,,"legacyData"
"4b38de1d-1340-4346-8bd4-7c0df6597988","D04","CUPE","CUPE.AOS.reach","2016-01-29T11:20Z","2016-10-20","CUPE.20160129.SURBER.8",,,"TURSP","Y","Turbellaria sp.","Unid. Turbellaria","class","Platyhelminthes",,"Turbellaria",,,,,,,,,,,,,"sp.",,"adult",2,,1,100,1,"N","Y",,"condition OK","Y",,"Smith 2001","N","GEI Consultants Inc.","KG","Probably Girardia sp.",,"legacyData"
"05704ccb-1b59-49e1-8667-9d693bdbedc8","D04","CUPE","CUPE.AOS.reach","2016-01-29T11:20Z","2016-10-20","CUPE.20160129.SURBER.8",,,"HYDSP5","Y","Hydroptilidae sp.",,"family","Arthropoda","Hexapoda","Insecta","Pterygota","Neoptera","Holometabola","Trichoptera",,,"Hydroptiloidea","Hydroptilidae",,,,,"sp.",,"larva",1,,5,100,5,"Y","Y",,"condition OK","N",,"Merritt et al. 2008; Wiggins 1996; Flint 1964","N","GEI Consultants Inc.","KG",,,"legacyData"
"7b68b663-02ad-4559-9661-74603edd4456","D04","CUPE","CUPE.AOS.reach","2016-01-29T11:20Z","2016-12-15","CUPE.20160129.SURBER.3",,"NE(4)616-3","RHESP2","Y","Rheotanytarsus sp.",,"genus","Arthropoda","Hexapoda","Insecta","Pterygota","Neoptera","Holometabola","Diptera","Nematocera","Culicomorpha",,"Chironomidae","Chironominae","Tanytarsini",,"Rheotanytarsus","sp.",,"larva",3,,4,100,4,"N","Y",,"condition OK","Y",,"Andersen et al. 2013","N","GEI Consultants Inc.","UR",,,"legacyData"
"25485126-2b62-4429-bf5b-9679ec101752","D04","CUPE","CUPE.AOS.reach","2016-01-29T11:20Z","2016-10-10","CUPE.20160129.SURBER.4",,,"ANTTUB","Y","Antillopsyche tubicola",,"species","Arthropoda","Hexapoda","Insecta","Pterygota","Neoptera","Holometabola","Trichoptera",,,"Hydropsychoidea","Polycentropodidae","Polycentropodinae",,,"Antillopsyche","tubicola",,"larva",3,,2,100,2,"N","N",,"condition OK","Y",,"Flint 1964; Chamorro and Holzenthal 2011; Merritt et al. 2008","N","GEI Consultants Inc.","KG",,,"legacyData"
"0e6b3516-e2a3-4a47-933c-32030bd764f3","D04","CUPE","CUPE.AOS.reach","2016-01-29T11:20Z","2016-10-11","CUPE.20160129.SURBER.5",,,"LIBSP","Y","Libellulidae sp.",,"family","Arthropoda","Hexapoda","Insecta","Pterygota","Palaeoptera",,"Odonata","Anisoptera",,,"Libellulidae",,,,,"sp.",,"larva",4,,1,100,1,"Y","Y",,"condition OK","Y",,"Needham et al. 2000; Merritt et al. 2008","N","GEI Consultants Inc.","KG",,,"legacyData"
"527756fb-504b-4de8-a40a-74bbc8846db4","D04","CUPE","CUPE.AOS.reach","2016-01-29T11:20Z","2016-10-11","CUPE.20160129.SURBER.5",,,"ATRSP3","Y","Atractides sp.",,"genus","Arthropoda","Chelicerata","Arachnida","Acari",,"Acariformes","Trombidiformes","Prostigmata",,"Hygrobatoidea","Hygrobatidae",,,,"Atractides","sp.",,"adult",1,,1,100,1,"N","Y",,"condition OK","Y",,"Thorp and Rogers 2016","N","GEI Consultants Inc.","KG",,,"legacyData"
"de65f17d-014b-4f36-b1ff-cfb86cfe3452","D04","CUPE","CUPE.AOS.reach","2016-01-29T11:20Z","2016-10-11","CUPE.20160129.SURBER.5",,,"ATOTRI","Y","Atopsyche trifida",,"species","Arthropoda","Hexapoda","Insecta","Pterygota","Neoptera","Holometabola","Trichoptera",,,"Rhyacophiloidea","Hydrobiosidae","Hydrobiosinae","Hydrobiosini",,"Atopsyche","trifida",,"larva",8,,1,100,1,"N","N",,"condition OK","Y",,"Merritt et al. 2008; Wiggins 1996; Flint 1992","N","GEI Consultants Inc.","KG",,,"legacyData"
"dff163be-dfc7-4f45-a2e1-4afa52aa511d","D04","CUPE","CUPE.AOS.reach","2016-01-29T11:20Z","2016-09-21","CUPE.20160129.SURBER.3",,,"LEPSP4","Y","Leptophlebiidae sp.",,"family","Arthropoda","Hexapoda","Insecta","Pterygota","Palaeoptera",,"Ephemeroptera","Furcatergalia","Lanceolata",,"Leptophlebiidae",,,,,"sp.",,"larva",6,,1,100,1,"N","Y",,"damaged, affecting analysis","Y",,"Lugo-Ortiz and McCafferty 1994; Merritt et al. 2008","N","GEI Consultants Inc.","KG","Missing gills",,"legacyData"
"e9668c63-cd0d-4a34-a761-53258294fd8a","D04","CUPE","CUPE.AOS.reach","2016-01-29T11:20Z","2016-10-11","CUPE.20160129.SURBER.5",,,"CARSP14","Y","Cariboptila sp.",,"genus","Arthropoda","Hexapoda","Insecta","Pterygota","Neoptera","Holometabola","Trichoptera",,,"Glossosomatoidea","Glossosomatidae","Protoptilinae",,,"Cariboptila","sp.",,"larva",3,,5,100,5,"N","Y",,"condition OK","Y",,"Merritt et al. 2008; Wiggins 1996; Flint 1964","N","GEI Consultants Inc.","KG",,,"legacyData"
"1e311b16-b3d3-4cf1-9367-96e77aa8a923","D04","CUPE","CUPE.AOS.reach","2016-01-29T11:20Z","2016-10-11","CUPE.20160129.SURBER.5",,,"LEPSP4","Y","Leptophlebiidae sp.",,"family","Arthropoda","Hexapoda","Insecta","Pterygota","Palaeoptera",,"Ephemeroptera","Furcatergalia","Lanceolata",,"Leptophlebiidae",,,,,"sp.",,"larva",5,,1,100,1,"N","Y",,"damaged, affecting analysis","Y",,"Lugo-Ortiz and McCafferty 1994; Merritt et al. 2008","N","GEI Consultants Inc.","KG","Missing some gills and legs",,"legacyData"
"a3752e43-11ae-4917-8b90-c743549564a2","D04","CUPE","CUPE.AOS.reach","2016-01-29T11:20Z","2016-10-12","CUPE.20160129.SURBER.6",,,"ANTTUB","Y","Antillopsyche tubicola",,"species","Arthropoda","Hexapoda","Insecta","Pterygota","Neoptera","Holometabola","Trichoptera",,,"Hydropsychoidea","Polycentropodidae","Polycentropodinae",,,"Antillopsyche","tubicola",,"larva",,,1,100,1,"N","N",,"damaged, affecting measurement","Y",,"Flint 1964; Chamorro and Holzenthal 2011; Merritt et al. 2008","N","GEI Consultants Inc.","KG","Missing posterior end",,"legacyData"
"1c7f3f14-8f0c-49a7-a6c9-dd8edb55491f","D04","CUPE","CUPE.AOS.reach","2016-01-29T11:20Z","2016-12-16","CUPE.20160129.SURBER.5",,"NE(4)616-5","RHESP2","Y","Rheotanytarsus sp.",,"genus","Arthropoda","Hexapoda","Insecta","Pterygota","Neoptera","Holometabola","Diptera","Nematocera","Culicomorpha",,"Chironomidae","Chironominae","Tanytarsini",,"Rheotanytarsus","sp.",,"larva",2,"2a",3,100,3,"N","Y",,"condition OK","Y",,"Andersen et al. 2013","N","GEI Consultants Inc.","UR",,,"legacyData"
"563976af-ed6a-4215-a1f5-dbe1eb33e0dd","D04","CUPE","CUPE.AOS.reach","2016-01-29T11:20Z","2016-12-16","CUPE.20160129.SURBER.8",,"NE(4)616-8","TANSP8","Y","Tanytarsini sp.",,"tribe","Arthropoda","Hexapoda","Insecta","Pterygota","Neoptera","Holometabola","Diptera","Nematocera","Culicomorpha",,"Chironomidae","Chironominae","Tanytarsini",,,"sp.",,"larva",,,1,100,1,"N","Y",,"damaged, affecting measurement","Y",,"Andersen et al. 2013","N","GEI Consultants Inc.","UR","Premandibles obscured; close to T. limneticus but with spur on antenna pedestal and w/o unsclerotized ring on base of antenna segment 2; posterior abdomen missing",,"legacyData"
"af528bc3-b1ac-46aa-b0df-ada5bb5b55f3","D04","CUPE","CUPE.AOS.reach","2016-01-29T11:20Z","2016-09-21","CUPE.20160129.SURBER.3",,,"GLOSP1","Y","Glossosomatidae sp.",,"family","Arthropoda","Hexapoda","Insecta","Pterygota","Neoptera","Holometabola","Trichoptera",,,"Glossosomatoidea","Glossosomatidae",,,,,"sp.",,"larva",1,,31,100,31,"Y","Y",,"condition OK","N",,"Merritt et al. 2008; Wiggins 1996; Flint 1964","N","GEI Consultants Inc.","KG",,,"legacyData"
"6a7359f2-170a-441b-a221-682dd36fd0f0","D04","CUPE","CUPE.AOS.reach","2016-01-29T11:20Z","2016-10-11","CUPE.20160129.SURBER.5",,,"CARSP14","Y","Cariboptila sp.",,"genus","Arthropoda","Hexapoda","Insecta","Pterygota","Neoptera","Holometabola","Trichoptera",,,"Glossosomatoidea","Glossosomatidae","Protoptilinae",,,"Cariboptila","sp.",,"larva",2,,22,100,22,"N","Y",,"condition OK","Y",,"Merritt et al. 2008; Wiggins 1996; Flint 1964","N","GEI Consultants Inc.","KG",,,"legacyData"
"89d12e61-fbe9-4e6e-8bf4-137f08377b43","D04","CUPE","CUPE.AOS.reach","2016-01-29T11:20Z","2016-10-20","CUPE.20160129.SURBER.8",,,"LEPSP4","Y","Leptophlebiidae sp.",,"family","Arthropoda","Hexapoda","Insecta","Pterygota","Palaeoptera",,"Ephemeroptera","Furcatergalia","Lanceolata",,"Leptophlebiidae",,,,,"sp.",,"larva",3,,4,100,4,"N","Y",,"damaged, affecting analysis","Y",,"Lugo-Ortiz and McCafferty 1994; Merritt et al. 2008","N","GEI Consultants Inc.","KG","Missing gills",,"legacyData"
"525bda29-8ea6-4cd8-9f43-7203fef9f168","D04","CUPE","CUPE.AOS.reach","2016-01-29T11:20Z","2016-09-19","CUPE.20160129.SURBER.2",,,"CARSP14","Y","Cariboptila sp.",,"genus","Arthropoda","Hexapoda","Insecta","Pterygota","Neoptera","Holometabola","Trichoptera",,,"Glossosomatoidea","Glossosomatidae","Protoptilinae",,,"Cariboptila","sp.",,"larva",,,4,100,4,"N","Y",,"damaged, affecting measurement","Y",,"Merritt et al. 2008; Wiggins 1996; Flint 1964","N","GEI Consultants Inc.","KG","Missing abdomen",,"legacyData"
"3a66db96-b619-488d-b0a5-312eb6621197","D04","CUPE","CUPE.AOS.reach","2016-01-29T11:20Z","2016-12-15","CUPE.20160129.SURBER.2",,"NE(4)616-2","RHESP2","Y","Rheotanytarsus sp.",,"genus","Arthropoda","Hexapoda","Insecta","Pterygota","Neoptera","Holometabola","Diptera","Nematocera","Culicomorpha",,"Chironomidae","Chironominae","Tanytarsini",,"Rheotanytarsus","sp.",,"larva",4,,1,100,1,"N","Y",,"condition OK","Y",,"Andersen et al. 2013","N","GEI Consultants Inc.","UR",,,"legacyData"
"3c791a5f-feda-4472-9943-10b7c509a50e","D04","CUPE","CUPE.AOS.reach","2016-01-29T11:20Z","2016-09-21","CUPE.20160129.SURBER.3",,,"SIMSP1","Y","Simulium sp.",,"genus","Arthropoda","Hexapoda","Insecta","Pterygota","Neoptera","Holometabola","Diptera","Nematocera","Culicomorpha",,"Simuliidae","Simuliinae","Simuliini",,"Simulium","sp.",,"larva",,,2,100,2,"N","Y",,"damaged, affecting measurement","Y",,"Merritt et al. 2008; Gutierrez-Fonseca et al. 2013","N","GEI Consultants Inc.","KG","Missing abdomen",,"legacyData"
"7f94d04a-25e3-44e9-acaf-6c3d35f7eb89","D04","CUPE","CUPE.AOS.reach","2016-01-29T11:20Z","2016-10-12","CUPE.20160129.SURBER.6",,,"BAESP","Y","Baetidae sp.",,"family","Arthropoda","Hexapoda","Insecta","Pterygota","Palaeoptera",,"Ephemeroptera","Pisciforma",,,"Baetidae",,,,,"sp.",,"larva",,,2,100,2,"N","Y",,"damaged, affecting measurement","Y",,"Merritt et al. 2008","N","GEI Consultants Inc.","KG","Missing abdomen",,"legacyData"
"d259eef4-aa6c-485a-9b4f-e06ff47238ce","D04","CUPE","CUPE.AOS.reach","2016-01-29T11:20Z","2016-10-10","CUPE.20160129.SURBER.4",,,"PHACLA","Y","Phanocerus clavicornis",,"species","Arthropoda","Hexapoda","Insecta","Pterygota","Neoptera","Holometabola","Coleoptera","Polyphaga","Elateriformia","Byrrhoidea","Elmidae","Larainae",,,"Phanocerus","clavicornis",,"larva",3,,1,100,1,"N","N",,"condition OK","Y",,"Spangler and Santiago-Fragoso 1992; Segura et al. 2013; Merritt et al. 2008","N","GEI Consultants Inc.","KG",,,"legacyData"
"b890b5b2-e834-42b6-b085-3b9a051a3080","D04","CUPE","CUPE.AOS.reach","2016-01-29T11:20Z","2016-12-16","CUPE.20160129.SURBER.7",,"NE(4)616-7","TANSP8","Y","Tanytarsini sp.","Genus near Stempellina","tribe","Arthropoda","Hexapoda","Insecta","Pterygota","Neoptera","Holometabola","Diptera","Nematocera","Culicomorpha",,"Chironomidae","Chironominae","Tanytarsini",,,"sp.",,"larva",,,6,100,6,"N","Y",,"damaged, affecting measurement","Y",,"Andersen et al. 2013","N","GEI Consultants Inc.","UR","New type; Genus near Stempellina; posterior abdomen missing",,"legacyData"
"71317916-7a4e-4ece-90f3-0f5fd5ff73c4","D04","CUPE","CUPE.AOS.reach","2016-01-29T11:20Z","2016-10-10","CUPE.20160129.SURBER.4",,,"HEMSP4","Y","Hemerodromia sp.",,"genus","Arthropoda","Hexapoda","Insecta","Pterygota","Neoptera","Holometabola","Diptera","Brachycera","Muscomorpha",,"Empididae","Hemerodromiinae","Hemerodromiini",,"Hemerodromia","sp.",,"larva",2,,1,100,1,"N","Y",,"condition OK","Y",,"Merritt et al. 2008","N","GEI Consultants Inc.","KG",,,"legacyData"
"731d8a43-9289-4f32-a140-dc3d0c4f169a","D04","CUPE","CUPE.AOS.reach","2016-01-29T11:20Z","2016-09-21","CUPE.20160129.SURBER.3",,,"LEUTUB","Y","Leucotrichia tubifex",,"species","Arthropoda","Hexapoda","Insecta","Pterygota","Neoptera","Holometabola","Trichoptera",,,"Hydroptiloidea","Hydroptilidae","Hydroptilinae","Leucotrichiini",,"Leucotrichia","tubifex",,"larva",2,,2,100,2,"N","N",,"condition OK","Y",,"Merritt et al. 2008; Wiggins 1996; Flint 1964; Thompson and Holzenthal 2015","N","GEI Consultants Inc.","KG",,,"legacyData"
"34ffa2bd-2b55-4e04-88aa-8a380c2af665","D04","CUPE","CUPE.AOS.reach","2016-01-29T11:20Z","2016-09-21","CUPE.20160129.SURBER.3",,,"SIMSP1","Y","Simulium sp.",,"genus","Arthropoda","Hexapoda","Insecta","Pterygota","Neoptera","Holometabola","Diptera","Nematocera","Culicomorpha",,"Simuliidae","Simuliinae","Simuliini",,"Simulium","sp.",,"larva",3,,8,100,8,"N","Y",,"condition OK","Y",,"Merritt et al. 2008; Gutierrez-Fonseca et al. 2013","N","GEI Consultants Inc.","KG",,,"legacyData"
"4c4d6392-5015-4278-bd33-82507580e325","D04","CUPE","CUPE.AOS.reach","2016-01-29T11:20Z","2016-09-19","CUPE.20160129.SURBER.2",,,"ATOTRI","Y","Atopsyche trifida",,"species","Arthropoda","Hexapoda","Insecta","Pterygota","Neoptera","Holometabola","Trichoptera",,,"Rhyacophiloidea","Hydrobiosidae","Hydrobiosinae","Hydrobiosini",,"Atopsyche","trifida",,"larva",13,,1,100,1,"N","N",,"condition OK","Y",,"Merritt et al. 2008; Wiggins 1996; Flint 1992","N","GEI Consultants Inc.","KG",,,"legacyData"
"cf07d84a-d2c5-4d68-a260-2cd21df28c40","D04","CUPE","CUPE.AOS.reach","2016-01-29T11:20Z","2016-10-11","CUPE.20160129.SURBER.5",,,"LIMSP18","Y","Limoniinae sp.",,"subfamily","Arthropoda","Hexapoda","Insecta","Pterygota","Neoptera","Holometabola","Diptera","Nematocera","Tipulomorpha",,"Tipulidae","Limoniinae",,,,"sp.",,"larva",4,,1,100,1,"Y","Y",,"condition OK","Y",,"Capriles and Navarro 1967; Gelhaus 2008; Merritt et al. 2008","N","GEI Consultants Inc.","KG",,,"legacyData"
"a77c7bde-e07b-40d5-881c-e5f541852b4b","D04","CUPE","CUPE.AOS.reach","2016-01-29T11:20Z","2016-10-19","CUPE.20160129.SURBER.7",,,"TURSP","Y","Turbellaria sp.","Unid. Turbellaria","class","Platyhelminthes",,"Turbellaria",,,,,,,,,,,,,"sp.",,"adult",2,,1,100,1,"N","Y",,"condition OK","Y",,"Smith 2001","N","GEI Consultants Inc.","KG","Probably Girardia sp.",,"legacyData"
"d42c64a9-ef42-4994-b82f-b3308ce9499a","D04","CUPE","CUPE.AOS.reach","2016-01-29T11:20Z","2016-12-16","CUPE.20160129.SURBER.7",,"NE(4)616-7","RHESP2","Y","Rheotanytarsus sp.",,"genus","Arthropoda","Hexapoda","Insecta","Pterygota","Neoptera","Holometabola","Diptera","Nematocera","Culicomorpha",,"Chironomidae","Chironominae","Tanytarsini",,"Rheotanytarsus","sp.",,"larva",3,,1,100,1,"N","Y",,"condition OK","Y",,"Andersen et al. 2013","N","GEI Consultants Inc.","UR",,,"legacyData"
"dd9ac974-b0da-4117-921c-10613488e55f","D04","CUPE","CUPE.AOS.reach","2016-01-29T11:20Z","2016-09-21","CUPE.20160129.SURBER.3",,,"ELMSP","Y","Elmidae sp.",,"family","Arthropoda","Hexapoda","Insecta","Pterygota","Neoptera","Holometabola","Coleoptera","Polyphaga","Elateriformia","Byrrhoidea","Elmidae",,,,,"sp.",,"larva",1,,2,100,2,"Y","Y",,"condition OK","N",,"Merritt et al. 2008","N","GEI Consultants Inc.","KG",,,"legacyData"
"05a725c1-9bee-4fc0-8bbe-dabfd28f8bb8","D04","CUPE","CUPE.AOS.reach","2016-01-29T11:20Z","2016-12-16","CUPE.20160129.SURBER.5",,"NE(4)616-5","ORTGR","Y","Orthocladius/Cricotopus gr.",,"speciesGroup","Arthropoda","Hexapoda","Insecta",,"Neoptera","Holometabola","Diptera","Nematocera","Culicomorpha",,"Chironomidae","Orthocladiinae",,,,"gr.",,"larva",3,"3a",3,100,3,"N","Y",,"condition OK","N",,"Andersen et al. 2013","N","GEI Consultants Inc.","UR",,,"legacyData"
"c77eee01-d564-436c-a4a1-891eea984dc7","D04","CUPE","CUPE.AOS.reach","2016-01-29T11:20Z","2016-12-15","CUPE.20160129.SURBER.3",,"NE(4)616-3","RHESP2","Y","Rheotanytarsus sp.",,"genus","Arthropoda","Hexapoda","Insecta","Pterygota","Neoptera","Holometabola","Diptera","Nematocera","Culicomorpha",,"Chironomidae","Chironominae","Tanytarsini",,"Rheotanytarsus","sp.",,"larva",,,1,100,1,"N","Y",,"damaged, affecting measurement","Y",,"Andersen et al. 2013","N","GEI Consultants Inc.","UR","Posterior abdomen missing",,"legacyData"
"a271e7e4-0c14-489b-946b-2652831b4642","D04","CUPE","CUPE.AOS.reach","2016-01-29T11:20Z","2016-09-19","CUPE.20160129.SURBER.2",,,"LEPSP4","Y","Leptophlebiidae sp.",,"family","Arthropoda","Hexapoda","Insecta","Pterygota","Palaeoptera",,"Ephemeroptera","Furcatergalia","Lanceolata",,"Leptophlebiidae",,,,,"sp.",,"larva",3,,1,100,1,"N","Y",,"damaged, affecting analysis","Y",,"Lugo-Ortiz and McCafferty 1994; Merritt et al. 2008","N","GEI Consultants Inc.","KG","Missing gills",,"legacyData"
"a588e72c-195b-4c40-823d-1734c92d1e5f","D04","CUPE","CUPE.AOS.reach","2016-01-29T11:20Z","2016-09-19","CUPE.20160129.SURBER.2",,,"NEOGRA","Y","Neoelmis gracilis",,"species","Arthropoda","Hexapoda","Insecta","Pterygota","Neoptera","Holometabola","Coleoptera","Polyphaga","Elateriformia","Byrrhoidea","Elmidae","Elminae","Elmini",,"Neoelmis","gracilis",,"larva",4,,1,100,1,"N","N",,"condition OK","Y",,"Merritt et al. 2008; Segura et al. 2013; Musgrave 1935","N","GEI Consultants Inc.","KG","Lacking frontal tooth, keys to Neoelmis sp. in Merritt et al. 2008",,"legacyData"
"8afa050a-2f0f-4599-bf96-fefbbd8ca397","D04","CUPE","CUPE.AOS.reach","2016-01-29T11:20Z","2016-10-10","CUPE.20160129.SURBER.4",,,"PHACLA","Y","Phanocerus clavicornis",,"species","Arthropoda","Hexapoda","Insecta","Pterygota","Neoptera","Holometabola","Coleoptera","Polyphaga","Elateriformia","Byrrhoidea","Elmidae","Larainae",,,"Phanocerus","clavicornis",,"larva",2,,5,100,5,"N","N",,"condition OK","Y",,"Spangler and Santiago-Fragoso 1992; Segura et al. 2013; Merritt et al. 2008","N","GEI Consultants Inc.","KG",,,"legacyData"
"28520d5e-dc68-41b0-91ac-365cc29d4c2c","D04","CUPE","CUPE.AOS.reach","2016-01-29T11:20Z","2016-10-12","CUPE.20160129.SURBER.6",,,"LEPSP4","Y","Leptophlebiidae sp.",,"family","Arthropoda","Hexapoda","Insecta","Pterygota","Palaeoptera",,"Ephemeroptera","Furcatergalia","Lanceolata",,"Leptophlebiidae",,,,,"sp.",,"larva",1,,1,100,1,"Y","Y",,"damaged, affecting analysis","Y",,"Lugo-Ortiz and McCafferty 1994; Merritt et al. 2008","N","GEI Consultants Inc.","KG","Missing gills",,"legacyData"
"e1b2f1ff-a8ce-4f6d-8123-f09beaf66615","D04","CUPE","CUPE.AOS.reach","2016-01-29T11:20Z","2016-12-16","CUPE.20160129.SURBER.5",,"NE(4)616-5","CRISP2","Y","Cricotopus sp.",,"genus","Arthropoda","Hexapoda","Insecta","Pterygota","Neoptera","Holometabola","Diptera","Nematocera","Culicomorpha",,"Chironomidae","Orthocladiinae",,,"Cricotopus","sp.",,"larva",,"a",20,100,20,"N","Y",,"damaged, affecting measurement","Y",,"Andersen et al. 2013","N","GEI Consultants Inc.","UR","Posterior abdomen missing",,"legacyData"
"518ccebc-e522-43d4-bda1-86586b6ad81a","D04","CUPE","CUPE.AOS.reach","2016-01-29T11:20Z","2016-10-10","CUPE.20160129.SURBER.4",,,"BAESP","Y","Baetidae sp.",,"family","Arthropoda","Hexapoda","Insecta","Pterygota","Palaeoptera",,"Ephemeroptera","Pisciforma",,,"Baetidae",,,,,"sp.",,"larva",,,2,100,2,"N","Y",,"damaged, affecting measurement","Y",,"Merritt et al. 2008","N","GEI Consultants Inc.","KG","Missing abdomen; Has keel, labial palps with well-developed anterior projecting digitate-lobe; keys to Acerpenna",,"legacyData"
"9b2afb46-71b1-4a59-a25b-2359237ffbb2","D04","CUPE","CUPE.AOS.reach","2016-01-29T11:20Z","2016-10-10","CUPE.20160129.SURBER.4",,,"ELMSP","Y","Elmidae sp.",,"family","Arthropoda","Hexapoda","Insecta","Pterygota","Neoptera","Holometabola","Coleoptera","Polyphaga","Elateriformia","Byrrhoidea","Elmidae",,,,,"sp.",,"larva",2,,16,100,16,"Y","Y",,"condition OK","N",,"Merritt et al. 2008","N","GEI Consultants Inc.","KG","Lacking frontal tooth; probably Neoelmis",,"legacyData"
"236307b1-5fb8-49f1-8dd2-b57e42ce416f","D04","CUPE","CUPE.AOS.reach","2016-01-29T11:20Z","2016-10-10","CUPE.20160129.SURBER.4",,,"GLOSP1","Y","Glossosomatidae sp.",,"family","Arthropoda","Hexapoda","Insecta","Pterygota","Neoptera","Holometabola","Trichoptera",,,"Glossosomatoidea","Glossosomatidae",,,,,"sp.",,"larva",1,,61,100,61,"Y","Y",,"condition OK","Y",,"Merritt et al. 2008; Wiggins 1996; Flint 1964","N","GEI Consultants Inc.","KG",,,"legacyData"
"a10652e6-b3ae-4804-ac6d-8ee649463ebc","D04","CUPE","CUPE.AOS.reach","2016-01-29T11:20Z","2016-09-13","CUPE.20160129.SURBER.1",,,"NEOGRA","Y","Neoelmis gracilis",,"species","Arthropoda","Hexapoda","Insecta","Pterygota","Neoptera","Holometabola","Coleoptera","Polyphaga","Elateriformia","Byrrhoidea","Elmidae","Elminae","Elmini",,"Neoelmis","gracilis",,"larva",3,,9,100,9,"N","N",,"condition OK","Y",,"Merritt et al. 2008; Segura et al. 2013; Musgrave 1935","Y","GEI Consultants Inc.","KG","Lacking frontal tooth",,"legacyData"
"17aadfbe-a6ef-4d7c-a916-a47beb384b67","D04","CUPE","CUPE.AOS.reach","2016-01-29T11:20Z","2016-12-16","CUPE.20160129.SURBER.5",,"NE(4)616-5","CRISP2","Y","Cricotopus sp.",,"genus","Arthropoda","Hexapoda","Insecta","Pterygota","Neoptera","Holometabola","Diptera","Nematocera","Culicomorpha",,"Chironomidae","Orthocladiinae",,,"Cricotopus","sp.",,"larva",3,"3b",16,100,16,"N","Y",,"condition OK","Y",,"Andersen et al. 2013","N","GEI Consultants Inc.","UR",,,"legacyData"
"1440dda8-e762-450a-b734-814fb940cbb0","D04","CUPE","CUPE.AOS.reach","2016-01-29T11:20Z","2016-12-15","CUPE.20160129.SURBER.3",,"NE(4)616-3","ORTSP1","Y","Orthocladiinae sp.",,"subfamily","Arthropoda","Hexapoda","Insecta","Pterygota","Neoptera","Holometabola","Diptera","Nematocera","Culicomorpha",,"Chironomidae","Orthocladiinae",,,,"sp.",,"larva",1,,3,100,3,"N","Y",,"condition OK","Y",,"Andersen et al. 2013","N","GEI Consultants Inc.","UR",,,"legacyData"
"8a041ec9-979c-4f8e-9390-790f29bdaa4b","D04","CUPE","CUPE.AOS.reach","2016-01-29T11:20Z","2016-09-21","CUPE.20160129.SURBER.3",,,"HELSP7","Y","Helicopsyche sp.",,"genus","Arthropoda","Hexapoda","Insecta","Pterygota","Neoptera","Holometabola","Trichoptera",,,"Sericostomatoidea","Helicopsychidae",,,,"Helicopsyche","sp.",,"larva",1,"1b",1,100,1,"N","Y",,"condition OK","Y",,"Merritt et al. 2008; Wiggins 1996; Flint 1964,1992","N","GEI Consultants Inc.","KG",,,"legacyData"
"b5d25272-c409-4f2c-93a5-0583a16c5e38","D04","CUPE","CUPE.AOS.reach","2016-01-29T11:20Z","2016-12-15","CUPE.20160129.SURBER.1",,"NE(4)616-1-CHI","TANSP8","Y","Tanytarsini sp.","Genus near Stempellina","tribe","Arthropoda","Hexapoda","Insecta","Pterygota","Neoptera","Holometabola","Diptera","Nematocera","Culicomorpha",,"Chironomidae","Chironominae","Tanytarsini",,,"sp.",,"larva",,,1,100,1,"N","Y",,"damaged, affecting measurement","Y",,"Andersen et al. 2013","N","GEI Consultants Inc.","UR","New type; Genus near Stempellina",,"legacyData"
"dff4f74a-81b0-4f4f-af17-7b377dcea788","D04","CUPE","CUPE.AOS.reach","2016-01-29T11:20Z","2016-10-12","CUPE.20160129.SURBER.6",,,"CERSP10","Y","Ceratopogoninae sp.",,"subfamily","Arthropoda","Hexapoda","Insecta","Pterygota","Neoptera","Holometabola","Diptera","Nematocera","Culicomorpha",,"Ceratopogonidae","Ceratopogoninae",,,,"sp.",,"larva",6,,1,100,1,"N","Y",,"condition OK","Y",,"Merritt et al. 2008","N","GEI Consultants Inc.","KG","Keys out to Probezzia sp. in Merritt et al. 2008",,"legacyData"
"982562d8-f1eb-46b6-821c-ceb4ac0d4c98","D04","CUPE","CUPE.AOS.reach","2016-01-29T11:20Z","2016-10-12","CUPE.20160129.SURBER.6",,,"LEPSP4","Y","Leptophlebiidae sp.",,"family","Arthropoda","Hexapoda","Insecta","Pterygota","Palaeoptera",,"Ephemeroptera","Furcatergalia","Lanceolata",,"Leptophlebiidae",,,,,"sp.",,"larva",4,,1,100,1,"N","Y",,"damaged, affecting analysis","Y",,"Lugo-Ortiz and McCafferty 1994; Merritt et al. 2008","N","GEI Consultants Inc.","KG","Missing legs and gills",,"legacyData"
"8a37ffd3-b318-4624-b940-9b6e27e8edd6","D04","CUPE","CUPE.AOS.reach","2016-01-29T11:20Z","2016-12-15","CUPE.20160129.SURBER.3",,"NE(4)616-3","ORTSP1","Y","Orthocladiinae sp.","Second genus near Thienemanniella","subfamily","Arthropoda","Hexapoda","Insecta","Pterygota","Neoptera","Holometabola","Diptera","Nematocera","Culicomorpha",,"Chironomidae","Orthocladiinae",,,,"sp.",,"larva",2,,4,100,4,"N","Y",,"condition OK","Y",,"Andersen et al. 2013","N","GEI Consultants Inc.","UR","New types; 2 of Genus near Thienemanniella, and 2 of Second genus near Thienemanniella",,"legacyData"
"cb9a9e36-bca9-421e-afd1-839eba547763","D04","CUPE","CUPE.AOS.reach","2016-01-29T11:20Z","2016-10-20","CUPE.20160129.SURBER.8",,,"NEOGRA","Y","Neoelmis gracilis",,"species","Arthropoda","Hexapoda","Insecta","Pterygota","Neoptera","Holometabola","Coleoptera","Polyphaga","Elateriformia","Byrrhoidea","Elmidae","Elminae","Elmini",,"Neoelmis","gracilis",,"adult",2,,1,100,1,"N","N",,"condition OK","Y",,"Merritt et al. 2008; Segura et al. 2013; Musgrave 1935","N","GEI Consultants Inc.","KG",,,"legacyData"
"12b3379e-34a4-4bfa-9108-06260524743c","D04","CUPE","CUPE.AOS.reach","2016-01-29T11:20Z","2016-10-10","CUPE.20160129.SURBER.4",,,"LEPSP4","Y","Leptophlebiidae sp.",,"family","Arthropoda","Hexapoda","Insecta","Pterygota","Palaeoptera",,"Ephemeroptera","Furcatergalia","Lanceolata",,"Leptophlebiidae",,,,,"sp.",,"larva",5,,1,100,1,"N","Y",,"damaged, affecting analysis","Y",,"Lugo-Ortiz and McCafferty 1994; Merritt et al. 2008","N","GEI Consultants Inc.","KG","Missing gills",,"legacyData"
"0bed2eaf-f3b0-4d5a-849b-870941d14cd7","D04","CUPE","CUPE.AOS.reach","2016-01-29T11:20Z","2016-12-15","CUPE.20160129.SURBER.1",,"NE(4)616-1-CHI","ORTSP1","Y","Orthocladiinae sp.","Genus near Thienemanniella","subfamily","Arthropoda","Hexapoda","Insecta","Pterygota","Neoptera","Holometabola","Diptera","Nematocera","Culicomorpha",,"Chironomidae","Orthocladiinae",,,,"sp.",,"larva",,,1,100,1,"N","Y",,"damaged, affecting measurement","Y",,"Andersen et al. 2013","N","GEI Consultants Inc.","UR","New type; Genus near Thienemanniella; abdomen missing",,"legacyData"
"5eb14367-c92e-460a-88e0-02784ba3e8d9","D04","CUPE","CUPE.AOS.reach","2016-01-29T11:20Z","2016-09-21","CUPE.20160129.SURBER.3",,,"SIMSP1","Y","Simulium sp.",,"genus","Arthropoda","Hexapoda","Insecta","Pterygota","Neoptera","Holometabola","Diptera","Nematocera","Culicomorpha",,"Simuliidae","Simuliinae","Simuliini",,"Simulium","sp.",,"pupa",3,,1,100,1,"N","Y",,"condition OK","Y",,"Merritt et al. 2008; Gutierrez-Fonseca et al. 2013","N","GEI Consultants Inc.","KG",,,"legacyData"
"ff1db109-7593-434f-862b-0603c8c7f6bf","D04","CUPE","CUPE.AOS.reach","2016-01-29T11:20Z","2016-09-21","CUPE.20160129.SURBER.3",,,"LEPSP4","Y","Leptophlebiidae sp.",,"family","Arthropoda","Hexapoda","Insecta","Pterygota","Palaeoptera",,"Ephemeroptera","Furcatergalia","Lanceolata",,"Leptophlebiidae",,,,,"sp.",,"larva",,,4,100,4,"N","Y",,"damaged, affecting measurement","Y",,"Lugo-Ortiz and McCafferty 1994; Merritt et al. 2008","N","GEI Consultants Inc.","KG","Missing abdomen",,"legacyData"
"76b46725-c679-4233-9784-cdf6c81a925a","D04","CUPE","CUPE.AOS.reach","2016-01-29T11:20Z","2016-12-16","CUPE.20160129.SURBER.5",,"NE(4)616-5","ORTGR","Y","Orthocladius/Cricotopus gr.",,"speciesGroup","Arthropoda","Hexapoda","Insecta",,"Neoptera","Holometabola","Diptera","Nematocera","Culicomorpha",,"Chironomidae","Orthocladiinae",,,,"gr.",,"larva",1,"1b",6,100,6,"N","Y",,"condition OK","N",,"Andersen et al. 2013","N","GEI Consultants Inc.","UR",,,"legacyData"
"d84aad1c-6645-45b1-8e8f-69020844adc4","D04","CUPE","CUPE.AOS.reach","2016-01-29T11:20Z","2016-10-19","CUPE.20160129.SURBER.7",,,"ELMSP","Y","Elmidae sp.",,"family","Arthropoda","Hexapoda","Insecta","Pterygota","Neoptera","Holometabola","Coleoptera","Polyphaga","Elateriformia","Byrrhoidea","Elmidae",,,,,"sp.",,"larva",2,,2,100,2,"Y","Y",,"condition OK","N",,"Merritt et al. 2008","N","GEI Consultants Inc.","KG","Lacking frontal tooth; probably Neoelmis",,"legacyData"
"1bc30d24-a820-45e1-a367-cb1bcd212c02","D04","CUPE","CUPE.AOS.reach","2016-01-29T11:20Z","2016-12-16","CUPE.20160129.SURBER.5",,"NE(4)616-5","ORTGR","Y","Orthocladius/Cricotopus gr.",,"speciesGroup","Arthropoda","Hexapoda","Insecta",,"Neoptera","Holometabola","Diptera","Nematocera","Culicomorpha",,"Chironomidae","Orthocladiinae",,,,"gr.",,"larva",2,"2a",13,100,13,"N","Y",,"condition OK","N",,"Andersen et al. 2013","N","GEI Consultants Inc.","UR",,,"legacyData"
"f509afdb-4d9b-472a-884d-075f0ac588dd","D04","CUPE","CUPE.AOS.reach","2016-01-29T11:20Z","2016-09-13","CUPE.20160129.SURBER.1",,,"HELSP7","Y","Helicopsyche sp.",,"genus","Arthropoda","Hexapoda","Insecta","Pterygota","Neoptera","Holometabola","Trichoptera",,,"Sericostomatoidea","Helicopsychidae",,,,"Helicopsyche","sp.",,"larva",1,,7,100,7,"N","Y",,"condition OK","Y",,"Merritt et al. 2008; Wiggins 1996; Flint 1964,1992","Y","GEI Consultants Inc.","KG",,,"legacyData"
"fb910743-2a98-4415-942a-162dda213298","D04","CUPE","CUPE.AOS.reach","2016-01-29T11:20Z","2016-09-19","CUPE.20160129.SURBER.2",,,"PROSP2","Y","Prostigmata sp.",,"suborder","Arthropoda","Chelicerata","Arachnida","Acari",,"Acariformes","Trombidiformes","Prostigmata",,,,,,,,"sp.",,"adult",1,,1,100,1,"N","Y",,"damaged, affecting analysis","N",,"Thorp and Rogers 2016","N","GEI Consultants Inc.","KG","Dorsal and lateral side damaged",,"legacyData"
"41bdc68e-087a-4568-a8e6-6a236593b994","D04","CUPE","CUPE.AOS.reach","2016-01-29T11:20Z","2016-10-10","CUPE.20160129.SURBER.4",,,"HEMSP4","Y","Hemerodromia sp.",,"genus","Arthropoda","Hexapoda","Insecta","Pterygota","Neoptera","Holometabola","Diptera","Brachycera","Muscomorpha",,"Empididae","Hemerodromiinae","Hemerodromiini",,"Hemerodromia","sp.",,"larva",3,,1,100,1,"N","Y",,"condition OK","Y",,"Merritt et al. 2008","N","GEI Consultants Inc.","KG",,,"legacyData"
"2be5c3ab-ccf6-489d-84b1-b0368de09704","D04","CUPE","CUPE.AOS.reach","2016-01-29T11:20Z","2016-09-19","CUPE.20160129.SURBER.2",,,"CARSP14","Y","Cariboptila sp.",,"genus","Arthropoda","Hexapoda","Insecta","Pterygota","Neoptera","Holometabola","Trichoptera",,,"Glossosomatoidea","Glossosomatidae","Protoptilinae",,,"Cariboptila","sp.",,"larva",2,,23,100,23,"N","Y",,"condition OK","Y",,"Merritt et al. 2008; Wiggins 1996; Flint 1964","N","GEI Consultants Inc.","KG",,,"legacyData"
"a23e35d9-8943-4847-a547-903b4d93f3a5","D04","CUPE","CUPE.AOS.reach","2016-01-29T11:20Z","2016-12-15","CUPE.20160129.SURBER.1",,"NE(4)616-1-CHI","TANSP8","Y","Tanytarsini sp.",,"tribe","Arthropoda","Hexapoda","Insecta","Pterygota","Neoptera","Holometabola","Diptera","Nematocera","Culicomorpha",,"Chironomidae","Chironominae","Tanytarsini",,,"sp.",,"larva",,,1,100,1,"N","Y",,"damaged, affecting measurement","Y",,"Andersen et al. 2013","N","GEI Consultants Inc.","UR","Premandibles obscured; close to T. limneticus but with spur on antenna pedestal and w/o unsclerotized ring on base of antenna segment 2; posterior abdomen missing",,"legacyData"
"e923c849-e873-436d-8f1c-31017cacf0b9","D04","CUPE","CUPE.AOS.reach","2016-01-29T11:20Z","2016-12-15","CUPE.20160129.SURBER.3",,"NE(4)616-3","ORTGR","Y","Orthocladius/Cricotopus gr.",,"speciesGroup","Arthropoda","Hexapoda","Insecta",,"Neoptera","Holometabola","Diptera","Nematocera","Culicomorpha",,"Chironomidae","Orthocladiinae",,,,"gr.",,"larva",,,1,100,1,"N","Y",,"damaged, affecting measurement","Y",,"Andersen et al. 2013","N","GEI Consultants Inc.","UR","Posterior abdomen missing",,"legacyData"
"6d01cf85-9804-4e40-b549-5571cdef8f80","D04","CUPE","CUPE.AOS.reach","2016-01-29T11:20Z","2016-10-20","CUPE.20160129.SURBER.8",,,"PHACLA","Y","Phanocerus clavicornis",,"species","Arthropoda","Hexapoda","Insecta","Pterygota","Neoptera","Holometabola","Coleoptera","Polyphaga","Elateriformia","Byrrhoidea","Elmidae","Larainae",,,"Phanocerus","clavicornis",,"larva",2,,1,100,1,"N","N",,"condition OK","Y",,"Spangler and Santiago-Fragoso 1992; Segura et al. 2013; Merritt et al. 2008","N","GEI Consultants Inc.","KG",,,"legacyData"
"da309da8-0ccc-4190-8b8d-334f965d6836","D04","CUPE","CUPE.AOS.reach","2016-01-29T11:20Z","2016-09-19","CUPE.20160129.SURBER.2",,,"PETSP4","Y","Petrophila sp.",,"genus","Arthropoda","Hexapoda","Insecta","Pterygota","Neoptera","Holometabola","Lepidoptera",,,"Pyraloidea","Crambidae","Nymphulinae","Argyractini",,"Petrophila","sp.",,"larva",2,,1,100,1,"N","Y",,"condition OK","Y",,"Merritt et al. 2008","N","GEI Consultants Inc.","KG",,,"legacyData"
"9c5d56da-a931-4c4b-810a-6eb75958237a","D04","CUPE","CUPE.AOS.reach","2016-01-29T11:20Z","2016-10-10","CUPE.20160129.SURBER.4",,,"CARSP14","Y","Cariboptila sp.",,"genus","Arthropoda","Hexapoda","Insecta","Pterygota","Neoptera","Holometabola","Trichoptera",,,"Glossosomatoidea","Glossosomatidae","Protoptilinae",,,"Cariboptila","sp.",,"larva",2,,25,100,25,"N","Y",,"condition OK","Y",,"Merritt et al. 2008; Wiggins 1996; Flint 1964","N","GEI Consultants Inc.","KG",,,"legacyData"
"b8564f54-1d4e-4c49-8db2-e3686f94b3a8","D04","CUPE","CUPE.AOS.reach","2016-01-29T11:20Z","2016-09-19","CUPE.20160129.SURBER.2",,,"ELMSP","Y","Elmidae sp.",,"family","Arthropoda","Hexapoda","Insecta","Pterygota","Neoptera","Holometabola","Coleoptera","Polyphaga","Elateriformia","Byrrhoidea","Elmidae",,,,,"sp.",,"larva",2,,1,100,1,"Y","Y",,"condition OK","N",,"Merritt et al. 2008","N","GEI Consultants Inc.","KG",,,"legacyData"
"0759ef7f-33fb-40e8-bc81-9d34897b4cfc","D04","CUPE","CUPE.AOS.reach","2016-01-29T11:20Z","2016-12-15","CUPE.20160129.SURBER.1",,"NE(4)616-1-CHI","RHESP2","Y","Rheotanytarsus sp.",,"genus","Arthropoda","Hexapoda","Insecta","Pterygota","Neoptera","Holometabola","Diptera","Nematocera","Culicomorpha",,"Chironomidae","Chironominae","Tanytarsini",,"Rheotanytarsus","sp.",,"larva",,,2,100,2,"N","Y",,"damaged, affecting measurement","Y",,"Andersen et al. 2013","N","GEI Consultants Inc.","UR","Posterior abdomen missing",,"legacyData"
"83d612a0-0d1b-490a-a520-e49e4baabf40","D04","CUPE","CUPE.AOS.reach","2016-01-29T11:20Z","2016-12-16","CUPE.20160129.SURBER.6",,"NE(4)616-6","STESP10","Y","Stempellinella sp.",,"genus","Arthropoda","Hexapoda","Insecta","Pterygota","Neoptera","Holometabola","Diptera","Nematocera","Culicomorpha",,"Chironomidae","Chironominae","Tanytarsini",,"Stempellinella","sp.",,"larva",1,,1,100,1,"N","Y",,"condition OK","Y",,"Andersen et al. 2013","N","GEI Consultants Inc.","UR",,,"legacyData"
"94589a4e-43b7-4bc6-928a-6f106844c86b","D04","CUPE","CUPE.AOS.reach","2016-01-29T11:20Z","2016-10-10","CUPE.20160129.SURBER.4",,,"LABSP2","Y","Labiobaetis sp.",,"genus","Arthropoda","Hexapoda","Insecta","Pterygota","Palaeoptera",,"Ephemeroptera","Pisciforma",,,"Baetidae",,,,"Labiobaetis","sp.",,"larva",3,,4,100,4,"N","N",,"condition OK","Y",,"Merritt et al. 2008; Lugo-Ortiz and McCafferty 1994; Travers 1938","N","GEI Consultants Inc.","KG","Has keel, labial palps with well-developed anterior projecting digitate-lobe",,"legacyData"
"a28bbb11-65fd-44b5-b178-c025bd08eec3","D04","CUPE","CUPE.AOS.reach","2016-01-29T11:20Z","2016-10-10","CUPE.20160129.SURBER.4",,,"NEOGRA","Y","Neoelmis gracilis",,"species","Arthropoda","Hexapoda","Insecta","Pterygota","Neoptera","Holometabola","Coleoptera","Polyphaga","Elateriformia","Byrrhoidea","Elmidae","Elminae","Elmini",,"Neoelmis","gracilis",,"larva",4,,1,100,1,"N","N",,"condition OK","Y",,"Merritt et al. 2008; Segura et al. 2013; Musgrave 1935","N","GEI Consultants Inc.","KG","Lacking frontal tooth",,"legacyData"
"30d1adca-fea9-4ab9-9897-7a8bf327c64f","D04","CUPE","CUPE.AOS.reach","2016-01-29T11:20Z","2016-09-21","CUPE.20160129.SURBER.3",,,"TRISP","Y","Trichoptera sp.","Unid. Trichoptera","order","Arthropoda","Hexapoda","Insecta","Pterygota","Neoptera","Holometabola","Trichoptera",,,,,,,,,"sp.",,"larva",,,1,100,1,"Y","Y",,"damaged, affecting measurement","N",,"Wiggins 1996; Merritt et al. 2008","N","GEI Consultants Inc.","KG","Missing abdomen",,"legacyData"
"6a7bc80e-cae3-4a05-aa2a-b61bd9c34ee1","D04","CUPE","CUPE.AOS.reach","2016-01-29T11:20Z","2016-12-15","CUPE.20160129.SURBER.1",,"NE(4)616-1-CHI","RHESP2","Y","Rheotanytarsus sp.",,"genus","Arthropoda","Hexapoda","Insecta","Pterygota","Neoptera","Holometabola","Diptera","Nematocera","Culicomorpha",,"Chironomidae","Chironominae","Tanytarsini",,"Rheotanytarsus","sp.",,"larva",4,,1,100,1,"N","Y",,"condition OK","Y",,"Andersen et al. 2013","N","GEI Consultants Inc.","UR",,,"legacyData"
"7326b4e2-e1d4-4b44-9f22-0d7b5c6ee7d3","D04","CUPE","CUPE.AOS.reach","2016-01-29T11:20Z","2016-12-15","CUPE.20160129.SURBER.4",,"NE(4)616-4-CHI","TANSP8","Y","Tanytarsini sp.",,"tribe","Arthropoda","Hexapoda","Insecta","Pterygota","Neoptera","Holometabola","Diptera","Nematocera","Culicomorpha",,"Chironomidae","Chironominae","Tanytarsini",,,"sp.",,"larva",,,2,100,2,"N","Y",,"damaged, affecting measurement","Y",,"Andersen et al. 2013","N","GEI Consultants Inc.","UR","Premandibles obscured; close to T. limneticus but with spur on antenna pedestal and w/o unsclerotized ring on base of antenna segment 2; posterior abdomen missing",,"legacyData"
"9a4fb36f-8dbc-4b28-aff8-3fae3ad26f6d","D04","CUPE","CUPE.AOS.reach","2016-01-29T11:20Z","2016-10-11","CUPE.20160129.SURBER.5",,,"LEPSP4","Y","Leptophlebiidae sp.",,"family","Arthropoda","Hexapoda","Insecta","Pterygota","Palaeoptera",,"Ephemeroptera","Furcatergalia","Lanceolata",,"Leptophlebiidae",,,,,"sp.",,"larva",,,1,100,1,"N","Y",,"damaged, affecting measurement","Y",,"Lugo-Ortiz and McCafferty 1994; Merritt et al. 2008","N","GEI Consultants Inc.","KG","Missing gills and legs",,"legacyData"
"b91703d9-170a-4f25-9e31-4092d4952d96","D04","CUPE","CUPE.AOS.reach","2016-01-29T11:20Z","2016-12-15","CUPE.20160129.SURBER.2",,"NE(4)616-2","ORTSP1","Y","Orthocladiinae sp.","Genus near Thienemanniella","subfamily","Arthropoda","Hexapoda","Insecta","Pterygota","Neoptera","Holometabola","Diptera","Nematocera","Culicomorpha",,"Chironomidae","Orthocladiinae",,,,"sp.",,"larva",,,1,100,1,"N","Y",,"damaged, affecting measurement","Y",,"Andersen et al. 2013","N","GEI Consultants Inc.","UR","New type; Genus near Thienemanniella; abdomen broken into pieces",,"legacyData"
"fd98e3a0-8536-4d2c-8829-32bcefec551f","D04","CUPE","CUPE.AOS.reach","2016-01-29T11:20Z","2016-09-19","CUPE.20160129.SURBER.2",,,"SIMSP","Y","Simuliidae sp.",,"family","Arthropoda","Hexapoda","Insecta","Pterygota","Neoptera","Holometabola","Diptera","Nematocera","Culicomorpha",,"Simuliidae",,,,,"sp.",,"larva",3,,1,100,1,"Y","Y",,"condition OK","N",,"Merritt et al. 2008; Gutierrez-Fonseca et al. 2013","N","GEI Consultants Inc.","KG",,,"legacyData"
"ae29ae81-6cbf-4916-90f3-4d6236ffe5a2","D04","CUPE","CUPE.AOS.reach","2016-01-29T11:20Z","2016-10-10","CUPE.20160129.SURBER.4",,,"VELSP","Y","Veliidae sp.",,"family","Arthropoda","Hexapoda","Insecta","Pterygota","Neoptera","Paraneoptera","Hemiptera","Heteroptera","Gerromorpha","Gerroidea","Veliidae",,,,,"sp.",,"larva",1,,1,100,1,"Y","Y",,"condition OK","Y",,"Gutierrez-Fonseca et al. 2013; Merritt et al. 2008","N","GEI Consultants Inc.","KG",,,"legacyData"
"94833eac-9be5-48de-91e0-e8494b8bd01f","D04","CUPE","CUPE.AOS.reach","2016-01-29T11:20Z","2016-12-16","CUPE.20160129.SURBER.5",,"NE(4)616-5","CRISP2","Y","Cricotopus sp.",,"genus","Arthropoda","Hexapoda","Insecta","Pterygota","Neoptera","Holometabola","Diptera","Nematocera","Culicomorpha",,"Chironomidae","Orthocladiinae",,,"Cricotopus","sp.",,"larva",4,"4a",6,100,6,"N","Y",,"condition OK","Y",,"Andersen et al. 2013","N","GEI Consultants Inc.","UR",,,"legacyData"
"ef6c01ef-2bd4-4c10-86cb-a26a2756bfef","D04","CUPE","CUPE.AOS.reach","2016-01-29T11:20Z","2016-09-21","CUPE.20160129.SURBER.3",,,"LEPSP4","Y","Leptophlebiidae sp.",,"family","Arthropoda","Hexapoda","Insecta","Pterygota","Palaeoptera",,"Ephemeroptera","Furcatergalia","Lanceolata",,"Leptophlebiidae",,,,,"sp.",,"larva",2,,6,100,6,"Y","Y",,"damaged, affecting analysis","Y",,"Lugo-Ortiz and McCafferty 1994; Merritt et al. 2008","N","GEI Consultants Inc.","KG","Missing gills",,"legacyData"
"a9accab9-02b7-4d35-8d58-14e637bdd35e","D04","CUPE","CUPE.AOS.reach","2016-01-29T11:20Z","2016-10-10","CUPE.20160129.SURBER.4",,,"BAESP","Y","Baetidae sp.",,"family","Arthropoda","Hexapoda","Insecta","Pterygota","Palaeoptera",,"Ephemeroptera","Pisciforma",,,"Baetidae",,,,,"sp.",,"larva",2,,1,100,1,"Y","Y",,"condition OK","Y",,"Merritt et al. 2008","N","GEI Consultants Inc.","KG","Has keel, probably Labiobaetis sp.",,"legacyData"
"7f3f2735-c64c-4bda-86c6-0c8ea6212c49","D04","CUPE","CUPE.AOS.reach","2016-01-29T11:20Z","2016-09-21","CUPE.20160129.SURBER.3",,,"LEPSP4","Y","Leptophlebiidae sp.",,"family","Arthropoda","Hexapoda","Insecta","Pterygota","Palaeoptera",,"Ephemeroptera","Furcatergalia","Lanceolata",,"Leptophlebiidae",,,,,"sp.",,"larva",1,,2,100,2,"Y","Y",,"damaged, affecting analysis","Y",,"Lugo-Ortiz and McCafferty 1994; Merritt et al. 2008","N","GEI Consultants Inc.","KG","Missing gills",,"legacyData"
"e42a370b-2f6f-42f0-8884-eb5616de0a68","D04","CUPE","CUPE.AOS.reach","2016-01-29T11:20Z","2016-10-19","CUPE.20160129.SURBER.7",,,"NEOGRA","Y","Neoelmis gracilis",,"species","Arthropoda","Hexapoda","Insecta","Pterygota","Neoptera","Holometabola","Coleoptera","Polyphaga","Elateriformia","Byrrhoidea","Elmidae","Elminae","Elmini",,"Neoelmis","gracilis",,"larva",4,,1,100,1,"N","N",,"condition OK","Y",,"Merritt et al. 2008; Segura et al. 2013; Musgrave 1935","N","GEI Consultants Inc.","KG","Lacking frontal tooth, keys to Neoelmis sp. in Merritt et al. 2008",,"legacyData"
"1760401d-456f-4703-9681-8c0a4c2732bc","D04","CUPE","CUPE.AOS.reach","2016-01-29T11:20Z","2016-09-21","CUPE.20160129.SURBER.3",,,"ATRSP3","Y","Atractides sp.",,"genus","Arthropoda","Chelicerata","Arachnida","Acari",,"Acariformes","Trombidiformes","Prostigmata",,"Hygrobatoidea","Hygrobatidae",,,,"Atractides","sp.",,"adult",1,,2,100,2,"N","Y",,"condition OK","Y",,"Thorp and Rogers 2016","N","GEI Consultants Inc.","KG",,,"legacyData"
"95d5754f-5a4c-4aef-864c-8390d5313090","D04","CUPE","CUPE.AOS.reach","2016-01-29T11:20Z","2016-12-15","CUPE.20160129.SURBER.3",,"NE(4)616-3","RHESP2","Y","Rheotanytarsus sp.",,"genus","Arthropoda","Hexapoda","Insecta","Pterygota","Neoptera","Holometabola","Diptera","Nematocera","Culicomorpha",,"Chironomidae","Chironominae","Tanytarsini",,"Rheotanytarsus","sp.",,"larva",4,,3,100,3,"N","Y",,"condition OK","Y",,"Andersen et al. 2013","N","GEI Consultants Inc.","UR",,,"legacyData"
"4f63a034-9b0c-4808-bd29-efb30e13bc01","D04","CUPE","CUPE.AOS.reach","2016-01-29T11:20Z","2016-09-21","CUPE.20160129.SURBER.3",,,"NEOGRA","Y","Neoelmis gracilis",,"species","Arthropoda","Hexapoda","Insecta","Pterygota","Neoptera","Holometabola","Coleoptera","Polyphaga","Elateriformia","Byrrhoidea","Elmidae","Elminae","Elmini",,"Neoelmis","gracilis",,"adult",8,,8,100,8,"N","N",,"condition OK","Y",,"Merritt et al. 2008; Segura et al. 2013; Musgrave 1935","N","GEI Consultants Inc.","KG",,,"legacyData"
"e00a7ef3-96ba-4eab-8539-7540b911b997","D04","CUPE","CUPE.AOS.reach","2016-01-29T11:20Z","2016-09-13","CUPE.20160129.SURBER.1",,,"EPHSP","Y","Ephemeroptera sp.","Unid. Ephemeroptera","order","Arthropoda","Hexapoda","Insecta","Pterygota","Palaeoptera",,"Ephemeroptera",,,,,,,,,"sp.",,"larva",1,,1,100,1,"Y","Y",,"damaged, affecting analysis","N",,"Merritt et al. 2008","Y","GEI Consultants Inc.","KG","Torn in half (1)",,"legacyData"
"e5bda229-d208-4f46-812b-86f9376ec72e","D04","CUPE","CUPE.AOS.reach","2016-01-29T11:20Z","2016-10-19","CUPE.20160129.SURBER.7",,,"LEPSP4","Y","Leptophlebiidae sp.",,"family","Arthropoda","Hexapoda","Insecta","Pterygota","Palaeoptera",,"Ephemeroptera","Furcatergalia","Lanceolata",,"Leptophlebiidae",,,,,"sp.",,"larva",4,,9,100,9,"N","Y",,"damaged, affecting analysis","N",,"Lugo-Ortiz and McCafferty 1994; Merritt et al. 2008","N","GEI Consultants Inc.","KG","Missing first abdomen gill",,"legacyData"
"744bd5e6-b82a-404c-851f-0d147d22c3e7","D04","CUPE","CUPE.AOS.reach","2016-01-29T11:20Z","2016-12-15","CUPE.20160129.SURBER.1",,"NE(4)616-1-CHI","ORTGR","Y","Orthocladius/Cricotopus gr.",,"speciesGroup","Arthropoda","Hexapoda","Insecta",,"Neoptera","Holometabola","Diptera","Nematocera","Culicomorpha",,"Chironomidae","Orthocladiinae",,,,"gr.",,"larva",5,,1,100,1,"N","Y",,"condition OK","Y",,"Andersen et al. 2013","N","GEI Consultants Inc.","UR",,,"legacyData"
"e43c0579-f203-4a05-bdb4-00245a73582a","D04","CUPE","CUPE.AOS.reach","2016-01-29T11:20Z","2016-12-15","CUPE.20160129.SURBER.2",,"NE(4)616-2","TANSP8","Y","Tanytarsini sp.","Genus near Stempellina","tribe","Arthropoda","Hexapoda","Insecta","Pterygota","Neoptera","Holometabola","Diptera","Nematocera","Culicomorpha",,"Chironomidae","Chironominae","Tanytarsini",,,"sp.",,"larva",2,,1,100,1,"N","Y",,"condition OK","Y",,"Andersen et al. 2013","N","GEI Consultants Inc.","UR","New type; Genus near Stempellina",,"legacyData"
"b8d521b6-feaa-4e22-88fc-3c4201ff6094","D04","CUPE","CUPE.AOS.reach","2016-01-29T11:20Z","2016-09-19","CUPE.20160129.SURBER.2",,,"PHACLA","Y","Phanocerus clavicornis",,"species","Arthropoda","Hexapoda","Insecta","Pterygota","Neoptera","Holometabola","Coleoptera","Polyphaga","Elateriformia","Byrrhoidea","Elmidae","Larainae",,,"Phanocerus","clavicornis",,"larva",2,,1,100,1,"N","N",,"condition OK","Y",,"Spangler and Santiago-Fragoso 1992; Segura et al. 2013; Merritt et al. 2008","N","GEI Consultants Inc.","KG",,,"legacyData"
"4d2a28bb-af3a-43fd-a72c-e4b9cd90b681","D04","CUPE","CUPE.AOS.reach","2016-01-29T11:20Z","2016-10-10","CUPE.20160129.SURBER.4",,,"ATRSP3","Y","Atractides sp.",,"genus","Arthropoda","Chelicerata","Arachnida","Acari",,"Acariformes","Trombidiformes","Prostigmata",,"Hygrobatoidea","Hygrobatidae",,,,"Atractides","sp.",,"adult",1,,2,100,2,"N","Y",,"condition OK","Y",,"Thorp and Rogers 2016","N","GEI Consultants Inc.","KG",,,"legacyData"
"8e2f4321-6655-4e66-9942-9c6e85da6c29","D04","CUPE","CUPE.AOS.reach","2016-01-29T11:20Z","2016-12-15","CUPE.20160129.SURBER.4",,"NE(4)616-4-CHI","PENSP7","Y","Pentaneura sp.",,"genus","Arthropoda","Hexapoda","Insecta","Pterygota","Neoptera","Holometabola","Diptera","Nematocera","Culicomorpha",,"Chironomidae","Tanypodinae","Pentaneurini",,"Pentaneura","sp.",,"larva",,,4,100,4,"N","Y",,"damaged, affecting measurement","Y",,"Andersen et al. 2013","N","GEI Consultants Inc.","UR","P. inyoensis?; posterior abdomen missing",,"legacyData"
"d0bcd18f-b4b9-4668-a0bc-d1b77e29b008","D04","CUPE","CUPE.AOS.reach","2016-01-29T11:20Z","2016-10-11","CUPE.20160129.SURBER.5",,,"ATOTRI","Y","Atopsyche trifida",,"species","Arthropoda","Hexapoda","Insecta","Pterygota","Neoptera","Holometabola","Trichoptera",,,"Rhyacophiloidea","Hydrobiosidae","Hydrobiosinae","Hydrobiosini",,"Atopsyche","trifida",,"larva",2,,1,100,1,"N","N",,"condition OK","Y",,"Merritt et al. 2008; Wiggins 1996; Flint 1992","N","GEI Consultants Inc.","KG",,,"legacyData"
"31deaea3-81bc-4dd7-9054-b6d239f5de7a","D04","CUPE","CUPE.AOS.reach","2016-01-29T11:20Z","2016-10-10","CUPE.20160129.SURBER.4",,"NE(4)616-4-CHI","CHISP2","Y","Chironomidae sp.",,"family","Arthropoda","Hexapoda","Insecta","Pterygota","Neoptera","Holometabola","Diptera","Nematocera","Culicomorpha",,"Chironomidae",,,,,"sp.",,"pupa",3,,1,100,1,"N","Y",,"condition OK","N",,"Merritt et al. 2008","N","GEI Consultants Inc.","KG",,,"legacyData"
"bdfa0974-c700-4894-a971-cd2eff6c7bf4","D04","CUPE","CUPE.AOS.reach","2016-01-29T11:20Z","2016-09-21","CUPE.20160129.SURBER.3",,,"PHACLA","Y","Phanocerus clavicornis",,"species","Arthropoda","Hexapoda","Insecta","Pterygota","Neoptera","Holometabola","Coleoptera","Polyphaga","Elateriformia","Byrrhoidea","Elmidae","Larainae",,,"Phanocerus","clavicornis",,"larva",2,,5,100,5,"N","N",,"condition OK","Y",,"Spangler and Santiago-Fragoso 1992; Segura et al. 2013; Merritt et al. 2008","N","GEI Consultants Inc.","KG",,,"legacyData"
"88e35f7d-699c-4155-8af4-180da281b988","D04","CUPE","CUPE.AOS.reach","2016-01-29T11:20Z","2016-12-16","CUPE.20160129.SURBER.1",,"NE(4)616-1-OLI","OLISP","Y","Oligochaeta sp.",,"subclass","Annelida","Clitellata","Oligochaeta","Oligochaeta",,,,,,,,,,,,"sp.",,"adult",,,1,100,1,"N","Y",,"damaged, affecting measurement","Y",,"Kathman and Brinkhurst 1999; Thorp and Rogers 2016","N","GEI Consultants Inc.","UR","Enchytraeidae?; posterior segments missing",,"legacyData"
"377072e6-7740-4b70-b0c1-6f0c1d87ee66","D04","CUPE","CUPE.AOS.reach","2016-01-29T11:20Z","2016-12-16","CUPE.20160129.SURBER.7",,"NE(4)616-7","PENSP7","Y","Pentaneura sp.",,"genus","Arthropoda","Hexapoda","Insecta","Pterygota","Neoptera","Holometabola","Diptera","Nematocera","Culicomorpha",,"Chironomidae","Tanypodinae","Pentaneurini",,"Pentaneura","sp.",,"larva",4,,1,100,1,"N","Y",,"condition OK","Y",,"Andersen et al. 2013","N","GEI Consultants Inc.","UR",,,"legacyData"
"a6730364-a022-40bb-b73f-672871903622","D04","CUPE","CUPE.AOS.reach","2016-01-29T11:20Z","2016-09-13","CUPE.20160129.SURBER.1",,,"VELSP","Y","Veliidae sp.",,"family","Arthropoda","Hexapoda","Insecta","Pterygota","Neoptera","Paraneoptera","Hemiptera","Heteroptera","Gerromorpha","Gerroidea","Veliidae",,,,,"sp.",,"larva",1,,1,100,1,"Y","Y",,"condition OK","Y",,"Gutierrez-Fonseca et al. 2013; Merritt et al. 2008","Y","GEI Consultants Inc.","KG",,,"legacyData"
"36c05076-6231-4708-b393-a1dfe56bacc6","D04","CUPE","CUPE.AOS.reach","2016-01-29T11:20Z","2016-10-12","CUPE.20160129.SURBER.6",,,"ATOTRI","Y","Atopsyche trifida",,"species","Arthropoda","Hexapoda","Insecta","Pterygota","Neoptera","Holometabola","Trichoptera",,,"Rhyacophiloidea","Hydrobiosidae","Hydrobiosinae","Hydrobiosini",,"Atopsyche","trifida",,"larva",2,,1,100,1,"N","N",,"condition OK","Y",,"Merritt et al. 2008; Wiggins 1996; Flint 1992","N","GEI Consultants Inc.","KG",,,"legacyData"
"1805362e-77fe-455b-98b0-23852e7c7f31","D04","CUPE","CUPE.AOS.reach","2016-01-29T11:20Z","2016-10-19","CUPE.20160129.SURBER.7",,,"FARTAI","Y","Farrodes taino",,"species","Arthropoda",,"Insecta",,,,"Ephemeroptera",,,"Leptophlebioidea","Leptophlebiidae",,,,"Farrodes","taino",,"larva",4,,1,100,1,"N","N",,"condition OK","Y",,"Lugo-Ortiz and McCafferty 1994; Merritt et al. 2008","N","GEI Consultants Inc.","KG",,,"legacyData"
"7781368a-e786-4f8a-8b19-221dbb1cf9a3","D04","CUPE","CUPE.AOS.reach","2016-01-29T11:20Z","2016-12-15","CUPE.20160129.SURBER.3",,"NE(4)616-3","CORSP19","Y","Corynoneura sp.",,"genus","Arthropoda","Hexapoda","Insecta","Pterygota","Neoptera","Holometabola","Diptera","Nematocera","Culicomorpha",,"Chironomidae","Orthocladiinae",,,"Corynoneura","sp.",,"larva",1,,3,100,3,"N","Y",,"condition OK","Y",,"Andersen et al. 2013","N","GEI Consultants Inc.","UR","Posterior parapod basiventral spine with fringe of fine spines on inner margin",,"legacyData"
"e38d8b82-2eb5-4c88-bc0f-f8bd4d5d1144","D04","CUPE","CUPE.AOS.reach","2016-01-29T11:20Z","2016-09-21","CUPE.20160129.SURBER.3",,,"HELSP7","Y","Helicopsyche sp.",,"genus","Arthropoda","Hexapoda","Insecta","Pterygota","Neoptera","Holometabola","Trichoptera",,,"Sericostomatoidea","Helicopsychidae",,,,"Helicopsyche","sp.",,"larva",1,"1a",1,100,1,"N","Y",,"condition OK","Y",,"Merritt et al. 2008; Wiggins 1996; Flint 1964,1992","N","GEI Consultants Inc.","KG",,,"legacyData"
"070b2f7e-f11d-42e2-a4e9-6691a73c25fe","D04","CUPE","CUPE.AOS.reach","2016-01-29T11:20Z","2016-09-19","CUPE.20160129.SURBER.2",,,"TORSP1","Y","Torrenticolidae sp.",,"family","Arthropoda","Chelicerata","Arachnida","Acari",,"Acariformes","Trombidiformes","Prostigmata",,"Lebertioidea","Torrenticolidae",,,,,"sp.",,"adult",1,,3,100,3,"N","Y",,"condition OK","Y",,"Thorp and Rogers 2016","N","GEI Consultants Inc.","KG","Keys out to Pseudotorrenticola sp. in Thorp & Rogers 2016",,"legacyData"
"0fa9f112-945c-44a2-8763-3d8d168eaa2d","D04","CUPE","CUPE.AOS.reach","2016-01-29T11:20Z","2016-09-21","CUPE.20160129.SURBER.3",,,"LEUTUB","Y","Leucotrichia tubifex",,"species","Arthropoda","Hexapoda","Insecta","Pterygota","Neoptera","Holometabola","Trichoptera",,,"Hydroptiloidea","Hydroptilidae","Hydroptilinae","Leucotrichiini",,"Leucotrichia","tubifex",,"larva",1,,7,100,7,"N","N",,"condition OK","Y",,"Merritt et al. 2008; Wiggins 1996; Flint 1964; Thompson and Holzenthal 2015","N","GEI Consultants Inc.","KG",,,"legacyData"
"a0464aee-c225-49c9-977d-e142b3964cdd","D04","CUPE","CUPE.AOS.reach","2016-01-29T11:20Z","2016-09-19","CUPE.20160129.SURBER.2",,,"BAESP","Y","Baetidae sp.",,"family","Arthropoda","Hexapoda","Insecta","Pterygota","Palaeoptera",,"Ephemeroptera","Pisciforma",,,"Baetidae",,,,,"sp.",,"larva",,,1,100,1,"N","Y",,"damaged, affecting measurement","N",,"Merritt et al. 2008","N","GEI Consultants Inc.","KG","Missing abdomen",,"legacyData"
"c9292cc4-7eb2-4a01-aeaa-048681e6def9","D04","CUPE","CUPE.AOS.reach","2016-01-29T11:20Z","2016-10-20","CUPE.20160129.SURBER.8",,,"NEOGRA","Y","Neoelmis gracilis",,"species","Arthropoda","Hexapoda","Insecta","Pterygota","Neoptera","Holometabola","Coleoptera","Polyphaga","Elateriformia","Byrrhoidea","Elmidae","Elminae","Elmini",,"Neoelmis","gracilis",,"larva",3,,2,100,2,"N","N",,"condition OK","Y",,"Merritt et al. 2008; Segura et al. 2013; Musgrave 1935","N","GEI Consultants Inc.","KG","Lacking frontal tooth, keys to Neoelmis sp. in Merritt et al. 2008",,"legacyData"
"1c269f92-d480-4c21-a0ac-482571f87cb1","D04","CUPE","CUPE.AOS.reach","2016-01-29T11:20Z","2016-09-13","CUPE.20160129.SURBER.1",,,"TORSP1","Y","Torrenticolidae sp.",,"family","Arthropoda","Chelicerata","Arachnida","Acari",,"Acariformes","Trombidiformes","Prostigmata",,"Lebertioidea","Torrenticolidae",,,,,"sp.",,"adult",1,,3,100,3,"N","Y",,"condition OK","Y",,"Thorp and Rogers 2016","Y","GEI Consultants Inc.","KG","Keys out to Pseudotorrenticola sp. in Thorp & Rogers 2016",,"legacyData"
"7d332a67-631f-4cf8-872b-b5c486292413","D04","CUPE","CUPE.AOS.reach","2016-01-29T11:20Z","2016-09-19","CUPE.20160129.SURBER.2",,,"LEPSP4","Y","Leptophlebiidae sp.",,"family","Arthropoda","Hexapoda","Insecta","Pterygota","Palaeoptera",,"Ephemeroptera","Furcatergalia","Lanceolata",,"Leptophlebiidae",,,,,"sp.",,"larva",,,6,100,6,"N","Y",,"damaged, affecting measurement","Y",,"Lugo-Ortiz and McCafferty 1994; Merritt et al. 2008","N","GEI Consultants Inc.","KG","Heads only (5); missing abdomen (1)",,"legacyData"
"5b48a1a5-43af-4c26-8359-f5a6102f2646","D04","CUPE","CUPE.AOS.reach","2016-01-29T11:20Z","2016-12-16","CUPE.20160129.SURBER.5",,"NE(4)616-5","CRISP2","Y","Cricotopus sp.",,"genus","Arthropoda","Hexapoda","Insecta","Pterygota","Neoptera","Holometabola","Diptera","Nematocera","Culicomorpha",,"Chironomidae","Orthocladiinae",,,"Cricotopus","sp.",,"larva",1,"1b",3,100,3,"N","Y",,"condition OK","Y",,"Andersen et al. 2013","N","GEI Consultants Inc.","UR",,,"legacyData"
"d4dce73a-ada4-490c-9572-fb3621d4dd3d","D04","CUPE","CUPE.AOS.reach","2016-01-29T11:20Z","2016-12-16","CUPE.20160129.SURBER.7",,"NE(4)616-7","TANSP8","Y","Tanytarsini sp.","Genus near Stempellina","tribe","Arthropoda","Hexapoda","Insecta","Pterygota","Neoptera","Holometabola","Diptera","Nematocera","Culicomorpha",,"Chironomidae","Chironominae","Tanytarsini",,,"sp.",,"larva",2,,1,100,1,"N","Y",,"condition OK","Y",,"Andersen et al. 2013","N","GEI Consultants Inc.","UR","New type; Genus near Stempellina",,"legacyData"
"4b47415a-edfa-4ccd-89fa-15f9cad2d43f","D04","CUPE","CUPE.AOS.reach","2016-01-29T11:20Z","2016-12-15","CUPE.20160129.SURBER.3",,"NE(4)616-3","PENSP7","Y","Pentaneura sp.",,"genus","Arthropoda","Hexapoda","Insecta","Pterygota","Neoptera","Holometabola","Diptera","Nematocera","Culicomorpha",,"Chironomidae","Tanypodinae","Pentaneurini",,"Pentaneura","sp.",,"larva",3,,2,100,2,"N","Y",,"condition OK","Y",,"Andersen et al. 2013","N","GEI Consultants Inc.","UR","P. inyoensis?",,"legacyData"
"ac760611-97fd-4d1d-ae38-812caed07769","D04","CUPE","CUPE.AOS.reach","2016-01-29T11:20Z","2016-09-13","CUPE.20160129.SURBER.1",,,"ELMSP","Y","Elmidae sp.",,"family","Arthropoda","Hexapoda","Insecta","Pterygota","Neoptera","Holometabola","Coleoptera","Polyphaga","Elateriformia","Byrrhoidea","Elmidae",,,,,"sp.",,"adult",,,1,100,1,"N","Y",,"damaged, affecting measurement","N",,"Merritt et al. 2008","Y","GEI Consultants Inc.","KG","Head only",,"legacyData"
"d3022870-fad1-44d2-84bf-764a8cb35ebf","D04","CUPE","CUPE.AOS.reach","2016-01-29T11:20Z","2016-09-21","CUPE.20160129.SURBER.3",,,"LEPSP4","Y","Leptophlebiidae sp.",,"family","Arthropoda","Hexapoda","Insecta","Pterygota","Palaeoptera",,"Ephemeroptera","Furcatergalia","Lanceolata",,"Leptophlebiidae",,,,,"sp.",,"larva",4,,1,100,1,"N","Y",,"damaged, affecting analysis","Y",,"Lugo-Ortiz and McCafferty 1994; Merritt et al. 2008","N","GEI Consultants Inc.","KG","Missing gills",,"legacyData"
"e67d032c-3a7b-4868-88bf-a8c91d9f332a","D04","CUPE","CUPE.AOS.reach","2016-01-29T11:20Z","2016-12-15","CUPE.20160129.SURBER.3",,"NE(4)616-3","TANSP8","Y","Tanytarsini sp.","Genus near Stempellina","tribe","Arthropoda","Hexapoda","Insecta","Pterygota","Neoptera","Holometabola","Diptera","Nematocera","Culicomorpha",,"Chironomidae","Chironominae","Tanytarsini",,,"sp.",,"larva",,,1,100,1,"N","Y",,"damaged, affecting measurement","Y",,"Andersen et al. 2013","N","GEI Consultants Inc.","UR","New type; Genus near Stempellina; posterior abdomen missing",,"legacyData"
"9e96a902-0705-41c4-ad50-68e645318544","D04","CUPE","CUPE.AOS.reach","2016-01-29T11:20Z","2016-10-10","CUPE.20160129.SURBER.4",,,"CARSP14","Y","Cariboptila sp.",,"genus","Arthropoda","Hexapoda","Insecta","Pterygota","Neoptera","Holometabola","Trichoptera",,,"Glossosomatoidea","Glossosomatidae","Protoptilinae",,,"Cariboptila","sp.",,"larva",3,,5,100,5,"N","Y",,"condition OK","Y",,"Merritt et al. 2008; Wiggins 1996; Flint 1964","N","GEI Consultants Inc.","KG",,,"legacyData"
"1d8e85d8-080f-4f26-943f-c5660fbb0c8a","D04","CUPE","CUPE.AOS.reach","2016-01-29T11:20Z","2016-12-16","CUPE.20160129.SURBER.5",,"NE(4)616-5","CRISP2","Y","Cricotopus sp.",,"genus","Arthropoda","Hexapoda","Insecta","Pterygota","Neoptera","Holometabola","Diptera","Nematocera","Culicomorpha",,"Chironomidae","Orthocladiinae",,,"Cricotopus","sp.",,"larva",1,"1a",3,100,3,"N","Y",,"condition OK","Y",,"Andersen et al. 2013","N","GEI Consultants Inc.","UR",,,"legacyData"
"a2eeff96-2918-4b7e-b136-b38782d9eb9a","D04","CUPE","CUPE.AOS.reach","2016-01-29T11:20Z","2016-09-21","CUPE.20160129.SURBER.3",,,"SIMSP1","Y","Simulium sp.",,"genus","Arthropoda","Hexapoda","Insecta","Pterygota","Neoptera","Holometabola","Diptera","Nematocera","Culicomorpha",,"Simuliidae","Simuliinae","Simuliini",,"Simulium","sp.",,"larva",4,,2,100,2,"N","Y",,"condition OK","Y",,"Merritt et al. 2008; Gutierrez-Fonseca et al. 2013","N","GEI Consultants Inc.","KG",,,"legacyData"
"c646e8fc-5a9b-433a-8983-8da481127b58","D04","CUPE","CUPE.AOS.reach","2016-01-29T11:20Z","2016-12-16","CUPE.20160129.SURBER.5",,"NE(4)616-5","CRISP2","Y","Cricotopus sp.",,"genus","Arthropoda","Hexapoda","Insecta","Pterygota","Neoptera","Holometabola","Diptera","Nematocera","Culicomorpha",,"Chironomidae","Orthocladiinae",,,"Cricotopus","sp.",,"larva",2,"2a",13,100,13,"N","Y",,"condition OK","Y",,"Andersen et al. 2013","N","GEI Consultants Inc.","UR",,,"legacyData"
"54e46a60-1442-4aa4-9b18-ceb8be889e9a","D04","CUPE","CUPE.AOS.reach","2016-01-29T11:20Z","2016-12-15","CUPE.20160129.SURBER.4",,"NE(4)616-4-CHI","RHESP2","Y","Rheotanytarsus sp.",,"genus","Arthropoda","Hexapoda","Insecta","Pterygota","Neoptera","Holometabola","Diptera","Nematocera","Culicomorpha",,"Chironomidae","Chironominae","Tanytarsini",,"Rheotanytarsus","sp.",,"larva",,,10,100,10,"N","Y",,"damaged, affecting measurement","Y",,"Andersen et al. 2013","N","GEI Consultants Inc.","UR","Posterior abdomen missing",,"legacyData"
"80b754f1-7c8f-443b-8493-501121e59116","D04","CUPE","CUPE.AOS.reach","2016-01-29T11:20Z","2016-09-19","CUPE.20160129.SURBER.2",,,"LEPSP4","Y","Leptophlebiidae sp.",,"family","Arthropoda","Hexapoda","Insecta","Pterygota","Palaeoptera",,"Ephemeroptera","Furcatergalia","Lanceolata",,"Leptophlebiidae",,,,,"sp.",,"larva",4,,1,100,1,"N","Y",,"damaged, affecting analysis","Y",,"Lugo-Ortiz and McCafferty 1994; Merritt et al. 2008","N","GEI Consultants Inc.","KG","Missing gills",,"legacyData"
"542c856b-0df5-4969-8839-d89afd84b582","D04","CUPE","CUPE.AOS.reach","2016-01-29T11:20Z","2016-10-10","CUPE.20160129.SURBER.4",,,"SIMSP1","Y","Simulium sp.",,"genus","Arthropoda","Hexapoda","Insecta","Pterygota","Neoptera","Holometabola","Diptera","Nematocera","Culicomorpha",,"Simuliidae","Simuliinae","Simuliini",,"Simulium","sp.",,"larva",2,,3,100,3,"N","Y",,"condition OK","Y",,"Merritt et al. 2008; Gutierrez-Fonseca et al. 2013","N","GEI Consultants Inc.","KG",,,"legacyData"
"94b6388e-9e4c-4d31-abf9-61980bdbd766","D04","CUPE","CUPE.AOS.reach","2016-01-29T11:20Z","2016-12-16","CUPE.20160129.SURBER.5",,"NE(4)616-5","CRISP2","Y","Cricotopus sp.",,"genus","Arthropoda","Hexapoda","Insecta","Pterygota","Neoptera","Holometabola","Diptera","Nematocera","Culicomorpha",,"Chironomidae","Orthocladiinae",,,"Cricotopus","sp.",,"larva",2,"2b",13,100,13,"N","Y",,"condition OK","Y",,"Andersen et al. 2013","N","GEI Consultants Inc.","UR",,,"legacyData"
"55f4ecbb-dc45-48c3-9014-20c6166f6c4d","D04","CUPE","CUPE.AOS.reach","2016-01-29T11:20Z","2016-10-11","CUPE.20160129.SURBER.5",,,"PETSP4","Y","Petrophila sp.",,"genus","Arthropoda","Hexapoda","Insecta","Pterygota","Neoptera","Holometabola","Lepidoptera",,,"Pyraloidea","Crambidae","Nymphulinae","Argyractini",,"Petrophila","sp.",,"larva",2,,7,100,7,"N","Y",,"condition OK","Y",,"Merritt et al. 2008","N","GEI Consultants Inc.","KG",,,"legacyData"
"2061b793-b8c5-4497-a8a6-9944fed01872","D04","CUPE","CUPE.AOS.reach","2016-01-29T11:20Z","2016-09-19","CUPE.20160129.SURBER.2",,,"CARSP14","Y","Cariboptila sp.",,"genus","Arthropoda","Hexapoda","Insecta","Pterygota","Neoptera","Holometabola","Trichoptera",,,"Glossosomatoidea","Glossosomatidae","Protoptilinae",,,"Cariboptila","sp.",,"larva",3,,6,100,6,"N","Y",,"condition OK","Y",,"Merritt et al. 2008; Wiggins 1996; Flint 1964","N","GEI Consultants Inc.","KG",,,"legacyData"
"128eb6ce-7122-4a3e-9ea8-019926f58cca","D04","CUPE","CUPE.AOS.reach","2016-01-29T11:20Z","2016-12-16","CUPE.20160129.SURBER.4",,"NE(4)616-4-OLI","OLISP","Y","Oligochaeta sp.","Unid. Oligochaeta","subclass","Annelida","Clitellata","Oligochaeta","Oligochaeta",,,,,,,,,,,,"sp.",,"adult",,,1,100,1,"N","Y",,"damaged, affecting measurement","Y",,"Kathman and Brinkhurst 1999; Thorp and Rogers 2016","N","GEI Consultants Inc.","UR","Enchytraeidae?; posterior segments missing",,"legacyData"
"33d7e836-55fb-4b8e-a629-6cdfbae7af4a","D04","CUPE","CUPE.AOS.reach","2016-01-29T11:20Z","2016-10-11","CUPE.20160129.SURBER.5",,,"ELMSP","Y","Elmidae sp.",,"family","Arthropoda","Hexapoda","Insecta","Pterygota","Neoptera","Holometabola","Coleoptera","Polyphaga","Elateriformia","Byrrhoidea","Elmidae",,,,,"sp.",,"larva",2,,1,100,1,"Y","Y",,"condition OK","N",,"Merritt et al. 2008","N","GEI Consultants Inc.","KG","(1) beetle larvae torn",,"legacyData"
"733084ac-1045-43fa-bd72-5e1e01b28fe7","D04","CUPE","CUPE.AOS.reach","2016-01-29T11:20Z","2016-12-15","CUPE.20160129.SURBER.4",,"NE(4)616-4-CHI","ORTGR","Y","Orthocladius/Cricotopus gr.",,"speciesGroup","Arthropoda","Hexapoda","Insecta",,"Neoptera","Holometabola","Diptera","Nematocera","Culicomorpha",,"Chironomidae","Orthocladiinae",,,,"gr.",,"larva",,,2,100,2,"N","Y",,"damaged, affecting measurement","Y",,"Andersen et al. 2013","N","GEI Consultants Inc.","UR","Posterior abdomen missing",,"legacyData"
"653ac1ac-c8aa-46c6-b332-c66266e3096a","D04","CUPE","CUPE.AOS.reach","2016-01-29T11:20Z","2016-09-13","CUPE.20160129.SURBER.1",,,"ELMSP","Y","Elmidae sp.",,"family","Arthropoda","Hexapoda","Insecta","Pterygota","Neoptera","Holometabola","Coleoptera","Polyphaga","Elateriformia","Byrrhoidea","Elmidae",,,,,"sp.",,"larva",,,3,100,3,"Y","Y",,"damaged, affecting measurement","N",,"Merritt et al. 2008","Y","GEI Consultants Inc.","KG","Missing abdomen",,"legacyData"
"e77e9d6c-f150-46a4-be84-d10679eaecde","D04","CUPE","CUPE.AOS.reach","2016-01-29T11:20Z","2016-09-21","CUPE.20160129.SURBER.3",,,"ATYLAN","Y","Atya lanipes",,"species","Arthropoda","Crustacea","Malacostraca","Eumalacostraca",,"Eucarida","Decapoda","Pleocyemata","Caridea","Atyoidea","Atyidae",,,,"Atya","lanipes",,"adult",53,,1,100,1,"N","N",,"condition OK","Y",,"Thorp and Rogers 2016; Holthus 1955; Grave and Anker 2007; Hobbs and Hart 1982; Chace and Hobbs 1969","N","GEI Consultants Inc.","KG","Perez-Reyes et al. 2013 lists genus level taxa present in Puerto Rico",,"legacyData"
"253bbb66-34c0-4aac-9302-7e21342b169f","D04","CUPE","CUPE.AOS.reach","2016-01-29T11:20Z","2016-09-21","CUPE.20160129.SURBER.3",,,"PETSP4","Y","Petrophila sp.",,"genus","Arthropoda","Hexapoda","Insecta","Pterygota","Neoptera","Holometabola","Lepidoptera",,,"Pyraloidea","Crambidae","Nymphulinae","Argyractini",,"Petrophila","sp.",,"larva",3,,1,100,1,"N","Y",,"condition OK","Y",,"Merritt et al. 2008","N","GEI Consultants Inc.","KG",,,"legacyData"
"c8ae5d97-758e-4f2f-bbe7-d72adfee8524","D04","CUPE","CUPE.AOS.reach","2016-01-29T11:20Z","2016-10-12","CUPE.20160129.SURBER.6",,,"ELMSP","Y","Elmidae sp.",,"family","Arthropoda","Hexapoda","Insecta","Pterygota","Neoptera","Holometabola","Coleoptera","Polyphaga","Elateriformia","Byrrhoidea","Elmidae",,,,,"sp.",,"larva",2,,1,100,1,"Y","Y",,"condition OK","N",,"Merritt et al. 2008","N","GEI Consultants Inc.","KG",,,"legacyData"
"91074cd0-2bfa-44a1-b053-0b6be9ae8828","D04","CUPE","CUPE.AOS.reach","2016-01-29T11:20Z","2016-09-13","CUPE.20160129.SURBER.1",,,"CARSP14","Y","Cariboptila sp.",,"genus","Arthropoda","Hexapoda","Insecta","Pterygota","Neoptera","Holometabola","Trichoptera",,,"Glossosomatoidea","Glossosomatidae","Protoptilinae",,,"Cariboptila","sp.",,"larva",,,3,100,3,"N","Y",,"damaged, affecting measurement","Y",,"Merritt et al. 2008; Wiggins 1996; Flint 1964","Y","GEI Consultants Inc.","KG","Missing abdomen",,"legacyData"
"d43f1f80-5fa3-4105-9010-0dfcc9b95a79","D04","CUPE","CUPE.AOS.reach","2016-01-29T11:20Z","2016-10-11","CUPE.20160129.SURBER.5",,,"GLOSP1","Y","Glossosomatidae sp.",,"family","Arthropoda","Hexapoda","Insecta","Pterygota","Neoptera","Holometabola","Trichoptera",,,"Glossosomatoidea","Glossosomatidae",,,,,"sp.",,"larva",1,,17,100,17,"Y","Y",,"condition OK","N",,"Merritt et al. 2008; Wiggins 1996; Flint 1964","N","GEI Consultants Inc.","KG",,,"legacyData"
"8c720abb-b2f5-4b45-b752-2b87449ba15a","D04","CUPE","CUPE.AOS.reach","2016-01-29T11:20Z","2016-10-20","CUPE.20160129.SURBER.8",,,"BAESP","Y","Baetidae sp.",,"family","Arthropoda","Hexapoda","Insecta","Pterygota","Palaeoptera",,"Ephemeroptera","Pisciforma",,,"Baetidae",,,,,"sp.",,"larva",2,,3,100,3,"Y","Y",,"condition OK","Y",,"Merritt et al. 2008","N","GEI Consultants Inc.","KG","Has keel, labial palps with well-developed anterior projecting digitate-lobe",,"legacyData"
"11358fb4-dc14-489e-ae0e-291c6ffc00ba","D04","CUPE","CUPE.AOS.reach","2016-01-29T11:20Z","2016-09-19","CUPE.20160129.SURBER.2",,,"LEPSP4","Y","Leptophlebiidae sp.",,"family","Arthropoda","Hexapoda","Insecta","Pterygota","Palaeoptera",,"Ephemeroptera","Furcatergalia","Lanceolata",,"Leptophlebiidae",,,,,"sp.",,"larva",1,,2,100,2,"Y","Y",,"damaged, affecting analysis","Y",,"Lugo-Ortiz and McCafferty 1994; Merritt et al. 2008","N","GEI Consultants Inc.","KG","Missing gills",,"legacyData"
"744c13e3-83d9-430a-84e7-2a25f316d5e3","D04","CUPE","CUPE.AOS.reach","2016-01-29T11:20Z","2016-09-21","CUPE.20160129.SURBER.3",,,"CARSP14","Y","Cariboptila sp.",,"genus","Arthropoda","Hexapoda","Insecta","Pterygota","Neoptera","Holometabola","Trichoptera",,,"Glossosomatoidea","Glossosomatidae","Protoptilinae",,,"Cariboptila","sp.",,"larva",3,,3,100,3,"N","Y",,"condition OK","Y",,"Merritt et al. 2008; Wiggins 1996; Flint 1964","N","GEI Consultants Inc.","KG",,,"legacyData"
"a114ebab-f62b-4b41-82f6-35fef17be084","D04","CUPE","CUPE.AOS.reach","2016-01-29T11:20Z","2016-09-13","CUPE.20160129.SURBER.1",,,"ELMSP","Y","Elmidae sp.",,"family","Arthropoda","Hexapoda","Insecta","Pterygota","Neoptera","Holometabola","Coleoptera","Polyphaga","Elateriformia","Byrrhoidea","Elmidae",,,,,"sp.",,"larva",2,,4,100,4,"Y","Y",,"condition OK","N",,"Merritt et al. 2008","Y","GEI Consultants Inc.","KG",,,"legacyData"
