uid,domainID,siteID,namedLocation,collectDate,identifiedDate,sampleID,sampleCode,slideID,acceptedTaxonID,targetTaxaPresent,scientificName,morphospeciesID,taxonRank,phylum,subphylum,class,subclass,infraclass,superorder,order,suborder,infraorder,superfamily,family,subfamily,tribe,subtribe,genus,specificEpithet,infraspecificEpithet,invertebrateLifeStage,sizeClass,sizeCategory,individualCount,subsamplePercent,estimatedTotalCount,immatureSpecimen,indeterminateSpecies,taxonRankQualifier,sampleCondition,distinctTaxon,identificationQualifier,identificationReferences,qcChecked,laboratoryName,identifiedBy,identificationRemarks,identificationHistoryID,dataQF
"31fb608f-3df5-4cd6-878d-28b8607f3bee","D10","ARIK","ARIK.AOS.reach","2016-07-13T15:24Z","2017-01-04","ARIK.20160713.CORE.1",,"NE(10)816-6-CHI","CHISP8","Y","Chironomus sp.",,"genus","Arthropoda","Hexapoda","Insecta","Pterygota","Neoptera","Holometabola","Diptera","Nematocera","Culicomorpha",,"Chironomidae","Chironominae","Chironomini",,"Chironomus","sp.",,"larva",5,,1,70,1,"N","Y",,"condition OK","Y",,"Andersen et al. 2013","N","GEI Consultants Inc.","JC/UR",,,"legacyData"
"00b67fa3-1473-4d84-a6b6-0d8a8d825a13","D10","ARIK","ARIK.AOS.reach","2016-07-13T15:24Z","2017-02-10","ARIK.20160713.KICKNET.2",,,"PLASP2","Y","Planorbidae sp.",,"family","Mollusca",,"Gastropoda",,,,"Basommatophora",,,,"Planorbidae",,,,,"sp.",,"adult",,,2,100,2,"Y","Y",,"damaged, affecting analysis","N",,"Thorp and Rogers 2016","N","GEI Consultants Inc.","KG","Shells damaged",,
"b4561eec-a75d-40e1-b671-1097fcc20108","D10","ARIK","ARIK.AOS.reach","2016-07-13T15:24Z","2017-03-01","ARIK.20160713.CORE.1",,,"ENOSP1","Y","Enochrus sp.",,"genus","Arthropoda","Hexapoda","Insecta","Pterygota","Neoptera","Holometabola","Coleoptera","Polyphaga","Staphyliniformia","Hydrophiloidea","Hydrophilidae","Hydrophilinae","Hydrophilini",,"Enochrus","sp.",,"larva",5,,1,70,1,"N","Y",,"condition OK","Y",,"Merritt et al. 2008","N","GEI Consultants Inc.","UR",,,"legacyData"
"e4405053-5434-4d09-af12-ddcdacd78563","D10","ARIK","ARIK.AOS.reach","2016-07-13T15:24Z","2017-01-16","ARIK.20160713.KICKNET.1",,,"COESP","Y","Coenagrionidae sp.",,"family","Arthropoda","Hexapoda","Insecta","Pterygota","Palaeoptera",,"Odonata","Zygoptera",,,"Coenagrionidae",,,,,"sp.",,"larva",2,,16,30,53,"Y","Y",,"condition OK","Y",,"Merritt et al. 2008","N","GEI Consultants Inc.","KG",,,"legacyData"
"a60dcb3f-2e2d-40af-a181-699f67541f77","D10","ARIK","ARIK.AOS.reach","2016-07-13T15:24Z","2017-01-17","ARIK.20160713.KICKNET.4",,"NE(10)816-4-OLI","DERSP4","Y","Dero sp.",,"genus","Annelida","Clitellata","Oligochaeta","Oligochaeta",,,"Tubificida",,,,"Naididae","Naidinae",,,"Dero","sp.",,"adult",,,3,20,15,"N","N",,"damaged, affecting analysis","Y",,"Kathman and Brinkhurst 1999","N","GEI Consultants Inc.","UR","Posterior segments missing",,
"bd6e15fa-6726-43f7-9e16-57df522091f6","D10","ARIK","ARIK.AOS.reach","2016-07-13T15:24Z","2017-01-16","ARIK.20160713.KICKNET.2",,,"NAISP","Y","Naididae sp.","Tubificidae with capilliform setae","family","Annelida","Clitellata","Oligochaeta","Oligochaeta",,,"Tubificida",,,,"Naididae",,,,,"sp.",,"adult",,,36,100,36,"Y","N",,"damaged, affecting analysis","N",,"Kathman and Brinkhurst 1999","N","GEI Consultants Inc.","UR","Posterior segments missing",,
"42665e0c-bcda-4224-b404-69fd2f4dfc4d","D10","ARIK","ARIK.AOS.reach","2016-07-13T15:24Z","2017-02-28","ARIK.20160713.KICKNET.5",,,"TURSP","Y","Turbellaria sp.","Unid. Turbellaria","class","Platyhelminthes",,"Turbellaria",,,,,,,,,,,,,"sp.",,"adult",2,,5,30,17,"Y","Y",,"condition OK","Y",,"Smith 2001","Y","GEI Consultants Inc.","KG","Girardia sp.",,"legacyData"
"e7a556b4-d693-4089-983f-75680c66b552","D10","ARIK","ARIK.AOS.reach","2016-07-13T15:24Z","2017-02-23","ARIK.20160713.KICKNET.4",,,"COESP6","Y","Coenagrion/Enallagma sp.",,"speciesGroup","Arthropoda","Hexapoda","Insecta","Pterygota","Palaeoptera",,"Odonata","Zygoptera",,,"Coenagrionidae",,,,"Coenagrion/Enallagma","sp.",,"larva",10,,1,100,1,"N","Y",,"condition OK","Y",,"Westfall and May 1990; Merritt et al. 2008","N","GEI Consultants Inc.","KG",,,"legacyData"
"d3d0566c-4731-4b77-906a-545659097d45","D10","ARIK","ARIK.AOS.reach","2016-07-13T15:24Z","2017-01-04","ARIK.20160713.KICKNET.4",,"NE(10)816-4-CHI","CONGR","Y","Conchapelopia/Thienemannimyia gr.",,"speciesGroup","Arthropoda","Hexapoda","Insecta",,"Neoptera","Holometabola","Diptera","Nematocera","Culicomorpha",,"Chironomidae","Tanypodinae","Pentaneurini",,,"gr.",,"larva",3,,15,30,50,"N","Y",,"condition OK","Y",,"Andersen et al. 2013","N","GEI Consultants Inc.","JC/UR",,,"legacyData"
"e3852575-da5e-44be-aa26-939fd6f9fdb3","D10","ARIK","ARIK.AOS.reach","2016-07-13T15:24Z","2017-01-04","ARIK.20160713.KICKNET.4",,"NE(10)816-4-OLI","NAISP","Y","Naididae sp.","Tubificidae without capilliform setae","family","Annelida","Clitellata","Oligochaeta","Oligochaeta",,,"Tubificida",,,,"Naididae",,,,,"sp.",,"adult",4,,3,30,10,"Y","N",,"condition OK","Y",,"Kathman and Brinkhurst 1999","N","GEI Consultants Inc.","UR",,,"legacyData"
"293ce953-9495-48a5-b731-b587b9aeb5dc","D10","ARIK","ARIK.AOS.reach","2016-07-13T15:24Z","2017-02-23","ARIK.20160713.KICKNET.4",,,"HYGSP2","Y","Hygrobates sp.",,"genus","Arthropoda","Chelicerata","Arachnida","Acari",,"Acariformes","Trombidiformes","Prostigmata",,"Hygrobatoidea","Hygrobatidae",,,,"Hygrobates","sp.",,"adult",1,,1,100,1,"N","Y",,"condition OK","Y",,"Thorp and Rogers 2016","N","GEI Consultants Inc.","KG",,,"legacyData"
"259f15b1-5b5a-42fe-aa37-a6dfbd39603e","D10","ARIK","ARIK.AOS.reach","2016-07-13T15:24Z","2017-01-17","ARIK.20160713.KICKNET.5",,"NE(10)816-5-OLI","NAISP","Y","Naididae sp.","Tubificidae with capilliform setae","family","Annelida","Clitellata","Oligochaeta","Oligochaeta",,,"Tubificida",,,,"Naididae",,,,,"sp.",,"adult",,,8,20,40,"Y","N",,"damaged, affecting analysis","Y",,"Kathman and Brinkhurst 1999","N","GEI Consultants Inc.","UR","Posterior segments missing",,
"cdf07a3d-1f8a-4e01-90af-8102218d9331","D10","ARIK","ARIK.AOS.reach","2016-07-13T15:24Z","2017-02-28","ARIK.20160713.KICKNET.5",,,"SIGSP2","Y","Sigara sp.",,"genus","Arthropoda","Hexapoda","Insecta","Pterygota","Neoptera","Paraneoptera","Hemiptera","Heteroptera","Nepomorpha","Corixoidea","Corixidae","Corixinae",,,"Sigara","sp.",,"adult",6,,1,30,3,"N","Y",,"condition OK","Y",,"Merritt et al. 2008","Y","GEI Consultants Inc.","KG",,,"legacyData"
"7d396a8e-9bb4-45f2-99d8-e917c640f1aa","D10","ARIK","ARIK.AOS.reach","2016-07-13T15:24Z","2017-02-28","ARIK.20160713.KICKNET.5",,,"HYDSP3","Y","Hydrophilidae sp.",,"family","Arthropoda","Hexapoda","Insecta","Pterygota","Neoptera","Holometabola","Coleoptera","Polyphaga","Staphyliniformia","Hydrophiloidea","Hydrophilidae",,,,,"sp.",,"larva",,,1,20,5,"Y","Y",,"damaged, affecting analysis","Y",,"Merritt et al. 2008","Y","GEI Consultants Inc.","KG","Missing abdomen; probably Enochrus sp.",,
"e6321d32-bd5c-4499-9299-b7e3db8581b7","D10","ARIK","ARIK.AOS.reach","2016-07-13T15:24Z","2017-01-16","ARIK.20160713.KICKNET.1",,"NE(10)816-1-CHI","CONGR","Y","Conchapelopia/Thienemannimyia gr.",,"speciesGroup","Arthropoda","Hexapoda","Insecta",,"Neoptera","Holometabola","Diptera","Nematocera","Culicomorpha",,"Chironomidae","Tanypodinae","Pentaneurini",,,"gr.",,"larva",3,,9,30,30,"N","Y",,"condition OK","Y",,"Andersen et al. 2013","N","GEI Consultants Inc.","JC/UR",,,"legacyData"
"b2d9b267-7b92-40ce-9693-9b2962f30cb3","D10","ARIK","ARIK.AOS.reach","2016-07-13T15:24Z","2017-02-10","ARIK.20160713.KICKNET.2",,,"EPHSP","Y","Ephemeroptera sp.","Unid. Ephemeroptera","order","Arthropoda","Hexapoda","Insecta","Pterygota","Palaeoptera",,"Ephemeroptera",,,,,,,,,"sp.",,"larva",,,1,100,1,"N","Y",,"damaged, affecting analysis","Y",,"Merritt et al. 2008","N","GEI Consultants Inc.","KG","Missing abdomen; probably Caenidae",,
"8c96e4fa-b926-49f9-ae19-d1e9117512f4","D10","ARIK","ARIK.AOS.reach","2016-07-13T15:24Z","2017-01-04","ARIK.20160713.CORE.2",,,"ORTGR","Y","Orthocladius/Cricotopus gr.",,"speciesGroup","Arthropoda","Hexapoda","Insecta",,"Neoptera","Holometabola","Diptera","Nematocera","Culicomorpha",,"Chironomidae","Orthocladiinae",,,,"gr.",,"larva",1,,1,70,1,"Y","Y",,"condition OK","N",,"Andersen et al. 2013","N","GEI Consultants Inc.","JC/UR",,,"legacyData"
"81af2b21-5cf7-456e-8a7d-914ae85b102d","D10","ARIK","ARIK.AOS.reach","2016-07-13T15:24Z","2017-02-28","ARIK.20160713.CORE.2",,,"PIOSP","Y","Pionidae sp.",,"family","Arthropoda","Chelicerata","Arachnida","Acari",,"Acariformes","Trombidiformes","Prostigmata",,"Hygrobatoidea","Pionidae",,,,,"sp.",,"adult",1,,2,70,3,"Y","Y",,"condition OK","Y",,"Thorp and Rogers 2016","N","GEI Consultants Inc.","KG",,,"legacyData"
"9edc484e-d0da-4221-9398-7c076b7533f0","D10","ARIK","ARIK.AOS.reach","2016-07-13T15:24Z","2017-01-17","ARIK.20160713.KICKNET.3",,"NE(10)816-3-OLI","LUMSP6","Y","Lumbriculus sp.",,"genus","Annelida","Clitellata","Oligochaeta","Oligochaeta",,,"Lumbriculida",,,,"Lumbriculidae",,,,"Lumbriculus","sp.",,"adult",,,1,70,1,"N","N",,"damaged, affecting analysis","Y",,"Kathman and Brinkhurst 1999","N","GEI Consultants Inc.","UR","Posterior segments missing",,
"bcc5a724-74a3-46e8-a242-4dc28dbba74a","D10","ARIK","ARIK.AOS.reach","2016-07-13T15:24Z","2017-01-17","ARIK.20160713.KICKNET.3",,"NE(10)816-3-CHI","CONGR","Y","Conchapelopia/Thienemannimyia gr.",,"speciesGroup","Arthropoda","Hexapoda","Insecta",,"Neoptera","Holometabola","Diptera","Nematocera","Culicomorpha",,"Chironomidae","Tanypodinae","Pentaneurini",,,"gr.",,"larva",3,,5,100,5,"N","Y",,"condition OK","Y",,"Andersen et al. 2013","N","GEI Consultants Inc.","JC/UR",,,"legacyData"
"ba327b39-fedf-458d-858a-e3adb53b0204","D10","ARIK","ARIK.AOS.reach","2016-07-13T15:24Z","2017-01-16","ARIK.20160713.KICKNET.1",,,"NEMSP","Y","Nematoda sp.","Unid. Nematoda","phylum","Nematoda",,,,,,,,,,,,,,,"sp.",,"adult",2,,1,20,5,"N","Y",,"condition OK","Y",,"Smith 2001","N","GEI Consultants Inc.","KG",,,"legacyData"
"1ab5ad49-e7f6-405f-8b0b-69ba112a2ad5","D10","ARIK","ARIK.AOS.reach","2016-07-13T15:24Z","2017-01-17","ARIK.20160713.KICKNET.3",,"NE(10)816-3-CHI","CLASP6","Y","Cladotanytarsus sp.",,"genus","Arthropoda","Hexapoda","Insecta","Pterygota","Neoptera","Holometabola","Diptera","Nematocera","Culicomorpha",,"Chironomidae","Chironominae","Tanytarsini",,"Cladotanytarsus","sp.",,"larva",2,,5,100,5,"N","Y",,"condition OK","Y",,"Andersen et al. 2013","N","GEI Consultants Inc.","JC/UR",,,"legacyData"
"aac07b2f-dd57-4319-b402-f469b6fdc3cb","D10","ARIK","ARIK.AOS.reach","2016-07-13T15:24Z","2017-02-28","ARIK.20160713.CORE.2",,"NE(10)816-7-OLI1","HELSTA","Y","Helobdella stagnalis",,"species","Annelida","Clitellata","Hirudinea","Hirudinea","Euhirudinea",,"Rhynchobdellida",,,,"Glossiphoniidae","Haementeriinae",,,"Helobdella","stagnalis",,"adult",5,,1,70,1,"N","N",,"condition OK","Y",,"Thorp and Rogers 2016","N","GEI Consultants Inc.","KG",,,"legacyData"
"a08aa312-a7ab-42f6-845e-009c67858188","D10","ARIK","ARIK.AOS.reach","2016-07-13T15:24Z","2017-03-01","ARIK.20160713.CORE.1",,,"NEMSP","Y","Nematoda sp.","Unid. Nematoda","phylum","Nematoda",,,,,,,,,,,,,,,"sp.",,"adult",3,,1,70,1,"N","Y",,"condition OK","Y",,"Smith 2001","N","GEI Consultants Inc.","UR",,,"legacyData"
"35c8b336-4b9c-4b33-be47-fe268f5d13a6","D10","ARIK","ARIK.AOS.reach","2016-07-13T15:24Z","2017-02-10","ARIK.20160713.KICKNET.2",,,"EMPSP","Y","Empididae sp.",,"family","Arthropoda","Hexapoda","Insecta","Pterygota","Neoptera","Holometabola","Diptera","Brachycera","Muscomorpha",,"Empididae",,,,,"sp.",,"larva",1,,1,30,3,"Y","Y",,"condition OK","Y",,"Merritt et al. 2008","N","GEI Consultants Inc.","KG",,,"legacyData"
"619a7015-3eb2-46e8-8dc3-09c3674d89f9","D10","ARIK","ARIK.AOS.reach","2016-07-13T15:24Z","2017-01-16","ARIK.20160713.KICKNET.1",,,"CAEYOU","Y","Caenis youngi",,"species","Arthropoda","Hexapoda","Insecta","Pterygota","Palaeoptera",,"Ephemeroptera","Furcatergalia","Pannota","Caenoidea","Caenidae","Caeninae",,,"Caenis","youngi",,"larva",7,,1,30,3,"N","N",,"condition OK","Y",,"Provonsha 1990; Merritt et al. 2008","N","GEI Consultants Inc.","KG",,,"legacyData"
"58c4c156-d7f0-4d22-8a10-220aacb54626","D10","ARIK","ARIK.AOS.reach","2016-07-13T15:24Z","2017-02-10","ARIK.20160713.KICKNET.2",,,"ODOSP","Y","Odonata sp.","Unid. Odonata","order","Arthropoda","Hexapoda","Insecta","Pterygota","Palaeoptera",,"Odonata",,,,,,,,,"sp.",,"larva",,,11,100,11,"N","Y",,"damaged, affecting analysis","N",,"Merritt et al. 2008","N","GEI Consultants Inc.","KG","Missing labium and abdomen",,
"1842b19c-9c13-48e2-9ebf-a2601f710e99","D10","ARIK","ARIK.AOS.reach","2016-07-13T15:24Z","2017-01-17","ARIK.20160713.KICKNET.3",,,"PELSP3","Y","Peltodytes sp.",,"genus","Arthropoda","Hexapoda","Insecta","Pterygota","Neoptera","Holometabola","Coleoptera","Adephaga",,,"Haliplidae",,,,"Peltodytes","sp.",,"larva",3,,1,100,1,"N","Y",,"condition OK","Y",,"Merritt et al. 2008","N","GEI Consultants Inc.","KG",,,"legacyData"
"d61dce3e-3796-402e-b26e-879caf348cc5","D10","ARIK","ARIK.AOS.reach","2016-07-13T15:24Z","2017-02-23","ARIK.20160713.KICKNET.4",,,"COESP","Y","Coenagrionidae sp.",,"family","Arthropoda","Hexapoda","Insecta","Pterygota","Palaeoptera",,"Odonata","Zygoptera",,,"Coenagrionidae",,,,,"sp.",,"larva",2,,33,30,110,"Y","Y",,"condition OK","N",,"Merritt et al. 2008","N","GEI Consultants Inc.","KG",,,"legacyData"
"aa3e94e6-f385-4a3d-b186-1182bd3f79e6","D10","ARIK","ARIK.AOS.reach","2016-07-13T15:24Z","2017-02-23","ARIK.20160713.KICKNET.4",,,"COESP","Y","Coenagrionidae sp.",,"family","Arthropoda","Hexapoda","Insecta","Pterygota","Palaeoptera",,"Odonata","Zygoptera",,,"Coenagrionidae",,,,,"sp.",,"larva",3,,3,30,10,"Y","Y",,"damaged, affecting analysis","N",,"Merritt et al. 2008","N","GEI Consultants Inc.","KG","1 missing caudal gills",,"legacyData"
"5b321b68-e946-45fa-a6b5-0ff38b00491c","D10","ARIK","ARIK.AOS.reach","2016-07-13T15:24Z","2017-02-28","ARIK.20160713.KICKNET.5",,"NE(10)816-5-CHI","CHISP2","Y","Chironomidae sp.",,"family","Arthropoda","Hexapoda","Insecta","Pterygota","Neoptera","Holometabola","Diptera","Nematocera","Culicomorpha",,"Chironomidae",,,,,"sp.",,"pupa",3,,2,30,7,"N","Y",,"condition OK","N",,"Merritt et al. 2008","Y","GEI Consultants Inc.","KG","Poor condition",,"legacyData"
"6136f89a-32d7-47bc-84cc-0c770ae049ec","D10","ARIK","ARIK.AOS.reach","2016-07-13T15:24Z","2017-02-10","ARIK.20160713.KICKNET.2",,,"ANISP1","Y","Anisoptera sp.",,"suborder","Arthropoda","Hexapoda","Insecta","Pterygota","Palaeoptera",,"Odonata","Anisoptera",,,,,,,,"sp.",,"larva",,,4,100,4,"Y","Y",,"damaged, affecting analysis","Y",,"Merritt et al. 2008","N","GEI Consultants Inc.","KG","Missing abdomen",,
"f3bb948f-decc-4e08-93bb-df022f1b324e","D10","ARIK","ARIK.AOS.reach","2016-07-13T15:24Z","2017-02-28","ARIK.20160713.CORE.2",,,"DESSP3","Y","Desmopachria sp.",,"genus","Arthropoda","Hexapoda","Insecta","Pterygota","Neoptera","Holometabola","Coleoptera","Adephaga",,,"Dytiscidae","Hydroporinae","Hyphydrini",,"Desmopachria","sp.",,"larva",1,,1,70,1,"N","Y",,"condition OK","Y",,"Larson et al. 2000; Merritt et al. 2008","N","GEI Consultants Inc.","KG",,,"legacyData"
"812f6451-a457-4283-85fb-04186d67a17f","D10","ARIK","ARIK.AOS.reach","2016-07-13T15:24Z","2017-01-04","ARIK.20160713.CORE.1",,"NE(10)816-6-CHI","CONGR","Y","Conchapelopia/Thienemannimyia gr.",,"speciesGroup","Arthropoda","Hexapoda","Insecta",,"Neoptera","Holometabola","Diptera","Nematocera","Culicomorpha",,"Chironomidae","Tanypodinae","Pentaneurini",,,"gr.",,"larva",1,,1,70,1,"N","Y",,"condition OK","Y",,"Andersen et al. 2013","N","GEI Consultants Inc.","JC/UR",,,"legacyData"
"192536af-777f-4818-ac14-f97fecc494f9","D10","ARIK","ARIK.AOS.reach","2016-07-13T15:24Z","2017-02-10","ARIK.20160713.KICKNET.2",,,"PHYSP7","Y","Physa sp.",,"genus","Mollusca",,"Gastropoda",,,,"Basommatophora",,,,"Physidae",,,,"Physa","sp.",,"adult",15,,1,30,3,"N","Y",,"condition OK","Y",,"Thorp and Rogers 2016","N","GEI Consultants Inc.","KG","Probably Physa acuta",,"legacyData"
"1ddca95b-6162-43cd-9643-6a584012013a","D10","ARIK","ARIK.AOS.reach","2016-07-13T15:24Z","2017-01-17","ARIK.20160713.KICKNET.3",,,"PELSP3","Y","Peltodytes sp.",,"genus","Arthropoda","Hexapoda","Insecta","Pterygota","Neoptera","Holometabola","Coleoptera","Adephaga",,,"Haliplidae",,,,"Peltodytes","sp.",,"adult",5,,1,100,1,"N","Y",,"condition OK","Y",,"Merritt et al. 2008","N","GEI Consultants Inc.","KG",,,"legacyData"
"c7b1b897-e953-4f28-94de-3e8fd83e84c5","D10","ARIK","ARIK.AOS.reach","2016-07-13T15:24Z","2017-02-23","ARIK.20160713.KICKNET.4",,,"AESSP1","Y","Aeshna sp.",,"genus","Arthropoda","Hexapoda","Insecta","Pterygota","Palaeoptera",,"Odonata","Anisoptera",,,"Aeshnidae",,,,"Aeshna","sp.",,"larva",3,,2,30,7,"Y","N",,"condition OK","Y",,"Needham et al. 2000; Merritt et al. 2008","N","GEI Consultants Inc.","KG","Too immature for species identification either A. palmata or A. umbrosa",,"legacyData"
"94484b03-ff1c-481b-8fb7-eaf3b308c3fe","D10","ARIK","ARIK.AOS.reach","2016-07-13T15:24Z","2017-02-28","ARIK.20160713.KICKNET.5",,,"ODOSP6","Y","Odontomyia/Hedriodiscus sp.",,"speciesGroup","Arthropoda","Hexapoda","Insecta","Pterygota","Neoptera","Holometabola","Diptera","Brachycera","Stratiomyomorpha",,"Stratiomyidae","Stratiomyinae","Stratiomyini",,"Odontomyia/Hedriodiscus","sp.",,"larva",4,,1,30,3,"N","Y",,"condition OK","Y",,"James 1936; Merritt et al. 2008","Y","GEI Consultants Inc.","KG",,,"legacyData"
"4ecc18d6-4a3c-47c8-9b0e-6de935e57e9c","D10","ARIK","ARIK.AOS.reach","2016-07-13T15:24Z","2017-03-01","ARIK.20160713.CORE.1",,,"BAESP","Y","Baetidae sp.",,"family","Arthropoda","Hexapoda","Insecta","Pterygota","Palaeoptera",,"Ephemeroptera","Pisciforma",,,"Baetidae",,,,,"sp.",,"larva",,,1,100,1,"Y","Y",,"damaged, affecting analysis","Y",,"Merritt et al. 2008","N","GEI Consultants Inc.","UR","With keel, missing abdomen",,
"d4b4180b-7aed-40ed-8f13-1385fb6ba9f2","D10","ARIK","ARIK.AOS.reach","2016-07-13T15:24Z","2017-01-04","ARIK.20160713.CORE.3",,"NE(10)816-8-CHI","PROSP23","Y","Procladius sp.",,"genus","Arthropoda","Hexapoda","Insecta","Pterygota","Neoptera","Holometabola","Diptera","Nematocera","Culicomorpha",,"Chironomidae","Tanypodinae","Procladiini",,"Procladius","sp.",,"larva",5,,1,70,1,"N","Y",,"condition OK","Y",,"Andersen et al. 2013","N","GEI Consultants Inc.","JC/UR",,,"legacyData"
"ef1a4258-1930-4bec-8da3-948d7ca447d4","D10","ARIK","ARIK.AOS.reach","2016-07-13T15:24Z","2017-02-23","ARIK.20160713.KICKNET.4",,,"AESSP1","Y","Aeshna sp.",,"genus","Arthropoda","Hexapoda","Insecta","Pterygota","Palaeoptera",,"Odonata","Anisoptera",,,"Aeshnidae",,,,"Aeshna","sp.",,"larva",6,,1,30,3,"Y","N",,"condition OK","Y",,"Needham et al. 2000; Merritt et al. 2008","N","GEI Consultants Inc.","KG","Too immature for species identification either A. palmata or A. umbrosa",,"legacyData"
"df10d083-fcb7-45f8-80a5-d95bb39a0e67","D10","ARIK","ARIK.AOS.reach","2016-07-13T15:24Z","2017-01-04","ARIK.20160713.CORE.2",,,"DICSP7","Y","Dicrotendipes sp.",,"genus","Arthropoda","Hexapoda","Insecta","Pterygota","Neoptera","Holometabola","Diptera","Nematocera","Culicomorpha",,"Chironomidae","Chironominae","Chironomini",,"Dicrotendipes","sp.",,"larva",,,2,100,2,"N","Y",,"damaged, affecting analysis","Y",,"Andersen et al. 2013","N","GEI Consultants Inc.","JC/UR","Posterior abdomen missing",,
"4e2cc36c-9307-4267-b2b9-65de4900fa64","D10","ARIK","ARIK.AOS.reach","2016-07-13T15:24Z","2017-02-23","ARIK.20160713.KICKNET.4",,,"LEBSP1","Y","Lebertia sp.",,"genus","Arthropoda","Chelicerata","Arachnida","Acari",,"Acariformes","Trombidiformes","Prostigmata",,"Lebertioidea","Lebertiidae",,,,"Lebertia","sp.",,"adult",1,,1,100,1,"N","Y",,"condition OK","Y",,"Thorp and Rogers 2016","N","GEI Consultants Inc.","KG",,,"legacyData"
"1153d16e-2fb8-4cf1-9da1-7a3f20c25326","D10","ARIK","ARIK.AOS.reach","2016-07-13T15:24Z","2017-01-03","ARIK.20160713.KICKNET.3",,"NE(10)816-3-CHI","PROSP23","Y","Procladius sp.",,"genus","Arthropoda","Hexapoda","Insecta","Pterygota","Neoptera","Holometabola","Diptera","Nematocera","Culicomorpha",,"Chironomidae","Tanypodinae","Procladiini",,"Procladius","sp.",,"larva",,,5,70,7,"N","Y",,"damaged, affecting analysis","Y",,"Andersen et al. 2013","N","GEI Consultants Inc.","JC/UR","Posterior abdomen missing",,
"d925773b-c944-40f3-9db7-b33045ef517a","D10","ARIK","ARIK.AOS.reach","2016-07-13T15:24Z","2017-03-01","ARIK.20160713.CORE.1",,,"LIBSP","Y","Libellulidae sp.",,"family","Arthropoda","Hexapoda","Insecta","Pterygota","Palaeoptera",,"Odonata","Anisoptera",,,"Libellulidae",,,,,"sp.",,"larva",,,1,100,1,"Y","Y",,"damaged, affecting analysis","Y",,"Needham and Westfall 2000; Merritt et al. 2008","N","GEI Consultants Inc.","UR","Missing abdomen",,
"2aab9681-a078-4c67-881d-9b1438f7be2d","D10","ARIK","ARIK.AOS.reach","2016-07-13T15:24Z","2017-01-17","ARIK.20160713.KICKNET.4",,"NE(10)816-4-OLI","LUMSP6","Y","Lumbriculus sp.",,"genus","Annelida","Clitellata","Oligochaeta","Oligochaeta",,,"Lumbriculida",,,,"Lumbriculidae",,,,"Lumbriculus","sp.",,"adult",,,26,20,130,"Y","N",,"damaged, affecting analysis","Y",,"Kathman and Brinkhurst 1999","N","GEI Consultants Inc.","UR","Posterior segments missing",,
"f18412cc-1752-4c5e-9f07-aee0ee987202","D10","ARIK","ARIK.AOS.reach","2016-07-13T15:24Z","2017-03-01","ARIK.20160713.CORE.1",,,"CAESP5","Y","Caenis sp.",,"genus","Arthropoda","Hexapoda","Insecta","Pterygota","Palaeoptera",,"Ephemeroptera","Furcatergalia","Pannota","Caenoidea","Caenidae","Caeninae",,,"Caenis","sp.",,"larva",4,,3,70,4,"N","N",,"condition OK","Y",,"Provonsha 1990; Merritt et al. 2008","N","GEI Consultants Inc.","UR","Caenis diminuta group, hindleg characters do not fit keys",,"legacyData"
"cae3f7a3-efb2-434a-8bb1-0da98af2286b","D10","ARIK","ARIK.AOS.reach","2016-07-13T15:24Z","2017-01-04","ARIK.20160713.CORE.1",,"NE(10)816-6-CHI","DIPSP9","Y","Diplocladius sp.",,"genus","Arthropoda","Hexapoda","Insecta","Pterygota","Neoptera","Holometabola","Diptera","Nematocera","Culicomorpha",,"Chironomidae","Orthocladiinae",,,"Diplocladius","sp.",,"larva",1,,1,70,1,"N","Y",,"condition OK","Y",,"Andersen et al. 2013","N","GEI Consultants Inc.","JC/UR",,,"legacyData"
"3afde0fc-ff1e-4628-8edd-e4ffcb594f0c","D10","ARIK","ARIK.AOS.reach","2016-07-13T15:24Z","2017-02-23","ARIK.20160713.KICKNET.4",,,"NEMSP","Y","Nematoda sp.","Unid. Nematoda","phylum","Nematoda",,,,,,,,,,,,,,,"sp.",,"adult",7,,1,100,1,"N","Y",,"condition OK","Y",,"Smith 2001","N","GEI Consultants Inc.","KG",,,"legacyData"
"1594129b-a5d4-4f1e-9753-197ead6d3f98","D10","ARIK","ARIK.AOS.reach","2016-07-13T15:24Z","2017-01-03","ARIK.20160713.KICKNET.2",,"NE(10)816-2","CHISP8","Y","Chironomus sp.",,"genus","Arthropoda","Hexapoda","Insecta","Pterygota","Neoptera","Holometabola","Diptera","Nematocera","Culicomorpha",,"Chironomidae","Chironominae","Chironomini",,"Chironomus","sp.",,"larva",,,3,100,3,"N","Y",,"damaged, affecting analysis","Y",,"Andersen et al. 2013","N","GEI Consultants Inc.","JC/UR","Posterior abdomen missing",,
"756938ca-e5e6-424a-8c46-c7594734173d","D10","ARIK","ARIK.AOS.reach","2016-07-13T15:24Z","2017-02-23","ARIK.20160713.KICKNET.4",,,"NEMSP","Y","Nematoda sp.","Unid. Nematoda","phylum","Nematoda",,,,,,,,,,,,,,,"sp.",,"adult",2,,1,100,1,"N","Y",,"condition OK","Y",,"Smith 2001","N","GEI Consultants Inc.","KG",,,"legacyData"
"cb7c4894-289b-4152-bfd8-7eb3e38d320e","D10","ARIK","ARIK.AOS.reach","2016-07-13T15:24Z","2017-02-10","ARIK.20160713.KICKNET.2",,,"CERSP10","Y","Ceratopogoninae sp.",,"subfamily","Arthropoda","Hexapoda","Insecta","Pterygota","Neoptera","Holometabola","Diptera","Nematocera","Culicomorpha",,"Ceratopogonidae","Ceratopogoninae",,,,"sp.",,"larva",6,,1,30,3,"N","Y",,"condition OK","N",,"Merritt et al. 2008","N","GEI Consultants Inc.","KG","Probably Mallochohelea sp.",,"legacyData"
"de1987c1-e306-40a2-8ddf-44513c323c94","D10","ARIK","ARIK.AOS.reach","2016-07-13T15:24Z","2017-03-01","ARIK.20160713.CORE.1",,,"COESP","Y","Coenagrionidae sp.",,"family","Arthropoda","Hexapoda","Insecta","Pterygota","Palaeoptera",,"Odonata","Zygoptera",,,"Coenagrionidae",,,,,"sp.",,"larva",4,,2,70,3,"N","Y",,"condition OK","N",,"Merritt et al. 2008","N","GEI Consultants Inc.","UR",,,"legacyData"
"8819353b-9195-46d3-b69e-40c892cc2fe2","D10","ARIK","ARIK.AOS.reach","2016-07-13T15:24Z","2017-01-17","ARIK.20160713.KICKNET.3",,"NE(10)816-3-CHI","PENSP6","Y","Pentaneurini sp.",,"tribe","Arthropoda","Hexapoda","Insecta","Pterygota","Neoptera","Holometabola","Diptera","Nematocera","Culicomorpha",,"Chironomidae","Tanypodinae","Pentaneurini",,,"sp.",,"larva",3,,5,100,5,"N","N",,"damaged, affecting analysis","N",,"Andersen et al. 2013","N","GEI Consultants Inc.","JC/UR","Air bubbles in head capsule. Likely Larsia",,"legacyData"
"15ac3a0e-e63c-4a89-9ec1-727c8457a604","D10","ARIK","ARIK.AOS.reach","2016-07-13T15:24Z","2017-02-23","ARIK.20160713.KICKNET.4",,,"TURSP","Y","Turbellaria sp.","Unid. Turbellaria","class","Platyhelminthes",,"Turbellaria",,,,,,,,,,,,,"sp.",,"adult",2,,1,100,1,"Y","Y",,"condition OK","Y",,"Smith 2001","N","GEI Consultants Inc.","KG",,,"legacyData"
"4911d109-d492-4dd5-864e-7109b3daf9f1","D10","ARIK","ARIK.AOS.reach","2016-07-13T15:24Z","2017-02-10","ARIK.20160713.KICKNET.2",,,"NEMSP","Y","Nematoda sp.","Unid. Nematoda","phylum","Nematoda",,,,,,,,,,,,,,,"sp.",,"adult",,,1,100,1,"N","Y",,"damaged, affecting analysis","Y",,"Smith 2001","N","GEI Consultants Inc.","KG","Missing posterior end",,
"5d482beb-e541-4eec-87d2-8b1f24f3739b","D10","ARIK","ARIK.AOS.reach","2016-07-13T15:24Z","2017-01-17","ARIK.20160713.KICKNET.3",,"NE(10)816-3-OLI","GLOCOM","Y","Glossiphonia complanata",,"species","Annelida","Clitellata","Hirudinea","Hirudinea","Euhirudinea",,"Rhynchobdellida",,,,"Glossiphoniidae","Glossiphoniinae",,,"Glossiphonia","complanata",,"adult",8,,1,100,1,"N","N",,"condition OK","Y",,"Klemm 1985","N","GEI Consultants Inc.","KG","Keys to G. elegans in Thorp and Rogers 2016",,"legacyData"
"eba1b924-f9a7-44ef-bce3-46bb735415a1","D10","ARIK","ARIK.AOS.reach","2016-07-13T15:24Z","2017-01-17","ARIK.20160713.KICKNET.3",,,"CAEYOU","Y","Caenis youngi",,"species","Arthropoda","Hexapoda","Insecta","Pterygota","Palaeoptera",,"Ephemeroptera","Furcatergalia","Pannota","Caenoidea","Caenidae","Caeninae",,,"Caenis","youngi",,"larva",4,,1,100,1,"N","N",,"condition OK","Y",,"Provonsha 1990; Merritt et al. 2008","N","GEI Consultants Inc.","KG",,,"legacyData"
"e3491818-7937-467f-88f3-43a7dc205990","D10","ARIK","ARIK.AOS.reach","2016-07-13T15:24Z","2017-01-16","ARIK.20160713.KICKNET.2",,,"NAISP","Y","Naididae sp.","Tubificidae without capilliform setae","family","Annelida","Clitellata","Oligochaeta","Oligochaeta",,,"Tubificida",,,,"Naididae",,,,,"sp.",,"adult",,,4,100,4,"Y","N",,"damaged, affecting analysis","N",,"Kathman and Brinkhurst 1999","N","GEI Consultants Inc.","UR","Posterior segments missing",,
"881804a9-a5ad-4d49-99e1-4061f2588e1c","D10","ARIK","ARIK.AOS.reach","2016-07-13T15:24Z","2017-02-23","ARIK.20160713.KICKNET.4",,,"BAESP","Y","Baetidae sp.",,"family","Arthropoda","Hexapoda","Insecta","Pterygota","Palaeoptera",,"Ephemeroptera","Pisciforma",,,"Baetidae",,,,,"sp.",,"larva",,,1,20,5,"N","Y",,"damaged, affecting analysis","N",,"Merritt et al. 2008","N","GEI Consultants Inc.","KG","Missing abdomen",,
"867a398a-6153-4ea6-ba77-bfb65ee35d36","D10","ARIK","ARIK.AOS.reach","2016-07-13T15:24Z","2017-01-04","ARIK.20160713.KICKNET.4",,"NE(10)816-4-CHI","CONGR","Y","Conchapelopia/Thienemannimyia gr.",,"speciesGroup","Arthropoda","Hexapoda","Insecta",,"Neoptera","Holometabola","Diptera","Nematocera","Culicomorpha",,"Chironomidae","Tanypodinae","Pentaneurini",,,"gr.",,"larva",7,,15,30,50,"N","Y",,"condition OK","Y",,"Andersen et al. 2013","N","GEI Consultants Inc.","JC/UR",,,"legacyData"
"b9fd59cd-3d9d-48df-b6df-f5ff6aaec8bb","D10","ARIK","ARIK.AOS.reach","2016-07-13T15:24Z","2017-01-16","ARIK.20160713.KICKNET.1",,,"BEZSP1","Y","Bezzia/Palpomyia sp.",,"speciesGroup","Arthropoda","Hexapoda","Insecta","Pterygota","Neoptera","Holometabola","Diptera","Nematocera","Culicomorpha",,"Ceratopogonidae","Ceratopogoninae","Palpomyiini",,"Bezzia/Palpomyia","sp.",,"larva",7,,1,20,5,"N","Y",,"condition OK","Y",,"Merritt et al. 2008","N","GEI Consultants Inc.","KG",,,"legacyData"
"333ea32a-157b-4509-832e-be96335b7cf5","D10","ARIK","ARIK.AOS.reach","2016-07-13T15:24Z","2017-01-16","ARIK.20160713.KICKNET.1",,"NE(10)816-1-CHI","CONGR","Y","Conchapelopia/Thienemannimyia gr.",,"speciesGroup","Arthropoda","Hexapoda","Insecta",,"Neoptera","Holometabola","Diptera","Nematocera","Culicomorpha",,"Chironomidae","Tanypodinae","Pentaneurini",,,"gr.",,"larva",2,,4,30,13,"N","Y",,"condition OK","Y",,"Andersen et al. 2013","N","GEI Consultants Inc.","JC/UR",,,"legacyData"
"d70e4e57-baf7-40c6-ad4e-8251045d19ee","D10","ARIK","ARIK.AOS.reach","2016-07-13T15:24Z","2017-02-28","ARIK.20160713.CORE.2",,,"PISSP2","Y","Pisidiidae sp.",,"family","Mollusca",,"Bivalvia","Heterodonta",,,"Veneroida",,,"Corbiculoidea","Pisidiidae",,,,,"sp.",,"adult",3,,1,70,1,"Y","Y",,"condition OK","Y",,"Thorp and Rogers 2016","N","GEI Consultants Inc.","KG",,,"legacyData"
"1fef8e1d-ec43-4309-9f6c-282008003357","D10","ARIK","ARIK.AOS.reach","2016-07-13T15:24Z","2017-01-17","ARIK.20160713.KICKNET.3",,,"NEMSP","Y","Nematoda sp.","Unid. Nematoda","phylum","Nematoda",,,,,,,,,,,,,,,"sp.",,"adult",1,,1,100,1,"N","Y",,"condition OK","Y",,"Smith 2001","N","GEI Consultants Inc.","KG",,,"legacyData"
"c4c3343f-bd30-490d-a700-dbabd0e6b816","D10","ARIK","ARIK.AOS.reach","2016-07-13T15:24Z","2017-02-23","ARIK.20160713.KICKNET.4",,,"DESSP3","Y","Desmopachria sp.",,"genus","Arthropoda","Hexapoda","Insecta","Pterygota","Neoptera","Holometabola","Coleoptera","Adephaga",,,"Dytiscidae","Hydroporinae","Hyphydrini",,"Desmopachria","sp.",,"larva",1,,1,30,3,"N","Y",,"condition OK","Y",,"Larson et al. 2000; Merritt et al. 2008","N","GEI Consultants Inc.","KG",,,"legacyData"
"4afa561e-d0bd-4be8-8695-f680a993480a","D10","ARIK","ARIK.AOS.reach","2016-07-13T15:24Z","2017-02-28","ARIK.20160713.CORE.2",,,"PHYSP7","Y","Physa sp.",,"genus","Mollusca",,"Gastropoda",,,,"Basommatophora",,,,"Physidae",,,,"Physa","sp.",,"adult",14,,1,70,1,"N","Y",,"condition OK","Y",,"Thorp and Rogers 2016","N","GEI Consultants Inc.","KG",,,"legacyData"
"b8f57d84-e267-4372-9f81-13ae71f0503b","D10","ARIK","ARIK.AOS.reach","2016-07-13T15:24Z","2017-01-04","ARIK.20160713.CORE.3",,"NE(10)816-8-CHI","CHISP8","Y","Chironomus sp.",,"genus","Arthropoda","Hexapoda","Insecta","Pterygota","Neoptera","Holometabola","Diptera","Nematocera","Culicomorpha",,"Chironomidae","Chironominae","Chironomini",,"Chironomus","sp.",,"larva",4,,1,70,1,"N","Y",,"condition OK","Y",,"Andersen et al. 2013","N","GEI Consultants Inc.","JC/UR",,,"legacyData"
"9aff7258-39cc-42da-88eb-e5da2888a808","D10","ARIK","ARIK.AOS.reach","2016-07-13T15:24Z","2017-02-28","ARIK.20160713.KICKNET.5",,,"NEMSP","Y","Nematoda sp.","Unid. Nematoda","phylum","Nematoda",,,,,,,,,,,,,,,"sp.",,"adult",8,,1,30,3,"N","Y",,"condition OK","Y",,"Smith 2001","Y","GEI Consultants Inc.","KG",,,"legacyData"
"e4c8fbb8-9cb6-4165-b9d7-857108924451","D10","ARIK","ARIK.AOS.reach","2016-07-13T15:24Z","2017-02-28","ARIK.20160713.CORE.2",,,"CHRSP6","Y","Chrysops sp.",,"genus","Arthropoda","Hexapoda","Insecta","Pterygota","Neoptera","Holometabola","Diptera","Brachycera","Tabanomorpha",,"Tabanidae","Chrysopsinae","Chrysopsini",,"Chrysops","sp.",,"larva",9,,1,70,1,"N","Y",,"condition OK","Y",,"Merritt et al. 2008","N","GEI Consultants Inc.","KG",,,"legacyData"
"f8c158b7-7f4b-4dfd-a4dc-cd0d9b15b812","D10","ARIK","ARIK.AOS.reach","2016-07-13T15:24Z","2017-01-04","ARIK.20160713.CORE.2",,,"TANSP11","Y","Tanytarsus sp.",,"genus","Arthropoda","Hexapoda","Insecta","Pterygota","Neoptera","Holometabola","Diptera","Nematocera","Culicomorpha",,"Chironomidae","Chironominae","Tanytarsini",,"Tanytarsus","sp.",,"larva",3,,1,70,1,"N","Y",,"condition OK","Y",,"Andersen et al. 2013","N","GEI Consultants Inc.","JC/UR",,,"legacyData"
"1efa55c4-5973-4db3-88ca-968e1892162f","D10","ARIK","ARIK.AOS.reach","2016-07-13T15:24Z","2017-01-17","ARIK.20160713.KICKNET.3",,"NE(10)816-3-OLI","ENCSP1","Y","Enchytraeidae sp.",,"family","Annelida","Clitellata","Oligochaeta","Oligochaeta",,,"Enchytraeida",,,,"Enchytraeidae",,,,,"sp.",,"adult",2,,2,100,2,"N","Y",,"condition OK","Y",,"Kathman and Brinkhurst 1999","N","GEI Consultants Inc.","UR",,,"legacyData"
"7e473715-6872-4718-865a-495e7caa3612","D10","ARIK","ARIK.AOS.reach","2016-07-13T15:24Z","2017-03-01","ARIK.20160713.CORE.1",,,"NEMSP","Y","Nematoda sp.","Unid. Nematoda","phylum","Nematoda",,,,,,,,,,,,,,,"sp.",,"adult",4,,1,70,1,"N","Y",,"condition OK","Y",,"Smith 2001","N","GEI Consultants Inc.","UR",,,"legacyData"
"0f3fe2bc-bbbd-425b-bc66-8fce03a3649a","D10","ARIK","ARIK.AOS.reach","2016-07-13T15:24Z","2017-01-16","ARIK.20160713.KICKNET.1",,"NE(10)816-1-CHI","CONGR","Y","Conchapelopia/Thienemannimyia gr.",,"speciesGroup","Arthropoda","Hexapoda","Insecta",,"Neoptera","Holometabola","Diptera","Nematocera","Culicomorpha",,"Chironomidae","Tanypodinae","Pentaneurini",,,"gr.",,"larva",7,,4,30,13,"N","Y",,"condition OK","Y",,"Andersen et al. 2013","N","GEI Consultants Inc.","JC/UR",,,"legacyData"
"df65b580-5f8d-4893-8d67-3e38a021238c","D10","ARIK","ARIK.AOS.reach","2016-07-13T15:24Z","2017-01-17","ARIK.20160713.KICKNET.3",,,"CHRSP6","Y","Chrysops sp.",,"genus","Arthropoda","Hexapoda","Insecta","Pterygota","Neoptera","Holometabola","Diptera","Brachycera","Tabanomorpha",,"Tabanidae","Chrysopsinae","Chrysopsini",,"Chrysops","sp.",,"larva",13,,1,100,1,"N","Y",,"condition OK","Y",,"Merritt et al. 2008","N","GEI Consultants Inc.","KG",,,"legacyData"
"f7326da6-34d4-4e1b-a1ab-3e9ed304f883","D10","ARIK","ARIK.AOS.reach","2016-07-13T15:24Z","2017-01-04","ARIK.20160713.KICKNET.4",,"NE(10)816-4-CHI","DICSP7","Y","Dicrotendipes sp.",,"genus","Arthropoda","Hexapoda","Insecta","Pterygota","Neoptera","Holometabola","Diptera","Nematocera","Culicomorpha",,"Chironomidae","Chironominae","Chironomini",,"Dicrotendipes","sp.",,"larva",2,,5,30,17,"N","Y",,"condition OK","Y",,"Andersen et al. 2013","N","GEI Consultants Inc.","JC/UR",,,"legacyData"
"26a417a7-d909-4073-b3df-ddfe75db74df","D10","ARIK","ARIK.AOS.reach","2016-07-13T15:24Z","2017-01-03","ARIK.20160713.KICKNET.1",,"NE(10)816-1-CHI","TANSP11","Y","Tanytarsus sp.",,"genus","Arthropoda","Hexapoda","Insecta","Pterygota","Neoptera","Holometabola","Diptera","Nematocera","Culicomorpha",,"Chironomidae","Chironominae","Tanytarsini",,"Tanytarsus","sp.",,"larva",,,11,20,55,"N","Y",,"damaged, affecting analysis","Y",,"Andersen et al. 2013","N","GEI Consultants Inc.","JC/UR","Posterior abdomen missing",,
"5d2aedba-e697-4941-a07e-f9646d63edf7","D10","ARIK","ARIK.AOS.reach","2016-07-13T15:24Z","2017-01-16","ARIK.20160713.KICKNET.2",,,"AULSP","Y","Aulodrilus sp.",,"genus","Annelida","Clitellata","Oligochaeta","Oligochaeta",,,"Tubificida",,,,"Naididae","Tubificinae",,,"Aulodrilus","sp.",,"adult",3,,4,30,13,"N","N",,"condition OK","Y",,"Kathman and Brinkhurst 1999","N","GEI Consultants Inc.","UR",,,"legacyData"
"43ea03d4-c1a4-4ec1-a31a-dc2f956f7551","D10","ARIK","ARIK.AOS.reach","2016-07-13T15:24Z","2017-01-17","ARIK.20160713.KICKNET.3",,,"PISSP2","Y","Pisidiidae sp.",,"family","Mollusca",,"Bivalvia","Heterodonta",,,"Veneroida",,,"Corbiculoidea","Pisidiidae",,,,,"sp.",,"adult",3,,6,100,6,"Y","Y",,"condition OK","Y",,"Thorp and Rogers 2016","N","GEI Consultants Inc.","KG",,,"legacyData"
"2033ea60-339d-4737-9f32-2410d7648f2c","D10","ARIK","ARIK.AOS.reach","2016-07-13T15:24Z","2017-02-10","ARIK.20160713.KICKNET.2",,,"NEUSP4","Y","Neumania sp.",,"genus","Arthropoda","Chelicerata","Arachnida","Acari",,"Acariformes","Trombidiformes","Prostigmata",,"Hygrobatoidea","Unionicolidae",,,,"Neumania","sp.",,"adult",1,,1,30,3,"N","Y",,"condition OK","Y",,"Thorp and Rogers 2016","N","GEI Consultants Inc.","KG",,,"legacyData"
"083cae0e-03f6-4756-b0e0-e7124d564e5c","D10","ARIK","ARIK.AOS.reach","2016-07-13T15:24Z","2017-01-16","ARIK.20160713.KICKNET.1",,,"BERSP4","Y","Berosus sp.",,"genus","Arthropoda","Hexapoda","Insecta","Pterygota","Neoptera","Holometabola","Coleoptera","Polyphaga","Staphyliniformia","Hydrophiloidea","Hydrophilidae","Hydrophilinae","Berosini",,"Berosus","sp.",,"larva",2,,1,20,5,"N","Y",,"condition OK","Y",,"Merritt et al. 2008","N","GEI Consultants Inc.","KG",,,"legacyData"
"b1b074a2-d59a-4932-bbfe-79cc196a3b3f","D10","ARIK","ARIK.AOS.reach","2016-07-13T15:24Z","2017-02-23","ARIK.20160713.KICKNET.4",,,"CERSP10","Y","Ceratopogoninae sp.",,"subfamily","Arthropoda","Hexapoda","Insecta","Pterygota","Neoptera","Holometabola","Diptera","Nematocera","Culicomorpha",,"Ceratopogonidae","Ceratopogoninae",,,,"sp.",,"larva",5,,1,30,3,"N","Y",,"condition OK","Y",,"Merritt et al. 2008","N","GEI Consultants Inc.","KG",,,"legacyData"
"eeefec2d-d361-4da0-adaf-4ab35f43eb00","D10","ARIK","ARIK.AOS.reach","2016-07-13T15:24Z","2017-01-03","ARIK.20160713.KICKNET.3",,"NE(10)816-3-CHI","PARSP33","Y","Paratendipes sp.",,"genus","Arthropoda","Hexapoda","Insecta","Pterygota","Neoptera","Holometabola","Diptera","Nematocera","Culicomorpha",,"Chironomidae","Chironominae","Chironomini",,"Paratendipes","sp.",,"larva",,,5,70,7,"N","Y",,"damaged, affecting analysis","Y",,"Andersen et al. 2013","N","GEI Consultants Inc.","JC/UR","Posterior abdomen missing",,
"72862c58-9582-4aaf-88f4-37a89b46513f","D10","ARIK","ARIK.AOS.reach","2016-07-13T15:24Z","2017-01-16","ARIK.20160713.KICKNET.1",,"NE(10)816-1-CHI","LARSP","Y","Larsia sp.",,"genus","Arthropoda","Hexapoda","Insecta","Pterygota","Neoptera","Holometabola","Diptera","Nematocera","Culicomorpha",,"Chironomidae","Tanypodinae","Pentaneurini",,"Larsia","sp.",,"larva",2,,4,30,13,"N","Y",,"condition OK","Y",,"Andersen et al. 2013","N","GEI Consultants Inc.","JC/UR",,,"legacyData"
"55d03ee4-0bb9-49c9-8e44-b55e66879d66","D10","ARIK","ARIK.AOS.reach","2016-07-13T15:24Z","2017-02-28","ARIK.20160713.KICKNET.5",,,"NEMSP","Y","Nematoda sp.","Unid. Nematoda","phylum","Nematoda",,,,,,,,,,,,,,,"sp.",,"adult",3,,5,30,17,"N","Y",,"condition OK","Y",,"Smith 2001","Y","GEI Consultants Inc.","KG",,,"legacyData"
"be701d63-efa0-40f0-937b-ac261f8e0cfc","D10","ARIK","ARIK.AOS.reach","2016-07-13T15:24Z","2017-02-10","ARIK.20160713.KICKNET.2",,,"PHYSP7","Y","Physa sp.",,"genus","Mollusca",,"Gastropoda",,,,"Basommatophora",,,,"Physidae",,,,"Physa","sp.",,"adult",3,,1,30,3,"Y","Y",,"condition OK","Y",,"Thorp and Rogers 2016","N","GEI Consultants Inc.","KG",,,"legacyData"
"984c825d-9281-42cc-8e77-a4d2ece0cf29","D10","ARIK","ARIK.AOS.reach","2016-07-13T15:24Z","2017-03-01","ARIK.20160713.CORE.1",,,"COESP6","Y","Coenagrion/Enallagma sp.",,"speciesGroup","Arthropoda","Hexapoda","Insecta","Pterygota","Palaeoptera",,"Odonata","Zygoptera",,,"Coenagrionidae",,,,"Coenagrion/Enallagma","sp.",,"larva",8,,1,70,1,"Y","Y",,"condition OK","Y",,"Westfall and May 1990; Merritt et al. 2008","N","GEI Consultants Inc.","UR",,,"legacyData"
"6d62cdc5-efa3-4fe1-9d54-71ceb05cc6bd","D10","ARIK","ARIK.AOS.reach","2016-07-13T15:24Z","2017-01-17","ARIK.20160713.KICKNET.3",,,"BERSP4","Y","Berosus sp.",,"genus","Arthropoda","Hexapoda","Insecta","Pterygota","Neoptera","Holometabola","Coleoptera","Polyphaga","Staphyliniformia","Hydrophiloidea","Hydrophilidae","Hydrophilinae","Berosini",,"Berosus","sp.",,"larva",2,,1,100,1,"N","Y",,"condition OK","Y",,"Merritt et al. 2008","N","GEI Consultants Inc.","KG",,,"legacyData"
"c7d76554-ea42-4e76-8d3e-14a836ae85c3","D10","ARIK","ARIK.AOS.reach","2016-07-13T15:24Z","2017-01-03","ARIK.20160713.KICKNET.2",,"NE(10)816-2","PROSP23","Y","Procladius sp.",,"genus","Arthropoda","Hexapoda","Insecta","Pterygota","Neoptera","Holometabola","Diptera","Nematocera","Culicomorpha",,"Chironomidae","Tanypodinae","Procladiini",,"Procladius","sp.",,"larva",7,,3,30,10,"N","Y",,"condition OK","Y",,"Andersen et al. 2013","N","GEI Consultants Inc.","JC/UR",,,"legacyData"
"1a7cf289-52b3-499b-9ec7-1b2538387733","D10","ARIK","ARIK.AOS.reach","2016-07-13T15:24Z","2017-02-28","ARIK.20160713.KICKNET.5",,,"TROAFF","Y","Tropisternus affinis",,"species","Arthropoda","Hexapoda","Insecta","Pterygota","Neoptera","Holometabola","Coleoptera","Polyphaga","Staphyliniformia","Hydrophiloidea","Hydrophilidae","Hydrophilinae","Hydrophilini",,"Tropisternus","affinis",,"adult",12,,1,30,3,"N","N",,"condition OK","Y",,"Hilsenhoff 1995; Merritt et al. 2008","Y","GEI Consultants Inc.","KG",,,"legacyData"
"5a15c0f7-e4ce-43a1-9266-3e4998894cef","D10","ARIK","ARIK.AOS.reach","2016-07-13T15:24Z","2017-02-28","ARIK.20160713.KICKNET.5",,,"SIMSP1","Y","Simulium sp.",,"genus","Arthropoda","Hexapoda","Insecta","Pterygota","Neoptera","Holometabola","Diptera","Nematocera","Culicomorpha",,"Simuliidae","Simuliinae","Simuliini",,"Simulium","sp.",,"larva",3,,1,30,3,"N","Y",,"condition OK","Y",,"Adler et al. 2004; Merritt et al. 2008","Y","GEI Consultants Inc.","KG",,,"legacyData"
"2dbf2030-e90a-436c-bafb-aceee3fb5ff0","D10","ARIK","ARIK.AOS.reach","2016-07-13T15:24Z","2017-02-28","ARIK.20160713.KICKNET.5",,,"ODOSP6","Y","Odontomyia/Hedriodiscus sp.",,"speciesGroup","Arthropoda","Hexapoda","Insecta","Pterygota","Neoptera","Holometabola","Diptera","Brachycera","Stratiomyomorpha",,"Stratiomyidae","Stratiomyinae","Stratiomyini",,"Odontomyia/Hedriodiscus","sp.",,"larva",2,,3,30,10,"N","Y",,"condition OK","Y",,"James 1936; Merritt et al. 2008","Y","GEI Consultants Inc.","KG",,,"legacyData"
"22b07706-66dc-4225-a52b-9bb74f9e87ad","D10","ARIK","ARIK.AOS.reach","2016-07-13T15:24Z","2017-01-16","ARIK.20160713.KICKNET.1",,,"CAMSP1","Y","Cambaridae sp.",,"family","Arthropoda","Crustacea","Malacostraca","Eumalacostraca",,"Eucarida","Decapoda","Pleocyemata","Astacidea","Astacoidea","Cambaridae",,,,,"sp.",,"adult",23,,1,20,5,"N","N",,"condition OK","Y",,"Thorp and Rogers 2016","N","GEI Consultants Inc.","KG","Female",,"legacyData"
"83f4cb71-cd38-4412-b807-d34a1cde5af3","D10","ARIK","ARIK.AOS.reach","2016-07-13T15:24Z","2017-01-17","ARIK.20160713.KICKNET.3",,,"PISSP2","Y","Pisidiidae sp.",,"family","Mollusca",,"Bivalvia","Heterodonta",,,"Veneroida",,,"Corbiculoidea","Pisidiidae",,,,,"sp.",,"adult",1,,18,100,18,"Y","Y",,"condition OK","Y",,"Thorp and Rogers 2016","N","GEI Consultants Inc.","KG",,,"legacyData"
"a10cfde2-ee87-438e-b440-9e2f43651c9a","D10","ARIK","ARIK.AOS.reach","2016-07-13T15:24Z","2017-01-04","ARIK.20160713.CORE.1",,"NE(10)816-6-CHI","TANSP11","Y","Tanytarsus sp.",,"genus","Arthropoda","Hexapoda","Insecta","Pterygota","Neoptera","Holometabola","Diptera","Nematocera","Culicomorpha",,"Chironomidae","Chironominae","Tanytarsini",,"Tanytarsus","sp.",,"larva",3,,1,70,1,"N","Y",,"condition OK","Y",,"Andersen et al. 2013","N","GEI Consultants Inc.","JC/UR",,,"legacyData"
"d804f189-5fcb-4a9a-b785-8668b4dfb40d","D10","ARIK","ARIK.AOS.reach","2016-07-13T15:24Z","2017-03-01","ARIK.20160713.CORE.3",,,"BAESP","Y","Baetidae sp.",,"family","Arthropoda","Hexapoda","Insecta","Pterygota","Palaeoptera",,"Ephemeroptera","Pisciforma",,,"Baetidae",,,,,"sp.",,"larva",,,1,100,1,"N","Y",,"damaged, affecting analysis","Y",,"Merritt et al. 2008","N","GEI Consultants Inc.","KG","Missing abdomen; probably Fallceon quilleri",,
"baf6df5d-5fbb-46f6-a246-acebf86f5ce0","D10","ARIK","ARIK.AOS.reach","2016-07-13T15:24Z","2017-03-01","ARIK.20160713.CORE.3",,,"COESP","Y","Coenagrionidae sp.",,"family","Arthropoda","Hexapoda","Insecta","Pterygota","Palaeoptera",,"Odonata","Zygoptera",,,"Coenagrionidae",,,,,"sp.",,"larva",3,,1,70,1,"Y","Y",,"damaged, affecting analysis","Y",,"Merritt et al. 2008","N","GEI Consultants Inc.","KG","Missing caudal gills",,"legacyData"
"bcb0dfee-ebf4-433d-aafb-33f385cc8c64","D10","ARIK","ARIK.AOS.reach","2016-07-13T15:24Z","2017-01-16","ARIK.20160713.KICKNET.1",,,"NEMSP","Y","Nematoda sp.","Unid. Nematoda","phylum","Nematoda",,,,,,,,,,,,,,,"sp.",,"adult",4,,1,20,5,"N","Y",,"condition OK","Y",,"Smith 2001","N","GEI Consultants Inc.","KG",,,"legacyData"
"b9c637ea-8f47-4a04-85a4-f88ba8cdf467","D10","ARIK","ARIK.AOS.reach","2016-07-13T15:24Z","2017-01-03","ARIK.20160713.KICKNET.2",,"NE(10)816-2","HYDSP26","Y","Hydrobaenus sp.",,"genus","Arthropoda","Hexapoda","Insecta","Pterygota","Neoptera","Holometabola","Diptera","Nematocera","Culicomorpha",,"Chironomidae","Orthocladiinae",,,"Hydrobaenus","sp.",,"larva",2,,3,30,10,"N","Y",,"condition OK","Y",,"Andersen et al. 2013","N","GEI Consultants Inc.","JC/UR",,,"legacyData"
"0eba6eda-454c-48a1-8d24-98747e0286d3","D10","ARIK","ARIK.AOS.reach","2016-07-13T15:24Z","2017-02-28","ARIK.20160713.KICKNET.5",,,"BAESP","Y","Baetidae sp.",,"family","Arthropoda","Hexapoda","Insecta","Pterygota","Palaeoptera",,"Ephemeroptera","Pisciforma",,,"Baetidae",,,,,"sp.",,"larva",3,,1,30,3,"Y","Y",,"condition OK","Y",,"Merritt et al. 2008","Y","GEI Consultants Inc.","KG","Probably Fallceon quilleri",,"legacyData"
"204dd3e3-6498-4e40-8212-e1dd2a24e356","D10","ARIK","ARIK.AOS.reach","2016-07-13T15:24Z","2017-01-17","ARIK.20160713.CORE.2",,"NE(10)816-7-OLI2","LUMSP6","Y","Lumbriculus sp.",,"genus","Annelida","Clitellata","Oligochaeta","Oligochaeta",,,"Lumbriculida",,,,"Lumbriculidae",,,,"Lumbriculus","sp.",,"adult",,,1,100,1,"N","N",,"damaged, affecting analysis","Y",,"Kathman and Brinkhurst 1999","N","GEI Consultants Inc.","UR","Posterior segments missing",,
"36da06c3-f8f3-4a1a-8464-7de523b2b838","D10","ARIK","ARIK.AOS.reach","2016-07-13T15:24Z","2017-01-04","ARIK.20160713.CORE.1",,"NE(10)816-6-CHI","CHISP6","Y","Chironomini sp.",,"tribe","Arthropoda","Hexapoda","Insecta","Pterygota","Neoptera","Holometabola","Diptera","Nematocera","Culicomorpha",,"Chironomidae","Chironominae","Chironomini",,,"sp.",,"larva",1,,2,70,3,"Y","N",,"damaged, affecting analysis","Y",,"Andersen et al. 2013","N","GEI Consultants Inc.","JC/UR","1 Harnischia complex, the other is not a distinct taxa.",,"legacyData"
"2bee5516-44fb-43a5-84c2-def16885d7a0","D10","ARIK","ARIK.AOS.reach","2016-07-13T15:24Z","2017-01-16","ARIK.20160713.KICKNET.1",,"NE(10)816-1-CHI","DIPSP9","Y","Diplocladius sp.",,"genus","Arthropoda","Hexapoda","Insecta","Pterygota","Neoptera","Holometabola","Diptera","Nematocera","Culicomorpha",,"Chironomidae","Orthocladiinae",,,"Diplocladius","sp.",,"larva",1,,4,30,13,"N","Y",,"condition OK","Y",,"Andersen et al. 2013","N","GEI Consultants Inc.","JC/UR",,,"legacyData"
"3f29e36e-b9f0-4685-937e-02db8d0d01c4","D10","ARIK","ARIK.AOS.reach","2016-07-13T15:24Z","2017-01-04","ARIK.20160713.KICKNET.5",,"NE(10)816-5-CHI","CONGR","Y","Conchapelopia/Thienemannimyia gr.",,"speciesGroup","Arthropoda","Hexapoda","Insecta",,"Neoptera","Holometabola","Diptera","Nematocera","Culicomorpha",,"Chironomidae","Tanypodinae","Pentaneurini",,,"gr.",,"larva",2,,10,30,33,"N","Y",,"condition OK","Y",,"Andersen et al. 2013","N","GEI Consultants Inc.","JC/UR",,,"legacyData"
"0f59b876-d38e-42ea-86ce-04a15de930e3","D10","ARIK","ARIK.AOS.reach","2016-07-13T15:24Z","2017-02-28","ARIK.20160713.KICKNET.5",,,"BEZSP1","Y","Bezzia/Palpomyia sp.",,"speciesGroup","Arthropoda","Hexapoda","Insecta","Pterygota","Neoptera","Holometabola","Diptera","Nematocera","Culicomorpha",,"Ceratopogonidae","Ceratopogoninae","Palpomyiini",,"Bezzia/Palpomyia","sp.",,"larva",8,,1,30,3,"N","Y",,"condition OK","Y",,"Merritt et al. 2008","Y","GEI Consultants Inc.","KG",,,"legacyData"
"17f4244d-7fab-46f9-9fbe-9403713bb4ee","D10","ARIK","ARIK.AOS.reach","2016-07-13T15:24Z","2017-01-17","ARIK.20160713.CORE.3",,"NE(10)816-8-OLI","ILYSP4","Y","Ilyodrilus sp.",,"genus","Annelida","Clitellata","Oligochaeta","Oligochaeta",,,"Tubificida",,,,"Naididae","Tubificinae",,,"Ilyodrilus","sp.",,"adult",,,3,100,3,"N","N",,"damaged, affecting analysis","Y",,"Kathman and Brinkhurst 1999","N","GEI Consultants Inc.","UR","Posterior segments missing",,
"52cf6719-3e25-4405-9246-62568c79800c","D10","ARIK","ARIK.AOS.reach","2016-07-13T15:24Z","2017-01-04","ARIK.20160713.KICKNET.5",,"NE(10)816-5-CHI","CONGR","Y","Conchapelopia/Thienemannimyia gr.",,"speciesGroup","Arthropoda","Hexapoda","Insecta",,"Neoptera","Holometabola","Diptera","Nematocera","Culicomorpha",,"Chironomidae","Tanypodinae","Pentaneurini",,,"gr.",,"larva",3,,5,30,17,"N","Y",,"condition OK","Y",,"Andersen et al. 2013","N","GEI Consultants Inc.","JC/UR",,,"legacyData"
"da3594d8-e255-447f-994c-b617ef6ab02e","D10","ARIK","ARIK.AOS.reach","2016-07-13T15:24Z","2017-01-04","ARIK.20160713.KICKNET.4",,"NE(10)816-4-CHI","PARSP34","Y","Paratanytarsus sp.",,"genus","Arthropoda","Hexapoda","Insecta","Pterygota","Neoptera","Holometabola","Diptera","Nematocera","Culicomorpha",,"Chironomidae","Chironominae","Tanytarsini",,"Paratanytarsus","sp.",,"larva",,,5,20,25,"N","Y",,"damaged, affecting analysis","Y",,"Andersen et al. 2013","N","GEI Consultants Inc.","JC/UR","Posterior abdomen missing",,
"30a9f585-57cf-49d9-9f25-04b4e23dbd19","D10","ARIK","ARIK.AOS.reach","2016-07-13T15:24Z","2017-02-10","ARIK.20160713.KICKNET.2",,,"PHYSP7","Y","Physa sp.",,"genus","Mollusca",,"Gastropoda",,,,"Basommatophora",,,,"Physidae",,,,"Physa","sp.",,"adult",2,,3,30,10,"Y","Y",,"condition OK","Y",,"Thorp and Rogers 2016","N","GEI Consultants Inc.","KG",,,"legacyData"
"6d78e520-0858-4a1e-a7cb-8c2b2fcdee01","D10","ARIK","ARIK.AOS.reach","2016-07-13T15:24Z","2017-02-28","ARIK.20160713.KICKNET.5",,,"CAEPUN","Y","Caenis punctata",,"species","Arthropoda","Hexapoda","Insecta","Pterygota","Palaeoptera",,"Ephemeroptera","Furcatergalia","Pannota","Caenoidea","Caenidae","Caeninae",,,"Caenis","punctata",,"larva",7,,3,30,10,"N","N",,"condition OK","Y",,"Provonsha 1990; Merritt et al. 2008","Y","GEI Consultants Inc.","KG","1 in poor condition",,"legacyData"
"3bdd761d-3e06-467a-9723-f1fd60b0fa5b","D10","ARIK","ARIK.AOS.reach","2016-07-13T15:24Z","2017-02-23","ARIK.20160713.KICKNET.4",,"NE(10)816-4-CHI","CHISP2","Y","Chironomidae sp.",,"family","Arthropoda","Hexapoda","Insecta","Pterygota","Neoptera","Holometabola","Diptera","Nematocera","Culicomorpha",,"Chironomidae",,,,,"sp.",,"pupa",3,,1,30,3,"N","Y",,"condition OK","N",,"Merritt et al. 2008","N","GEI Consultants Inc.","KG",,,"legacyData"
"95794fd6-fd70-4125-88e5-03cdfb90f8a9","D10","ARIK","ARIK.AOS.reach","2016-07-13T15:24Z","2017-02-10","ARIK.20160713.KICKNET.2",,,"PODAQU","Y","Podura aquatica",,"species","Arthropoda","Hexapoda","Collembola",,,,"Collembola","Poduromorpha",,"Poduroidea","Poduridae",,,,"Podura","aquatica",,"adult",1,"1b",3,30,10,"N","N",,"condition OK","Y",,"Merritt et al. 2008","N","GEI Consultants Inc.","KG",,,"legacyData"
"a362ffe7-673e-4820-936a-b2d67da60e79","D10","ARIK","ARIK.AOS.reach","2016-07-13T15:24Z","2017-01-17","ARIK.20160713.CORE.3",,"NE(10)816-8-OLI","LIMSP31","Y","Limnodrilus sp.",,"genus","Annelida","Clitellata","Oligochaeta","Oligochaeta",,,"Tubificida",,,,"Naididae","Tubificinae",,,"Limnodrilus","sp.",,"adult",,,1,100,1,"N","N",,"damaged, affecting analysis","Y",,"Kathman and Brinkhurst 1999","N","GEI Consultants Inc.","UR","Posterior segments missing",,
"8c8f571b-56d7-4115-a75f-49aa6e796a86","D10","ARIK","ARIK.AOS.reach","2016-07-13T15:24Z","2017-01-04","ARIK.20160713.KICKNET.4",,"NE(10)816-4-CHI","CLASP6","Y","Cladotanytarsus sp.",,"genus","Arthropoda","Hexapoda","Insecta","Pterygota","Neoptera","Holometabola","Diptera","Nematocera","Culicomorpha",,"Chironomidae","Chironominae","Tanytarsini",,"Cladotanytarsus","sp.",,"larva",,,5,20,25,"N","Y",,"damaged, affecting analysis","Y",,"Andersen et al. 2013","N","GEI Consultants Inc.","JC/UR","Posterior abdomen missing",,
"8e0e87f8-2822-4940-a5c7-a7cd66fa1d4c","D10","ARIK","ARIK.AOS.reach","2016-07-13T15:24Z","2017-01-04","ARIK.20160713.CORE.2",,,"DICSP7","Y","Dicrotendipes sp.",,"genus","Arthropoda","Hexapoda","Insecta","Pterygota","Neoptera","Holometabola","Diptera","Nematocera","Culicomorpha",,"Chironomidae","Chironominae","Chironomini",,"Dicrotendipes","sp.",,"larva",2,,2,70,3,"N","Y",,"condition OK","Y",,"Andersen et al. 2013","N","GEI Consultants Inc.","JC/UR",,,"legacyData"
"aeec064f-d3c7-4680-b65c-d0935a61060b","D10","ARIK","ARIK.AOS.reach","2016-07-13T15:24Z","2017-02-28","ARIK.20160713.KICKNET.5",,,"TURSP","Y","Turbellaria sp.","Unid. Turbellaria","class","Platyhelminthes",,"Turbellaria",,,,,,,,,,,,,"sp.",,"adult",,,8,20,40,"N","Y",,"damaged, affecting analysis","Y",,"Smith 2001","Y","GEI Consultants Inc.","KG","Missing posterior end; Girardia sp.",,
"1f16a003-15e0-4398-b1e7-0f75e9a769f8","D10","ARIK","ARIK.AOS.reach","2016-07-13T15:24Z","2017-01-03","ARIK.20160713.KICKNET.2",,"NE(10)816-2","PROSP23","Y","Procladius sp.",,"genus","Arthropoda","Hexapoda","Insecta","Pterygota","Neoptera","Holometabola","Diptera","Nematocera","Culicomorpha",,"Chironomidae","Tanypodinae","Procladiini",,"Procladius","sp.",,"larva",5,,10,30,33,"N","Y",,"condition OK","Y",,"Andersen et al. 2013","N","GEI Consultants Inc.","JC/UR",,,"legacyData"
"35ac9a70-24bf-4924-baa8-9c1187f8c796","D10","ARIK","ARIK.AOS.reach","2016-07-13T15:24Z","2017-01-17","ARIK.20160713.KICKNET.5",,"NE(10)816-5-OLI","LUMSP6","Y","Lumbriculus sp.",,"genus","Annelida","Clitellata","Oligochaeta","Oligochaeta",,,"Lumbriculida",,,,"Lumbriculidae",,,,"Lumbriculus","sp.",,"adult",,,13,20,65,"N","N",,"damaged, affecting analysis","Y",,"Kathman and Brinkhurst 1999","N","GEI Consultants Inc.","UR","Posterior segments missing",,
"d096e145-0283-44c2-9475-4ae6cbc36412","D10","ARIK","ARIK.AOS.reach","2016-07-13T15:24Z","2017-01-17","ARIK.20160713.KICKNET.3",,"NE(10)816-3-CHI","CONGR","Y","Conchapelopia/Thienemannimyia gr.",,"speciesGroup","Arthropoda","Hexapoda","Insecta",,"Neoptera","Holometabola","Diptera","Nematocera","Culicomorpha",,"Chironomidae","Tanypodinae","Pentaneurini",,,"gr.",,"larva",5,,5,100,5,"N","Y",,"condition OK","Y",,"Andersen et al. 2013","N","GEI Consultants Inc.","JC/UR",,,"legacyData"
"b34553dd-7f90-46cf-bad4-5d24898572b0","D10","ARIK","ARIK.AOS.reach","2016-07-13T15:24Z","2017-01-03","ARIK.20160713.KICKNET.2",,"NE(10)816-2","CRIBIC1","Y","Cricotopus bicinctus",,"species","Arthropoda","Hexapoda","Insecta","Pterygota","Neoptera","Holometabola","Diptera","Nematocera","Culicomorpha",,"Chironomidae","Orthocladiinae",,,"Cricotopus","bicinctus",,"larva",,,3,100,3,"N","N",,"damaged, affecting analysis","Y",,"Andersen et al. 2013","N","GEI Consultants Inc.","JC/UR","Posterior abdomen missing",,
"e9d7ac8a-e50f-48f7-b202-908886140c73","D10","ARIK","ARIK.AOS.reach","2016-07-13T15:24Z","2017-02-28","ARIK.20160713.CORE.2",,,"NEMSP","Y","Nematoda sp.","Unid. Nematoda","phylum","Nematoda",,,,,,,,,,,,,,,"sp.",,"adult",,,11,100,11,"N","Y",,"damaged, affecting analysis","Y",,"Smith 2001","N","GEI Consultants Inc.","KG","Missing posterior end",,
"12cfbf64-2b48-4f41-b688-558c4871cbc3","D10","ARIK","ARIK.AOS.reach","2016-07-13T15:24Z","2017-02-10","ARIK.20160713.KICKNET.2",,,"COESP","Y","Coenagrionidae sp.",,"family","Arthropoda","Hexapoda","Insecta","Pterygota","Palaeoptera",,"Odonata","Zygoptera",,,"Coenagrionidae",,,,,"sp.",,"larva",2,,2,30,7,"Y","Y",,"condition OK","Y",,"Merritt et al. 2008","N","GEI Consultants Inc.","KG",,,"legacyData"
"4fdb1277-61ac-4ddf-9496-c7930a263629","D10","ARIK","ARIK.AOS.reach","2016-07-13T15:24Z","2017-02-07","ARIK.20160713.KICKNET.1",,,"TURSP","Y","Turbellaria sp.","Unid. Turbellaria","class","Platyhelminthes",,"Turbellaria",,,,,,,,,,,,,"sp.",,"adult",,,3,20,15,"N","Y",,"damaged, affecting analysis","Y",,"Smith 2001","N","GEI Consultants Inc.","KG","Missing posterior end; Girardia sp.",,
"4d2d50af-0e6e-4afe-b1db-78532a17edf5","D10","ARIK","ARIK.AOS.reach","2016-07-13T15:24Z","2017-02-23","ARIK.20160713.KICKNET.4",,,"PHYSP7","Y","Physa sp.",,"genus","Mollusca",,"Gastropoda",,,,"Basommatophora",,,,"Physidae",,,,"Physa","sp.",,"adult",1,,6,100,6,"Y","Y",,"condition OK","Y",,"Thorp and Rogers 2016","N","GEI Consultants Inc.","KG",,,"legacyData"
"ff2f67c1-5b75-4671-a36d-55a8a8c7cf92","D10","ARIK","ARIK.AOS.reach","2016-07-13T15:24Z","2017-01-04","ARIK.20160713.KICKNET.4",,"NE(10)816-4-CHI","CONGR","Y","Conchapelopia/Thienemannimyia gr.",,"speciesGroup","Arthropoda","Hexapoda","Insecta",,"Neoptera","Holometabola","Diptera","Nematocera","Culicomorpha",,"Chironomidae","Tanypodinae","Pentaneurini",,,"gr.",,"larva",,,5,20,25,"N","Y",,"damaged, affecting analysis","Y",,"Andersen et al. 2013","N","GEI Consultants Inc.","JC/UR","Posterior abdomen missing",,
"197a2874-6531-42f0-9da3-d4b5b7bf25fa","D10","ARIK","ARIK.AOS.reach","2016-07-13T15:24Z","2017-01-04","ARIK.20160713.CORE.3",,"NE(10)816-8-CHI","ORTGR","Y","Orthocladius/Cricotopus gr.",,"speciesGroup","Arthropoda","Hexapoda","Insecta",,"Neoptera","Holometabola","Diptera","Nematocera","Culicomorpha",,"Chironomidae","Orthocladiinae",,,,"gr.",,"larva",1,,2,70,3,"Y","Y",,"condition OK","Y",,"Andersen et al. 2013","N","GEI Consultants Inc.","JC/UR",,,"legacyData"
"404f405d-83d9-416b-a6a1-25c0419e676d","D10","ARIK","ARIK.AOS.reach","2016-07-13T15:24Z","2017-01-04","ARIK.20160713.KICKNET.4",,"NE(10)816-4-CHI","PENSP6","Y","Pentaneurini sp.",,"tribe","Arthropoda","Hexapoda","Insecta","Pterygota","Neoptera","Holometabola","Diptera","Nematocera","Culicomorpha",,"Chironomidae","Tanypodinae","Pentaneurini",,,"sp.",,"larva",4,,5,30,17,"N","N",,"damaged, affecting analysis","N",,"Andersen et al. 2013","N","GEI Consultants Inc.","JC/UR","Air bubbles in head capsule, likely Conchapelopia/Thienemannimyia gr.",,"legacyData"
"8efea8ee-290a-4c50-94ae-044b5a57cb4e","D10","ARIK","ARIK.AOS.reach","2016-07-13T15:24Z","2017-02-23","ARIK.20160713.KICKNET.4",,"NE(10)816-4-OLI","PLAORN","Y","Placobdella ornata",,"species","Annelida","Clitellata","Hirudinea","Hirudinea","Euhirudinea",,"Rhynchobdellida",,,,"Glossiphoniidae","Glossiphoniinae",,,"Placobdella","ornata",,"adult",33,,1,100,1,"N","N",,"condition OK","Y",,"Klemm 1985; Thorp and Rogers 2016","N","GEI Consultants Inc.","KG",,,"legacyData"
"20685940-e70b-4116-b1a1-c91eb5c243a4","D10","ARIK","ARIK.AOS.reach","2016-07-13T15:24Z","2017-02-28","ARIK.20160713.KICKNET.5",,,"ODOSP6","Y","Odontomyia/Hedriodiscus sp.",,"speciesGroup","Arthropoda","Hexapoda","Insecta","Pterygota","Neoptera","Holometabola","Diptera","Brachycera","Stratiomyomorpha",,"Stratiomyidae","Stratiomyinae","Stratiomyini",,"Odontomyia/Hedriodiscus","sp.",,"larva",3,,1,30,3,"N","Y",,"condition OK","Y",,"James 1936; Merritt et al. 2008","Y","GEI Consultants Inc.","KG",,,"legacyData"
"e5a2b4f6-dc7d-428e-8865-5b62e95673eb","D10","ARIK","ARIK.AOS.reach","2016-07-13T15:24Z","2017-01-17","ARIK.20160713.CORE.2",,"NE(10)816-7-OLI2","NAISP","Y","Naididae sp.","Tubificidae without capilliform setae","family","Annelida","Clitellata","Oligochaeta","Oligochaeta",,,"Tubificida",,,,"Naididae",,,,,"sp.",,"adult",,,4,100,4,"Y","N",,"damaged, affecting analysis","Y",,"Kathman and Brinkhurst 1999","N","GEI Consultants Inc.","UR","Posterior segments missing",,
"2ce0775e-4000-4a44-ac80-e31bba08f535","D10","ARIK","ARIK.AOS.reach","2016-07-13T15:24Z","2017-02-28","ARIK.20160713.CORE.2",,,"NEMSP","Y","Nematoda sp.","Unid. Nematoda","phylum","Nematoda",,,,,,,,,,,,,,,"sp.",,"adult",5,,1,70,1,"N","Y",,"condition OK","Y",,"Smith 2001","N","GEI Consultants Inc.","KG",,,"legacyData"
"388be1bd-a7b1-4ad8-8f80-7ca6ea8dbda5","D10","ARIK","ARIK.AOS.reach","2016-07-13T15:24Z","2017-01-17","ARIK.20160713.KICKNET.3",,"NE(10)816-3-OLI","NAISP","Y","Naididae sp.","Tubificidae without capilliform setae","family","Annelida","Clitellata","Oligochaeta","Oligochaeta",,,"Tubificida",,,,"Naididae",,,,,"sp.",,"adult",,,4,70,6,"Y","N",,"damaged, affecting analysis","Y",,"Kathman and Brinkhurst 1999","N","GEI Consultants Inc.","UR","Posterior segments missing",,
"d0b878ec-9da7-4a23-ab85-74b99c498f8f","D10","ARIK","ARIK.AOS.reach","2016-07-13T15:24Z","2017-01-17","ARIK.20160713.KICKNET.3",,,"PHYSP7","Y","Physa sp.",,"genus","Mollusca",,"Gastropoda",,,,"Basommatophora",,,,"Physidae",,,,"Physa","sp.",,"adult",12,,1,100,1,"N","Y",,"condition OK","Y",,"Thorp and Rogers 2016","N","GEI Consultants Inc.","KG",,,"legacyData"
"ceb9012b-c29b-4b96-bed2-f746e6e4269e","D10","ARIK","ARIK.AOS.reach","2016-07-13T15:24Z","2017-01-04","ARIK.20160713.CORE.2",,,"TANSP11","Y","Tanytarsus sp.",,"genus","Arthropoda","Hexapoda","Insecta","Pterygota","Neoptera","Holometabola","Diptera","Nematocera","Culicomorpha",,"Chironomidae","Chironominae","Tanytarsini",,"Tanytarsus","sp.",,"larva",,,6,100,6,"N","Y",,"damaged, affecting analysis","Y",,"Andersen et al. 2013","N","GEI Consultants Inc.","JC/UR","Posterior abdomen missing",,
"346d8e71-9a15-400c-a35b-a50dfa96002c","D10","ARIK","ARIK.AOS.reach","2016-07-13T15:24Z","2017-02-07","ARIK.20160713.KICKNET.1",,,"EPHSP","Y","Ephemeroptera sp.","Unid. Ephemeroptera","order","Arthropoda","Hexapoda","Insecta","Pterygota","Palaeoptera",,"Ephemeroptera",,,,,,,,,"sp.",,"larva",,,2,20,10,"N","Y",,"damaged, affecting analysis","N",,"Merritt et al. 2008","N","GEI Consultants Inc.","KG","Heads only; probably Baetidae",,
"7b4766f5-81ae-4b51-9223-c829894d0a3e","D10","ARIK","ARIK.AOS.reach","2016-07-13T15:24Z","2017-02-28","ARIK.20160713.KICKNET.5",,,"TURSP","Y","Turbellaria sp.","Unid. Turbellaria","class","Platyhelminthes",,"Turbellaria",,,,,,,,,,,,,"sp.",,"adult",5,,4,30,13,"N","Y",,"condition OK","Y",,"Smith 2001","Y","GEI Consultants Inc.","KG","Girardia sp.",,"legacyData"
"9e2fe494-2430-42e7-8c16-e73f460f03bf","D10","ARIK","ARIK.AOS.reach","2016-07-13T15:24Z","2017-01-16","ARIK.20160713.KICKNET.1",,"NE(10)816-1","DERSP4","Y","Dero sp.",,"genus","Annelida","Clitellata","Oligochaeta","Oligochaeta",,,"Tubificida",,,,"Naididae","Naidinae",,,"Dero","sp.",,"adult",2,,35,30,117,"N","N",,"condition OK","Y",,"Kathman and Brinkhurst 1999","N","GEI Consultants Inc.","UR",,,"legacyData"
"5918bf40-c117-45b6-bc27-ad8b19645ad0","D10","ARIK","ARIK.AOS.reach","2016-07-13T15:24Z","2017-03-01","ARIK.20160713.CORE.1",,,"HYDSP3","Y","Hydrophilidae sp.",,"family","Arthropoda","Hexapoda","Insecta","Pterygota","Neoptera","Holometabola","Coleoptera","Polyphaga","Staphyliniformia","Hydrophiloidea","Hydrophilidae",,,,,"sp.",,"larva",2,,1,70,1,"Y","Y",,"condition OK","Y",,"Merritt et al. 2008","N","GEI Consultants Inc.","UR","Not Enochrus",,"legacyData"
"b1b8372c-4430-4172-b887-1ed05712ef20","D10","ARIK","ARIK.AOS.reach","2016-07-13T15:24Z","2017-01-04","ARIK.20160713.CORE.1",,"NE(10)816-6-CHI","ORTGR","Y","Orthocladius/Cricotopus gr.",,"speciesGroup","Arthropoda","Hexapoda","Insecta",,"Neoptera","Holometabola","Diptera","Nematocera","Culicomorpha",,"Chironomidae","Orthocladiinae",,,,"gr.",,"larva",1,,4,70,6,"N","Y",,"condition OK","Y",,"Andersen et al. 2013","N","GEI Consultants Inc.","JC/UR",,,"legacyData"
"780a4a51-3287-4314-acc9-43fd7c97142f","D10","ARIK","ARIK.AOS.reach","2016-07-13T15:24Z","2017-02-28","ARIK.20160713.KICKNET.5",,"NE(10)816-5-OLI","DINPAR","Y","Dina parva",,"species","Annelida","Clitellata","Hirudinea","Hirudinea","Euhirudinea",,"Arhynchobdellida","Erpobdelliformes",,,"Erpobdellidae",,,,"Dina","parva",,"adult",14,,1,30,3,"N","N",,"condition OK","Y",,"Siddall 2002; Thorp and Rogers 2016","Y","GEI Consultants Inc.","KG",,,"legacyData"
"700f1255-4e6e-4dfd-ac00-206c07edba1f","D10","ARIK","ARIK.AOS.reach","2016-07-13T15:24Z","2017-01-16","ARIK.20160713.KICKNET.2",,,"LIMSP31","Y","Limnodrilus sp.",,"genus","Annelida","Clitellata","Oligochaeta","Oligochaeta",,,"Tubificida",,,,"Naididae","Tubificinae",,,"Limnodrilus","sp.",,"adult",,,4,100,4,"N","N",,"damaged, affecting analysis","Y",,"Kathman and Brinkhurst 1999","N","GEI Consultants Inc.","UR","Posterior segments missing",,
"b6c12aba-1d8c-494d-abbd-7c671e5f429e","D10","ARIK","ARIK.AOS.reach","2016-07-13T15:24Z","2017-02-20","ARIK.20160713.KICKNET.3",,,"BAESP","Y","Baetidae sp.",,"family","Arthropoda","Hexapoda","Insecta","Pterygota","Palaeoptera",,"Ephemeroptera","Pisciforma",,,"Baetidae",,,,,"sp.",,"larva",,,4,70,6,"N","N",,"damaged, affecting analysis","N",,"Merritt et al. 2008","N","GEI Consultants Inc.","KG","2 missing abdomen and 2 heads only; probably Fallceon quilleri",,
"96472449-341f-4f2c-8b0d-ec6e57bd5a57","D10","ARIK","ARIK.AOS.reach","2016-07-13T15:24Z","2017-01-17","ARIK.20160713.KICKNET.3",,,"NEMSP","Y","Nematoda sp.","Unid. Nematoda","phylum","Nematoda",,,,,,,,,,,,,,,"sp.",,"adult",3,,9,100,9,"N","Y",,"condition OK","Y",,"Smith 2001","N","GEI Consultants Inc.","KG",,,"legacyData"
"157870b9-6cca-43b6-95e9-b25bcdd0f6fc","D10","ARIK","ARIK.AOS.reach","2016-07-13T15:24Z","2017-01-03","ARIK.20160713.KICKNET.1",,"NE(10)816-1-CHI","ORTGR","Y","Orthocladius/Cricotopus gr.",,"speciesGroup","Arthropoda","Hexapoda","Insecta",,"Neoptera","Holometabola","Diptera","Nematocera","Culicomorpha",,"Chironomidae","Orthocladiinae",,,,"gr.",,"larva",,,4,20,20,"N","Y",,"damaged, affecting analysis","Y",,"Andersen et al. 2013","N","GEI Consultants Inc.","JC/UR","Posterior abdomen missing",,
"228c13e0-c4f3-4c53-8f73-b249e41671e4","D10","ARIK","ARIK.AOS.reach","2016-07-13T15:24Z","2017-01-04","ARIK.20160713.KICKNET.4",,"NE(10)816-4-CHI","PARSP33","Y","Paratendipes sp.",,"genus","Arthropoda","Hexapoda","Insecta","Pterygota","Neoptera","Holometabola","Diptera","Nematocera","Culicomorpha",,"Chironomidae","Chironominae","Chironomini",,"Paratendipes","sp.",,"larva",3,,10,30,33,"N","Y",,"condition OK","Y",,"Andersen et al. 2013","N","GEI Consultants Inc.","JC/UR",,,"legacyData"
"0f21c71e-a3aa-42c6-8aed-13d515753cee","D10","ARIK","ARIK.AOS.reach","2016-07-13T15:24Z","2017-01-17","ARIK.20160713.CORE.3",,"NE(10)816-8-OLI","NAISP","Y","Naididae sp.","Tubificidae without capilliform setae","family","Annelida","Clitellata","Oligochaeta","Oligochaeta",,,"Tubificida",,,,"Naididae",,,,,"sp.",,"adult",,,6,100,6,"Y","N",,"damaged, affecting analysis","N",,"Kathman and Brinkhurst 1999","N","GEI Consultants Inc.","UR","Posterior segments missing",,
"48384530-c5a5-4072-a008-56dfc1d47018","D10","ARIK","ARIK.AOS.reach","2016-07-13T15:24Z","2017-01-04","ARIK.20160713.CORE.2",,,"CONGR","Y","Conchapelopia/Thienemannimyia gr.",,"speciesGroup","Arthropoda","Hexapoda","Insecta",,"Neoptera","Holometabola","Diptera","Nematocera","Culicomorpha",,"Chironomidae","Tanypodinae","Pentaneurini",,,"gr.",,"larva",2,,2,70,3,"N","Y",,"condition OK","Y",,"Andersen et al. 2013","N","GEI Consultants Inc.","JC/UR",,,"legacyData"
"ca57a350-e651-4b1f-b9df-7382ea801100","D10","ARIK","ARIK.AOS.reach","2016-07-13T15:24Z","2017-01-16","ARIK.20160713.KICKNET.1",,,"COESP","Y","Coenagrionidae sp.",,"family","Arthropoda","Hexapoda","Insecta","Pterygota","Palaeoptera",,"Odonata","Zygoptera",,,"Coenagrionidae",,,,,"sp.",,"larva",3,,2,30,7,"Y","Y",,"condition OK","Y",,"Merritt et al. 2008","N","GEI Consultants Inc.","KG",,,"legacyData"
"65882a8a-a927-4601-960b-884be56ab78a","D10","ARIK","ARIK.AOS.reach","2016-07-13T15:24Z","2017-02-23","ARIK.20160713.KICKNET.4",,,"COESP","Y","Coenagrionidae sp.",,"family","Arthropoda","Hexapoda","Insecta","Pterygota","Palaeoptera",,"Odonata","Zygoptera",,,"Coenagrionidae",,,,,"sp.",,"larva",,,9,20,45,"N","Y",,"damaged, affecting analysis","N",,"Merritt et al. 2008","N","GEI Consultants Inc.","KG","Missing abdomen",,
"11895d23-f483-4d23-858d-4e661e611669","D10","ARIK","ARIK.AOS.reach","2016-07-13T15:24Z","2017-01-16","ARIK.20160713.KICKNET.1",,,"PHYSP7","Y","Physa sp.",,"genus","Mollusca",,"Gastropoda",,,,"Basommatophora",,,,"Physidae",,,,"Physa","sp.",,"adult",2,,4,30,13,"N","Y",,"condition OK","Y",,"Thorp and Rogers 2016","N","GEI Consultants Inc.","KG",,,"legacyData"
"bdec2f2a-db53-49c8-be3a-a5eb3da67b74","D10","ARIK","ARIK.AOS.reach","2016-07-13T15:24Z","2017-02-23","ARIK.20160713.KICKNET.4",,,"PHYSP7","Y","Physa sp.",,"genus","Mollusca",,"Gastropoda",,,,"Basommatophora",,,,"Physidae",,,,"Physa","sp.",,"adult",9,,1,100,1,"N","Y",,"condition OK","Y",,"Thorp and Rogers 2016","N","GEI Consultants Inc.","KG","Probably Physa acuta",,"legacyData"
"8f946e80-5451-4548-91ec-018b55645248","D10","ARIK","ARIK.AOS.reach","2016-07-13T15:24Z","2017-02-28","ARIK.20160713.KICKNET.5",,,"HEMSP4","Y","Hemerodromia sp.",,"genus","Arthropoda","Hexapoda","Insecta","Pterygota","Neoptera","Holometabola","Diptera","Brachycera","Muscomorpha",,"Empididae","Hemerodromiinae","Hemerodromiini",,"Hemerodromia","sp.",,"larva",3,,1,30,3,"N","Y",,"condition OK","Y",,"Merritt et al. 2008","Y","GEI Consultants Inc.","KG",,,"legacyData"
"2942d5ca-45c6-4b2d-b9a3-04d4c1b76347","D10","ARIK","ARIK.AOS.reach","2016-07-13T15:24Z","2017-01-04","ARIK.20160713.CORE.1",,"NE(10)816-6-CHI","CLISP3","Y","Clinotanypus sp.",,"genus","Arthropoda","Hexapoda","Insecta","Pterygota","Neoptera","Holometabola","Diptera","Nematocera","Culicomorpha",,"Chironomidae","Tanypodinae","Coelotanypodini",,"Clinotanypus","sp.",,"larva",6,,1,70,1,"N","Y",,"condition OK","Y",,"Andersen et al. 2013","N","GEI Consultants Inc.","JC/UR",,,"legacyData"
"075be6b9-cd93-4f9f-9887-6ca7516e1dbc","D10","ARIK","ARIK.AOS.reach","2016-07-13T15:24Z","2017-01-04","ARIK.20160713.CORE.1",,"NE(10)816-6-CHI","HYDSP26","Y","Hydrobaenus sp.",,"genus","Arthropoda","Hexapoda","Insecta","Pterygota","Neoptera","Holometabola","Diptera","Nematocera","Culicomorpha",,"Chironomidae","Orthocladiinae",,,"Hydrobaenus","sp.",,"larva",2,,2,70,3,"N","Y",,"condition OK","Y",,"Andersen et al. 2013","N","GEI Consultants Inc.","JC/UR",,,"legacyData"
"a8feaa31-e759-4c01-8777-25bf65814217","D10","ARIK","ARIK.AOS.reach","2016-07-13T15:24Z","2017-01-16","ARIK.20160713.KICKNET.1",,"NE(10)816-1-CHI","DICSP7","Y","Dicrotendipes sp.",,"genus","Arthropoda","Hexapoda","Insecta","Pterygota","Neoptera","Holometabola","Diptera","Nematocera","Culicomorpha",,"Chironomidae","Chironominae","Chironomini",,"Dicrotendipes","sp.",,"larva",7,,4,30,13,"N","Y",,"condition OK","Y",,"Andersen et al. 2013","N","GEI Consultants Inc.","JC/UR",,,"legacyData"
"bc55e53c-182c-433a-8f51-76bea05e7062","D10","ARIK","ARIK.AOS.reach","2016-07-13T15:24Z","2017-01-04","ARIK.20160713.CORE.1",,"NE(10)816-6-CHI","DICSP7","Y","Dicrotendipes sp.",,"genus","Arthropoda","Hexapoda","Insecta","Pterygota","Neoptera","Holometabola","Diptera","Nematocera","Culicomorpha",,"Chironomidae","Chironominae","Chironomini",,"Dicrotendipes","sp.",,"larva",4,,1,70,1,"N","Y",,"condition OK","Y",,"Andersen et al. 2013","N","GEI Consultants Inc.","JC/UR",,,"legacyData"
"4f446d36-7424-42f3-a354-51c0bed2c256","D10","ARIK","ARIK.AOS.reach","2016-07-13T15:24Z","2017-01-17","ARIK.20160713.KICKNET.3",,,"PHYSP7","Y","Physa sp.",,"genus","Mollusca",,"Gastropoda",,,,"Basommatophora",,,,"Physidae",,,,"Physa","sp.",,"adult",5,,1,100,1,"N","Y",,"condition OK","Y",,"Thorp and Rogers 2016","N","GEI Consultants Inc.","KG",,,"legacyData"
"bcb10d6f-f967-412e-bce1-203f6c7277c6","D10","ARIK","ARIK.AOS.reach","2016-07-13T15:24Z","2017-01-04","ARIK.20160713.KICKNET.5",,"NE(10)816-5-CHI","LIMSP23","Y","Limnophyes sp.",,"genus","Arthropoda","Hexapoda","Insecta","Pterygota","Neoptera","Holometabola","Diptera","Nematocera","Culicomorpha",,"Chironomidae","Orthocladiinae",,,"Limnophyes","sp.",,"larva",3,,5,30,17,"N","Y",,"condition OK","Y",,"Andersen et al. 2013","N","GEI Consultants Inc.","JC/UR",,,"legacyData"
"37517911-4617-476b-a42b-497a8e9c7d78","D10","ARIK","ARIK.AOS.reach","2016-07-13T15:24Z","2017-01-17","ARIK.20160713.KICKNET.3",,"NE(10)816-3-CHI","PROSP23","Y","Procladius sp.",,"genus","Arthropoda","Hexapoda","Insecta","Pterygota","Neoptera","Holometabola","Diptera","Nematocera","Culicomorpha",,"Chironomidae","Tanypodinae","Procladiini",,"Procladius","sp.",,"larva",6,,8,100,8,"N","Y",,"condition OK","Y",,"Andersen et al. 2013","N","GEI Consultants Inc.","JC/UR",,,"legacyData"
"bf2d9d17-49a2-4a2c-9435-85bca36d7374","D10","ARIK","ARIK.AOS.reach","2016-07-13T15:24Z","2017-02-23","ARIK.20160713.KICKNET.4",,,"FALQUI","Y","Fallceon quilleri",,"species","Arthropoda","Hexapoda","Insecta","Pterygota","Palaeoptera",,"Ephemeroptera","Pisciforma",,,"Baetidae",,,,"Fallceon","quilleri",,"larva",3,,2,100,2,"N","N",,"condition OK","Y",,"McCafferty et al. 1993; Merritt et al. 2008","N","GEI Consultants Inc.","KG","Missing legs",,"legacyData"
"a6834315-5da9-4b94-b747-021ed954e83c","D10","ARIK","ARIK.AOS.reach","2016-07-13T15:24Z","2017-02-28","ARIK.20160713.CORE.2",,,"CERSP10","Y","Ceratopogoninae sp.",,"subfamily","Arthropoda","Hexapoda","Insecta","Pterygota","Neoptera","Holometabola","Diptera","Nematocera","Culicomorpha",,"Ceratopogonidae","Ceratopogoninae",,,,"sp.",,"larva",3,,1,70,1,"Y","Y",,"condition OK","Y",,"Merritt et al. 2008","N","GEI Consultants Inc.","KG",,,"legacyData"
"59e0bd66-2054-4697-8367-0a6cfd516752","D10","ARIK","ARIK.AOS.reach","2016-07-13T15:24Z","2017-02-10","ARIK.20160713.KICKNET.2",,,"NEMSP","Y","Nematoda sp.","Unid. Nematoda","phylum","Nematoda",,,,,,,,,,,,,,,"sp.",,"adult",2,,9,30,30,"N","Y",,"condition OK","Y",,"Smith 2001","N","GEI Consultants Inc.","KG",,,"legacyData"
"8db22fb0-a9a3-4cd4-975c-598848b91d0a","D10","ARIK","ARIK.AOS.reach","2016-07-13T15:24Z","2017-01-17","ARIK.20160713.KICKNET.3",,"NE(10)816-3-OLI","PRISP1","Y","Pristina sp.",,"genus","Annelida","Clitellata","Oligochaeta","Oligochaeta",,,"Tubificida",,,,"Naididae","Pristininae",,,"Pristina","sp.",,"adult",,,1,70,1,"N","N",,"damaged, affecting analysis","Y",,"Kathman and Brinkhurst 1999","N","GEI Consultants Inc.","UR","Posterior segments missing",,
"e8819a06-2494-44a3-8872-df3ecdd5dacc","D10","ARIK","ARIK.AOS.reach","2016-07-13T15:24Z","2017-02-28","ARIK.20160713.KICKNET.5",,,"SIMSP1","Y","Simulium sp.",,"genus","Arthropoda","Hexapoda","Insecta","Pterygota","Neoptera","Holometabola","Diptera","Nematocera","Culicomorpha",,"Simuliidae","Simuliinae","Simuliini",,"Simulium","sp.",,"larva",6,,4,30,13,"N","Y",,"condition OK","Y",,"Adler et al. 2004; Merritt et al. 2008","Y","GEI Consultants Inc.","KG",,,"legacyData"
"5719b24e-15c8-4bb6-bdc6-4de8a8c8b221","D10","ARIK","ARIK.AOS.reach","2016-07-13T15:24Z","2017-01-17","ARIK.20160713.KICKNET.5",,"NE(10)816-5-OLI","DERSP4","Y","Dero sp.",,"genus","Annelida","Clitellata","Oligochaeta","Oligochaeta",,,"Tubificida",,,,"Naididae","Naidinae",,,"Dero","sp.",,"adult",2,,8,30,27,"N","N",,"condition OK","Y",,"Kathman and Brinkhurst 1999","N","GEI Consultants Inc.","UR",,,"legacyData"
"50b788ba-1a51-40c1-a0eb-67b4613b19eb","D10","ARIK","ARIK.AOS.reach","2016-07-13T15:24Z","2017-01-16","ARIK.20160713.KICKNET.1",,,"PELSP3","Y","Peltodytes sp.",,"genus","Arthropoda","Hexapoda","Insecta","Pterygota","Neoptera","Holometabola","Coleoptera","Adephaga",,,"Haliplidae",,,,"Peltodytes","sp.",,"larva",4,,1,20,5,"N","Y",,"condition OK","Y",,"Merritt et al. 2008","N","GEI Consultants Inc.","KG",,,"legacyData"
"5a57a0a4-08c7-4b60-b417-a15ea690d75e","D10","ARIK","ARIK.AOS.reach","2016-07-13T15:24Z","2017-02-23","ARIK.20160713.KICKNET.4",,,"CAESP5","Y","Caenis sp.",,"genus","Arthropoda","Hexapoda","Insecta","Pterygota","Palaeoptera",,"Ephemeroptera","Furcatergalia","Pannota","Caenoidea","Caenidae","Caeninae",,,"Caenis","sp.",,"larva",1,,2,100,2,"Y","N",,"condition OK","Y",,"Provonsha 1990; Merritt et al. 2008","N","GEI Consultants Inc.","KG",,,"legacyData"
"49b3a9f9-d331-4e62-84f1-6af6ec8b49c3","D10","ARIK","ARIK.AOS.reach","2016-07-13T15:24Z","2017-02-20","ARIK.20160713.KICKNET.3",,,"ODOSP","Y","Odonata sp.","Unid. Odonata","order","Arthropoda","Hexapoda","Insecta","Pterygota","Palaeoptera",,"Odonata",,,,,,,,,"sp.",,"larva",,,7,70,10,"N","Y",,"damaged, affecting analysis","N",,"Merritt et al. 2008","N","GEI Consultants Inc.","KG","Missing labium and abdomen; probably Coenagrionidae; 2 head only",,
"7fcff6d3-362e-4939-bb7b-c03729944d2b","D10","ARIK","ARIK.AOS.reach","2016-07-13T15:24Z","2017-01-16","ARIK.20160713.KICKNET.1",,"NE(10)816-1-OLI","NAISP","Y","Naididae sp.","Tubificidae with capilliform setae","family","Annelida","Clitellata","Oligochaeta","Oligochaeta",,,"Tubificida",,,,"Naididae",,,,,"sp.",,"adult",,,50,20,250,"Y","N",,"damaged, affecting analysis","Y",,"Kathman and Brinkhurst 1999","N","GEI Consultants Inc.","UR","Posterior segments missing",,
"eb2762cc-7185-41f8-b742-23825c15349e","D10","ARIK","ARIK.AOS.reach","2016-07-13T15:24Z","2017-01-17","ARIK.20160713.KICKNET.3",,,"LIBSP","Y","Libellulidae sp.",,"family","Arthropoda","Hexapoda","Insecta","Pterygota","Palaeoptera",,"Odonata","Anisoptera",,,"Libellulidae",,,,,"sp.",,"larva",3,,2,100,2,"Y","Y",,"condition OK","Y",,"Needham and Westfall 2000; Merritt et al. 2008","N","GEI Consultants Inc.","KG",,,"legacyData"
"5a9936fe-06b8-4cce-a218-4352e39829e7","D10","ARIK","ARIK.AOS.reach","2016-07-13T15:24Z","2017-02-28","ARIK.20160713.KICKNET.5",,,"PHYSP7","Y","Physa sp.",,"genus","Mollusca",,"Gastropoda",,,,"Basommatophora",,,,"Physidae",,,,"Physa","sp.",,"adult",2,,1,30,3,"N","Y",,"condition OK","Y",,"Thorp and Rogers 2016","Y","GEI Consultants Inc.","KG",,,"legacyData"
"03242f1b-f3fe-4167-84f5-5ebd5a0e6cdf","D10","ARIK","ARIK.AOS.reach","2016-07-13T15:24Z","2017-02-23","ARIK.20160713.KICKNET.4",,,"FALQUI","Y","Fallceon quilleri",,"species","Arthropoda","Hexapoda","Insecta","Pterygota","Palaeoptera",,"Ephemeroptera","Pisciforma",,,"Baetidae",,,,"Fallceon","quilleri",,"larva",,,2,20,10,"N","N",,"damaged, affecting analysis","Y",,"McCafferty et al. 1993; Merritt et al. 2008","N","GEI Consultants Inc.","KG","Missing part of abdomen",,
"f73a1566-828c-41ef-8e33-e0144693ca23","D10","ARIK","ARIK.AOS.reach","2016-07-13T15:24Z","2017-01-04","ARIK.20160713.CORE.2",,,"CLASP5","Y","Cladopelma sp.",,"genus","Arthropoda","Hexapoda","Insecta","Pterygota","Neoptera","Holometabola","Diptera","Nematocera","Culicomorpha",,"Chironomidae","Chironominae","Chironomini",,"Cladopelma","sp.",,"larva",,,1,100,1,"N","Y",,"damaged, affecting analysis","Y",,"Andersen et al. 2013","N","GEI Consultants Inc.","JC/UR","Posterior abdomen missing",,
"45dc90fd-8bd7-4d5b-b4ea-390f87a3fb06","D10","ARIK","ARIK.AOS.reach","2016-07-13T15:24Z","2017-01-16","ARIK.20160713.KICKNET.1",,"NE(10)816-1-CHI","TANSP11","Y","Tanytarsus sp.",,"genus","Arthropoda","Hexapoda","Insecta","Pterygota","Neoptera","Holometabola","Diptera","Nematocera","Culicomorpha",,"Chironomidae","Chironominae","Tanytarsini",,"Tanytarsus","sp.",,"larva",3,,4,30,13,"N","Y",,"condition OK","Y",,"Andersen et al. 2013","N","GEI Consultants Inc.","JC/UR",,,"legacyData"
"8ae75a97-80a9-4e38-a1a4-d38115d9735e","D10","ARIK","ARIK.AOS.reach","2016-07-13T15:24Z","2017-01-17","ARIK.20160713.KICKNET.3",,,"NEMSP","Y","Nematoda sp.","Unid. Nematoda","phylum","Nematoda",,,,,,,,,,,,,,,"sp.",,"adult",2,,5,100,5,"N","Y",,"condition OK","Y",,"Smith 2001","N","GEI Consultants Inc.","KG",,,"legacyData"
"9187c026-1fec-4397-9591-fe6faa87db31","D10","ARIK","ARIK.AOS.reach","2016-07-13T15:24Z","2017-01-16","ARIK.20160713.KICKNET.1",,"NE(10)816-1","DERSP4","Y","Dero sp.",,"genus","Annelida","Clitellata","Oligochaeta","Oligochaeta",,,"Tubificida",,,,"Naididae","Naidinae",,,"Dero","sp.",,"adult",,,61,20,305,"N","N",,"damaged, affecting analysis","Y",,"Kathman and Brinkhurst 1999","N","GEI Consultants Inc.","UR","Posterior segments missing",,
"96a1277d-73fd-4eb5-95ef-ffe5e0219dde","D10","ARIK","ARIK.AOS.reach","2016-07-13T15:24Z","2017-01-03","ARIK.20160713.KICKNET.3",,"NE(10)816-3-CHI","TANSP11","Y","Tanytarsus sp.",,"genus","Arthropoda","Hexapoda","Insecta","Pterygota","Neoptera","Holometabola","Diptera","Nematocera","Culicomorpha",,"Chironomidae","Chironominae","Tanytarsini",,"Tanytarsus","sp.",,"larva",,,13,70,19,"N","Y",,"damaged, affecting analysis","Y",,"Andersen et al. 2013","N","GEI Consultants Inc.","JC/UR","Posterior abdomen missing",,
"0bf02cf2-bf5e-4a32-9936-277d657b6c5a","D10","ARIK","ARIK.AOS.reach","2016-07-13T15:24Z","2017-01-04","ARIK.20160713.KICKNET.5",,"NE(10)816-5-CHI","TANSP11","Y","Tanytarsus sp.",,"genus","Arthropoda","Hexapoda","Insecta","Pterygota","Neoptera","Holometabola","Diptera","Nematocera","Culicomorpha",,"Chironomidae","Chironominae","Tanytarsini",,"Tanytarsus","sp.",,"larva",,,15,20,75,"N","Y",,"damaged, affecting analysis","Y",,"Andersen et al. 2013","N","GEI Consultants Inc.","JC/UR","Posterior abdomen missing",,
"83487a47-8154-413b-93bb-19cef6c0445e","D10","ARIK","ARIK.AOS.reach","2016-07-13T15:24Z","2017-02-28","ARIK.20160713.KICKNET.5",,,"SIMSP","Y","Simuliidae sp.",,"family","Arthropoda","Hexapoda","Insecta","Pterygota","Neoptera","Holometabola","Diptera","Nematocera","Culicomorpha",,"Simuliidae",,,,,"sp.",,"larva",,,9,20,45,"N","Y",,"damaged, affecting analysis","N",,"Adler et al. 2004; Merritt et al. 2008","Y","GEI Consultants Inc.","KG","Missing abdomen",,
"48baae66-b315-40f9-90e3-4b7ec8050648","D10","ARIK","ARIK.AOS.reach","2016-07-13T15:24Z","2017-01-04","ARIK.20160713.KICKNET.5",,"NE(10)816-5-CHI","CONGR","Y","Conchapelopia/Thienemannimyia gr.",,"speciesGroup","Arthropoda","Hexapoda","Insecta",,"Neoptera","Holometabola","Diptera","Nematocera","Culicomorpha",,"Chironomidae","Tanypodinae","Pentaneurini",,,"gr.",,"larva",,,5,20,25,"N","Y",,"damaged, affecting analysis","Y",,"Andersen et al. 2013","N","GEI Consultants Inc.","JC/UR","Posterior abdomen missing",,
"0aeddd1b-797e-4a9d-839d-7ad77b1e8d78","D10","ARIK","ARIK.AOS.reach","2016-07-13T15:24Z","2017-02-10","ARIK.20160713.KICKNET.2",,,"EPHSP","Y","Ephemeroptera sp.","Unid. Ephemeroptera","order","Arthropoda","Hexapoda","Insecta","Pterygota","Palaeoptera",,"Ephemeroptera",,,,,,,,,"sp.",,"larva",2,,1,30,3,"Y","Y",,"damaged, affecting analysis","Y",,"Merritt et al. 2008","N","GEI Consultants Inc.","KG","Missing gills; probably Leptophlebiidae",,"legacyData"
"2c7efdfe-49bd-466e-b6a8-89117f108c43","D10","ARIK","ARIK.AOS.reach","2016-07-13T15:24Z","2017-02-23","ARIK.20160713.KICKNET.4",,,"FALQUI","Y","Fallceon quilleri",,"species","Arthropoda","Hexapoda","Insecta","Pterygota","Palaeoptera",,"Ephemeroptera","Pisciforma",,,"Baetidae",,,,"Fallceon","quilleri",,"larva",2,,6,100,6,"N","N",,"condition OK","Y",,"McCafferty et al. 1993; Merritt et al. 2008","N","GEI Consultants Inc.","KG",,,"legacyData"
"e7dcb5c7-3dfb-4baa-9dbb-3453e28d3513","D10","ARIK","ARIK.AOS.reach","2016-07-13T15:24Z","2017-01-04","ARIK.20160713.KICKNET.4",,"NE(10)816-4-CHI","CONGR","Y","Conchapelopia/Thienemannimyia gr.",,"speciesGroup","Arthropoda","Hexapoda","Insecta",,"Neoptera","Holometabola","Diptera","Nematocera","Culicomorpha",,"Chironomidae","Tanypodinae","Pentaneurini",,,"gr.",,"larva",2,,10,30,33,"N","Y",,"condition OK","Y",,"Andersen et al. 2013","N","GEI Consultants Inc.","JC/UR",,,"legacyData"
"b327fb6b-c103-4481-9e70-0642abe329e8","D10","ARIK","ARIK.AOS.reach","2016-07-13T15:24Z","2017-01-17","ARIK.20160713.KICKNET.3",,,"PHYSP7","Y","Physa sp.",,"genus","Mollusca",,"Gastropoda",,,,"Basommatophora",,,,"Physidae",,,,"Physa","sp.",,"adult",10,,5,100,5,"N","Y",,"condition OK","Y",,"Thorp and Rogers 2016","N","GEI Consultants Inc.","KG",,,"legacyData"
"14d75a59-f208-4d53-bea5-396ba2429d92","D10","ARIK","ARIK.AOS.reach","2016-07-13T15:24Z","2017-02-23","ARIK.20160713.KICKNET.4",,,"PISSP2","Y","Pisidiidae sp.",,"family","Mollusca",,"Bivalvia","Heterodonta",,,"Veneroida",,,"Corbiculoidea","Pisidiidae",,,,,"sp.",,"adult",1,,1,100,1,"Y","Y",,"condition OK","Y",,"Thorp and Rogers 2016","N","GEI Consultants Inc.","KG",,,"legacyData"
"49fffaf4-32af-4423-874d-d713acd5d453","D10","ARIK","ARIK.AOS.reach","2016-07-13T15:24Z","2017-01-04","ARIK.20160713.KICKNET.4",,"NE(10)816-4-CHI","CLISP3","Y","Clinotanypus sp.",,"genus","Arthropoda","Hexapoda","Insecta","Pterygota","Neoptera","Holometabola","Diptera","Nematocera","Culicomorpha",,"Chironomidae","Tanypodinae","Coelotanypodini",,"Clinotanypus","sp.",,"larva",2,,5,30,17,"N","Y",,"condition OK","Y",,"Andersen et al. 2013","N","GEI Consultants Inc.","JC/UR",,,"legacyData"
"a9f98182-33aa-4bad-951a-9253942c70d8","D10","ARIK","ARIK.AOS.reach","2016-07-13T15:24Z","2017-01-04","ARIK.20160713.CORE.3",,"NE(10)816-8-CHI","CHISP6","Y","Chironomini sp.",,"tribe","Arthropoda","Hexapoda","Insecta","Pterygota","Neoptera","Holometabola","Diptera","Nematocera","Culicomorpha",,"Chironomidae","Chironominae","Chironomini",,,"sp.",,"larva",2,,1,70,1,"Y","N",,"condition OK","N",,"Andersen et al. 2013","N","GEI Consultants Inc.","JC/UR","Likely Chironomus",,"legacyData"
"d8424dcb-599b-400a-874d-f88d0591ada3","D10","ARIK","ARIK.AOS.reach","2016-07-13T15:24Z","2017-01-04","ARIK.20160713.KICKNET.4",,"NE(10)816-4-CHI","TANSP11","Y","Tanytarsus sp.",,"genus","Arthropoda","Hexapoda","Insecta","Pterygota","Neoptera","Holometabola","Diptera","Nematocera","Culicomorpha",,"Chironomidae","Chironominae","Tanytarsini",,"Tanytarsus","sp.",,"larva",,,19,20,95,"N","Y",,"damaged, affecting analysis","Y",,"Andersen et al. 2013","N","GEI Consultants Inc.","JC/UR","Posterior abdomen missing",,
"238ff28e-bf71-4970-a493-c57491df7f34","D10","ARIK","ARIK.AOS.reach","2016-07-13T15:24Z","2017-03-01","ARIK.20160713.CORE.3",,,"NEMSP","Y","Nematoda sp.","Unid. Nematoda","phylum","Nematoda",,,,,,,,,,,,,,,"sp.",,"larva",3,,4,70,6,"N","Y",,"condition OK","Y",,"Smith 2001","N","GEI Consultants Inc.","KG",,,"legacyData"
"dcf92458-3ea9-4da7-9c77-52a24de8dc5c","D10","ARIK","ARIK.AOS.reach","2016-07-13T15:24Z","2017-01-04","ARIK.20160713.KICKNET.4",,"NE(10)816-4-CHI","TANSP8","Y","Tanytarsini sp.",,"tribe","Arthropoda","Hexapoda","Insecta","Pterygota","Neoptera","Holometabola","Diptera","Nematocera","Culicomorpha",,"Chironomidae","Chironominae","Tanytarsini",,,"sp.",,"larva",1,,15,30,50,"N","Y",,"damaged, affecting analysis","N",,"Andersen et al. 2013","N","GEI Consultants Inc.","JC/UR","Premandible obscured, Micropsectra or Tanytarsus",,"legacyData"
"bb7bd284-3e6a-43a9-88f9-b4210d0f8fa4","D10","ARIK","ARIK.AOS.reach","2016-07-13T15:24Z","2017-01-17","ARIK.20160713.KICKNET.3",,,"HYDSP28","Y","Hydrovatus sp.",,"genus","Arthropoda","Hexapoda","Insecta","Pterygota","Neoptera","Holometabola","Coleoptera","Adephaga",,,"Dytiscidae","Hydroporinae","Hydrovatini",,"Hydrovatus","sp.",,"larva",2,,3,100,3,"N","Y",,"condition OK","Y",,"Larson et al. 2000; Merritt et al. 2008","N","GEI Consultants Inc.","KG",,,"legacyData"
"343ce173-21d5-4c63-bf2a-aeaba05278e7","D10","ARIK","ARIK.AOS.reach","2016-07-13T15:24Z","2017-01-17","ARIK.20160713.KICKNET.3",,"NE(10)816-3-OLI","GLOCOM","Y","Glossiphonia complanata",,"species","Annelida","Clitellata","Hirudinea","Hirudinea","Euhirudinea",,"Rhynchobdellida",,,,"Glossiphoniidae","Glossiphoniinae",,,"Glossiphonia","complanata",,"adult",7,,1,100,1,"N","N",,"condition OK","Y",,"Klemm 1985","N","GEI Consultants Inc.","KG","Keys to G. elegans in Thorp and Rogers 2016",,"legacyData"
"0559b29e-23f6-4ed8-9f46-00aea649392b","D10","ARIK","ARIK.AOS.reach","2016-07-13T15:24Z","2017-01-16","ARIK.20160713.KICKNET.1",,,"DYTSP","Y","Dytiscidae sp.",,"family","Arthropoda","Hexapoda","Insecta","Pterygota","Neoptera","Holometabola","Coleoptera","Adephaga",,,"Dytiscidae",,,,,"sp.",,"larva",2,,1,20,5,"N","Y",,"damaged, affecting analysis","Y",,"Larson et al. 2000; Merritt et al. 2008","N","GEI Consultants Inc.","KG","Poor condition; probably Desmopachria sp.",,"legacyData"
"2b597bf1-7104-43f5-89a2-a90d73c56bf2","D10","ARIK","ARIK.AOS.reach","2016-07-13T15:24Z","2017-01-03","ARIK.20160713.KICKNET.2",,"NE(10)816-2","DICSP7","Y","Dicrotendipes sp.",,"genus","Arthropoda","Hexapoda","Insecta","Pterygota","Neoptera","Holometabola","Diptera","Nematocera","Culicomorpha",,"Chironomidae","Chironominae","Chironomini",,"Dicrotendipes","sp.",,"larva",2,,6,30,20,"N","Y",,"condition OK","Y",,"Andersen et al. 2013","N","GEI Consultants Inc.","JC/UR",,,"legacyData"
"14335d03-6d30-4f4c-9335-a050e72bd412","D10","ARIK","ARIK.AOS.reach","2016-07-13T15:24Z","2017-02-28","ARIK.20160713.KICKNET.5",,,"CERSP10","Y","Ceratopogoninae sp.",,"subfamily","Arthropoda","Hexapoda","Insecta","Pterygota","Neoptera","Holometabola","Diptera","Nematocera","Culicomorpha",,"Ceratopogonidae","Ceratopogoninae",,,,"sp.",,"larva",4,,7,30,23,"N","Y",,"condition OK","N",,"Merritt et al. 2008","Y","GEI Consultants Inc.","KG",,,"legacyData"
"f7441496-c718-465f-a8f6-31be0e10c33c","D10","ARIK","ARIK.AOS.reach","2016-07-13T15:24Z","2017-01-16","ARIK.20160713.KICKNET.1",,"NE(10)816-1-CHI","TANSP8","Y","Tanytarsini sp.",,"tribe","Arthropoda","Hexapoda","Insecta","Pterygota","Neoptera","Holometabola","Diptera","Nematocera","Culicomorpha",,"Chironomidae","Chironominae","Tanytarsini",,,"sp.",,"larva",2,,7,30,23,"N","Y",,"damaged, affecting analysis","N",,"Andersen et al. 2013","N","GEI Consultants Inc.","JC/UR","Premandible obscured, Micropsectra or Tanytarsus",,"legacyData"
"2daec3d4-6054-4b61-b17f-2b307c862da0","D10","ARIK","ARIK.AOS.reach","2016-07-13T15:24Z","2017-02-10","ARIK.20160713.KICKNET.2",,,"PHYSP7","Y","Physa sp.",,"genus","Mollusca",,"Gastropoda",,,,"Basommatophora",,,,"Physidae",,,,"Physa","sp.",,"adult",14,,1,30,3,"N","Y",,"condition OK","Y",,"Thorp and Rogers 2016","N","GEI Consultants Inc.","KG","Probably Physa acuta",,"legacyData"
"1d1162b3-aafc-49ad-8d18-b509cacc3dbd","D10","ARIK","ARIK.AOS.reach","2016-07-13T15:24Z","2017-02-10","ARIK.20160713.KICKNET.2",,,"LEPSP","Y","Lepidoptera sp.","Unid. Lepidoptera","order","Arthropoda","Hexapoda","Insecta","Pterygota","Neoptera","Holometabola","Lepidoptera",,,,,,,,,"sp.",,"larva",1,,1,30,3,"Y","Y",,"condition OK","Y",,"Merritt et al. 2008","N","GEI Consultants Inc.","KG",,,"legacyData"
"2262cf1e-6411-4cdf-a6e4-84b6fc06ffef","D10","ARIK","ARIK.AOS.reach","2016-07-13T15:24Z","2017-01-04","ARIK.20160713.KICKNET.4",,"NE(10)816-4-CHI","CRYSP2","Y","Cryptochironomus sp.",,"genus","Arthropoda","Hexapoda","Insecta","Pterygota","Neoptera","Holometabola","Diptera","Nematocera","Culicomorpha",,"Chironomidae","Chironominae","Chironomini",,"Cryptochironomus","sp.",,"larva",,,5,20,25,"N","Y",,"damaged, affecting analysis","Y",,"Andersen et al. 2013","N","GEI Consultants Inc.","JC/UR","Posterior abdomen missing",,
"f2fdaa65-bf21-4c0f-ab24-a63b05833ea4","D10","ARIK","ARIK.AOS.reach","2016-07-13T15:24Z","2017-01-03","ARIK.20160713.KICKNET.1",,"NE(10)816-1-CHI","TANSP8","Y","Tanytarsini sp.",,"tribe","Arthropoda","Hexapoda","Insecta","Pterygota","Neoptera","Holometabola","Diptera","Nematocera","Culicomorpha",,"Chironomidae","Chironominae","Tanytarsini",,,"sp.",,"larva",,,4,20,20,"N","Y",,"damaged, affecting analysis","N",,"Andersen et al. 2013","N","GEI Consultants Inc.","JC/UR","Premandible obscured, Micropsectra or Tanytarsus; Posterior abdomen missing",,
"9862f5a4-642f-4a29-96b8-9013be85ed7b","D10","ARIK","ARIK.AOS.reach","2016-07-13T15:24Z","2017-01-17","ARIK.20160713.KICKNET.3",,,"CAEYOU","Y","Caenis youngi",,"species","Arthropoda","Hexapoda","Insecta","Pterygota","Palaeoptera",,"Ephemeroptera","Furcatergalia","Pannota","Caenoidea","Caenidae","Caeninae",,,"Caenis","youngi",,"larva",5,,2,100,2,"N","N",,"condition OK","Y",,"Provonsha 1990; Merritt et al. 2008","N","GEI Consultants Inc.","KG",,,"legacyData"
"99fa42be-723c-404e-9047-25aeaf25fb9f","D10","ARIK","ARIK.AOS.reach","2016-07-13T15:24Z","2017-03-01","ARIK.20160713.CORE.1",,,"COESP6","Y","Coenagrion/Enallagma sp.",,"speciesGroup","Arthropoda","Hexapoda","Insecta","Pterygota","Palaeoptera",,"Odonata","Zygoptera",,,"Coenagrionidae",,,,"Coenagrion/Enallagma","sp.",,"larva",10,,2,70,3,"Y","Y",,"condition OK","Y",,"Westfall and May 1990; Merritt et al. 2008","N","GEI Consultants Inc.","UR",,,"legacyData"
"3098d110-c84c-4417-b357-cc39f2743297","D10","ARIK","ARIK.AOS.reach","2016-07-13T15:24Z","2017-02-28","ARIK.20160713.KICKNET.5",,,"DYTSP","Y","Dytiscidae sp.",,"family","Arthropoda","Hexapoda","Insecta","Pterygota","Neoptera","Holometabola","Coleoptera","Adephaga",,,"Dytiscidae",,,,,"sp.",,"larva",,,1,20,5,"Y","Y",,"damaged, affecting analysis","N",,"Larson et al. 2000; Merritt et al. 2008","Y","GEI Consultants Inc.","KG","Missing abdomen; probably Desmopachria sp.",,
"85582dbc-7c57-4b11-b80c-15824031b3eb","D10","ARIK","ARIK.AOS.reach","2016-07-13T15:24Z","2017-01-04","ARIK.20160713.CORE.2",,,"PSESP18","Y","Pseudochironomus sp.",,"genus","Arthropoda","Hexapoda","Insecta","Pterygota","Neoptera","Holometabola","Diptera","Nematocera","Culicomorpha",,"Chironomidae","Chironominae","Pseudochironomini",,"Pseudochironomus","sp.",,"larva",2,,1,70,1,"N","Y",,"condition OK","Y",,"Andersen et al. 2013","N","GEI Consultants Inc.","JC/UR",,,"legacyData"
"032e65de-54c2-4e59-8991-083f4793d645","D10","ARIK","ARIK.AOS.reach","2016-07-13T15:24Z","2017-02-23","ARIK.20160713.KICKNET.4",,,"DESSP3","Y","Desmopachria sp.",,"genus","Arthropoda","Hexapoda","Insecta","Pterygota","Neoptera","Holometabola","Coleoptera","Adephaga",,,"Dytiscidae","Hydroporinae","Hyphydrini",,"Desmopachria","sp.",,"larva",2,,9,30,30,"N","Y",,"condition OK","Y",,"Larson et al. 2000; Merritt et al. 2008","N","GEI Consultants Inc.","KG",,,"legacyData"
"0d40b5ea-c4ac-45ce-b0e1-c17369ae35b4","D10","ARIK","ARIK.AOS.reach","2016-07-13T15:24Z","2017-01-17","ARIK.20160713.KICKNET.3",,"NE(10)816-3-OLI","DERSP4","Y","Dero sp.",,"genus","Annelida","Clitellata","Oligochaeta","Oligochaeta",,,"Tubificida",,,,"Naididae","Naidinae",,,"Dero","sp.",,"adult",,,8,70,11,"N","N",,"damaged, affecting analysis","Y",,"Kathman and Brinkhurst 1999","N","GEI Consultants Inc.","UR","Posterior segments missing",,
"f5d1ee99-24eb-4e73-9207-5526989c9b9a","D10","ARIK","ARIK.AOS.reach","2016-07-13T15:24Z","2017-01-17","ARIK.20160713.KICKNET.4",,"NE(10)816-4-OLI","PRISP1","Y","Pristina sp.",,"genus","Annelida","Clitellata","Oligochaeta","Oligochaeta",,,"Tubificida",,,,"Naididae","Pristininae",,,"Pristina","sp.",,"adult",,,3,20,15,"N","N",,"damaged, affecting analysis","Y",,"Kathman and Brinkhurst 1999","N","GEI Consultants Inc.","UR","Posterior segments missing",,
"8bdd39e5-f5b5-4562-acf3-003b70c25782","D10","ARIK","ARIK.AOS.reach","2016-07-13T15:24Z","2017-01-17","ARIK.20160713.CORE.3",,"NE(10)816-8-OLI","DERSP4","Y","Dero sp.",,"genus","Annelida","Clitellata","Oligochaeta","Oligochaeta",,,"Tubificida",,,,"Naididae","Naidinae",,,"Dero","sp.",,"adult",,,2,100,2,"N","N",,"damaged, affecting analysis","Y",,"Kathman and Brinkhurst 1999","N","GEI Consultants Inc.","UR","Posterior segments missing",,
"a69e6017-6f16-4636-9969-b2b5997f2a17","D10","ARIK","ARIK.AOS.reach","2016-07-13T15:24Z","2017-01-03","ARIK.20160713.KICKNET.3",,"NE(10)816-3-CHI","LARSP","Y","Larsia sp.",,"genus","Arthropoda","Hexapoda","Insecta","Pterygota","Neoptera","Holometabola","Diptera","Nematocera","Culicomorpha",,"Chironomidae","Tanypodinae","Pentaneurini",,"Larsia","sp.",,"larva",,,8,70,11,"N","Y",,"damaged, affecting analysis","Y",,"Andersen et al. 2013","N","GEI Consultants Inc.","JC/UR","Posterior abdomen missing",,
"29382c87-1b82-4161-9864-64663dd06c08","D10","ARIK","ARIK.AOS.reach","2016-07-13T15:24Z","2017-01-17","ARIK.20160713.CORE.2",,"NE(10)816-7-OLI1","NAISP","Y","Naididae sp.","Tubificidae without capilliform setae","family","Annelida","Clitellata","Oligochaeta","Oligochaeta",,,"Tubificida",,,,"Naididae",,,,,"sp.",,"adult",5,,1,70,1,"Y","N",,"condition OK","Y",,"Kathman and Brinkhurst 1999","N","GEI Consultants Inc.","UR",,,"legacyData"
"69c98d59-f02e-495b-b2de-4aad0d892331","D10","ARIK","ARIK.AOS.reach","2016-07-13T15:24Z","2017-01-04","ARIK.20160713.CORE.3",,"NE(10)816-8-CHI","ZAVPAR","Y","Zavrelimyia (Paramerina) sp.",,"subgenus","Arthropoda","Hexapoda","Insecta",,"Neoptera","Holometabola","Diptera","Nematocera","Culicomorpha",,"Chironomidae","Tanypodinae","Pentaneurini",,"Zavrelimyia","sp.",,"larva",2,,1,70,1,"N","Y",,"condition OK","Y",,"Andersen et al. 2013; Silva and Ekrem 2015","N","GEI Consultants Inc.","JC/UR",,,"legacyData"
"19059541-6e29-4e44-9dc9-4488fac1e674","D10","ARIK","ARIK.AOS.reach","2016-07-13T15:24Z","2017-02-23","ARIK.20160713.KICKNET.4",,,"CHRSP6","Y","Chrysops sp.",,"genus","Arthropoda","Hexapoda","Insecta","Pterygota","Neoptera","Holometabola","Diptera","Brachycera","Tabanomorpha",,"Tabanidae","Chrysopsinae","Chrysopsini",,"Chrysops","sp.",,"larva",7,,1,30,3,"N","Y",,"condition OK","Y",,"Merritt et al. 2008","N","GEI Consultants Inc.","KG",,,"legacyData"
"f4d03dbc-bbd1-4c04-9987-c032edd23372","D10","ARIK","ARIK.AOS.reach","2016-07-13T15:24Z","2017-03-01","ARIK.20160713.CORE.3",,,"CHRSP6","Y","Chrysops sp.",,"genus","Arthropoda","Hexapoda","Insecta","Pterygota","Neoptera","Holometabola","Diptera","Brachycera","Tabanomorpha",,"Tabanidae","Chrysopsinae","Chrysopsini",,"Chrysops","sp.",,"larva",9,,1,70,1,"N","Y",,"condition OK","Y",,"Merritt et al. 2008","N","GEI Consultants Inc.","KG",,,"legacyData"
"c58b4696-5e56-49bd-bcdd-06f00a96ac88","D10","ARIK","ARIK.AOS.reach","2016-07-13T15:24Z","2017-01-04","ARIK.20160713.KICKNET.4",,"NE(10)816-4-CHI","TANSP11","Y","Tanytarsus sp.",,"genus","Arthropoda","Hexapoda","Insecta","Pterygota","Neoptera","Holometabola","Diptera","Nematocera","Culicomorpha",,"Chironomidae","Chironominae","Tanytarsini",,"Tanytarsus","sp.",,"larva",3,,10,30,33,"N","Y",,"condition OK","Y",,"Andersen et al. 2013","N","GEI Consultants Inc.","JC/UR",,,"legacyData"
"61a5885a-c685-4a74-a247-5a49227d68c2","D10","ARIK","ARIK.AOS.reach","2016-07-13T15:24Z","2017-01-17","ARIK.20160713.KICKNET.5",,"NE(10)816-5-OLI","DERSP4","Y","Dero sp.",,"genus","Annelida","Clitellata","Oligochaeta","Oligochaeta",,,"Tubificida",,,,"Naididae","Naidinae",,,"Dero","sp.",,"adult",,,34,20,170,"N","N",,"damaged, affecting analysis","Y",,"Kathman and Brinkhurst 1999","N","GEI Consultants Inc.","UR","Posterior segments missing",,
"ba78269c-2d7e-470e-b893-d6565c0855f2","D10","ARIK","ARIK.AOS.reach","2016-07-13T15:24Z","2017-03-01","ARIK.20160713.CORE.1",,,"PHYSP7","Y","Physa sp.",,"genus","Mollusca",,"Gastropoda",,,,"Basommatophora",,,,"Physidae",,,,"Physa","sp.",,"adult",1,,1,70,1,"N","Y",,"condition OK","Y",,"Thorp and Rogers 2016","N","GEI Consultants Inc.","UR",,,"legacyData"
"5dd28dec-7e90-4030-8017-7f14bac9ab8b","D10","ARIK","ARIK.AOS.reach","2016-07-13T15:24Z","2017-01-03","ARIK.20160713.KICKNET.2",,"NE(10)816-2","PROSP23","Y","Procladius sp.",,"genus","Arthropoda","Hexapoda","Insecta","Pterygota","Neoptera","Holometabola","Diptera","Nematocera","Culicomorpha",,"Chironomidae","Tanypodinae","Procladiini",,"Procladius","sp.",,"larva",3,,3,30,10,"N","Y",,"condition OK","Y",,"Andersen et al. 2013","N","GEI Consultants Inc.","JC/UR",,,"legacyData"
"c4c793db-938a-4b0a-bd05-95a00cac9cfb","D10","ARIK","ARIK.AOS.reach","2016-07-13T15:24Z","2017-01-16","ARIK.20160713.KICKNET.1",,,"CAEYOU","Y","Caenis youngi",,"species","Arthropoda","Hexapoda","Insecta","Pterygota","Palaeoptera",,"Ephemeroptera","Furcatergalia","Pannota","Caenoidea","Caenidae","Caeninae",,,"Caenis","youngi",,"larva",6,,1,30,3,"N","N",,"condition OK","Y",,"Provonsha 1990; Merritt et al. 2008","N","GEI Consultants Inc.","KG",,,"legacyData"
"24e38e3c-1124-47da-98dc-d67f5f40fd94","D10","ARIK","ARIK.AOS.reach","2016-07-13T15:24Z","2017-01-04","ARIK.20160713.KICKNET.4",,"NE(10)816-4-CHI","TANSP8","Y","Tanytarsini sp.",,"tribe","Arthropoda","Hexapoda","Insecta","Pterygota","Neoptera","Holometabola","Diptera","Nematocera","Culicomorpha",,"Chironomidae","Chironominae","Tanytarsini",,,"sp.",,"larva",2,,29,30,97,"N","Y",,"damaged, affecting analysis","N",,"Andersen et al. 2013","N","GEI Consultants Inc.","JC/UR","Premandible obscured, Micropsectra or Tanytarsus",,"legacyData"
"c7c4a68a-9fba-4ecf-b52c-08e6b6bcee0c","D10","ARIK","ARIK.AOS.reach","2016-07-13T15:24Z","2017-01-04","ARIK.20160713.KICKNET.4",,"NE(10)816-4-CHI","PROSP23","Y","Procladius sp.",,"genus","Arthropoda","Hexapoda","Insecta","Pterygota","Neoptera","Holometabola","Diptera","Nematocera","Culicomorpha",,"Chironomidae","Tanypodinae","Procladiini",,"Procladius","sp.",,"larva",7,,5,30,17,"N","Y",,"condition OK","Y",,"Andersen et al. 2013","N","GEI Consultants Inc.","JC/UR",,,"legacyData"
"0c12be81-f3aa-4153-9c69-c0112e9a5f7d","D10","ARIK","ARIK.AOS.reach","2016-07-13T15:24Z","2017-02-20","ARIK.20160713.KICKNET.3",,,"LIBSP","Y","Libellulidae sp.",,"family","Arthropoda","Hexapoda","Insecta","Pterygota","Palaeoptera",,"Odonata","Anisoptera",,,"Libellulidae",,,,,"sp.",,"larva",,,4,70,6,"N","Y",,"damaged, affecting analysis","Y",,"Needham and Westfall 2000; Merritt et al. 2008","N","GEI Consultants Inc.","KG","Missing abdomen",,
"d9550a79-578b-45bd-8a23-e5c37f1431fd","D10","ARIK","ARIK.AOS.reach","2016-07-13T15:24Z","2017-01-17","ARIK.20160713.KICKNET.5",,"NE(10)816-5-OLI","NAISP","Y","Naididae sp.","Tubificidae without capilliform setae","family","Annelida","Clitellata","Oligochaeta","Oligochaeta",,,"Tubificida",,,,"Naididae",,,,,"sp.",,"adult",,,3,20,15,"Y","N",,"damaged, affecting analysis","Y",,"Kathman and Brinkhurst 1999","N","GEI Consultants Inc.","UR","Posterior segments missing",,
"9fbe1672-64a4-447c-9cac-56addf310fce","D10","ARIK","ARIK.AOS.reach","2016-07-13T15:24Z","2017-01-17","ARIK.20160713.KICKNET.5",,"NE(10)816-5-OLI","NAISP","Y","Naididae sp.","Tubificidae with capilliform setae","family","Annelida","Clitellata","Oligochaeta","Oligochaeta",,,"Tubificida",,,,"Naididae",,,,,"sp.",,"adult",3,,3,30,10,"Y","N",,"condition OK","Y",,"Kathman and Brinkhurst 1999","N","GEI Consultants Inc.","UR",,,"legacyData"
"fce6fd35-fc26-48f1-a7f4-1dc1fc9bc671","D10","ARIK","ARIK.AOS.reach","2016-07-13T15:24Z","2017-03-01","ARIK.20160713.CORE.1",,,"HYDSP55","Y","Hydrozetes sp.",,"genus","Arthropoda","Chelicerata","Arachnida","Acari",,"Acariformes","Sarcoptiformes","Oribatida","Brachypylina","Hydrozetoidea","Hydrozetidae",,,,"Hydrozetes","sp.",,"adult",1,,5,70,7,"N","Y",,"condition OK","Y",,"Thorp and Rogers 2016","N","GEI Consultants Inc.","UR",,,"legacyData"
"4eedf7ab-f74f-48c2-a8f4-7b3647795ac0","D10","ARIK","ARIK.AOS.reach","2016-07-13T15:24Z","2017-02-23","ARIK.20160713.KICKNET.4",,,"LIBSP","Y","Libellulidae sp.",,"family","Arthropoda","Hexapoda","Insecta","Pterygota","Palaeoptera",,"Odonata","Anisoptera",,,"Libellulidae",,,,,"sp.",,"larva",2,,6,30,20,"Y","Y",,"condition OK","Y",,"Needham and Westfall 2000; Merritt et al. 2008","N","GEI Consultants Inc.","KG",,,"legacyData"
"321f0052-7740-4aa3-a045-06127b95883a","D10","ARIK","ARIK.AOS.reach","2016-07-13T15:24Z","2017-01-16","ARIK.20160713.KICKNET.1",,,"ARRSP2","Y","Arrenurus sp.",,"genus","Arthropoda","Chelicerata","Arachnida","Acari",,"Acariformes","Trombidiformes","Prostigmata",,"Arrenuroidea","Arrenuridae",,,,"Arrenurus","sp.",,"adult",1,,1,20,5,"N","Y",,"condition OK","Y",,"Thorp and Rogers 2016","N","GEI Consultants Inc.","KG",,,"legacyData"
"4fd80152-22e4-4135-9bbc-d31ea2f41f64","D10","ARIK","ARIK.AOS.reach","2016-07-13T15:24Z","2017-02-28","ARIK.20160713.KICKNET.5",,,"PROSP2","Y","Prostigmata sp.","Unid. Hydracarina","suborder","Arthropoda","Chelicerata","Arachnida","Acari",,"Acariformes","Trombidiformes","Prostigmata",,,,,,,,"sp.",,"none",1,,1,30,3,"Y","Y",,"condition OK","N",,"Thorp and Rogers 2016","Y","GEI Consultants Inc.","KG","Deutonymph",,"legacyData"
"9a6c6a56-6f0c-4204-ad88-ba476a0b3f15","D10","ARIK","ARIK.AOS.reach","2016-07-13T15:24Z","2017-02-07","ARIK.20160713.KICKNET.1",,,"COESP","Y","Coenagrionidae sp.",,"family","Arthropoda","Hexapoda","Insecta","Pterygota","Palaeoptera",,"Odonata","Zygoptera",,,"Coenagrionidae",,,,,"sp.",,"larva",,,3,20,15,"Y","Y",,"damaged, affecting analysis","Y",,"Merritt et al. 2008","N","GEI Consultants Inc.","KG","Missing abdomen",,
"65a284c1-892c-4f89-a870-2b17395c0b73","D10","ARIK","ARIK.AOS.reach","2016-07-13T15:24Z","2017-02-10","ARIK.20160713.KICKNET.2",,,"BEZSP1","Y","Bezzia/Palpomyia sp.",,"speciesGroup","Arthropoda","Hexapoda","Insecta","Pterygota","Neoptera","Holometabola","Diptera","Nematocera","Culicomorpha",,"Ceratopogonidae","Ceratopogoninae","Palpomyiini",,"Bezzia/Palpomyia","sp.",,"larva",6,,1,30,3,"N","Y",,"condition OK","Y",,"Merritt et al. 2008","N","GEI Consultants Inc.","KG",,,"legacyData"
"cf88a70d-674a-4f5e-bd40-5b4993ac1c46","D10","ARIK","ARIK.AOS.reach","2016-07-13T15:24Z","2017-02-23","ARIK.20160713.KICKNET.4",,"NE(10)816-4-CHI","CHISP2","Y","Chironomidae sp.",,"family","Arthropoda","Hexapoda","Insecta","Pterygota","Neoptera","Holometabola","Diptera","Nematocera","Culicomorpha",,"Chironomidae",,,,,"sp.",,"pupa",5,,1,30,3,"N","Y",,"condition OK","N",,"Merritt et al. 2008","N","GEI Consultants Inc.","KG",,,"legacyData"
"b4cb2711-ddd0-4e02-a043-a28d0cdf5442","D10","ARIK","ARIK.AOS.reach","2016-07-13T15:24Z","2017-01-04","ARIK.20160713.CORE.2",,,"CHISP6","Y","Chironomini sp.",,"tribe","Arthropoda","Hexapoda","Insecta","Pterygota","Neoptera","Holometabola","Diptera","Nematocera","Culicomorpha",,"Chironomidae","Chironominae","Chironomini",,,"sp.",,"larva",,,1,100,1,"Y","N",,"damaged, affecting analysis","N",,"Andersen et al. 2013","N","GEI Consultants Inc.","JC/UR","Posterior abdomen missing",,
"a0a3d9cf-ba19-4f85-bcdc-771acacace32","D10","ARIK","ARIK.AOS.reach","2016-07-13T15:24Z","2017-01-04","ARIK.20160713.KICKNET.4",,"NE(10)816-4-CHI","ORTSP1","Y","Orthocladiinae sp.",,"subfamily","Arthropoda","Hexapoda","Insecta","Pterygota","Neoptera","Holometabola","Diptera","Nematocera","Culicomorpha",,"Chironomidae","Orthocladiinae",,,,"sp.",,"larva",1,,5,30,17,"N","N",,"damaged, affecting analysis","Y",,"Andersen et al. 2013","N","GEI Consultants Inc.","JC/UR","Poor mount and specimen. Likely Orthocladius/Cricotopus gr.",,"legacyData"
"1ddd6f05-3ff9-4961-8626-9b59dd3b7e79","D10","ARIK","ARIK.AOS.reach","2016-07-13T15:24Z","2017-01-16","ARIK.20160713.KICKNET.1",,,"PISSP2","Y","Pisidiidae sp.",,"family","Mollusca",,"Bivalvia","Heterodonta",,,"Veneroida",,,"Corbiculoidea","Pisidiidae",,,,,"sp.",,"adult",1,,8,20,40,"Y","Y",,"condition OK","Y",,"Thorp and Rogers 2016","N","GEI Consultants Inc.","KG",,,"legacyData"
"82922acd-e965-4659-a713-7fb83d282fe6","D10","ARIK","ARIK.AOS.reach","2016-07-13T15:24Z","2017-01-17","ARIK.20160713.KICKNET.3",,,"PHYSP7","Y","Physa sp.",,"genus","Mollusca",,"Gastropoda",,,,"Basommatophora",,,,"Physidae",,,,"Physa","sp.",,"adult",13,,3,100,3,"N","Y",,"condition OK","Y",,"Thorp and Rogers 2016","N","GEI Consultants Inc.","KG",,,"legacyData"
"7ebd4fb8-01c0-4544-9754-83a8ce09470d","D10","ARIK","ARIK.AOS.reach","2016-07-13T15:24Z","2017-01-17","ARIK.20160713.CORE.1",,"NE(10)816-6-OLI","NAISP","Y","Naididae sp.","Tubificidae with capilliform setae","family","Annelida","Clitellata","Oligochaeta","Oligochaeta",,,"Tubificida",,,,"Naididae",,,,,"sp.",,"adult",,,14,100,14,"Y","N",,"damaged, affecting analysis","Y",,"Kathman and Brinkhurst 1999","N","GEI Consultants Inc.","UR","Posterior segments missing",,
"efc07f97-bf97-4dae-b8b3-e0f153cc9d3e","D10","ARIK","ARIK.AOS.reach","2016-07-13T15:24Z","2017-03-01","ARIK.20160713.CORE.3",,,"HYDSP55","Y","Hydrozetes sp.",,"genus","Arthropoda","Chelicerata","Arachnida","Acari",,"Acariformes","Sarcoptiformes","Oribatida","Brachypylina","Hydrozetoidea","Hydrozetidae",,,,"Hydrozetes","sp.",,"adult",1,,3,70,4,"N","Y",,"condition OK","Y",,"Thorp and Rogers 2016","N","GEI Consultants Inc.","KG",,,"legacyData"
"a8e19c2a-45ff-4074-ae59-3e7f5dc10f75","D10","ARIK","ARIK.AOS.reach","2016-07-13T15:24Z","2017-01-16","ARIK.20160713.KICKNET.1",,,"CERSP10","Y","Ceratopogoninae sp.",,"subfamily","Arthropoda","Hexapoda","Insecta","Pterygota","Neoptera","Holometabola","Diptera","Nematocera","Culicomorpha",,"Ceratopogonidae","Ceratopogoninae",,,,"sp.",,"larva",3,,1,20,5,"Y","Y",,"condition OK","N",,"Merritt et al. 2008","N","GEI Consultants Inc.","KG",,,"legacyData"
"ae6e5de9-e94d-4538-aa19-d8389ceb3872","D10","ARIK","ARIK.AOS.reach","2016-07-13T15:24Z","2017-01-17","ARIK.20160713.KICKNET.3",,"NE(10)816-3-OLI","NAISP","Y","Naididae sp.","Tubificidae with capilliform setae","family","Annelida","Clitellata","Oligochaeta","Oligochaeta",,,"Tubificida",,,,"Naididae",,,,,"sp.",,"adult",,,4,70,6,"Y","N",,"damaged, affecting analysis","Y",,"Kathman and Brinkhurst 1999","N","GEI Consultants Inc.","UR","Posterior segments missing",,
"5896ed5c-2954-4d37-a875-ef679adfbb2a","D10","ARIK","ARIK.AOS.reach","2016-07-13T15:24Z","2017-01-17","ARIK.20160713.KICKNET.3",,,"PISSP2","Y","Pisidiidae sp.",,"family","Mollusca",,"Bivalvia","Heterodonta",,,"Veneroida",,,"Corbiculoidea","Pisidiidae",,,,,"sp.",,"adult",2,,30,100,30,"Y","Y",,"condition OK","Y",,"Thorp and Rogers 2016","N","GEI Consultants Inc.","KG",,,"legacyData"
"fc18bff9-3926-497d-a57e-507ea320f6bc","D10","ARIK","ARIK.AOS.reach","2016-07-13T15:24Z","2017-01-03","ARIK.20160713.KICKNET.1",,"NE(10)816-1-CHI","DICSP7","Y","Dicrotendipes sp.",,"genus","Arthropoda","Hexapoda","Insecta","Pterygota","Neoptera","Holometabola","Diptera","Nematocera","Culicomorpha",,"Chironomidae","Chironominae","Chironomini",,"Dicrotendipes","sp.",,"larva",,,4,20,20,"N","Y",,"damaged, affecting analysis","Y",,"Andersen et al. 2013","N","GEI Consultants Inc.","JC/UR","Posterior abdomen missing",,
"0028b86d-b568-4041-ab3d-677e7e7adb74","D10","ARIK","ARIK.AOS.reach","2016-07-13T15:24Z","2017-02-28","ARIK.20160713.KICKNET.5",,,"SIMSP","Y","Simuliidae sp.",,"family","Arthropoda","Hexapoda","Insecta","Pterygota","Neoptera","Holometabola","Diptera","Nematocera","Culicomorpha",,"Simuliidae",,,,,"sp.",,"larva",2,,1,30,3,"Y","Y",,"condition OK","N",,"Adler et al. 2004; Merritt et al. 2008","Y","GEI Consultants Inc.","KG",,,"legacyData"
"c1378d07-4ffc-46e6-9b95-70d47a36d090","D10","ARIK","ARIK.AOS.reach","2016-07-13T15:24Z","2017-01-17","ARIK.20160713.KICKNET.3",,,"STRSP1","Y","Stratiomyidae sp.",,"family","Arthropoda","Hexapoda","Insecta","Pterygota","Neoptera","Holometabola","Diptera","Brachycera","Stratiomyomorpha",,"Stratiomyidae",,,,,"sp.",,"larva",2,,1,100,1,"Y","Y",,"condition OK","Y",,"Merritt et al. 2008","N","GEI Consultants Inc.","KG",,,"legacyData"
"3b59545c-6141-4381-81b0-ec4446ecd2ba","D10","ARIK","ARIK.AOS.reach","2016-07-13T15:24Z","2017-01-04","ARIK.20160713.CORE.1",,"NE(10)816-6-CHI","PROSP23","Y","Procladius sp.",,"genus","Arthropoda","Hexapoda","Insecta","Pterygota","Neoptera","Holometabola","Diptera","Nematocera","Culicomorpha",,"Chironomidae","Tanypodinae","Procladiini",,"Procladius","sp.",,"larva",7,,1,70,1,"N","Y",,"condition OK","Y",,"Andersen et al. 2013","N","GEI Consultants Inc.","JC/UR",,,"legacyData"
"82aa6cb2-6a53-4693-bb33-ac01a79d8103","D10","ARIK","ARIK.AOS.reach","2016-07-13T15:24Z","2017-02-10","ARIK.20160713.KICKNET.2",,,"DESSP3","Y","Desmopachria sp.",,"genus","Arthropoda","Hexapoda","Insecta","Pterygota","Neoptera","Holometabola","Coleoptera","Adephaga",,,"Dytiscidae","Hydroporinae","Hyphydrini",,"Desmopachria","sp.",,"larva",4,,1,30,3,"N","Y",,"condition OK","Y",,"Larson et al. 2000; Merritt et al. 2008","N","GEI Consultants Inc.","KG",,,"legacyData"
"0f68d63d-7b31-484b-ad9e-902b0a646714","D10","ARIK","ARIK.AOS.reach","2016-07-13T15:24Z","2017-01-04","ARIK.20160713.KICKNET.5",,"NE(10)816-5-CHI","LARSP","Y","Larsia sp.",,"genus","Arthropoda","Hexapoda","Insecta","Pterygota","Neoptera","Holometabola","Diptera","Nematocera","Culicomorpha",,"Chironomidae","Tanypodinae","Pentaneurini",,"Larsia","sp.",,"larva",,,29,20,145,"N","Y",,"damaged, affecting analysis","Y",,"Andersen et al. 2013","N","GEI Consultants Inc.","JC/UR","Posterior abdomen missing",,
"b4ce3ebe-abf1-4e3f-bd2f-bf476c94e020","D10","ARIK","ARIK.AOS.reach","2016-07-13T15:24Z","2017-02-23","ARIK.20160713.KICKNET.4",,,"PHYSP7","Y","Physa sp.",,"genus","Mollusca",,"Gastropoda",,,,"Basommatophora",,,,"Physidae",,,,"Physa","sp.",,"adult",2,,1,100,1,"Y","Y",,"condition OK","Y",,"Thorp and Rogers 2016","N","GEI Consultants Inc.","KG",,,"legacyData"
"1a7f4146-a3c4-4d83-9fde-f92a6167173e","D10","ARIK","ARIK.AOS.reach","2016-07-13T15:24Z","2017-01-03","ARIK.20160713.KICKNET.2",,"NE(10)816-2","PROSP23","Y","Procladius sp.",,"genus","Arthropoda","Hexapoda","Insecta","Pterygota","Neoptera","Holometabola","Diptera","Nematocera","Culicomorpha",,"Chironomidae","Tanypodinae","Procladiini",,"Procladius","sp.",,"larva",,,28,100,28,"N","Y",,"damaged, affecting analysis","Y",,"Andersen et al. 2013","N","GEI Consultants Inc.","JC/UR","Posterior abdomen missing",,
"85efef80-ea3a-4a20-a725-5331afd45646","D10","ARIK","ARIK.AOS.reach","2016-07-13T15:24Z","2017-01-17","ARIK.20160713.KICKNET.3",,,"PELSP3","Y","Peltodytes sp.",,"genus","Arthropoda","Hexapoda","Insecta","Pterygota","Neoptera","Holometabola","Coleoptera","Adephaga",,,"Haliplidae",,,,"Peltodytes","sp.",,"larva",2,,4,100,4,"N","Y",,"condition OK","Y",,"Merritt et al. 2008","N","GEI Consultants Inc.","KG",,,"legacyData"
"58bec665-335e-4d40-9d0e-c4aa582c563d","D10","ARIK","ARIK.AOS.reach","2016-07-13T15:24Z","2017-01-04","ARIK.20160713.KICKNET.4",,"NE(10)816-4-OLI","LUMSP6","Y","Lumbriculus sp.",,"genus","Annelida","Clitellata","Oligochaeta","Oligochaeta",,,"Lumbriculida",,,,"Lumbriculidae",,,,"Lumbriculus","sp.",,"adult",5,,3,30,10,"N","N",,"condition OK","Y",,"Kathman and Brinkhurst 1999","N","GEI Consultants Inc.","UR",,,"legacyData"
"6c958fe7-2ca4-4c47-ace8-7c081e6f3bdc","D10","ARIK","ARIK.AOS.reach","2016-07-13T15:24Z","2017-01-17","ARIK.20160713.KICKNET.3",,"NE(10)816-3-OLI","ENCSP1","Y","Enchytraeidae sp.",,"family","Annelida","Clitellata","Oligochaeta","Oligochaeta",,,"Enchytraeida",,,,"Enchytraeidae",,,,,"sp.",,"adult",3,,2,100,2,"N","Y",,"condition OK","Y",,"Kathman and Brinkhurst 1999","N","GEI Consultants Inc.","UR",,,"legacyData"
"b8254f0e-ab92-4d0c-8ff1-5a8821ff8ab2","D10","ARIK","ARIK.AOS.reach","2016-07-13T15:24Z","2017-01-04","ARIK.20160713.KICKNET.5",,"NE(10)816-5-CHI","TANSP8","Y","Tanytarsini sp.",,"tribe","Arthropoda","Hexapoda","Insecta","Pterygota","Neoptera","Holometabola","Diptera","Nematocera","Culicomorpha",,"Chironomidae","Chironominae","Tanytarsini",,,"sp.",,"larva",3,,5,30,17,"N","Y",,"damaged, affecting analysis","N",,"Andersen et al. 2013","N","GEI Consultants Inc.","JC/UR","Premandible obscured, Micropsectra or Tanytarsus",,"legacyData"
"91daef24-d34e-4dad-8073-f59c86b2457c","D10","ARIK","ARIK.AOS.reach","2016-07-13T15:24Z","2017-02-28","ARIK.20160713.KICKNET.5",,,"NEMSP","Y","Nematoda sp.","Unid. Nematoda","phylum","Nematoda",,,,,,,,,,,,,,,"sp.",,"adult",2,,4,30,13,"N","Y",,"condition OK","Y",,"Smith 2001","Y","GEI Consultants Inc.","KG",,,"legacyData"
"eba4afab-4e87-443e-813b-210e18e27f09","D10","ARIK","ARIK.AOS.reach","2016-07-13T15:24Z","2017-01-16","ARIK.20160713.KICKNET.1",,,"ODOSP6","Y","Odontomyia/Hedriodiscus sp.",,"speciesGroup","Arthropoda","Hexapoda","Insecta","Pterygota","Neoptera","Holometabola","Diptera","Brachycera","Stratiomyomorpha",,"Stratiomyidae","Stratiomyinae","Stratiomyini",,"Odontomyia/Hedriodiscus","sp.",,"larva",3,,1,20,5,"N","Y",,"condition OK","Y",,"James 1936; Merritt et al. 2008","N","GEI Consultants Inc.","KG",,,"legacyData"
"e73cd96d-c892-45af-8383-803a104bb9d5","D10","ARIK","ARIK.AOS.reach","2016-07-13T15:24Z","2017-01-17","ARIK.20160713.KICKNET.3",,,"COESP","Y","Coenagrionidae sp.",,"family","Arthropoda","Hexapoda","Insecta","Pterygota","Palaeoptera",,"Odonata","Zygoptera",,,"Coenagrionidae",,,,,"sp.",,"larva",5,,1,100,1,"N","Y",,"damaged, affecting analysis","Y",,"Merritt et al. 2008","N","GEI Consultants Inc.","KG","Missing caudal gills",,"legacyData"
"12845e0f-c058-42a0-a9f7-5e9204c917d8","D10","ARIK","ARIK.AOS.reach","2016-07-13T15:24Z","2017-01-04","ARIK.20160713.CORE.3",,"NE(10)816-8-CHI","CHISP6","Y","Chironomini sp.",,"tribe","Arthropoda","Hexapoda","Insecta","Pterygota","Neoptera","Holometabola","Diptera","Nematocera","Culicomorpha",,"Chironomidae","Chironominae","Chironomini",,,"sp.",,"larva",1,,1,70,1,"N","N",,"damaged, affecting analysis","N",,"Andersen et al. 2013","N","GEI Consultants Inc.","JC/UR","Poor mount",,"legacyData"
"69b3eae7-7342-4b24-a1f8-96ab9b7fe415","D10","ARIK","ARIK.AOS.reach","2016-07-13T15:24Z","2017-02-10","ARIK.20160713.KICKNET.2",,,"CERSP10","Y","Ceratopogoninae sp.",,"subfamily","Arthropoda","Hexapoda","Insecta","Pterygota","Neoptera","Holometabola","Diptera","Nematocera","Culicomorpha",,"Ceratopogonidae","Ceratopogoninae",,,,"sp.",,"larva",,,2,100,2,"N","Y",,"damaged, affecting analysis","N",,"Merritt et al. 2008","N","GEI Consultants Inc.","KG","Missing posterior end",,
"3612dea5-ec6f-458a-af30-fc5801a750ec","D10","ARIK","ARIK.AOS.reach","2016-07-13T15:24Z","2017-01-17","ARIK.20160713.KICKNET.4",,"NE(10)816-4-OLI","NAISP","Y","Naididae sp.","Tubificidae without capilliform setae","family","Annelida","Clitellata","Oligochaeta","Oligochaeta",,,"Tubificida",,,,"Naididae",,,,,"sp.",,"adult",,,8,20,40,"Y","N",,"damaged, affecting analysis","Y",,"Kathman and Brinkhurst 1999","N","GEI Consultants Inc.","UR","Posterior segments missing",,
"5c87e873-ec28-4587-aa24-2fcd27f57a5e","D10","ARIK","ARIK.AOS.reach","2016-07-13T15:24Z","2017-01-16","ARIK.20160713.KICKNET.2",,,"ILYSP4","Y","Ilyodrilus sp.",,"genus","Annelida","Clitellata","Oligochaeta","Oligochaeta",,,"Tubificida",,,,"Naididae","Tubificinae",,,"Ilyodrilus","sp.",,"adult",,,8,100,8,"N","N",,"damaged, affecting analysis","Y",,"Kathman and Brinkhurst 1999","N","GEI Consultants Inc.","UR","Posterior segments missing",,
"0242b116-8b0d-428a-9cf2-71d1419d1411","D10","ARIK","ARIK.AOS.reach","2016-07-13T15:24Z","2017-01-17","ARIK.20160713.KICKNET.4",,"NE(10)816-4-OLI","NAISP","Y","Naididae sp.","Tubificidae with capilliform setae","family","Annelida","Clitellata","Oligochaeta","Oligochaeta",,,"Tubificida",,,,"Naididae",,,,,"sp.",,"adult",,,10,20,50,"Y","N",,"damaged, affecting analysis","Y",,"Kathman and Brinkhurst 1999","N","GEI Consultants Inc.","UR","Posterior segments missing",,
"8a1c7252-031b-497b-8841-a6b6d1cc1530","D10","ARIK","ARIK.AOS.reach","2016-07-13T15:24Z","2017-02-07","ARIK.20160713.KICKNET.1",,,"ANISP1","Y","Anisoptera sp.",,"suborder","Arthropoda","Hexapoda","Insecta","Pterygota","Palaeoptera",,"Odonata","Anisoptera",,,,,,,,"sp.",,"larva",,,4,20,20,"Y","Y",,"damaged, affecting analysis","Y",,"Merritt et al. 2008","N","GEI Consultants Inc.","KG","Missing abdomen; probably Corduliidae",,
"c599172f-00f5-4110-9d3a-18f43b43495c","D10","ARIK","ARIK.AOS.reach","2016-07-13T15:24Z","2017-01-04","ARIK.20160713.CORE.3",,"NE(10)816-8-CHI","TANSP11","Y","Tanytarsus sp.",,"genus","Arthropoda","Hexapoda","Insecta","Pterygota","Neoptera","Holometabola","Diptera","Nematocera","Culicomorpha",,"Chironomidae","Chironominae","Tanytarsini",,"Tanytarsus","sp.",,"larva",3,,1,70,1,"N","Y",,"condition OK","Y",,"Andersen et al. 2013","N","GEI Consultants Inc.","JC/UR",,,"legacyData"
"5c8177f2-8b66-4980-b567-c5a649854647","D10","ARIK","ARIK.AOS.reach","2016-07-13T15:24Z","2017-01-17","ARIK.20160713.KICKNET.3",,"NE(10)816-3-CHI","PROSP23","Y","Procladius sp.",,"genus","Arthropoda","Hexapoda","Insecta","Pterygota","Neoptera","Holometabola","Diptera","Nematocera","Culicomorpha",,"Chironomidae","Tanypodinae","Procladiini",,"Procladius","sp.",,"larva",8,,5,100,5,"N","Y",,"condition OK","Y",,"Andersen et al. 2013","N","GEI Consultants Inc.","JC/UR",,,"legacyData"
"6cabcd74-a63f-49bd-902f-01ff8cb632b5","D10","ARIK","ARIK.AOS.reach","2016-07-13T15:24Z","2017-02-23","ARIK.20160713.KICKNET.4",,,"COESP","Y","Coenagrionidae sp.",,"family","Arthropoda","Hexapoda","Insecta","Pterygota","Palaeoptera",,"Odonata","Zygoptera",,,"Coenagrionidae",,,,,"sp.",,"larva",4,,1,100,1,"N","Y",,"damaged, affecting analysis","N",,"Merritt et al. 2008","N","GEI Consultants Inc.","KG","Missing caudal gills",,"legacyData"
"0f954c36-14d8-4ace-817f-d81e57581793","D10","ARIK","ARIK.AOS.reach","2016-07-13T15:24Z","2017-01-16","ARIK.20160713.KICKNET.1",,,"CAEYOU","Y","Caenis youngi",,"species","Arthropoda","Hexapoda","Insecta","Pterygota","Palaeoptera",,"Ephemeroptera","Furcatergalia","Pannota","Caenoidea","Caenidae","Caeninae",,,"Caenis","youngi",,"larva",5,,2,30,7,"N","N",,"condition OK","Y",,"Provonsha 1990; Merritt et al. 2008","N","GEI Consultants Inc.","KG",,,"legacyData"
"e3e9ee42-afdb-4fa2-93bb-486d098ca359","D10","ARIK","ARIK.AOS.reach","2016-07-13T15:24Z","2017-01-17","ARIK.20160713.KICKNET.3",,,"COESP","Y","Coenagrionidae sp.",,"family","Arthropoda","Hexapoda","Insecta","Pterygota","Palaeoptera",,"Odonata","Zygoptera",,,"Coenagrionidae",,,,,"sp.",,"larva",4,,2,100,2,"N","Y",,"damaged, affecting analysis","Y",,"Merritt et al. 2008","N","GEI Consultants Inc.","KG","Missing caudal gills",,"legacyData"
"aea62dd7-10a5-4d29-9939-13b32640b5ee","D10","ARIK","ARIK.AOS.reach","2016-07-13T15:24Z","2017-02-23","ARIK.20160713.KICKNET.4",,,"CHRSP6","Y","Chrysops sp.",,"genus","Arthropoda","Hexapoda","Insecta","Pterygota","Neoptera","Holometabola","Diptera","Brachycera","Tabanomorpha",,"Tabanidae","Chrysopsinae","Chrysopsini",,"Chrysops","sp.",,"larva",6,,1,30,3,"N","Y",,"condition OK","Y",,"Merritt et al. 2008","N","GEI Consultants Inc.","KG",,,"legacyData"
"8d0dc933-6f97-49cf-a1ea-55adac130133","D10","ARIK","ARIK.AOS.reach","2016-07-13T15:24Z","2017-01-04","ARIK.20160713.CORE.2",,,"CHISP8","Y","Chironomus sp.",,"genus","Arthropoda","Hexapoda","Insecta","Pterygota","Neoptera","Holometabola","Diptera","Nematocera","Culicomorpha",,"Chironomidae","Chironominae","Chironomini",,"Chironomus","sp.",,"larva",,,1,100,1,"N","Y",,"damaged, affecting analysis","Y",,"Andersen et al. 2013","N","GEI Consultants Inc.","JC/UR","Posterior abdomen missing",,
"19db21ae-073f-4892-a71f-306823b9da46","D10","ARIK","ARIK.AOS.reach","2016-07-13T15:24Z","2017-01-03","ARIK.20160713.KICKNET.2",,"NE(10)816-2","CLASP5","Y","Cladopelma sp.",,"genus","Arthropoda","Hexapoda","Insecta","Pterygota","Neoptera","Holometabola","Diptera","Nematocera","Culicomorpha",,"Chironomidae","Chironominae","Chironomini",,"Cladopelma","sp.",,"larva",,,12,100,12,"N","Y",,"damaged, affecting analysis","Y",,"Andersen et al. 2013","N","GEI Consultants Inc.","JC/UR","Posterior abdomen missing",,
"8a995555-b875-4292-a5fe-a66751d2bf74","D10","ARIK","ARIK.AOS.reach","2016-07-13T15:24Z","2017-01-16","ARIK.20160713.KICKNET.1",,,"NEUSP4","Y","Neumania sp.",,"genus","Arthropoda","Chelicerata","Arachnida","Acari",,"Acariformes","Trombidiformes","Prostigmata",,"Hygrobatoidea","Unionicolidae",,,,"Neumania","sp.",,"adult",1,,2,20,10,"N","Y",,"condition OK","Y",,"Thorp and Rogers 2016","N","GEI Consultants Inc.","KG",,,"legacyData"
"61bc096f-7aec-46e0-adf0-03025122bcbb","D10","ARIK","ARIK.AOS.reach","2016-07-13T15:24Z","2017-02-28","ARIK.20160713.KICKNET.5",,,"DESSP3","Y","Desmopachria sp.",,"genus","Arthropoda","Hexapoda","Insecta","Pterygota","Neoptera","Holometabola","Coleoptera","Adephaga",,,"Dytiscidae","Hydroporinae","Hyphydrini",,"Desmopachria","sp.",,"larva",2,,2,30,7,"N","Y",,"condition OK","Y",,"Larson et al. 2000; Merritt et al. 2008","Y","GEI Consultants Inc.","KG",,,"legacyData"
"ad0ad021-2ea0-46d8-8223-f8280c938e95","D10","ARIK","ARIK.AOS.reach","2016-07-13T15:24Z","2017-02-28","ARIK.20160713.KICKNET.5",,,"BAESP","Y","Baetidae sp.",,"family","Arthropoda","Hexapoda","Insecta","Pterygota","Palaeoptera",,"Ephemeroptera","Pisciforma",,,"Baetidae",,,,,"sp.",,"larva",2,,2,30,7,"Y","Y",,"condition OK","Y",,"Merritt et al. 2008","Y","GEI Consultants Inc.","KG","Probably Fallceon quilleri",,"legacyData"
"2b6cc50e-f12f-4f4c-aad4-7f70a1179a23","D10","ARIK","ARIK.AOS.reach","2016-07-13T15:24Z","2017-02-23","ARIK.20160713.KICKNET.4",,,"PHYSP7","Y","Physa sp.",,"genus","Mollusca",,"Gastropoda",,,,"Basommatophora",,,,"Physidae",,,,"Physa","sp.",,"adult",7,,1,100,1,"N","Y",,"condition OK","Y",,"Thorp and Rogers 2016","N","GEI Consultants Inc.","KG","Probably Physa acuta",,"legacyData"
"2bdb67a8-4857-4d7e-9e5f-098d9ac988c8","D10","ARIK","ARIK.AOS.reach","2016-07-13T15:24Z","2017-02-28","ARIK.20160713.KICKNET.5",,,"LEPSP","Y","Lepidoptera sp.","Unid. Lepidoptera","order","Arthropoda","Hexapoda","Insecta","Pterygota","Neoptera","Holometabola","Lepidoptera",,,,,,,,,"sp.",,"larva",,,1,20,5,"Y","Y",,"damaged, affecting analysis","Y",,"Merritt et al. 2008","Y","GEI Consultants Inc.","KG","Missing abdomen",,
"c6de2f43-6a2f-403d-b4ab-b58da7f62ddb","D10","ARIK","ARIK.AOS.reach","2016-07-13T15:24Z","2017-01-17","ARIK.20160713.KICKNET.3",,"NE(10)816-3-OLI","DERSP4","Y","Dero sp.",,"genus","Annelida","Clitellata","Oligochaeta","Oligochaeta",,,"Tubificida",,,,"Naididae","Naidinae",,,"Dero","sp.",,"adult",2,,4,100,4,"N","N",,"condition OK","Y",,"Kathman and Brinkhurst 1999","N","GEI Consultants Inc.","UR",,,"legacyData"
"dd048f60-801e-455a-9663-1c2066c393ac","D10","ARIK","ARIK.AOS.reach","2016-07-13T15:24Z","2017-01-16","ARIK.20160713.KICKNET.1",,"NE(10)816-1-CHI","TANSP11","Y","Tanytarsus sp.",,"genus","Arthropoda","Hexapoda","Insecta","Pterygota","Neoptera","Holometabola","Diptera","Nematocera","Culicomorpha",,"Chironomidae","Chironominae","Tanytarsini",,"Tanytarsus","sp.",,"larva",2,,4,30,13,"N","Y",,"condition OK","Y",,"Andersen et al. 2013","N","GEI Consultants Inc.","JC/UR",,,"legacyData"
"4f78ed8b-a5d6-4256-9a1e-41d6062c8a40","D10","ARIK","ARIK.AOS.reach","2016-07-13T15:24Z","2017-02-23","ARIK.20160713.KICKNET.4",,,"HELSP4","Y","Helisoma sp.",,"genus","Mollusca",,"Gastropoda",,,,"Basommatophora",,,,"Planorbidae",,,,"Helisoma","sp.",,"adult",12,,2,100,2,"N","Y",,"condition OK","Y",,"Thorp and Rogers 2016","N","GEI Consultants Inc.","KG",,,"legacyData"
"b4f660d5-c44a-4d8b-94b4-42f4f6411154","D10","ARIK","ARIK.AOS.reach","2016-07-13T15:24Z","2017-01-17","ARIK.20160713.KICKNET.3",,,"NEMSP","Y","Nematoda sp.","Unid. Nematoda","phylum","Nematoda",,,,,,,,,,,,,,,"sp.",,"adult",4,,2,100,2,"N","Y",,"condition OK","Y",,"Smith 2001","N","GEI Consultants Inc.","KG",,,"legacyData"
"d80af422-7319-47f1-9336-0cbdacfa9092","D10","ARIK","ARIK.AOS.reach","2016-07-13T15:24Z","2017-02-28","ARIK.20160713.KICKNET.5",,,"TURSP","Y","Turbellaria sp.","Unid. Turbellaria","class","Platyhelminthes",,"Turbellaria",,,,,,,,,,,,,"sp.",,"adult",6,,2,30,7,"N","Y",,"condition OK","Y",,"Smith 2001","Y","GEI Consultants Inc.","KG","Girardia sp.",,"legacyData"
"9b4c2ee1-b4aa-48b5-9bda-5c754dd3ec3c","D10","ARIK","ARIK.AOS.reach","2016-07-13T15:24Z","2017-01-04","ARIK.20160713.KICKNET.4",,"NE(10)816-4-CHI","TANSP11","Y","Tanytarsus sp.",,"genus","Arthropoda","Hexapoda","Insecta","Pterygota","Neoptera","Holometabola","Diptera","Nematocera","Culicomorpha",,"Chironomidae","Chironominae","Tanytarsini",,"Tanytarsus","sp.",,"larva",2,,5,30,17,"N","Y",,"condition OK","Y",,"Andersen et al. 2013","N","GEI Consultants Inc.","JC/UR",,,"legacyData"
"5db02d13-2ca6-426a-85cb-b22a09356fce","D10","ARIK","ARIK.AOS.reach","2016-07-13T15:24Z","2017-02-10","ARIK.20160713.KICKNET.2",,,"ARRSP","Y","Arrenuridae sp.",,"family","Arthropoda","Chelicerata","Arachnida","Acari",,"Acariformes","Trombidiformes","Prostigmata",,"Arrenuroidea","Arrenuridae",,,,,"sp.",,"adult",1,,3,30,10,"Y","Y",,"condition OK","N",,"Thorp and Rogers 2016","N","GEI Consultants Inc.","KG",,,"legacyData"
"5c4c6faa-d5df-4149-86d6-bdb4722dd8d4","D10","ARIK","ARIK.AOS.reach","2016-07-13T15:24Z","2017-02-23","ARIK.20160713.KICKNET.4",,,"TURSP","Y","Turbellaria sp.","Unid. Turbellaria","class","Platyhelminthes",,"Turbellaria",,,,,,,,,,,,,"sp.",,"adult",3,,1,100,1,"N","Y",,"condition OK","Y",,"Smith 2001","N","GEI Consultants Inc.","KG","Girardia sp.",,"legacyData"
"11177984-b6a1-491c-ab17-a840901df8bf","D10","ARIK","ARIK.AOS.reach","2016-07-13T15:24Z","2017-01-17","ARIK.20160713.CORE.2",,"NE(10)816-7-OLI2","ILYSP4","Y","Ilyodrilus sp.",,"genus","Annelida","Clitellata","Oligochaeta","Oligochaeta",,,"Tubificida",,,,"Naididae","Tubificinae",,,"Ilyodrilus","sp.",,"adult",,,1,100,1,"N","N",,"damaged, affecting analysis","Y",,"Kathman and Brinkhurst 1999","N","GEI Consultants Inc.","UR","Posterior segments missing",,
"4ee7d6cd-d147-43fc-b4bd-a6133b76c4ad","D10","ARIK","ARIK.AOS.reach","2016-07-13T15:24Z","2017-03-01","ARIK.20160713.CORE.1",,,"COESP","Y","Coenagrionidae sp.",,"family","Arthropoda","Hexapoda","Insecta","Pterygota","Palaeoptera",,"Odonata","Zygoptera",,,"Coenagrionidae",,,,,"sp.",,"larva",5,,4,70,6,"N","Y",,"condition OK","N",,"Merritt et al. 2008","N","GEI Consultants Inc.","UR",,,"legacyData"
"6753665b-b406-4138-96b1-a01c1ed2e119","D10","ARIK","ARIK.AOS.reach","2016-07-13T15:24Z","2017-02-28","ARIK.20160713.KICKNET.5",,,"ANISP1","Y","Anisoptera sp.",,"suborder","Arthropoda","Hexapoda","Insecta","Pterygota","Palaeoptera",,"Odonata","Anisoptera",,,,,,,,"sp.",,"larva",,"a",1,20,5,"Y","Y",,"damaged, affecting analysis","Y",,"Merritt et al. 2008","Y","GEI Consultants Inc.","KG","Missing abdomen and antennae, maybe Cordulegastridae",,
"46403b41-fde0-421a-8a87-57e58b466723","D10","ARIK","ARIK.AOS.reach","2016-07-13T15:24Z","2017-01-04","ARIK.20160713.KICKNET.5",,"NE(10)816-5-CHI","ACRSP5","Y","Acricotopus sp.",,"genus","Arthropoda","Hexapoda","Insecta","Pterygota","Neoptera","Holometabola","Diptera","Nematocera","Culicomorpha",,"Chironomidae","Orthocladiinae",,,"Acricotopus","sp.",,"larva",2,,5,30,17,"N","Y",,"condition OK","Y",,"Andersen et al. 2013","N","GEI Consultants Inc.","JC/UR",,,"legacyData"
"d16c4601-def3-4bda-af6c-3e3192932b5c","D10","ARIK","ARIK.AOS.reach","2016-07-13T15:24Z","2017-02-10","ARIK.20160713.KICKNET.2",,,"EPHSP","Y","Ephemeroptera sp.","Unid. Ephemeroptera","order","Arthropoda","Hexapoda","Insecta","Pterygota","Palaeoptera",,"Ephemeroptera",,,,,,,,,"sp.",,"larva",4,,1,30,3,"N","Y",,"damaged, affecting analysis","Y",,"Merritt et al. 2008","N","GEI Consultants Inc.","KG","Missing gills and torn; probably Caenidae",,"legacyData"
"c320e96d-610a-41bb-9eb1-4b48b6edaf19","D10","ARIK","ARIK.AOS.reach","2016-07-13T15:24Z","2017-01-17","ARIK.20160713.KICKNET.3",,,"PHYSP7","Y","Physa sp.",,"genus","Mollusca",,"Gastropoda",,,,"Basommatophora",,,,"Physidae",,,,"Physa","sp.",,"adult",8,,2,100,2,"N","Y",,"condition OK","Y",,"Thorp and Rogers 2016","N","GEI Consultants Inc.","KG",,,"legacyData"
"2448aa46-f03e-43af-89c8-beaf52ea1b30","D10","ARIK","ARIK.AOS.reach","2016-07-13T15:24Z","2017-02-28","ARIK.20160713.KICKNET.5",,,"DESSP3","Y","Desmopachria sp.",,"genus","Arthropoda","Hexapoda","Insecta","Pterygota","Neoptera","Holometabola","Coleoptera","Adephaga",,,"Dytiscidae","Hydroporinae","Hyphydrini",,"Desmopachria","sp.",,"larva",1,,1,30,3,"N","Y",,"condition OK","Y",,"Larson et al. 2000; Merritt et al. 2008","Y","GEI Consultants Inc.","KG",,,"legacyData"
"08af537a-1e00-47b6-ac23-1375120a945b","D10","ARIK","ARIK.AOS.reach","2016-07-13T15:24Z","2017-02-10","ARIK.20160713.KICKNET.2",,,"HELSP4","Y","Helisoma sp.",,"genus","Mollusca",,"Gastropoda",,,,"Basommatophora",,,,"Planorbidae",,,,"Helisoma","sp.",,"adult",12,,1,30,3,"N","Y",,"condition OK","Y",,"Thorp and Rogers 2016","N","GEI Consultants Inc.","KG","Probably Helisoma subcrenatum",,"legacyData"
"08b829db-64b2-4604-859c-b45ae47e11cb","D10","ARIK","ARIK.AOS.reach","2016-07-13T15:24Z","2017-01-04","ARIK.20160713.CORE.3",,"NE(10)816-8-CHI","CRYSP3","Y","Cryptotendipes sp.",,"genus","Arthropoda","Hexapoda","Insecta","Pterygota","Neoptera","Holometabola","Diptera","Nematocera","Culicomorpha",,"Chironomidae","Chironominae","Chironomini",,"Cryptotendipes","sp.",,"larva",5,,1,70,1,"N","Y",,"condition OK","Y",,"Andersen et al. 2013","N","GEI Consultants Inc.","JC/UR",,,"legacyData"
"cc0773c6-e047-4653-9b0c-2cce50775e84","D10","ARIK","ARIK.AOS.reach","2016-07-13T15:24Z","2017-01-17","ARIK.20160713.KICKNET.3",,"NE(10)816-3-CHI","TANSP11","Y","Tanytarsus sp.",,"genus","Arthropoda","Hexapoda","Insecta","Pterygota","Neoptera","Holometabola","Diptera","Nematocera","Culicomorpha",,"Chironomidae","Chironominae","Tanytarsini",,"Tanytarsus","sp.",,"larva",2,,5,100,5,"N","Y",,"condition OK","Y",,"Andersen et al. 2013","N","GEI Consultants Inc.","JC/UR",,,"legacyData"
"9e2770c8-840e-42b1-8c8a-0901e45cfad3","D10","ARIK","ARIK.AOS.reach","2016-07-13T15:24Z","2017-01-17","ARIK.20160713.KICKNET.3",,"NE(10)816-3-OLI","DESPIC","Y","Desserobdella picta",,"species","Annelida","Clitellata","Hirudinea","Hirudinea","Euhirudinea",,"Rhynchobdellida",,,,"Glossiphoniidae","Glossiphoniinae",,,"Desserobdella","picta",,"adult",11,,1,100,1,"N","N",,"condition OK","Y",,"Klemm 1985; Thorp and Rogers 2016","N","GEI Consultants Inc.","KG",,,"legacyData"
"b6368ba9-a483-4e59-aa41-27ca805dff9c","D10","ARIK","ARIK.AOS.reach","2016-07-13T15:24Z","2017-01-04","ARIK.20160713.CORE.1",,"NE(10)816-6-CHI","CONGR","Y","Conchapelopia/Thienemannimyia gr.",,"speciesGroup","Arthropoda","Hexapoda","Insecta",,"Neoptera","Holometabola","Diptera","Nematocera","Culicomorpha",,"Chironomidae","Tanypodinae","Pentaneurini",,,"gr.",,"larva",4,,1,70,1,"N","Y",,"condition OK","Y",,"Andersen et al. 2013","N","GEI Consultants Inc.","JC/UR",,,"legacyData"
"aba6a641-a500-4ac9-8a8f-93ca630e98a2","D10","ARIK","ARIK.AOS.reach","2016-07-13T15:24Z","2017-01-17","ARIK.20160713.KICKNET.3",,"NE(10)816-3-CHI","PROSP23","Y","Procladius sp.",,"genus","Arthropoda","Hexapoda","Insecta","Pterygota","Neoptera","Holometabola","Diptera","Nematocera","Culicomorpha",,"Chironomidae","Tanypodinae","Procladiini",,"Procladius","sp.",,"larva",4,,5,100,5,"N","Y",,"condition OK","Y",,"Andersen et al. 2013","N","GEI Consultants Inc.","JC/UR",,,"legacyData"
"ec2c3fed-f385-4cb5-9f1e-9060fa3f08d8","D10","ARIK","ARIK.AOS.reach","2016-07-13T15:24Z","2017-01-04","ARIK.20160713.KICKNET.4",,"NE(10)816-4-OLI","DERSP4","Y","Dero sp.",,"genus","Annelida","Clitellata","Oligochaeta","Oligochaeta",,,"Tubificida",,,,"Naididae","Naidinae",,,"Dero","sp.",,"adult",2,,3,30,10,"N","N",,"condition OK","Y",,"Kathman and Brinkhurst 1999","N","GEI Consultants Inc.","UR",,,"legacyData"
"aeec8732-cdf3-40b8-bd3e-27dc4f086f26","D10","ARIK","ARIK.AOS.reach","2016-07-13T15:24Z","2017-01-04","ARIK.20160713.CORE.1",,"NE(10)816-6-CHI","ZAVPAR","Y","Zavrelimyia (Paramerina) sp.",,"subgenus","Arthropoda","Hexapoda","Insecta",,"Neoptera","Holometabola","Diptera","Nematocera","Culicomorpha",,"Chironomidae","Tanypodinae","Pentaneurini",,"Zavrelimyia","sp.",,"larva",4,,2,70,3,"N","Y",,"condition OK","Y",,"Andersen et al. 2013; Silva and Ekrem 2015","N","GEI Consultants Inc.","JC/UR",,,"legacyData"
"2e15f664-fc02-4a65-b3f0-b246bacb6c3a","D10","ARIK","ARIK.AOS.reach","2016-07-13T15:24Z","2017-01-17","ARIK.20160713.KICKNET.5",,"NE(10)816-5-OLI","ENCSP1","Y","Enchytraeidae sp.",,"family","Annelida","Clitellata","Oligochaeta","Oligochaeta",,,"Enchytraeida",,,,"Enchytraeidae",,,,,"sp.",,"adult",4,,3,30,10,"N","Y",,"condition OK","Y",,"Kathman and Brinkhurst 1999","N","GEI Consultants Inc.","UR",,,"legacyData"
"a2d8f797-9bf6-461a-a1dd-3a4650bd06c7","D10","ARIK","ARIK.AOS.reach","2016-07-13T15:24Z","2017-01-17","ARIK.20160713.KICKNET.3",,,"COESP","Y","Coenagrionidae sp.",,"family","Arthropoda","Hexapoda","Insecta","Pterygota","Palaeoptera",,"Odonata","Zygoptera",,,"Coenagrionidae",,,,,"sp.",,"larva",3,,6,100,6,"Y","Y",,"damaged, affecting analysis","Y",,"Merritt et al. 2008","N","GEI Consultants Inc.","KG","Missing caudal gills",,"legacyData"
"87d58b94-2d6f-4794-aca3-f6bb77cc53e6","D10","ARIK","ARIK.AOS.reach","2016-07-13T15:24Z","2017-02-10","ARIK.20160713.KICKNET.2",,,"PHYSP7","Y","Physa sp.",,"genus","Mollusca",,"Gastropoda",,,,"Basommatophora",,,,"Physidae",,,,"Physa","sp.",,"adult",16,,1,30,3,"N","Y",,"condition OK","Y",,"Thorp and Rogers 2016","N","GEI Consultants Inc.","KG","Probably Physa acuta",,"legacyData"
"25b14211-cb31-4db3-89aa-fb54a8671cd0","D10","ARIK","ARIK.AOS.reach","2016-07-13T15:24Z","2017-03-01","ARIK.20160713.CORE.1",,,"PISSP2","Y","Pisidiidae sp.",,"family","Mollusca",,"Bivalvia","Heterodonta",,,"Veneroida",,,"Corbiculoidea","Pisidiidae",,,,,"sp.",,"adult",1,,2,70,3,"Y","Y",,"condition OK","Y",,"Thorp and Rogers 2016","N","GEI Consultants Inc.","UR",,,"legacyData"
"ae3b9951-b500-4030-b662-613d618fe9b3","D10","ARIK","ARIK.AOS.reach","2016-07-13T15:24Z","2017-02-10","ARIK.20160713.KICKNET.2",,,"CORSP4","Y","Corixidae sp.",,"family","Arthropoda","Hexapoda","Insecta","Pterygota","Neoptera","Paraneoptera","Hemiptera","Heteroptera","Nepomorpha","Corixoidea","Corixidae",,,,,"sp.",,"larva",2,,1,30,3,"Y","Y",,"condition OK","Y",,"Merritt et al. 2008","N","GEI Consultants Inc.","KG",,,"legacyData"
"649b83fe-b704-409f-9943-ec1a6cad8ddf","D10","ARIK","ARIK.AOS.reach","2016-07-13T15:24Z","2017-01-17","ARIK.20160713.KICKNET.3",,,"CHRSP6","Y","Chrysops sp.",,"genus","Arthropoda","Hexapoda","Insecta","Pterygota","Neoptera","Holometabola","Diptera","Brachycera","Tabanomorpha",,"Tabanidae","Chrysopsinae","Chrysopsini",,"Chrysops","sp.",,"larva",10,,1,100,1,"N","Y",,"condition OK","Y",,"Merritt et al. 2008","N","GEI Consultants Inc.","KG",,,"legacyData"
"b3be289c-ca78-4b20-a5dc-42179a1c4948","D10","ARIK","ARIK.AOS.reach","2016-07-13T15:24Z","2017-01-04","ARIK.20160713.KICKNET.4",,"NE(10)816-4-CHI","PENSP6","Y","Pentaneurini sp.",,"tribe","Arthropoda","Hexapoda","Insecta","Pterygota","Neoptera","Holometabola","Diptera","Nematocera","Culicomorpha",,"Chironomidae","Tanypodinae","Pentaneurini",,,"sp.",,"larva",5,,5,30,17,"N","N",,"damaged, affecting analysis","N",,"Andersen et al. 2013","N","GEI Consultants Inc.","JC/UR","Air bubbles in head capsule, likely Conchapelopia/Thienemannimyia gr.",,"legacyData"
"b1d12fba-3678-4c5e-8642-d4be44379ad4","D10","ARIK","ARIK.AOS.reach","2016-07-13T15:24Z","2017-01-04","ARIK.20160713.CORE.3",,"NE(10)816-8-CHI","TANSP11","Y","Tanytarsus sp.",,"genus","Arthropoda","Hexapoda","Insecta","Pterygota","Neoptera","Holometabola","Diptera","Nematocera","Culicomorpha",,"Chironomidae","Chironominae","Tanytarsini",,"Tanytarsus","sp.",,"larva",,,3,100,3,"N","Y",,"damaged, affecting analysis","Y",,"Andersen et al. 2013","N","GEI Consultants Inc.","JC/UR","Posterior abdomen missing",,
"55abb275-d3b5-4138-89e4-715df58d192f","D10","ARIK","ARIK.AOS.reach","2016-07-13T15:24Z","2017-02-23","ARIK.20160713.KICKNET.4",,,"CALFLU","Y","Callibaetis fluctuans",,"species","Arthropoda","Hexapoda","Insecta","Pterygota","Palaeoptera",,"Ephemeroptera","Pisciforma",,,"Baetidae",,,,"Callibaetis","fluctuans",,"larva",4,,1,100,1,"N","N",,"condition OK","Y",,"Check 1982; McCafferty et al. 1993","N","GEI Consultants Inc.","KG","Missing legs",,"legacyData"
"50273448-db96-47c3-9ce9-2b6ab4a187a3","D10","ARIK","ARIK.AOS.reach","2016-07-13T15:24Z","2017-01-17","ARIK.20160713.KICKNET.3",,"NE(10)816-3-CHI","HYDSP26","Y","Hydrobaenus sp.",,"genus","Arthropoda","Hexapoda","Insecta","Pterygota","Neoptera","Holometabola","Diptera","Nematocera","Culicomorpha",,"Chironomidae","Orthocladiinae",,,"Hydrobaenus","sp.",,"larva",1,,5,100,5,"N","Y",,"condition OK","Y",,"Andersen et al. 2013","N","GEI Consultants Inc.","JC/UR",,,"legacyData"
"4b779c79-2c21-434c-85f5-23a712a32417","D10","ARIK","ARIK.AOS.reach","2016-07-13T15:24Z","2017-01-03","ARIK.20160713.KICKNET.2",,"NE(10)816-2","DICSP7","Y","Dicrotendipes sp.",,"genus","Arthropoda","Hexapoda","Insecta","Pterygota","Neoptera","Holometabola","Diptera","Nematocera","Culicomorpha",,"Chironomidae","Chironominae","Chironomini",,"Dicrotendipes","sp.",,"larva",6,,3,30,10,"N","Y",,"condition OK","Y",,"Andersen et al. 2013","N","GEI Consultants Inc.","JC/UR",,,"legacyData"
"681084f9-1c43-4fb8-9067-fb9f20e7dd31","D10","ARIK","ARIK.AOS.reach","2016-07-13T15:24Z","2017-01-04","ARIK.20160713.KICKNET.5",,"NE(10)816-5-CHI","TANSP8","Y","Tanytarsini sp.",,"tribe","Arthropoda","Hexapoda","Insecta","Pterygota","Neoptera","Holometabola","Diptera","Nematocera","Culicomorpha",,"Chironomidae","Chironominae","Tanytarsini",,,"sp.",,"larva",,,10,20,50,"N","Y",,"damaged, affecting analysis","N",,"Andersen et al. 2013","N","GEI Consultants Inc.","JC/UR","Premandible obscured, Micropsectra or Tanytarsus; Posterior abdomen missing",,
"75a15ef9-a3b6-485d-85a0-1c082f875abe","D10","ARIK","ARIK.AOS.reach","2016-07-13T15:24Z","2017-02-10","ARIK.20160713.KICKNET.2",,,"BERSP4","Y","Berosus sp.",,"genus","Arthropoda","Hexapoda","Insecta","Pterygota","Neoptera","Holometabola","Coleoptera","Polyphaga","Staphyliniformia","Hydrophiloidea","Hydrophilidae","Hydrophilinae","Berosini",,"Berosus","sp.",,"larva",3,,2,30,7,"N","Y",,"condition OK","Y",,"Merritt et al. 2008","N","GEI Consultants Inc.","KG",,,"legacyData"
"4342372f-40fa-480e-aed8-d62454a41405","D10","ARIK","ARIK.AOS.reach","2016-07-13T15:24Z","2017-01-17","ARIK.20160713.KICKNET.3",,,"PHYSP7","Y","Physa sp.",,"genus","Mollusca",,"Gastropoda",,,,"Basommatophora",,,,"Physidae",,,,"Physa","sp.",,"adult",1,,11,30,37,"Y","Y",,"condition OK","Y",,"Thorp and Rogers 2016","N","GEI Consultants Inc.","KG",,,"legacyData"
"4f33555c-222b-4716-8486-62568ab69f34","D10","ARIK","ARIK.AOS.reach","2016-07-13T15:24Z","2017-01-03","ARIK.20160713.KICKNET.3",,"NE(10)816-3-CHI","CONGR","Y","Conchapelopia/Thienemannimyia gr.",,"speciesGroup","Arthropoda","Hexapoda","Insecta",,"Neoptera","Holometabola","Diptera","Nematocera","Culicomorpha",,"Chironomidae","Tanypodinae","Pentaneurini",,,"gr.",,"larva",,,9,70,13,"N","Y",,"damaged, affecting analysis","Y",,"Andersen et al. 2013","N","GEI Consultants Inc.","JC/UR","Posterior abdomen missing",,
"485c4ccc-9f1c-48e2-a77f-7cd0d404fcca","D10","ARIK","ARIK.AOS.reach","2016-07-13T15:24Z","2017-01-17","ARIK.20160713.KICKNET.3",,,"PHYSP7","Y","Physa sp.",,"genus","Mollusca",,"Gastropoda",,,,"Basommatophora",,,,"Physidae",,,,"Physa","sp.",,"adult",4,,2,100,2,"N","Y",,"condition OK","Y",,"Thorp and Rogers 2016","N","GEI Consultants Inc.","KG",,,"legacyData"
"c5ce79fd-050a-4669-8ab4-159c2444b462","D10","ARIK","ARIK.AOS.reach","2016-07-13T15:24Z","2017-02-28","ARIK.20160713.KICKNET.5",,,"ANISP1","Y","Anisoptera sp.",,"suborder","Arthropoda","Hexapoda","Insecta","Pterygota","Palaeoptera",,"Odonata","Anisoptera",,,,,,,,"sp.",,"larva",,"b",1,20,5,"Y","Y",,"damaged, affecting analysis","Y",,"Merritt et al. 2008","Y","GEI Consultants Inc.","KG","Missing abdomen; probably Aeshna",,
"cc32cb49-91cf-4bcf-a7ad-882b101dd100","D10","ARIK","ARIK.AOS.reach","2016-07-13T15:24Z","2017-01-04","ARIK.20160713.CORE.2",,,"PSESP18","Y","Pseudochironomus sp.",,"genus","Arthropoda","Hexapoda","Insecta","Pterygota","Neoptera","Holometabola","Diptera","Nematocera","Culicomorpha",,"Chironomidae","Chironominae","Pseudochironomini",,"Pseudochironomus","sp.",,"larva",,,1,100,1,"N","Y",,"damaged, affecting analysis","Y",,"Andersen et al. 2013","N","GEI Consultants Inc.","JC/UR","Posterior abdomen missing",,
"8afa00c8-c576-4db0-81ea-bf6285a8bdf5","D10","ARIK","ARIK.AOS.reach","2016-07-13T15:24Z","2017-01-17","ARIK.20160713.KICKNET.3",,"NE(10)816-3-OLI","GLOSP","Y","Glossiphoniidae sp.",,"family","Annelida","Clitellata","Hirudinea","Hirudinea","Euhirudinea",,"Rhynchobdellida",,,,"Glossiphoniidae",,,,,"sp.",,"adult",4,,1,100,1,"Y","N",,"condition OK","N",,"Thorp and Rogers 2016","N","GEI Consultants Inc.","KG","Probably Placobdella",,"legacyData"
"e4f11ad6-f3de-4cb9-80eb-cd1d67cefcf4","D10","ARIK","ARIK.AOS.reach","2016-07-13T15:24Z","2017-02-10","ARIK.20160713.KICKNET.2",,,"PHYSP7","Y","Physa sp.",,"genus","Mollusca",,"Gastropoda",,,,"Basommatophora",,,,"Physidae",,,,"Physa","sp.",,"adult",12,,1,30,3,"N","Y",,"condition OK","Y",,"Thorp and Rogers 2016","N","GEI Consultants Inc.","KG","Probably Physa acuta",,"legacyData"
"676e3822-9fa8-469b-aaee-ba6cc6e1c240","D10","ARIK","ARIK.AOS.reach","2016-07-13T15:24Z","2017-02-28","ARIK.20160713.CORE.2",,,"LEPSP","Y","Lepidoptera sp.","Unid. Lepidoptera","order","Arthropoda","Hexapoda","Insecta","Pterygota","Neoptera","Holometabola","Lepidoptera",,,,,,,,,"sp.",,"larva",2,,1,70,1,"Y","Y",,"condition OK","Y",,"Merritt et al. 2008","N","GEI Consultants Inc.","KG",,,"legacyData"
"becd4e17-6bda-40f2-817a-494ead1d7a61","D10","ARIK","ARIK.AOS.reach","2016-07-13T15:24Z","2017-01-17","ARIK.20160713.CORE.2",,"NE(10)816-7-OLI1","ENCSP1","Y","Enchytraeidae sp.",,"family","Annelida","Clitellata","Oligochaeta","Oligochaeta",,,"Enchytraeida",,,,"Enchytraeidae",,,,,"sp.",,"adult",2,,1,70,1,"N","Y",,"condition OK","Y",,"Kathman and Brinkhurst 1999","N","GEI Consultants Inc.","UR",,,"legacyData"
"05f71c2c-2495-4a45-a721-7d57044d4033","D10","ARIK","ARIK.AOS.reach","2016-07-13T15:24Z","2017-01-04","ARIK.20160713.KICKNET.5",,"NE(10)816-5-CHI","CONGR","Y","Conchapelopia/Thienemannimyia gr.",,"speciesGroup","Arthropoda","Hexapoda","Insecta",,"Neoptera","Holometabola","Diptera","Nematocera","Culicomorpha",,"Chironomidae","Tanypodinae","Pentaneurini",,,"gr.",,"larva",5,,10,30,33,"N","Y",,"condition OK","Y",,"Andersen et al. 2013","N","GEI Consultants Inc.","JC/UR",,,"legacyData"
"60a0e02b-5827-4374-9e8f-85c9dac9f3f4","D10","ARIK","ARIK.AOS.reach","2016-07-13T15:24Z","2017-02-10","ARIK.20160713.KICKNET.2",,,"NEMSP","Y","Nematoda sp.","Unid. Nematoda","phylum","Nematoda",,,,,,,,,,,,,,,"sp.",,"adult",4,,6,30,20,"N","Y",,"condition OK","Y",,"Smith 2001","N","GEI Consultants Inc.","KG",,,"legacyData"
"81a0cd9d-3c11-4a7e-855e-f5fca7f05a16","D10","ARIK","ARIK.AOS.reach","2016-07-13T15:24Z","2017-02-28","ARIK.20160713.KICKNET.5",,,"ARRSP2","Y","Arrenurus sp.",,"genus","Arthropoda","Chelicerata","Arachnida","Acari",,"Acariformes","Trombidiformes","Prostigmata",,"Arrenuroidea","Arrenuridae",,,,"Arrenurus","sp.",,"adult",1,,3,30,10,"N","Y",,"condition OK","Y",,"Thorp and Rogers 2016","Y","GEI Consultants Inc.","KG","2 males and 1 female",,"legacyData"
"218a9fc5-e0ac-48b9-91e3-e2f0d31e4a67","D10","ARIK","ARIK.AOS.reach","2016-07-13T15:24Z","2017-03-01","ARIK.20160713.CORE.3",,,"NEMSP","Y","Nematoda sp.","Unid. Nematoda","phylum","Nematoda",,,,,,,,,,,,,,,"sp.",,"larva",2,,3,70,4,"N","Y",,"condition OK","Y",,"Smith 2001","N","GEI Consultants Inc.","KG",,,"legacyData"
"63be0cfb-a6aa-4856-b1c0-bc03e80d489d","D10","ARIK","ARIK.AOS.reach","2016-07-13T15:24Z","2017-01-17","ARIK.20160713.KICKNET.3",,,"HELSP4","Y","Helisoma sp.",,"genus","Mollusca",,"Gastropoda",,,,"Basommatophora",,,,"Planorbidae",,,,"Helisoma","sp.",,"adult",10,,1,100,1,"N","Y",,"condition OK","Y",,"Thorp and Rogers 2016","N","GEI Consultants Inc.","KG",,,"legacyData"
"2c7afa5d-9d1d-40b1-9be2-4cd07483f828","D10","ARIK","ARIK.AOS.reach","2016-07-13T15:24Z","2017-02-10","ARIK.20160713.KICKNET.2",,,"ARRSP2","Y","Arrenurus sp.",,"genus","Arthropoda","Chelicerata","Arachnida","Acari",,"Acariformes","Trombidiformes","Prostigmata",,"Arrenuroidea","Arrenuridae",,,,"Arrenurus","sp.",,"adult",1,,2,30,7,"N","Y",,"condition OK","Y",,"Thorp and Rogers 2016","N","GEI Consultants Inc.","KG",,,"legacyData"
"0e102d55-56dc-4b40-8f5e-f0f61678b369","D10","ARIK","ARIK.AOS.reach","2016-07-13T15:24Z","2017-02-23","ARIK.20160713.KICKNET.4",,,"NEMSP","Y","Nematoda sp.","Unid. Nematoda","phylum","Nematoda",,,,,,,,,,,,,,,"sp.",,"adult",4,,1,100,1,"N","Y",,"condition OK","Y",,"Smith 2001","N","GEI Consultants Inc.","KG",,,"legacyData"
"5e464ba2-ee4e-414f-a323-fde48c501371","D10","ARIK","ARIK.AOS.reach","2016-07-13T15:24Z","2017-02-07","ARIK.20160713.KICKNET.1",,,"PELSP3","Y","Peltodytes sp.",,"genus","Arthropoda","Hexapoda","Insecta","Pterygota","Neoptera","Holometabola","Coleoptera","Adephaga",,,"Haliplidae",,,,"Peltodytes","sp.",,"larva",,,1,20,5,"N","Y",,"damaged, affecting analysis","Y",,"Merritt et al. 2008","N","GEI Consultants Inc.","KG","Missing abdomen",,
"ca63b63e-bef0-442e-a4d4-f35d46e0d876","D10","ARIK","ARIK.AOS.reach","2016-07-13T15:24Z","2017-01-16","ARIK.20160713.KICKNET.1",,"NE(10)816-1-CHI","CONGR","Y","Conchapelopia/Thienemannimyia gr.",,"speciesGroup","Arthropoda","Hexapoda","Insecta",,"Neoptera","Holometabola","Diptera","Nematocera","Culicomorpha",,"Chironomidae","Tanypodinae","Pentaneurini",,,"gr.",,"larva",6,,4,30,13,"N","Y",,"condition OK","Y",,"Andersen et al. 2013","N","GEI Consultants Inc.","JC/UR",,,"legacyData"
"fcade6eb-c52b-4530-9b37-fc7a152d4033","D10","ARIK","ARIK.AOS.reach","2016-07-13T15:24Z","2017-02-28","ARIK.20160713.KICKNET.5",,,"BEZSP1","Y","Bezzia/Palpomyia sp.",,"speciesGroup","Arthropoda","Hexapoda","Insecta","Pterygota","Neoptera","Holometabola","Diptera","Nematocera","Culicomorpha",,"Ceratopogonidae","Ceratopogoninae","Palpomyiini",,"Bezzia/Palpomyia","sp.",,"larva",6,,1,30,3,"N","Y",,"condition OK","Y",,"Merritt et al. 2008","Y","GEI Consultants Inc.","KG",,,"legacyData"
"3362e46e-7d96-4817-9473-25817ef3592e","D10","ARIK","ARIK.AOS.reach","2016-07-13T15:24Z","2017-01-17","ARIK.20160713.KICKNET.3",,,"HELSP4","Y","Helisoma sp.",,"genus","Mollusca",,"Gastropoda",,,,"Basommatophora",,,,"Planorbidae",,,,"Helisoma","sp.",,"adult",12,,1,100,1,"N","Y",,"condition OK","Y",,"Thorp and Rogers 2016","N","GEI Consultants Inc.","KG",,,"legacyData"
"3923620f-84bd-4ed3-9f34-8cdedef88141","D10","ARIK","ARIK.AOS.reach","2016-07-13T15:24Z","2017-01-17","ARIK.20160713.KICKNET.3",,,"PHYSP7","Y","Physa sp.",,"genus","Mollusca",,"Gastropoda",,,,"Basommatophora",,,,"Physidae",,,,"Physa","sp.",,"adult",14,,1,100,1,"N","Y",,"condition OK","Y",,"Thorp and Rogers 2016","N","GEI Consultants Inc.","KG",,,"legacyData"
"348f4c95-a031-46e1-b192-07c61940b1f1","D10","ARIK","ARIK.AOS.reach","2016-07-13T15:24Z","2017-02-23","ARIK.20160713.KICKNET.4",,,"TURSP","Y","Turbellaria sp.","Unid. Turbellaria","class","Platyhelminthes",,"Turbellaria",,,,,,,,,,,,,"sp.",,"adult",6,,1,100,1,"N","Y",,"condition OK","Y",,"Smith 2001","N","GEI Consultants Inc.","KG","Girardia sp.",,"legacyData"
"88c72321-1531-4883-a25f-2b22fab97fbd","D10","ARIK","ARIK.AOS.reach","2016-07-13T15:24Z","2017-02-10","ARIK.20160713.KICKNET.2",,,"ODOSP6","Y","Odontomyia/Hedriodiscus sp.",,"speciesGroup","Arthropoda","Hexapoda","Insecta","Pterygota","Neoptera","Holometabola","Diptera","Brachycera","Stratiomyomorpha",,"Stratiomyidae","Stratiomyinae","Stratiomyini",,"Odontomyia/Hedriodiscus","sp.",,"larva",5,,1,30,3,"N","Y",,"condition OK","Y",,"James 1936; Merritt et al. 2008","N","GEI Consultants Inc.","KG",,,"legacyData"
"6424a692-2eac-4f4e-b277-501eac748c8d","D10","ARIK","ARIK.AOS.reach","2016-07-13T15:24Z","2017-01-16","ARIK.20160713.KICKNET.1",,,"PHYSP4","Y","Physidae sp.",,"family","Mollusca",,"Gastropoda",,,,"Basommatophora",,,,"Physidae",,,,,"sp.",,"adult",1,,6,30,20,"Y","Y",,"condition OK","N",,"Thorp and Rogers 2016","N","GEI Consultants Inc.","KG","Shells damaged",,"legacyData"
"2b8a6446-c040-4a16-bef3-21ae6f621cea","D10","ARIK","ARIK.AOS.reach","2016-07-13T15:24Z","2017-01-16","ARIK.20160713.KICKNET.1",,,"CAESP5","Y","Caenis sp.",,"genus","Arthropoda","Hexapoda","Insecta","Pterygota","Palaeoptera",,"Ephemeroptera","Furcatergalia","Pannota","Caenoidea","Caenidae","Caeninae",,,"Caenis","sp.",,"larva",1,,4,30,13,"Y","N",,"condition OK","N",,"Provonsha 1990; Merritt et al. 2008","N","GEI Consultants Inc.","KG",,,"legacyData"
"eb6136ce-b4f2-43e1-919d-2a97c9659947","D10","ARIK","ARIK.AOS.reach","2016-07-13T15:24Z","2017-01-03","ARIK.20160713.KICKNET.3",,"NE(10)816-3-CHI","TANSP8","Y","Tanytarsini sp.",,"tribe","Arthropoda","Hexapoda","Insecta","Pterygota","Neoptera","Holometabola","Diptera","Nematocera","Culicomorpha",,"Chironomidae","Chironominae","Tanytarsini",,,"sp.",,"larva",,,9,70,13,"N","Y",,"damaged, affecting analysis","N",,"Andersen et al. 2013","N","GEI Consultants Inc.","JC/UR","Premandible obscured, Micropsectra or Tanytarsus; Posterior abdomen missing",,
"1f984268-18b9-4fa3-9f46-105fa7cfae06","D10","ARIK","ARIK.AOS.reach","2016-07-13T15:24Z","2017-02-28","ARIK.20160713.KICKNET.5",,,"CHRSP6","Y","Chrysops sp.",,"genus","Arthropoda","Hexapoda","Insecta","Pterygota","Neoptera","Holometabola","Diptera","Brachycera","Tabanomorpha",,"Tabanidae","Chrysopsinae","Chrysopsini",,"Chrysops","sp.",,"larva",4,,1,30,3,"N","Y",,"condition OK","Y",,"Merritt et al. 2008","Y","GEI Consultants Inc.","KG",,,"legacyData"
"60b276df-4a21-4ac4-82a6-b1a1181303ea","D10","ARIK","ARIK.AOS.reach","2016-07-13T15:24Z","2017-03-01","ARIK.20160713.CORE.3",,"NE(10)816-8-OLI","ERPMIC","Y","Erpobdella microstoma",,"species","Annelida",,"Clitellata","Hirudinea",,,"Arhynchobdellida","Erpobdelliformes",,,"Erpobdellidae",,,,"Erpobdella","microstoma",,"adult",15,,1,70,1,"N","N",,"condition OK","Y",,"Klemm 1985; Thorp and Rogers 2016","N","GEI Consultants Inc.","KG",,,"legacyData"
"6501c499-607f-4173-a805-ebd560325507","D10","ARIK","ARIK.AOS.reach","2016-07-13T15:24Z","2017-02-28","ARIK.20160713.KICKNET.5",,,"TURSP","Y","Turbellaria sp.","Unid. Turbellaria","class","Platyhelminthes",,"Turbellaria",,,,,,,,,,,,,"sp.",,"adult",4,,13,30,43,"N","Y",,"condition OK","Y",,"Smith 2001","Y","GEI Consultants Inc.","KG","Girardia sp.",,"legacyData"
"8c20963e-cea5-4f0b-9a1f-541d7309733a","D10","ARIK","ARIK.AOS.reach","2016-07-13T15:24Z","2017-02-10","ARIK.20160713.KICKNET.2",,,"DESSP3","Y","Desmopachria sp.",,"genus","Arthropoda","Hexapoda","Insecta","Pterygota","Neoptera","Holometabola","Coleoptera","Adephaga",,,"Dytiscidae","Hydroporinae","Hyphydrini",,"Desmopachria","sp.",,"larva",3,,1,30,3,"N","Y",,"condition OK","Y",,"Larson et al. 2000; Merritt et al. 2008","N","GEI Consultants Inc.","KG",,,"legacyData"
"c82f0742-c183-481a-98d3-13c4e6a05746","D10","ARIK","ARIK.AOS.reach","2016-07-13T15:24Z","2017-01-04","ARIK.20160713.KICKNET.4",,"NE(10)816-4-CHI","PROSP23","Y","Procladius sp.",,"genus","Arthropoda","Hexapoda","Insecta","Pterygota","Neoptera","Holometabola","Diptera","Nematocera","Culicomorpha",,"Chironomidae","Tanypodinae","Procladiini",,"Procladius","sp.",,"larva",6,,10,30,33,"N","Y",,"condition OK","Y",,"Andersen et al. 2013","N","GEI Consultants Inc.","JC/UR",,,"legacyData"
"6f1df7c1-dbef-4ffc-a91f-4f0d46eb2c01","D10","ARIK","ARIK.AOS.reach","2016-07-13T15:24Z","2017-02-28","ARIK.20160713.CORE.2",,,"NEMSP","Y","Nematoda sp.","Unid. Nematoda","phylum","Nematoda",,,,,,,,,,,,,,,"sp.",,"adult",3,,29,70,41,"N","Y",,"condition OK","Y",,"Smith 2001","N","GEI Consultants Inc.","KG",,,"legacyData"
"43fcc1db-623b-45af-bd7f-6f1955bf4579","D10","ARIK","ARIK.AOS.reach","2016-07-13T15:24Z","2017-01-17","ARIK.20160713.KICKNET.3",,,"COESP","Y","Coenagrionidae sp.",,"family","Arthropoda","Hexapoda","Insecta","Pterygota","Palaeoptera",,"Odonata","Zygoptera",,,"Coenagrionidae",,,,,"sp.",,"larva",2,,14,100,14,"Y","Y",,"damaged, affecting analysis","Y",,"Merritt et al. 2008","N","GEI Consultants Inc.","KG","Missing caudal gills",,"legacyData"
"d31110dd-39c5-48f0-8853-dad54475fe80","D10","ARIK","ARIK.AOS.reach","2016-07-13T15:24Z","2017-02-23","ARIK.20160713.KICKNET.4",,,"TURSP","Y","Turbellaria sp.","Unid. Turbellaria","class","Platyhelminthes",,"Turbellaria",,,,,,,,,,,,,"sp.",,"adult",4,,1,100,1,"N","Y",,"condition OK","Y",,"Smith 2001","N","GEI Consultants Inc.","KG","Girardia sp.",,"legacyData"
"c475fb04-f184-4ec6-b054-95dbc930e56c","D10","ARIK","ARIK.AOS.reach","2016-07-13T15:24Z","2017-01-04","ARIK.20160713.CORE.2",,,"LARSP","Y","Larsia sp.",,"genus","Arthropoda","Hexapoda","Insecta","Pterygota","Neoptera","Holometabola","Diptera","Nematocera","Culicomorpha",,"Chironomidae","Tanypodinae","Pentaneurini",,"Larsia","sp.",,"larva",4,,1,70,1,"N","Y",,"condition OK","Y",,"Andersen et al. 2013","N","GEI Consultants Inc.","JC/UR",,,"legacyData"
"7df4a6e8-2912-49cd-98dd-688cdaf2b679","D10","ARIK","ARIK.AOS.reach","2016-07-13T15:24Z","2017-01-03","ARIK.20160713.KICKNET.1",,"NE(10)816-1-CHI","LARSP","Y","Larsia sp.",,"genus","Arthropoda","Hexapoda","Insecta","Pterygota","Neoptera","Holometabola","Diptera","Nematocera","Culicomorpha",,"Chironomidae","Tanypodinae","Pentaneurini",,"Larsia","sp.",,"larva",,,7,20,35,"N","Y",,"damaged, affecting analysis","Y",,"Andersen et al. 2013","N","GEI Consultants Inc.","JC/UR","Posterior abdomen missing",,
"58267cda-f84d-44d2-b219-8e8d57220cf0","D10","ARIK","ARIK.AOS.reach","2016-07-13T15:24Z","2017-01-17","ARIK.20160713.KICKNET.3",,,"CAMSP1","Y","Cambaridae sp.",,"family","Arthropoda","Crustacea","Malacostraca","Eumalacostraca",,"Eucarida","Decapoda","Pleocyemata","Astacidea","Astacoidea","Cambaridae",,,,,"sp.",,"adult",35,,1,100,1,"N","N",,"condition OK","Y",,"Thorp and Rogers 2016","N","GEI Consultants Inc.","KG","Female",,"legacyData"
"17a71005-a27e-42e4-9705-bd48f2f8702c","D10","ARIK","ARIK.AOS.reach","2016-07-13T15:24Z","2017-01-04","ARIK.20160713.CORE.1",,"NE(10)816-6-CHI","LIMSP23","Y","Limnophyes sp.",,"genus","Arthropoda","Hexapoda","Insecta","Pterygota","Neoptera","Holometabola","Diptera","Nematocera","Culicomorpha",,"Chironomidae","Orthocladiinae",,,"Limnophyes","sp.",,"larva",2,,1,70,1,"N","Y",,"condition OK","Y",,"Andersen et al. 2013","N","GEI Consultants Inc.","JC/UR",,,"legacyData"
"c90b48f5-3afc-43c1-9b0a-16ebdb202f63","D10","ARIK","ARIK.AOS.reach","2016-07-13T15:24Z","2017-02-10","ARIK.20160713.KICKNET.2",,,"NEMSP","Y","Nematoda sp.","Unid. Nematoda","phylum","Nematoda",,,,,,,,,,,,,,,"sp.",,"adult",3,,17,30,57,"N","Y",,"condition OK","Y",,"Smith 2001","N","GEI Consultants Inc.","KG",,,"legacyData"
"3445d827-11af-429f-a98c-69f5f6a37d93","D10","ARIK","ARIK.AOS.reach","2016-07-13T15:24Z","2017-01-17","ARIK.20160713.CORE.1",,"NE(10)816-6-OLI","NAISP","Y","Naididae sp.","Tubificidae without capilliform setae","family","Annelida","Clitellata","Oligochaeta","Oligochaeta",,,"Tubificida",,,,"Naididae",,,,,"sp.",,"adult",,,1,100,1,"Y","N",,"damaged, affecting analysis","Y",,"Kathman and Brinkhurst 1999","N","GEI Consultants Inc.","UR","Posterior segments missing",,
"e4829d86-dbe7-4391-8a78-c697377199d3","D10","ARIK","ARIK.AOS.reach","2016-07-13T15:24Z","2017-02-28","ARIK.20160713.KICKNET.5",,,"EPHSP","Y","Ephemeroptera sp.","Unid. Ephemeroptera","order","Arthropoda","Hexapoda","Insecta","Pterygota","Palaeoptera",,"Ephemeroptera",,,,,,,,,"sp.",,"larva",,,3,20,15,"Y","Y",,"damaged, affecting analysis","Y",,"Merritt et al. 2008","Y","GEI Consultants Inc.","KG","Missing abdomen; probably Fallceon quilleri",,
"c985ecdb-3202-4a20-a63a-a1f48281c337","D10","ARIK","ARIK.AOS.reach","2016-07-13T15:24Z","2017-01-04","ARIK.20160713.KICKNET.4",,"NE(10)816-4-CHI","TANSP8","Y","Tanytarsini sp.",,"tribe","Arthropoda","Hexapoda","Insecta","Pterygota","Neoptera","Holometabola","Diptera","Nematocera","Culicomorpha",,"Chironomidae","Chironominae","Tanytarsini",,,"sp.",,"larva",,,29,20,145,"N","Y",,"damaged, affecting analysis","N",,"Andersen et al. 2013","N","GEI Consultants Inc.","JC/UR","Premandible obscured, Micropsectra or Tanytarsus; Posterior abdomen missing",,
"3c1e1c20-6a90-442c-869d-4b5e6a46fa6d","D10","ARIK","ARIK.AOS.reach","2016-07-13T15:24Z","2017-01-16","ARIK.20160713.KICKNET.1",,"NE(10)816-1-CHI","DICSP7","Y","Dicrotendipes sp.",,"genus","Arthropoda","Hexapoda","Insecta","Pterygota","Neoptera","Holometabola","Diptera","Nematocera","Culicomorpha",,"Chironomidae","Chironominae","Chironomini",,"Dicrotendipes","sp.",,"larva",3,,4,30,13,"N","Y",,"condition OK","Y",,"Andersen et al. 2013","N","GEI Consultants Inc.","JC/UR",,,"legacyData"
"0d14e953-3872-480e-be3c-3064913fa070","D10","ARIK","ARIK.AOS.reach","2016-07-13T15:24Z","2017-02-10","ARIK.20160713.KICKNET.2",,,"EPHSP","Y","Ephemeroptera sp.","Unid. Ephemeroptera","order","Arthropoda","Hexapoda","Insecta","Pterygota","Palaeoptera",,"Ephemeroptera",,,,,,,,,"sp.",,"larva",6,,1,30,3,"N","Y",,"damaged, affecting analysis","Y",,"Merritt et al. 2008","N","GEI Consultants Inc.","KG","Missing gills; probably Caenidae",,"legacyData"
"412790bf-fca0-4625-b67c-2b4f1205cb6d","D10","ARIK","ARIK.AOS.reach","2016-07-13T15:24Z","2017-01-04","ARIK.20160713.KICKNET.4",,"NE(10)816-4-CHI","TANSP8","Y","Tanytarsini sp.",,"tribe","Arthropoda","Hexapoda","Insecta","Pterygota","Neoptera","Holometabola","Diptera","Nematocera","Culicomorpha",,"Chironomidae","Chironominae","Tanytarsini",,,"sp.",,"larva",3,,20,30,67,"N","Y",,"damaged, affecting analysis","N",,"Andersen et al. 2013","N","GEI Consultants Inc.","JC/UR","Premandible obscured, Micropsectra or Tanytarsus",,"legacyData"
"28232867-f7f5-4844-94b9-d40f53712ed7","D10","ARIK","ARIK.AOS.reach","2016-07-13T15:24Z","2017-02-28","ARIK.20160713.KICKNET.5",,"NE(10)816-5-CHI","CHISP2","Y","Chironomidae sp.",,"family","Arthropoda","Hexapoda","Insecta","Pterygota","Neoptera","Holometabola","Diptera","Nematocera","Culicomorpha",,"Chironomidae",,,,,"sp.",,"pupa",2,,1,30,3,"N","Y",,"condition OK","N",,"Merritt et al. 2008","Y","GEI Consultants Inc.","KG",,,"legacyData"
"86c247d2-2e54-4674-b454-f3157acd366b","D10","ARIK","ARIK.AOS.reach","2016-07-13T15:24Z","2017-02-28","ARIK.20160713.KICKNET.5",,,"NEMSP","Y","Nematoda sp.","Unid. Nematoda","phylum","Nematoda",,,,,,,,,,,,,,,"sp.",,"adult",4,,1,30,3,"N","Y",,"condition OK","Y",,"Smith 2001","Y","GEI Consultants Inc.","KG",,,"legacyData"
"42a8f844-956d-4d9d-99e1-978cc1b2e0b6","D10","ARIK","ARIK.AOS.reach","2016-07-13T15:24Z","2017-01-04","ARIK.20160713.CORE.1",,"NE(10)816-6-CHI","PARSP34","Y","Paratanytarsus sp.",,"genus","Arthropoda","Hexapoda","Insecta","Pterygota","Neoptera","Holometabola","Diptera","Nematocera","Culicomorpha",,"Chironomidae","Chironominae","Tanytarsini",,"Paratanytarsus","sp.",,"larva",,,2,100,2,"N","Y",,"damaged, affecting analysis","Y",,"Andersen et al. 2013","N","GEI Consultants Inc.","JC/UR","Posterior abdomen missing",,
"22e9badb-e6b6-40a4-9322-44575a8e3d50","D10","ARIK","ARIK.AOS.reach","2016-07-13T15:24Z","2017-01-16","ARIK.20160713.KICKNET.1",,"NE(10)816-1","NAISP1","Y","Nais sp.",,"genus","Annelida","Clitellata","Oligochaeta","Oligochaeta",,,"Tubificida",,,,"Naididae","Naidinae",,,"Nais","sp.",,"adult",,,10,20,50,"N","N",,"damaged, affecting analysis","Y",,"Kathman and Brinkhurst 1999","N","GEI Consultants Inc.","UR","Posterior segments missing",,
"6e43f619-6d27-4d26-8643-f9394b939c01","D10","ARIK","ARIK.AOS.reach","2016-07-13T15:24Z","2017-01-16","ARIK.20160713.KICKNET.1",,"NE(10)816-1-CHI","ABLSP","Y","Ablabesmyia sp.",,"genus","Arthropoda","Hexapoda","Insecta","Pterygota","Neoptera","Holometabola","Diptera","Nematocera","Culicomorpha",,"Chironomidae","Tanypodinae","Pentaneurini",,"Ablabesmyia","sp.",,"larva",4,,7,30,23,"N","Y",,"condition OK","Y",,"Andersen et al. 2013","N","GEI Consultants Inc.","JC/UR",,,"legacyData"
"6791e29c-7d51-49ec-ae6b-87064a55afbf","D10","ARIK","ARIK.AOS.reach","2016-07-13T15:24Z","2017-01-03","ARIK.20160713.KICKNET.2",,"NE(10)816-2","LARSP","Y","Larsia sp.",,"genus","Arthropoda","Hexapoda","Insecta","Pterygota","Neoptera","Holometabola","Diptera","Nematocera","Culicomorpha",,"Chironomidae","Tanypodinae","Pentaneurini",,"Larsia","sp.",,"larva",,,3,100,3,"N","Y",,"damaged, affecting analysis","Y",,"Andersen et al. 2013","N","GEI Consultants Inc.","JC/UR","Posterior abdomen missing",,
"1ebfd852-1117-4dce-96b3-19ffb9a98963","D10","ARIK","ARIK.AOS.reach","2016-07-13T15:24Z","2017-01-04","ARIK.20160713.CORE.1",,"NE(10)816-6-CHI","LARSP","Y","Larsia sp.",,"genus","Arthropoda","Hexapoda","Insecta","Pterygota","Neoptera","Holometabola","Diptera","Nematocera","Culicomorpha",,"Chironomidae","Tanypodinae","Pentaneurini",,"Larsia","sp.",,"larva",3,,1,70,1,"N","Y",,"condition OK","Y",,"Andersen et al. 2013","N","GEI Consultants Inc.","JC/UR",,,"legacyData"
"81828302-49e5-427e-88e5-a6f180e2df57","D10","ARIK","ARIK.AOS.reach","2016-07-13T15:24Z","2017-01-04","ARIK.20160713.KICKNET.4",,"NE(10)816-4-CHI","PENSP6","Y","Pentaneurini sp.",,"tribe","Arthropoda","Hexapoda","Insecta","Pterygota","Neoptera","Holometabola","Diptera","Nematocera","Culicomorpha",,"Chironomidae","Tanypodinae","Pentaneurini",,,"sp.",,"larva",6,,5,30,17,"N","N",,"damaged, affecting analysis","N",,"Andersen et al. 2013","N","GEI Consultants Inc.","JC/UR","Air bubbles in head capsule, likely Conchapelopia/Thienemannimyia gr.",,"legacyData"
"655f369d-43e5-44c1-b003-82409ce3c8bb","D10","ARIK","ARIK.AOS.reach","2016-07-13T15:24Z","2017-03-01","ARIK.20160713.CORE.1",,,"CAESP5","Y","Caenis sp.",,"genus","Arthropoda","Hexapoda","Insecta","Pterygota","Palaeoptera",,"Ephemeroptera","Furcatergalia","Pannota","Caenoidea","Caenidae","Caeninae",,,"Caenis","sp.",,"larva",3,,1,70,1,"N","N",,"condition OK","Y",,"Provonsha 1990; Merritt et al. 2008","N","GEI Consultants Inc.","UR","Caenis diminuta group, hindleg characters do not fit keys",,"legacyData"
"c343fdb1-bc16-4ef6-888f-211509402530","D10","ARIK","ARIK.AOS.reach","2016-07-13T15:24Z","2017-01-16","ARIK.20160713.KICKNET.1",,,"CAESP5","Y","Caenis sp.",,"genus","Arthropoda","Hexapoda","Insecta","Pterygota","Palaeoptera",,"Ephemeroptera","Furcatergalia","Pannota","Caenoidea","Caenidae","Caeninae",,,"Caenis","sp.",,"larva",2,,2,20,10,"Y","N",,"condition OK","N",,"Provonsha 1990; Merritt et al. 2008","N","GEI Consultants Inc.","KG",,,"legacyData"
"d4c54ec7-7d19-4c84-b159-f0c3f62cf1e3","D10","ARIK","ARIK.AOS.reach","2016-07-13T15:24Z","2017-01-04","ARIK.20160713.CORE.2",,,"TANSP11","Y","Tanytarsus sp.",,"genus","Arthropoda","Hexapoda","Insecta","Pterygota","Neoptera","Holometabola","Diptera","Nematocera","Culicomorpha",,"Chironomidae","Chironominae","Tanytarsini",,"Tanytarsus","sp.",,"larva",2,,1,70,1,"N","Y",,"condition OK","Y",,"Andersen et al. 2013","N","GEI Consultants Inc.","JC/UR",,,"legacyData"
"8170589d-01fd-4215-99c3-e8bea6c2d935","D10","ARIK","ARIK.AOS.reach","2016-07-13T15:24Z","2017-02-23","ARIK.20160713.KICKNET.4",,,"PHYSP7","Y","Physa sp.",,"genus","Mollusca",,"Gastropoda",,,,"Basommatophora",,,,"Physidae",,,,"Physa","sp.",,"adult",13,,3,100,3,"N","Y",,"condition OK","Y",,"Thorp and Rogers 2016","N","GEI Consultants Inc.","KG","Probably Physa acuta",,"legacyData"
"beae9b65-87eb-4092-9f76-b8c7967af26d","D10","ARIK","ARIK.AOS.reach","2016-07-13T15:24Z","2017-01-17","ARIK.20160713.KICKNET.3",,,"PHYSP7","Y","Physa sp.",,"genus","Mollusca",,"Gastropoda",,,,"Basommatophora",,,,"Physidae",,,,"Physa","sp.",,"adult",11,,2,100,2,"N","Y",,"condition OK","Y",,"Thorp and Rogers 2016","N","GEI Consultants Inc.","KG",,,"legacyData"
"a67e6685-f438-4c87-857a-d660c1870b20","D10","ARIK","ARIK.AOS.reach","2016-07-13T15:24Z","2017-02-23","ARIK.20160713.KICKNET.4",,,"HELSP4","Y","Helisoma sp.",,"genus","Mollusca",,"Gastropoda",,,,"Basommatophora",,,,"Planorbidae",,,,"Helisoma","sp.",,"adult",13,,1,100,1,"N","Y",,"condition OK","Y",,"Thorp and Rogers 2016","N","GEI Consultants Inc.","KG",,,"legacyData"
"63d3fecd-86e9-4931-b8d6-55b6586b8e7d","D10","ARIK","ARIK.AOS.reach","2016-07-13T15:24Z","2017-01-16","ARIK.20160713.KICKNET.1",,,"TURSP","Y","Turbellaria sp.","Unid. Turbellaria","class","Platyhelminthes",,"Turbellaria",,,,,,,,,,,,,"sp.",,"adult",3,,1,20,5,"N","Y",,"condition OK","Y",,"Smith 2001","N","GEI Consultants Inc.","KG","Girardia sp.",,"legacyData"
"5109c5e5-a685-4ea8-bec0-bdd758402f88","D10","ARIK","ARIK.AOS.reach","2016-07-13T15:24Z","2017-02-23","ARIK.20160713.KICKNET.4",,,"DESSP3","Y","Desmopachria sp.",,"genus","Arthropoda","Hexapoda","Insecta","Pterygota","Neoptera","Holometabola","Coleoptera","Adephaga",,,"Dytiscidae","Hydroporinae","Hyphydrini",,"Desmopachria","sp.",,"larva",3,,3,30,10,"N","Y",,"condition OK","Y",,"Larson et al. 2000; Merritt et al. 2008","N","GEI Consultants Inc.","KG",,,"legacyData"
"f5cbe6a5-30de-429b-9f18-a50639fbbfbc","D10","ARIK","ARIK.AOS.reach","2016-07-13T15:24Z","2017-01-04","ARIK.20160713.CORE.2",,,"CLASP5","Y","Cladopelma sp.",,"genus","Arthropoda","Hexapoda","Insecta","Pterygota","Neoptera","Holometabola","Diptera","Nematocera","Culicomorpha",,"Chironomidae","Chironominae","Chironomini",,"Cladopelma","sp.",,"larva",2,,1,70,1,"N","Y",,"condition OK","Y",,"Andersen et al. 2013","N","GEI Consultants Inc.","JC/UR",,,"legacyData"
"1a2f5a60-d743-42c0-acde-25714957fa0c","D10","ARIK","ARIK.AOS.reach","2016-07-13T15:24Z","2017-02-28","ARIK.20160713.CORE.2",,,"NEMSP","Y","Nematoda sp.","Unid. Nematoda","phylum","Nematoda",,,,,,,,,,,,,,,"sp.",,"adult",2,,11,70,16,"N","Y",,"condition OK","Y",,"Smith 2001","N","GEI Consultants Inc.","KG",,,"legacyData"
"aca37247-c52f-4cb2-ab5c-c45e7f363d1d","D10","ARIK","ARIK.AOS.reach","2016-07-13T15:24Z","2017-01-04","ARIK.20160713.KICKNET.4",,"NE(10)816-4-CHI","CONGR","Y","Conchapelopia/Thienemannimyia gr.",,"speciesGroup","Arthropoda","Hexapoda","Insecta",,"Neoptera","Holometabola","Diptera","Nematocera","Culicomorpha",,"Chironomidae","Tanypodinae","Pentaneurini",,,"gr.",,"larva",5,,5,30,17,"N","Y",,"condition OK","Y",,"Andersen et al. 2013","N","GEI Consultants Inc.","JC/UR",,,"legacyData"
"e1ccbdb9-f8d9-4a89-926a-91630a6a6fb4","D10","ARIK","ARIK.AOS.reach","2016-07-13T15:24Z","2017-01-16","ARIK.20160713.KICKNET.1",,"NE(10)816-1-CHI","PARSP34","Y","Paratanytarsus sp.",,"genus","Arthropoda","Hexapoda","Insecta","Pterygota","Neoptera","Holometabola","Diptera","Nematocera","Culicomorpha",,"Chironomidae","Chironominae","Tanytarsini",,"Paratanytarsus","sp.",,"larva",2,,4,30,13,"N","Y",,"condition OK","Y",,"Andersen et al. 2013","N","GEI Consultants Inc.","JC/UR",,,"legacyData"
"a9c9a2f9-35ce-47a7-a89d-f860d9b477a6","D10","ARIK","ARIK.AOS.reach","2016-07-13T15:24Z","2017-01-17","ARIK.20160713.KICKNET.3",,"NE(10)816-3-CHI","TANSP11","Y","Tanytarsus sp.",,"genus","Arthropoda","Hexapoda","Insecta","Pterygota","Neoptera","Holometabola","Diptera","Nematocera","Culicomorpha",,"Chironomidae","Chironominae","Tanytarsini",,"Tanytarsus","sp.",,"larva",3,,5,100,5,"N","Y",,"condition OK","Y",,"Andersen et al. 2013","N","GEI Consultants Inc.","JC/UR",,,"legacyData"
"da5a916f-cdf3-4835-b47b-18411ec7ae8b","D10","ARIK","ARIK.AOS.reach","2016-07-13T15:24Z","2017-02-23","ARIK.20160713.KICKNET.4",,,"PHYSP7","Y","Physa sp.",,"genus","Mollusca",,"Gastropoda",,,,"Basommatophora",,,,"Physidae",,,,"Physa","sp.",,"adult",,,1,20,5,"Y","Y",,"damaged, affecting analysis","Y",,"Thorp and Rogers 2016","N","GEI Consultants Inc.","KG","Shell damaged",,
"12f20933-bd22-492c-9e82-b6526124edd9","D10","ARIK","ARIK.AOS.reach","2016-07-13T15:24Z","2017-01-03","ARIK.20160713.KICKNET.2",,"NE(10)816-2","CRISP2","Y","Cricotopus sp.",,"genus","Arthropoda","Hexapoda","Insecta","Pterygota","Neoptera","Holometabola","Diptera","Nematocera","Culicomorpha",,"Chironomidae","Orthocladiinae",,,"Cricotopus","sp.",,"larva",2,,6,30,20,"N","Y",,"condition OK","Y",,"Andersen et al. 2013","N","GEI Consultants Inc.","JC/UR",,,"legacyData"
"f86ae278-f076-4b40-ba7a-6de66637ac71","D10","ARIK","ARIK.AOS.reach","2016-07-13T15:24Z","2017-01-04","ARIK.20160713.KICKNET.4",,"NE(10)816-4-CHI","CONGR","Y","Conchapelopia/Thienemannimyia gr.",,"speciesGroup","Arthropoda","Hexapoda","Insecta",,"Neoptera","Holometabola","Diptera","Nematocera","Culicomorpha",,"Chironomidae","Tanypodinae","Pentaneurini",,,"gr.",,"larva",4,,15,30,50,"N","Y",,"condition OK","Y",,"Andersen et al. 2013","N","GEI Consultants Inc.","JC/UR",,,"legacyData"
"7ee4a815-732a-48ca-936a-24baed13a09f","D10","ARIK","ARIK.AOS.reach","2016-07-13T15:24Z","2017-01-16","ARIK.20160713.KICKNET.1",,,"CAEYOU","Y","Caenis youngi",,"species","Arthropoda","Hexapoda","Insecta","Pterygota","Palaeoptera",,"Ephemeroptera","Furcatergalia","Pannota","Caenoidea","Caenidae","Caeninae",,,"Caenis","youngi",,"larva",4,,2,30,7,"N","N",,"condition OK","Y",,"Provonsha 1990; Merritt et al. 2008","N","GEI Consultants Inc.","KG",,,"legacyData"
"8c46f22b-feb7-4467-8ec1-d7c39f39afb2","D10","ARIK","ARIK.AOS.reach","2016-07-13T15:24Z","2017-01-17","ARIK.20160713.KICKNET.3",,,"HETSP14","Y","Heterosternuta sp.",,"genus","Arthropoda","Hexapoda","Insecta","Pterygota","Neoptera","Holometabola","Coleoptera","Adephaga",,,"Dytiscidae","Hydroporinae","Hydroporini",,"Heterosternuta","sp.",,"adult",4,,2,100,2,"N","Y",,"condition OK","Y",,"Larson et al. 2000; Merritt et al. 2008","N","GEI Consultants Inc.","KG",,,"legacyData"
"b860afd5-abd9-442c-b334-bf97835c5a47","D10","ARIK","ARIK.AOS.reach","2016-07-13T15:24Z","2017-01-17","ARIK.20160713.KICKNET.3",,"NE(10)816-3-CHI","CRYSP2","Y","Cryptochironomus sp.",,"genus","Arthropoda","Hexapoda","Insecta","Pterygota","Neoptera","Holometabola","Diptera","Nematocera","Culicomorpha",,"Chironomidae","Chironominae","Chironomini",,"Cryptochironomus","sp.",,"larva",4,,5,100,5,"N","Y",,"condition OK","Y",,"Andersen et al. 2013","N","GEI Consultants Inc.","JC/UR",,,"legacyData"
"00b44a29-d2ff-44df-bd31-0c9789fee1bd","D10","ARIK","ARIK.AOS.reach","2016-07-13T15:24Z","2017-01-04","ARIK.20160713.KICKNET.4",,"NE(10)816-4-CHI","CLISP3","Y","Clinotanypus sp.",,"genus","Arthropoda","Hexapoda","Insecta","Pterygota","Neoptera","Holometabola","Diptera","Nematocera","Culicomorpha",,"Chironomidae","Tanypodinae","Coelotanypodini",,"Clinotanypus","sp.",,"larva",8,,5,30,17,"N","Y",,"condition OK","Y",,"Andersen et al. 2013","N","GEI Consultants Inc.","JC/UR",,,"legacyData"
"91b79d9d-bdd0-47f7-b28c-d34a5ab7be0c","D10","ARIK","ARIK.AOS.reach","2016-07-13T15:24Z","2017-01-16","ARIK.20160713.KICKNET.1",,,"PELSP3","Y","Peltodytes sp.",,"genus","Arthropoda","Hexapoda","Insecta","Pterygota","Neoptera","Holometabola","Coleoptera","Adephaga",,,"Haliplidae",,,,"Peltodytes","sp.",,"larva",2,,3,20,15,"N","Y",,"condition OK","Y",,"Merritt et al. 2008","N","GEI Consultants Inc.","KG",,,"legacyData"
"5275e5c8-82bf-41d2-a577-9f7f73fdc362","D10","ARIK","ARIK.AOS.reach","2016-07-13T15:24Z","2017-01-17","ARIK.20160713.KICKNET.3",,,"CAMSP1","Y","Cambaridae sp.",,"family","Arthropoda","Crustacea","Malacostraca","Eumalacostraca",,"Eucarida","Decapoda","Pleocyemata","Astacidea","Astacoidea","Cambaridae",,,,,"sp.",,"adult",30,,2,100,2,"N","N",,"condition OK","Y",,"Thorp and Rogers 2016","N","GEI Consultants Inc.","KG","Female",,"legacyData"
"9aea7d7c-a983-49ea-8219-14c662d8b5d0","D10","ARIK","ARIK.AOS.reach","2016-07-13T15:24Z","2017-01-04","ARIK.20160713.KICKNET.5",,"NE(10)816-5-CHI","LARSP","Y","Larsia sp.",,"genus","Arthropoda","Hexapoda","Insecta","Pterygota","Neoptera","Holometabola","Diptera","Nematocera","Culicomorpha",,"Chironomidae","Tanypodinae","Pentaneurini",,"Larsia","sp.",,"larva",5,,25,30,83,"N","Y",,"condition OK","Y",,"Andersen et al. 2013","N","GEI Consultants Inc.","JC/UR",,,"legacyData"
"cfd7865b-d3b7-4eb7-b5b2-20e127b419cf","D10","ARIK","ARIK.AOS.reach","2016-07-13T15:24Z","2017-02-10","ARIK.20160713.KICKNET.2",,,"CERSP10","Y","Ceratopogoninae sp.",,"subfamily","Arthropoda","Hexapoda","Insecta","Pterygota","Neoptera","Holometabola","Diptera","Nematocera","Culicomorpha",,"Ceratopogonidae","Ceratopogoninae",,,,"sp.",,"larva",10,,1,30,3,"N","Y",,"condition OK","N",,"Merritt et al. 2008","N","GEI Consultants Inc.","KG","Probably Mallochohelea sp.",,"legacyData"
"0a1a4fa6-c6d5-4e8a-b09e-ef9a65f4c8b6","D10","ARIK","ARIK.AOS.reach","2016-07-13T15:24Z","2017-01-04","ARIK.20160713.CORE.1",,"NE(10)816-6-CHI","ABLSP","Y","Ablabesmyia sp.",,"genus","Arthropoda","Hexapoda","Insecta","Pterygota","Neoptera","Holometabola","Diptera","Nematocera","Culicomorpha",,"Chironomidae","Tanypodinae","Pentaneurini",,"Ablabesmyia","sp.",,"larva",7,,1,70,1,"N","Y",,"condition OK","Y",,"Andersen et al. 2013","N","GEI Consultants Inc.","JC/UR",,,"legacyData"
"d91c03e2-f0ad-4e80-88e8-0fde89aeb1d2","D10","ARIK","ARIK.AOS.reach","2016-07-13T15:24Z","2017-03-01","ARIK.20160713.CORE.1",,,"COESP","Y","Coenagrionidae sp.",,"family","Arthropoda","Hexapoda","Insecta","Pterygota","Palaeoptera",,"Odonata","Zygoptera",,,"Coenagrionidae",,,,,"sp.",,"larva",3,,3,70,4,"Y","Y",,"condition OK","N",,"Merritt et al. 2008","N","GEI Consultants Inc.","UR",,,"legacyData"
"7aa8968e-bd5e-40e1-b9b7-1a5d1b637047","D10","ARIK","ARIK.AOS.reach","2016-07-13T15:24Z","2017-02-28","ARIK.20160713.KICKNET.5",,,"TURSP","Y","Turbellaria sp.","Unid. Turbellaria","class","Platyhelminthes",,"Turbellaria",,,,,,,,,,,,,"sp.",,"adult",3,,8,30,27,"N","Y",,"condition OK","Y",,"Smith 2001","Y","GEI Consultants Inc.","KG","Girardia sp.",,"legacyData"
"7333c50f-8341-4008-9cff-116be3c74646","D10","ARIK","ARIK.AOS.reach","2016-07-13T15:24Z","2017-01-16","ARIK.20160713.KICKNET.1",,"NE(10)816-1-CHI","PARSP34","Y","Paratanytarsus sp.",,"genus","Arthropoda","Hexapoda","Insecta","Pterygota","Neoptera","Holometabola","Diptera","Nematocera","Culicomorpha",,"Chironomidae","Chironominae","Tanytarsini",,"Paratanytarsus","sp.",,"larva",3,,4,30,13,"N","Y",,"condition OK","Y",,"Andersen et al. 2013","N","GEI Consultants Inc.","JC/UR",,,"legacyData"
"ebe734c8-389d-453c-bcef-d29f39941f85","D10","ARIK","ARIK.AOS.reach","2016-07-13T15:24Z","2017-03-01","ARIK.20160713.CORE.1",,,"LEPSP4","Y","Leptophlebiidae sp.",,"family","Arthropoda","Hexapoda","Insecta","Pterygota","Palaeoptera",,"Ephemeroptera","Furcatergalia","Lanceolata",,"Leptophlebiidae",,,,,"sp.",,"larva",1,,1,70,1,"Y","Y",,"damaged, affecting analysis","Y",,"Merritt et al. 2008","N","GEI Consultants Inc.","UR","Missing gills and legs",,"legacyData"
"269caf8a-74c3-4959-a5dc-0a2daea1eb10","D10","ARIK","ARIK.AOS.reach","2016-07-13T15:24Z","2017-01-17","ARIK.20160713.KICKNET.3",,,"PHYSP7","Y","Physa sp.",,"genus","Mollusca",,"Gastropoda",,,,"Basommatophora",,,,"Physidae",,,,"Physa","sp.",,"adult",7,,2,100,2,"N","Y",,"condition OK","Y",,"Thorp and Rogers 2016","N","GEI Consultants Inc.","KG",,,"legacyData"
"65724ee4-5f9c-4cc9-9bd8-e1e6271fd60c","D10","ARIK","ARIK.AOS.reach","2016-07-13T15:24Z","2017-01-17","ARIK.20160713.CORE.2",,"NE(10)816-7-OLI2","NAISP","Y","Naididae sp.","Tubificidae with capilliform setae","family","Annelida","Clitellata","Oligochaeta","Oligochaeta",,,"Tubificida",,,,"Naididae",,,,,"sp.",,"adult",,,7,100,7,"Y","N",,"damaged, affecting analysis","N",,"Kathman and Brinkhurst 1999","N","GEI Consultants Inc.","UR","Posterior segments missing",,
"c5be45cf-1e5d-4245-aae8-647dae7ba246","D10","ARIK","ARIK.AOS.reach","2016-07-13T15:24Z","2017-01-16","ARIK.20160713.KICKNET.1",,"NE(10)816-1-CHI","TANSP7","Y","Tanypodinae sp.",,"subfamily","Arthropoda","Hexapoda","Insecta","Pterygota","Neoptera","Holometabola","Diptera","Nematocera","Culicomorpha",,"Chironomidae","Tanypodinae",,,,"sp.",,"larva",3,,7,30,23,"N","N",,"damaged, affecting analysis","N",,"Andersen et al. 2013","N","GEI Consultants Inc.","JC/UR","Poor mount. Likely Larsia",,"legacyData"
"b868c659-8632-4097-b7b7-17380689631d","D10","ARIK","ARIK.AOS.reach","2016-07-13T15:24Z","2017-01-03","ARIK.20160713.KICKNET.2",,"NE(10)816-2","NANSP1","Y","Nanocladius sp.",,"genus","Arthropoda","Hexapoda","Insecta","Pterygota","Neoptera","Holometabola","Diptera","Nematocera","Culicomorpha",,"Chironomidae","Orthocladiinae",,,"Nanocladius","sp.",,"larva",2,,3,30,10,"N","Y",,"condition OK","Y",,"Andersen et al. 2013","N","GEI Consultants Inc.","JC/UR",,,"legacyData"
"478378de-d63a-4595-830b-925f1fd50032","D10","ARIK","ARIK.AOS.reach","2016-07-13T15:24Z","2017-01-03","ARIK.20160713.KICKNET.2",,"NE(10)816-2","PARSP34","Y","Paratanytarsus sp.",,"genus","Arthropoda","Hexapoda","Insecta","Pterygota","Neoptera","Holometabola","Diptera","Nematocera","Culicomorpha",,"Chironomidae","Chironominae","Tanytarsini",,"Paratanytarsus","sp.",,"larva",,,3,100,3,"N","Y",,"damaged, affecting analysis","Y",,"Andersen et al. 2013","N","GEI Consultants Inc.","JC/UR","Posterior abdomen missing",,
"4618e2bb-470f-442d-96a8-307891aeadf8","D10","ARIK","ARIK.AOS.reach","2016-07-13T15:24Z","2017-01-04","ARIK.20160713.CORE.2",,,"CRISP2","Y","Cricotopus sp.",,"genus","Arthropoda","Hexapoda","Insecta","Pterygota","Neoptera","Holometabola","Diptera","Nematocera","Culicomorpha",,"Chironomidae","Orthocladiinae",,,"Cricotopus","sp.",,"larva",2,,1,70,1,"N","Y",,"condition OK","Y",,"Andersen et al. 2013","N","GEI Consultants Inc.","JC/UR",,,"legacyData"
"c4e21853-b96c-48c9-a7da-8d8bb43b5b48","D10","ARIK","ARIK.AOS.reach","2016-07-13T15:24Z","2017-03-01","ARIK.20160713.CORE.1",,,"COESP","Y","Coenagrionidae sp.",,"family","Arthropoda","Hexapoda","Insecta","Pterygota","Palaeoptera",,"Odonata","Zygoptera",,,"Coenagrionidae",,,,,"sp.",,"larva",,,3,100,3,"Y","Y",,"damaged, affecting analysis","N",,"Merritt et al. 2008","N","GEI Consultants Inc.","UR","Missing abdomen",,
"db945b84-de6f-4728-a06b-a3faa1a37c7c","D10","ARIK","ARIK.AOS.reach","2016-07-13T15:24Z","2017-01-16","ARIK.20160713.KICKNET.1",,"NE(10)816-1-CHI","TANSP7","Y","Tanypodinae sp.",,"subfamily","Arthropoda","Hexapoda","Insecta","Pterygota","Neoptera","Holometabola","Diptera","Nematocera","Culicomorpha",,"Chironomidae","Tanypodinae",,,,"sp.",,"larva",2,,4,30,13,"N","N",,"damaged, affecting analysis","N",,"Andersen et al. 2013","N","GEI Consultants Inc.","JC/UR","Poor mount. Likely Larsia",,"legacyData"
"33ba0b1d-fb2b-4d73-aa04-2481c9087a67","D10","ARIK","ARIK.AOS.reach","2016-07-13T15:24Z","2017-01-04","ARIK.20160713.KICKNET.4",,"NE(10)816-4-OLI","NAISP","Y","Naididae sp.","Tubificidae without capilliform setae","family","Annelida","Clitellata","Oligochaeta","Oligochaeta",,,"Tubificida",,,,"Naididae",,,,,"sp.",,"adult",1,,3,30,10,"Y","N",,"condition OK","Y",,"Kathman and Brinkhurst 1999","N","GEI Consultants Inc.","UR",,,"legacyData"
"6122fc8f-d26f-44c7-bba4-92e985743ac1","D10","ARIK","ARIK.AOS.reach","2016-07-13T15:24Z","2017-01-17","ARIK.20160713.CORE.3",,"NE(10)816-8-OLI","NAISP","Y","Naididae sp.","Tubificidae with capilliform setae","family","Annelida","Clitellata","Oligochaeta","Oligochaeta",,,"Tubificida",,,,"Naididae",,,,,"sp.",,"adult",,,9,100,9,"Y","N",,"damaged, affecting analysis","N",,"Kathman and Brinkhurst 1999","N","GEI Consultants Inc.","UR","Posterior segments missing",,
"fcb7fd20-bc60-432b-a6fd-57ecc174da3d","D10","ARIK","ARIK.AOS.reach","2016-07-13T15:24Z","2017-02-28","ARIK.20160713.CORE.2",,,"NEMSP","Y","Nematoda sp.","Unid. Nematoda","phylum","Nematoda",,,,,,,,,,,,,,,"sp.",,"adult",4,,1,70,1,"N","Y",,"condition OK","Y",,"Smith 2001","N","GEI Consultants Inc.","KG",,,"legacyData"
"44098f14-900c-400f-92ef-4ac183a3740a","D10","ARIK","ARIK.AOS.reach","2016-07-13T15:24Z","2017-02-20","ARIK.20160713.KICKNET.3",,,"COESP","Y","Coenagrionidae sp.",,"family","Arthropoda","Hexapoda","Insecta","Pterygota","Palaeoptera",,"Odonata","Zygoptera",,,"Coenagrionidae",,,,,"sp.",,"larva",,,26,70,37,"N","Y",,"damaged, affecting analysis","Y",,"Merritt et al. 2008","N","GEI Consultants Inc.","KG","Missing abdomen; probably Coenagrionidae; 1 head only",,
"77072580-f3b9-4938-9876-a6d82284e916","D10","ARIK","ARIK.AOS.reach","2016-07-13T15:24Z","2017-02-20","ARIK.20160713.KICKNET.3",,,"FALQUI","Y","Fallceon quilleri",,"species","Arthropoda","Hexapoda","Insecta","Pterygota","Palaeoptera",,"Ephemeroptera","Pisciforma",,,"Baetidae",,,,"Fallceon","quilleri",,"larva",,,1,70,1,"N","N",,"damaged, affecting analysis","Y",,"McCafferty et al. 1993; Merritt et al. 2008","N","GEI Consultants Inc.","KG","Missing part of abdomen",,
"83ae23cf-7f4b-4d72-8a26-43f3f06ce9d4","D10","ARIK","ARIK.AOS.reach","2016-07-13T15:24Z","2017-01-04","ARIK.20160713.KICKNET.5",,"NE(10)816-5-CHI","LARSP","Y","Larsia sp.",,"genus","Arthropoda","Hexapoda","Insecta","Pterygota","Neoptera","Holometabola","Diptera","Nematocera","Culicomorpha",,"Chironomidae","Tanypodinae","Pentaneurini",,"Larsia","sp.",,"larva",4,,34,30,113,"N","Y",,"condition OK","Y",,"Andersen et al. 2013","N","GEI Consultants Inc.","JC/UR",,,"legacyData"
"e1ed2cb3-69a0-4321-8bd8-76d8734b5a87","D10","ARIK","ARIK.AOS.reach","2016-07-13T15:24Z","2017-01-17","ARIK.20160713.CORE.1",,"NE(10)816-6-OLI","DERSP4","Y","Dero sp.",,"genus","Annelida","Clitellata","Oligochaeta","Oligochaeta",,,"Tubificida",,,,"Naididae","Naidinae",,,"Dero","sp.",,"adult",,,2,100,2,"N","N",,"damaged, affecting analysis","Y",,"Kathman and Brinkhurst 1999","N","GEI Consultants Inc.","UR","Posterior segments missing",,
"71679183-fa75-4654-a8d2-67709f4d81db","D10","ARIK","ARIK.AOS.reach","2016-07-13T15:24Z","2017-01-04","ARIK.20160713.KICKNET.5",,"NE(10)816-5-CHI","CONGR","Y","Conchapelopia/Thienemannimyia gr.",,"speciesGroup","Arthropoda","Hexapoda","Insecta",,"Neoptera","Holometabola","Diptera","Nematocera","Culicomorpha",,"Chironomidae","Tanypodinae","Pentaneurini",,,"gr.",,"larva",7,,5,30,17,"N","Y",,"condition OK","Y",,"Andersen et al. 2013","N","GEI Consultants Inc.","JC/UR",,,"legacyData"
"e1bb4556-7210-4e70-8c20-46271efaa93d","D10","ARIK","ARIK.AOS.reach","2016-07-13T15:24Z","2017-02-28","ARIK.20160713.KICKNET.5",,,"HYDSP3","Y","Hydrophilidae sp.",,"family","Arthropoda","Hexapoda","Insecta","Pterygota","Neoptera","Holometabola","Coleoptera","Polyphaga","Staphyliniformia","Hydrophiloidea","Hydrophilidae",,,,,"sp.",,"adult",,,1,20,5,"N","Y",,"damaged, affecting analysis","Y",,"Merritt et al. 2008","Y","GEI Consultants Inc.","KG","Missing abdomen; probably Enochrus sp.",,
"d27b9b42-fd82-4a7e-b38f-720455e99eab","D10","ARIK","ARIK.AOS.reach","2016-07-13T15:24Z","2017-02-23","ARIK.20160713.KICKNET.4",,,"PISSP2","Y","Pisidiidae sp.",,"family","Mollusca",,"Bivalvia","Heterodonta",,,"Veneroida",,,"Corbiculoidea","Pisidiidae",,,,,"sp.",,"adult",8,,1,100,1,"N","Y",,"damaged, affecting analysis","Y",,"Thorp and Rogers 2016","N","GEI Consultants Inc.","KG","Damaged shell during identification",,"legacyData"
"d1acbfb9-5b1f-4778-be25-f627d188688e","D10","ARIK","ARIK.AOS.reach","2016-07-13T15:24Z","2017-01-04","ARIK.20160713.KICKNET.5",,"NE(10)816-5-CHI","CRISP2","Y","Cricotopus sp.",,"genus","Arthropoda","Hexapoda","Insecta","Pterygota","Neoptera","Holometabola","Diptera","Nematocera","Culicomorpha",,"Chironomidae","Orthocladiinae",,,"Cricotopus","sp.",,"larva",4,,5,30,17,"N","Y",,"condition OK","Y",,"Andersen et al. 2013","N","GEI Consultants Inc.","JC/UR",,,"legacyData"
"224f4927-05f9-4833-bbeb-6d8d6b8e99f1","D10","ARIK","ARIK.AOS.reach","2016-07-13T15:24Z","2017-01-03","ARIK.20160713.KICKNET.2",,"NE(10)816-2","PROSP23","Y","Procladius sp.",,"genus","Arthropoda","Hexapoda","Insecta","Pterygota","Neoptera","Holometabola","Diptera","Nematocera","Culicomorpha",,"Chironomidae","Tanypodinae","Procladiini",,"Procladius","sp.",,"larva",6,,3,30,10,"N","Y",,"condition OK","Y",,"Andersen et al. 2013","N","GEI Consultants Inc.","JC/UR",,,"legacyData"
"ef365236-4241-4796-b8c6-8d3a3fc58d51","D10","ARIK","ARIK.AOS.reach","2016-07-13T15:24Z","2017-02-28","ARIK.20160713.KICKNET.5",,,"SIMSP1","Y","Simulium sp.",,"genus","Arthropoda","Hexapoda","Insecta","Pterygota","Neoptera","Holometabola","Diptera","Nematocera","Culicomorpha",,"Simuliidae","Simuliinae","Simuliini",,"Simulium","sp.",,"larva",5,,1,30,3,"N","Y",,"condition OK","Y",,"Adler et al. 2004; Merritt et al. 2008","Y","GEI Consultants Inc.","KG",,,"legacyData"
"5e7da899-bf7d-42bc-b1b9-94c98d43ace2","D10","ARIK","ARIK.AOS.reach","2016-07-13T15:24Z","2017-01-16","ARIK.20160713.KICKNET.1",,,"ANISP1","Y","Anisoptera sp.",,"suborder","Arthropoda","Hexapoda","Insecta","Pterygota","Palaeoptera",,"Odonata","Anisoptera",,,,,,,,"sp.",,"larva",2,,1,30,3,"Y","Y",,"condition OK","Y",,"Merritt et al. 2008","N","GEI Consultants Inc.","KG","Probably Corduliidae",,"legacyData"
"ccb27eb4-f976-4745-8a67-3e60f7532caf","D10","ARIK","ARIK.AOS.reach","2016-07-13T15:24Z","2017-02-23","ARIK.20160713.KICKNET.4",,,"PHYSP7","Y","Physa sp.",,"genus","Mollusca",,"Gastropoda",,,,"Basommatophora",,,,"Physidae",,,,"Physa","sp.",,"adult",3,,1,100,1,"Y","Y",,"condition OK","Y",,"Thorp and Rogers 2016","N","GEI Consultants Inc.","KG",,,"legacyData"
"e63d7a9b-c23f-459c-b701-d8b0ff70ae19","D10","ARIK","ARIK.AOS.reach","2016-07-13T15:24Z","2017-01-16","ARIK.20160713.KICKNET.1",,"NE(10)816-1-CHI","DICSP7","Y","Dicrotendipes sp.",,"genus","Arthropoda","Hexapoda","Insecta","Pterygota","Neoptera","Holometabola","Diptera","Nematocera","Culicomorpha",,"Chironomidae","Chironominae","Chironomini",,"Dicrotendipes","sp.",,"larva",2,,4,30,13,"N","Y",,"condition OK","Y",,"Andersen et al. 2013","N","GEI Consultants Inc.","JC/UR",,,"legacyData"
"f814645a-3885-4859-8252-7268274e016e","D10","ARIK","ARIK.AOS.reach","2016-07-13T15:24Z","2017-01-04","ARIK.20160713.KICKNET.5",,"NE(10)816-5-CHI","PSESP18","Y","Pseudochironomus sp.",,"genus","Arthropoda","Hexapoda","Insecta","Pterygota","Neoptera","Holometabola","Diptera","Nematocera","Culicomorpha",,"Chironomidae","Chironominae","Pseudochironomini",,"Pseudochironomus","sp.",,"larva",,,5,20,25,"N","Y",,"damaged, affecting analysis","Y",,"Andersen et al. 2013","N","GEI Consultants Inc.","JC/UR","Posterior abdomen missing",,
"f31495e0-8522-4ed5-88eb-3d4f8df9ff35","D10","ARIK","ARIK.AOS.reach","2016-07-13T15:24Z","2017-02-10","ARIK.20160713.KICKNET.2",,,"PODAQU","Y","Podura aquatica",,"species","Arthropoda","Hexapoda","Collembola",,,,"Collembola","Poduromorpha",,"Poduroidea","Poduridae",,,,"Podura","aquatica",,"adult",1,"1a",3,30,10,"N","N",,"condition OK","Y",,"Merritt et al. 2008","N","GEI Consultants Inc.","KG",,,"legacyData"
"cd23fda4-333b-4e06-8b9b-7522775db694","D10","ARIK","ARIK.AOS.reach","2016-07-13T15:24Z","2017-01-04","ARIK.20160713.KICKNET.5",,"NE(10)816-5-CHI","LARSP","Y","Larsia sp.",,"genus","Arthropoda","Hexapoda","Insecta","Pterygota","Neoptera","Holometabola","Diptera","Nematocera","Culicomorpha",,"Chironomidae","Tanypodinae","Pentaneurini",,"Larsia","sp.",,"larva",3,,10,30,33,"N","Y",,"condition OK","Y",,"Andersen et al. 2013","N","GEI Consultants Inc.","JC/UR",,,"legacyData"
"dc134383-45c0-4c12-8af3-05341f8203af","D10","ARIK","ARIK.AOS.reach","2016-07-13T15:24Z","2017-01-04","ARIK.20160713.KICKNET.4",,"NE(10)816-4-CHI","LARSP","Y","Larsia sp.",,"genus","Arthropoda","Hexapoda","Insecta","Pterygota","Neoptera","Holometabola","Diptera","Nematocera","Culicomorpha",,"Chironomidae","Tanypodinae","Pentaneurini",,"Larsia","sp.",,"larva",3,,5,30,17,"N","Y",,"condition OK","Y",,"Andersen et al. 2013","N","GEI Consultants Inc.","JC/UR",,,"legacyData"
"49b55238-d1ac-49a4-a57c-c9f2a11e3fe9","D10","ARIK","ARIK.AOS.reach","2016-07-13T15:24Z","2017-02-23","ARIK.20160713.KICKNET.4",,,"CHRSP6","Y","Chrysops sp.",,"genus","Arthropoda","Hexapoda","Insecta","Pterygota","Neoptera","Holometabola","Diptera","Brachycera","Tabanomorpha",,"Tabanidae","Chrysopsinae","Chrysopsini",,"Chrysops","sp.",,"larva",8,,2,30,7,"N","Y",,"condition OK","Y",,"Merritt et al. 2008","N","GEI Consultants Inc.","KG",,,"legacyData"
"e39c1d92-ea9a-4c67-a2dd-4a49d8b6a708","D10","ARIK","ARIK.AOS.reach","2016-07-13T15:24Z","2017-02-10","ARIK.20160713.KICKNET.2",,,"COESP","Y","Coenagrionidae sp.",,"family","Arthropoda","Hexapoda","Insecta","Pterygota","Palaeoptera",,"Odonata","Zygoptera",,,"Coenagrionidae",,,,,"sp.",,"larva",,,29,100,29,"Y","Y",,"damaged, affecting analysis","Y",,"Merritt et al. 2008","N","GEI Consultants Inc.","KG","Missing abdomen; 5 heads only",,
"678e48d1-f834-4ca5-85fd-996869049297","D10","ARIK","ARIK.AOS.reach","2016-07-13T15:24Z","2017-02-28","ARIK.20160713.CORE.2",,,"PHYSP7","Y","Physa sp.",,"genus","Mollusca",,"Gastropoda",,,,"Basommatophora",,,,"Physidae",,,,"Physa","sp.",,"adult",17,,1,70,1,"N","Y",,"condition OK","Y",,"Thorp and Rogers 2016","N","GEI Consultants Inc.","KG",,,"legacyData"
"8f6f741a-790e-48f0-ac4e-d532c323a4ed","D10","ARIK","ARIK.AOS.reach","2016-07-13T15:24Z","2017-02-28","ARIK.20160713.KICKNET.5",,,"HYDSP28","Y","Hydrovatus sp.",,"genus","Arthropoda","Hexapoda","Insecta","Pterygota","Neoptera","Holometabola","Coleoptera","Adephaga",,,"Dytiscidae","Hydroporinae","Hydrovatini",,"Hydrovatus","sp.",,"adult",3,,1,30,3,"N","Y",,"condition OK","Y",,"Larson et al. 2000; Merritt et al. 2008","Y","GEI Consultants Inc.","KG",,,"legacyData"
"fbe48698-c745-434e-b28d-5cfc571f5b10","D10","ARIK","ARIK.AOS.reach","2016-07-13T15:24Z","2017-01-04","ARIK.20160713.KICKNET.4",,"NE(10)816-4-CHI","TANSP11","Y","Tanytarsus sp.",,"genus","Arthropoda","Hexapoda","Insecta","Pterygota","Neoptera","Holometabola","Diptera","Nematocera","Culicomorpha",,"Chironomidae","Chironominae","Tanytarsini",,"Tanytarsus","sp.",,"larva",1,,5,30,17,"N","Y",,"condition OK","Y",,"Andersen et al. 2013","N","GEI Consultants Inc.","JC/UR",,,"legacyData"
"6aa7e593-52bd-499f-8965-fea03de8dc43","D10","ARIK","ARIK.AOS.reach","2016-07-13T15:24Z","2017-01-16","ARIK.20160713.KICKNET.1",,,"NEMSP","Y","Nematoda sp.","Unid. Nematoda","phylum","Nematoda",,,,,,,,,,,,,,,"sp.",,"adult",3,,1,20,5,"N","Y",,"condition OK","Y",,"Smith 2001","N","GEI Consultants Inc.","KG",,,"legacyData"
"255843dc-f361-424f-a159-a36707b9929d","D10","ARIK","ARIK.AOS.reach","2016-07-13T15:24Z","2017-02-28","ARIK.20160713.KICKNET.5",,"NE(10)816-5-CHI","CHISP2","Y","Chironomidae sp.",,"family","Arthropoda","Hexapoda","Insecta","Pterygota","Neoptera","Holometabola","Diptera","Nematocera","Culicomorpha",,"Chironomidae",,,,,"sp.",,"pupa",4,,1,30,3,"N","Y",,"condition OK","N",,"Merritt et al. 2008","Y","GEI Consultants Inc.","KG","Poor condition",,"legacyData"
"6e9f4bce-cf41-4578-a034-d2a9ff146077","D10","ARIK","ARIK.AOS.reach","2016-07-13T15:24Z","2017-03-01","ARIK.20160713.CORE.1",,,"RHYNAR","Y","Rhyacophila narvae",,"species","Arthropoda","Hexapoda","Insecta","Pterygota","Neoptera","Holometabola","Trichoptera",,,"Rhyacophiloidea","Rhyacophilidae",,,,"Rhyacophila","narvae",,"larva",7,,1,70,1,"N","N",,"condition OK","Y",,"Wold 1974; Merritt et al. 2008","N","GEI Consultants Inc.","UR",,,"legacyData"
"37522216-a95c-4486-ac4b-165caa6962ea","D10","ARIK","ARIK.AOS.reach","2016-07-13T15:24Z","2017-02-23","ARIK.20160713.KICKNET.4",,,"NEMSP","Y","Nematoda sp.","Unid. Nematoda","phylum","Nematoda",,,,,,,,,,,,,,,"sp.",,"adult",3,,1,100,1,"N","Y",,"condition OK","Y",,"Smith 2001","N","GEI Consultants Inc.","KG",,,"legacyData"
"37a17386-431a-4278-b856-60a49ea8bd7b","D10","ARIK","ARIK.AOS.reach","2016-07-13T15:24Z","2017-03-01","ARIK.20160713.CORE.3",,,"ORISP1","Y","Oribatida sp.",,"suborder","Arthropoda","Chelicerata","Arachnida","Acari",,"Acariformes","Sarcoptiformes","Oribatida",,,,,,,,"sp.",,"adult",1,,1,70,1,"N","Y",,"condition OK","Y",,"Thorp and Rogers 2016","N","GEI Consultants Inc.","KG","Not Hydrozetes sp.; pteromorphs present",,"legacyData"
"ce5d58c9-279c-42a2-9af7-e62484466f0c","D10","ARIK","ARIK.AOS.reach","2016-07-13T15:24Z","2017-01-17","ARIK.20160713.KICKNET.3",,"NE(10)816-3-CHI","LARSP","Y","Larsia sp.",,"genus","Arthropoda","Hexapoda","Insecta","Pterygota","Neoptera","Holometabola","Diptera","Nematocera","Culicomorpha",,"Chironomidae","Tanypodinae","Pentaneurini",,"Larsia","sp.",,"larva",4,,12,100,12,"N","Y",,"condition OK","Y",,"Andersen et al. 2013","N","GEI Consultants Inc.","JC/UR",,,"legacyData"
"cb264f21-8734-42f3-bf0a-1e677e3e596e","D10","ARIK","ARIK.AOS.reach","2016-07-13T15:24Z","2017-01-17","ARIK.20160713.KICKNET.3",,"NE(10)816-3-CHI","LARSP","Y","Larsia sp.",,"genus","Arthropoda","Hexapoda","Insecta","Pterygota","Neoptera","Holometabola","Diptera","Nematocera","Culicomorpha",,"Chironomidae","Tanypodinae","Pentaneurini",,"Larsia","sp.",,"larva",2,,5,100,5,"N","Y",,"condition OK","Y",,"Andersen et al. 2013","N","GEI Consultants Inc.","JC/UR",,,"legacyData"
"46f3bf60-2e1e-4cda-a79f-99024396738d","D10","ARIK","ARIK.AOS.reach","2016-07-13T15:24Z","2017-02-28","ARIK.20160713.CORE.2",,,"COESP","Y","Coenagrionidae sp.",,"family","Arthropoda","Hexapoda","Insecta","Pterygota","Palaeoptera",,"Odonata","Zygoptera",,,"Coenagrionidae",,,,,"sp.",,"larva",,,7,100,7,"Y","Y",,"damaged, affecting analysis","Y",,"Merritt et al. 2008","N","GEI Consultants Inc.","KG","Missing abdomen",,
"6cc224d9-0e89-4a95-bd76-25f4999f69f4","D10","ARIK","ARIK.AOS.reach","2016-07-13T15:24Z","2017-02-28","ARIK.20160713.KICKNET.5",,,"CERSP10","Y","Ceratopogoninae sp.",,"subfamily","Arthropoda","Hexapoda","Insecta","Pterygota","Neoptera","Holometabola","Diptera","Nematocera","Culicomorpha",,"Ceratopogonidae","Ceratopogoninae",,,,"sp.",,"larva",,,5,20,25,"N","Y",,"damaged, affecting analysis","N",,"Merritt et al. 2008","Y","GEI Consultants Inc.","KG","Missing posterior end",,
"be768fc5-8f1e-48ac-9158-efcf51fa47ee","D10","ARIK","ARIK.AOS.reach","2016-07-13T15:24Z","2017-01-04","ARIK.20160713.KICKNET.4",,"NE(10)816-4-OLI","DERSP4","Y","Dero sp.",,"genus","Annelida","Clitellata","Oligochaeta","Oligochaeta",,,"Tubificida",,,,"Naididae","Naidinae",,,"Dero","sp.",,"adult",1,,3,30,10,"N","N",,"condition OK","Y",,"Kathman and Brinkhurst 1999","N","GEI Consultants Inc.","UR",,,"legacyData"
"89f6980a-d4f5-49a0-a59a-2a2ab504d58f","D10","ARIK","ARIK.AOS.reach","2016-07-13T15:24Z","2017-02-28","ARIK.20160713.CORE.2",,,"ODOSP6","Y","Odontomyia/Hedriodiscus sp.",,"speciesGroup","Arthropoda","Hexapoda","Insecta","Pterygota","Neoptera","Holometabola","Diptera","Brachycera","Stratiomyomorpha",,"Stratiomyidae","Stratiomyinae","Stratiomyini",,"Odontomyia/Hedriodiscus","sp.",,"larva",2,,1,70,1,"N","Y",,"condition OK","Y",,"James 1936; Merritt et al. 2008","N","GEI Consultants Inc.","KG",,,"legacyData"
"31e1e4de-7637-40af-9718-34c75763cbe6","D10","ARIK","ARIK.AOS.reach","2016-07-13T15:24Z","2017-01-16","ARIK.20160713.KICKNET.2",,,"DERSP4","Y","Dero sp.",,"genus","Annelida","Clitellata","Oligochaeta","Oligochaeta",,,"Tubificida",,,,"Naididae","Naidinae",,,"Dero","sp.",,"adult",,,39,100,39,"N","N",,"damaged, affecting analysis","Y",,"Kathman and Brinkhurst 1999","N","GEI Consultants Inc.","UR","Posterior segments missing",,
"99137c82-79d9-4954-8eb8-ae5cccd41245","D10","ARIK","ARIK.AOS.reach","2016-07-13T15:24Z","2017-01-17","ARIK.20160713.KICKNET.3",,,"CENSP2","Y","Cenocorixa sp.",,"genus","Arthropoda","Hexapoda","Insecta","Pterygota","Neoptera","Paraneoptera","Hemiptera","Heteroptera","Nepomorpha","Corixoidea","Corixidae","Corixinae",,,"Cenocorixa","sp.",,"adult",7,,1,100,1,"N","Y",,"condition OK","Y",,"Merritt et al. 2008","N","GEI Consultants Inc.","KG",,,"legacyData"
"7a667dcb-727c-4bf6-93ee-563e29c8860a","D10","ARIK","ARIK.AOS.reach","2016-07-13T15:24Z","2017-03-01","ARIK.20160713.CORE.1",,,"BAESP2","Y","Baetis sp.",,"genus","Arthropoda","Hexapoda","Insecta","Pterygota","Palaeoptera",,"Ephemeroptera","Pisciforma",,,"Baetidae",,,,"Baetis","sp.",,"larva",2,,1,70,1,"Y","N",,"condition OK","Y",,"Morihara and McCafferty 1990; Merritt et al. 2008","N","GEI Consultants Inc.","UR",,,"legacyData"
"3c5ca02f-cfd6-4b75-aaed-f688c1d6a766","D10","ARIK","ARIK.AOS.reach","2016-07-13T15:24Z","2017-01-16","ARIK.20160713.KICKNET.1",,"NE(10)816-1","DERSP4","Y","Dero sp.",,"genus","Annelida","Clitellata","Oligochaeta","Oligochaeta",,,"Tubificida",,,,"Naididae","Naidinae",,,"Dero","sp.",,"adult",1,,10,30,33,"N","N",,"condition OK","Y",,"Kathman and Brinkhurst 1999","N","GEI Consultants Inc.","UR",,,"legacyData"
"e826094e-725e-4440-b3b8-84aedf702959","D10","ARIK","ARIK.AOS.reach","2016-07-13T15:24Z","2017-02-28","ARIK.20160713.KICKNET.5",,,"TURSP","Y","Turbellaria sp.","Unid. Turbellaria","class","Platyhelminthes",,"Turbellaria",,,,,,,,,,,,,"sp.",,"adult",9,,1,30,3,"N","Y",,"condition OK","Y",,"Smith 2001","Y","GEI Consultants Inc.","KG","Girardia sp.",,"legacyData"
"c807e94e-2c66-4dca-827d-9814669c6efd","D10","ARIK","ARIK.AOS.reach","2016-07-13T15:24Z","2017-01-04","ARIK.20160713.CORE.1",,"NE(10)816-6-CHI","TANSP11","Y","Tanytarsus sp.",,"genus","Arthropoda","Hexapoda","Insecta","Pterygota","Neoptera","Holometabola","Diptera","Nematocera","Culicomorpha",,"Chironomidae","Chironominae","Tanytarsini",,"Tanytarsus","sp.",,"larva",1,,1,70,1,"N","Y",,"condition OK","Y",,"Andersen et al. 2013","N","GEI Consultants Inc.","JC/UR",,,"legacyData"
"5741a002-fa04-4e3a-901e-a1ff52cacb1c","D10","ARIK","ARIK.AOS.reach","2016-07-13T15:24Z","2017-01-16","ARIK.20160713.KICKNET.1",,,"TURSP","Y","Turbellaria sp.","Unid. Turbellaria","class","Platyhelminthes",,"Turbellaria",,,,,,,,,,,,,"sp.",,"adult",2,,1,20,5,"Y","Y",,"condition OK","Y",,"Smith 2001","N","GEI Consultants Inc.","KG","Girardia sp.",,"legacyData"
"e621f6fe-7e2e-4490-92c8-5e87841b1c1d","D10","ARIK","ARIK.AOS.reach","2016-07-13T15:24Z","2017-02-10","ARIK.20160713.KICKNET.2",,,"PHYSP7","Y","Physa sp.",,"genus","Mollusca",,"Gastropoda",,,,"Basommatophora",,,,"Physidae",,,,"Physa","sp.",,"adult",1,,1,30,3,"Y","Y",,"condition OK","Y",,"Thorp and Rogers 2016","N","GEI Consultants Inc.","KG",,,"legacyData"
"fc744a56-e560-4a6c-b1a8-02c1270f4b43","D10","ARIK","ARIK.AOS.reach","2016-07-13T15:24Z","2017-01-04","ARIK.20160713.KICKNET.5",,"NE(10)816-5-CHI","TANSP11","Y","Tanytarsus sp.",,"genus","Arthropoda","Hexapoda","Insecta","Pterygota","Neoptera","Holometabola","Diptera","Nematocera","Culicomorpha",,"Chironomidae","Chironominae","Tanytarsini",,"Tanytarsus","sp.",,"larva",3,,10,30,33,"N","Y",,"condition OK","Y",,"Andersen et al. 2013","N","GEI Consultants Inc.","JC/UR",,,"legacyData"
"502f17df-f554-40ca-9f9d-f032e0f191e2","D10","ARIK","ARIK.AOS.reach","2016-07-13T15:24Z","2017-01-16","ARIK.20160713.KICKNET.1",,,"PHYSP7","Y","Physa sp.",,"genus","Mollusca",,"Gastropoda",,,,"Basommatophora",,,,"Physidae",,,,"Physa","sp.",,"adult",3,,1,30,3,"N","Y",,"condition OK","Y",,"Thorp and Rogers 2016","N","GEI Consultants Inc.","KG",,,"legacyData"
"088ccdd4-53ff-4cb1-91a4-a0935cbbeab3","D10","ARIK","ARIK.AOS.reach","2016-07-13T15:24Z","2017-02-28","ARIK.20160713.KICKNET.5",,,"CERSP10","Y","Ceratopogoninae sp.",,"subfamily","Arthropoda","Hexapoda","Insecta","Pterygota","Neoptera","Holometabola","Diptera","Nematocera","Culicomorpha",,"Ceratopogonidae","Ceratopogoninae",,,,"sp.",,"larva",3,,3,30,10,"Y","Y",,"condition OK","N",,"Merritt et al. 2008","Y","GEI Consultants Inc.","KG",,,"legacyData"
"bd881d67-4215-4748-8737-b79618429eb2","D10","ARIK","ARIK.AOS.reach","2016-07-13T15:24Z","2017-03-01","ARIK.20160713.CORE.1",,,"NEMSP","Y","Nematoda sp.","Unid. Nematoda","phylum","Nematoda",,,,,,,,,,,,,,,"sp.",,"adult",2,,1,70,1,"N","Y",,"condition OK","Y",,"Smith 2001","N","GEI Consultants Inc.","UR",,,"legacyData"
"58e72c9e-beeb-4b0f-adae-b7eaab058467","D10","ARIK","ARIK.AOS.reach","2016-07-13T15:24Z","2017-01-17","ARIK.20160713.KICKNET.3",,"NE(10)816-3-CHI","LARSP","Y","Larsia sp.",,"genus","Arthropoda","Hexapoda","Insecta","Pterygota","Neoptera","Holometabola","Diptera","Nematocera","Culicomorpha",,"Chironomidae","Tanypodinae","Pentaneurini",,"Larsia","sp.",,"larva",3,,12,100,12,"N","Y",,"condition OK","Y",,"Andersen et al. 2013","N","GEI Consultants Inc.","JC/UR",,,"legacyData"
"4c444aec-9fee-4692-8dbe-092994c76f7b","D10","ARIK","ARIK.AOS.reach","2016-07-13T15:24Z","2017-02-28","ARIK.20160713.KICKNET.5",,,"CERSP10","Y","Ceratopogoninae sp.",,"subfamily","Arthropoda","Hexapoda","Insecta","Pterygota","Neoptera","Holometabola","Diptera","Nematocera","Culicomorpha",,"Ceratopogonidae","Ceratopogoninae",,,,"sp.",,"larva",5,,1,30,3,"N","Y",,"condition OK","N",,"Merritt et al. 2008","Y","GEI Consultants Inc.","KG",,,"legacyData"
"a27f637a-56ff-4a63-aeb6-7133e30a1d81","D10","ARIK","ARIK.AOS.reach","2016-07-13T15:24Z","2017-01-04","ARIK.20160713.KICKNET.5",,"NE(10)816-5-CHI","TANSP8","Y","Tanytarsini sp.",,"tribe","Arthropoda","Hexapoda","Insecta","Pterygota","Neoptera","Holometabola","Diptera","Nematocera","Culicomorpha",,"Chironomidae","Chironominae","Tanytarsini",,,"sp.",,"larva",2,,5,30,17,"N","Y",,"damaged, affecting analysis","N",,"Andersen et al. 2013","N","GEI Consultants Inc.","JC/UR","Premandible obscured, Micropsectra or Tanytarsus",,"legacyData"
