uid,domainID,siteID,namedLocation,collectDate,identifiedDate,sampleID,sampleCode,slideID,acceptedTaxonID,targetTaxaPresent,scientificName,morphospeciesID,taxonRank,phylum,subphylum,class,subclass,infraclass,superorder,order,suborder,infraorder,superfamily,family,subfamily,tribe,subtribe,genus,specificEpithet,infraspecificEpithet,invertebrateLifeStage,sizeClass,sizeCategory,individualCount,subsamplePercent,estimatedTotalCount,immatureSpecimen,indeterminateSpecies,taxonRankQualifier,sampleCondition,distinctTaxon,identificationQualifier,identificationReferences,qcChecked,laboratoryName,identifiedBy,identificationRemarks,identificationHistoryID,dataQF
"71560db6-81a7-4df6-a943-6eb2fae8ac1a","D18","OKSR","OKSR.AOS.reach","2022-07-22T18:51Z","2023-08-31","OKSR.20220722.KICKNET.3","A00000310658",,"DICOBS","Y","Dicosmoecus obscuripennis",,"species","Arthropoda","Hexapoda","Insecta","Pterygota","Neoptera","Holometabola","Trichoptera",,,"Limnephiloidea","Limnephilidae","Dicosmoecinae",,,"Dicosmoecus","obscuripennis",,"larva",12,,1,100,1,"N","N",,"condition OK","Y",,"Wiggins and Richardson (1982)","Y","Rhithron Associates, Inc.","B. Moore",,,
"9d3022b3-9cd9-4956-ab7f-b1cb06b5ef60","D18","OKSR","OKSR.AOS.reach","2022-07-22T18:51Z","2023-08-31","OKSR.20220722.KICKNET.3","A00000310658",,"ATRSP3","Y","Atractides sp.",,"genus","Arthropoda","Chelicerata","Arachnida","Acari",,"Acariformes","Trombidiformes","Prostigmata",,"Hygrobatoidea","Hygrobatidae",,,,"Atractides","sp.",,"adult",1,,4,100,4,"N","N",,"condition OK","Y",,"Thorp and Rogers 2016","Y","Rhithron Associates, Inc.","B. Moore",,,
"fc3fc152-73a3-46b9-838a-1c8a7cd96367","D18","OKSR","OKSR.AOS.reach","2022-07-22T18:51Z","2023-09-06","OKSR.20220722.KICKNET.3","A00000310658",,"THIGRO","Y","Thienemannimyia gr.",,"speciesGroup","Arthropoda","Hexapoda","Insecta","Pterygota","Neoptera","Holometabola","Diptera","Nematocera","Culicomorpha",,"Chironomidae","Tanypodinae","Pentaneurini",,"Thienemannimyia","gr.",,"larva",3,,6,100,6,"Y","N","early instar","condition OK","Y",,"Weiderholm, 1983; Weiderholm, 1986; Epler 2001; Ferrington et al. 2008; Andersen, Cranston and Epler 2017","Y","Rhithron Associates, Inc.","R. Spring",,,
"813360e1-6dd9-4dc3-81fa-a3bad0edf575","D18","OKSR","OKSR.AOS.reach","2022-07-22T18:51Z","2023-08-31","OKSR.20220722.KICKNET.2","A00000310641",,"SIMSP1","Y","Simulium sp.",,"genus","Arthropoda","Hexapoda","Insecta","Pterygota","Neoptera","Holometabola","Diptera","Nematocera","Culicomorpha",,"Simuliidae","Simuliinae","Simuliini",,"Simulium","sp.",,"larva",7,,1,73,1,"N","N",,"condition OK","Y",,"Adler et al. 2004; Merritt et al. 2019","N","Rhithron Associates, Inc.","B. Moore",,,
"f2fa14f9-edb2-42a9-abdd-b7f200b6eefb","D18","OKSR","OKSR.AOS.reach","2022-07-22T18:51Z","2023-08-31","OKSR.20220722.KICKNET.4","A00000310640",,"TIPSP3","Y","Tipula sp.",,"genus","Arthropoda","Hexapoda","Insecta","Pterygota","Neoptera","Holometabola","Diptera","Nematocera","Tipulomorpha",,"Tipulidae","Tipulinae",,,"Tipula","sp.",,"larva",24,,1,37,3,"N","N",,"condition OK","Y",,"Gelhaus and Podeniene 2018; Merritt et al. 2019","N","Rhithron Associates, Inc.","B. Moore",,,
"8fa420ad-5d25-4775-b404-dc0a5f984bb8","D18","OKSR","OKSR.AOS.reach","2022-07-22T18:51Z","2023-08-31","OKSR.20220722.KICKNET.2","A00000310641",,"LEBSP1","Y","Lebertia sp.",,"genus","Arthropoda","Chelicerata","Arachnida","Acari",,"Acariformes","Trombidiformes","Prostigmata",,"Lebertioidea","Lebertiidae",,,,"Lebertia","sp.",,"adult",1,,9,73,12,"N","N",,"condition OK","Y",,"Thorp and Rogers 2016","N","Rhithron Associates, Inc.","B. Moore",,,
"621bca25-ace6-446e-91e6-94b3db54542a","D18","OKSR","OKSR.AOS.reach","2022-07-22T18:51Z","2023-09-06","OKSR.20220722.KICKNET.3","A00000310658",,"STESP9","Y","Stempellina sp.",,"genus","Arthropoda","Hexapoda","Insecta","Pterygota","Neoptera","Holometabola","Diptera","Nematocera","Culicomorpha",,"Chironomidae","Chironominae","Tanytarsini",,"Stempellina","sp.",,"larva",2,,2,100,2,"N","N",,"condition OK","Y",,"Weiderholm, 1983; Weiderholm, 1986; Epler 2001; Ferrington et al. 2019; Andersen, Cranston and Epler 2013","Y","Rhithron Associates, Inc.","R. Spring",,,
"4812d807-b1ca-4406-b6ba-ec97c4326d75","D18","OKSR","OKSR.AOS.reach","2022-07-22T18:51Z","2023-08-29","OKSR.20220722.SURBER.3","A00000310639",,"HELSP20","Y","Helodon sp.",,"genus","Arthropoda","Hexapoda","Insecta",,,,"Diptera","Nematocera",,,"Simuliidae",,,,"Helodon","sp.",,"larva",3,,14,70,20,"N","N",,"condition OK","Y",,"Adler et al. 2004; Merritt et al. 2019","N","Rhithron Associates, Inc.","B. Moore",,,
"ef432094-e635-4166-895a-1b40d8effda4","D18","OKSR","OKSR.AOS.reach","2022-07-22T18:51Z","2023-08-31","OKSR.20220722.SURBER.1","A00000310656",,"BAEVER","Y","Baetis vernus gr.",,"speciesGroup","Arthropoda","Hexapoda","Insecta","Pterygota","Palaeoptera",,"Ephemeroptera",,,,"Baetidae",,,,"Baetis","vernus gr.",,"larva",6,,2,100,2,"N","N","damaged","damaged, affecting taxonomy and measurement","Y",,"Morihara and McCafferty 1979; Wiersema, 2004; Webb et al. 2018","N","Rhithron Associates, Inc.","B. Moore",,,
"feae6fa9-fa09-46ca-935f-9dbcbce67a51","D18","OKSR","OKSR.AOS.reach","2022-07-22T18:51Z","2023-08-31","OKSR.20220722.KICKNET.2","A00000310641",,"HELSP20","Y","Helodon sp.",,"genus","Arthropoda","Hexapoda","Insecta",,,,"Diptera","Nematocera",,,"Simuliidae",,,,"Helodon","sp.",,"larva",5,,13,73,18,"N","N",,"condition OK","Y",,"Adler et al. 2004; Merritt et al. 2019","N","Rhithron Associates, Inc.","B. Moore",,,
"779e18d6-f877-4a5f-8b61-6d9811841da2","D18","OKSR","OKSR.AOS.reach","2022-07-22T18:51Z","2023-09-01","OKSR.20220722.SURBER.3","A00000310639",,"TVESP","Y","Tvetenia sp.",,"genus","Arthropoda","Hexapoda","Insecta","Pterygota","Neoptera","Holometabola","Diptera","Nematocera","Culicomorpha",,"Chironomidae","Orthocladiinae",,,"Tvetenia","sp.",,"larva",4,,6,70,9,"N","N",,"condition OK","Y",,"Weiderholm, 1983; Weiderholm, 1986; Epler 2001; Ferrington et al. 2019; Andersen, Cranston and Epler 2013","N","Rhithron Associates, Inc.","A. Fasbender",,,
"e944a08f-bcfa-4d7d-9401-50256ff276f9","D18","OKSR","OKSR.AOS.reach","2022-07-22T18:51Z","2023-08-31","OKSR.20220722.SURBER.1","A00000310656",,"PROSP21","Y","Prosimulium sp.",,"genus","Arthropoda","Hexapoda","Insecta","Pterygota","Neoptera","Holometabola","Diptera","Nematocera","Culicomorpha",,"Simuliidae","Simuliinae","Prosimuliini",,"Prosimulium","sp.",,"larva",4,,1,100,1,"N","N",,"condition OK","Y",,"Adler et al. 2004; Merritt et al. 2019","N","Rhithron Associates, Inc.","B. Moore",,,
"f4407f00-6c26-4f16-accf-5eadf052f7b1","D18","OKSR","OKSR.AOS.reach","2022-07-22T18:51Z","2023-09-06","OKSR.20220722.KICKNET.5","A00000310657",,"CRISP6","Y","Cricotopus/Orthocladius sp.",,"speciesGroup","Arthropoda","Hexapoda","Insecta","Pterygota","Neoptera","Holometabola","Diptera","Nematocera","Culicomorpha",,"Chironomidae","Orthocladiinae",,,"Cricotopus/Orthocladius","sp.",,"larva",3,,2,100,2,"Y","N","early instar","condition OK","N",,"Weiderholm, 1983; Weiderholm, 1986; Epler 2001; Ferrington et al. 2008; Andersen, Cranston and Epler 2013","N","Rhithron Associates, Inc.","R. Spring",,,
"cb8f4eb3-35d2-41ea-974a-0ec28c23c844","D18","OKSR","OKSR.AOS.reach","2022-07-22T18:51Z","2023-08-31","OKSR.20220722.KICKNET.5","A00000310657",,"CINSP1","Y","Cinygmula sp.",,"genus","Arthropoda","Hexapoda","Insecta","Pterygota","Palaeoptera",,"Ephemeroptera","Pisciforma",,"Heptagenioidea","Heptageniidae",,,,"Cinygmula","sp.",,"larva",4,,5,100,5,"N","N",,"condition OK","Y",,"Merritt et al. 2019","N","Rhithron Associates, Inc.","B. Moore",,,
"8427298d-4fde-40a2-be1f-5b6d344ff427","D18","OKSR","OKSR.AOS.reach","2022-07-22T18:51Z","2023-09-05","OKSR.20220722.KICKNET.3","A00000310658","BA22NEOMST34011O1","LUMSP2","Y","Lumbriculidae sp.",,"family","Annelida","Clitellata","Oligochaeta","Oligochaeta",,,"Lumbriculida",,,,"Lumbriculidae",,,,,"sp.",,"immature",10,,10,100,10,"Y","N",,"condition OK","Y",,"Kathman and Brinkhurst, 1999","Y","Rhithron Associates, Inc.","J. Webb",,,
"d887a40f-07d8-4c7f-b0bd-a6ae44673cd7","D18","OKSR","OKSR.AOS.reach","2022-07-22T18:51Z","2023-09-06","OKSR.20220722.KICKNET.4","A00000310640",,"ORTSP3","Y","Orthocladius sp.",,"genus","Arthropoda","Hexapoda","Insecta","Pterygota","Neoptera","Holometabola","Diptera","Nematocera","Culicomorpha",,"Chironomidae","Orthocladiinae",,,"Orthocladius","sp.",,"larva",5,,1,37,3,"N","N",,"condition OK","Y",,"Weiderholm, 1983; Weiderholm, 1986; Epler 2001; Ferrington et al. 2019; Andersen, Cranston and Epler 2013","N","Rhithron Associates, Inc.","R. Spring","unique",,
"bbe1661d-13ed-433f-af44-c9ebc88a3285","D18","OKSR","OKSR.AOS.reach","2022-07-22T18:51Z","2023-08-31","OKSR.20220722.KICKNET.2","A00000310641",,"NEMSP7","Y","Nemoura sp.",,"genus","Arthropoda","Hexapoda","Insecta","Pterygota","Neoptera","Polyneoptera","Plecoptera","Euholognatha",,,"Nemouridae","Nemourinae",,,"Nemoura","sp.",,"larva",3,,1,73,1,"N","N",,"condition OK","Y",,"Stewart and Stark 2002; Merritt et al. 2019","N","Rhithron Associates, Inc.","B. Moore",,,
"3991b3a7-2ea3-4446-a480-ad14d4f095ae","D18","OKSR","OKSR.AOS.reach","2022-07-22T18:51Z","2023-09-01","OKSR.20220722.SURBER.3","A00000310639",,"HYDSP26","Y","Hydrobaenus sp.",,"genus","Arthropoda","Hexapoda","Insecta","Pterygota","Neoptera","Holometabola","Diptera","Nematocera","Culicomorpha",,"Chironomidae","Orthocladiinae",,,"Hydrobaenus","sp.",,"larva",2,,1,70,1,"N","N",,"condition OK","Y",,"Weiderholm, 1983; Weiderholm, 1986; Epler 2001; Ferrington et al. 2019; Andersen, Cranston and Epler 2013","N","Rhithron Associates, Inc.","A. Fasbender",,,
"e7adcd8c-7b5e-4b76-8f65-ec4033c23e8a","D18","OKSR","OKSR.AOS.reach","2022-07-22T18:51Z","2023-08-31","OKSR.20220722.KICKNET.1","A00000310642",,"NEMSP","Y","Nematoda sp.",,"phylum","Nematoda",,,,,,,,,,,,,,,"sp.",,"unknown",2,,4,100,4,"N","N",,"condition OK","Y",,"Thorp and Rogers 2016","N","Rhithron Associates, Inc.","B. Moore",,,
"8cffff47-820f-4fce-9c7e-d675221e2bc7","D18","OKSR","OKSR.AOS.reach","2022-07-22T18:51Z","2023-09-06","OKSR.20220722.KICKNET.1","A00000310642",,"KRESP1","Y","Krenosmittia sp.",,"genus","Arthropoda","Hexapoda","Insecta","Pterygota","Neoptera","Holometabola","Diptera","Nematocera","Culicomorpha",,"Chironomidae","Orthocladiinae",,,"Krenosmittia","sp.",,"larva",2,,1,100,1,"N","N",,"condition OK","Y",,"Weiderholm, 1983; Weiderholm, 1986; Epler 2001; Ferrington et al. 2019; Andersen, Cranston and Epler 2013","N","Rhithron Associates, Inc.","R. Spring",,,
"6441906f-acdf-494b-ae57-006032b52bcf","D18","OKSR","OKSR.AOS.reach","2022-07-22T18:51Z","2023-09-06","OKSR.20220722.KICKNET.5","A00000310657",,"HYDSP52","Y","Hydrosmittia sp.",,"genus","Arthropoda",,"Insecta","Pterygota","Neoptera",,"Diptera","Nematocera","Culicomorpha","Chironomoidea","Chironomidae","Orthocladiinae",,,"Hydrosmittia","sp.",,"larva",3,,16,100,16,"N","N",,"condition OK","Y",,"Weiderholm, 1983; Weiderholm, 1986; Epler 2001; Ferrington et al. 2019; Andersen, Cranston and Epler 2013","N","Rhithron Associates, Inc.","R. Spring",,,
"960462b5-df53-474e-844f-5dd25706cde4","D18","OKSR","OKSR.AOS.reach","2022-07-22T18:51Z","2023-09-06","OKSR.20220722.KICKNET.5","A00000310657",,"NEOSP32","Y","Neozavrelia sp.",,"genus","Arthropoda","Hexapoda","Insecta","Pterygota","Neoptera","Holometabola","Diptera","Nematocera","Culicomorpha",,"Chironomidae","Orthocladiinae","Tanytarsini",,"Neozavrelia","sp.",,"larva",2,,6,100,6,"N","N",,"condition OK","Y",,"Weiderholm, 1983; Weiderholm, 1986; Epler 2001; Ferrington et al. 2019; Andersen, Cranston and Epler 2013","N","Rhithron Associates, Inc.","R. Spring",,,
"c854b58d-f252-4edd-8d67-a5d53e2a5283","D18","OKSR","OKSR.AOS.reach","2022-07-22T18:51Z","2023-08-31","OKSR.20220722.KICKNET.5","A00000310657",,"NEMSP","Y","Nematoda sp.",,"phylum","Nematoda",,,,,,,,,,,,,,,"sp.",,"unknown",2,,1,100,1,"N","N",,"condition OK","Y",,"Thorp and Rogers 2016","N","Rhithron Associates, Inc.","B. Moore",,,
"996687e8-5f78-491f-b411-2f91b6ea7e3a","D18","OKSR","OKSR.AOS.reach","2022-07-22T18:51Z","2023-09-01","OKSR.20220722.SURBER.1","A00000310656",,"PARSP26","Y","Parametriocnemus sp.",,"genus","Arthropoda","Hexapoda","Insecta","Pterygota","Neoptera","Holometabola","Diptera","Nematocera","Culicomorpha",,"Chironomidae","Orthocladiinae",,,"Parametriocnemus","sp.",,"larva",5,,3,100,3,"N","N",,"condition OK","Y",,"Weiderholm, 1983; Weiderholm, 1986; Epler 2001; Ferrington et al. 2019; Andersen, Cranston and Epler 2013","N","Rhithron Associates, Inc.","A. Fasbender",,,
"14fddd29-a050-4a47-bc2a-74dfca2bee99","D18","OKSR","OKSR.AOS.reach","2022-07-22T18:51Z","2023-09-05","OKSR.20220722.KICKNET.1","A00000310642","BA22NEOMST34009O1","LUMSP2","Y","Lumbriculidae sp.",,"family","Annelida","Clitellata","Oligochaeta","Oligochaeta",,,"Lumbriculida",,,,"Lumbriculidae",,,,,"sp.",,"immature",14,,2,100,2,"Y","N",,"condition OK","Y",,"Kathman and Brinkhurst, 1999","N","Rhithron Associates, Inc.","J. Webb",,,
"1603e594-1d9c-450c-811a-398cb4e15fc3","D18","OKSR","OKSR.AOS.reach","2022-07-22T18:51Z","2023-08-30","OKSR.20220722.SURBER.2","A00000310655",,"FELSP1","Y","Feltria sp.",,"genus","Arthropoda","Chelicerata","Arachnida","Acari",,"Acariformes","Trombidiformes","Prostigmata",,"Hygrobatoidea","Feltriidae",,,,"Feltria","sp.",,"adult",1,,1,100,1,"N","N",,"condition OK","Y",,"Thorp and Rogers 2016","N","Rhithron Associates, Inc.","B. Moore",,,
"88884caa-9660-4ee4-b3d5-602a38de540a","D18","OKSR","OKSR.AOS.reach","2022-07-22T18:51Z","2023-09-06","OKSR.20220722.KICKNET.5","A00000310657",,"KRESP1","Y","Krenosmittia sp.",,"genus","Arthropoda","Hexapoda","Insecta","Pterygota","Neoptera","Holometabola","Diptera","Nematocera","Culicomorpha",,"Chironomidae","Orthocladiinae",,,"Krenosmittia","sp.",,"larva",3,,2,100,2,"N","N",,"condition OK","Y",,"Weiderholm, 1983; Weiderholm, 1986; Epler 2001; Ferrington et al. 2019; Andersen, Cranston and Epler 2013","N","Rhithron Associates, Inc.","R. Spring",,,
"a9978772-246d-43a2-9de6-7f03b694ab7f","D18","OKSR","OKSR.AOS.reach","2022-07-22T18:51Z","2023-09-05","OKSR.20220722.KICKNET.3","A00000310658","BA22NEOMST34011O3","LUMSP2","Y","Lumbriculidae sp.",,"family","Annelida","Clitellata","Oligochaeta","Oligochaeta",,,"Lumbriculida",,,,"Lumbriculidae",,,,,"sp.",,"immature",15,,1,100,1,"Y","N",,"condition OK","Y",,"Kathman and Brinkhurst, 1999","Y","Rhithron Associates, Inc.","J. Webb",,,
"caafdeb8-97b2-4f0c-8c89-2c2b348753b6","D18","OKSR","OKSR.AOS.reach","2022-07-22T18:51Z","2023-09-01","OKSR.20220722.SURBER.3","A00000310639",,"THIGRO","Y","Thienemannimyia gr.",,"speciesGroup","Arthropoda","Hexapoda","Insecta","Pterygota","Neoptera","Holometabola","Diptera","Nematocera","Culicomorpha",,"Chironomidae","Tanypodinae","Pentaneurini",,"Thienemannimyia","gr.",,"larva",4,,1,70,1,"Y","N","early instar","condition OK","Y",,"Weiderholm, 1983; Weiderholm, 1986; Epler 2001; Ferrington et al. 2008; Andersen, Cranston and Epler 2017","N","Rhithron Associates, Inc.","A. Fasbender",,,
"dfe78bb6-9541-42f0-9497-b5f16cb4f049","D18","OKSR","OKSR.AOS.reach","2022-07-22T18:51Z","2023-09-06","OKSR.20220722.KICKNET.4","A00000310640",,"CONSP6","Y","Constempellina sp.",,"genus","Arthropoda","Hexapoda","Insecta","Pterygota","Neoptera","Holometabola","Diptera","Nematocera","Culicomorpha",,"Chironomidae","Chironominae","Tanytarsini",,"Constempellina","sp.",,"larva",2,,2,37,5,"N","N",,"condition OK","Y",,"Weiderholm, 1983; Weiderholm, 1986; Epler 2001; Ferrington et al. 2019; Andersen, Cranston and Epler 2013","N","Rhithron Associates, Inc.","R. Spring",,,
"d49b4069-3192-43bc-984a-3986552c040f","D18","OKSR","OKSR.AOS.reach","2022-07-22T18:51Z","2023-09-05","OKSR.20220722.KICKNET.3","A00000310658","BA22NEOMST34011O3","LUMSP2","Y","Lumbriculidae sp.",,"family","Annelida","Clitellata","Oligochaeta","Oligochaeta",,,"Lumbriculida",,,,"Lumbriculidae",,,,,"sp.",,"immature",10,,2,100,2,"Y","N",,"condition OK","Y",,"Kathman and Brinkhurst, 1999","Y","Rhithron Associates, Inc.","J. Webb",,,
"088d015d-2a32-4026-93bf-989fc66317c8","D18","OKSR","OKSR.AOS.reach","2022-07-22T18:51Z","2023-09-06","OKSR.20220722.KICKNET.4","A00000310640","BA22NEOMST34012O2","ENCSP1","Y","Enchytraeidae sp.",,"family","Annelida","Clitellata","Oligochaeta","Oligochaeta",,,"Enchytraeida",,,,"Enchytraeidae",,,,,"sp.",,"unknown",2,,10,37,27,"N","N",,"condition OK","Y",,"Kathman and Brinkhurst, 1999","N","Rhithron Associates, Inc.","J. Webb",,,
"8e3f1353-8807-4682-a2c8-484e6d759f7d","D18","OKSR","OKSR.AOS.reach","2022-07-22T18:51Z","2023-08-29","OKSR.20220722.SURBER.3","A00000310639",,"ACESP","Y","Acentrella sp.",,"genus","Arthropoda","Hexapoda","Insecta","Pterygota","Palaeoptera",,"Ephemeroptera","Pisciforma",,,"Baetidae",,,,"Acentrella","sp.",,"larva",1,,4,70,6,"Y","N","early instar","condition OK","N",,"Merritt et al. 2019","N","Rhithron Associates, Inc.","B. Moore",,,
"2c761b00-5904-4403-9001-62a2e0411287","D18","OKSR","OKSR.AOS.reach","2022-07-22T18:51Z","2023-09-06","OKSR.20220722.KICKNET.4","A00000310640","BA22NEOMST34012O1","ENCSP1","Y","Enchytraeidae sp.",,"family","Annelida","Clitellata","Oligochaeta","Oligochaeta",,,"Enchytraeida",,,,"Enchytraeidae",,,,,"sp.",,"unknown",5,,4,37,11,"N","N",,"condition OK","Y",,"Kathman and Brinkhurst, 1999","N","Rhithron Associates, Inc.","J. Webb",,,
"2ec4c6c5-f081-489d-b5f7-8dbf71130815","D18","OKSR","OKSR.AOS.reach","2022-07-22T18:51Z","2023-09-06","OKSR.20220722.KICKNET.4","A00000310640","BA22NEOMST34012O1","ENCSP1","Y","Enchytraeidae sp.",,"family","Annelida","Clitellata","Oligochaeta","Oligochaeta",,,"Enchytraeida",,,,"Enchytraeidae",,,,,"sp.",,"unknown",3,,9,37,24,"N","N",,"condition OK","Y",,"Kathman and Brinkhurst, 1999","N","Rhithron Associates, Inc.","J. Webb",,,
"3f6e8905-52a1-48b4-b9b7-254496d79c20","D18","OKSR","OKSR.AOS.reach","2022-07-22T18:51Z","2023-08-31","OKSR.20220722.KICKNET.1","A00000310642",,"VALMER","Y","Valvata mergella",,"species","Mollusca",,"Gastropoda",,,,"Heterostropha",,,,"Valvatidae",,,,"Valvata","mergella",,"unknown",3,,1,100,1,"N","N",,"condition OK","Y",,"Burch 1989; Thorp and Rogers 2016","N","Rhithron Associates, Inc.","B. Moore",,,
"526f72d6-7978-4171-b5dd-bab9c06118a3","D18","OKSR","OKSR.AOS.reach","2022-07-22T18:51Z","2023-09-06","OKSR.20220722.KICKNET.5","A00000310657",,"CLASP6","Y","Cladotanytarsus sp.",,"genus","Arthropoda","Hexapoda","Insecta","Pterygota","Neoptera","Holometabola","Diptera","Nematocera","Culicomorpha",,"Chironomidae","Chironominae","Tanytarsini",,"Cladotanytarsus","sp.",,"larva",4,,3,100,3,"N","N",,"condition OK","Y",,"Weiderholm, 1983; Weiderholm, 1986; Epler 2001; Ferrington et al. 2019; Andersen, Cranston and Epler 2013","N","Rhithron Associates, Inc.","R. Spring",,,
"9507c986-3e09-442a-a8b6-0881f7f4170e","D18","OKSR","OKSR.AOS.reach","2022-07-22T18:51Z","2023-09-06","OKSR.20220722.KICKNET.1","A00000310642",,"PARSP26","Y","Parametriocnemus sp.",,"genus","Arthropoda","Hexapoda","Insecta","Pterygota","Neoptera","Holometabola","Diptera","Nematocera","Culicomorpha",,"Chironomidae","Orthocladiinae",,,"Parametriocnemus","sp.",,"larva",5,,13,100,13,"N","N",,"condition OK","Y",,"Weiderholm, 1983; Weiderholm, 1986; Epler 2001; Ferrington et al. 2019; Andersen, Cranston and Epler 2013","N","Rhithron Associates, Inc.","R. Spring",,,
"01fe591c-2aea-4056-94d7-b8c7ed785c89","D18","OKSR","OKSR.AOS.reach","2022-07-22T18:51Z","2023-09-06","OKSR.20220722.KICKNET.4","A00000310640",,"THIGRO","Y","Thienemannimyia gr.",,"speciesGroup","Arthropoda","Hexapoda","Insecta","Pterygota","Neoptera","Holometabola","Diptera","Nematocera","Culicomorpha",,"Chironomidae","Tanypodinae","Pentaneurini",,"Thienemannimyia","gr.",,"larva",3,,1,37,3,"Y","N","early instar","condition OK","Y",,"Weiderholm, 1983; Weiderholm, 1986; Epler 2001; Ferrington et al. 2008; Andersen, Cranston and Epler 2017","N","Rhithron Associates, Inc.","R. Spring",,,
"5907a0e6-37c7-423d-a948-6fcefd594e24","D18","OKSR","OKSR.AOS.reach","2022-07-22T18:51Z","2023-08-29","OKSR.20220722.SURBER.3","A00000310639",,"CHLSP","Y","Chloroperlidae sp.",,"family","Arthropoda","Hexapoda","Insecta","Pterygota","Neoptera","Polyneoptera","Plecoptera","Systellognatha",,,"Chloroperlidae",,,,,"sp.",,"larva",2,,2,70,3,"Y","N","early instar","condition OK","Y",,"Stewart and Stark 2002; Merritt et al. 2019","N","Rhithron Associates, Inc.","B. Moore",,,
"192b5549-1c5a-46fe-9d8e-50f85f89d4c0","D18","OKSR","OKSR.AOS.reach","2022-07-22T18:51Z","2023-08-31","OKSR.20220722.KICKNET.5","A00000310657",,"ACESP","Y","Acentrella sp.",,"genus","Arthropoda","Hexapoda","Insecta","Pterygota","Palaeoptera",,"Ephemeroptera","Pisciforma",,,"Baetidae",,,,"Acentrella","sp.",,"larva",2,,1,100,1,"Y","N","early instar","condition OK","Y",,"Merritt et al. 2019","N","Rhithron Associates, Inc.","B. Moore",,,
"78a5e35b-d5c9-4762-b35e-95322a1c0c3a","D18","OKSR","OKSR.AOS.reach","2022-07-22T18:51Z","2023-09-06","OKSR.20220722.KICKNET.3","A00000310658",,"TVESP","Y","Tvetenia sp.",,"genus","Arthropoda","Hexapoda","Insecta","Pterygota","Neoptera","Holometabola","Diptera","Nematocera","Culicomorpha",,"Chironomidae","Orthocladiinae",,,"Tvetenia","sp.",,"larva",2,,4,100,4,"N","N",,"condition OK","Y",,"Weiderholm, 1983; Weiderholm, 1986; Epler 2001; Ferrington et al. 2019; Andersen, Cranston and Epler 2013","Y","Rhithron Associates, Inc.","R. Spring",,,
"eec5cfd6-c1a0-4c31-9494-c816b104a7d7","D18","OKSR","OKSR.AOS.reach","2022-07-22T18:51Z","2023-09-06","OKSR.20220722.KICKNET.5","A00000310657",,"THIGRO","Y","Thienemannimyia gr.",,"speciesGroup","Arthropoda","Hexapoda","Insecta","Pterygota","Neoptera","Holometabola","Diptera","Nematocera","Culicomorpha",,"Chironomidae","Tanypodinae","Pentaneurini",,"Thienemannimyia","gr.",,"larva",3,,2,100,2,"Y","N","early instar","condition OK","Y",,"Weiderholm, 1983; Weiderholm, 1986; Epler 2001; Ferrington et al. 2008; Andersen, Cranston and Epler 2017","N","Rhithron Associates, Inc.","R. Spring",,,
"9995ec1d-5c40-4a1e-a389-c3ec777011af","D18","OKSR","OKSR.AOS.reach","2022-07-22T18:51Z","2023-08-31","OKSR.20220722.KICKNET.3","A00000310658",,"NEMSP","Y","Nematoda sp.",,"phylum","Nematoda",,,,,,,,,,,,,,,"sp.",,"unknown",7,,1,100,1,"N","N",,"condition OK","Y",,"Thorp and Rogers 2016","Y","Rhithron Associates, Inc.","B. Moore",,,
"539e9a76-01b2-49d8-8117-88ac36620256","D18","OKSR","OKSR.AOS.reach","2022-07-22T18:51Z","2023-09-06","OKSR.20220722.KICKNET.5","A00000310657",,"ORTSP3","Y","Orthocladius sp.",,"genus","Arthropoda","Hexapoda","Insecta","Pterygota","Neoptera","Holometabola","Diptera","Nematocera","Culicomorpha",,"Chironomidae","Orthocladiinae",,,"Orthocladius","sp.",,"pupa",3,,1,100,1,"N","N",,"condition OK","N",,"Weiderholm, 1983; Weiderholm, 1986; Epler 2001; Ferrington et al. 2019; Andersen, Cranston and Epler 2013","N","Rhithron Associates, Inc.","R. Spring",,,
"8cd3b216-04cc-4c7e-b0e4-a1c01c921905","D18","OKSR","OKSR.AOS.reach","2022-07-22T18:51Z","2023-09-06","OKSR.20220722.KICKNET.2","A00000310641",,"PARSP26","Y","Parametriocnemus sp.",,"genus","Arthropoda","Hexapoda","Insecta","Pterygota","Neoptera","Holometabola","Diptera","Nematocera","Culicomorpha",,"Chironomidae","Orthocladiinae",,,"Parametriocnemus","sp.",,"larva",5,,14,73,19,"N","N",,"condition OK","Y",,"Weiderholm, 1983; Weiderholm, 1986; Epler 2001; Ferrington et al. 2019; Andersen, Cranston and Epler 2013","N","Rhithron Associates, Inc.","R. Spring",,,
"88918ee0-2609-4025-ab1d-e1c0eb12fc49","D18","OKSR","OKSR.AOS.reach","2022-07-22T18:51Z","2023-09-01","OKSR.20220722.SURBER.2","A00000310655",,"CLASP6","Y","Cladotanytarsus sp.",,"genus","Arthropoda","Hexapoda","Insecta","Pterygota","Neoptera","Holometabola","Diptera","Nematocera","Culicomorpha",,"Chironomidae","Chironominae","Tanytarsini",,"Cladotanytarsus","sp.",,"larva",2,,3,100,3,"N","N",,"condition OK","Y",,"Weiderholm, 1983; Weiderholm, 1986; Epler 2001; Ferrington et al. 2019; Andersen, Cranston and Epler 2013","N","Rhithron Associates, Inc.","A. Fasbender",,,
"849e14fc-66c9-4323-8d88-f3d148a01089","D18","OKSR","OKSR.AOS.reach","2022-07-22T18:51Z","2023-09-05","OKSR.20220722.SURBER.3","A00000310639","BA22NEOMST34016O1","ENCSP1","Y","Enchytraeidae sp.",,"family","Annelida","Clitellata","Oligochaeta","Oligochaeta",,,"Enchytraeida",,,,"Enchytraeidae",,,,,"sp.",,"unknown",2,,1,70,1,"N","N",,"condition OK","Y",,"Kathman and Brinkhurst, 1999","N","Rhithron Associates, Inc.","J. Webb",,,
"019ae7f9-0beb-4258-ba98-19f52c9309bf","D18","OKSR","OKSR.AOS.reach","2022-07-22T18:51Z","2023-08-29","OKSR.20220722.SURBER.3","A00000310639",,"PROSP21","Y","Prosimulium sp.",,"genus","Arthropoda","Hexapoda","Insecta","Pterygota","Neoptera","Holometabola","Diptera","Nematocera","Culicomorpha",,"Simuliidae","Simuliinae","Prosimuliini",,"Prosimulium","sp.",,"larva",3,,1,70,1,"N","N",,"condition OK","Y",,"Adler et al. 2004; Merritt et al. 2019","N","Rhithron Associates, Inc.","B. Moore",,,
"b9dd0ae6-ca02-4dfc-91ad-5febc2f48ff2","D18","OKSR","OKSR.AOS.reach","2022-07-22T18:51Z","2023-09-06","OKSR.20220722.KICKNET.1","A00000310642",,"PARSP26","Y","Parametriocnemus sp.",,"genus","Arthropoda","Hexapoda","Insecta","Pterygota","Neoptera","Holometabola","Diptera","Nematocera","Culicomorpha",,"Chironomidae","Orthocladiinae",,,"Parametriocnemus","sp.",,"larva",6,,13,100,13,"N","N",,"condition OK","Y",,"Weiderholm, 1983; Weiderholm, 1986; Epler 2001; Ferrington et al. 2019; Andersen, Cranston and Epler 2013","N","Rhithron Associates, Inc.","R. Spring",,,
"c29bab65-0ed7-4624-b5cf-202d07856c61","D18","OKSR","OKSR.AOS.reach","2022-07-22T18:51Z","2023-09-06","OKSR.20220722.KICKNET.4","A00000310640",,"TVESP","Y","Tvetenia sp.",,"genus","Arthropoda","Hexapoda","Insecta","Pterygota","Neoptera","Holometabola","Diptera","Nematocera","Culicomorpha",,"Chironomidae","Orthocladiinae",,,"Tvetenia","sp.",,"larva",2,,2,37,5,"N","N",,"condition OK","Y",,"Weiderholm, 1983; Weiderholm, 1986; Epler 2001; Ferrington et al. 2019; Andersen, Cranston and Epler 2013","N","Rhithron Associates, Inc.","R. Spring",,,
"4ae71d16-caf6-4731-84f8-7e0dad7d7d76","D18","OKSR","OKSR.AOS.reach","2022-07-22T18:51Z","2023-08-31","OKSR.20220722.KICKNET.3","A00000310658",,"BAESP2","Y","Baetis sp.",,"genus","Arthropoda","Hexapoda","Insecta","Pterygota","Palaeoptera",,"Ephemeroptera","Pisciforma",,,"Baetidae",,,,"Baetis","sp.",,"larva",3,,12,100,12,"N","N","damaged","damaged, affecting taxonomy and measurement","N",,"Merritt et al. 2019","Y","Rhithron Associates, Inc.","B. Moore",,,
"81337c17-d1e3-491e-9f9a-444d8c1f1999","D18","OKSR","OKSR.AOS.reach","2022-07-22T18:51Z","2023-09-06","OKSR.20220722.KICKNET.1","A00000310642",,"CLASP6","Y","Cladotanytarsus sp.",,"genus","Arthropoda","Hexapoda","Insecta","Pterygota","Neoptera","Holometabola","Diptera","Nematocera","Culicomorpha",,"Chironomidae","Chironominae","Tanytarsini",,"Cladotanytarsus","sp.",,"larva",2,,14,100,14,"N","N",,"condition OK","Y",,"Weiderholm, 1983; Weiderholm, 1986; Epler 2001; Ferrington et al. 2019; Andersen, Cranston and Epler 2013","N","Rhithron Associates, Inc.","R. Spring",,,
"7fb85566-31aa-4f78-9969-490fff2b639f","D18","OKSR","OKSR.AOS.reach","2022-07-22T18:51Z","2023-09-05","OKSR.20220722.KICKNET.1","A00000310642","BA22NEOMST34009O2","LUMSP2","Y","Lumbriculidae sp.",,"family","Annelida","Clitellata","Oligochaeta","Oligochaeta",,,"Lumbriculida",,,,"Lumbriculidae",,,,,"sp.",,"immature",7,,4,100,4,"Y","N",,"condition OK","Y",,"Kathman and Brinkhurst, 1999","N","Rhithron Associates, Inc.","J. Webb",,,
"744dd198-bf66-4773-8edf-8b601235eb63","D18","OKSR","OKSR.AOS.reach","2022-07-22T18:51Z","2023-09-06","OKSR.20220722.KICKNET.4","A00000310640",,"ORTSP3","Y","Orthocladius sp.",,"genus","Arthropoda","Hexapoda","Insecta","Pterygota","Neoptera","Holometabola","Diptera","Nematocera","Culicomorpha",,"Chironomidae","Orthocladiinae",,,"Orthocladius","sp.",,"pupa",4,,1,37,3,"N","N",,"condition OK","N",,"Weiderholm, 1983; Weiderholm, 1986; Epler 2001; Ferrington et al. 2019; Andersen, Cranston and Epler 2013","N","Rhithron Associates, Inc.","R. Spring",,,
"dbb4185f-66aa-42ef-acd0-8cbcf45ad20f","D18","OKSR","OKSR.AOS.reach","2022-07-22T18:51Z","2023-08-31","OKSR.20220722.KICKNET.5","A00000310657",,"ATRSP3","Y","Atractides sp.",,"genus","Arthropoda","Chelicerata","Arachnida","Acari",,"Acariformes","Trombidiformes","Prostigmata",,"Hygrobatoidea","Hygrobatidae",,,,"Atractides","sp.",,"adult",1,,2,100,2,"N","N",,"condition OK","Y",,"Thorp and Rogers 2016","N","Rhithron Associates, Inc.","B. Moore",,,
"ccbc9c4b-bb5f-4185-812c-74970bfb9692","D18","OKSR","OKSR.AOS.reach","2022-07-22T18:51Z","2023-09-06","OKSR.20220722.KICKNET.5","A00000310657",,"PARSP26","Y","Parametriocnemus sp.",,"genus","Arthropoda","Hexapoda","Insecta","Pterygota","Neoptera","Holometabola","Diptera","Nematocera","Culicomorpha",,"Chironomidae","Orthocladiinae",,,"Parametriocnemus","sp.",,"larva",6,,3,100,3,"N","N",,"condition OK","Y",,"Weiderholm, 1983; Weiderholm, 1986; Epler 2001; Ferrington et al. 2019; Andersen, Cranston and Epler 2013","N","Rhithron Associates, Inc.","R. Spring",,,
"bf7bd601-1b35-4f11-8459-aa98e43ba533","D18","OKSR","OKSR.AOS.reach","2022-07-22T18:51Z","2023-09-01","OKSR.20220722.SURBER.2","A00000310655",,"PARSP26","Y","Parametriocnemus sp.",,"genus","Arthropoda","Hexapoda","Insecta","Pterygota","Neoptera","Holometabola","Diptera","Nematocera","Culicomorpha",,"Chironomidae","Orthocladiinae",,,"Parametriocnemus","sp.",,"larva",5,,1,100,1,"N","N",,"condition OK","Y",,"Weiderholm, 1983; Weiderholm, 1986; Epler 2001; Ferrington et al. 2019; Andersen, Cranston and Epler 2013","N","Rhithron Associates, Inc.","A. Fasbender",,,
"11ac85e1-083b-4999-864e-fae6d63c1185","D18","OKSR","OKSR.AOS.reach","2022-07-22T18:51Z","2023-09-06","OKSR.20220722.KICKNET.5","A00000310657",,"CRISP2","Y","Cricotopus sp.",,"genus","Arthropoda","Hexapoda","Insecta","Pterygota","Neoptera","Holometabola","Diptera","Nematocera","Culicomorpha",,"Chironomidae","Orthocladiinae",,,"Cricotopus","sp.",,"larva",3,,2,100,2,"N","N",,"condition OK","Y",,"Weiderholm, 1983; Weiderholm, 1986; Epler 2001; Ferrington et al. 2019; Andersen, Cranston and Epler 2013","N","Rhithron Associates, Inc.","R. Spring",,,
"4608250a-831b-4082-916d-e47b188b18a0","D18","OKSR","OKSR.AOS.reach","2022-07-22T18:51Z","2023-08-29","OKSR.20220722.SURBER.3","A00000310639",,"OSTSP","Y","Ostracoda sp.",,"class","Arthropoda","Crustacea","Ostracoda",,,,,,,,,,,,,"sp.",,"unknown",1,,1,70,1,"N","N",,"condition OK","Y",,"Thorp and Rogers 2016","N","Rhithron Associates, Inc.","B. Moore",,,
"1465c393-2a0e-4321-b4bb-c6d502f08222","D18","OKSR","OKSR.AOS.reach","2022-07-22T18:51Z","2023-09-06","OKSR.20220722.KICKNET.4","A00000310640",,"CLASP6","Y","Cladotanytarsus sp.",,"genus","Arthropoda","Hexapoda","Insecta","Pterygota","Neoptera","Holometabola","Diptera","Nematocera","Culicomorpha",,"Chironomidae","Chironominae","Tanytarsini",,"Cladotanytarsus","sp.",,"larva",2,,47,37,127,"N","N",,"condition OK","Y",,"Weiderholm, 1983; Weiderholm, 1986; Epler 2001; Ferrington et al. 2019; Andersen, Cranston and Epler 2013","N","Rhithron Associates, Inc.","R. Spring",,,
"479adcc3-bb41-442a-8f25-57311a9b8eff","D18","OKSR","OKSR.AOS.reach","2022-07-22T18:51Z","2023-09-05","OKSR.20220722.SURBER.1","A00000310656","BA22NEOMST34014O1","ENCSP1","Y","Enchytraeidae sp.",,"family","Annelida","Clitellata","Oligochaeta","Oligochaeta",,,"Enchytraeida",,,,"Enchytraeidae",,,,,"sp.",,"unknown",3,,3,100,3,"N","N",,"condition OK","Y",,"Kathman and Brinkhurst, 1999","N","Rhithron Associates, Inc.","J. Webb",,,
"88a9744b-3283-4253-98e5-86c9023328d5","D18","OKSR","OKSR.AOS.reach","2022-07-22T18:51Z","2023-09-01","OKSR.20220722.SURBER.1","A00000310656",,"CRISP6","Y","Cricotopus/Orthocladius sp.",,"speciesGroup","Arthropoda","Hexapoda","Insecta","Pterygota","Neoptera","Holometabola","Diptera","Nematocera","Culicomorpha",,"Chironomidae","Orthocladiinae",,,"Cricotopus/Orthocladius","sp.",,"larva",4,,1,100,1,"Y","N","early instar","condition OK","Y",,"Weiderholm, 1983; Weiderholm, 1986; Epler 2001; Ferrington et al. 2008; Andersen, Cranston and Epler 2013","N","Rhithron Associates, Inc.","A. Fasbender",,,
"72746ae9-a4b3-4d79-bd16-6ff7ac0f3935","D18","OKSR","OKSR.AOS.reach","2022-07-22T18:51Z","2023-08-31","OKSR.20220722.KICKNET.1","A00000310642",,"NEMSP7","Y","Nemoura sp.",,"genus","Arthropoda","Hexapoda","Insecta","Pterygota","Neoptera","Polyneoptera","Plecoptera","Euholognatha",,,"Nemouridae","Nemourinae",,,"Nemoura","sp.",,"larva",2,,4,100,4,"N","N",,"condition OK","Y",,"Stewart and Stark 2002; Merritt et al. 2019","N","Rhithron Associates, Inc.","B. Moore",,,
"10cf71aa-0fd5-4197-9388-3c17b9d0fdad","D18","OKSR","OKSR.AOS.reach","2022-07-22T18:51Z","2023-09-01","OKSR.20220722.SURBER.1","A00000310656",,"PARSP26","Y","Parametriocnemus sp.",,"genus","Arthropoda","Hexapoda","Insecta","Pterygota","Neoptera","Holometabola","Diptera","Nematocera","Culicomorpha",,"Chironomidae","Orthocladiinae",,,"Parametriocnemus","sp.",,"larva",6,,1,100,1,"N","N",,"condition OK","Y",,"Weiderholm, 1983; Weiderholm, 1986; Epler 2001; Ferrington et al. 2019; Andersen, Cranston and Epler 2013","N","Rhithron Associates, Inc.","A. Fasbender",,,
"bbef4772-624c-42cb-9354-ed97fdd2bf18","D18","OKSR","OKSR.AOS.reach","2022-07-22T18:51Z","2023-09-06","OKSR.20220722.KICKNET.5","A00000310657",,"TVESP","Y","Tvetenia sp.",,"genus","Arthropoda","Hexapoda","Insecta","Pterygota","Neoptera","Holometabola","Diptera","Nematocera","Culicomorpha",,"Chironomidae","Orthocladiinae",,,"Tvetenia","sp.",,"larva",4,,44,100,44,"N","N",,"condition OK","Y",,"Weiderholm, 1983; Weiderholm, 1986; Epler 2001; Ferrington et al. 2019; Andersen, Cranston and Epler 2013","N","Rhithron Associates, Inc.","R. Spring",,,
"172db087-e9aa-4470-8b52-fc5f0c8f7c72","D18","OKSR","OKSR.AOS.reach","2022-07-22T18:51Z","2023-09-05","OKSR.20220722.KICKNET.3","A00000310658","BA22NEOMST34011O2","LUMSP2","Y","Lumbriculidae sp.",,"family","Annelida","Clitellata","Oligochaeta","Oligochaeta",,,"Lumbriculida",,,,"Lumbriculidae",,,,,"sp.",,"immature",10,,4,100,4,"Y","N",,"condition OK","Y",,"Kathman and Brinkhurst, 1999","Y","Rhithron Associates, Inc.","J. Webb",,,
"b1d0bcb6-a05e-4d97-8f32-2d8e9d9a5768","D18","OKSR","OKSR.AOS.reach","2022-07-22T18:51Z","2023-09-01","OKSR.20220722.SURBER.3","A00000310639",,"TVESP","Y","Tvetenia sp.",,"genus","Arthropoda","Hexapoda","Insecta","Pterygota","Neoptera","Holometabola","Diptera","Nematocera","Culicomorpha",,"Chironomidae","Orthocladiinae",,,"Tvetenia","sp.",,"larva",3,,54,70,77,"N","N",,"condition OK","Y",,"Weiderholm, 1983; Weiderholm, 1986; Epler 2001; Ferrington et al. 2019; Andersen, Cranston and Epler 2013","N","Rhithron Associates, Inc.","A. Fasbender",,,
"02fc807e-fb69-4fca-bf6e-26c2699e5cb0","D18","OKSR","OKSR.AOS.reach","2022-07-22T18:51Z","2023-08-31","OKSR.20220722.KICKNET.2","A00000310641",,"CINSP1","Y","Cinygmula sp.",,"genus","Arthropoda","Hexapoda","Insecta","Pterygota","Palaeoptera",,"Ephemeroptera","Pisciforma",,"Heptagenioidea","Heptageniidae",,,,"Cinygmula","sp.",,"larva",3,,16,73,22,"N","N",,"condition OK","Y",,"Merritt et al. 2019","N","Rhithron Associates, Inc.","B. Moore",,,
"f69cdb14-8ce7-4dde-b28c-47050a76e5f6","D18","OKSR","OKSR.AOS.reach","2022-07-22T18:51Z","2023-09-06","OKSR.20220722.KICKNET.2","A00000310641",,"PARSP26","Y","Parametriocnemus sp.",,"genus","Arthropoda","Hexapoda","Insecta","Pterygota","Neoptera","Holometabola","Diptera","Nematocera","Culicomorpha",,"Chironomidae","Orthocladiinae",,,"Parametriocnemus","sp.",,"pupa",3,,3,73,4,"N","N",,"condition OK","N",,"Weiderholm, 1983; Weiderholm, 1986; Epler 2001; Ferrington et al. 2019; Andersen, Cranston and Epler 2013","N","Rhithron Associates, Inc.","R. Spring",,,
"df8bb238-aa7c-47d3-835a-cf283870a557","D18","OKSR","OKSR.AOS.reach","2022-07-22T18:51Z","2023-09-06","OKSR.20220722.KICKNET.2","A00000310641",,"CLASP6","Y","Cladotanytarsus sp.",,"genus","Arthropoda","Hexapoda","Insecta","Pterygota","Neoptera","Holometabola","Diptera","Nematocera","Culicomorpha",,"Chironomidae","Chironominae","Tanytarsini",,"Cladotanytarsus","sp.",,"larva",3,,15,73,21,"N","N",,"condition OK","Y",,"Weiderholm, 1983; Weiderholm, 1986; Epler 2001; Ferrington et al. 2019; Andersen, Cranston and Epler 2013","N","Rhithron Associates, Inc.","R. Spring",,,
"81207f98-070d-40e9-95db-eb511278bb17","D18","OKSR","OKSR.AOS.reach","2022-07-22T18:51Z","2023-09-06","OKSR.20220722.KICKNET.1","A00000310642",,"HYDSP52","Y","Hydrosmittia sp.",,"genus","Arthropoda",,"Insecta","Pterygota","Neoptera",,"Diptera","Nematocera","Culicomorpha","Chironomoidea","Chironomidae","Orthocladiinae",,,"Hydrosmittia","sp.",,"larva",2,,1,100,1,"N","N",,"condition OK","Y",,"Weiderholm, 1983; Weiderholm, 1986; Epler 2001; Ferrington et al. 2019; Andersen, Cranston and Epler 2013","N","Rhithron Associates, Inc.","R. Spring",,,
"4cf016a6-f72a-443c-b747-5d19003af823","D18","OKSR","OKSR.AOS.reach","2022-07-22T18:51Z","2023-08-31","OKSR.20220722.KICKNET.3","A00000310658",,"TIPSP3","Y","Tipula sp.",,"genus","Arthropoda","Hexapoda","Insecta","Pterygota","Neoptera","Holometabola","Diptera","Nematocera","Tipulomorpha",,"Tipulidae","Tipulinae",,,"Tipula","sp.",,"larva",10,,3,100,3,"N","N",,"condition OK","Y",,"Gelhaus and Podeniene 2018; Merritt et al. 2019","Y","Rhithron Associates, Inc.","B. Moore",,,
"b5cdab8e-8129-4ac9-8340-c6e0b2dc389f","D18","OKSR","OKSR.AOS.reach","2022-07-22T18:51Z","2023-08-30","OKSR.20220722.SURBER.2","A00000310655",,"OSTSP","Y","Ostracoda sp.",,"class","Arthropoda","Crustacea","Ostracoda",,,,,,,,,,,,,"sp.",,"unknown",1,,6,100,6,"N","N",,"condition OK","Y",,"Thorp and Rogers 2016","N","Rhithron Associates, Inc.","B. Moore",,,
"391a10d2-6be7-4e69-8226-53a27d2ae876","D18","OKSR","OKSR.AOS.reach","2022-07-22T18:51Z","2023-09-06","OKSR.20220722.KICKNET.1","A00000310642",,"PARSP26","Y","Parametriocnemus sp.",,"genus","Arthropoda","Hexapoda","Insecta","Pterygota","Neoptera","Holometabola","Diptera","Nematocera","Culicomorpha",,"Chironomidae","Orthocladiinae",,,"Parametriocnemus","sp.",,"pupa",3,,14,100,14,"N","N",,"condition OK","N",,"Weiderholm, 1983; Weiderholm, 1986; Epler 2001; Ferrington et al. 2019; Andersen, Cranston and Epler 2013","N","Rhithron Associates, Inc.","R. Spring",,,
"5f1b9dd8-b346-4dfc-a583-74f37dcde842","D18","OKSR","OKSR.AOS.reach","2022-07-22T18:51Z","2023-09-06","OKSR.20220722.KICKNET.3","A00000310658",,"TVESP","Y","Tvetenia sp.",,"genus","Arthropoda","Hexapoda","Insecta","Pterygota","Neoptera","Holometabola","Diptera","Nematocera","Culicomorpha",,"Chironomidae","Orthocladiinae",,,"Tvetenia","sp.",,"larva",3,,111,100,111,"N","N",,"condition OK","Y",,"Weiderholm, 1983; Weiderholm, 1986; Epler 2001; Ferrington et al. 2019; Andersen, Cranston and Epler 2013","Y","Rhithron Associates, Inc.","R. Spring",,,
"1f501349-e7b1-4491-9484-0bb70642c821","D18","OKSR","OKSR.AOS.reach","2022-07-22T18:51Z","2023-09-01","OKSR.20220722.SURBER.1","A00000310656",,"SUBCOF","Y","Sublettea coffmani",,"species","Arthropoda","Hexapoda","Insecta","Pterygota","Neoptera","Holometabola","Diptera","Nematocera","Culicomorpha",,"Chironomidae","Chironominae","Tanytarsini",,"Sublettea","coffmani",,"larva",1,,1,100,1,"N","N",,"condition OK","Y",,"Weiderholm, 1983; Weiderholm, 1986; Epler 2001; Ferrington et al. 2019; Andersen, Cranston and Epler 2013","N","Rhithron Associates, Inc.","A. Fasbender",,,
"ddfeca3d-ea6e-4f07-acde-a7c9c9842e09","D18","OKSR","OKSR.AOS.reach","2022-07-22T18:51Z","2023-08-30","OKSR.20220722.SURBER.2","A00000310655",,"ACETUR","Y","Acentrella turbida",,"species","Arthropoda","Hexapoda","Insecta","Pterygota","Palaeoptera",,"Ephemeroptera","Pisciforma",,,"Baetidae",,,,"Acentrella","turbida",,"larva",3,,3,100,3,"N","N",,"condition OK","Y",,"Jacobus and McCafferty 2006","N","Rhithron Associates, Inc.","B. Moore",,,
"7090241d-dd3e-42bf-bd25-15c6c315ceec","D18","OKSR","OKSR.AOS.reach","2022-07-22T18:51Z","2023-08-31","OKSR.20220722.KICKNET.1","A00000310642",,"NEMSP7","Y","Nemoura sp.",,"genus","Arthropoda","Hexapoda","Insecta","Pterygota","Neoptera","Polyneoptera","Plecoptera","Euholognatha",,,"Nemouridae","Nemourinae",,,"Nemoura","sp.",,"larva",6,,1,100,1,"N","N",,"condition OK","Y",,"Stewart and Stark 2002; Merritt et al. 2019","N","Rhithron Associates, Inc.","B. Moore",,,
"91242f11-8b24-407a-b216-326759af39fa","D18","OKSR","OKSR.AOS.reach","2022-07-22T18:51Z","2023-09-06","OKSR.20220722.KICKNET.2","A00000310641",,"PARSP26","Y","Parametriocnemus sp.",,"genus","Arthropoda","Hexapoda","Insecta","Pterygota","Neoptera","Holometabola","Diptera","Nematocera","Culicomorpha",,"Chironomidae","Orthocladiinae",,,"Parametriocnemus","sp.",,"larva",4,,5,73,7,"N","N",,"condition OK","Y",,"Weiderholm, 1983; Weiderholm, 1986; Epler 2001; Ferrington et al. 2019; Andersen, Cranston and Epler 2013","N","Rhithron Associates, Inc.","R. Spring",,,
"8cacb23e-bd2a-4006-9d5f-bdd8e1b45d36","D18","OKSR","OKSR.AOS.reach","2022-07-22T18:51Z","2023-08-31","OKSR.20220722.KICKNET.1","A00000310642",,"ACELAP","Y","Acentrella lapponica",,"species","Arthropoda","Hexapoda","Insecta","Pterygota","Palaeoptera",,"Ephemeroptera","Pisciforma",,,"Baetidae",,,,"Acentrella","lapponica",,"larva",4,,1,100,1,"N","N",,"condition OK","Y",,"Jacobus and McCafferty 2006; McCafferty et al. 2009; Burian and Meyers 2011; Webb 2017; Alba-Tercedor and McCafferty 2000; Muller-Liebenau 1969","N","Rhithron Associates, Inc.","B. Moore",,,
"c401f0d6-55ab-496b-9921-738735216cd0","D18","OKSR","OKSR.AOS.reach","2022-07-22T18:51Z","2023-08-31","OKSR.20220722.KICKNET.5","A00000310657",,"BAEFLA1","Y","Baetis flavistriga cx.",,"speciesGroup","Arthropoda","Hexapoda","Insecta","Pterygota","Palaeoptera",,"Ephemeroptera",,,,"Baetidae",,,,"Baetis","flavistriga cx.",,"larva",2,,8,100,8,"N","N",,"condition OK","Y",,"Morihara and McCafferty 1979; Wiersema, 2004; Webb et al. 2018","N","Rhithron Associates, Inc.","B. Moore",,,
"684a4806-8f11-4d27-9232-9eef65fad0dd","D18","OKSR","OKSR.AOS.reach","2022-07-22T18:51Z","2023-09-01","OKSR.20220722.SURBER.2","A00000310655",,"TVESP","Y","Tvetenia sp.",,"genus","Arthropoda","Hexapoda","Insecta","Pterygota","Neoptera","Holometabola","Diptera","Nematocera","Culicomorpha",,"Chironomidae","Orthocladiinae",,,"Tvetenia","sp.",,"larva",2,,4,100,4,"N","N",,"condition OK","Y",,"Weiderholm, 1983; Weiderholm, 1986; Epler 2001; Ferrington et al. 2019; Andersen, Cranston and Epler 2013","N","Rhithron Associates, Inc.","A. Fasbender",,,
"79abfe88-fbda-424d-975b-862b61b44f27","D18","OKSR","OKSR.AOS.reach","2022-07-22T18:51Z","2023-08-31","OKSR.20220722.KICKNET.1","A00000310642",,"CHESP6","Y","Chelifera sp.",,"genus","Arthropoda","Hexapoda","Insecta","Pterygota","Neoptera","Holometabola","Diptera","Brachycera","Muscomorpha",,"Empididae","Hemerodromiinae","Hemerodromiini",,"Chelifera","sp.",,"larva",4,,4,100,4,"N","N",,"condition OK","Y",,"Merritt et al. 2019","N","Rhithron Associates, Inc.","B. Moore",,,
"f9b3ca8f-0ad3-488f-b0c5-a32584074ca9","D18","OKSR","OKSR.AOS.reach","2022-07-22T18:51Z","2023-09-06","OKSR.20220722.KICKNET.5","A00000310657",,"CORSP19","Y","Corynoneura sp.",,"genus","Arthropoda","Hexapoda","Insecta","Pterygota","Neoptera","Holometabola","Diptera","Nematocera","Culicomorpha",,"Chironomidae","Orthocladiinae",,,"Corynoneura","sp.",,"larva",2,,2,100,2,"N","N",,"condition OK","Y",,"Weiderholm, 1983; Weiderholm, 1986; Epler 2001; Ferrington et al. 2019; Andersen, Cranston and Epler 2013","N","Rhithron Associates, Inc.","R. Spring",,,
"4c7fd2e5-5add-4e6a-85cf-9a3675e444d7","D18","OKSR","OKSR.AOS.reach","2022-07-22T18:51Z","2023-09-01","OKSR.20220722.SURBER.1","A00000310656",,"PARSP26","Y","Parametriocnemus sp.",,"genus","Arthropoda","Hexapoda","Insecta","Pterygota","Neoptera","Holometabola","Diptera","Nematocera","Culicomorpha",,"Chironomidae","Orthocladiinae",,,"Parametriocnemus","sp.",,"pupa",3,,3,100,3,"N","N",,"condition OK","N",,"Weiderholm, 1983; Weiderholm, 1986; Epler 2001; Ferrington et al. 2019; Andersen, Cranston and Epler 2013","N","Rhithron Associates, Inc.","A. Fasbender",,,
"0619f999-2c1d-427b-b88b-c6e06f0c031c","D18","OKSR","OKSR.AOS.reach","2022-07-22T18:51Z","2023-08-31","OKSR.20220722.KICKNET.2","A00000310641",,"CHLSP","Y","Chloroperlidae sp.",,"family","Arthropoda","Hexapoda","Insecta","Pterygota","Neoptera","Polyneoptera","Plecoptera","Systellognatha",,,"Chloroperlidae",,,,,"sp.",,"larva",2,,1,73,1,"Y","N","early instar","condition OK","Y",,"Stewart and Stark 2002; Merritt et al. 2019","N","Rhithron Associates, Inc.","B. Moore",,,
"d778fcd1-aeb9-4d5c-b64b-a3df250bf645","D18","OKSR","OKSR.AOS.reach","2022-07-22T18:51Z","2023-09-01","OKSR.20220722.SURBER.1","A00000310656",,"CLASP6","Y","Cladotanytarsus sp.",,"genus","Arthropoda","Hexapoda","Insecta","Pterygota","Neoptera","Holometabola","Diptera","Nematocera","Culicomorpha",,"Chironomidae","Chironominae","Tanytarsini",,"Cladotanytarsus","sp.",,"larva",2,,3,100,3,"N","N",,"condition OK","Y",,"Weiderholm, 1983; Weiderholm, 1986; Epler 2001; Ferrington et al. 2019; Andersen, Cranston and Epler 2013","N","Rhithron Associates, Inc.","A. Fasbender",,,
"4f92a92d-db6d-43a4-8883-35be1f03efa1","D18","OKSR","OKSR.AOS.reach","2022-07-22T18:51Z","2023-08-31","OKSR.20220722.KICKNET.5","A00000310657",,"NEMSP7","Y","Nemoura sp.",,"genus","Arthropoda","Hexapoda","Insecta","Pterygota","Neoptera","Polyneoptera","Plecoptera","Euholognatha",,,"Nemouridae","Nemourinae",,,"Nemoura","sp.",,"larva",2,,7,100,7,"N","N",,"condition OK","Y",,"Stewart and Stark 2002; Merritt et al. 2019","N","Rhithron Associates, Inc.","B. Moore",,,
"ef25080f-cded-4cd0-a736-65a1708592e8","D18","OKSR","OKSR.AOS.reach","2022-07-22T18:51Z","2023-08-31","OKSR.20220722.SURBER.1","A00000310656",,"NEMSP7","Y","Nemoura sp.",,"genus","Arthropoda","Hexapoda","Insecta","Pterygota","Neoptera","Polyneoptera","Plecoptera","Euholognatha",,,"Nemouridae","Nemourinae",,,"Nemoura","sp.",,"larva",1,,2,100,2,"N","N",,"condition OK","Y",,"Stewart and Stark 2002; Merritt et al. 2019","N","Rhithron Associates, Inc.","B. Moore",,,
"2392c9de-a0e7-4715-9d5f-58faa74b488e","D18","OKSR","OKSR.AOS.reach","2022-07-22T18:51Z","2023-09-01","OKSR.20220722.SURBER.1","A00000310656",,"KRESP1","Y","Krenosmittia sp.",,"genus","Arthropoda","Hexapoda","Insecta","Pterygota","Neoptera","Holometabola","Diptera","Nematocera","Culicomorpha",,"Chironomidae","Orthocladiinae",,,"Krenosmittia","sp.",,"larva",3,,2,100,2,"N","N",,"condition OK","Y",,"Weiderholm, 1983; Weiderholm, 1986; Epler 2001; Ferrington et al. 2019; Andersen, Cranston and Epler 2013","N","Rhithron Associates, Inc.","A. Fasbender",,,
"ecc29f3d-fbae-4305-8027-3ef083768bb8","D18","OKSR","OKSR.AOS.reach","2022-07-22T18:51Z","2023-08-31","OKSR.20220722.KICKNET.2","A00000310641",,"ATRSP3","Y","Atractides sp.",,"genus","Arthropoda","Chelicerata","Arachnida","Acari",,"Acariformes","Trombidiformes","Prostigmata",,"Hygrobatoidea","Hygrobatidae",,,,"Atractides","sp.",,"adult",1,,3,73,4,"N","N",,"condition OK","Y",,"Thorp and Rogers 2016","N","Rhithron Associates, Inc.","B. Moore",,,
"396cb816-8b29-43c2-ac97-ea0c133ebc49","D18","OKSR","OKSR.AOS.reach","2022-07-22T18:51Z","2023-09-06","OKSR.20220722.KICKNET.2","A00000310641",,"NANSP1","Y","Nanocladius sp.",,"genus","Arthropoda","Hexapoda","Insecta","Pterygota","Neoptera","Holometabola","Diptera","Nematocera","Culicomorpha",,"Chironomidae","Orthocladiinae",,,"Nanocladius","sp.",,"pupa",2,,2,73,3,"N","N",,"condition OK","Y",,"Weiderholm, 1983; Weiderholm, 1986; Epler 2001; Ferrington et al. 2019; Andersen, Cranston and Epler 2013","N","Rhithron Associates, Inc.","R. Spring",,,
"ea4495f8-3635-49de-a794-66f70605a859","D18","OKSR","OKSR.AOS.reach","2022-07-22T18:51Z","2023-09-06","OKSR.20220722.KICKNET.2","A00000310641",,"CONSP6","Y","Constempellina sp.",,"genus","Arthropoda","Hexapoda","Insecta","Pterygota","Neoptera","Holometabola","Diptera","Nematocera","Culicomorpha",,"Chironomidae","Chironominae","Tanytarsini",,"Constempellina","sp.",,"larva",3,,30,73,41,"N","N",,"condition OK","Y",,"Weiderholm, 1983; Weiderholm, 1986; Epler 2001; Ferrington et al. 2019; Andersen, Cranston and Epler 2013","N","Rhithron Associates, Inc.","R. Spring",,,
"874ff90a-5117-41be-baa7-9677d40b2452","D18","OKSR","OKSR.AOS.reach","2022-07-22T18:51Z","2023-08-31","OKSR.20220722.KICKNET.1","A00000310642",,"TIPSP3","Y","Tipula sp.",,"genus","Arthropoda","Hexapoda","Insecta","Pterygota","Neoptera","Holometabola","Diptera","Nematocera","Tipulomorpha",,"Tipulidae","Tipulinae",,,"Tipula","sp.",,"larva",4,,2,100,2,"N","N",,"condition OK","Y",,"Gelhaus and Podeniene 2018; Merritt et al. 2019","N","Rhithron Associates, Inc.","B. Moore",,,
"8b027dc1-28f9-4bd6-994d-8d8a45a02c7c","D18","OKSR","OKSR.AOS.reach","2022-07-22T18:51Z","2023-09-06","OKSR.20220722.KICKNET.1","A00000310642",,"CONSP6","Y","Constempellina sp.",,"genus","Arthropoda","Hexapoda","Insecta","Pterygota","Neoptera","Holometabola","Diptera","Nematocera","Culicomorpha",,"Chironomidae","Chironominae","Tanytarsini",,"Constempellina","sp.",,"larva",2,,23,100,23,"N","N",,"condition OK","Y",,"Weiderholm, 1983; Weiderholm, 1986; Epler 2001; Ferrington et al. 2019; Andersen, Cranston and Epler 2013","N","Rhithron Associates, Inc.","R. Spring",,,
"24e1591f-7193-48d4-a5ee-f0a7ceebaa54","D18","OKSR","OKSR.AOS.reach","2022-07-22T18:51Z","2023-09-05","OKSR.20220722.KICKNET.5","A00000310657","BA22NEOMST34013O2","LUMSP2","Y","Lumbriculidae sp.",,"family","Annelida","Clitellata","Oligochaeta","Oligochaeta",,,"Lumbriculida",,,,"Lumbriculidae",,,,,"sp.",,"immature",5,,3,100,3,"Y","N",,"condition OK","Y",,"Kathman and Brinkhurst, 1999","N","Rhithron Associates, Inc.","J. Webb",,,
"3d77a566-644d-460f-89f8-e92144d0866f","D18","OKSR","OKSR.AOS.reach","2022-07-22T18:51Z","2023-09-01","OKSR.20220722.SURBER.1","A00000310656",,"KRESP1","Y","Krenosmittia sp.",,"genus","Arthropoda","Hexapoda","Insecta","Pterygota","Neoptera","Holometabola","Diptera","Nematocera","Culicomorpha",,"Chironomidae","Orthocladiinae",,,"Krenosmittia","sp.",,"larva",2,,3,100,3,"N","N",,"condition OK","Y",,"Weiderholm, 1983; Weiderholm, 1986; Epler 2001; Ferrington et al. 2019; Andersen, Cranston and Epler 2013","N","Rhithron Associates, Inc.","A. Fasbender",,,
"92d6399b-711a-4567-888e-c4c9b1e7f556","D18","OKSR","OKSR.AOS.reach","2022-07-22T18:51Z","2023-08-31","OKSR.20220722.KICKNET.4","A00000310640",,"TIPSP3","Y","Tipula sp.",,"genus","Arthropoda","Hexapoda","Insecta","Pterygota","Neoptera","Holometabola","Diptera","Nematocera","Tipulomorpha",,"Tipulidae","Tipulinae",,,"Tipula","sp.",,"larva",3,,5,37,14,"N","N",,"condition OK","Y",,"Gelhaus and Podeniene 2018; Merritt et al. 2019","N","Rhithron Associates, Inc.","B. Moore",,,
"792fb6c8-42fd-48ef-9f26-e1d95877059c","D18","OKSR","OKSR.AOS.reach","2022-07-22T18:51Z","2023-08-31","OKSR.20220722.KICKNET.5","A00000310657",,"VALMER","Y","Valvata mergella",,"species","Mollusca",,"Gastropoda",,,,"Heterostropha",,,,"Valvatidae",,,,"Valvata","mergella",,"unknown",1,,13,100,13,"N","N",,"condition OK","Y",,"Burch 1989; Thorp and Rogers 2016","N","Rhithron Associates, Inc.","B. Moore",,,
"222c2589-f814-4893-a728-c59b31a87db3","D18","OKSR","OKSR.AOS.reach","2022-07-22T18:51Z","2023-09-06","OKSR.20220722.KICKNET.2","A00000310641",,"THIGRO","Y","Thienemannimyia gr.",,"speciesGroup","Arthropoda","Hexapoda","Insecta","Pterygota","Neoptera","Holometabola","Diptera","Nematocera","Culicomorpha",,"Chironomidae","Tanypodinae","Pentaneurini",,"Thienemannimyia","gr.",,"larva",4,,1,73,1,"Y","N","early instar","condition OK","Y",,"Weiderholm, 1983; Weiderholm, 1986; Epler 2001; Ferrington et al. 2008; Andersen, Cranston and Epler 2017","N","Rhithron Associates, Inc.","R. Spring",,,
"b50786a7-7d83-411e-a917-e6b4049412e2","D18","OKSR","OKSR.AOS.reach","2022-07-22T18:51Z","2023-09-06","OKSR.20220722.KICKNET.3","A00000310658",,"THIGRO","Y","Thienemannimyia gr.",,"speciesGroup","Arthropoda","Hexapoda","Insecta","Pterygota","Neoptera","Holometabola","Diptera","Nematocera","Culicomorpha",,"Chironomidae","Tanypodinae","Pentaneurini",,"Thienemannimyia","gr.",,"larva",2,,2,100,2,"Y","N","early instar","condition OK","Y",,"Weiderholm, 1983; Weiderholm, 1986; Epler 2001; Ferrington et al. 2008; Andersen, Cranston and Epler 2017","Y","Rhithron Associates, Inc.","R. Spring",,,
"fd34ac86-58ec-4744-9f5d-12998a58ca81","D18","OKSR","OKSR.AOS.reach","2022-07-22T18:51Z","2023-08-31","OKSR.20220722.KICKNET.3","A00000310658",,"VALMER","Y","Valvata mergella",,"species","Mollusca",,"Gastropoda",,,,"Heterostropha",,,,"Valvatidae",,,,"Valvata","mergella",,"unknown",1,,8,100,8,"N","N",,"condition OK","Y",,"Burch 1989; Thorp and Rogers 2016","Y","Rhithron Associates, Inc.","B. Moore",,,
"ac3cdfe8-cde9-44da-9ce2-840850b8e766","D18","OKSR","OKSR.AOS.reach","2022-07-22T18:51Z","2023-09-06","OKSR.20220722.KICKNET.2","A00000310641",,"KRESP1","Y","Krenosmittia sp.",,"genus","Arthropoda","Hexapoda","Insecta","Pterygota","Neoptera","Holometabola","Diptera","Nematocera","Culicomorpha",,"Chironomidae","Orthocladiinae",,,"Krenosmittia","sp.",,"pupa",2,,1,73,1,"N","N",,"condition OK","N",,"Weiderholm, 1983; Weiderholm, 1986; Epler 2001; Ferrington et al. 2019; Andersen, Cranston and Epler 2013","N","Rhithron Associates, Inc.","R. Spring",,,
"97ec21a4-8958-47fa-bba7-b3b6782f6fc5","D18","OKSR","OKSR.AOS.reach","2022-07-22T18:51Z","2023-09-06","OKSR.20220722.KICKNET.5","A00000310657",,"THIGRO","Y","Thienemannimyia gr.",,"speciesGroup","Arthropoda","Hexapoda","Insecta","Pterygota","Neoptera","Holometabola","Diptera","Nematocera","Culicomorpha",,"Chironomidae","Tanypodinae","Pentaneurini",,"Thienemannimyia","gr.",,"larva",2,,1,100,1,"Y","N","early instar","condition OK","Y",,"Weiderholm, 1983; Weiderholm, 1986; Epler 2001; Ferrington et al. 2008; Andersen, Cranston and Epler 2017","N","Rhithron Associates, Inc.","R. Spring",,,
"fc44ac08-93c3-4ebb-890c-99bedf0e294d","D18","OKSR","OKSR.AOS.reach","2022-07-22T18:51Z","2023-09-06","OKSR.20220722.KICKNET.3","A00000310658",,"CONSP6","Y","Constempellina sp.",,"genus","Arthropoda","Hexapoda","Insecta","Pterygota","Neoptera","Holometabola","Diptera","Nematocera","Culicomorpha",,"Chironomidae","Chironominae","Tanytarsini",,"Constempellina","sp.",,"larva",2,,2,100,2,"N","N",,"condition OK","Y",,"Weiderholm, 1983; Weiderholm, 1986; Epler 2001; Ferrington et al. 2019; Andersen, Cranston and Epler 2013","Y","Rhithron Associates, Inc.","R. Spring",,,
"ca0b355e-25a9-4e3e-9bd0-d1414684d76d","D18","OKSR","OKSR.AOS.reach","2022-07-22T18:51Z","2023-08-30","OKSR.20220722.SURBER.2","A00000310655",,"ORISP1","Y","Oribatida sp.",,"suborder","Arthropoda","Chelicerata","Arachnida","Acari",,"Acariformes","Sarcoptiformes","Oribatida",,,,,,,,"sp.",,"adult",1,,3,100,3,"N","N",,"condition OK","Y",,"Thorp and Rogers 2016","N","Rhithron Associates, Inc.","B. Moore",,,
"a456a5bd-6daa-48c0-bc7a-f2451e733e56","D18","OKSR","OKSR.AOS.reach","2022-07-22T18:51Z","2023-08-29","OKSR.20220722.SURBER.3","A00000310639",,"CINSP1","Y","Cinygmula sp.",,"genus","Arthropoda","Hexapoda","Insecta","Pterygota","Palaeoptera",,"Ephemeroptera","Pisciforma",,"Heptagenioidea","Heptageniidae",,,,"Cinygmula","sp.",,"larva",3,,3,70,4,"N","N",,"condition OK","Y",,"Merritt et al. 2019","N","Rhithron Associates, Inc.","B. Moore",,,
"3697ca4c-a25e-4418-ba95-e14c9a3e8055","D18","OKSR","OKSR.AOS.reach","2022-07-22T18:51Z","2023-08-29","OKSR.20220722.SURBER.3","A00000310639",,"NEMSP7","Y","Nemoura sp.",,"genus","Arthropoda","Hexapoda","Insecta","Pterygota","Neoptera","Polyneoptera","Plecoptera","Euholognatha",,,"Nemouridae","Nemourinae",,,"Nemoura","sp.",,"larva",2,,18,70,26,"N","N",,"condition OK","Y",,"Stewart and Stark 2002; Merritt et al. 2019","N","Rhithron Associates, Inc.","B. Moore",,,
"ab4f1f7c-abfb-4268-ac9a-ac21682f0ae5","D18","OKSR","OKSR.AOS.reach","2022-07-22T18:51Z","2023-08-30","OKSR.20220722.SURBER.2","A00000310655",,"VALMER","Y","Valvata mergella",,"species","Mollusca",,"Gastropoda",,,,"Heterostropha",,,,"Valvatidae",,,,"Valvata","mergella",,"unknown",3,,1,100,1,"N","N",,"condition OK","Y",,"Burch 1989; Thorp and Rogers 2016","N","Rhithron Associates, Inc.","B. Moore",,,
"bd7058c6-6533-487b-b2ab-10cf3e3c2bcb","D18","OKSR","OKSR.AOS.reach","2022-07-22T18:51Z","2023-09-06","OKSR.20220722.KICKNET.4","A00000310640",,"KRESP1","Y","Krenosmittia sp.",,"genus","Arthropoda","Hexapoda","Insecta","Pterygota","Neoptera","Holometabola","Diptera","Nematocera","Culicomorpha",,"Chironomidae","Orthocladiinae",,,"Krenosmittia","sp.",,"larva",3,,3,37,8,"N","N",,"condition OK","Y",,"Weiderholm, 1983; Weiderholm, 1986; Epler 2001; Ferrington et al. 2019; Andersen, Cranston and Epler 2013","N","Rhithron Associates, Inc.","R. Spring",,,
"748e5330-8022-43b2-b3be-2a379c73ca5a","D18","OKSR","OKSR.AOS.reach","2022-07-22T18:51Z","2023-08-31","OKSR.20220722.KICKNET.4","A00000310640",,"NEMSP","Y","Nematoda sp.",,"phylum","Nematoda",,,,,,,,,,,,,,,"sp.",,"unknown",3,,70,37,189,"N","N",,"condition OK","Y",,"Thorp and Rogers 2016","N","Rhithron Associates, Inc.","B. Moore",,,
"d53a229c-b168-4b6e-bc4e-a7cb74dfd12a","D18","OKSR","OKSR.AOS.reach","2022-07-22T18:51Z","2023-08-31","OKSR.20220722.KICKNET.5","A00000310657",,"NEMSP7","Y","Nemoura sp.",,"genus","Arthropoda","Hexapoda","Insecta","Pterygota","Neoptera","Polyneoptera","Plecoptera","Euholognatha",,,"Nemouridae","Nemourinae",,,"Nemoura","sp.",,"larva",6,,1,100,1,"N","N",,"condition OK","Y",,"Stewart and Stark 2002; Merritt et al. 2019","N","Rhithron Associates, Inc.","B. Moore",,,
"9223186f-b44a-497b-972b-00ef61693415","D18","OKSR","OKSR.AOS.reach","2022-07-22T18:51Z","2023-09-06","OKSR.20220722.KICKNET.3","A00000310658",,"PARSP26","Y","Parametriocnemus sp.",,"genus","Arthropoda","Hexapoda","Insecta","Pterygota","Neoptera","Holometabola","Diptera","Nematocera","Culicomorpha",,"Chironomidae","Orthocladiinae",,,"Parametriocnemus","sp.",,"larva",5,,1,100,1,"N","N",,"condition OK","Y",,"Weiderholm, 1983; Weiderholm, 1986; Epler 2001; Ferrington et al. 2019; Andersen, Cranston and Epler 2013","Y","Rhithron Associates, Inc.","R. Spring",,,
"7c587778-83b6-4879-8052-2a3776ec21c3","D18","OKSR","OKSR.AOS.reach","2022-07-22T18:51Z","2023-08-31","OKSR.20220722.KICKNET.5","A00000310657",,"TIPSP3","Y","Tipula sp.",,"genus","Arthropoda","Hexapoda","Insecta","Pterygota","Neoptera","Holometabola","Diptera","Nematocera","Tipulomorpha",,"Tipulidae","Tipulinae",,,"Tipula","sp.",,"larva",3,,9,100,9,"N","N",,"condition OK","Y",,"Gelhaus and Podeniene 2018; Merritt et al. 2019","N","Rhithron Associates, Inc.","B. Moore",,,
"96e67a18-f1bf-4e57-a64c-5a07eaa96740","D18","OKSR","OKSR.AOS.reach","2022-07-22T18:51Z","2023-08-31","OKSR.20220722.KICKNET.2","A00000310641",,"DYTSP","Y","Dytiscidae sp.",,"family","Arthropoda","Hexapoda","Insecta","Pterygota","Neoptera","Holometabola","Coleoptera","Adephaga",,,"Dytiscidae",,,,,"sp.",,"larva",6,,1,73,1,"N","N","damaged","damaged, affecting taxonomy and measurement","Y",,"Larson Alarie and Roughley, 2000","N","Rhithron Associates, Inc.","B. Moore","head",,
"131c76a0-285d-49ee-932b-1803f9b9a118","D18","OKSR","OKSR.AOS.reach","2022-07-22T18:51Z","2023-08-31","OKSR.20220722.SURBER.1","A00000310656",,"NEMSP7","Y","Nemoura sp.",,"genus","Arthropoda","Hexapoda","Insecta","Pterygota","Neoptera","Polyneoptera","Plecoptera","Euholognatha",,,"Nemouridae","Nemourinae",,,"Nemoura","sp.",,"larva",2,,2,100,2,"N","N",,"condition OK","Y",,"Stewart and Stark 2002; Merritt et al. 2019","N","Rhithron Associates, Inc.","B. Moore",,,
"1dffa276-e7f2-4618-8041-648ab8e14f05","D18","OKSR","OKSR.AOS.reach","2022-07-22T18:51Z","2023-08-30","OKSR.20220722.SURBER.2","A00000310655",,"TIPSP3","Y","Tipula sp.",,"genus","Arthropoda","Hexapoda","Insecta","Pterygota","Neoptera","Holometabola","Diptera","Nematocera","Tipulomorpha",,"Tipulidae","Tipulinae",,,"Tipula","sp.",,"larva",5,,1,100,1,"N","N",,"condition OK","Y",,"Gelhaus and Podeniene 2018; Merritt et al. 2019","N","Rhithron Associates, Inc.","B. Moore",,,
"3b97576d-851b-4dc6-ad18-35a13c841ade","D18","OKSR","OKSR.AOS.reach","2022-07-22T18:51Z","2023-09-01","OKSR.20220722.SURBER.1","A00000310656",,"PARSP26","Y","Parametriocnemus sp.",,"genus","Arthropoda","Hexapoda","Insecta","Pterygota","Neoptera","Holometabola","Diptera","Nematocera","Culicomorpha",,"Chironomidae","Orthocladiinae",,,"Parametriocnemus","sp.",,"larva",2,,1,100,1,"N","N",,"condition OK","Y",,"Weiderholm, 1983; Weiderholm, 1986; Epler 2001; Ferrington et al. 2019; Andersen, Cranston and Epler 2013","N","Rhithron Associates, Inc.","A. Fasbender",,,
"1d501b9f-b26e-4f68-9df1-8777e8aa4d9e","D18","OKSR","OKSR.AOS.reach","2022-07-22T18:51Z","2023-08-31","OKSR.20220722.KICKNET.4","A00000310640",,"ORISP1","Y","Oribatida sp.",,"suborder","Arthropoda","Chelicerata","Arachnida","Acari",,"Acariformes","Sarcoptiformes","Oribatida",,,,,,,,"sp.",,"adult",1,,4,37,11,"N","N",,"condition OK","Y",,"Thorp and Rogers 2016","N","Rhithron Associates, Inc.","B. Moore",,,
"0f22a6d2-2e9e-4c87-9976-a926a35ff216","D18","OKSR","OKSR.AOS.reach","2022-07-22T18:51Z","2023-09-01","OKSR.20220722.SURBER.3","A00000310639",,"CRISP2","Y","Cricotopus sp.",,"genus","Arthropoda","Hexapoda","Insecta","Pterygota","Neoptera","Holometabola","Diptera","Nematocera","Culicomorpha",,"Chironomidae","Orthocladiinae",,,"Cricotopus","sp.",,"larva",2,,1,70,1,"N","N",,"condition OK","Y",,"Weiderholm, 1983; Weiderholm, 1986; Epler 2001; Ferrington et al. 2019; Andersen, Cranston and Epler 2013","N","Rhithron Associates, Inc.","A. Fasbender",,,
"223c0170-f486-4af0-8ba8-168739a7d2a6","D18","OKSR","OKSR.AOS.reach","2022-07-22T18:51Z","2023-08-31","OKSR.20220722.KICKNET.4","A00000310640",,"TIPSP3","Y","Tipula sp.",,"genus","Arthropoda","Hexapoda","Insecta","Pterygota","Neoptera","Holometabola","Diptera","Nematocera","Tipulomorpha",,"Tipulidae","Tipulinae",,,"Tipula","sp.",,"larva",14,,1,37,3,"N","N",,"condition OK","Y",,"Gelhaus and Podeniene 2018; Merritt et al. 2019","N","Rhithron Associates, Inc.","B. Moore",,,
"0c64bdd1-58ea-48a5-bfdf-4cc0d874ba02","D18","OKSR","OKSR.AOS.reach","2022-07-22T18:51Z","2023-09-06","OKSR.20220722.KICKNET.3","A00000310658",,"PARSP26","Y","Parametriocnemus sp.",,"genus","Arthropoda","Hexapoda","Insecta","Pterygota","Neoptera","Holometabola","Diptera","Nematocera","Culicomorpha",,"Chironomidae","Orthocladiinae",,,"Parametriocnemus","sp.",,"larva",6,,4,100,4,"N","N",,"condition OK","Y",,"Weiderholm, 1983; Weiderholm, 1986; Epler 2001; Ferrington et al. 2019; Andersen, Cranston and Epler 2013","Y","Rhithron Associates, Inc.","R. Spring",,,
"c4cd7ffe-cca8-4e81-93ba-ad7dec310e58","D18","OKSR","OKSR.AOS.reach","2022-07-22T18:51Z","2023-09-06","OKSR.20220722.KICKNET.5","A00000310657",,"HYDSP52","Y","Hydrosmittia sp.",,"genus","Arthropoda",,"Insecta","Pterygota","Neoptera",,"Diptera","Nematocera","Culicomorpha","Chironomoidea","Chironomidae","Orthocladiinae",,,"Hydrosmittia","sp.",,"larva",2,,8,100,8,"N","N",,"condition OK","Y",,"Weiderholm, 1983; Weiderholm, 1986; Epler 2001; Ferrington et al. 2019; Andersen, Cranston and Epler 2013","N","Rhithron Associates, Inc.","R. Spring",,,
"0cfd604c-b10c-43c8-adca-94eca0fd77fe","D18","OKSR","OKSR.AOS.reach","2022-07-22T18:51Z","2023-08-30","OKSR.20220722.SURBER.2","A00000310655",,"CHLSP","Y","Chloroperlidae sp.",,"family","Arthropoda","Hexapoda","Insecta","Pterygota","Neoptera","Polyneoptera","Plecoptera","Systellognatha",,,"Chloroperlidae",,,,,"sp.",,"larva",2,,1,100,1,"Y","N","early instar","condition OK","Y",,"Stewart and Stark 2002; Merritt et al. 2019","N","Rhithron Associates, Inc.","B. Moore",,,
"4e6141a8-41ee-455d-af48-c10c200318a8","D18","OKSR","OKSR.AOS.reach","2022-07-22T18:51Z","2023-09-06","OKSR.20220722.KICKNET.1","A00000310642",,"CONSP6","Y","Constempellina sp.",,"genus","Arthropoda","Hexapoda","Insecta","Pterygota","Neoptera","Holometabola","Diptera","Nematocera","Culicomorpha",,"Chironomidae","Chironominae","Tanytarsini",,"Constempellina","sp.",,"pupa",3,,3,100,3,"N","N",,"condition OK","N",,"Weiderholm, 1983; Weiderholm, 1986; Epler 2001; Ferrington et al. 2019; Andersen, Cranston and Epler 2013","N","Rhithron Associates, Inc.","R. Spring",,,
"87c8a757-7122-48d6-a190-589645ade661","D18","OKSR","OKSR.AOS.reach","2022-07-22T18:51Z","2023-09-01","OKSR.20220722.SURBER.2","A00000310655",,"THIGRO","Y","Thienemannimyia gr.",,"speciesGroup","Arthropoda","Hexapoda","Insecta","Pterygota","Neoptera","Holometabola","Diptera","Nematocera","Culicomorpha",,"Chironomidae","Tanypodinae","Pentaneurini",,"Thienemannimyia","gr.",,"larva",2,,4,100,4,"Y","N","early instar","condition OK","Y",,"Weiderholm, 1983; Weiderholm, 1986; Epler 2001; Ferrington et al. 2008; Andersen, Cranston and Epler 2017","N","Rhithron Associates, Inc.","A. Fasbender",,,
"980b8812-6a17-416e-bcc6-da90a788c87f","D18","OKSR","OKSR.AOS.reach","2022-07-22T18:51Z","2023-09-05","OKSR.20220722.KICKNET.1","A00000310642","BA22NEOMST34009O1","ENCSP1","Y","Enchytraeidae sp.",,"family","Annelida","Clitellata","Oligochaeta","Oligochaeta",,,"Enchytraeida",,,,"Enchytraeidae",,,,,"sp.",,"unknown",3,,5,100,5,"N","N",,"condition OK","Y",,"Kathman and Brinkhurst, 1999","N","Rhithron Associates, Inc.","J. Webb",,,
"45c50557-60e0-440b-928f-8797778f855c","D18","OKSR","OKSR.AOS.reach","2022-07-22T18:51Z","2023-08-29","OKSR.20220722.SURBER.3","A00000310639",,"CHESP6","Y","Chelifera sp.",,"genus","Arthropoda","Hexapoda","Insecta","Pterygota","Neoptera","Holometabola","Diptera","Brachycera","Muscomorpha",,"Empididae","Hemerodromiinae","Hemerodromiini",,"Chelifera","sp.",,"larva",3,,1,70,1,"N","N",,"condition OK","Y",,"Merritt et al. 2019","N","Rhithron Associates, Inc.","B. Moore",,,
"13bcb70a-2bf3-49f5-ade3-1a123551c72f","D18","OKSR","OKSR.AOS.reach","2022-07-22T18:51Z","2023-09-05","OKSR.20220722.KICKNET.1","A00000310642","BA22NEOMST34009O1","LUMSP2","Y","Lumbriculidae sp.",,"family","Annelida","Clitellata","Oligochaeta","Oligochaeta",,,"Lumbriculida",,,,"Lumbriculidae",,,,,"sp.",,"immature",10,,1,100,1,"Y","N",,"condition OK","Y",,"Kathman and Brinkhurst, 1999","N","Rhithron Associates, Inc.","J. Webb",,,
"122f2e67-1238-4887-bff5-a87c824e1e38","D18","OKSR","OKSR.AOS.reach","2022-07-22T18:51Z","2023-08-29","OKSR.20220722.SURBER.3","A00000310639",,"ORISP1","Y","Oribatida sp.",,"suborder","Arthropoda","Chelicerata","Arachnida","Acari",,"Acariformes","Sarcoptiformes","Oribatida",,,,,,,,"sp.",,"adult",1,,6,70,9,"N","N",,"condition OK","Y",,"Thorp and Rogers 2016","N","Rhithron Associates, Inc.","B. Moore",,,
"18903acb-386e-4ee7-a417-d33384112b7a","D18","OKSR","OKSR.AOS.reach","2022-07-22T18:51Z","2023-09-05","OKSR.20220722.KICKNET.5","A00000310657","BA22NEOMST34013O2","LUMSP2","Y","Lumbriculidae sp.",,"family","Annelida","Clitellata","Oligochaeta","Oligochaeta",,,"Lumbriculida",,,,"Lumbriculidae",,,,,"sp.",,"immature",18,,2,100,2,"Y","N",,"condition OK","Y",,"Kathman and Brinkhurst, 1999","N","Rhithron Associates, Inc.","J. Webb",,,
"209d9fa4-03c6-45d8-94e6-9aae47947205","D18","OKSR","OKSR.AOS.reach","2022-07-22T18:51Z","2023-09-06","OKSR.20220722.KICKNET.5","A00000310657",,"CLASP6","Y","Cladotanytarsus sp.",,"genus","Arthropoda","Hexapoda","Insecta","Pterygota","Neoptera","Holometabola","Diptera","Nematocera","Culicomorpha",,"Chironomidae","Chironominae","Tanytarsini",,"Cladotanytarsus","sp.",,"larva",5,,1,100,1,"N","N",,"condition OK","Y",,"Weiderholm, 1983; Weiderholm, 1986; Epler 2001; Ferrington et al. 2019; Andersen, Cranston and Epler 2013","N","Rhithron Associates, Inc.","R. Spring",,,
"a509af4a-6efc-47bd-9d01-5dbe434f3f9c","D18","OKSR","OKSR.AOS.reach","2022-07-22T18:51Z","2023-09-06","OKSR.20220722.KICKNET.4","A00000310640",,"PARSP34","Y","Paratanytarsus sp.",,"genus","Arthropoda","Hexapoda","Insecta","Pterygota","Neoptera","Holometabola","Diptera","Nematocera","Culicomorpha",,"Chironomidae","Chironominae","Tanytarsini",,"Paratanytarsus","sp.",,"larva",3,,2,37,5,"N","N",,"condition OK","Y",,"Weiderholm, 1983; Weiderholm, 1986; Epler 2001; Ferrington et al. 2019; Andersen, Cranston and Epler 2013","N","Rhithron Associates, Inc.","R. Spring",,,
"8cd0b523-2f3e-4bc4-96ef-1efcc8c70fc2","D18","OKSR","OKSR.AOS.reach","2022-07-22T18:51Z","2023-09-06","OKSR.20220722.KICKNET.5","A00000310657",,"TOKSP","Y","Tokunagaia sp.",,"genus","Arthropoda","Hexapoda","Insecta","Pterygota","Neoptera","Holometabola","Diptera","Nematocera","Culicomorpha",,"Chironomidae","Orthocladiinae",,,"Tokunagaia","sp.",,"larva",2,,1,100,1,"N","N",,"condition OK","Y",,"Weiderholm, 1983; Weiderholm, 1986; Epler 2001; Ferrington et al. 2019; Andersen, Cranston and Epler 2013","N","Rhithron Associates, Inc.","R. Spring",,,
"89e7d61a-b2f7-4439-8e5c-612efb4d8624","D18","OKSR","OKSR.AOS.reach","2022-07-22T18:51Z","2023-09-01","OKSR.20220722.SURBER.2","A00000310655",,"CRISP2","Y","Cricotopus sp.",,"genus","Arthropoda","Hexapoda","Insecta","Pterygota","Neoptera","Holometabola","Diptera","Nematocera","Culicomorpha",,"Chironomidae","Orthocladiinae",,,"Cricotopus","sp.",,"larva",4,,1,100,1,"N","N",,"condition OK","Y",,"Weiderholm, 1983; Weiderholm, 1986; Epler 2001; Ferrington et al. 2019; Andersen, Cranston and Epler 2013","N","Rhithron Associates, Inc.","A. Fasbender",,,
"ef2ed8fe-ebce-416c-99be-2b1165ee5727","D18","OKSR","OKSR.AOS.reach","2022-07-22T18:51Z","2023-09-06","OKSR.20220722.KICKNET.2","A00000310641",,"TVESP","Y","Tvetenia sp.",,"genus","Arthropoda","Hexapoda","Insecta","Pterygota","Neoptera","Holometabola","Diptera","Nematocera","Culicomorpha",,"Chironomidae","Orthocladiinae",,,"Tvetenia","sp.",,"larva",3,,36,73,49,"N","N",,"condition OK","Y",,"Weiderholm, 1983; Weiderholm, 1986; Epler 2001; Ferrington et al. 2019; Andersen, Cranston and Epler 2013","N","Rhithron Associates, Inc.","R. Spring",,,
"1aee2c9b-ef5f-493e-beb1-01e07be5c9c6","D18","OKSR","OKSR.AOS.reach","2022-07-22T18:51Z","2023-08-29","OKSR.20220722.SURBER.3","A00000310639",,"HELSP20","Y","Helodon sp.",,"genus","Arthropoda","Hexapoda","Insecta",,,,"Diptera","Nematocera",,,"Simuliidae",,,,"Helodon","sp.",,"larva",4,,81,70,116,"N","N",,"condition OK","Y",,"Adler et al. 2004; Merritt et al. 2019","N","Rhithron Associates, Inc.","B. Moore",,,
"33797b1d-7c78-4a16-a9e1-c27e42f4be29","D18","OKSR","OKSR.AOS.reach","2022-07-22T18:51Z","2023-09-06","OKSR.20220722.KICKNET.5","A00000310657",,"CONSP6","Y","Constempellina sp.",,"genus","Arthropoda","Hexapoda","Insecta","Pterygota","Neoptera","Holometabola","Diptera","Nematocera","Culicomorpha",,"Chironomidae","Chironominae","Tanytarsini",,"Constempellina","sp.",,"pupa",2,,4,100,4,"N","N",,"condition OK","N",,"Weiderholm, 1983; Weiderholm, 1986; Epler 2001; Ferrington et al. 2019; Andersen, Cranston and Epler 2013","N","Rhithron Associates, Inc.","R. Spring",,,
"c8a52e6a-dd6e-4c03-9f22-d24b6107fcdc","D18","OKSR","OKSR.AOS.reach","2022-07-22T18:51Z","2023-08-31","OKSR.20220722.KICKNET.5","A00000310657",,"TIPSP3","Y","Tipula sp.",,"genus","Arthropoda","Hexapoda","Insecta","Pterygota","Neoptera","Holometabola","Diptera","Nematocera","Tipulomorpha",,"Tipulidae","Tipulinae",,,"Tipula","sp.",,"larva",20,,2,100,2,"N","N",,"condition OK","Y",,"Gelhaus and Podeniene 2018; Merritt et al. 2019","N","Rhithron Associates, Inc.","B. Moore",,,
"babaa52f-6333-4f6f-a672-f2b83dcb6432","D18","OKSR","OKSR.AOS.reach","2022-07-22T18:51Z","2023-09-05","OKSR.20220722.KICKNET.3","A00000310658","BA22NEOMST34011O2","LUMSP2","Y","Lumbriculidae sp.",,"family","Annelida","Clitellata","Oligochaeta","Oligochaeta",,,"Lumbriculida",,,,"Lumbriculidae",,,,,"sp.",,"immature",5,,2,100,2,"Y","N",,"condition OK","Y",,"Kathman and Brinkhurst, 1999","Y","Rhithron Associates, Inc.","J. Webb",,,
"6a8b23bf-73d4-4a3c-a70a-6b6da62a95a1","D18","OKSR","OKSR.AOS.reach","2022-07-22T18:51Z","2023-09-06","OKSR.20220722.KICKNET.5","A00000310657",,"CRISP2","Y","Cricotopus sp.",,"genus","Arthropoda","Hexapoda","Insecta","Pterygota","Neoptera","Holometabola","Diptera","Nematocera","Culicomorpha",,"Chironomidae","Orthocladiinae",,,"Cricotopus","sp.",,"larva",4,,5,100,5,"N","N",,"condition OK","Y",,"Weiderholm, 1983; Weiderholm, 1986; Epler 2001; Ferrington et al. 2019; Andersen, Cranston and Epler 2013","N","Rhithron Associates, Inc.","R. Spring",,,
"8cbc6b0e-410e-4178-9685-052fa6fba3b6","D18","OKSR","OKSR.AOS.reach","2022-07-22T18:51Z","2023-09-01","OKSR.20220722.SURBER.3","A00000310639",,"EUKBRE","Y","Eukiefferiella brehmi gr.",,"speciesGroup","Arthropoda","Hexapoda","Insecta","Pterygota","Neoptera","Holometabola","Diptera","Nematocera","Culicomorpha",,"Chironomidae","Orthocladiinae",,,"Eukiefferiella","brehmi gr.",,"larva",2,,1,70,1,"N","N",,"condition OK","Y",,"Weiderholm, 1983; Bode, 1983; Weiderholm, 1986; Epler 2001; Ferrington et al. 2019; Andersen, Cranston and Epler 2013","N","Rhithron Associates, Inc.","A. Fasbender",,,
"7ef0d2de-d9a3-4478-b3dc-441ec85f2c10","D18","OKSR","OKSR.AOS.reach","2022-07-22T18:51Z","2023-08-31","OKSR.20220722.KICKNET.4","A00000310640",,"LEBSP1","Y","Lebertia sp.",,"genus","Arthropoda","Chelicerata","Arachnida","Acari",,"Acariformes","Trombidiformes","Prostigmata",,"Lebertioidea","Lebertiidae",,,,"Lebertia","sp.",,"adult",1,,2,37,5,"N","N",,"condition OK","Y",,"Thorp and Rogers 2016","N","Rhithron Associates, Inc.","B. Moore",,,
"2dc3a1fa-4122-4647-8d35-31e131464852","D18","OKSR","OKSR.AOS.reach","2022-07-22T18:51Z","2023-09-05","OKSR.20220722.KICKNET.5","A00000310657","BA22NEOMST34013O1","LUMSP2","Y","Lumbriculidae sp.",,"family","Annelida","Clitellata","Oligochaeta","Oligochaeta",,,"Lumbriculida",,,,"Lumbriculidae",,,,,"sp.",,"immature",18,,2,100,2,"Y","N",,"condition OK","Y",,"Kathman and Brinkhurst, 1999","N","Rhithron Associates, Inc.","J. Webb",,,
"ee3545d8-cfe3-482d-aeb7-03867dae76b2","D18","OKSR","OKSR.AOS.reach","2022-07-22T18:51Z","2023-08-30","OKSR.20220722.SURBER.2","A00000310655",,"CINSP1","Y","Cinygmula sp.",,"genus","Arthropoda","Hexapoda","Insecta","Pterygota","Palaeoptera",,"Ephemeroptera","Pisciforma",,"Heptagenioidea","Heptageniidae",,,,"Cinygmula","sp.",,"larva",3,,5,100,5,"N","N",,"condition OK","Y",,"Merritt et al. 2019","N","Rhithron Associates, Inc.","B. Moore",,,
"cb71f210-e763-47ef-bf8d-7aea57944208","D18","OKSR","OKSR.AOS.reach","2022-07-22T18:51Z","2023-09-06","OKSR.20220722.KICKNET.4","A00000310640","BA22NEOMST34012O2","ENCSP1","Y","Enchytraeidae sp.",,"family","Annelida","Clitellata","Oligochaeta","Oligochaeta",,,"Enchytraeida",,,,"Enchytraeidae",,,,,"sp.",,"unknown",3,,5,37,14,"N","N",,"condition OK","Y",,"Kathman and Brinkhurst, 1999","N","Rhithron Associates, Inc.","J. Webb",,,
"29c8bef1-336d-48a1-913d-bcd01f919760","D18","OKSR","OKSR.AOS.reach","2022-07-22T18:51Z","2023-09-06","OKSR.20220722.KICKNET.2","A00000310641",,"CONSP6","Y","Constempellina sp.",,"genus","Arthropoda","Hexapoda","Insecta","Pterygota","Neoptera","Holometabola","Diptera","Nematocera","Culicomorpha",,"Chironomidae","Chironominae","Tanytarsini",,"Constempellina","sp.",,"larva",2,,1,73,1,"N","N",,"condition OK","Y",,"Weiderholm, 1983; Weiderholm, 1986; Epler 2001; Ferrington et al. 2019; Andersen, Cranston and Epler 2013","N","Rhithron Associates, Inc.","R. Spring",,,
"6b09ea38-1729-437b-8370-02d3bf3f27fd","D18","OKSR","OKSR.AOS.reach","2022-07-22T18:51Z","2023-09-06","OKSR.20220722.KICKNET.4","A00000310640","BA22NEOMST34012O1","ENCSP1","Y","Enchytraeidae sp.",,"family","Annelida","Clitellata","Oligochaeta","Oligochaeta",,,"Enchytraeida",,,,"Enchytraeidae",,,,,"sp.",,"unknown",2,,1,37,3,"N","N",,"condition OK","Y",,"Kathman and Brinkhurst, 1999","N","Rhithron Associates, Inc.","J. Webb",,,
"f7bfd279-3b82-4606-9ec1-9fbede2774db","D18","OKSR","OKSR.AOS.reach","2022-07-22T18:51Z","2023-09-06","OKSR.20220722.KICKNET.3","A00000310658",,"TVESP","Y","Tvetenia sp.",,"genus","Arthropoda","Hexapoda","Insecta","Pterygota","Neoptera","Holometabola","Diptera","Nematocera","Culicomorpha",,"Chironomidae","Orthocladiinae",,,"Tvetenia","sp.",,"larva",4,,17,100,17,"N","N",,"condition OK","Y",,"Weiderholm, 1983; Weiderholm, 1986; Epler 2001; Ferrington et al. 2019; Andersen, Cranston and Epler 2013","Y","Rhithron Associates, Inc.","R. Spring",,,
"b34346ec-cd3c-4670-8067-ae669fbfe62d","D18","OKSR","OKSR.AOS.reach","2022-07-22T18:51Z","2023-09-06","OKSR.20220722.KICKNET.5","A00000310657",,"ORTSP3","Y","Orthocladius sp.",,"genus","Arthropoda","Hexapoda","Insecta","Pterygota","Neoptera","Holometabola","Diptera","Nematocera","Culicomorpha",,"Chironomidae","Orthocladiinae",,,"Orthocladius","sp.",,"larva",4,,3,100,3,"N","N",,"condition OK","Y",,"Weiderholm, 1983; Weiderholm, 1986; Epler 2001; Ferrington et al. 2019; Andersen, Cranston and Epler 2013","N","Rhithron Associates, Inc.","R. Spring",,,
"891d86ca-3280-4484-a96c-4ea4730a3fce","D18","OKSR","OKSR.AOS.reach","2022-07-22T18:51Z","2023-09-01","OKSR.20220722.SURBER.3","A00000310639",,"CONSP6","Y","Constempellina sp.",,"genus","Arthropoda","Hexapoda","Insecta","Pterygota","Neoptera","Holometabola","Diptera","Nematocera","Culicomorpha",,"Chironomidae","Chironominae","Tanytarsini",,"Constempellina","sp.",,"pupa",3,,1,70,1,"N","N",,"condition OK","Y",,"Weiderholm, 1983; Weiderholm, 1986; Epler 2001; Ferrington et al. 2019; Andersen, Cranston and Epler 2013","N","Rhithron Associates, Inc.","A. Fasbender",,,
"6fc33d59-c0d2-45b0-a45f-319a590764fa","D18","OKSR","OKSR.AOS.reach","2022-07-22T18:51Z","2023-09-06","OKSR.20220722.KICKNET.5","A00000310657",,"TVESP","Y","Tvetenia sp.",,"genus","Arthropoda","Hexapoda","Insecta","Pterygota","Neoptera","Holometabola","Diptera","Nematocera","Culicomorpha",,"Chironomidae","Orthocladiinae",,,"Tvetenia","sp.",,"larva",2,,2,100,2,"N","N",,"condition OK","Y",,"Weiderholm, 1983; Weiderholm, 1986; Epler 2001; Ferrington et al. 2019; Andersen, Cranston and Epler 2013","N","Rhithron Associates, Inc.","R. Spring",,,
"f74b099a-f46a-4e98-b55e-5dae03b8eca4","D18","OKSR","OKSR.AOS.reach","2022-07-22T18:51Z","2023-08-31","OKSR.20220722.KICKNET.3","A00000310658",,"ACESP","Y","Acentrella sp.",,"genus","Arthropoda","Hexapoda","Insecta","Pterygota","Palaeoptera",,"Ephemeroptera","Pisciforma",,,"Baetidae",,,,"Acentrella","sp.",,"larva",2,,1,100,1,"Y","N","early instar","condition OK","Y",,"Merritt et al. 2019","Y","Rhithron Associates, Inc.","B. Moore",,,
"cacf90f4-4646-45e6-98da-8cde88f1dfbe","D18","OKSR","OKSR.AOS.reach","2022-07-22T18:51Z","2023-08-31","OKSR.20220722.KICKNET.4","A00000310640",,"CHESP6","Y","Chelifera sp.",,"genus","Arthropoda","Hexapoda","Insecta","Pterygota","Neoptera","Holometabola","Diptera","Brachycera","Muscomorpha",,"Empididae","Hemerodromiinae","Hemerodromiini",,"Chelifera","sp.",,"larva",3,,2,37,5,"N","N",,"condition OK","Y",,"Merritt et al. 2019","N","Rhithron Associates, Inc.","B. Moore",,,
"c5787e52-94b6-43dd-8ce0-2eef5b474832","D18","OKSR","OKSR.AOS.reach","2022-07-22T18:51Z","2023-09-06","OKSR.20220722.KICKNET.4","A00000310640",,"CORSP19","Y","Corynoneura sp.",,"genus","Arthropoda","Hexapoda","Insecta","Pterygota","Neoptera","Holometabola","Diptera","Nematocera","Culicomorpha",,"Chironomidae","Orthocladiinae",,,"Corynoneura","sp.",,"larva",2,,2,37,5,"N","N",,"condition OK","Y",,"Weiderholm, 1983; Weiderholm, 1986; Epler 2001; Ferrington et al. 2019; Andersen, Cranston and Epler 2013","N","Rhithron Associates, Inc.","R. Spring",,,
"65141221-25db-4f17-95c5-a4b069503a48","D18","OKSR","OKSR.AOS.reach","2022-07-22T18:51Z","2023-08-29","OKSR.20220722.SURBER.3","A00000310639",,"CHLSP","Y","Chloroperlidae sp.",,"family","Arthropoda","Hexapoda","Insecta","Pterygota","Neoptera","Polyneoptera","Plecoptera","Systellognatha",,,"Chloroperlidae",,,,,"sp.",,"larva",1,,1,70,1,"Y","N","early instar","condition OK","Y",,"Stewart and Stark 2002; Merritt et al. 2019","N","Rhithron Associates, Inc.","B. Moore",,,
"4c8605ca-7edb-4068-8366-9ebeabe247b4","D18","OKSR","OKSR.AOS.reach","2022-07-22T18:51Z","2023-09-01","OKSR.20220722.SURBER.1","A00000310656",,"CORSP19","Y","Corynoneura sp.",,"genus","Arthropoda","Hexapoda","Insecta","Pterygota","Neoptera","Holometabola","Diptera","Nematocera","Culicomorpha",,"Chironomidae","Orthocladiinae",,,"Corynoneura","sp.",,"pupa",2,,1,100,1,"N","N",,"condition OK","N",,"Weiderholm, 1983; Weiderholm, 1986; Epler 2001; Ferrington et al. 2019; Andersen, Cranston and Epler 2013","N","Rhithron Associates, Inc.","A. Fasbender",,,
"33a0df46-04ab-468e-b474-46fd846b58d9","D18","OKSR","OKSR.AOS.reach","2022-07-22T18:51Z","2023-09-06","OKSR.20220722.KICKNET.4","A00000310640",,"CLASP6","Y","Cladotanytarsus sp.",,"genus","Arthropoda","Hexapoda","Insecta","Pterygota","Neoptera","Holometabola","Diptera","Nematocera","Culicomorpha",,"Chironomidae","Chironominae","Tanytarsini",,"Cladotanytarsus","sp.",,"larva",3,,15,37,41,"N","N",,"condition OK","Y",,"Weiderholm, 1983; Weiderholm, 1986; Epler 2001; Ferrington et al. 2019; Andersen, Cranston and Epler 2013","N","Rhithron Associates, Inc.","R. Spring",,,
"9f703bf5-a8fb-4121-ae5f-4b1de1c32c2e","D18","OKSR","OKSR.AOS.reach","2022-07-22T18:51Z","2023-08-29","OKSR.20220722.SURBER.3","A00000310639",,"BAEFOE","Y","Baetis foemina",,"species","Arthropoda","Hexapoda","Insecta","Pterygota","Palaeoptera",,"Ephemeroptera","Pisciforma",,,"Baetidae",,,,"Baetis","foemina",,"larva",2,,2,70,3,"N","N",,"condition OK","Y",,"Morihara and McCafferty 1979; Wiersema, 2004; Webb et al. 2018","N","Rhithron Associates, Inc.","B. Moore",,,
"d693b083-9737-4114-b2ad-8253945370b0","D18","OKSR","OKSR.AOS.reach","2022-07-22T18:51Z","2023-08-31","OKSR.20220722.KICKNET.3","A00000310658",,"EPHSP4","Y","Ephemerella sp.",,"genus","Arthropoda","Hexapoda","Insecta","Pterygota","Palaeoptera",,"Ephemeroptera","Furcatergalia","Pannota","Ephemerelloidea","Ephemerellidae",,,,"Ephemerella","sp.",,"larva",7,,1,100,1,"N","N","damaged","damaged, affecting taxonomy and measurement","Y",,"Allen and Edmunds 1965; Merritt et al. 2019","Y","Rhithron Associates, Inc.","B. Moore",,,
"be0b7142-be1d-4c52-a906-13ae6abaa06e","D18","OKSR","OKSR.AOS.reach","2022-07-22T18:51Z","2023-08-31","OKSR.20220722.KICKNET.1","A00000310642",,"ATRSP3","Y","Atractides sp.",,"genus","Arthropoda","Chelicerata","Arachnida","Acari",,"Acariformes","Trombidiformes","Prostigmata",,"Hygrobatoidea","Hygrobatidae",,,,"Atractides","sp.",,"adult",1,,3,100,3,"N","N",,"condition OK","Y",,"Thorp and Rogers 2016","N","Rhithron Associates, Inc.","B. Moore",,,
"f07b2865-b62f-4408-bfe7-dbd9d54612a8","D18","OKSR","OKSR.AOS.reach","2022-07-22T18:51Z","2023-08-31","OKSR.20220722.KICKNET.1","A00000310642",,"CINSP1","Y","Cinygmula sp.",,"genus","Arthropoda","Hexapoda","Insecta","Pterygota","Palaeoptera",,"Ephemeroptera","Pisciforma",,"Heptagenioidea","Heptageniidae",,,,"Cinygmula","sp.",,"larva",4,,4,100,4,"N","N",,"condition OK","Y",,"Merritt et al. 2019","N","Rhithron Associates, Inc.","B. Moore",,,
"898c4fde-2c31-4f30-954c-1fdd26e2c203","D18","OKSR","OKSR.AOS.reach","2022-07-22T18:51Z","2023-09-06","OKSR.20220722.KICKNET.5","A00000310657",,"TANSP8","Y","Tanytarsini sp.",,"tribe","Arthropoda","Hexapoda","Insecta","Pterygota","Neoptera","Holometabola","Diptera","Nematocera","Culicomorpha",,"Chironomidae","Chironominae","Tanytarsini",,,"sp.",,"larva",1,,1,100,1,"Y","N","early instar","condition OK","N",,"Weiderholm, 1983; Weiderholm, 1986; Epler 2001; Ferrington et al. 2019; Andersen, Cranston and Epler 2013","N","Rhithron Associates, Inc.","R. Spring",,,
"f49641a8-4e7b-44f3-9ef4-949fd61b18eb","D18","OKSR","OKSR.AOS.reach","2022-07-22T18:51Z","2023-09-01","OKSR.20220722.SURBER.3","A00000310639",,"CRISP2","Y","Cricotopus sp.",,"genus","Arthropoda","Hexapoda","Insecta","Pterygota","Neoptera","Holometabola","Diptera","Nematocera","Culicomorpha",,"Chironomidae","Orthocladiinae",,,"Cricotopus","sp.",,"larva",4,,1,70,1,"N","N",,"condition OK","Y",,"Weiderholm, 1983; Weiderholm, 1986; Epler 2001; Ferrington et al. 2019; Andersen, Cranston and Epler 2013","N","Rhithron Associates, Inc.","A. Fasbender",,,
"f1ada79a-fa4c-4f9f-8c4e-91c198fb316b","D18","OKSR","OKSR.AOS.reach","2022-07-22T18:51Z","2023-09-06","OKSR.20220722.KICKNET.3","A00000310658",,"CONSP6","Y","Constempellina sp.",,"genus","Arthropoda","Hexapoda","Insecta","Pterygota","Neoptera","Holometabola","Diptera","Nematocera","Culicomorpha",,"Chironomidae","Chironominae","Tanytarsini",,"Constempellina","sp.",,"larva",3,,4,100,4,"N","N",,"condition OK","Y",,"Weiderholm, 1983; Weiderholm, 1986; Epler 2001; Ferrington et al. 2019; Andersen, Cranston and Epler 2013","Y","Rhithron Associates, Inc.","R. Spring",,,
"91186a0a-f14e-4651-9674-8ded1e962505","D18","OKSR","OKSR.AOS.reach","2022-07-22T18:51Z","2023-09-05","OKSR.20220722.KICKNET.5","A00000310657","BA22NEOMST34013O2","NAICOM","Y","Nais communis/variabilis",,"speciesGroup","Annelida","Clitellata","Oligochaeta","Oligochaeta",,,"Tubificida",,,,"Naididae","Naidinae",,,"Nais","communis/variabilis",,"immature",3,,1,100,1,"Y","N",,"condition OK","Y",,"Kathman and Brinkhurst, 1999","N","Rhithron Associates, Inc.","J. Webb",,,
"0ee3e1b0-9c0c-48a8-9a85-e131c11dc95c","D18","OKSR","OKSR.AOS.reach","2022-07-22T18:51Z","2023-08-31","OKSR.20220722.KICKNET.3","A00000310658",,"CINSP1","Y","Cinygmula sp.",,"genus","Arthropoda","Hexapoda","Insecta","Pterygota","Palaeoptera",,"Ephemeroptera","Pisciforma",,"Heptagenioidea","Heptageniidae",,,,"Cinygmula","sp.",,"larva",3,,4,100,4,"N","N",,"condition OK","Y",,"Merritt et al. 2019","Y","Rhithron Associates, Inc.","B. Moore",,,
"aae34e56-bba7-4e05-9b6b-21cabf7c5e13","D18","OKSR","OKSR.AOS.reach","2022-07-22T18:51Z","2023-08-30","OKSR.20220722.SURBER.2","A00000310655",,"ACELAP","Y","Acentrella lapponica",,"species","Arthropoda","Hexapoda","Insecta","Pterygota","Palaeoptera",,"Ephemeroptera","Pisciforma",,,"Baetidae",,,,"Acentrella","lapponica",,"larva",3,,1,100,1,"N","N",,"condition OK","Y",,"Jacobus and McCafferty 2006; McCafferty et al. 2009; Burian and Meyers 2011; Webb 2017; Alba-Tercedor and McCafferty 2000; Muller-Liebenau 1969","N","Rhithron Associates, Inc.","B. Moore",,,
"39d47c05-7886-4bfe-a9de-8cdd6b9c59bb","D18","OKSR","OKSR.AOS.reach","2022-07-22T18:51Z","2023-08-29","OKSR.20220722.SURBER.3","A00000310639",,"NEMSP","Y","Nematoda sp.",,"phylum","Nematoda",,,,,,,,,,,,,,,"sp.",,"unknown",3,,2,70,3,"N","N",,"condition OK","Y",,"Thorp and Rogers 2016","N","Rhithron Associates, Inc.","B. Moore",,,
"a94201f7-ba48-47e3-81b7-39483e4f8f37","D18","OKSR","OKSR.AOS.reach","2022-07-22T18:51Z","2023-09-05","OKSR.20220722.KICKNET.5","A00000310657","BA22NEOMST34013O2","LUMSP2","Y","Lumbriculidae sp.",,"family","Annelida","Clitellata","Oligochaeta","Oligochaeta",,,"Lumbriculida",,,,"Lumbriculidae",,,,,"sp.",,"immature",8,,1,100,1,"Y","N",,"condition OK","Y",,"Kathman and Brinkhurst, 1999","N","Rhithron Associates, Inc.","J. Webb",,,
"44f10c9e-675f-453c-97aa-81bb9664242a","D18","OKSR","OKSR.AOS.reach","2022-07-22T18:51Z","2023-09-06","OKSR.20220722.KICKNET.5","A00000310657",,"CLASP6","Y","Cladotanytarsus sp.",,"genus","Arthropoda","Hexapoda","Insecta","Pterygota","Neoptera","Holometabola","Diptera","Nematocera","Culicomorpha",,"Chironomidae","Chironominae","Tanytarsini",,"Cladotanytarsus","sp.",,"larva",2,,9,100,9,"N","N",,"condition OK","Y",,"Weiderholm, 1983; Weiderholm, 1986; Epler 2001; Ferrington et al. 2019; Andersen, Cranston and Epler 2013","N","Rhithron Associates, Inc.","R. Spring",,,
"c5b0c048-6005-4009-b949-3aa7e1fe8e9a","D18","OKSR","OKSR.AOS.reach","2022-07-22T18:51Z","2023-09-06","OKSR.20220722.KICKNET.1","A00000310642",,"CONSP6","Y","Constempellina sp.",,"genus","Arthropoda","Hexapoda","Insecta","Pterygota","Neoptera","Holometabola","Diptera","Nematocera","Culicomorpha",,"Chironomidae","Chironominae","Tanytarsini",,"Constempellina","sp.",,"pupa",2,,1,100,1,"N","N",,"condition OK","N",,"Weiderholm, 1983; Weiderholm, 1986; Epler 2001; Ferrington et al. 2019; Andersen, Cranston and Epler 2013","N","Rhithron Associates, Inc.","R. Spring",,,
"1df37629-101d-4c70-ace5-e9dceb33afd7","D18","OKSR","OKSR.AOS.reach","2022-07-22T18:51Z","2023-09-06","OKSR.20220722.KICKNET.4","A00000310640",,"NEOSP32","Y","Neozavrelia sp.",,"genus","Arthropoda","Hexapoda","Insecta","Pterygota","Neoptera","Holometabola","Diptera","Nematocera","Culicomorpha",,"Chironomidae","Orthocladiinae","Tanytarsini",,"Neozavrelia","sp.",,"larva",2,,4,37,11,"N","N",,"condition OK","Y",,"Weiderholm, 1983; Weiderholm, 1986; Epler 2001; Ferrington et al. 2019; Andersen, Cranston and Epler 2013","N","Rhithron Associates, Inc.","R. Spring",,,
"749255ae-ed41-4519-bd7d-d7e797b3a6e1","D18","OKSR","OKSR.AOS.reach","2022-07-22T18:51Z","2023-09-06","OKSR.20220722.KICKNET.5","A00000310657",,"TVESP","Y","Tvetenia sp.",,"genus","Arthropoda","Hexapoda","Insecta","Pterygota","Neoptera","Holometabola","Diptera","Nematocera","Culicomorpha",,"Chironomidae","Orthocladiinae",,,"Tvetenia","sp.",,"larva",3,,4,100,4,"N","N",,"condition OK","Y",,"Weiderholm, 1983; Weiderholm, 1986; Epler 2001; Ferrington et al. 2019; Andersen, Cranston and Epler 2013","N","Rhithron Associates, Inc.","R. Spring",,,
"da3dd3ae-c8ec-4045-ae71-89256c56167c","D18","OKSR","OKSR.AOS.reach","2022-07-22T18:51Z","2023-08-31","OKSR.20220722.KICKNET.1","A00000310642",,"BAEVER","Y","Baetis vernus gr.",,"speciesGroup","Arthropoda","Hexapoda","Insecta","Pterygota","Palaeoptera",,"Ephemeroptera",,,,"Baetidae",,,,"Baetis","vernus gr.",,"larva",7,,7,100,7,"N","N","damaged","damaged, affecting taxonomy and measurement","Y",,"Morihara and McCafferty 1979; Wiersema, 2004; Webb et al. 2018","N","Rhithron Associates, Inc.","B. Moore","bundyae/hudsonicus",,
"dc178063-b41d-4bc3-8068-12000665f9c8","D18","OKSR","OKSR.AOS.reach","2022-07-22T18:51Z","2023-09-06","OKSR.20220722.KICKNET.2","A00000310641",,"KRESP1","Y","Krenosmittia sp.",,"genus","Arthropoda","Hexapoda","Insecta","Pterygota","Neoptera","Holometabola","Diptera","Nematocera","Culicomorpha",,"Chironomidae","Orthocladiinae",,,"Krenosmittia","sp.",,"larva",3,,2,73,3,"N","N",,"condition OK","Y",,"Weiderholm, 1983; Weiderholm, 1986; Epler 2001; Ferrington et al. 2019; Andersen, Cranston and Epler 2013","N","Rhithron Associates, Inc.","R. Spring",,,
"20664f61-29af-49c7-9f9a-b9f396977774","D18","OKSR","OKSR.AOS.reach","2022-07-22T18:51Z","2023-08-31","OKSR.20220722.KICKNET.5","A00000310657",,"CINSP1","Y","Cinygmula sp.",,"genus","Arthropoda","Hexapoda","Insecta","Pterygota","Palaeoptera",,"Ephemeroptera","Pisciforma",,"Heptagenioidea","Heptageniidae",,,,"Cinygmula","sp.",,"larva",3,,1,100,1,"N","N",,"condition OK","Y",,"Merritt et al. 2019","N","Rhithron Associates, Inc.","B. Moore",,,
"d0242b83-5693-4cf7-ae9f-307886682179","D18","OKSR","OKSR.AOS.reach","2022-07-22T18:51Z","2023-08-31","OKSR.20220722.KICKNET.4","A00000310640",,"BAESP2","Y","Baetis sp.",,"genus","Arthropoda","Hexapoda","Insecta","Pterygota","Palaeoptera",,"Ephemeroptera","Pisciforma",,,"Baetidae",,,,"Baetis","sp.",,"larva",2,,1,37,3,"N","N","damaged","damaged, affecting taxonomy and measurement","Y",,"Merritt et al. 2019","N","Rhithron Associates, Inc.","B. Moore",,,
"897bcb66-67dc-4795-b131-23f422517e4b","D18","OKSR","OKSR.AOS.reach","2022-07-22T18:51Z","2023-09-06","OKSR.20220722.KICKNET.3","A00000310658",,"THIGRO","Y","Thienemannimyia gr.",,"speciesGroup","Arthropoda","Hexapoda","Insecta","Pterygota","Neoptera","Holometabola","Diptera","Nematocera","Culicomorpha",,"Chironomidae","Tanypodinae","Pentaneurini",,"Thienemannimyia","gr.",,"larva",4,,11,100,11,"Y","N","early instar","condition OK","Y",,"Weiderholm, 1983; Weiderholm, 1986; Epler 2001; Ferrington et al. 2008; Andersen, Cranston and Epler 2017","Y","Rhithron Associates, Inc.","R. Spring",,,
"d7801e92-5941-4a7a-8d2b-3383140cc61f","D18","OKSR","OKSR.AOS.reach","2022-07-22T18:51Z","2023-09-06","OKSR.20220722.KICKNET.1","A00000310642",,"TVESP","Y","Tvetenia sp.",,"genus","Arthropoda","Hexapoda","Insecta","Pterygota","Neoptera","Holometabola","Diptera","Nematocera","Culicomorpha",,"Chironomidae","Orthocladiinae",,,"Tvetenia","sp.",,"larva",5,,5,100,5,"N","N",,"condition OK","Y",,"Weiderholm, 1983; Weiderholm, 1986; Epler 2001; Ferrington et al. 2019; Andersen, Cranston and Epler 2013","N","Rhithron Associates, Inc.","R. Spring",,,
"1ac1699b-ce1f-44e8-b5fb-154e3f507af3","D18","OKSR","OKSR.AOS.reach","2022-07-22T18:51Z","2023-08-30","OKSR.20220722.SURBER.2","A00000310655",,"HELSP20","Y","Helodon sp.",,"genus","Arthropoda","Hexapoda","Insecta",,,,"Diptera","Nematocera",,,"Simuliidae",,,,"Helodon","sp.",,"larva",3,,45,100,45,"N","N",,"condition OK","Y",,"Adler et al. 2004; Merritt et al. 2019","N","Rhithron Associates, Inc.","B. Moore",,,
"cfa95029-87d8-471e-8d4d-8aebcd9fec54","D18","OKSR","OKSR.AOS.reach","2022-07-22T18:51Z","2023-09-06","OKSR.20220722.KICKNET.1","A00000310642",,"EUKSP","Y","Eukiefferiella sp.",,"genus","Arthropoda","Hexapoda","Insecta","Pterygota","Neoptera","Holometabola","Diptera","Nematocera","Culicomorpha",,"Chironomidae","Orthocladiinae",,,"Eukiefferiella","sp.",,"larva",1,,1,100,1,"Y","N","early instar","condition OK","Y",,"Weiderholm, 1983; Bode, 1983; Weiderholm, 1986; Epler 2001; Ferrington et al. 2019; Andersen, Cranston and Epler 2013","N","Rhithron Associates, Inc.","R. Spring",,,
"9e61fb85-3892-4efc-95df-0346ce013277","D18","OKSR","OKSR.AOS.reach","2022-07-22T18:51Z","2023-09-01","OKSR.20220722.SURBER.3","A00000310639",,"PARSP26","Y","Parametriocnemus sp.",,"genus","Arthropoda","Hexapoda","Insecta","Pterygota","Neoptera","Holometabola","Diptera","Nematocera","Culicomorpha",,"Chironomidae","Orthocladiinae",,,"Parametriocnemus","sp.",,"larva",5,,1,70,1,"N","N",,"condition OK","Y",,"Weiderholm, 1983; Weiderholm, 1986; Epler 2001; Ferrington et al. 2019; Andersen, Cranston and Epler 2013","N","Rhithron Associates, Inc.","A. Fasbender",,,
"38bea428-d84b-4033-a764-ccc4bd7e6d3a","D18","OKSR","OKSR.AOS.reach","2022-07-22T18:51Z","2023-08-31","OKSR.20220722.KICKNET.3","A00000310658",,"LEBSP1","Y","Lebertia sp.",,"genus","Arthropoda","Chelicerata","Arachnida","Acari",,"Acariformes","Trombidiformes","Prostigmata",,"Lebertioidea","Lebertiidae",,,,"Lebertia","sp.",,"adult",1,,3,100,3,"N","N",,"condition OK","Y",,"Thorp and Rogers 2016","Y","Rhithron Associates, Inc.","B. Moore",,,
"39b8ad15-6234-4d43-bd8f-d025f0ea0510","D18","OKSR","OKSR.AOS.reach","2022-07-22T18:51Z","2023-09-01","OKSR.20220722.SURBER.1","A00000310656",,"STESP9","Y","Stempellina sp.",,"genus","Arthropoda","Hexapoda","Insecta","Pterygota","Neoptera","Holometabola","Diptera","Nematocera","Culicomorpha",,"Chironomidae","Chironominae","Tanytarsini",,"Stempellina","sp.",,"larva",2,,1,100,1,"N","N",,"condition OK","Y",,"Weiderholm, 1983; Weiderholm, 1986; Epler 2001; Ferrington et al. 2019; Andersen, Cranston and Epler 2013","N","Rhithron Associates, Inc.","A. Fasbender",,,
"47338080-ca79-4aab-80e5-ffcd4324b6b2","D18","OKSR","OKSR.AOS.reach","2022-07-22T18:51Z","2023-08-29","OKSR.20220722.SURBER.3","A00000310639",,"PROSP21","Y","Prosimulium sp.",,"genus","Arthropoda","Hexapoda","Insecta","Pterygota","Neoptera","Holometabola","Diptera","Nematocera","Culicomorpha",,"Simuliidae","Simuliinae","Prosimuliini",,"Prosimulium","sp.",,"larva",4,,1,70,1,"N","N",,"condition OK","Y",,"Adler et al. 2004; Merritt et al. 2019","N","Rhithron Associates, Inc.","B. Moore",,,
"6be6f9f7-3e2e-4c88-aee1-dc32635faac3","D18","OKSR","OKSR.AOS.reach","2022-07-22T18:51Z","2023-08-31","OKSR.20220722.KICKNET.4","A00000310640",,"LIMSP5","Y","Limnephilidae sp.",,"family","Arthropoda","Hexapoda","Insecta","Pterygota","Neoptera","Holometabola","Trichoptera",,,"Limnephiloidea","Limnephilidae",,,,,"sp.",,"larva",1,,1,37,3,"Y","N","early instar","condition OK","Y",,"Wiggins 1996; Merritt et al. 2019","N","Rhithron Associates, Inc.","B. Moore",,,
"576f346e-5013-4649-8ba3-89ff810bf45a","D18","OKSR","OKSR.AOS.reach","2022-07-22T18:51Z","2023-08-31","OKSR.20220722.KICKNET.2","A00000310641",,"TIPSP3","Y","Tipula sp.",,"genus","Arthropoda","Hexapoda","Insecta","Pterygota","Neoptera","Holometabola","Diptera","Nematocera","Tipulomorpha",,"Tipulidae","Tipulinae",,,"Tipula","sp.",,"larva",3,,2,73,3,"N","N",,"condition OK","Y",,"Gelhaus and Podeniene 2018; Merritt et al. 2019","N","Rhithron Associates, Inc.","B. Moore",,,
"03f7bcf5-09bd-4fca-b6a8-328f6bacc179","D18","OKSR","OKSR.AOS.reach","2022-07-22T18:51Z","2023-09-06","OKSR.20220722.KICKNET.1","A00000310642",,"CORSP19","Y","Corynoneura sp.",,"genus","Arthropoda","Hexapoda","Insecta","Pterygota","Neoptera","Holometabola","Diptera","Nematocera","Culicomorpha",,"Chironomidae","Orthocladiinae",,,"Corynoneura","sp.",,"pupa",2,,1,100,1,"N","N",,"condition OK","N",,"Weiderholm, 1983; Weiderholm, 1986; Epler 2001; Ferrington et al. 2019; Andersen, Cranston and Epler 2013","N","Rhithron Associates, Inc.","R. Spring",,,
"53d00c5d-8928-4e97-9726-f70b60606b21","D18","OKSR","OKSR.AOS.reach","2022-07-22T18:51Z","2023-09-05","OKSR.20220722.KICKNET.2","A00000310641","BA22NEOMST34010O1","LUMSP2","Y","Lumbriculidae sp.",,"family","Annelida","Clitellata","Oligochaeta","Oligochaeta",,,"Lumbriculida",,,,"Lumbriculidae",,,,,"sp.",,"immature",8,,2,73,3,"Y","N",,"condition OK","Y",,"Kathman and Brinkhurst, 1999","N","Rhithron Associates, Inc.","J. Webb",,,
"8ee1aab1-4987-42d0-8d7f-5c81373c9157","D18","OKSR","OKSR.AOS.reach","2022-07-22T18:51Z","2023-08-31","OKSR.20220722.KICKNET.2","A00000310641",,"NEMSP7","Y","Nemoura sp.",,"genus","Arthropoda","Hexapoda","Insecta","Pterygota","Neoptera","Polyneoptera","Plecoptera","Euholognatha",,,"Nemouridae","Nemourinae",,,"Nemoura","sp.",,"larva",2,,11,73,15,"N","N",,"condition OK","Y",,"Stewart and Stark 2002; Merritt et al. 2019","N","Rhithron Associates, Inc.","B. Moore",,,
"ce5eba46-610b-4c9e-8684-d2b76b0be318","D18","OKSR","OKSR.AOS.reach","2022-07-22T18:51Z","2023-09-01","OKSR.20220722.SURBER.1","A00000310656",,"TVESP","Y","Tvetenia sp.",,"genus","Arthropoda","Hexapoda","Insecta","Pterygota","Neoptera","Holometabola","Diptera","Nematocera","Culicomorpha",,"Chironomidae","Orthocladiinae",,,"Tvetenia","sp.",,"larva",2,,1,100,1,"N","N",,"condition OK","Y",,"Weiderholm, 1983; Weiderholm, 1986; Epler 2001; Ferrington et al. 2019; Andersen, Cranston and Epler 2013","N","Rhithron Associates, Inc.","A. Fasbender",,,
"f7d86103-539e-4b48-94fc-4effecb8736e","D18","OKSR","OKSR.AOS.reach","2022-07-22T18:51Z","2023-08-31","OKSR.20220722.KICKNET.5","A00000310657",,"BAEFLA1","Y","Baetis flavistriga cx.",,"speciesGroup","Arthropoda","Hexapoda","Insecta","Pterygota","Palaeoptera",,"Ephemeroptera",,,,"Baetidae",,,,"Baetis","flavistriga cx.",,"larva",3,,28,100,28,"N","N",,"condition OK","Y",,"Morihara and McCafferty 1979; Wiersema, 2004; Webb et al. 2018","N","Rhithron Associates, Inc.","B. Moore",,,
"589c7edd-7c9a-4aa3-887f-cb28284a4658","D18","OKSR","OKSR.AOS.reach","2022-07-22T18:51Z","2023-09-01","OKSR.20220722.SURBER.3","A00000310639",,"RHESP2","Y","Rheotanytarsus sp.",,"genus","Arthropoda","Hexapoda","Insecta","Pterygota","Neoptera","Holometabola","Diptera","Nematocera","Culicomorpha",,"Chironomidae","Chironominae","Tanytarsini",,"Rheotanytarsus","sp.",,"larva",2,,1,70,1,"N","N",,"condition OK","Y",,"Weiderholm, 1983; Weiderholm, 1986; Epler 2001; Ferrington et al. 2019; Andersen, Cranston and Epler 2013","N","Rhithron Associates, Inc.","A. Fasbender",,,
"2a6137bd-9ca8-421c-a3cf-f20975105a93","D18","OKSR","OKSR.AOS.reach","2022-07-22T18:51Z","2023-08-30","OKSR.20220722.SURBER.2","A00000310655",,"ACESP","Y","Acentrella sp.",,"genus","Arthropoda","Hexapoda","Insecta","Pterygota","Palaeoptera",,"Ephemeroptera","Pisciforma",,,"Baetidae",,,,"Acentrella","sp.",,"larva",2,,8,100,8,"Y","N","early instar","condition OK","N",,"Merritt et al. 2019","N","Rhithron Associates, Inc.","B. Moore",,,
"e2f1b7db-719e-4d25-8be3-0a81529645b0","D18","OKSR","OKSR.AOS.reach","2022-07-22T18:51Z","2023-08-31","OKSR.20220722.KICKNET.4","A00000310640",,"VALMER","Y","Valvata mergella",,"species","Mollusca",,"Gastropoda",,,,"Heterostropha",,,,"Valvatidae",,,,"Valvata","mergella",,"unknown",1,,16,37,43,"N","N",,"condition OK","Y",,"Burch 1989; Thorp and Rogers 2016","N","Rhithron Associates, Inc.","B. Moore",,,
"f2b7e8e0-f133-4554-b3bc-7524d8f2fa19","D18","OKSR","OKSR.AOS.reach","2022-07-22T18:51Z","2023-09-06","OKSR.20220722.KICKNET.1","A00000310642",,"CLASP6","Y","Cladotanytarsus sp.",,"genus","Arthropoda","Hexapoda","Insecta","Pterygota","Neoptera","Holometabola","Diptera","Nematocera","Culicomorpha",,"Chironomidae","Chironominae","Tanytarsini",,"Cladotanytarsus","sp.",,"larva",5,,1,100,1,"N","N",,"condition OK","Y",,"Weiderholm, 1983; Weiderholm, 1986; Epler 2001; Ferrington et al. 2019; Andersen, Cranston and Epler 2013","N","Rhithron Associates, Inc.","R. Spring",,,
"38578cad-0014-4595-b94f-34bd0e38651c","D18","OKSR","OKSR.AOS.reach","2022-07-22T18:51Z","2023-09-06","OKSR.20220722.KICKNET.2","A00000310641",,"CLASP6","Y","Cladotanytarsus sp.",,"genus","Arthropoda","Hexapoda","Insecta","Pterygota","Neoptera","Holometabola","Diptera","Nematocera","Culicomorpha",,"Chironomidae","Chironominae","Tanytarsini",,"Cladotanytarsus","sp.",,"pupa",2,,1,73,1,"N","N",,"condition OK","N",,"Weiderholm, 1983; Weiderholm, 1986; Epler 2001; Ferrington et al. 2019; Andersen, Cranston and Epler 2013","N","Rhithron Associates, Inc.","R. Spring",,,
"b73d212e-9960-40d2-a900-1390fac251db","D18","OKSR","OKSR.AOS.reach","2022-07-22T18:51Z","2023-08-31","OKSR.20220722.KICKNET.5","A00000310657",,"BAEFLA1","Y","Baetis flavistriga cx.",,"speciesGroup","Arthropoda","Hexapoda","Insecta","Pterygota","Palaeoptera",,"Ephemeroptera",,,,"Baetidae",,,,"Baetis","flavistriga cx.",,"larva",4,,4,100,4,"N","N",,"condition OK","Y",,"Morihara and McCafferty 1979; Wiersema, 2004; Webb et al. 2018","N","Rhithron Associates, Inc.","B. Moore",,,
"835165d4-17f6-4adf-8ba3-e3b6569f94fe","D18","OKSR","OKSR.AOS.reach","2022-07-22T18:51Z","2023-08-31","OKSR.20220722.KICKNET.5","A00000310657",,"BAEVER","Y","Baetis vernus gr.",,"speciesGroup","Arthropoda","Hexapoda","Insecta","Pterygota","Palaeoptera",,"Ephemeroptera",,,,"Baetidae",,,,"Baetis","vernus gr.",,"larva",3,,1,100,1,"N","N","damaged","damaged, affecting taxonomy and measurement","Y",,"Morihara and McCafferty 1979; Wiersema, 2004; Webb et al. 2018","N","Rhithron Associates, Inc.","B. Moore","bundyae/hudsonicus gills on 1 specimen",,
"27303612-ab46-4a1e-b2c1-bfdf34f7401c","D18","OKSR","OKSR.AOS.reach","2022-07-22T18:51Z","2023-09-06","OKSR.20220722.KICKNET.5","A00000310657",,"LIMSP23","Y","Limnophyes sp.",,"genus","Arthropoda","Hexapoda","Insecta","Pterygota","Neoptera","Holometabola","Diptera","Nematocera","Culicomorpha",,"Chironomidae","Orthocladiinae",,,"Limnophyes","sp.",,"larva",2,,2,100,2,"N","N",,"condition OK","Y",,"Weiderholm, 1983; Weiderholm, 1986; Epler 2001; Ferrington et al. 2019; Andersen, Cranston and Epler 2013","N","Rhithron Associates, Inc.","R. Spring",,,
"f08bcd57-fde0-4a41-9dc8-c5b0637ba1d7","D18","OKSR","OKSR.AOS.reach","2022-07-22T18:51Z","2023-09-01","OKSR.20220722.SURBER.1","A00000310656",,"THISP2","Y","Thienemanniella sp.",,"genus","Arthropoda","Hexapoda","Insecta","Pterygota","Neoptera","Holometabola","Diptera","Nematocera","Culicomorpha",,"Chironomidae","Orthocladiinae",,,"Thienemanniella","sp.",,"larva",2,,1,100,1,"N","N",,"condition OK","Y",,"Weiderholm, 1983; Weiderholm, 1986; Epler 2001; Ferrington et al. 2019; Andersen, Cranston and Epler 2013","N","Rhithron Associates, Inc.","A. Fasbender",,,
"04fc59d0-50a5-4759-ac8a-6d8f477b3a13","D18","OKSR","OKSR.AOS.reach","2022-07-22T18:51Z","2023-08-30","OKSR.20220722.SURBER.2","A00000310655",,"CINSP1","Y","Cinygmula sp.",,"genus","Arthropoda","Hexapoda","Insecta","Pterygota","Palaeoptera",,"Ephemeroptera","Pisciforma",,"Heptagenioidea","Heptageniidae",,,,"Cinygmula","sp.",,"larva",5,,3,100,3,"N","N",,"condition OK","Y",,"Merritt et al. 2019","N","Rhithron Associates, Inc.","B. Moore",,,
"a20d1aaf-11d7-4fae-87fe-24bafb4eaee3","D18","OKSR","OKSR.AOS.reach","2022-07-22T18:51Z","2023-08-31","OKSR.20220722.SURBER.1","A00000310656",,"HELSP20","Y","Helodon sp.",,"genus","Arthropoda","Hexapoda","Insecta",,,,"Diptera","Nematocera",,,"Simuliidae",,,,"Helodon","sp.",,"larva",2,,1,100,1,"N","N",,"condition OK","Y",,"Adler et al. 2004; Merritt et al. 2019","N","Rhithron Associates, Inc.","B. Moore",,,
"597c7d76-f32d-4879-a6fb-5c2281bca405","D18","OKSR","OKSR.AOS.reach","2022-07-22T18:51Z","2023-09-01","OKSR.20220722.SURBER.1","A00000310656",,"HYDSP52","Y","Hydrosmittia sp.",,"genus","Arthropoda",,"Insecta","Pterygota","Neoptera",,"Diptera","Nematocera","Culicomorpha","Chironomoidea","Chironomidae","Orthocladiinae",,,"Hydrosmittia","sp.",,"larva",3,,1,100,1,"N","N",,"condition OK","Y",,"Weiderholm, 1983; Weiderholm, 1986; Epler 2001; Ferrington et al. 2019; Andersen, Cranston and Epler 2013","N","Rhithron Associates, Inc.","A. Fasbender",,,
"edeccd97-b24d-4533-83d5-4412a0fcd9e5","D18","OKSR","OKSR.AOS.reach","2022-07-22T18:51Z","2023-09-06","OKSR.20220722.KICKNET.1","A00000310642",,"CORSP19","Y","Corynoneura sp.",,"genus","Arthropoda","Hexapoda","Insecta","Pterygota","Neoptera","Holometabola","Diptera","Nematocera","Culicomorpha",,"Chironomidae","Orthocladiinae",,,"Corynoneura","sp.",,"larva",1,,1,100,1,"N","N",,"condition OK","Y",,"Weiderholm, 1983; Weiderholm, 1986; Epler 2001; Ferrington et al. 2019; Andersen, Cranston and Epler 2013","N","Rhithron Associates, Inc.","R. Spring",,,
"4c750d62-c35f-45f9-8e74-01189e00ddd5","D18","OKSR","OKSR.AOS.reach","2022-07-22T18:51Z","2023-09-01","OKSR.20220722.SURBER.3","A00000310639",,"KRESP1","Y","Krenosmittia sp.",,"genus","Arthropoda","Hexapoda","Insecta","Pterygota","Neoptera","Holometabola","Diptera","Nematocera","Culicomorpha",,"Chironomidae","Orthocladiinae",,,"Krenosmittia","sp.",,"larva",2,,1,70,1,"N","N",,"condition OK","Y",,"Weiderholm, 1983; Weiderholm, 1986; Epler 2001; Ferrington et al. 2019; Andersen, Cranston and Epler 2013","N","Rhithron Associates, Inc.","A. Fasbender",,,
"d71144f5-7c54-47c9-9dff-e78670268773","D18","OKSR","OKSR.AOS.reach","2022-07-22T18:51Z","2023-09-06","OKSR.20220722.KICKNET.3","A00000310658",,"LIMSP23","Y","Limnophyes sp.",,"genus","Arthropoda","Hexapoda","Insecta","Pterygota","Neoptera","Holometabola","Diptera","Nematocera","Culicomorpha",,"Chironomidae","Orthocladiinae",,,"Limnophyes","sp.",,"larva",2,,1,100,1,"N","N",,"condition OK","Y",,"Weiderholm, 1983; Weiderholm, 1986; Epler 2001; Ferrington et al. 2019; Andersen, Cranston and Epler 2013","Y","Rhithron Associates, Inc.","R. Spring",,,
"e2f7293f-3dbc-4a69-aa9c-d74d0bf038dd","D18","OKSR","OKSR.AOS.reach","2022-07-22T18:51Z","2023-09-05","OKSR.20220722.KICKNET.1","A00000310642","BA22NEOMST34009O1","NAICOM","Y","Nais communis/variabilis",,"speciesGroup","Annelida","Clitellata","Oligochaeta","Oligochaeta",,,"Tubificida",,,,"Naididae","Naidinae",,,"Nais","communis/variabilis",,"immature",3,,1,100,1,"Y","N",,"condition OK","Y",,"Kathman and Brinkhurst, 1999","N","Rhithron Associates, Inc.","J. Webb",,,
"f9152807-60e3-4b2a-b573-9e11f5b72873","D18","OKSR","OKSR.AOS.reach","2022-07-22T18:51Z","2023-08-31","OKSR.20220722.SURBER.1","A00000310656",,"CINSP1","Y","Cinygmula sp.",,"genus","Arthropoda","Hexapoda","Insecta","Pterygota","Palaeoptera",,"Ephemeroptera","Pisciforma",,"Heptagenioidea","Heptageniidae",,,,"Cinygmula","sp.",,"larva",4,,6,100,6,"N","N",,"condition OK","Y",,"Merritt et al. 2019","N","Rhithron Associates, Inc.","B. Moore",,,
"805d18a9-c0a9-4aa2-9ff0-ccd05c13b940","D18","OKSR","OKSR.AOS.reach","2022-07-22T18:51Z","2023-09-01","OKSR.20220722.SURBER.3","A00000310639",,"CLASP6","Y","Cladotanytarsus sp.",,"genus","Arthropoda","Hexapoda","Insecta","Pterygota","Neoptera","Holometabola","Diptera","Nematocera","Culicomorpha",,"Chironomidae","Chironominae","Tanytarsini",,"Cladotanytarsus","sp.",,"larva",2,,5,70,7,"N","N",,"condition OK","Y",,"Weiderholm, 1983; Weiderholm, 1986; Epler 2001; Ferrington et al. 2019; Andersen, Cranston and Epler 2013","N","Rhithron Associates, Inc.","A. Fasbender",,,
"31975bcb-ac6a-4198-b08c-54578a1a61be","D18","OKSR","OKSR.AOS.reach","2022-07-22T18:51Z","2023-09-01","OKSR.20220722.SURBER.1","A00000310656",,"TVESP","Y","Tvetenia sp.",,"genus","Arthropoda","Hexapoda","Insecta","Pterygota","Neoptera","Holometabola","Diptera","Nematocera","Culicomorpha",,"Chironomidae","Orthocladiinae",,,"Tvetenia","sp.",,"larva",3,,6,100,6,"N","N",,"condition OK","Y",,"Weiderholm, 1983; Weiderholm, 1986; Epler 2001; Ferrington et al. 2019; Andersen, Cranston and Epler 2013","N","Rhithron Associates, Inc.","A. Fasbender",,,
"baa90cc8-dbd0-4b1b-a78c-e40fcc6d7425","D18","OKSR","OKSR.AOS.reach","2022-07-22T18:51Z","2023-08-29","OKSR.20220722.SURBER.3","A00000310639",,"LEBSP1","Y","Lebertia sp.",,"genus","Arthropoda","Chelicerata","Arachnida","Acari",,"Acariformes","Trombidiformes","Prostigmata",,"Lebertioidea","Lebertiidae",,,,"Lebertia","sp.",,"adult",1,,6,70,9,"N","N",,"condition OK","Y",,"Thorp and Rogers 2016","N","Rhithron Associates, Inc.","B. Moore",,,
"53be2a45-209a-48c8-aa91-fcb4f70c382a","D18","OKSR","OKSR.AOS.reach","2022-07-22T18:51Z","2023-08-31","OKSR.20220722.KICKNET.2","A00000310641",,"NEMSP","Y","Nematoda sp.",,"phylum","Nematoda",,,,,,,,,,,,,,,"sp.",,"unknown",3,,4,73,5,"N","N",,"condition OK","Y",,"Thorp and Rogers 2016","N","Rhithron Associates, Inc.","B. Moore",,,
"5d257a21-d305-424a-9366-290a747cb260","D18","OKSR","OKSR.AOS.reach","2022-07-22T18:51Z","2023-09-06","OKSR.20220722.KICKNET.5","A00000310657",,"TOKSP","Y","Tokunagaia sp.",,"genus","Arthropoda","Hexapoda","Insecta","Pterygota","Neoptera","Holometabola","Diptera","Nematocera","Culicomorpha",,"Chironomidae","Orthocladiinae",,,"Tokunagaia","sp.",,"larva",3,,1,100,1,"N","N",,"condition OK","Y",,"Weiderholm, 1983; Weiderholm, 1986; Epler 2001; Ferrington et al. 2019; Andersen, Cranston and Epler 2013","N","Rhithron Associates, Inc.","R. Spring",,,
"d764cab3-5f1e-48c1-b891-9f9b9d7ef7c9","D18","OKSR","OKSR.AOS.reach","2022-07-22T18:51Z","2023-09-06","OKSR.20220722.KICKNET.2","A00000310641",,"ORTSP3","Y","Orthocladius sp.",,"genus","Arthropoda","Hexapoda","Insecta","Pterygota","Neoptera","Holometabola","Diptera","Nematocera","Culicomorpha",,"Chironomidae","Orthocladiinae",,,"Orthocladius","sp.",,"pupa",4,,1,73,1,"N","N",,"condition OK","Y",,"Weiderholm, 1983; Weiderholm, 1986; Epler 2001; Ferrington et al. 2019; Andersen, Cranston and Epler 2013","N","Rhithron Associates, Inc.","R. Spring",,,
"bad4bf70-092b-4bdf-acb3-3d0efa3ac478","D18","OKSR","OKSR.AOS.reach","2022-07-22T18:51Z","2023-09-06","OKSR.20220722.KICKNET.1","A00000310642",,"ORTSP3","Y","Orthocladius sp.",,"genus","Arthropoda","Hexapoda","Insecta","Pterygota","Neoptera","Holometabola","Diptera","Nematocera","Culicomorpha",,"Chironomidae","Orthocladiinae",,,"Orthocladius","sp.",,"larva",4,,1,100,1,"N","N",,"condition OK","Y",,"Weiderholm, 1983; Weiderholm, 1986; Epler 2001; Ferrington et al. 2019; Andersen, Cranston and Epler 2013","N","Rhithron Associates, Inc.","R. Spring",,,
"c0e4a94a-cf3d-43ec-a34a-752763f38d2e","D18","OKSR","OKSR.AOS.reach","2022-07-22T18:51Z","2023-09-05","OKSR.20220722.KICKNET.3","A00000310658","BA22NEOMST34011O2","ENCSP1","Y","Enchytraeidae sp.",,"family","Annelida","Clitellata","Oligochaeta","Oligochaeta",,,"Enchytraeida",,,,"Enchytraeidae",,,,,"sp.",,"unknown",3,,1,100,1,"N","N",,"condition OK","Y",,"Kathman and Brinkhurst, 1999","Y","Rhithron Associates, Inc.","J. Webb",,,
"430c3057-8e07-4c33-a7c9-a635e1ebfcf5","D18","OKSR","OKSR.AOS.reach","2022-07-22T18:51Z","2023-08-31","OKSR.20220722.KICKNET.1","A00000310642",,"BRAAME","Y","Brachycentrus americanus",,"species","Arthropoda","Hexapoda","Insecta","Pterygota","Neoptera","Holometabola","Trichoptera",,,"Limnephiloidea","Brachycentridae",,,,"Brachycentrus","americanus",,"larva",4,,1,100,1,"N","N",,"condition OK","Y",,"Flint 1984","N","Rhithron Associates, Inc.","B. Moore",,,
"c557605e-49e2-42ea-8345-8fb0955fddc1","D18","OKSR","OKSR.AOS.reach","2022-07-22T18:51Z","2023-09-01","OKSR.20220722.SURBER.2","A00000310655",,"CORSP19","Y","Corynoneura sp.",,"genus","Arthropoda","Hexapoda","Insecta","Pterygota","Neoptera","Holometabola","Diptera","Nematocera","Culicomorpha",,"Chironomidae","Orthocladiinae",,,"Corynoneura","sp.",,"larva",2,,1,100,1,"N","N",,"condition OK","Y",,"Weiderholm, 1983; Weiderholm, 1986; Epler 2001; Ferrington et al. 2019; Andersen, Cranston and Epler 2013","N","Rhithron Associates, Inc.","A. Fasbender",,,
"6047cc0a-6d5f-4c93-9181-32328f80c169","D18","OKSR","OKSR.AOS.reach","2022-07-22T18:51Z","2023-09-06","OKSR.20220722.KICKNET.5","A00000310657",,"THIGRO","Y","Thienemannimyia gr.",,"speciesGroup","Arthropoda","Hexapoda","Insecta","Pterygota","Neoptera","Holometabola","Diptera","Nematocera","Culicomorpha",,"Chironomidae","Tanypodinae","Pentaneurini",,"Thienemannimyia","gr.",,"larva",4,,3,100,3,"Y","N","early instar","condition OK","Y",,"Weiderholm, 1983; Weiderholm, 1986; Epler 2001; Ferrington et al. 2008; Andersen, Cranston and Epler 2017","N","Rhithron Associates, Inc.","R. Spring",,,
"12b4a783-cecf-4c25-983b-9ccb233c331e","D18","OKSR","OKSR.AOS.reach","2022-07-22T18:51Z","2023-09-06","OKSR.20220722.KICKNET.3","A00000310658",,"PROSP34","Y","Protanypus sp.",,"genus","Arthropoda","Hexapoda","Insecta","Pterygota","Neoptera","Holometabola","Diptera","Nematocera","Culicomorpha",,"Chironomidae","Diamesinae","Protanypini",,"Protanypus","sp.",,"larva",6,,1,100,1,"N","N",,"condition OK","Y",,"Weiderholm, 1983; Weiderholm, 1986; Epler 2001; Ferrington et al. 2019; Andersen, Cranston and Epler 2013","Y","Rhithron Associates, Inc.","R. Spring",,,
"2015fc50-0d82-4be4-ba1b-8042ad91d7cb","D18","OKSR","OKSR.AOS.reach","2022-07-22T18:51Z","2023-08-31","OKSR.20220722.KICKNET.3","A00000310658",,"BAEFLA1","Y","Baetis flavistriga cx.",,"speciesGroup","Arthropoda","Hexapoda","Insecta","Pterygota","Palaeoptera",,"Ephemeroptera",,,,"Baetidae",,,,"Baetis","flavistriga cx.",,"larva",4,,2,100,2,"N","N",,"condition OK","Y",,"Morihara and McCafferty 1979; Wiersema, 2004; Webb et al. 2018","Y","Rhithron Associates, Inc.","B. Moore",,,
"e2ce0991-d29b-48f8-b9f3-ed7f29515976","D18","OKSR","OKSR.AOS.reach","2022-07-22T18:51Z","2023-09-05","OKSR.20220722.KICKNET.3","A00000310658","BA22NEOMST34011O2","NAISP","Y","Naididae sp.",,"family","Annelida","Clitellata","Oligochaeta","Oligochaeta",,,"Tubificida",,,,"Naididae",,,,,"sp.",,"immature",3,,1,100,1,"Y","N",,"condition OK","Y",,"Kathman and Brinkhurst, 1999","Y","Rhithron Associates, Inc.","J. Webb","Nais but eyes on V?",,
"fc83a300-0211-40f4-9585-b03e86ac05de","D18","OKSR","OKSR.AOS.reach","2022-07-22T18:51Z","2023-08-31","OKSR.20220722.KICKNET.4","A00000310640",,"NEMSP7","Y","Nemoura sp.",,"genus","Arthropoda","Hexapoda","Insecta","Pterygota","Neoptera","Polyneoptera","Plecoptera","Euholognatha",,,"Nemouridae","Nemourinae",,,"Nemoura","sp.",,"larva",2,,1,37,3,"N","N",,"condition OK","Y",,"Stewart and Stark 2002; Merritt et al. 2019","N","Rhithron Associates, Inc.","B. Moore",,,
"7610e2ee-03be-4ca7-8cba-96c2c6ab3ad0","D18","OKSR","OKSR.AOS.reach","2022-07-22T18:51Z","2023-08-31","OKSR.20220722.KICKNET.2","A00000310641",,"TIPSP3","Y","Tipula sp.",,"genus","Arthropoda","Hexapoda","Insecta","Pterygota","Neoptera","Holometabola","Diptera","Nematocera","Tipulomorpha",,"Tipulidae","Tipulinae",,,"Tipula","sp.",,"larva",9,,1,73,1,"N","N",,"condition OK","Y",,"Gelhaus and Podeniene 2018; Merritt et al. 2019","N","Rhithron Associates, Inc.","B. Moore",,,
"eed6da77-a035-4f68-8df9-c886663022c8","D18","OKSR","OKSR.AOS.reach","2022-07-22T18:51Z","2023-09-01","OKSR.20220722.SURBER.2","A00000310655",,"TVESP","Y","Tvetenia sp.",,"genus","Arthropoda","Hexapoda","Insecta","Pterygota","Neoptera","Holometabola","Diptera","Nematocera","Culicomorpha",,"Chironomidae","Orthocladiinae",,,"Tvetenia","sp.",,"larva",3,,15,100,15,"N","N",,"condition OK","Y",,"Weiderholm, 1983; Weiderholm, 1986; Epler 2001; Ferrington et al. 2019; Andersen, Cranston and Epler 2013","N","Rhithron Associates, Inc.","A. Fasbender",,,
"4fc99770-8097-47ab-9c4f-77d8f56d9226","D18","OKSR","OKSR.AOS.reach","2022-07-22T18:51Z","2023-08-31","OKSR.20220722.KICKNET.2","A00000310641",,"ACELAP","Y","Acentrella lapponica",,"species","Arthropoda","Hexapoda","Insecta","Pterygota","Palaeoptera",,"Ephemeroptera","Pisciforma",,,"Baetidae",,,,"Acentrella","lapponica",,"larva",2,,5,73,7,"N","N",,"condition OK","Y",,"Jacobus and McCafferty 2006; McCafferty et al. 2009; Burian and Meyers 2011; Webb 2017; Alba-Tercedor and McCafferty 2000; Muller-Liebenau 1969","N","Rhithron Associates, Inc.","B. Moore",,,
"e89cf9c6-e4d3-469e-8b6a-143696edc8c4","D18","OKSR","OKSR.AOS.reach","2022-07-22T18:51Z","2023-09-06","OKSR.20220722.KICKNET.2","A00000310641",,"TANSP11","Y","Tanytarsus sp.",,"genus","Arthropoda","Hexapoda","Insecta","Pterygota","Neoptera","Holometabola","Diptera","Nematocera","Culicomorpha",,"Chironomidae","Chironominae","Tanytarsini",,"Tanytarsus","sp.",,"pupa",3,,1,73,1,"N","N",,"condition OK","N",,"Weiderholm, 1983; Weiderholm, 1986; Epler 2001; Ferrington et al. 2019; Andersen, Cranston and Epler 2013","N","Rhithron Associates, Inc.","R. Spring",,,
"fe597dd1-739e-4f44-bbea-d575cbea68a5","D18","OKSR","OKSR.AOS.reach","2022-07-22T18:51Z","2023-09-01","OKSR.20220722.SURBER.2","A00000310655",,"TVESP","Y","Tvetenia sp.",,"genus","Arthropoda","Hexapoda","Insecta","Pterygota","Neoptera","Holometabola","Diptera","Nematocera","Culicomorpha",,"Chironomidae","Orthocladiinae",,,"Tvetenia","sp.",,"larva",4,,2,100,2,"N","N",,"condition OK","Y",,"Weiderholm, 1983; Weiderholm, 1986; Epler 2001; Ferrington et al. 2019; Andersen, Cranston and Epler 2013","N","Rhithron Associates, Inc.","A. Fasbender",,,
"ed82c9a2-1014-4039-b1fd-401bb3c7ce8f","D18","OKSR","OKSR.AOS.reach","2022-07-22T18:51Z","2023-09-06","OKSR.20220722.KICKNET.4","A00000310640","BA22NEOMST34012O2","NAISP1","Y","Nais sp.",,"genus","Annelida","Clitellata","Oligochaeta","Oligochaeta",,,"Tubificida",,,,"Naididae","Naidinae",,,"Nais","sp.",,"immature",2,,1,37,3,"Y","N",,"condition OK","Y",,"Kathman and Brinkhurst, 1999","N","Rhithron Associates, Inc.","J. Webb",,,
"3ad1d251-bff2-4074-ac73-0234b79ce6d0","D18","OKSR","OKSR.AOS.reach","2022-07-22T18:51Z","2023-08-31","OKSR.20220722.KICKNET.1","A00000310642",,"ACETUR","Y","Acentrella turbida",,"species","Arthropoda","Hexapoda","Insecta","Pterygota","Palaeoptera",,"Ephemeroptera","Pisciforma",,,"Baetidae",,,,"Acentrella","turbida",,"larva",2,,1,100,1,"N","N",,"condition OK","Y",,"Jacobus and McCafferty 2006","N","Rhithron Associates, Inc.","B. Moore",,,
"e0f9a80c-7f8d-4ec5-872b-cbd724cba638","D18","OKSR","OKSR.AOS.reach","2022-07-22T18:51Z","2023-09-05","OKSR.20220722.KICKNET.5","A00000310657","BA22NEOMST34013O3","NAICOM","Y","Nais communis/variabilis",,"speciesGroup","Annelida","Clitellata","Oligochaeta","Oligochaeta",,,"Tubificida",,,,"Naididae","Naidinae",,,"Nais","communis/variabilis",,"immature",3,,6,100,6,"Y","N",,"condition OK","Y",,"Kathman and Brinkhurst, 1999","N","Rhithron Associates, Inc.","J. Webb",,,
"b61d56ae-e9be-4992-adf2-24948e8f30e6","D18","OKSR","OKSR.AOS.reach","2022-07-22T18:51Z","2023-09-05","OKSR.20220722.KICKNET.5","A00000310657","BA22NEOMST34013O1","LUMSP2","Y","Lumbriculidae sp.",,"family","Annelida","Clitellata","Oligochaeta","Oligochaeta",,,"Lumbriculida",,,,"Lumbriculidae",,,,,"sp.",,"immature",20,,1,100,1,"Y","N",,"condition OK","Y",,"Kathman and Brinkhurst, 1999","N","Rhithron Associates, Inc.","J. Webb",,,
"a74070b5-ef21-4b26-94ef-49b41c635e32","D18","OKSR","OKSR.AOS.reach","2022-07-22T18:51Z","2023-09-06","OKSR.20220722.KICKNET.1","A00000310642",,"ORTSP3","Y","Orthocladius sp.",,"genus","Arthropoda","Hexapoda","Insecta","Pterygota","Neoptera","Holometabola","Diptera","Nematocera","Culicomorpha",,"Chironomidae","Orthocladiinae",,,"Orthocladius","sp.",,"pupa",3,,1,100,1,"N","N",,"condition OK","N",,"Weiderholm, 1983; Weiderholm, 1986; Epler 2001; Ferrington et al. 2019; Andersen, Cranston and Epler 2013","N","Rhithron Associates, Inc.","R. Spring",,,
"dde4a6e8-1558-4147-ae07-515f1513e8a3","D18","OKSR","OKSR.AOS.reach","2022-07-22T18:51Z","2023-08-31","OKSR.20220722.KICKNET.4","A00000310640",,"OSTSP","Y","Ostracoda sp.",,"class","Arthropoda","Crustacea","Ostracoda",,,,,,,,,,,,,"sp.",,"unknown",1,,2,37,5,"N","N",,"condition OK","Y",,"Thorp and Rogers 2016","N","Rhithron Associates, Inc.","B. Moore",,,
"f177888b-cff6-4f46-b66a-adfe4106187c","D18","OKSR","OKSR.AOS.reach","2022-07-22T18:51Z","2023-09-05","OKSR.20220722.KICKNET.5","A00000310657","BA22NEOMST34013O1","LUMSP2","Y","Lumbriculidae sp.",,"family","Annelida","Clitellata","Oligochaeta","Oligochaeta",,,"Lumbriculida",,,,"Lumbriculidae",,,,,"sp.",,"immature",14,,1,100,1,"Y","N",,"condition OK","Y",,"Kathman and Brinkhurst, 1999","N","Rhithron Associates, Inc.","J. Webb",,,
"4b888c46-4792-4a8b-895e-938abefbfa00","D18","OKSR","OKSR.AOS.reach","2022-07-22T18:51Z","2023-08-29","OKSR.20220722.SURBER.3","A00000310639",,"NEMSP7","Y","Nemoura sp.",,"genus","Arthropoda","Hexapoda","Insecta","Pterygota","Neoptera","Polyneoptera","Plecoptera","Euholognatha",,,"Nemouridae","Nemourinae",,,"Nemoura","sp.",,"larva",1,,3,70,4,"N","N",,"condition OK","Y",,"Stewart and Stark 2002; Merritt et al. 2019","N","Rhithron Associates, Inc.","B. Moore",,,
"13c6a802-273f-444d-b184-4db84a839275","D18","OKSR","OKSR.AOS.reach","2022-07-22T18:51Z","2023-08-31","OKSR.20220722.KICKNET.3","A00000310658",,"CHLSP","Y","Chloroperlidae sp.",,"family","Arthropoda","Hexapoda","Insecta","Pterygota","Neoptera","Polyneoptera","Plecoptera","Systellognatha",,,"Chloroperlidae",,,,,"sp.",,"larva",2,,3,100,3,"Y","N","early instar","condition OK","Y",,"Stewart and Stark 2002; Merritt et al. 2019","Y","Rhithron Associates, Inc.","B. Moore",,,
"fe49034b-96e6-4ad8-9c7e-02b8668e42b1","D18","OKSR","OKSR.AOS.reach","2022-07-22T18:51Z","2023-08-31","OKSR.20220722.SURBER.1","A00000310656",,"LEBSP1","Y","Lebertia sp.",,"genus","Arthropoda","Chelicerata","Arachnida","Acari",,"Acariformes","Trombidiformes","Prostigmata",,"Lebertioidea","Lebertiidae",,,,"Lebertia","sp.",,"adult",1,,1,100,1,"N","N",,"condition OK","Y",,"Thorp and Rogers 2016","N","Rhithron Associates, Inc.","B. Moore",,,
"805a5a96-786b-4599-81a3-fa852dd67f49","D18","OKSR","OKSR.AOS.reach","2022-07-22T18:51Z","2023-09-05","OKSR.20220722.SURBER.3","A00000310639","BA22NEOMST34016O1","LUMSP2","Y","Lumbriculidae sp.",,"family","Annelida","Clitellata","Oligochaeta","Oligochaeta",,,"Lumbriculida",,,,"Lumbriculidae",,,,,"sp.",,"immature",12,,1,70,1,"Y","N",,"condition OK","Y",,"Kathman and Brinkhurst, 1999","N","Rhithron Associates, Inc.","J. Webb",,,
"70fdbfd7-157e-492c-909c-fbc1225e19ce","D18","OKSR","OKSR.AOS.reach","2022-07-22T18:51Z","2023-09-06","OKSR.20220722.KICKNET.5","A00000310657",,"NANSP1","Y","Nanocladius sp.",,"genus","Arthropoda","Hexapoda","Insecta","Pterygota","Neoptera","Holometabola","Diptera","Nematocera","Culicomorpha",,"Chironomidae","Orthocladiinae",,,"Nanocladius","sp.",,"pupa",2,,1,100,1,"N","N",,"condition OK","Y",,"Weiderholm, 1983; Weiderholm, 1986; Epler 2001; Ferrington et al. 2019; Andersen, Cranston and Epler 2013","N","Rhithron Associates, Inc.","R. Spring",,,
"37c8bded-8089-4004-8fe3-a485c0e7373e","D18","OKSR","OKSR.AOS.reach","2022-07-22T18:51Z","2023-09-06","OKSR.20220722.KICKNET.1","A00000310642",,"KRESP1","Y","Krenosmittia sp.",,"genus","Arthropoda","Hexapoda","Insecta","Pterygota","Neoptera","Holometabola","Diptera","Nematocera","Culicomorpha",,"Chironomidae","Orthocladiinae",,,"Krenosmittia","sp.",,"larva",3,,4,100,4,"N","N",,"condition OK","Y",,"Weiderholm, 1983; Weiderholm, 1986; Epler 2001; Ferrington et al. 2019; Andersen, Cranston and Epler 2013","N","Rhithron Associates, Inc.","R. Spring",,,
"c288ec4b-17e1-440e-90d2-58699bdf98b6","D18","OKSR","OKSR.AOS.reach","2022-07-22T18:51Z","2023-09-01","OKSR.20220722.SURBER.2","A00000310655",,"PARSP26","Y","Parametriocnemus sp.",,"genus","Arthropoda","Hexapoda","Insecta","Pterygota","Neoptera","Holometabola","Diptera","Nematocera","Culicomorpha",,"Chironomidae","Orthocladiinae",,,"Parametriocnemus","sp.",,"larva",4,,1,100,1,"N","N",,"condition OK","Y",,"Weiderholm, 1983; Weiderholm, 1986; Epler 2001; Ferrington et al. 2019; Andersen, Cranston and Epler 2013","N","Rhithron Associates, Inc.","A. Fasbender",,,
"86926c72-6986-489c-90e0-ea4fa17f486e","D18","OKSR","OKSR.AOS.reach","2022-07-22T18:51Z","2023-08-31","OKSR.20220722.KICKNET.4","A00000310640",,"TIPSP3","Y","Tipula sp.",,"genus","Arthropoda","Hexapoda","Insecta","Pterygota","Neoptera","Holometabola","Diptera","Nematocera","Tipulomorpha",,"Tipulidae","Tipulinae",,,"Tipula","sp.",,"larva",20,,1,37,3,"N","N",,"condition OK","Y",,"Gelhaus and Podeniene 2018; Merritt et al. 2019","N","Rhithron Associates, Inc.","B. Moore",,,
"e8ca91f4-9182-4b3a-9630-e6ad3298d75c","D18","OKSR","OKSR.AOS.reach","2022-07-22T18:51Z","2023-09-06","OKSR.20220722.KICKNET.3","A00000310658",,"TANSP8","Y","Tanytarsini sp.",,"tribe","Arthropoda","Hexapoda","Insecta","Pterygota","Neoptera","Holometabola","Diptera","Nematocera","Culicomorpha",,"Chironomidae","Chironominae","Tanytarsini",,,"sp.",,"larva",3,,1,100,1,"N","N","damaged","damaged, affecting taxonomy and measurement","N",,"Weiderholm, 1983; Weiderholm, 1986; Epler 2001; Ferrington et al. 2019; Andersen, Cranston and Epler 2013","Y","Rhithron Associates, Inc.","R. Spring",,,
"efc8aa36-3d92-4c7d-8df7-5a13a01b6712","D18","OKSR","OKSR.AOS.reach","2022-07-22T18:51Z","2023-08-31","OKSR.20220722.KICKNET.3","A00000310658",,"BAESP2","Y","Baetis sp.",,"genus","Arthropoda","Hexapoda","Insecta","Pterygota","Palaeoptera",,"Ephemeroptera","Pisciforma",,,"Baetidae",,,,"Baetis","sp.",,"larva",4,,7,100,7,"N","N","damaged","damaged, affecting taxonomy and measurement","N",,"Merritt et al. 2019","Y","Rhithron Associates, Inc.","B. Moore",,,
"500ee96d-c7b5-4a71-8b49-bc00788c972c","D18","OKSR","OKSR.AOS.reach","2022-07-22T18:51Z","2023-09-01","OKSR.20220722.SURBER.3","A00000310639",,"HYDSP52","Y","Hydrosmittia sp.",,"genus","Arthropoda",,"Insecta","Pterygota","Neoptera",,"Diptera","Nematocera","Culicomorpha","Chironomoidea","Chironomidae","Orthocladiinae",,,"Hydrosmittia","sp.",,"larva",3,,4,70,6,"N","N",,"condition OK","Y",,"Weiderholm, 1983; Weiderholm, 1986; Epler 2001; Ferrington et al. 2019; Andersen, Cranston and Epler 2013","N","Rhithron Associates, Inc.","A. Fasbender",,,
"f39acd38-dbda-4edd-9d40-d51180f8272f","D18","OKSR","OKSR.AOS.reach","2022-07-22T18:51Z","2023-09-05","OKSR.20220722.KICKNET.5","A00000310657","BA22NEOMST34013O2","LUMSP2","Y","Lumbriculidae sp.",,"family","Annelida","Clitellata","Oligochaeta","Oligochaeta",,,"Lumbriculida",,,,"Lumbriculidae",,,,,"sp.",,"immature",10,,1,100,1,"Y","N",,"condition OK","Y",,"Kathman and Brinkhurst, 1999","N","Rhithron Associates, Inc.","J. Webb",,,
"38347915-89e4-495b-92d8-abdfe14ddcf9","D18","OKSR","OKSR.AOS.reach","2022-07-22T18:51Z","2023-09-05","OKSR.20220722.SURBER.3","A00000310639","BA22NEOMST34016O1","ENCSP1","Y","Enchytraeidae sp.",,"family","Annelida","Clitellata","Oligochaeta","Oligochaeta",,,"Enchytraeida",,,,"Enchytraeidae",,,,,"sp.",,"unknown",4,,1,70,1,"N","N",,"condition OK","Y",,"Kathman and Brinkhurst, 1999","N","Rhithron Associates, Inc.","J. Webb",,,
"7cb514ad-2632-40db-82e6-ffd13bdfdab4","D18","OKSR","OKSR.AOS.reach","2022-07-22T18:51Z","2023-09-01","OKSR.20220722.SURBER.3","A00000310639",,"NEOSP32","Y","Neozavrelia sp.",,"genus","Arthropoda","Hexapoda","Insecta","Pterygota","Neoptera","Holometabola","Diptera","Nematocera","Culicomorpha",,"Chironomidae","Orthocladiinae","Tanytarsini",,"Neozavrelia","sp.",,"larva",2,,1,70,1,"N","N",,"condition OK","Y",,"Weiderholm, 1983; Weiderholm, 1986; Epler 2001; Ferrington et al. 2019; Andersen, Cranston and Epler 2013","N","Rhithron Associates, Inc.","A. Fasbender",,,
"99338376-a623-42c9-94de-aee3e9048d9f","D18","OKSR","OKSR.AOS.reach","2022-07-22T18:51Z","2023-08-30","OKSR.20220722.SURBER.2","A00000310655",,"CAPSP2","Y","Capniidae sp.",,"family","Arthropoda","Hexapoda","Insecta","Pterygota","Neoptera","Polyneoptera","Plecoptera","Euholognatha",,,"Capniidae",,,,,"sp.",,"larva",2,,2,100,2,"Y","N","early instar","condition OK","Y",,"Stewart and Stark 2002; Merritt et al. 2019","N","Rhithron Associates, Inc.","B. Moore",,,
"ce339ce3-9d4c-4501-8a5f-79e8c030363b","D18","OKSR","OKSR.AOS.reach","2022-07-22T18:51Z","2023-09-05","OKSR.20220722.KICKNET.3","A00000310658","BA22NEOMST34011O3","LUMSP2","Y","Lumbriculidae sp.",,"family","Annelida","Clitellata","Oligochaeta","Oligochaeta",,,"Lumbriculida",,,,"Lumbriculidae",,,,,"sp.",,"immature",12,,5,100,5,"Y","N",,"condition OK","Y",,"Kathman and Brinkhurst, 1999","Y","Rhithron Associates, Inc.","J. Webb",,,
"97c5030d-4d3e-4b76-9416-90dd28bf3ff5","D18","OKSR","OKSR.AOS.reach","2022-07-22T18:51Z","2023-08-31","OKSR.20220722.KICKNET.5","A00000310657",,"CHLSP","Y","Chloroperlidae sp.",,"family","Arthropoda","Hexapoda","Insecta","Pterygota","Neoptera","Polyneoptera","Plecoptera","Systellognatha",,,"Chloroperlidae",,,,,"sp.",,"larva",2,,1,100,1,"Y","N","early instar","condition OK","Y",,"Stewart and Stark 2002; Merritt et al. 2019","N","Rhithron Associates, Inc.","B. Moore",,,
"8b158b4c-783e-4396-b56c-10b911ff03da","D18","OKSR","OKSR.AOS.reach","2022-07-22T18:51Z","2023-09-06","OKSR.20220722.KICKNET.1","A00000310642",,"CLASP6","Y","Cladotanytarsus sp.",,"genus","Arthropoda","Hexapoda","Insecta","Pterygota","Neoptera","Holometabola","Diptera","Nematocera","Culicomorpha",,"Chironomidae","Chironominae","Tanytarsini",,"Cladotanytarsus","sp.",,"larva",4,,2,100,2,"N","N",,"condition OK","Y",,"Weiderholm, 1983; Weiderholm, 1986; Epler 2001; Ferrington et al. 2019; Andersen, Cranston and Epler 2013","N","Rhithron Associates, Inc.","R. Spring",,,
"a650287a-418d-41b1-9e20-264b5dfa15c2","D18","OKSR","OKSR.AOS.reach","2022-07-22T18:51Z","2023-08-31","OKSR.20220722.KICKNET.4","A00000310640",,"BAESP2","Y","Baetis sp.",,"genus","Arthropoda","Hexapoda","Insecta","Pterygota","Palaeoptera",,"Ephemeroptera","Pisciforma",,,"Baetidae",,,,"Baetis","sp.",,"larva",4,,2,37,5,"N","N","damaged","damaged, affecting taxonomy and measurement","Y",,"Merritt et al. 2019","N","Rhithron Associates, Inc.","B. Moore",,,
"9887ffe9-4090-4585-a7ef-70e41e918d04","D18","OKSR","OKSR.AOS.reach","2022-07-22T18:51Z","2023-09-06","OKSR.20220722.KICKNET.1","A00000310642",,"CLASP6","Y","Cladotanytarsus sp.",,"genus","Arthropoda","Hexapoda","Insecta","Pterygota","Neoptera","Holometabola","Diptera","Nematocera","Culicomorpha",,"Chironomidae","Chironominae","Tanytarsini",,"Cladotanytarsus","sp.",,"larva",3,,18,100,18,"N","N",,"condition OK","Y",,"Weiderholm, 1983; Weiderholm, 1986; Epler 2001; Ferrington et al. 2019; Andersen, Cranston and Epler 2013","N","Rhithron Associates, Inc.","R. Spring",,,
"59518c8a-b58d-4760-9b4f-295dce68a9c7","D18","OKSR","OKSR.AOS.reach","2022-07-22T18:51Z","2023-08-31","OKSR.20220722.KICKNET.1","A00000310642",,"BAEFLA1","Y","Baetis flavistriga cx.",,"speciesGroup","Arthropoda","Hexapoda","Insecta","Pterygota","Palaeoptera",,"Ephemeroptera",,,,"Baetidae",,,,"Baetis","flavistriga cx.",,"larva",5,,35,100,35,"N","N",,"condition OK","Y",,"Morihara and McCafferty 1979; Wiersema, 2004; Webb et al. 2018","N","Rhithron Associates, Inc.","B. Moore",,,
"fa613d21-ae5a-4ecf-84a1-38f778583315","D18","OKSR","OKSR.AOS.reach","2022-07-22T18:51Z","2023-09-05","OKSR.20220722.KICKNET.1","A00000310642","BA22NEOMST34009O1","LUMSP2","Y","Lumbriculidae sp.",,"family","Annelida","Clitellata","Oligochaeta","Oligochaeta",,,"Lumbriculida",,,,"Lumbriculidae",,,,,"sp.",,"immature",5,,1,100,1,"Y","N",,"condition OK","Y",,"Kathman and Brinkhurst, 1999","N","Rhithron Associates, Inc.","J. Webb",,,
"536646ae-378f-42e1-9555-1f563f65ab86","D18","OKSR","OKSR.AOS.reach","2022-07-22T18:51Z","2023-08-29","OKSR.20220722.SURBER.3","A00000310639",,"ATRSP3","Y","Atractides sp.",,"genus","Arthropoda","Chelicerata","Arachnida","Acari",,"Acariformes","Trombidiformes","Prostigmata",,"Hygrobatoidea","Hygrobatidae",,,,"Atractides","sp.",,"adult",1,,2,70,3,"N","N",,"condition OK","Y",,"Thorp and Rogers 2016","N","Rhithron Associates, Inc.","B. Moore",,,
"388e3d6e-d257-487d-9b0e-aa7122e81ace","D18","OKSR","OKSR.AOS.reach","2022-07-22T18:51Z","2023-09-06","OKSR.20220722.KICKNET.5","A00000310657",,"PARSP34","Y","Paratanytarsus sp.",,"genus","Arthropoda","Hexapoda","Insecta","Pterygota","Neoptera","Holometabola","Diptera","Nematocera","Culicomorpha",,"Chironomidae","Chironominae","Tanytarsini",,"Paratanytarsus","sp.",,"pupa",3,,2,100,2,"N","N",,"condition OK","Y",,"Weiderholm, 1983; Weiderholm, 1986; Epler 2001; Ferrington et al. 2019; Andersen, Cranston and Epler 2013","N","Rhithron Associates, Inc.","R. Spring",,,
"ded1d3e0-433d-4aac-b040-626622e6dac6","D18","OKSR","OKSR.AOS.reach","2022-07-22T18:51Z","2023-08-31","OKSR.20220722.KICKNET.4","A00000310640",,"VALMER","Y","Valvata mergella",,"species","Mollusca",,"Gastropoda",,,,"Heterostropha",,,,"Valvatidae",,,,"Valvata","mergella",,"unknown",2,,7,37,19,"N","N",,"condition OK","Y",,"Burch 1989; Thorp and Rogers 2016","N","Rhithron Associates, Inc.","B. Moore",,,
"6a7710ba-f573-40b8-a66f-4dd12ced10f7","D18","OKSR","OKSR.AOS.reach","2022-07-22T18:51Z","2023-09-06","OKSR.20220722.KICKNET.2","A00000310641",,"THIGRO","Y","Thienemannimyia gr.",,"speciesGroup","Arthropoda","Hexapoda","Insecta","Pterygota","Neoptera","Holometabola","Diptera","Nematocera","Culicomorpha",,"Chironomidae","Tanypodinae","Pentaneurini",,"Thienemannimyia","gr.",,"larva",3,,1,73,1,"Y","N","early instar","condition OK","Y",,"Weiderholm, 1983; Weiderholm, 1986; Epler 2001; Ferrington et al. 2008; Andersen, Cranston and Epler 2017","N","Rhithron Associates, Inc.","R. Spring",,,
"561a231d-76bf-418a-b134-6defe3faadda","D18","OKSR","OKSR.AOS.reach","2022-07-22T18:51Z","2023-09-01","OKSR.20220722.SURBER.2","A00000310655",,"CARSP9","Y","Cardiocladius sp.",,"genus","Arthropoda","Hexapoda","Insecta","Pterygota","Neoptera","Holometabola","Diptera","Nematocera","Culicomorpha",,"Chironomidae","Orthocladiinae",,,"Cardiocladius","sp.",,"larva",5,,1,100,1,"N","N",,"condition OK","Y",,"Weiderholm, 1983; Weiderholm, 1986; Epler 2001; Ferrington et al. 2019; Andersen, Cranston and Epler 2013","N","Rhithron Associates, Inc.","A. Fasbender",,,
"cea7774f-4847-4f4e-b17c-8c99383b56e5","D18","OKSR","OKSR.AOS.reach","2022-07-22T18:51Z","2023-08-31","OKSR.20220722.KICKNET.3","A00000310658",,"TIPSP3","Y","Tipula sp.",,"genus","Arthropoda","Hexapoda","Insecta","Pterygota","Neoptera","Holometabola","Diptera","Nematocera","Tipulomorpha",,"Tipulidae","Tipulinae",,,"Tipula","sp.",,"larva",4,,9,100,9,"N","N",,"condition OK","Y",,"Gelhaus and Podeniene 2018; Merritt et al. 2019","Y","Rhithron Associates, Inc.","B. Moore",,,
"677eafa4-7c6c-49da-b93a-2f183470119f","D18","OKSR","OKSR.AOS.reach","2022-07-22T18:51Z","2023-09-01","OKSR.20220722.SURBER.2","A00000310655",,"ORTEUO","Y","Orthocladius (Euorthocladius) sp.",,"subgenus","Arthropoda","Hexapoda","Insecta","Pterygota","Neoptera","Holometabola","Diptera","Nematocera","Culicomorpha",,"Chironomidae","Orthocladiinae",,,"Orthocladius","sp.",,"larva",4,,1,100,1,"N","N",,"condition OK","Y",,"Weiderholm, 1983; Weiderholm, 1986; Epler 2001; Ferrington et al. 2019; Andersen, Cranston and Epler 2013","N","Rhithron Associates, Inc.","A. Fasbender",,,
"24f7fe8d-7b47-42c8-a9fb-a64f9ec8f6b2","D18","OKSR","OKSR.AOS.reach","2022-07-22T18:51Z","2023-08-31","OKSR.20220722.KICKNET.2","A00000310641",,"NEMSP7","Y","Nemoura sp.",,"genus","Arthropoda","Hexapoda","Insecta","Pterygota","Neoptera","Polyneoptera","Plecoptera","Euholognatha",,,"Nemouridae","Nemourinae",,,"Nemoura","sp.",,"larva",6,,3,73,4,"N","N",,"condition OK","Y",,"Stewart and Stark 2002; Merritt et al. 2019","N","Rhithron Associates, Inc.","B. Moore",,,
"287b8129-587c-4acd-bf62-e848098e96d0","D18","OKSR","OKSR.AOS.reach","2022-07-22T18:51Z","2023-09-06","OKSR.20220722.KICKNET.4","A00000310640","BA22NEOMST34012O1","LUMSP2","Y","Lumbriculidae sp.",,"family","Annelida","Clitellata","Oligochaeta","Oligochaeta",,,"Lumbriculida",,,,"Lumbriculidae",,,,,"sp.",,"immature",8,,1,37,3,"Y","N",,"condition OK","Y",,"Kathman and Brinkhurst, 1999","N","Rhithron Associates, Inc.","J. Webb",,,
"8ab017fc-218f-47c8-a8c1-85cc2dba2d82","D18","OKSR","OKSR.AOS.reach","2022-07-22T18:51Z","2023-08-31","OKSR.20220722.KICKNET.4","A00000310640",,"FELSP1","Y","Feltria sp.",,"genus","Arthropoda","Chelicerata","Arachnida","Acari",,"Acariformes","Trombidiformes","Prostigmata",,"Hygrobatoidea","Feltriidae",,,,"Feltria","sp.",,"adult",1,,1,37,3,"N","N",,"condition OK","Y",,"Thorp and Rogers 2016","N","Rhithron Associates, Inc.","B. Moore",,,
"1982b3d0-0e4f-4990-b8fe-d6dda02f4c3f","D18","OKSR","OKSR.AOS.reach","2022-07-22T18:51Z","2023-08-31","OKSR.20220722.KICKNET.5","A00000310657",,"LEBSP1","Y","Lebertia sp.",,"genus","Arthropoda","Chelicerata","Arachnida","Acari",,"Acariformes","Trombidiformes","Prostigmata",,"Lebertioidea","Lebertiidae",,,,"Lebertia","sp.",,"adult",1,,2,100,2,"N","N",,"condition OK","Y",,"Thorp and Rogers 2016","N","Rhithron Associates, Inc.","B. Moore",,,
"134541fe-ddca-4702-b9c8-60bd7caa3ef5","D18","OKSR","OKSR.AOS.reach","2022-07-22T18:51Z","2023-08-31","OKSR.20220722.KICKNET.1","A00000310642",,"LEBSP1","Y","Lebertia sp.",,"genus","Arthropoda","Chelicerata","Arachnida","Acari",,"Acariformes","Trombidiformes","Prostigmata",,"Lebertioidea","Lebertiidae",,,,"Lebertia","sp.",,"adult",1,,2,100,2,"N","N",,"condition OK","Y",,"Thorp and Rogers 2016","N","Rhithron Associates, Inc.","B. Moore",,,
"bfa32da9-9b55-417f-ac4e-98d8e99ca6b2","D18","OKSR","OKSR.AOS.reach","2022-07-22T18:51Z","2023-08-31","OKSR.20220722.KICKNET.3","A00000310658",,"NEMSP7","Y","Nemoura sp.",,"genus","Arthropoda","Hexapoda","Insecta","Pterygota","Neoptera","Polyneoptera","Plecoptera","Euholognatha",,,"Nemouridae","Nemourinae",,,"Nemoura","sp.",,"larva",3,,5,100,5,"N","N",,"condition OK","Y",,"Stewart and Stark 2002; Merritt et al. 2019","Y","Rhithron Associates, Inc.","B. Moore",,,
"e8ec60a2-3620-4648-9fe1-44ce4b35984d","D18","OKSR","OKSR.AOS.reach","2022-07-22T18:51Z","2023-08-31","OKSR.20220722.KICKNET.4","A00000310640",,"VALMER","Y","Valvata mergella",,"species","Mollusca",,"Gastropoda",,,,"Heterostropha",,,,"Valvatidae",,,,"Valvata","mergella",,"unknown",4,,1,37,3,"N","N",,"condition OK","Y",,"Burch 1989; Thorp and Rogers 2016","N","Rhithron Associates, Inc.","B. Moore",,,
"a633c6be-cadc-4ab1-802e-29891526ccae","D18","OKSR","OKSR.AOS.reach","2022-07-22T18:51Z","2023-09-01","OKSR.20220722.SURBER.3","A00000310639",,"STESP9","Y","Stempellina sp.",,"genus","Arthropoda","Hexapoda","Insecta","Pterygota","Neoptera","Holometabola","Diptera","Nematocera","Culicomorpha",,"Chironomidae","Chironominae","Tanytarsini",,"Stempellina","sp.",,"larva",2,,1,70,1,"N","N",,"condition OK","Y",,"Weiderholm, 1983; Weiderholm, 1986; Epler 2001; Ferrington et al. 2019; Andersen, Cranston and Epler 2013","N","Rhithron Associates, Inc.","A. Fasbender",,,
"3ebf0f51-af6f-4c8c-8907-35dc8d7b4d78","D18","OKSR","OKSR.AOS.reach","2022-07-22T18:51Z","2023-09-06","OKSR.20220722.KICKNET.3","A00000310658",,"PARSP34","Y","Paratanytarsus sp.",,"genus","Arthropoda","Hexapoda","Insecta","Pterygota","Neoptera","Holometabola","Diptera","Nematocera","Culicomorpha",,"Chironomidae","Chironominae","Tanytarsini",,"Paratanytarsus","sp.",,"larva",4,,1,100,1,"N","N",,"condition OK","Y",,"Weiderholm, 1983; Weiderholm, 1986; Epler 2001; Ferrington et al. 2019; Andersen, Cranston and Epler 2013","Y","Rhithron Associates, Inc.","R. Spring",,,
"e02c726f-691b-49f1-bad0-34163122cb63","D18","OKSR","OKSR.AOS.reach","2022-07-22T18:51Z","2023-08-31","OKSR.20220722.KICKNET.1","A00000310642",,"NEMSP7","Y","Nemoura sp.",,"genus","Arthropoda","Hexapoda","Insecta","Pterygota","Neoptera","Polyneoptera","Plecoptera","Euholognatha",,,"Nemouridae","Nemourinae",,,"Nemoura","sp.",,"larva",3,,7,100,7,"N","N",,"condition OK","Y",,"Stewart and Stark 2002; Merritt et al. 2019","N","Rhithron Associates, Inc.","B. Moore",,,
"41ad99d3-5917-4932-b282-dbe7ae6635e4","D18","OKSR","OKSR.AOS.reach","2022-07-22T18:51Z","2023-08-31","OKSR.20220722.KICKNET.3","A00000310658",,"NEMSP7","Y","Nemoura sp.",,"genus","Arthropoda","Hexapoda","Insecta","Pterygota","Neoptera","Polyneoptera","Plecoptera","Euholognatha",,,"Nemouridae","Nemourinae",,,"Nemoura","sp.",,"larva",5,,3,100,3,"N","N",,"condition OK","Y",,"Stewart and Stark 2002; Merritt et al. 2019","Y","Rhithron Associates, Inc.","B. Moore",,,
"b1e2d48f-f9c5-4be2-b07b-cd3a42351e43","D18","OKSR","OKSR.AOS.reach","2022-07-22T18:51Z","2023-08-31","OKSR.20220722.KICKNET.5","A00000310657",,"RHYMON1","Y","Rhyacophila mongolica",,"species","Arthropoda","Hexapoda","Insecta","Pterygota","Neoptera","Holometabola","Trichoptera",,,"Rhyacophiloidea","Rhyacophilidae",,,,"Rhyacophila","mongolica",,"larva",11,,1,100,1,"N","N",,"condition OK","Y",,"Prather and Morris 2001; Morse et al. 2017; Giersch et al. 2012","N","Rhithron Associates, Inc.","B. Moore",,,
"279fe17a-2e74-4d1e-8c8b-5ac50c0f263b","D18","OKSR","OKSR.AOS.reach","2022-07-22T18:51Z","2023-08-31","OKSR.20220722.KICKNET.1","A00000310642",,"BAEVER","Y","Baetis vernus gr.",,"speciesGroup","Arthropoda","Hexapoda","Insecta","Pterygota","Palaeoptera",,"Ephemeroptera",,,,"Baetidae",,,,"Baetis","vernus gr.",,"larva",3,,1,100,1,"N","N","damaged","damaged, affecting taxonomy and measurement","Y",,"Morihara and McCafferty 1979; Wiersema, 2004; Webb et al. 2018","N","Rhithron Associates, Inc.","B. Moore","bundyae/hudsonicus",,
"92bcd16d-5488-46b5-a338-be3bf9cd59f8","D18","OKSR","OKSR.AOS.reach","2022-07-22T18:51Z","2023-08-31","OKSR.20220722.KICKNET.5","A00000310657",,"DICSP6","Y","Dicranota sp.",,"genus","Arthropoda","Hexapoda","Insecta","Pterygota","Neoptera","Holometabola","Diptera","Nematocera","Tipulomorpha",,"Tipulidae","Limoniinae","Pediciini",,"Dicranota","sp.",,"larva",2,,1,100,1,"N","N",,"condition OK","Y",,"Gelhaus and Podeniene 2018; Merritt et al. 2019","N","Rhithron Associates, Inc.","B. Moore",,,
"2887b02c-89ee-422f-8b27-6dda942c410e","D18","OKSR","OKSR.AOS.reach","2022-07-22T18:51Z","2023-09-06","OKSR.20220722.KICKNET.1","A00000310642",,"CRISP2","Y","Cricotopus sp.",,"genus","Arthropoda","Hexapoda","Insecta","Pterygota","Neoptera","Holometabola","Diptera","Nematocera","Culicomorpha",,"Chironomidae","Orthocladiinae",,,"Cricotopus","sp.",,"larva",5,,2,100,2,"N","N",,"condition OK","Y",,"Weiderholm, 1983; Weiderholm, 1986; Epler 2001; Ferrington et al. 2019; Andersen, Cranston and Epler 2013","N","Rhithron Associates, Inc.","R. Spring",,,
"4749e0c0-a9ef-4383-a896-48ee0603565c","D18","OKSR","OKSR.AOS.reach","2022-07-22T18:51Z","2023-09-06","OKSR.20220722.KICKNET.4","A00000310640","BA22NEOMST34012O2","LUMSP2","Y","Lumbriculidae sp.",,"family","Annelida","Clitellata","Oligochaeta","Oligochaeta",,,"Lumbriculida",,,,"Lumbriculidae",,,,,"sp.",,"immature",3,,1,37,3,"Y","N",,"condition OK","Y",,"Kathman and Brinkhurst, 1999","N","Rhithron Associates, Inc.","J. Webb",,,
"cba8c36b-70cd-4174-a96f-850e9ef5221e","D18","OKSR","OKSR.AOS.reach","2022-07-22T18:51Z","2023-08-31","OKSR.20220722.KICKNET.1","A00000310642",,"ACELAP","Y","Acentrella lapponica",,"species","Arthropoda","Hexapoda","Insecta","Pterygota","Palaeoptera",,"Ephemeroptera","Pisciforma",,,"Baetidae",,,,"Acentrella","lapponica",,"larva",2,,1,100,1,"N","N",,"condition OK","Y",,"Jacobus and McCafferty 2006; McCafferty et al. 2009; Burian and Meyers 2011; Webb 2017; Alba-Tercedor and McCafferty 2000; Muller-Liebenau 1969","N","Rhithron Associates, Inc.","B. Moore",,,
"abdebb56-0653-43e0-b656-793e05531586","D18","OKSR","OKSR.AOS.reach","2022-07-22T18:51Z","2023-09-06","OKSR.20220722.KICKNET.3","A00000310658",,"CRISP6","Y","Cricotopus/Orthocladius sp.",,"speciesGroup","Arthropoda","Hexapoda","Insecta","Pterygota","Neoptera","Holometabola","Diptera","Nematocera","Culicomorpha",,"Chironomidae","Orthocladiinae",,,"Cricotopus/Orthocladius","sp.",,"larva",2,,1,100,1,"Y","N","early instar","condition OK","N",,"Weiderholm, 1983; Weiderholm, 1986; Epler 2001; Ferrington et al. 2008; Andersen, Cranston and Epler 2013","Y","Rhithron Associates, Inc.","R. Spring",,,
"12f83294-8b1b-460c-aaa2-fb57ccc1229e","D18","OKSR","OKSR.AOS.reach","2022-07-22T18:51Z","2023-08-31","OKSR.20220722.KICKNET.1","A00000310642",,"SPESP4","Y","Sperchon sp.",,"genus","Arthropoda","Chelicerata","Arachnida","Acari",,"Acariformes","Trombidiformes","Prostigmata",,"Lebertioidea","Sperchontidae",,,,"Sperchon","sp.",,"adult",1,,3,100,3,"N","N",,"condition OK","Y",,"Thorp and Rogers 2016","N","Rhithron Associates, Inc.","B. Moore",,,
"b50499a4-f94a-442e-b567-562048a9dabf","D18","OKSR","OKSR.AOS.reach","2022-07-22T18:51Z","2023-09-01","OKSR.20220722.SURBER.1","A00000310656",,"CORSP19","Y","Corynoneura sp.",,"genus","Arthropoda","Hexapoda","Insecta","Pterygota","Neoptera","Holometabola","Diptera","Nematocera","Culicomorpha",,"Chironomidae","Orthocladiinae",,,"Corynoneura","sp.",,"larva",2,,2,100,2,"N","N",,"condition OK","Y",,"Weiderholm, 1983; Weiderholm, 1986; Epler 2001; Ferrington et al. 2019; Andersen, Cranston and Epler 2013","N","Rhithron Associates, Inc.","A. Fasbender",,,
"f0ecaa21-484b-40ea-aa02-96357a726dfa","D18","OKSR","OKSR.AOS.reach","2022-07-22T18:51Z","2023-08-30","OKSR.20220722.SURBER.2","A00000310655",,"NEMSP7","Y","Nemoura sp.",,"genus","Arthropoda","Hexapoda","Insecta","Pterygota","Neoptera","Polyneoptera","Plecoptera","Euholognatha",,,"Nemouridae","Nemourinae",,,"Nemoura","sp.",,"larva",3,,3,100,3,"N","N",,"condition OK","Y",,"Stewart and Stark 2002; Merritt et al. 2019","N","Rhithron Associates, Inc.","B. Moore",,,
"86d87088-53f9-4089-8bc8-3bd90f74a00c","D18","OKSR","OKSR.AOS.reach","2022-07-22T18:51Z","2023-09-06","OKSR.20220722.KICKNET.2","A00000310641",,"CONSP6","Y","Constempellina sp.",,"genus","Arthropoda","Hexapoda","Insecta","Pterygota","Neoptera","Holometabola","Diptera","Nematocera","Culicomorpha",,"Chironomidae","Chironominae","Tanytarsini",,"Constempellina","sp.",,"pupa",3,,15,73,21,"N","N",,"condition OK","N",,"Weiderholm, 1983; Weiderholm, 1986; Epler 2001; Ferrington et al. 2019; Andersen, Cranston and Epler 2013","N","Rhithron Associates, Inc.","R. Spring",,,
"11fb4901-3093-469a-9750-7274167e7f96","D18","OKSR","OKSR.AOS.reach","2022-07-22T18:51Z","2023-09-01","OKSR.20220722.SURBER.3","A00000310639",,"CRISP2","Y","Cricotopus sp.",,"genus","Arthropoda","Hexapoda","Insecta","Pterygota","Neoptera","Holometabola","Diptera","Nematocera","Culicomorpha",,"Chironomidae","Orthocladiinae",,,"Cricotopus","sp.",,"larva",3,,1,70,1,"N","N",,"condition OK","Y",,"Weiderholm, 1983; Weiderholm, 1986; Epler 2001; Ferrington et al. 2019; Andersen, Cranston and Epler 2013","N","Rhithron Associates, Inc.","A. Fasbender",,,
"f7330292-75ae-4f71-81fa-0a2c22351790","D18","OKSR","OKSR.AOS.reach","2022-07-22T18:51Z","2023-09-06","OKSR.20220722.KICKNET.2","A00000310641",,"STESP9","Y","Stempellina sp.",,"genus","Arthropoda","Hexapoda","Insecta","Pterygota","Neoptera","Holometabola","Diptera","Nematocera","Culicomorpha",,"Chironomidae","Chironominae","Tanytarsini",,"Stempellina","sp.",,"larva",2,,4,73,5,"N","N",,"condition OK","Y",,"Weiderholm, 1983; Weiderholm, 1986; Epler 2001; Ferrington et al. 2019; Andersen, Cranston and Epler 2013","N","Rhithron Associates, Inc.","R. Spring",,,
"48b49b11-0616-407f-b9da-2db0fb0b138f","D18","OKSR","OKSR.AOS.reach","2022-07-22T18:51Z","2023-08-29","OKSR.20220722.SURBER.3","A00000310639",,"BRAAME","Y","Brachycentrus americanus",,"species","Arthropoda","Hexapoda","Insecta","Pterygota","Neoptera","Holometabola","Trichoptera",,,"Limnephiloidea","Brachycentridae",,,,"Brachycentrus","americanus",,"larva",3,,1,70,1,"N","N",,"condition OK","Y",,"Flint 1984","N","Rhithron Associates, Inc.","B. Moore",,,
"38b68058-2673-4fa0-bc1b-91217b1bedcb","D18","OKSR","OKSR.AOS.reach","2022-07-22T18:51Z","2023-08-31","OKSR.20220722.SURBER.1","A00000310656",,"BAEVER","Y","Baetis vernus gr.",,"speciesGroup","Arthropoda","Hexapoda","Insecta","Pterygota","Palaeoptera",,"Ephemeroptera",,,,"Baetidae",,,,"Baetis","vernus gr.",,"larva",1,,1,100,1,"N","N","damaged","damaged, affecting taxonomy and measurement","Y",,"Morihara and McCafferty 1979; Wiersema, 2004; Webb et al. 2018","N","Rhithron Associates, Inc.","B. Moore",,,
"e0d20ea1-1978-4053-b546-d0edf6ab98d2","D18","OKSR","OKSR.AOS.reach","2022-07-22T18:51Z","2023-09-05","OKSR.20220722.SURBER.3","A00000310639","BA22NEOMST34016O1","NAISP","Y","Naididae sp.",,"family","Annelida","Clitellata","Oligochaeta","Oligochaeta",,,"Tubificida",,,,"Naididae",,,,,"sp.",,"immature",2,,1,70,1,"Y","N",,"condition OK","Y",,"Kathman and Brinkhurst, 1999","N","Rhithron Associates, Inc.","J. Webb","Nais?",,
"cec04a82-e9bf-4bdb-8a34-1d2b63688ff3","D18","OKSR","OKSR.AOS.reach","2022-07-22T18:51Z","2023-09-01","OKSR.20220722.SURBER.3","A00000310639",,"THIGRO","Y","Thienemannimyia gr.",,"speciesGroup","Arthropoda","Hexapoda","Insecta","Pterygota","Neoptera","Holometabola","Diptera","Nematocera","Culicomorpha",,"Chironomidae","Tanypodinae","Pentaneurini",,"Thienemannimyia","gr.",,"larva",2,,5,70,7,"Y","N","early instar","condition OK","Y",,"Weiderholm, 1983; Weiderholm, 1986; Epler 2001; Ferrington et al. 2008; Andersen, Cranston and Epler 2017","N","Rhithron Associates, Inc.","A. Fasbender",,,
"cf10e22c-8a14-4895-92f7-404a2561e45e","D18","OKSR","OKSR.AOS.reach","2022-07-22T18:51Z","2023-09-06","OKSR.20220722.KICKNET.1","A00000310642",,"TVESP","Y","Tvetenia sp.",,"genus","Arthropoda","Hexapoda","Insecta","Pterygota","Neoptera","Holometabola","Diptera","Nematocera","Culicomorpha",,"Chironomidae","Orthocladiinae",,,"Tvetenia","sp.",,"larva",4,,81,100,81,"N","N",,"condition OK","Y",,"Weiderholm, 1983; Weiderholm, 1986; Epler 2001; Ferrington et al. 2019; Andersen, Cranston and Epler 2013","N","Rhithron Associates, Inc.","R. Spring",,,
"148eadb7-fea3-4a2c-be90-2b54bf9868d5","D18","OKSR","OKSR.AOS.reach","2022-07-22T18:51Z","2023-09-06","OKSR.20220722.KICKNET.5","A00000310657",,"CRISP2","Y","Cricotopus sp.",,"genus","Arthropoda","Hexapoda","Insecta","Pterygota","Neoptera","Holometabola","Diptera","Nematocera","Culicomorpha",,"Chironomidae","Orthocladiinae",,,"Cricotopus","sp.",,"pupa",3,,3,100,3,"N","N",,"condition OK","N",,"Weiderholm, 1983; Weiderholm, 1986; Epler 2001; Ferrington et al. 2019; Andersen, Cranston and Epler 2013","N","Rhithron Associates, Inc.","R. Spring",,,
"20430bcd-1613-4294-8fd5-2e7247f79795","D18","OKSR","OKSR.AOS.reach","2022-07-22T18:51Z","2023-08-31","OKSR.20220722.KICKNET.1","A00000310642",,"TIPSP3","Y","Tipula sp.",,"genus","Arthropoda","Hexapoda","Insecta","Pterygota","Neoptera","Holometabola","Diptera","Nematocera","Tipulomorpha",,"Tipulidae","Tipulinae",,,"Tipula","sp.",,"larva",3,,3,100,3,"N","N",,"condition OK","Y",,"Gelhaus and Podeniene 2018; Merritt et al. 2019","N","Rhithron Associates, Inc.","B. Moore",,,
"347a63a4-ebdc-4aaa-b92d-3311c330bfaf","D18","OKSR","OKSR.AOS.reach","2022-07-22T18:51Z","2023-09-01","OKSR.20220722.SURBER.3","A00000310639",,"TVESP","Y","Tvetenia sp.",,"genus","Arthropoda","Hexapoda","Insecta","Pterygota","Neoptera","Holometabola","Diptera","Nematocera","Culicomorpha",,"Chironomidae","Orthocladiinae",,,"Tvetenia","sp.",,"larva",2,,11,70,16,"N","N",,"condition OK","Y",,"Weiderholm, 1983; Weiderholm, 1986; Epler 2001; Ferrington et al. 2019; Andersen, Cranston and Epler 2013","N","Rhithron Associates, Inc.","A. Fasbender",,,
"50838874-0b0b-4995-9a72-5cf3cae3cd91","D18","OKSR","OKSR.AOS.reach","2022-07-22T18:51Z","2023-09-06","OKSR.20220722.KICKNET.5","A00000310657",,"CLASP6","Y","Cladotanytarsus sp.",,"genus","Arthropoda","Hexapoda","Insecta","Pterygota","Neoptera","Holometabola","Diptera","Nematocera","Culicomorpha",,"Chironomidae","Chironominae","Tanytarsini",,"Cladotanytarsus","sp.",,"larva",3,,10,100,10,"N","N",,"condition OK","Y",,"Weiderholm, 1983; Weiderholm, 1986; Epler 2001; Ferrington et al. 2019; Andersen, Cranston and Epler 2013","N","Rhithron Associates, Inc.","R. Spring",,,
"b3ee6be6-d62b-40cd-9d40-8450759d2ecd","D18","OKSR","OKSR.AOS.reach","2022-07-22T18:51Z","2023-08-29","OKSR.20220722.SURBER.3","A00000310639",,"VALMER","Y","Valvata mergella",,"species","Mollusca",,"Gastropoda",,,,"Heterostropha",,,,"Valvatidae",,,,"Valvata","mergella",,"unknown",1,,1,70,1,"N","N",,"condition OK","Y",,"Burch 1989; Thorp and Rogers 2016","N","Rhithron Associates, Inc.","B. Moore",,,
"9b551a44-3cb9-44d1-8d1b-b3c939e5a6d8","D18","OKSR","OKSR.AOS.reach","2022-07-22T18:51Z","2023-09-05","OKSR.20220722.KICKNET.5","A00000310657","BA22NEOMST34013O2","ENCSP1","Y","Enchytraeidae sp.",,"family","Annelida","Clitellata","Oligochaeta","Oligochaeta",,,"Enchytraeida",,,,"Enchytraeidae",,,,,"sp.",,"unknown",3,,3,100,3,"N","N",,"condition OK","Y",,"Kathman and Brinkhurst, 1999","N","Rhithron Associates, Inc.","J. Webb",,,
"83a47ad0-e77f-4772-87ae-3f3a1234cde6","D18","OKSR","OKSR.AOS.reach","2022-07-22T18:51Z","2023-09-01","OKSR.20220722.SURBER.2","A00000310655",,"CRISP6","Y","Cricotopus/Orthocladius sp.",,"speciesGroup","Arthropoda","Hexapoda","Insecta","Pterygota","Neoptera","Holometabola","Diptera","Nematocera","Culicomorpha",,"Chironomidae","Orthocladiinae",,,"Cricotopus/Orthocladius","sp.",,"larva",4,,2,100,2,"Y","N","early instar","condition OK","N",,"Weiderholm, 1983; Weiderholm, 1986; Epler 2001; Ferrington et al. 2008; Andersen, Cranston and Epler 2013","N","Rhithron Associates, Inc.","A. Fasbender",,,
"e1c0b54e-bd85-42d7-b76f-e89f2755ca4e","D18","OKSR","OKSR.AOS.reach","2022-07-22T18:51Z","2023-08-29","OKSR.20220722.SURBER.3","A00000310639",,"BAEFOE","Y","Baetis foemina",,"species","Arthropoda","Hexapoda","Insecta","Pterygota","Palaeoptera",,"Ephemeroptera","Pisciforma",,,"Baetidae",,,,"Baetis","foemina",,"larva",4,,1,70,1,"N","N",,"condition OK","Y",,"Morihara and McCafferty 1979; Wiersema, 2004; Webb et al. 2018","N","Rhithron Associates, Inc.","B. Moore",,,
"09c5f704-067e-4f37-9435-983388144bd9","D18","OKSR","OKSR.AOS.reach","2022-07-22T18:51Z","2023-09-05","OKSR.20220722.KICKNET.5","A00000310657","BA22NEOMST34013O2","NAISP","Y","Naididae sp.",,"family","Annelida","Clitellata","Oligochaeta","Oligochaeta",,,"Tubificida",,,,"Naididae",,,,,"sp.",,"immature",2,,1,100,1,"Y","N",,"condition OK","Y",,"Kathman and Brinkhurst, 1999","N","Rhithron Associates, Inc.","J. Webb","w/eyes and dorsals on V",,
"845209a3-2d61-4fb3-900a-63babe293466","D18","OKSR","OKSR.AOS.reach","2022-07-22T18:51Z","2023-09-06","OKSR.20220722.KICKNET.4","A00000310640",,"HETSP13","Y","Heterotanytarsus sp.",,"genus","Arthropoda","Hexapoda","Insecta","Pterygota","Neoptera","Holometabola","Diptera","Nematocera","Culicomorpha",,"Chironomidae","Orthocladiinae",,,"Heterotanytarsus","sp.",,"larva",2,,1,37,3,"N","N",,"condition OK","Y",,"Weiderholm, 1983; Weiderholm, 1986; Epler 2001; Ferrington et al. 2019; Andersen, Cranston and Epler 2013","N","Rhithron Associates, Inc.","R. Spring",,,
"c96ff295-017f-49eb-a8a6-e6c083001287","D18","OKSR","OKSR.AOS.reach","2022-07-22T18:51Z","2023-08-31","OKSR.20220722.KICKNET.2","A00000310641",,"BAEFLA1","Y","Baetis flavistriga cx.",,"speciesGroup","Arthropoda","Hexapoda","Insecta","Pterygota","Palaeoptera",,"Ephemeroptera",,,,"Baetidae",,,,"Baetis","flavistriga cx.",,"larva",3,,2,73,3,"N","N",,"condition OK","Y",,"Morihara and McCafferty 1979; Wiersema, 2004; Webb et al. 2018","N","Rhithron Associates, Inc.","B. Moore",,,
"28c3641d-9891-4af3-81b4-2bfc1f48f951","D18","OKSR","OKSR.AOS.reach","2022-07-22T18:51Z","2023-08-29","OKSR.20220722.SURBER.3","A00000310639",,"ACELAP","Y","Acentrella lapponica",,"species","Arthropoda","Hexapoda","Insecta","Pterygota","Palaeoptera",,"Ephemeroptera","Pisciforma",,,"Baetidae",,,,"Acentrella","lapponica",,"larva",4,,6,70,9,"N","N",,"condition OK","Y",,"Jacobus and McCafferty 2006; McCafferty et al. 2009; Burian and Meyers 2011; Webb 2017; Alba-Tercedor and McCafferty 2000; Muller-Liebenau 1969","N","Rhithron Associates, Inc.","B. Moore",,,
"d913b201-d379-44c6-ac6b-8c32fa95e5e3","D18","OKSR","OKSR.AOS.reach","2022-07-22T18:51Z","2023-08-31","OKSR.20220722.KICKNET.2","A00000310641",,"SPESP4","Y","Sperchon sp.",,"genus","Arthropoda","Chelicerata","Arachnida","Acari",,"Acariformes","Trombidiformes","Prostigmata",,"Lebertioidea","Sperchontidae",,,,"Sperchon","sp.",,"adult",1,,2,73,3,"N","N",,"condition OK","Y",,"Thorp and Rogers 2016","N","Rhithron Associates, Inc.","B. Moore",,,
"d723d99a-b506-400d-8ed7-053e0ef20399","D18","OKSR","OKSR.AOS.reach","2022-07-22T18:51Z","2023-08-31","OKSR.20220722.KICKNET.4","A00000310640",,"CHLSP","Y","Chloroperlidae sp.",,"family","Arthropoda","Hexapoda","Insecta","Pterygota","Neoptera","Polyneoptera","Plecoptera","Systellognatha",,,"Chloroperlidae",,,,,"sp.",,"larva",2,,2,37,5,"Y","N","early instar","condition OK","Y",,"Stewart and Stark 2002; Merritt et al. 2019","N","Rhithron Associates, Inc.","B. Moore",,,
"f43a765a-d350-4713-a3b5-5f57eb17bb8d","D18","OKSR","OKSR.AOS.reach","2022-07-22T18:51Z","2023-09-01","OKSR.20220722.SURBER.1","A00000310656",,"CLASP6","Y","Cladotanytarsus sp.",,"genus","Arthropoda","Hexapoda","Insecta","Pterygota","Neoptera","Holometabola","Diptera","Nematocera","Culicomorpha",,"Chironomidae","Chironominae","Tanytarsini",,"Cladotanytarsus","sp.",,"larva",1,,1,100,1,"N","N",,"condition OK","Y",,"Weiderholm, 1983; Weiderholm, 1986; Epler 2001; Ferrington et al. 2019; Andersen, Cranston and Epler 2013","N","Rhithron Associates, Inc.","A. Fasbender",,,
"6c508e3e-0d9e-4191-9edc-a7c77cf562a2","D18","OKSR","OKSR.AOS.reach","2022-07-22T18:51Z","2023-09-01","OKSR.20220722.SURBER.3","A00000310639",,"MICSP6","Y","Micropsectra sp.",,"genus","Arthropoda","Hexapoda","Insecta","Pterygota","Neoptera","Holometabola","Diptera","Nematocera","Culicomorpha",,"Chironomidae","Chironominae","Tanytarsini",,"Micropsectra","sp.",,"larva",3,,1,70,1,"N","N",,"condition OK","Y",,"Weiderholm, 1983; Weiderholm, 1986; Epler 2001; Ferrington et al. 2019; Andersen, Cranston and Epler 2013","N","Rhithron Associates, Inc.","A. Fasbender",,,
"ee2d08c0-6796-475c-99e9-b5e4edea9f58","D18","OKSR","OKSR.AOS.reach","2022-07-22T18:51Z","2023-09-01","OKSR.20220722.SURBER.3","A00000310639",,"CARSP9","Y","Cardiocladius sp.",,"genus","Arthropoda","Hexapoda","Insecta","Pterygota","Neoptera","Holometabola","Diptera","Nematocera","Culicomorpha",,"Chironomidae","Orthocladiinae",,,"Cardiocladius","sp.",,"larva",5,,1,70,1,"N","N",,"condition OK","Y",,"Weiderholm, 1983; Weiderholm, 1986; Epler 2001; Ferrington et al. 2019; Andersen, Cranston and Epler 2013","N","Rhithron Associates, Inc.","A. Fasbender",,,
"c4061720-f39f-4410-a09a-9ce10991fae2","D18","OKSR","OKSR.AOS.reach","2022-07-22T18:51Z","2023-09-06","OKSR.20220722.KICKNET.2","A00000310641",,"THISP2","Y","Thienemanniella sp.",,"genus","Arthropoda","Hexapoda","Insecta","Pterygota","Neoptera","Holometabola","Diptera","Nematocera","Culicomorpha",,"Chironomidae","Orthocladiinae",,,"Thienemanniella","sp.",,"pupa",1,,1,73,1,"N","N",,"condition OK","Y",,"Weiderholm, 1983; Weiderholm, 1986; Epler 2001; Ferrington et al. 2019; Andersen, Cranston and Epler 2013","N","Rhithron Associates, Inc.","R. Spring",,,
"4406bec2-a77d-412c-a479-15b737237682","D18","OKSR","OKSR.AOS.reach","2022-07-22T18:51Z","2023-09-05","OKSR.20220722.KICKNET.2","A00000310641","BA22NEOMST34010O1","LUMSP2","Y","Lumbriculidae sp.",,"family","Annelida","Clitellata","Oligochaeta","Oligochaeta",,,"Lumbriculida",,,,"Lumbriculidae",,,,,"sp.",,"immature",10,,1,73,1,"Y","N",,"condition OK","Y",,"Kathman and Brinkhurst, 1999","N","Rhithron Associates, Inc.","J. Webb",,,
"94082821-a716-4a83-aa0c-7b2d5ebbabf8","D18","OKSR","OKSR.AOS.reach","2022-07-22T18:51Z","2023-08-30","OKSR.20220722.SURBER.2","A00000310655",,"NEMSP7","Y","Nemoura sp.",,"genus","Arthropoda","Hexapoda","Insecta","Pterygota","Neoptera","Polyneoptera","Plecoptera","Euholognatha",,,"Nemouridae","Nemourinae",,,"Nemoura","sp.",,"larva",1,,1,100,1,"N","N",,"condition OK","Y",,"Stewart and Stark 2002; Merritt et al. 2019","N","Rhithron Associates, Inc.","B. Moore",,,
"734309b1-dc39-4c28-83d4-f63205b2e576","D18","OKSR","OKSR.AOS.reach","2022-07-22T18:51Z","2023-08-31","OKSR.20220722.KICKNET.5","A00000310657",,"SIMSP1","Y","Simulium sp.",,"genus","Arthropoda","Hexapoda","Insecta","Pterygota","Neoptera","Holometabola","Diptera","Nematocera","Culicomorpha",,"Simuliidae","Simuliinae","Simuliini",,"Simulium","sp.",,"pupa",3,,1,100,1,"N","N",,"condition OK","Y",,"Adler et al. 2004; Merritt et al. 2019","N","Rhithron Associates, Inc.","B. Moore",,,
"00e495a9-9bb2-49d5-a98b-862a029a6dbb","D18","OKSR","OKSR.AOS.reach","2022-07-22T18:51Z","2023-08-31","OKSR.20220722.KICKNET.1","A00000310642",,"VALMER","Y","Valvata mergella",,"species","Mollusca",,"Gastropoda",,,,"Heterostropha",,,,"Valvatidae",,,,"Valvata","mergella",,"unknown",4,,4,100,4,"N","N",,"condition OK","Y",,"Burch 1989; Thorp and Rogers 2016","N","Rhithron Associates, Inc.","B. Moore",,,
"224fa3c8-d50c-42b7-a1b2-0e6a57addf06","D18","OKSR","OKSR.AOS.reach","2022-07-22T18:51Z","2023-09-06","OKSR.20220722.KICKNET.4","A00000310640","BA22NEOMST34012O1","NAISP1","Y","Nais sp.",,"genus","Annelida","Clitellata","Oligochaeta","Oligochaeta",,,"Tubificida",,,,"Naididae","Naidinae",,,"Nais","sp.",,"immature",2,,2,37,5,"Y","N",,"condition OK","Y",,"Kathman and Brinkhurst, 1999","N","Rhithron Associates, Inc.","J. Webb",,,
"7ae1a5ac-0135-4882-845e-7c15efb038ec","D18","OKSR","OKSR.AOS.reach","2022-07-22T18:51Z","2023-08-30","OKSR.20220722.SURBER.2","A00000310655",,"BAESP2","Y","Baetis sp.",,"genus","Arthropoda","Hexapoda","Insecta","Pterygota","Palaeoptera",,"Ephemeroptera","Pisciforma",,,"Baetidae",,,,"Baetis","sp.",,"larva",2,,4,100,4,"Y","N","early instar","condition OK","Y",,"Merritt et al. 2019","N","Rhithron Associates, Inc.","B. Moore",,,
"3ad4561d-3f3f-44a5-8619-dbcba66e603b","D18","OKSR","OKSR.AOS.reach","2022-07-22T18:51Z","2023-09-06","OKSR.20220722.KICKNET.5","A00000310657",,"PARSP26","Y","Parametriocnemus sp.",,"genus","Arthropoda","Hexapoda","Insecta","Pterygota","Neoptera","Holometabola","Diptera","Nematocera","Culicomorpha",,"Chironomidae","Orthocladiinae",,,"Parametriocnemus","sp.",,"larva",4,,2,100,2,"N","N",,"condition OK","Y",,"Weiderholm, 1983; Weiderholm, 1986; Epler 2001; Ferrington et al. 2019; Andersen, Cranston and Epler 2013","N","Rhithron Associates, Inc.","R. Spring",,,
"d9e180f4-c261-4b58-8864-5280b6dc3318","D18","OKSR","OKSR.AOS.reach","2022-07-22T18:51Z","2023-08-30","OKSR.20220722.SURBER.2","A00000310655",,"CINSP1","Y","Cinygmula sp.",,"genus","Arthropoda","Hexapoda","Insecta","Pterygota","Palaeoptera",,"Ephemeroptera","Pisciforma",,"Heptagenioidea","Heptageniidae",,,,"Cinygmula","sp.",,"larva",1,,2,100,2,"N","N",,"condition OK","Y",,"Merritt et al. 2019","N","Rhithron Associates, Inc.","B. Moore",,,
"4cde6ca9-c235-44fa-b419-c1fe41a0f0db","D18","OKSR","OKSR.AOS.reach","2022-07-22T18:51Z","2023-09-01","OKSR.20220722.SURBER.3","A00000310639",,"STESP9","Y","Stempellina sp.",,"genus","Arthropoda","Hexapoda","Insecta","Pterygota","Neoptera","Holometabola","Diptera","Nematocera","Culicomorpha",,"Chironomidae","Chironominae","Tanytarsini",,"Stempellina","sp.",,"larva",1,,10,70,14,"N","N",,"condition OK","Y",,"Weiderholm, 1983; Weiderholm, 1986; Epler 2001; Ferrington et al. 2019; Andersen, Cranston and Epler 2013","N","Rhithron Associates, Inc.","A. Fasbender",,,
"9a59b114-1c68-4106-b3c6-d77081ad0679","D18","OKSR","OKSR.AOS.reach","2022-07-22T18:51Z","2023-09-01","OKSR.20220722.SURBER.3","A00000310639",,"PARSP26","Y","Parametriocnemus sp.",,"genus","Arthropoda","Hexapoda","Insecta","Pterygota","Neoptera","Holometabola","Diptera","Nematocera","Culicomorpha",,"Chironomidae","Orthocladiinae",,,"Parametriocnemus","sp.",,"larva",4,,3,70,4,"N","N",,"condition OK","Y",,"Weiderholm, 1983; Weiderholm, 1986; Epler 2001; Ferrington et al. 2019; Andersen, Cranston and Epler 2013","N","Rhithron Associates, Inc.","A. Fasbender",,,
"4c168129-b7c7-4d03-91ba-53c4db504959","D18","OKSR","OKSR.AOS.reach","2022-07-22T18:51Z","2023-08-31","OKSR.20220722.KICKNET.1","A00000310642",,"CHLSP","Y","Chloroperlidae sp.",,"family","Arthropoda","Hexapoda","Insecta","Pterygota","Neoptera","Polyneoptera","Plecoptera","Systellognatha",,,"Chloroperlidae",,,,,"sp.",,"larva",2,,1,100,1,"Y","N","early instar","condition OK","Y",,"Stewart and Stark 2002; Merritt et al. 2019","N","Rhithron Associates, Inc.","B. Moore",,,
"71090119-d42d-4816-82e2-b9b868475518","D18","OKSR","OKSR.AOS.reach","2022-07-22T18:51Z","2023-08-31","OKSR.20220722.KICKNET.2","A00000310641",,"VALMER","Y","Valvata mergella",,"species","Mollusca",,"Gastropoda",,,,"Heterostropha",,,,"Valvatidae",,,,"Valvata","mergella",,"unknown",1,,1,73,1,"N","N",,"condition OK","Y",,"Burch 1989; Thorp and Rogers 2016","N","Rhithron Associates, Inc.","B. Moore",,,
"93345346-a71e-4d6c-89e4-79fb3fe7a9b9","D18","OKSR","OKSR.AOS.reach","2022-07-22T18:51Z","2023-09-06","OKSR.20220722.KICKNET.4","A00000310640","BA22NEOMST34012O1","ENCSP1","Y","Enchytraeidae sp.",,"family","Annelida","Clitellata","Oligochaeta","Oligochaeta",,,"Enchytraeida",,,,"Enchytraeidae",,,,,"sp.",,"unknown",4,,2,37,5,"N","N",,"condition OK","Y",,"Kathman and Brinkhurst, 1999","N","Rhithron Associates, Inc.","J. Webb",,,
"2af457f8-f0f8-4c4c-ba1d-c6293392d196","D18","OKSR","OKSR.AOS.reach","2022-07-22T18:51Z","2023-08-31","OKSR.20220722.SURBER.1","A00000310656",,"CINSP1","Y","Cinygmula sp.",,"genus","Arthropoda","Hexapoda","Insecta","Pterygota","Palaeoptera",,"Ephemeroptera","Pisciforma",,"Heptagenioidea","Heptageniidae",,,,"Cinygmula","sp.",,"larva",3,,7,100,7,"N","N",,"condition OK","Y",,"Merritt et al. 2019","N","Rhithron Associates, Inc.","B. Moore",,,
"a5666d41-17ce-482e-a3a5-1abb5c54b75d","D18","OKSR","OKSR.AOS.reach","2022-07-22T18:51Z","2023-08-31","OKSR.20220722.KICKNET.2","A00000310641",,"ACELAP","Y","Acentrella lapponica",,"species","Arthropoda","Hexapoda","Insecta","Pterygota","Palaeoptera",,"Ephemeroptera","Pisciforma",,,"Baetidae",,,,"Acentrella","lapponica",,"larva",4,,3,73,4,"N","N",,"condition OK","Y",,"Jacobus and McCafferty 2006; McCafferty et al. 2009; Burian and Meyers 2011; Webb 2017; Alba-Tercedor and McCafferty 2000; Muller-Liebenau 1969","N","Rhithron Associates, Inc.","B. Moore",,,
"6e721835-e682-402d-a8e7-ef7604e5ce68","D18","OKSR","OKSR.AOS.reach","2022-07-22T18:51Z","2023-09-06","OKSR.20220722.KICKNET.4","A00000310640",,"NEOSP32","Y","Neozavrelia sp.",,"genus","Arthropoda","Hexapoda","Insecta","Pterygota","Neoptera","Holometabola","Diptera","Nematocera","Culicomorpha",,"Chironomidae","Orthocladiinae","Tanytarsini",,"Neozavrelia","sp.",,"larva",1,,1,37,3,"N","N",,"condition OK","Y",,"Weiderholm, 1983; Weiderholm, 1986; Epler 2001; Ferrington et al. 2019; Andersen, Cranston and Epler 2013","N","Rhithron Associates, Inc.","R. Spring",,,
"b3288a3b-93e4-40c3-b7a7-a80e9c9d617d","D18","OKSR","OKSR.AOS.reach","2022-07-22T18:51Z","2023-08-31","OKSR.20220722.KICKNET.1","A00000310642",,"VALMER","Y","Valvata mergella",,"species","Mollusca",,"Gastropoda",,,,"Heterostropha",,,,"Valvatidae",,,,"Valvata","mergella",,"unknown",2,,4,100,4,"N","N",,"condition OK","Y",,"Burch 1989; Thorp and Rogers 2016","N","Rhithron Associates, Inc.","B. Moore",,,
"94484e60-7366-4653-aa1a-df674cb0d563","D18","OKSR","OKSR.AOS.reach","2022-07-22T18:51Z","2023-09-06","OKSR.20220722.KICKNET.4","A00000310640","BA22NEOMST34012O1","ENCSP1","Y","Enchytraeidae sp.",,"family","Annelida","Clitellata","Oligochaeta","Oligochaeta",,,"Enchytraeida",,,,"Enchytraeidae",,,,,"sp.",,"unknown",1,,1,37,3,"N","N",,"condition OK","Y",,"Kathman and Brinkhurst, 1999","N","Rhithron Associates, Inc.","J. Webb",,,
"d4861186-fbfe-4704-954d-1f3b9ca63a84","D18","OKSR","OKSR.AOS.reach","2022-07-22T18:51Z","2023-08-31","OKSR.20220722.KICKNET.5","A00000310657",,"SPESP4","Y","Sperchon sp.",,"genus","Arthropoda","Chelicerata","Arachnida","Acari",,"Acariformes","Trombidiformes","Prostigmata",,"Lebertioidea","Sperchontidae",,,,"Sperchon","sp.",,"adult",1,,1,100,1,"N","N",,"condition OK","Y",,"Thorp and Rogers 2016","N","Rhithron Associates, Inc.","B. Moore",,,
"bafed5b0-74a0-4d91-b5e4-202b2e6899dd","D18","OKSR","OKSR.AOS.reach","2022-07-22T18:51Z","2023-08-31","OKSR.20220722.KICKNET.2","A00000310641",,"HELSP20","Y","Helodon sp.",,"genus","Arthropoda","Hexapoda","Insecta",,,,"Diptera","Nematocera",,,"Simuliidae",,,,"Helodon","sp.",,"larva",3,,9,73,12,"N","N",,"condition OK","Y",,"Adler et al. 2004; Merritt et al. 2019","N","Rhithron Associates, Inc.","B. Moore",,,
"d5e26010-97ff-435a-8b98-cc10aa095571","D18","OKSR","OKSR.AOS.reach","2022-07-22T18:51Z","2023-09-06","OKSR.20220722.KICKNET.1","A00000310642",,"PARSP26","Y","Parametriocnemus sp.",,"genus","Arthropoda","Hexapoda","Insecta","Pterygota","Neoptera","Holometabola","Diptera","Nematocera","Culicomorpha",,"Chironomidae","Orthocladiinae",,,"Parametriocnemus","sp.",,"larva",4,,4,100,4,"N","N",,"condition OK","Y",,"Weiderholm, 1983; Weiderholm, 1986; Epler 2001; Ferrington et al. 2019; Andersen, Cranston and Epler 2013","N","Rhithron Associates, Inc.","R. Spring",,,
"346d41af-6aa9-412a-85b0-f30d75180653","D18","OKSR","OKSR.AOS.reach","2022-07-22T18:51Z","2023-09-06","OKSR.20220722.KICKNET.4","A00000310640",,"CONSP6","Y","Constempellina sp.",,"genus","Arthropoda","Hexapoda","Insecta","Pterygota","Neoptera","Holometabola","Diptera","Nematocera","Culicomorpha",,"Chironomidae","Chironominae","Tanytarsini",,"Constempellina","sp.",,"pupa",3,,4,37,11,"N","N",,"condition OK","N",,"Weiderholm, 1983; Weiderholm, 1986; Epler 2001; Ferrington et al. 2019; Andersen, Cranston and Epler 2013","N","Rhithron Associates, Inc.","R. Spring",,,
"a48fe75e-0f72-4b95-974a-6929ad8cc281","D18","OKSR","OKSR.AOS.reach","2022-07-22T18:51Z","2023-09-06","OKSR.20220722.KICKNET.5","A00000310657",,"PARSP26","Y","Parametriocnemus sp.",,"genus","Arthropoda","Hexapoda","Insecta","Pterygota","Neoptera","Holometabola","Diptera","Nematocera","Culicomorpha",,"Chironomidae","Orthocladiinae",,,"Parametriocnemus","sp.",,"pupa",4,,2,100,2,"N","N",,"condition OK","N",,"Weiderholm, 1983; Weiderholm, 1986; Epler 2001; Ferrington et al. 2019; Andersen, Cranston and Epler 2013","N","Rhithron Associates, Inc.","R. Spring",,,
"eab3bf98-029e-4868-9862-3a0fc78b82e1","D18","OKSR","OKSR.AOS.reach","2022-07-22T18:51Z","2023-08-30","OKSR.20220722.SURBER.2","A00000310655",,"ATRSP3","Y","Atractides sp.",,"genus","Arthropoda","Chelicerata","Arachnida","Acari",,"Acariformes","Trombidiformes","Prostigmata",,"Hygrobatoidea","Hygrobatidae",,,,"Atractides","sp.",,"adult",1,,1,100,1,"N","N",,"condition OK","Y",,"Thorp and Rogers 2016","N","Rhithron Associates, Inc.","B. Moore",,,
"76267438-d970-4271-9ea8-b00d0ea67d25","D18","OKSR","OKSR.AOS.reach","2022-07-22T18:51Z","2023-09-01","OKSR.20220722.SURBER.3","A00000310639",,"THIGRO","Y","Thienemannimyia gr.",,"speciesGroup","Arthropoda","Hexapoda","Insecta","Pterygota","Neoptera","Holometabola","Diptera","Nematocera","Culicomorpha",,"Chironomidae","Tanypodinae","Pentaneurini",,"Thienemannimyia","gr.",,"larva",3,,6,70,9,"Y","N","early instar","condition OK","Y",,"Weiderholm, 1983; Weiderholm, 1986; Epler 2001; Ferrington et al. 2008; Andersen, Cranston and Epler 2017","N","Rhithron Associates, Inc.","A. Fasbender",,,
"46bc41d9-cb1f-48c4-960c-a00c093f4d84","D18","OKSR","OKSR.AOS.reach","2022-07-22T18:51Z","2023-08-31","OKSR.20220722.KICKNET.2","A00000310641",,"BAEFLA1","Y","Baetis flavistriga cx.",,"speciesGroup","Arthropoda","Hexapoda","Insecta","Pterygota","Palaeoptera",,"Ephemeroptera",,,,"Baetidae",,,,"Baetis","flavistriga cx.",,"larva",4,,8,73,11,"N","N",,"condition OK","Y",,"Morihara and McCafferty 1979; Wiersema, 2004; Webb et al. 2018","N","Rhithron Associates, Inc.","B. Moore",,,
"10ec2acf-4a6f-485d-86f4-99a4ef4bf422","D18","OKSR","OKSR.AOS.reach","2022-07-22T18:51Z","2023-09-05","OKSR.20220722.KICKNET.5","A00000310657","BA22NEOMST34013O1","LUMSP2","Y","Lumbriculidae sp.",,"family","Annelida","Clitellata","Oligochaeta","Oligochaeta",,,"Lumbriculida",,,,"Lumbriculidae",,,,,"sp.",,"immature",10,,5,100,5,"Y","N",,"condition OK","Y",,"Kathman and Brinkhurst, 1999","N","Rhithron Associates, Inc.","J. Webb",,,
"637e83a2-c385-47ba-b938-1d5557d00be8","D18","OKSR","OKSR.AOS.reach","2022-07-22T18:51Z","2023-08-31","OKSR.20220722.KICKNET.3","A00000310658",,"VALMER","Y","Valvata mergella",,"species","Mollusca",,"Gastropoda",,,,"Heterostropha",,,,"Valvatidae",,,,"Valvata","mergella",,"unknown",3,,1,100,1,"N","N",,"condition OK","Y",,"Burch 1989; Thorp and Rogers 2016","Y","Rhithron Associates, Inc.","B. Moore",,,
"c9e3a213-63b8-407a-a23c-47596b8c556a","D18","OKSR","OKSR.AOS.reach","2022-07-22T18:51Z","2023-08-31","OKSR.20220722.KICKNET.5","A00000310657",,"HELSP20","Y","Helodon sp.",,"genus","Arthropoda","Hexapoda","Insecta",,,,"Diptera","Nematocera",,,"Simuliidae",,,,"Helodon","sp.",,"larva",4,,3,100,3,"N","N",,"condition OK","Y",,"Adler et al. 2004; Merritt et al. 2019","N","Rhithron Associates, Inc.","B. Moore",,,
"59bf4e10-c784-4bdd-bca3-122ddaf8f5ee","D18","OKSR","OKSR.AOS.reach","2022-07-22T18:51Z","2023-09-06","OKSR.20220722.KICKNET.2","A00000310641",,"CLASP6","Y","Cladotanytarsus sp.",,"genus","Arthropoda","Hexapoda","Insecta","Pterygota","Neoptera","Holometabola","Diptera","Nematocera","Culicomorpha",,"Chironomidae","Chironominae","Tanytarsini",,"Cladotanytarsus","sp.",,"larva",2,,11,73,15,"N","N",,"condition OK","Y",,"Weiderholm, 1983; Weiderholm, 1986; Epler 2001; Ferrington et al. 2019; Andersen, Cranston and Epler 2013","N","Rhithron Associates, Inc.","R. Spring",,,
"9dd237a3-d5fb-4500-a6b7-95db051bd632","D18","OKSR","OKSR.AOS.reach","2022-07-22T18:51Z","2023-08-31","OKSR.20220722.SURBER.1","A00000310656",,"CHLSP","Y","Chloroperlidae sp.",,"family","Arthropoda","Hexapoda","Insecta","Pterygota","Neoptera","Polyneoptera","Plecoptera","Systellognatha",,,"Chloroperlidae",,,,,"sp.",,"larva",2,,1,100,1,"Y","N","early instar","condition OK","Y",,"Stewart and Stark 2002; Merritt et al. 2019","N","Rhithron Associates, Inc.","B. Moore",,,
"5658a82b-5e28-4a35-ae43-fc3f3266c73a","D18","OKSR","OKSR.AOS.reach","2022-07-22T18:51Z","2023-08-29","OKSR.20220722.SURBER.3","A00000310639",,"RHYMON1","Y","Rhyacophila mongolica",,"species","Arthropoda","Hexapoda","Insecta","Pterygota","Neoptera","Holometabola","Trichoptera",,,"Rhyacophiloidea","Rhyacophilidae",,,,"Rhyacophila","mongolica",,"larva",3,,3,70,4,"N","N",,"condition OK","Y",,"Prather and Morris 2001; Morse et al. 2017; Giersch et al. 2012","N","Rhithron Associates, Inc.","B. Moore",,,
"79102673-6f5b-4d19-b0c6-fe6d87284521","D18","OKSR","OKSR.AOS.reach","2022-07-22T18:51Z","2023-08-30","OKSR.20220722.SURBER.2","A00000310655",,"HELSP20","Y","Helodon sp.",,"genus","Arthropoda","Hexapoda","Insecta",,,,"Diptera","Nematocera",,,"Simuliidae",,,,"Helodon","sp.",,"larva",4,,191,100,191,"N","N",,"condition OK","Y",,"Adler et al. 2004; Merritt et al. 2019","N","Rhithron Associates, Inc.","B. Moore",,,
"ac899290-7896-4f51-a4a4-e1f6c45ea475","D18","OKSR","OKSR.AOS.reach","2022-07-22T18:51Z","2023-09-06","OKSR.20220722.KICKNET.4","A00000310640",,"STESP9","Y","Stempellina sp.",,"genus","Arthropoda","Hexapoda","Insecta","Pterygota","Neoptera","Holometabola","Diptera","Nematocera","Culicomorpha",,"Chironomidae","Chironominae","Tanytarsini",,"Stempellina","sp.",,"larva",2,,15,37,41,"N","N",,"condition OK","Y",,"Weiderholm, 1983; Weiderholm, 1986; Epler 2001; Ferrington et al. 2019; Andersen, Cranston and Epler 2013","N","Rhithron Associates, Inc.","R. Spring",,,
"e65fef9e-1e72-4372-89f0-0b16d2f37b7d","D18","OKSR","OKSR.AOS.reach","2022-07-22T18:51Z","2023-09-05","OKSR.20220722.KICKNET.1","A00000310642","BA22NEOMST34009O1","ENCSP1","Y","Enchytraeidae sp.",,"family","Annelida","Clitellata","Oligochaeta","Oligochaeta",,,"Enchytraeida",,,,"Enchytraeidae",,,,,"sp.",,"unknown",5,,4,100,4,"N","N",,"condition OK","Y",,"Kathman and Brinkhurst, 1999","N","Rhithron Associates, Inc.","J. Webb",,,
"bd5bc420-b98a-4d42-b24e-bfc169422684","D18","OKSR","OKSR.AOS.reach","2022-07-22T18:51Z","2023-09-05","OKSR.20220722.KICKNET.3","A00000310658","BA22NEOMST34011O3","ENCSP1","Y","Enchytraeidae sp.",,"family","Annelida","Clitellata","Oligochaeta","Oligochaeta",,,"Enchytraeida",,,,"Enchytraeidae",,,,,"sp.",,"unknown",5,,1,100,1,"N","N",,"condition OK","Y",,"Kathman and Brinkhurst, 1999","Y","Rhithron Associates, Inc.","J. Webb",,,
"1ac13ab0-27b3-4a2e-80bc-6bc625888c9c","D18","OKSR","OKSR.AOS.reach","2022-07-22T18:51Z","2023-09-06","OKSR.20220722.KICKNET.5","A00000310657",,"TANSP11","Y","Tanytarsus sp.",,"genus","Arthropoda","Hexapoda","Insecta","Pterygota","Neoptera","Holometabola","Diptera","Nematocera","Culicomorpha",,"Chironomidae","Chironominae","Tanytarsini",,"Tanytarsus","sp.",,"larva",3,,1,100,1,"N","N",,"condition OK","Y",,"Weiderholm, 1983; Weiderholm, 1986; Epler 2001; Ferrington et al. 2019; Andersen, Cranston and Epler 2013","N","Rhithron Associates, Inc.","R. Spring",,,
"54e7dfc0-9433-4b84-944b-416748281096","D18","OKSR","OKSR.AOS.reach","2022-07-22T18:51Z","2023-08-31","OKSR.20220722.KICKNET.1","A00000310642",,"CINSP1","Y","Cinygmula sp.",,"genus","Arthropoda","Hexapoda","Insecta","Pterygota","Palaeoptera",,"Ephemeroptera","Pisciforma",,"Heptagenioidea","Heptageniidae",,,,"Cinygmula","sp.",,"larva",3,,4,100,4,"N","N",,"condition OK","Y",,"Merritt et al. 2019","N","Rhithron Associates, Inc.","B. Moore",,,
"1d652528-14a0-413e-96bc-1004ff918b0f","D18","OKSR","OKSR.AOS.reach","2022-07-22T18:51Z","2023-08-31","OKSR.20220722.KICKNET.2","A00000310641",,"ACETUR","Y","Acentrella turbida",,"species","Arthropoda","Hexapoda","Insecta","Pterygota","Palaeoptera",,"Ephemeroptera","Pisciforma",,,"Baetidae",,,,"Acentrella","turbida",,"larva",4,,1,73,1,"N","N",,"condition OK","Y",,"Jacobus and McCafferty 2006","N","Rhithron Associates, Inc.","B. Moore",,,
"8ec7653d-5e5c-461b-941d-02dcaaad48bd","D18","OKSR","OKSR.AOS.reach","2022-07-22T18:51Z","2023-08-31","OKSR.20220722.KICKNET.2","A00000310641",,"CINSP1","Y","Cinygmula sp.",,"genus","Arthropoda","Hexapoda","Insecta","Pterygota","Palaeoptera",,"Ephemeroptera","Pisciforma",,"Heptagenioidea","Heptageniidae",,,,"Cinygmula","sp.",,"larva",4,,59,73,81,"N","N",,"condition OK","Y",,"Merritt et al. 2019","N","Rhithron Associates, Inc.","B. Moore",,,
"f2486b56-c05d-46d4-8d52-414f5dddb69a","D18","OKSR","OKSR.AOS.reach","2022-07-22T18:51Z","2023-08-29","OKSR.20220722.SURBER.3","A00000310639",,"BAEFLA1","Y","Baetis flavistriga cx.",,"speciesGroup","Arthropoda","Hexapoda","Insecta","Pterygota","Palaeoptera",,"Ephemeroptera",,,,"Baetidae",,,,"Baetis","flavistriga cx.",,"larva",2,,6,70,9,"N","N",,"condition OK","Y",,"Morihara and McCafferty 1979; Wiersema, 2004; Webb et al. 2018","N","Rhithron Associates, Inc.","B. Moore",,,
"0544d340-7ce4-4f07-8a65-8a7df8f79972","D18","OKSR","OKSR.AOS.reach","2022-07-22T18:51Z","2023-09-01","OKSR.20220722.SURBER.3","A00000310639",,"ORTEUO","Y","Orthocladius (Euorthocladius) sp.",,"subgenus","Arthropoda","Hexapoda","Insecta","Pterygota","Neoptera","Holometabola","Diptera","Nematocera","Culicomorpha",,"Chironomidae","Orthocladiinae",,,"Orthocladius","sp.",,"larva",4,,1,70,1,"N","N",,"condition OK","Y",,"Weiderholm, 1983; Weiderholm, 1986; Epler 2001; Ferrington et al. 2019; Andersen, Cranston and Epler 2013","N","Rhithron Associates, Inc.","A. Fasbender",,,
"1a12c236-5b96-4e35-813f-54ca66f61931","D18","OKSR","OKSR.AOS.reach","2022-07-22T18:51Z","2023-08-31","OKSR.20220722.KICKNET.5","A00000310657",,"HELSP20","Y","Helodon sp.",,"genus","Arthropoda","Hexapoda","Insecta",,,,"Diptera","Nematocera",,,"Simuliidae",,,,"Helodon","sp.",,"larva",3,,3,100,3,"N","N",,"condition OK","Y",,"Adler et al. 2004; Merritt et al. 2019","N","Rhithron Associates, Inc.","B. Moore",,,
"7c331701-d622-499f-9961-edd1fa96aeef","D18","OKSR","OKSR.AOS.reach","2022-07-22T18:51Z","2023-09-01","OKSR.20220722.SURBER.2","A00000310655",,"STESP9","Y","Stempellina sp.",,"genus","Arthropoda","Hexapoda","Insecta","Pterygota","Neoptera","Holometabola","Diptera","Nematocera","Culicomorpha",,"Chironomidae","Chironominae","Tanytarsini",,"Stempellina","sp.",,"larva",2,,2,100,2,"N","N",,"condition OK","Y",,"Weiderholm, 1983; Weiderholm, 1986; Epler 2001; Ferrington et al. 2019; Andersen, Cranston and Epler 2013","N","Rhithron Associates, Inc.","A. Fasbender",,,
"0ab1d3e2-9454-4fad-a2ad-56b666af1e96","D18","OKSR","OKSR.AOS.reach","2022-07-22T18:51Z","2023-09-06","OKSR.20220722.KICKNET.4","A00000310640",,"PARSP26","Y","Parametriocnemus sp.",,"genus","Arthropoda","Hexapoda","Insecta","Pterygota","Neoptera","Holometabola","Diptera","Nematocera","Culicomorpha",,"Chironomidae","Orthocladiinae",,,"Parametriocnemus","sp.",,"larva",4,,4,37,11,"N","N",,"condition OK","Y",,"Weiderholm, 1983; Weiderholm, 1986; Epler 2001; Ferrington et al. 2019; Andersen, Cranston and Epler 2013","N","Rhithron Associates, Inc.","R. Spring",,,
"0e68b8c9-07c8-4e8d-a712-bb356886a1bf","D18","OKSR","OKSR.AOS.reach","2022-07-22T18:51Z","2023-09-06","OKSR.20220722.KICKNET.1","A00000310642",,"ORTSP3","Y","Orthocladius sp.",,"genus","Arthropoda","Hexapoda","Insecta","Pterygota","Neoptera","Holometabola","Diptera","Nematocera","Culicomorpha",,"Chironomidae","Orthocladiinae",,,"Orthocladius","sp.",,"larva",5,,1,100,1,"N","N",,"condition OK","Y",,"Weiderholm, 1983; Weiderholm, 1986; Epler 2001; Ferrington et al. 2019; Andersen, Cranston and Epler 2013","N","Rhithron Associates, Inc.","R. Spring",,,
"d4591576-8f05-4d0c-9462-8fd54aa8932c","D18","OKSR","OKSR.AOS.reach","2022-07-22T18:51Z","2023-08-31","OKSR.20220722.KICKNET.3","A00000310658",,"VALMER","Y","Valvata mergella",,"species","Mollusca",,"Gastropoda",,,,"Heterostropha",,,,"Valvatidae",,,,"Valvata","mergella",,"unknown",2,,2,100,2,"N","N",,"condition OK","Y",,"Burch 1989; Thorp and Rogers 2016","Y","Rhithron Associates, Inc.","B. Moore",,,
"3bbc0c79-1a4b-4d59-b462-9e3706da8c09","D18","OKSR","OKSR.AOS.reach","2022-07-22T18:51Z","2023-09-05","OKSR.20220722.KICKNET.2","A00000310641","BA22NEOMST34010O1","LUMSP2","Y","Lumbriculidae sp.",,"family","Annelida","Clitellata","Oligochaeta","Oligochaeta",,,"Lumbriculida",,,,"Lumbriculidae",,,,,"sp.",,"immature",15,,3,73,4,"Y","N",,"condition OK","Y",,"Kathman and Brinkhurst, 1999","N","Rhithron Associates, Inc.","J. Webb",,,
"a111b6a3-2a24-45a1-bb0f-1dfefed0652f","D18","OKSR","OKSR.AOS.reach","2022-07-22T18:51Z","2023-09-06","OKSR.20220722.KICKNET.3","A00000310658",,"CLASP6","Y","Cladotanytarsus sp.",,"genus","Arthropoda","Hexapoda","Insecta","Pterygota","Neoptera","Holometabola","Diptera","Nematocera","Culicomorpha",,"Chironomidae","Chironominae","Tanytarsini",,"Cladotanytarsus","sp.",,"larva",2,,13,100,13,"N","N",,"condition OK","Y",,"Weiderholm, 1983; Weiderholm, 1986; Epler 2001; Ferrington et al. 2019; Andersen, Cranston and Epler 2013","Y","Rhithron Associates, Inc.","R. Spring",,,
"308f5ac1-bb78-472a-ba7c-0253eb3dde3e","D18","OKSR","OKSR.AOS.reach","2022-07-22T18:51Z","2023-09-06","OKSR.20220722.KICKNET.1","A00000310642",,"THIGRO","Y","Thienemannimyia gr.",,"speciesGroup","Arthropoda","Hexapoda","Insecta","Pterygota","Neoptera","Holometabola","Diptera","Nematocera","Culicomorpha",,"Chironomidae","Tanypodinae","Pentaneurini",,"Thienemannimyia","gr.",,"larva",3,,1,100,1,"Y","N","early instar","condition OK","Y",,"Weiderholm, 1983; Weiderholm, 1986; Epler 2001; Ferrington et al. 2008; Andersen, Cranston and Epler 2017","N","Rhithron Associates, Inc.","R. Spring",,,
"592f60e2-ce04-49c6-b8e1-843ddb1becb8","D18","OKSR","OKSR.AOS.reach","2022-07-22T18:51Z","2023-08-31","OKSR.20220722.KICKNET.4","A00000310640",,"NEMSP","Y","Nematoda sp.",,"phylum","Nematoda",,,,,,,,,,,,,,,"sp.",,"unknown",2,,19,37,51,"N","N",,"condition OK","Y",,"Thorp and Rogers 2016","N","Rhithron Associates, Inc.","B. Moore",,,
"1ad70976-6189-4199-8040-7c759257990e","D18","OKSR","OKSR.AOS.reach","2022-07-22T18:51Z","2023-09-06","OKSR.20220722.KICKNET.5","A00000310657",,"NEOSP32","Y","Neozavrelia sp.",,"genus","Arthropoda","Hexapoda","Insecta","Pterygota","Neoptera","Holometabola","Diptera","Nematocera","Culicomorpha",,"Chironomidae","Orthocladiinae","Tanytarsini",,"Neozavrelia","sp.",,"larva",3,,3,100,3,"N","N",,"condition OK","Y",,"Weiderholm, 1983; Weiderholm, 1986; Epler 2001; Ferrington et al. 2019; Andersen, Cranston and Epler 2013","N","Rhithron Associates, Inc.","R. Spring",,,
"4bd91ea3-f691-426c-a46e-5b909211d5ce","D18","OKSR","OKSR.AOS.reach","2022-07-22T18:51Z","2023-08-31","OKSR.20220722.KICKNET.1","A00000310642",,"EMPSP","Y","Empididae sp.",,"family","Arthropoda","Hexapoda","Insecta","Pterygota","Neoptera","Holometabola","Diptera","Brachycera","Muscomorpha",,"Empididae",,,,,"sp.",,"pupa",4,,1,100,1,"N","N",,"condition OK","N",,"Merritt et al. 2019","N","Rhithron Associates, Inc.","B. Moore",,,
"e5a6f785-f844-4da3-a8d1-12fce1187c0b","D18","OKSR","OKSR.AOS.reach","2022-07-22T18:51Z","2023-09-06","OKSR.20220722.KICKNET.5","A00000310657",,"CONSP6","Y","Constempellina sp.",,"genus","Arthropoda","Hexapoda","Insecta","Pterygota","Neoptera","Holometabola","Diptera","Nematocera","Culicomorpha",,"Chironomidae","Chironominae","Tanytarsini",,"Constempellina","sp.",,"larva",3,,3,100,3,"N","N",,"condition OK","Y",,"Weiderholm, 1983; Weiderholm, 1986; Epler 2001; Ferrington et al. 2019; Andersen, Cranston and Epler 2013","N","Rhithron Associates, Inc.","R. Spring",,,
"cec0d2ac-714c-4fac-a01b-a449b4c76062","D18","OKSR","OKSR.AOS.reach","2022-07-22T18:51Z","2023-09-01","OKSR.20220722.SURBER.2","A00000310655",,"STESP9","Y","Stempellina sp.",,"genus","Arthropoda","Hexapoda","Insecta","Pterygota","Neoptera","Holometabola","Diptera","Nematocera","Culicomorpha",,"Chironomidae","Chironominae","Tanytarsini",,"Stempellina","sp.",,"larva",1,,9,100,9,"N","N",,"condition OK","Y",,"Weiderholm, 1983; Weiderholm, 1986; Epler 2001; Ferrington et al. 2019; Andersen, Cranston and Epler 2013","N","Rhithron Associates, Inc.","A. Fasbender",,,
"67903f3c-8f2b-4001-bbc8-011e83daf59b","D18","OKSR","OKSR.AOS.reach","2022-07-22T18:51Z","2023-08-31","OKSR.20220722.KICKNET.1","A00000310642",,"BAEFLA1","Y","Baetis flavistriga cx.",,"speciesGroup","Arthropoda","Hexapoda","Insecta","Pterygota","Palaeoptera",,"Ephemeroptera",,,,"Baetidae",,,,"Baetis","flavistriga cx.",,"larva",3,,9,100,9,"N","N",,"condition OK","Y",,"Morihara and McCafferty 1979; Wiersema, 2004; Webb et al. 2018","N","Rhithron Associates, Inc.","B. Moore",,,
"3f0526d3-1c9a-41b3-a452-8930b9a3e96e","D18","OKSR","OKSR.AOS.reach","2022-07-22T18:51Z","2023-09-06","OKSR.20220722.KICKNET.4","A00000310640",,"TVESP","Y","Tvetenia sp.",,"genus","Arthropoda","Hexapoda","Insecta","Pterygota","Neoptera","Holometabola","Diptera","Nematocera","Culicomorpha",,"Chironomidae","Orthocladiinae",,,"Tvetenia","sp.",,"larva",3,,4,37,11,"N","N",,"condition OK","Y",,"Weiderholm, 1983; Weiderholm, 1986; Epler 2001; Ferrington et al. 2019; Andersen, Cranston and Epler 2013","N","Rhithron Associates, Inc.","R. Spring",,,
"05904fa5-8eac-4226-bd77-91cf5fc383b8","D18","OKSR","OKSR.AOS.reach","2022-07-22T18:51Z","2023-09-01","OKSR.20220722.SURBER.3","A00000310639",,"HYDSP52","Y","Hydrosmittia sp.",,"genus","Arthropoda",,"Insecta","Pterygota","Neoptera",,"Diptera","Nematocera","Culicomorpha","Chironomoidea","Chironomidae","Orthocladiinae",,,"Hydrosmittia","sp.",,"larva",2,,2,70,3,"N","N",,"condition OK","Y",,"Weiderholm, 1983; Weiderholm, 1986; Epler 2001; Ferrington et al. 2019; Andersen, Cranston and Epler 2013","N","Rhithron Associates, Inc.","A. Fasbender",,,
"a5b2857a-4cf2-40e6-8361-f6eda22ef5ec","D18","OKSR","OKSR.AOS.reach","2022-07-22T18:51Z","2023-09-06","OKSR.20220722.KICKNET.3","A00000310658",,"KRESP1","Y","Krenosmittia sp.",,"genus","Arthropoda","Hexapoda","Insecta","Pterygota","Neoptera","Holometabola","Diptera","Nematocera","Culicomorpha",,"Chironomidae","Orthocladiinae",,,"Krenosmittia","sp.",,"larva",3,,1,100,1,"N","N",,"condition OK","Y",,"Weiderholm, 1983; Weiderholm, 1986; Epler 2001; Ferrington et al. 2019; Andersen, Cranston and Epler 2013","Y","Rhithron Associates, Inc.","R. Spring",,,
"1927bf59-f6b7-4961-8e06-c57b7ff36d5b","D18","OKSR","OKSR.AOS.reach","2022-07-22T18:51Z","2023-08-30","OKSR.20220722.SURBER.2","A00000310655",,"NEMSP","Y","Nematoda sp.",,"phylum","Nematoda",,,,,,,,,,,,,,,"sp.",,"unknown",2,,1,100,1,"N","N",,"condition OK","Y",,"Thorp and Rogers 2016","N","Rhithron Associates, Inc.","B. Moore",,,
"6930abe6-83ff-4a66-b095-564aa8932266","D18","OKSR","OKSR.AOS.reach","2022-07-22T18:51Z","2023-09-05","OKSR.20220722.KICKNET.3","A00000310658","BA22NEOMST34011O3","LUMSP2","Y","Lumbriculidae sp.",,"family","Annelida","Clitellata","Oligochaeta","Oligochaeta",,,"Lumbriculida",,,,"Lumbriculidae",,,,,"sp.",,"immature",8,,1,100,1,"Y","N",,"condition OK","Y",,"Kathman and Brinkhurst, 1999","Y","Rhithron Associates, Inc.","J. Webb",,,
"4fd93f76-b822-487f-9bf6-47734bed4515","D18","OKSR","OKSR.AOS.reach","2022-07-22T18:51Z","2023-09-06","OKSR.20220722.KICKNET.5","A00000310657",,"CRISP2","Y","Cricotopus sp.",,"genus","Arthropoda","Hexapoda","Insecta","Pterygota","Neoptera","Holometabola","Diptera","Nematocera","Culicomorpha",,"Chironomidae","Orthocladiinae",,,"Cricotopus","sp.",,"larva",5,,1,100,1,"N","N",,"condition OK","Y",,"Weiderholm, 1983; Weiderholm, 1986; Epler 2001; Ferrington et al. 2019; Andersen, Cranston and Epler 2013","N","Rhithron Associates, Inc.","R. Spring",,,
"111552e8-a9f7-48a6-8bcb-779d14e2aa6c","D18","OKSR","OKSR.AOS.reach","2022-07-22T18:51Z","2023-09-06","OKSR.20220722.KICKNET.4","A00000310640",,"PARSP26","Y","Parametriocnemus sp.",,"genus","Arthropoda","Hexapoda","Insecta","Pterygota","Neoptera","Holometabola","Diptera","Nematocera","Culicomorpha",,"Chironomidae","Orthocladiinae",,,"Parametriocnemus","sp.",,"larva",5,,14,37,38,"N","N",,"condition OK","Y",,"Weiderholm, 1983; Weiderholm, 1986; Epler 2001; Ferrington et al. 2019; Andersen, Cranston and Epler 2013","N","Rhithron Associates, Inc.","R. Spring",,,
"b22aa504-f9ce-4859-a12d-98d5c7bde2ae","D18","OKSR","OKSR.AOS.reach","2022-07-22T18:51Z","2023-08-29","OKSR.20220722.SURBER.3","A00000310639",,"VALMER","Y","Valvata mergella",,"species","Mollusca",,"Gastropoda",,,,"Heterostropha",,,,"Valvatidae",,,,"Valvata","mergella",,"unknown",2,,1,70,1,"N","N",,"condition OK","Y",,"Burch 1989; Thorp and Rogers 2016","N","Rhithron Associates, Inc.","B. Moore",,,
"4e6ddb49-4558-43d6-8fcf-937cf15c7f30","D18","OKSR","OKSR.AOS.reach","2022-07-22T18:51Z","2023-08-31","OKSR.20220722.KICKNET.2","A00000310641",,"BAEFLA1","Y","Baetis flavistriga cx.",,"speciesGroup","Arthropoda","Hexapoda","Insecta","Pterygota","Palaeoptera",,"Ephemeroptera",,,,"Baetidae",,,,"Baetis","flavistriga cx.",,"larva",5,,8,73,11,"N","N",,"condition OK","Y",,"Morihara and McCafferty 1979; Wiersema, 2004; Webb et al. 2018","N","Rhithron Associates, Inc.","B. Moore",,,
"2c2c95d9-88cc-49f5-a387-df3c42377e31","D18","OKSR","OKSR.AOS.reach","2022-07-22T18:51Z","2023-08-30","OKSR.20220722.SURBER.2","A00000310655",,"LEBSP1","Y","Lebertia sp.",,"genus","Arthropoda","Chelicerata","Arachnida","Acari",,"Acariformes","Trombidiformes","Prostigmata",,"Lebertioidea","Lebertiidae",,,,"Lebertia","sp.",,"adult",1,,3,100,3,"N","N",,"condition OK","Y",,"Thorp and Rogers 2016","N","Rhithron Associates, Inc.","B. Moore",,,
"58532bd4-6166-4643-a1e7-7811e4a91260","D18","OKSR","OKSR.AOS.reach","2022-07-22T18:51Z","2023-08-31","OKSR.20220722.KICKNET.1","A00000310642",,"HELSP20","Y","Helodon sp.",,"genus","Arthropoda","Hexapoda","Insecta",,,,"Diptera","Nematocera",,,"Simuliidae",,,,"Helodon","sp.",,"larva",5,,2,100,2,"N","N",,"condition OK","Y",,"Adler et al. 2004; Merritt et al. 2019","N","Rhithron Associates, Inc.","B. Moore",,,
"66eab571-c3c3-4bbe-b690-a51480e71f55","D18","OKSR","OKSR.AOS.reach","2022-07-22T18:51Z","2023-09-06","OKSR.20220722.KICKNET.3","A00000310658",,"ORTSP3","Y","Orthocladius sp.",,"genus","Arthropoda","Hexapoda","Insecta","Pterygota","Neoptera","Holometabola","Diptera","Nematocera","Culicomorpha",,"Chironomidae","Orthocladiinae",,,"Orthocladius","sp.",,"larva",4,,2,100,2,"N","N",,"condition OK","Y",,"Weiderholm, 1983; Weiderholm, 1986; Epler 2001; Ferrington et al. 2019; Andersen, Cranston and Epler 2013","Y","Rhithron Associates, Inc.","R. Spring",,,
"b63f07f0-10e2-4c23-b95d-c2ea3dc41333","D18","OKSR","OKSR.AOS.reach","2022-07-22T18:51Z","2023-09-06","OKSR.20220722.KICKNET.2","A00000310641",,"ORTSP1","Y","Orthocladiinae sp.",,"subfamily","Arthropoda","Hexapoda","Insecta","Pterygota","Neoptera","Holometabola","Diptera","Nematocera","Culicomorpha",,"Chironomidae","Orthocladiinae",,,,"sp.",,"pupa",3,,2,73,3,"N","N","damaged","damaged, affecting taxonomy and measurement","N",,"Weiderholm, 1983; Weiderholm, 1986; Epler 2001; Ferrington et al. 2019; Andersen, Cranston and Epler 2013","N","Rhithron Associates, Inc.","R. Spring",,,
"22018734-35a8-45e7-bf91-819b07ad7689","D18","OKSR","OKSR.AOS.reach","2022-07-22T18:51Z","2023-08-31","OKSR.20220722.SURBER.1","A00000310656",,"ACESP","Y","Acentrella sp.",,"genus","Arthropoda","Hexapoda","Insecta","Pterygota","Palaeoptera",,"Ephemeroptera","Pisciforma",,,"Baetidae",,,,"Acentrella","sp.",,"larva",2,,1,100,1,"Y","N","early instar","condition OK","Y",,"Merritt et al. 2019","N","Rhithron Associates, Inc.","B. Moore",,,
"7b492703-1479-4df3-86e2-9eb7566d3493","D18","OKSR","OKSR.AOS.reach","2022-07-22T18:51Z","2023-08-31","OKSR.20220722.KICKNET.5","A00000310657",,"NEMSP","Y","Nematoda sp.",,"phylum","Nematoda",,,,,,,,,,,,,,,"sp.",,"unknown",13,,1,100,1,"N","N",,"condition OK","Y",,"Thorp and Rogers 2016","N","Rhithron Associates, Inc.","B. Moore",,,
"1311915b-24e0-4c54-baac-64f3ed7e0a66","D18","OKSR","OKSR.AOS.reach","2022-07-22T18:51Z","2023-08-31","OKSR.20220722.KICKNET.5","A00000310657",,"VALMER","Y","Valvata mergella",,"species","Mollusca",,"Gastropoda",,,,"Heterostropha",,,,"Valvatidae",,,,"Valvata","mergella",,"unknown",2,,12,100,12,"N","N",,"condition OK","Y",,"Burch 1989; Thorp and Rogers 2016","N","Rhithron Associates, Inc.","B. Moore",,,
"617be6b1-235e-4d2c-9f65-09d2657079e8","D18","OKSR","OKSR.AOS.reach","2022-07-22T18:51Z","2023-08-31","OKSR.20220722.KICKNET.5","A00000310657",,"BAEVER","Y","Baetis vernus gr.",,"speciesGroup","Arthropoda","Hexapoda","Insecta","Pterygota","Palaeoptera",,"Ephemeroptera",,,,"Baetidae",,,,"Baetis","vernus gr.",,"larva",5,,4,100,4,"N","N","damaged","damaged, affecting taxonomy and measurement","Y",,"Morihara and McCafferty 1979; Wiersema, 2004; Webb et al. 2018","N","Rhithron Associates, Inc.","B. Moore","bundyae/hudsonicus gills on 1 specimen",,
"6a8c388d-069d-4369-9414-423d648ecb1a","D18","OKSR","OKSR.AOS.reach","2022-07-22T18:51Z","2023-09-01","OKSR.20220722.SURBER.3","A00000310639",,"KRESP1","Y","Krenosmittia sp.",,"genus","Arthropoda","Hexapoda","Insecta","Pterygota","Neoptera","Holometabola","Diptera","Nematocera","Culicomorpha",,"Chironomidae","Orthocladiinae",,,"Krenosmittia","sp.",,"larva",3,,2,70,3,"N","N",,"condition OK","Y",,"Weiderholm, 1983; Weiderholm, 1986; Epler 2001; Ferrington et al. 2019; Andersen, Cranston and Epler 2013","N","Rhithron Associates, Inc.","A. Fasbender",,,
"d95424f3-71e6-4e5b-bb10-1f7be1d4122c","D18","OKSR","OKSR.AOS.reach","2022-07-22T18:51Z","2023-09-06","OKSR.20220722.KICKNET.4","A00000310640",,"ORTEUO","Y","Orthocladius (Euorthocladius) sp.",,"subgenus","Arthropoda","Hexapoda","Insecta","Pterygota","Neoptera","Holometabola","Diptera","Nematocera","Culicomorpha",,"Chironomidae","Orthocladiinae",,,"Orthocladius","sp.",,"larva",4,,1,37,3,"N","N",,"condition OK","Y",,"Weiderholm, 1983; Weiderholm, 1986; Epler 2001; Ferrington et al. 2019; Andersen, Cranston and Epler 2013","N","Rhithron Associates, Inc.","R. Spring",,,
"db197b14-8c94-436a-873c-9509a58bdc5b","D18","OKSR","OKSR.AOS.reach","2022-07-22T18:51Z","2023-09-06","OKSR.20220722.KICKNET.4","A00000310640",,"CONSP6","Y","Constempellina sp.",,"genus","Arthropoda","Hexapoda","Insecta","Pterygota","Neoptera","Holometabola","Diptera","Nematocera","Culicomorpha",,"Chironomidae","Chironominae","Tanytarsini",,"Constempellina","sp.",,"larva",3,,12,37,32,"N","N",,"condition OK","Y",,"Weiderholm, 1983; Weiderholm, 1986; Epler 2001; Ferrington et al. 2019; Andersen, Cranston and Epler 2013","N","Rhithron Associates, Inc.","R. Spring",,,
"fc2ff3ad-b6b9-4338-a0ba-e97160f874d7","D18","OKSR","OKSR.AOS.reach","2022-07-22T18:51Z","2023-09-06","OKSR.20220722.KICKNET.1","A00000310642",,"TVESP","Y","Tvetenia sp.",,"genus","Arthropoda","Hexapoda","Insecta","Pterygota","Neoptera","Holometabola","Diptera","Nematocera","Culicomorpha",,"Chironomidae","Orthocladiinae",,,"Tvetenia","sp.",,"larva",3,,7,100,7,"N","N",,"condition OK","Y",,"Weiderholm, 1983; Weiderholm, 1986; Epler 2001; Ferrington et al. 2019; Andersen, Cranston and Epler 2013","N","Rhithron Associates, Inc.","R. Spring",,,
"71b4abff-ec89-411e-85bf-54a15135de16","D18","OKSR","OKSR.AOS.reach","2022-07-22T18:51Z","2023-09-06","OKSR.20220722.KICKNET.4","A00000310640",,"CLASP6","Y","Cladotanytarsus sp.",,"genus","Arthropoda","Hexapoda","Insecta","Pterygota","Neoptera","Holometabola","Diptera","Nematocera","Culicomorpha",,"Chironomidae","Chironominae","Tanytarsini",,"Cladotanytarsus","sp.",,"larva",4,,4,37,11,"N","N",,"condition OK","Y",,"Weiderholm, 1983; Weiderholm, 1986; Epler 2001; Ferrington et al. 2019; Andersen, Cranston and Epler 2013","N","Rhithron Associates, Inc.","R. Spring",,,
"0324c4dc-4951-413d-bf76-fac1adab7b6b","D18","OKSR","OKSR.AOS.reach","2022-07-22T18:51Z","2023-09-05","OKSR.20220722.SURBER.2","A00000310655","BA22NEOMST34015O1","NAICOM","Y","Nais communis/variabilis",,"speciesGroup","Annelida","Clitellata","Oligochaeta","Oligochaeta",,,"Tubificida",,,,"Naididae","Naidinae",,,"Nais","communis/variabilis",,"immature",3,,1,100,1,"Y","N",,"condition OK","Y",,"Kathman and Brinkhurst, 1999","N","Rhithron Associates, Inc.","J. Webb",,,
"bf5fd35e-609d-4926-baea-f4ab09e9cac7","D18","OKSR","OKSR.AOS.reach","2022-07-22T18:51Z","2023-08-29","OKSR.20220722.SURBER.3","A00000310639",,"ACESP","Y","Acentrella sp.",,"genus","Arthropoda","Hexapoda","Insecta","Pterygota","Palaeoptera",,"Ephemeroptera","Pisciforma",,,"Baetidae",,,,"Acentrella","sp.",,"larva",2,,8,70,11,"Y","N","early instar","condition OK","N",,"Merritt et al. 2019","N","Rhithron Associates, Inc.","B. Moore",,,
"5aadd1a2-506e-42b5-835d-730e78f5af43","D18","OKSR","OKSR.AOS.reach","2022-07-22T18:51Z","2023-09-06","OKSR.20220722.KICKNET.2","A00000310641",,"TANSP11","Y","Tanytarsus sp.",,"genus","Arthropoda","Hexapoda","Insecta","Pterygota","Neoptera","Holometabola","Diptera","Nematocera","Culicomorpha",,"Chironomidae","Chironominae","Tanytarsini",,"Tanytarsus","sp.",,"larva",3,,1,73,1,"N","N",,"condition OK","Y",,"Weiderholm, 1983; Weiderholm, 1986; Epler 2001; Ferrington et al. 2019; Andersen, Cranston and Epler 2013","N","Rhithron Associates, Inc.","R. Spring",,,
"c05c79d3-e1ac-4a14-9f11-f2dd3e1deef0","D18","OKSR","OKSR.AOS.reach","2022-07-22T18:51Z","2023-08-31","OKSR.20220722.KICKNET.3","A00000310658",,"OSTSP","Y","Ostracoda sp.",,"class","Arthropoda","Crustacea","Ostracoda",,,,,,,,,,,,,"sp.",,"unknown",1,,3,100,3,"N","N",,"condition OK","Y",,"Thorp and Rogers 2016","Y","Rhithron Associates, Inc.","B. Moore",,,
"8b3d4610-b846-4c8a-9225-041101768a3f","D18","OKSR","OKSR.AOS.reach","2022-07-22T18:51Z","2023-08-29","OKSR.20220722.SURBER.3","A00000310639",,"BAEFLA1","Y","Baetis flavistriga cx.",,"speciesGroup","Arthropoda","Hexapoda","Insecta","Pterygota","Palaeoptera",,"Ephemeroptera",,,,"Baetidae",,,,"Baetis","flavistriga cx.",,"larva",4,,12,70,17,"N","N",,"condition OK","Y",,"Morihara and McCafferty 1979; Wiersema, 2004; Webb et al. 2018","N","Rhithron Associates, Inc.","B. Moore",,,
"72a88f1d-0da7-4fdd-82e4-c437e936f54a","D18","OKSR","OKSR.AOS.reach","2022-07-22T18:51Z","2023-08-31","OKSR.20220722.KICKNET.5","A00000310657",,"VALMER","Y","Valvata mergella",,"species","Mollusca",,"Gastropoda",,,,"Heterostropha",,,,"Valvatidae",,,,"Valvata","mergella",,"unknown",3,,8,100,8,"N","N",,"condition OK","Y",,"Burch 1989; Thorp and Rogers 2016","N","Rhithron Associates, Inc.","B. Moore",,,
"0d7b587b-ee3d-4391-9beb-3800df69076f","D18","OKSR","OKSR.AOS.reach","2022-07-22T18:51Z","2023-08-31","OKSR.20220722.KICKNET.5","A00000310657",,"RHYMON1","Y","Rhyacophila mongolica",,"species","Arthropoda","Hexapoda","Insecta","Pterygota","Neoptera","Holometabola","Trichoptera",,,"Rhyacophiloidea","Rhyacophilidae",,,,"Rhyacophila","mongolica",,"larva",4,,1,100,1,"N","N",,"condition OK","Y",,"Prather and Morris 2001; Morse et al. 2017; Giersch et al. 2012","N","Rhithron Associates, Inc.","B. Moore",,,
"e4f5aa1a-ba3c-49a0-a64c-37b6dded3b83","D18","OKSR","OKSR.AOS.reach","2022-07-22T18:51Z","2023-09-01","OKSR.20220722.SURBER.2","A00000310655",,"EUKBRE","Y","Eukiefferiella brehmi gr.",,"speciesGroup","Arthropoda","Hexapoda","Insecta","Pterygota","Neoptera","Holometabola","Diptera","Nematocera","Culicomorpha",,"Chironomidae","Orthocladiinae",,,"Eukiefferiella","brehmi gr.",,"larva",2,,1,100,1,"N","N",,"condition OK","Y",,"Weiderholm, 1983; Bode, 1983; Weiderholm, 1986; Epler 2001; Ferrington et al. 2019; Andersen, Cranston and Epler 2013","N","Rhithron Associates, Inc.","A. Fasbender",,,
