uid,domainID,siteID,namedLocation,collectDate,identifiedDate,sampleID,sampleCode,slideID,acceptedTaxonID,targetTaxaPresent,scientificName,morphospeciesID,taxonRank,phylum,subphylum,class,subclass,infraclass,superorder,order,suborder,infraorder,superfamily,family,subfamily,tribe,subtribe,genus,specificEpithet,infraspecificEpithet,invertebrateLifeStage,sizeClass,sizeCategory,individualCount,subsamplePercent,estimatedTotalCount,immatureSpecimen,indeterminateSpecies,taxonRankQualifier,sampleCondition,distinctTaxon,identificationQualifier,identificationReferences,qcChecked,laboratoryName,identifiedBy,identificationRemarks,identificationHistoryID,dataQF
"da7292a8-53c9-4f9a-9bc6-e873dbdbc89a","D07","WALK","WALK.AOS.reach","2021-03-09T13:58Z","2021-06-08","WALK.20210309.SURBER.8","A00000214273",,"BOYSP","Y","Boyeria sp.",,"genus","Arthropoda","Hexapoda","Insecta","Pterygota","Palaeoptera",,"Odonata","Anisoptera",,,"Aeshnidae",,,,"Boyeria","sp.",,"larva",8,,1,50,2,"Y","N",,"condition OK","Y",,"Needham Westfall and May 2000","N","EcoAnalysts Inc.","A. Navesky",,,
"19de0840-f1e0-40cc-acdb-2a63fe920ae9","D07","WALK","WALK.AOS.reach","2021-03-09T13:58Z","2021-06-09","WALK.20210309.SURBER.1","A00000214272",,"EPHSP4","Y","Ephemerella sp.",,"genus","Arthropoda","Hexapoda","Insecta","Pterygota","Palaeoptera",,"Ephemeroptera","Furcatergalia","Pannota","Ephemerelloidea","Ephemerellidae",,,,"Ephemerella","sp.",,"larva",1,,1,38,3,"Y","N",,"condition OK","Y",,"Merritt and Cummins 2008","Y","EcoAnalysts Inc.","A. Navesky",,,
"5f60c5a4-e6c2-4a3d-975f-7dc650366e20","D07","WALK","WALK.AOS.reach","2021-03-09T13:58Z","2021-06-08","WALK.20210309.SURBER.6","A00000214276",,"THISP2","Y","Thienemanniella sp.",,"genus","Arthropoda","Hexapoda","Insecta","Pterygota","Neoptera","Holometabola","Diptera","Nematocera","Culicomorpha",,"Chironomidae","Orthocladiinae",,,"Thienemanniella","sp.",,"larva",1,,4,19,21,"N","N",,"condition OK","Y",,"Epler 2001","N","EcoAnalysts Inc.","G. Wallace",,,
"a1acf2f7-f6de-487a-a68f-acbf69766190","D07","WALK","WALK.AOS.reach","2021-03-09T13:58Z","2021-06-08","WALK.20210309.SURBER.6","A00000214276",,"PLESP2","Y","Pleuroceridae sp.",,"family","Mollusca",,"Gastropoda",,,,"Neotaenioglossa",,,,"Pleuroceridae",,,,,"sp.",,"none",5,,1,19,5,"Y","N",,"condition OK","N",,"Thorp and Covich 2001","N","EcoAnalysts Inc.","A. Navesky",,,
"c7a5d9e6-22ea-432d-8fa8-4abe2f10ebb6","D07","WALK","WALK.AOS.reach","2021-03-09T13:58Z","2021-06-08","WALK.20210309.SURBER.5","A00000214271",,"ANTSP9","Y","Antocha sp.",,"genus","Arthropoda","Hexapoda","Insecta","Pterygota","Neoptera","Holometabola","Diptera","Nematocera","Tipulomorpha",,"Tipulidae","Limoniinae","Limoniini",,"Antocha","sp.",,"larva",4,,1,25,4,"N","N",,"condition OK","Y",,"Merritt and Cummins 2008","N","EcoAnalysts Inc.","A. Navesky",,,
"823ddeac-7582-4176-b022-76b07353d36d","D07","WALK","WALK.AOS.reach","2021-03-09T13:58Z","2021-06-08","WALK.20210309.SURBER.5","A00000214271",,"TANSP8","Y","Tanytarsini sp.",,"tribe","Arthropoda","Hexapoda","Insecta","Pterygota","Neoptera","Holometabola","Diptera","Nematocera","Culicomorpha",,"Chironomidae","Chironominae","Tanytarsini",,,"sp.",,"larva",1,,2,25,8,"N","N",,"damaged, affecting taxonomy and measurement","N",,"Epler 2001","N","EcoAnalysts Inc.","G. Wallace","no antennae",,
"18a5151f-1c03-4ee9-b918-9012f66cc067","D07","WALK","WALK.AOS.reach","2021-03-09T13:58Z","2021-06-08","WALK.20210309.SURBER.7","A00000214275",,"RHEEXI","Y","Rheotanytarsus exiguus gr.",,"speciesGroup","Arthropoda","Hexapoda","Insecta","Pterygota","Neoptera","Holometabola","Diptera","Nematocera","Culicomorpha",,"Chironomidae","Chironominae","Tanytarsini",,"Rheotanytarsus","exiguus gr.",,"larva",2,,2,31,6,"N","N",,"condition OK","Y",,"Epler 2001","N","EcoAnalysts Inc.","G. Wallace",,,
"9ae13ce1-f1c2-4a69-b244-1035ce304ab4","D07","WALK","WALK.AOS.reach","2021-03-09T13:58Z","2021-06-08","WALK.20210309.SURBER.8","A00000214273",,"THIGRO","Y","Thienemannimyia gr.",,"speciesGroup","Arthropoda","Hexapoda","Insecta","Pterygota","Neoptera","Holometabola","Diptera","Nematocera","Culicomorpha",,"Chironomidae","Tanypodinae","Pentaneurini",,"Thienemannimyia","gr.",,"larva",3,,1,50,2,"N","N",,"condition OK","Y",,"Epler 2001","N","EcoAnalysts Inc.","G. Wallace",,,
"949d69cb-aee5-4969-9c60-3aa21b88c642","D07","WALK","WALK.AOS.reach","2021-03-09T13:58Z","2021-06-08","WALK.20210309.SURBER.5","A00000214271",,"PHISP","Y","Philopotamidae sp.",,"family","Arthropoda","Hexapoda","Insecta","Pterygota","Neoptera","Holometabola","Trichoptera",,,"Philopotamoidea","Philopotamidae",,,,,"sp.",,"larva",2,,1,25,4,"Y","N",,"condition OK","N",,"Wiggins 1996","N","EcoAnalysts Inc.","A. Navesky",,,
"5125b8ce-f44b-4eba-a84e-4f7f470cb77a","D07","WALK","WALK.AOS.reach","2021-03-09T13:58Z","2021-06-08","WALK.20210309.SURBER.7","A00000214275",,"EUKBRE","Y","Eukiefferiella brehmi gr.",,"speciesGroup","Arthropoda","Hexapoda","Insecta","Pterygota","Neoptera","Holometabola","Diptera","Nematocera","Culicomorpha",,"Chironomidae","Orthocladiinae",,,"Eukiefferiella","brehmi gr.",,"larva",1,,1,31,3,"N","N",,"condition OK","Y",,"Epler 2001","N","EcoAnalysts Inc.","G. Wallace",,,
"02169753-0fd4-4de2-bbf2-8630f18ddfb9","D07","WALK","WALK.AOS.reach","2021-03-09T13:58Z","2021-06-08","WALK.20210309.SURBER.8","A00000214273",,"OULSP","Y","Oulimnius sp.",,"genus","Arthropoda","Hexapoda","Insecta","Pterygota","Neoptera","Holometabola","Coleoptera","Polyphaga","Elateriformia","Byrrhoidea","Elmidae","Elminae","Elmini",,"Oulimnius","sp.",,"larva",1,,5,50,10,"N","N",,"condition OK","Y",,"Merritt and Cummins 2008","N","EcoAnalysts Inc.","A. Navesky",,,
"780078d3-d38d-42df-a1ca-d72c45ce1306","D07","WALK","WALK.AOS.reach","2021-03-09T13:58Z","2021-06-08","WALK.20210309.SURBER.8","A00000214273",,"PROSP37","Y","Prostoma sp.",,"genus","Nemertea",,"Enopla",,,,"Hoplonemertea","Monostilifera",,,"Tetrastemmatidae",,,,"Prostoma","sp.",,"none",2,,1,50,2,"N","N",,"condition OK","Y",,"Pennak 1997; Thorp and Covich 2001","N","EcoAnalysts Inc.","A. Navesky",,,
"1cae2e04-e4cb-4b42-b4ee-b55942e202fe","D07","WALK","WALK.AOS.reach","2021-03-09T13:58Z","2021-06-08","WALK.20210309.SURBER.6","A00000214276",,"AGASP4","Y","Agapetus sp.",,"genus","Arthropoda","Hexapoda","Insecta","Pterygota","Neoptera","Holometabola","Trichoptera",,,"Glossosomatoidea","Glossosomatidae","Agapetinae",,,"Agapetus","sp.",,"larva",1,,1,19,5,"N","N",,"condition OK","Y",,"Wiggins 1996","N","EcoAnalysts Inc.","A. Navesky",,,
"249a139f-24f9-4b1f-b9f3-920716c075b6","D07","WALK","WALK.AOS.reach","2021-03-09T13:58Z","2021-06-09","WALK.20210309.SURBER.4","A00000214274",,"ECTSP2","Y","Ectopria sp.",,"genus","Arthropoda","Hexapoda","Insecta","Pterygota","Neoptera","Holometabola","Coleoptera","Polyphaga","Elateriformia","Byrrhoidea","Psephenidae","Eubriinae",,,"Ectopria","sp.",,"larva",2,,1,88,1,"N","N",,"condition OK","Y",,"Merritt and Cummins 2008","N","EcoAnalysts Inc.","A. Navesky",,,
"ca8d5efa-272c-4ad4-bd4b-1c0557709649","D07","WALK","WALK.AOS.reach","2021-03-09T13:58Z","2021-06-09","WALK.20210309.SURBER.3","A00000214269",,"SWESP","Y","Sweltsa sp.",,"genus","Arthropoda","Hexapoda","Insecta","Pterygota","Neoptera","Polyneoptera","Plecoptera","Systellognatha",,,"Chloroperlidae","Chloroperlinae",,,"Sweltsa","sp.",,"larva",5,,1,81,1,"N","N",,"condition OK","Y",,"Stewart and Stark 2002","N","EcoAnalysts Inc.","A. Navesky",,,
"6f46ac40-1432-4e99-8061-80c933fef2dd","D07","WALK","WALK.AOS.reach","2021-03-09T13:58Z","2021-06-08","WALK.20210309.SURBER.8","A00000214273",,"THISP2","Y","Thienemanniella sp.",,"genus","Arthropoda","Hexapoda","Insecta","Pterygota","Neoptera","Holometabola","Diptera","Nematocera","Culicomorpha",,"Chironomidae","Orthocladiinae",,,"Thienemanniella","sp.",,"larva",1,,9,50,18,"N","N",,"condition OK","Y",,"Epler 2001","N","EcoAnalysts Inc.","G. Wallace",,,
"5d735104-ba0a-4566-a7c0-050179dacef5","D07","WALK","WALK.AOS.reach","2021-03-09T13:58Z","2021-06-09","WALK.20210309.SURBER.4","A00000214274",,"DIPHAG","Y","Diphetor hageni",,"species","Arthropoda","Hexapoda","Insecta","Pterygota","Palaeoptera",,"Ephemeroptera","Pisciforma",,,"Baetidae",,,,"Diphetor","hageni",,"larva",1,,8,88,9,"N","N",,"condition OK","Y",,"Morihara and McCafferty 1979","N","EcoAnalysts Inc.","A. Navesky",,,
"43b98cdb-201d-489a-9b19-39eef84b0352","D07","WALK","WALK.AOS.reach","2021-03-09T13:58Z","2021-06-09","WALK.20210309.SURBER.1","A00000214272",,"SIMSP1","Y","Simulium sp.",,"genus","Arthropoda","Hexapoda","Insecta","Pterygota","Neoptera","Holometabola","Diptera","Nematocera","Culicomorpha",,"Simuliidae","Simuliinae","Simuliini",,"Simulium","sp.",,"larva",5,,1,38,3,"N","N",,"condition OK","Y",,"Merritt and Cummins 2008","Y","EcoAnalysts Inc.","A. Navesky",,,
"02c49028-408b-49c8-ba3e-3ad0e058fb82","D07","WALK","WALK.AOS.reach","2021-03-09T13:58Z","2021-06-09","WALK.20210309.SURBER.1","A00000214272",,"CAPSP2","Y","Capniidae sp.",,"family","Arthropoda","Hexapoda","Insecta","Pterygota","Neoptera","Polyneoptera","Plecoptera","Euholognatha",,,"Capniidae",,,,,"sp.",,"larva",1,,2,38,5,"Y","N",,"condition OK","Y",,"Stewart and Stark 2002","Y","EcoAnalysts Inc.","A. Navesky",,,
"ffb8b8c9-9f38-466d-8fdb-e0b7b0633026","D07","WALK","WALK.AOS.reach","2021-03-09T13:58Z","2021-06-08","WALK.20210309.SURBER.6","A00000214276","WALK.20210309.SURBER.6_OLIGOCHAETE_1/1","PRIJEN","Y","Pristina jenkinae",,"species","Annelida","Clitellata","Oligochaeta","Oligochaeta",,,"Tubificida",,,,"Naididae","Pristininae",,,"Pristina","jenkinae",,"none",2,,1,19,5,"N","N",,"condition OK","Y",,"Kathman and Brinkhurst 1999","N","EcoAnalysts Inc.","G. Wallace",,,
"0bcba603-1992-4695-94fd-e5a6e909db1f","D07","WALK","WALK.AOS.reach","2021-03-09T13:58Z","2021-06-09","WALK.20210309.SURBER.1","A00000214272",,"PSEHER","Y","Psephenus herricki",,"species","Arthropoda","Hexapoda","Insecta","Pterygota","Neoptera","Holometabola","Coleoptera","Polyphaga","Elateriformia","Byrrhoidea","Psephenidae","Psepheninae",,,"Psephenus","herricki",,"larva",4,,2,38,5,"N","N",,"condition OK","Y",,"Brown 1972","Y","EcoAnalysts Inc.","A. Navesky",,,
"38cd7b9d-9d80-4e04-941f-a90631448fba","D07","WALK","WALK.AOS.reach","2021-03-09T13:58Z","2021-06-08","WALK.20210309.SURBER.5","A00000214271",,"DIPHAG","Y","Diphetor hageni",,"species","Arthropoda","Hexapoda","Insecta","Pterygota","Palaeoptera",,"Ephemeroptera","Pisciforma",,,"Baetidae",,,,"Diphetor","hageni",,"larva",3,,1,25,4,"N","N",,"condition OK","Y",,"Morihara and McCafferty 1979","N","EcoAnalysts Inc.","A. Navesky",,,
"480c0204-8d99-4534-9ade-0de2382f5bc1","D07","WALK","WALK.AOS.reach","2021-03-09T13:58Z","2021-06-09","WALK.20210309.SURBER.2","A00000214270",,"LEPSP4","Y","Leptophlebiidae sp.",,"family","Arthropoda","Hexapoda","Insecta","Pterygota","Palaeoptera",,"Ephemeroptera","Furcatergalia","Lanceolata",,"Leptophlebiidae",,,,,"sp.",,"larva",3,,1,38,3,"Y","N",,"condition OK","N",,"Merritt and Cummins 2008","N","EcoAnalysts Inc.","A. Navesky","missing gills",,
"df461794-0ae9-4fde-a33c-a2dd8a796cfc","D07","WALK","WALK.AOS.reach","2021-03-09T13:58Z","2021-06-08","WALK.20210309.SURBER.7","A00000214275",,"OULSP","Y","Oulimnius sp.",,"genus","Arthropoda","Hexapoda","Insecta","Pterygota","Neoptera","Holometabola","Coleoptera","Polyphaga","Elateriformia","Byrrhoidea","Elmidae","Elminae","Elmini",,"Oulimnius","sp.",,"adult",1,,19,31,61,"N","N",,"condition OK","Y",,"Merritt and Cummins 2008","N","EcoAnalysts Inc.","A. Navesky",,,
"0ba2f04f-e793-40ef-94bb-a8230f8fb9c7","D07","WALK","WALK.AOS.reach","2021-03-09T13:58Z","2021-06-08","WALK.20210309.SURBER.5","A00000214271",,"DIPMOD","Y","Diplectrona modesta",,"species","Arthropoda","Hexapoda","Insecta","Pterygota","Neoptera","Holometabola","Trichoptera",,,"Hydropsychoidea","Hydropsychidae","Diplectroninae",,,"Diplectrona","modesta",,"larva",6,,1,25,4,"N","N",,"condition OK","Y",,"Wiggins 1996","N","EcoAnalysts Inc.","A. Navesky",,,
"88fe9397-7f71-43ee-b5df-ac7d32aadb36","D07","WALK","WALK.AOS.reach","2021-03-09T13:58Z","2021-06-08","WALK.20210309.SURBER.8","A00000214273",,"OULSP","Y","Oulimnius sp.",,"genus","Arthropoda","Hexapoda","Insecta","Pterygota","Neoptera","Holometabola","Coleoptera","Polyphaga","Elateriformia","Byrrhoidea","Elmidae","Elminae","Elmini",,"Oulimnius","sp.",,"adult",1,,5,50,10,"N","N",,"condition OK","Y",,"Merritt and Cummins 2008","N","EcoAnalysts Inc.","A. Navesky",,,
"b2486944-ea83-44e1-ac5a-4b9b9f355b1f","D07","WALK","WALK.AOS.reach","2021-03-09T13:58Z","2021-06-09","WALK.20210309.SURBER.4","A00000214274",,"POLSP12","Y","Polycentropus sp.",,"genus","Arthropoda","Hexapoda","Insecta","Pterygota","Neoptera","Holometabola","Trichoptera",,,"Hydropsychoidea","Polycentropodidae","Polycentropodinae",,,"Polycentropus","sp.",,"larva",3,,1,88,1,"N","N",,"condition OK","Y",,"Wiggins 1996","N","EcoAnalysts Inc.","A. Navesky","inseparable from Plectrocnemia Holocentropus Cernotina",,
"ce151713-d600-4863-95c5-f2fb34bf18c1","D07","WALK","WALK.AOS.reach","2021-03-09T13:58Z","2021-06-08","WALK.20210309.SURBER.7","A00000214275",,"ELMSP","Y","Elmidae sp.",,"family","Arthropoda","Hexapoda","Insecta","Pterygota","Neoptera","Holometabola","Coleoptera","Polyphaga","Elateriformia","Byrrhoidea","Elmidae",,,,,"sp.",,"larva",1,,1,31,3,"Y","N",,"condition OK","N",,"Merritt and Cummins 2008","N","EcoAnalysts Inc.","A. Navesky",,,
"aaf5c39c-6e59-4ef7-a065-c15aa81dfd92","D07","WALK","WALK.AOS.reach","2021-03-09T13:58Z","2021-06-08","WALK.20210309.SURBER.8","A00000214273",,"THISP2","Y","Thienemanniella sp.",,"genus","Arthropoda","Hexapoda","Insecta","Pterygota","Neoptera","Holometabola","Diptera","Nematocera","Culicomorpha",,"Chironomidae","Orthocladiinae",,,"Thienemanniella","sp.",,"larva",2,,4,50,8,"N","N",,"condition OK","Y",,"Epler 2001","N","EcoAnalysts Inc.","G. Wallace",,,
"cc770ee4-1e60-4eb0-ac60-ce07502c965a","D07","WALK","WALK.AOS.reach","2021-03-09T13:58Z","2021-06-09","WALK.20210309.SURBER.3","A00000214269",,"PSEHER","Y","Psephenus herricki",,"species","Arthropoda","Hexapoda","Insecta","Pterygota","Neoptera","Holometabola","Coleoptera","Polyphaga","Elateriformia","Byrrhoidea","Psephenidae","Psepheninae",,,"Psephenus","herricki",,"larva",5,,1,81,1,"N","N",,"condition OK","Y",,"Brown 1972","N","EcoAnalysts Inc.","A. Navesky",,,
"a3dd9a12-c1c2-415f-afcd-33ba150269d1","D07","WALK","WALK.AOS.reach","2021-03-09T13:58Z","2021-06-09","WALK.20210309.SURBER.4","A00000214274",,"TANSP11","Y","Tanytarsus sp.",,"genus","Arthropoda","Hexapoda","Insecta","Pterygota","Neoptera","Holometabola","Diptera","Nematocera","Culicomorpha",,"Chironomidae","Chironominae","Tanytarsini",,"Tanytarsus","sp.",,"larva",2,,1,88,1,"N","N",,"condition OK","Y",,"Epler 2001","N","EcoAnalysts Inc.","G. Wallace",,,
"06b36dbd-6670-433e-8d1e-90b52b27df47","D07","WALK","WALK.AOS.reach","2021-03-09T13:58Z","2021-06-09","WALK.20210309.SURBER.4","A00000214274",,"AGASP4","Y","Agapetus sp.",,"genus","Arthropoda","Hexapoda","Insecta","Pterygota","Neoptera","Holometabola","Trichoptera",,,"Glossosomatoidea","Glossosomatidae","Agapetinae",,,"Agapetus","sp.",,"larva",4,,1,88,1,"N","N",,"condition OK","Y",,"Wiggins 1996","N","EcoAnalysts Inc.","A. Navesky",,,
"f9e19fdc-ecf3-4ae7-8d5b-b458c88424af","D07","WALK","WALK.AOS.reach","2021-03-09T13:58Z","2021-06-09","WALK.20210309.SURBER.3","A00000214269",,"NEMSP","Y","Nematoda sp.",,"phylum","Nematoda",,,,,,,,,,,,,,,"sp.",,"none",1,,1,81,1,"N","Y",,"condition OK","Y",,"Thorp and Covich 2001","N","EcoAnalysts Inc.","A. Navesky",,,
"a5e474bd-fb9e-401c-9789-00e8c2f0e7ac","D07","WALK","WALK.AOS.reach","2021-03-09T13:58Z","2021-06-08","WALK.20210309.SURBER.8","A00000214273",,"ACASP1","Y","Acari sp.",,"subclass","Arthropoda","Chelicerata","Arachnida","Acari",,,,,,,,,,,,"sp.",,"none",1,,1,50,2,"Y","N",,"condition OK","N",,"Thorp and Covich 2001","N","EcoAnalysts Inc.","A. Navesky","maybe immature Mideopsis",,
"2575f132-442d-4663-bd66-b820f735f43a","D07","WALK","WALK.AOS.reach","2021-03-09T13:58Z","2021-06-08","WALK.20210309.SURBER.7","A00000214275",,"RHEEXI","Y","Rheotanytarsus exiguus gr.",,"speciesGroup","Arthropoda","Hexapoda","Insecta","Pterygota","Neoptera","Holometabola","Diptera","Nematocera","Culicomorpha",,"Chironomidae","Chironominae","Tanytarsini",,"Rheotanytarsus","exiguus gr.",,"larva",1,,6,31,19,"N","N",,"condition OK","Y",,"Epler 2001","N","EcoAnalysts Inc.","G. Wallace",,,
"3b40c1f0-24cd-4286-ad78-8fad4810ea49","D07","WALK","WALK.AOS.reach","2021-03-09T13:58Z","2021-06-08","WALK.20210309.SURBER.7","A00000214275",,"GAMSP3","Y","Gammarus sp.",,"genus","Arthropoda","Crustacea","Malacostraca","Eumalacostraca",,"Peracarida","Amphipoda","Gammaridea",,,"Gammaridae",,,,"Gammarus","sp.",,"none",2,,30,31,96,"N","N",,"condition OK","Y",,"Thorp and Covich 2001","N","EcoAnalysts Inc.","A. Navesky",,,
"9db27b34-0157-42d0-a1aa-3300e50aa2c8","D07","WALK","WALK.AOS.reach","2021-03-09T13:58Z","2021-06-08","WALK.20210309.SURBER.6","A00000214276",,"CERSP10","Y","Ceratopogoninae sp.",,"subfamily","Arthropoda","Hexapoda","Insecta","Pterygota","Neoptera","Holometabola","Diptera","Nematocera","Culicomorpha",,"Ceratopogonidae","Ceratopogoninae",,,,"sp.",,"larva",4,,2,19,11,"N","Y",,"condition OK","Y",,"Merritt and Cummins 2008","N","EcoAnalysts Inc.","A. Navesky",,,
"7c4e58cc-bb2f-402a-96c2-f142f618e2f5","D07","WALK","WALK.AOS.reach","2021-03-09T13:58Z","2021-06-08","WALK.20210309.SURBER.7","A00000214275",,"AMPSP13","Y","Amphinemura sp.",,"genus","Arthropoda","Hexapoda","Insecta","Pterygota","Neoptera","Polyneoptera","Plecoptera","Euholognatha",,,"Nemouridae","Amphinemurinae",,,"Amphinemura","sp.",,"larva",1,,1,31,3,"N","N",,"condition OK","Y",,"Stewart and Stark 2002","N","EcoAnalysts Inc.","A. Navesky",,,
"c0af1a0f-0a64-4bb0-bdfb-d6e65ddedd84","D07","WALK","WALK.AOS.reach","2021-03-09T13:58Z","2021-06-08","WALK.20210309.SURBER.7","A00000214275",,"SIMSP1","Y","Simulium sp.",,"genus","Arthropoda","Hexapoda","Insecta","Pterygota","Neoptera","Holometabola","Diptera","Nematocera","Culicomorpha",,"Simuliidae","Simuliinae","Simuliini",,"Simulium","sp.",,"larva",5,,1,31,3,"N","N",,"condition OK","Y",,"Merritt and Cummins 2008","N","EcoAnalysts Inc.","A. Navesky",,,
"ab83fe59-7ef8-4491-bae0-0da9705ab26a","D07","WALK","WALK.AOS.reach","2021-03-09T13:58Z","2021-06-09","WALK.20210309.SURBER.1","A00000214272",,"POLAVI","Y","Polypedilum aviceps",,"species","Arthropoda","Hexapoda","Insecta","Pterygota","Neoptera","Holometabola","Diptera","Nematocera","Culicomorpha",,"Chironomidae","Chironominae","Chironomini",,"Polypedilum","aviceps",,"larva",2,,9,38,24,"N","N",,"condition OK","Y",,"Maschwitz and Cook 2000","Y","EcoAnalysts Inc.","G. Wallace",,,
"dc8875a0-2139-44ea-a44a-e93fd15a8b37","D07","WALK","WALK.AOS.reach","2021-03-09T13:58Z","2021-06-08","WALK.20210309.SURBER.6","A00000214276","WALK.20210309.SURBER.6_OLIGOCHAETE_1/1","NAISP","Y","Naididae sp.","tubificoid Naididae w/o cap setae","family","Annelida","Clitellata","Oligochaeta","Oligochaeta",,,"Tubificida",,,,"Naididae",,,,,"sp.",,"none",3,,2,19,11,"N","N",,"condition OK","Y",,"Kathman and Brinkhurst 1998","N","EcoAnalysts Inc.","G. Wallace",,,
"d3555fb1-278b-4a58-bdd3-f08e1e65c508","D07","WALK","WALK.AOS.reach","2021-03-09T13:58Z","2021-06-08","WALK.20210309.SURBER.7","A00000214275",,"GAMSP3","Y","Gammarus sp.",,"genus","Arthropoda","Crustacea","Malacostraca","Eumalacostraca",,"Peracarida","Amphipoda","Gammaridea",,,"Gammaridae",,,,"Gammarus","sp.",,"none",3,,21,31,67,"N","N",,"condition OK","Y",,"Thorp and Covich 2001","N","EcoAnalysts Inc.","A. Navesky",,,
"3a6ab84e-e552-44de-875a-a08dca55a9a5","D07","WALK","WALK.AOS.reach","2021-03-09T13:58Z","2021-06-08","WALK.20210309.SURBER.5","A00000214271",,"POLSP5","Y","Polycentropodidae sp.",,"family","Arthropoda","Hexapoda","Insecta","Pterygota","Neoptera","Holometabola","Trichoptera",,,"Hydropsychoidea","Polycentropodidae",,,,,"sp.",,"larva",2,,2,25,8,"Y","N",,"condition OK","Y",,"Wiggins 1996","N","EcoAnalysts Inc.","A. Navesky",,,
"bd75c57f-42b1-44cf-8316-c51e677722f2","D07","WALK","WALK.AOS.reach","2021-03-09T13:58Z","2021-06-09","WALK.20210309.SURBER.4","A00000214274",,"SIMSP1","Y","Simulium sp.",,"genus","Arthropoda","Hexapoda","Insecta","Pterygota","Neoptera","Holometabola","Diptera","Nematocera","Culicomorpha",,"Simuliidae","Simuliinae","Simuliini",,"Simulium","sp.",,"larva",2,,7,88,8,"N","N",,"condition OK","Y",,"Merritt and Cummins 2008","N","EcoAnalysts Inc.","A. Navesky",,,
"d634c4f8-849c-4560-89c9-f40b36e87f9f","D07","WALK","WALK.AOS.reach","2021-03-09T13:58Z","2021-06-08","WALK.20210309.SURBER.8","A00000214273",,"EURSP4","Y","Eurylophella sp.",,"genus","Arthropoda","Hexapoda","Insecta","Pterygota","Palaeoptera",,"Ephemeroptera","Furcatergalia","Pannota","Ephemerelloidea","Ephemerellidae",,,,"Eurylophella","sp.",,"larva",2,,3,50,6,"Y","N",,"condition OK","Y",,"Merritt and Cummins 2008","N","EcoAnalysts Inc.","A. Navesky",,,
"8e7cdb2c-b6ba-4828-b581-25ba7acd1af5","D07","WALK","WALK.AOS.reach","2021-03-09T13:58Z","2021-06-08","WALK.20210309.SURBER.6","A00000214276",,"CAPSP2","Y","Capniidae sp.",,"family","Arthropoda","Hexapoda","Insecta","Pterygota","Neoptera","Polyneoptera","Plecoptera","Euholognatha",,,"Capniidae",,,,,"sp.",,"larva",1,,8,19,43,"Y","N",,"condition OK","Y",,"Stewart and Stark 2002","N","EcoAnalysts Inc.","A. Navesky",,,
"27d9e954-5602-474c-92af-99ef22073b04","D07","WALK","WALK.AOS.reach","2021-03-09T13:58Z","2021-06-08","WALK.20210309.SURBER.6","A00000214276","WALK.20210309.SURBER.6_OLIGOCHAETE_1/1","LUMSP1","Y","Lumbricina sp.",,"suborder","Annelida","Clitellata","Oligochaeta","Oligochaeta",,,"Tubificida","Lumbricina",,,,,,,,"sp.",,"none",28,,1,19,5,"N","N",,"condition OK","Y",,"Kathman and Brinkhurst 1999","N","EcoAnalysts Inc.","G. Wallace",,,
"1c3a549b-2927-4766-a7cf-a937ddf08938","D07","WALK","WALK.AOS.reach","2021-03-09T13:58Z","2021-06-08","WALK.20210309.SURBER.5","A00000214271",,"BAESP","Y","Baetidae sp.",,"family","Arthropoda","Hexapoda","Insecta","Pterygota","Palaeoptera",,"Ephemeroptera","Pisciforma",,,"Baetidae",,,,,"sp.",,"larva",1,,12,25,48,"Y","N",,"condition OK","Y",,"Merritt and Cummins 2008","N","EcoAnalysts Inc.","A. Navesky","4 unique either Plauditus or Acentrella",,
"20418007-b436-4267-81bc-8a14c33aafb0","D07","WALK","WALK.AOS.reach","2021-03-09T13:58Z","2021-06-09","WALK.20210309.SURBER.1","A00000214272",,"ELMSP","Y","Elmidae sp.",,"family","Arthropoda","Hexapoda","Insecta","Pterygota","Neoptera","Holometabola","Coleoptera","Polyphaga","Elateriformia","Byrrhoidea","Elmidae",,,,,"sp.",,"larva",1,,3,38,8,"Y","N",,"condition OK","N",,"Merritt and Cummins 2008","Y","EcoAnalysts Inc.","A. Navesky",,,
"2c196762-355d-4544-a83c-500739b3422c","D07","WALK","WALK.AOS.reach","2021-03-09T13:58Z","2021-06-08","WALK.20210309.SURBER.8","A00000214273",,"PLESP2","Y","Pleuroceridae sp.",,"family","Mollusca",,"Gastropoda",,,,"Neotaenioglossa",,,,"Pleuroceridae",,,,,"sp.",,"none",1,,1,50,2,"Y","N",,"condition OK","N",,"Thorp and Covich 2001","N","EcoAnalysts Inc.","A. Navesky",,,
"d7af1440-b872-4b2e-9ca7-d8f87efc4748","D07","WALK","WALK.AOS.reach","2021-03-09T13:58Z","2021-06-09","WALK.20210309.SURBER.4","A00000214274",,"TANSP8","Y","Tanytarsini sp.",,"tribe","Arthropoda","Hexapoda","Insecta","Pterygota","Neoptera","Holometabola","Diptera","Nematocera","Culicomorpha",,"Chironomidae","Chironominae","Tanytarsini",,,"sp.",,"larva",3,,3,88,3,"N","N",,"damaged, affecting taxonomy","N",,"Epler 2001","N","EcoAnalysts Inc.","G. Wallace","no antennae",,
"1bfdce30-679b-4280-bc4c-3fccbbe1a228","D07","WALK","WALK.AOS.reach","2021-03-09T13:58Z","2021-06-08","WALK.20210309.SURBER.5","A00000214271",,"LEPSP4","Y","Leptophlebiidae sp.",,"family","Arthropoda","Hexapoda","Insecta","Pterygota","Palaeoptera",,"Ephemeroptera","Furcatergalia","Lanceolata",,"Leptophlebiidae",,,,,"sp.",,"larva",3,,2,25,8,"N","N",,"damaged, affecting taxonomy","Y",,"Merritt and Cummins 2008","N","EcoAnalysts Inc.","A. Navesky","missing gills",,
"8590e283-286e-4c40-9cf3-906bead6f846","D07","WALK","WALK.AOS.reach","2021-03-09T13:58Z","2021-06-09","WALK.20210309.SURBER.2","A00000214270",,"STESP10","Y","Stempellinella sp.",,"genus","Arthropoda","Hexapoda","Insecta","Pterygota","Neoptera","Holometabola","Diptera","Nematocera","Culicomorpha",,"Chironomidae","Chironominae","Tanytarsini",,"Stempellinella","sp.",,"larva",1,,13,38,35,"N","N",,"condition OK","Y",,"Epler 2001","N","EcoAnalysts Inc.","G. Wallace",,,
"f3e1804d-532a-4379-9bb1-eaef6b4cdaa8","D07","WALK","WALK.AOS.reach","2021-03-09T13:58Z","2021-06-08","WALK.20210309.SURBER.6","A00000214276",,"GAMSP3","Y","Gammarus sp.",,"genus","Arthropoda","Crustacea","Malacostraca","Eumalacostraca",,"Peracarida","Amphipoda","Gammaridea",,,"Gammaridae",,,,"Gammarus","sp.",,"none",2,,8,19,43,"N","N",,"condition OK","Y",,"Thorp and Covich 2001","N","EcoAnalysts Inc.","A. Navesky",,,
"6451238e-e6c3-4338-a163-c895880080e5","D07","WALK","WALK.AOS.reach","2021-03-09T13:58Z","2021-06-09","WALK.20210309.SURBER.2","A00000214270",,"GOMSP","Y","Gomphidae sp.",,"family","Arthropoda","Hexapoda","Insecta","Pterygota","Palaeoptera",,"Odonata","Anisoptera",,,"Gomphidae",,,,,"sp.",,"larva",2,,1,38,3,"Y","N",,"condition OK","Y",,"Needham Westfall and May 2000","N","EcoAnalysts Inc.","A. Navesky",,,
"6cfe0af1-a71a-49eb-96b4-75f0398d2aae","D07","WALK","WALK.AOS.reach","2021-03-09T13:58Z","2021-06-08","WALK.20210309.SURBER.8","A00000214273",,"CORSP19","Y","Corynoneura sp.",,"genus","Arthropoda","Hexapoda","Insecta","Pterygota","Neoptera","Holometabola","Diptera","Nematocera","Culicomorpha",,"Chironomidae","Orthocladiinae",,,"Corynoneura","sp.",,"larva",1,,3,50,6,"N","N",,"condition OK","Y",,"Epler 2001","N","EcoAnalysts Inc.","G. Wallace",,,
"e63968e7-cf3a-4963-aecf-1aa2c8bdbc54","D07","WALK","WALK.AOS.reach","2021-03-09T13:58Z","2021-06-08","WALK.20210309.SURBER.7","A00000214275",,"PLESP2","Y","Pleuroceridae sp.",,"family","Mollusca",,"Gastropoda",,,,"Neotaenioglossa",,,,"Pleuroceridae",,,,,"sp.",,"none",7,,1,31,3,"Y","N",,"condition OK","N",,"Thorp and Covich 2001","N","EcoAnalysts Inc.","A. Navesky",,,
"bf5db402-cf7e-4b99-a9b0-4d9e07746f82","D07","WALK","WALK.AOS.reach","2021-03-09T13:58Z","2021-06-09","WALK.20210309.SURBER.1","A00000214272",,"TANSP8","Y","Tanytarsini sp.",,"tribe","Arthropoda","Hexapoda","Insecta","Pterygota","Neoptera","Holometabola","Diptera","Nematocera","Culicomorpha",,"Chironomidae","Chironominae","Tanytarsini",,,"sp.",,"larva",2,,1,38,3,"N","N",,"damaged, affecting taxonomy","N",,"Epler 2001","Y","EcoAnalysts Inc.","G. Wallace","no antennae",,
"14e89597-c6eb-4db5-8225-5dacb3232c86","D07","WALK","WALK.AOS.reach","2021-03-09T13:58Z","2021-06-09","WALK.20210309.SURBER.1","A00000214272",,"GAMSP3","Y","Gammarus sp.",,"genus","Arthropoda","Crustacea","Malacostraca","Eumalacostraca",,"Peracarida","Amphipoda","Gammaridea",,,"Gammaridae",,,,"Gammarus","sp.",,"none",7,,2,38,5,"N","N",,"condition OK","Y",,"Thorp and Covich 2001","Y","EcoAnalysts Inc.","A. Navesky",,,
"8d676baa-0ef4-466e-97ac-0d8c45fa480f","D07","WALK","WALK.AOS.reach","2021-03-09T13:58Z","2021-06-09","WALK.20210309.SURBER.4","A00000214274",,"HABSP1","Y","Habrophlebiodes sp.",,"genus","Arthropoda","Hexapoda","Insecta","Pterygota","Palaeoptera",,"Ephemeroptera","Furcatergalia","Lanceolata",,"Leptophlebiidae",,,,"Habrophlebiodes","sp.",,"larva",3,,1,88,1,"N","N",,"condition OK","Y",,"Merritt and Cummins 2008","N","EcoAnalysts Inc.","A. Navesky",,,
"07471635-1965-487d-8d50-dda248d3521d","D07","WALK","WALK.AOS.reach","2021-03-09T13:58Z","2021-06-09","WALK.20210309.SURBER.3","A00000214269",,"HELSP10","Y","Heleniella sp.",,"genus","Arthropoda","Hexapoda","Insecta","Pterygota","Neoptera","Holometabola","Diptera","Nematocera","Culicomorpha",,"Chironomidae","Orthocladiinae",,,"Heleniella","sp.",,"larva",1,,1,81,1,"N","N",,"condition OK","Y",,"Epler 2001","N","EcoAnalysts Inc.","G. Wallace",,,
"3b5cde35-de32-49dd-a088-5d76990a0f24","D07","WALK","WALK.AOS.reach","2021-03-09T13:58Z","2021-06-08","WALK.20210309.SURBER.8","A00000214273","WALK.20210309.SURBER.8_OLIGOCHAETE_1/1","LUMSP2","Y","Lumbriculidae sp.",,"family","Annelida","Clitellata","Oligochaeta","Oligochaeta",,,"Lumbriculida",,,,"Lumbriculidae",,,,,"sp.",,"none",1,,1,50,2,"N","N",,"condition OK","Y",,"Kathman and Brinkhurst 1999","N","EcoAnalysts Inc.","G. Wallace",,,
"dd5d8303-8eaa-46eb-9116-cb3799746c9b","D07","WALK","WALK.AOS.reach","2021-03-09T13:58Z","2021-06-08","WALK.20210309.SURBER.7","A00000214275",,"NEMSP","Y","Nematoda sp.",,"phylum","Nematoda",,,,,,,,,,,,,,,"sp.",,"none",2,,1,31,3,"N","Y",,"condition OK","Y",,"Thorp and Covich 2001","N","EcoAnalysts Inc.","A. Navesky",,,
"13134b1d-fb3b-433d-9bc2-b73380b04c20","D07","WALK","WALK.AOS.reach","2021-03-09T13:58Z","2021-06-08","WALK.20210309.SURBER.5","A00000214271",,"RHEEXI","Y","Rheotanytarsus exiguus gr.",,"speciesGroup","Arthropoda","Hexapoda","Insecta","Pterygota","Neoptera","Holometabola","Diptera","Nematocera","Culicomorpha",,"Chironomidae","Chironominae","Tanytarsini",,"Rheotanytarsus","exiguus gr.",,"larva",1,,1,25,4,"N","N",,"condition OK","Y",,"Epler 2001","N","EcoAnalysts Inc.","G. Wallace",,,
"19b3152f-fa8d-4f35-8f08-cec240c8dc25","D07","WALK","WALK.AOS.reach","2021-03-09T13:58Z","2021-06-08","WALK.20210309.SURBER.7","A00000214275",,"GAMSP3","Y","Gammarus sp.",,"genus","Arthropoda","Crustacea","Malacostraca","Eumalacostraca",,"Peracarida","Amphipoda","Gammaridea",,,"Gammaridae",,,,"Gammarus","sp.",,"none",1,,2,31,6,"N","N",,"condition OK","Y",,"Thorp and Covich 2001","N","EcoAnalysts Inc.","A. Navesky",,,
"65ad41ee-c32a-41b0-b2dc-4fba144135eb","D07","WALK","WALK.AOS.reach","2021-03-09T13:58Z","2021-06-08","WALK.20210309.SURBER.5","A00000214271",,"PELSP1","Y","Peltoperlidae sp.",,"family","Arthropoda","Hexapoda","Insecta","Pterygota","Neoptera","Polyneoptera","Plecoptera","Systellognatha",,,"Peltoperlidae",,,,,"sp.",,"larva",1,,18,25,72,"Y","N",,"condition OK","Y",,"Stewart and Stark 2002","N","EcoAnalysts Inc.","A. Navesky",,,
"b0f4b213-bfb7-41fd-b9da-9c6eefb83123","D07","WALK","WALK.AOS.reach","2021-03-09T13:58Z","2021-06-09","WALK.20210309.SURBER.3","A00000214269",,"CORSP19","Y","Corynoneura sp.",,"genus","Arthropoda","Hexapoda","Insecta","Pterygota","Neoptera","Holometabola","Diptera","Nematocera","Culicomorpha",,"Chironomidae","Orthocladiinae",,,"Corynoneura","sp.",,"larva",2,,7,81,9,"N","N",,"condition OK","Y",,"Epler 2001","N","EcoAnalysts Inc.","G. Wallace",,,
"ec1dacac-bfd5-4787-ba8f-1cddbcc0279b","D07","WALK","WALK.AOS.reach","2021-03-09T13:58Z","2021-06-09","WALK.20210309.SURBER.4","A00000214274",,"PLESP2","Y","Pleuroceridae sp.",,"family","Mollusca",,"Gastropoda",,,,"Neotaenioglossa",,,,"Pleuroceridae",,,,,"sp.",,"none",3,,1,88,1,"Y","N",,"condition OK","N",,"Thorp and Covich 2001","N","EcoAnalysts Inc.","A. Navesky",,,
"60223e63-a76f-4dd0-84a2-3bdf670b5592","D07","WALK","WALK.AOS.reach","2021-03-09T13:58Z","2021-06-09","WALK.20210309.SURBER.2","A00000214270",,"TANSP11","Y","Tanytarsus sp.",,"genus","Arthropoda","Hexapoda","Insecta","Pterygota","Neoptera","Holometabola","Diptera","Nematocera","Culicomorpha",,"Chironomidae","Chironominae","Tanytarsini",,"Tanytarsus","sp.",,"larva",1,,2,38,5,"N","N",,"condition OK","Y",,"Epler 2001","N","EcoAnalysts Inc.","G. Wallace",,,
"db41cf6a-da04-48a7-974d-77285a675416","D07","WALK","WALK.AOS.reach","2021-03-09T13:58Z","2021-06-09","WALK.20210309.SURBER.1","A00000214272",,"PELSP1","Y","Peltoperlidae sp.",,"family","Arthropoda","Hexapoda","Insecta","Pterygota","Neoptera","Polyneoptera","Plecoptera","Systellognatha",,,"Peltoperlidae",,,,,"sp.",,"larva",1,,11,38,29,"Y","N",,"condition OK","Y",,"Stewart and Stark 2002","Y","EcoAnalysts Inc.","A. Navesky",,,
"ec162a1c-4601-40a1-b434-0595bba531f7","D07","WALK","WALK.AOS.reach","2021-03-09T13:58Z","2021-06-08","WALK.20210309.SURBER.6","A00000214276",,"THIGRO","Y","Thienemannimyia gr.",,"speciesGroup","Arthropoda","Hexapoda","Insecta","Pterygota","Neoptera","Holometabola","Diptera","Nematocera","Culicomorpha",,"Chironomidae","Tanypodinae","Pentaneurini",,"Thienemannimyia","gr.",,"larva",2,,1,19,5,"N","N",,"condition OK","Y",,"Epler 2001","N","EcoAnalysts Inc.","G. Wallace",,,
"94a45d8c-1a1a-405e-8d82-e5a22cc36011","D07","WALK","WALK.AOS.reach","2021-03-09T13:58Z","2021-06-09","WALK.20210309.SURBER.2","A00000214270",,"ATUSP1","Y","Aturus sp.",,"genus","Arthropoda","Chelicerata","Arachnida","Acari",,"Acariformes","Trombidiformes","Prostigmata",,"Hygrobatoidea","Aturidae",,,,"Aturus","sp.",,"none",1,,2,38,5,"N","N",,"condition OK","Y",,"Thorp and Covich 2001","N","EcoAnalysts Inc.","A. Navesky",,,
"184d1897-055c-4f02-9867-4e48d70f66cb","D07","WALK","WALK.AOS.reach","2021-03-09T13:58Z","2021-06-08","WALK.20210309.SURBER.6","A00000214276",,"HEXSP3","Y","Hexatoma sp.",,"genus","Arthropoda","Hexapoda","Insecta","Pterygota","Neoptera","Holometabola","Diptera","Nematocera","Tipulomorpha",,"Tipulidae","Limoniinae","Hexatomini",,"Hexatoma","sp.",,"larva",16,,1,19,5,"N","N",,"condition OK","Y",,"Merritt and Cummins 2008","N","EcoAnalysts Inc.","A. Navesky",,,
"acfff508-60c8-495e-9e08-62176ac63799","D07","WALK","WALK.AOS.reach","2021-03-09T13:58Z","2021-06-08","WALK.20210309.SURBER.5","A00000214271",,"PSEHER","Y","Psephenus herricki",,"species","Arthropoda","Hexapoda","Insecta","Pterygota","Neoptera","Holometabola","Coleoptera","Polyphaga","Elateriformia","Byrrhoidea","Psephenidae","Psepheninae",,,"Psephenus","herricki",,"larva",2,,11,25,44,"N","N",,"condition OK","Y",,"Brown 1972","N","EcoAnalysts Inc.","A. Navesky",,,
"e311373d-1572-497f-b690-cd3919fe3f80","D07","WALK","WALK.AOS.reach","2021-03-09T13:58Z","2021-06-09","WALK.20210309.SURBER.1","A00000214272",,"NILFIM","Y","Nilotanypus fimbriatus",,"species","Arthropoda","Hexapoda","Insecta","Pterygota","Neoptera","Holometabola","Diptera","Nematocera","Culicomorpha",,"Chironomidae","Tanypodinae","Pentaneurini",,"Nilotanypus","fimbriatus",,"larva",1,,2,38,5,"N","N",,"condition OK","Y",,"Epler 2001","Y","EcoAnalysts Inc.","G. Wallace",,,
"e32db0a1-cdf2-4431-a615-7bde0f65cffb","D07","WALK","WALK.AOS.reach","2021-03-09T13:58Z","2021-06-08","WALK.20210309.SURBER.8","A00000214273",,"CLASP9","Y","Clathrosperchon sp.",,"genus","Arthropoda","Chelicerata","Arachnida","Acari",,"Acariformes","Trombidiformes","Prostigmata",,"Hydryphantoidea","Rhynchohydracaridae",,,,"Clathrosperchon","sp.",,"none",1,,1,50,2,"N","N",,"condition OK","Y",,"Thorp and Covich 2001","N","EcoAnalysts Inc.","A. Navesky",,,
"c9673be8-ccb0-464c-982f-bf614a0108d6","D07","WALK","WALK.AOS.reach","2021-03-09T13:58Z","2021-06-08","WALK.20210309.SURBER.6","A00000214276",,"ELISP","Y","Elimia sp.",,"genus","Mollusca",,"Gastropoda",,,,"Neotaenioglossa",,,,"Pleuroceridae",,,,"Elimia","sp.",,"none",8,,1,19,5,"N","N",,"condition OK","Y",,"Thorp and Covich 2001","N","EcoAnalysts Inc.","A. Navesky",,,
"6c502732-ef5a-4761-8ae4-28648578850e","D07","WALK","WALK.AOS.reach","2021-03-09T13:58Z","2021-06-08","WALK.20210309.SURBER.6","A00000214276",,"TANSP8","Y","Tanytarsini sp.",,"tribe","Arthropoda","Hexapoda","Insecta","Pterygota","Neoptera","Holometabola","Diptera","Nematocera","Culicomorpha",,"Chironomidae","Chironominae","Tanytarsini",,,"sp.",,"larva",2,,1,19,5,"N","N",,"damaged, affecting taxonomy and measurement","N",,"Epler 2001","N","EcoAnalysts Inc.","G. Wallace",,,
"2485ee37-6ac2-4f0c-b1a0-1a4ed6324f20","D07","WALK","WALK.AOS.reach","2021-03-09T13:58Z","2021-06-08","WALK.20210309.SURBER.8","A00000214273",,"TANSP11","Y","Tanytarsus sp.",,"genus","Arthropoda","Hexapoda","Insecta","Pterygota","Neoptera","Holometabola","Diptera","Nematocera","Culicomorpha",,"Chironomidae","Chironominae","Tanytarsini",,"Tanytarsus","sp.",,"larva",3,,1,50,2,"N","N",,"condition OK","Y",,"Epler 2001","N","EcoAnalysts Inc.","G. Wallace",,,
"3111492e-7ee1-46da-bd2b-cdc683dd1665","D07","WALK","WALK.AOS.reach","2021-03-09T13:58Z","2021-06-08","WALK.20210309.SURBER.8","A00000214273",,"TANSP8","Y","Tanytarsini sp.",,"tribe","Arthropoda","Hexapoda","Insecta","Pterygota","Neoptera","Holometabola","Diptera","Nematocera","Culicomorpha",,"Chironomidae","Chironominae","Tanytarsini",,,"sp.",,"larva",1,,1,50,2,"N","N",,"damaged, affecting taxonomy","N",,"Epler 2001","N","EcoAnalysts Inc.","G. Wallace",,,
"dbed793b-6f43-41f7-9c4c-3f65697aa9c6","D07","WALK","WALK.AOS.reach","2021-03-09T13:58Z","2021-06-09","WALK.20210309.SURBER.1","A00000214272",,"LEPSP4","Y","Leptophlebiidae sp.",,"family","Arthropoda","Hexapoda","Insecta","Pterygota","Palaeoptera",,"Ephemeroptera","Furcatergalia","Lanceolata",,"Leptophlebiidae",,,,,"sp.",,"larva",1,,3,38,8,"Y","N",,"condition OK","N",,"Merritt and Cummins 2008","Y","EcoAnalysts Inc.","A. Navesky","1 recently molted missing abdomen",,
"b0c07afa-1f86-4095-ae8b-5ec572235d19","D07","WALK","WALK.AOS.reach","2021-03-09T13:58Z","2021-06-09","WALK.20210309.SURBER.2","A00000214270",,"CERSP10","Y","Ceratopogoninae sp.",,"subfamily","Arthropoda","Hexapoda","Insecta","Pterygota","Neoptera","Holometabola","Diptera","Nematocera","Culicomorpha",,"Ceratopogonidae","Ceratopogoninae",,,,"sp.",,"larva",5,,1,38,3,"N","Y",,"condition OK","Y",,"Merritt and Cummins 2008","N","EcoAnalysts Inc.","A. Navesky",,,
"767e4892-8226-4337-b4c4-90b80892775b","D07","WALK","WALK.AOS.reach","2021-03-09T13:58Z","2021-06-09","WALK.20210309.SURBER.1","A00000214272",,"PARSP26","Y","Parametriocnemus sp.",,"genus","Arthropoda","Hexapoda","Insecta","Pterygota","Neoptera","Holometabola","Diptera","Nematocera","Culicomorpha",,"Chironomidae","Orthocladiinae",,,"Parametriocnemus","sp.",,"larva",5,,1,38,3,"N","N",,"condition OK","Y",,"Epler 2001","Y","EcoAnalysts Inc.","G. Wallace",,,
"b81750b3-d23b-44b7-bf02-b4c0fbb7e7db","D07","WALK","WALK.AOS.reach","2021-03-09T13:58Z","2021-06-08","WALK.20210309.SURBER.8","A00000214273",,"OULSP","Y","Oulimnius sp.",,"genus","Arthropoda","Hexapoda","Insecta","Pterygota","Neoptera","Holometabola","Coleoptera","Polyphaga","Elateriformia","Byrrhoidea","Elmidae","Elminae","Elmini",,"Oulimnius","sp.",,"adult",2,,1,50,2,"N","N",,"condition OK","Y",,"Merritt and Cummins 2008","N","EcoAnalysts Inc.","A. Navesky",,,
"f866a99b-def3-427f-9ff6-0c2a1cb5f4cb","D07","WALK","WALK.AOS.reach","2021-03-09T13:58Z","2021-06-09","WALK.20210309.SURBER.4","A00000214274",,"DIPHAG","Y","Diphetor hageni",,"species","Arthropoda","Hexapoda","Insecta","Pterygota","Palaeoptera",,"Ephemeroptera","Pisciforma",,,"Baetidae",,,,"Diphetor","hageni",,"larva",3,,1,88,1,"N","N",,"condition OK","Y",,"Morihara and McCafferty 1979","N","EcoAnalysts Inc.","A. Navesky",,,
"e0c32713-fd2a-4662-9079-6f69c5555a8c","D07","WALK","WALK.AOS.reach","2021-03-09T13:58Z","2021-06-08","WALK.20210309.SURBER.6","A00000214276",,"PARSP26","Y","Parametriocnemus sp.",,"genus","Arthropoda","Hexapoda","Insecta","Pterygota","Neoptera","Holometabola","Diptera","Nematocera","Culicomorpha",,"Chironomidae","Orthocladiinae",,,"Parametriocnemus","sp.",,"larva",2,,2,19,11,"N","N",,"condition OK","Y",,"Epler 2001","N","EcoAnalysts Inc.","G. Wallace",,,
"f481c03e-abfa-4026-ba75-f47efd33506f","D07","WALK","WALK.AOS.reach","2021-03-09T13:58Z","2021-06-08","WALK.20210309.SURBER.5","A00000214271",,"CRISP2","Y","Cricotopus sp.",,"genus","Arthropoda","Hexapoda","Insecta","Pterygota","Neoptera","Holometabola","Diptera","Nematocera","Culicomorpha",,"Chironomidae","Orthocladiinae",,,"Cricotopus","sp.",,"larva",1,,1,25,4,"N","N",,"condition OK","Y",,"Epler 2001","N","EcoAnalysts Inc.","G. Wallace","tiny. EcoID=Cricotopus/Orthocladius",,
"e74aea3d-a06f-4920-9f90-d6a6709742a3","D07","WALK","WALK.AOS.reach","2021-03-09T13:58Z","2021-06-08","WALK.20210309.SURBER.8","A00000214273","WALK.20210309.SURBER.8_OLIGOCHAETE_1/1","LUMSP2","Y","Lumbriculidae sp.",,"family","Annelida","Clitellata","Oligochaeta","Oligochaeta",,,"Lumbriculida",,,,"Lumbriculidae",,,,,"sp.",,"none",8,,1,50,2,"N","N",,"condition OK","Y",,"Kathman and Brinkhurst 1999","N","EcoAnalysts Inc.","G. Wallace",,,
"544c1bfc-5745-4790-9e12-f0dff7b83594","D07","WALK","WALK.AOS.reach","2021-03-09T13:58Z","2021-06-09","WALK.20210309.SURBER.4","A00000214274",,"POLSP12","Y","Polycentropus sp.",,"genus","Arthropoda","Hexapoda","Insecta","Pterygota","Neoptera","Holometabola","Trichoptera",,,"Hydropsychoidea","Polycentropodidae","Polycentropodinae",,,"Polycentropus","sp.",,"larva",2,,1,88,1,"N","N",,"condition OK","Y",,"Wiggins 1996","N","EcoAnalysts Inc.","A. Navesky","inseparable from Plectrocnemia Holocentropus Cernotina",,
"2930f819-f725-4b58-9d9b-6fab4e172e62","D07","WALK","WALK.AOS.reach","2021-03-09T13:58Z","2021-06-08","WALK.20210309.SURBER.7","A00000214275",,"CORSP19","Y","Corynoneura sp.",,"genus","Arthropoda","Hexapoda","Insecta","Pterygota","Neoptera","Holometabola","Diptera","Nematocera","Culicomorpha",,"Chironomidae","Orthocladiinae",,,"Corynoneura","sp.",,"larva",1,,1,31,3,"N","N",,"condition OK","Y",,"Epler 2001","N","EcoAnalysts Inc.","G. Wallace",,,
"d75a8302-388d-4989-b8de-04ee20a440bc","D07","WALK","WALK.AOS.reach","2021-03-09T13:58Z","2021-06-09","WALK.20210309.SURBER.1","A00000214272",,"PENSP6","Y","Pentaneurini sp.",,"tribe","Arthropoda","Hexapoda","Insecta","Pterygota","Neoptera","Holometabola","Diptera","Nematocera","Culicomorpha",,"Chironomidae","Tanypodinae","Pentaneurini",,,"sp.",,"larva",1,,1,38,3,"Y","N",,"condition OK","Y",,"Epler 2001","Y","EcoAnalysts Inc.","G. Wallace","unique",,
"b6772d6f-d500-41ab-98d7-90c50d6b46c5","D07","WALK","WALK.AOS.reach","2021-03-09T13:58Z","2021-06-08","WALK.20210309.SURBER.8","A00000214273",,"POLSP12","Y","Polycentropus sp.",,"genus","Arthropoda","Hexapoda","Insecta","Pterygota","Neoptera","Holometabola","Trichoptera",,,"Hydropsychoidea","Polycentropodidae","Polycentropodinae",,,"Polycentropus","sp.",,"larva",3,,1,50,2,"N","N",,"condition OK","Y",,"Wiggins 1996","N","EcoAnalysts Inc.","A. Navesky","now inseparable from Plectrocnemia Holocentropus Cernotina",,
"290fa34a-54e5-4294-a530-288ef04bb42b","D07","WALK","WALK.AOS.reach","2021-03-09T13:58Z","2021-06-09","WALK.20210309.SURBER.2","A00000214270",,"POLSP12","Y","Polycentropus sp.",,"genus","Arthropoda","Hexapoda","Insecta","Pterygota","Neoptera","Holometabola","Trichoptera",,,"Hydropsychoidea","Polycentropodidae","Polycentropodinae",,,"Polycentropus","sp.",,"larva",4,,1,38,3,"N","N",,"condition OK","Y",,"Wiggins 1996","N","EcoAnalysts Inc.","A. Navesky","inseparable from Polycentropus Plectrocnemia Holocentropus",,
"d45c194e-3459-4ede-8522-d41ae0b30a31","D07","WALK","WALK.AOS.reach","2021-03-09T13:58Z","2021-06-08","WALK.20210309.SURBER.7","A00000214275",,"TORSP1","Y","Torrenticolidae sp.",,"family","Arthropoda","Chelicerata","Arachnida","Acari",,"Acariformes","Trombidiformes","Prostigmata",,"Lebertioidea","Torrenticolidae",,,,,"sp.",,"none",1,,1,31,3,"N","N",,"damaged, affecting taxonomy","N",,"Thorp and Covich 2001","N","EcoAnalysts Inc.","A. Navesky","dorsal platelets not mature",,
"f9270d17-4ce0-4608-9c36-082ea0a440ba","D07","WALK","WALK.AOS.reach","2021-03-09T13:58Z","2021-06-09","WALK.20210309.SURBER.2","A00000214270",,"HEPSP","Y","Heptageniidae sp.",,"family","Arthropoda","Hexapoda","Insecta","Pterygota","Palaeoptera",,"Ephemeroptera","Pisciforma",,"Heptagenioidea","Heptageniidae",,,,,"sp.",,"larva",2,,1,38,3,"Y","N",,"condition OK","N",,"Merritt and Cummins 2008","N","EcoAnalysts Inc.","A. Navesky",,,
"344b65b7-7301-465a-b2ee-a0bd4f531b39","D07","WALK","WALK.AOS.reach","2021-03-09T13:58Z","2021-06-08","WALK.20210309.SURBER.6","A00000214276",,"TANSP8","Y","Tanytarsini sp.",,"tribe","Arthropoda","Hexapoda","Insecta","Pterygota","Neoptera","Holometabola","Diptera","Nematocera","Culicomorpha",,"Chironomidae","Chironominae","Tanytarsini",,,"sp.",,"larva",3,,2,19,11,"N","N",,"damaged, affecting taxonomy","N",,"Epler 2001","N","EcoAnalysts Inc.","G. Wallace",,,
"23376e4c-8ae7-4346-9950-803323e81923","D07","WALK","WALK.AOS.reach","2021-03-09T13:58Z","2021-06-08","WALK.20210309.SURBER.5","A00000214271",,"TORSP6","Y","Torrenticola sp.",,"genus","Arthropoda","Chelicerata","Arachnida","Acari",,"Acariformes","Trombidiformes","Prostigmata",,"Lebertioidea","Torrenticolidae",,,,"Torrenticola","sp.",,"none",1,,1,25,4,"N","N",,"condition OK","Y",,"Thorp and Covich 2001","N","EcoAnalysts Inc.","A. Navesky",,,
"4a0ebb01-8de8-4b2a-8f99-0fe44736e85f","D07","WALK","WALK.AOS.reach","2021-03-09T13:58Z","2021-06-08","WALK.20210309.SURBER.5","A00000214271",,"MICSP6","Y","Micropsectra sp.",,"genus","Arthropoda","Hexapoda","Insecta","Pterygota","Neoptera","Holometabola","Diptera","Nematocera","Culicomorpha",,"Chironomidae","Chironominae","Tanytarsini",,"Micropsectra","sp.",,"larva",5,,1,25,4,"N","N",,"condition OK","Y",,"Epler 2001","N","EcoAnalysts Inc.","G. Wallace",,,
"f2fb4ed3-efdf-4693-917f-381340fcc7e0","D07","WALK","WALK.AOS.reach","2021-03-09T13:58Z","2021-06-08","WALK.20210309.SURBER.8","A00000214273",,"ECTSP2","Y","Ectopria sp.",,"genus","Arthropoda","Hexapoda","Insecta","Pterygota","Neoptera","Holometabola","Coleoptera","Polyphaga","Elateriformia","Byrrhoidea","Psephenidae","Eubriinae",,,"Ectopria","sp.",,"larva",4,,4,50,8,"N","N",,"condition OK","Y",,"Merritt and Cummins 2008","N","EcoAnalysts Inc.","A. Navesky",,,
"e492c05b-d683-4a76-ba9b-ec0416fe554b","D07","WALK","WALK.AOS.reach","2021-03-09T13:58Z","2021-06-08","WALK.20210309.SURBER.7","A00000214275",,"OPTFAS","Y","Optioservus fastiditus",,"species","Arthropoda","Hexapoda","Insecta","Pterygota","Neoptera","Holometabola","Coleoptera","Polyphaga","Elateriformia","Byrrhoidea","Elmidae","Elminae","Elmini",,"Optioservus","fastiditus",,"adult",3,,1,31,3,"N","N",,"condition OK","Y",,"White & David 2008","N","EcoAnalysts Inc.","A. Navesky",,,
"70866545-6960-4e07-82d3-2b166737c0cb","D07","WALK","WALK.AOS.reach","2021-03-09T13:58Z","2021-06-09","WALK.20210309.SURBER.4","A00000214274",,"TALSP1","Y","Tallaperla sp.",,"genus","Arthropoda","Hexapoda","Insecta","Pterygota","Neoptera","Polyneoptera","Plecoptera","Systellognatha",,,"Peltoperlidae","Peltoperlinae",,,"Tallaperla","sp.",,"larva",5,,1,88,1,"N","N",,"condition OK","Y",,"Stewart and Stark 2002","N","EcoAnalysts Inc.","A. Navesky",,,
"004643e5-e56a-49b5-bbe4-0e916b76ee7d","D07","WALK","WALK.AOS.reach","2021-03-09T13:58Z","2021-06-09","WALK.20210309.SURBER.1","A00000214272",,"PARSP26","Y","Parametriocnemus sp.",,"genus","Arthropoda","Hexapoda","Insecta","Pterygota","Neoptera","Holometabola","Diptera","Nematocera","Culicomorpha",,"Chironomidae","Orthocladiinae",,,"Parametriocnemus","sp.",,"larva",3,,1,38,3,"N","N",,"condition OK","Y",,"Epler 2001","Y","EcoAnalysts Inc.","G. Wallace",,,
"6144e828-93da-4c63-ad29-f12a83881c9a","D07","WALK","WALK.AOS.reach","2021-03-09T13:58Z","2021-06-09","WALK.20210309.SURBER.1","A00000214272",,"SWESP","Y","Sweltsa sp.",,"genus","Arthropoda","Hexapoda","Insecta","Pterygota","Neoptera","Polyneoptera","Plecoptera","Systellognatha",,,"Chloroperlidae","Chloroperlinae",,,"Sweltsa","sp.",,"larva",6,,1,38,3,"N","N",,"condition OK","Y",,"Stewart and Stark 2002","Y","EcoAnalysts Inc.","A. Navesky",,,
"3ca61907-7ea9-400b-a98d-e8ee99abe357","D07","WALK","WALK.AOS.reach","2021-03-09T13:58Z","2021-06-08","WALK.20210309.SURBER.5","A00000214271",,"LEUSP2","Y","Leuctridae sp.",,"family","Arthropoda","Hexapoda","Insecta","Pterygota","Neoptera","Polyneoptera","Plecoptera","Euholognatha",,,"Leuctridae",,,,,"sp.",,"larva",1,,2,25,8,"Y","N",,"condition OK","N",,"Stewart and Stark 2002","N","EcoAnalysts Inc.","A. Navesky",,,
"892849f3-8f63-4e20-abf4-722f53ee79e9","D07","WALK","WALK.AOS.reach","2021-03-09T13:58Z","2021-06-09","WALK.20210309.SURBER.1","A00000214272",,"PARSP26","Y","Parametriocnemus sp.",,"genus","Arthropoda","Hexapoda","Insecta","Pterygota","Neoptera","Holometabola","Diptera","Nematocera","Culicomorpha",,"Chironomidae","Orthocladiinae",,,"Parametriocnemus","sp.",,"larva",6,,1,38,3,"N","N",,"condition OK","Y",,"Epler 2001","Y","EcoAnalysts Inc.","G. Wallace",,,
"02ebb26d-0d0d-4a4b-8c8c-4c2e242d6a46","D07","WALK","WALK.AOS.reach","2021-03-09T13:58Z","2021-06-08","WALK.20210309.SURBER.6","A00000214276",,"STESP10","Y","Stempellinella sp.",,"genus","Arthropoda","Hexapoda","Insecta","Pterygota","Neoptera","Holometabola","Diptera","Nematocera","Culicomorpha",,"Chironomidae","Chironominae","Tanytarsini",,"Stempellinella","sp.",,"larva",1,,87,19,464,"N","N",,"condition OK","Y",,"Epler 2001","N","EcoAnalysts Inc.","G. Wallace",,,
"1fc623aa-33da-451a-b38f-3563a082f564","D07","WALK","WALK.AOS.reach","2021-03-09T13:58Z","2021-06-09","WALK.20210309.SURBER.1","A00000214272",,"LEUSP8","Y","Leuctra sp.",,"genus","Arthropoda","Hexapoda","Insecta","Pterygota","Neoptera","Polyneoptera","Plecoptera","Euholognatha",,,"Leuctridae","Leuctrinae",,,"Leuctra","sp.",,"larva",1,,18,38,48,"N","N",,"condition OK","Y",,"Stewart and Stark 2002","Y","EcoAnalysts Inc.","A. Navesky",,,
"5e8a5ee7-b0fc-4ae2-8bdb-9d02623ac58a","D07","WALK","WALK.AOS.reach","2021-03-09T13:58Z","2021-06-08","WALK.20210309.SURBER.8","A00000214273",,"TANSP8","Y","Tanytarsini sp.",,"tribe","Arthropoda","Hexapoda","Insecta","Pterygota","Neoptera","Holometabola","Diptera","Nematocera","Culicomorpha",,"Chironomidae","Chironominae","Tanytarsini",,,"sp.",,"larva",4,,2,50,4,"N","N",,"damaged, affecting taxonomy","N",,"Epler 2001","N","EcoAnalysts Inc.","G. Wallace",,,
"a2a4976c-6917-430d-86dd-63205226bd36","D07","WALK","WALK.AOS.reach","2021-03-09T13:58Z","2021-06-09","WALK.20210309.SURBER.3","A00000214269","WALK.20210309.SURBER.3_OLIGOCHAETE_2/2","NAISP","Y","Naididae sp.","tubificoid Naididae w/o cap setae","family","Annelida","Clitellata","Oligochaeta","Oligochaeta",,,"Tubificida",,,,"Naididae",,,,,"sp.",,"none",2,,18,81,22,"N","N",,"condition OK","Y",,"Kathman and Brinkhurst 1998","N","EcoAnalysts Inc.","G. Wallace",,,
"2905efe1-6f58-49cf-9e34-2acc25509417","D07","WALK","WALK.AOS.reach","2021-03-09T13:58Z","2021-06-09","WALK.20210309.SURBER.2","A00000214270",,"POLAVI","Y","Polypedilum aviceps",,"species","Arthropoda","Hexapoda","Insecta","Pterygota","Neoptera","Holometabola","Diptera","Nematocera","Culicomorpha",,"Chironomidae","Chironominae","Chironomini",,"Polypedilum","aviceps",,"larva",3,,4,38,11,"N","N",,"condition OK","Y",,"Maschwitz and Cook 2000","N","EcoAnalysts Inc.","G. Wallace",,,
"8863694f-fe90-4cdc-a737-b905bf08137f","D07","WALK","WALK.AOS.reach","2021-03-09T13:58Z","2021-06-08","WALK.20210309.SURBER.8","A00000214273",,"MICPED","Y","Microtendipes pedellus gr.",,"speciesGroup","Arthropoda","Hexapoda","Insecta","Pterygota","Neoptera","Holometabola","Diptera","Nematocera","Culicomorpha",,"Chironomidae","Chironominae","Chironomini",,"Microtendipes","pedellus gr.",,"larva",7,,1,50,2,"N","N",,"condition OK","Y",,"Epler 2001","N","EcoAnalysts Inc.","G. Wallace",,,
"1482a6e3-6227-4f18-9318-a102f191d52e","D07","WALK","WALK.AOS.reach","2021-03-09T13:58Z","2021-06-08","WALK.20210309.SURBER.5","A00000214271",,"GAMSP3","Y","Gammarus sp.",,"genus","Arthropoda","Crustacea","Malacostraca","Eumalacostraca",,"Peracarida","Amphipoda","Gammaridea",,,"Gammaridae",,,,"Gammarus","sp.",,"none",6,,2,25,8,"N","N",,"condition OK","Y",,"Thorp and Covich 2001","N","EcoAnalysts Inc.","A. Navesky",,,
"037d2db5-1c82-4965-a969-532b168ca1d5","D07","WALK","WALK.AOS.reach","2021-03-09T13:58Z","2021-06-09","WALK.20210309.SURBER.4","A00000214274",,"LEUSP8","Y","Leuctra sp.",,"genus","Arthropoda","Hexapoda","Insecta","Pterygota","Neoptera","Polyneoptera","Plecoptera","Euholognatha",,,"Leuctridae","Leuctrinae",,,"Leuctra","sp.",,"larva",3,,2,88,2,"N","N",,"condition OK","Y",,"Stewart and Stark 2002","N","EcoAnalysts Inc.","A. Navesky",,,
"3a79813b-517a-4997-b095-304ed0c57118","D07","WALK","WALK.AOS.reach","2021-03-09T13:58Z","2021-06-09","WALK.20210309.SURBER.3","A00000214269",,"EURSP4","Y","Eurylophella sp.",,"genus","Arthropoda","Hexapoda","Insecta","Pterygota","Palaeoptera",,"Ephemeroptera","Furcatergalia","Pannota","Ephemerelloidea","Ephemerellidae",,,,"Eurylophella","sp.",,"larva",1,,2,81,2,"Y","N",,"condition OK","Y",,"Merritt and Cummins 2008","N","EcoAnalysts Inc.","A. Navesky",,,
"730142dc-bccd-4bd1-925e-5a31e18a75aa","D07","WALK","WALK.AOS.reach","2021-03-09T13:58Z","2021-06-09","WALK.20210309.SURBER.1","A00000214272",,"LUMSP2","Y","Lumbriculidae sp.",,"family","Annelida","Clitellata","Oligochaeta","Oligochaeta",,,"Lumbriculida",,,,"Lumbriculidae",,,,,"sp.",,"none",12,,1,38,3,"N","N",,"condition OK","Y",,"Kathman and Brinkhurst 1999","Y","EcoAnalysts Inc.","G. Wallace",,,
"ad65565f-5f74-4a6a-b477-4223bb4c6d89","D07","WALK","WALK.AOS.reach","2021-03-09T13:58Z","2021-06-08","WALK.20210309.SURBER.7","A00000214275",,"POLAVI","Y","Polypedilum aviceps",,"species","Arthropoda","Hexapoda","Insecta","Pterygota","Neoptera","Holometabola","Diptera","Nematocera","Culicomorpha",,"Chironomidae","Chironominae","Chironomini",,"Polypedilum","aviceps",,"larva",2,,1,31,3,"N","N",,"condition OK","Y",,"Maschwitz and Cook 2000","N","EcoAnalysts Inc.","G. Wallace",,,
"1f012e76-49f3-4f47-89b2-4c862f44afad","D07","WALK","WALK.AOS.reach","2021-03-09T13:58Z","2021-06-09","WALK.20210309.SURBER.3","A00000214269",,"TURSP","Y","Turbellaria sp.",,"class","Platyhelminthes",,"Turbellaria",,,,,,,,,,,,,"sp.",,"none",2,,1,81,1,"N","Y",,"condition OK","Y",,"Thorp and Covich 2001","N","EcoAnalysts Inc.","A. Navesky",,,
"d72fc09d-36ed-462e-8de9-d38b9f839df8","D07","WALK","WALK.AOS.reach","2021-03-09T13:58Z","2021-06-08","WALK.20210309.SURBER.7","A00000214275",,"TORSP6","Y","Torrenticola sp.",,"genus","Arthropoda","Chelicerata","Arachnida","Acari",,"Acariformes","Trombidiformes","Prostigmata",,"Lebertioidea","Torrenticolidae",,,,"Torrenticola","sp.",,"none",1,,1,31,3,"N","N",,"condition OK","Y",,"Thorp and Covich 2001","N","EcoAnalysts Inc.","A. Navesky",,,
"5036de4c-a118-4d78-86bb-00b75cf397ad","D07","WALK","WALK.AOS.reach","2021-03-09T13:58Z","2021-06-09","WALK.20210309.SURBER.2","A00000214270",,"LEPSP4","Y","Leptophlebiidae sp.",,"family","Arthropoda","Hexapoda","Insecta","Pterygota","Palaeoptera",,"Ephemeroptera","Furcatergalia","Lanceolata",,"Leptophlebiidae",,,,,"sp.",,"larva",1,"1b",9,38,24,"Y","N",,"condition OK","N",,"Merritt and Cummins 2008","N","EcoAnalysts Inc.","A. Navesky","missing gills",,
"38c7c587-08a0-4f4c-a1a9-d0bb7386d854","D07","WALK","WALK.AOS.reach","2021-03-09T13:58Z","2021-06-09","WALK.20210309.SURBER.2","A00000214270",,"NEOSP69","Y","Neoleptophlebia sp.",,"genus","Arthropoda","Hexapoda","Insecta","Pterygota","Palaeoptera",,"Ephemeroptera","Furcatergalia","Lanceolata",,"Leptophlebiidae",,,,"Neoleptophlebia","sp.",,"larva",2,,4,38,11,"N","N",,"condition OK","Y",,"Tiunova and Kluge 2016; Merritt et al 2019","N","EcoAnalysts Inc.","A. Navesky",,,
"0cdd53d3-11ef-4978-917a-5d3b36eeb661","D07","WALK","WALK.AOS.reach","2021-03-09T13:58Z","2021-06-09","WALK.20210309.SURBER.4","A00000214274",,"PARSP26","Y","Parametriocnemus sp.",,"genus","Arthropoda","Hexapoda","Insecta","Pterygota","Neoptera","Holometabola","Diptera","Nematocera","Culicomorpha",,"Chironomidae","Orthocladiinae",,,"Parametriocnemus","sp.",,"larva",6,,1,88,1,"N","N",,"condition OK","Y",,"Epler 2001","N","EcoAnalysts Inc.","G. Wallace",,,
"ab43c65b-838e-4c56-ac74-f49676483f83","D07","WALK","WALK.AOS.reach","2021-03-09T13:58Z","2021-06-09","WALK.20210309.SURBER.1","A00000214272",,"TANSP11","Y","Tanytarsus sp.",,"genus","Arthropoda","Hexapoda","Insecta","Pterygota","Neoptera","Holometabola","Diptera","Nematocera","Culicomorpha",,"Chironomidae","Chironominae","Tanytarsini",,"Tanytarsus","sp.",,"larva",1,,1,38,3,"N","N",,"condition OK","Y",,"Epler 2001","Y","EcoAnalysts Inc.","G. Wallace",,,
"93800f32-cf83-4ec7-a52e-4e5f9c3e76dd","D07","WALK","WALK.AOS.reach","2021-03-09T13:58Z","2021-06-08","WALK.20210309.SURBER.7","A00000214275",,"ECTSP2","Y","Ectopria sp.",,"genus","Arthropoda","Hexapoda","Insecta","Pterygota","Neoptera","Holometabola","Coleoptera","Polyphaga","Elateriformia","Byrrhoidea","Psephenidae","Eubriinae",,,"Ectopria","sp.",,"larva",2,,2,31,6,"N","N",,"condition OK","Y",,"Merritt and Cummins 2008","N","EcoAnalysts Inc.","A. Navesky",,,
"362010c3-094e-49f6-b7b5-f2d8caf4bebd","D07","WALK","WALK.AOS.reach","2021-03-09T13:58Z","2021-06-09","WALK.20210309.SURBER.1","A00000214272",,"CERSP10","Y","Ceratopogoninae sp.",,"subfamily","Arthropoda","Hexapoda","Insecta","Pterygota","Neoptera","Holometabola","Diptera","Nematocera","Culicomorpha",,"Ceratopogonidae","Ceratopogoninae",,,,"sp.",,"larva",3,,1,38,3,"N","Y",,"condition OK","Y",,"Merritt and Cummins 2008","Y","EcoAnalysts Inc.","A. Navesky",,,
"0f6b86d6-a888-465e-88e9-3dee6c58ea0e","D07","WALK","WALK.AOS.reach","2021-03-09T13:58Z","2021-06-08","WALK.20210309.SURBER.5","A00000214271",,"SIMSP1","Y","Simulium sp.",,"genus","Arthropoda","Hexapoda","Insecta","Pterygota","Neoptera","Holometabola","Diptera","Nematocera","Culicomorpha",,"Simuliidae","Simuliinae","Simuliini",,"Simulium","sp.",,"larva",2,,4,25,16,"N","N",,"condition OK","Y",,"Merritt and Cummins 2008","N","EcoAnalysts Inc.","A. Navesky",,,
"152a1be5-6d56-420c-a8d0-4258cec07412","D07","WALK","WALK.AOS.reach","2021-03-09T13:58Z","2021-06-09","WALK.20210309.SURBER.1","A00000214272",,"GLOSP1","Y","Glossosomatidae sp.",,"family","Arthropoda","Hexapoda","Insecta","Pterygota","Neoptera","Holometabola","Trichoptera",,,"Glossosomatoidea","Glossosomatidae",,,,,"sp.",,"larva",3,,1,38,3,"N","N",,"damaged, affecting taxonomy","N",,"Wiggins 1996","Y","EcoAnalysts Inc.","A. Navesky","head only",,
"e349f4fd-cbb6-4ef5-901c-72f293ca230c","D07","WALK","WALK.AOS.reach","2021-03-09T13:58Z","2021-06-09","WALK.20210309.SURBER.1","A00000214272",,"EPHSP1","Y","Ephemerellidae sp.",,"family","Arthropoda","Hexapoda","Insecta","Pterygota","Palaeoptera",,"Ephemeroptera","Furcatergalia","Pannota","Ephemerelloidea","Ephemerellidae",,,,,"sp.",,"larva",1,,1,38,3,"Y","N",,"condition OK","Y",,"Merritt and Cummins 2008","Y","EcoAnalysts Inc.","A. Navesky","maybe immature Eurylophella",,
"063cd1a6-839f-4c23-b0f4-2eab2988263b","D07","WALK","WALK.AOS.reach","2021-03-09T13:58Z","2021-06-08","WALK.20210309.SURBER.6","A00000214276",,"TANSP8","Y","Tanytarsini sp.",,"tribe","Arthropoda","Hexapoda","Insecta","Pterygota","Neoptera","Holometabola","Diptera","Nematocera","Culicomorpha",,"Chironomidae","Chironominae","Tanytarsini",,,"sp.",,"larva",5,,1,19,5,"N","N",,"damaged, affecting taxonomy","N",,"Epler 2001","N","EcoAnalysts Inc.","G. Wallace",,,
"1f4a6506-c56e-4718-8be9-3264388f13d1","D07","WALK","WALK.AOS.reach","2021-03-09T13:58Z","2021-06-09","WALK.20210309.SURBER.4","A00000214274",,"CHESP17","Y","Chelifera/Metachela sp.",,"speciesGroup","Arthropoda","Hexapoda","Insecta","Pterygota","Neoptera","Holometabola","Diptera","Brachycera","Muscomorpha",,"Empididae","Hemerodromiinae","Hemerodromiini",,"Chelifera/Metachela","sp.",,"larva",4,,1,88,1,"N","N",,"condition OK","Y",,"Merritt and Cummins 2008","N","EcoAnalysts Inc.","A. Navesky","EcoID=Chelifera/Metachela",,
"5bc4c766-c975-4548-a65b-3e5fcaabb790","D07","WALK","WALK.AOS.reach","2021-03-09T13:58Z","2021-06-08","WALK.20210309.SURBER.6","A00000214276",,"ANTSP9","Y","Antocha sp.",,"genus","Arthropoda","Hexapoda","Insecta","Pterygota","Neoptera","Holometabola","Diptera","Nematocera","Tipulomorpha",,"Tipulidae","Limoniinae","Limoniini",,"Antocha","sp.",,"larva",2,,1,19,5,"N","N",,"condition OK","Y",,"Merritt and Cummins 2008","N","EcoAnalysts Inc.","A. Navesky",,,
"f75d98f3-a820-472a-b46f-fc09eff00444","D07","WALK","WALK.AOS.reach","2021-03-09T13:58Z","2021-06-09","WALK.20210309.SURBER.3","A00000214269",,"PARSP26","Y","Parametriocnemus sp.",,"genus","Arthropoda","Hexapoda","Insecta","Pterygota","Neoptera","Holometabola","Diptera","Nematocera","Culicomorpha",,"Chironomidae","Orthocladiinae",,,"Parametriocnemus","sp.",,"larva",2,,1,81,1,"N","N",,"condition OK","Y",,"Epler 2001","N","EcoAnalysts Inc.","G. Wallace",,,
"98818c64-7dbd-4238-a501-5de723a58814","D07","WALK","WALK.AOS.reach","2021-03-09T13:58Z","2021-06-08","WALK.20210309.SURBER.5","A00000214271",,"TANSP8","Y","Tanytarsini sp.",,"tribe","Arthropoda","Hexapoda","Insecta","Pterygota","Neoptera","Holometabola","Diptera","Nematocera","Culicomorpha",,"Chironomidae","Chironominae","Tanytarsini",,,"sp.",,"larva",4,,1,25,4,"N","N",,"damaged, affecting taxonomy and measurement","N",,"Epler 2001","N","EcoAnalysts Inc.","G. Wallace","no antennae",,
"8b6dbd91-6770-45ba-9543-181dc7bc1af7","D07","WALK","WALK.AOS.reach","2021-03-09T13:58Z","2021-06-08","WALK.20210309.SURBER.7","A00000214275",,"BAESP","Y","Baetidae sp.",,"family","Arthropoda","Hexapoda","Insecta","Pterygota","Palaeoptera",,"Ephemeroptera","Pisciforma",,,"Baetidae",,,,,"sp.",,"larva",1,,1,31,3,"Y","N",,"condition OK","N",,"Merritt and Cummins 2008","N","EcoAnalysts Inc.","A. Navesky",,,
"40ea5595-e678-40ef-9982-9421eb1c9386","D07","WALK","WALK.AOS.reach","2021-03-09T13:58Z","2021-06-08","WALK.20210309.SURBER.5","A00000214271",,"BAESP2","Y","Baetis sp.",,"genus","Arthropoda","Hexapoda","Insecta","Pterygota","Palaeoptera",,"Ephemeroptera","Pisciforma",,,"Baetidae",,,,"Baetis","sp.",,"larva",1,,23,25,92,"Y","N",,"condition OK","N",,"Merritt and Cummins 2008","N","EcoAnalysts Inc.","A. Navesky",,,
"180eb08a-ca7f-4304-8412-c4131282a557","D07","WALK","WALK.AOS.reach","2021-03-09T13:58Z","2021-06-09","WALK.20210309.SURBER.1","A00000214272",,"HABSP1","Y","Habrophlebiodes sp.",,"genus","Arthropoda","Hexapoda","Insecta","Pterygota","Palaeoptera",,"Ephemeroptera","Furcatergalia","Lanceolata",,"Leptophlebiidae",,,,"Habrophlebiodes","sp.",,"larva",1,,4,38,11,"N","N",,"condition OK","Y",,"Merritt and Cummins 2008","Y","EcoAnalysts Inc.","A. Navesky",,,
"bb22f1e4-1eab-49d0-b19b-7334ede4e2ec","D07","WALK","WALK.AOS.reach","2021-03-09T13:58Z","2021-06-09","WALK.20210309.SURBER.1","A00000214272",,"SIMSP1","Y","Simulium sp.",,"genus","Arthropoda","Hexapoda","Insecta","Pterygota","Neoptera","Holometabola","Diptera","Nematocera","Culicomorpha",,"Simuliidae","Simuliinae","Simuliini",,"Simulium","sp.",,"larva",2,,2,38,5,"N","N",,"condition OK","Y",,"Merritt and Cummins 2008","Y","EcoAnalysts Inc.","A. Navesky",,,
"20ed08db-f9aa-4910-b8c1-a6d15442b4bb","D07","WALK","WALK.AOS.reach","2021-03-09T13:58Z","2021-06-09","WALK.20210309.SURBER.2","A00000214270",,"ELISP","Y","Elimia sp.",,"genus","Mollusca",,"Gastropoda",,,,"Neotaenioglossa",,,,"Pleuroceridae",,,,"Elimia","sp.",,"none",11,,1,38,3,"N","N",,"condition OK","Y",,"Thorp and Covich 2001","N","EcoAnalysts Inc.","A. Navesky",,,
"6366e5ee-e410-406d-9714-c30ed49b56f0","D07","WALK","WALK.AOS.reach","2021-03-09T13:58Z","2021-06-09","WALK.20210309.SURBER.4","A00000214274",,"PSEHER","Y","Psephenus herricki",,"species","Arthropoda","Hexapoda","Insecta","Pterygota","Neoptera","Holometabola","Coleoptera","Polyphaga","Elateriformia","Byrrhoidea","Psephenidae","Psepheninae",,,"Psephenus","herricki",,"larva",2,,1,88,1,"N","N",,"condition OK","Y",,"Brown 1972","N","EcoAnalysts Inc.","A. Navesky",,,
"3ce6c1ad-e06b-46be-86ac-240a96dc4f9f","D07","WALK","WALK.AOS.reach","2021-03-09T13:58Z","2021-06-09","WALK.20210309.SURBER.4","A00000214274",,"POLAVI","Y","Polypedilum aviceps",,"species","Arthropoda","Hexapoda","Insecta","Pterygota","Neoptera","Holometabola","Diptera","Nematocera","Culicomorpha",,"Chironomidae","Chironominae","Chironomini",,"Polypedilum","aviceps",,"larva",3,,2,88,2,"N","N",,"condition OK","Y",,"Maschwitz and Cook 2000","N","EcoAnalysts Inc.","G. Wallace",,,
"60d4d9e7-cdb3-4b3a-9725-13d304be7ffc","D07","WALK","WALK.AOS.reach","2021-03-09T13:58Z","2021-06-09","WALK.20210309.SURBER.2","A00000214270",,"TANSP11","Y","Tanytarsus sp.",,"genus","Arthropoda","Hexapoda","Insecta","Pterygota","Neoptera","Holometabola","Diptera","Nematocera","Culicomorpha",,"Chironomidae","Chironominae","Tanytarsini",,"Tanytarsus","sp.",,"larva",2,,3,38,8,"N","N",,"condition OK","Y",,"Epler 2001","N","EcoAnalysts Inc.","G. Wallace",,,
"bf33af12-59ed-4683-b20d-ea35b776560a","D07","WALK","WALK.AOS.reach","2021-03-09T13:58Z","2021-06-09","WALK.20210309.SURBER.4","A00000214274",,"CORSP19","Y","Corynoneura sp.",,"genus","Arthropoda","Hexapoda","Insecta","Pterygota","Neoptera","Holometabola","Diptera","Nematocera","Culicomorpha",,"Chironomidae","Orthocladiinae",,,"Corynoneura","sp.",,"larva",1,,2,88,2,"N","N",,"condition OK","Y",,"Epler 2001","N","EcoAnalysts Inc.","G. Wallace",,,
"8fcc1b66-3faf-4ad2-9a52-3319923eb5f6","D07","WALK","WALK.AOS.reach","2021-03-09T13:58Z","2021-06-08","WALK.20210309.SURBER.7","A00000214275",,"TANSP11","Y","Tanytarsus sp.",,"genus","Arthropoda","Hexapoda","Insecta","Pterygota","Neoptera","Holometabola","Diptera","Nematocera","Culicomorpha",,"Chironomidae","Chironominae","Tanytarsini",,"Tanytarsus","sp.",,"larva",1,,2,31,6,"N","N",,"condition OK","Y",,"Epler 2001","N","EcoAnalysts Inc.","G. Wallace",,,
"0fc563f1-64fa-4f50-ba75-9e15ce40b8b6","D07","WALK","WALK.AOS.reach","2021-03-09T13:58Z","2021-06-09","WALK.20210309.SURBER.3","A00000214269",,"THISP2","Y","Thienemanniella sp.",,"genus","Arthropoda","Hexapoda","Insecta","Pterygota","Neoptera","Holometabola","Diptera","Nematocera","Culicomorpha",,"Chironomidae","Orthocladiinae",,,"Thienemanniella","sp.",,"larva",1,,9,81,11,"N","N",,"condition OK","Y",,"Epler 2001","N","EcoAnalysts Inc.","G. Wallace",,,
"5dc3aab5-55cb-470a-b759-317e424d5b79","D07","WALK","WALK.AOS.reach","2021-03-09T13:58Z","2021-06-08","WALK.20210309.SURBER.8","A00000214273",,"ECTSP2","Y","Ectopria sp.",,"genus","Arthropoda","Hexapoda","Insecta","Pterygota","Neoptera","Holometabola","Coleoptera","Polyphaga","Elateriformia","Byrrhoidea","Psephenidae","Eubriinae",,,"Ectopria","sp.",,"larva",2,,6,50,12,"N","N",,"condition OK","Y",,"Merritt and Cummins 2008","N","EcoAnalysts Inc.","A. Navesky",,,
"933f0b15-c73e-46b4-ad16-4f91d0afd330","D07","WALK","WALK.AOS.reach","2021-03-09T13:58Z","2021-06-08","WALK.20210309.SURBER.6","A00000214276",,"RHEEXI","Y","Rheotanytarsus exiguus gr.",,"speciesGroup","Arthropoda","Hexapoda","Insecta","Pterygota","Neoptera","Holometabola","Diptera","Nematocera","Culicomorpha",,"Chironomidae","Chironominae","Tanytarsini",,"Rheotanytarsus","exiguus gr.",,"larva",3,,1,19,5,"N","N",,"condition OK","Y",,"Epler 2001","N","EcoAnalysts Inc.","G. Wallace",,,
"573a1adc-fcd8-47ab-8d42-655644503698","D07","WALK","WALK.AOS.reach","2021-03-09T13:58Z","2021-06-08","WALK.20210309.SURBER.5","A00000214271",,"DIPMOD","Y","Diplectrona modesta",,"species","Arthropoda","Hexapoda","Insecta","Pterygota","Neoptera","Holometabola","Trichoptera",,,"Hydropsychoidea","Hydropsychidae","Diplectroninae",,,"Diplectrona","modesta",,"larva",7,,2,25,8,"N","N",,"condition OK","Y",,"Wiggins 1996","N","EcoAnalysts Inc.","A. Navesky",,,
"77ffaf8f-ce5c-4a8f-a8bd-e21a282cd17d","D07","WALK","WALK.AOS.reach","2021-03-09T13:58Z","2021-06-09","WALK.20210309.SURBER.2","A00000214270",,"TANSP8","Y","Tanytarsini sp.",,"tribe","Arthropoda","Hexapoda","Insecta","Pterygota","Neoptera","Holometabola","Diptera","Nematocera","Culicomorpha",,"Chironomidae","Chironominae","Tanytarsini",,,"sp.",,"larva",1,,1,38,3,"N","N",,"damaged, affecting taxonomy and measurement","N",,"Epler 2001","N","EcoAnalysts Inc.","G. Wallace","no antennae",,
"0aeb3957-feab-42f5-bbe4-80b807caf542","D07","WALK","WALK.AOS.reach","2021-03-09T13:58Z","2021-06-08","WALK.20210309.SURBER.8","A00000214273",,"PSEHER","Y","Psephenus herricki",,"species","Arthropoda","Hexapoda","Insecta","Pterygota","Neoptera","Holometabola","Coleoptera","Polyphaga","Elateriformia","Byrrhoidea","Psephenidae","Psepheninae",,,"Psephenus","herricki",,"larva",2,,4,50,8,"N","N",,"condition OK","Y",,"Brown 1972","N","EcoAnalysts Inc.","A. Navesky",,,
"3b1cfa89-2a79-4117-a614-5af4aac16b96","D07","WALK","WALK.AOS.reach","2021-03-09T13:58Z","2021-06-09","WALK.20210309.SURBER.1","A00000214272",,"NEOSP13","Y","Neophylax sp.",,"genus","Arthropoda","Hexapoda","Insecta","Pterygota","Neoptera","Holometabola","Trichoptera",,,"Limnephiloidea","Uenoidae","Thremmatinae",,,"Neophylax","sp.",,"larva",2,,1,38,3,"N","N",,"condition OK","Y",,"Wiggins 1996","Y","EcoAnalysts Inc.","A. Navesky",,,
"1fef8035-13be-47b8-84da-d5b8fca05893","D07","WALK","WALK.AOS.reach","2021-03-09T13:58Z","2021-06-08","WALK.20210309.SURBER.7","A00000214275",,"PLESP2","Y","Pleuroceridae sp.",,"family","Mollusca",,"Gastropoda",,,,"Neotaenioglossa",,,,"Pleuroceridae",,,,,"sp.",,"none",6,,1,31,3,"Y","N",,"condition OK","N",,"Thorp and Covich 2001","N","EcoAnalysts Inc.","A. Navesky",,,
"a916dc51-6343-413d-8acc-ac6b25bdd7e3","D07","WALK","WALK.AOS.reach","2021-03-09T13:58Z","2021-06-08","WALK.20210309.SURBER.7","A00000214275",,"GLOSP3","Y","Glossosoma sp.",,"genus","Arthropoda","Hexapoda","Insecta","Pterygota","Neoptera","Holometabola","Trichoptera",,,"Glossosomatoidea","Glossosomatidae","Glossosomatinae","Glossosomatini",,"Glossosoma","sp.",,"larva",6,,1,31,3,"N","N",,"condition OK","Y",,"Wiggins 1996","N","EcoAnalysts Inc.","A. Navesky",,,
"0be8edda-7951-4581-9880-f14210a4fab0","D07","WALK","WALK.AOS.reach","2021-03-09T13:58Z","2021-06-08","WALK.20210309.SURBER.6","A00000214276",,"ORISP1","Y","Oribatida sp.",,"suborder","Arthropoda","Chelicerata","Arachnida","Acari",,"Acariformes","Sarcoptiformes","Oribatida",,,,,,,,"sp.",,"none",1,,1,19,5,"N","Y",,"condition OK","Y",,"Thorp and Covich 2001","N","EcoAnalysts Inc.","A. Navesky","Oribatida",,
"9d6b6c0f-c448-4442-93e3-30e546b910df","D07","WALK","WALK.AOS.reach","2021-03-09T13:58Z","2021-06-09","WALK.20210309.SURBER.4","A00000214274",,"DIPMOD","Y","Diplectrona modesta",,"species","Arthropoda","Hexapoda","Insecta","Pterygota","Neoptera","Holometabola","Trichoptera",,,"Hydropsychoidea","Hydropsychidae","Diplectroninae",,,"Diplectrona","modesta",,"larva",2,,1,88,1,"N","N",,"condition OK","Y",,"Wiggins 1996","N","EcoAnalysts Inc.","A. Navesky",,,
"888f58b0-f611-4b61-b7ed-b4ec7ced6b6f","D07","WALK","WALK.AOS.reach","2021-03-09T13:58Z","2021-06-09","WALK.20210309.SURBER.4","A00000214274",,"ATUSP1","Y","Aturus sp.",,"genus","Arthropoda","Chelicerata","Arachnida","Acari",,"Acariformes","Trombidiformes","Prostigmata",,"Hygrobatoidea","Aturidae",,,,"Aturus","sp.",,"none",1,,2,88,2,"N","N",,"condition OK","Y",,"Thorp and Covich 2001","N","EcoAnalysts Inc.","A. Navesky",,,
"403ae3d6-8909-4801-a595-1af5cf88264b","D07","WALK","WALK.AOS.reach","2021-03-09T13:58Z","2021-06-09","WALK.20210309.SURBER.3","A00000214269",,"OULSP","Y","Oulimnius sp.",,"genus","Arthropoda","Hexapoda","Insecta","Pterygota","Neoptera","Holometabola","Coleoptera","Polyphaga","Elateriformia","Byrrhoidea","Elmidae","Elminae","Elmini",,"Oulimnius","sp.",,"larva",2,,8,81,10,"N","N",,"condition OK","Y",,"Merritt and Cummins 2008","N","EcoAnalysts Inc.","A. Navesky",,,
"1d6fc0dc-fd76-40c9-bf5a-583f784d497b","D07","WALK","WALK.AOS.reach","2021-03-09T13:58Z","2021-06-09","WALK.20210309.SURBER.3","A00000214269",,"NILFIM","Y","Nilotanypus fimbriatus",,"species","Arthropoda","Hexapoda","Insecta","Pterygota","Neoptera","Holometabola","Diptera","Nematocera","Culicomorpha",,"Chironomidae","Tanypodinae","Pentaneurini",,"Nilotanypus","fimbriatus",,"larva",3,,1,81,1,"N","N",,"condition OK","Y",,"Epler 2001","N","EcoAnalysts Inc.","G. Wallace",,,
"c4e63005-cd84-4766-9520-46a57aab6774","D07","WALK","WALK.AOS.reach","2021-03-09T13:58Z","2021-06-08","WALK.20210309.SURBER.5","A00000214271",,"OULSP","Y","Oulimnius sp.",,"genus","Arthropoda","Hexapoda","Insecta","Pterygota","Neoptera","Holometabola","Coleoptera","Polyphaga","Elateriformia","Byrrhoidea","Elmidae","Elminae","Elmini",,"Oulimnius","sp.",,"larva",1,,3,25,12,"N","N",,"condition OK","Y",,"Merritt and Cummins 2008","N","EcoAnalysts Inc.","A. Navesky",,,
"db3564cb-4e8d-435e-9ef2-ecc557eb8612","D07","WALK","WALK.AOS.reach","2021-03-09T13:58Z","2021-06-08","WALK.20210309.SURBER.8","A00000214273","WALK.20210309.SURBER.8_OLIGOCHAETE_1/1","LUMSP2","Y","Lumbriculidae sp.",,"family","Annelida","Clitellata","Oligochaeta","Oligochaeta",,,"Lumbriculida",,,,"Lumbriculidae",,,,,"sp.",,"none",3,,6,50,12,"N","N",,"condition OK","Y",,"Kathman and Brinkhurst 1999","N","EcoAnalysts Inc.","G. Wallace",,,
"5dd056bd-5193-43f8-bfc9-6b2a505e22a5","D07","WALK","WALK.AOS.reach","2021-03-09T13:58Z","2021-06-09","WALK.20210309.SURBER.1","A00000214272",,"TORSP1","Y","Torrenticolidae sp.",,"family","Arthropoda","Chelicerata","Arachnida","Acari",,"Acariformes","Trombidiformes","Prostigmata",,"Lebertioidea","Torrenticolidae",,,,,"sp.",,"none",1,,1,38,3,"N","N",,"damaged, affecting taxonomy","Y",,"Thorp and Covich 2001","Y","EcoAnalysts Inc.","A. Navesky","dorsal sclerites not mature",,
"c1e8a367-4d3b-4e4d-9651-266e469ff536","D07","WALK","WALK.AOS.reach","2021-03-09T13:58Z","2021-06-08","WALK.20210309.SURBER.6","A00000214276",,"LEUSP2","Y","Leuctridae sp.",,"family","Arthropoda","Hexapoda","Insecta","Pterygota","Neoptera","Polyneoptera","Plecoptera","Euholognatha",,,"Leuctridae",,,,,"sp.",,"larva",1,,15,19,80,"Y","N",,"condition OK","N",,"Stewart and Stark 2002","N","EcoAnalysts Inc.","A. Navesky",,,
"b77c12d6-9561-4158-b9fd-7855b507a0bd","D07","WALK","WALK.AOS.reach","2021-03-09T13:58Z","2021-06-09","WALK.20210309.SURBER.1","A00000214272",,"POLSP5","Y","Polycentropodidae sp.",,"family","Arthropoda","Hexapoda","Insecta","Pterygota","Neoptera","Holometabola","Trichoptera",,,"Hydropsychoidea","Polycentropodidae",,,,,"sp.",,"larva",2,,1,38,3,"Y","N",,"condition OK","Y",,"Wiggins 1996","Y","EcoAnalysts Inc.","A. Navesky","missing abdomen",,
"314d7ee9-0325-4edc-a8cd-264e41503198","D07","WALK","WALK.AOS.reach","2021-03-09T13:58Z","2021-06-09","WALK.20210309.SURBER.3","A00000214269",,"OULSP","Y","Oulimnius sp.",,"genus","Arthropoda","Hexapoda","Insecta","Pterygota","Neoptera","Holometabola","Coleoptera","Polyphaga","Elateriformia","Byrrhoidea","Elmidae","Elminae","Elmini",,"Oulimnius","sp.",,"larva",1,,2,81,2,"N","N",,"condition OK","Y",,"Merritt and Cummins 2008","N","EcoAnalysts Inc.","A. Navesky",,,
"d5355d0e-23b1-4323-a066-d507186b5a00","D07","WALK","WALK.AOS.reach","2021-03-09T13:58Z","2021-06-08","WALK.20210309.SURBER.5","A00000214271","WALK.20210309.SURBER.5_OLIGOCHAETE_1/1","OLISPP","Y","Oligochaeta spp.",,"subclass","Annelida","Clitellata","Oligochaeta","Oligochaeta",,,,,,,,,,,,"spp.",,,,,,25,,,,,"damaged, affecting taxonomy",,,"Kathman and Brinkhurst 1998","N","EcoAnalysts Inc.","L. Flaherty","fragments not identified",,
"31c86bdf-d4c3-4f9f-b094-efe15c769a86","D07","WALK","WALK.AOS.reach","2021-03-09T13:58Z","2021-06-08","WALK.20210309.SURBER.5","A00000214271",,"EUKCLA","Y","Eukiefferiella claripennis gr.",,"speciesGroup","Arthropoda","Hexapoda","Insecta","Pterygota","Neoptera","Holometabola","Diptera","Nematocera","Culicomorpha",,"Chironomidae","Orthocladiinae",,,"Eukiefferiella","claripennis gr.",,"larva",3,,1,25,4,"N","N",,"condition OK","Y",,"Bode 1983","N","EcoAnalysts Inc.","G. Wallace",,,
"7f097c1b-1ce4-49a7-8f37-18399f3d8fb6","D07","WALK","WALK.AOS.reach","2021-03-09T13:58Z","2021-06-08","WALK.20210309.SURBER.5","A00000214271",,"TANSP8","Y","Tanytarsini sp.",,"tribe","Arthropoda","Hexapoda","Insecta","Pterygota","Neoptera","Holometabola","Diptera","Nematocera","Culicomorpha",,"Chironomidae","Chironominae","Tanytarsini",,,"sp.",,"larva",6,,2,25,8,"N","N",,"damaged, affecting taxonomy","N",,"Epler 2001","N","EcoAnalysts Inc.","G. Wallace","no antennae",,
"5dea4fbc-5ae2-42fc-ab61-cf1d9ac23f3f","D07","WALK","WALK.AOS.reach","2021-03-09T13:58Z","2021-06-09","WALK.20210309.SURBER.3","A00000214269",,"PISSP4","Y","Pisidium sp.",,"genus","Mollusca",,"Bivalvia","Heterodonta",,,"Veneroida",,,"Corbiculoidea","Pisidiidae",,,,"Pisidium","sp.",,"none",2,,2,81,2,"N","N",,"condition OK","Y",,"Thorp and Covich 2001","N","EcoAnalysts Inc.","A. Navesky",,,
"3aa9a1dd-3339-46c5-b065-828f392f9c81","D07","WALK","WALK.AOS.reach","2021-03-09T13:58Z","2021-06-09","WALK.20210309.SURBER.3","A00000214269",,"LEUSP2","Y","Leuctridae sp.",,"family","Arthropoda","Hexapoda","Insecta","Pterygota","Neoptera","Polyneoptera","Plecoptera","Euholognatha",,,"Leuctridae",,,,,"sp.",,"larva",1,,1,81,1,"Y","N",,"condition OK","N",,"Stewart and Stark 2002","N","EcoAnalysts Inc.","A. Navesky",,,
"d1d3615b-c708-48f5-ab4e-3d37df849629","D07","WALK","WALK.AOS.reach","2021-03-09T13:58Z","2021-06-08","WALK.20210309.SURBER.6","A00000214276",,"THIGRO","Y","Thienemannimyia gr.",,"speciesGroup","Arthropoda","Hexapoda","Insecta","Pterygota","Neoptera","Holometabola","Diptera","Nematocera","Culicomorpha",,"Chironomidae","Tanypodinae","Pentaneurini",,"Thienemannimyia","gr.",,"larva",3,,1,19,5,"N","N",,"condition OK","Y",,"Epler 2001","N","EcoAnalysts Inc.","G. Wallace",,,
"dd0d4948-bb0b-430f-aa69-6709a15dc012","D07","WALK","WALK.AOS.reach","2021-03-09T13:58Z","2021-06-08","WALK.20210309.SURBER.7","A00000214275",,"SIMSP1","Y","Simulium sp.",,"genus","Arthropoda","Hexapoda","Insecta","Pterygota","Neoptera","Holometabola","Diptera","Nematocera","Culicomorpha",,"Simuliidae","Simuliinae","Simuliini",,"Simulium","sp.",,"larva",2,,2,31,6,"N","N",,"condition OK","Y",,"Merritt and Cummins 2008","N","EcoAnalysts Inc.","A. Navesky",,,
"0ed14e87-358a-45b7-89af-1abe43cfba31","D07","WALK","WALK.AOS.reach","2021-03-09T13:58Z","2021-06-08","WALK.20210309.SURBER.7","A00000214275",,"SIMSP1","Y","Simulium sp.",,"genus","Arthropoda","Hexapoda","Insecta","Pterygota","Neoptera","Holometabola","Diptera","Nematocera","Culicomorpha",,"Simuliidae","Simuliinae","Simuliini",,"Simulium","sp.",,"larva",3,,6,31,19,"N","N",,"condition OK","Y",,"Merritt and Cummins 2008","N","EcoAnalysts Inc.","A. Navesky",,,
"e751b55c-3d1b-4293-89e4-b997f7368b3d","D07","WALK","WALK.AOS.reach","2021-03-09T13:58Z","2021-06-09","WALK.20210309.SURBER.3","A00000214269",,"PLESP2","Y","Pleuroceridae sp.",,"family","Mollusca",,"Gastropoda",,,,"Neotaenioglossa",,,,"Pleuroceridae",,,,,"sp.",,"none",6,,2,81,2,"Y","N",,"condition OK","N",,"Thorp and Covich 2001","N","EcoAnalysts Inc.","A. Navesky",,,
"203e1f3e-726b-4b2f-943c-a1aa99a1b80f","D07","WALK","WALK.AOS.reach","2021-03-09T13:58Z","2021-06-08","WALK.20210309.SURBER.7","A00000214275",,"HYDSP4","Y","Hydropsychidae sp.",,"family","Arthropoda","Hexapoda","Insecta","Pterygota","Neoptera","Holometabola","Trichoptera",,,"Hydropsychoidea","Hydropsychidae",,,,,"sp.",,"larva",3,,1,31,3,"N","N",,"damaged, affecting taxonomy","N",,"Wiggins 1996","N","EcoAnalysts Inc.","A. Navesky","head only",,
"0a0210ba-7b06-4d82-afa4-57c0c35ba5d4","D07","WALK","WALK.AOS.reach","2021-03-09T13:58Z","2021-06-08","WALK.20210309.SURBER.5","A00000214271",,"SIMSP1","Y","Simulium sp.",,"genus","Arthropoda","Hexapoda","Insecta","Pterygota","Neoptera","Holometabola","Diptera","Nematocera","Culicomorpha",,"Simuliidae","Simuliinae","Simuliini",,"Simulium","sp.",,"larva",3,,2,25,8,"N","N",,"condition OK","Y",,"Merritt and Cummins 2008","N","EcoAnalysts Inc.","A. Navesky",,,
"2d5d557b-e19a-41b9-be0a-ca6d158efcbf","D07","WALK","WALK.AOS.reach","2021-03-09T13:58Z","2021-06-08","WALK.20210309.SURBER.7","A00000214275",,"DIPMOD","Y","Diplectrona modesta",,"species","Arthropoda","Hexapoda","Insecta","Pterygota","Neoptera","Holometabola","Trichoptera",,,"Hydropsychoidea","Hydropsychidae","Diplectroninae",,,"Diplectrona","modesta",,"larva",6,,2,31,6,"N","N",,"condition OK","Y",,"Wiggins 1996","N","EcoAnalysts Inc.","A. Navesky",,,
"ed3a20a4-9f88-4bb6-a83d-c55a6ab091c3","D07","WALK","WALK.AOS.reach","2021-03-09T13:58Z","2021-06-08","WALK.20210309.SURBER.6","A00000214276",,"PARSP33","Y","Paratendipes sp.",,"genus","Arthropoda","Hexapoda","Insecta","Pterygota","Neoptera","Holometabola","Diptera","Nematocera","Culicomorpha",,"Chironomidae","Chironominae","Chironomini",,"Paratendipes","sp.",,"larva",1,,10,19,53,"N","N",,"condition OK","Y",,"Epler 2001","N","EcoAnalysts Inc.","G. Wallace",,,
"7ec7235e-29ef-4e08-8407-39d3f5b43d86","D07","WALK","WALK.AOS.reach","2021-03-09T13:58Z","2021-06-09","WALK.20210309.SURBER.2","A00000214270",,"PERSP1","Y","Perlidae sp.",,"family","Arthropoda","Hexapoda","Insecta","Pterygota","Neoptera","Polyneoptera","Plecoptera","Systellognatha",,,"Perlidae",,,,,"sp.",,"larva",1,,10,38,27,"Y","N",,"condition OK","Y",,"Stewart and Stark 2002","N","EcoAnalysts Inc.","A. Navesky",,,
"c448e5f6-9b3c-4287-abf7-a9ad98659323","D07","WALK","WALK.AOS.reach","2021-03-09T13:58Z","2021-06-08","WALK.20210309.SURBER.7","A00000214275",,"CHESP17","Y","Chelifera/Metachela sp.",,"speciesGroup","Arthropoda","Hexapoda","Insecta","Pterygota","Neoptera","Holometabola","Diptera","Brachycera","Muscomorpha",,"Empididae","Hemerodromiinae","Hemerodromiini",,"Chelifera/Metachela","sp.",,"larva",2,,1,31,3,"N","N",,"condition OK","Y",,"Merritt and Cummins 2008","N","EcoAnalysts Inc.","A. Navesky","EcoID=Chelifera/Metachela",,
"abf6358c-7020-45f7-b5f1-cbb629b5622e","D07","WALK","WALK.AOS.reach","2021-03-09T13:58Z","2021-06-08","WALK.20210309.SURBER.7","A00000214275","WALK.20210309.SURBER.7_OLIGOCHAETE_1/1","ENCSP1","Y","Enchytraeidae sp.",,"family","Annelida","Clitellata","Oligochaeta","Oligochaeta",,,"Enchytraeida",,,,"Enchytraeidae",,,,,"sp.",,"none",1,,1,31,3,"N","N",,"condition OK","Y",,"Kathman and Brinkhurst 1999","N","EcoAnalysts Inc.","G. Wallace",,,
"74629396-8a5e-471b-9020-c4deb78fe629","D07","WALK","WALK.AOS.reach","2021-03-09T13:58Z","2021-06-08","WALK.20210309.SURBER.6","A00000214276",,"PARSP26","Y","Parametriocnemus sp.",,"genus","Arthropoda","Hexapoda","Insecta","Pterygota","Neoptera","Holometabola","Diptera","Nematocera","Culicomorpha",,"Chironomidae","Orthocladiinae",,,"Parametriocnemus","sp.",,"larva",4,,1,19,5,"N","N",,"condition OK","Y",,"Epler 2001","N","EcoAnalysts Inc.","G. Wallace",,,
"410161f3-19de-45f7-a63a-2aa1de06ff0d","D07","WALK","WALK.AOS.reach","2021-03-09T13:58Z","2021-06-09","WALK.20210309.SURBER.3","A00000214269","WALK.20210309.SURBER.3_OLIGOCHAETE_1/2","LUMSP1","Y","Lumbricina sp.",,"suborder","Annelida","Clitellata","Oligochaeta","Oligochaeta",,,"Tubificida","Lumbricina",,,,,,,,"sp.",,"none",29,,1,81,1,"N","N",,"condition OK","Y",,"Kathman and Brinkhurst 1999","N","EcoAnalysts Inc.","G. Wallace",,,
"e6873b0f-a404-4973-91b8-fe057f572967","D07","WALK","WALK.AOS.reach","2021-03-09T13:58Z","2021-06-09","WALK.20210309.SURBER.1","A00000214272",,"LEPSP4","Y","Leptophlebiidae sp.",,"family","Arthropoda","Hexapoda","Insecta","Pterygota","Palaeoptera",,"Ephemeroptera","Furcatergalia","Lanceolata",,"Leptophlebiidae",,,,,"sp.",,"larva",3,,1,38,3,"Y","N",,"condition OK","N",,"Merritt and Cummins 2008","Y","EcoAnalysts Inc.","A. Navesky","1 recently molted missing abdomen",,
"cf904c14-938f-4230-96d4-cb1e69327e88","D07","WALK","WALK.AOS.reach","2021-03-09T13:58Z","2021-06-09","WALK.20210309.SURBER.2","A00000214270",,"LEUSP8","Y","Leuctra sp.",,"genus","Arthropoda","Hexapoda","Insecta","Pterygota","Neoptera","Polyneoptera","Plecoptera","Euholognatha",,,"Leuctridae","Leuctrinae",,,"Leuctra","sp.",,"larva",2,,35,38,93,"N","N",,"condition OK","Y",,"Stewart and Stark 2002","N","EcoAnalysts Inc.","A. Navesky",,,
"c81fd469-8184-4c86-8065-3418539c6e78","D07","WALK","WALK.AOS.reach","2021-03-09T13:58Z","2021-06-08","WALK.20210309.SURBER.7","A00000214275",,"GLOSP1","Y","Glossosomatidae sp.",,"family","Arthropoda","Hexapoda","Insecta","Pterygota","Neoptera","Holometabola","Trichoptera",,,"Glossosomatoidea","Glossosomatidae",,,,,"sp.",,"larva",2,,1,31,3,"Y","N",,"condition OK","N",,"Wiggins 1996","N","EcoAnalysts Inc.","A. Navesky","missing mesothorax",,
"86a34db5-74ca-483a-929e-643edf14edba","D07","WALK","WALK.AOS.reach","2021-03-09T13:58Z","2021-06-08","WALK.20210309.SURBER.5","A00000214271",,"TANSP8","Y","Tanytarsini sp.",,"tribe","Arthropoda","Hexapoda","Insecta","Pterygota","Neoptera","Holometabola","Diptera","Nematocera","Culicomorpha",,"Chironomidae","Chironominae","Tanytarsini",,,"sp.",,"larva",2,,1,25,4,"N","N",,"damaged, affecting taxonomy","N",,"Epler 2001","N","EcoAnalysts Inc.","G. Wallace","no antennae",,
"057a751f-213b-4efd-b6c4-2f506484bf78","D07","WALK","WALK.AOS.reach","2021-03-09T13:58Z","2021-06-08","WALK.20210309.SURBER.7","A00000214275",,"LEUSP8","Y","Leuctra sp.",,"genus","Arthropoda","Hexapoda","Insecta","Pterygota","Neoptera","Polyneoptera","Plecoptera","Euholognatha",,,"Leuctridae","Leuctrinae",,,"Leuctra","sp.",,"larva",2,,44,31,141,"N","N",,"condition OK","Y",,"Stewart and Stark 2002","N","EcoAnalysts Inc.","A. Navesky",,,
"611dc31f-6e91-4df7-944c-02b831fe167a","D07","WALK","WALK.AOS.reach","2021-03-09T13:58Z","2021-06-08","WALK.20210309.SURBER.6","A00000214276",,"LEPSP4","Y","Leptophlebiidae sp.",,"family","Arthropoda","Hexapoda","Insecta","Pterygota","Palaeoptera",,"Ephemeroptera","Furcatergalia","Lanceolata",,"Leptophlebiidae",,,,,"sp.",,"larva",1,,1,19,5,"Y","N",,"condition OK","Y",,"Merritt and Cummins 2008","N","EcoAnalysts Inc.","A. Navesky",,,
"463f12fc-4c34-4cc9-a333-d421b0fc89ab","D07","WALK","WALK.AOS.reach","2021-03-09T13:58Z","2021-06-09","WALK.20210309.SURBER.4","A00000214274",,"COLSP1","Y","Collembola sp.",,"order","Arthropoda","Hexapoda","Collembola",,,,"Collembola",,,,,,,,,"sp.",,"larva",1,,1,88,1,"N","N",,"condition OK","Y",,"Triplehorn and Johnson 2005","N","EcoAnalysts Inc.","A. Navesky",,,
"a5112e1f-6481-4af9-a0c7-e0a59e2e3f3a","D07","WALK","WALK.AOS.reach","2021-03-09T13:58Z","2021-06-08","WALK.20210309.SURBER.5","A00000214271",,"LEPSP20","Y","Lepidostoma sp.",,"genus","Arthropoda","Hexapoda","Insecta","Pterygota","Neoptera","Holometabola","Trichoptera",,,"Limnephiloidea","Lepidostomatidae","Lepidostomatinae",,,"Lepidostoma","sp.",,"larva",2,,1,25,4,"N","N",,"condition OK","Y",,"Wiggins 1996","N","EcoAnalysts Inc.","A. Navesky",,,
"bfcfbd70-41fe-4fb3-8be5-03d652b166f8","D07","WALK","WALK.AOS.reach","2021-03-09T13:58Z","2021-06-09","WALK.20210309.SURBER.1","A00000214272",,"TURSP","Y","Turbellaria sp.",,"class","Platyhelminthes",,"Turbellaria",,,,,,,,,,,,,"sp.",,"none",2,,1,38,3,"N","Y",,"condition OK","Y",,"Thorp and Covich 2001","Y","EcoAnalysts Inc.","A. Navesky",,,
"58626b12-0c02-47f1-a55c-163a3c95e8ad","D07","WALK","WALK.AOS.reach","2021-03-09T13:58Z","2021-06-08","WALK.20210309.SURBER.6","A00000214276",,"LEUSP8","Y","Leuctra sp.",,"genus","Arthropoda","Hexapoda","Insecta","Pterygota","Neoptera","Polyneoptera","Plecoptera","Euholognatha",,,"Leuctridae","Leuctrinae",,,"Leuctra","sp.",,"larva",3,,4,19,21,"N","N",,"condition OK","Y",,"Stewart and Stark 2002","N","EcoAnalysts Inc.","A. Navesky",,,
"dfd21237-bbf3-4f9d-9652-1b932117eea3","D07","WALK","WALK.AOS.reach","2021-03-09T13:58Z","2021-06-09","WALK.20210309.SURBER.3","A00000214269",,"POLSP12","Y","Polycentropus sp.",,"genus","Arthropoda","Hexapoda","Insecta","Pterygota","Neoptera","Holometabola","Trichoptera",,,"Hydropsychoidea","Polycentropodidae","Polycentropodinae",,,"Polycentropus","sp.",,"larva",2,,2,81,2,"N","N",,"condition OK","Y",,"Wiggins 1996","N","EcoAnalysts Inc.","A. Navesky","now inseparable from Plectrocnemia Holocentropus Cernotina",,
"85d2a859-bf01-46ad-be0d-770a980f19f8","D07","WALK","WALK.AOS.reach","2021-03-09T13:58Z","2021-06-09","WALK.20210309.SURBER.3","A00000214269",,"CERSP10","Y","Ceratopogoninae sp.",,"subfamily","Arthropoda","Hexapoda","Insecta","Pterygota","Neoptera","Holometabola","Diptera","Nematocera","Culicomorpha",,"Ceratopogonidae","Ceratopogoninae",,,,"sp.",,"larva",2,,3,81,4,"N","Y",,"condition OK","Y",,"Merritt and Cummins 2008","N","EcoAnalysts Inc.","A. Navesky",,,
"cab4c6fc-f17b-4adc-b6a1-a4f32aebb522","D07","WALK","WALK.AOS.reach","2021-03-09T13:58Z","2021-06-08","WALK.20210309.SURBER.7","A00000214275",,"GAMSP3","Y","Gammarus sp.",,"genus","Arthropoda","Crustacea","Malacostraca","Eumalacostraca",,"Peracarida","Amphipoda","Gammaridea",,,"Gammaridae",,,,"Gammarus","sp.",,"none",7,,2,31,6,"N","N",,"condition OK","Y",,"Thorp and Covich 2001","N","EcoAnalysts Inc.","A. Navesky",,,
"ead6aa0f-203b-444f-90c5-ba831565310b","D07","WALK","WALK.AOS.reach","2021-03-09T13:58Z","2021-06-09","WALK.20210309.SURBER.3","A00000214269",,"PISSP4","Y","Pisidium sp.",,"genus","Mollusca",,"Bivalvia","Heterodonta",,,"Veneroida",,,"Corbiculoidea","Pisidiidae",,,,"Pisidium","sp.",,"none",1,,4,81,5,"N","N",,"condition OK","Y",,"Thorp and Covich 2001","N","EcoAnalysts Inc.","A. Navesky",,,
"01ddabc0-0f79-4a19-94c3-01e835c62085","D07","WALK","WALK.AOS.reach","2021-03-09T13:58Z","2021-06-09","WALK.20210309.SURBER.3","A00000214269",,"ATRSP3","Y","Atractides sp.",,"genus","Arthropoda","Chelicerata","Arachnida","Acari",,"Acariformes","Trombidiformes","Prostigmata",,"Hygrobatoidea","Hygrobatidae",,,,"Atractides","sp.",,"none",1,,1,81,1,"N","N",,"condition OK","Y",,"Thorp and Covich 2001","N","EcoAnalysts Inc.","A. Navesky",,,
"5249d14a-8e01-463c-8429-b84181edcc42","D07","WALK","WALK.AOS.reach","2021-03-09T13:58Z","2021-06-09","WALK.20210309.SURBER.1","A00000214272",,"AGASP4","Y","Agapetus sp.",,"genus","Arthropoda","Hexapoda","Insecta","Pterygota","Neoptera","Holometabola","Trichoptera",,,"Glossosomatoidea","Glossosomatidae","Agapetinae",,,"Agapetus","sp.",,"larva",2,,2,38,5,"N","N",,"condition OK","Y",,"Wiggins 1996","Y","EcoAnalysts Inc.","A. Navesky",,,
"dfd5e60d-9b96-4efe-b0e2-2a850c25bda8","D07","WALK","WALK.AOS.reach","2021-03-09T13:58Z","2021-06-09","WALK.20210309.SURBER.3","A00000214269",,"GAMSP3","Y","Gammarus sp.",,"genus","Arthropoda","Crustacea","Malacostraca","Eumalacostraca",,"Peracarida","Amphipoda","Gammaridea",,,"Gammaridae",,,,"Gammarus","sp.",,"none",2,,2,81,2,"N","N",,"condition OK","Y",,"Thorp and Covich 2001","N","EcoAnalysts Inc.","A. Navesky",,,
"34e62462-347e-4e7a-9ee9-edf4903f339d","D07","WALK","WALK.AOS.reach","2021-03-09T13:58Z","2021-06-09","WALK.20210309.SURBER.3","A00000214269",,"PARSP33","Y","Paratendipes sp.",,"genus","Arthropoda","Hexapoda","Insecta","Pterygota","Neoptera","Holometabola","Diptera","Nematocera","Culicomorpha",,"Chironomidae","Chironominae","Chironomini",,"Paratendipes","sp.",,"larva",1,,3,81,4,"N","N",,"condition OK","Y",,"Epler 2001","N","EcoAnalysts Inc.","G. Wallace",,,
"d50d371f-8ff6-4772-a621-b340b92cd62c","D07","WALK","WALK.AOS.reach","2021-03-09T13:58Z","2021-06-09","WALK.20210309.SURBER.4","A00000214274",,"PLESP2","Y","Pleuroceridae sp.",,"family","Mollusca",,"Gastropoda",,,,"Neotaenioglossa",,,,"Pleuroceridae",,,,,"sp.",,"none",6,,2,88,2,"Y","N",,"condition OK","N",,"Thorp and Covich 2001","N","EcoAnalysts Inc.","A. Navesky",,,
"ce4dec3a-72cc-4653-a5a5-7ac3d092c469","D07","WALK","WALK.AOS.reach","2021-03-09T13:58Z","2021-06-09","WALK.20210309.SURBER.4","A00000214274",,"AMPSP13","Y","Amphinemura sp.",,"genus","Arthropoda","Hexapoda","Insecta","Pterygota","Neoptera","Polyneoptera","Plecoptera","Euholognatha",,,"Nemouridae","Amphinemurinae",,,"Amphinemura","sp.",,"larva",1,,1,88,1,"N","N",,"condition OK","Y",,"Stewart and Stark 2002","N","EcoAnalysts Inc.","A. Navesky",,,
"8177f959-c28f-4683-b7a9-1298c9971565","D07","WALK","WALK.AOS.reach","2021-03-09T13:58Z","2021-06-09","WALK.20210309.SURBER.1","A00000214272",,"PSEHER","Y","Psephenus herricki",,"species","Arthropoda","Hexapoda","Insecta","Pterygota","Neoptera","Holometabola","Coleoptera","Polyphaga","Elateriformia","Byrrhoidea","Psephenidae","Psepheninae",,,"Psephenus","herricki",,"larva",3,,4,38,11,"N","N",,"condition OK","Y",,"Brown 1972","Y","EcoAnalysts Inc.","A. Navesky",,,
"426a5c78-3cf7-41bf-9a11-344994d605cd","D07","WALK","WALK.AOS.reach","2021-03-09T13:58Z","2021-06-09","WALK.20210309.SURBER.1","A00000214272",,"OULSP","Y","Oulimnius sp.",,"genus","Arthropoda","Hexapoda","Insecta","Pterygota","Neoptera","Holometabola","Coleoptera","Polyphaga","Elateriformia","Byrrhoidea","Elmidae","Elminae","Elmini",,"Oulimnius","sp.",,"larva",2,,5,38,13,"N","N",,"condition OK","Y",,"Merritt and Cummins 2008","Y","EcoAnalysts Inc.","A. Navesky",,,
"6d534d93-6288-47fc-8f8f-6b6b5944cd86","D07","WALK","WALK.AOS.reach","2021-03-09T13:58Z","2021-06-09","WALK.20210309.SURBER.3","A00000214269",,"EURSP4","Y","Eurylophella sp.",,"genus","Arthropoda","Hexapoda","Insecta","Pterygota","Palaeoptera",,"Ephemeroptera","Furcatergalia","Pannota","Ephemerelloidea","Ephemerellidae",,,,"Eurylophella","sp.",,"larva",2,,1,81,1,"Y","N",,"condition OK","Y",,"Merritt and Cummins 2008","N","EcoAnalysts Inc.","A. Navesky",,,
"cbcf6c68-6871-493c-ad91-8cfb63886334","D07","WALK","WALK.AOS.reach","2021-03-09T13:58Z","2021-06-08","WALK.20210309.SURBER.5","A00000214271",,"OULSP","Y","Oulimnius sp.",,"genus","Arthropoda","Hexapoda","Insecta","Pterygota","Neoptera","Holometabola","Coleoptera","Polyphaga","Elateriformia","Byrrhoidea","Elmidae","Elminae","Elmini",,"Oulimnius","sp.",,"larva",2,,10,25,40,"N","N",,"condition OK","Y",,"Merritt and Cummins 2008","N","EcoAnalysts Inc.","A. Navesky",,,
"8ae89b68-946f-4ee8-a998-6a7ba2524a69","D07","WALK","WALK.AOS.reach","2021-03-09T13:58Z","2021-06-09","WALK.20210309.SURBER.3","A00000214269",,"GAMSP1","Y","Gammaridae sp.",,"family","Arthropoda","Crustacea","Malacostraca","Eumalacostraca",,"Peracarida","Amphipoda","Gammaridea",,,"Gammaridae",,,,,"sp.",,"none",3,,3,81,4,"N","N",,"damaged, affecting taxonomy","N",,"Thorp and Covich 2001","N","EcoAnalysts Inc.","A. Navesky","missing 3rd pr uropods",,
"8b248c2d-6d2c-4d55-876e-8bd17194fe5e","D07","WALK","WALK.AOS.reach","2021-03-09T13:58Z","2021-06-08","WALK.20210309.SURBER.8","A00000214273","WALK.20210309.SURBER.8_OLIGOCHAETE_1/1","LUMSP2","Y","Lumbriculidae sp.",,"family","Annelida","Clitellata","Oligochaeta","Oligochaeta",,,"Lumbriculida",,,,"Lumbriculidae",,,,,"sp.",,"none",9,,1,50,2,"N","N",,"condition OK","Y",,"Kathman and Brinkhurst 1999","N","EcoAnalysts Inc.","G. Wallace",,,
"9815c066-67ac-472a-8856-a506b2272217","D07","WALK","WALK.AOS.reach","2021-03-09T13:58Z","2021-06-09","WALK.20210309.SURBER.1","A00000214272",,"BAESP","Y","Baetidae sp.",,"family","Arthropoda","Hexapoda","Insecta","Pterygota","Palaeoptera",,"Ephemeroptera","Pisciforma",,,"Baetidae",,,,,"sp.",,"larva",1,,2,38,5,"Y","N",,"condition OK","Y",,"Merritt and Cummins 2008","Y","EcoAnalysts Inc.","A. Navesky","maybe Acentrella or Plauditus",,
"52e7f746-e771-4596-ae5d-95bac547613a","D07","WALK","WALK.AOS.reach","2021-03-09T13:58Z","2021-06-08","WALK.20210309.SURBER.6","A00000214276",,"TURSP","Y","Turbellaria sp.",,"class","Platyhelminthes",,"Turbellaria",,,,,,,,,,,,,"sp.",,"none",2,,2,19,11,"N","Y",,"condition OK","Y",,"Thorp and Covich 2001","N","EcoAnalysts Inc.","A. Navesky",,,
"be070420-17bb-487b-a50e-fc0a00a3d8ee","D07","WALK","WALK.AOS.reach","2021-03-09T13:58Z","2021-06-08","WALK.20210309.SURBER.6","A00000214276",,"ATRSP3","Y","Atractides sp.",,"genus","Arthropoda","Chelicerata","Arachnida","Acari",,"Acariformes","Trombidiformes","Prostigmata",,"Hygrobatoidea","Hygrobatidae",,,,"Atractides","sp.",,"none",1,,2,19,11,"N","N",,"condition OK","Y",,"Thorp and Covich 2001","N","EcoAnalysts Inc.","A. Navesky",,,
"8c3af16e-b631-46f7-8c1e-38260f6fc4f7","D07","WALK","WALK.AOS.reach","2021-03-09T13:58Z","2021-06-09","WALK.20210309.SURBER.4","A00000214274",,"SWESP","Y","Sweltsa sp.",,"genus","Arthropoda","Hexapoda","Insecta","Pterygota","Neoptera","Polyneoptera","Plecoptera","Systellognatha",,,"Chloroperlidae","Chloroperlinae",,,"Sweltsa","sp.",,"larva",5,,1,88,1,"N","N",,"condition OK","Y",,"Stewart and Stark 2002","N","EcoAnalysts Inc.","A. Navesky",,,
"ae95788d-c83c-4129-ab6b-c5dfab3581fd","D07","WALK","WALK.AOS.reach","2021-03-09T13:58Z","2021-06-09","WALK.20210309.SURBER.3","A00000214269",,"CORSP19","Y","Corynoneura sp.",,"genus","Arthropoda","Hexapoda","Insecta","Pterygota","Neoptera","Holometabola","Diptera","Nematocera","Culicomorpha",,"Chironomidae","Orthocladiinae",,,"Corynoneura","sp.",,"larva",1,,1,81,1,"N","N",,"condition OK","Y",,"Epler 2001","N","EcoAnalysts Inc.","G. Wallace",,,
"18c1ada1-acc8-44d4-b2d8-cd929909baca","D07","WALK","WALK.AOS.reach","2021-03-09T13:58Z","2021-06-09","WALK.20210309.SURBER.2","A00000214270",,"TANSP8","Y","Tanytarsini sp.",,"tribe","Arthropoda","Hexapoda","Insecta","Pterygota","Neoptera","Holometabola","Diptera","Nematocera","Culicomorpha",,"Chironomidae","Chironominae","Tanytarsini",,,"sp.",,"larva",2,,2,38,5,"N","N",,"damaged, affecting taxonomy","N",,"Epler 2001","N","EcoAnalysts Inc.","G. Wallace","no antennae",,
"a2325bd5-0663-4407-90ee-facd3556f1af","D07","WALK","WALK.AOS.reach","2021-03-09T13:58Z","2021-06-09","WALK.20210309.SURBER.1","A00000214272",,"AMPSP13","Y","Amphinemura sp.",,"genus","Arthropoda","Hexapoda","Insecta","Pterygota","Neoptera","Polyneoptera","Plecoptera","Euholognatha",,,"Nemouridae","Amphinemurinae",,,"Amphinemura","sp.",,"larva",1,,1,38,3,"N","N",,"condition OK","Y",,"Stewart and Stark 2002","Y","EcoAnalysts Inc.","A. Navesky",,,
"073138a9-8af2-42bf-98a7-cc411b148c65","D07","WALK","WALK.AOS.reach","2021-03-09T13:58Z","2021-06-09","WALK.20210309.SURBER.1","A00000214272",,"POLAVI","Y","Polypedilum aviceps",,"species","Arthropoda","Hexapoda","Insecta","Pterygota","Neoptera","Holometabola","Diptera","Nematocera","Culicomorpha",,"Chironomidae","Chironominae","Chironomini",,"Polypedilum","aviceps",,"larva",1,,2,38,5,"N","N",,"condition OK","Y",,"Maschwitz and Cook 2000","Y","EcoAnalysts Inc.","G. Wallace",,,
"e3383f47-a66f-4317-b46e-92b7b03a4492","D07","WALK","WALK.AOS.reach","2021-03-09T13:58Z","2021-06-09","WALK.20210309.SURBER.1","A00000214272",,"GAMSP3","Y","Gammarus sp.",,"genus","Arthropoda","Crustacea","Malacostraca","Eumalacostraca",,"Peracarida","Amphipoda","Gammaridea",,,"Gammaridae",,,,"Gammarus","sp.",,"none",4,,1,38,3,"N","N",,"condition OK","Y",,"Thorp and Covich 2001","Y","EcoAnalysts Inc.","A. Navesky",,,
"22c8268f-851f-47fc-9c3b-a2a5f5e8be08","D07","WALK","WALK.AOS.reach","2021-03-09T13:58Z","2021-06-08","WALK.20210309.SURBER.7","A00000214275",,"PLESP2","Y","Pleuroceridae sp.",,"family","Mollusca",,"Gastropoda",,,,"Neotaenioglossa",,,,"Pleuroceridae",,,,,"sp.",,"none",1,,5,31,16,"Y","N",,"condition OK","N",,"Thorp and Covich 2001","N","EcoAnalysts Inc.","A. Navesky",,,
"7045c8ec-8be4-4725-b3f0-5643778c2f9c","D07","WALK","WALK.AOS.reach","2021-03-09T13:58Z","2021-06-09","WALK.20210309.SURBER.4","A00000214274",,"AGNSP","Y","Agnetina sp.",,"genus","Arthropoda","Hexapoda","Insecta","Pterygota","Neoptera","Polyneoptera","Plecoptera","Systellognatha",,,"Perlidae","Perlinae","Perlini",,"Agnetina","sp.",,"larva",2,,2,88,2,"Y","N",,"condition OK","Y",,"Stewart and Stark 2002","N","EcoAnalysts Inc.","A. Navesky",,,
"6bf4aaef-ae2e-4ac0-a8da-77e821ef2b3b","D07","WALK","WALK.AOS.reach","2021-03-09T13:58Z","2021-06-09","WALK.20210309.SURBER.4","A00000214274",,"DIPMOD","Y","Diplectrona modesta",,"species","Arthropoda","Hexapoda","Insecta","Pterygota","Neoptera","Holometabola","Trichoptera",,,"Hydropsychoidea","Hydropsychidae","Diplectroninae",,,"Diplectrona","modesta",,"larva",9,,1,88,1,"N","N",,"condition OK","Y",,"Wiggins 1996","N","EcoAnalysts Inc.","A. Navesky",,,
"1b4c8de0-906c-4858-8488-ca5db743fdea","D07","WALK","WALK.AOS.reach","2021-03-09T13:58Z","2021-06-08","WALK.20210309.SURBER.6","A00000214276",,"CRISP2","Y","Cricotopus sp.",,"genus","Arthropoda","Hexapoda","Insecta","Pterygota","Neoptera","Holometabola","Diptera","Nematocera","Culicomorpha",,"Chironomidae","Orthocladiinae",,,"Cricotopus","sp.",,"larva",3,,1,19,5,"N","N",,"condition OK","Y",,"Epler 2001","N","EcoAnalysts Inc.","G. Wallace","EcoID=Cricotopus/Orthocladius",,
"78d4e628-db18-4a92-879f-2a88d43be65a","D07","WALK","WALK.AOS.reach","2021-03-09T13:58Z","2021-06-08","WALK.20210309.SURBER.6","A00000214276","WALK.20210309.SURBER.6_OLIGOCHAETE_1/1","LUMSP2","Y","Lumbriculidae sp.",,"family","Annelida","Clitellata","Oligochaeta","Oligochaeta",,,"Lumbriculida",,,,"Lumbriculidae",,,,,"sp.",,"none",14,,1,19,5,"N","N",,"condition OK","Y",,"Kathman and Brinkhurst 1999","N","EcoAnalysts Inc.","G. Wallace",,,
"c5fcf73f-0313-493e-9557-c567d9a3c2c6","D07","WALK","WALK.AOS.reach","2021-03-09T13:58Z","2021-06-08","WALK.20210309.SURBER.6","A00000214276",,"GAMSP3","Y","Gammarus sp.",,"genus","Arthropoda","Crustacea","Malacostraca","Eumalacostraca",,"Peracarida","Amphipoda","Gammaridea",,,"Gammaridae",,,,"Gammarus","sp.",,"none",3,,6,19,32,"N","N",,"condition OK","Y",,"Thorp and Covich 2001","N","EcoAnalysts Inc.","A. Navesky",,,
"1d4e499b-21f4-47a9-9b91-fbb12fb6298e","D07","WALK","WALK.AOS.reach","2021-03-09T13:58Z","2021-06-08","WALK.20210309.SURBER.8","A00000214273",,"PARSP33","Y","Paratendipes sp.",,"genus","Arthropoda","Hexapoda","Insecta","Pterygota","Neoptera","Holometabola","Diptera","Nematocera","Culicomorpha",,"Chironomidae","Chironominae","Chironomini",,"Paratendipes","sp.",,"larva",2,,11,50,22,"N","N",,"condition OK","Y",,"Epler 2001","N","EcoAnalysts Inc.","G. Wallace",,,
"b0e8d47f-1902-4924-989b-3832cc739099","D07","WALK","WALK.AOS.reach","2021-03-09T13:58Z","2021-06-09","WALK.20210309.SURBER.2","A00000214270",,"DIPHAG","Y","Diphetor hageni",,"species","Arthropoda","Hexapoda","Insecta","Pterygota","Palaeoptera",,"Ephemeroptera","Pisciforma",,,"Baetidae",,,,"Diphetor","hageni",,"larva",1,,12,38,32,"N","N",,"condition OK","Y",,"Morihara and McCafferty 1979","N","EcoAnalysts Inc.","A. Navesky",,,
"d4b6a2a8-3374-4909-9ca4-4d9763315e51","D07","WALK","WALK.AOS.reach","2021-03-09T13:58Z","2021-06-09","WALK.20210309.SURBER.1","A00000214272",,"RHEEXI","Y","Rheotanytarsus exiguus gr.",,"speciesGroup","Arthropoda","Hexapoda","Insecta","Pterygota","Neoptera","Holometabola","Diptera","Nematocera","Culicomorpha",,"Chironomidae","Chironominae","Tanytarsini",,"Rheotanytarsus","exiguus gr.",,"larva",2,,1,38,3,"N","N",,"condition OK","Y",,"Epler 2001","Y","EcoAnalysts Inc.","G. Wallace",,,
"fd283acf-8f7f-4219-9fe2-213c7b95f041","D07","WALK","WALK.AOS.reach","2021-03-09T13:58Z","2021-06-08","WALK.20210309.SURBER.7","A00000214275",,"PLESP2","Y","Pleuroceridae sp.",,"family","Mollusca",,"Gastropoda",,,,"Neotaenioglossa",,,,"Pleuroceridae",,,,,"sp.",,"none",5,,2,31,6,"Y","N",,"condition OK","N",,"Thorp and Covich 2001","N","EcoAnalysts Inc.","A. Navesky",,,
"f587decb-a578-4589-8cd8-0cf66441f10e","D07","WALK","WALK.AOS.reach","2021-03-09T13:58Z","2021-06-09","WALK.20210309.SURBER.2","A00000214270",,"SIMSP1","Y","Simulium sp.",,"genus","Arthropoda","Hexapoda","Insecta","Pterygota","Neoptera","Holometabola","Diptera","Nematocera","Culicomorpha",,"Simuliidae","Simuliinae","Simuliini",,"Simulium","sp.",,"larva",2,,1,38,3,"N","N",,"condition OK","Y",,"Merritt and Cummins 2008","N","EcoAnalysts Inc.","A. Navesky",,,
"4041a0bb-b56a-4791-95e8-9c0f85746473","D07","WALK","WALK.AOS.reach","2021-03-09T13:58Z","2021-06-09","WALK.20210309.SURBER.3","A00000214269",,"ELISP","Y","Elimia sp.",,"genus","Mollusca",,"Gastropoda",,,,"Neotaenioglossa",,,,"Pleuroceridae",,,,"Elimia","sp.",,"none",8,,7,81,9,"N","N",,"condition OK","Y",,"Thorp and Covich 2001","N","EcoAnalysts Inc.","A. Navesky",,,
"f1a757c6-a2cd-4db6-b71e-b7873b2d8ca3","D07","WALK","WALK.AOS.reach","2021-03-09T13:58Z","2021-06-08","WALK.20210309.SURBER.8","A00000214273",,"ELISP","Y","Elimia sp.",,"genus","Mollusca",,"Gastropoda",,,,"Neotaenioglossa",,,,"Pleuroceridae",,,,"Elimia","sp.",,"none",9,,4,50,8,"N","N",,"condition OK","Y",,"Thorp and Covich 2001","N","EcoAnalysts Inc.","A. Navesky",,,
"3f219bb9-8106-4c01-bdda-0394131495dd","D07","WALK","WALK.AOS.reach","2021-03-09T13:58Z","2021-06-08","WALK.20210309.SURBER.6","A00000214276",,"THISP2","Y","Thienemanniella sp.",,"genus","Arthropoda","Hexapoda","Insecta","Pterygota","Neoptera","Holometabola","Diptera","Nematocera","Culicomorpha",,"Chironomidae","Orthocladiinae",,,"Thienemanniella","sp.",,"larva",2,,2,19,11,"N","N",,"condition OK","Y",,"Epler 2001","N","EcoAnalysts Inc.","G. Wallace",,,
"3600b093-0f9b-4cc7-902c-256c15eb64b9","D07","WALK","WALK.AOS.reach","2021-03-09T13:58Z","2021-06-08","WALK.20210309.SURBER.8","A00000214273",,"EURSP4","Y","Eurylophella sp.",,"genus","Arthropoda","Hexapoda","Insecta","Pterygota","Palaeoptera",,"Ephemeroptera","Furcatergalia","Pannota","Ephemerelloidea","Ephemerellidae",,,,"Eurylophella","sp.",,"larva",3,,2,50,4,"Y","N",,"condition OK","Y",,"Merritt and Cummins 2008","N","EcoAnalysts Inc.","A. Navesky",,,
"f0824423-fe6c-4c2f-8b1f-e0e305aeb9c6","D07","WALK","WALK.AOS.reach","2021-03-09T13:58Z","2021-06-08","WALK.20210309.SURBER.7","A00000214275",,"GAMSP3","Y","Gammarus sp.",,"genus","Arthropoda","Crustacea","Malacostraca","Eumalacostraca",,"Peracarida","Amphipoda","Gammaridea",,,"Gammaridae",,,,"Gammarus","sp.",,"none",4,,2,31,6,"N","N",,"condition OK","Y",,"Thorp and Covich 2001","N","EcoAnalysts Inc.","A. Navesky",,,
"3b11a4c5-cd47-43ce-b167-02bad1deb6d3","D07","WALK","WALK.AOS.reach","2021-03-09T13:58Z","2021-06-09","WALK.20210309.SURBER.3","A00000214269",,"PSESP20","Y","Pseudolimnophila sp.",,"genus","Arthropoda","Hexapoda","Insecta","Pterygota","Neoptera","Holometabola","Diptera","Nematocera","Tipulomorpha",,"Tipulidae","Limoniinae","Hexatomini",,"Pseudolimnophila","sp.",,"larva",3,,1,81,1,"N","N",,"condition OK","Y",,"Gelhaus 2008","N","EcoAnalysts Inc.","A. Navesky",,,
"f8eb495d-692e-4005-801f-04b5b1f33767","D07","WALK","WALK.AOS.reach","2021-03-09T13:58Z","2021-06-09","WALK.20210309.SURBER.1","A00000214272",,"DIPMOD","Y","Diplectrona modesta",,"species","Arthropoda","Hexapoda","Insecta","Pterygota","Neoptera","Holometabola","Trichoptera",,,"Hydropsychoidea","Hydropsychidae","Diplectroninae",,,"Diplectrona","modesta",,"larva",4,,1,38,3,"N","N",,"condition OK","Y",,"Wiggins 1996","Y","EcoAnalysts Inc.","A. Navesky",,,
"ec35ff01-19cb-4680-a924-0b229a59c039","D07","WALK","WALK.AOS.reach","2021-03-09T13:58Z","2021-06-08","WALK.20210309.SURBER.7","A00000214275",,"DIPMOD","Y","Diplectrona modesta",,"species","Arthropoda","Hexapoda","Insecta","Pterygota","Neoptera","Holometabola","Trichoptera",,,"Hydropsychoidea","Hydropsychidae","Diplectroninae",,,"Diplectrona","modesta",,"larva",3,,2,31,6,"N","N",,"condition OK","Y",,"Wiggins 1996","N","EcoAnalysts Inc.","A. Navesky",,,
"42be71ac-ef55-49cf-b8c2-a177c2aa4d4a","D07","WALK","WALK.AOS.reach","2021-03-09T13:58Z","2021-06-09","WALK.20210309.SURBER.2","A00000214270",,"SPESP5","Y","Sperchonopsis sp.",,"genus","Arthropoda","Chelicerata","Arachnida","Acari",,"Acariformes","Trombidiformes","Prostigmata",,"Lebertioidea","Sperchontidae",,,,"Sperchonopsis","sp.",,"none",1,,2,38,5,"N","N",,"condition OK","Y",,"Thorp and Covich 2001","N","EcoAnalysts Inc.","A. Navesky",,,
"25a84d7d-6d9b-4321-904e-03188346bf7e","D07","WALK","WALK.AOS.reach","2021-03-09T13:58Z","2021-06-08","WALK.20210309.SURBER.7","A00000214275",,"OULSP","Y","Oulimnius sp.",,"genus","Arthropoda","Hexapoda","Insecta","Pterygota","Neoptera","Holometabola","Coleoptera","Polyphaga","Elateriformia","Byrrhoidea","Elmidae","Elminae","Elmini",,"Oulimnius","sp.",,"larva",1,,1,31,3,"N","N",,"condition OK","Y",,"Merritt and Cummins 2008","N","EcoAnalysts Inc.","A. Navesky",,,
"88bb3f5b-a875-477d-be9f-d7b6cd19c090","D07","WALK","WALK.AOS.reach","2021-03-09T13:58Z","2021-06-09","WALK.20210309.SURBER.2","A00000214270",,"OULSP","Y","Oulimnius sp.",,"genus","Arthropoda","Hexapoda","Insecta","Pterygota","Neoptera","Holometabola","Coleoptera","Polyphaga","Elateriformia","Byrrhoidea","Elmidae","Elminae","Elmini",,"Oulimnius","sp.",,"adult",2,,1,38,3,"N","N",,"condition OK","Y",,"Merritt and Cummins 2008","N","EcoAnalysts Inc.","A. Navesky",,,
"760f9fa3-fc3f-490c-8fa6-e190269ca910","D07","WALK","WALK.AOS.reach","2021-03-09T13:58Z","2021-06-09","WALK.20210309.SURBER.2","A00000214270",,"ACESP","Y","Acentrella sp.",,"genus","Arthropoda","Hexapoda","Insecta","Pterygota","Palaeoptera",,"Ephemeroptera","Pisciforma",,,"Baetidae",,,,"Acentrella","sp.",,"larva",1,,2,38,5,"Y","N",,"condition OK","N",,"Merritt and Cummins 2008","N","EcoAnalysts Inc.","A. Navesky",,,
"77108e23-1791-4c13-b415-c2bce8458e97","D07","WALK","WALK.AOS.reach","2021-03-09T13:58Z","2021-06-09","WALK.20210309.SURBER.3","A00000214269",,"TANSP8","Y","Tanytarsini sp.",,"tribe","Arthropoda","Hexapoda","Insecta","Pterygota","Neoptera","Holometabola","Diptera","Nematocera","Culicomorpha",,"Chironomidae","Chironominae","Tanytarsini",,,"sp.",,"larva",3,,2,81,2,"N","N",,"damaged, affecting taxonomy","N",,"Epler 2001","N","EcoAnalysts Inc.","G. Wallace","no antennae",,
"818c66e2-4a82-4b11-9cce-1a175b07ae5b","D07","WALK","WALK.AOS.reach","2021-03-09T13:58Z","2021-06-09","WALK.20210309.SURBER.2","A00000214270",,"GOMSP","Y","Gomphidae sp.",,"family","Arthropoda","Hexapoda","Insecta","Pterygota","Palaeoptera",,"Odonata","Anisoptera",,,"Gomphidae",,,,,"sp.",,"larva",1,,2,38,5,"Y","N",,"condition OK","Y",,"Needham Westfall and May 2000","N","EcoAnalysts Inc.","A. Navesky",,,
"bb6f54af-add2-4111-ae1a-e2366030ca90","D07","WALK","WALK.AOS.reach","2021-03-09T13:58Z","2021-06-09","WALK.20210309.SURBER.3","A00000214269","WALK.20210309.SURBER.3_OLIGOCHAETE_2/2","NAISP","Y","Naididae sp.","tubificoid Naididae w/ cap setae","family","Annelida","Clitellata","Oligochaeta","Oligochaeta",,,"Tubificida",,,,"Naididae",,,,,"sp.",,"none",2,,2,81,2,"N","N",,"condition OK","Y",,"Kathman and Brinkhurst 1999","N","EcoAnalysts Inc.","G. Wallace",,,
"5d313410-18a8-477a-95ec-fcf9d3095135","D07","WALK","WALK.AOS.reach","2021-03-09T13:58Z","2021-06-08","WALK.20210309.SURBER.5","A00000214271",,"BAESP2","Y","Baetis sp.",,"genus","Arthropoda","Hexapoda","Insecta","Pterygota","Palaeoptera",,"Ephemeroptera","Pisciforma",,,"Baetidae",,,,"Baetis","sp.",,"larva",2,,7,25,28,"Y","N",,"condition OK","N",,"Merritt and Cummins 2008","N","EcoAnalysts Inc.","A. Navesky",,,
"71dc7fcf-405f-4fca-b064-16c99b971f84","D07","WALK","WALK.AOS.reach","2021-03-09T13:58Z","2021-06-09","WALK.20210309.SURBER.2","A00000214270",,"RHYSP3","Y","Rhyacophila sp.",,"genus","Arthropoda","Hexapoda","Insecta","Pterygota","Neoptera","Holometabola","Trichoptera",,,"Rhyacophiloidea","Rhyacophilidae",,,,"Rhyacophila","sp.",,"larva",1,,1,38,3,"Y","N",,"condition OK","Y",,"Wiggins 1996","N","EcoAnalysts Inc.","A. Navesky",,,
"9f5ce32f-5f33-43fa-9b3b-063707f4fd8c","D07","WALK","WALK.AOS.reach","2021-03-09T13:58Z","2021-06-08","WALK.20210309.SURBER.7","A00000214275",,"GLOSP3","Y","Glossosoma sp.",,"genus","Arthropoda","Hexapoda","Insecta","Pterygota","Neoptera","Holometabola","Trichoptera",,,"Glossosomatoidea","Glossosomatidae","Glossosomatinae","Glossosomatini",,"Glossosoma","sp.",,"larva",1,,1,31,3,"N","N",,"condition OK","Y",,"Wiggins 1996","N","EcoAnalysts Inc.","A. Navesky",,,
"1d0a25e4-ae2d-4837-8da3-51a7a56e637e","D07","WALK","WALK.AOS.reach","2021-03-09T13:58Z","2021-06-08","WALK.20210309.SURBER.5","A00000214271",,"TANSP11","Y","Tanytarsus sp.",,"genus","Arthropoda","Hexapoda","Insecta","Pterygota","Neoptera","Holometabola","Diptera","Nematocera","Culicomorpha",,"Chironomidae","Chironominae","Tanytarsini",,"Tanytarsus","sp.",,"larva",4,,2,25,8,"N","N",,"condition OK","Y",,"Epler 2001","N","EcoAnalysts Inc.","G. Wallace",,,
"082f5a6e-c525-4388-af41-f7cb90284323","D07","WALK","WALK.AOS.reach","2021-03-09T13:58Z","2021-06-08","WALK.20210309.SURBER.8","A00000214273",,"MICPED","Y","Microtendipes pedellus gr.",,"speciesGroup","Arthropoda","Hexapoda","Insecta","Pterygota","Neoptera","Holometabola","Diptera","Nematocera","Culicomorpha",,"Chironomidae","Chironominae","Chironomini",,"Microtendipes","pedellus gr.",,"pupa",6,,1,50,2,"N","N",,"condition OK","Y",,"Epler 2001","N","EcoAnalysts Inc.","G. Wallace",,,
"9bfdd642-4fba-498e-b2ff-ebe6f9c0b955","D07","WALK","WALK.AOS.reach","2021-03-09T13:58Z","2021-06-08","WALK.20210309.SURBER.6","A00000214276","WALK.20210309.SURBER.6_OLIGOCHAETE_1/1","NAISP","Y","Naididae sp.","tubificoid Naididae w/o cap setae","family","Annelida","Clitellata","Oligochaeta","Oligochaeta",,,"Tubificida",,,,"Naididae",,,,,"sp.",,"none",7,,2,19,11,"N","N",,"condition OK","Y",,"Kathman and Brinkhurst 1998","N","EcoAnalysts Inc.","G. Wallace",,,
"501c5b94-c7f6-49ec-ae3c-c181b30f934f","D07","WALK","WALK.AOS.reach","2021-03-09T13:58Z","2021-06-08","WALK.20210309.SURBER.5","A00000214271",,"GAMSP1","Y","Gammaridae sp.",,"family","Arthropoda","Crustacea","Malacostraca","Eumalacostraca",,"Peracarida","Amphipoda","Gammaridea",,,"Gammaridae",,,,,"sp.",,"none",8,,1,25,4,"N","N",,"damaged, affecting taxonomy","N",,"Thorp and Covich 2001","N","EcoAnalysts Inc.","A. Navesky","missing 3rd pr uropods",,
"3fbf2a0f-8605-4b60-b326-2a561c0fbb89","D07","WALK","WALK.AOS.reach","2021-03-09T13:58Z","2021-06-09","WALK.20210309.SURBER.4","A00000214274",,"ELISP","Y","Elimia sp.",,"genus","Mollusca",,"Gastropoda",,,,"Neotaenioglossa",,,,"Pleuroceridae",,,,"Elimia","sp.",,"none",8,,1,88,1,"N","N",,"condition OK","Y",,"Thorp and Covich 2001","N","EcoAnalysts Inc.","A. Navesky",,,
"57a82aec-8e0f-4fc4-867c-da5d7cc12348","D07","WALK","WALK.AOS.reach","2021-03-09T13:58Z","2021-06-09","WALK.20210309.SURBER.2","A00000214270",,"ECCXAN","Y","Eccoptura xanthenes",,"species","Arthropoda","Hexapoda","Insecta","Pterygota","Neoptera","Polyneoptera","Plecoptera","Systellognatha",,,"Perlidae","Acroneuriinae","Acroneuriini",,"Eccoptura","xanthenes",,"larva",10,,1,38,3,"N","N",,"condition OK","Y",,"Stewart and Stark 2002","N","EcoAnalysts Inc.","A. Navesky",,,
"8605b781-939f-4401-9656-947ce80022bc","D07","WALK","WALK.AOS.reach","2021-03-09T13:58Z","2021-06-09","WALK.20210309.SURBER.2","A00000214270",,"PARSP26","Y","Parametriocnemus sp.",,"genus","Arthropoda","Hexapoda","Insecta","Pterygota","Neoptera","Holometabola","Diptera","Nematocera","Culicomorpha",,"Chironomidae","Orthocladiinae",,,"Parametriocnemus","sp.",,"larva",4,,1,38,3,"N","N",,"condition OK","Y",,"Epler 2001","N","EcoAnalysts Inc.","G. Wallace",,,
"88d7f612-d5b4-43b7-9b41-d98d1ef2e8a6","D07","WALK","WALK.AOS.reach","2021-03-09T13:58Z","2021-06-09","WALK.20210309.SURBER.3","A00000214269",,"PSEHER","Y","Psephenus herricki",,"species","Arthropoda","Hexapoda","Insecta","Pterygota","Neoptera","Holometabola","Coleoptera","Polyphaga","Elateriformia","Byrrhoidea","Psephenidae","Psepheninae",,,"Psephenus","herricki",,"larva",2,,8,81,10,"N","N",,"condition OK","Y",,"Brown 1972","N","EcoAnalysts Inc.","A. Navesky",,,
"dff7c352-6c39-4a52-9475-4ad882ac6013","D07","WALK","WALK.AOS.reach","2021-03-09T13:58Z","2021-06-08","WALK.20210309.SURBER.5","A00000214271",,"PLESP2","Y","Pleuroceridae sp.",,"family","Mollusca",,"Gastropoda",,,,"Neotaenioglossa",,,,"Pleuroceridae",,,,,"sp.",,"none",2,,1,25,4,"Y","N",,"condition OK","N",,"Thorp and Covich 2001","N","EcoAnalysts Inc.","A. Navesky",,,
"1388d475-1b5b-4721-8305-1ebfb21758a6","D07","WALK","WALK.AOS.reach","2021-03-09T13:58Z","2021-06-08","WALK.20210309.SURBER.7","A00000214275",,"RHEEXI","Y","Rheotanytarsus exiguus gr.",,"speciesGroup","Arthropoda","Hexapoda","Insecta","Pterygota","Neoptera","Holometabola","Diptera","Nematocera","Culicomorpha",,"Chironomidae","Chironominae","Tanytarsini",,"Rheotanytarsus","exiguus gr.",,"larva",3,,2,31,6,"N","N",,"condition OK","Y",,"Epler 2001","N","EcoAnalysts Inc.","G. Wallace",,,
"75e89e67-411b-4f42-89b5-8240c2b6ab1e","D07","WALK","WALK.AOS.reach","2021-03-09T13:58Z","2021-06-08","WALK.20210309.SURBER.8","A00000214273","WALK.20210309.SURBER.8_OLIGOCHAETE_1/1","LUMSP2","Y","Lumbriculidae sp.",,"family","Annelida","Clitellata","Oligochaeta","Oligochaeta",,,"Lumbriculida",,,,"Lumbriculidae",,,,,"sp.",,"none",4,,1,50,2,"N","N",,"condition OK","Y",,"Kathman and Brinkhurst 1999","N","EcoAnalysts Inc.","G. Wallace",,,
"6586a515-290a-4e55-b028-a1bce8520d41","D07","WALK","WALK.AOS.reach","2021-03-09T13:58Z","2021-06-08","WALK.20210309.SURBER.7","A00000214275",,"POLSP5","Y","Polycentropodidae sp.",,"family","Arthropoda","Hexapoda","Insecta","Pterygota","Neoptera","Holometabola","Trichoptera",,,"Hydropsychoidea","Polycentropodidae",,,,,"sp.",,"larva",2,,1,31,3,"N","N",,"damaged, affecting taxonomy","N",,"Wiggins 1996","N","EcoAnalysts Inc.","A. Navesky","missing anal prolegs",,
"527c23c7-942e-4316-bb62-c266cdde2c58","D07","WALK","WALK.AOS.reach","2021-03-09T13:58Z","2021-06-09","WALK.20210309.SURBER.2","A00000214270",,"BAESP2","Y","Baetis sp.",,"genus","Arthropoda","Hexapoda","Insecta","Pterygota","Palaeoptera",,"Ephemeroptera","Pisciforma",,,"Baetidae",,,,"Baetis","sp.",,"larva",1,,1,38,3,"Y","N",,"condition OK","N",,"Merritt and Cummins 2008","N","EcoAnalysts Inc.","A. Navesky",,,
"53b7faf9-858f-4a71-8560-0fcb7da74ab0","D07","WALK","WALK.AOS.reach","2021-03-09T13:58Z","2021-06-08","WALK.20210309.SURBER.7","A00000214275",,"AGASP4","Y","Agapetus sp.",,"genus","Arthropoda","Hexapoda","Insecta","Pterygota","Neoptera","Holometabola","Trichoptera",,,"Glossosomatoidea","Glossosomatidae","Agapetinae",,,"Agapetus","sp.",,"larva",3,,1,31,3,"N","N",,"condition OK","Y",,"Wiggins 1996","N","EcoAnalysts Inc.","A. Navesky",,,
"d73b7d3d-aaca-4e30-9e1f-7e13b2948975","D07","WALK","WALK.AOS.reach","2021-03-09T13:58Z","2021-06-09","WALK.20210309.SURBER.1","A00000214272",,"BAESP2","Y","Baetis sp.",,"genus","Arthropoda","Hexapoda","Insecta","Pterygota","Palaeoptera",,"Ephemeroptera","Pisciforma",,,"Baetidae",,,,"Baetis","sp.",,"larva",2,,2,38,5,"Y","N",,"condition OK","Y",,"Merritt and Cummins 2008","Y","EcoAnalysts Inc.","A. Navesky",,,
"acfaad21-47b0-47af-a1a5-628af06fb36c","D07","WALK","WALK.AOS.reach","2021-03-09T13:58Z","2021-06-09","WALK.20210309.SURBER.3","A00000214269",,"TANSP8","Y","Tanytarsini sp.",,"tribe","Arthropoda","Hexapoda","Insecta","Pterygota","Neoptera","Holometabola","Diptera","Nematocera","Culicomorpha",,"Chironomidae","Chironominae","Tanytarsini",,,"sp.",,"larva",2,,1,81,1,"N","N",,"damaged, affecting taxonomy","N",,"Epler 2001","N","EcoAnalysts Inc.","G. Wallace","no antennae",,
"e1f2a351-56af-4c54-a71e-a93cf3f81892","D07","WALK","WALK.AOS.reach","2021-03-09T13:58Z","2021-06-09","WALK.20210309.SURBER.1","A00000214272",,"NEOSP13","Y","Neophylax sp.",,"genus","Arthropoda","Hexapoda","Insecta","Pterygota","Neoptera","Holometabola","Trichoptera",,,"Limnephiloidea","Uenoidae","Thremmatinae",,,"Neophylax","sp.",,"larva",5,,1,38,3,"N","N",,"condition OK","Y",,"Wiggins 1996","Y","EcoAnalysts Inc.","A. Navesky",,,
"39605594-49be-45bd-a4a6-d4a229877a3d","D07","WALK","WALK.AOS.reach","2021-03-09T13:58Z","2021-06-09","WALK.20210309.SURBER.1","A00000214272",,"GAMSP3","Y","Gammarus sp.",,"genus","Arthropoda","Crustacea","Malacostraca","Eumalacostraca",,"Peracarida","Amphipoda","Gammaridea",,,"Gammaridae",,,,"Gammarus","sp.",,"none",3,,10,38,27,"N","N",,"condition OK","Y",,"Thorp and Covich 2001","Y","EcoAnalysts Inc.","A. Navesky",,,
"fa533213-6236-436d-83a8-f6bb59167964","D07","WALK","WALK.AOS.reach","2021-03-09T13:58Z","2021-06-08","WALK.20210309.SURBER.8","A00000214273",,"CAPSP2","Y","Capniidae sp.",,"family","Arthropoda","Hexapoda","Insecta","Pterygota","Neoptera","Polyneoptera","Plecoptera","Euholognatha",,,"Capniidae",,,,,"sp.",,"larva",1,,14,50,28,"Y","N",,"condition OK","Y",,"Stewart and Stark 2002","N","EcoAnalysts Inc.","A. Navesky",,,
"9378c37e-915c-4d4c-a092-fdaf03429cfd","D07","WALK","WALK.AOS.reach","2021-03-09T13:58Z","2021-06-09","WALK.20210309.SURBER.2","A00000214270",,"PLESP2","Y","Pleuroceridae sp.",,"family","Mollusca",,"Gastropoda",,,,"Neotaenioglossa",,,,"Pleuroceridae",,,,,"sp.",,"none",1,,7,38,19,"Y","N",,"condition OK","N",,"Thorp and Covich 2001","N","EcoAnalysts Inc.","A. Navesky",,,
"4ca8f17a-3ef5-4f6e-8b2b-d90c92ff927b","D07","WALK","WALK.AOS.reach","2021-03-09T13:58Z","2021-06-09","WALK.20210309.SURBER.4","A00000214274",,"SIMSP1","Y","Simulium sp.",,"genus","Arthropoda","Hexapoda","Insecta","Pterygota","Neoptera","Holometabola","Diptera","Nematocera","Culicomorpha",,"Simuliidae","Simuliinae","Simuliini",,"Simulium","sp.",,"larva",5,,1,88,1,"N","N",,"condition OK","Y",,"Merritt and Cummins 2008","N","EcoAnalysts Inc.","A. Navesky",,,
"bb5759a2-a4b1-4864-a6f1-ca70f9afe44b","D07","WALK","WALK.AOS.reach","2021-03-09T13:58Z","2021-06-09","WALK.20210309.SURBER.3","A00000214269",,"PLESP2","Y","Pleuroceridae sp.",,"family","Mollusca",,"Gastropoda",,,,"Neotaenioglossa",,,,"Pleuroceridae",,,,,"sp.",,"none",7,,3,81,4,"Y","N",,"condition OK","N",,"Thorp and Covich 2001","N","EcoAnalysts Inc.","A. Navesky",,,
"bdaddc84-d499-4b2f-b25b-0ef8809ec43c","D07","WALK","WALK.AOS.reach","2021-03-09T13:58Z","2021-06-08","WALK.20210309.SURBER.8","A00000214273",,"GAMSP3","Y","Gammarus sp.",,"genus","Arthropoda","Crustacea","Malacostraca","Eumalacostraca",,"Peracarida","Amphipoda","Gammaridea",,,"Gammaridae",,,,"Gammarus","sp.",,"none",3,,11,50,22,"N","N",,"condition OK","Y",,"Thorp and Covich 2001","N","EcoAnalysts Inc.","A. Navesky",,,
"ac1ce814-3ddc-4953-8346-fe62b5dbc3f6","D07","WALK","WALK.AOS.reach","2021-03-09T13:58Z","2021-06-08","WALK.20210309.SURBER.7","A00000214275",,"SWESP","Y","Sweltsa sp.",,"genus","Arthropoda","Hexapoda","Insecta","Pterygota","Neoptera","Polyneoptera","Plecoptera","Systellognatha",,,"Chloroperlidae","Chloroperlinae",,,"Sweltsa","sp.",,"larva",6,,1,31,3,"N","N",,"condition OK","Y",,"Stewart and Stark 2002","N","EcoAnalysts Inc.","A. Navesky",,,
"2becde15-0c79-47d6-bb51-6526b8c56597","D07","WALK","WALK.AOS.reach","2021-03-09T13:58Z","2021-06-08","WALK.20210309.SURBER.8","A00000214273",,"THIGRO","Y","Thienemannimyia gr.",,"speciesGroup","Arthropoda","Hexapoda","Insecta","Pterygota","Neoptera","Holometabola","Diptera","Nematocera","Culicomorpha",,"Chironomidae","Tanypodinae","Pentaneurini",,"Thienemannimyia","gr.",,"larva",4,,1,50,2,"N","N",,"condition OK","Y",,"Epler 2001","N","EcoAnalysts Inc.","G. Wallace",,,
"b0a6d265-c2a7-451b-9d80-23062d26cb79","D07","WALK","WALK.AOS.reach","2021-03-09T13:58Z","2021-06-09","WALK.20210309.SURBER.2","A00000214270",,"ATUSP","Y","Aturidae sp.",,"family","Arthropoda","Chelicerata","Arachnida","Acari",,"Acariformes","Trombidiformes","Prostigmata",,"Hygrobatoidea","Aturidae",,,,,"sp.",,"none",1,,1,38,3,"N","Y",,"condition OK","Y",,"Thorp and Covich 2001","N","EcoAnalysts Inc.","A. Navesky",,,
"ba258c9f-f563-4fd0-8595-0cccf1ef7806","D07","WALK","WALK.AOS.reach","2021-03-09T13:58Z","2021-06-08","WALK.20210309.SURBER.6","A00000214276",,"TANSP11","Y","Tanytarsus sp.",,"genus","Arthropoda","Hexapoda","Insecta","Pterygota","Neoptera","Holometabola","Diptera","Nematocera","Culicomorpha",,"Chironomidae","Chironominae","Tanytarsini",,"Tanytarsus","sp.",,"larva",1,,3,19,16,"N","N",,"condition OK","Y",,"Epler 2001","N","EcoAnalysts Inc.","G. Wallace",,,
"87ca7215-8732-4ffb-82db-0290dbaad83d","D07","WALK","WALK.AOS.reach","2021-03-09T13:58Z","2021-06-08","WALK.20210309.SURBER.5","A00000214271",,"SIMSP","Y","Simuliidae sp.",,"family","Arthropoda","Hexapoda","Insecta","Pterygota","Neoptera","Holometabola","Diptera","Nematocera","Culicomorpha",,"Simuliidae",,,,,"sp.",,"pupa",3,,1,25,4,"N","N",,"damaged, affecting taxonomy","N",,"Merritt and Cummins 2008","N","EcoAnalysts Inc.","A. Navesky","missing pupal case",,
"5d2e2612-cc88-46c1-a79d-89538d21ea2d","D07","WALK","WALK.AOS.reach","2021-03-09T13:58Z","2021-06-09","WALK.20210309.SURBER.3","A00000214269",,"ANCBIC","Y","Anchytarsus bicolor",,"species","Arthropoda","Hexapoda","Insecta","Pterygota","Neoptera","Holometabola","Coleoptera","Polyphaga","Elateriformia","Byrrhoidea","Ptilodactylidae","Anchytarsinae",,,"Anchytarsus","bicolor",,"larva",14,,1,81,1,"N","N",,"condition OK","Y",,"Merritt and Cummins 2008","N","EcoAnalysts Inc.","A. Navesky",,,
"0f167f38-502a-4c23-8446-722518fd4d1a","D07","WALK","WALK.AOS.reach","2021-03-09T13:58Z","2021-06-08","WALK.20210309.SURBER.8","A00000214273",,"PERSP1","Y","Perlidae sp.",,"family","Arthropoda","Hexapoda","Insecta","Pterygota","Neoptera","Polyneoptera","Plecoptera","Systellognatha",,,"Perlidae",,,,,"sp.",,"larva",1,,1,50,2,"Y","N",,"condition OK","Y",,"Stewart and Stark 2002","N","EcoAnalysts Inc.","A. Navesky",,,
"cf86ec95-652b-4f30-8ced-e9492deb4106","D07","WALK","WALK.AOS.reach","2021-03-09T13:58Z","2021-06-08","WALK.20210309.SURBER.6","A00000214276","WALK.20210309.SURBER.6_OLIGOCHAETE_1/1","LUMSP1","Y","Lumbricina sp.",,"suborder","Annelida","Clitellata","Oligochaeta","Oligochaeta",,,"Tubificida","Lumbricina",,,,,,,,"sp.",,"none",35,,1,19,5,"N","N",,"condition OK","Y",,"Kathman and Brinkhurst 1999","N","EcoAnalysts Inc.","G. Wallace",,,
"7b734862-a5b1-412a-a70f-256bb6d91f17","D07","WALK","WALK.AOS.reach","2021-03-09T13:58Z","2021-06-09","WALK.20210309.SURBER.4","A00000214274",,"DIPMOD","Y","Diplectrona modesta",,"species","Arthropoda","Hexapoda","Insecta","Pterygota","Neoptera","Holometabola","Trichoptera",,,"Hydropsychoidea","Hydropsychidae","Diplectroninae",,,"Diplectrona","modesta",,"larva",7,,1,88,1,"N","N",,"condition OK","Y",,"Wiggins 1996","N","EcoAnalysts Inc.","A. Navesky",,,
"a051f0f0-f80e-4b02-a2a1-dc8738bf9a53","D07","WALK","WALK.AOS.reach","2021-03-09T13:58Z","2021-06-09","WALK.20210309.SURBER.1","A00000214272",,"AGASP4","Y","Agapetus sp.",,"genus","Arthropoda","Hexapoda","Insecta","Pterygota","Neoptera","Holometabola","Trichoptera",,,"Glossosomatoidea","Glossosomatidae","Agapetinae",,,"Agapetus","sp.",,"larva",3,,2,38,5,"N","N",,"condition OK","Y",,"Wiggins 1996","Y","EcoAnalysts Inc.","A. Navesky",,,
"8d4aab11-b3fb-4912-b9bb-7dd14656f021","D07","WALK","WALK.AOS.reach","2021-03-09T13:58Z","2021-06-09","WALK.20210309.SURBER.2","A00000214270",,"MACSP11","Y","Maccaffertium sp.",,"genus","Arthropoda","Hexapoda","Insecta","Pterygota","Palaeoptera",,"Ephemeroptera","Pisciforma",,"Heptagenioidea","Heptageniidae",,,,"Maccaffertium","sp.",,"larva",2,,4,38,11,"Y","N",,"condition OK","Y",,"Merritt and Cummins 2008","N","EcoAnalysts Inc.","A. Navesky",,,
"f6e876f0-74cd-42cb-b40b-79f89e0cd026","D07","WALK","WALK.AOS.reach","2021-03-09T13:58Z","2021-06-09","WALK.20210309.SURBER.3","A00000214269",,"HABSP1","Y","Habrophlebiodes sp.",,"genus","Arthropoda","Hexapoda","Insecta","Pterygota","Palaeoptera",,"Ephemeroptera","Furcatergalia","Lanceolata",,"Leptophlebiidae",,,,"Habrophlebiodes","sp.",,"larva",2,,1,81,1,"N","N",,"condition OK","Y",,"Merritt and Cummins 2008","N","EcoAnalysts Inc.","A. Navesky",,,
"1d0394b9-9b93-4a31-8185-3cc9878ab9de","D07","WALK","WALK.AOS.reach","2021-03-09T13:58Z","2021-06-09","WALK.20210309.SURBER.1","A00000214272",,"TANSP11","Y","Tanytarsus sp.",,"genus","Arthropoda","Hexapoda","Insecta","Pterygota","Neoptera","Holometabola","Diptera","Nematocera","Culicomorpha",,"Chironomidae","Chironominae","Tanytarsini",,"Tanytarsus","sp.",,"larva",3,,2,38,5,"N","N",,"condition OK","Y",,"Epler 2001","Y","EcoAnalysts Inc.","G. Wallace",,,
"c0e4494b-1834-42c5-a9d7-1c5aac41d789","D07","WALK","WALK.AOS.reach","2021-03-09T13:58Z","2021-06-08","WALK.20210309.SURBER.8","A00000214273",,"TURSP","Y","Turbellaria sp.",,"class","Platyhelminthes",,"Turbellaria",,,,,,,,,,,,,"sp.",,"none",1,,1,50,2,"N","Y",,"condition OK","Y",,"Thorp and Covich 2001","N","EcoAnalysts Inc.","A. Navesky",,,
"e90cc42a-5858-43ae-95a6-51699a17ed9d","D07","WALK","WALK.AOS.reach","2021-03-09T13:58Z","2021-06-08","WALK.20210309.SURBER.5","A00000214271",,"DIPMOD","Y","Diplectrona modesta",,"species","Arthropoda","Hexapoda","Insecta","Pterygota","Neoptera","Holometabola","Trichoptera",,,"Hydropsychoidea","Hydropsychidae","Diplectroninae",,,"Diplectrona","modesta",,"larva",4,,1,25,4,"N","N",,"condition OK","Y",,"Wiggins 1996","N","EcoAnalysts Inc.","A. Navesky",,,
"2aabc92a-4ca5-4ebb-8fa9-52323722be47","D07","WALK","WALK.AOS.reach","2021-03-09T13:58Z","2021-06-09","WALK.20210309.SURBER.1","A00000214272",,"PSEHER","Y","Psephenus herricki",,"species","Arthropoda","Hexapoda","Insecta","Pterygota","Neoptera","Holometabola","Coleoptera","Polyphaga","Elateriformia","Byrrhoidea","Psephenidae","Psepheninae",,,"Psephenus","herricki",,"larva",2,,4,38,11,"N","N",,"condition OK","Y",,"Brown 1972","Y","EcoAnalysts Inc.","A. Navesky",,,
"53dcb001-fc40-4768-8c26-147e7158bca7","D07","WALK","WALK.AOS.reach","2021-03-09T13:58Z","2021-06-08","WALK.20210309.SURBER.8","A00000214273","WALK.20210309.SURBER.8_OLIGOCHAETE_1/1","LUMSP2","Y","Lumbriculidae sp.",,"family","Annelida","Clitellata","Oligochaeta","Oligochaeta",,,"Lumbriculida",,,,"Lumbriculidae",,,,,"sp.",,"none",5,,1,50,2,"N","N",,"condition OK","Y",,"Kathman and Brinkhurst 1999","N","EcoAnalysts Inc.","G. Wallace",,,
"cda9d2b8-e214-4d09-854f-417715c468d3","D07","WALK","WALK.AOS.reach","2021-03-09T13:58Z","2021-06-09","WALK.20210309.SURBER.3","A00000214269",,"OULSP","Y","Oulimnius sp.",,"genus","Arthropoda","Hexapoda","Insecta","Pterygota","Neoptera","Holometabola","Coleoptera","Polyphaga","Elateriformia","Byrrhoidea","Elmidae","Elminae","Elmini",,"Oulimnius","sp.",,"adult",1,,4,81,5,"N","N",,"condition OK","Y",,"Merritt and Cummins 2008","N","EcoAnalysts Inc.","A. Navesky",,,
"1eab5f1b-a6f1-4338-b459-86608797e826","D07","WALK","WALK.AOS.reach","2021-03-09T13:58Z","2021-06-09","WALK.20210309.SURBER.3","A00000214269",,"DIPHAG","Y","Diphetor hageni",,"species","Arthropoda","Hexapoda","Insecta","Pterygota","Palaeoptera",,"Ephemeroptera","Pisciforma",,,"Baetidae",,,,"Diphetor","hageni",,"larva",2,,10,81,12,"N","N",,"condition OK","Y",,"Morihara and McCafferty 1979","N","EcoAnalysts Inc.","A. Navesky",,,
"3c63a129-d0ba-4e73-8638-c0c3948dad56","D07","WALK","WALK.AOS.reach","2021-03-09T13:58Z","2021-06-08","WALK.20210309.SURBER.6","A00000214276",,"PARSP26","Y","Parametriocnemus sp.",,"genus","Arthropoda","Hexapoda","Insecta","Pterygota","Neoptera","Holometabola","Diptera","Nematocera","Culicomorpha",,"Chironomidae","Orthocladiinae",,,"Parametriocnemus","sp.",,"larva",1,,1,19,5,"N","N",,"condition OK","Y",,"Epler 2001","N","EcoAnalysts Inc.","G. Wallace",,,
"e7e89411-28d9-4950-a9df-e097034484c5","D07","WALK","WALK.AOS.reach","2021-03-09T13:58Z","2021-06-08","WALK.20210309.SURBER.8","A00000214273",,"GAMSP3","Y","Gammarus sp.",,"genus","Arthropoda","Crustacea","Malacostraca","Eumalacostraca",,"Peracarida","Amphipoda","Gammaridea",,,"Gammaridae",,,,"Gammarus","sp.",,"none",4,,2,50,4,"N","N",,"condition OK","Y",,"Thorp and Covich 2001","N","EcoAnalysts Inc.","A. Navesky",,,
"80abe51d-8541-4574-9143-d622e45118a7","D07","WALK","WALK.AOS.reach","2021-03-09T13:58Z","2021-06-08","WALK.20210309.SURBER.6","A00000214276",,"NEMSP","Y","Nematoda sp.",,"phylum","Nematoda",,,,,,,,,,,,,,,"sp.",,"none",2,,1,19,5,"N","Y",,"condition OK","Y",,"Thorp and Covich 2001","N","EcoAnalysts Inc.","A. Navesky",,,
"b40b01b4-dd0d-4d59-bb16-cd3d8860be08","D07","WALK","WALK.AOS.reach","2021-03-09T13:58Z","2021-06-09","WALK.20210309.SURBER.3","A00000214269",,"PELSP1","Y","Peltoperlidae sp.",,"family","Arthropoda","Hexapoda","Insecta","Pterygota","Neoptera","Polyneoptera","Plecoptera","Systellognatha",,,"Peltoperlidae",,,,,"sp.",,"larva",1,,2,81,2,"Y","N",,"condition OK","Y",,"Stewart and Stark 2002","N","EcoAnalysts Inc.","A. Navesky",,,
"279ed64a-3ef1-422f-9d17-587a2eca628d","D07","WALK","WALK.AOS.reach","2021-03-09T13:58Z","2021-06-09","WALK.20210309.SURBER.2","A00000214270",,"CAPSP2","Y","Capniidae sp.",,"family","Arthropoda","Hexapoda","Insecta","Pterygota","Neoptera","Polyneoptera","Plecoptera","Euholognatha",,,"Capniidae",,,,,"sp.",,"larva",1,,1,38,3,"Y","N",,"condition OK","Y",,"Stewart and Stark 2002","N","EcoAnalysts Inc.","A. Navesky",,,
"0de88a45-5e85-45d1-93f5-da474ec3a178","D07","WALK","WALK.AOS.reach","2021-03-09T13:58Z","2021-06-08","WALK.20210309.SURBER.8","A00000214273",,"PARSP26","Y","Parametriocnemus sp.",,"genus","Arthropoda","Hexapoda","Insecta","Pterygota","Neoptera","Holometabola","Diptera","Nematocera","Culicomorpha",,"Chironomidae","Orthocladiinae",,,"Parametriocnemus","sp.",,"larva",3,,2,50,4,"N","N",,"condition OK","Y",,"Epler 2001","N","EcoAnalysts Inc.","G. Wallace",,,
"f401aa00-c486-42d0-875b-68dc07802719","D07","WALK","WALK.AOS.reach","2021-03-09T13:58Z","2021-06-09","WALK.20210309.SURBER.2","A00000214270",,"PHISP","Y","Philopotamidae sp.",,"family","Arthropoda","Hexapoda","Insecta","Pterygota","Neoptera","Holometabola","Trichoptera",,,"Philopotamoidea","Philopotamidae",,,,,"sp.",,"larva",1,,1,38,3,"Y","N",,"condition OK","N",,"Wiggins 1996","N","EcoAnalysts Inc.","A. Navesky",,,
"24245726-84e7-4306-ad80-4e5023a60cac","D07","WALK","WALK.AOS.reach","2021-03-09T13:58Z","2021-06-08","WALK.20210309.SURBER.8","A00000214273",,"TANSP11","Y","Tanytarsus sp.",,"genus","Arthropoda","Hexapoda","Insecta","Pterygota","Neoptera","Holometabola","Diptera","Nematocera","Culicomorpha",,"Chironomidae","Chironominae","Tanytarsini",,"Tanytarsus","sp.",,"larva",4,,1,50,2,"N","N",,"condition OK","Y",,"Epler 2001","N","EcoAnalysts Inc.","G. Wallace",,,
"8e3db76e-5c34-491e-b3e5-ee5f2cd6a093","D07","WALK","WALK.AOS.reach","2021-03-09T13:58Z","2021-06-08","WALK.20210309.SURBER.7","A00000214275",,"NEMSP","Y","Nematoda sp.",,"phylum","Nematoda",,,,,,,,,,,,,,,"sp.",,"none",3,,1,31,3,"N","Y",,"condition OK","Y",,"Thorp and Covich 2001","N","EcoAnalysts Inc.","A. Navesky",,,
"b898a1b8-4f7c-4ffa-87de-fd1eec11c7a8","D07","WALK","WALK.AOS.reach","2021-03-09T13:58Z","2021-06-09","WALK.20210309.SURBER.1","A00000214272",,"CORSP19","Y","Corynoneura sp.",,"genus","Arthropoda","Hexapoda","Insecta","Pterygota","Neoptera","Holometabola","Diptera","Nematocera","Culicomorpha",,"Chironomidae","Orthocladiinae",,,"Corynoneura","sp.",,"pupa",1,,1,38,3,"N","N",,"condition OK","Y",,"Epler 2001","Y","EcoAnalysts Inc.","G. Wallace",,,
"17e8656e-8f90-4beb-8653-f14802dc20f8","D07","WALK","WALK.AOS.reach","2021-03-09T13:58Z","2021-06-08","WALK.20210309.SURBER.8","A00000214273",,"TORSP1","Y","Torrenticolidae sp.",,"family","Arthropoda","Chelicerata","Arachnida","Acari",,"Acariformes","Trombidiformes","Prostigmata",,"Lebertioidea","Torrenticolidae",,,,,"sp.",,"none",1,,1,50,2,"N","N",,"damaged, affecting taxonomy","Y",,"Thorp and Covich 2001","N","EcoAnalysts Inc.","A. Navesky","dorsal sclerites immature",,
"eb71c083-9bcb-4c76-ac6b-0ff683f7bff5","D07","WALK","WALK.AOS.reach","2021-03-09T13:58Z","2021-06-08","WALK.20210309.SURBER.8","A00000214273",,"TANSP8","Y","Tanytarsini sp.",,"tribe","Arthropoda","Hexapoda","Insecta","Pterygota","Neoptera","Holometabola","Diptera","Nematocera","Culicomorpha",,"Chironomidae","Chironominae","Tanytarsini",,,"sp.",,"larva",2,,1,50,2,"N","N",,"damaged, affecting taxonomy and measurement","N",,"Epler 2001","N","EcoAnalysts Inc.","G. Wallace",,,
"69eb4dc8-4e66-420e-a76f-53b2d90f014e","D07","WALK","WALK.AOS.reach","2021-03-09T13:58Z","2021-06-08","WALK.20210309.SURBER.6","A00000214276",,"PARSP26","Y","Parametriocnemus sp.",,"genus","Arthropoda","Hexapoda","Insecta","Pterygota","Neoptera","Holometabola","Diptera","Nematocera","Culicomorpha",,"Chironomidae","Orthocladiinae",,,"Parametriocnemus","sp.",,"larva",3,,1,19,5,"N","N",,"condition OK","Y",,"Epler 2001","N","EcoAnalysts Inc.","G. Wallace",,,
"70734702-cc8c-40cb-a9bc-db190923e8a0","D07","WALK","WALK.AOS.reach","2021-03-09T13:58Z","2021-06-08","WALK.20210309.SURBER.6","A00000214276",,"CERSP10","Y","Ceratopogoninae sp.",,"subfamily","Arthropoda","Hexapoda","Insecta","Pterygota","Neoptera","Holometabola","Diptera","Nematocera","Culicomorpha",,"Ceratopogonidae","Ceratopogoninae",,,,"sp.",,"larva",6,,1,19,5,"N","Y",,"condition OK","Y",,"Merritt and Cummins 2008","N","EcoAnalysts Inc.","A. Navesky",,,
"b63faa36-8caa-43bd-8a3a-82737ed506d9","D07","WALK","WALK.AOS.reach","2021-03-09T13:58Z","2021-06-08","WALK.20210309.SURBER.6","A00000214276",,"STESP10","Y","Stempellinella sp.",,"genus","Arthropoda","Hexapoda","Insecta","Pterygota","Neoptera","Holometabola","Diptera","Nematocera","Culicomorpha",,"Chironomidae","Chironominae","Tanytarsini",,"Stempellinella","sp.",,"pupa",2,,2,19,11,"N","N",,"condition OK","Y",,"Epler 2001","N","EcoAnalysts Inc.","G. Wallace",,,
"a020852f-0f68-4b5c-bf65-46da0ec92739","D07","WALK","WALK.AOS.reach","2021-03-09T13:58Z","2021-06-08","WALK.20210309.SURBER.5","A00000214271",,"PARSP26","Y","Parametriocnemus sp.",,"genus","Arthropoda","Hexapoda","Insecta","Pterygota","Neoptera","Holometabola","Diptera","Nematocera","Culicomorpha",,"Chironomidae","Orthocladiinae",,,"Parametriocnemus","sp.",,"larva",6,,1,25,4,"N","N",,"condition OK","Y",,"Epler 2001","N","EcoAnalysts Inc.","G. Wallace",,,
"81ce52bc-18a0-40fe-a5ed-51a699e339ef","D07","WALK","WALK.AOS.reach","2021-03-09T13:58Z","2021-06-09","WALK.20210309.SURBER.2","A00000214270",,"HEPSP","Y","Heptageniidae sp.",,"family","Arthropoda","Hexapoda","Insecta","Pterygota","Palaeoptera",,"Ephemeroptera","Pisciforma",,"Heptagenioidea","Heptageniidae",,,,,"sp.",,"larva",1,,1,38,3,"Y","N",,"condition OK","N",,"Merritt and Cummins 2008","N","EcoAnalysts Inc.","A. Navesky",,,
"049bb8d9-758f-4d26-ba29-04ec027de152","D07","WALK","WALK.AOS.reach","2021-03-09T13:58Z","2021-06-08","WALK.20210309.SURBER.5","A00000214271",,"CHLSP","Y","Chloroperlidae sp.",,"family","Arthropoda","Hexapoda","Insecta","Pterygota","Neoptera","Polyneoptera","Plecoptera","Systellognatha",,,"Chloroperlidae",,,,,"sp.",,"larva",1,,4,25,16,"Y","N",,"condition OK","N",,"Stewart and Stark 2002","N","EcoAnalysts Inc.","A. Navesky",,,
"c9162114-6052-4049-b706-8a4931048406","D07","WALK","WALK.AOS.reach","2021-03-09T13:58Z","2021-06-09","WALK.20210309.SURBER.4","A00000214274",,"BAESP2","Y","Baetis sp.",,"genus","Arthropoda","Hexapoda","Insecta","Pterygota","Palaeoptera",,"Ephemeroptera","Pisciforma",,,"Baetidae",,,,"Baetis","sp.",,"larva",4,,1,88,1,"Y","N",,"condition OK","Y",,"Merritt and Cummins 2008","N","EcoAnalysts Inc.","A. Navesky",,,
"f0088341-1d96-4700-b882-8c772978d546","D07","WALK","WALK.AOS.reach","2021-03-09T13:58Z","2021-06-09","WALK.20210309.SURBER.4","A00000214274",,"SIMSP1","Y","Simulium sp.",,"genus","Arthropoda","Hexapoda","Insecta","Pterygota","Neoptera","Holometabola","Diptera","Nematocera","Culicomorpha",,"Simuliidae","Simuliinae","Simuliini",,"Simulium","sp.",,"larva",4,,1,88,1,"N","N",,"condition OK","Y",,"Merritt and Cummins 2008","N","EcoAnalysts Inc.","A. Navesky",,,
"acd8d6bf-a31e-4997-86cf-b2b49438c2bf","D07","WALK","WALK.AOS.reach","2021-03-09T13:58Z","2021-06-09","WALK.20210309.SURBER.4","A00000214274",,"STESP10","Y","Stempellinella sp.",,"genus","Arthropoda","Hexapoda","Insecta","Pterygota","Neoptera","Holometabola","Diptera","Nematocera","Culicomorpha",,"Chironomidae","Chironominae","Tanytarsini",,"Stempellinella","sp.",,"larva",1,,4,88,5,"N","N",,"condition OK","Y",,"Epler 2001","N","EcoAnalysts Inc.","G. Wallace",,,
"b0e164a6-6abc-4901-b46a-5d6173f003a1","D07","WALK","WALK.AOS.reach","2021-03-09T13:58Z","2021-06-09","WALK.20210309.SURBER.4","A00000214274",,"PERSP1","Y","Perlidae sp.",,"family","Arthropoda","Hexapoda","Insecta","Pterygota","Neoptera","Polyneoptera","Plecoptera","Systellognatha",,,"Perlidae",,,,,"sp.",,"larva",1,,5,88,6,"Y","N",,"condition OK","N",,"Stewart and Stark 2002","N","EcoAnalysts Inc.","A. Navesky",,,
"4cd303b9-4c07-467b-b718-3ec44519d802","D07","WALK","WALK.AOS.reach","2021-03-09T13:58Z","2021-06-09","WALK.20210309.SURBER.4","A00000214274",,"HYDSP5","Y","Hydroptilidae sp.",,"family","Arthropoda","Hexapoda","Insecta","Pterygota","Neoptera","Holometabola","Trichoptera",,,"Hydroptiloidea","Hydroptilidae",,,,,"sp.",,"larva",1,,1,88,1,"Y","N",,"condition OK","Y",,"Wiggins 1996","N","EcoAnalysts Inc.","A. Navesky",,,
"7374835d-696b-4b94-ae9f-74fed427ab46","D07","WALK","WALK.AOS.reach","2021-03-09T13:58Z","2021-06-09","WALK.20210309.SURBER.4","A00000214274",,"PLESP2","Y","Pleuroceridae sp.",,"family","Mollusca",,"Gastropoda",,,,"Neotaenioglossa",,,,"Pleuroceridae",,,,,"sp.",,"none",1,,2,88,2,"Y","N",,"condition OK","N",,"Thorp and Covich 2001","N","EcoAnalysts Inc.","A. Navesky",,,
"8b1f41fe-c680-4f6b-a942-c5c3496c8c7e","D07","WALK","WALK.AOS.reach","2021-03-09T13:58Z","2021-06-08","WALK.20210309.SURBER.6","A00000214276",,"EURSP4","Y","Eurylophella sp.",,"genus","Arthropoda","Hexapoda","Insecta","Pterygota","Palaeoptera",,"Ephemeroptera","Furcatergalia","Pannota","Ephemerelloidea","Ephemerellidae",,,,"Eurylophella","sp.",,"larva",3,,1,19,5,"Y","N",,"condition OK","Y",,"Merritt and Cummins 2008","N","EcoAnalysts Inc.","A. Navesky",,,
"e5c76cca-92da-4184-bea7-a6b0696154f4","D07","WALK","WALK.AOS.reach","2021-03-09T13:58Z","2021-06-08","WALK.20210309.SURBER.5","A00000214271",,"TANSP11","Y","Tanytarsus sp.",,"genus","Arthropoda","Hexapoda","Insecta","Pterygota","Neoptera","Holometabola","Diptera","Nematocera","Culicomorpha",,"Chironomidae","Chironominae","Tanytarsini",,"Tanytarsus","sp.",,"larva",3,,4,25,16,"N","N",,"condition OK","Y",,"Epler 2001","N","EcoAnalysts Inc.","G. Wallace",,,
"507c1af4-38d8-483b-a0e1-0103cf9534a4","D07","WALK","WALK.AOS.reach","2021-03-09T13:58Z","2021-06-09","WALK.20210309.SURBER.4","A00000214274",,"TANSP11","Y","Tanytarsus sp.",,"genus","Arthropoda","Hexapoda","Insecta","Pterygota","Neoptera","Holometabola","Diptera","Nematocera","Culicomorpha",,"Chironomidae","Chironominae","Tanytarsini",,"Tanytarsus","sp.",,"larva",1,,2,88,2,"N","N",,"condition OK","Y",,"Epler 2001","N","EcoAnalysts Inc.","G. Wallace",,,
"6f91ee52-8dc2-4064-8e3a-1bf24ade051d","D07","WALK","WALK.AOS.reach","2021-03-09T13:58Z","2021-06-08","WALK.20210309.SURBER.8","A00000214273",,"LEUSP8","Y","Leuctra sp.",,"genus","Arthropoda","Hexapoda","Insecta","Pterygota","Neoptera","Polyneoptera","Plecoptera","Euholognatha",,,"Leuctridae","Leuctrinae",,,"Leuctra","sp.",,"larva",2,,10,50,20,"N","N",,"condition OK","Y",,"Stewart and Stark 2002","N","EcoAnalysts Inc.","A. Navesky",,,
"cf87de4b-8b7a-4b78-9594-b4930e2b3841","D07","WALK","WALK.AOS.reach","2021-03-09T13:58Z","2021-06-09","WALK.20210309.SURBER.2","A00000214270",,"POLSP12","Y","Polycentropus sp.",,"genus","Arthropoda","Hexapoda","Insecta","Pterygota","Neoptera","Holometabola","Trichoptera",,,"Hydropsychoidea","Polycentropodidae","Polycentropodinae",,,"Polycentropus","sp.",,"larva",3,,2,38,5,"N","N",,"condition OK","Y",,"Wiggins 1996","N","EcoAnalysts Inc.","A. Navesky","inseparable from Polycentropus Plectrocnemia Holocentropus",,
"7d2fcd9f-d4a4-4943-8c36-aed9161ea98d","D07","WALK","WALK.AOS.reach","2021-03-09T13:58Z","2021-06-09","WALK.20210309.SURBER.3","A00000214269",,"SIASP1","Y","Sialis sp.",,"genus","Arthropoda","Hexapoda","Insecta","Pterygota","Neoptera","Neuropterida","Megaloptera",,,,"Sialidae",,,,"Sialis","sp.",,"larva",6,,1,81,1,"N","N",,"condition OK","Y",,"Merritt and Cummins 2008","N","EcoAnalysts Inc.","A. Navesky",,,
"c03a134d-6e63-4fe4-9d3a-735937878ade","D07","WALK","WALK.AOS.reach","2021-03-09T13:58Z","2021-06-08","WALK.20210309.SURBER.7","A00000214275",,"PLESP2","Y","Pleuroceridae sp.",,"family","Mollusca",,"Gastropoda",,,,"Neotaenioglossa",,,,"Pleuroceridae",,,,,"sp.",,"none",4,,1,31,3,"Y","N",,"condition OK","N",,"Thorp and Covich 2001","N","EcoAnalysts Inc.","A. Navesky",,,
"7f4a0c7f-2dd1-483e-b4ad-1a4b5d5f11fb","D07","WALK","WALK.AOS.reach","2021-03-09T13:58Z","2021-06-08","WALK.20210309.SURBER.8","A00000214273",,"MIDSP2","Y","Mideopsis sp.",,"genus","Arthropoda","Chelicerata","Arachnida","Acari",,"Acariformes","Trombidiformes","Prostigmata",,"Arrenuroidea","Mideopsidae",,,,"Mideopsis","sp.",,"none",1,,1,50,2,"N","N",,"condition OK","Y",,"Thorp and Covich 2001","N","EcoAnalysts Inc.","A. Navesky",,,
"eb880254-a2b6-4c2e-a8a4-9fc567f179f3","D07","WALK","WALK.AOS.reach","2021-03-09T13:58Z","2021-06-08","WALK.20210309.SURBER.7","A00000214275",,"BAESP2","Y","Baetis sp.",,"genus","Arthropoda","Hexapoda","Insecta","Pterygota","Palaeoptera",,"Ephemeroptera","Pisciforma",,,"Baetidae",,,,"Baetis","sp.",,"larva",1,,1,31,3,"Y","N",,"condition OK","Y",,"Merritt and Cummins 2008","N","EcoAnalysts Inc.","A. Navesky",,,
"8baf6ffc-e371-4b00-82e3-28adf7ebfffa","D07","WALK","WALK.AOS.reach","2021-03-09T13:58Z","2021-06-08","WALK.20210309.SURBER.8","A00000214273",,"LEPSP20","Y","Lepidostoma sp.",,"genus","Arthropoda","Hexapoda","Insecta","Pterygota","Neoptera","Holometabola","Trichoptera",,,"Limnephiloidea","Lepidostomatidae","Lepidostomatinae",,,"Lepidostoma","sp.",,"larva",1,,1,50,2,"N","N",,"condition OK","Y",,"Wiggins 1996","N","EcoAnalysts Inc.","A. Navesky",,,
"ef00f9aa-7b92-48d9-a166-116e9fa65ec8","D07","WALK","WALK.AOS.reach","2021-03-09T13:58Z","2021-06-08","WALK.20210309.SURBER.8","A00000214273","WALK.20210309.SURBER.8_OLIGOCHAETE_1/1","ENCSP1","Y","Enchytraeidae sp.",,"family","Annelida","Clitellata","Oligochaeta","Oligochaeta",,,"Enchytraeida",,,,"Enchytraeidae",,,,,"sp.",,"none",1,,2,50,4,"N","N",,"condition OK","Y",,"Kathman and Brinkhurst 1999","N","EcoAnalysts Inc.","G. Wallace",,,
"ec1656ec-ce16-412a-a1f8-a943f5e6d629","D07","WALK","WALK.AOS.reach","2021-03-09T13:58Z","2021-06-09","WALK.20210309.SURBER.3","A00000214269",,"ELISP","Y","Elimia sp.",,"genus","Mollusca",,"Gastropoda",,,,"Neotaenioglossa",,,,"Pleuroceridae",,,,"Elimia","sp.",,"none",9,,7,81,9,"N","N",,"condition OK","Y",,"Thorp and Covich 2001","N","EcoAnalysts Inc.","A. Navesky",,,
"ceb562ed-09f3-482d-bc1f-c79f238a0852","D07","WALK","WALK.AOS.reach","2021-03-09T13:58Z","2021-06-09","WALK.20210309.SURBER.4","A00000214274",,"DIPMOD","Y","Diplectrona modesta",,"species","Arthropoda","Hexapoda","Insecta","Pterygota","Neoptera","Holometabola","Trichoptera",,,"Hydropsychoidea","Hydropsychidae","Diplectroninae",,,"Diplectrona","modesta",,"larva",5,,2,88,2,"N","N",,"condition OK","Y",,"Wiggins 1996","N","EcoAnalysts Inc.","A. Navesky",,,
"cffe5951-dd81-4bf6-8b37-fb8d028bd330","D07","WALK","WALK.AOS.reach","2021-03-09T13:58Z","2021-06-08","WALK.20210309.SURBER.7","A00000214275",,"TANSP8","Y","Tanytarsini sp.",,"tribe","Arthropoda","Hexapoda","Insecta","Pterygota","Neoptera","Holometabola","Diptera","Nematocera","Culicomorpha",,"Chironomidae","Chironominae","Tanytarsini",,,"sp.",,"larva",2,,1,31,3,"N","N",,"damaged, affecting taxonomy","N",,"Epler 2001","N","EcoAnalysts Inc.","G. Wallace","no antennae",,
"27722021-adaf-4a08-a117-f15eb7ca6cd7","D07","WALK","WALK.AOS.reach","2021-03-09T13:58Z","2021-06-08","WALK.20210309.SURBER.5","A00000214271",,"LEUSP8","Y","Leuctra sp.",,"genus","Arthropoda","Hexapoda","Insecta","Pterygota","Neoptera","Polyneoptera","Plecoptera","Euholognatha",,,"Leuctridae","Leuctrinae",,,"Leuctra","sp.",,"larva",2,,24,25,96,"N","N",,"condition OK","Y",,"Stewart and Stark 2002","N","EcoAnalysts Inc.","A. Navesky",,,
"704662e7-5f4c-4da1-8f7b-9bb7505003d3","D07","WALK","WALK.AOS.reach","2021-03-09T13:58Z","2021-06-08","WALK.20210309.SURBER.5","A00000214271",,"STISP1","Y","Stilocladius sp.",,"genus","Arthropoda","Hexapoda","Insecta","Pterygota","Neoptera","Holometabola","Diptera","Nematocera","Culicomorpha",,"Chironomidae","Orthocladiinae",,,"Stilocladius","sp.",,"larva",2,,1,25,4,"N","N",,"condition OK","Y",,"Epler 2001","N","EcoAnalysts Inc.","G. Wallace","very small",,
"27669aac-f91f-42be-b9a2-7d4e908dd377","D07","WALK","WALK.AOS.reach","2021-03-09T13:58Z","2021-06-08","WALK.20210309.SURBER.8","A00000214273",,"ELISP","Y","Elimia sp.",,"genus","Mollusca",,"Gastropoda",,,,"Neotaenioglossa",,,,"Pleuroceridae",,,,"Elimia","sp.",,"none",12,,3,50,6,"N","N",,"condition OK","Y",,"Thorp and Covich 2001","N","EcoAnalysts Inc.","A. Navesky",,,
"653c4ff0-25f2-41c8-8c2c-cfa4271a9871","D07","WALK","WALK.AOS.reach","2021-03-09T13:58Z","2021-06-08","WALK.20210309.SURBER.5","A00000214271",,"POLAVI","Y","Polypedilum aviceps",,"species","Arthropoda","Hexapoda","Insecta","Pterygota","Neoptera","Holometabola","Diptera","Nematocera","Culicomorpha",,"Chironomidae","Chironominae","Chironomini",,"Polypedilum","aviceps",,"larva",1,,1,25,4,"N","N",,"condition OK","Y",,"Maschwitz and Cook 2000","N","EcoAnalysts Inc.","G. Wallace",,,
"74e4b20b-52b1-4f68-8bdd-e55462b43edd","D07","WALK","WALK.AOS.reach","2021-03-09T13:58Z","2021-06-08","WALK.20210309.SURBER.7","A00000214275",,"GLOSP1","Y","Glossosomatidae sp.",,"family","Arthropoda","Hexapoda","Insecta","Pterygota","Neoptera","Holometabola","Trichoptera",,,"Glossosomatoidea","Glossosomatidae",,,,,"sp.",,"larva",1,,1,31,3,"Y","N",,"condition OK","N",,"Wiggins 1996","N","EcoAnalysts Inc.","A. Navesky","missing mesothorax",,
"f68b637f-b0c8-458f-a8c9-279f9f2f1b18","D07","WALK","WALK.AOS.reach","2021-03-09T13:58Z","2021-06-09","WALK.20210309.SURBER.3","A00000214269",,"TANSP8","Y","Tanytarsini sp.",,"tribe","Arthropoda","Hexapoda","Insecta","Pterygota","Neoptera","Holometabola","Diptera","Nematocera","Culicomorpha",,"Chironomidae","Chironominae","Tanytarsini",,,"sp.",,"larva",5,,1,81,1,"N","N",,"damaged, affecting taxonomy","N",,"Epler 2001","N","EcoAnalysts Inc.","G. Wallace","no antennae",,
"39f610ad-2503-4746-a6f9-99deb7d3b2df","D07","WALK","WALK.AOS.reach","2021-03-09T13:58Z","2021-06-08","WALK.20210309.SURBER.5","A00000214271",,"SPESP4","Y","Sperchon sp.",,"genus","Arthropoda","Chelicerata","Arachnida","Acari",,"Acariformes","Trombidiformes","Prostigmata",,"Lebertioidea","Sperchontidae",,,,"Sperchon","sp.",,"none",1,,1,25,4,"N","N",,"condition OK","Y",,"Thorp and Covich 2001","N","EcoAnalysts Inc.","A. Navesky",,,
"3824da13-02fa-497a-bba9-fa5c4d026f5d","D07","WALK","WALK.AOS.reach","2021-03-09T13:58Z","2021-06-09","WALK.20210309.SURBER.3","A00000214269",,"STESP10","Y","Stempellinella sp.",,"genus","Arthropoda","Hexapoda","Insecta","Pterygota","Neoptera","Holometabola","Diptera","Nematocera","Culicomorpha",,"Chironomidae","Chironominae","Tanytarsini",,"Stempellinella","sp.",,"larva",2,,8,81,10,"N","N",,"condition OK","Y",,"Epler 2001","N","EcoAnalysts Inc.","G. Wallace",,,
"612977bd-359f-4bad-bf68-4ed6395fd85d","D07","WALK","WALK.AOS.reach","2021-03-09T13:58Z","2021-06-09","WALK.20210309.SURBER.2","A00000214270",,"BAESP2","Y","Baetis sp.",,"genus","Arthropoda","Hexapoda","Insecta","Pterygota","Palaeoptera",,"Ephemeroptera","Pisciforma",,,"Baetidae",,,,"Baetis","sp.",,"larva",2,,1,38,3,"Y","N",,"condition OK","N",,"Merritt and Cummins 2008","N","EcoAnalysts Inc.","A. Navesky",,,
"489bf467-91c6-434e-8444-4a89e2e54c50","D07","WALK","WALK.AOS.reach","2021-03-09T13:58Z","2021-06-09","WALK.20210309.SURBER.4","A00000214274",,"ATRSP3","Y","Atractides sp.",,"genus","Arthropoda","Chelicerata","Arachnida","Acari",,"Acariformes","Trombidiformes","Prostigmata",,"Hygrobatoidea","Hygrobatidae",,,,"Atractides","sp.",,"none",1,,1,88,1,"N","N",,"condition OK","Y",,"Thorp and Covich 2001","N","EcoAnalysts Inc.","A. Navesky",,,
"b7308627-24a2-4d5e-bc9a-70e84af9826b","D07","WALK","WALK.AOS.reach","2021-03-09T13:58Z","2021-06-09","WALK.20210309.SURBER.3","A00000214269",,"CORSP19","Y","Corynoneura sp.",,"genus","Arthropoda","Hexapoda","Insecta","Pterygota","Neoptera","Holometabola","Diptera","Nematocera","Culicomorpha",,"Chironomidae","Orthocladiinae",,,"Corynoneura","sp.",,"pupa",1,,3,81,4,"N","N",,"condition OK","Y",,"Epler 2001","N","EcoAnalysts Inc.","G. Wallace",,,
"c1ed6671-d54a-496c-92e3-47fe6b4743d0","D07","WALK","WALK.AOS.reach","2021-03-09T13:58Z","2021-06-09","WALK.20210309.SURBER.2","A00000214270",,"CERSP10","Y","Ceratopogoninae sp.",,"subfamily","Arthropoda","Hexapoda","Insecta","Pterygota","Neoptera","Holometabola","Diptera","Nematocera","Culicomorpha",,"Ceratopogonidae","Ceratopogoninae",,,,"sp.",,"larva",3,,1,38,3,"N","Y",,"condition OK","Y",,"Merritt and Cummins 2008","N","EcoAnalysts Inc.","A. Navesky",,,
"2b31acaf-d66b-42d7-b089-df631211e74f","D07","WALK","WALK.AOS.reach","2021-03-09T13:58Z","2021-06-08","WALK.20210309.SURBER.5","A00000214271",,"PARSP26","Y","Parametriocnemus sp.",,"genus","Arthropoda","Hexapoda","Insecta","Pterygota","Neoptera","Holometabola","Diptera","Nematocera","Culicomorpha",,"Chironomidae","Orthocladiinae",,,"Parametriocnemus","sp.",,"larva",5,,1,25,4,"N","N",,"condition OK","Y",,"Epler 2001","N","EcoAnalysts Inc.","G. Wallace",,,
"9e42c94e-8849-4014-aeb4-3a25e9c78dd9","D07","WALK","WALK.AOS.reach","2021-03-09T13:58Z","2021-06-08","WALK.20210309.SURBER.8","A00000214273",,"EURSP4","Y","Eurylophella sp.",,"genus","Arthropoda","Hexapoda","Insecta","Pterygota","Palaeoptera",,"Ephemeroptera","Furcatergalia","Pannota","Ephemerelloidea","Ephemerellidae",,,,"Eurylophella","sp.",,"larva",1,,1,50,2,"Y","N",,"condition OK","Y",,"Merritt and Cummins 2008","N","EcoAnalysts Inc.","A. Navesky",,,
"0abd8752-447d-4751-897e-1fc9e2dde0ff","D07","WALK","WALK.AOS.reach","2021-03-09T13:58Z","2021-06-08","WALK.20210309.SURBER.7","A00000214275",,"LEUSP8","Y","Leuctra sp.",,"genus","Arthropoda","Hexapoda","Insecta","Pterygota","Neoptera","Polyneoptera","Plecoptera","Euholognatha",,,"Leuctridae","Leuctrinae",,,"Leuctra","sp.",,"larva",3,,6,31,19,"N","N",,"condition OK","Y",,"Stewart and Stark 2002","N","EcoAnalysts Inc.","A. Navesky",,,
"01269b8d-3a9a-4489-90fe-fc4a2e6c7772","D07","WALK","WALK.AOS.reach","2021-03-09T13:58Z","2021-06-09","WALK.20210309.SURBER.2","A00000214270",,"CHLSP","Y","Chloroperlidae sp.",,"family","Arthropoda","Hexapoda","Insecta","Pterygota","Neoptera","Polyneoptera","Plecoptera","Systellognatha",,,"Chloroperlidae",,,,,"sp.",,"larva",1,,7,38,19,"Y","N",,"condition OK","N",,"Stewart and Stark 2002","N","EcoAnalysts Inc.","A. Navesky",,,
"c75677ae-8861-435a-b618-7e9e0c68a1f1","D07","WALK","WALK.AOS.reach","2021-03-09T13:58Z","2021-06-09","WALK.20210309.SURBER.2","A00000214270",,"SWESP","Y","Sweltsa sp.",,"genus","Arthropoda","Hexapoda","Insecta","Pterygota","Neoptera","Polyneoptera","Plecoptera","Systellognatha",,,"Chloroperlidae","Chloroperlinae",,,"Sweltsa","sp.",,"larva",6,,1,38,3,"N","N",,"condition OK","Y",,"Stewart and Stark 2002","N","EcoAnalysts Inc.","A. Navesky",,,
"c1e1a93c-9d14-4b41-a61e-7bbb341859dd","D07","WALK","WALK.AOS.reach","2021-03-09T13:58Z","2021-06-09","WALK.20210309.SURBER.2","A00000214270",,"DOLSP2","Y","Dolophilodes sp.",,"genus","Arthropoda","Hexapoda","Insecta","Pterygota","Neoptera","Holometabola","Trichoptera",,,"Philopotamoidea","Philopotamidae","Philopotaminae",,,"Dolophilodes","sp.",,"larva",6,,1,38,3,"N","N",,"condition OK","Y",,"Wiggins 1996","N","EcoAnalysts Inc.","A. Navesky",,,
"cac10063-6826-4a4a-86a0-d4fe46719d1f","D07","WALK","WALK.AOS.reach","2021-03-09T13:58Z","2021-06-09","WALK.20210309.SURBER.4","A00000214274",,"SIMSP1","Y","Simulium sp.",,"genus","Arthropoda","Hexapoda","Insecta","Pterygota","Neoptera","Holometabola","Diptera","Nematocera","Culicomorpha",,"Simuliidae","Simuliinae","Simuliini",,"Simulium","sp.",,"larva",3,,4,88,5,"N","N",,"condition OK","Y",,"Merritt and Cummins 2008","N","EcoAnalysts Inc.","A. Navesky",,,
"e27a9327-8168-4dc8-ad48-5cd2e6aaec99","D07","WALK","WALK.AOS.reach","2021-03-09T13:58Z","2021-06-08","WALK.20210309.SURBER.6","A00000214276","WALK.20210309.SURBER.6_OLIGOCHAETE_1/1","NAISP","Y","Naididae sp.","tubificoid Naididae w/o cap setae","family","Annelida","Clitellata","Oligochaeta","Oligochaeta",,,"Tubificida",,,,"Naididae",,,,,"sp.",,"none",6,,1,19,5,"N","N",,"condition OK","Y",,"Kathman and Brinkhurst 1998","N","EcoAnalysts Inc.","G. Wallace",,,
"aeafbea8-f542-49c4-ae93-7f84cc1ef278","D07","WALK","WALK.AOS.reach","2021-03-09T13:58Z","2021-06-08","WALK.20210309.SURBER.7","A00000214275",,"PELSP1","Y","Peltoperlidae sp.",,"family","Arthropoda","Hexapoda","Insecta","Pterygota","Neoptera","Polyneoptera","Plecoptera","Systellognatha",,,"Peltoperlidae",,,,,"sp.",,"larva",1,,30,31,96,"Y","N",,"condition OK","N",,"Stewart and Stark 2002","N","EcoAnalysts Inc.","A. Navesky",,,
"da847c2c-6e31-4562-93dd-2896027e850c","D07","WALK","WALK.AOS.reach","2021-03-09T13:58Z","2021-06-09","WALK.20210309.SURBER.1","A00000214272",,"OULSP","Y","Oulimnius sp.",,"genus","Arthropoda","Hexapoda","Insecta","Pterygota","Neoptera","Holometabola","Coleoptera","Polyphaga","Elateriformia","Byrrhoidea","Elmidae","Elminae","Elmini",,"Oulimnius","sp.",,"adult",1,,15,38,40,"N","N",,"condition OK","Y",,"Merritt and Cummins 2008","Y","EcoAnalysts Inc.","A. Navesky",,,
"34ed1211-25f0-4df3-9c16-014827053ad7","D07","WALK","WALK.AOS.reach","2021-03-09T13:58Z","2021-06-09","WALK.20210309.SURBER.3","A00000214269",,"TANSP11","Y","Tanytarsus sp.",,"genus","Arthropoda","Hexapoda","Insecta","Pterygota","Neoptera","Holometabola","Diptera","Nematocera","Culicomorpha",,"Chironomidae","Chironominae","Tanytarsini",,"Tanytarsus","sp.",,"larva",2,,18,81,22,"N","N",,"condition OK","Y",,"Epler 2001","N","EcoAnalysts Inc.","G. Wallace",,,
"2a0096a5-d5fa-4154-9813-c8ca75f93d09","D07","WALK","WALK.AOS.reach","2021-03-09T13:58Z","2021-06-09","WALK.20210309.SURBER.1","A00000214272",,"GAMSP3","Y","Gammarus sp.",,"genus","Arthropoda","Crustacea","Malacostraca","Eumalacostraca",,"Peracarida","Amphipoda","Gammaridea",,,"Gammaridae",,,,"Gammarus","sp.",,"none",8,,2,38,5,"N","N",,"condition OK","Y",,"Thorp and Covich 2001","Y","EcoAnalysts Inc.","A. Navesky",,,
"36acf784-bd8f-41a9-bafb-56a88a2a5704","D07","WALK","WALK.AOS.reach","2021-03-09T13:58Z","2021-06-08","WALK.20210309.SURBER.7","A00000214275",,"GAMSP3","Y","Gammarus sp.",,"genus","Arthropoda","Crustacea","Malacostraca","Eumalacostraca",,"Peracarida","Amphipoda","Gammaridea",,,"Gammaridae",,,,"Gammarus","sp.",,"none",9,,1,31,3,"N","N",,"condition OK","Y",,"Thorp and Covich 2001","N","EcoAnalysts Inc.","A. Navesky",,,
"3c48d2f9-5694-4014-8fc9-2c4ff340d8eb","D07","WALK","WALK.AOS.reach","2021-03-09T13:58Z","2021-06-08","WALK.20210309.SURBER.7","A00000214275",,"CHESP17","Y","Chelifera/Metachela sp.",,"speciesGroup","Arthropoda","Hexapoda","Insecta","Pterygota","Neoptera","Holometabola","Diptera","Brachycera","Muscomorpha",,"Empididae","Hemerodromiinae","Hemerodromiini",,"Chelifera/Metachela","sp.",,"larva",4,,1,31,3,"N","N",,"condition OK","Y",,"Merritt and Cummins 2008","N","EcoAnalysts Inc.","A. Navesky","EcoID=Chelifera/Metachela",,
"55556fcc-3a55-40bb-9a36-73b97caa00b2","D07","WALK","WALK.AOS.reach","2021-03-09T13:58Z","2021-06-09","WALK.20210309.SURBER.4","A00000214274",,"LEPSP4","Y","Leptophlebiidae sp.",,"family","Arthropoda","Hexapoda","Insecta","Pterygota","Palaeoptera",,"Ephemeroptera","Furcatergalia","Lanceolata",,"Leptophlebiidae",,,,,"sp.",,"larva",2,,2,88,2,"Y","N",,"condition OK","N",,"Merritt and Cummins 2008","N","EcoAnalysts Inc.","A. Navesky",,,
"7c6bc213-1551-49c3-bd37-6aacf7947840","D07","WALK","WALK.AOS.reach","2021-03-09T13:58Z","2021-06-08","WALK.20210309.SURBER.8","A00000214273",,"PELSP1","Y","Peltoperlidae sp.",,"family","Arthropoda","Hexapoda","Insecta","Pterygota","Neoptera","Polyneoptera","Plecoptera","Systellognatha",,,"Peltoperlidae",,,,,"sp.",,"larva",1,,3,50,6,"Y","N",,"condition OK","Y",,"Stewart and Stark 2002","N","EcoAnalysts Inc.","A. Navesky",,,
"5770d702-785f-488c-9d51-66a27c6f11a7","D07","WALK","WALK.AOS.reach","2021-03-09T13:58Z","2021-06-09","WALK.20210309.SURBER.4","A00000214274",,"OULSP","Y","Oulimnius sp.",,"genus","Arthropoda","Hexapoda","Insecta","Pterygota","Neoptera","Holometabola","Coleoptera","Polyphaga","Elateriformia","Byrrhoidea","Elmidae","Elminae","Elmini",,"Oulimnius","sp.",,"larva",1,,7,88,8,"N","N",,"condition OK","Y",,"Merritt and Cummins 2008","N","EcoAnalysts Inc.","A. Navesky",,,
"495ce755-79c1-48c4-83ec-b1ac5c7a4cdc","D07","WALK","WALK.AOS.reach","2021-03-09T13:58Z","2021-06-09","WALK.20210309.SURBER.3","A00000214269",,"LEUSP8","Y","Leuctra sp.",,"genus","Arthropoda","Hexapoda","Insecta","Pterygota","Neoptera","Polyneoptera","Plecoptera","Euholognatha",,,"Leuctridae","Leuctrinae",,,"Leuctra","sp.",,"larva",2,,33,81,41,"N","N",,"condition OK","Y",,"Stewart and Stark 2002","N","EcoAnalysts Inc.","A. Navesky",,,
"72a52c24-1cbf-403d-b21f-e2fd8420978e","D07","WALK","WALK.AOS.reach","2021-03-09T13:58Z","2021-06-09","WALK.20210309.SURBER.2","A00000214270",,"POLAVI","Y","Polypedilum aviceps",,"species","Arthropoda","Hexapoda","Insecta","Pterygota","Neoptera","Holometabola","Diptera","Nematocera","Culicomorpha",,"Chironomidae","Chironominae","Chironomini",,"Polypedilum","aviceps",,"larva",2,,14,38,37,"N","N",,"condition OK","Y",,"Maschwitz and Cook 2000","N","EcoAnalysts Inc.","G. Wallace",,,
"43d8333e-f0aa-4429-9628-7efc3bf1e215","D07","WALK","WALK.AOS.reach","2021-03-09T13:58Z","2021-06-08","WALK.20210309.SURBER.5","A00000214271",,"DOLSP2","Y","Dolophilodes sp.",,"genus","Arthropoda","Hexapoda","Insecta","Pterygota","Neoptera","Holometabola","Trichoptera",,,"Philopotamoidea","Philopotamidae","Philopotaminae",,,"Dolophilodes","sp.",,"larva",5,,1,25,4,"N","N",,"condition OK","Y",,"Wiggins 1996","N","EcoAnalysts Inc.","A. Navesky",,,
"1cc3538f-41a3-40a4-812f-a97db7190755","D07","WALK","WALK.AOS.reach","2021-03-09T13:58Z","2021-06-09","WALK.20210309.SURBER.2","A00000214270",,"OULSP","Y","Oulimnius sp.",,"genus","Arthropoda","Hexapoda","Insecta","Pterygota","Neoptera","Holometabola","Coleoptera","Polyphaga","Elateriformia","Byrrhoidea","Elmidae","Elminae","Elmini",,"Oulimnius","sp.",,"adult",1,,9,38,24,"N","N",,"condition OK","Y",,"Merritt and Cummins 2008","N","EcoAnalysts Inc.","A. Navesky",,,
"de66ed29-c749-4fb6-b924-581e7cd6e6fc","D07","WALK","WALK.AOS.reach","2021-03-09T13:58Z","2021-06-08","WALK.20210309.SURBER.8","A00000214273",,"GAMSP3","Y","Gammarus sp.",,"genus","Arthropoda","Crustacea","Malacostraca","Eumalacostraca",,"Peracarida","Amphipoda","Gammaridea",,,"Gammaridae",,,,"Gammarus","sp.",,"none",6,,1,50,2,"N","N",,"condition OK","Y",,"Thorp and Covich 2001","N","EcoAnalysts Inc.","A. Navesky",,,
"fdbae4ac-ffc1-4e08-9d9c-5d103112c26c","D07","WALK","WALK.AOS.reach","2021-03-09T13:58Z","2021-06-09","WALK.20210309.SURBER.2","A00000214270",,"LEPSP4","Y","Leptophlebiidae sp.",,"family","Arthropoda","Hexapoda","Insecta","Pterygota","Palaeoptera",,"Ephemeroptera","Furcatergalia","Lanceolata",,"Leptophlebiidae",,,,,"sp.",,"larva",2,,13,38,35,"Y","N",,"condition OK","N",,"Merritt and Cummins 2008","N","EcoAnalysts Inc.","A. Navesky","missing gills",,
"6657d302-f8a1-4b19-83e3-dcae61878050","D07","WALK","WALK.AOS.reach","2021-03-09T13:58Z","2021-06-09","WALK.20210309.SURBER.1","A00000214272",,"ECTSP2","Y","Ectopria sp.",,"genus","Arthropoda","Hexapoda","Insecta","Pterygota","Neoptera","Holometabola","Coleoptera","Polyphaga","Elateriformia","Byrrhoidea","Psephenidae","Eubriinae",,,"Ectopria","sp.",,"larva",2,,1,38,3,"N","N",,"condition OK","Y",,"Merritt and Cummins 2008","Y","EcoAnalysts Inc.","A. Navesky",,,
"bd239abd-2f88-4495-ae0f-7a65d5718e66","D07","WALK","WALK.AOS.reach","2021-03-09T13:58Z","2021-06-09","WALK.20210309.SURBER.3","A00000214269",,"PARSP26","Y","Parametriocnemus sp.",,"genus","Arthropoda","Hexapoda","Insecta","Pterygota","Neoptera","Holometabola","Diptera","Nematocera","Culicomorpha",,"Chironomidae","Orthocladiinae",,,"Parametriocnemus","sp.",,"larva",4,,1,81,1,"N","N",,"condition OK","Y",,"Epler 2001","N","EcoAnalysts Inc.","G. Wallace",,,
"72d264b6-7e41-4940-bd8d-eb783a1a8c09","D07","WALK","WALK.AOS.reach","2021-03-09T13:58Z","2021-06-08","WALK.20210309.SURBER.8","A00000214273",,"ELISP","Y","Elimia sp.",,"genus","Mollusca",,"Gastropoda",,,,"Neotaenioglossa",,,,"Pleuroceridae",,,,"Elimia","sp.",,"none",11,,2,50,4,"N","N",,"condition OK","Y",,"Thorp and Covich 2001","N","EcoAnalysts Inc.","A. Navesky",,,
"5edcbf83-96d5-44fe-a8a4-3f5f8daf69f1","D07","WALK","WALK.AOS.reach","2021-03-09T13:58Z","2021-06-09","WALK.20210309.SURBER.3","A00000214269",,"CERSP10","Y","Ceratopogoninae sp.",,"subfamily","Arthropoda","Hexapoda","Insecta","Pterygota","Neoptera","Holometabola","Diptera","Nematocera","Culicomorpha",,"Ceratopogonidae","Ceratopogoninae",,,,"sp.",,"larva",3,,3,81,4,"N","Y",,"condition OK","Y",,"Merritt and Cummins 2008","N","EcoAnalysts Inc.","A. Navesky",,,
"c3d715e1-c606-4c26-893f-68910f507fee","D07","WALK","WALK.AOS.reach","2021-03-09T13:58Z","2021-06-09","WALK.20210309.SURBER.1","A00000214272",,"BAESP","Y","Baetidae sp.",,"family","Arthropoda","Hexapoda","Insecta","Pterygota","Palaeoptera",,"Ephemeroptera","Pisciforma",,,"Baetidae",,,,,"sp.",,"larva",2,,1,38,3,"Y","N",,"condition OK","Y",,"Merritt and Cummins 2008","Y","EcoAnalysts Inc.","A. Navesky","maybe Acentrella or Plauditus",,
"01d9d3cb-000f-4e2a-ad52-2f19205743f0","D07","WALK","WALK.AOS.reach","2021-03-09T13:58Z","2021-06-08","WALK.20210309.SURBER.7","A00000214275",,"LEUSP2","Y","Leuctridae sp.",,"family","Arthropoda","Hexapoda","Insecta","Pterygota","Neoptera","Polyneoptera","Plecoptera","Euholognatha",,,"Leuctridae",,,,,"sp.",,"larva",1,,11,31,35,"Y","N",,"condition OK","N",,"Stewart and Stark 2002","N","EcoAnalysts Inc.","A. Navesky",,,
"a0534784-8bda-4883-8428-8c089e75435e","D07","WALK","WALK.AOS.reach","2021-03-09T13:58Z","2021-06-08","WALK.20210309.SURBER.6","A00000214276","WALK.20210309.SURBER.6_OLIGOCHAETE_1/1","NAISP","Y","Naididae sp.","tubificoid Naididae w/o cap setae","family","Annelida","Clitellata","Oligochaeta","Oligochaeta",,,"Tubificida",,,,"Naididae",,,,,"sp.",,"none",5,,2,19,11,"N","N",,"condition OK","Y",,"Kathman and Brinkhurst 1998","N","EcoAnalysts Inc.","G. Wallace",,,
"69d15231-98be-469d-b387-4d5bd8028ee2","D07","WALK","WALK.AOS.reach","2021-03-09T13:58Z","2021-06-08","WALK.20210309.SURBER.5","A00000214271",,"EUKBRE","Y","Eukiefferiella brehmi gr.",,"speciesGroup","Arthropoda","Hexapoda","Insecta","Pterygota","Neoptera","Holometabola","Diptera","Nematocera","Culicomorpha",,"Chironomidae","Orthocladiinae",,,"Eukiefferiella","brehmi gr.",,"pupa",2,,1,25,4,"N","N",,"condition OK","Y",,"Epler 2001","N","EcoAnalysts Inc.","G. Wallace",,,
"ae05df42-e16e-454d-82fc-7c28839b91b4","D07","WALK","WALK.AOS.reach","2021-03-09T13:58Z","2021-06-09","WALK.20210309.SURBER.4","A00000214274",,"CHLSP","Y","Chloroperlidae sp.",,"family","Arthropoda","Hexapoda","Insecta","Pterygota","Neoptera","Polyneoptera","Plecoptera","Systellognatha",,,"Chloroperlidae",,,,,"sp.",,"larva",1,,10,88,11,"Y","N",,"condition OK","N",,"Stewart and Stark 2002","N","EcoAnalysts Inc.","A. Navesky",,,
"2d8fabd5-7ea8-4c64-b09e-e7e2c81275fe","D07","WALK","WALK.AOS.reach","2021-03-09T13:58Z","2021-06-08","WALK.20210309.SURBER.8","A00000214273",,"PARSP33","Y","Paratendipes sp.",,"genus","Arthropoda","Hexapoda","Insecta","Pterygota","Neoptera","Holometabola","Diptera","Nematocera","Culicomorpha",,"Chironomidae","Chironominae","Chironomini",,"Paratendipes","sp.",,"larva",1,,1,50,2,"N","N",,"condition OK","Y",,"Epler 2001","N","EcoAnalysts Inc.","G. Wallace",,,
"60da83fc-baaf-4133-8806-bdf9da424db5","D07","WALK","WALK.AOS.reach","2021-03-09T13:58Z","2021-06-09","WALK.20210309.SURBER.4","A00000214274",,"POLSP13","Y","Polypedilum sp.",,"genus","Arthropoda","Hexapoda","Insecta","Pterygota","Neoptera","Holometabola","Diptera","Nematocera","Culicomorpha",,"Chironomidae","Chironominae","Chironomini",,"Polypedilum","sp.",,"larva",1,,1,88,1,"Y","N",,"condition OK","N",,"Epler 2001 and Maschwitz and Cook 2000","N","EcoAnalysts Inc.","G. Wallace","tiny",,
"6b912b77-13fa-4598-8cbd-5af0b954aac3","D07","WALK","WALK.AOS.reach","2021-03-09T13:58Z","2021-06-08","WALK.20210309.SURBER.7","A00000214275",,"WORSP","Y","Wormaldia sp.",,"genus","Arthropoda","Hexapoda","Insecta","Pterygota","Neoptera","Holometabola","Trichoptera",,,"Philopotamoidea","Philopotamidae","Philopotaminae",,,"Wormaldia","sp.",,"larva",3,,2,31,6,"N","N",,"condition OK","Y",,"Wiggins 1996","N","EcoAnalysts Inc.","A. Navesky",,,
"a3b700c7-f6de-4d3e-b85f-f7cc26ad284b","D07","WALK","WALK.AOS.reach","2021-03-09T13:58Z","2021-06-08","WALK.20210309.SURBER.5","A00000214271",,"TANSP8","Y","Tanytarsini sp.",,"tribe","Arthropoda","Hexapoda","Insecta","Pterygota","Neoptera","Holometabola","Diptera","Nematocera","Culicomorpha",,"Chironomidae","Chironominae","Tanytarsini",,,"sp.",,"larva",1,,3,25,12,"N","N",,"damaged, affecting taxonomy","N",,"Epler 2001","N","EcoAnalysts Inc.","G. Wallace","no antennae",,
"dd084bee-1ace-4c20-8550-58773b33d356","D07","WALK","WALK.AOS.reach","2021-03-09T13:58Z","2021-06-09","WALK.20210309.SURBER.4","A00000214274",,"DIPHAG","Y","Diphetor hageni",,"species","Arthropoda","Hexapoda","Insecta","Pterygota","Palaeoptera",,"Ephemeroptera","Pisciforma",,,"Baetidae",,,,"Diphetor","hageni",,"larva",2,,3,88,3,"N","N",,"condition OK","Y",,"Morihara and McCafferty 1979","N","EcoAnalysts Inc.","A. Navesky",,,
"e8c28617-3799-430c-9608-5413092ad5c9","D07","WALK","WALK.AOS.reach","2021-03-09T13:58Z","2021-06-09","WALK.20210309.SURBER.1","A00000214272",,"ELISP","Y","Elimia sp.",,"genus","Mollusca",,"Gastropoda",,,,"Neotaenioglossa",,,,"Pleuroceridae",,,,"Elimia","sp.",,"none",10,,2,38,5,"N","N",,"condition OK","Y",,"Thorp and Covich 2001","Y","EcoAnalysts Inc.","A. Navesky",,,
"4a4f8f8b-48ee-4fa0-8b95-9c0775f104fd","D07","WALK","WALK.AOS.reach","2021-03-09T13:58Z","2021-06-09","WALK.20210309.SURBER.4","A00000214274",,"PSEHER","Y","Psephenus herricki",,"species","Arthropoda","Hexapoda","Insecta","Pterygota","Neoptera","Holometabola","Coleoptera","Polyphaga","Elateriformia","Byrrhoidea","Psephenidae","Psepheninae",,,"Psephenus","herricki",,"larva",1,,1,88,1,"N","N",,"condition OK","Y",,"Brown 1972","N","EcoAnalysts Inc.","A. Navesky",,,
"36682597-3448-4cde-b154-809dc38b9fdb","D07","WALK","WALK.AOS.reach","2021-03-09T13:58Z","2021-06-09","WALK.20210309.SURBER.3","A00000214269","WALK.20210309.SURBER.3_OLIGOCHAETE_1/2","ENCSP1","Y","Enchytraeidae sp.",,"family","Annelida","Clitellata","Oligochaeta","Oligochaeta",,,"Enchytraeida",,,,"Enchytraeidae",,,,,"sp.",,"none",1,,4,81,5,"N","N",,"condition OK","Y",,"Kathman and Brinkhurst 1999","N","EcoAnalysts Inc.","G. Wallace",,,
"b4064c33-f928-4ede-a3bf-6cd6e05c7de7","D07","WALK","WALK.AOS.reach","2021-03-09T13:58Z","2021-06-08","WALK.20210309.SURBER.6","A00000214276",,"TANSP11","Y","Tanytarsus sp.",,"genus","Arthropoda","Hexapoda","Insecta","Pterygota","Neoptera","Holometabola","Diptera","Nematocera","Culicomorpha",,"Chironomidae","Chironominae","Tanytarsini",,"Tanytarsus","sp.",,"larva",2,,18,19,96,"N","N",,"condition OK","Y",,"Epler 2001","N","EcoAnalysts Inc.","G. Wallace",,,
"f48420e2-8281-4082-8c8d-736dd3a65f82","D07","WALK","WALK.AOS.reach","2021-03-09T13:58Z","2021-06-08","WALK.20210309.SURBER.8","A00000214273",,"CHESP17","Y","Chelifera/Metachela sp.",,"speciesGroup","Arthropoda","Hexapoda","Insecta","Pterygota","Neoptera","Holometabola","Diptera","Brachycera","Muscomorpha",,"Empididae","Hemerodromiinae","Hemerodromiini",,"Chelifera/Metachela","sp.",,"larva",2,,3,50,6,"N","N",,"condition OK","Y",,"Merritt and Cummins 2008","N","EcoAnalysts Inc.","A. Navesky","EcoID=Chelifera/Metachela",,
"b4b500ce-38ca-47d6-b8b7-2e4e4c3d9f63","D07","WALK","WALK.AOS.reach","2021-03-09T13:58Z","2021-06-08","WALK.20210309.SURBER.7","A00000214275",,"DIPMOD","Y","Diplectrona modesta",,"species","Arthropoda","Hexapoda","Insecta","Pterygota","Neoptera","Holometabola","Trichoptera",,,"Hydropsychoidea","Hydropsychidae","Diplectroninae",,,"Diplectrona","modesta",,"larva",4,,1,31,3,"N","N",,"condition OK","Y",,"Wiggins 1996","N","EcoAnalysts Inc.","A. Navesky",,,
"66b1f278-0b47-401e-b434-976aef11ac4d","D07","WALK","WALK.AOS.reach","2021-03-09T13:58Z","2021-06-08","WALK.20210309.SURBER.6","A00000214276","WALK.20210309.SURBER.6_OLIGOCHAETE_1/1","LUMSP2","Y","Lumbriculidae sp.",,"family","Annelida","Clitellata","Oligochaeta","Oligochaeta",,,"Lumbriculida",,,,"Lumbriculidae",,,,,"sp.",,"none",4,,2,19,11,"N","N",,"condition OK","Y",,"Kathman and Brinkhurst 1999","N","EcoAnalysts Inc.","G. Wallace",,,
"9171aa8e-ce5e-493f-b8dd-037b93c8d471","D07","WALK","WALK.AOS.reach","2021-03-09T13:58Z","2021-06-09","WALK.20210309.SURBER.4","A00000214274",,"GAMSP3","Y","Gammarus sp.",,"genus","Arthropoda","Crustacea","Malacostraca","Eumalacostraca",,"Peracarida","Amphipoda","Gammaridea",,,"Gammaridae",,,,"Gammarus","sp.",,"none",2,,10,88,11,"N","N",,"condition OK","Y",,"Thorp and Covich 2001","N","EcoAnalysts Inc.","A. Navesky",,,
"5d16de9f-b99c-439f-95ef-4fbaf2286578","D07","WALK","WALK.AOS.reach","2021-03-09T13:58Z","2021-06-09","WALK.20210309.SURBER.4","A00000214274",,"OULSP","Y","Oulimnius sp.",,"genus","Arthropoda","Hexapoda","Insecta","Pterygota","Neoptera","Holometabola","Coleoptera","Polyphaga","Elateriformia","Byrrhoidea","Elmidae","Elminae","Elmini",,"Oulimnius","sp.",,"adult",1,,25,88,29,"N","N",,"condition OK","Y",,"Merritt and Cummins 2008","N","EcoAnalysts Inc.","A. Navesky",,,
"a029734b-4b36-481f-94b7-dafb5638dbde","D07","WALK","WALK.AOS.reach","2021-03-09T13:58Z","2021-06-09","WALK.20210309.SURBER.4","A00000214274",,"POLAVI","Y","Polypedilum aviceps",,"species","Arthropoda","Hexapoda","Insecta","Pterygota","Neoptera","Holometabola","Diptera","Nematocera","Culicomorpha",,"Chironomidae","Chironominae","Chironomini",,"Polypedilum","aviceps",,"larva",1,,3,88,3,"N","N",,"condition OK","Y",,"Maschwitz and Cook 2000","N","EcoAnalysts Inc.","G. Wallace",,,
"ed7b6462-bf70-450b-a3d9-009db16b6f06","D07","WALK","WALK.AOS.reach","2021-03-09T13:58Z","2021-06-08","WALK.20210309.SURBER.8","A00000214273",,"PLESP2","Y","Pleuroceridae sp.",,"family","Mollusca",,"Gastropoda",,,,"Neotaenioglossa",,,,"Pleuroceridae",,,,,"sp.",,"none",4,,1,50,2,"Y","N",,"condition OK","N",,"Thorp and Covich 2001","N","EcoAnalysts Inc.","A. Navesky",,,
"a2c5a89b-901b-416a-b122-a2b16f148737","D07","WALK","WALK.AOS.reach","2021-03-09T13:58Z","2021-06-08","WALK.20210309.SURBER.8","A00000214273",,"LEUSP8","Y","Leuctra sp.",,"genus","Arthropoda","Hexapoda","Insecta","Pterygota","Neoptera","Polyneoptera","Plecoptera","Euholognatha",,,"Leuctridae","Leuctrinae",,,"Leuctra","sp.",,"larva",3,,3,50,6,"N","N",,"condition OK","Y",,"Stewart and Stark 2002","N","EcoAnalysts Inc.","A. Navesky",,,
"8d6c6225-48da-4830-85cd-686005d15120","D07","WALK","WALK.AOS.reach","2021-03-09T13:58Z","2021-06-09","WALK.20210309.SURBER.4","A00000214274",,"AGASP4","Y","Agapetus sp.",,"genus","Arthropoda","Hexapoda","Insecta","Pterygota","Neoptera","Holometabola","Trichoptera",,,"Glossosomatoidea","Glossosomatidae","Agapetinae",,,"Agapetus","sp.",,"larva",3,,1,88,1,"N","N",,"condition OK","Y",,"Wiggins 1996","N","EcoAnalysts Inc.","A. Navesky",,,
"d4430ed8-c482-44a3-a8f5-5be7b306608f","D07","WALK","WALK.AOS.reach","2021-03-09T13:58Z","2021-06-08","WALK.20210309.SURBER.8","A00000214273",,"CERSP10","Y","Ceratopogoninae sp.",,"subfamily","Arthropoda","Hexapoda","Insecta","Pterygota","Neoptera","Holometabola","Diptera","Nematocera","Culicomorpha",,"Ceratopogonidae","Ceratopogoninae",,,,"sp.",,"larva",5,,1,50,2,"N","Y",,"condition OK","Y",,"Merritt and Cummins 2008","N","EcoAnalysts Inc.","A. Navesky",,,
"95bbd7a6-2262-44ff-a958-6f227db5fd1c","D07","WALK","WALK.AOS.reach","2021-03-09T13:58Z","2021-06-09","WALK.20210309.SURBER.4","A00000214274",,"PSEHER","Y","Psephenus herricki",,"species","Arthropoda","Hexapoda","Insecta","Pterygota","Neoptera","Holometabola","Coleoptera","Polyphaga","Elateriformia","Byrrhoidea","Psephenidae","Psepheninae",,,"Psephenus","herricki",,"larva",5,,1,88,1,"N","N",,"condition OK","Y",,"Brown 1972","N","EcoAnalysts Inc.","A. Navesky",,,
"ae0d1f5d-a65b-4984-927d-0e3ea346d002","D07","WALK","WALK.AOS.reach","2021-03-09T13:58Z","2021-06-08","WALK.20210309.SURBER.6","A00000214276",,"CHLSP","Y","Chloroperlidae sp.",,"family","Arthropoda","Hexapoda","Insecta","Pterygota","Neoptera","Polyneoptera","Plecoptera","Systellognatha",,,"Chloroperlidae",,,,,"sp.",,"larva",1,,1,19,5,"Y","N",,"condition OK","Y",,"Stewart and Stark 2002","N","EcoAnalysts Inc.","A. Navesky",,,
"cfa567bb-d0a8-443a-8e06-8af196b3e62c","D07","WALK","WALK.AOS.reach","2021-03-09T13:58Z","2021-06-09","WALK.20210309.SURBER.4","A00000214274","WALK.20210309.SURBER.4_OLIGOCHAETE_1/1","LUMSP1","Y","Lumbricina sp.",,"suborder","Annelida","Clitellata","Oligochaeta","Oligochaeta",,,"Tubificida","Lumbricina",,,,,,,,"sp.",,"none",16,,1,88,1,"N","N",,"condition OK","Y",,"Kathman and Brinkhurst 1999","N","EcoAnalysts Inc.","G. Wallace",,,
"bfde6d52-d42f-413e-9855-17cd4f72821e","D07","WALK","WALK.AOS.reach","2021-03-09T13:58Z","2021-06-08","WALK.20210309.SURBER.7","A00000214275",,"LEPSP20","Y","Lepidostoma sp.",,"genus","Arthropoda","Hexapoda","Insecta","Pterygota","Neoptera","Holometabola","Trichoptera",,,"Limnephiloidea","Lepidostomatidae","Lepidostomatinae",,,"Lepidostoma","sp.",,"larva",1,,1,31,3,"N","N",,"condition OK","Y",,"Wiggins 1996","N","EcoAnalysts Inc.","A. Navesky",,,
"f4258925-719b-42bd-adfd-10f5da301a55","D07","WALK","WALK.AOS.reach","2021-03-09T13:58Z","2021-06-09","WALK.20210309.SURBER.4","A00000214274",,"BAESP2","Y","Baetis sp.",,"genus","Arthropoda","Hexapoda","Insecta","Pterygota","Palaeoptera",,"Ephemeroptera","Pisciforma",,,"Baetidae",,,,"Baetis","sp.",,"larva",2,,8,88,9,"Y","N",,"condition OK","Y",,"Merritt and Cummins 2008","N","EcoAnalysts Inc.","A. Navesky",,,
"b89ff1ee-58c5-4734-a11c-da49653c9fff","D07","WALK","WALK.AOS.reach","2021-03-09T13:58Z","2021-06-09","WALK.20210309.SURBER.2","A00000214270",,"ACENAD","Y","Acentrella nadineae",,"species","Arthropoda","Hexapoda","Insecta","Pterygota","Palaeoptera",,"Ephemeroptera","Pisciforma",,,"Baetidae",,,,"Acentrella","nadineae",,"larva",5,,1,38,3,"N","N",,"condition OK","Y",,"McCafferty et al 2009","N","EcoAnalysts Inc.","A. Navesky",,,
"258f3c4f-b31b-4ad4-b789-b8a30a0583bd","D07","WALK","WALK.AOS.reach","2021-03-09T13:58Z","2021-06-08","WALK.20210309.SURBER.8","A00000214273",,"ECTSP2","Y","Ectopria sp.",,"genus","Arthropoda","Hexapoda","Insecta","Pterygota","Neoptera","Holometabola","Coleoptera","Polyphaga","Elateriformia","Byrrhoidea","Psephenidae","Eubriinae",,,"Ectopria","sp.",,"larva",5,,3,50,6,"N","N",,"condition OK","Y",,"Merritt and Cummins 2008","N","EcoAnalysts Inc.","A. Navesky",,,
"ff298900-3096-43b6-a706-40d6aedc6a7e","D07","WALK","WALK.AOS.reach","2021-03-09T13:58Z","2021-06-08","WALK.20210309.SURBER.7","A00000214275",,"THISP2","Y","Thienemanniella sp.",,"genus","Arthropoda","Hexapoda","Insecta","Pterygota","Neoptera","Holometabola","Diptera","Nematocera","Culicomorpha",,"Chironomidae","Orthocladiinae",,,"Thienemanniella","sp.",,"larva",2,,2,31,6,"N","N",,"condition OK","Y",,"Epler 2001","N","EcoAnalysts Inc.","G. Wallace",,,
"798f530b-e196-47ab-ab64-f198608fc11e","D07","WALK","WALK.AOS.reach","2021-03-09T13:58Z","2021-06-08","WALK.20210309.SURBER.5","A00000214271",,"SWESP","Y","Sweltsa sp.",,"genus","Arthropoda","Hexapoda","Insecta","Pterygota","Neoptera","Polyneoptera","Plecoptera","Systellognatha",,,"Chloroperlidae","Chloroperlinae",,,"Sweltsa","sp.",,"larva",6,,1,25,4,"N","N",,"condition OK","Y",,"Stewart and Stark 2002","N","EcoAnalysts Inc.","A. Navesky",,,
"8afbb30f-e7d6-4f21-9558-508de9e4f2d0","D07","WALK","WALK.AOS.reach","2021-03-09T13:58Z","2021-06-09","WALK.20210309.SURBER.2","A00000214270",,"OULSP","Y","Oulimnius sp.",,"genus","Arthropoda","Hexapoda","Insecta","Pterygota","Neoptera","Holometabola","Coleoptera","Polyphaga","Elateriformia","Byrrhoidea","Elmidae","Elminae","Elmini",,"Oulimnius","sp.",,"larva",2,,6,38,16,"N","N",,"condition OK","Y",,"Merritt and Cummins 2008","N","EcoAnalysts Inc.","A. Navesky",,,
"fbd29c11-99dd-4825-9fc5-1ab43fad29d9","D07","WALK","WALK.AOS.reach","2021-03-09T13:58Z","2021-06-08","WALK.20210309.SURBER.7","A00000214275",,"MACMER","Y","Maccaffertium meririvulanum",,"species","Arthropoda","Hexapoda","Insecta","Pterygota","Palaeoptera",,"Ephemeroptera","Pisciforma",,"Heptagenioidea","Heptageniidae",,,,"Maccaffertium","meririvulanum",,"larva",11,,1,31,3,"N","N",,"condition OK","Y",,"Bednarik and McCafferty 1979","N","EcoAnalysts Inc.","A. Navesky",,,
"19f525a9-2bdd-4bf9-8fdf-15a658b52f1e","D07","WALK","WALK.AOS.reach","2021-03-09T13:58Z","2021-06-09","WALK.20210309.SURBER.4","A00000214274",,"LEUSP2","Y","Leuctridae sp.",,"family","Arthropoda","Hexapoda","Insecta","Pterygota","Neoptera","Polyneoptera","Plecoptera","Euholognatha",,,"Leuctridae",,,,,"sp.",,"larva",1,,59,88,67,"Y","N",,"condition OK","N",,"Stewart and Stark 2002","N","EcoAnalysts Inc.","A. Navesky",,,
"a952a860-fcb9-4e57-9557-efbe0b5e183f","D07","WALK","WALK.AOS.reach","2021-03-09T13:58Z","2021-06-09","WALK.20210309.SURBER.2","A00000214270",,"PELSP1","Y","Peltoperlidae sp.",,"family","Arthropoda","Hexapoda","Insecta","Pterygota","Neoptera","Polyneoptera","Plecoptera","Systellognatha",,,"Peltoperlidae",,,,,"sp.",,"larva",1,,9,38,24,"Y","N",,"condition OK","Y",,"Stewart and Stark 2002","N","EcoAnalysts Inc.","A. Navesky",,,
"de604340-0cd0-45b9-ac68-87c041a19eb8","D07","WALK","WALK.AOS.reach","2021-03-09T13:58Z","2021-06-08","WALK.20210309.SURBER.8","A00000214273",,"PARSP26","Y","Parametriocnemus sp.",,"genus","Arthropoda","Hexapoda","Insecta","Pterygota","Neoptera","Holometabola","Diptera","Nematocera","Culicomorpha",,"Chironomidae","Orthocladiinae",,,"Parametriocnemus","sp.",,"larva",1,,2,50,4,"N","N",,"condition OK","Y",,"Epler 2001","N","EcoAnalysts Inc.","G. Wallace",,,
"24098a93-5526-4a54-b592-3b7cb367819d","D07","WALK","WALK.AOS.reach","2021-03-09T13:58Z","2021-06-09","WALK.20210309.SURBER.1","A00000214272",,"PLESP2","Y","Pleuroceridae sp.",,"family","Mollusca",,"Gastropoda",,,,"Neotaenioglossa",,,,"Pleuroceridae",,,,,"sp.",,"none",2,,1,38,3,"Y","N",,"condition OK","N",,"Thorp and Covich 2001","Y","EcoAnalysts Inc.","A. Navesky",,,
"0917ae9a-d0d2-4ca6-9016-3eb6e0ea85db","D07","WALK","WALK.AOS.reach","2021-03-09T13:58Z","2021-06-08","WALK.20210309.SURBER.7","A00000214275",,"ELISP","Y","Elimia sp.",,"genus","Mollusca",,"Gastropoda",,,,"Neotaenioglossa",,,,"Pleuroceridae",,,,"Elimia","sp.",,"none",11,,1,31,3,"N","N",,"condition OK","Y",,"Thorp and Covich 2001","N","EcoAnalysts Inc.","A. Navesky",,,
"90e07a98-9175-47fe-8a6a-a202e16956fd","D07","WALK","WALK.AOS.reach","2021-03-09T13:58Z","2021-06-08","WALK.20210309.SURBER.7","A00000214275",,"ECTSP2","Y","Ectopria sp.",,"genus","Arthropoda","Hexapoda","Insecta","Pterygota","Neoptera","Holometabola","Coleoptera","Polyphaga","Elateriformia","Byrrhoidea","Psephenidae","Eubriinae",,,"Ectopria","sp.",,"larva",4,,1,31,3,"N","N",,"condition OK","Y",,"Merritt and Cummins 2008","N","EcoAnalysts Inc.","A. Navesky",,,
"3a4caad4-3dae-4990-9e1b-2947c7ce18c9","D07","WALK","WALK.AOS.reach","2021-03-09T13:58Z","2021-06-08","WALK.20210309.SURBER.5","A00000214271",,"DIPMOD","Y","Diplectrona modesta",,"species","Arthropoda","Hexapoda","Insecta","Pterygota","Neoptera","Holometabola","Trichoptera",,,"Hydropsychoidea","Hydropsychidae","Diplectroninae",,,"Diplectrona","modesta",,"larva",8,,1,25,4,"N","N",,"condition OK","Y",,"Wiggins 1996","N","EcoAnalysts Inc.","A. Navesky",,,
"8b6ff262-ed22-485f-a3c8-c0880dccecb7","D07","WALK","WALK.AOS.reach","2021-03-09T13:58Z","2021-06-08","WALK.20210309.SURBER.8","A00000214273",,"PLESP2","Y","Pleuroceridae sp.",,"family","Mollusca",,"Gastropoda",,,,"Neotaenioglossa",,,,"Pleuroceridae",,,,,"sp.",,"none",6,,2,50,4,"Y","N",,"condition OK","N",,"Thorp and Covich 2001","N","EcoAnalysts Inc.","A. Navesky",,,
"5cb10d61-5821-4a80-b032-5f9f64612cf5","D07","WALK","WALK.AOS.reach","2021-03-09T13:58Z","2021-06-09","WALK.20210309.SURBER.2","A00000214270",,"POLAVI","Y","Polypedilum aviceps",,"species","Arthropoda","Hexapoda","Insecta","Pterygota","Neoptera","Holometabola","Diptera","Nematocera","Culicomorpha",,"Chironomidae","Chironominae","Chironomini",,"Polypedilum","aviceps",,"larva",1,,1,38,3,"N","N",,"condition OK","Y",,"Maschwitz and Cook 2000","N","EcoAnalysts Inc.","G. Wallace",,,
"e4f71b9f-6adc-4f1e-b904-f0cede3b14e1","D07","WALK","WALK.AOS.reach","2021-03-09T13:58Z","2021-06-08","WALK.20210309.SURBER.5","A00000214271",,"PARSP33","Y","Paratendipes sp.",,"genus","Arthropoda","Hexapoda","Insecta","Pterygota","Neoptera","Holometabola","Diptera","Nematocera","Culicomorpha",,"Chironomidae","Chironominae","Chironomini",,"Paratendipes","sp.",,"larva",1,,1,25,4,"N","N",,"condition OK","Y",,"Epler 2001","N","EcoAnalysts Inc.","G. Wallace","tiny",,
"57522ac3-85b6-439f-ada4-36d6688a1431","D07","WALK","WALK.AOS.reach","2021-03-09T13:58Z","2021-06-09","WALK.20210309.SURBER.1","A00000214272",,"LEUSP8","Y","Leuctra sp.",,"genus","Arthropoda","Hexapoda","Insecta","Pterygota","Neoptera","Polyneoptera","Plecoptera","Euholognatha",,,"Leuctridae","Leuctrinae",,,"Leuctra","sp.",,"larva",3,,1,38,3,"N","N",,"condition OK","Y",,"Stewart and Stark 2002","Y","EcoAnalysts Inc.","A. Navesky",,,
"89396237-1c18-42bf-aa03-5387571aa6db","D07","WALK","WALK.AOS.reach","2021-03-09T13:58Z","2021-06-08","WALK.20210309.SURBER.5","A00000214271",,"EPHSP4","Y","Ephemerella sp.",,"genus","Arthropoda","Hexapoda","Insecta","Pterygota","Palaeoptera",,"Ephemeroptera","Furcatergalia","Pannota","Ephemerelloidea","Ephemerellidae",,,,"Ephemerella","sp.",,"larva",4,,1,25,4,"Y","N",,"condition OK","Y",,"Merritt and Cummins 2008","N","EcoAnalysts Inc.","A. Navesky",,,
"a8b56ba2-dc8c-4418-9cd1-26580a195337","D07","WALK","WALK.AOS.reach","2021-03-09T13:58Z","2021-06-09","WALK.20210309.SURBER.1","A00000214272",,"OULSP","Y","Oulimnius sp.",,"genus","Arthropoda","Hexapoda","Insecta","Pterygota","Neoptera","Holometabola","Coleoptera","Polyphaga","Elateriformia","Byrrhoidea","Elmidae","Elminae","Elmini",,"Oulimnius","sp.",,"adult",2,,4,38,11,"N","N",,"condition OK","Y",,"Merritt and Cummins 2008","Y","EcoAnalysts Inc.","A. Navesky",,,
"9c944fde-b305-42d3-92a6-0debb6f5d5ed","D07","WALK","WALK.AOS.reach","2021-03-09T13:58Z","2021-06-08","WALK.20210309.SURBER.7","A00000214275",,"THISP2","Y","Thienemanniella sp.",,"genus","Arthropoda","Hexapoda","Insecta","Pterygota","Neoptera","Holometabola","Diptera","Nematocera","Culicomorpha",,"Chironomidae","Orthocladiinae",,,"Thienemanniella","sp.",,"larva",1,,3,31,10,"N","N",,"condition OK","Y",,"Epler 2001","N","EcoAnalysts Inc.","G. Wallace",,,
"2a8b236e-5470-46ce-acf4-850673e7da6e","D07","WALK","WALK.AOS.reach","2021-03-09T13:58Z","2021-06-09","WALK.20210309.SURBER.2","A00000214270",,"THISP2","Y","Thienemanniella sp.",,"genus","Arthropoda","Hexapoda","Insecta","Pterygota","Neoptera","Holometabola","Diptera","Nematocera","Culicomorpha",,"Chironomidae","Orthocladiinae",,,"Thienemanniella","sp.",,"larva",2,,3,38,8,"N","N",,"condition OK","Y",,"Epler 2001","N","EcoAnalysts Inc.","G. Wallace",,,
"b1e05c33-0b73-45ec-bde3-8662043bc3f3","D07","WALK","WALK.AOS.reach","2021-03-09T13:58Z","2021-06-08","WALK.20210309.SURBER.8","A00000214273",,"CERSP10","Y","Ceratopogoninae sp.",,"subfamily","Arthropoda","Hexapoda","Insecta","Pterygota","Neoptera","Holometabola","Diptera","Nematocera","Culicomorpha",,"Ceratopogonidae","Ceratopogoninae",,,,"sp.",,"larva",3,,1,50,2,"N","Y",,"condition OK","Y",,"Merritt and Cummins 2008","N","EcoAnalysts Inc.","A. Navesky",,,
"d1fdfa84-2b0b-4fbd-a165-002f0ad628eb","D07","WALK","WALK.AOS.reach","2021-03-09T13:58Z","2021-06-08","WALK.20210309.SURBER.7","A00000214275",,"POLAVI","Y","Polypedilum aviceps",,"species","Arthropoda","Hexapoda","Insecta","Pterygota","Neoptera","Holometabola","Diptera","Nematocera","Culicomorpha",,"Chironomidae","Chironominae","Chironomini",,"Polypedilum","aviceps",,"larva",1,,2,31,6,"N","N",,"condition OK","Y",,"Maschwitz and Cook 2000","N","EcoAnalysts Inc.","G. Wallace",,,
"b5b04767-c46f-417c-860f-30398dbef627","D07","WALK","WALK.AOS.reach","2021-03-09T13:58Z","2021-06-09","WALK.20210309.SURBER.3","A00000214269",,"POLAVI","Y","Polypedilum aviceps",,"species","Arthropoda","Hexapoda","Insecta","Pterygota","Neoptera","Holometabola","Diptera","Nematocera","Culicomorpha",,"Chironomidae","Chironominae","Chironomini",,"Polypedilum","aviceps",,"larva",2,,1,81,1,"N","N",,"condition OK","Y",,"Maschwitz and Cook 2000","N","EcoAnalysts Inc.","G. Wallace",,,
"4974ccf7-91d6-4321-aa13-7b4511133a14","D07","WALK","WALK.AOS.reach","2021-03-09T13:58Z","2021-06-09","WALK.20210309.SURBER.1","A00000214272",,"ECCXAN","Y","Eccoptura xanthenes",,"species","Arthropoda","Hexapoda","Insecta","Pterygota","Neoptera","Polyneoptera","Plecoptera","Systellognatha",,,"Perlidae","Acroneuriinae","Acroneuriini",,"Eccoptura","xanthenes",,"larva",3,,1,38,3,"N","N",,"condition OK","Y",,"Stewart and Stark 2002","Y","EcoAnalysts Inc.","A. Navesky",,,
"08036692-3744-40c8-a0fe-b6d946b78367","D07","WALK","WALK.AOS.reach","2021-03-09T13:58Z","2021-06-09","WALK.20210309.SURBER.3","A00000214269",,"THIGRO","Y","Thienemannimyia gr.",,"speciesGroup","Arthropoda","Hexapoda","Insecta","Pterygota","Neoptera","Holometabola","Diptera","Nematocera","Culicomorpha",,"Chironomidae","Tanypodinae","Pentaneurini",,"Thienemannimyia","gr.",,"larva",2,,1,81,1,"N","N",,"condition OK","Y",,"Epler 2001","N","EcoAnalysts Inc.","G. Wallace",,,
"fc24a003-ea4e-4b91-9a9e-c483223b82d5","D07","WALK","WALK.AOS.reach","2021-03-09T13:58Z","2021-06-08","WALK.20210309.SURBER.7","A00000214275",,"AGASP4","Y","Agapetus sp.",,"genus","Arthropoda","Hexapoda","Insecta","Pterygota","Neoptera","Holometabola","Trichoptera",,,"Glossosomatoidea","Glossosomatidae","Agapetinae",,,"Agapetus","sp.",,"larva",2,,5,31,16,"N","N",,"condition OK","Y",,"Wiggins 1996","N","EcoAnalysts Inc.","A. Navesky",,,
"be9264d8-0cc6-4eaa-8561-5851aab5b8af","D07","WALK","WALK.AOS.reach","2021-03-09T13:58Z","2021-06-09","WALK.20210309.SURBER.1","A00000214272",,"HABSP1","Y","Habrophlebiodes sp.",,"genus","Arthropoda","Hexapoda","Insecta","Pterygota","Palaeoptera",,"Ephemeroptera","Furcatergalia","Lanceolata",,"Leptophlebiidae",,,,"Habrophlebiodes","sp.",,"larva",2,,9,38,24,"N","N",,"condition OK","Y",,"Merritt and Cummins 2008","Y","EcoAnalysts Inc.","A. Navesky",,,
"988dd3e3-0ef1-4065-bae2-dbd1957d4c95","D07","WALK","WALK.AOS.reach","2021-03-09T13:58Z","2021-06-08","WALK.20210309.SURBER.7","A00000214275",,"HEPSP","Y","Heptageniidae sp.",,"family","Arthropoda","Hexapoda","Insecta","Pterygota","Palaeoptera",,"Ephemeroptera","Pisciforma",,"Heptagenioidea","Heptageniidae",,,,,"sp.",,"larva",1,,1,31,3,"Y","N",,"condition OK","Y",,"Merritt and Cummins 2008","N","EcoAnalysts Inc.","A. Navesky",,,
"7b41d7ad-5ceb-4f97-a2af-1647f9877e73","D07","WALK","WALK.AOS.reach","2021-03-09T13:58Z","2021-06-08","WALK.20210309.SURBER.8","A00000214273",,"ELMSP","Y","Elmidae sp.",,"family","Arthropoda","Hexapoda","Insecta","Pterygota","Neoptera","Holometabola","Coleoptera","Polyphaga","Elateriformia","Byrrhoidea","Elmidae",,,,,"sp.",,"larva",1,,2,50,4,"Y","N",,"condition OK","N",,"Merritt and Cummins 2008","N","EcoAnalysts Inc.","A. Navesky",,,
"8fa973c1-84d7-4c41-8955-c37996d2cc59","D07","WALK","WALK.AOS.reach","2021-03-09T13:58Z","2021-06-08","WALK.20210309.SURBER.5","A00000214271",,"TANSP8","Y","Tanytarsini sp.",,"tribe","Arthropoda","Hexapoda","Insecta","Pterygota","Neoptera","Holometabola","Diptera","Nematocera","Culicomorpha",,"Chironomidae","Chironominae","Tanytarsini",,,"sp.",,"larva",3,,1,25,4,"N","N",,"damaged, affecting taxonomy","N",,"Epler 2001","N","EcoAnalysts Inc.","G. Wallace","no antennae",,
"5e254c58-0445-4cba-aeb1-217199295ff5","D07","WALK","WALK.AOS.reach","2021-03-09T13:58Z","2021-06-09","WALK.20210309.SURBER.1","A00000214272",,"SIMSP1","Y","Simulium sp.",,"genus","Arthropoda","Hexapoda","Insecta","Pterygota","Neoptera","Holometabola","Diptera","Nematocera","Culicomorpha",,"Simuliidae","Simuliinae","Simuliini",,"Simulium","sp.",,"larva",3,,4,38,11,"N","N",,"condition OK","Y",,"Merritt and Cummins 2008","Y","EcoAnalysts Inc.","A. Navesky",,,
"4db1023f-d3b3-473b-ab4d-38c9a4c98b6a","D07","WALK","WALK.AOS.reach","2021-03-09T13:58Z","2021-06-08","WALK.20210309.SURBER.5","A00000214271",,"EPHSP4","Y","Ephemerella sp.",,"genus","Arthropoda","Hexapoda","Insecta","Pterygota","Palaeoptera",,"Ephemeroptera","Furcatergalia","Pannota","Ephemerelloidea","Ephemerellidae",,,,"Ephemerella","sp.",,"larva",3,,1,25,4,"Y","N",,"condition OK","Y",,"Merritt and Cummins 2008","N","EcoAnalysts Inc.","A. Navesky",,,
"f78278ec-82ff-4e5c-9d92-f41cd04d6840","D07","WALK","WALK.AOS.reach","2021-03-09T13:58Z","2021-06-09","WALK.20210309.SURBER.4","A00000214274",,"TANSP11","Y","Tanytarsus sp.",,"genus","Arthropoda","Hexapoda","Insecta","Pterygota","Neoptera","Holometabola","Diptera","Nematocera","Culicomorpha",,"Chironomidae","Chironominae","Tanytarsini",,"Tanytarsus","sp.",,"larva",3,,1,88,1,"N","N",,"condition OK","Y",,"Epler 2001","N","EcoAnalysts Inc.","G. Wallace",,,
"556e25fe-46c1-43e8-a6cb-799b6d0a1c22","D07","WALK","WALK.AOS.reach","2021-03-09T13:58Z","2021-06-08","WALK.20210309.SURBER.7","A00000214275",,"ANCBIC","Y","Anchytarsus bicolor",,"species","Arthropoda","Hexapoda","Insecta","Pterygota","Neoptera","Holometabola","Coleoptera","Polyphaga","Elateriformia","Byrrhoidea","Ptilodactylidae","Anchytarsinae",,,"Anchytarsus","bicolor",,"larva",14,,1,31,3,"N","N",,"condition OK","Y",,"Merritt and Cummins 2008","N","EcoAnalysts Inc.","A. Navesky",,,
"c7923b3a-160f-4e6f-951f-e5c827ade0e1","D07","WALK","WALK.AOS.reach","2021-03-09T13:58Z","2021-06-08","WALK.20210309.SURBER.7","A00000214275",,"PERSP1","Y","Perlidae sp.",,"family","Arthropoda","Hexapoda","Insecta","Pterygota","Neoptera","Polyneoptera","Plecoptera","Systellognatha",,,"Perlidae",,,,,"sp.",,"larva",1,,2,31,6,"Y","N",,"condition OK","Y",,"Stewart and Stark 2002","N","EcoAnalysts Inc.","A. Navesky",,,
"4738d0e6-a06e-41fa-a70e-f1d4143edd69","D07","WALK","WALK.AOS.reach","2021-03-09T13:58Z","2021-06-08","WALK.20210309.SURBER.8","A00000214273",,"STESP10","Y","Stempellinella sp.",,"genus","Arthropoda","Hexapoda","Insecta","Pterygota","Neoptera","Holometabola","Diptera","Nematocera","Culicomorpha",,"Chironomidae","Chironominae","Tanytarsini",,"Stempellinella","sp.",,"larva",2,,8,50,16,"N","N",,"condition OK","Y",,"Epler 2001","N","EcoAnalysts Inc.","G. Wallace",,,
"8b0697f7-f1f3-4721-911e-fdde8be1ceca","D07","WALK","WALK.AOS.reach","2021-03-09T13:58Z","2021-06-08","WALK.20210309.SURBER.7","A00000214275",,"SPESP4","Y","Sperchon sp.",,"genus","Arthropoda","Chelicerata","Arachnida","Acari",,"Acariformes","Trombidiformes","Prostigmata",,"Lebertioidea","Sperchontidae",,,,"Sperchon","sp.",,"none",1,,2,31,6,"N","N",,"condition OK","Y",,"Thorp and Covich 2001","N","EcoAnalysts Inc.","A. Navesky",,,
"d45fc4c0-1b07-47f4-a2ed-a6eeef56efc5","D07","WALK","WALK.AOS.reach","2021-03-09T13:58Z","2021-06-09","WALK.20210309.SURBER.2","A00000214270",,"ECCXAN","Y","Eccoptura xanthenes",,"species","Arthropoda","Hexapoda","Insecta","Pterygota","Neoptera","Polyneoptera","Plecoptera","Systellognatha",,,"Perlidae","Acroneuriinae","Acroneuriini",,"Eccoptura","xanthenes",,"larva",2,,1,38,3,"N","N",,"condition OK","Y",,"Stewart and Stark 2002","N","EcoAnalysts Inc.","A. Navesky",,,
"4ba89798-7c06-4cee-9ed7-cb137b4b2870","D07","WALK","WALK.AOS.reach","2021-03-09T13:58Z","2021-06-09","WALK.20210309.SURBER.4","A00000214274",,"TALSP1","Y","Tallaperla sp.",,"genus","Arthropoda","Hexapoda","Insecta","Pterygota","Neoptera","Polyneoptera","Plecoptera","Systellognatha",,,"Peltoperlidae","Peltoperlinae",,,"Tallaperla","sp.",,"larva",6,,1,88,1,"N","N",,"condition OK","Y",,"Stewart and Stark 2002","N","EcoAnalysts Inc.","A. Navesky",,,
"f0d001ea-95e0-419e-9ec1-2d030dc72c00","D07","WALK","WALK.AOS.reach","2021-03-09T13:58Z","2021-06-09","WALK.20210309.SURBER.3","A00000214269",,"DIPHAG","Y","Diphetor hageni",,"species","Arthropoda","Hexapoda","Insecta","Pterygota","Palaeoptera",,"Ephemeroptera","Pisciforma",,,"Baetidae",,,,"Diphetor","hageni",,"larva",1,,5,81,6,"N","N",,"condition OK","Y",,"Morihara and McCafferty 1979","N","EcoAnalysts Inc.","A. Navesky",,,
"c0f9b7ef-7b59-43d6-8937-d3c3d96e3814","D07","WALK","WALK.AOS.reach","2021-03-09T13:58Z","2021-06-09","WALK.20210309.SURBER.3","A00000214269",,"STASP4","Y","Stactobiella sp.",,"genus","Arthropoda","Hexapoda","Insecta","Pterygota","Neoptera","Holometabola","Trichoptera",,,"Hydroptiloidea","Hydroptilidae","Hydroptilinae","Stactobiini",,"Stactobiella","sp.",,"larva",1,,1,81,1,"N","N",,"condition OK","Y",,"Wiggins 1996","N","EcoAnalysts Inc.","A. Navesky",,,
"d6f3d89d-fdf4-4f2b-9edb-ccfc894079fb","D07","WALK","WALK.AOS.reach","2021-03-09T13:58Z","2021-06-08","WALK.20210309.SURBER.5","A00000214271",,"CERSP10","Y","Ceratopogoninae sp.",,"subfamily","Arthropoda","Hexapoda","Insecta","Pterygota","Neoptera","Holometabola","Diptera","Nematocera","Culicomorpha",,"Ceratopogonidae","Ceratopogoninae",,,,"sp.",,"larva",4,,1,25,4,"N","Y",,"condition OK","Y",,"Merritt and Cummins 2008","N","EcoAnalysts Inc.","A. Navesky",,,
"66a20ad2-b68e-4b6a-9126-631abf57a0ec","D07","WALK","WALK.AOS.reach","2021-03-09T13:58Z","2021-06-08","WALK.20210309.SURBER.8","A00000214273",,"LEUSP2","Y","Leuctridae sp.",,"family","Arthropoda","Hexapoda","Insecta","Pterygota","Neoptera","Polyneoptera","Plecoptera","Euholognatha",,,"Leuctridae",,,,,"sp.",,"larva",2,,2,50,4,"Y","N",,"condition OK","N",,"Stewart and Stark 2002","N","EcoAnalysts Inc.","A. Navesky",,,
"607a949d-53ab-4b91-a96c-4204dc6e752d","D07","WALK","WALK.AOS.reach","2021-03-09T13:58Z","2021-06-09","WALK.20210309.SURBER.2","A00000214270",,"CAMSP1","Y","Cambaridae sp.",,"family","Arthropoda","Crustacea","Malacostraca","Eumalacostraca",,"Eucarida","Decapoda","Pleocyemata","Astacidea","Astacoidea","Cambaridae",,,,,"sp.",,"none",30,,1,38,3,"Y","N",,"condition OK","Y",,"EPA Identification Manual #9","N","EcoAnalysts Inc.","A. Navesky","Large/Rare specimen",,
"6823e0fd-597a-46e1-9ea7-e6a2cf492f4b","D07","WALK","WALK.AOS.reach","2021-03-09T13:58Z","2021-06-09","WALK.20210309.SURBER.3","A00000214269","WALK.20210309.SURBER.3_OLIGOCHAETE_1/2","ENCSP1","Y","Enchytraeidae sp.",,"family","Annelida","Clitellata","Oligochaeta","Oligochaeta",,,"Enchytraeida",,,,"Enchytraeidae",,,,,"sp.",,"none",2,,1,81,1,"N","N",,"condition OK","Y",,"Kathman and Brinkhurst 1999","N","EcoAnalysts Inc.","G. Wallace",,,
"105211c2-7028-4479-adb9-000c10779882","D07","WALK","WALK.AOS.reach","2021-03-09T13:58Z","2021-06-08","WALK.20210309.SURBER.5","A00000214271",,"NEOSP13","Y","Neophylax sp.",,"genus","Arthropoda","Hexapoda","Insecta","Pterygota","Neoptera","Holometabola","Trichoptera",,,"Limnephiloidea","Uenoidae","Thremmatinae",,,"Neophylax","sp.",,"larva",4,,1,25,4,"N","N",,"condition OK","Y",,"Wiggins 1996","N","EcoAnalysts Inc.","A. Navesky",,,
"8d5e1361-7a21-42c1-981d-9da279a4beeb","D07","WALK","WALK.AOS.reach","2021-03-09T13:58Z","2021-06-09","WALK.20210309.SURBER.2","A00000214270",,"DIPHAG","Y","Diphetor hageni",,"species","Arthropoda","Hexapoda","Insecta","Pterygota","Palaeoptera",,"Ephemeroptera","Pisciforma",,,"Baetidae",,,,"Diphetor","hageni",,"larva",4,,1,38,3,"N","N",,"condition OK","Y",,"Morihara and McCafferty 1979","N","EcoAnalysts Inc.","A. Navesky",,,
"af61c155-c5b2-4a5b-b1d5-f80ab85eb24a","D07","WALK","WALK.AOS.reach","2021-03-09T13:58Z","2021-06-09","WALK.20210309.SURBER.4","A00000214274",,"PARSP26","Y","Parametriocnemus sp.",,"genus","Arthropoda","Hexapoda","Insecta","Pterygota","Neoptera","Holometabola","Diptera","Nematocera","Culicomorpha",,"Chironomidae","Orthocladiinae",,,"Parametriocnemus","sp.",,"larva",2,,2,88,2,"N","N",,"condition OK","Y",,"Epler 2001","N","EcoAnalysts Inc.","G. Wallace",,,
"5ef09bdb-29a1-432c-9ad8-ee9dd3d82084","D07","WALK","WALK.AOS.reach","2021-03-09T13:58Z","2021-06-09","WALK.20210309.SURBER.3","A00000214269","WALK.20210309.SURBER.3_OLIGOCHAETE_2/2","NAISP","Y","Naididae sp.","tubificoid Naididae w/o cap setae","family","Annelida","Clitellata","Oligochaeta","Oligochaeta",,,"Tubificida",,,,"Naididae",,,,,"sp.",,"none",3,,4,81,5,"N","N",,"condition OK","Y",,"Kathman and Brinkhurst 1998","N","EcoAnalysts Inc.","G. Wallace",,,
"ba3e4619-75cd-41c7-8e43-777df72f65f0","D07","WALK","WALK.AOS.reach","2021-03-09T13:58Z","2021-06-08","WALK.20210309.SURBER.6","A00000214276","WALK.20210309.SURBER.6_OLIGOCHAETE_1/1","LUMSP2","Y","Lumbriculidae sp.",,"family","Annelida","Clitellata","Oligochaeta","Oligochaeta",,,"Lumbriculida",,,,"Lumbriculidae",,,,,"sp.",,"none",5,,1,19,5,"N","N",,"condition OK","Y",,"Kathman and Brinkhurst 1999","N","EcoAnalysts Inc.","G. Wallace",,,
"ac1da4b7-5be9-496c-acbc-605766df5212","D07","WALK","WALK.AOS.reach","2021-03-09T13:58Z","2021-06-08","WALK.20210309.SURBER.5","A00000214271",,"CRYSP2","Y","Cryptochironomus sp.",,"genus","Arthropoda","Hexapoda","Insecta","Pterygota","Neoptera","Holometabola","Diptera","Nematocera","Culicomorpha",,"Chironomidae","Chironominae","Chironomini",,"Cryptochironomus","sp.",,"larva",2,,1,25,4,"N","N",,"condition OK","Y",,"Epler 2001","N","EcoAnalysts Inc.","G. Wallace",,,
"74dba0ea-9ecb-4680-9481-15f8def43c66","D07","WALK","WALK.AOS.reach","2021-03-09T13:58Z","2021-06-09","WALK.20210309.SURBER.2","A00000214270",,"SIMSP1","Y","Simulium sp.",,"genus","Arthropoda","Hexapoda","Insecta","Pterygota","Neoptera","Holometabola","Diptera","Nematocera","Culicomorpha",,"Simuliidae","Simuliinae","Simuliini",,"Simulium","sp.",,"larva",1,,1,38,3,"N","N",,"condition OK","Y",,"Merritt and Cummins 2008","N","EcoAnalysts Inc.","A. Navesky",,,
"e088be35-6480-4b92-bfec-1b7224562ac5","D07","WALK","WALK.AOS.reach","2021-03-09T13:58Z","2021-06-09","WALK.20210309.SURBER.4","A00000214274",,"PSEHER","Y","Psephenus herricki",,"species","Arthropoda","Hexapoda","Insecta","Pterygota","Neoptera","Holometabola","Coleoptera","Polyphaga","Elateriformia","Byrrhoidea","Psephenidae","Psepheninae",,,"Psephenus","herricki",,"larva",4,,1,88,1,"N","N",,"condition OK","Y",,"Brown 1972","N","EcoAnalysts Inc.","A. Navesky",,,
"83043af4-2ddd-43d6-8965-d99886c99688","D07","WALK","WALK.AOS.reach","2021-03-09T13:58Z","2021-06-09","WALK.20210309.SURBER.4","A00000214274",,"AMPSP13","Y","Amphinemura sp.",,"genus","Arthropoda","Hexapoda","Insecta","Pterygota","Neoptera","Polyneoptera","Plecoptera","Euholognatha",,,"Nemouridae","Amphinemurinae",,,"Amphinemura","sp.",,"larva",2,,1,88,1,"N","N",,"condition OK","Y",,"Stewart and Stark 2002","N","EcoAnalysts Inc.","A. Navesky",,,
"b31f0302-bf65-4d50-9afb-1015c01b4e36","D07","WALK","WALK.AOS.reach","2021-03-09T13:58Z","2021-06-08","WALK.20210309.SURBER.6","A00000214276",,"STESP10","Y","Stempellinella sp.",,"genus","Arthropoda","Hexapoda","Insecta","Pterygota","Neoptera","Holometabola","Diptera","Nematocera","Culicomorpha",,"Chironomidae","Chironominae","Tanytarsini",,"Stempellinella","sp.",,"larva",2,,23,19,123,"N","N",,"condition OK","Y",,"Epler 2001","N","EcoAnalysts Inc.","G. Wallace",,,
"b5491745-36a9-44ed-8d84-458739996d11","D07","WALK","WALK.AOS.reach","2021-03-09T13:58Z","2021-06-08","WALK.20210309.SURBER.6","A00000214276",,"TANSP11","Y","Tanytarsus sp.",,"genus","Arthropoda","Hexapoda","Insecta","Pterygota","Neoptera","Holometabola","Diptera","Nematocera","Culicomorpha",,"Chironomidae","Chironominae","Tanytarsini",,"Tanytarsus","sp.",,"larva",3,,3,19,16,"N","N",,"condition OK","Y",,"Epler 2001","N","EcoAnalysts Inc.","G. Wallace",,,
"71c191d4-0d86-41a6-900f-4e35981c694e","D07","WALK","WALK.AOS.reach","2021-03-09T13:58Z","2021-06-09","WALK.20210309.SURBER.3","A00000214269",,"PARSP26","Y","Parametriocnemus sp.",,"genus","Arthropoda","Hexapoda","Insecta","Pterygota","Neoptera","Holometabola","Diptera","Nematocera","Culicomorpha",,"Chironomidae","Orthocladiinae",,,"Parametriocnemus","sp.",,"larva",6,,1,81,1,"N","N",,"condition OK","Y",,"Epler 2001","N","EcoAnalysts Inc.","G. Wallace",,,
"0da6dd53-b21a-4705-956b-1968ded21f1d","D07","WALK","WALK.AOS.reach","2021-03-09T13:58Z","2021-06-09","WALK.20210309.SURBER.2","A00000214270",,"THISP2","Y","Thienemanniella sp.",,"genus","Arthropoda","Hexapoda","Insecta","Pterygota","Neoptera","Holometabola","Diptera","Nematocera","Culicomorpha",,"Chironomidae","Orthocladiinae",,,"Thienemanniella","sp.",,"larva",1,,3,38,8,"N","N",,"condition OK","Y",,"Epler 2001","N","EcoAnalysts Inc.","G. Wallace",,,
"bec9070f-872b-443a-989d-511af5b1c01c","D07","WALK","WALK.AOS.reach","2021-03-09T13:58Z","2021-06-08","WALK.20210309.SURBER.8","A00000214273",,"CHLSP","Y","Chloroperlidae sp.",,"family","Arthropoda","Hexapoda","Insecta","Pterygota","Neoptera","Polyneoptera","Plecoptera","Systellognatha",,,"Chloroperlidae",,,,,"sp.",,"larva",1,,3,50,6,"Y","N",,"condition OK","Y",,"Stewart and Stark 2002","N","EcoAnalysts Inc.","A. Navesky",,,
"adc20985-369d-4666-950b-a60a9ac72cb3","D07","WALK","WALK.AOS.reach","2021-03-09T13:58Z","2021-06-09","WALK.20210309.SURBER.3","A00000214269",,"POLSP12","Y","Polycentropus sp.",,"genus","Arthropoda","Hexapoda","Insecta","Pterygota","Neoptera","Holometabola","Trichoptera",,,"Hydropsychoidea","Polycentropodidae","Polycentropodinae",,,"Polycentropus","sp.",,"larva",6,,1,81,1,"N","N",,"condition OK","Y",,"Wiggins 1996","N","EcoAnalysts Inc.","A. Navesky","now inseparable from Plectrocnemia Holocentropus Cernotina",,
"da7aeaa4-62fe-49fd-a0af-a2cd29dab232","D07","WALK","WALK.AOS.reach","2021-03-09T13:58Z","2021-06-08","WALK.20210309.SURBER.7","A00000214275",,"ECTSP2","Y","Ectopria sp.",,"genus","Arthropoda","Hexapoda","Insecta","Pterygota","Neoptera","Holometabola","Coleoptera","Polyphaga","Elateriformia","Byrrhoidea","Psephenidae","Eubriinae",,,"Ectopria","sp.",,"larva",3,,1,31,3,"N","N",,"condition OK","Y",,"Merritt and Cummins 2008","N","EcoAnalysts Inc.","A. Navesky",,,
"d1161535-ceef-4274-aa71-c9b317452226","D07","WALK","WALK.AOS.reach","2021-03-09T13:58Z","2021-06-08","WALK.20210309.SURBER.8","A00000214273",,"PLESP2","Y","Pleuroceridae sp.",,"family","Mollusca",,"Gastropoda",,,,"Neotaenioglossa",,,,"Pleuroceridae",,,,,"sp.",,"none",5,,6,50,12,"Y","N",,"condition OK","N",,"Thorp and Covich 2001","N","EcoAnalysts Inc.","A. Navesky",,,
"0a699edf-abfe-42e0-a254-56ab05e78db4","D07","WALK","WALK.AOS.reach","2021-03-09T13:58Z","2021-06-09","WALK.20210309.SURBER.3","A00000214269",,"HELSP10","Y","Heleniella sp.",,"genus","Arthropoda","Hexapoda","Insecta","Pterygota","Neoptera","Holometabola","Diptera","Nematocera","Culicomorpha",,"Chironomidae","Orthocladiinae",,,"Heleniella","sp.",,"larva",4,,1,81,1,"N","N",,"condition OK","Y",,"Epler 2001","N","EcoAnalysts Inc.","G. Wallace",,,
"3ccf38af-9840-49be-9025-2e007c8b5e0a","D07","WALK","WALK.AOS.reach","2021-03-09T13:58Z","2021-06-08","WALK.20210309.SURBER.6","A00000214276",,"TANSP8","Y","Tanytarsini sp.",,"tribe","Arthropoda","Hexapoda","Insecta","Pterygota","Neoptera","Holometabola","Diptera","Nematocera","Culicomorpha",,"Chironomidae","Chironominae","Tanytarsini",,,"sp.",,"larva",4,,1,19,5,"N","N",,"damaged, affecting taxonomy","N",,"Epler 2001","N","EcoAnalysts Inc.","G. Wallace",,,
"088c6144-98bf-4e73-8a81-6ec8ca9f1c70","D07","WALK","WALK.AOS.reach","2021-03-09T13:58Z","2021-06-09","WALK.20210309.SURBER.2","A00000214270",,"POLSP12","Y","Polycentropus sp.",,"genus","Arthropoda","Hexapoda","Insecta","Pterygota","Neoptera","Holometabola","Trichoptera",,,"Hydropsychoidea","Polycentropodidae","Polycentropodinae",,,"Polycentropus","sp.",,"larva",2,,5,38,13,"N","N",,"condition OK","Y",,"Wiggins 1996","N","EcoAnalysts Inc.","A. Navesky","inseparable from Polycentropus Plectrocnemia Holocentropus",,
"bf8cf4a5-13ed-4f8c-ab25-b4ef57d20a60","D07","WALK","WALK.AOS.reach","2021-03-09T13:58Z","2021-06-09","WALK.20210309.SURBER.2","A00000214270",,"LEPSP4","Y","Leptophlebiidae sp.",,"family","Arthropoda","Hexapoda","Insecta","Pterygota","Palaeoptera",,"Ephemeroptera","Furcatergalia","Lanceolata",,"Leptophlebiidae",,,,,"sp.",,"larva",1,"1a",1,38,3,"Y","N",,"condition OK","N",,"Merritt and Cummins 2008","N","EcoAnalysts Inc.","A. Navesky","or missing gills",,
"c312f8e3-63a0-4353-9b26-0ec16aab021b","D07","WALK","WALK.AOS.reach","2021-03-09T13:58Z","2021-06-09","WALK.20210309.SURBER.1","A00000214272",,"THISP2","Y","Thienemanniella sp.",,"genus","Arthropoda","Hexapoda","Insecta","Pterygota","Neoptera","Holometabola","Diptera","Nematocera","Culicomorpha",,"Chironomidae","Orthocladiinae",,,"Thienemanniella","sp.",,"larva",1,,2,38,5,"N","N",,"condition OK","Y",,"Epler 2001","Y","EcoAnalysts Inc.","G. Wallace",,,
"dad0e2a9-40ed-40a7-8daf-6472d116c600","D07","WALK","WALK.AOS.reach","2021-03-09T13:58Z","2021-06-09","WALK.20210309.SURBER.2","A00000214270",,"ELISP","Y","Elimia sp.",,"genus","Mollusca",,"Gastropoda",,,,"Neotaenioglossa",,,,"Pleuroceridae",,,,"Elimia","sp.",,"none",9,,6,38,16,"N","N",,"condition OK","Y",,"Thorp and Covich 2001","N","EcoAnalysts Inc.","A. Navesky",,,
"54d7b911-0c57-4b28-bf62-5cb19b081fbc","D07","WALK","WALK.AOS.reach","2021-03-09T13:58Z","2021-06-08","WALK.20210309.SURBER.5","A00000214271",,"GAMSP1","Y","Gammaridae sp.",,"family","Arthropoda","Crustacea","Malacostraca","Eumalacostraca",,"Peracarida","Amphipoda","Gammaridea",,,"Gammaridae",,,,,"sp.",,"none",2,,9,25,36,"N","N",,"damaged, affecting taxonomy","N",,"Thorp and Covich 2001","N","EcoAnalysts Inc.","A. Navesky","missing 3rd pr uropods",,
"c808c842-5c78-42aa-a8c1-d32d1074be3f","D07","WALK","WALK.AOS.reach","2021-03-09T13:58Z","2021-06-08","WALK.20210309.SURBER.7","A00000214275",,"AGASP4","Y","Agapetus sp.",,"genus","Arthropoda","Hexapoda","Insecta","Pterygota","Neoptera","Holometabola","Trichoptera",,,"Glossosomatoidea","Glossosomatidae","Agapetinae",,,"Agapetus","sp.",,"larva",4,,1,31,3,"N","N",,"condition OK","Y",,"Wiggins 1996","N","EcoAnalysts Inc.","A. Navesky",,,
"a670bff8-9ea7-4300-84a7-3401a8333c67","D07","WALK","WALK.AOS.reach","2021-03-09T13:58Z","2021-06-09","WALK.20210309.SURBER.1","A00000214272",,"AGNSP","Y","Agnetina sp.",,"genus","Arthropoda","Hexapoda","Insecta","Pterygota","Neoptera","Polyneoptera","Plecoptera","Systellognatha",,,"Perlidae","Perlinae","Perlini",,"Agnetina","sp.",,"larva",3,,1,38,3,"Y","N",,"condition OK","Y",,"Stewart and Stark 2002","Y","EcoAnalysts Inc.","A. Navesky",,,
"7875f17c-5983-4ab5-bb28-040f3fdeaf44","D07","WALK","WALK.AOS.reach","2021-03-09T13:58Z","2021-06-08","WALK.20210309.SURBER.5","A00000214271",,"TANSP8","Y","Tanytarsini sp.",,"tribe","Arthropoda","Hexapoda","Insecta","Pterygota","Neoptera","Holometabola","Diptera","Nematocera","Culicomorpha",,"Chironomidae","Chironominae","Tanytarsini",,,"sp.",,"larva",4,,1,25,4,"N","N",,"damaged, affecting taxonomy","N",,"Epler 2001","N","EcoAnalysts Inc.","G. Wallace","no antennae",,
"2355c7a5-7b75-4076-a298-a9d8064eb15b","D07","WALK","WALK.AOS.reach","2021-03-09T13:58Z","2021-06-08","WALK.20210309.SURBER.6","A00000214276",,"TURSP","Y","Turbellaria sp.",,"class","Platyhelminthes",,"Turbellaria",,,,,,,,,,,,,"sp.",,"none",1,,1,19,5,"N","Y",,"condition OK","Y",,"Thorp and Covich 2001","N","EcoAnalysts Inc.","A. Navesky",,,
"2043ba40-250e-4629-a2f7-a4eb571a881f","D07","WALK","WALK.AOS.reach","2021-03-09T13:58Z","2021-06-09","WALK.20210309.SURBER.4","A00000214274",,"ELISP","Y","Elimia sp.",,"genus","Mollusca",,"Gastropoda",,,,"Neotaenioglossa",,,,"Pleuroceridae",,,,"Elimia","sp.",,"none",10,,2,88,2,"N","N",,"condition OK","Y",,"Thorp and Covich 2001","N","EcoAnalysts Inc.","A. Navesky",,,
"1fe86b83-fc5a-409f-ab0c-ae71efaccc42","D07","WALK","WALK.AOS.reach","2021-03-09T13:58Z","2021-06-08","WALK.20210309.SURBER.5","A00000214271",,"PHISP","Y","Philopotamidae sp.",,"family","Arthropoda","Hexapoda","Insecta","Pterygota","Neoptera","Holometabola","Trichoptera",,,"Philopotamoidea","Philopotamidae",,,,,"sp.",,"larva",1,,1,25,4,"Y","N",,"condition OK","N",,"Wiggins 1996","N","EcoAnalysts Inc.","A. Navesky",,,
"ec1d24d0-6ddd-4695-994f-b70c6ecfcad9","D07","WALK","WALK.AOS.reach","2021-03-09T13:58Z","2021-06-09","WALK.20210309.SURBER.4","A00000214274",,"ELISP","Y","Elimia sp.",,"genus","Mollusca",,"Gastropoda",,,,"Neotaenioglossa",,,,"Pleuroceridae",,,,"Elimia","sp.",,"none",9,,1,88,1,"N","N",,"condition OK","Y",,"Thorp and Covich 2001","N","EcoAnalysts Inc.","A. Navesky",,,
"1a071ade-92b0-4966-b96a-6fcf33730565","D07","WALK","WALK.AOS.reach","2021-03-09T13:58Z","2021-06-08","WALK.20210309.SURBER.5","A00000214271",,"ELISP","Y","Elimia sp.",,"genus","Mollusca",,"Gastropoda",,,,"Neotaenioglossa",,,,"Pleuroceridae",,,,"Elimia","sp.",,"none",8,,1,25,4,"N","N",,"condition OK","Y",,"Thorp and Covich 2001","N","EcoAnalysts Inc.","A. Navesky",,,
"f1895476-6a4b-4ac8-8e03-bbd063340519","D07","WALK","WALK.AOS.reach","2021-03-09T13:58Z","2021-06-09","WALK.20210309.SURBER.2","A00000214270",,"AGASP4","Y","Agapetus sp.",,"genus","Arthropoda","Hexapoda","Insecta","Pterygota","Neoptera","Holometabola","Trichoptera",,,"Glossosomatoidea","Glossosomatidae","Agapetinae",,,"Agapetus","sp.",,"larva",1,,1,38,3,"N","N",,"condition OK","Y",,"Wiggins 1996","N","EcoAnalysts Inc.","A. Navesky",,,
"c3ee5852-2a4e-490e-b28b-022037a65859","D07","WALK","WALK.AOS.reach","2021-03-09T13:58Z","2021-06-08","WALK.20210309.SURBER.8","A00000214273",,"ELISP","Y","Elimia sp.",,"genus","Mollusca",,"Gastropoda",,,,"Neotaenioglossa",,,,"Pleuroceridae",,,,"Elimia","sp.",,"none",8,,5,50,10,"N","N",,"condition OK","Y",,"Thorp and Covich 2001","N","EcoAnalysts Inc.","A. Navesky",,,
"783b7fc1-39c7-479d-bbdd-67ef1e7161fe","D07","WALK","WALK.AOS.reach","2021-03-09T13:58Z","2021-06-09","WALK.20210309.SURBER.3","A00000214269",,"MACSP11","Y","Maccaffertium sp.",,"genus","Arthropoda","Hexapoda","Insecta","Pterygota","Palaeoptera",,"Ephemeroptera","Pisciforma",,"Heptagenioidea","Heptageniidae",,,,"Maccaffertium","sp.",,"larva",1,,1,81,1,"Y","N",,"condition OK","Y",,"Merritt and Cummins 2008","N","EcoAnalysts Inc.","A. Navesky",,,
"7aa1bcd9-bc30-42b5-b9bb-e84ee49af86c","D07","WALK","WALK.AOS.reach","2021-03-09T13:58Z","2021-06-09","WALK.20210309.SURBER.3","A00000214269",,"CHLSP","Y","Chloroperlidae sp.",,"family","Arthropoda","Hexapoda","Insecta","Pterygota","Neoptera","Polyneoptera","Plecoptera","Systellognatha",,,"Chloroperlidae",,,,,"sp.",,"larva",2,,1,81,1,"Y","N",,"condition OK","N",,"Stewart and Stark 2002","N","EcoAnalysts Inc.","A. Navesky",,,
"08874595-588a-4742-96ca-3223e118a737","D07","WALK","WALK.AOS.reach","2021-03-09T13:58Z","2021-06-08","WALK.20210309.SURBER.7","A00000214275","WALK.20210309.SURBER.7_OLIGOCHAETE_1/1","LUMSP2","Y","Lumbriculidae sp.",,"family","Annelida","Clitellata","Oligochaeta","Oligochaeta",,,"Lumbriculida",,,,"Lumbriculidae",,,,,"sp.",,"none",9,,1,31,3,"N","N",,"condition OK","Y",,"Kathman and Brinkhurst 1999","N","EcoAnalysts Inc.","G. Wallace",,,
"6b5fb956-68d1-47f2-a292-a8694fd649e4","D07","WALK","WALK.AOS.reach","2021-03-09T13:58Z","2021-06-09","WALK.20210309.SURBER.1","A00000214272",,"DIPMOD","Y","Diplectrona modesta",,"species","Arthropoda","Hexapoda","Insecta","Pterygota","Neoptera","Holometabola","Trichoptera",,,"Hydropsychoidea","Hydropsychidae","Diplectroninae",,,"Diplectrona","modesta",,"larva",2,,1,38,3,"N","N",,"condition OK","Y",,"Wiggins 1996","Y","EcoAnalysts Inc.","A. Navesky",,,
"416ee1d1-8a42-4c41-a4b0-cb661e0bddf8","D07","WALK","WALK.AOS.reach","2021-03-09T13:58Z","2021-06-08","WALK.20210309.SURBER.7","A00000214275",,"ATUSP1","Y","Aturus sp.",,"genus","Arthropoda","Chelicerata","Arachnida","Acari",,"Acariformes","Trombidiformes","Prostigmata",,"Hygrobatoidea","Aturidae",,,,"Aturus","sp.",,"none",1,,1,31,3,"N","N",,"condition OK","Y",,"Thorp and Covich 2001","N","EcoAnalysts Inc.","A. Navesky",,,
"c0042546-00e3-406c-a3a3-f5357387b990","D07","WALK","WALK.AOS.reach","2021-03-09T13:58Z","2021-06-09","WALK.20210309.SURBER.2","A00000214270",,"PLESP2","Y","Pleuroceridae sp.",,"family","Mollusca",,"Gastropoda",,,,"Neotaenioglossa",,,,"Pleuroceridae",,,,,"sp.",,"none",7,,3,38,8,"Y","N",,"condition OK","N",,"Thorp and Covich 2001","N","EcoAnalysts Inc.","A. Navesky",,,
"4306e291-0d0e-4fbb-8ff5-40f662736a74","D07","WALK","WALK.AOS.reach","2021-03-09T13:58Z","2021-06-08","WALK.20210309.SURBER.7","A00000214275",,"CLASP9","Y","Clathrosperchon sp.",,"genus","Arthropoda","Chelicerata","Arachnida","Acari",,"Acariformes","Trombidiformes","Prostigmata",,"Hydryphantoidea","Rhynchohydracaridae",,,,"Clathrosperchon","sp.",,"none",1,,1,31,3,"N","N",,"condition OK","Y",,"Thorp and Covich 2001","N","EcoAnalysts Inc.","A. Navesky",,,
"443573b7-580c-41d9-b15a-3e5587a6b9ed","D07","WALK","WALK.AOS.reach","2021-03-09T13:58Z","2021-06-08","WALK.20210309.SURBER.8","A00000214273",,"HYGSP","Y","Hygrobatidae sp.",,"family","Arthropoda","Chelicerata","Arachnida","Acari",,"Acariformes","Trombidiformes","Prostigmata",,"Hygrobatoidea","Hygrobatidae",,,,,"sp.",,"none",1,,1,50,2,"N","N",,"damaged, affecting taxonomy","N",,"Cook 1974 Thorp and Rogers 2016","N","EcoAnalysts Inc.","A. Navesky","legs missing",,
"2db0e884-4b31-4e98-9f57-2c98bdfdc70b","D07","WALK","WALK.AOS.reach","2021-03-09T13:58Z","2021-06-09","WALK.20210309.SURBER.2","A00000214270",,"PISSP4","Y","Pisidium sp.",,"genus","Mollusca",,"Bivalvia","Heterodonta",,,"Veneroida",,,"Corbiculoidea","Pisidiidae",,,,"Pisidium","sp.",,"none",2,,1,38,3,"N","N",,"condition OK","Y",,"Thorp and Covich 2001","N","EcoAnalysts Inc.","A. Navesky",,,
"b162f8eb-31a9-41d9-94ff-a42a8c0d2308","D07","WALK","WALK.AOS.reach","2021-03-09T13:58Z","2021-06-08","WALK.20210309.SURBER.6","A00000214276",,"PARSP26","Y","Parametriocnemus sp.",,"genus","Arthropoda","Hexapoda","Insecta","Pterygota","Neoptera","Holometabola","Diptera","Nematocera","Culicomorpha",,"Chironomidae","Orthocladiinae",,,"Parametriocnemus","sp.",,"pupa",3,,1,19,5,"N","N",,"condition OK","Y",,"Epler 2001","N","EcoAnalysts Inc.","G. Wallace",,,
"649f6282-5990-4ad0-b6ed-769979afa5db","D07","WALK","WALK.AOS.reach","2021-03-09T13:58Z","2021-06-08","WALK.20210309.SURBER.5","A00000214271",,"SIMSP1","Y","Simulium sp.",,"genus","Arthropoda","Hexapoda","Insecta","Pterygota","Neoptera","Holometabola","Diptera","Nematocera","Culicomorpha",,"Simuliidae","Simuliinae","Simuliini",,"Simulium","sp.",,"larva",5,,1,25,4,"N","N",,"condition OK","Y",,"Merritt and Cummins 2008","N","EcoAnalysts Inc.","A. Navesky",,,
"ebed9091-cf1b-446f-95a7-2a45f10ae3fc","D07","WALK","WALK.AOS.reach","2021-03-09T13:58Z","2021-06-09","WALK.20210309.SURBER.2","A00000214270",,"PSEHER","Y","Psephenus herricki",,"species","Arthropoda","Hexapoda","Insecta","Pterygota","Neoptera","Holometabola","Coleoptera","Polyphaga","Elateriformia","Byrrhoidea","Psephenidae","Psepheninae",,,"Psephenus","herricki",,"larva",4,,1,38,3,"N","N",,"condition OK","Y",,"Brown 1972","N","EcoAnalysts Inc.","A. Navesky",,,
"9debfeb4-8062-43a6-ad87-75771811cd25","D07","WALK","WALK.AOS.reach","2021-03-09T13:58Z","2021-06-09","WALK.20210309.SURBER.2","A00000214270",,"BAETRI","Y","Baetis tricaudatus",,"species","Arthropoda","Hexapoda","Insecta","Pterygota","Palaeoptera",,"Ephemeroptera","Pisciforma",,,"Baetidae",,,,"Baetis","tricaudatus",,"larva",5,,1,38,3,"N","N",,"condition OK","Y",,"Wiersema 2004","N","EcoAnalysts Inc.","A. Navesky","B tricaudatus complex now inseparable",,
"e7fed50e-2023-49ce-a888-0285c717b374","D07","WALK","WALK.AOS.reach","2021-03-09T13:58Z","2021-06-09","WALK.20210309.SURBER.4","A00000214274",,"PLESP2","Y","Pleuroceridae sp.",,"family","Mollusca",,"Gastropoda",,,,"Neotaenioglossa",,,,"Pleuroceridae",,,,,"sp.",,"none",5,,1,88,1,"Y","N",,"condition OK","N",,"Thorp and Covich 2001","N","EcoAnalysts Inc.","A. Navesky",,,
"fbaab733-5f1b-4429-985d-e98112d413bf","D07","WALK","WALK.AOS.reach","2021-03-09T13:58Z","2021-06-08","WALK.20210309.SURBER.5","A00000214271",,"PLESP2","Y","Pleuroceridae sp.",,"family","Mollusca",,"Gastropoda",,,,"Neotaenioglossa",,,,"Pleuroceridae",,,,,"sp.",,"none",4,,1,25,4,"Y","N",,"condition OK","N",,"Thorp and Covich 2001","N","EcoAnalysts Inc.","A. Navesky",,,
"63645f07-382a-4273-89c4-6d811a7d7d2e","D07","WALK","WALK.AOS.reach","2021-03-09T13:58Z","2021-06-09","WALK.20210309.SURBER.3","A00000214269",,"NEMSP","Y","Nematoda sp.",,"phylum","Nematoda",,,,,,,,,,,,,,,"sp.",,"none",3,,2,81,2,"N","Y",,"condition OK","Y",,"Thorp and Covich 2001","N","EcoAnalysts Inc.","A. Navesky",,,
"6b5d7bc6-097e-422c-9d52-086997dc2933","D07","WALK","WALK.AOS.reach","2021-03-09T13:58Z","2021-06-08","WALK.20210309.SURBER.7","A00000214275",,"ECTSP2","Y","Ectopria sp.",,"genus","Arthropoda","Hexapoda","Insecta","Pterygota","Neoptera","Holometabola","Coleoptera","Polyphaga","Elateriformia","Byrrhoidea","Psephenidae","Eubriinae",,,"Ectopria","sp.",,"larva",1,,5,31,16,"N","N",,"condition OK","Y",,"Merritt and Cummins 2008","N","EcoAnalysts Inc.","A. Navesky",,,
"71a45b40-6d96-422b-a0a3-73595d18b062","D07","WALK","WALK.AOS.reach","2021-03-09T13:58Z","2021-06-08","WALK.20210309.SURBER.6","A00000214276",,"OULSP","Y","Oulimnius sp.",,"genus","Arthropoda","Hexapoda","Insecta","Pterygota","Neoptera","Holometabola","Coleoptera","Polyphaga","Elateriformia","Byrrhoidea","Elmidae","Elminae","Elmini",,"Oulimnius","sp.",,"larva",2,,8,19,43,"N","N",,"condition OK","Y",,"Merritt and Cummins 2008","N","EcoAnalysts Inc.","A. Navesky",,,
"10200813-2d80-4275-b4d2-e76f05b5aeaa","D07","WALK","WALK.AOS.reach","2021-03-09T13:58Z","2021-06-09","WALK.20210309.SURBER.2","A00000214270",,"TORSP1","Y","Torrenticolidae sp.",,"family","Arthropoda","Chelicerata","Arachnida","Acari",,"Acariformes","Trombidiformes","Prostigmata",,"Lebertioidea","Torrenticolidae",,,,,"sp.",,"none",1,,1,38,3,"N","N",,"damaged, affecting taxonomy","Y",,"Thorp and Covich 2001","N","EcoAnalysts Inc.","A. Navesky","dorsal platelets not mature",,
"b5f9df7d-c3bd-40df-a858-b9e1d6fb4c38","D07","WALK","WALK.AOS.reach","2021-03-09T13:58Z","2021-06-08","WALK.20210309.SURBER.6","A00000214276",,"OULSP","Y","Oulimnius sp.",,"genus","Arthropoda","Hexapoda","Insecta","Pterygota","Neoptera","Holometabola","Coleoptera","Polyphaga","Elateriformia","Byrrhoidea","Elmidae","Elminae","Elmini",,"Oulimnius","sp.",,"larva",3,,1,19,5,"N","N",,"condition OK","Y",,"Merritt and Cummins 2008","N","EcoAnalysts Inc.","A. Navesky",,,
"76619949-5602-4824-ac22-686a1778afa1","D07","WALK","WALK.AOS.reach","2021-03-09T13:58Z","2021-06-08","WALK.20210309.SURBER.5","A00000214271",,"PERSP6","Y","Perlesta sp.",,"genus","Arthropoda","Hexapoda","Insecta","Pterygota","Neoptera","Polyneoptera","Plecoptera","Systellognatha",,,"Perlidae","Acroneuriinae","Acroneuriini",,"Perlesta","sp.",,"larva",2,,1,25,4,"N","N",,"condition OK","Y",,"Stewart and Stark 2002","N","EcoAnalysts Inc.","A. Navesky",,,
"08cb5993-73b7-486f-a558-031bf03ade6b","D07","WALK","WALK.AOS.reach","2021-03-09T13:58Z","2021-06-09","WALK.20210309.SURBER.1","A00000214272",,"PERSP1","Y","Perlidae sp.",,"family","Arthropoda","Hexapoda","Insecta","Pterygota","Neoptera","Polyneoptera","Plecoptera","Systellognatha",,,"Perlidae",,,,,"sp.",,"larva",1,,1,38,3,"Y","N",,"condition OK","N",,"Stewart and Stark 2002","Y","EcoAnalysts Inc.","A. Navesky",,,
"6f87ece0-1d32-465b-af8f-55eccd223a33","D07","WALK","WALK.AOS.reach","2021-03-09T13:58Z","2021-06-08","WALK.20210309.SURBER.7","A00000214275",,"OULSP","Y","Oulimnius sp.",,"genus","Arthropoda","Hexapoda","Insecta","Pterygota","Neoptera","Holometabola","Coleoptera","Polyphaga","Elateriformia","Byrrhoidea","Elmidae","Elminae","Elmini",,"Oulimnius","sp.",,"larva",3,,1,31,3,"N","N",,"condition OK","Y",,"Merritt and Cummins 2008","N","EcoAnalysts Inc.","A. Navesky",,,
"6d98ce60-200b-4f1f-a2fa-26f816027350","D07","WALK","WALK.AOS.reach","2021-03-09T13:58Z","2021-06-09","WALK.20210309.SURBER.2","A00000214270",,"BAESP","Y","Baetidae sp.",,"family","Arthropoda","Hexapoda","Insecta","Pterygota","Palaeoptera",,"Ephemeroptera","Pisciforma",,,"Baetidae",,,,,"sp.",,"larva",1,,7,38,19,"Y","N",,"condition OK","N",,"Merritt and Cummins 2008","N","EcoAnalysts Inc.","A. Navesky",,,
"379a9052-5682-4957-b900-bb1227ce0a55","D07","WALK","WALK.AOS.reach","2021-03-09T13:58Z","2021-06-09","WALK.20210309.SURBER.4","A00000214274",,"LEPSP4","Y","Leptophlebiidae sp.",,"family","Arthropoda","Hexapoda","Insecta","Pterygota","Palaeoptera",,"Ephemeroptera","Furcatergalia","Lanceolata",,"Leptophlebiidae",,,,,"sp.",,"larva",1,,11,88,13,"Y","N",,"condition OK","N",,"Merritt and Cummins 2008","N","EcoAnalysts Inc.","A. Navesky",,,
"04bc3867-35f7-4832-9486-773d68e8c79d","D07","WALK","WALK.AOS.reach","2021-03-09T13:58Z","2021-06-08","WALK.20210309.SURBER.6","A00000214276","WALK.20210309.SURBER.6_OLIGOCHAETE_1/1","LUMSP1","Y","Lumbricina sp.",,"suborder","Annelida","Clitellata","Oligochaeta","Oligochaeta",,,"Tubificida","Lumbricina",,,,,,,,"sp.",,"none",9,,1,19,5,"N","N",,"condition OK","Y",,"Kathman and Brinkhurst 1999","N","EcoAnalysts Inc.","G. Wallace",,,
"a16a90eb-a816-4644-a32a-c99d6309892f","D07","WALK","WALK.AOS.reach","2021-03-09T13:58Z","2021-06-09","WALK.20210309.SURBER.4","A00000214274",,"TANSP8","Y","Tanytarsini sp.",,"tribe","Arthropoda","Hexapoda","Insecta","Pterygota","Neoptera","Holometabola","Diptera","Nematocera","Culicomorpha",,"Chironomidae","Chironominae","Tanytarsini",,,"sp.",,"larva",1,,2,88,2,"N","N",,"damaged, affecting taxonomy","N",,"Epler 2001","N","EcoAnalysts Inc.","G. Wallace","no antennae",,
"d1718b97-abe8-4e53-9179-e3d2357ba4bb","D07","WALK","WALK.AOS.reach","2021-03-09T13:58Z","2021-06-08","WALK.20210309.SURBER.8","A00000214273",,"CHESP17","Y","Chelifera/Metachela sp.",,"speciesGroup","Arthropoda","Hexapoda","Insecta","Pterygota","Neoptera","Holometabola","Diptera","Brachycera","Muscomorpha",,"Empididae","Hemerodromiinae","Hemerodromiini",,"Chelifera/Metachela","sp.",,"larva",1,,1,50,2,"N","N",,"condition OK","Y",,"Merritt and Cummins 2008","N","EcoAnalysts Inc.","A. Navesky","EcoID=Chelifera/Metachela",,
"54a1c3fa-7ae6-4a47-ad85-4f75b4e65b32","D07","WALK","WALK.AOS.reach","2021-03-09T13:58Z","2021-06-08","WALK.20210309.SURBER.7","A00000214275",,"CHESP17","Y","Chelifera/Metachela sp.",,"speciesGroup","Arthropoda","Hexapoda","Insecta","Pterygota","Neoptera","Holometabola","Diptera","Brachycera","Muscomorpha",,"Empididae","Hemerodromiinae","Hemerodromiini",,"Chelifera/Metachela","sp.",,"larva",3,,2,31,6,"N","N",,"condition OK","Y",,"Merritt and Cummins 2008","N","EcoAnalysts Inc.","A. Navesky","EcoID=Chelifera/Metachela",,
"bdb4bafc-69c4-4fb0-9445-110e28205206","D07","WALK","WALK.AOS.reach","2021-03-09T13:58Z","2021-06-09","WALK.20210309.SURBER.1","A00000214272",,"BAESP2","Y","Baetis sp.",,"genus","Arthropoda","Hexapoda","Insecta","Pterygota","Palaeoptera",,"Ephemeroptera","Pisciforma",,,"Baetidae",,,,"Baetis","sp.",,"larva",1,,16,38,43,"Y","N",,"condition OK","Y",,"Merritt and Cummins 2008","Y","EcoAnalysts Inc.","A. Navesky",,,
"a3a88c24-e5da-4a6b-8dea-4053a519dd7e","D07","WALK","WALK.AOS.reach","2021-03-09T13:58Z","2021-06-09","WALK.20210309.SURBER.1","A00000214272",,"DIPMOD","Y","Diplectrona modesta",,"species","Arthropoda","Hexapoda","Insecta","Pterygota","Neoptera","Holometabola","Trichoptera",,,"Hydropsychoidea","Hydropsychidae","Diplectroninae",,,"Diplectrona","modesta",,"larva",5,,1,38,3,"N","N",,"condition OK","Y",,"Wiggins 1996","Y","EcoAnalysts Inc.","A. Navesky",,,
"49656418-db7b-4bfe-9000-5892afa25136","D07","WALK","WALK.AOS.reach","2021-03-09T13:58Z","2021-06-09","WALK.20210309.SURBER.1","A00000214272",,"SWESP","Y","Sweltsa sp.",,"genus","Arthropoda","Hexapoda","Insecta","Pterygota","Neoptera","Polyneoptera","Plecoptera","Systellognatha",,,"Chloroperlidae","Chloroperlinae",,,"Sweltsa","sp.",,"larva",7,,1,38,3,"N","N",,"condition OK","Y",,"Stewart and Stark 2002","Y","EcoAnalysts Inc.","A. Navesky",,,
"6254e788-8317-4fac-9274-e2f2e8454beb","D07","WALK","WALK.AOS.reach","2021-03-09T13:58Z","2021-06-08","WALK.20210309.SURBER.6","A00000214276",,"BAESP","Y","Baetidae sp.",,"family","Arthropoda","Hexapoda","Insecta","Pterygota","Palaeoptera",,"Ephemeroptera","Pisciforma",,,"Baetidae",,,,,"sp.",,"larva",1,,1,19,5,"Y","N",,"condition OK","N",,"Merritt and Cummins 2008","N","EcoAnalysts Inc.","A. Navesky",,,
"22a919de-7919-4c78-8eb2-dc64bf34c828","D07","WALK","WALK.AOS.reach","2021-03-09T13:58Z","2021-06-09","WALK.20210309.SURBER.2","A00000214270",,"OULSP","Y","Oulimnius sp.",,"genus","Arthropoda","Hexapoda","Insecta","Pterygota","Neoptera","Holometabola","Coleoptera","Polyphaga","Elateriformia","Byrrhoidea","Elmidae","Elminae","Elmini",,"Oulimnius","sp.",,"larva",1,,3,38,8,"N","N",,"condition OK","Y",,"Merritt and Cummins 2008","N","EcoAnalysts Inc.","A. Navesky",,,
"02285880-c510-43ed-bcb5-0d0417b93407","D07","WALK","WALK.AOS.reach","2021-03-09T13:58Z","2021-06-09","WALK.20210309.SURBER.2","A00000214270",,"NEOSP40","Y","Neostempellina sp.",,"genus","Arthropoda","Hexapoda","Insecta",,,,"Diptera","Nematocera",,,"Chironomidae","Chironominae","Tanytarsini",,"Neostempellina","sp.",,"larva",1,,1,38,3,"N","N",,"condition OK","Y",,"Epler 2001","N","EcoAnalysts Inc.","G. Wallace",,,
"390d0120-f680-4801-9b68-97198e056c61","D07","WALK","WALK.AOS.reach","2021-03-09T13:58Z","2021-06-08","WALK.20210309.SURBER.8","A00000214273",,"GAMSP3","Y","Gammarus sp.",,"genus","Arthropoda","Crustacea","Malacostraca","Eumalacostraca",,"Peracarida","Amphipoda","Gammaridea",,,"Gammaridae",,,,"Gammarus","sp.",,"none",2,,32,50,64,"N","N",,"condition OK","Y",,"Thorp and Covich 2001","N","EcoAnalysts Inc.","A. Navesky",,,
"198ba1b3-66a9-4ed4-9a74-2b918794370a","D07","WALK","WALK.AOS.reach","2021-03-09T13:58Z","2021-06-08","WALK.20210309.SURBER.7","A00000214275",,"ACASP1","Y","Acari sp.",,"subclass","Arthropoda","Chelicerata","Arachnida","Acari",,,,,,,,,,,,"sp.",,"none",1,,3,31,10,"N","Y",,"condition OK","Y",,"Thorp and Covich 2001","N","EcoAnalysts Inc.","A. Navesky",,,
"cb954de1-17ba-42d6-bdb7-1e2f328d0509","D07","WALK","WALK.AOS.reach","2021-03-09T13:58Z","2021-06-09","WALK.20210309.SURBER.1","A00000214272",,"CHLSP","Y","Chloroperlidae sp.",,"family","Arthropoda","Hexapoda","Insecta","Pterygota","Neoptera","Polyneoptera","Plecoptera","Systellognatha",,,"Chloroperlidae",,,,,"sp.",,"larva",1,,1,38,3,"Y","N",,"condition OK","N",,"Stewart and Stark 2002","Y","EcoAnalysts Inc.","A. Navesky",,,
"f3129d6a-c7d6-4200-8616-1062a44a0a75","D07","WALK","WALK.AOS.reach","2021-03-09T13:58Z","2021-06-09","WALK.20210309.SURBER.4","A00000214274",,"GAMSP3","Y","Gammarus sp.",,"genus","Arthropoda","Crustacea","Malacostraca","Eumalacostraca",,"Peracarida","Amphipoda","Gammaridea",,,"Gammaridae",,,,"Gammarus","sp.",,"none",3,,3,88,3,"N","N",,"condition OK","Y",,"Thorp and Covich 2001","N","EcoAnalysts Inc.","A. Navesky",,,
"41c346d9-ae1c-4bf5-8558-02465768f58a","D07","WALK","WALK.AOS.reach","2021-03-09T13:58Z","2021-06-09","WALK.20210309.SURBER.1","A00000214272",,"LUMSP2","Y","Lumbriculidae sp.",,"family","Annelida","Clitellata","Oligochaeta","Oligochaeta",,,"Lumbriculida",,,,"Lumbriculidae",,,,,"sp.",,"none",6,,1,38,3,"N","N",,"condition OK","Y",,"Kathman and Brinkhurst 1999","Y","EcoAnalysts Inc.","G. Wallace",,,
"2564fe70-a604-42b8-bc03-7973cd3f11fb","D07","WALK","WALK.AOS.reach","2021-03-09T13:58Z","2021-06-09","WALK.20210309.SURBER.1","A00000214272",,"STESP10","Y","Stempellinella sp.",,"genus","Arthropoda","Hexapoda","Insecta","Pterygota","Neoptera","Holometabola","Diptera","Nematocera","Culicomorpha",,"Chironomidae","Chironominae","Tanytarsini",,"Stempellinella","sp.",,"larva",1,,3,38,8,"N","N",,"condition OK","Y",,"Epler 2001","Y","EcoAnalysts Inc.","G. Wallace",,,
"d7316e60-610e-4918-b4ab-4c90b94ea4b3","D07","WALK","WALK.AOS.reach","2021-03-09T13:58Z","2021-06-08","WALK.20210309.SURBER.8","A00000214273","WALK.20210309.SURBER.8_OLIGOCHAETE_1/1","LUMSP2","Y","Lumbriculidae sp.",,"family","Annelida","Clitellata","Oligochaeta","Oligochaeta",,,"Lumbriculida",,,,"Lumbriculidae",,,,,"sp.",,"none",6,,1,50,2,"N","N",,"condition OK","Y",,"Kathman and Brinkhurst 1999","N","EcoAnalysts Inc.","G. Wallace",,,
"bd9523dc-08fd-4f0c-b950-53c03265cc69","D07","WALK","WALK.AOS.reach","2021-03-09T13:58Z","2021-06-08","WALK.20210309.SURBER.5","A00000214271",,"LEUSP8","Y","Leuctra sp.",,"genus","Arthropoda","Hexapoda","Insecta","Pterygota","Neoptera","Polyneoptera","Plecoptera","Euholognatha",,,"Leuctridae","Leuctrinae",,,"Leuctra","sp.",,"larva",3,,2,25,8,"N","N",,"condition OK","Y",,"Stewart and Stark 2002","N","EcoAnalysts Inc.","A. Navesky",,,
"2fcc2549-b71d-4c99-be23-62d678acae58","D07","WALK","WALK.AOS.reach","2021-03-09T13:58Z","2021-06-09","WALK.20210309.SURBER.2","A00000214270",,"OPTSP","Y","Optioservus sp.",,"genus","Arthropoda","Hexapoda","Insecta","Pterygota","Neoptera","Holometabola","Coleoptera","Polyphaga","Elateriformia","Byrrhoidea","Elmidae","Elminae","Elmini",,"Optioservus","sp.",,"larva",3,,1,38,3,"N","N",,"condition OK","Y",,"Merritt and Cummins 2008","N","EcoAnalysts Inc.","A. Navesky",,,
"d5fc8546-1462-403b-a5bf-383736082552","D07","WALK","WALK.AOS.reach","2021-03-09T13:58Z","2021-06-08","WALK.20210309.SURBER.7","A00000214275",,"TALSP1","Y","Tallaperla sp.",,"genus","Arthropoda","Hexapoda","Insecta","Pterygota","Neoptera","Polyneoptera","Plecoptera","Systellognatha",,,"Peltoperlidae","Peltoperlinae",,,"Tallaperla","sp.",,"larva",8,,1,31,3,"N","N",,"condition OK","Y",,"Stewart and Stark 2002","N","EcoAnalysts Inc.","A. Navesky",,,
"2a03ec2a-5b8e-4a5a-8c66-02805d91659f","D07","WALK","WALK.AOS.reach","2021-03-09T13:58Z","2021-06-08","WALK.20210309.SURBER.6","A00000214276",,"PROSP37","Y","Prostoma sp.",,"genus","Nemertea",,"Enopla",,,,"Hoplonemertea","Monostilifera",,,"Tetrastemmatidae",,,,"Prostoma","sp.",,"none",2,,1,19,5,"N","N",,"condition OK","Y",,"Pennak 1997; Thorp and Covich 2001","N","EcoAnalysts Inc.","A. Navesky",,,
"7e64cc4a-6c86-4b91-9f80-0269563801b9","D07","WALK","WALK.AOS.reach","2021-03-09T13:58Z","2021-06-09","WALK.20210309.SURBER.1","A00000214272",,"NILFIM","Y","Nilotanypus fimbriatus",,"species","Arthropoda","Hexapoda","Insecta","Pterygota","Neoptera","Holometabola","Diptera","Nematocera","Culicomorpha",,"Chironomidae","Tanypodinae","Pentaneurini",,"Nilotanypus","fimbriatus",,"larva",2,,1,38,3,"N","N",,"condition OK","Y",,"Epler 2001","Y","EcoAnalysts Inc.","G. Wallace",,,
"5e9fb117-0b62-4299-94f2-cfcc75e62a69","D07","WALK","WALK.AOS.reach","2021-03-09T13:58Z","2021-06-09","WALK.20210309.SURBER.3","A00000214269",,"CERSP10","Y","Ceratopogoninae sp.",,"subfamily","Arthropoda","Hexapoda","Insecta","Pterygota","Neoptera","Holometabola","Diptera","Nematocera","Culicomorpha",,"Ceratopogonidae","Ceratopogoninae",,,,"sp.",,"larva",4,,1,81,1,"N","Y",,"condition OK","Y",,"Merritt and Cummins 2008","N","EcoAnalysts Inc.","A. Navesky",,,
"a493ce60-b021-4a28-a312-85dc7b69e177","D07","WALK","WALK.AOS.reach","2021-03-09T13:58Z","2021-06-09","WALK.20210309.SURBER.3","A00000214269",,"GAMSP1","Y","Gammaridae sp.",,"family","Arthropoda","Crustacea","Malacostraca","Eumalacostraca",,"Peracarida","Amphipoda","Gammaridea",,,"Gammaridae",,,,,"sp.",,"none",2,,5,81,6,"N","N",,"damaged, affecting taxonomy","N",,"Thorp and Covich 2001","N","EcoAnalysts Inc.","A. Navesky","missing 3rd pr uropods",,
"a454a4ab-5c25-4991-893e-4e015bc23536","D07","WALK","WALK.AOS.reach","2021-03-09T13:58Z","2021-06-08","WALK.20210309.SURBER.5","A00000214271",,"STISP1","Y","Stilocladius sp.",,"genus","Arthropoda","Hexapoda","Insecta","Pterygota","Neoptera","Holometabola","Diptera","Nematocera","Culicomorpha",,"Chironomidae","Orthocladiinae",,,"Stilocladius","sp.",,"larva",1,,1,25,4,"N","N",,"condition OK","Y",,"Epler 2001","N","EcoAnalysts Inc.","G. Wallace","very small",,
"173c40d0-2a6f-4c3c-9766-1c84093691f5","D07","WALK","WALK.AOS.reach","2021-03-09T13:58Z","2021-06-08","WALK.20210309.SURBER.6","A00000214276",,"ELISP","Y","Elimia sp.",,"genus","Mollusca",,"Gastropoda",,,,"Neotaenioglossa",,,,"Pleuroceridae",,,,"Elimia","sp.",,"none",12,,1,19,5,"N","N",,"condition OK","Y",,"Thorp and Covich 2001","N","EcoAnalysts Inc.","A. Navesky",,,
"f00cdac6-124b-4e29-92b1-b471beaa9562","D07","WALK","WALK.AOS.reach","2021-03-09T13:58Z","2021-06-09","WALK.20210309.SURBER.2","A00000214270",,"GAMSP3","Y","Gammarus sp.",,"genus","Arthropoda","Crustacea","Malacostraca","Eumalacostraca",,"Peracarida","Amphipoda","Gammaridea",,,"Gammaridae",,,,"Gammarus","sp.",,"none",2,,8,38,21,"N","N",,"condition OK","Y",,"Thorp and Covich 2001","N","EcoAnalysts Inc.","A. Navesky",,,
"3faea5d9-fd60-419e-b8eb-c27ed201406f","D07","WALK","WALK.AOS.reach","2021-03-09T13:58Z","2021-06-08","WALK.20210309.SURBER.7","A00000214275",,"POLSP5","Y","Polycentropodidae sp.",,"family","Arthropoda","Hexapoda","Insecta","Pterygota","Neoptera","Holometabola","Trichoptera",,,"Hydropsychoidea","Polycentropodidae",,,,,"sp.",,"larva",3,,1,31,3,"N","N",,"damaged, affecting taxonomy","N",,"Wiggins 1996","N","EcoAnalysts Inc.","A. Navesky","missing anal prolegs",,
"715dde77-3919-44e6-b4af-a35414346da5","D07","WALK","WALK.AOS.reach","2021-03-09T13:58Z","2021-06-08","WALK.20210309.SURBER.6","A00000214276",,"PSEHER","Y","Psephenus herricki",,"species","Arthropoda","Hexapoda","Insecta","Pterygota","Neoptera","Holometabola","Coleoptera","Polyphaga","Elateriformia","Byrrhoidea","Psephenidae","Psepheninae",,,"Psephenus","herricki",,"larva",2,,4,19,21,"N","N",,"condition OK","Y",,"Brown 1972","N","EcoAnalysts Inc.","A. Navesky",,,
"4eafd358-b67b-42cc-8056-83f90749e7b2","D07","WALK","WALK.AOS.reach","2021-03-09T13:58Z","2021-06-09","WALK.20210309.SURBER.1","A00000214272",,"TANSP8","Y","Tanytarsini sp.",,"tribe","Arthropoda","Hexapoda","Insecta","Pterygota","Neoptera","Holometabola","Diptera","Nematocera","Culicomorpha",,"Chironomidae","Chironominae","Tanytarsini",,,"sp.",,"larva",3,,1,38,3,"N","N",,"damaged, affecting taxonomy","N",,"Epler 2001","Y","EcoAnalysts Inc.","G. Wallace","no antennae",,
"ac97ca64-11fe-4eb7-a58b-c3d74f2d8695","D07","WALK","WALK.AOS.reach","2021-03-09T13:58Z","2021-06-09","WALK.20210309.SURBER.4","A00000214274",,"DIPMOD","Y","Diplectrona modesta",,"species","Arthropoda","Hexapoda","Insecta","Pterygota","Neoptera","Holometabola","Trichoptera",,,"Hydropsychoidea","Hydropsychidae","Diplectroninae",,,"Diplectrona","modesta",,"larva",8,,1,88,1,"N","N",,"condition OK","Y",,"Wiggins 1996","N","EcoAnalysts Inc.","A. Navesky",,,
"b4a2c4cd-dc7d-43c2-ba51-69f605b41013","D07","WALK","WALK.AOS.reach","2021-03-09T13:58Z","2021-06-09","WALK.20210309.SURBER.2","A00000214270",,"AMPSP13","Y","Amphinemura sp.",,"genus","Arthropoda","Hexapoda","Insecta","Pterygota","Neoptera","Polyneoptera","Plecoptera","Euholognatha",,,"Nemouridae","Amphinemurinae",,,"Amphinemura","sp.",,"larva",1,,1,38,3,"N","N",,"condition OK","Y",,"Stewart and Stark 2002","N","EcoAnalysts Inc.","A. Navesky",,,
"3bbbae28-458e-4f79-bfb1-8f72b0368860","D07","WALK","WALK.AOS.reach","2021-03-09T13:58Z","2021-06-08","WALK.20210309.SURBER.5","A00000214271",,"POLAVI","Y","Polypedilum aviceps",,"species","Arthropoda","Hexapoda","Insecta","Pterygota","Neoptera","Holometabola","Diptera","Nematocera","Culicomorpha",,"Chironomidae","Chironominae","Chironomini",,"Polypedilum","aviceps",,"larva",2,,6,25,24,"N","N",,"condition OK","Y",,"Maschwitz and Cook 2000","N","EcoAnalysts Inc.","G. Wallace",,,
"302e80d8-6356-4958-b988-b8a10d01882b","D07","WALK","WALK.AOS.reach","2021-03-09T13:58Z","2021-06-09","WALK.20210309.SURBER.4","A00000214274",,"POLAVI","Y","Polypedilum aviceps",,"species","Arthropoda","Hexapoda","Insecta","Pterygota","Neoptera","Holometabola","Diptera","Nematocera","Culicomorpha",,"Chironomidae","Chironominae","Chironomini",,"Polypedilum","aviceps",,"larva",2,,1,88,1,"N","N",,"condition OK","Y",,"Maschwitz and Cook 2000","N","EcoAnalysts Inc.","G. Wallace",,,
"c7dd5232-41b6-4ab1-9d60-501c24fe74b7","D07","WALK","WALK.AOS.reach","2021-03-09T13:58Z","2021-06-09","WALK.20210309.SURBER.2","A00000214270",,"PSESP20","Y","Pseudolimnophila sp.",,"genus","Arthropoda","Hexapoda","Insecta","Pterygota","Neoptera","Holometabola","Diptera","Nematocera","Tipulomorpha",,"Tipulidae","Limoniinae","Hexatomini",,"Pseudolimnophila","sp.",,"larva",11,,1,38,3,"N","N",,"condition OK","Y",,"Gelhaus 2008","N","EcoAnalysts Inc.","A. Navesky",,,
"cd03decd-4d16-474d-84dd-d58c1ae42b6f","D07","WALK","WALK.AOS.reach","2021-03-09T13:58Z","2021-06-08","WALK.20210309.SURBER.7","A00000214275",,"SIMSP1","Y","Simulium sp.",,"genus","Arthropoda","Hexapoda","Insecta","Pterygota","Neoptera","Holometabola","Diptera","Nematocera","Culicomorpha",,"Simuliidae","Simuliinae","Simuliini",,"Simulium","sp.",,"larva",1,,5,31,16,"N","N",,"condition OK","Y",,"Merritt and Cummins 2008","N","EcoAnalysts Inc.","A. Navesky",,,
"280714cf-0a8e-4cb6-a505-9498492161f5","D07","WALK","WALK.AOS.reach","2021-03-09T13:58Z","2021-06-09","WALK.20210309.SURBER.4","A00000214274",,"TANSP8","Y","Tanytarsini sp.",,"tribe","Arthropoda","Hexapoda","Insecta","Pterygota","Neoptera","Holometabola","Diptera","Nematocera","Culicomorpha",,"Chironomidae","Chironominae","Tanytarsini",,,"sp.",,"larva",2,,3,88,3,"N","N",,"damaged, affecting taxonomy","N",,"Epler 2001","N","EcoAnalysts Inc.","G. Wallace","no antennae",,
"b5f871db-b80d-459c-aee7-963264ef810c","D07","WALK","WALK.AOS.reach","2021-03-09T13:58Z","2021-06-09","WALK.20210309.SURBER.4","A00000214274",,"OULSP","Y","Oulimnius sp.",,"genus","Arthropoda","Hexapoda","Insecta","Pterygota","Neoptera","Holometabola","Coleoptera","Polyphaga","Elateriformia","Byrrhoidea","Elmidae","Elminae","Elmini",,"Oulimnius","sp.",,"larva",2,,5,88,6,"N","N",,"condition OK","Y",,"Merritt and Cummins 2008","N","EcoAnalysts Inc.","A. Navesky",,,
"4cbeee75-a87b-4acf-a64b-0e13ef23951e","D07","WALK","WALK.AOS.reach","2021-03-09T13:58Z","2021-06-09","WALK.20210309.SURBER.3","A00000214269",,"TANSP8","Y","Tanytarsini sp.",,"tribe","Arthropoda","Hexapoda","Insecta","Pterygota","Neoptera","Holometabola","Diptera","Nematocera","Culicomorpha",,"Chironomidae","Chironominae","Tanytarsini",,,"sp.",,"larva",4,,1,81,1,"N","N",,"damaged, affecting taxonomy","N",,"Epler 2001","N","EcoAnalysts Inc.","G. Wallace","no antennae",,
"e395f836-73b6-4a0b-b7f6-c5f0c5bb15c5","D07","WALK","WALK.AOS.reach","2021-03-09T13:58Z","2021-06-08","WALK.20210309.SURBER.8","A00000214273",,"STESP10","Y","Stempellinella sp.",,"genus","Arthropoda","Hexapoda","Insecta","Pterygota","Neoptera","Holometabola","Diptera","Nematocera","Culicomorpha",,"Chironomidae","Chironominae","Tanytarsini",,"Stempellinella","sp.",,"larva",1,,79,50,158,"N","N",,"condition OK","Y",,"Epler 2001","N","EcoAnalysts Inc.","G. Wallace",,,
"9160825a-62a8-4cac-9c0a-f28bc2ceff89","D07","WALK","WALK.AOS.reach","2021-03-09T13:58Z","2021-06-08","WALK.20210309.SURBER.5","A00000214271",,"OULSP","Y","Oulimnius sp.",,"genus","Arthropoda","Hexapoda","Insecta","Pterygota","Neoptera","Holometabola","Coleoptera","Polyphaga","Elateriformia","Byrrhoidea","Elmidae","Elminae","Elmini",,"Oulimnius","sp.",,"adult",1,,2,25,8,"N","N",,"condition OK","Y",,"Merritt and Cummins 2008","N","EcoAnalysts Inc.","A. Navesky",,,
"49d4a5c6-0cab-4c73-a686-8330dce69cdf","D07","WALK","WALK.AOS.reach","2021-03-09T13:58Z","2021-06-09","WALK.20210309.SURBER.3","A00000214269",,"LEUSP8","Y","Leuctra sp.",,"genus","Arthropoda","Hexapoda","Insecta","Pterygota","Neoptera","Polyneoptera","Plecoptera","Euholognatha",,,"Leuctridae","Leuctrinae",,,"Leuctra","sp.",,"larva",1,,14,81,17,"N","N",,"condition OK","Y",,"Stewart and Stark 2002","N","EcoAnalysts Inc.","A. Navesky",,,
"8ffeae1d-d034-4263-aed8-2455416a3b9a","D07","WALK","WALK.AOS.reach","2021-03-09T13:58Z","2021-06-09","WALK.20210309.SURBER.2","A00000214270",,"TANSP11","Y","Tanytarsus sp.",,"genus","Arthropoda","Hexapoda","Insecta","Pterygota","Neoptera","Holometabola","Diptera","Nematocera","Culicomorpha",,"Chironomidae","Chironominae","Tanytarsini",,"Tanytarsus","sp.",,"larva",3,,2,38,5,"N","N",,"condition OK","Y",,"Epler 2001","N","EcoAnalysts Inc.","G. Wallace",,,
"5ce0bee5-595a-4ab5-8c41-b77fb57cc1dc","D07","WALK","WALK.AOS.reach","2021-03-09T13:58Z","2021-06-09","WALK.20210309.SURBER.3","A00000214269",,"HABSP1","Y","Habrophlebiodes sp.",,"genus","Arthropoda","Hexapoda","Insecta","Pterygota","Palaeoptera",,"Ephemeroptera","Furcatergalia","Lanceolata",,"Leptophlebiidae",,,,"Habrophlebiodes","sp.",,"larva",3,,2,81,2,"N","N",,"condition OK","Y",,"Merritt and Cummins 2008","N","EcoAnalysts Inc.","A. Navesky",,,
"0b957eaa-7337-48e5-8234-05d65a17a0dc","D07","WALK","WALK.AOS.reach","2021-03-09T13:58Z","2021-06-09","WALK.20210309.SURBER.1","A00000214272",,"DIPHAG","Y","Diphetor hageni",,"species","Arthropoda","Hexapoda","Insecta","Pterygota","Palaeoptera",,"Ephemeroptera","Pisciforma",,,"Baetidae",,,,"Diphetor","hageni",,"larva",1,,5,38,13,"N","N",,"condition OK","Y",,"Morihara and McCafferty 1979","Y","EcoAnalysts Inc.","A. Navesky",,,
"f7e891a2-f7b2-4a6e-9af4-8d041f1191eb","D07","WALK","WALK.AOS.reach","2021-03-09T13:58Z","2021-06-08","WALK.20210309.SURBER.5","A00000214271",,"DIPMOD","Y","Diplectrona modesta",,"species","Arthropoda","Hexapoda","Insecta","Pterygota","Neoptera","Holometabola","Trichoptera",,,"Hydropsychoidea","Hydropsychidae","Diplectroninae",,,"Diplectrona","modesta",,"larva",5,,1,25,4,"N","N",,"condition OK","Y",,"Wiggins 1996","N","EcoAnalysts Inc.","A. Navesky",,,
"740de9c1-af89-4dc6-bfa4-c816ca520ad2","D07","WALK","WALK.AOS.reach","2021-03-09T13:58Z","2021-06-08","WALK.20210309.SURBER.6","A00000214276",,"CORSP19","Y","Corynoneura sp.",,"genus","Arthropoda","Hexapoda","Insecta","Pterygota","Neoptera","Holometabola","Diptera","Nematocera","Culicomorpha",,"Chironomidae","Orthocladiinae",,,"Corynoneura","sp.",,"larva",2,,2,19,11,"N","N",,"condition OK","Y",,"Epler 2001","N","EcoAnalysts Inc.","G. Wallace",,,
"a4a330d4-33fa-415c-af3b-4978842f9e7c","D07","WALK","WALK.AOS.reach","2021-03-09T13:58Z","2021-06-09","WALK.20210309.SURBER.2","A00000214270",,"CORSP19","Y","Corynoneura sp.",,"genus","Arthropoda","Hexapoda","Insecta","Pterygota","Neoptera","Holometabola","Diptera","Nematocera","Culicomorpha",,"Chironomidae","Orthocladiinae",,,"Corynoneura","sp.",,"pupa",1,,1,38,3,"N","N",,"condition OK","Y",,"Epler 2001","N","EcoAnalysts Inc.","G. Wallace",,,
"2c73ec62-c86b-4b38-a825-774c6af7bf19","D07","WALK","WALK.AOS.reach","2021-03-09T13:58Z","2021-06-09","WALK.20210309.SURBER.3","A00000214269",,"SIASP1","Y","Sialis sp.",,"genus","Arthropoda","Hexapoda","Insecta","Pterygota","Neoptera","Neuropterida","Megaloptera",,,,"Sialidae",,,,"Sialis","sp.",,"larva",5,,1,81,1,"N","N",,"condition OK","Y",,"Merritt and Cummins 2008","N","EcoAnalysts Inc.","A. Navesky",,,
"41df20e4-b8da-4a9a-91f1-3fad86171209","D07","WALK","WALK.AOS.reach","2021-03-09T13:58Z","2021-06-08","WALK.20210309.SURBER.7","A00000214275",,"CAPSP2","Y","Capniidae sp.",,"family","Arthropoda","Hexapoda","Insecta","Pterygota","Neoptera","Polyneoptera","Plecoptera","Euholognatha",,,"Capniidae",,,,,"sp.",,"larva",1,,5,31,16,"Y","N",,"condition OK","Y",,"Stewart and Stark 2002","N","EcoAnalysts Inc.","A. Navesky",,,
"37e37df8-81ff-475d-bf87-7b9a23ff8851","D07","WALK","WALK.AOS.reach","2021-03-09T13:58Z","2021-06-08","WALK.20210309.SURBER.7","A00000214275",,"OULSP","Y","Oulimnius sp.",,"genus","Arthropoda","Hexapoda","Insecta","Pterygota","Neoptera","Holometabola","Coleoptera","Polyphaga","Elateriformia","Byrrhoidea","Elmidae","Elminae","Elmini",,"Oulimnius","sp.",,"adult",2,,14,31,45,"N","N",,"condition OK","Y",,"Merritt and Cummins 2008","N","EcoAnalysts Inc.","A. Navesky",,,
"42eb2d4b-5d00-4ba7-908d-e0b71f1a73ef","D07","WALK","WALK.AOS.reach","2021-03-09T13:58Z","2021-06-08","WALK.20210309.SURBER.5","A00000214271",,"CORSP19","Y","Corynoneura sp.",,"genus","Arthropoda","Hexapoda","Insecta","Pterygota","Neoptera","Holometabola","Diptera","Nematocera","Culicomorpha",,"Chironomidae","Orthocladiinae",,,"Corynoneura","sp.",,"larva",1,,2,25,8,"N","N",,"condition OK","Y",,"Epler 2001","N","EcoAnalysts Inc.","G. Wallace",,,
"1f442b30-c4be-43de-8494-d8a0c144ffd5","D07","WALK","WALK.AOS.reach","2021-03-09T13:58Z","2021-06-08","WALK.20210309.SURBER.8","A00000214273",,"ELISP","Y","Elimia sp.",,"genus","Mollusca",,"Gastropoda",,,,"Neotaenioglossa",,,,"Pleuroceridae",,,,"Elimia","sp.",,"none",10,,6,50,12,"N","N",,"condition OK","Y",,"Thorp and Covich 2001","N","EcoAnalysts Inc.","A. Navesky",,,
"c29b5f4f-91ca-46c5-933b-f97fd47dfa25","D07","WALK","WALK.AOS.reach","2021-03-09T13:58Z","2021-06-08","WALK.20210309.SURBER.6","A00000214276",,"MICSP6","Y","Micropsectra sp.",,"genus","Arthropoda","Hexapoda","Insecta","Pterygota","Neoptera","Holometabola","Diptera","Nematocera","Culicomorpha",,"Chironomidae","Chironominae","Tanytarsini",,"Micropsectra","sp.",,"larva",5,,1,19,5,"N","N",,"condition OK","Y",,"Epler 2001","N","EcoAnalysts Inc.","G. Wallace",,,
"9b8512e5-9465-4137-8b93-744231dc4a15","D07","WALK","WALK.AOS.reach","2021-03-09T13:58Z","2021-06-09","WALK.20210309.SURBER.4","A00000214274",,"THISP2","Y","Thienemanniella sp.",,"genus","Arthropoda","Hexapoda","Insecta","Pterygota","Neoptera","Holometabola","Diptera","Nematocera","Culicomorpha",,"Chironomidae","Orthocladiinae",,,"Thienemanniella","sp.",,"larva",1,,4,88,5,"N","N",,"condition OK","Y",,"Epler 2001","N","EcoAnalysts Inc.","G. Wallace",,,
"af393e38-5e31-4043-b7e8-4e752a96b149","D07","WALK","WALK.AOS.reach","2021-03-09T13:58Z","2021-06-08","WALK.20210309.SURBER.6","A00000214276",,"CERSP10","Y","Ceratopogoninae sp.",,"subfamily","Arthropoda","Hexapoda","Insecta","Pterygota","Neoptera","Holometabola","Diptera","Nematocera","Culicomorpha",,"Ceratopogonidae","Ceratopogoninae",,,,"sp.",,"larva",5,,2,19,11,"N","Y",,"condition OK","Y",,"Merritt and Cummins 2008","N","EcoAnalysts Inc.","A. Navesky",,,
"031f7d7e-3011-4e23-80a0-c1bac23165b0","D07","WALK","WALK.AOS.reach","2021-03-09T13:58Z","2021-06-08","WALK.20210309.SURBER.5","A00000214271",,"ELMSP","Y","Elmidae sp.",,"family","Arthropoda","Hexapoda","Insecta","Pterygota","Neoptera","Holometabola","Coleoptera","Polyphaga","Elateriformia","Byrrhoidea","Elmidae",,,,,"sp.",,"larva",1,,3,25,12,"Y","N",,"condition OK","N",,"Merritt and Cummins 2008","N","EcoAnalysts Inc.","A. Navesky",,,
"be6fa8ef-ae2d-49ec-a765-45a113dcab61","D07","WALK","WALK.AOS.reach","2021-03-09T13:58Z","2021-06-08","WALK.20210309.SURBER.5","A00000214271",,"BAETRI","Y","Baetis tricaudatus",,"species","Arthropoda","Hexapoda","Insecta","Pterygota","Palaeoptera",,"Ephemeroptera","Pisciforma",,,"Baetidae",,,,"Baetis","tricaudatus",,"larva",3,,4,25,16,"N","N",,"condition OK","Y",,"Wiersema 2004","N","EcoAnalysts Inc.","A. Navesky","B tricaudatus complex now inseparable",,
"3ecea5cf-2f06-4468-be85-c3c3fa599dc0","D07","WALK","WALK.AOS.reach","2021-03-09T13:58Z","2021-06-08","WALK.20210309.SURBER.7","A00000214275",,"PLESP2","Y","Pleuroceridae sp.",,"family","Mollusca",,"Gastropoda",,,,"Neotaenioglossa",,,,"Pleuroceridae",,,,,"sp.",,"none",2,,2,31,6,"Y","N",,"condition OK","N",,"Thorp and Covich 2001","N","EcoAnalysts Inc.","A. Navesky",,,
"0fe79212-f0e5-4988-99b4-c3206f760707","D07","WALK","WALK.AOS.reach","2021-03-09T13:58Z","2021-06-08","WALK.20210309.SURBER.7","A00000214275",,"HYDSP5","Y","Hydroptilidae sp.",,"family","Arthropoda","Hexapoda","Insecta","Pterygota","Neoptera","Holometabola","Trichoptera",,,"Hydroptiloidea","Hydroptilidae",,,,,"sp.",,"larva",1,,2,31,6,"Y","N",,"condition OK","Y",,"Wiggins 1996","N","EcoAnalysts Inc.","A. Navesky",,,
"402677ed-64f3-4125-a90c-dda4000bcce1","D07","WALK","WALK.AOS.reach","2021-03-09T13:58Z","2021-06-09","WALK.20210309.SURBER.3","A00000214269",,"ACASP1","Y","Acari sp.",,"subclass","Arthropoda","Chelicerata","Arachnida","Acari",,,,,,,,,,,,"sp.",,"none",1,,1,81,1,"N","Y",,"condition OK","Y",,"Thorp and Covich 2001","N","EcoAnalysts Inc.","A. Navesky",,,
"8f64c9c9-373b-444c-821f-f2552b8a8a12","D07","WALK","WALK.AOS.reach","2021-03-09T13:58Z","2021-06-09","WALK.20210309.SURBER.4","A00000214274",,"PLESP2","Y","Pleuroceridae sp.",,"family","Mollusca",,"Gastropoda",,,,"Neotaenioglossa",,,,"Pleuroceridae",,,,,"sp.",,"none",2,,4,88,5,"Y","N",,"condition OK","N",,"Thorp and Covich 2001","N","EcoAnalysts Inc.","A. Navesky",,,
"eb65aa0e-274a-49e4-a738-27e03aa1d814","D07","WALK","WALK.AOS.reach","2021-03-09T13:58Z","2021-06-09","WALK.20210309.SURBER.4","A00000214274","WALK.20210309.SURBER.4_OLIGOCHAETE_1/1","LUMSP2","Y","Lumbriculidae sp.",,"family","Annelida","Clitellata","Oligochaeta","Oligochaeta",,,"Lumbriculida",,,,"Lumbriculidae",,,,,"sp.",,"none",5,,1,88,1,"N","N",,"condition OK","Y",,"Kathman and Brinkhurst 1999","N","EcoAnalysts Inc.","G. Wallace",,,
"3f943eaa-b252-4019-ae23-dc73687976e6","D07","WALK","WALK.AOS.reach","2021-03-09T13:58Z","2021-06-08","WALK.20210309.SURBER.7","A00000214275",,"DIPMOD","Y","Diplectrona modesta",,"species","Arthropoda","Hexapoda","Insecta","Pterygota","Neoptera","Holometabola","Trichoptera",,,"Hydropsychoidea","Hydropsychidae","Diplectroninae",,,"Diplectrona","modesta",,"larva",12,,1,31,3,"N","N",,"condition OK","Y",,"Wiggins 1996","N","EcoAnalysts Inc.","A. Navesky",,,
"29f9bd3e-c72f-4f0e-a845-3e411168bf69","D07","WALK","WALK.AOS.reach","2021-03-09T13:58Z","2021-06-08","WALK.20210309.SURBER.7","A00000214275",,"PSEHER","Y","Psephenus herricki",,"species","Arthropoda","Hexapoda","Insecta","Pterygota","Neoptera","Holometabola","Coleoptera","Polyphaga","Elateriformia","Byrrhoidea","Psephenidae","Psepheninae",,,"Psephenus","herricki",,"larva",2,,1,31,3,"N","N",,"condition OK","Y",,"Brown 1972","N","EcoAnalysts Inc.","A. Navesky",,,
"2eb58300-842f-4024-9231-8b7f14bdeb46","D07","WALK","WALK.AOS.reach","2021-03-09T13:58Z","2021-06-09","WALK.20210309.SURBER.3","A00000214269",,"MICPED","Y","Microtendipes pedellus gr.",,"speciesGroup","Arthropoda","Hexapoda","Insecta","Pterygota","Neoptera","Holometabola","Diptera","Nematocera","Culicomorpha",,"Chironomidae","Chironominae","Chironomini",,"Microtendipes","pedellus gr.",,"larva",3,,1,81,1,"N","N",,"condition OK","Y",,"Epler 2001","N","EcoAnalysts Inc.","G. Wallace",,,
"94d1d7c8-ba1d-46d1-a2cd-cde465f0f3d4","D07","WALK","WALK.AOS.reach","2021-03-09T13:58Z","2021-06-08","WALK.20210309.SURBER.8","A00000214273",,"TANSP8","Y","Tanytarsini sp.",,"tribe","Arthropoda","Hexapoda","Insecta","Pterygota","Neoptera","Holometabola","Diptera","Nematocera","Culicomorpha",,"Chironomidae","Chironominae","Tanytarsini",,,"sp.",,"larva",5,,1,50,2,"N","N",,"damaged, affecting taxonomy","N",,"Epler 2001","N","EcoAnalysts Inc.","G. Wallace",,,
"e0ee394a-a358-41c6-a7ef-d1273af9ff14","D07","WALK","WALK.AOS.reach","2021-03-09T13:58Z","2021-06-08","WALK.20210309.SURBER.7","A00000214275",,"TURSP","Y","Turbellaria sp.",,"class","Platyhelminthes",,"Turbellaria",,,,,,,,,,,,,"sp.",,"none",2,,4,31,13,"N","Y",,"condition OK","Y",,"Thorp and Covich 2001","N","EcoAnalysts Inc.","A. Navesky",,,
"77903b29-7c2d-49db-a09c-fe88d44f4a3c","D07","WALK","WALK.AOS.reach","2021-03-09T13:58Z","2021-06-09","WALK.20210309.SURBER.3","A00000214269","WALK.20210309.SURBER.3_OLIGOCHAETE_1/2","PRISP1","Y","Pristina sp.",,"genus","Annelida","Clitellata","Oligochaeta","Oligochaeta",,,"Tubificida",,,,"Naididae","Pristininae",,,"Pristina","sp.",,"none",1,,1,81,1,"N","Y",,"damaged, affecting taxonomy","Y",,"Kathman and Brinkhurst 1998","N","EcoAnalysts Inc.","G. Wallace",,,
"b786c888-5d9a-43e0-b693-1d19438ee7ac","D07","WALK","WALK.AOS.reach","2021-03-09T13:58Z","2021-06-09","WALK.20210309.SURBER.2","A00000214270",,"PARSP33","Y","Paratendipes sp.",,"genus","Arthropoda","Hexapoda","Insecta","Pterygota","Neoptera","Holometabola","Diptera","Nematocera","Culicomorpha",,"Chironomidae","Chironominae","Chironomini",,"Paratendipes","sp.",,"larva",1,,2,38,5,"N","N",,"condition OK","Y",,"Epler 2001","N","EcoAnalysts Inc.","G. Wallace",,,
"4dd9d6e9-e4d2-4499-b177-1f5d549dc5eb","D07","WALK","WALK.AOS.reach","2021-03-09T13:58Z","2021-06-08","WALK.20210309.SURBER.8","A00000214273",,"ORISP1","Y","Oribatida sp.",,"suborder","Arthropoda","Chelicerata","Arachnida","Acari",,"Acariformes","Sarcoptiformes","Oribatida",,,,,,,,"sp.",,"none",1,,1,50,2,"N","Y",,"condition OK","Y",,"Thorp and Covich 2001","N","EcoAnalysts Inc.","A. Navesky","Oribatida",,
"d9e97f93-a4a5-4e1c-875e-6a238004834e","D07","WALK","WALK.AOS.reach","2021-03-09T13:58Z","2021-06-08","WALK.20210309.SURBER.5","A00000214271",,"ELISP","Y","Elimia sp.",,"genus","Mollusca",,"Gastropoda",,,,"Neotaenioglossa",,,,"Pleuroceridae",,,,"Elimia","sp.",,"none",9,,1,25,4,"N","N",,"condition OK","Y",,"Thorp and Covich 2001","N","EcoAnalysts Inc.","A. Navesky",,,
"64e75520-b9f9-48ee-a7ad-2924611e045b","D07","WALK","WALK.AOS.reach","2021-03-09T13:58Z","2021-06-09","WALK.20210309.SURBER.3","A00000214269",,"CHLSP","Y","Chloroperlidae sp.",,"family","Arthropoda","Hexapoda","Insecta","Pterygota","Neoptera","Polyneoptera","Plecoptera","Systellognatha",,,"Chloroperlidae",,,,,"sp.",,"larva",1,,5,81,6,"Y","N",,"condition OK","N",,"Stewart and Stark 2002","N","EcoAnalysts Inc.","A. Navesky",,,
"a189b369-5421-4700-866c-ac60192d815e","D07","WALK","WALK.AOS.reach","2021-03-09T13:58Z","2021-06-09","WALK.20210309.SURBER.1","A00000214272",,"SIMSP1","Y","Simulium sp.",,"genus","Arthropoda","Hexapoda","Insecta","Pterygota","Neoptera","Holometabola","Diptera","Nematocera","Culicomorpha",,"Simuliidae","Simuliinae","Simuliini",,"Simulium","sp.",,"larva",1,,1,38,3,"N","N",,"condition OK","Y",,"Merritt and Cummins 2008","Y","EcoAnalysts Inc.","A. Navesky",,,
"61806757-f553-4acd-bfab-f546d3c928bf","D07","WALK","WALK.AOS.reach","2021-03-09T13:58Z","2021-06-08","WALK.20210309.SURBER.7","A00000214275",,"GAMSP3","Y","Gammarus sp.",,"genus","Arthropoda","Crustacea","Malacostraca","Eumalacostraca",,"Peracarida","Amphipoda","Gammaridea",,,"Gammaridae",,,,"Gammarus","sp.",,"none",8,,1,31,3,"N","N",,"condition OK","Y",,"Thorp and Covich 2001","N","EcoAnalysts Inc.","A. Navesky",,,
"4ddeb6c7-5b92-4f53-a1bd-dacdb6bf13b2","D07","WALK","WALK.AOS.reach","2021-03-09T13:58Z","2021-06-09","WALK.20210309.SURBER.4","A00000214274",,"STASP4","Y","Stactobiella sp.",,"genus","Arthropoda","Hexapoda","Insecta","Pterygota","Neoptera","Holometabola","Trichoptera",,,"Hydroptiloidea","Hydroptilidae","Hydroptilinae","Stactobiini",,"Stactobiella","sp.",,"larva",1,,1,88,1,"N","N",,"condition OK","Y",,"Wiggins 1996","N","EcoAnalysts Inc.","A. Navesky",,,
"d71a5206-a602-4c7a-b00d-4e8a28575858","D07","WALK","WALK.AOS.reach","2021-03-09T13:58Z","2021-06-08","WALK.20210309.SURBER.5","A00000214271",,"ELISP","Y","Elimia sp.",,"genus","Mollusca",,"Gastropoda",,,,"Neotaenioglossa",,,,"Pleuroceridae",,,,"Elimia","sp.",,"none",10,,1,25,4,"N","N",,"condition OK","Y",,"Thorp and Covich 2001","N","EcoAnalysts Inc.","A. Navesky",,,
"1bcb2e4a-3454-4609-aeaf-79dc132e8843","D07","WALK","WALK.AOS.reach","2021-03-09T13:58Z","2021-06-08","WALK.20210309.SURBER.7","A00000214275",,"ELISP","Y","Elimia sp.",,"genus","Mollusca",,"Gastropoda",,,,"Neotaenioglossa",,,,"Pleuroceridae",,,,"Elimia","sp.",,"none",9,,1,31,3,"N","N",,"condition OK","Y",,"Thorp and Covich 2001","N","EcoAnalysts Inc.","A. Navesky",,,
"3f82bee3-6b74-4dd4-a1f7-e3f803a0b218","D07","WALK","WALK.AOS.reach","2021-03-09T13:58Z","2021-06-08","WALK.20210309.SURBER.5","A00000214271",,"TANSP11","Y","Tanytarsus sp.",,"genus","Arthropoda","Hexapoda","Insecta","Pterygota","Neoptera","Holometabola","Diptera","Nematocera","Culicomorpha",,"Chironomidae","Chironominae","Tanytarsini",,"Tanytarsus","sp.",,"larva",2,,17,25,68,"N","N",,"condition OK","Y",,"Epler 2001","N","EcoAnalysts Inc.","G. Wallace",,,
"015a6c4a-aa33-4783-921a-e4651a978e69","D07","WALK","WALK.AOS.reach","2021-03-09T13:58Z","2021-06-09","WALK.20210309.SURBER.1","A00000214272",,"PARSP26","Y","Parametriocnemus sp.",,"genus","Arthropoda","Hexapoda","Insecta","Pterygota","Neoptera","Holometabola","Diptera","Nematocera","Culicomorpha",,"Chironomidae","Orthocladiinae",,,"Parametriocnemus","sp.",,"larva",4,,2,38,5,"N","N",,"condition OK","Y",,"Epler 2001","Y","EcoAnalysts Inc.","G. Wallace",,,
"00f08600-2206-4bfe-9de9-003f8d3368ca","D07","WALK","WALK.AOS.reach","2021-03-09T13:58Z","2021-06-08","WALK.20210309.SURBER.8","A00000214273",,"ECTSP2","Y","Ectopria sp.",,"genus","Arthropoda","Hexapoda","Insecta","Pterygota","Neoptera","Holometabola","Coleoptera","Polyphaga","Elateriformia","Byrrhoidea","Psephenidae","Eubriinae",,,"Ectopria","sp.",,"larva",1,,13,50,26,"N","N",,"condition OK","Y",,"Merritt and Cummins 2008","N","EcoAnalysts Inc.","A. Navesky",,,
"2b1c781f-3a15-4e10-bc0f-232b34ed1924","D07","WALK","WALK.AOS.reach","2021-03-09T13:58Z","2021-06-08","WALK.20210309.SURBER.7","A00000214275",,"DIPMOD","Y","Diplectrona modesta",,"species","Arthropoda","Hexapoda","Insecta","Pterygota","Neoptera","Holometabola","Trichoptera",,,"Hydropsychoidea","Hydropsychidae","Diplectroninae",,,"Diplectrona","modesta",,"larva",7,,1,31,3,"N","N",,"condition OK","Y",,"Wiggins 1996","N","EcoAnalysts Inc.","A. Navesky",,,
"af8ad24c-f5cf-4ec9-ae7e-942de31271dd","D07","WALK","WALK.AOS.reach","2021-03-09T13:58Z","2021-06-09","WALK.20210309.SURBER.1","A00000214272",,"TANSP11","Y","Tanytarsus sp.",,"genus","Arthropoda","Hexapoda","Insecta","Pterygota","Neoptera","Holometabola","Diptera","Nematocera","Culicomorpha",,"Chironomidae","Chironominae","Tanytarsini",,"Tanytarsus","sp.",,"larva",2,,1,38,3,"N","N",,"condition OK","Y",,"Epler 2001","Y","EcoAnalysts Inc.","G. Wallace",,,
"ed787e81-b04b-42e7-baf1-314f092764dc","D07","WALK","WALK.AOS.reach","2021-03-09T13:58Z","2021-06-08","WALK.20210309.SURBER.8","A00000214273","WALK.20210309.SURBER.8_OLIGOCHAETE_1/1","LUMSP2","Y","Lumbriculidae sp.",,"family","Annelida","Clitellata","Oligochaeta","Oligochaeta",,,"Lumbriculida",,,,"Lumbriculidae",,,,,"sp.",,"none",2,,1,50,2,"N","N",,"condition OK","Y",,"Kathman and Brinkhurst 1999","N","EcoAnalysts Inc.","G. Wallace",,,
"1cdf6bfc-4134-4723-8569-c05af2e3576a","D07","WALK","WALK.AOS.reach","2021-03-09T13:58Z","2021-06-09","WALK.20210309.SURBER.4","A00000214274",,"PELSP1","Y","Peltoperlidae sp.",,"family","Arthropoda","Hexapoda","Insecta","Pterygota","Neoptera","Polyneoptera","Plecoptera","Systellognatha",,,"Peltoperlidae",,,,,"sp.",,"larva",1,,16,88,18,"Y","N",,"condition OK","N",,"Stewart and Stark 2002","N","EcoAnalysts Inc.","A. Navesky",,,
"ee3d8d7f-b8c6-42c5-8576-aad34a3cb57f","D07","WALK","WALK.AOS.reach","2021-03-09T13:58Z","2021-06-09","WALK.20210309.SURBER.3","A00000214269",,"PSESP20","Y","Pseudolimnophila sp.",,"genus","Arthropoda","Hexapoda","Insecta","Pterygota","Neoptera","Holometabola","Diptera","Nematocera","Tipulomorpha",,"Tipulidae","Limoniinae","Hexatomini",,"Pseudolimnophila","sp.",,"larva",10,,1,81,1,"N","N",,"condition OK","Y",,"Gelhaus 2008","N","EcoAnalysts Inc.","A. Navesky",,,
"91c67d80-9589-4db6-81bc-f917aa658129","D07","WALK","WALK.AOS.reach","2021-03-09T13:58Z","2021-06-08","WALK.20210309.SURBER.5","A00000214271",,"ORISP1","Y","Oribatida sp.",,"suborder","Arthropoda","Chelicerata","Arachnida","Acari",,"Acariformes","Sarcoptiformes","Oribatida",,,,,,,,"sp.",,"none",1,,1,25,4,"N","Y",,"condition OK","Y",,"Thorp and Covich 2001","N","EcoAnalysts Inc.","A. Navesky","Oribatida",,
"6494512f-8554-4c77-9727-0c382bcd530f","D07","WALK","WALK.AOS.reach","2021-03-09T13:58Z","2021-06-09","WALK.20210309.SURBER.3","A00000214269",,"LEPSP20","Y","Lepidostoma sp.",,"genus","Arthropoda","Hexapoda","Insecta","Pterygota","Neoptera","Holometabola","Trichoptera",,,"Limnephiloidea","Lepidostomatidae","Lepidostomatinae",,,"Lepidostoma","sp.",,"larva",2,,2,81,2,"N","N",,"condition OK","Y",,"Wiggins 1996","N","EcoAnalysts Inc.","A. Navesky",,,
"09fb7bbb-d373-43ba-8cf2-37eb35ffde26","D07","WALK","WALK.AOS.reach","2021-03-09T13:58Z","2021-06-08","WALK.20210309.SURBER.5","A00000214271",,"GAMSP1","Y","Gammaridae sp.",,"family","Arthropoda","Crustacea","Malacostraca","Eumalacostraca",,"Peracarida","Amphipoda","Gammaridea",,,"Gammaridae",,,,,"sp.",,"none",7,,2,25,8,"N","N",,"damaged, affecting taxonomy","N",,"Thorp and Covich 2001","N","EcoAnalysts Inc.","A. Navesky","missing 3rd pr uropods",,
"e7d515b9-e434-487a-8a82-d5d3058680ba","D07","WALK","WALK.AOS.reach","2021-03-09T13:58Z","2021-06-09","WALK.20210309.SURBER.3","A00000214269",,"STESP11","Y","Stenacron sp.",,"genus","Arthropoda","Hexapoda","Insecta","Pterygota","Palaeoptera",,"Ephemeroptera","Pisciforma",,"Heptagenioidea","Heptageniidae",,,,"Stenacron","sp.",,"larva",2,,2,81,2,"Y","N",,"condition OK","Y",,"Merritt and Cummins 2008","N","EcoAnalysts Inc.","A. Navesky",,,
"b1a35698-0b88-4d51-a526-ecb367ea69f6","D07","WALK","WALK.AOS.reach","2021-03-09T13:58Z","2021-06-09","WALK.20210309.SURBER.3","A00000214269",,"STESP10","Y","Stempellinella sp.",,"genus","Arthropoda","Hexapoda","Insecta","Pterygota","Neoptera","Holometabola","Diptera","Nematocera","Culicomorpha",,"Chironomidae","Chironominae","Tanytarsini",,"Stempellinella","sp.",,"larva",1,,33,81,41,"N","N",,"condition OK","Y",,"Epler 2001","N","EcoAnalysts Inc.","G. Wallace",,,
"2df02e39-42ce-4cbc-a958-7e2d6e90151e","D07","WALK","WALK.AOS.reach","2021-03-09T13:58Z","2021-06-08","WALK.20210309.SURBER.8","A00000214273",,"PSEHER","Y","Psephenus herricki",,"species","Arthropoda","Hexapoda","Insecta","Pterygota","Neoptera","Holometabola","Coleoptera","Polyphaga","Elateriformia","Byrrhoidea","Psephenidae","Psepheninae",,,"Psephenus","herricki",,"larva",1,,1,50,2,"N","N",,"condition OK","Y",,"Brown 1972","N","EcoAnalysts Inc.","A. Navesky",,,
"b2673c4c-3332-452b-897d-7ba0623e555c","D07","WALK","WALK.AOS.reach","2021-03-09T13:58Z","2021-06-09","WALK.20210309.SURBER.2","A00000214270",,"ELISP","Y","Elimia sp.",,"genus","Mollusca",,"Gastropoda",,,,"Neotaenioglossa",,,,"Pleuroceridae",,,,"Elimia","sp.",,"none",10,,5,38,13,"N","N",,"condition OK","Y",,"Thorp and Covich 2001","N","EcoAnalysts Inc.","A. Navesky",,,
"29c93c6b-59cd-4bcb-9d86-25792b779e1b","D07","WALK","WALK.AOS.reach","2021-03-09T13:58Z","2021-06-09","WALK.20210309.SURBER.2","A00000214270",,"BAETRI","Y","Baetis tricaudatus",,"species","Arthropoda","Hexapoda","Insecta","Pterygota","Palaeoptera",,"Ephemeroptera","Pisciforma",,,"Baetidae",,,,"Baetis","tricaudatus",,"larva",2,,1,38,3,"N","N",,"condition OK","Y",,"Wiersema 2004","N","EcoAnalysts Inc.","A. Navesky","B tricaudatus complex now inseparable",,
"87732528-600b-40c8-b33c-4c268decacbe","D07","WALK","WALK.AOS.reach","2021-03-09T13:58Z","2021-06-09","WALK.20210309.SURBER.4","A00000214274",,"BAESP","Y","Baetidae sp.",,"family","Arthropoda","Hexapoda","Insecta","Pterygota","Palaeoptera",,"Ephemeroptera","Pisciforma",,,"Baetidae",,,,,"sp.",,"larva",1,,15,88,17,"Y","N",,"condition OK","N",,"Merritt and Cummins 2008","N","EcoAnalysts Inc.","A. Navesky",,,
"828ad72d-eb23-4e02-b066-c583b32c204e","D07","WALK","WALK.AOS.reach","2021-03-09T13:58Z","2021-06-08","WALK.20210309.SURBER.8","A00000214273",,"TORSP6","Y","Torrenticola sp.",,"genus","Arthropoda","Chelicerata","Arachnida","Acari",,"Acariformes","Trombidiformes","Prostigmata",,"Lebertioidea","Torrenticolidae",,,,"Torrenticola","sp.",,"none",1,,6,50,12,"N","N",,"condition OK","Y",,"Thorp and Covich 2001","N","EcoAnalysts Inc.","A. Navesky",,,
"3ff03342-6194-4919-9df1-c500ed0eda19","D07","WALK","WALK.AOS.reach","2021-03-09T13:58Z","2021-06-09","WALK.20210309.SURBER.1","A00000214272",,"THISP2","Y","Thienemanniella sp.",,"genus","Arthropoda","Hexapoda","Insecta","Pterygota","Neoptera","Holometabola","Diptera","Nematocera","Culicomorpha",,"Chironomidae","Orthocladiinae",,,"Thienemanniella","sp.",,"larva",2,,7,38,19,"N","N",,"condition OK","Y",,"Epler 2001","Y","EcoAnalysts Inc.","G. Wallace",,,
"d6f60d9a-945c-434b-a563-165cfa6b7fae","D07","WALK","WALK.AOS.reach","2021-03-09T13:58Z","2021-06-08","WALK.20210309.SURBER.6","A00000214276",,"PROSP37","Y","Prostoma sp.",,"genus","Nemertea",,"Enopla",,,,"Hoplonemertea","Monostilifera",,,"Tetrastemmatidae",,,,"Prostoma","sp.",,"none",3,,1,19,5,"N","N",,"condition OK","Y",,"Pennak 1997; Thorp and Covich 2001","N","EcoAnalysts Inc.","A. Navesky",,,
"a06f153f-ebdb-49b9-a9f5-f98268ce87cb","D07","WALK","WALK.AOS.reach","2021-03-09T13:58Z","2021-06-09","WALK.20210309.SURBER.3","A00000214269",,"THISP2","Y","Thienemanniella sp.",,"genus","Arthropoda","Hexapoda","Insecta","Pterygota","Neoptera","Holometabola","Diptera","Nematocera","Culicomorpha",,"Chironomidae","Orthocladiinae",,,"Thienemanniella","sp.",,"pupa",2,,1,81,1,"N","N",,"condition OK","Y",,"Epler 2001","N","EcoAnalysts Inc.","G. Wallace",,,
"81c5b6d8-e6a5-45fe-9932-29f42881f49a","D07","WALK","WALK.AOS.reach","2021-03-09T13:58Z","2021-06-08","WALK.20210309.SURBER.6","A00000214276",,"LEUSP8","Y","Leuctra sp.",,"genus","Arthropoda","Hexapoda","Insecta","Pterygota","Neoptera","Polyneoptera","Plecoptera","Euholognatha",,,"Leuctridae","Leuctrinae",,,"Leuctra","sp.",,"larva",2,,29,19,155,"N","N",,"condition OK","Y",,"Stewart and Stark 2002","N","EcoAnalysts Inc.","A. Navesky",,,
"cb6def7c-c9a4-4523-a594-a17912b51a1b","D07","WALK","WALK.AOS.reach","2021-03-09T13:58Z","2021-06-09","WALK.20210309.SURBER.3","A00000214269",,"TANSP11","Y","Tanytarsus sp.",,"genus","Arthropoda","Hexapoda","Insecta","Pterygota","Neoptera","Holometabola","Diptera","Nematocera","Culicomorpha",,"Chironomidae","Chironominae","Tanytarsini",,"Tanytarsus","sp.",,"larva",3,,4,81,5,"N","N",,"condition OK","Y",,"Epler 2001","N","EcoAnalysts Inc.","G. Wallace",,,
"bfcc6288-b57f-4b30-945f-094ae74728ff","D07","WALK","WALK.AOS.reach","2021-03-09T13:58Z","2021-06-08","WALK.20210309.SURBER.6","A00000214276",,"AGASP4","Y","Agapetus sp.",,"genus","Arthropoda","Hexapoda","Insecta","Pterygota","Neoptera","Holometabola","Trichoptera",,,"Glossosomatoidea","Glossosomatidae","Agapetinae",,,"Agapetus","sp.",,"larva",4,,1,19,5,"N","N",,"condition OK","Y",,"Wiggins 1996","N","EcoAnalysts Inc.","A. Navesky",,,
"6b16f01c-bf66-4d2c-b388-76f5ec4068b0","D07","WALK","WALK.AOS.reach","2021-03-09T13:58Z","2021-06-08","WALK.20210309.SURBER.8","A00000214273",,"ATRSP3","Y","Atractides sp.",,"genus","Arthropoda","Chelicerata","Arachnida","Acari",,"Acariformes","Trombidiformes","Prostigmata",,"Hygrobatoidea","Hygrobatidae",,,,"Atractides","sp.",,"none",1,,2,50,4,"N","N",,"condition OK","Y",,"Thorp and Covich 2001","N","EcoAnalysts Inc.","A. Navesky",,,
"46f0c0d0-a2ef-43d8-bfac-3b89a9dfe2b8","D07","WALK","WALK.AOS.reach","2021-03-09T13:58Z","2021-06-09","WALK.20210309.SURBER.3","A00000214269",,"ELISP","Y","Elimia sp.",,"genus","Mollusca",,"Gastropoda",,,,"Neotaenioglossa",,,,"Pleuroceridae",,,,"Elimia","sp.",,"none",11,,1,81,1,"N","N",,"condition OK","Y",,"Thorp and Covich 2001","N","EcoAnalysts Inc.","A. Navesky",,,
"dab4fb28-bc8d-47db-9e33-d1426b50eab0","D07","WALK","WALK.AOS.reach","2021-03-09T13:58Z","2021-06-09","WALK.20210309.SURBER.3","A00000214269",,"PLESP2","Y","Pleuroceridae sp.",,"family","Mollusca",,"Gastropoda",,,,"Neotaenioglossa",,,,"Pleuroceridae",,,,,"sp.",,"none",5,,2,81,2,"Y","N",,"condition OK","N",,"Thorp and Covich 2001","N","EcoAnalysts Inc.","A. Navesky",,,
"3ea246c5-fa8d-4a11-a1ce-cbd5e07ee3cd","D07","WALK","WALK.AOS.reach","2021-03-09T13:58Z","2021-06-09","WALK.20210309.SURBER.1","A00000214272",,"ELISP","Y","Elimia sp.",,"genus","Mollusca",,"Gastropoda",,,,"Neotaenioglossa",,,,"Pleuroceridae",,,,"Elimia","sp.",,"none",11,,1,38,3,"N","N",,"condition OK","Y",,"Thorp and Covich 2001","Y","EcoAnalysts Inc.","A. Navesky",,,
"c86cdfc6-57cd-49d6-ac31-2b1db03282eb","D07","WALK","WALK.AOS.reach","2021-03-09T13:58Z","2021-06-09","WALK.20210309.SURBER.3","A00000214269",,"ELISP","Y","Elimia sp.",,"genus","Mollusca",,"Gastropoda",,,,"Neotaenioglossa",,,,"Pleuroceridae",,,,"Elimia","sp.",,"none",10,,2,81,2,"N","N",,"condition OK","Y",,"Thorp and Covich 2001","N","EcoAnalysts Inc.","A. Navesky",,,
"2054e6c8-948d-4b92-ae54-1a39782fc565","D07","WALK","WALK.AOS.reach","2021-03-09T13:58Z","2021-06-09","WALK.20210309.SURBER.1","A00000214272",,"GAMSP3","Y","Gammarus sp.",,"genus","Arthropoda","Crustacea","Malacostraca","Eumalacostraca",,"Peracarida","Amphipoda","Gammaridea",,,"Gammaridae",,,,"Gammarus","sp.",,"none",2,,29,38,77,"N","N",,"condition OK","Y",,"Thorp and Covich 2001","Y","EcoAnalysts Inc.","A. Navesky",,,
"ab3d4d4c-203f-4442-bb4d-1ecc15d77fcb","D07","WALK","WALK.AOS.reach","2021-03-09T13:58Z","2021-06-08","WALK.20210309.SURBER.7","A00000214275",,"CHLSP","Y","Chloroperlidae sp.",,"family","Arthropoda","Hexapoda","Insecta","Pterygota","Neoptera","Polyneoptera","Plecoptera","Systellognatha",,,"Chloroperlidae",,,,,"sp.",,"larva",1,,1,31,3,"Y","N",,"condition OK","N",,"Stewart and Stark 2002","N","EcoAnalysts Inc.","A. Navesky",,,
"c7ddb325-2b9f-4ed2-b973-e63ca910274f","D07","WALK","WALK.AOS.reach","2021-03-09T13:58Z","2021-06-08","WALK.20210309.SURBER.5","A00000214271",,"THIGRO","Y","Thienemannimyia gr.",,"speciesGroup","Arthropoda","Hexapoda","Insecta","Pterygota","Neoptera","Holometabola","Diptera","Nematocera","Culicomorpha",,"Chironomidae","Tanypodinae","Pentaneurini",,"Thienemannimyia","gr.",,"larva",1,,2,25,8,"N","N",,"condition OK","Y",,"Epler 2001","N","EcoAnalysts Inc.","G. Wallace","tiny",,
"84481cf7-8937-464d-bc53-77486e7ce811","D07","WALK","WALK.AOS.reach","2021-03-09T13:58Z","2021-06-08","WALK.20210309.SURBER.5","A00000214271",,"PLESP2","Y","Pleuroceridae sp.",,"family","Mollusca",,"Gastropoda",,,,"Neotaenioglossa",,,,"Pleuroceridae",,,,,"sp.",,"none",7,,1,25,4,"Y","N",,"condition OK","N",,"Thorp and Covich 2001","N","EcoAnalysts Inc.","A. Navesky",,,
"0e432043-eeef-4f08-8684-2ccf2e918740","D07","WALK","WALK.AOS.reach","2021-03-09T13:58Z","2021-06-08","WALK.20210309.SURBER.6","A00000214276","WALK.20210309.SURBER.6_OLIGOCHAETE_1/1","PRISP1","Y","Pristina sp.",,"genus","Annelida","Clitellata","Oligochaeta","Oligochaeta",,,"Tubificida",,,,"Naididae","Pristininae",,,"Pristina","sp.",,"none",1,,1,19,5,"N","N",,"condition OK","N",,"Kathman and Brinkhurst 1998","N","EcoAnalysts Inc.","G. Wallace","no intact needles",,
"110dab40-b4d1-4278-bdca-845d4b8a2a0b","D07","WALK","WALK.AOS.reach","2021-03-09T13:58Z","2021-06-08","WALK.20210309.SURBER.5","A00000214271",,"DIPHAG","Y","Diphetor hageni",,"species","Arthropoda","Hexapoda","Insecta","Pterygota","Palaeoptera",,"Ephemeroptera","Pisciforma",,,"Baetidae",,,,"Diphetor","hageni",,"larva",2,,2,25,8,"N","N",,"condition OK","Y",,"Morihara and McCafferty 1979","N","EcoAnalysts Inc.","A. Navesky",,,
"32923d90-cc07-4999-91c1-054a563a30d5","D07","WALK","WALK.AOS.reach","2021-03-09T13:58Z","2021-06-09","WALK.20210309.SURBER.3","A00000214269",,"NILFIM","Y","Nilotanypus fimbriatus",,"species","Arthropoda","Hexapoda","Insecta","Pterygota","Neoptera","Holometabola","Diptera","Nematocera","Culicomorpha",,"Chironomidae","Tanypodinae","Pentaneurini",,"Nilotanypus","fimbriatus",,"larva",2,,2,81,2,"N","N",,"condition OK","Y",,"Epler 2001","N","EcoAnalysts Inc.","G. Wallace",,,
"e70de91c-ae07-44fb-bd62-4a1b388cab34","D07","WALK","WALK.AOS.reach","2021-03-09T13:58Z","2021-06-08","WALK.20210309.SURBER.7","A00000214275",,"GAMSP3","Y","Gammarus sp.",,"genus","Arthropoda","Crustacea","Malacostraca","Eumalacostraca",,"Peracarida","Amphipoda","Gammaridea",,,"Gammaridae",,,,"Gammarus","sp.",,"none",5,,2,31,6,"N","N",,"condition OK","Y",,"Thorp and Covich 2001","N","EcoAnalysts Inc.","A. Navesky",,,
"ab199cc6-a38a-46b8-8a6a-4a5e950c3d50","D07","WALK","WALK.AOS.reach","2021-03-09T13:58Z","2021-06-09","WALK.20210309.SURBER.2","A00000214270",,"STASP4","Y","Stactobiella sp.",,"genus","Arthropoda","Hexapoda","Insecta","Pterygota","Neoptera","Holometabola","Trichoptera",,,"Hydroptiloidea","Hydroptilidae","Hydroptilinae","Stactobiini",,"Stactobiella","sp.",,"larva",1,,1,38,3,"N","N",,"condition OK","Y",,"Wiggins 1996","N","EcoAnalysts Inc.","A. Navesky",,,
"a30eaaa6-d217-4859-952b-f2dee7433492","D07","WALK","WALK.AOS.reach","2021-03-09T13:58Z","2021-06-08","WALK.20210309.SURBER.7","A00000214275",,"TALSP1","Y","Tallaperla sp.",,"genus","Arthropoda","Hexapoda","Insecta","Pterygota","Neoptera","Polyneoptera","Plecoptera","Systellognatha",,,"Peltoperlidae","Peltoperlinae",,,"Tallaperla","sp.",,"larva",9,,1,31,3,"N","N",,"condition OK","Y",,"Stewart and Stark 2002","N","EcoAnalysts Inc.","A. Navesky",,,
"26b87358-9bdb-47a1-a1a1-55d0e018087f","D07","WALK","WALK.AOS.reach","2021-03-09T13:58Z","2021-06-08","WALK.20210309.SURBER.5","A00000214271",,"DIPMOD","Y","Diplectrona modesta",,"species","Arthropoda","Hexapoda","Insecta","Pterygota","Neoptera","Holometabola","Trichoptera",,,"Hydropsychoidea","Hydropsychidae","Diplectroninae",,,"Diplectrona","modesta",,"larva",12,,1,25,4,"N","N",,"condition OK","Y",,"Wiggins 1996","N","EcoAnalysts Inc.","A. Navesky",,,
"ce907e3e-11be-4445-a425-4f544a77c228","D07","WALK","WALK.AOS.reach","2021-03-09T13:58Z","2021-06-08","WALK.20210309.SURBER.7","A00000214275",,"SIMSP1","Y","Simulium sp.",,"genus","Arthropoda","Hexapoda","Insecta","Pterygota","Neoptera","Holometabola","Diptera","Nematocera","Culicomorpha",,"Simuliidae","Simuliinae","Simuliini",,"Simulium","sp.",,"larva",4,,1,31,3,"N","N",,"condition OK","Y",,"Merritt and Cummins 2008","N","EcoAnalysts Inc.","A. Navesky",,,
"4004854d-4f47-4a4e-9a54-fe684d9cddbb","D07","WALK","WALK.AOS.reach","2021-03-09T13:58Z","2021-06-09","WALK.20210309.SURBER.1","A00000214272",,"AGNSP","Y","Agnetina sp.",,"genus","Arthropoda","Hexapoda","Insecta","Pterygota","Neoptera","Polyneoptera","Plecoptera","Systellognatha",,,"Perlidae","Perlinae","Perlini",,"Agnetina","sp.",,"larva",2,,2,38,5,"Y","N",,"condition OK","Y",,"Stewart and Stark 2002","Y","EcoAnalysts Inc.","A. Navesky",,,
"b0c4ce07-bec8-4c7e-b51c-78c169da87bd","D07","WALK","WALK.AOS.reach","2021-03-09T13:58Z","2021-06-08","WALK.20210309.SURBER.5","A00000214271",,"LEUSP8","Y","Leuctra sp.",,"genus","Arthropoda","Hexapoda","Insecta","Pterygota","Neoptera","Polyneoptera","Plecoptera","Euholognatha",,,"Leuctridae","Leuctrinae",,,"Leuctra","sp.",,"larva",1,,9,25,36,"N","N",,"condition OK","Y",,"Stewart and Stark 2002","N","EcoAnalysts Inc.","A. Navesky",,,
"1934aaa6-770f-4a45-ad4b-d7db33ca0739","D07","WALK","WALK.AOS.reach","2021-03-09T13:58Z","2021-06-08","WALK.20210309.SURBER.5","A00000214271",,"LEPSP20","Y","Lepidostoma sp.",,"genus","Arthropoda","Hexapoda","Insecta","Pterygota","Neoptera","Holometabola","Trichoptera",,,"Limnephiloidea","Lepidostomatidae","Lepidostomatinae",,,"Lepidostoma","sp.",,"larva",1,,1,25,4,"N","N",,"condition OK","Y",,"Wiggins 1996","N","EcoAnalysts Inc.","A. Navesky",,,
"3c27e331-2cf2-49e9-bb10-86fe42faa678","D07","WALK","WALK.AOS.reach","2021-03-09T13:58Z","2021-06-08","WALK.20210309.SURBER.7","A00000214275",,"POLSP12","Y","Polycentropus sp.",,"genus","Arthropoda","Hexapoda","Insecta","Pterygota","Neoptera","Holometabola","Trichoptera",,,"Hydropsychoidea","Polycentropodidae","Polycentropodinae",,,"Polycentropus","sp.",,"larva",3,,1,31,3,"N","N",,"condition OK","Y",,"Wiggins 1996","N","EcoAnalysts Inc.","A. Navesky","inseparable from Plectrocnemia Holocentropus Cernotina",,
"9df1a190-97ae-4b58-8ee9-450c6812c08c","D07","WALK","WALK.AOS.reach","2021-03-09T13:58Z","2021-06-09","WALK.20210309.SURBER.2","A00000214270",,"ELMSP","Y","Elmidae sp.",,"family","Arthropoda","Hexapoda","Insecta","Pterygota","Neoptera","Holometabola","Coleoptera","Polyphaga","Elateriformia","Byrrhoidea","Elmidae",,,,,"sp.",,"larva",1,,5,38,13,"Y","N",,"condition OK","N",,"Merritt and Cummins 2008","N","EcoAnalysts Inc.","A. Navesky",,,
"3949c73e-ebcb-4527-953f-a2aa11ec369d","D07","WALK","WALK.AOS.reach","2021-03-09T13:58Z","2021-06-09","WALK.20210309.SURBER.2","A00000214270",,"STESP10","Y","Stempellinella sp.",,"genus","Arthropoda","Hexapoda","Insecta","Pterygota","Neoptera","Holometabola","Diptera","Nematocera","Culicomorpha",,"Chironomidae","Chironominae","Tanytarsini",,"Stempellinella","sp.",,"larva",2,,1,38,3,"N","N",,"condition OK","Y",,"Epler 2001","N","EcoAnalysts Inc.","G. Wallace",,,
"3eb38efd-dc8f-4ba9-b609-ee65c1ef3cb2","D07","WALK","WALK.AOS.reach","2021-03-09T13:58Z","2021-06-09","WALK.20210309.SURBER.2","A00000214270",,"NILFIM","Y","Nilotanypus fimbriatus",,"species","Arthropoda","Hexapoda","Insecta","Pterygota","Neoptera","Holometabola","Diptera","Nematocera","Culicomorpha",,"Chironomidae","Tanypodinae","Pentaneurini",,"Nilotanypus","fimbriatus",,"larva",2,,2,38,5,"N","N",,"condition OK","Y",,"Epler 2001","N","EcoAnalysts Inc.","G. Wallace",,,
"0c0ee099-2f03-41dd-9741-6917d84124e1","D07","WALK","WALK.AOS.reach","2021-03-09T13:58Z","2021-06-08","WALK.20210309.SURBER.8","A00000214273","WALK.20210309.SURBER.8_OLIGOCHAETE_1/1","LUMSP2","Y","Lumbriculidae sp.",,"family","Annelida","Clitellata","Oligochaeta","Oligochaeta",,,"Lumbriculida",,,,"Lumbriculidae",,,,,"sp.",,"none",13,,1,50,2,"N","N",,"condition OK","Y",,"Kathman and Brinkhurst 1999","N","EcoAnalysts Inc.","G. Wallace",,,
"c428e1ab-9f94-4ca8-90cd-8d1668f2dd93","D07","WALK","WALK.AOS.reach","2021-03-09T13:58Z","2021-06-09","WALK.20210309.SURBER.1","A00000214272",,"HABSP1","Y","Habrophlebiodes sp.",,"genus","Arthropoda","Hexapoda","Insecta","Pterygota","Palaeoptera",,"Ephemeroptera","Furcatergalia","Lanceolata",,"Leptophlebiidae",,,,"Habrophlebiodes","sp.",,"larva",4,,1,38,3,"N","N",,"condition OK","Y",,"Merritt and Cummins 2008","Y","EcoAnalysts Inc.","A. Navesky",,,
"ae5aa160-49f1-4ffe-9ee4-af559257eb2a","D07","WALK","WALK.AOS.reach","2021-03-09T13:58Z","2021-06-09","WALK.20210309.SURBER.4","A00000214274",,"LEUSP8","Y","Leuctra sp.",,"genus","Arthropoda","Hexapoda","Insecta","Pterygota","Neoptera","Polyneoptera","Plecoptera","Euholognatha",,,"Leuctridae","Leuctrinae",,,"Leuctra","sp.",,"larva",2,,37,88,42,"N","N",,"condition OK","Y",,"Stewart and Stark 2002","N","EcoAnalysts Inc.","A. Navesky",,,
"3a23c553-869f-430d-a6e5-aab84ed0e97e","D07","WALK","WALK.AOS.reach","2021-03-09T13:58Z","2021-06-09","WALK.20210309.SURBER.3","A00000214269",,"POLSP12","Y","Polycentropus sp.",,"genus","Arthropoda","Hexapoda","Insecta","Pterygota","Neoptera","Holometabola","Trichoptera",,,"Hydropsychoidea","Polycentropodidae","Polycentropodinae",,,"Polycentropus","sp.",,"larva",3,,2,81,2,"N","N",,"condition OK","Y",,"Wiggins 1996","N","EcoAnalysts Inc.","A. Navesky","now inseparable from Plectrocnemia Holocentropus Cernotina",,
"6d313632-37ae-47c0-9022-5e28f7748119","D07","WALK","WALK.AOS.reach","2021-03-09T13:58Z","2021-06-09","WALK.20210309.SURBER.4","A00000214274",,"THISP2","Y","Thienemanniella sp.",,"genus","Arthropoda","Hexapoda","Insecta","Pterygota","Neoptera","Holometabola","Diptera","Nematocera","Culicomorpha",,"Chironomidae","Orthocladiinae",,,"Thienemanniella","sp.",,"larva",2,,4,88,5,"N","N",,"condition OK","Y",,"Epler 2001","N","EcoAnalysts Inc.","G. Wallace",,,
"83b2b5bd-1a20-48b5-b675-0276be5ebf25","D07","WALK","WALK.AOS.reach","2021-03-09T13:58Z","2021-06-09","WALK.20210309.SURBER.2","A00000214270",,"PSEHER","Y","Psephenus herricki",,"species","Arthropoda","Hexapoda","Insecta","Pterygota","Neoptera","Holometabola","Coleoptera","Polyphaga","Elateriformia","Byrrhoidea","Psephenidae","Psepheninae",,,"Psephenus","herricki",,"larva",2,,2,38,5,"N","N",,"condition OK","Y",,"Brown 1972","N","EcoAnalysts Inc.","A. Navesky",,,
"fb51f887-8255-46ee-9458-580eef3eb532","D07","WALK","WALK.AOS.reach","2021-03-09T13:58Z","2021-06-09","WALK.20210309.SURBER.1","A00000214272",,"POLSP5","Y","Polycentropodidae sp.",,"family","Arthropoda","Hexapoda","Insecta","Pterygota","Neoptera","Holometabola","Trichoptera",,,"Hydropsychoidea","Polycentropodidae",,,,,"sp.",,"larva",3,,1,38,3,"Y","N",,"condition OK","Y",,"Wiggins 1996","Y","EcoAnalysts Inc.","A. Navesky","missing abdomen",,
"ca4118bb-c573-49e5-8b1e-c67d3873da55","D07","WALK","WALK.AOS.reach","2021-03-09T13:58Z","2021-06-08","WALK.20210309.SURBER.8","A00000214273",,"PLESP2","Y","Pleuroceridae sp.",,"family","Mollusca",,"Gastropoda",,,,"Neotaenioglossa",,,,"Pleuroceridae",,,,,"sp.",,"none",7,,3,50,6,"Y","N",,"condition OK","N",,"Thorp and Covich 2001","N","EcoAnalysts Inc.","A. Navesky",,,
"9dc6b776-69c0-4ac4-b8a2-f768e2d85fe0","D07","WALK","WALK.AOS.reach","2021-03-09T13:58Z","2021-06-08","WALK.20210309.SURBER.7","A00000214275",,"BAESP2","Y","Baetis sp.",,"genus","Arthropoda","Hexapoda","Insecta","Pterygota","Palaeoptera",,"Ephemeroptera","Pisciforma",,,"Baetidae",,,,"Baetis","sp.",,"larva",2,,1,31,3,"Y","N",,"condition OK","Y",,"Merritt and Cummins 2008","N","EcoAnalysts Inc.","A. Navesky",,,
"82a49f5a-cdd7-4d8a-872a-773901aa6149","D07","WALK","WALK.AOS.reach","2021-03-09T13:58Z","2021-06-08","WALK.20210309.SURBER.6","A00000214276",,"LEUSP8","Y","Leuctra sp.",,"genus","Arthropoda","Hexapoda","Insecta","Pterygota","Neoptera","Polyneoptera","Plecoptera","Euholognatha",,,"Leuctridae","Leuctrinae",,,"Leuctra","sp.",,"larva",1,,9,19,48,"N","N",,"condition OK","Y",,"Stewart and Stark 2002","N","EcoAnalysts Inc.","A. Navesky",,,
"9a15aa58-3b87-4904-ac03-401f82e7afea","D07","WALK","WALK.AOS.reach","2021-03-09T13:58Z","2021-06-09","WALK.20210309.SURBER.4","A00000214274",,"NILFIM","Y","Nilotanypus fimbriatus",,"species","Arthropoda","Hexapoda","Insecta","Pterygota","Neoptera","Holometabola","Diptera","Nematocera","Culicomorpha",,"Chironomidae","Tanypodinae","Pentaneurini",,"Nilotanypus","fimbriatus",,"larva",2,,1,88,1,"N","N",,"condition OK","Y",,"Epler 2001","N","EcoAnalysts Inc.","G. Wallace","very small",,
"0bcf8d30-7bef-45b8-a77b-d81dfbdfe947","D07","WALK","WALK.AOS.reach","2021-03-09T13:58Z","2021-06-08","WALK.20210309.SURBER.7","A00000214275",,"POLSP12","Y","Polycentropus sp.",,"genus","Arthropoda","Hexapoda","Insecta","Pterygota","Neoptera","Holometabola","Trichoptera",,,"Hydropsychoidea","Polycentropodidae","Polycentropodinae",,,"Polycentropus","sp.",,"larva",2,,1,31,3,"N","N",,"condition OK","Y",,"Wiggins 1996","N","EcoAnalysts Inc.","A. Navesky","inseparable from Plectrocnemia Holocentropus Cernotina",,
"ba4e7fab-ce65-4a5a-8e6a-bf573ddeead0","D07","WALK","WALK.AOS.reach","2021-03-09T13:58Z","2021-06-08","WALK.20210309.SURBER.8","A00000214273",,"OULSP","Y","Oulimnius sp.",,"genus","Arthropoda","Hexapoda","Insecta","Pterygota","Neoptera","Holometabola","Coleoptera","Polyphaga","Elateriformia","Byrrhoidea","Elmidae","Elminae","Elmini",,"Oulimnius","sp.",,"larva",2,,5,50,10,"N","N",,"condition OK","Y",,"Merritt and Cummins 2008","N","EcoAnalysts Inc.","A. Navesky",,,
"8635ab8c-d4bf-4c70-b166-56cc89ba78a6","D07","WALK","WALK.AOS.reach","2021-03-09T13:58Z","2021-06-09","WALK.20210309.SURBER.2","A00000214270",,"LEPSP4","Y","Leptophlebiidae sp.",,"family","Arthropoda","Hexapoda","Insecta","Pterygota","Palaeoptera",,"Ephemeroptera","Furcatergalia","Lanceolata",,"Leptophlebiidae",,,,,"sp.",,"larva",4,,1,38,3,"Y","N",,"condition OK","N",,"Merritt and Cummins 2008","N","EcoAnalysts Inc.","A. Navesky","missing gills",,
"09bf5fed-095c-4bdd-85bf-193d3a646824","D07","WALK","WALK.AOS.reach","2021-03-09T13:58Z","2021-06-08","WALK.20210309.SURBER.8","A00000214273",,"LEUSP2","Y","Leuctridae sp.",,"family","Arthropoda","Hexapoda","Insecta","Pterygota","Neoptera","Polyneoptera","Plecoptera","Euholognatha",,,"Leuctridae",,,,,"sp.",,"larva",1,,12,50,24,"Y","N",,"condition OK","N",,"Stewart and Stark 2002","N","EcoAnalysts Inc.","A. Navesky",,,
"6a3b1334-9cb2-49cc-81f2-bec6e504b74f","D07","WALK","WALK.AOS.reach","2021-03-09T13:58Z","2021-06-09","WALK.20210309.SURBER.2","A00000214270",,"LEUSP2","Y","Leuctridae sp.",,"family","Arthropoda","Hexapoda","Insecta","Pterygota","Neoptera","Polyneoptera","Plecoptera","Euholognatha",,,"Leuctridae",,,,,"sp.",,"larva",1,,44,38,117,"Y","N",,"condition OK","N",,"Stewart and Stark 2002","N","EcoAnalysts Inc.","A. Navesky",,,
"e5e6c25b-eb37-4dc9-8be2-ef24ad56e52b","D07","WALK","WALK.AOS.reach","2021-03-09T13:58Z","2021-06-09","WALK.20210309.SURBER.4","A00000214274",,"CORSP19","Y","Corynoneura sp.",,"genus","Arthropoda","Hexapoda","Insecta","Pterygota","Neoptera","Holometabola","Diptera","Nematocera","Culicomorpha",,"Chironomidae","Orthocladiinae",,,"Corynoneura","sp.",,"larva",2,,1,88,1,"N","N",,"condition OK","Y",,"Epler 2001","N","EcoAnalysts Inc.","G. Wallace",,,
"7acc5627-c997-4949-97e5-3acd84ea626d","D07","WALK","WALK.AOS.reach","2021-03-09T13:58Z","2021-06-09","WALK.20210309.SURBER.4","A00000214274",,"EPHSP4","Y","Ephemerella sp.",,"genus","Arthropoda","Hexapoda","Insecta","Pterygota","Palaeoptera",,"Ephemeroptera","Furcatergalia","Pannota","Ephemerelloidea","Ephemerellidae",,,,"Ephemerella","sp.",,"larva",4,,1,88,1,"Y","N",,"condition OK","Y",,"Merritt and Cummins 2008","N","EcoAnalysts Inc.","A. Navesky","maybe E invaria",,
"03ebbe07-fdab-45b9-a557-d20bba89526d","D07","WALK","WALK.AOS.reach","2021-03-09T13:58Z","2021-06-08","WALK.20210309.SURBER.7","A00000214275",,"ELMSP","Y","Elmidae sp.",,"family","Arthropoda","Hexapoda","Insecta","Pterygota","Neoptera","Holometabola","Coleoptera","Polyphaga","Elateriformia","Byrrhoidea","Elmidae",,,,,"sp.",,"larva",2,,1,31,3,"Y","N",,"condition OK","N",,"Merritt and Cummins 2008","N","EcoAnalysts Inc.","A. Navesky",,,
"736720aa-4506-43e0-bdbe-fd510060475d","D07","WALK","WALK.AOS.reach","2021-03-09T13:58Z","2021-06-08","WALK.20210309.SURBER.5","A00000214271",,"THISP2","Y","Thienemanniella sp.",,"genus","Arthropoda","Hexapoda","Insecta","Pterygota","Neoptera","Holometabola","Diptera","Nematocera","Culicomorpha",,"Chironomidae","Orthocladiinae",,,"Thienemanniella","sp.",,"larva",1,,7,25,28,"N","N",,"condition OK","Y",,"Epler 2001","N","EcoAnalysts Inc.","G. Wallace",,,
"74bfcd6f-e623-485e-9613-e7d4850d0763","D07","WALK","WALK.AOS.reach","2021-03-09T13:58Z","2021-06-09","WALK.20210309.SURBER.3","A00000214269",,"THISP2","Y","Thienemanniella sp.",,"genus","Arthropoda","Hexapoda","Insecta","Pterygota","Neoptera","Holometabola","Diptera","Nematocera","Culicomorpha",,"Chironomidae","Orthocladiinae",,,"Thienemanniella","sp.",,"larva",2,,4,81,5,"N","N",,"condition OK","Y",,"Epler 2001","N","EcoAnalysts Inc.","G. Wallace",,,
"311d9570-4e04-4c79-a4d2-205b91c71d3d","D07","WALK","WALK.AOS.reach","2021-03-09T13:58Z","2021-06-08","WALK.20210309.SURBER.7","A00000214275",,"TURSP","Y","Turbellaria sp.",,"class","Platyhelminthes",,"Turbellaria",,,,,,,,,,,,,"sp.",,"none",1,,3,31,10,"N","Y",,"condition OK","Y",,"Thorp and Covich 2001","N","EcoAnalysts Inc.","A. Navesky",,,
"5dcb2d61-78b3-4832-916a-65797e1de297","D07","WALK","WALK.AOS.reach","2021-03-09T13:58Z","2021-06-09","WALK.20210309.SURBER.3","A00000214269",,"DIPHAG","Y","Diphetor hageni",,"species","Arthropoda","Hexapoda","Insecta","Pterygota","Palaeoptera",,"Ephemeroptera","Pisciforma",,,"Baetidae",,,,"Diphetor","hageni",,"larva",4,,1,81,1,"N","N",,"condition OK","Y",,"Morihara and McCafferty 1979","N","EcoAnalysts Inc.","A. Navesky",,,
"8fd79cdf-b354-4569-a13f-dd13f18d0561","D07","WALK","WALK.AOS.reach","2021-03-09T13:58Z","2021-06-09","WALK.20210309.SURBER.3","A00000214269",,"SIMSP1","Y","Simulium sp.",,"genus","Arthropoda","Hexapoda","Insecta","Pterygota","Neoptera","Holometabola","Diptera","Nematocera","Culicomorpha",,"Simuliidae","Simuliinae","Simuliini",,"Simulium","sp.",,"larva",2,,1,81,1,"N","N",,"condition OK","Y",,"Merritt and Cummins 2008","N","EcoAnalysts Inc.","A. Navesky",,,
"bfb5ebfd-5c3b-4f5c-980e-aa71d7fd1581","D07","WALK","WALK.AOS.reach","2021-03-09T13:58Z","2021-06-09","WALK.20210309.SURBER.2","A00000214270",,"DIPHAG","Y","Diphetor hageni",,"species","Arthropoda","Hexapoda","Insecta","Pterygota","Palaeoptera",,"Ephemeroptera","Pisciforma",,,"Baetidae",,,,"Diphetor","hageni",,"larva",2,,8,38,21,"N","N",,"condition OK","Y",,"Morihara and McCafferty 1979","N","EcoAnalysts Inc.","A. Navesky",,,
"13f94c2e-38fd-47fc-9e33-1809429c5e5a","D07","WALK","WALK.AOS.reach","2021-03-09T13:58Z","2021-06-08","WALK.20210309.SURBER.5","A00000214271",,"PLESP2","Y","Pleuroceridae sp.",,"family","Mollusca",,"Gastropoda",,,,"Neotaenioglossa",,,,"Pleuroceridae",,,,,"sp.",,"none",1,,1,25,4,"Y","N",,"condition OK","N",,"Thorp and Covich 2001","N","EcoAnalysts Inc.","A. Navesky",,,
"aae19b2d-4103-46ec-bcc4-2b314ef6cd28","D07","WALK","WALK.AOS.reach","2021-03-09T13:58Z","2021-06-09","WALK.20210309.SURBER.2","A00000214270","WALK.20210309.SURBER.2_OLIGOCHAETE_1/1","LUMSP2","Y","Lumbriculidae sp.",,"family","Annelida","Clitellata","Oligochaeta","Oligochaeta",,,"Lumbriculida",,,,"Lumbriculidae",,,,,"sp.",,"none",7,,1,38,3,"N","N",,"condition OK","Y",,"Kathman and Brinkhurst 1999","N","EcoAnalysts Inc.","G. Wallace",,,
"6eee960c-8653-4648-9e0b-b5695cb6c446","D07","WALK","WALK.AOS.reach","2021-03-09T13:58Z","2021-06-08","WALK.20210309.SURBER.7","A00000214275",,"OULSP","Y","Oulimnius sp.",,"genus","Arthropoda","Hexapoda","Insecta","Pterygota","Neoptera","Holometabola","Coleoptera","Polyphaga","Elateriformia","Byrrhoidea","Elmidae","Elminae","Elmini",,"Oulimnius","sp.",,"larva",2,,10,31,32,"N","N",,"condition OK","Y",,"Merritt and Cummins 2008","N","EcoAnalysts Inc.","A. Navesky",,,
"c8226ab3-374a-422c-8380-81846ace8071","D07","WALK","WALK.AOS.reach","2021-03-09T13:58Z","2021-06-08","WALK.20210309.SURBER.6","A00000214276",,"BAESP2","Y","Baetis sp.",,"genus","Arthropoda","Hexapoda","Insecta","Pterygota","Palaeoptera",,"Ephemeroptera","Pisciforma",,,"Baetidae",,,,"Baetis","sp.",,"larva",5,,1,19,5,"N","N",,"condition OK","Y",,"Merritt and Cummins 2008","N","EcoAnalysts Inc.","A. Navesky","B tricaudatus complex",,
"8fe48d5b-d12f-45c5-9632-2b778a46fd8e","D07","WALK","WALK.AOS.reach","2021-03-09T13:58Z","2021-06-09","WALK.20210309.SURBER.3","A00000214269","WALK.20210309.SURBER.3_OLIGOCHAETE_1/2","LUMSP2","Y","Lumbriculidae sp.",,"family","Annelida","Clitellata","Oligochaeta","Oligochaeta",,,"Lumbriculida",,,,"Lumbriculidae",,,,,"sp.",,"none",7,,1,81,1,"N","N",,"condition OK","Y",,"Kathman and Brinkhurst 1999","N","EcoAnalysts Inc.","G. Wallace",,,
"f8af8137-c01e-492a-bf58-2b590e4d480f","D07","WALK","WALK.AOS.reach","2021-03-09T13:58Z","2021-06-08","WALK.20210309.SURBER.5","A00000214271",,"MICSP6","Y","Micropsectra sp.",,"genus","Arthropoda","Hexapoda","Insecta","Pterygota","Neoptera","Holometabola","Diptera","Nematocera","Culicomorpha",,"Chironomidae","Chironominae","Tanytarsini",,"Micropsectra","sp.",,"larva",1,,2,25,8,"N","N",,"condition OK","Y",,"Epler 2001","N","EcoAnalysts Inc.","G. Wallace",,,
"79348a40-02d5-4493-aa9f-964bb5806ae9","D07","WALK","WALK.AOS.reach","2021-03-09T13:58Z","2021-06-08","WALK.20210309.SURBER.5","A00000214271",,"NEMSP","Y","Nematoda sp.",,"phylum","Nematoda",,,,,,,,,,,,,,,"sp.",,"none",12,,1,25,4,"N","Y",,"condition OK","Y",,"Thorp and Covich 2001","N","EcoAnalysts Inc.","A. Navesky",,,
"34f20904-4b2c-4341-8012-5adcfebfdfca","D07","WALK","WALK.AOS.reach","2021-03-09T13:58Z","2021-06-08","WALK.20210309.SURBER.7","A00000214275",,"LEUSP8","Y","Leuctra sp.",,"genus","Arthropoda","Hexapoda","Insecta","Pterygota","Neoptera","Polyneoptera","Plecoptera","Euholognatha",,,"Leuctridae","Leuctrinae",,,"Leuctra","sp.",,"larva",1,,43,31,138,"N","N",,"condition OK","Y",,"Stewart and Stark 2002","N","EcoAnalysts Inc.","A. Navesky",,,
"0757df63-9d97-4aea-b5ca-8c4abafa0c4a","D07","WALK","WALK.AOS.reach","2021-03-09T13:58Z","2021-06-08","WALK.20210309.SURBER.7","A00000214275",,"ECTSP2","Y","Ectopria sp.",,"genus","Arthropoda","Hexapoda","Insecta","Pterygota","Neoptera","Holometabola","Coleoptera","Polyphaga","Elateriformia","Byrrhoidea","Psephenidae","Eubriinae",,,"Ectopria","sp.",,"larva",5,,1,31,3,"N","N",,"condition OK","Y",,"Merritt and Cummins 2008","N","EcoAnalysts Inc.","A. Navesky",,,
"870cf69d-9686-4dd7-b1c1-c98c52e7dc1f","D07","WALK","WALK.AOS.reach","2021-03-09T13:58Z","2021-06-08","WALK.20210309.SURBER.5","A00000214271",,"MICSP6","Y","Micropsectra sp.",,"genus","Arthropoda","Hexapoda","Insecta","Pterygota","Neoptera","Holometabola","Diptera","Nematocera","Culicomorpha",,"Chironomidae","Chironominae","Tanytarsini",,"Micropsectra","sp.",,"larva",6,,1,25,4,"N","N",,"condition OK","Y",,"Epler 2001","N","EcoAnalysts Inc.","G. Wallace",,,
"8e5b31e0-9c54-4ef7-8ad4-af8a9b3fedb9","D07","WALK","WALK.AOS.reach","2021-03-09T13:58Z","2021-06-09","WALK.20210309.SURBER.2","A00000214270",,"TANSP8","Y","Tanytarsini sp.",,"tribe","Arthropoda","Hexapoda","Insecta","Pterygota","Neoptera","Holometabola","Diptera","Nematocera","Culicomorpha",,"Chironomidae","Chironominae","Tanytarsini",,,"sp.",,"larva",3,,1,38,3,"N","N",,"damaged, affecting taxonomy","N",,"Epler 2001","N","EcoAnalysts Inc.","G. Wallace","no antennae",,
"98474781-aad5-4167-a86b-509a1300a4eb","D07","WALK","WALK.AOS.reach","2021-03-09T13:58Z","2021-06-08","WALK.20210309.SURBER.5","A00000214271",,"GAMSP1","Y","Gammaridae sp.",,"family","Arthropoda","Crustacea","Malacostraca","Eumalacostraca",,"Peracarida","Amphipoda","Gammaridea",,,"Gammaridae",,,,,"sp.",,"none",3,,1,25,4,"N","N",,"damaged, affecting taxonomy","N",,"Thorp and Covich 2001","N","EcoAnalysts Inc.","A. Navesky","missing 3rd pr uropods",,
"f9168b32-2cc4-4f1c-b09d-1471665ac4eb","D07","WALK","WALK.AOS.reach","2021-03-09T13:58Z","2021-06-08","WALK.20210309.SURBER.7","A00000214275",,"TANSP11","Y","Tanytarsus sp.",,"genus","Arthropoda","Hexapoda","Insecta","Pterygota","Neoptera","Holometabola","Diptera","Nematocera","Culicomorpha",,"Chironomidae","Chironominae","Tanytarsini",,"Tanytarsus","sp.",,"larva",2,,1,31,3,"N","N",,"condition OK","Y",,"Epler 2001","N","EcoAnalysts Inc.","G. Wallace",,,
"a062e417-824f-4059-a5cb-8a5a78956abf","D07","WALK","WALK.AOS.reach","2021-03-09T13:58Z","2021-06-08","WALK.20210309.SURBER.7","A00000214275",,"STESP10","Y","Stempellinella sp.",,"genus","Arthropoda","Hexapoda","Insecta","Pterygota","Neoptera","Holometabola","Diptera","Nematocera","Culicomorpha",,"Chironomidae","Chironominae","Tanytarsini",,"Stempellinella","sp.",,"larva",1,,10,31,32,"N","N",,"condition OK","Y",,"Epler 2001","N","EcoAnalysts Inc.","G. Wallace",,,
"58d21aab-4eaa-4b5b-8b1c-489d74402ddc","D07","WALK","WALK.AOS.reach","2021-03-09T13:58Z","2021-06-08","WALK.20210309.SURBER.7","A00000214275",,"CORSP19","Y","Corynoneura sp.",,"genus","Arthropoda","Hexapoda","Insecta","Pterygota","Neoptera","Holometabola","Diptera","Nematocera","Culicomorpha",,"Chironomidae","Orthocladiinae",,,"Corynoneura","sp.",,"larva",2,,2,31,6,"N","N",,"condition OK","Y",,"Epler 2001","N","EcoAnalysts Inc.","G. Wallace",,,
"deb35e8b-0dd3-4ca3-a611-53ac169a995b","D07","WALK","WALK.AOS.reach","2021-03-09T13:58Z","2021-06-08","WALK.20210309.SURBER.5","A00000214271",,"GAMSP3","Y","Gammarus sp.",,"genus","Arthropoda","Crustacea","Malacostraca","Eumalacostraca",,"Peracarida","Amphipoda","Gammaridea",,,"Gammaridae",,,,"Gammarus","sp.",,"none",3,,1,25,4,"N","N",,"condition OK","Y",,"Thorp and Covich 2001","N","EcoAnalysts Inc.","A. Navesky",,,
"5b02b8a5-5b06-412b-bed4-932b4d93f1fa","D07","WALK","WALK.AOS.reach","2021-03-09T13:58Z","2021-06-08","WALK.20210309.SURBER.5","A00000214271",,"BAETRI","Y","Baetis tricaudatus",,"species","Arthropoda","Hexapoda","Insecta","Pterygota","Palaeoptera",,"Ephemeroptera","Pisciforma",,,"Baetidae",,,,"Baetis","tricaudatus",,"larva",2,,5,25,20,"N","N",,"condition OK","Y",,"Wiersema 2004","N","EcoAnalysts Inc.","A. Navesky","B tricaudatus complex now inseparable",,
"5624f707-02af-4fce-b4f7-55c06899106b","D07","WALK","WALK.AOS.reach","2021-03-09T13:58Z","2021-06-09","WALK.20210309.SURBER.1","A00000214272",,"DIPHAG","Y","Diphetor hageni",,"species","Arthropoda","Hexapoda","Insecta","Pterygota","Palaeoptera",,"Ephemeroptera","Pisciforma",,,"Baetidae",,,,"Diphetor","hageni",,"larva",2,,4,38,11,"N","N",,"condition OK","Y",,"Morihara and McCafferty 1979","Y","EcoAnalysts Inc.","A. Navesky",,,
"6681a20f-bb6d-4d2e-989e-58ce4cf47b55","D07","WALK","WALK.AOS.reach","2021-03-09T13:58Z","2021-06-09","WALK.20210309.SURBER.2","A00000214270",,"PLESP2","Y","Pleuroceridae sp.",,"family","Mollusca",,"Gastropoda",,,,"Neotaenioglossa",,,,"Pleuroceridae",,,,,"sp.",,"none",2,,7,38,19,"Y","N",,"condition OK","N",,"Thorp and Covich 2001","N","EcoAnalysts Inc.","A. Navesky",,,
"a55ac160-b1d4-46f9-902b-005503200f6a","D07","WALK","WALK.AOS.reach","2021-03-09T13:58Z","2021-06-09","WALK.20210309.SURBER.2","A00000214270",,"DIPHAG","Y","Diphetor hageni",,"species","Arthropoda","Hexapoda","Insecta","Pterygota","Palaeoptera",,"Ephemeroptera","Pisciforma",,,"Baetidae",,,,"Diphetor","hageni",,"larva",3,,2,38,5,"N","N",,"condition OK","Y",,"Morihara and McCafferty 1979","N","EcoAnalysts Inc.","A. Navesky",,,
"e3150a81-3cef-4222-8379-538831540304","D07","WALK","WALK.AOS.reach","2021-03-09T13:58Z","2021-06-08","WALK.20210309.SURBER.5","A00000214271",,"PLESP2","Y","Pleuroceridae sp.",,"family","Mollusca",,"Gastropoda",,,,"Neotaenioglossa",,,,"Pleuroceridae",,,,,"sp.",,"none",6,,1,25,4,"Y","N",,"condition OK","N",,"Thorp and Covich 2001","N","EcoAnalysts Inc.","A. Navesky",,,
"093c9f02-a65d-4ad7-b459-587333d832db","D07","WALK","WALK.AOS.reach","2021-03-09T13:58Z","2021-06-08","WALK.20210309.SURBER.5","A00000214271",,"GAMSP3","Y","Gammarus sp.",,"genus","Arthropoda","Crustacea","Malacostraca","Eumalacostraca",,"Peracarida","Amphipoda","Gammaridea",,,"Gammaridae",,,,"Gammarus","sp.",,"none",2,,6,25,24,"N","N",,"condition OK","Y",,"Thorp and Covich 2001","N","EcoAnalysts Inc.","A. Navesky",,,
"1609640a-abda-42db-876b-a8a8964feca0","D07","WALK","WALK.AOS.reach","2021-03-09T13:58Z","2021-06-09","WALK.20210309.SURBER.4","A00000214274",,"TANSP8","Y","Tanytarsini sp.",,"tribe","Arthropoda","Hexapoda","Insecta","Pterygota","Neoptera","Holometabola","Diptera","Nematocera","Culicomorpha",,"Chironomidae","Chironominae","Tanytarsini",,,"sp.",,"larva",6,,1,88,1,"N","N",,"damaged, affecting taxonomy","N",,"Epler 2001","N","EcoAnalysts Inc.","G. Wallace","no antennae",,
"30c919ec-e3a4-4221-858d-3aa7ba5567a1","D07","WALK","WALK.AOS.reach","2021-03-09T13:58Z","2021-06-09","WALK.20210309.SURBER.3","A00000214269",,"CAPSP2","Y","Capniidae sp.",,"family","Arthropoda","Hexapoda","Insecta","Pterygota","Neoptera","Polyneoptera","Plecoptera","Euholognatha",,,"Capniidae",,,,,"sp.",,"larva",1,,4,81,5,"Y","N",,"condition OK","Y",,"Stewart and Stark 2002","N","EcoAnalysts Inc.","A. Navesky",,,
"8eb79443-71c4-4561-ad7c-08adf1583ba1","D07","WALK","WALK.AOS.reach","2021-03-09T13:58Z","2021-06-08","WALK.20210309.SURBER.8","A00000214273",,"PLESP2","Y","Pleuroceridae sp.",,"family","Mollusca",,"Gastropoda",,,,"Neotaenioglossa",,,,"Pleuroceridae",,,,,"sp.",,"none",3,,1,50,2,"Y","N",,"condition OK","N",,"Thorp and Covich 2001","N","EcoAnalysts Inc.","A. Navesky",,,
"caa6b2d7-1c9c-497c-a2aa-1da0841e8f67","D07","WALK","WALK.AOS.reach","2021-03-09T13:58Z","2021-06-09","WALK.20210309.SURBER.4","A00000214274",,"AGASP4","Y","Agapetus sp.",,"genus","Arthropoda","Hexapoda","Insecta","Pterygota","Neoptera","Holometabola","Trichoptera",,,"Glossosomatoidea","Glossosomatidae","Agapetinae",,,"Agapetus","sp.",,"larva",2,,2,88,2,"N","N",,"condition OK","Y",,"Wiggins 1996","N","EcoAnalysts Inc.","A. Navesky",,,
"1c2333cb-fa33-4c5b-a35d-ced47b2bd0e5","D07","WALK","WALK.AOS.reach","2021-03-09T13:58Z","2021-06-09","WALK.20210309.SURBER.1","A00000214272",,"LEUSP8","Y","Leuctra sp.",,"genus","Arthropoda","Hexapoda","Insecta","Pterygota","Neoptera","Polyneoptera","Plecoptera","Euholognatha",,,"Leuctridae","Leuctrinae",,,"Leuctra","sp.",,"larva",2,,66,38,176,"N","N",,"condition OK","Y",,"Stewart and Stark 2002","Y","EcoAnalysts Inc.","A. Navesky",,,
"b960a48b-430f-495f-b1a2-69f17fc94e91","D07","WALK","WALK.AOS.reach","2021-03-09T13:58Z","2021-06-08","WALK.20210309.SURBER.8","A00000214273",,"STESP10","Y","Stempellinella sp.",,"genus","Arthropoda","Hexapoda","Insecta","Pterygota","Neoptera","Holometabola","Diptera","Nematocera","Culicomorpha",,"Chironomidae","Chironominae","Tanytarsini",,"Stempellinella","sp.",,"pupa",2,,1,50,2,"N","N",,"condition OK","Y",,"Epler 2001","N","EcoAnalysts Inc.","G. Wallace",,,
"6ff597fd-5379-4c07-a3f9-c49773d69b5c","D07","WALK","WALK.AOS.reach","2021-03-09T13:58Z","2021-06-08","WALK.20210309.SURBER.8","A00000214273",,"TANSP11","Y","Tanytarsus sp.",,"genus","Arthropoda","Hexapoda","Insecta","Pterygota","Neoptera","Holometabola","Diptera","Nematocera","Culicomorpha",,"Chironomidae","Chironominae","Tanytarsini",,"Tanytarsus","sp.",,"larva",2,,4,50,8,"N","N",,"condition OK","Y",,"Epler 2001","N","EcoAnalysts Inc.","G. Wallace",,,
"6ab1d66c-001f-4fd0-90d8-7a3cb7895cea","D07","WALK","WALK.AOS.reach","2021-03-09T13:58Z","2021-06-09","WALK.20210309.SURBER.2","A00000214270","WALK.20210309.SURBER.2_OLIGOCHAETE_1/1","LUMSP1","Y","Lumbricina sp.",,"suborder","Annelida","Clitellata","Oligochaeta","Oligochaeta",,,"Tubificida","Lumbricina",,,,,,,,"sp.",,"none",12,,1,38,3,"N","N",,"condition OK","Y",,"Kathman and Brinkhurst 1999","N","EcoAnalysts Inc.","G. Wallace",,,
"92cb3b6c-76aa-47df-80b5-7dd562623dc9","D07","WALK","WALK.AOS.reach","2021-03-09T13:58Z","2021-06-08","WALK.20210309.SURBER.6","A00000214276",,"ECTSP2","Y","Ectopria sp.",,"genus","Arthropoda","Hexapoda","Insecta","Pterygota","Neoptera","Holometabola","Coleoptera","Polyphaga","Elateriformia","Byrrhoidea","Psephenidae","Eubriinae",,,"Ectopria","sp.",,"larva",4,,1,19,5,"N","N",,"condition OK","Y",,"Merritt and Cummins 2008","N","EcoAnalysts Inc.","A. Navesky",,,
"e05808ac-1148-41db-9617-c226e01f7965","D07","WALK","WALK.AOS.reach","2021-03-09T13:58Z","2021-06-08","WALK.20210309.SURBER.5","A00000214271",,"STESP10","Y","Stempellinella sp.",,"genus","Arthropoda","Hexapoda","Insecta","Pterygota","Neoptera","Holometabola","Diptera","Nematocera","Culicomorpha",,"Chironomidae","Chironominae","Tanytarsini",,"Stempellinella","sp.",,"larva",1,,42,25,168,"N","N",,"condition OK","Y",,"Epler 2001","N","EcoAnalysts Inc.","G. Wallace",,,
"1c45ee1b-98d9-4f7a-b571-61f8707df544","D07","WALK","WALK.AOS.reach","2021-03-09T13:58Z","2021-06-09","WALK.20210309.SURBER.4","A00000214274",,"TURSP","Y","Turbellaria sp.",,"class","Platyhelminthes",,"Turbellaria",,,,,,,,,,,,,"sp.",,"none",1,,1,88,1,"N","Y",,"condition OK","Y",,"Thorp and Covich 2001","N","EcoAnalysts Inc.","A. Navesky",,,
"5a625de8-f2de-4f50-948a-fb7b2b48a873","D07","WALK","WALK.AOS.reach","2021-03-09T13:58Z","2021-06-08","WALK.20210309.SURBER.5","A00000214271",,"THISP2","Y","Thienemanniella sp.",,"genus","Arthropoda","Hexapoda","Insecta","Pterygota","Neoptera","Holometabola","Diptera","Nematocera","Culicomorpha",,"Chironomidae","Orthocladiinae",,,"Thienemanniella","sp.",,"larva",2,,3,25,12,"N","N",,"condition OK","Y",,"Epler 2001","N","EcoAnalysts Inc.","G. Wallace",,,
"a0ebd829-defd-4528-836b-632035ca4209","D07","WALK","WALK.AOS.reach","2021-03-09T13:58Z","2021-06-08","WALK.20210309.SURBER.8","A00000214273",,"THIGRO","Y","Thienemannimyia gr.",,"speciesGroup","Arthropoda","Hexapoda","Insecta","Pterygota","Neoptera","Holometabola","Diptera","Nematocera","Culicomorpha",,"Chironomidae","Tanypodinae","Pentaneurini",,"Thienemannimyia","gr.",,"larva",2,,1,50,2,"N","N",,"condition OK","Y",,"Epler 2001","N","EcoAnalysts Inc.","G. Wallace",,,
