uid,domainID,siteID,namedLocation,collectDate,identifiedDate,sampleID,sampleCode,slideID,acceptedTaxonID,targetTaxaPresent,scientificName,morphospeciesID,taxonRank,phylum,subphylum,class,subclass,infraclass,superorder,order,suborder,infraorder,superfamily,family,subfamily,tribe,subtribe,genus,specificEpithet,infraspecificEpithet,invertebrateLifeStage,sizeClass,sizeCategory,individualCount,subsamplePercent,estimatedTotalCount,immatureSpecimen,indeterminateSpecies,taxonRankQualifier,sampleCondition,distinctTaxon,identificationQualifier,identificationReferences,qcChecked,laboratoryName,identifiedBy,identificationRemarks,identificationHistoryID,dataQF
"2ffb2f78-a98b-43f2-8b8f-70243a055380","D07","LECO","LECO.AOS.reach","2019-07-16T15:15Z","2019-10-26","LECO.20190716.CORE.3","A00000081128","LECO.20190716.CORE.3_EURYHAPSIS SP.","EURSP5","Y","Euryhapsis sp.",,"genus","Arthropoda","Hexapoda","Insecta","Pterygota","Neoptera","Holometabola","Diptera","Nematocera","Culicomorpha",,"Chironomidae","Orthocladiinae",,,"Euryhapsis","sp.",,"pupa",4,,1,100,1,"N","N",,"condition OK","Y",,"Epler 2001","N","EcoAnalysts Inc.","W. Hoiland",,,
"7c162c3b-16ca-4c53-9a6d-2df34d59e89a","D07","LECO","LECO.AOS.reach","2019-07-16T15:15Z","2019-10-26","LECO.20190716.CORE.1","A00000081126",,"NILFIM","Y","Nilotanypus fimbriatus",,"species","Arthropoda","Hexapoda","Insecta","Pterygota","Neoptera","Holometabola","Diptera","Nematocera","Culicomorpha",,"Chironomidae","Tanypodinae","Pentaneurini",,"Nilotanypus","fimbriatus",,"larva",1,,2,88,2,"N","N",,"condition OK","Y",,"Epler 2001","N","EcoAnalysts Inc.","W. Hoiland",,,
"d301a63e-e201-466c-be6f-974b5671906a","D07","LECO","LECO.AOS.reach","2019-07-16T15:15Z","2019-10-27","LECO.20190716.SURBER.3","A00000081121",,"BAEFLA","Y","Baetis flavistriga",,"species","Arthropoda","Hexapoda","Insecta","Pterygota","Palaeoptera",,"Ephemeroptera","Pisciforma",,,"Baetidae",,,,"Baetis","flavistriga",,"larva",2,,2,100,2,"N","N",,"condition OK","Y",,"Wiersema 2004","N","EcoAnalysts Inc.","A. Navesky",,,
"c4224862-284c-4d36-a0d0-55c4f06759b2","D07","LECO","LECO.AOS.reach","2019-07-16T15:15Z","2019-10-27","LECO.20190716.SURBER.2","A00000081120",,"TANSP11","Y","Tanytarsus sp.",,"genus","Arthropoda","Hexapoda","Insecta","Pterygota","Neoptera","Holometabola","Diptera","Nematocera","Culicomorpha",,"Chironomidae","Chironominae","Tanytarsini",,"Tanytarsus","sp.",,"larva",3,,56,100,56,"N","N",,"condition OK","Y",,"Epler 2001","Y","EcoAnalysts Inc.","W. Hoiland",,,
"b9cb3fad-c89a-4e09-9c62-cf807f6c98d8","D07","LECO","LECO.AOS.reach","2019-07-16T15:15Z","2019-10-27","LECO.20190716.SURBER.3","A00000081121",,"PSYSP4","Y","Psychomyia sp.",,"genus","Arthropoda","Hexapoda","Insecta","Pterygota","Neoptera","Holometabola","Trichoptera",,,"Hydropsychoidea","Psychomyiidae","Psychomyiinae",,,"Psychomyia","sp.",,"larva",2,,4,100,4,"Y","N",,"condition OK","N",,"Wiggins 1996","N","EcoAnalysts Inc.","A. Navesky",,,
"8cc2b409-2822-4360-ad71-490b1902b73c","D07","LECO","LECO.AOS.reach","2019-07-16T15:15Z","2019-10-27","LECO.20190716.SURBER.4","A00000081122",,"TANSP11","Y","Tanytarsus sp.",,"genus","Arthropoda","Hexapoda","Insecta","Pterygota","Neoptera","Holometabola","Diptera","Nematocera","Culicomorpha",,"Chironomidae","Chironominae","Tanytarsini",,"Tanytarsus","sp.",,"larva",3,,47,50,94,"N","N",,"condition OK","Y",,"Epler 2001","N","EcoAnalysts Inc.","W. Hoiland",,,
"b17a147e-48e1-4b76-bc87-96071856d0b2","D07","LECO","LECO.AOS.reach","2019-07-16T15:15Z","2019-10-26","LECO.20190716.CORE.2","A00000081127",,"OULSP","Y","Oulimnius sp.",,"genus","Arthropoda","Hexapoda","Insecta","Pterygota","Neoptera","Holometabola","Coleoptera","Polyphaga","Elateriformia","Byrrhoidea","Elmidae","Elminae","Elmini",,"Oulimnius","sp.",,"larva",3,,4,100,4,"N","N",,"condition OK","Y",,"Merritt and Cummins 2008","N","EcoAnalysts Inc.","A. Navesky",,,
"27310e02-6b2d-46b3-88ab-70391fb0d5fa","D07","LECO","LECO.AOS.reach","2019-07-16T15:15Z","2019-10-27","LECO.20190716.SURBER.2","A00000081120",,"TURSP","Y","Turbellaria sp.",,"class","Platyhelminthes",,"Turbellaria",,,,,,,,,,,,,"sp.",,"none",1,,1,100,1,"N","Y",,"condition OK","Y",,"Thorp and Covich 2001","Y","EcoAnalysts Inc.","A. Navesky",,,
"2babc74a-ebfa-460d-9ea4-1fe6e611936b","D07","LECO","LECO.AOS.reach","2019-07-16T15:15Z","2019-10-26","LECO.20190716.CORE.3","A00000081128",,"PARSP23","Y","Parachaetocladius sp.",,"genus","Arthropoda","Hexapoda","Insecta","Pterygota","Neoptera","Holometabola","Diptera","Nematocera","Culicomorpha",,"Chironomidae","Orthocladiinae",,,"Parachaetocladius","sp.",,"larva",3,,10,100,10,"N","N",,"condition OK","Y",,"Epler 2001","N","EcoAnalysts Inc.","W. Hoiland",,,
"722ee7ae-d997-4539-aea8-62e6fe9a7706","D07","LECO","LECO.AOS.reach","2019-07-16T15:15Z","2019-10-27","LECO.20190716.SURBER.1","A00000081119",,"SUBSP","Y","Sublettea sp.",,"genus","Arthropoda","Hexapoda","Insecta","Pterygota","Neoptera","Holometabola","Diptera","Nematocera","Culicomorpha",,"Chironomidae","Chironominae","Tanytarsini",,"Sublettea","sp.",,"larva",1,,2,100,2,"N","N",,"condition OK","Y",,"Epler 2001","N","EcoAnalysts Inc.","W. Hoiland",,,
"445fcb90-15c2-465d-adfc-c8054ca4ff0c","D07","LECO","LECO.AOS.reach","2019-07-16T15:15Z","2019-10-27","LECO.20190716.SURBER.3","A00000081121",,"DICSP6","Y","Dicranota sp.",,"genus","Arthropoda","Hexapoda","Insecta","Pterygota","Neoptera","Holometabola","Diptera","Nematocera","Tipulomorpha",,"Tipulidae","Limoniinae","Pediciini",,"Dicranota","sp.",,"larva",8,,3,100,3,"N","N",,"condition OK","Y",,"Merritt and Cummins 2008","N","EcoAnalysts Inc.","A. Navesky",,,
"4dbd0222-7851-41b8-9188-d4ffbf2d234d","D07","LECO","LECO.AOS.reach","2019-07-16T15:15Z","2019-10-27","LECO.20190716.SURBER.2","A00000081120",,"LEPSP4","Y","Leptophlebiidae sp.",,"family","Arthropoda","Hexapoda","Insecta","Pterygota","Palaeoptera",,"Ephemeroptera","Furcatergalia","Lanceolata",,"Leptophlebiidae",,,,,"sp.",,"larva",1,,4,100,4,"Y","N",,"condition OK","Y",,"Merritt and Cummins 2008","Y","EcoAnalysts Inc.","A. Navesky",,,
"c5e2c583-ced1-42d7-8f9a-5611a401ffd5","D07","LECO","LECO.AOS.reach","2019-07-16T15:15Z","2019-10-27","LECO.20190716.SURBER.3","A00000081121",,"THISP2","Y","Thienemanniella sp.",,"genus","Arthropoda","Hexapoda","Insecta","Pterygota","Neoptera","Holometabola","Diptera","Nematocera","Culicomorpha",,"Chironomidae","Orthocladiinae",,,"Thienemanniella","sp.",,"larva",2,,5,100,5,"N","N",,"condition OK","Y",,"Epler 2001","N","EcoAnalysts Inc.","W. Hoiland",,,
"01c5582b-2355-466c-9843-8184531ba34e","D07","LECO","LECO.AOS.reach","2019-07-16T15:15Z","2019-10-27","LECO.20190716.SURBER.2","A00000081120",,"NILFIM","Y","Nilotanypus fimbriatus",,"species","Arthropoda","Hexapoda","Insecta","Pterygota","Neoptera","Holometabola","Diptera","Nematocera","Culicomorpha",,"Chironomidae","Tanypodinae","Pentaneurini",,"Nilotanypus","fimbriatus",,"larva",2,,1,100,1,"N","N",,"condition OK","Y",,"Epler 2001","Y","EcoAnalysts Inc.","W. Hoiland",,,
"9718573f-9fbb-44ed-a2fc-ac3ade15f77b","D07","LECO","LECO.AOS.reach","2019-07-16T15:15Z","2019-10-27","LECO.20190716.SURBER.3","A00000081121",,"ATHSP2","Y","Atherix sp.",,"genus","Arthropoda","Hexapoda","Insecta","Pterygota","Neoptera","Holometabola","Diptera","Brachycera","Tabanomorpha",,"Athericidae",,,,"Atherix","sp.",,"larva",3,,1,100,1,"N","N",,"condition OK","Y",,"Merritt and Cummins 2008","N","EcoAnalysts Inc.","A. Navesky",,,
"5951fb5e-1813-4fa9-8ba8-e7fe4d3b46a7","D07","LECO","LECO.AOS.reach","2019-07-16T15:15Z","2019-10-27","LECO.20190716.SURBER.3","A00000081121",,"NILFIM","Y","Nilotanypus fimbriatus",,"species","Arthropoda","Hexapoda","Insecta","Pterygota","Neoptera","Holometabola","Diptera","Nematocera","Culicomorpha",,"Chironomidae","Tanypodinae","Pentaneurini",,"Nilotanypus","fimbriatus",,"larva",2,,1,100,1,"N","N",,"condition OK","Y",,"Epler 2001","N","EcoAnalysts Inc.","W. Hoiland",,,
"7355fc70-570f-42c0-8357-f669ff91f8e9","D07","LECO","LECO.AOS.reach","2019-07-16T15:15Z","2019-10-27","LECO.20190716.SURBER.5","A00000081125",,"OULSP","Y","Oulimnius sp.",,"genus","Arthropoda","Hexapoda","Insecta","Pterygota","Neoptera","Holometabola","Coleoptera","Polyphaga","Elateriformia","Byrrhoidea","Elmidae","Elminae","Elmini",,"Oulimnius","sp.",,"larva",1,,9,56,16,"N","N",,"condition OK","Y",,"Merritt and Cummins 2008","N","EcoAnalysts Inc.","A. Navesky",,,
"c36f633a-b7ea-474d-b0e3-fd30e08ef8d6","D07","LECO","LECO.AOS.reach","2019-07-16T15:15Z","2019-10-27","LECO.20190716.SURBER.5","A00000081125",,"HEPSP","Y","Heptageniidae sp.",,"family","Arthropoda","Hexapoda","Insecta","Pterygota","Palaeoptera",,"Ephemeroptera","Pisciforma",,"Heptagenioidea","Heptageniidae",,,,,"sp.",,"larva",1,,1,56,2,"Y","N",,"condition OK","N",,"Merritt and Cummins 2008","N","EcoAnalysts Inc.","A. Navesky",,,
"d674f800-e033-40e5-b96d-fd071390013b","D07","LECO","LECO.AOS.reach","2019-07-16T15:15Z","2019-10-27","LECO.20190716.SURBER.2","A00000081120",,"SERSP5","Y","Serratella sp.",,"genus","Arthropoda","Hexapoda","Insecta","Pterygota","Palaeoptera",,"Ephemeroptera","Furcatergalia","Pannota","Ephemerelloidea","Ephemerellidae",,,,"Serratella","sp.",,"larva",2,,1,100,1,"Y","N",,"condition OK","Y",,"Merritt et al 2019","Y","EcoAnalysts Inc.","A. Navesky","1InRef.Coll., RC specimen",,
"7015550b-416e-4461-bc55-de3bd0be3e01","D07","LECO","LECO.AOS.reach","2019-07-16T15:15Z","2019-10-27","LECO.20190716.SURBER.2","A00000081120",,"MACTER","Y","Maccaffertium terminatum",,"species","Arthropoda","Hexapoda","Insecta","Pterygota","Palaeoptera",,"Ephemeroptera","Pisciforma",,"Heptagenioidea","Heptageniidae",,,,"Maccaffertium","terminatum",,"larva",6,,1,100,1,"N","N",,"condition OK","Y",,"Bednarik and McCafferty 1979","Y","EcoAnalysts Inc.","A. Navesky","1InRef.Coll., RC specimen",,
"abeff4a8-ceb3-4b11-a317-c3b56c3f60b6","D07","LECO","LECO.AOS.reach","2019-07-16T15:15Z","2019-10-27","LECO.20190716.SURBER.1","A00000081119",,"CLASP9","Y","Clathrosperchon sp.",,"genus","Arthropoda","Chelicerata","Arachnida","Acari",,"Acariformes","Trombidiformes","Prostigmata",,"Hydryphantoidea","Rhynchohydracaridae",,,,"Clathrosperchon","sp.",,"none",1,,1,100,1,"N","N",,"condition OK","Y",,"Thorp and Covich 2001","N","EcoAnalysts Inc.","A. Navesky",,,
"08489f6e-8714-4571-b40c-34c206162fe4","D07","LECO","LECO.AOS.reach","2019-07-16T15:15Z","2019-10-27","LECO.20190716.SURBER.5","A00000081125",,"PLASP17","Y","Plauditus sp.",,"genus","Arthropoda","Hexapoda","Insecta","Pterygota","Palaeoptera",,"Ephemeroptera","Pisciforma",,,"Baetidae",,,,"Plauditus","sp.",,"larva",2,,4,56,7,"N","N",,"condition OK","Y",,"Merritt and Cummins 2008","N","EcoAnalysts Inc.","A. Navesky",,,
"77a7ae4c-4c89-48c4-b285-7d590dcc9883","D07","LECO","LECO.AOS.reach","2019-07-16T15:15Z","2019-10-27","LECO.20190716.SURBER.2","A00000081120","LECO.20190716.SURBER.2_OLIGOCHAETE_1/1","PRISP1","Y","Pristina sp.",,"genus","Annelida","Clitellata","Oligochaeta","Oligochaeta",,,"Tubificida",,,,"Naididae","Pristininae",,,"Pristina","sp.",,"none",1,,1,100,1,"N","N",,"damaged, affecting measurement","Y",,"Kathman and Brinkhurst, 1998","Y","EcoAnalysts Inc.","L. Flaherty","Fragment measured",,
"bdbec78b-8d7f-4c1b-8523-077ac3de335c","D07","LECO","LECO.AOS.reach","2019-07-16T15:15Z","2019-10-27","LECO.20190716.SURBER.2","A00000081120",,"OULSP","Y","Oulimnius sp.",,"genus","Arthropoda","Hexapoda","Insecta","Pterygota","Neoptera","Holometabola","Coleoptera","Polyphaga","Elateriformia","Byrrhoidea","Elmidae","Elminae","Elmini",,"Oulimnius","sp.",,"larva",2,,4,100,4,"N","N",,"condition OK","Y",,"Merritt and Cummins 2008","Y","EcoAnalysts Inc.","A. Navesky",,,
"c16ee66a-f7a2-48f7-b2ee-7453b991abde","D07","LECO","LECO.AOS.reach","2019-07-16T15:15Z","2019-10-27","LECO.20190716.SURBER.2","A00000081120",,"STESP10","Y","Stempellinella sp.",,"genus","Arthropoda","Hexapoda","Insecta","Pterygota","Neoptera","Holometabola","Diptera","Nematocera","Culicomorpha",,"Chironomidae","Chironominae","Tanytarsini",,"Stempellinella","sp.",,"larva",2,,22,100,22,"N","N",,"condition OK","Y",,"Epler 2001","Y","EcoAnalysts Inc.","W. Hoiland",,,
"4bcb1795-7670-4e76-81bf-ce0013994d14","D07","LECO","LECO.AOS.reach","2019-07-16T15:15Z","2019-10-27","LECO.20190716.SURBER.3","A00000081121",,"OULSP","Y","Oulimnius sp.",,"genus","Arthropoda","Hexapoda","Insecta","Pterygota","Neoptera","Holometabola","Coleoptera","Polyphaga","Elateriformia","Byrrhoidea","Elmidae","Elminae","Elmini",,"Oulimnius","sp.",,"adult",2,,1,100,1,"N","N",,"condition OK","Y",,"Merritt and Cummins 2008","N","EcoAnalysts Inc.","A. Navesky",,,
"352e637c-3842-4236-8cc0-6e9061ae6674","D07","LECO","LECO.AOS.reach","2019-07-16T15:15Z","2019-10-26","LECO.20190716.CORE.1","A00000081126",,"TANSP11","Y","Tanytarsus sp.",,"genus","Arthropoda","Hexapoda","Insecta","Pterygota","Neoptera","Holometabola","Diptera","Nematocera","Culicomorpha",,"Chironomidae","Chironominae","Tanytarsini",,"Tanytarsus","sp.",,"larva",3,,47,88,54,"N","N",,"condition OK","Y",,"Epler 2001","N","EcoAnalysts Inc.","W. Hoiland",,,
"210afd9d-a660-45c0-affd-c503dd2dae1a","D07","LECO","LECO.AOS.reach","2019-07-16T15:15Z","2019-10-27","LECO.20190716.SURBER.1","A00000081119",,"SUBSP","Y","Sublettea sp.",,"genus","Arthropoda","Hexapoda","Insecta","Pterygota","Neoptera","Holometabola","Diptera","Nematocera","Culicomorpha",,"Chironomidae","Chironominae","Tanytarsini",,"Sublettea","sp.",,"larva",2,,1,100,1,"N","N",,"condition OK","Y",,"Epler 2001","N","EcoAnalysts Inc.","W. Hoiland",,,
"28abe505-f059-4fee-91c7-5cbfcc051446","D07","LECO","LECO.AOS.reach","2019-07-16T15:15Z","2019-10-27","LECO.20190716.SURBER.4","A00000081122",,"BAEFLA","Y","Baetis flavistriga",,"species","Arthropoda","Hexapoda","Insecta","Pterygota","Palaeoptera",,"Ephemeroptera","Pisciforma",,,"Baetidae",,,,"Baetis","flavistriga",,"larva",4,,1,50,2,"N","N",,"condition OK","Y",,"Wiersema 2004","N","EcoAnalysts Inc.","A. Navesky",,,
"26c42559-064a-4591-924f-62fb19fa7241","D07","LECO","LECO.AOS.reach","2019-07-16T15:15Z","2019-10-26","LECO.20190716.CORE.1","A00000081126",,"ELMSP","Y","Elmidae sp.",,"family","Arthropoda","Hexapoda","Insecta","Pterygota","Neoptera","Holometabola","Coleoptera","Polyphaga","Elateriformia","Byrrhoidea","Elmidae",,,,,"sp.",,"larva",1,,6,88,7,"Y","N",,"condition OK","Y",,"Merritt and Cummins 2008","N","EcoAnalysts Inc.","A. Navesky",,,
"849ac390-d5bc-4e98-8fbe-09ccd53f452f","D07","LECO","LECO.AOS.reach","2019-07-16T15:15Z","2019-10-27","LECO.20190716.SURBER.3","A00000081121",,"TURSP","Y","Turbellaria sp.",,"class","Platyhelminthes",,"Turbellaria",,,,,,,,,,,,,"sp.",,"none",1,,1,100,1,"N","Y",,"condition OK","Y",,"Thorp and Covich 2001","N","EcoAnalysts Inc.","A. Navesky",,,
"2199e100-fa75-4c79-a52f-4576db743cb2","D07","LECO","LECO.AOS.reach","2019-07-16T15:15Z","2019-10-27","LECO.20190716.SURBER.2","A00000081120",,"LOPSP","Y","Lopescladius sp.",,"genus","Arthropoda","Hexapoda","Insecta","Pterygota","Neoptera","Holometabola","Diptera","Nematocera","Culicomorpha",,"Chironomidae","Orthocladiinae",,,"Lopescladius","sp.",,"larva",2,,3,100,3,"N","N",,"condition OK","Y",,"Epler 2001","Y","EcoAnalysts Inc.","W. Hoiland",,,
"896268fc-34ef-4c38-972c-f86674d8417f","D07","LECO","LECO.AOS.reach","2019-07-16T15:15Z","2019-10-27","LECO.20190716.SURBER.2","A00000081120",,"LOPSP","Y","Lopescladius sp.",,"genus","Arthropoda","Hexapoda","Insecta","Pterygota","Neoptera","Holometabola","Diptera","Nematocera","Culicomorpha",,"Chironomidae","Orthocladiinae",,,"Lopescladius","sp.",,"pupa",2,,1,100,1,"N","N",,"condition OK","Y",,"Epler 2001","Y","EcoAnalysts Inc.","W. Hoiland",,,
"0e82c439-c310-4da9-88b8-1253bd7dcef4","D07","LECO","LECO.AOS.reach","2019-07-16T15:15Z","2019-10-26","LECO.20190716.CORE.3","A00000081128",,"PARSP26","Y","Parametriocnemus sp.",,"genus","Arthropoda","Hexapoda","Insecta","Pterygota","Neoptera","Holometabola","Diptera","Nematocera","Culicomorpha",,"Chironomidae","Orthocladiinae",,,"Parametriocnemus","sp.",,"larva",1,,2,100,2,"N","N",,"condition OK","Y",,"Epler 2001","N","EcoAnalysts Inc.","W. Hoiland",,,
"b5683242-04a7-4049-96fa-81ec43872094","D07","LECO","LECO.AOS.reach","2019-07-16T15:15Z","2019-10-27","LECO.20190716.SURBER.2","A00000081120",,"THISP2","Y","Thienemanniella sp.",,"genus","Arthropoda","Hexapoda","Insecta","Pterygota","Neoptera","Holometabola","Diptera","Nematocera","Culicomorpha",,"Chironomidae","Orthocladiinae",,,"Thienemanniella","sp.",,"pupa",2,,2,100,2,"N","N",,"condition OK","Y",,"Epler 2001","Y","EcoAnalysts Inc.","W. Hoiland",,,
"1fd9b779-0f16-4f94-aa13-40ec6615f04a","D07","LECO","LECO.AOS.reach","2019-07-16T15:15Z","2019-10-26","LECO.20190716.CORE.2","A00000081127",,"LIRSP","Y","Lirceus sp.",,"genus","Arthropoda","Crustacea","Malacostraca","Eumalacostraca",,"Peracarida","Isopoda","Asellota",,"Aselloidea","Asellidae",,,,"Lirceus","sp.",,"larva",1,,1,100,1,"N","N",,"condition OK","Y",,"Thorp and Covich 2001","N","EcoAnalysts Inc.","A. Navesky",,,
"1f376809-2e1e-4848-8f0e-1e6a262fa3be","D07","LECO","LECO.AOS.reach","2019-07-16T15:15Z","2019-10-26","LECO.20190716.CORE.3","A00000081128",,"ALLSP2","Y","Alloperla sp.",,"genus","Arthropoda","Hexapoda","Insecta","Pterygota","Neoptera","Polyneoptera","Plecoptera","Systellognatha",,,"Chloroperlidae","Chloroperlinae",,,"Alloperla","sp.",,"larva",5,,1,100,1,"N","N",,"condition OK","Y",,"Stewart and Stark, 2002","N","EcoAnalysts Inc.","A. Navesky","1InRef.Coll., RC specimen",,
"272e54a7-2a1a-4926-b15f-b46c68141b67","D07","LECO","LECO.AOS.reach","2019-07-16T15:15Z","2019-10-27","LECO.20190716.SURBER.2","A00000081120",,"LEBSP1","Y","Lebertia sp.",,"genus","Arthropoda","Chelicerata","Arachnida","Acari",,"Acariformes","Trombidiformes","Prostigmata",,"Lebertioidea","Lebertiidae",,,,"Lebertia","sp.",,"none",1,,3,100,3,"N","N",,"condition OK","Y",,"Thorp and Covich 2001","Y","EcoAnalysts Inc.","A. Navesky",,,
"648fae3e-cfc8-4f92-b0b5-8032554949f0","D07","LECO","LECO.AOS.reach","2019-07-16T15:15Z","2019-10-27","LECO.20190716.SURBER.1","A00000081119",,"LOPSP","Y","Lopescladius sp.",,"genus","Arthropoda","Hexapoda","Insecta","Pterygota","Neoptera","Holometabola","Diptera","Nematocera","Culicomorpha",,"Chironomidae","Orthocladiinae",,,"Lopescladius","sp.",,"larva",2,,2,100,2,"N","N",,"condition OK","Y",,"Epler 2001","N","EcoAnalysts Inc.","W. Hoiland",,,
"123bdf74-d752-40f2-af16-e7cff7aa1be1","D07","LECO","LECO.AOS.reach","2019-07-16T15:15Z","2019-10-27","LECO.20190716.SURBER.4","A00000081122",,"OULSP","Y","Oulimnius sp.",,"genus","Arthropoda","Hexapoda","Insecta","Pterygota","Neoptera","Holometabola","Coleoptera","Polyphaga","Elateriformia","Byrrhoidea","Elmidae","Elminae","Elmini",,"Oulimnius","sp.",,"larva",2,,16,50,32,"N","N",,"condition OK","Y",,"Merritt and Cummins 2008","N","EcoAnalysts Inc.","A. Navesky",,,
"d6124ba5-d0be-4705-a064-74a614a279c2","D07","LECO","LECO.AOS.reach","2019-07-16T15:15Z","2019-10-27","LECO.20190716.SURBER.4","A00000081122",,"PSYSP4","Y","Psychomyia sp.",,"genus","Arthropoda","Hexapoda","Insecta","Pterygota","Neoptera","Holometabola","Trichoptera",,,"Hydropsychoidea","Psychomyiidae","Psychomyiinae",,,"Psychomyia","sp.",,"larva",2,,3,50,6,"Y","N",,"condition OK","N",,"Wiggins 1996","N","EcoAnalysts Inc.","A. Navesky",,,
"1bb1c440-60e3-4930-b99b-188b5a4f8f51","D07","LECO","LECO.AOS.reach","2019-07-16T15:15Z","2019-10-26","LECO.20190716.CORE.2","A00000081127",,"CORSP19","Y","Corynoneura sp.",,"genus","Arthropoda","Hexapoda","Insecta","Pterygota","Neoptera","Holometabola","Diptera","Nematocera","Culicomorpha",,"Chironomidae","Orthocladiinae",,,"Corynoneura","sp.",,"pupa",2,,1,100,1,"N","N",,"condition OK","Y",,"Epler 2001","N","EcoAnalysts Inc.","W. Hoiland",,,
"9375bdef-9dd6-4d2b-a867-583b24ca278e","D07","LECO","LECO.AOS.reach","2019-07-16T15:15Z","2019-10-27","LECO.20190716.SURBER.3","A00000081121",,"CHESP5","Y","Cheumatopsyche sp.",,"genus","Arthropoda","Hexapoda","Insecta","Pterygota","Neoptera","Holometabola","Trichoptera",,,"Hydropsychoidea","Hydropsychidae","Hydropsychinae",,,"Cheumatopsyche","sp.",,"larva",4,,2,100,2,"N","N",,"condition OK","Y",,"Wiggins 1996","N","EcoAnalysts Inc.","A. Navesky",,,
"1c0247f3-c673-46f1-b6b7-f39ce973ac4f","D07","LECO","LECO.AOS.reach","2019-07-16T15:15Z","2019-10-27","LECO.20190716.SURBER.4","A00000081122",,"GLOSP3","Y","Glossosoma sp.",,"genus","Arthropoda","Hexapoda","Insecta","Pterygota","Neoptera","Holometabola","Trichoptera",,,"Glossosomatoidea","Glossosomatidae","Glossosomatinae","Glossosomatini",,"Glossosoma","sp.",,"larva",1,,1,50,2,"N","N",,"condition OK","Y",,"Wiggins 1996","N","EcoAnalysts Inc.","A. Navesky",,,
"b861f60d-13fa-4164-ad60-b316e75b267a","D07","LECO","LECO.AOS.reach","2019-07-16T15:15Z","2019-10-26","LECO.20190716.CORE.3","A00000081128",,"PARSP23","Y","Parachaetocladius sp.",,"genus","Arthropoda","Hexapoda","Insecta","Pterygota","Neoptera","Holometabola","Diptera","Nematocera","Culicomorpha",,"Chironomidae","Orthocladiinae",,,"Parachaetocladius","sp.",,"larva",4,,5,100,5,"N","N",,"condition OK","Y",,"Epler 2001","N","EcoAnalysts Inc.","W. Hoiland",,,
"e2f6b0b7-164f-40e6-9238-bcd566fa492b","D07","LECO","LECO.AOS.reach","2019-07-16T15:15Z","2019-10-26","LECO.20190716.CORE.1","A00000081126",,"TANSP11","Y","Tanytarsus sp.",,"genus","Arthropoda","Hexapoda","Insecta","Pterygota","Neoptera","Holometabola","Diptera","Nematocera","Culicomorpha",,"Chironomidae","Chironominae","Tanytarsini",,"Tanytarsus","sp.",,"larva",1,,8,88,9,"N","N",,"condition OK","Y",,"Epler 2001","N","EcoAnalysts Inc.","W. Hoiland",,,
"18ca28f2-6e7f-4c0b-868b-4eade48ad092","D07","LECO","LECO.AOS.reach","2019-07-16T15:15Z","2019-10-27","LECO.20190716.SURBER.2","A00000081120",,"RHYSP3","Y","Rhyacophila sp.",,"genus","Arthropoda","Hexapoda","Insecta","Pterygota","Neoptera","Holometabola","Trichoptera",,,"Rhyacophiloidea","Rhyacophilidae",,,,"Rhyacophila","sp.",,"larva",6,,1,100,1,"Y","N",,"condition OK","Y",,"Wiggins 1996","Y","EcoAnalysts Inc.","A. Navesky",,,
"2491a092-1d2d-4302-941f-65511de07f0c","D07","LECO","LECO.AOS.reach","2019-07-16T15:15Z","2019-10-26","LECO.20190716.CORE.1","A00000081126",,"BAESP2","Y","Baetis sp.",,"genus","Arthropoda","Hexapoda","Insecta","Pterygota","Palaeoptera",,"Ephemeroptera","Pisciforma",,,"Baetidae",,,,"Baetis","sp.",,"larva",1,,2,88,2,"Y","N",,"condition OK","Y",,"Merritt and Cummins 2008","N","EcoAnalysts Inc.","A. Navesky",,,
"7a601de0-8bb7-4ad0-badb-6dd9bbaeb07e","D07","LECO","LECO.AOS.reach","2019-07-16T15:15Z","2019-10-27","LECO.20190716.SURBER.3","A00000081121",,"PSEHER","Y","Psephenus herricki",,"species","Arthropoda","Hexapoda","Insecta","Pterygota","Neoptera","Holometabola","Coleoptera","Polyphaga","Elateriformia","Byrrhoidea","Psephenidae","Psepheninae",,,"Psephenus","herricki",,"larva",1,,1,100,1,"N","N",,"condition OK","Y",,"Brown 1972","N","EcoAnalysts Inc.","A. Navesky",,,
"ebc83c73-2b3a-4b97-bce8-7e87c2c35e32","D07","LECO","LECO.AOS.reach","2019-07-16T15:15Z","2019-10-26","LECO.20190716.CORE.3","A00000081128",,"PARSP23","Y","Parachaetocladius sp.",,"genus","Arthropoda","Hexapoda","Insecta","Pterygota","Neoptera","Holometabola","Diptera","Nematocera","Culicomorpha",,"Chironomidae","Orthocladiinae",,,"Parachaetocladius","sp.",,"larva",2,,3,100,3,"N","N",,"condition OK","Y",,"Epler 2001","N","EcoAnalysts Inc.","W. Hoiland",,,
"e46a886e-a378-459e-84a2-3929208c9772","D07","LECO","LECO.AOS.reach","2019-07-16T15:15Z","2019-10-27","LECO.20190716.SURBER.3","A00000081121",,"OULSP","Y","Oulimnius sp.",,"genus","Arthropoda","Hexapoda","Insecta","Pterygota","Neoptera","Holometabola","Coleoptera","Polyphaga","Elateriformia","Byrrhoidea","Elmidae","Elminae","Elmini",,"Oulimnius","sp.",,"larva",1,,9,100,9,"N","N",,"condition OK","Y",,"Merritt and Cummins 2008","N","EcoAnalysts Inc.","A. Navesky",,,
"0d6c6786-dbd0-4d1e-9783-32d12747dbf0","D07","LECO","LECO.AOS.reach","2019-07-16T15:15Z","2019-10-27","LECO.20190716.SURBER.2","A00000081120",,"PARSP23","Y","Parachaetocladius sp.",,"genus","Arthropoda","Hexapoda","Insecta","Pterygota","Neoptera","Holometabola","Diptera","Nematocera","Culicomorpha",,"Chironomidae","Orthocladiinae",,,"Parachaetocladius","sp.",,"larva",4,,4,100,4,"N","N",,"condition OK","Y",,"Epler 2001","Y","EcoAnalysts Inc.","W. Hoiland",,,
"03e3bd14-9568-456d-b4a0-8994f5f8bec5","D07","LECO","LECO.AOS.reach","2019-07-16T15:15Z","2019-10-27","LECO.20190716.SURBER.1","A00000081119",,"TANSP11","Y","Tanytarsus sp.",,"genus","Arthropoda","Hexapoda","Insecta","Pterygota","Neoptera","Holometabola","Diptera","Nematocera","Culicomorpha",,"Chironomidae","Chironominae","Tanytarsini",,"Tanytarsus","sp.",,"larva",3,,21,100,21,"N","N",,"condition OK","Y",,"Epler 2001","N","EcoAnalysts Inc.","W. Hoiland",,,
"acfb34ee-7298-4fe2-b6ad-3ac689ba61e3","D07","LECO","LECO.AOS.reach","2019-07-16T15:15Z","2019-10-26","LECO.20190716.CORE.1","A00000081126",,"SWESP","Y","Sweltsa sp.",,"genus","Arthropoda","Hexapoda","Insecta","Pterygota","Neoptera","Polyneoptera","Plecoptera","Systellognatha",,,"Chloroperlidae","Chloroperlinae",,,"Sweltsa","sp.",,"larva",2,,3,88,3,"N","N",,"condition OK","Y",,"Stewart and Stark, 2002","N","EcoAnalysts Inc.","A. Navesky",,,
"bc27acec-abb8-4111-b899-d5632a1fb4cb","D07","LECO","LECO.AOS.reach","2019-07-16T15:15Z","2019-10-26","LECO.20190716.CORE.1","A00000081126",,"ELMSP","Y","Elmidae sp.",,"family","Arthropoda","Hexapoda","Insecta","Pterygota","Neoptera","Holometabola","Coleoptera","Polyphaga","Elateriformia","Byrrhoidea","Elmidae",,,,,"sp.",,"larva",2,,1,88,1,"Y","N",,"condition OK","Y",,"Merritt and Cummins 2008","N","EcoAnalysts Inc.","A. Navesky",,,
"584c0d86-3f9a-425e-b0a5-e0f6ebd2c4d6","D07","LECO","LECO.AOS.reach","2019-07-16T15:15Z","2019-10-27","LECO.20190716.SURBER.1","A00000081119",,"BAEFLA","Y","Baetis flavistriga",,"species","Arthropoda","Hexapoda","Insecta","Pterygota","Palaeoptera",,"Ephemeroptera","Pisciforma",,,"Baetidae",,,,"Baetis","flavistriga",,"larva",2,,2,100,2,"N","N",,"condition OK","Y",,"Wiersema 2004","N","EcoAnalysts Inc.","A. Navesky","2InRef.Coll., RC specimen",,
"6c857be0-fe70-4332-9d7f-e4f5ac6ad9c6","D07","LECO","LECO.AOS.reach","2019-07-16T15:15Z","2019-10-26","LECO.20190716.CORE.3","A00000081128",,"LOPSP","Y","Lopescladius sp.",,"genus","Arthropoda","Hexapoda","Insecta","Pterygota","Neoptera","Holometabola","Diptera","Nematocera","Culicomorpha",,"Chironomidae","Orthocladiinae",,,"Lopescladius","sp.",,"larva",2,,12,100,12,"N","N",,"condition OK","Y",,"Epler 2001","N","EcoAnalysts Inc.","W. Hoiland",,,
"cc8332c3-4743-4aa7-947e-ebd5fcce0968","D07","LECO","LECO.AOS.reach","2019-07-16T15:15Z","2019-10-27","LECO.20190716.SURBER.2","A00000081120",,"CORSP19","Y","Corynoneura sp.",,"genus","Arthropoda","Hexapoda","Insecta","Pterygota","Neoptera","Holometabola","Diptera","Nematocera","Culicomorpha",,"Chironomidae","Orthocladiinae",,,"Corynoneura","sp.",,"larva",2,,1,100,1,"N","N",,"condition OK","Y",,"Epler 2001","Y","EcoAnalysts Inc.","W. Hoiland",,,
"179a0e7a-86f4-4ea5-b7ec-e8c80f55b8e1","D07","LECO","LECO.AOS.reach","2019-07-16T15:15Z","2019-10-26","LECO.20190716.CORE.3","A00000081128",,"SWESP","Y","Sweltsa sp.",,"genus","Arthropoda","Hexapoda","Insecta","Pterygota","Neoptera","Polyneoptera","Plecoptera","Systellognatha",,,"Chloroperlidae","Chloroperlinae",,,"Sweltsa","sp.",,"larva",3,,1,100,1,"N","N",,"condition OK","Y",,"Stewart and Stark, 2002","N","EcoAnalysts Inc.","A. Navesky",,,
"06041940-6ba5-484a-8fec-a1f951705087","D07","LECO","LECO.AOS.reach","2019-07-16T15:15Z","2019-10-27","LECO.20190716.SURBER.3","A00000081121",,"SPESP4","Y","Sperchon sp.",,"genus","Arthropoda","Chelicerata","Arachnida","Acari",,"Acariformes","Trombidiformes","Prostigmata",,"Lebertioidea","Sperchontidae",,,,"Sperchon","sp.",,"none",1,,3,100,3,"N","N",,"condition OK","Y",,"Thorp and Covich 2001","N","EcoAnalysts Inc.","A. Navesky",,,
"1667d8b7-c764-4f6f-ad73-def6ed79a0a9","D07","LECO","LECO.AOS.reach","2019-07-16T15:15Z","2019-10-27","LECO.20190716.SURBER.1","A00000081119","LECO.20190716.SURBER.1_OLIGOCHAETE_1/1","LUMSP2","Y","Lumbriculidae sp.",,"family","Annelida","Clitellata","Oligochaeta","Oligochaeta",,,"Lumbriculida",,,,"Lumbriculidae",,,,,"sp.",,"none",8,,1,100,1,"N","N",,"condition OK","Y",,"Kathman and Brinkhurst, 1999","N","EcoAnalysts Inc.","L. Flaherty",,,
"e58e9683-a59f-480d-85cc-7ab8389378b6","D07","LECO","LECO.AOS.reach","2019-07-16T15:15Z","2019-10-26","LECO.20190716.CORE.2","A00000081127",,"LEUSP8","Y","Leuctra sp.",,"genus","Arthropoda","Hexapoda","Insecta","Pterygota","Neoptera","Polyneoptera","Plecoptera","Euholognatha",,,"Leuctridae","Leuctrinae",,,"Leuctra","sp.",,"larva",4,,4,100,4,"N","N",,"condition OK","Y",,"Stewart and Stark, 2002","N","EcoAnalysts Inc.","A. Navesky",,,
"a703b272-41f1-416f-b15e-f1347618c002","D07","LECO","LECO.AOS.reach","2019-07-16T15:15Z","2019-10-27","LECO.20190716.SURBER.3","A00000081121",,"LEPSP4","Y","Leptophlebiidae sp.",,"family","Arthropoda","Hexapoda","Insecta","Pterygota","Palaeoptera",,"Ephemeroptera","Furcatergalia","Lanceolata",,"Leptophlebiidae",,,,,"sp.",,"larva",2,,1,100,1,"Y","N",,"condition OK","Y",,"Merritt and Cummins 2008","N","EcoAnalysts Inc.","A. Navesky",,,
"5e786dc4-6bec-4971-93e1-0ea4a35c8d5c","D07","LECO","LECO.AOS.reach","2019-07-16T15:15Z","2019-10-26","LECO.20190716.CORE.3","A00000081128",,"MICSP6","Y","Micropsectra sp.",,"genus","Arthropoda","Hexapoda","Insecta","Pterygota","Neoptera","Holometabola","Diptera","Nematocera","Culicomorpha",,"Chironomidae","Chironominae","Tanytarsini",,"Micropsectra","sp.",,"larva",2,,29,100,29,"N","N",,"condition OK","Y",,"Epler 2001","N","EcoAnalysts Inc.","W. Hoiland",,,
"db896870-f502-439d-905a-90a570e7205f","D07","LECO","LECO.AOS.reach","2019-07-16T15:15Z","2019-10-26","LECO.20190716.CORE.1","A00000081126",,"KRESP1","Y","Krenosmittia sp.",,"genus","Arthropoda","Hexapoda","Insecta","Pterygota","Neoptera","Holometabola","Diptera","Nematocera","Culicomorpha",,"Chironomidae","Orthocladiinae",,,"Krenosmittia","sp.",,"larva",3,,11,88,13,"N","N",,"condition OK","Y",,"Epler 2001","N","EcoAnalysts Inc.","W. Hoiland",,,
"b910dace-977d-433f-bd22-8cb0f685de1c","D07","LECO","LECO.AOS.reach","2019-07-16T15:15Z","2019-10-27","LECO.20190716.SURBER.2","A00000081120",,"SWESP","Y","Sweltsa sp.",,"genus","Arthropoda","Hexapoda","Insecta","Pterygota","Neoptera","Polyneoptera","Plecoptera","Systellognatha",,,"Chloroperlidae","Chloroperlinae",,,"Sweltsa","sp.",,"larva",2,,7,100,7,"N","N",,"condition OK","Y",,"Stewart and Stark, 2002","Y","EcoAnalysts Inc.","A. Navesky",,,
"4625612f-8c26-4123-9809-0321773d5d74","D07","LECO","LECO.AOS.reach","2019-07-16T15:15Z","2019-10-27","LECO.20190716.SURBER.5","A00000081125",,"LOPSP","Y","Lopescladius sp.",,"genus","Arthropoda","Hexapoda","Insecta","Pterygota","Neoptera","Holometabola","Diptera","Nematocera","Culicomorpha",,"Chironomidae","Orthocladiinae",,,"Lopescladius","sp.",,"larva",4,,3,56,5,"N","N",,"condition OK","Y",,"Epler 2001","N","EcoAnalysts Inc.","W. Hoiland",,,
"a07c52cc-fbf4-4e7b-a479-7bb70dcf8a42","D07","LECO","LECO.AOS.reach","2019-07-16T15:15Z","2019-10-26","LECO.20190716.CORE.3","A00000081128",,"KRESP1","Y","Krenosmittia sp.",,"genus","Arthropoda","Hexapoda","Insecta","Pterygota","Neoptera","Holometabola","Diptera","Nematocera","Culicomorpha",,"Chironomidae","Orthocladiinae",,,"Krenosmittia","sp.",,"larva",2,,13,100,13,"N","N",,"condition OK","Y",,"Epler 2001","N","EcoAnalysts Inc.","W. Hoiland",,,
"dd18590e-1e4d-44a8-93c3-cfe6738910cb","D07","LECO","LECO.AOS.reach","2019-07-16T15:15Z","2019-10-26","LECO.20190716.CORE.1","A00000081126",,"LOPSP","Y","Lopescladius sp.",,"genus","Arthropoda","Hexapoda","Insecta","Pterygota","Neoptera","Holometabola","Diptera","Nematocera","Culicomorpha",,"Chironomidae","Orthocladiinae",,,"Lopescladius","sp.",,"larva",4,,6,88,7,"N","N",,"condition OK","Y",,"Epler 2001","N","EcoAnalysts Inc.","W. Hoiland",,,
"f0423246-fa7e-4667-8ea2-2d5f42493ef9","D07","LECO","LECO.AOS.reach","2019-07-16T15:15Z","2019-10-27","LECO.20190716.SURBER.1","A00000081119",,"BAESP","Y","Baetidae sp.",,"family","Arthropoda","Hexapoda","Insecta","Pterygota","Palaeoptera",,"Ephemeroptera","Pisciforma",,,"Baetidae",,,,,"sp.",,"larva",1,,1,100,1,"Y","N",,"condition OK","Y",,"Merritt and Cummins 2008","N","EcoAnalysts Inc.","A. Navesky",,,
"f6cd52d5-e632-4b31-b26c-675536592ff3","D07","LECO","LECO.AOS.reach","2019-07-16T15:15Z","2019-10-27","LECO.20190716.SURBER.4","A00000081122",,"CAPSP2","Y","Capniidae sp.",,"family","Arthropoda","Hexapoda","Insecta","Pterygota","Neoptera","Polyneoptera","Plecoptera","Euholognatha",,,"Capniidae",,,,,"sp.",,"larva",2,,1,50,2,"Y","N",,"condition OK","Y",,"Stewart and Stark, 2002","N","EcoAnalysts Inc.","A. Navesky",,,
"f97d3fed-be71-4ae9-90a0-46ca28d37ba8","D07","LECO","LECO.AOS.reach","2019-07-16T15:15Z","2019-10-26","LECO.20190716.CORE.3","A00000081128",,"COLSP1","Y","Collembola sp.",,"order","Arthropoda","Hexapoda","Collembola",,,,"Collembola",,,,,,,,,"sp.",,"larva",1,,1,100,1,"N","N",,"condition OK","Y",,"Triplehorn and Johnson 2005","N","EcoAnalysts Inc.","A. Navesky",,,
"7681b453-64b5-4d6f-ba73-6c843ed3cd2b","D07","LECO","LECO.AOS.reach","2019-07-16T15:15Z","2019-10-26","LECO.20190716.CORE.3","A00000081128","LECO.20190716.CORE.3_OLIGOCHAETE_1/1","PRISP1","Y","Pristina sp.",,"genus","Annelida","Clitellata","Oligochaeta","Oligochaeta",,,"Tubificida",,,,"Naididae","Pristininae",,,"Pristina","sp.",,"none",1,,5,100,5,"N","N",,"condition OK","Y",,"Kathman and Brinkhurst, 1998","N","EcoAnalysts Inc.","L. Flaherty",,,
"3ff893dd-c491-443e-a881-0e03d92e8dbd","D07","LECO","LECO.AOS.reach","2019-07-16T15:15Z","2019-10-27","LECO.20190716.SURBER.2","A00000081120",,"PARSP26","Y","Parametriocnemus sp.",,"genus","Arthropoda","Hexapoda","Insecta","Pterygota","Neoptera","Holometabola","Diptera","Nematocera","Culicomorpha",,"Chironomidae","Orthocladiinae",,,"Parametriocnemus","sp.",,"larva",4,,2,100,2,"N","N",,"condition OK","Y",,"Epler 2001","Y","EcoAnalysts Inc.","W. Hoiland",,,
"78f999b7-e900-43fe-a520-8f7c361872ef","D07","LECO","LECO.AOS.reach","2019-07-16T15:15Z","2019-10-27","LECO.20190716.SURBER.1","A00000081119",,"LOPSP","Y","Lopescladius sp.",,"genus","Arthropoda","Hexapoda","Insecta","Pterygota","Neoptera","Holometabola","Diptera","Nematocera","Culicomorpha",,"Chironomidae","Orthocladiinae",,,"Lopescladius","sp.",,"pupa",2,,2,100,2,"N","N",,"condition OK","Y",,"Epler 2001","N","EcoAnalysts Inc.","W. Hoiland",,,
"5c7e5c65-ae57-4190-b30e-1e21234b1dc9","D07","LECO","LECO.AOS.reach","2019-07-16T15:15Z","2019-10-26","LECO.20190716.CORE.2","A00000081127",,"MICSP6","Y","Micropsectra sp.",,"genus","Arthropoda","Hexapoda","Insecta","Pterygota","Neoptera","Holometabola","Diptera","Nematocera","Culicomorpha",,"Chironomidae","Chironominae","Tanytarsini",,"Micropsectra","sp.",,"larva",2,,44,100,44,"N","N",,"condition OK","Y",,"Epler 2001","N","EcoAnalysts Inc.","W. Hoiland",,,
"546406f1-36b9-4e91-a823-c6314e5e1819","D07","LECO","LECO.AOS.reach","2019-07-16T15:15Z","2019-10-26","LECO.20190716.CORE.3","A00000081128","LECO.20190716.CORE.3_EURYHAPSIS SP.","EURSP5","Y","Euryhapsis sp.",,"genus","Arthropoda","Hexapoda","Insecta","Pterygota","Neoptera","Holometabola","Diptera","Nematocera","Culicomorpha",,"Chironomidae","Orthocladiinae",,,"Euryhapsis","sp.",,"larva",4,"4a",2,100,2,"N","N",,"condition OK","Y",,"Epler 2001","N","EcoAnalysts Inc.","W. Hoiland","2InRef.Coll., In RC",,
"8f84dffc-61ac-44fa-89e9-950834a267e7","D07","LECO","LECO.AOS.reach","2019-07-16T15:15Z","2019-10-26","LECO.20190716.CORE.1","A00000081126",,"CHLSP","Y","Chloroperlidae sp.",,"family","Arthropoda","Hexapoda","Insecta","Pterygota","Neoptera","Polyneoptera","Plecoptera","Systellognatha",,,"Chloroperlidae",,,,,"sp.",,"larva",6,,1,88,1,"N","N",,"damaged, affecting taxonomy","Y",,"Stewart and Stark, 2002","N","EcoAnalysts Inc.","A. Navesky",,,
"fdc88453-46fa-40c9-abaa-2bdc7d8a9a04","D07","LECO","LECO.AOS.reach","2019-07-16T15:15Z","2019-10-27","LECO.20190716.SURBER.2","A00000081120",,"LEUSP8","Y","Leuctra sp.",,"genus","Arthropoda","Hexapoda","Insecta","Pterygota","Neoptera","Polyneoptera","Plecoptera","Euholognatha",,,"Leuctridae","Leuctrinae",,,"Leuctra","sp.",,"larva",5,,1,100,1,"N","N",,"condition OK","Y",,"Stewart and Stark, 2002","Y","EcoAnalysts Inc.","A. Navesky",,,
"9fe095cd-23b5-4972-bd4c-b26a71fd8903","D07","LECO","LECO.AOS.reach","2019-07-16T15:15Z","2019-10-27","LECO.20190716.SURBER.2","A00000081120",,"CAPSP2","Y","Capniidae sp.",,"family","Arthropoda","Hexapoda","Insecta","Pterygota","Neoptera","Polyneoptera","Plecoptera","Euholognatha",,,"Capniidae",,,,,"sp.",,"larva",1,,2,100,2,"Y","N",,"condition OK","Y",,"Stewart and Stark, 2002","Y","EcoAnalysts Inc.","A. Navesky",,,
"88ad115e-ff7d-42e1-9e64-c085acf9d2d4","D07","LECO","LECO.AOS.reach","2019-07-16T15:15Z","2019-10-27","LECO.20190716.SURBER.1","A00000081119",,"LOPSP","Y","Lopescladius sp.",,"genus","Arthropoda","Hexapoda","Insecta","Pterygota","Neoptera","Holometabola","Diptera","Nematocera","Culicomorpha",,"Chironomidae","Orthocladiinae",,,"Lopescladius","sp.",,"larva",3,,1,100,1,"N","N",,"condition OK","Y",,"Epler 2001","N","EcoAnalysts Inc.","W. Hoiland",,,
"caad6065-5d42-4485-9573-c69d482093a9","D07","LECO","LECO.AOS.reach","2019-07-16T15:15Z","2019-10-27","LECO.20190716.SURBER.4","A00000081122",,"SUBSP","Y","Sublettea sp.",,"genus","Arthropoda","Hexapoda","Insecta","Pterygota","Neoptera","Holometabola","Diptera","Nematocera","Culicomorpha",,"Chironomidae","Chironominae","Tanytarsini",,"Sublettea","sp.",,"larva",2,,2,50,4,"N","N",,"condition OK","Y",,"Epler 2001","N","EcoAnalysts Inc.","W. Hoiland",,,
"bf0caf38-625b-4d8d-875e-b7001a6f3b0e","D07","LECO","LECO.AOS.reach","2019-07-16T15:15Z","2019-10-26","LECO.20190716.CORE.2","A00000081127",,"PSISP1","Y","Psilotreta sp.",,"genus","Arthropoda","Hexapoda","Insecta","Pterygota","Neoptera","Holometabola","Trichoptera",,,"Leptoceroidea","Odontoceridae","Odontocerinae",,,"Psilotreta","sp.",,"larva",2,,1,100,1,"N","N",,"condition OK","Y",,"Wiggins 1996","N","EcoAnalysts Inc.","A. Navesky","1InRef.Coll., RC specimen",,
"1ee155d4-6c4a-4fed-92e1-d2c8126f65bd","D07","LECO","LECO.AOS.reach","2019-07-16T15:15Z","2019-10-26","LECO.20190716.CORE.2","A00000081127",,"CORSP19","Y","Corynoneura sp.",,"genus","Arthropoda","Hexapoda","Insecta","Pterygota","Neoptera","Holometabola","Diptera","Nematocera","Culicomorpha",,"Chironomidae","Orthocladiinae",,,"Corynoneura","sp.",,"larva",2,,1,100,1,"N","N",,"condition OK","Y",,"Epler 2001","N","EcoAnalysts Inc.","W. Hoiland",,,
"d18772d5-6856-45e3-8d64-089420a4182d","D07","LECO","LECO.AOS.reach","2019-07-16T15:15Z","2019-10-27","LECO.20190716.SURBER.5","A00000081125",,"CRISP6","Y","Cricotopus/Orthocladius sp.",,"speciesGroup","Arthropoda","Hexapoda","Insecta","Pterygota","Neoptera","Holometabola","Diptera","Nematocera","Culicomorpha",,"Chironomidae","Orthocladiinae",,,"Cricotopus/Orthocladius","sp.",,"larva",1,,3,56,5,"N","N",,"condition OK","Y",,"Epler 2001","N","EcoAnalysts Inc.","W. Hoiland",,,
"b1c2d897-2e05-4bec-9f38-3a60bae16f81","D07","LECO","LECO.AOS.reach","2019-07-16T15:15Z","2019-10-27","LECO.20190716.SURBER.2","A00000081120",,"PSEHER","Y","Psephenus herricki",,"species","Arthropoda","Hexapoda","Insecta","Pterygota","Neoptera","Holometabola","Coleoptera","Polyphaga","Elateriformia","Byrrhoidea","Psephenidae","Psepheninae",,,"Psephenus","herricki",,"larva",6,,2,100,2,"N","N",,"condition OK","Y",,"Brown 1972","Y","EcoAnalysts Inc.","A. Navesky",,,
"ed0fa353-96fd-458c-9651-76f77707bf51","D07","LECO","LECO.AOS.reach","2019-07-16T15:15Z","2019-10-27","LECO.20190716.SURBER.5","A00000081125",,"MACSP11","Y","Maccaffertium sp.",,"genus","Arthropoda","Hexapoda","Insecta","Pterygota","Palaeoptera",,"Ephemeroptera","Pisciforma",,"Heptagenioidea","Heptageniidae",,,,"Maccaffertium","sp.",,"larva",1,,2,56,4,"Y","N",,"condition OK","Y",,"Merritt and Cummins 2008","N","EcoAnalysts Inc.","A. Navesky",,,
"96072fee-5dbf-4c42-b736-cea1febdb570","D07","LECO","LECO.AOS.reach","2019-07-16T15:15Z","2019-10-27","LECO.20190716.SURBER.4","A00000081122",,"MACSP11","Y","Maccaffertium sp.",,"genus","Arthropoda","Hexapoda","Insecta","Pterygota","Palaeoptera",,"Ephemeroptera","Pisciforma",,"Heptagenioidea","Heptageniidae",,,,"Maccaffertium","sp.",,"larva",1,,3,50,6,"Y","N",,"condition OK","Y",,"Merritt and Cummins 2008","N","EcoAnalysts Inc.","A. Navesky",,,
"5c7c3000-2b93-470e-b439-cccb3e9445ca","D07","LECO","LECO.AOS.reach","2019-07-16T15:15Z","2019-10-27","LECO.20190716.SURBER.2","A00000081120",,"PSEHER","Y","Psephenus herricki",,"species","Arthropoda","Hexapoda","Insecta","Pterygota","Neoptera","Holometabola","Coleoptera","Polyphaga","Elateriformia","Byrrhoidea","Psephenidae","Psepheninae",,,"Psephenus","herricki",,"larva",1,,1,100,1,"N","N",,"condition OK","Y",,"Brown 1972","Y","EcoAnalysts Inc.","A. Navesky",,,
"1eb3d93e-4925-435d-bfca-28622d8c4147","D07","LECO","LECO.AOS.reach","2019-07-16T15:15Z","2019-10-26","LECO.20190716.CORE.2","A00000081127",,"TIPSP","Y","Tipulidae sp.",,"family","Arthropoda","Hexapoda","Insecta","Pterygota","Neoptera","Holometabola","Diptera","Nematocera","Tipulomorpha",,"Tipulidae",,,,,"sp.",,"larva",1,,1,100,1,"Y","N",,"condition OK","Y",,"Merritt and Cummins 2008","N","EcoAnalysts Inc.","A. Navesky",,,
"45b25d73-0a27-44eb-b026-039f44feb580","D07","LECO","LECO.AOS.reach","2019-07-16T15:15Z","2019-10-26","LECO.20190716.CORE.2","A00000081127",,"PARSP26","Y","Parametriocnemus sp.",,"genus","Arthropoda","Hexapoda","Insecta","Pterygota","Neoptera","Holometabola","Diptera","Nematocera","Culicomorpha",,"Chironomidae","Orthocladiinae",,,"Parametriocnemus","sp.",,"larva",2,,2,100,2,"N","N",,"condition OK","Y",,"Epler 2001","N","EcoAnalysts Inc.","W. Hoiland",,,
"bbaeca92-220b-428e-8b39-135763457fab","D07","LECO","LECO.AOS.reach","2019-07-16T15:15Z","2019-10-27","LECO.20190716.SURBER.2","A00000081120",,"BAEFLA","Y","Baetis flavistriga",,"species","Arthropoda","Hexapoda","Insecta","Pterygota","Palaeoptera",,"Ephemeroptera","Pisciforma",,,"Baetidae",,,,"Baetis","flavistriga",,"larva",3,,1,100,1,"N","N",,"condition OK","Y",,"Wiersema 2004","Y","EcoAnalysts Inc.","A. Navesky",,,
"9fe0829c-804f-4529-a839-b6573fbbb18e","D07","LECO","LECO.AOS.reach","2019-07-16T15:15Z","2019-10-27","LECO.20190716.SURBER.4","A00000081122",,"LOPSP","Y","Lopescladius sp.",,"genus","Arthropoda","Hexapoda","Insecta","Pterygota","Neoptera","Holometabola","Diptera","Nematocera","Culicomorpha",,"Chironomidae","Orthocladiinae",,,"Lopescladius","sp.",,"larva",4,,2,50,4,"N","N",,"condition OK","Y",,"Epler 2001","N","EcoAnalysts Inc.","W. Hoiland",,,
"0758060e-27fb-4671-9d57-1c24d8a1edaf","D07","LECO","LECO.AOS.reach","2019-07-16T15:15Z","2019-10-27","LECO.20190716.SURBER.2","A00000081120",,"MACSP11","Y","Maccaffertium sp.",,"genus","Arthropoda","Hexapoda","Insecta","Pterygota","Palaeoptera",,"Ephemeroptera","Pisciforma",,"Heptagenioidea","Heptageniidae",,,,"Maccaffertium","sp.",,"larva",1,,1,100,1,"Y","N",,"condition OK","N",,"Merritt and Cummins 2008","Y","EcoAnalysts Inc.","A. Navesky",,,
"daac1ecb-2666-4283-9465-dd27d9fe22f6","D07","LECO","LECO.AOS.reach","2019-07-16T15:15Z","2019-10-27","LECO.20190716.SURBER.5","A00000081125",,"BAESP2","Y","Baetis sp.",,"genus","Arthropoda","Hexapoda","Insecta","Pterygota","Palaeoptera",,"Ephemeroptera","Pisciforma",,,"Baetidae",,,,"Baetis","sp.",,"larva",1,,2,56,4,"Y","N",,"condition OK","N",,"Merritt and Cummins 2008","N","EcoAnalysts Inc.","A. Navesky",,,
"394fa2ea-ab59-4e2a-9422-c3b42e91e9b8","D07","LECO","LECO.AOS.reach","2019-07-16T15:15Z","2019-10-26","LECO.20190716.CORE.2","A00000081127",,"TANSP8","Y","Tanytarsini sp.",,"tribe","Arthropoda","Hexapoda","Insecta","Pterygota","Neoptera","Holometabola","Diptera","Nematocera","Culicomorpha",,"Chironomidae","Chironominae","Tanytarsini",,,"sp.",,"larva",1,,1,100,1,"N","N",,"condition OK","Y",,"Epler 2001","N","EcoAnalysts Inc.","W. Hoiland",,,
"702ed8f6-b788-4c93-aa92-5d0096b2a049","D07","LECO","LECO.AOS.reach","2019-07-16T15:15Z","2019-10-27","LECO.20190716.SURBER.5","A00000081125",,"DRUSP","Y","Drunella sp.",,"genus","Arthropoda","Hexapoda","Insecta","Pterygota","Palaeoptera",,"Ephemeroptera","Furcatergalia","Pannota","Ephemerelloidea","Ephemerellidae",,,,"Drunella","sp.",,"larva",3,,2,56,4,"Y","N",,"condition OK","Y",,"Merritt and Cummins 2008","N","EcoAnalysts Inc.","A. Navesky",,,
"dde88f9c-abd4-42d4-a4a5-03c7426a3531","D07","LECO","LECO.AOS.reach","2019-07-16T15:15Z","2019-10-26","LECO.20190716.CORE.3","A00000081128","LECO.20190716.CORE.3_EURYHAPSIS SP.","EURSP5","Y","Euryhapsis sp.",,"genus","Arthropoda","Hexapoda","Insecta","Pterygota","Neoptera","Holometabola","Diptera","Nematocera","Culicomorpha",,"Chironomidae","Orthocladiinae",,,"Euryhapsis","sp.",,"larva",3,,1,100,1,"N","N",,"condition OK","Y",,"Epler 2001","N","EcoAnalysts Inc.","W. Hoiland","2InRef.Coll.",,
"ba0cc3b4-23ed-4872-aca4-46635633ec1c","D07","LECO","LECO.AOS.reach","2019-07-16T15:15Z","2019-10-27","LECO.20190716.SURBER.5","A00000081125",,"SUBSP","Y","Sublettea sp.",,"genus","Arthropoda","Hexapoda","Insecta","Pterygota","Neoptera","Holometabola","Diptera","Nematocera","Culicomorpha",,"Chironomidae","Chironominae","Tanytarsini",,"Sublettea","sp.",,"larva",2,,2,56,4,"N","N",,"condition OK","Y",,"Epler 2001","N","EcoAnalysts Inc.","W. Hoiland",,,
"7f0223db-b723-4f34-9784-e217f7c4b3ab","D07","LECO","LECO.AOS.reach","2019-07-16T15:15Z","2019-10-27","LECO.20190716.SURBER.4","A00000081122",,"LEPSP4","Y","Leptophlebiidae sp.",,"family","Arthropoda","Hexapoda","Insecta","Pterygota","Palaeoptera",,"Ephemeroptera","Furcatergalia","Lanceolata",,"Leptophlebiidae",,,,,"sp.",,"larva",2,,1,50,2,"Y","N",,"condition OK","Y",,"Merritt and Cummins 2008","N","EcoAnalysts Inc.","A. Navesky",,,
"9dcc3e33-0e8c-4d0a-87d7-a7257569d0d8","D07","LECO","LECO.AOS.reach","2019-07-16T15:15Z","2019-10-27","LECO.20190716.SURBER.5","A00000081125",,"PSEHER","Y","Psephenus herricki",,"species","Arthropoda","Hexapoda","Insecta","Pterygota","Neoptera","Holometabola","Coleoptera","Polyphaga","Elateriformia","Byrrhoidea","Psephenidae","Psepheninae",,,"Psephenus","herricki",,"larva",1,,1,56,2,"N","N",,"condition OK","Y",,"Brown 1972","N","EcoAnalysts Inc.","A. Navesky",,,
"b80ee9d7-e89f-40a8-9c07-3442f1da1624","D07","LECO","LECO.AOS.reach","2019-07-16T15:15Z","2019-10-27","LECO.20190716.SURBER.2","A00000081120",,"WANSP","Y","Wandesia sp.",,"genus","Arthropoda","Chelicerata","Arachnida","Acari",,"Acariformes","Trombidiformes","Prostigmata",,"Hydryphantoidea","Hydryphantidae",,,,"Wandesia","sp.",,"none",2,,1,100,1,"N","N",,"condition OK","Y",,"Thorp and Covich 2001","Y","EcoAnalysts Inc.","A. Navesky",,,
"7dbeeb30-7c37-46fd-a825-64b69b9327ad","D07","LECO","LECO.AOS.reach","2019-07-16T15:15Z","2019-10-27","LECO.20190716.SURBER.5","A00000081125","LECO.20190716.SURBER.5_OLIGOCHAETE_1/1","ENCSP1","Y","Enchytraeidae sp.",,"family","Annelida","Clitellata","Oligochaeta","Oligochaeta",,,"Enchytraeida",,,,"Enchytraeidae",,,,,"sp.",,"none",3,,1,56,2,"N","N",,"condition OK","Y",,"Kathman and Brinkhurst, 1999","N","EcoAnalysts Inc.","L. Flaherty",,,
"2d6a4a02-818d-48bf-ad11-093ed16d1c34","D07","LECO","LECO.AOS.reach","2019-07-16T15:15Z","2019-10-27","LECO.20190716.SURBER.2","A00000081120",,"PARSP25","Y","Parakiefferiella sp.",,"genus","Arthropoda","Hexapoda","Insecta","Pterygota","Neoptera","Holometabola","Diptera","Nematocera","Culicomorpha",,"Chironomidae","Orthocladiinae",,,"Parakiefferiella","sp.",,"larva",2,,1,100,1,"N","N",,"condition OK","Y",,"Epler 2001","Y","EcoAnalysts Inc.","W. Hoiland",,,
"8e4871c7-391d-4aec-90c0-d454c10d3412","D07","LECO","LECO.AOS.reach","2019-07-16T15:15Z","2019-10-26","LECO.20190716.CORE.2","A00000081127",,"HELSP10","Y","Heleniella sp.",,"genus","Arthropoda","Hexapoda","Insecta","Pterygota","Neoptera","Holometabola","Diptera","Nematocera","Culicomorpha",,"Chironomidae","Orthocladiinae",,,"Heleniella","sp.",,"larva",2,,1,100,1,"N","N",,"condition OK","Y",,"Epler 2001","N","EcoAnalysts Inc.","W. Hoiland",,,
"56e26770-ba36-43f3-a782-f174d8cd0141","D07","LECO","LECO.AOS.reach","2019-07-16T15:15Z","2019-10-26","LECO.20190716.CORE.3","A00000081128",,"PARSP26","Y","Parametriocnemus sp.",,"genus","Arthropoda","Hexapoda","Insecta","Pterygota","Neoptera","Holometabola","Diptera","Nematocera","Culicomorpha",,"Chironomidae","Orthocladiinae",,,"Parametriocnemus","sp.",,"larva",3,,1,100,1,"N","N",,"condition OK","Y",,"Epler 2001","N","EcoAnalysts Inc.","W. Hoiland",,,
"f7a63170-ce83-4a05-9771-f935fd634cd7","D07","LECO","LECO.AOS.reach","2019-07-16T15:15Z","2019-10-27","LECO.20190716.SURBER.3","A00000081121",,"HYDSP4","Y","Hydropsychidae sp.",,"family","Arthropoda","Hexapoda","Insecta","Pterygota","Neoptera","Holometabola","Trichoptera",,,"Hydropsychoidea","Hydropsychidae",,,,,"sp.",,"larva",2,,1,100,1,"Y","N",,"condition OK","N",,"Wiggins 1996","N","EcoAnalysts Inc.","A. Navesky",,,
"7b6cd685-1d09-4788-a5a8-44da6093c0eb","D07","LECO","LECO.AOS.reach","2019-07-16T15:15Z","2019-10-27","LECO.20190716.SURBER.5","A00000081125",,"GLOSP1","Y","Glossosomatidae sp.",,"family","Arthropoda","Hexapoda","Insecta","Pterygota","Neoptera","Holometabola","Trichoptera",,,"Glossosomatoidea","Glossosomatidae",,,,,"sp.",,"larva",1,,9,56,16,"Y","N",,"condition OK","N",,"Wiggins 1996","N","EcoAnalysts Inc.","A. Navesky",,,
"b5671b00-e164-4d82-acaa-b8b44cb4fa33","D07","LECO","LECO.AOS.reach","2019-07-16T15:15Z","2019-10-26","LECO.20190716.CORE.1","A00000081126",,"CORSP19","Y","Corynoneura sp.",,"genus","Arthropoda","Hexapoda","Insecta","Pterygota","Neoptera","Holometabola","Diptera","Nematocera","Culicomorpha",,"Chironomidae","Orthocladiinae",,,"Corynoneura","sp.",,"pupa",2,,6,88,7,"N","N",,"condition OK","Y",,"Epler 2001","N","EcoAnalysts Inc.","W. Hoiland",,,
"5f100d65-5e53-4003-89fc-f13e14a8fd45","D07","LECO","LECO.AOS.reach","2019-07-16T15:15Z","2019-10-27","LECO.20190716.SURBER.4","A00000081122",,"BAESP2","Y","Baetis sp.",,"genus","Arthropoda","Hexapoda","Insecta","Pterygota","Palaeoptera",,"Ephemeroptera","Pisciforma",,,"Baetidae",,,,"Baetis","sp.",,"larva",2,,1,50,2,"Y","N",,"condition OK","N",,"Merritt and Cummins 2008","N","EcoAnalysts Inc.","A. Navesky",,,
"94459b1e-6e4d-4130-8de1-494d975c5bd6","D07","LECO","LECO.AOS.reach","2019-07-16T15:15Z","2019-10-27","LECO.20190716.SURBER.4","A00000081122",,"LEUSP8","Y","Leuctra sp.",,"genus","Arthropoda","Hexapoda","Insecta","Pterygota","Neoptera","Polyneoptera","Plecoptera","Euholognatha",,,"Leuctridae","Leuctrinae",,,"Leuctra","sp.",,"larva",6,,1,50,2,"N","N",,"condition OK","Y",,"Stewart and Stark, 2002","N","EcoAnalysts Inc.","A. Navesky",,,
"25c86c0f-6970-4cb0-8af0-6c037b5f04d0","D07","LECO","LECO.AOS.reach","2019-07-16T15:15Z","2019-10-27","LECO.20190716.SURBER.1","A00000081119",,"PSEHER","Y","Psephenus herricki",,"species","Arthropoda","Hexapoda","Insecta","Pterygota","Neoptera","Holometabola","Coleoptera","Polyphaga","Elateriformia","Byrrhoidea","Psephenidae","Psepheninae",,,"Psephenus","herricki",,"larva",3,,2,100,2,"N","N",,"condition OK","Y",,"Brown 1972","N","EcoAnalysts Inc.","A. Navesky",,,
"ea267459-05b9-4c74-8497-7bd22eef1ac0","D07","LECO","LECO.AOS.reach","2019-07-16T15:15Z","2019-10-26","LECO.20190716.CORE.3","A00000081128",,"TIPSP","Y","Tipulidae sp.",,"family","Arthropoda","Hexapoda","Insecta","Pterygota","Neoptera","Holometabola","Diptera","Nematocera","Tipulomorpha",,"Tipulidae",,,,,"sp.",,"larva",1,,4,100,4,"Y","N",,"condition OK","Y",,"Merritt and Cummins 2008","N","EcoAnalysts Inc.","A. Navesky",,,
"358b0d69-6fc4-4b8c-bc3d-04eaf185f2d0","D07","LECO","LECO.AOS.reach","2019-07-16T15:15Z","2019-10-26","LECO.20190716.CORE.3","A00000081128","LECO.20190716.CORE.3_OLIGOCHAETE_1/1","ENCSP1","Y","Enchytraeidae sp.",,"family","Annelida","Clitellata","Oligochaeta","Oligochaeta",,,"Enchytraeida",,,,"Enchytraeidae",,,,,"sp.",,"none",2,,1,100,1,"N","N",,"condition OK","Y",,"Kathman and Brinkhurst, 1999","N","EcoAnalysts Inc.","L. Flaherty",,,
"f343ed4b-9543-4fa8-8265-a8437258803b","D07","LECO","LECO.AOS.reach","2019-07-16T15:15Z","2019-10-27","LECO.20190716.SURBER.3","A00000081121",,"LEPSP4","Y","Leptophlebiidae sp.",,"family","Arthropoda","Hexapoda","Insecta","Pterygota","Palaeoptera",,"Ephemeroptera","Furcatergalia","Lanceolata",,"Leptophlebiidae",,,,,"sp.",,"larva",1,,2,100,2,"Y","N",,"condition OK","Y",,"Merritt and Cummins 2008","N","EcoAnalysts Inc.","A. Navesky",,,
"fc485e72-e2dd-4465-8e4c-89851d4b5fbb","D07","LECO","LECO.AOS.reach","2019-07-16T15:15Z","2019-10-27","LECO.20190716.SURBER.4","A00000081122",,"LEUSP7","Y","Leucrocuta sp.",,"genus","Arthropoda","Hexapoda","Insecta","Pterygota","Palaeoptera",,"Ephemeroptera","Pisciforma",,"Heptagenioidea","Heptageniidae",,,,"Leucrocuta","sp.",,"larva",2,,2,50,4,"N","N",,"condition OK","Y",,"Merritt and Cummins 2008","N","EcoAnalysts Inc.","A. Navesky",,,
"bc573564-8a00-4647-a318-f7aad494b43e","D07","LECO","LECO.AOS.reach","2019-07-16T15:15Z","2019-10-26","LECO.20190716.CORE.1","A00000081126",,"OULSP","Y","Oulimnius sp.",,"genus","Arthropoda","Hexapoda","Insecta","Pterygota","Neoptera","Holometabola","Coleoptera","Polyphaga","Elateriformia","Byrrhoidea","Elmidae","Elminae","Elmini",,"Oulimnius","sp.",,"larva",2,,4,88,5,"N","N",,"condition OK","Y",,"Merritt and Cummins 2008","N","EcoAnalysts Inc.","A. Navesky",,,
"f16f9e01-d6e1-4fbe-a96e-c23123830fd7","D07","LECO","LECO.AOS.reach","2019-07-16T15:15Z","2019-10-27","LECO.20190716.SURBER.3","A00000081121",,"DIPHAG","Y","Diphetor hageni",,"species","Arthropoda","Hexapoda","Insecta","Pterygota","Palaeoptera",,"Ephemeroptera","Pisciforma",,,"Baetidae",,,,"Diphetor","hageni",,"larva",1,,1,100,1,"N","N",,"condition OK","Y",,"Morihara and McCafferty 1979","N","EcoAnalysts Inc.","A. Navesky",,,
"4a84aaf4-0794-456a-8de0-846b3d4f5357","D07","LECO","LECO.AOS.reach","2019-07-16T15:15Z","2019-10-26","LECO.20190716.CORE.3","A00000081128",,"ANCBIC","Y","Anchytarsus bicolor",,"species","Arthropoda","Hexapoda","Insecta","Pterygota","Neoptera","Holometabola","Coleoptera","Polyphaga","Elateriformia","Byrrhoidea","Ptilodactylidae","Anchytarsinae",,,"Anchytarsus","bicolor",,"larva",5,,1,100,1,"N","N",,"condition OK","Y",,"Merritt and Cummins 2008","N","EcoAnalysts Inc.","A. Navesky",,,
"893c46aa-048f-48d3-b4eb-801468c16e1b","D07","LECO","LECO.AOS.reach","2019-07-16T15:15Z","2019-10-26","LECO.20190716.CORE.1","A00000081126",,"NEOSP40","Y","Neostempellina sp.",,"genus","Arthropoda","Hexapoda","Insecta",,,,"Diptera","Nematocera",,,"Chironomidae","Chironominae","Tanytarsini",,"Neostempellina","sp.",,"larva",3,,1,88,1,"N","N",,"condition OK","Y",,"Epler 2001","N","EcoAnalysts Inc.","W. Hoiland",,,
"1a7dc0ff-5320-44bc-a6d1-28a33c2d09c6","D07","LECO","LECO.AOS.reach","2019-07-16T15:15Z","2019-10-26","LECO.20190716.CORE.2","A00000081127",,"LEUSP2","Y","Leuctridae sp.",,"family","Arthropoda","Hexapoda","Insecta","Pterygota","Neoptera","Polyneoptera","Plecoptera","Euholognatha",,,"Leuctridae",,,,,"sp.",,"larva",1,,1,100,1,"Y","N",,"condition OK","N",,"Stewart and Stark, 2002","N","EcoAnalysts Inc.","A. Navesky",,,
"637bb771-d469-4a66-92fa-617e2705459b","D07","LECO","LECO.AOS.reach","2019-07-16T15:15Z","2019-10-27","LECO.20190716.SURBER.5","A00000081125",,"BAEFLA","Y","Baetis flavistriga",,"species","Arthropoda","Hexapoda","Insecta","Pterygota","Palaeoptera",,"Ephemeroptera","Pisciforma",,,"Baetidae",,,,"Baetis","flavistriga",,"larva",2,,2,56,4,"N","N",,"condition OK","Y",,"Wiersema 2004","N","EcoAnalysts Inc.","A. Navesky",,,
"7a4cd414-1725-4d59-b660-73f5218b57b2","D07","LECO","LECO.AOS.reach","2019-07-16T15:15Z","2019-10-27","LECO.20190716.SURBER.2","A00000081120",,"LEUSP7","Y","Leucrocuta sp.",,"genus","Arthropoda","Hexapoda","Insecta","Pterygota","Palaeoptera",,"Ephemeroptera","Pisciforma",,"Heptagenioidea","Heptageniidae",,,,"Leucrocuta","sp.",,"larva",3,,3,100,3,"N","N",,"condition OK","Y",,"Merritt and Cummins 2008","Y","EcoAnalysts Inc.","A. Navesky",,,
"5d309174-ab81-4a13-a480-27027ce25ab9","D07","LECO","LECO.AOS.reach","2019-07-16T15:15Z","2019-10-27","LECO.20190716.SURBER.1","A00000081119",,"SWESP","Y","Sweltsa sp.",,"genus","Arthropoda","Hexapoda","Insecta","Pterygota","Neoptera","Polyneoptera","Plecoptera","Systellognatha",,,"Chloroperlidae","Chloroperlinae",,,"Sweltsa","sp.",,"larva",3,,5,100,5,"N","N",,"condition OK","Y",,"Stewart and Stark, 2002","N","EcoAnalysts Inc.","A. Navesky",,,
"efb36bc1-8577-4b28-94b5-c7d7e8db2d71","D07","LECO","LECO.AOS.reach","2019-07-16T15:15Z","2019-10-26","LECO.20190716.CORE.1","A00000081126",,"ABLSP","Y","Ablabesmyia sp.",,"genus","Arthropoda","Hexapoda","Insecta","Pterygota","Neoptera","Holometabola","Diptera","Nematocera","Culicomorpha",,"Chironomidae","Tanypodinae","Pentaneurini",,"Ablabesmyia","sp.",,"larva",2,,1,88,1,"N","N",,"condition OK","Y",,"Roback 1985 and Epler 2001","N","EcoAnalysts Inc.","W. Hoiland",,,
"6dc88fc3-889c-479f-bd3e-f38297f1f26f","D07","LECO","LECO.AOS.reach","2019-07-16T15:15Z","2019-10-27","LECO.20190716.SURBER.5","A00000081125",,"PSEHER","Y","Psephenus herricki",,"species","Arthropoda","Hexapoda","Insecta","Pterygota","Neoptera","Holometabola","Coleoptera","Polyphaga","Elateriformia","Byrrhoidea","Psephenidae","Psepheninae",,,"Psephenus","herricki",,"larva",5,,1,56,2,"N","N",,"condition OK","Y",,"Brown 1972","N","EcoAnalysts Inc.","A. Navesky",,,
"54a46303-b2ce-4f52-babc-d4c812f9e6da","D07","LECO","LECO.AOS.reach","2019-07-16T15:15Z","2019-10-27","LECO.20190716.SURBER.5","A00000081125","LECO.20190716.SURBER.5_OLIGOCHAETE_1/1","ENCSP1","Y","Enchytraeidae sp.",,"family","Annelida","Clitellata","Oligochaeta","Oligochaeta",,,"Enchytraeida",,,,"Enchytraeidae",,,,,"sp.",,"none",1,,2,56,4,"N","N",,"condition OK","Y",,"Kathman and Brinkhurst, 1999","N","EcoAnalysts Inc.","L. Flaherty",,,
"bbaecf51-50f8-4818-8117-915d794ae1c9","D07","LECO","LECO.AOS.reach","2019-07-16T15:15Z","2019-10-27","LECO.20190716.SURBER.3","A00000081121","LECO.20190716.SURBER.3_OLIGOCHAETE_1/1","PRISP1","Y","Pristina sp.",,"genus","Annelida","Clitellata","Oligochaeta","Oligochaeta",,,"Tubificida",,,,"Naididae","Pristininae",,,"Pristina","sp.",,"none",1,,1,100,1,"N","N",,"condition OK","Y",,"Kathman and Brinkhurst, 1998","N","EcoAnalysts Inc.","L. Flaherty",,,
"cfe580a7-6b13-449f-a900-18544b2508d0","D07","LECO","LECO.AOS.reach","2019-07-16T15:15Z","2019-10-27","LECO.20190716.SURBER.5","A00000081125",,"LOPSP","Y","Lopescladius sp.",,"genus","Arthropoda","Hexapoda","Insecta","Pterygota","Neoptera","Holometabola","Diptera","Nematocera","Culicomorpha",,"Chironomidae","Orthocladiinae",,,"Lopescladius","sp.",,"pupa",2,,4,56,7,"N","N",,"condition OK","Y",,"Epler 2001","N","EcoAnalysts Inc.","W. Hoiland",,,
"1b86e813-9415-4a6d-b7f8-3c1a945a0e49","D07","LECO","LECO.AOS.reach","2019-07-16T15:15Z","2019-10-27","LECO.20190716.SURBER.1","A00000081119",,"PARSP26","Y","Parametriocnemus sp.",,"genus","Arthropoda","Hexapoda","Insecta","Pterygota","Neoptera","Holometabola","Diptera","Nematocera","Culicomorpha",,"Chironomidae","Orthocladiinae",,,"Parametriocnemus","sp.",,"larva",2,,2,100,2,"N","N",,"condition OK","Y",,"Epler 2001","N","EcoAnalysts Inc.","W. Hoiland",,,
"92bb3c27-1d55-4e76-9d21-fd5ab797b489","D07","LECO","LECO.AOS.reach","2019-07-16T15:15Z","2019-10-27","LECO.20190716.SURBER.4","A00000081122",,"OPTOVA","Y","Optioservus ovalis",,"species","Arthropoda","Hexapoda","Insecta","Pterygota","Neoptera","Holometabola","Coleoptera","Polyphaga","Elateriformia","Byrrhoidea","Elmidae","Elminae","Elmini",,"Optioservus","ovalis",,"adult",2,,1,50,2,"N","N",,"condition OK","Y",,"White 1977","N","EcoAnalysts Inc.","A. Navesky",,,
"e09122b8-eb7d-4c58-95bb-ce0e1373fe4e","D07","LECO","LECO.AOS.reach","2019-07-16T15:15Z","2019-10-27","LECO.20190716.SURBER.2","A00000081120",,"CHLSP","Y","Chloroperlidae sp.",,"family","Arthropoda","Hexapoda","Insecta","Pterygota","Neoptera","Polyneoptera","Plecoptera","Systellognatha",,,"Chloroperlidae",,,,,"sp.",,"larva",2,,1,100,1,"Y","N",,"condition OK","Y",,"Stewart and Stark, 2002","Y","EcoAnalysts Inc.","A. Navesky",,,
"6ed3bf1d-6049-4138-b577-5542c5d916ae","D07","LECO","LECO.AOS.reach","2019-07-16T15:15Z","2019-10-26","LECO.20190716.CORE.1","A00000081126",,"STESP10","Y","Stempellinella sp.",,"genus","Arthropoda","Hexapoda","Insecta","Pterygota","Neoptera","Holometabola","Diptera","Nematocera","Culicomorpha",,"Chironomidae","Chironominae","Tanytarsini",,"Stempellinella","sp.",,"larva",1,,9,88,10,"N","N",,"condition OK","Y",,"Epler 2001","N","EcoAnalysts Inc.","W. Hoiland",,,
"ab9c1b0c-fd35-4e58-a725-117c041db819","D07","LECO","LECO.AOS.reach","2019-07-16T15:15Z","2019-10-26","LECO.20190716.CORE.3","A00000081128",,"NEMSP","Y","Nematoda sp.",,"phylum","Nematoda",,,,,,,,,,,,,,,"sp.",,"none",1,,4,100,4,"N","Y",,"condition OK","Y",,"Thorp and Covich 2001","N","EcoAnalysts Inc.","A. Navesky",,,
"22ebfeba-299b-45b5-85e2-d4e5e7b35eac","D07","LECO","LECO.AOS.reach","2019-07-16T15:15Z","2019-10-27","LECO.20190716.SURBER.4","A00000081122",,"HYDSP4","Y","Hydropsychidae sp.",,"family","Arthropoda","Hexapoda","Insecta","Pterygota","Neoptera","Holometabola","Trichoptera",,,"Hydropsychoidea","Hydropsychidae",,,,,"sp.",,"larva",1,,2,50,4,"Y","N",,"condition OK","Y",,"Wiggins 1996","N","EcoAnalysts Inc.","A. Navesky",,,
"5de0739b-2b04-49a3-b910-8baa6d119044","D07","LECO","LECO.AOS.reach","2019-07-16T15:15Z","2019-10-27","LECO.20190716.SURBER.5","A00000081125",,"LEUSP8","Y","Leuctra sp.",,"genus","Arthropoda","Hexapoda","Insecta","Pterygota","Neoptera","Polyneoptera","Plecoptera","Euholognatha",,,"Leuctridae","Leuctrinae",,,"Leuctra","sp.",,"larva",3,,4,56,7,"N","N",,"condition OK","Y",,"Stewart and Stark, 2002","N","EcoAnalysts Inc.","A. Navesky",,,
"7f2284a2-1f0f-42a3-8965-28db015a8e75","D07","LECO","LECO.AOS.reach","2019-07-16T15:15Z","2019-10-27","LECO.20190716.SURBER.1","A00000081119","LECO.20190716.SURBER.1_OLIGOCHAETE_1/1","PRISP1","Y","Pristina sp.",,"genus","Annelida","Clitellata","Oligochaeta","Oligochaeta",,,"Tubificida",,,,"Naididae","Pristininae",,,"Pristina","sp.",,"none",1,,1,100,1,"N","N",,"condition OK","Y",,"Kathman and Brinkhurst, 1998","N","EcoAnalysts Inc.","L. Flaherty",,,
"ba4597d9-3af9-46ea-aaed-2afefb48720b","D07","LECO","LECO.AOS.reach","2019-07-16T15:15Z","2019-10-27","LECO.20190716.SURBER.4","A00000081122",,"THIGRO","Y","Thienemannimyia gr.",,"speciesGroup","Arthropoda","Hexapoda","Insecta","Pterygota","Neoptera","Holometabola","Diptera","Nematocera","Culicomorpha",,"Chironomidae","Tanypodinae","Pentaneurini",,"Thienemannimyia","gr.",,"larva",3,,1,50,2,"N","N",,"condition OK","Y",,"Epler 2001","N","EcoAnalysts Inc.","W. Hoiland",,,
"7a7a578a-a1c1-430f-bd9d-a33da810f295","D07","LECO","LECO.AOS.reach","2019-07-16T15:15Z","2019-10-27","LECO.20190716.SURBER.3","A00000081121",,"SWESP","Y","Sweltsa sp.",,"genus","Arthropoda","Hexapoda","Insecta","Pterygota","Neoptera","Polyneoptera","Plecoptera","Systellognatha",,,"Chloroperlidae","Chloroperlinae",,,"Sweltsa","sp.",,"larva",3,,2,100,2,"N","N",,"condition OK","Y",,"Stewart and Stark, 2002","N","EcoAnalysts Inc.","A. Navesky",,,
"442dd212-53a3-481d-9c60-43d8b76e7a27","D07","LECO","LECO.AOS.reach","2019-07-16T15:15Z","2019-10-27","LECO.20190716.SURBER.4","A00000081122",,"EUKBRE","Y","Eukiefferiella brehmi gr.",,"speciesGroup","Arthropoda","Hexapoda","Insecta","Pterygota","Neoptera","Holometabola","Diptera","Nematocera","Culicomorpha",,"Chironomidae","Orthocladiinae",,,"Eukiefferiella","brehmi gr.",,"larva",1,,3,50,6,"N","N",,"condition OK","Y",,"Epler 2001","N","EcoAnalysts Inc.","W. Hoiland",,,
"0f2c4378-9d8b-48a7-93d7-4d9c761b5596","D07","LECO","LECO.AOS.reach","2019-07-16T15:15Z","2019-10-27","LECO.20190716.SURBER.5","A00000081125",,"ANTSP9","Y","Antocha sp.",,"genus","Arthropoda","Hexapoda","Insecta","Pterygota","Neoptera","Holometabola","Diptera","Nematocera","Tipulomorpha",,"Tipulidae","Limoniinae","Limoniini",,"Antocha","sp.",,"larva",1,,2,56,4,"N","N",,"condition OK","Y",,"Merritt and Cummins 2008","N","EcoAnalysts Inc.","A. Navesky",,,
"92bb5562-35e9-4cb5-9bcf-3d3c4c6f8514","D07","LECO","LECO.AOS.reach","2019-07-16T15:15Z","2019-10-26","LECO.20190716.CORE.3","A00000081128",,"HEPSP","Y","Heptageniidae sp.",,"family","Arthropoda","Hexapoda","Insecta","Pterygota","Palaeoptera",,"Ephemeroptera","Pisciforma",,"Heptagenioidea","Heptageniidae",,,,,"sp.",,"larva",1,,1,100,1,"Y","N",,"condition OK","N",,"Merritt and Cummins 2008","N","EcoAnalysts Inc.","A. Navesky",,,
"23b2e202-ee90-46d5-a8da-2af88a804510","D07","LECO","LECO.AOS.reach","2019-07-16T15:15Z","2019-10-26","LECO.20190716.CORE.1","A00000081126",,"DICSP6","Y","Dicranota sp.",,"genus","Arthropoda","Hexapoda","Insecta","Pterygota","Neoptera","Holometabola","Diptera","Nematocera","Tipulomorpha",,"Tipulidae","Limoniinae","Pediciini",,"Dicranota","sp.",,"larva",8,,1,88,1,"N","N",,"condition OK","Y",,"Merritt and Cummins 2008","N","EcoAnalysts Inc.","A. Navesky",,,
"6f35adc8-a8d3-40c9-9b1c-598a9b044e19","D07","LECO","LECO.AOS.reach","2019-07-16T15:15Z","2019-10-27","LECO.20190716.SURBER.5","A00000081125",,"SUBSP","Y","Sublettea sp.",,"genus","Arthropoda","Hexapoda","Insecta","Pterygota","Neoptera","Holometabola","Diptera","Nematocera","Culicomorpha",,"Chironomidae","Chironominae","Tanytarsini",,"Sublettea","sp.",,"larva",1,,18,56,32,"N","N",,"condition OK","Y",,"Epler 2001","N","EcoAnalysts Inc.","W. Hoiland",,,
"1ba8370f-cea8-402b-8672-2d5e9bb96bac","D07","LECO","LECO.AOS.reach","2019-07-16T15:15Z","2019-10-27","LECO.20190716.SURBER.2","A00000081120",,"ORISP1","Y","Oribatida sp.",,"suborder","Arthropoda","Chelicerata","Arachnida","Acari",,"Acariformes","Sarcoptiformes","Oribatida",,,,,,,,"sp.",,"none",1,,1,100,1,"N","Y",,"condition OK","Y",,"Thorp and Covich 2001","Y","EcoAnalysts Inc.","A. Navesky",,,
"410bdd2f-b4a8-422e-a8da-f6ecc105698f","D07","LECO","LECO.AOS.reach","2019-07-16T15:15Z","2019-10-27","LECO.20190716.SURBER.2","A00000081120",,"KRESP1","Y","Krenosmittia sp.",,"genus","Arthropoda","Hexapoda","Insecta","Pterygota","Neoptera","Holometabola","Diptera","Nematocera","Culicomorpha",,"Chironomidae","Orthocladiinae",,,"Krenosmittia","sp.",,"pupa",2,,2,100,2,"N","N",,"condition OK","Y",,"Epler 2001","Y","EcoAnalysts Inc.","W. Hoiland",,,
"0cd46063-96d7-4af1-927f-bed4b870d98a","D07","LECO","LECO.AOS.reach","2019-07-16T15:15Z","2019-10-27","LECO.20190716.SURBER.1","A00000081119",,"LEBSP1","Y","Lebertia sp.",,"genus","Arthropoda","Chelicerata","Arachnida","Acari",,"Acariformes","Trombidiformes","Prostigmata",,"Lebertioidea","Lebertiidae",,,,"Lebertia","sp.",,"none",1,,1,100,1,"N","N",,"condition OK","Y",,"Thorp and Covich 2001","N","EcoAnalysts Inc.","A. Navesky",,,
"db468203-7bc9-4ac3-bcb8-592703eaea56","D07","LECO","LECO.AOS.reach","2019-07-16T15:15Z","2019-10-26","LECO.20190716.CORE.3","A00000081128",,"ACASP1","Y","Acari sp.",,"subclass","Arthropoda","Chelicerata","Arachnida","Acari",,,,,,,,,,,,"sp.",,"none",1,,3,100,3,"N","N",,"damaged, affecting taxonomy","Y",,"Thorp and Covich 2001","N","EcoAnalysts Inc.","A. Navesky",,,
"a0827322-69f4-4329-b532-4a70e2df02e4","D07","LECO","LECO.AOS.reach","2019-07-16T15:15Z","2019-10-27","LECO.20190716.SURBER.2","A00000081120",,"ATRSP3","Y","Atractides sp.",,"genus","Arthropoda","Chelicerata","Arachnida","Acari",,"Acariformes","Trombidiformes","Prostigmata",,"Hygrobatoidea","Hygrobatidae",,,,"Atractides","sp.",,"none",1,,1,100,1,"N","N",,"condition OK","Y",,"Thorp and Covich 2001","Y","EcoAnalysts Inc.","A. Navesky",,,
"55e8d498-4126-4854-b1de-d60724c7294f","D07","LECO","LECO.AOS.reach","2019-07-16T15:15Z","2019-10-27","LECO.20190716.SURBER.3","A00000081121",,"BAESP2","Y","Baetis sp.",,"genus","Arthropoda","Hexapoda","Insecta","Pterygota","Palaeoptera",,"Ephemeroptera","Pisciforma",,,"Baetidae",,,,"Baetis","sp.",,"larva",1,,4,100,4,"Y","N",,"condition OK","N",,"Merritt and Cummins 2008","N","EcoAnalysts Inc.","A. Navesky",,,
"b537364d-47a9-4c7b-a75c-edf7531b8f37","D07","LECO","LECO.AOS.reach","2019-07-16T15:15Z","2019-10-27","LECO.20190716.SURBER.4","A00000081122",,"BAESP2","Y","Baetis sp.",,"genus","Arthropoda","Hexapoda","Insecta","Pterygota","Palaeoptera",,"Ephemeroptera","Pisciforma",,,"Baetidae",,,,"Baetis","sp.",,"larva",1,,8,50,16,"Y","N",,"condition OK","N",,"Merritt and Cummins 2008","N","EcoAnalysts Inc.","A. Navesky",,,
"f0c459af-55c8-4d59-a532-21a875dfe657","D07","LECO","LECO.AOS.reach","2019-07-16T15:15Z","2019-10-27","LECO.20190716.SURBER.4","A00000081122",,"CORSP19","Y","Corynoneura sp.",,"genus","Arthropoda","Hexapoda","Insecta","Pterygota","Neoptera","Holometabola","Diptera","Nematocera","Culicomorpha",,"Chironomidae","Orthocladiinae",,,"Corynoneura","sp.",,"larva",2,,1,50,2,"N","N",,"condition OK","Y",,"Epler 2001","N","EcoAnalysts Inc.","W. Hoiland",,,
"85e4f901-c292-491c-af1b-03b4436729c4","D07","LECO","LECO.AOS.reach","2019-07-16T15:15Z","2019-10-26","LECO.20190716.CORE.3","A00000081128",,"LOPSP","Y","Lopescladius sp.",,"genus","Arthropoda","Hexapoda","Insecta","Pterygota","Neoptera","Holometabola","Diptera","Nematocera","Culicomorpha",,"Chironomidae","Orthocladiinae",,,"Lopescladius","sp.",,"larva",3,,1,100,1,"N","N",,"condition OK","Y",,"Epler 2001","N","EcoAnalysts Inc.","W. Hoiland",,,
"1bcdf795-5a2f-47bc-8a27-9d51a6a81ec2","D07","LECO","LECO.AOS.reach","2019-07-16T15:15Z","2019-10-27","LECO.20190716.SURBER.4","A00000081122",,"STESP10","Y","Stempellinella sp.",,"genus","Arthropoda","Hexapoda","Insecta","Pterygota","Neoptera","Holometabola","Diptera","Nematocera","Culicomorpha",,"Chironomidae","Chironominae","Tanytarsini",,"Stempellinella","sp.",,"larva",2,,13,50,26,"N","N",,"condition OK","Y",,"Epler 2001","N","EcoAnalysts Inc.","W. Hoiland",,,
"2547e08d-5a82-42a8-a2a8-2fff2886ce04","D07","LECO","LECO.AOS.reach","2019-07-16T15:15Z","2019-10-27","LECO.20190716.SURBER.2","A00000081120",,"LEUSP7","Y","Leucrocuta sp.",,"genus","Arthropoda","Hexapoda","Insecta","Pterygota","Palaeoptera",,"Ephemeroptera","Pisciforma",,"Heptagenioidea","Heptageniidae",,,,"Leucrocuta","sp.",,"larva",4,,1,100,1,"N","N",,"condition OK","Y",,"Merritt and Cummins 2008","Y","EcoAnalysts Inc.","A. Navesky",,,
"f700dae8-656b-42f1-896e-d48acab68ec8","D07","LECO","LECO.AOS.reach","2019-07-16T15:15Z","2019-10-26","LECO.20190716.CORE.2","A00000081127",,"SWESP","Y","Sweltsa sp.",,"genus","Arthropoda","Hexapoda","Insecta","Pterygota","Neoptera","Polyneoptera","Plecoptera","Systellognatha",,,"Chloroperlidae","Chloroperlinae",,,"Sweltsa","sp.",,"larva",2,,1,100,1,"N","N",,"condition OK","Y",,"Stewart and Stark, 2002","N","EcoAnalysts Inc.","A. Navesky",,,
"8f89ab6c-ee7b-48b6-8195-8d9db08a5a76","D07","LECO","LECO.AOS.reach","2019-07-16T15:15Z","2019-10-26","LECO.20190716.CORE.3","A00000081128",,"STESP10","Y","Stempellinella sp.",,"genus","Arthropoda","Hexapoda","Insecta","Pterygota","Neoptera","Holometabola","Diptera","Nematocera","Culicomorpha",,"Chironomidae","Chironominae","Tanytarsini",,"Stempellinella","sp.",,"larva",2,,22,100,22,"N","N",,"condition OK","Y",,"Epler 2001","N","EcoAnalysts Inc.","W. Hoiland",,,
"126bedc2-b1bd-43c9-b1ef-5f2bc978c310","D07","LECO","LECO.AOS.reach","2019-07-16T15:15Z","2019-10-26","LECO.20190716.CORE.1","A00000081126",,"PARSP26","Y","Parametriocnemus sp.",,"genus","Arthropoda","Hexapoda","Insecta","Pterygota","Neoptera","Holometabola","Diptera","Nematocera","Culicomorpha",,"Chironomidae","Orthocladiinae",,,"Parametriocnemus","sp.",,"larva",1,,1,88,1,"N","N",,"condition OK","Y",,"Epler 2001","N","EcoAnalysts Inc.","W. Hoiland",,,
"bd6addf9-0755-4414-849c-1718b38f7ee5","D07","LECO","LECO.AOS.reach","2019-07-16T15:15Z","2019-10-27","LECO.20190716.SURBER.3","A00000081121",,"ANTSP9","Y","Antocha sp.",,"genus","Arthropoda","Hexapoda","Insecta","Pterygota","Neoptera","Holometabola","Diptera","Nematocera","Tipulomorpha",,"Tipulidae","Limoniinae","Limoniini",,"Antocha","sp.",,"larva",3,,1,100,1,"N","N",,"condition OK","Y",,"Merritt and Cummins 2008","N","EcoAnalysts Inc.","A. Navesky",,,
"7b05252b-8795-41ac-b5c1-649812c16779","D07","LECO","LECO.AOS.reach","2019-07-16T15:15Z","2019-10-27","LECO.20190716.SURBER.1","A00000081119",,"OULSP","Y","Oulimnius sp.",,"genus","Arthropoda","Hexapoda","Insecta","Pterygota","Neoptera","Holometabola","Coleoptera","Polyphaga","Elateriformia","Byrrhoidea","Elmidae","Elminae","Elmini",,"Oulimnius","sp.",,"larva",1,,4,100,4,"N","N",,"condition OK","Y",,"Merritt and Cummins 2008","N","EcoAnalysts Inc.","A. Navesky",,,
"b4161453-e174-4178-a99b-07404f035603","D07","LECO","LECO.AOS.reach","2019-07-16T15:15Z","2019-10-26","LECO.20190716.CORE.2","A00000081127","LECO.20190716.CORE.2_BRUNDINIELLA SP.","BRUSP","Y","Brundiniella sp.",,"genus","Arthropoda","Hexapoda","Insecta","Pterygota","Neoptera","Holometabola","Diptera","Nematocera","Culicomorpha",,"Chironomidae","Tanypodinae","Macropelopiini",,"Brundiniella","sp.",,"larva",2,,1,100,1,"N","N",,"condition OK","Y",,"Epler 2001","N","EcoAnalysts Inc.","W. Hoiland","1InRef.Coll., In RC",,
"6c2b5112-6ed7-4a20-8552-db58ced2d816","D07","LECO","LECO.AOS.reach","2019-07-16T15:15Z","2019-10-27","LECO.20190716.SURBER.3","A00000081121",,"STESP10","Y","Stempellinella sp.",,"genus","Arthropoda","Hexapoda","Insecta","Pterygota","Neoptera","Holometabola","Diptera","Nematocera","Culicomorpha",,"Chironomidae","Chironominae","Tanytarsini",,"Stempellinella","sp.",,"pupa",2,,1,100,1,"N","N",,"condition OK","Y",,"Epler 2001","N","EcoAnalysts Inc.","W. Hoiland",,,
"545c362e-0f9c-42a3-9181-2acb6cff9604","D07","LECO","LECO.AOS.reach","2019-07-16T15:15Z","2019-10-27","LECO.20190716.SURBER.4","A00000081122",,"OULSP","Y","Oulimnius sp.",,"genus","Arthropoda","Hexapoda","Insecta","Pterygota","Neoptera","Holometabola","Coleoptera","Polyphaga","Elateriformia","Byrrhoidea","Elmidae","Elminae","Elmini",,"Oulimnius","sp.",,"adult",2,,4,50,8,"N","N",,"condition OK","Y",,"Merritt and Cummins 2008","N","EcoAnalysts Inc.","A. Navesky",,,
"03b78e46-a25e-4187-bd7e-8c758a25e5a3","D07","LECO","LECO.AOS.reach","2019-07-16T15:15Z","2019-10-27","LECO.20190716.SURBER.4","A00000081122",,"SWESP","Y","Sweltsa sp.",,"genus","Arthropoda","Hexapoda","Insecta","Pterygota","Neoptera","Polyneoptera","Plecoptera","Systellognatha",,,"Chloroperlidae","Chloroperlinae",,,"Sweltsa","sp.",,"larva",1,,11,50,22,"N","N",,"condition OK","Y",,"Stewart and Stark, 2002","N","EcoAnalysts Inc.","A. Navesky",,,
"4e151b54-78ea-4d4a-8089-f440fd0b2697","D07","LECO","LECO.AOS.reach","2019-07-16T15:15Z","2019-10-27","LECO.20190716.SURBER.2","A00000081120",,"BAEFLA","Y","Baetis flavistriga",,"species","Arthropoda","Hexapoda","Insecta","Pterygota","Palaeoptera",,"Ephemeroptera","Pisciforma",,,"Baetidae",,,,"Baetis","flavistriga",,"larva",2,,3,100,3,"N","N",,"condition OK","Y",,"Wiersema 2004","Y","EcoAnalysts Inc.","A. Navesky",,,
"66c16853-1b37-4a9a-8dd5-3f3dd50b93ba","D07","LECO","LECO.AOS.reach","2019-07-16T15:15Z","2019-10-27","LECO.20190716.SURBER.4","A00000081122",,"GLOSP1","Y","Glossosomatidae sp.",,"family","Arthropoda","Hexapoda","Insecta","Pterygota","Neoptera","Holometabola","Trichoptera",,,"Glossosomatoidea","Glossosomatidae",,,,,"sp.",,"larva",1,,2,50,4,"Y","N",,"condition OK","N",,"Wiggins 1996","N","EcoAnalysts Inc.","A. Navesky",,,
"b5ceae6e-47a9-4ad7-a8be-147b26f3ab0e","D07","LECO","LECO.AOS.reach","2019-07-16T15:15Z","2019-10-27","LECO.20190716.SURBER.5","A00000081125",,"SPESP4","Y","Sperchon sp.",,"genus","Arthropoda","Chelicerata","Arachnida","Acari",,"Acariformes","Trombidiformes","Prostigmata",,"Lebertioidea","Sperchontidae",,,,"Sperchon","sp.",,"none",1,,1,56,2,"N","N",,"condition OK","Y",,"Thorp and Covich 2001","N","EcoAnalysts Inc.","A. Navesky",,,
"87711177-9508-4363-9dc2-2e99a5e35150","D07","LECO","LECO.AOS.reach","2019-07-16T15:15Z","2019-10-26","LECO.20190716.CORE.2","A00000081127",,"BAESP2","Y","Baetis sp.",,"genus","Arthropoda","Hexapoda","Insecta","Pterygota","Palaeoptera",,"Ephemeroptera","Pisciforma",,,"Baetidae",,,,"Baetis","sp.",,"larva",2,,1,100,1,"Y","N",,"condition OK","Y",,"Merritt and Cummins 2008","N","EcoAnalysts Inc.","A. Navesky",,,
"ea4ea6d9-9372-4748-95a3-156f02fab3e3","D07","LECO","LECO.AOS.reach","2019-07-16T15:15Z","2019-10-26","LECO.20190716.CORE.3","A00000081128",,"MICSP6","Y","Micropsectra sp.",,"genus","Arthropoda","Hexapoda","Insecta","Pterygota","Neoptera","Holometabola","Diptera","Nematocera","Culicomorpha",,"Chironomidae","Chironominae","Tanytarsini",,"Micropsectra","sp.",,"larva",1,,7,100,7,"N","N",,"condition OK","Y",,"Epler 2001","N","EcoAnalysts Inc.","W. Hoiland",,,
"021379e7-2cbc-4c89-b335-9f19899cffc9","D07","LECO","LECO.AOS.reach","2019-07-16T15:15Z","2019-10-27","LECO.20190716.SURBER.1","A00000081119",,"PARSP26","Y","Parametriocnemus sp.",,"genus","Arthropoda","Hexapoda","Insecta","Pterygota","Neoptera","Holometabola","Diptera","Nematocera","Culicomorpha",,"Chironomidae","Orthocladiinae",,,"Parametriocnemus","sp.",,"larva",1,,3,100,3,"N","N",,"condition OK","Y",,"Epler 2001","N","EcoAnalysts Inc.","W. Hoiland",,,
"fff04b51-83cf-4611-a65d-a655d28211dc","D07","LECO","LECO.AOS.reach","2019-07-16T15:15Z","2019-10-27","LECO.20190716.SURBER.2","A00000081120",,"CHLSP","Y","Chloroperlidae sp.",,"family","Arthropoda","Hexapoda","Insecta","Pterygota","Neoptera","Polyneoptera","Plecoptera","Systellognatha",,,"Chloroperlidae",,,,,"sp.",,"larva",3,,1,100,1,"Y","N",,"condition OK","Y",,"Stewart and Stark, 2002","Y","EcoAnalysts Inc.","A. Navesky",,,
"1941106b-7fb9-42ff-899d-7dd800e53a9c","D07","LECO","LECO.AOS.reach","2019-07-16T15:15Z","2019-10-27","LECO.20190716.SURBER.5","A00000081125",,"ANTSP9","Y","Antocha sp.",,"genus","Arthropoda","Hexapoda","Insecta","Pterygota","Neoptera","Holometabola","Diptera","Nematocera","Tipulomorpha",,"Tipulidae","Limoniinae","Limoniini",,"Antocha","sp.",,"larva",2,,4,56,7,"N","N",,"condition OK","Y",,"Merritt and Cummins 2008","N","EcoAnalysts Inc.","A. Navesky",,,
"6a1bdca3-ba02-461e-bed7-a2fffa73665f","D07","LECO","LECO.AOS.reach","2019-07-16T15:15Z","2019-10-27","LECO.20190716.SURBER.3","A00000081121",,"HEPSP","Y","Heptageniidae sp.",,"family","Arthropoda","Hexapoda","Insecta","Pterygota","Palaeoptera",,"Ephemeroptera","Pisciforma",,"Heptagenioidea","Heptageniidae",,,,,"sp.",,"larva",1,,1,100,1,"Y","N",,"damaged, affecting measurement","N",,"Merritt and Cummins 2008","N","EcoAnalysts Inc.","A. Navesky","Fragment measured, damaged prior to arrival",,
"23afa435-1e41-44a9-8ab7-2d6932015c1f","D07","LECO","LECO.AOS.reach","2019-07-16T15:15Z","2019-10-27","LECO.20190716.SURBER.5","A00000081125",,"PSYSP4","Y","Psychomyia sp.",,"genus","Arthropoda","Hexapoda","Insecta","Pterygota","Neoptera","Holometabola","Trichoptera",,,"Hydropsychoidea","Psychomyiidae","Psychomyiinae",,,"Psychomyia","sp.",,"larva",1,,2,56,4,"Y","N",,"condition OK","Y",,"Wiggins 1996","N","EcoAnalysts Inc.","A. Navesky",,,
"33236a9d-fabf-421c-ab81-fb1612ae8aa8","D07","LECO","LECO.AOS.reach","2019-07-16T15:15Z","2019-10-26","LECO.20190716.CORE.3","A00000081128",,"TANSP8","Y","Tanytarsini sp.",,"tribe","Arthropoda","Hexapoda","Insecta","Pterygota","Neoptera","Holometabola","Diptera","Nematocera","Culicomorpha",,"Chironomidae","Chironominae","Tanytarsini",,,"sp.",,"larva",1,"1b",4,100,4,"N","N",,"condition OK","Y",,"Epler 2001","N","EcoAnalysts Inc.","W. Hoiland","2InRef.Coll.",,
"c6ff9d75-4fb1-4bba-b38a-3ae591a202a2","D07","LECO","LECO.AOS.reach","2019-07-16T15:15Z","2019-10-27","LECO.20190716.SURBER.3","A00000081121",,"CONSP6","Y","Constempellina sp.",,"genus","Arthropoda","Hexapoda","Insecta","Pterygota","Neoptera","Holometabola","Diptera","Nematocera","Culicomorpha",,"Chironomidae","Chironominae","Tanytarsini",,"Constempellina","sp.",,"larva",1,,4,100,4,"N","N",,"condition OK","Y",,"Epler 2001","N","EcoAnalysts Inc.","W. Hoiland",,,
"95612107-f7ac-4f46-a353-1303eef33948","D07","LECO","LECO.AOS.reach","2019-07-16T15:15Z","2019-10-26","LECO.20190716.CORE.3","A00000081128","LECO.20190716.CORE.3_EURYHAPSIS SP.","EURSP5","Y","Euryhapsis sp.",,"genus","Arthropoda","Hexapoda","Insecta","Pterygota","Neoptera","Holometabola","Diptera","Nematocera","Culicomorpha",,"Chironomidae","Orthocladiinae",,,"Euryhapsis","sp.",,"larva",4,"4b",4,100,4,"N","N",,"condition OK","Y",,"Epler 2001","N","EcoAnalysts Inc.","W. Hoiland","2InRef.Coll.",,
"8a755980-f68d-4ead-ae08-b98eadc3ec52","D07","LECO","LECO.AOS.reach","2019-07-16T15:15Z","2019-10-27","LECO.20190716.SURBER.4","A00000081122",,"SUBSP","Y","Sublettea sp.",,"genus","Arthropoda","Hexapoda","Insecta","Pterygota","Neoptera","Holometabola","Diptera","Nematocera","Culicomorpha",,"Chironomidae","Chironominae","Tanytarsini",,"Sublettea","sp.",,"larva",1,,11,50,22,"N","N",,"condition OK","Y",,"Epler 2001","N","EcoAnalysts Inc.","W. Hoiland",,,
"cb72f30c-0f05-4827-9891-bf3d0ff05608","D07","LECO","LECO.AOS.reach","2019-07-16T15:15Z","2019-10-26","LECO.20190716.CORE.3","A00000081128",,"OULSP","Y","Oulimnius sp.",,"genus","Arthropoda","Hexapoda","Insecta","Pterygota","Neoptera","Holometabola","Coleoptera","Polyphaga","Elateriformia","Byrrhoidea","Elmidae","Elminae","Elmini",,"Oulimnius","sp.",,"larva",1,,3,100,3,"N","N",,"condition OK","Y",,"Merritt and Cummins 2008","N","EcoAnalysts Inc.","A. Navesky",,,
"68631513-65fd-4eb7-b1e7-e28fe0f4e4cf","D07","LECO","LECO.AOS.reach","2019-07-16T15:15Z","2019-10-27","LECO.20190716.SURBER.4","A00000081122",,"CAESP5","Y","Caenis sp.",,"genus","Arthropoda","Hexapoda","Insecta","Pterygota","Palaeoptera",,"Ephemeroptera","Furcatergalia","Pannota","Caenoidea","Caenidae","Caeninae",,,"Caenis","sp.",,"larva",1,,1,50,2,"Y","N",,"condition OK","Y",,"Merritt and Cummins 2008","N","EcoAnalysts Inc.","A. Navesky","1InRef.Coll., RC specimen",,
"cb2225c9-af48-42f3-88fd-6aa5b711b893","D07","LECO","LECO.AOS.reach","2019-07-16T15:15Z","2019-10-27","LECO.20190716.SURBER.4","A00000081122",,"SWESP","Y","Sweltsa sp.",,"genus","Arthropoda","Hexapoda","Insecta","Pterygota","Neoptera","Polyneoptera","Plecoptera","Systellognatha",,,"Chloroperlidae","Chloroperlinae",,,"Sweltsa","sp.",,"larva",2,,4,50,8,"N","N",,"condition OK","Y",,"Stewart and Stark, 2002","N","EcoAnalysts Inc.","A. Navesky",,,
"9a774ca8-e6f7-4c52-b111-8d8f9260748a","D07","LECO","LECO.AOS.reach","2019-07-16T15:15Z","2019-10-27","LECO.20190716.SURBER.3","A00000081121",,"GLOSP1","Y","Glossosomatidae sp.",,"family","Arthropoda","Hexapoda","Insecta","Pterygota","Neoptera","Holometabola","Trichoptera",,,"Glossosomatoidea","Glossosomatidae",,,,,"sp.",,"larva",1,,2,100,2,"Y","N",,"condition OK","Y",,"Wiggins 1996","N","EcoAnalysts Inc.","A. Navesky",,,
"f3cbda9c-54a6-4bd5-b46f-513f2fc9ed8e","D07","LECO","LECO.AOS.reach","2019-07-16T15:15Z","2019-10-27","LECO.20190716.SURBER.3","A00000081121",,"MACSP11","Y","Maccaffertium sp.",,"genus","Arthropoda","Hexapoda","Insecta","Pterygota","Palaeoptera",,"Ephemeroptera","Pisciforma",,"Heptagenioidea","Heptageniidae",,,,"Maccaffertium","sp.",,"larva",2,,1,100,1,"Y","N",,"condition OK","Y",,"Merritt and Cummins 2008","N","EcoAnalysts Inc.","A. Navesky",,,
"3ebababe-c147-40b1-9c01-f59e78970d44","D07","LECO","LECO.AOS.reach","2019-07-16T15:15Z","2019-10-27","LECO.20190716.SURBER.3","A00000081121",,"SWESP","Y","Sweltsa sp.",,"genus","Arthropoda","Hexapoda","Insecta","Pterygota","Neoptera","Polyneoptera","Plecoptera","Systellognatha",,,"Chloroperlidae","Chloroperlinae",,,"Sweltsa","sp.",,"larva",2,,2,100,2,"N","N",,"condition OK","Y",,"Stewart and Stark, 2002","N","EcoAnalysts Inc.","A. Navesky",,,
"48e059cf-a987-497e-9cf2-43ff5cc52f3b","D07","LECO","LECO.AOS.reach","2019-07-16T15:15Z","2019-10-27","LECO.20190716.SURBER.3","A00000081121",,"CORSP19","Y","Corynoneura sp.",,"genus","Arthropoda","Hexapoda","Insecta","Pterygota","Neoptera","Holometabola","Diptera","Nematocera","Culicomorpha",,"Chironomidae","Orthocladiinae",,,"Corynoneura","sp.",,"pupa",2,,1,100,1,"N","N",,"condition OK","Y",,"Epler 2001","N","EcoAnalysts Inc.","W. Hoiland",,,
"fc1e120f-15c4-441a-bd7d-1eb9427e3cde","D07","LECO","LECO.AOS.reach","2019-07-16T15:15Z","2019-10-27","LECO.20190716.SURBER.4","A00000081122",,"CERSP10","Y","Ceratopogoninae sp.",,"subfamily","Arthropoda","Hexapoda","Insecta","Pterygota","Neoptera","Holometabola","Diptera","Nematocera","Culicomorpha",,"Ceratopogonidae","Ceratopogoninae",,,,"sp.",,"larva",2,,1,50,2,"N","Y",,"condition OK","Y",,"Merritt and Cummins 2008","N","EcoAnalysts Inc.","A. Navesky",,,
"f09780cd-8103-48b5-85d0-789ea5fd07e8","D07","LECO","LECO.AOS.reach","2019-07-16T15:15Z","2019-10-26","LECO.20190716.CORE.3","A00000081128",,"TANSP11","Y","Tanytarsus sp.",,"genus","Arthropoda","Hexapoda","Insecta","Pterygota","Neoptera","Holometabola","Diptera","Nematocera","Culicomorpha",,"Chironomidae","Chironominae","Tanytarsini",,"Tanytarsus","sp.",,"larva",3,,18,100,18,"N","N",,"condition OK","Y",,"Epler 2001","N","EcoAnalysts Inc.","W. Hoiland",,,
"6297a5b3-10da-4e55-8710-d8b812eb4ada","D07","LECO","LECO.AOS.reach","2019-07-16T15:15Z","2019-10-27","LECO.20190716.SURBER.4","A00000081122",,"ELMSP","Y","Elmidae sp.",,"family","Arthropoda","Hexapoda","Insecta","Pterygota","Neoptera","Holometabola","Coleoptera","Polyphaga","Elateriformia","Byrrhoidea","Elmidae",,,,,"sp.",,"larva",1,,39,50,78,"Y","N",,"condition OK","N",,"Merritt and Cummins 2008","N","EcoAnalysts Inc.","A. Navesky",,,
"6c2a9120-b70f-4e3d-a1ef-00cff5832620","D07","LECO","LECO.AOS.reach","2019-07-16T15:15Z","2019-10-27","LECO.20190716.SURBER.2","A00000081120",,"LARSP","Y","Larsia sp.",,"genus","Arthropoda","Hexapoda","Insecta","Pterygota","Neoptera","Holometabola","Diptera","Nematocera","Culicomorpha",,"Chironomidae","Tanypodinae","Pentaneurini",,"Larsia","sp.",,"larva",2,,1,100,1,"N","N",,"condition OK","Y",,"Epler 2001","Y","EcoAnalysts Inc.","W. Hoiland",,,
"8efcd041-d482-410b-b2b1-7f4dfaa9431e","D07","LECO","LECO.AOS.reach","2019-07-16T15:15Z","2019-10-27","LECO.20190716.SURBER.4","A00000081122",,"EUKBRE","Y","Eukiefferiella brehmi gr.",,"speciesGroup","Arthropoda","Hexapoda","Insecta","Pterygota","Neoptera","Holometabola","Diptera","Nematocera","Culicomorpha",,"Chironomidae","Orthocladiinae",,,"Eukiefferiella","brehmi gr.",,"larva",2,,1,50,2,"N","N",,"damaged, affecting measurement","Y",,"Epler 2001","N","EcoAnalysts Inc.","W. Hoiland","Fragment measured",,
"f8006cbc-1f92-41c2-96b0-e8f9d648142d","D07","LECO","LECO.AOS.reach","2019-07-16T15:15Z","2019-10-27","LECO.20190716.SURBER.2","A00000081120",,"PSEHER","Y","Psephenus herricki",,"species","Arthropoda","Hexapoda","Insecta","Pterygota","Neoptera","Holometabola","Coleoptera","Polyphaga","Elateriformia","Byrrhoidea","Psephenidae","Psepheninae",,,"Psephenus","herricki",,"larva",5,,1,100,1,"N","N",,"condition OK","Y",,"Brown 1972","Y","EcoAnalysts Inc.","A. Navesky",,,
"f75b527a-df49-4700-85f4-070118dfa278","D07","LECO","LECO.AOS.reach","2019-07-16T15:15Z","2019-10-26","LECO.20190716.CORE.2","A00000081127",,"STESP10","Y","Stempellinella sp.",,"genus","Arthropoda","Hexapoda","Insecta","Pterygota","Neoptera","Holometabola","Diptera","Nematocera","Culicomorpha",,"Chironomidae","Chironominae","Tanytarsini",,"Stempellinella","sp.",,"larva",2,,32,100,32,"N","N",,"condition OK","Y",,"Epler 2001","N","EcoAnalysts Inc.","W. Hoiland",,,
"74bd9653-4fa1-40f8-97f0-332f4dfad205","D07","LECO","LECO.AOS.reach","2019-07-16T15:15Z","2019-10-26","LECO.20190716.CORE.3","A00000081128",,"LEUSP8","Y","Leuctra sp.",,"genus","Arthropoda","Hexapoda","Insecta","Pterygota","Neoptera","Polyneoptera","Plecoptera","Euholognatha",,,"Leuctridae","Leuctrinae",,,"Leuctra","sp.",,"larva",3,,4,100,4,"N","N",,"condition OK","Y",,"Stewart and Stark, 2002","N","EcoAnalysts Inc.","A. Navesky",,,
"273fa5da-bb8e-412a-a038-18dd248a9896","D07","LECO","LECO.AOS.reach","2019-07-16T15:15Z","2019-10-27","LECO.20190716.SURBER.3","A00000081121",,"ANTSP9","Y","Antocha sp.",,"genus","Arthropoda","Hexapoda","Insecta","Pterygota","Neoptera","Holometabola","Diptera","Nematocera","Tipulomorpha",,"Tipulidae","Limoniinae","Limoniini",,"Antocha","sp.",,"larva",1,,2,100,2,"N","N",,"condition OK","Y",,"Merritt and Cummins 2008","N","EcoAnalysts Inc.","A. Navesky",,,
"f1e8dbb7-f40b-4d66-9518-a92162fcc778","D07","LECO","LECO.AOS.reach","2019-07-16T15:15Z","2019-10-26","LECO.20190716.CORE.1","A00000081126",,"TIPSP","Y","Tipulidae sp.",,"family","Arthropoda","Hexapoda","Insecta","Pterygota","Neoptera","Holometabola","Diptera","Nematocera","Tipulomorpha",,"Tipulidae",,,,,"sp.",,"larva",2,"2a",3,88,3,"Y","N",,"condition OK","Y",,"Merritt and Cummins 2008","N","EcoAnalysts Inc.","A. Navesky","3InRef.Coll., RC specimen",,
"8663ae44-adb2-4662-a6d0-ba49e189c77c","D07","LECO","LECO.AOS.reach","2019-07-16T15:15Z","2019-10-27","LECO.20190716.SURBER.5","A00000081125",,"ELMSP","Y","Elmidae sp.",,"family","Arthropoda","Hexapoda","Insecta","Pterygota","Neoptera","Holometabola","Coleoptera","Polyphaga","Elateriformia","Byrrhoidea","Elmidae",,,,,"sp.",,"larva",1,,22,56,39,"Y","N",,"condition OK","N",,"Merritt and Cummins 2008","N","EcoAnalysts Inc.","A. Navesky",,,
"44f2afea-15bb-466b-89f1-f52cb8550060","D07","LECO","LECO.AOS.reach","2019-07-16T15:15Z","2019-10-27","LECO.20190716.SURBER.2","A00000081120",,"BAEFLA","Y","Baetis flavistriga",,"species","Arthropoda","Hexapoda","Insecta","Pterygota","Palaeoptera",,"Ephemeroptera","Pisciforma",,,"Baetidae",,,,"Baetis","flavistriga",,"larva",1,,1,100,1,"N","N",,"condition OK","Y",,"Wiersema 2004","Y","EcoAnalysts Inc.","A. Navesky",,,
"52a294a5-7db1-406d-86e3-8d83e5685668","D07","LECO","LECO.AOS.reach","2019-07-16T15:15Z","2019-10-26","LECO.20190716.CORE.3","A00000081128",,"NILFIM","Y","Nilotanypus fimbriatus",,"species","Arthropoda","Hexapoda","Insecta","Pterygota","Neoptera","Holometabola","Diptera","Nematocera","Culicomorpha",,"Chironomidae","Tanypodinae","Pentaneurini",,"Nilotanypus","fimbriatus",,"larva",2,,1,100,1,"N","N",,"condition OK","Y",,"Epler 2001","N","EcoAnalysts Inc.","W. Hoiland",,,
"2b820f7b-04b9-41f9-a305-0cb26110414e","D07","LECO","LECO.AOS.reach","2019-07-16T15:15Z","2019-10-26","LECO.20190716.CORE.2","A00000081127",,"LOPSP","Y","Lopescladius sp.",,"genus","Arthropoda","Hexapoda","Insecta","Pterygota","Neoptera","Holometabola","Diptera","Nematocera","Culicomorpha",,"Chironomidae","Orthocladiinae",,,"Lopescladius","sp.",,"larva",2,,4,100,4,"N","N",,"condition OK","Y",,"Epler 2001","N","EcoAnalysts Inc.","W. Hoiland",,,
"ca735c8c-d630-45e2-bb16-31fb121f2c21","D07","LECO","LECO.AOS.reach","2019-07-16T15:15Z","2019-10-26","LECO.20190716.CORE.2","A00000081127",,"LEUSP8","Y","Leuctra sp.",,"genus","Arthropoda","Hexapoda","Insecta","Pterygota","Neoptera","Polyneoptera","Plecoptera","Euholognatha",,,"Leuctridae","Leuctrinae",,,"Leuctra","sp.",,"larva",3,,4,100,4,"N","N",,"condition OK","Y",,"Stewart and Stark, 2002","N","EcoAnalysts Inc.","A. Navesky",,,
"a0a58178-fd2d-4057-bfd9-2ae21d6f7a65","D07","LECO","LECO.AOS.reach","2019-07-16T15:15Z","2019-10-27","LECO.20190716.SURBER.4","A00000081122","LECO.20190716.SURBER.4_OLIGOCHAETE_1/1","LUMSP1","Y","Lumbricina sp.",,"suborder","Annelida","Clitellata","Oligochaeta","Oligochaeta",,,"Tubificida","Lumbricina",,,,,,,,"sp.",,"none",23,,1,50,2,"N","N",,"condition OK","Y",,"Kathman and Brinkhurst, 1999","N","EcoAnalysts Inc.","L. Flaherty",,,
"85b2d439-a5bf-4b0e-822d-ef1418d8303d","D07","LECO","LECO.AOS.reach","2019-07-16T15:15Z","2019-10-26","LECO.20190716.CORE.2","A00000081127",,"CERSP10","Y","Ceratopogoninae sp.",,"subfamily","Arthropoda","Hexapoda","Insecta","Pterygota","Neoptera","Holometabola","Diptera","Nematocera","Culicomorpha",,"Ceratopogonidae","Ceratopogoninae",,,,"sp.",,"larva",3,,1,100,1,"N","Y",,"condition OK","Y",,"Merritt and Cummins 2008","N","EcoAnalysts Inc.","A. Navesky",,,
"94402fc6-d969-46df-befc-2925e42de783","D07","LECO","LECO.AOS.reach","2019-07-16T15:15Z","2019-10-26","LECO.20190716.CORE.1","A00000081126",,"PARSP26","Y","Parametriocnemus sp.",,"genus","Arthropoda","Hexapoda","Insecta","Pterygota","Neoptera","Holometabola","Diptera","Nematocera","Culicomorpha",,"Chironomidae","Orthocladiinae",,,"Parametriocnemus","sp.",,"larva",2,,1,88,1,"N","N",,"condition OK","Y",,"Epler 2001","N","EcoAnalysts Inc.","W. Hoiland",,,
"8d9d1364-0bb8-4615-84a3-76e05cff9b79","D07","LECO","LECO.AOS.reach","2019-07-16T15:15Z","2019-10-26","LECO.20190716.CORE.3","A00000081128",,"PISSP2","Y","Pisidiidae sp.",,"family","Mollusca",,"Bivalvia","Heterodonta",,,"Veneroida",,,"Corbiculoidea","Pisidiidae",,,,,"sp.",,"none",2,,1,100,1,"Y","N",,"condition OK","Y",,"Thorp and Covich 2001","N","EcoAnalysts Inc.","A. Navesky",,,
"1cc1b6d9-db3b-448c-a3be-cdfa8d4d20a6","D07","LECO","LECO.AOS.reach","2019-07-16T15:15Z","2019-10-26","LECO.20190716.CORE.2","A00000081127",,"LEUSP8","Y","Leuctra sp.",,"genus","Arthropoda","Hexapoda","Insecta","Pterygota","Neoptera","Polyneoptera","Plecoptera","Euholognatha",,,"Leuctridae","Leuctrinae",,,"Leuctra","sp.",,"larva",2,,1,100,1,"N","N",,"condition OK","Y",,"Stewart and Stark, 2002","N","EcoAnalysts Inc.","A. Navesky",,,
"3b972f81-a34d-4aad-b7f1-79589b1ce0b0","D07","LECO","LECO.AOS.reach","2019-07-16T15:15Z","2019-10-27","LECO.20190716.SURBER.3","A00000081121",,"LOPSP","Y","Lopescladius sp.",,"genus","Arthropoda","Hexapoda","Insecta","Pterygota","Neoptera","Holometabola","Diptera","Nematocera","Culicomorpha",,"Chironomidae","Orthocladiinae",,,"Lopescladius","sp.",,"pupa",2,,2,100,2,"N","N",,"condition OK","Y",,"Epler 2001","N","EcoAnalysts Inc.","W. Hoiland",,,
"511567b0-45a4-44c6-bec9-5f9bfd914452","D07","LECO","LECO.AOS.reach","2019-07-16T15:15Z","2019-10-26","LECO.20190716.CORE.1","A00000081126",,"NEOSP40","Y","Neostempellina sp.",,"genus","Arthropoda","Hexapoda","Insecta",,,,"Diptera","Nematocera",,,"Chironomidae","Chironominae","Tanytarsini",,"Neostempellina","sp.",,"larva",1,,12,88,14,"N","N",,"condition OK","Y",,"Epler 2001","N","EcoAnalysts Inc.","W. Hoiland",,,
"d7a7cb8b-2994-4ab7-a683-dcfa6fd14f6e","D07","LECO","LECO.AOS.reach","2019-07-16T15:15Z","2019-10-27","LECO.20190716.SURBER.5","A00000081125","LECO.20190716.SURBER.5_OLIGOCHAETE_1/1","ENCSP1","Y","Enchytraeidae sp.",,"family","Annelida","Clitellata","Oligochaeta","Oligochaeta",,,"Enchytraeida",,,,"Enchytraeidae",,,,,"sp.",,"none",2,,1,56,2,"N","N",,"condition OK","Y",,"Kathman and Brinkhurst, 1999","N","EcoAnalysts Inc.","L. Flaherty",,,
"dd0bd8a6-3cd7-4fa9-8842-b794b59b9e9f","D07","LECO","LECO.AOS.reach","2019-07-16T15:15Z","2019-10-26","LECO.20190716.CORE.2","A00000081127",,"MACSP11","Y","Maccaffertium sp.",,"genus","Arthropoda","Hexapoda","Insecta","Pterygota","Palaeoptera",,"Ephemeroptera","Pisciforma",,"Heptagenioidea","Heptageniidae",,,,"Maccaffertium","sp.",,"larva",1,,1,100,1,"Y","N",,"condition OK","Y",,"Merritt and Cummins 2008","N","EcoAnalysts Inc.","A. Navesky",,,
"11c4d418-5cc5-47a2-8f86-47831a9f325b","D07","LECO","LECO.AOS.reach","2019-07-16T15:15Z","2019-10-27","LECO.20190716.SURBER.3","A00000081121",,"TANSP11","Y","Tanytarsus sp.",,"genus","Arthropoda","Hexapoda","Insecta","Pterygota","Neoptera","Holometabola","Diptera","Nematocera","Culicomorpha",,"Chironomidae","Chironominae","Tanytarsini",,"Tanytarsus","sp.",,"larva",3,,12,100,12,"N","N",,"condition OK","Y",,"Epler 2001","N","EcoAnalysts Inc.","W. Hoiland",,,
"adeff9fa-437c-42db-8ee6-9f595c7b7d20","D07","LECO","LECO.AOS.reach","2019-07-16T15:15Z","2019-10-27","LECO.20190716.SURBER.2","A00000081120",,"DICSP6","Y","Dicranota sp.",,"genus","Arthropoda","Hexapoda","Insecta","Pterygota","Neoptera","Holometabola","Diptera","Nematocera","Tipulomorpha",,"Tipulidae","Limoniinae","Pediciini",,"Dicranota","sp.",,"larva",9,,1,100,1,"N","N",,"condition OK","Y",,"Merritt and Cummins 2008","Y","EcoAnalysts Inc.","A. Navesky",,,
"9c253e59-d2a2-4d5a-8224-bb1630e14692","D07","LECO","LECO.AOS.reach","2019-07-16T15:15Z","2019-10-27","LECO.20190716.SURBER.4","A00000081122",,"KRESP1","Y","Krenosmittia sp.",,"genus","Arthropoda","Hexapoda","Insecta","Pterygota","Neoptera","Holometabola","Diptera","Nematocera","Culicomorpha",,"Chironomidae","Orthocladiinae",,,"Krenosmittia","sp.",,"pupa",2,,2,50,4,"N","N",,"condition OK","Y",,"Epler 2001","N","EcoAnalysts Inc.","W. Hoiland",,,
"1fe9b95e-01ae-4053-9857-442466f9509b","D07","LECO","LECO.AOS.reach","2019-07-16T15:15Z","2019-10-27","LECO.20190716.SURBER.3","A00000081121",,"CHESP5","Y","Cheumatopsyche sp.",,"genus","Arthropoda","Hexapoda","Insecta","Pterygota","Neoptera","Holometabola","Trichoptera",,,"Hydropsychoidea","Hydropsychidae","Hydropsychinae",,,"Cheumatopsyche","sp.",,"larva",5,,3,100,3,"N","N",,"condition OK","Y",,"Wiggins 1996","N","EcoAnalysts Inc.","A. Navesky",,,
"97fd5f45-5f21-4870-b248-6f47935a933a","D07","LECO","LECO.AOS.reach","2019-07-16T15:15Z","2019-10-27","LECO.20190716.SURBER.4","A00000081122",,"CAPSP2","Y","Capniidae sp.",,"family","Arthropoda","Hexapoda","Insecta","Pterygota","Neoptera","Polyneoptera","Plecoptera","Euholognatha",,,"Capniidae",,,,,"sp.",,"larva",1,,2,50,4,"Y","N",,"condition OK","Y",,"Stewart and Stark, 2002","N","EcoAnalysts Inc.","A. Navesky",,,
"03271ceb-d758-4c93-901b-f521b115fa71","D07","LECO","LECO.AOS.reach","2019-07-16T15:15Z","2019-10-27","LECO.20190716.SURBER.3","A00000081121",,"MICSP3","Y","Micrasema sp.",,"genus","Arthropoda","Hexapoda","Insecta","Pterygota","Neoptera","Holometabola","Trichoptera",,,"Limnephiloidea","Brachycentridae",,,,"Micrasema","sp.",,"larva",1,,1,100,1,"N","N",,"condition OK","Y",,"Wiggins 1996","N","EcoAnalysts Inc.","A. Navesky",,,
"6ced170b-2af3-47ed-9481-7d71e0643b6f","D07","LECO","LECO.AOS.reach","2019-07-16T15:15Z","2019-10-27","LECO.20190716.SURBER.3","A00000081121",,"MACSP11","Y","Maccaffertium sp.",,"genus","Arthropoda","Hexapoda","Insecta","Pterygota","Palaeoptera",,"Ephemeroptera","Pisciforma",,"Heptagenioidea","Heptageniidae",,,,"Maccaffertium","sp.",,"larva",4,,1,100,1,"Y","N",,"condition OK","Y",,"Merritt and Cummins 2008","N","EcoAnalysts Inc.","A. Navesky",,,
"e1982130-62cd-4cd7-8a72-7d02e0b0d98e","D07","LECO","LECO.AOS.reach","2019-07-16T15:15Z","2019-10-26","LECO.20190716.CORE.2","A00000081127","LECO.20190716.CORE.2_OLIGOCHAETE_1/1","LUMSP2","Y","Lumbriculidae sp.",,"family","Annelida","Clitellata","Oligochaeta","Oligochaeta",,,"Lumbriculida",,,,"Lumbriculidae",,,,,"sp.",,"none",10,,1,100,1,"N","N",,"damaged, affecting measurement","Y",,"Kathman and Brinkhurst, 1999","N","EcoAnalysts Inc.","L. Flaherty","Fragment measured",,
"1725600a-3fb2-4783-b1c9-d4d7d136bedc","D07","LECO","LECO.AOS.reach","2019-07-16T15:15Z","2019-10-27","LECO.20190716.SURBER.2","A00000081120",,"OULSP","Y","Oulimnius sp.",,"genus","Arthropoda","Hexapoda","Insecta","Pterygota","Neoptera","Holometabola","Coleoptera","Polyphaga","Elateriformia","Byrrhoidea","Elmidae","Elminae","Elmini",,"Oulimnius","sp.",,"larva",1,,5,100,5,"N","N",,"condition OK","Y",,"Merritt and Cummins 2008","Y","EcoAnalysts Inc.","A. Navesky",,,
"9249b033-42da-4943-8a4e-eea8280db440","D07","LECO","LECO.AOS.reach","2019-07-16T15:15Z","2019-10-26","LECO.20190716.CORE.1","A00000081126",,"PSEHER","Y","Psephenus herricki",,"species","Arthropoda","Hexapoda","Insecta","Pterygota","Neoptera","Holometabola","Coleoptera","Polyphaga","Elateriformia","Byrrhoidea","Psephenidae","Psepheninae",,,"Psephenus","herricki",,"larva",5,,1,88,1,"N","N",,"condition OK","Y",,"Brown 1972","N","EcoAnalysts Inc.","A. Navesky",,,
"1e066ba3-9742-4c04-b6e3-79925d314c44","D07","LECO","LECO.AOS.reach","2019-07-16T15:15Z","2019-10-27","LECO.20190716.SURBER.2","A00000081120",,"CHLSP","Y","Chloroperlidae sp.",,"family","Arthropoda","Hexapoda","Insecta","Pterygota","Neoptera","Polyneoptera","Plecoptera","Systellognatha",,,"Chloroperlidae",,,,,"sp.",,"larva",1,,1,100,1,"Y","N",,"condition OK","Y",,"Stewart and Stark, 2002","Y","EcoAnalysts Inc.","A. Navesky",,,
"3a0ac928-1972-41db-a421-d8c9a55a729e","D07","LECO","LECO.AOS.reach","2019-07-16T15:15Z","2019-10-26","LECO.20190716.CORE.3","A00000081128",,"ELMSP","Y","Elmidae sp.",,"family","Arthropoda","Hexapoda","Insecta","Pterygota","Neoptera","Holometabola","Coleoptera","Polyphaga","Elateriformia","Byrrhoidea","Elmidae",,,,,"sp.",,"larva",1,,8,100,8,"Y","N",,"condition OK","Y",,"Merritt and Cummins 2008","N","EcoAnalysts Inc.","A. Navesky",,,
"c595c499-6e07-4561-81c9-9774d5c702f6","D07","LECO","LECO.AOS.reach","2019-07-16T15:15Z","2019-10-27","LECO.20190716.SURBER.2","A00000081120",,"PARSP23","Y","Parachaetocladius sp.",,"genus","Arthropoda","Hexapoda","Insecta","Pterygota","Neoptera","Holometabola","Diptera","Nematocera","Culicomorpha",,"Chironomidae","Orthocladiinae",,,"Parachaetocladius","sp.",,"larva",2,,1,100,1,"N","N",,"condition OK","Y",,"Epler 2001","Y","EcoAnalysts Inc.","W. Hoiland",,,
"76b1bcc9-ab73-45be-ad2b-84ee5b3c42cc","D07","LECO","LECO.AOS.reach","2019-07-16T15:15Z","2019-10-26","LECO.20190716.CORE.2","A00000081127","LECO.20190716.CORE.2_OLIGOCHAETE_1/1","PRISP1","Y","Pristina sp.",,"genus","Annelida","Clitellata","Oligochaeta","Oligochaeta",,,"Tubificida",,,,"Naididae","Pristininae",,,"Pristina","sp.",,"none",1,,1,100,1,"N","N",,"damaged, affecting measurement","Y",,"Kathman and Brinkhurst, 1998","N","EcoAnalysts Inc.","L. Flaherty","Fragment measured",,
"e9c73546-95bf-4808-bd3e-3fc5643d2822","D07","LECO","LECO.AOS.reach","2019-07-16T15:15Z","2019-10-26","LECO.20190716.CORE.3","A00000081128",,"CORSP19","Y","Corynoneura sp.",,"genus","Arthropoda","Hexapoda","Insecta","Pterygota","Neoptera","Holometabola","Diptera","Nematocera","Culicomorpha",,"Chironomidae","Orthocladiinae",,,"Corynoneura","sp.",,"larva",2,,6,100,6,"N","N",,"condition OK","Y",,"Epler 2001","N","EcoAnalysts Inc.","W. Hoiland",,,
"e98177fc-3e18-4a47-b90f-49304272873b","D07","LECO","LECO.AOS.reach","2019-07-16T15:15Z","2019-10-26","LECO.20190716.CORE.1","A00000081126",,"DEMSP1","Y","Demicryptochironomus sp.",,"genus","Arthropoda","Hexapoda","Insecta","Pterygota","Neoptera","Holometabola","Diptera","Nematocera","Culicomorpha",,"Chironomidae","Chironominae","Chironomini",,"Demicryptochironomus","sp.",,"larva",3,,2,88,2,"N","N",,"condition OK","Y",,"Epler 2001","N","EcoAnalysts Inc.","W. Hoiland",,,
"6e7b6aaa-c597-467c-ae30-32a14a49991e","D07","LECO","LECO.AOS.reach","2019-07-16T15:15Z","2019-10-27","LECO.20190716.SURBER.4","A00000081122",,"PARSP23","Y","Parachaetocladius sp.",,"genus","Arthropoda","Hexapoda","Insecta","Pterygota","Neoptera","Holometabola","Diptera","Nematocera","Culicomorpha",,"Chironomidae","Orthocladiinae",,,"Parachaetocladius","sp.",,"larva",5,,1,50,2,"N","N",,"condition OK","Y",,"Epler 2001","N","EcoAnalysts Inc.","W. Hoiland",,,
"49b40aa4-1667-4803-b157-5b9eb5389b68","D07","LECO","LECO.AOS.reach","2019-07-16T15:15Z","2019-10-26","LECO.20190716.CORE.3","A00000081128","LECO.20190716.CORE.3_OLIGOCHAETE_1/1","ENCSP1","Y","Enchytraeidae sp.",,"family","Annelida","Clitellata","Oligochaeta","Oligochaeta",,,"Enchytraeida",,,,"Enchytraeidae",,,,,"sp.",,"none",1,,9,100,9,"N","N",,"condition OK","Y",,"Kathman and Brinkhurst, 1999","N","EcoAnalysts Inc.","L. Flaherty",,,
"8c614ecc-fcb6-4d31-81d9-f76e1d57e1d9","D07","LECO","LECO.AOS.reach","2019-07-16T15:15Z","2019-10-27","LECO.20190716.SURBER.2","A00000081120",,"HYDSP4","Y","Hydropsychidae sp.",,"family","Arthropoda","Hexapoda","Insecta","Pterygota","Neoptera","Holometabola","Trichoptera",,,"Hydropsychoidea","Hydropsychidae",,,,,"sp.",,"larva",2,,2,100,2,"Y","N",,"condition OK","N",,"Wiggins 1996","Y","EcoAnalysts Inc.","A. Navesky",,,
"0bc39a7d-c50b-42c6-b7ad-03167dcead7e","D07","LECO","LECO.AOS.reach","2019-07-16T15:15Z","2019-10-26","LECO.20190716.CORE.3","A00000081128",,"NEMSP","Y","Nematoda sp.",,"phylum","Nematoda",,,,,,,,,,,,,,,"sp.",,"none",2,,5,100,5,"N","Y",,"condition OK","Y",,"Thorp and Covich 2001","N","EcoAnalysts Inc.","A. Navesky",,,
"dd712008-27d7-4229-b6f0-07b49945fd73","D07","LECO","LECO.AOS.reach","2019-07-16T15:15Z","2019-10-27","LECO.20190716.SURBER.1","A00000081119",,"CORSP19","Y","Corynoneura sp.",,"genus","Arthropoda","Hexapoda","Insecta","Pterygota","Neoptera","Holometabola","Diptera","Nematocera","Culicomorpha",,"Chironomidae","Orthocladiinae",,,"Corynoneura","sp.",,"larva",2,,2,100,2,"N","N",,"condition OK","Y",,"Epler 2001","N","EcoAnalysts Inc.","W. Hoiland",,,
"3d359a62-0446-4500-973f-5ae57be22153","D07","LECO","LECO.AOS.reach","2019-07-16T15:15Z","2019-10-27","LECO.20190716.SURBER.3","A00000081121",,"HELSP10","Y","Heleniella sp.",,"genus","Arthropoda","Hexapoda","Insecta","Pterygota","Neoptera","Holometabola","Diptera","Nematocera","Culicomorpha",,"Chironomidae","Orthocladiinae",,,"Heleniella","sp.",,"larva",3,,1,100,1,"N","N",,"condition OK","Y",,"Epler 2001","N","EcoAnalysts Inc.","W. Hoiland",,,
"81b58eb6-f75c-4007-8945-8f63c2b2cf5e","D07","LECO","LECO.AOS.reach","2019-07-16T15:15Z","2019-10-27","LECO.20190716.SURBER.4","A00000081122",,"CRISP6","Y","Cricotopus/Orthocladius sp.",,"speciesGroup","Arthropoda","Hexapoda","Insecta","Pterygota","Neoptera","Holometabola","Diptera","Nematocera","Culicomorpha",,"Chironomidae","Orthocladiinae",,,"Cricotopus/Orthocladius","sp.",,"larva",3,,1,50,2,"N","N",,"condition OK","Y",,"Epler 2001","N","EcoAnalysts Inc.","W. Hoiland",,,
"1bda2303-e008-41de-94cc-d83a138483e2","D07","LECO","LECO.AOS.reach","2019-07-16T15:15Z","2019-10-27","LECO.20190716.SURBER.3","A00000081121",,"CHESP5","Y","Cheumatopsyche sp.",,"genus","Arthropoda","Hexapoda","Insecta","Pterygota","Neoptera","Holometabola","Trichoptera",,,"Hydropsychoidea","Hydropsychidae","Hydropsychinae",,,"Cheumatopsyche","sp.",,"larva",3,,2,100,2,"N","N",,"condition OK","Y",,"Wiggins 1996","N","EcoAnalysts Inc.","A. Navesky",,,
"7f8d3f8e-9386-4b98-b44e-4a7339eab951","D07","LECO","LECO.AOS.reach","2019-07-16T15:15Z","2019-10-27","LECO.20190716.SURBER.3","A00000081121",,"TANSP8","Y","Tanytarsini sp.",,"tribe","Arthropoda","Hexapoda","Insecta","Pterygota","Neoptera","Holometabola","Diptera","Nematocera","Culicomorpha",,"Chironomidae","Chironominae","Tanytarsini",,,"sp.",,"larva",3,,9,100,9,"N","N",,"damaged, affecting taxonomy","N",,"Epler 2001","N","EcoAnalysts Inc.","W. Hoiland",,,
"68a3ae58-8de9-4680-be23-0eb3684a5f66","D07","LECO","LECO.AOS.reach","2019-07-16T15:15Z","2019-10-27","LECO.20190716.SURBER.4","A00000081122",,"TANSP11","Y","Tanytarsus sp.",,"genus","Arthropoda","Hexapoda","Insecta","Pterygota","Neoptera","Holometabola","Diptera","Nematocera","Culicomorpha",,"Chironomidae","Chironominae","Tanytarsini",,"Tanytarsus","sp.",,"larva",2,,22,50,44,"N","N",,"condition OK","Y",,"Epler 2001","N","EcoAnalysts Inc.","W. Hoiland",,,
"2a09dd22-bf05-4bcd-a186-6d24b88cde67","D07","LECO","LECO.AOS.reach","2019-07-16T15:15Z","2019-10-27","LECO.20190716.SURBER.4","A00000081122",,"EUKBRE","Y","Eukiefferiella brehmi gr.",,"speciesGroup","Arthropoda","Hexapoda","Insecta","Pterygota","Neoptera","Holometabola","Diptera","Nematocera","Culicomorpha",,"Chironomidae","Orthocladiinae",,,"Eukiefferiella","brehmi gr.",,"larva",3,,1,50,2,"N","N",,"condition OK","Y",,"Epler 2001","N","EcoAnalysts Inc.","W. Hoiland",,,
"b9a076f1-98fc-4e9b-8fbe-464814d4f1b0","D07","LECO","LECO.AOS.reach","2019-07-16T15:15Z","2019-10-26","LECO.20190716.CORE.3","A00000081128",,"CAPSP2","Y","Capniidae sp.",,"family","Arthropoda","Hexapoda","Insecta","Pterygota","Neoptera","Polyneoptera","Plecoptera","Euholognatha",,,"Capniidae",,,,,"sp.",,"larva",1,,3,100,3,"Y","N",,"condition OK","Y",,"Stewart and Stark, 2002","N","EcoAnalysts Inc.","A. Navesky",,,
"510e792f-a71a-4b91-8cb4-c98672a9b995","D07","LECO","LECO.AOS.reach","2019-07-16T15:15Z","2019-10-26","LECO.20190716.CORE.1","A00000081126",,"HELSP10","Y","Heleniella sp.",,"genus","Arthropoda","Hexapoda","Insecta","Pterygota","Neoptera","Holometabola","Diptera","Nematocera","Culicomorpha",,"Chironomidae","Orthocladiinae",,,"Heleniella","sp.",,"larva",3,,2,88,2,"N","N",,"condition OK","Y",,"Epler 2001","N","EcoAnalysts Inc.","W. Hoiland",,,
"2a105562-78b3-45e0-bd21-8837c8c2911a","D07","LECO","LECO.AOS.reach","2019-07-16T15:15Z","2019-10-26","LECO.20190716.CORE.1","A00000081126",,"POLSCA","Y","Polypedilum scalaenum gr.",,"speciesGroup","Arthropoda","Hexapoda","Insecta","Pterygota","Neoptera","Holometabola","Diptera","Nematocera","Culicomorpha",,"Chironomidae","Chironominae","Chironomini",,"Polypedilum","scalaenum gr.",,"larva",2,,1,88,1,"N","N",,"condition OK","Y",,"Epler 2001, and Maschwitz and Cook 2000","N","EcoAnalysts Inc.","W. Hoiland",,,
"5abbab9f-3059-42e4-bb17-f43ae710a8d2","D07","LECO","LECO.AOS.reach","2019-07-16T15:15Z","2019-10-26","LECO.20190716.CORE.2","A00000081127",,"TANSP11","Y","Tanytarsus sp.",,"genus","Arthropoda","Hexapoda","Insecta","Pterygota","Neoptera","Holometabola","Diptera","Nematocera","Culicomorpha",,"Chironomidae","Chironominae","Tanytarsini",,"Tanytarsus","sp.",,"larva",3,,30,100,30,"N","N",,"condition OK","Y",,"Epler 2001","N","EcoAnalysts Inc.","W. Hoiland",,,
"9a833d3a-5c37-4789-9c6d-fd6a1640ed7e","D07","LECO","LECO.AOS.reach","2019-07-16T15:15Z","2019-10-27","LECO.20190716.SURBER.2","A00000081120",,"RHESP4","Y","Rheosmittia sp.",,"genus","Arthropoda","Hexapoda","Insecta","Pterygota","Neoptera","Holometabola","Diptera","Nematocera","Culicomorpha",,"Chironomidae","Orthocladiinae",,,"Rheosmittia","sp.",,"pupa",2,,1,100,1,"N","N",,"condition OK","Y",,"Epler 2001","Y","EcoAnalysts Inc.","W. Hoiland",,,
"3a19bf67-30f7-4cbd-957e-b5fffe61816f","D07","LECO","LECO.AOS.reach","2019-07-16T15:15Z","2019-10-27","LECO.20190716.SURBER.1","A00000081119",,"WANSP","Y","Wandesia sp.",,"genus","Arthropoda","Chelicerata","Arachnida","Acari",,"Acariformes","Trombidiformes","Prostigmata",,"Hydryphantoidea","Hydryphantidae",,,,"Wandesia","sp.",,"none",1,,1,100,1,"N","N",,"condition OK","Y",,"Thorp and Covich 2001","N","EcoAnalysts Inc.","A. Navesky","1InRef.Coll.",,
"4a130554-1aab-4ee8-a9d4-7ba8c8aa128d","D07","LECO","LECO.AOS.reach","2019-07-16T15:15Z","2019-10-26","LECO.20190716.CORE.1","A00000081126","LECO.20190716.CORE.1_OLIGOCHAETE_1/1","PRISP1","Y","Pristina sp.",,"genus","Annelida","Clitellata","Oligochaeta","Oligochaeta",,,"Tubificida",,,,"Naididae","Pristininae",,,"Pristina","sp.",,"none",1,,14,88,16,"N","N",,"damaged, affecting measurement","Y",,"Kathman and Brinkhurst, 1998","N","EcoAnalysts Inc.","L. Flaherty","Fragment measured",,
"54a830c5-14ef-49d5-96fc-7b7f7011e2b6","D07","LECO","LECO.AOS.reach","2019-07-16T15:15Z","2019-10-27","LECO.20190716.SURBER.1","A00000081119",,"NEMSP","Y","Nematoda sp.",,"phylum","Nematoda",,,,,,,,,,,,,,,"sp.",,"none",2,,1,100,1,"N","Y",,"condition OK","Y",,"Thorp and Covich 2001","N","EcoAnalysts Inc.","A. Navesky",,,
"4fdbb822-03e8-4fc9-a281-db7ba7272cd4","D07","LECO","LECO.AOS.reach","2019-07-16T15:15Z","2019-10-27","LECO.20190716.SURBER.2","A00000081120",,"BAESP2","Y","Baetis sp.",,"genus","Arthropoda","Hexapoda","Insecta","Pterygota","Palaeoptera",,"Ephemeroptera","Pisciforma",,,"Baetidae",,,,"Baetis","sp.",,"larva",2,,1,100,1,"Y","N",,"condition OK","N",,"Merritt and Cummins 2008","Y","EcoAnalysts Inc.","A. Navesky",,,
"f21357eb-67eb-4ae1-9ddc-f24d79c1969f","D07","LECO","LECO.AOS.reach","2019-07-16T15:15Z","2019-10-27","LECO.20190716.SURBER.2","A00000081120",,"PSEHER","Y","Psephenus herricki",,"species","Arthropoda","Hexapoda","Insecta","Pterygota","Neoptera","Holometabola","Coleoptera","Polyphaga","Elateriformia","Byrrhoidea","Psephenidae","Psepheninae",,,"Psephenus","herricki",,"larva",4,,1,100,1,"N","N",,"condition OK","Y",,"Brown 1972","Y","EcoAnalysts Inc.","A. Navesky",,,
"180f1e08-b619-4287-84ca-a71a29f12bb1","D07","LECO","LECO.AOS.reach","2019-07-16T15:15Z","2019-10-27","LECO.20190716.SURBER.5","A00000081125",,"GLOSP3","Y","Glossosoma sp.",,"genus","Arthropoda","Hexapoda","Insecta","Pterygota","Neoptera","Holometabola","Trichoptera",,,"Glossosomatoidea","Glossosomatidae","Glossosomatinae","Glossosomatini",,"Glossosoma","sp.",,"larva",3,,1,56,2,"N","N",,"condition OK","Y",,"Wiggins 1996","N","EcoAnalysts Inc.","A. Navesky",,,
"ebeb5544-a2d2-4d9a-a761-7d9e7afd025f","D07","LECO","LECO.AOS.reach","2019-07-16T15:15Z","2019-10-27","LECO.20190716.SURBER.3","A00000081121",,"RHYSP3","Y","Rhyacophila sp.",,"genus","Arthropoda","Hexapoda","Insecta","Pterygota","Neoptera","Holometabola","Trichoptera",,,"Rhyacophiloidea","Rhyacophilidae",,,,"Rhyacophila","sp.",,"larva",2,,1,100,1,"Y","N",,"condition OK","Y",,"Wiggins 1996","N","EcoAnalysts Inc.","A. Navesky",,,
"4d2ae905-809b-44f5-802b-87cb4bd4594f","D07","LECO","LECO.AOS.reach","2019-07-16T15:15Z","2019-10-26","LECO.20190716.CORE.1","A00000081126",,"PARSP26","Y","Parametriocnemus sp.",,"genus","Arthropoda","Hexapoda","Insecta","Pterygota","Neoptera","Holometabola","Diptera","Nematocera","Culicomorpha",,"Chironomidae","Orthocladiinae",,,"Parametriocnemus","sp.",,"larva",3,,2,88,2,"N","N",,"condition OK","Y",,"Epler 2001","N","EcoAnalysts Inc.","W. Hoiland",,,
"a373da27-6765-4835-8fd9-1bc071664ede","D07","LECO","LECO.AOS.reach","2019-07-16T15:15Z","2019-10-27","LECO.20190716.SURBER.2","A00000081120",,"KRESP1","Y","Krenosmittia sp.",,"genus","Arthropoda","Hexapoda","Insecta","Pterygota","Neoptera","Holometabola","Diptera","Nematocera","Culicomorpha",,"Chironomidae","Orthocladiinae",,,"Krenosmittia","sp.",,"larva",2,,1,100,1,"N","N",,"condition OK","Y",,"Epler 2001","Y","EcoAnalysts Inc.","W. Hoiland",,,
"2654abd2-0581-4b26-b60a-1d15c2f4ae9c","D07","LECO","LECO.AOS.reach","2019-07-16T15:15Z","2019-10-27","LECO.20190716.SURBER.5","A00000081125",,"HYDSP4","Y","Hydropsychidae sp.",,"family","Arthropoda","Hexapoda","Insecta","Pterygota","Neoptera","Holometabola","Trichoptera",,,"Hydropsychoidea","Hydropsychidae",,,,,"sp.",,"larva",2,,1,56,2,"Y","N",,"condition OK","Y",,"Wiggins 1996","N","EcoAnalysts Inc.","A. Navesky",,,
"9908cc93-bc1b-4e4b-8bc3-d637f92f1651","D07","LECO","LECO.AOS.reach","2019-07-16T15:15Z","2019-10-27","LECO.20190716.SURBER.3","A00000081121",,"MICPED","Y","Microtendipes pedellus gr.",,"speciesGroup","Arthropoda","Hexapoda","Insecta","Pterygota","Neoptera","Holometabola","Diptera","Nematocera","Culicomorpha",,"Chironomidae","Chironominae","Chironomini",,"Microtendipes","pedellus gr.",,"larva",3,,1,100,1,"N","N",,"condition OK","Y",,"Epler 2001","N","EcoAnalysts Inc.","W. Hoiland",,,
"47002931-6606-4b21-9154-88d225857706","D07","LECO","LECO.AOS.reach","2019-07-16T15:15Z","2019-10-27","LECO.20190716.SURBER.4","A00000081122",,"CONSP6","Y","Constempellina sp.",,"genus","Arthropoda","Hexapoda","Insecta","Pterygota","Neoptera","Holometabola","Diptera","Nematocera","Culicomorpha",,"Chironomidae","Chironominae","Tanytarsini",,"Constempellina","sp.",,"larva",1,,1,50,2,"N","N",,"condition OK","Y",,"Epler 2001","N","EcoAnalysts Inc.","W. Hoiland",,,
"2021e593-9444-4068-a3c2-d060a6c92c1a","D07","LECO","LECO.AOS.reach","2019-07-16T15:15Z","2019-10-27","LECO.20190716.SURBER.3","A00000081121","LECO.20190716.SURBER.3_OLIGOCHAETE_1/1","ENCSP1","Y","Enchytraeidae sp.",,"family","Annelida","Clitellata","Oligochaeta","Oligochaeta",,,"Enchytraeida",,,,"Enchytraeidae",,,,,"sp.",,"none",2,,1,100,1,"N","N",,"condition OK","Y",,"Kathman and Brinkhurst, 1999","N","EcoAnalysts Inc.","L. Flaherty",,,
"6b93f4d5-7a89-44c1-9731-1db337485c91","D07","LECO","LECO.AOS.reach","2019-07-16T15:15Z","2019-10-27","LECO.20190716.SURBER.4","A00000081122",,"BAEFLA","Y","Baetis flavistriga",,"species","Arthropoda","Hexapoda","Insecta","Pterygota","Palaeoptera",,"Ephemeroptera","Pisciforma",,,"Baetidae",,,,"Baetis","flavistriga",,"larva",2,,2,50,4,"N","N",,"condition OK","Y",,"Wiersema 2004","N","EcoAnalysts Inc.","A. Navesky",,,
"8e304cd6-3a1e-4d21-b976-94ccd4501c40","D07","LECO","LECO.AOS.reach","2019-07-16T15:15Z","2019-10-26","LECO.20190716.CORE.3","A00000081128",,"NEMSP","Y","Nematoda sp.",,"phylum","Nematoda",,,,,,,,,,,,,,,"sp.",,"none",4,,2,100,2,"N","Y",,"condition OK","Y",,"Thorp and Covich 2001","N","EcoAnalysts Inc.","A. Navesky",,,
"4f7b0347-7a7f-4bb6-b207-dc36833bb8c1","D07","LECO","LECO.AOS.reach","2019-07-16T15:15Z","2019-10-27","LECO.20190716.SURBER.2","A00000081120",,"WANSP","Y","Wandesia sp.",,"genus","Arthropoda","Chelicerata","Arachnida","Acari",,"Acariformes","Trombidiformes","Prostigmata",,"Hydryphantoidea","Hydryphantidae",,,,"Wandesia","sp.",,"none",1,,3,100,3,"N","N",,"condition OK","Y",,"Thorp and Covich 2001","Y","EcoAnalysts Inc.","A. Navesky",,,
"7e3cde84-d7f0-4c81-809b-6ed443aa9380","D07","LECO","LECO.AOS.reach","2019-07-16T15:15Z","2019-10-26","LECO.20190716.CORE.1","A00000081126",,"KRESP1","Y","Krenosmittia sp.",,"genus","Arthropoda","Hexapoda","Insecta","Pterygota","Neoptera","Holometabola","Diptera","Nematocera","Culicomorpha",,"Chironomidae","Orthocladiinae",,,"Krenosmittia","sp.",,"pupa",3,,3,88,3,"N","N",,"condition OK","Y",,"Epler 2001","N","EcoAnalysts Inc.","W. Hoiland",,,
"33a05f44-6dc2-4a7d-a792-081da2164829","D07","LECO","LECO.AOS.reach","2019-07-16T15:15Z","2019-10-26","LECO.20190716.CORE.1","A00000081126",,"LOPSP","Y","Lopescladius sp.",,"genus","Arthropoda","Hexapoda","Insecta","Pterygota","Neoptera","Holometabola","Diptera","Nematocera","Culicomorpha",,"Chironomidae","Orthocladiinae",,,"Lopescladius","sp.",,"larva",2,,33,88,38,"N","N",,"condition OK","Y",,"Epler 2001","N","EcoAnalysts Inc.","W. Hoiland",,,
"01f139e9-61d6-45f7-999c-d7106d982471","D07","LECO","LECO.AOS.reach","2019-07-16T15:15Z","2019-10-27","LECO.20190716.SURBER.1","A00000081119",,"CAPSP2","Y","Capniidae sp.",,"family","Arthropoda","Hexapoda","Insecta","Pterygota","Neoptera","Polyneoptera","Plecoptera","Euholognatha",,,"Capniidae",,,,,"sp.",,"larva",1,,1,100,1,"Y","N",,"condition OK","Y",,"Stewart and Stark, 2002","N","EcoAnalysts Inc.","A. Navesky",,,
"fd9a425e-3a4c-4f48-bab9-9175ae11acee","D07","LECO","LECO.AOS.reach","2019-07-16T15:15Z","2019-10-27","LECO.20190716.SURBER.5","A00000081125",,"PARSP26","Y","Parametriocnemus sp.",,"genus","Arthropoda","Hexapoda","Insecta","Pterygota","Neoptera","Holometabola","Diptera","Nematocera","Culicomorpha",,"Chironomidae","Orthocladiinae",,,"Parametriocnemus","sp.",,"larva",2,,1,56,2,"N","N",,"condition OK","Y",,"Epler 2001","N","EcoAnalysts Inc.","W. Hoiland",,,
"e522bc25-9a89-41a5-9b82-4c92cf8740b6","D07","LECO","LECO.AOS.reach","2019-07-16T15:15Z","2019-10-27","LECO.20190716.SURBER.3","A00000081121",,"GLOSP3","Y","Glossosoma sp.",,"genus","Arthropoda","Hexapoda","Insecta","Pterygota","Neoptera","Holometabola","Trichoptera",,,"Glossosomatoidea","Glossosomatidae","Glossosomatinae","Glossosomatini",,"Glossosoma","sp.",,"larva",1,,1,100,1,"N","N",,"condition OK","Y",,"Wiggins 1996","N","EcoAnalysts Inc.","A. Navesky",,,
"0f328b11-af38-4e57-8044-3d79c00e805c","D07","LECO","LECO.AOS.reach","2019-07-16T15:15Z","2019-10-26","LECO.20190716.CORE.1","A00000081126",,"LOPSP","Y","Lopescladius sp.",,"genus","Arthropoda","Hexapoda","Insecta","Pterygota","Neoptera","Holometabola","Diptera","Nematocera","Culicomorpha",,"Chironomidae","Orthocladiinae",,,"Lopescladius","sp.",,"pupa",2,,2,88,2,"N","N",,"condition OK","Y",,"Epler 2001","N","EcoAnalysts Inc.","W. Hoiland",,,
"b066d942-fae0-48a0-8085-4c40b7477bd3","D07","LECO","LECO.AOS.reach","2019-07-16T15:15Z","2019-10-26","LECO.20190716.CORE.2","A00000081127","LECO.20190716.CORE.2_OLIGOCHAETE_1/1","LUMSP2","Y","Lumbriculidae sp.",,"family","Annelida","Clitellata","Oligochaeta","Oligochaeta",,,"Lumbriculida",,,,"Lumbriculidae",,,,,"sp.",,"none",13,,1,100,1,"N","N",,"condition OK","Y",,"Kathman and Brinkhurst, 1999","N","EcoAnalysts Inc.","L. Flaherty",,,
"bb8a4aa0-1536-4998-a500-16d2cc6620e4","D07","LECO","LECO.AOS.reach","2019-07-16T15:15Z","2019-10-26","LECO.20190716.CORE.2","A00000081127",,"LEBSP1","Y","Lebertia sp.",,"genus","Arthropoda","Chelicerata","Arachnida","Acari",,"Acariformes","Trombidiformes","Prostigmata",,"Lebertioidea","Lebertiidae",,,,"Lebertia","sp.",,"none",1,,1,100,1,"N","N",,"condition OK","Y",,"Thorp and Covich 2001","N","EcoAnalysts Inc.","A. Navesky",,,
"9822e742-f076-4a58-8fdf-431c199002a4","D07","LECO","LECO.AOS.reach","2019-07-16T15:15Z","2019-10-27","LECO.20190716.SURBER.2","A00000081120",,"BAEFLA","Y","Baetis flavistriga",,"species","Arthropoda","Hexapoda","Insecta","Pterygota","Palaeoptera",,"Ephemeroptera","Pisciforma",,,"Baetidae",,,,"Baetis","flavistriga",,"larva",5,,1,100,1,"N","N",,"condition OK","Y",,"Wiersema 2004","Y","EcoAnalysts Inc.","A. Navesky",,,
"a0baded2-ca77-4038-a9ce-4ff88b9354ce","D07","LECO","LECO.AOS.reach","2019-07-16T15:15Z","2019-10-27","LECO.20190716.SURBER.5","A00000081125",,"OPTSP","Y","Optioservus sp.",,"genus","Arthropoda","Hexapoda","Insecta","Pterygota","Neoptera","Holometabola","Coleoptera","Polyphaga","Elateriformia","Byrrhoidea","Elmidae","Elminae","Elmini",,"Optioservus","sp.",,"larva",3,,2,56,4,"N","N",,"condition OK","Y",,"Merritt and Cummins 2008","N","EcoAnalysts Inc.","A. Navesky",,,
"c0ccb0cb-bb68-416a-a268-77dfde00c6cc","D07","LECO","LECO.AOS.reach","2019-07-16T15:15Z","2019-10-27","LECO.20190716.SURBER.5","A00000081125",,"BAEFLA","Y","Baetis flavistriga",,"species","Arthropoda","Hexapoda","Insecta","Pterygota","Palaeoptera",,"Ephemeroptera","Pisciforma",,,"Baetidae",,,,"Baetis","flavistriga",,"larva",3,,1,56,2,"N","N",,"condition OK","Y",,"Wiersema 2004","N","EcoAnalysts Inc.","A. Navesky",,,
"9d53271a-e740-42fa-a25f-29ebfc4d1baf","D07","LECO","LECO.AOS.reach","2019-07-16T15:15Z","2019-10-27","LECO.20190716.SURBER.1","A00000081119","LECO.20190716.SURBER.1_OLIGOCHAETE_1/1","LUMSP2","Y","Lumbriculidae sp.",,"family","Annelida","Clitellata","Oligochaeta","Oligochaeta",,,"Lumbriculida",,,,"Lumbriculidae",,,,,"sp.",,"none",15,,1,100,1,"N","N",,"condition OK","Y",,"Kathman and Brinkhurst, 1999","N","EcoAnalysts Inc.","L. Flaherty",,,
"6f52d2e5-0955-499b-88f3-a99a3e870fb6","D07","LECO","LECO.AOS.reach","2019-07-16T15:15Z","2019-10-27","LECO.20190716.SURBER.2","A00000081120",,"LEUSP8","Y","Leuctra sp.",,"genus","Arthropoda","Hexapoda","Insecta","Pterygota","Neoptera","Polyneoptera","Plecoptera","Euholognatha",,,"Leuctridae","Leuctrinae",,,"Leuctra","sp.",,"larva",4,,3,100,3,"N","N",,"condition OK","Y",,"Stewart and Stark, 2002","Y","EcoAnalysts Inc.","A. Navesky",,,
"0aa8cd87-aadd-42e9-aed2-ec027c4417be","D07","LECO","LECO.AOS.reach","2019-07-16T15:15Z","2019-10-27","LECO.20190716.SURBER.1","A00000081119",,"GLOSP3","Y","Glossosoma sp.",,"genus","Arthropoda","Hexapoda","Insecta","Pterygota","Neoptera","Holometabola","Trichoptera",,,"Glossosomatoidea","Glossosomatidae","Glossosomatinae","Glossosomatini",,"Glossosoma","sp.",,"larva",1,,1,100,1,"N","N",,"condition OK","Y",,"Wiggins 1996","N","EcoAnalysts Inc.","A. Navesky",,,
"6c41dee9-ffaa-4631-91cd-c60cc320bc0a","D07","LECO","LECO.AOS.reach","2019-07-16T15:15Z","2019-10-26","LECO.20190716.CORE.3","A00000081128",,"CERSP10","Y","Ceratopogoninae sp.",,"subfamily","Arthropoda","Hexapoda","Insecta","Pterygota","Neoptera","Holometabola","Diptera","Nematocera","Culicomorpha",,"Ceratopogonidae","Ceratopogoninae",,,,"sp.",,"larva",2,,11,100,11,"N","Y",,"condition OK","Y",,"Merritt and Cummins 2008","N","EcoAnalysts Inc.","A. Navesky",,,
"ddb83912-dcc4-4656-a8a7-5868a7e280f4","D07","LECO","LECO.AOS.reach","2019-07-16T15:15Z","2019-10-27","LECO.20190716.SURBER.4","A00000081122",,"BAEFLA","Y","Baetis flavistriga",,"species","Arthropoda","Hexapoda","Insecta","Pterygota","Palaeoptera",,"Ephemeroptera","Pisciforma",,,"Baetidae",,,,"Baetis","flavistriga",,"larva",1,,1,50,2,"N","N",,"condition OK","Y",,"Wiersema 2004","N","EcoAnalysts Inc.","A. Navesky",,,
"82b3b8cc-0480-4d24-b6f8-501bd74fc537","D07","LECO","LECO.AOS.reach","2019-07-16T15:15Z","2019-10-27","LECO.20190716.SURBER.2","A00000081120","LECO.20190716.SURBER.2_EUKIEFFERIELLA BREHMI GR.","EUKBRE","Y","Eukiefferiella brehmi gr.",,"speciesGroup","Arthropoda","Hexapoda","Insecta","Pterygota","Neoptera","Holometabola","Diptera","Nematocera","Culicomorpha",,"Chironomidae","Orthocladiinae",,,"Eukiefferiella","brehmi gr.",,"larva",2,,1,100,1,"N","N",,"condition OK","Y",,"Epler 2001","Y","EcoAnalysts Inc.","W. Hoiland","1InRef.Coll., In RC",,
"f5b7a472-e8e6-4049-82ba-cfbc4a8d4487","D07","LECO","LECO.AOS.reach","2019-07-16T15:15Z","2019-10-27","LECO.20190716.SURBER.4","A00000081122",,"PSYFLA","Y","Psychomyia flavida",,"species","Arthropoda","Hexapoda","Insecta","Pterygota","Neoptera","Holometabola","Trichoptera",,,"Hydropsychoidea","Psychomyiidae","Psychomyiinae",,,"Psychomyia","flavida",,"larva",3,,1,50,2,"N","N",,"condition OK","Y",,"Wiggins 1996","N","EcoAnalysts Inc.","A. Navesky",,,
"4ecc7f07-856a-4f3a-9416-4678adf56cf5","D07","LECO","LECO.AOS.reach","2019-07-16T15:15Z","2019-10-27","LECO.20190716.SURBER.3","A00000081121",,"PSYFLA","Y","Psychomyia flavida",,"species","Arthropoda","Hexapoda","Insecta","Pterygota","Neoptera","Holometabola","Trichoptera",,,"Hydropsychoidea","Psychomyiidae","Psychomyiinae",,,"Psychomyia","flavida",,"larva",3,,2,100,2,"N","N",,"condition OK","Y",,"Wiggins 1996","N","EcoAnalysts Inc.","A. Navesky",,,
"7cce92e9-5d49-4ccf-b30e-3250a0535844","D07","LECO","LECO.AOS.reach","2019-07-16T15:15Z","2019-10-27","LECO.20190716.SURBER.5","A00000081125",,"EPESP","Y","Epeorus sp.",,"genus","Arthropoda","Hexapoda","Insecta","Pterygota","Palaeoptera",,"Ephemeroptera","Pisciforma",,"Heptagenioidea","Heptageniidae",,,,"Epeorus","sp.",,"larva",5,,1,56,2,"N","Y",,"condition OK","Y",,"Merritt and Cummins 2008","N","EcoAnalysts Inc.","A. Navesky",,,
"1794e793-5b32-45a0-a63e-b25705e41980","D07","LECO","LECO.AOS.reach","2019-07-16T15:15Z","2019-10-26","LECO.20190716.CORE.3","A00000081128",,"NEMSP","Y","Nematoda sp.",,"phylum","Nematoda",,,,,,,,,,,,,,,"sp.",,"none",5,,1,100,1,"N","Y",,"condition OK","Y",,"Thorp and Covich 2001","N","EcoAnalysts Inc.","A. Navesky",,,
"c045c5f3-0258-48a2-9ea1-f390018ba2b1","D07","LECO","LECO.AOS.reach","2019-07-16T15:15Z","2019-10-27","LECO.20190716.SURBER.2","A00000081120",,"TORSP6","Y","Torrenticola sp.",,"genus","Arthropoda","Chelicerata","Arachnida","Acari",,"Acariformes","Trombidiformes","Prostigmata",,"Lebertioidea","Torrenticolidae",,,,"Torrenticola","sp.",,"none",1,,3,100,3,"N","N",,"condition OK","Y",,"Thorp and Covich 2001","Y","EcoAnalysts Inc.","A. Navesky",,,
"0db52d4f-9b6d-493a-84bf-0f83d1d6666d","D07","LECO","LECO.AOS.reach","2019-07-16T15:15Z","2019-10-26","LECO.20190716.CORE.2","A00000081127",,"CERSP10","Y","Ceratopogoninae sp.",,"subfamily","Arthropoda","Hexapoda","Insecta","Pterygota","Neoptera","Holometabola","Diptera","Nematocera","Culicomorpha",,"Ceratopogonidae","Ceratopogoninae",,,,"sp.",,"larva",2,,1,100,1,"N","Y",,"condition OK","Y",,"Merritt and Cummins 2008","N","EcoAnalysts Inc.","A. Navesky",,,
"cb3fabfd-7bb5-49c3-93a6-9b0c70b37f23","D07","LECO","LECO.AOS.reach","2019-07-16T15:15Z","2019-10-27","LECO.20190716.SURBER.4","A00000081122",,"LOPSP","Y","Lopescladius sp.",,"genus","Arthropoda","Hexapoda","Insecta","Pterygota","Neoptera","Holometabola","Diptera","Nematocera","Culicomorpha",,"Chironomidae","Orthocladiinae",,,"Lopescladius","sp.",,"larva",2,,12,50,24,"N","N",,"condition OK","Y",,"Epler 2001","N","EcoAnalysts Inc.","W. Hoiland",,,
"29952130-1a33-4344-9b06-79d678928b85","D07","LECO","LECO.AOS.reach","2019-07-16T15:15Z","2019-10-27","LECO.20190716.SURBER.3","A00000081121","LECO.20190716.SURBER.3_OLIGOCHAETE_1/1","ENCSP1","Y","Enchytraeidae sp.",,"family","Annelida","Clitellata","Oligochaeta","Oligochaeta",,,"Enchytraeida",,,,"Enchytraeidae",,,,,"sp.",,"none",4,,1,100,1,"N","N",,"condition OK","Y",,"Kathman and Brinkhurst, 1999","N","EcoAnalysts Inc.","L. Flaherty",,,
"2a8977ab-2191-40cf-a229-b2c79b85dcf4","D07","LECO","LECO.AOS.reach","2019-07-16T15:15Z","2019-10-26","LECO.20190716.CORE.1","A00000081126",,"TIPSP","Y","Tipulidae sp.",,"family","Arthropoda","Hexapoda","Insecta","Pterygota","Neoptera","Holometabola","Diptera","Nematocera","Tipulomorpha",,"Tipulidae",,,,,"sp.",,"larva",2,"2b",14,88,16,"Y","N",,"condition OK","Y",,"Merritt and Cummins 2008","N","EcoAnalysts Inc.","A. Navesky","3InRef.Coll.",,
"afe0218d-b4e1-4b5d-bd0d-25964509a604","D07","LECO","LECO.AOS.reach","2019-07-16T15:15Z","2019-10-27","LECO.20190716.SURBER.1","A00000081119",,"PSYFLA","Y","Psychomyia flavida",,"species","Arthropoda","Hexapoda","Insecta","Pterygota","Neoptera","Holometabola","Trichoptera",,,"Hydropsychoidea","Psychomyiidae","Psychomyiinae",,,"Psychomyia","flavida",,"larva",2,,2,100,2,"N","N",,"condition OK","Y",,"Wiggins 1996","N","EcoAnalysts Inc.","A. Navesky",,,
"5d8c9347-ff34-410f-a765-06ebad952d03","D07","LECO","LECO.AOS.reach","2019-07-16T15:15Z","2019-10-27","LECO.20190716.SURBER.3","A00000081121",,"HYDSP4","Y","Hydropsychidae sp.",,"family","Arthropoda","Hexapoda","Insecta","Pterygota","Neoptera","Holometabola","Trichoptera",,,"Hydropsychoidea","Hydropsychidae",,,,,"sp.",,"larva",1,,6,100,6,"Y","N",,"condition OK","N",,"Wiggins 1996","N","EcoAnalysts Inc.","A. Navesky",,,
"a215cdb5-0766-4111-b93f-8a7aa53ef0a4","D07","LECO","LECO.AOS.reach","2019-07-16T15:15Z","2019-10-27","LECO.20190716.SURBER.4","A00000081122",,"HELSP10","Y","Heleniella sp.",,"genus","Arthropoda","Hexapoda","Insecta","Pterygota","Neoptera","Holometabola","Diptera","Nematocera","Culicomorpha",,"Chironomidae","Orthocladiinae",,,"Heleniella","sp.",,"larva",2,,3,50,6,"N","N",,"condition OK","Y",,"Epler 2001","N","EcoAnalysts Inc.","W. Hoiland",,,
"415b5e88-1473-49f4-8a92-c839182498d1","D07","LECO","LECO.AOS.reach","2019-07-16T15:15Z","2019-10-27","LECO.20190716.SURBER.2","A00000081120",,"LEUSP8","Y","Leuctra sp.",,"genus","Arthropoda","Hexapoda","Insecta","Pterygota","Neoptera","Polyneoptera","Plecoptera","Euholognatha",,,"Leuctridae","Leuctrinae",,,"Leuctra","sp.",,"larva",2,,1,100,1,"N","N",,"condition OK","Y",,"Stewart and Stark, 2002","Y","EcoAnalysts Inc.","A. Navesky",,,
"8ab0715a-4a3b-4933-a568-0add0de8abc5","D07","LECO","LECO.AOS.reach","2019-07-16T15:15Z","2019-10-26","LECO.20190716.CORE.1","A00000081126",,"TANSP8","Y","Tanytarsini sp.",,"tribe","Arthropoda","Hexapoda","Insecta","Pterygota","Neoptera","Holometabola","Diptera","Nematocera","Culicomorpha",,"Chironomidae","Chironominae","Tanytarsini",,,"sp.",,"pupa",2,,1,88,1,"N","N",,"damaged, affecting taxonomy and measurement","N",,"Epler 2001","N","EcoAnalysts Inc.","W. Hoiland","Fragment measured",,
"4aa3eefb-85c1-4295-856d-347eca050f16","D07","LECO","LECO.AOS.reach","2019-07-16T15:15Z","2019-10-27","LECO.20190716.SURBER.3","A00000081121",,"OULSP","Y","Oulimnius sp.",,"genus","Arthropoda","Hexapoda","Insecta","Pterygota","Neoptera","Holometabola","Coleoptera","Polyphaga","Elateriformia","Byrrhoidea","Elmidae","Elminae","Elmini",,"Oulimnius","sp.",,"larva",3,,4,100,4,"N","N",,"condition OK","Y",,"Merritt and Cummins 2008","N","EcoAnalysts Inc.","A. Navesky",,,
"5956bf94-274f-48cb-a175-27907cbfb069","D07","LECO","LECO.AOS.reach","2019-07-16T15:15Z","2019-10-26","LECO.20190716.CORE.2","A00000081127",,"KRESP1","Y","Krenosmittia sp.",,"genus","Arthropoda","Hexapoda","Insecta","Pterygota","Neoptera","Holometabola","Diptera","Nematocera","Culicomorpha",,"Chironomidae","Orthocladiinae",,,"Krenosmittia","sp.",,"larva",2,,4,100,4,"N","N",,"condition OK","Y",,"Epler 2001","N","EcoAnalysts Inc.","W. Hoiland",,,
"9ecde164-154b-4509-9bde-c3797c311399","D07","LECO","LECO.AOS.reach","2019-07-16T15:15Z","2019-10-26","LECO.20190716.CORE.2","A00000081127",,"OPTSP","Y","Optioservus sp.",,"genus","Arthropoda","Hexapoda","Insecta","Pterygota","Neoptera","Holometabola","Coleoptera","Polyphaga","Elateriformia","Byrrhoidea","Elmidae","Elminae","Elmini",,"Optioservus","sp.",,"larva",4,,1,100,1,"N","N",,"condition OK","Y",,"Merritt and Cummins 2008","N","EcoAnalysts Inc.","A. Navesky",,,
"b351811d-b15b-4aff-900b-a3be9e1c6137","D07","LECO","LECO.AOS.reach","2019-07-16T15:15Z","2019-10-27","LECO.20190716.SURBER.4","A00000081122",,"HELSP10","Y","Heleniella sp.",,"genus","Arthropoda","Hexapoda","Insecta","Pterygota","Neoptera","Holometabola","Diptera","Nematocera","Culicomorpha",,"Chironomidae","Orthocladiinae",,,"Heleniella","sp.",,"pupa",3,,1,50,2,"N","N",,"condition OK","Y",,"Epler 2001","N","EcoAnalysts Inc.","W. Hoiland",,,
"12874a48-3876-4a08-ae52-f5318441c1e9","D07","LECO","LECO.AOS.reach","2019-07-16T15:15Z","2019-10-27","LECO.20190716.SURBER.3","A00000081121",,"KRESP1","Y","Krenosmittia sp.",,"genus","Arthropoda","Hexapoda","Insecta","Pterygota","Neoptera","Holometabola","Diptera","Nematocera","Culicomorpha",,"Chironomidae","Orthocladiinae",,,"Krenosmittia","sp.",,"pupa",2,,1,100,1,"N","N",,"condition OK","Y",,"Epler 2001","N","EcoAnalysts Inc.","W. Hoiland",,,
"11232be1-f897-40cc-8d19-b1534c20129b","D07","LECO","LECO.AOS.reach","2019-07-16T15:15Z","2019-10-27","LECO.20190716.SURBER.3","A00000081121",,"EPESP","Y","Epeorus sp.",,"genus","Arthropoda","Hexapoda","Insecta","Pterygota","Palaeoptera",,"Ephemeroptera","Pisciforma",,"Heptagenioidea","Heptageniidae",,,,"Epeorus","sp.",,"larva",1,,8,100,8,"Y","N",,"condition OK","Y",,"Merritt and Cummins 2008","N","EcoAnalysts Inc.","A. Navesky",,,
"cdc78f6b-fc3e-4cae-930a-1439fc1dc6d6","D07","LECO","LECO.AOS.reach","2019-07-16T15:15Z","2019-10-26","LECO.20190716.CORE.1","A00000081126","LECO.20190716.CORE.1_OLIGOCHAETE_1/1","ENCSP1","Y","Enchytraeidae sp.",,"family","Annelida","Clitellata","Oligochaeta","Oligochaeta",,,"Enchytraeida",,,,"Enchytraeidae",,,,,"sp.",,"none",1,,2,88,2,"N","N",,"condition OK","Y",,"Kathman and Brinkhurst, 1999","N","EcoAnalysts Inc.","L. Flaherty",,,
"e1a66469-709c-43cb-a7ae-5efeeba52891","D07","LECO","LECO.AOS.reach","2019-07-16T15:15Z","2019-10-27","LECO.20190716.SURBER.4","A00000081122",,"PLESP","Y","Plecoptera sp.",,"order","Arthropoda","Hexapoda","Insecta","Pterygota","Neoptera","Polyneoptera","Plecoptera",,,,,,,,,"sp.",,"larva",1,,1,50,2,"Y","N",,"condition OK","Y",,"Merritt and Cummins 2008","N","EcoAnalysts Inc.","A. Navesky",,,
"665e4a99-8388-4889-a3f3-28b7f2bbbd12","D07","LECO","LECO.AOS.reach","2019-07-16T15:15Z","2019-10-27","LECO.20190716.SURBER.3","A00000081121",,"LOPSP","Y","Lopescladius sp.",,"genus","Arthropoda","Hexapoda","Insecta","Pterygota","Neoptera","Holometabola","Diptera","Nematocera","Culicomorpha",,"Chironomidae","Orthocladiinae",,,"Lopescladius","sp.",,"larva",2,,2,100,2,"N","N",,"condition OK","Y",,"Epler 2001","N","EcoAnalysts Inc.","W. Hoiland",,,
"5c5377e0-17a6-4356-8edf-ccb2e505d40e","D07","LECO","LECO.AOS.reach","2019-07-16T15:15Z","2019-10-26","LECO.20190716.CORE.1","A00000081126",,"NILFIM","Y","Nilotanypus fimbriatus",,"species","Arthropoda","Hexapoda","Insecta","Pterygota","Neoptera","Holometabola","Diptera","Nematocera","Culicomorpha",,"Chironomidae","Tanypodinae","Pentaneurini",,"Nilotanypus","fimbriatus",,"larva",3,,2,88,2,"N","N",,"condition OK","Y",,"Epler 2001","N","EcoAnalysts Inc.","W. Hoiland",,,
"004ee8bd-2b87-4f77-a84a-fd9293c8784e","D07","LECO","LECO.AOS.reach","2019-07-16T15:15Z","2019-10-27","LECO.20190716.SURBER.5","A00000081125",,"CORSP19","Y","Corynoneura sp.",,"genus","Arthropoda","Hexapoda","Insecta","Pterygota","Neoptera","Holometabola","Diptera","Nematocera","Culicomorpha",,"Chironomidae","Orthocladiinae",,,"Corynoneura","sp.",,"pupa",2,,1,56,2,"N","N",,"condition OK","Y",,"Epler 2001","N","EcoAnalysts Inc.","W. Hoiland",,,
"f59f9047-08da-4868-95b0-c7f24b0cd30c","D07","LECO","LECO.AOS.reach","2019-07-16T15:15Z","2019-10-26","LECO.20190716.CORE.2","A00000081127",,"LEUSP7","Y","Leucrocuta sp.",,"genus","Arthropoda","Hexapoda","Insecta","Pterygota","Palaeoptera",,"Ephemeroptera","Pisciforma",,"Heptagenioidea","Heptageniidae",,,,"Leucrocuta","sp.",,"larva",2,,4,100,4,"N","N",,"condition OK","Y",,"Merritt and Cummins 2008","N","EcoAnalysts Inc.","A. Navesky",,,
"548d0d66-4392-4c88-8c80-41f707cf6dc1","D07","LECO","LECO.AOS.reach","2019-07-16T15:15Z","2019-10-27","LECO.20190716.SURBER.3","A00000081121",,"HELSP10","Y","Heleniella sp.",,"genus","Arthropoda","Hexapoda","Insecta","Pterygota","Neoptera","Holometabola","Diptera","Nematocera","Culicomorpha",,"Chironomidae","Orthocladiinae",,,"Heleniella","sp.",,"larva",2,,1,100,1,"N","N",,"damaged, affecting measurement","Y",,"Epler 2001","N","EcoAnalysts Inc.","W. Hoiland","Fragment measured",,
"198912db-7087-47e9-b0ed-718df33ff4c4","D07","LECO","LECO.AOS.reach","2019-07-16T15:15Z","2019-10-27","LECO.20190716.SURBER.3","A00000081121",,"BAESP","Y","Baetidae sp.",,"family","Arthropoda","Hexapoda","Insecta","Pterygota","Palaeoptera",,"Ephemeroptera","Pisciforma",,,"Baetidae",,,,,"sp.",,"larva",1,,2,100,2,"Y","N",,"condition OK","N",,"Merritt and Cummins 2008","N","EcoAnalysts Inc.","A. Navesky",,,
"c7b16c49-cbd4-459a-9680-046c3a3277c1","D07","LECO","LECO.AOS.reach","2019-07-16T15:15Z","2019-10-27","LECO.20190716.SURBER.4","A00000081122",,"BAEFLA","Y","Baetis flavistriga",,"species","Arthropoda","Hexapoda","Insecta","Pterygota","Palaeoptera",,"Ephemeroptera","Pisciforma",,,"Baetidae",,,,"Baetis","flavistriga",,"larva",5,,1,50,2,"N","N",,"condition OK","Y",,"Wiersema 2004","N","EcoAnalysts Inc.","A. Navesky",,,
"4ac20cbf-936d-4c45-9a2a-8115f7c7a4b7","D07","LECO","LECO.AOS.reach","2019-07-16T15:15Z","2019-10-27","LECO.20190716.SURBER.1","A00000081119",,"ANCBIC","Y","Anchytarsus bicolor",,"species","Arthropoda","Hexapoda","Insecta","Pterygota","Neoptera","Holometabola","Coleoptera","Polyphaga","Elateriformia","Byrrhoidea","Ptilodactylidae","Anchytarsinae",,,"Anchytarsus","bicolor",,"larva",11,,1,100,1,"N","N",,"condition OK","Y",,"Merritt and Cummins 2008","N","EcoAnalysts Inc.","A. Navesky",,,
"fb15dc8b-3a7e-49b6-9a7a-6bc6d6a11ed9","D07","LECO","LECO.AOS.reach","2019-07-16T15:15Z","2019-10-27","LECO.20190716.SURBER.4","A00000081122",,"PARSP26","Y","Parametriocnemus sp.",,"genus","Arthropoda","Hexapoda","Insecta","Pterygota","Neoptera","Holometabola","Diptera","Nematocera","Culicomorpha",,"Chironomidae","Orthocladiinae",,,"Parametriocnemus","sp.",,"larva",3,,2,50,4,"N","N",,"condition OK","Y",,"Epler 2001","N","EcoAnalysts Inc.","W. Hoiland",,,
"23c9de9a-f0b8-40fa-8f6b-9ba63bbcbadb","D07","LECO","LECO.AOS.reach","2019-07-16T15:15Z","2019-10-27","LECO.20190716.SURBER.3","A00000081121",,"RHISP4","Y","Rhithrogena sp.",,"genus","Arthropoda","Hexapoda","Insecta","Pterygota","Palaeoptera",,"Ephemeroptera","Pisciforma",,"Heptagenioidea","Heptageniidae",,,,"Rhithrogena","sp.",,"larva",2,,1,100,1,"N","N",,"condition OK","Y",,"Merritt and Cummins 2008","N","EcoAnalysts Inc.","A. Navesky","1InRef.Coll., RC specimen",,
"f3aed219-8f50-481d-90d3-bb96bfa6b3c3","D07","LECO","LECO.AOS.reach","2019-07-16T15:15Z","2019-10-27","LECO.20190716.SURBER.5","A00000081125",,"SWESP","Y","Sweltsa sp.",,"genus","Arthropoda","Hexapoda","Insecta","Pterygota","Neoptera","Polyneoptera","Plecoptera","Systellognatha",,,"Chloroperlidae","Chloroperlinae",,,"Sweltsa","sp.",,"larva",3,,6,56,11,"N","N",,"condition OK","Y",,"Stewart and Stark, 2002","N","EcoAnalysts Inc.","A. Navesky",,,
"2c5ac16b-e5c5-4d87-b0d0-6861ab2c5b15","D07","LECO","LECO.AOS.reach","2019-07-16T15:15Z","2019-10-26","LECO.20190716.CORE.1","A00000081126",,"HELSP10","Y","Heleniella sp.",,"genus","Arthropoda","Hexapoda","Insecta","Pterygota","Neoptera","Holometabola","Diptera","Nematocera","Culicomorpha",,"Chironomidae","Orthocladiinae",,,"Heleniella","sp.",,"larva",2,,2,88,2,"N","N",,"condition OK","Y",,"Epler 2001","N","EcoAnalysts Inc.","W. Hoiland",,,
"5c55ddd3-b59a-40c0-ab7f-a5200a61e7ab","D07","LECO","LECO.AOS.reach","2019-07-16T15:15Z","2019-10-26","LECO.20190716.CORE.1","A00000081126",,"DEMSP1","Y","Demicryptochironomus sp.",,"genus","Arthropoda","Hexapoda","Insecta","Pterygota","Neoptera","Holometabola","Diptera","Nematocera","Culicomorpha",,"Chironomidae","Chironominae","Chironomini",,"Demicryptochironomus","sp.",,"pupa",3,,1,88,1,"N","N",,"condition OK","Y",,"Epler 2001","N","EcoAnalysts Inc.","W. Hoiland",,,
"2adea5a5-7767-4984-9644-47cda8a34bf0","D07","LECO","LECO.AOS.reach","2019-07-16T15:15Z","2019-10-26","LECO.20190716.CORE.2","A00000081127",,"EUKSP","Y","Eukiefferiella sp.",,"genus","Arthropoda","Hexapoda","Insecta","Pterygota","Neoptera","Holometabola","Diptera","Nematocera","Culicomorpha",,"Chironomidae","Orthocladiinae",,,"Eukiefferiella","sp.",,"larva",1,,1,100,1,"Y","N",,"condition OK","N",,"Epler 2001","N","EcoAnalysts Inc.","W. Hoiland",,,
"2aae2a72-3af0-452c-9d1e-1f8ea577d195","D07","LECO","LECO.AOS.reach","2019-07-16T15:15Z","2019-10-26","LECO.20190716.CORE.2","A00000081127",,"KRESP1","Y","Krenosmittia sp.",,"genus","Arthropoda","Hexapoda","Insecta","Pterygota","Neoptera","Holometabola","Diptera","Nematocera","Culicomorpha",,"Chironomidae","Orthocladiinae",,,"Krenosmittia","sp.",,"pupa",2,,3,100,3,"N","N",,"condition OK","Y",,"Epler 2001","N","EcoAnalysts Inc.","W. Hoiland",,,
"a89a9110-e48e-4f9c-a71b-ccc8c9743e3d","D07","LECO","LECO.AOS.reach","2019-07-16T15:15Z","2019-10-27","LECO.20190716.SURBER.4","A00000081122",,"CRISP6","Y","Cricotopus/Orthocladius sp.",,"speciesGroup","Arthropoda","Hexapoda","Insecta","Pterygota","Neoptera","Holometabola","Diptera","Nematocera","Culicomorpha",,"Chironomidae","Orthocladiinae",,,"Cricotopus/Orthocladius","sp.",,"larva",1,,7,50,14,"N","N",,"condition OK","Y",,"Epler 2001","N","EcoAnalysts Inc.","W. Hoiland",,,
"2e70a2f4-947c-4445-96d5-8c42f1b59655","D07","LECO","LECO.AOS.reach","2019-07-16T15:15Z","2019-10-27","LECO.20190716.SURBER.3","A00000081121",,"ATHSP2","Y","Atherix sp.",,"genus","Arthropoda","Hexapoda","Insecta","Pterygota","Neoptera","Holometabola","Diptera","Brachycera","Tabanomorpha",,"Athericidae",,,,"Atherix","sp.",,"larva",9,,1,100,1,"N","N",,"condition OK","Y",,"Merritt and Cummins 2008","N","EcoAnalysts Inc.","A. Navesky",,,
"3cc85a4a-8e66-4f67-b149-cdeac578e256","D07","LECO","LECO.AOS.reach","2019-07-16T15:15Z","2019-10-27","LECO.20190716.SURBER.2","A00000081120",,"OULSP","Y","Oulimnius sp.",,"genus","Arthropoda","Hexapoda","Insecta","Pterygota","Neoptera","Holometabola","Coleoptera","Polyphaga","Elateriformia","Byrrhoidea","Elmidae","Elminae","Elmini",,"Oulimnius","sp.",,"larva",3,,4,100,4,"N","N",,"condition OK","Y",,"Merritt and Cummins 2008","Y","EcoAnalysts Inc.","A. Navesky",,,
"fd6f92bc-e6d8-4589-834c-7d7c639764c6","D07","LECO","LECO.AOS.reach","2019-07-16T15:15Z","2019-10-26","LECO.20190716.CORE.2","A00000081127",,"NEMSP","Y","Nematoda sp.",,"phylum","Nematoda",,,,,,,,,,,,,,,"sp.",,"none",2,,1,100,1,"N","Y",,"condition OK","Y",,"Thorp and Covich 2001","N","EcoAnalysts Inc.","A. Navesky",,,
"bed3dd4d-4632-4c94-9253-c675409f3bec","D07","LECO","LECO.AOS.reach","2019-07-16T15:15Z","2019-10-27","LECO.20190716.SURBER.1","A00000081119",,"TORSP6","Y","Torrenticola sp.",,"genus","Arthropoda","Chelicerata","Arachnida","Acari",,"Acariformes","Trombidiformes","Prostigmata",,"Lebertioidea","Torrenticolidae",,,,"Torrenticola","sp.",,"none",1,,5,100,5,"N","N",,"condition OK","Y",,"Thorp and Covich 2001","N","EcoAnalysts Inc.","A. Navesky",,,
"92204887-f702-40c9-adb3-dc73a1b0844c","D07","LECO","LECO.AOS.reach","2019-07-16T15:15Z","2019-10-26","LECO.20190716.CORE.3","A00000081128",,"KRESP1","Y","Krenosmittia sp.",,"genus","Arthropoda","Hexapoda","Insecta","Pterygota","Neoptera","Holometabola","Diptera","Nematocera","Culicomorpha",,"Chironomidae","Orthocladiinae",,,"Krenosmittia","sp.",,"pupa",2,,2,100,2,"N","N",,"condition OK","Y",,"Epler 2001","N","EcoAnalysts Inc.","W. Hoiland",,,
"53cbefd1-b624-498b-b05e-ec83f6254b52","D07","LECO","LECO.AOS.reach","2019-07-16T15:15Z","2019-10-26","LECO.20190716.CORE.1","A00000081126",,"TANSP11","Y","Tanytarsus sp.",,"genus","Arthropoda","Hexapoda","Insecta","Pterygota","Neoptera","Holometabola","Diptera","Nematocera","Culicomorpha",,"Chironomidae","Chironominae","Tanytarsini",,"Tanytarsus","sp.",,"larva",2,,42,88,48,"N","N",,"condition OK","Y",,"Epler 2001","N","EcoAnalysts Inc.","W. Hoiland",,,
"e8fc6868-b1fd-413f-88df-4f996f081de2","D07","LECO","LECO.AOS.reach","2019-07-16T15:15Z","2019-10-27","LECO.20190716.SURBER.4","A00000081122",,"ATHSP2","Y","Atherix sp.",,"genus","Arthropoda","Hexapoda","Insecta","Pterygota","Neoptera","Holometabola","Diptera","Brachycera","Tabanomorpha",,"Athericidae",,,,"Atherix","sp.",,"larva",7,,1,50,2,"N","N",,"condition OK","Y",,"Merritt and Cummins 2008","N","EcoAnalysts Inc.","A. Navesky",,,
"4d0c7abd-a810-47b1-b305-e6a764900677","D07","LECO","LECO.AOS.reach","2019-07-16T15:15Z","2019-10-26","LECO.20190716.CORE.2","A00000081127",,"ATUSP","Y","Aturidae sp.",,"family","Arthropoda","Chelicerata","Arachnida","Acari",,"Acariformes","Trombidiformes","Prostigmata",,"Hygrobatoidea","Aturidae",,,,,"sp.",,"none",1,,1,100,1,"N","Y",,"condition OK","Y",,"Thorp and Covich 2001","N","EcoAnalysts Inc.","A. Navesky",,,
"ef549282-0cae-47e6-aa2d-f8df41b9777c","D07","LECO","LECO.AOS.reach","2019-07-16T15:15Z","2019-10-27","LECO.20190716.SURBER.5","A00000081125",,"WANSP","Y","Wandesia sp.",,"genus","Arthropoda","Chelicerata","Arachnida","Acari",,"Acariformes","Trombidiformes","Prostigmata",,"Hydryphantoidea","Hydryphantidae",,,,"Wandesia","sp.",,"none",1,,1,56,2,"N","N",,"condition OK","Y",,"Thorp and Covich 2001","N","EcoAnalysts Inc.","A. Navesky",,,
"15f62eaa-11f9-4578-8355-36aa3076e61e","D07","LECO","LECO.AOS.reach","2019-07-16T15:15Z","2019-10-27","LECO.20190716.SURBER.1","A00000081119",,"ELMSP","Y","Elmidae sp.",,"family","Arthropoda","Hexapoda","Insecta","Pterygota","Neoptera","Holometabola","Coleoptera","Polyphaga","Elateriformia","Byrrhoidea","Elmidae",,,,,"sp.",,"larva",1,,6,100,6,"Y","N",,"condition OK","N",,"Merritt and Cummins 2008","N","EcoAnalysts Inc.","A. Navesky",,,
"c8dfc828-2232-47f5-a975-ebf3c2b5676b","D07","LECO","LECO.AOS.reach","2019-07-16T15:15Z","2019-10-27","LECO.20190716.SURBER.3","A00000081121",,"LEBSP1","Y","Lebertia sp.",,"genus","Arthropoda","Chelicerata","Arachnida","Acari",,"Acariformes","Trombidiformes","Prostigmata",,"Lebertioidea","Lebertiidae",,,,"Lebertia","sp.",,"none",1,,4,100,4,"N","N",,"condition OK","Y",,"Thorp and Covich 2001","N","EcoAnalysts Inc.","A. Navesky",,,
"51022ad6-9fbe-45c1-9da1-bfc77b18668b","D07","LECO","LECO.AOS.reach","2019-07-16T15:15Z","2019-10-26","LECO.20190716.CORE.1","A00000081126",,"HYDSP4","Y","Hydropsychidae sp.",,"family","Arthropoda","Hexapoda","Insecta","Pterygota","Neoptera","Holometabola","Trichoptera",,,"Hydropsychoidea","Hydropsychidae",,,,,"sp.",,"larva",1,,1,88,1,"Y","N",,"condition OK","Y",,"Wiggins 1996","N","EcoAnalysts Inc.","A. Navesky",,,
"47b0210b-e5ee-40be-b658-e6d526f04e4d","D07","LECO","LECO.AOS.reach","2019-07-16T15:15Z","2019-10-26","LECO.20190716.CORE.3","A00000081128","LECO.20190716.CORE.3_OLIGOCHAETE_1/1","LUMSP2","Y","Lumbriculidae sp.",,"family","Annelida","Clitellata","Oligochaeta","Oligochaeta",,,"Lumbriculida",,,,"Lumbriculidae",,,,,"sp.",,"none",3,,1,100,1,"N","N",,"condition OK","Y",,"Kathman and Brinkhurst, 1999","N","EcoAnalysts Inc.","L. Flaherty",,,
"13acb0be-645f-4c90-866a-243558bc3613","D07","LECO","LECO.AOS.reach","2019-07-16T15:15Z","2019-10-27","LECO.20190716.SURBER.4","A00000081122",,"TIPSP","Y","Tipulidae sp.",,"family","Arthropoda","Hexapoda","Insecta","Pterygota","Neoptera","Holometabola","Diptera","Nematocera","Tipulomorpha",,"Tipulidae",,,,,"sp.",,"larva",1,,3,50,6,"Y","N",,"condition OK","N",,"Merritt and Cummins 2008","N","EcoAnalysts Inc.","A. Navesky",,,
"c6205db0-9172-4244-b8d0-a236fb97ee1b","D07","LECO","LECO.AOS.reach","2019-07-16T15:15Z","2019-10-26","LECO.20190716.CORE.2","A00000081127",,"THISP2","Y","Thienemanniella sp.",,"genus","Arthropoda","Hexapoda","Insecta","Pterygota","Neoptera","Holometabola","Diptera","Nematocera","Culicomorpha",,"Chironomidae","Orthocladiinae",,,"Thienemanniella","sp.",,"larva",2,,2,100,2,"N","N",,"condition OK","Y",,"Epler 2001","N","EcoAnalysts Inc.","W. Hoiland",,,
"38f90821-7292-4605-993e-99b4e886e0d7","D07","LECO","LECO.AOS.reach","2019-07-16T15:15Z","2019-10-26","LECO.20190716.CORE.3","A00000081128",,"CERSP10","Y","Ceratopogoninae sp.",,"subfamily","Arthropoda","Hexapoda","Insecta","Pterygota","Neoptera","Holometabola","Diptera","Nematocera","Culicomorpha",,"Ceratopogonidae","Ceratopogoninae",,,,"sp.",,"larva",3,,11,100,11,"N","Y",,"condition OK","Y",,"Merritt and Cummins 2008","N","EcoAnalysts Inc.","A. Navesky",,,
"dea6cd5d-8298-4f5f-b055-bf52c6dfbb0b","D07","LECO","LECO.AOS.reach","2019-07-16T15:15Z","2019-10-26","LECO.20190716.CORE.2","A00000081127","LECO.20190716.CORE.2_OLIGOCHAETE_1/1","LUMSP1","Y","Lumbricina sp.",,"suborder","Annelida","Clitellata","Oligochaeta","Oligochaeta",,,"Tubificida","Lumbricina",,,,,,,,"sp.",,"none",28,,1,100,1,"N","N",,"condition OK","Y",,"Kathman and Brinkhurst, 1999","N","EcoAnalysts Inc.","L. Flaherty",,,
"59f375ad-899d-4e89-a031-c000c35cb9b3","D07","LECO","LECO.AOS.reach","2019-07-16T15:15Z","2019-10-26","LECO.20190716.CORE.3","A00000081128",,"TANSP8","Y","Tanytarsini sp.",,"tribe","Arthropoda","Hexapoda","Insecta","Pterygota","Neoptera","Holometabola","Diptera","Nematocera","Culicomorpha",,"Chironomidae","Chironominae","Tanytarsini",,,"sp.",,"larva",1,"1a",1,100,1,"N","N",,"condition OK","Y",,"Epler 2001","N","EcoAnalysts Inc.","W. Hoiland","2InRef.Coll., `In RC",,
"1623f084-5046-4cf1-b934-14b28f1b597c","D07","LECO","LECO.AOS.reach","2019-07-16T15:15Z","2019-10-27","LECO.20190716.SURBER.2","A00000081120",,"NEOSP40","Y","Neostempellina sp.",,"genus","Arthropoda","Hexapoda","Insecta",,,,"Diptera","Nematocera",,,"Chironomidae","Chironominae","Tanytarsini",,"Neostempellina","sp.",,"larva",2,,9,100,9,"N","N",,"condition OK","Y",,"Epler 2001","Y","EcoAnalysts Inc.","W. Hoiland",,,
"dcfec6b7-da7d-4b32-8331-05e9618959ee","D07","LECO","LECO.AOS.reach","2019-07-16T15:15Z","2019-10-27","LECO.20190716.SURBER.1","A00000081119",,"DIPMOD","Y","Diplectrona modesta",,"species","Arthropoda","Hexapoda","Insecta","Pterygota","Neoptera","Holometabola","Trichoptera",,,"Hydropsychoidea","Hydropsychidae","Diplectroninae",,,"Diplectrona","modesta",,"larva",2,,1,100,1,"N","N",,"condition OK","Y",,"Wiggins 1996","N","EcoAnalysts Inc.","A. Navesky",,,
"33ac037e-d727-4ccd-a859-ee6828bc2985","D07","LECO","LECO.AOS.reach","2019-07-16T15:15Z","2019-10-27","LECO.20190716.SURBER.5","A00000081125",,"OULSP","Y","Oulimnius sp.",,"genus","Arthropoda","Hexapoda","Insecta","Pterygota","Neoptera","Holometabola","Coleoptera","Polyphaga","Elateriformia","Byrrhoidea","Elmidae","Elminae","Elmini",,"Oulimnius","sp.",,"adult",1,,4,56,7,"N","N",,"condition OK","Y",,"Merritt and Cummins 2008","N","EcoAnalysts Inc.","A. Navesky",,,
"20ef11db-d14c-43c9-9aa2-b4fdf3c5d2d8","D07","LECO","LECO.AOS.reach","2019-07-16T15:15Z","2019-10-26","LECO.20190716.CORE.1","A00000081126",,"TIPSP","Y","Tipulidae sp.",,"family","Arthropoda","Hexapoda","Insecta","Pterygota","Neoptera","Holometabola","Diptera","Nematocera","Tipulomorpha",,"Tipulidae",,,,,"sp.",,"larva",1,,6,88,7,"Y","N",,"condition OK","Y",,"Merritt and Cummins 2008","N","EcoAnalysts Inc.","A. Navesky","3InRef.Coll.",,
"f3853654-c56b-4378-b7d1-45fc1bd7ab98","D07","LECO","LECO.AOS.reach","2019-07-16T15:15Z","2019-10-27","LECO.20190716.SURBER.1","A00000081119",,"HEXSP3","Y","Hexatoma sp.",,"genus","Arthropoda","Hexapoda","Insecta","Pterygota","Neoptera","Holometabola","Diptera","Nematocera","Tipulomorpha",,"Tipulidae","Limoniinae","Hexatomini",,"Hexatoma","sp.",,"larva",2,,1,100,1,"N","N",,"condition OK","Y",,"Merritt and Cummins 2008","N","EcoAnalysts Inc.","A. Navesky",,,
"feebcfe5-45fe-4575-ae7e-950bc765780f","D07","LECO","LECO.AOS.reach","2019-07-16T15:15Z","2019-10-27","LECO.20190716.SURBER.4","A00000081122",,"TANSP8","Y","Tanytarsini sp.",,"tribe","Arthropoda","Hexapoda","Insecta","Pterygota","Neoptera","Holometabola","Diptera","Nematocera","Culicomorpha",,"Chironomidae","Chironominae","Tanytarsini",,,"sp.",,"larva",3,,8,50,16,"N","N",,"damaged, affecting taxonomy","N",,"Epler 2001","N","EcoAnalysts Inc.","W. Hoiland",,,
"846c277f-c90c-4648-a203-f42a8130d750","D07","LECO","LECO.AOS.reach","2019-07-16T15:15Z","2019-10-27","LECO.20190716.SURBER.5","A00000081125",,"EUKBRE","Y","Eukiefferiella brehmi gr.",,"speciesGroup","Arthropoda","Hexapoda","Insecta","Pterygota","Neoptera","Holometabola","Diptera","Nematocera","Culicomorpha",,"Chironomidae","Orthocladiinae",,,"Eukiefferiella","brehmi gr.",,"larva",2,,2,56,4,"N","N",,"condition OK","Y",,"Epler 2001","N","EcoAnalysts Inc.","W. Hoiland",,,
"89e0cd17-4357-4b9a-b25f-bd4bca17e25e","D07","LECO","LECO.AOS.reach","2019-07-16T15:15Z","2019-10-26","LECO.20190716.CORE.2","A00000081127",,"POLSCA","Y","Polypedilum scalaenum gr.",,"speciesGroup","Arthropoda","Hexapoda","Insecta","Pterygota","Neoptera","Holometabola","Diptera","Nematocera","Culicomorpha",,"Chironomidae","Chironominae","Chironomini",,"Polypedilum","scalaenum gr.",,"larva",2,,1,100,1,"N","N",,"condition OK","Y",,"Epler 2001, and Maschwitz and Cook 2000","N","EcoAnalysts Inc.","W. Hoiland",,,
"7dfc5f2b-10b2-4d18-bc91-219f81f20403","D07","LECO","LECO.AOS.reach","2019-07-16T15:15Z","2019-10-27","LECO.20190716.SURBER.5","A00000081125",,"LOPSP","Y","Lopescladius sp.",,"genus","Arthropoda","Hexapoda","Insecta","Pterygota","Neoptera","Holometabola","Diptera","Nematocera","Culicomorpha",,"Chironomidae","Orthocladiinae",,,"Lopescladius","sp.",,"larva",1,,6,56,11,"N","N",,"condition OK","Y",,"Epler 2001","N","EcoAnalysts Inc.","W. Hoiland",,,
"191f7d4f-6878-431b-8d7d-f5ff57587814","D07","LECO","LECO.AOS.reach","2019-07-16T15:15Z","2019-10-26","LECO.20190716.CORE.2","A00000081127",,"DICSP6","Y","Dicranota sp.",,"genus","Arthropoda","Hexapoda","Insecta","Pterygota","Neoptera","Holometabola","Diptera","Nematocera","Tipulomorpha",,"Tipulidae","Limoniinae","Pediciini",,"Dicranota","sp.",,"larva",8,,1,100,1,"N","N",,"condition OK","Y",,"Merritt and Cummins 2008","N","EcoAnalysts Inc.","A. Navesky",,,
"a72843ed-0902-46cb-a7a2-80301a08e6df","D07","LECO","LECO.AOS.reach","2019-07-16T15:15Z","2019-10-27","LECO.20190716.SURBER.2","A00000081120",,"PSISP1","Y","Psilotreta sp.",,"genus","Arthropoda","Hexapoda","Insecta","Pterygota","Neoptera","Holometabola","Trichoptera",,,"Leptoceroidea","Odontoceridae","Odontocerinae",,,"Psilotreta","sp.",,"larva",2,,1,100,1,"N","N",,"condition OK","Y",,"Wiggins 1996","Y","EcoAnalysts Inc.","A. Navesky",,,
"29823db9-5c8b-47cc-b5d8-6ac18d6048e5","D07","LECO","LECO.AOS.reach","2019-07-16T15:15Z","2019-10-27","LECO.20190716.SURBER.5","A00000081125",,"DICSP6","Y","Dicranota sp.",,"genus","Arthropoda","Hexapoda","Insecta","Pterygota","Neoptera","Holometabola","Diptera","Nematocera","Tipulomorpha",,"Tipulidae","Limoniinae","Pediciini",,"Dicranota","sp.",,"larva",8,,1,56,2,"N","N",,"condition OK","Y",,"Merritt and Cummins 2008","N","EcoAnalysts Inc.","A. Navesky",,,
"26fc4f82-3fce-40c9-af55-61ac962aa0cb","D07","LECO","LECO.AOS.reach","2019-07-16T15:15Z","2019-10-27","LECO.20190716.SURBER.3","A00000081121",,"SUBSP","Y","Sublettea sp.",,"genus","Arthropoda","Hexapoda","Insecta","Pterygota","Neoptera","Holometabola","Diptera","Nematocera","Culicomorpha",,"Chironomidae","Chironominae","Tanytarsini",,"Sublettea","sp.",,"larva",1,,1,100,1,"N","N",,"condition OK","Y",,"Epler 2001","N","EcoAnalysts Inc.","W. Hoiland",,,
"aebd58ca-d89b-4263-b5d1-6463f271b65e","D07","LECO","LECO.AOS.reach","2019-07-16T15:15Z","2019-10-26","LECO.20190716.CORE.1","A00000081126",,"POLSP13","Y","Polypedilum sp.",,"genus","Arthropoda","Hexapoda","Insecta","Pterygota","Neoptera","Holometabola","Diptera","Nematocera","Culicomorpha",,"Chironomidae","Chironominae","Chironomini",,"Polypedilum","sp.",,"larva",2,,1,88,1,"N","N",,"condition OK","Y",,"Epler 2001, and Maschwitz and Cook 2000","N","EcoAnalysts Inc.","W. Hoiland",,,
"99b36df7-7201-4bc4-9b6e-b52da7afd10e","D07","LECO","LECO.AOS.reach","2019-07-16T15:15Z","2019-10-26","LECO.20190716.CORE.2","A00000081127",,"THIGRO","Y","Thienemannimyia gr.",,"speciesGroup","Arthropoda","Hexapoda","Insecta","Pterygota","Neoptera","Holometabola","Diptera","Nematocera","Culicomorpha",,"Chironomidae","Tanypodinae","Pentaneurini",,"Thienemannimyia","gr.",,"larva",2,,1,100,1,"N","N",,"condition OK","Y",,"Epler 2001","N","EcoAnalysts Inc.","W. Hoiland",,,
"7cf6a756-7a08-45fc-8506-f5845fc3ce00","D07","LECO","LECO.AOS.reach","2019-07-16T15:15Z","2019-10-27","LECO.20190716.SURBER.2","A00000081120",,"BAESP2","Y","Baetis sp.",,"genus","Arthropoda","Hexapoda","Insecta","Pterygota","Palaeoptera",,"Ephemeroptera","Pisciforma",,,"Baetidae",,,,"Baetis","sp.",,"larva",1,,1,100,1,"Y","N",,"condition OK","N",,"Merritt and Cummins 2008","Y","EcoAnalysts Inc.","A. Navesky",,,
"19f2fc9b-7b5b-4dc0-bd0c-438d38a65469","D07","LECO","LECO.AOS.reach","2019-07-16T15:15Z","2019-10-27","LECO.20190716.SURBER.4","A00000081122",,"CRISP6","Y","Cricotopus/Orthocladius sp.",,"speciesGroup","Arthropoda","Hexapoda","Insecta","Pterygota","Neoptera","Holometabola","Diptera","Nematocera","Culicomorpha",,"Chironomidae","Orthocladiinae",,,"Cricotopus/Orthocladius","sp.",,"larva",2,,1,50,2,"N","N",,"condition OK","Y",,"Epler 2001","N","EcoAnalysts Inc.","W. Hoiland",,,
"b5b06a68-efe1-4bc3-a2f1-07935d285df8","D07","LECO","LECO.AOS.reach","2019-07-16T15:15Z","2019-10-27","LECO.20190716.SURBER.5","A00000081125",,"GLOSP3","Y","Glossosoma sp.",,"genus","Arthropoda","Hexapoda","Insecta","Pterygota","Neoptera","Holometabola","Trichoptera",,,"Glossosomatoidea","Glossosomatidae","Glossosomatinae","Glossosomatini",,"Glossosoma","sp.",,"larva",2,,3,56,5,"N","N",,"condition OK","Y",,"Wiggins 1996","N","EcoAnalysts Inc.","A. Navesky",,,
"ee4dbd53-8124-4eb5-b8b4-9f1346bc0e43","D07","LECO","LECO.AOS.reach","2019-07-16T15:15Z","2019-10-27","LECO.20190716.SURBER.3","A00000081121",,"TVEBAV","Y","Tvetenia bavarica gr.",,"speciesGroup","Arthropoda","Hexapoda","Insecta","Pterygota","Neoptera","Holometabola","Diptera","Nematocera","Culicomorpha",,"Chironomidae","Orthocladiinae",,,"Tvetenia","bavarica gr.",,"larva",1,,1,100,1,"N","N",,"condition OK","Y",,"Epler 2001","N","EcoAnalysts Inc.","W. Hoiland",,,
"6f24aad3-bfc3-4e72-9369-8e09420d5e50","D07","LECO","LECO.AOS.reach","2019-07-16T15:15Z","2019-10-26","LECO.20190716.CORE.3","A00000081128",,"TIPSP","Y","Tipulidae sp.",,"family","Arthropoda","Hexapoda","Insecta","Pterygota","Neoptera","Holometabola","Diptera","Nematocera","Tipulomorpha",,"Tipulidae",,,,,"sp.",,"larva",2,,2,100,2,"Y","N",,"condition OK","Y",,"Merritt and Cummins 2008","N","EcoAnalysts Inc.","A. Navesky",,,
"4a412178-5d94-4410-8123-85f25f852df1","D07","LECO","LECO.AOS.reach","2019-07-16T15:15Z","2019-10-27","LECO.20190716.SURBER.2","A00000081120",,"HELSP10","Y","Heleniella sp.",,"genus","Arthropoda","Hexapoda","Insecta","Pterygota","Neoptera","Holometabola","Diptera","Nematocera","Culicomorpha",,"Chironomidae","Orthocladiinae",,,"Heleniella","sp.",,"larva",3,,1,100,1,"N","N",,"condition OK","Y",,"Epler 2001","Y","EcoAnalysts Inc.","W. Hoiland",,,
"805ed7c1-872c-4cd1-a0c4-740f36e95ac8","D07","LECO","LECO.AOS.reach","2019-07-16T15:15Z","2019-10-27","LECO.20190716.SURBER.4","A00000081122",,"HELSP10","Y","Heleniella sp.",,"genus","Arthropoda","Hexapoda","Insecta","Pterygota","Neoptera","Holometabola","Diptera","Nematocera","Culicomorpha",,"Chironomidae","Orthocladiinae",,,"Heleniella","sp.",,"larva",1,,1,50,2,"N","N",,"condition OK","Y",,"Epler 2001","N","EcoAnalysts Inc.","W. Hoiland",,,
"a9feb1c0-5dd8-405b-9547-cc64b8e2179c","D07","LECO","LECO.AOS.reach","2019-07-16T15:15Z","2019-10-26","LECO.20190716.CORE.3","A00000081128",,"LEPSP4","Y","Leptophlebiidae sp.",,"family","Arthropoda","Hexapoda","Insecta","Pterygota","Palaeoptera",,"Ephemeroptera","Furcatergalia","Lanceolata",,"Leptophlebiidae",,,,,"sp.",,"larva",1,,2,100,2,"Y","N",,"condition OK","Y",,"Merritt and Cummins 2008","N","EcoAnalysts Inc.","A. Navesky",,,
"58d9faa2-c45d-4ed5-a303-2baf2390970c","D07","LECO","LECO.AOS.reach","2019-07-16T15:15Z","2019-10-27","LECO.20190716.SURBER.1","A00000081119",,"LEUSP8","Y","Leuctra sp.",,"genus","Arthropoda","Hexapoda","Insecta","Pterygota","Neoptera","Polyneoptera","Plecoptera","Euholognatha",,,"Leuctridae","Leuctrinae",,,"Leuctra","sp.",,"larva",5,,1,100,1,"N","N",,"condition OK","Y",,"Stewart and Stark, 2002","N","EcoAnalysts Inc.","A. Navesky",,,
"1a56e89f-823d-491d-91e9-947e3bf55504","D07","LECO","LECO.AOS.reach","2019-07-16T15:15Z","2019-10-26","LECO.20190716.CORE.1","A00000081126",,"TANSP8","Y","Tanytarsini sp.",,"tribe","Arthropoda","Hexapoda","Insecta","Pterygota","Neoptera","Holometabola","Diptera","Nematocera","Culicomorpha",,"Chironomidae","Chironominae","Tanytarsini",,,"sp.",,"larva",2,,4,88,5,"N","N",,"damaged, affecting taxonomy","N",,"Epler 2001","N","EcoAnalysts Inc.","W. Hoiland",,,
"3bedfa7a-8040-407b-a76d-19eff99cf79b","D07","LECO","LECO.AOS.reach","2019-07-16T15:15Z","2019-10-27","LECO.20190716.SURBER.5","A00000081125",,"TORSP6","Y","Torrenticola sp.",,"genus","Arthropoda","Chelicerata","Arachnida","Acari",,"Acariformes","Trombidiformes","Prostigmata",,"Lebertioidea","Torrenticolidae",,,,"Torrenticola","sp.",,"none",1,,9,56,16,"N","N",,"condition OK","Y",,"Thorp and Covich 2001","N","EcoAnalysts Inc.","A. Navesky",,,
"5f15a690-6f5a-41dd-95e2-e64308cace24","D07","LECO","LECO.AOS.reach","2019-07-16T15:15Z","2019-10-26","LECO.20190716.CORE.1","A00000081126",,"NEOSP40","Y","Neostempellina sp.",,"genus","Arthropoda","Hexapoda","Insecta",,,,"Diptera","Nematocera",,,"Chironomidae","Chironominae","Tanytarsini",,"Neostempellina","sp.",,"larva",2,,1,88,1,"N","N",,"condition OK","Y",,"Epler 2001","N","EcoAnalysts Inc.","W. Hoiland",,,
"5b2cb48a-f6a9-45ef-8d97-554bcfd5ec33","D07","LECO","LECO.AOS.reach","2019-07-16T15:15Z","2019-10-27","LECO.20190716.SURBER.1","A00000081119","LECO.20190716.SURBER.1_OLIGOCHAETE_1/1","PRISP1","Y","Pristina sp.",,"genus","Annelida","Clitellata","Oligochaeta","Oligochaeta",,,"Tubificida",,,,"Naididae","Pristininae",,,"Pristina","sp.",,"none",1,,1,100,1,"N","N",,"damaged, affecting measurement","Y",,"Kathman and Brinkhurst, 1998","N","EcoAnalysts Inc.","L. Flaherty","Fragment measured",,
"95b18330-a31d-4355-a740-30dad8f9c649","D07","LECO","LECO.AOS.reach","2019-07-16T15:15Z","2019-10-26","LECO.20190716.CORE.1","A00000081126",,"THISP2","Y","Thienemanniella sp.",,"genus","Arthropoda","Hexapoda","Insecta","Pterygota","Neoptera","Holometabola","Diptera","Nematocera","Culicomorpha",,"Chironomidae","Orthocladiinae",,,"Thienemanniella","sp.",,"larva",2,,1,88,1,"N","N",,"condition OK","Y",,"Epler 2001","N","EcoAnalysts Inc.","W. Hoiland",,,
"7cd248c2-a93b-42ea-a037-9d8b6902bf97","D07","LECO","LECO.AOS.reach","2019-07-16T15:15Z","2019-10-27","LECO.20190716.SURBER.3","A00000081121",,"ANTSP9","Y","Antocha sp.",,"genus","Arthropoda","Hexapoda","Insecta","Pterygota","Neoptera","Holometabola","Diptera","Nematocera","Tipulomorpha",,"Tipulidae","Limoniinae","Limoniini",,"Antocha","sp.",,"larva",4,,1,100,1,"N","N",,"condition OK","Y",,"Merritt and Cummins 2008","N","EcoAnalysts Inc.","A. Navesky",,,
"04cbabac-553f-4f2e-92bf-684fd790ec4a","D07","LECO","LECO.AOS.reach","2019-07-16T15:15Z","2019-10-27","LECO.20190716.SURBER.5","A00000081125",,"OULSP","Y","Oulimnius sp.",,"genus","Arthropoda","Hexapoda","Insecta","Pterygota","Neoptera","Holometabola","Coleoptera","Polyphaga","Elateriformia","Byrrhoidea","Elmidae","Elminae","Elmini",,"Oulimnius","sp.",,"adult",2,,5,56,9,"N","N",,"condition OK","Y",,"Merritt and Cummins 2008","N","EcoAnalysts Inc.","A. Navesky",,,
"75b0497e-2292-4ddc-aff2-48f134499ee1","D07","LECO","LECO.AOS.reach","2019-07-16T15:15Z","2019-10-27","LECO.20190716.SURBER.5","A00000081125",,"EPHSP","Y","Ephemeroptera sp.",,"order","Arthropoda","Hexapoda","Insecta","Pterygota","Palaeoptera",,"Ephemeroptera",,,,,,,,,"sp.",,"larva",1,,1,56,2,"Y","N",,"condition OK","N",,"Merritt and Cummins 2008","N","EcoAnalysts Inc.","A. Navesky","1InRef.Coll., RC specimen",,
"27705c0e-23df-4a66-ac43-afededb32efe","D07","LECO","LECO.AOS.reach","2019-07-16T15:15Z","2019-10-26","LECO.20190716.CORE.2","A00000081127",,"NILFIM","Y","Nilotanypus fimbriatus",,"species","Arthropoda","Hexapoda","Insecta","Pterygota","Neoptera","Holometabola","Diptera","Nematocera","Culicomorpha",,"Chironomidae","Tanypodinae","Pentaneurini",,"Nilotanypus","fimbriatus",,"pupa",2,,1,100,1,"N","N",,"condition OK","Y",,"Epler 2001","N","EcoAnalysts Inc.","W. Hoiland",,,
"e65275ee-eef3-4776-abe7-da6f87c7cb90","D07","LECO","LECO.AOS.reach","2019-07-16T15:15Z","2019-10-27","LECO.20190716.SURBER.5","A00000081125",,"LOPSP","Y","Lopescladius sp.",,"genus","Arthropoda","Hexapoda","Insecta","Pterygota","Neoptera","Holometabola","Diptera","Nematocera","Culicomorpha",,"Chironomidae","Orthocladiinae",,,"Lopescladius","sp.",,"larva",3,,3,56,5,"N","N",,"condition OK","Y",,"Epler 2001","N","EcoAnalysts Inc.","W. Hoiland",,,
"56153f28-6645-4031-a3c5-6387b01a0752","D07","LECO","LECO.AOS.reach","2019-07-16T15:15Z","2019-10-27","LECO.20190716.SURBER.1","A00000081119",,"BAESP2","Y","Baetis sp.",,"genus","Arthropoda","Hexapoda","Insecta","Pterygota","Palaeoptera",,"Ephemeroptera","Pisciforma",,,"Baetidae",,,,"Baetis","sp.",,"larva",1,,1,100,1,"Y","N",,"condition OK","N",,"Merritt and Cummins 2008","N","EcoAnalysts Inc.","A. Navesky",,,
"8a963e64-4991-4738-af25-aca1c514fbd7","D07","LECO","LECO.AOS.reach","2019-07-16T15:15Z","2019-10-26","LECO.20190716.CORE.2","A00000081127",,"RHYSP3","Y","Rhyacophila sp.",,"genus","Arthropoda","Hexapoda","Insecta","Pterygota","Neoptera","Holometabola","Trichoptera",,,"Rhyacophiloidea","Rhyacophilidae",,,,"Rhyacophila","sp.",,"larva",1,,1,100,1,"Y","N",,"condition OK","Y",,"Wiggins 1996","N","EcoAnalysts Inc.","A. Navesky",,,
"bb077b41-e87e-4de7-9955-c96a5ac713e1","D07","LECO","LECO.AOS.reach","2019-07-16T15:15Z","2019-10-27","LECO.20190716.SURBER.5","A00000081125",,"EUKSP","Y","Eukiefferiella sp.",,"genus","Arthropoda","Hexapoda","Insecta","Pterygota","Neoptera","Holometabola","Diptera","Nematocera","Culicomorpha",,"Chironomidae","Orthocladiinae",,,"Eukiefferiella","sp.",,"larva",2,,21,56,37,"Y","N",,"condition OK","N",,"Epler 2001","N","EcoAnalysts Inc.","W. Hoiland",,,
"6674b1af-831e-4720-b136-74d66d69a393","D07","LECO","LECO.AOS.reach","2019-07-16T15:15Z","2019-10-27","LECO.20190716.SURBER.1","A00000081119",,"PSYFLA","Y","Psychomyia flavida",,"species","Arthropoda","Hexapoda","Insecta","Pterygota","Neoptera","Holometabola","Trichoptera",,,"Hydropsychoidea","Psychomyiidae","Psychomyiinae",,,"Psychomyia","flavida",,"larva",1,,2,100,2,"N","N",,"condition OK","Y",,"Wiggins 1996","N","EcoAnalysts Inc.","A. Navesky",,,
"3e54bf00-5e35-405c-a352-445549d3b41d","D07","LECO","LECO.AOS.reach","2019-07-16T15:15Z","2019-10-26","LECO.20190716.CORE.2","A00000081127",,"HELSP10","Y","Heleniella sp.",,"genus","Arthropoda","Hexapoda","Insecta","Pterygota","Neoptera","Holometabola","Diptera","Nematocera","Culicomorpha",,"Chironomidae","Orthocladiinae",,,"Heleniella","sp.",,"larva",3,,1,100,1,"N","N",,"condition OK","Y",,"Epler 2001","N","EcoAnalysts Inc.","W. Hoiland",,,
"ef48f7da-712d-4fd5-8a2f-0b71c31581f5","D07","LECO","LECO.AOS.reach","2019-07-16T15:15Z","2019-10-26","LECO.20190716.CORE.3","A00000081128",,"HYDSP4","Y","Hydropsychidae sp.",,"family","Arthropoda","Hexapoda","Insecta","Pterygota","Neoptera","Holometabola","Trichoptera",,,"Hydropsychoidea","Hydropsychidae",,,,,"sp.",,"larva",1,,5,100,5,"Y","N",,"condition OK","Y",,"Wiggins 1996","N","EcoAnalysts Inc.","A. Navesky",,,
"07d2d026-cf9b-4de1-b57a-feb9a12886d7","D07","LECO","LECO.AOS.reach","2019-07-16T15:15Z","2019-10-26","LECO.20190716.CORE.1","A00000081126","LECO.20190716.CORE.1_OLIGOCHAETE_1/1","LUMSP1","Y","Lumbricina sp.",,"suborder","Annelida","Clitellata","Oligochaeta","Oligochaeta",,,"Tubificida","Lumbricina",,,,,,,,"sp.",,"none",32,,1,88,1,"N","N",,"condition OK","Y",,"Kathman and Brinkhurst, 1999","N","EcoAnalysts Inc.","L. Flaherty",,,
"88878cfb-f538-460e-bff0-2be6ae6e25ff","D07","LECO","LECO.AOS.reach","2019-07-16T15:15Z","2019-10-26","LECO.20190716.CORE.3","A00000081128","LECO.20190716.CORE.3_OLIGOCHAETE_1/1","LUMSP1","Y","Lumbricina sp.",,"suborder","Annelida","Clitellata","Oligochaeta","Oligochaeta",,,"Tubificida","Lumbricina",,,,,,,,"sp.",,"none",15,,1,100,1,"N","N",,"damaged, affecting measurement","Y",,"Kathman and Brinkhurst, 1999","N","EcoAnalysts Inc.","L. Flaherty","Fragment measured",,
"1939fb1f-38c4-4b1b-ba7c-c446c5ba2938","D07","LECO","LECO.AOS.reach","2019-07-16T15:15Z","2019-10-26","LECO.20190716.CORE.3","A00000081128",,"TURSP","Y","Turbellaria sp.",,"class","Platyhelminthes",,"Turbellaria",,,,,,,,,,,,,"sp.",,"none",1,,6,100,6,"N","Y",,"condition OK","Y",,"Thorp and Covich 2001","N","EcoAnalysts Inc.","A. Navesky",,,
"ff9b6aae-bea1-4df5-9cad-5e252b44771d","D07","LECO","LECO.AOS.reach","2019-07-16T15:15Z","2019-10-27","LECO.20190716.SURBER.1","A00000081119",,"ALLSP2","Y","Alloperla sp.",,"genus","Arthropoda","Hexapoda","Insecta","Pterygota","Neoptera","Polyneoptera","Plecoptera","Systellognatha",,,"Chloroperlidae","Chloroperlinae",,,"Alloperla","sp.",,"larva",5,,2,100,2,"N","N",,"condition OK","Y",,"Stewart and Stark, 2002","N","EcoAnalysts Inc.","A. Navesky",,,
"7606a123-d0da-4bd1-969e-07c860b2caa2","D07","LECO","LECO.AOS.reach","2019-07-16T15:15Z","2019-10-26","LECO.20190716.CORE.3","A00000081128","LECO.20190716.CORE.3_CONSTEMPELLINA SP.","CONSP6","Y","Constempellina sp.",,"genus","Arthropoda","Hexapoda","Insecta","Pterygota","Neoptera","Holometabola","Diptera","Nematocera","Culicomorpha",,"Chironomidae","Chironominae","Tanytarsini",,"Constempellina","sp.",,"larva",2,,1,100,1,"N","N",,"condition OK","Y",,"Epler 2001","N","EcoAnalysts Inc.","W. Hoiland","1InRef.Coll., In RC",,
"796051de-43b0-479c-8487-db9e76409731","D07","LECO","LECO.AOS.reach","2019-07-16T15:15Z","2019-10-27","LECO.20190716.SURBER.5","A00000081125",,"TANSP11","Y","Tanytarsus sp.",,"genus","Arthropoda","Hexapoda","Insecta","Pterygota","Neoptera","Holometabola","Diptera","Nematocera","Culicomorpha",,"Chironomidae","Chironominae","Tanytarsini",,"Tanytarsus","sp.",,"larva",2,,25,56,44,"N","N",,"condition OK","Y",,"Epler 2001","N","EcoAnalysts Inc.","W. Hoiland",,,
"0a22a84d-8e89-4b3a-96bf-9e08ce84768c","D07","LECO","LECO.AOS.reach","2019-07-16T15:15Z","2019-10-27","LECO.20190716.SURBER.4","A00000081122",,"KRESP1","Y","Krenosmittia sp.",,"genus","Arthropoda","Hexapoda","Insecta","Pterygota","Neoptera","Holometabola","Diptera","Nematocera","Culicomorpha",,"Chironomidae","Orthocladiinae",,,"Krenosmittia","sp.",,"larva",2,,1,50,2,"N","N",,"condition OK","Y",,"Epler 2001","N","EcoAnalysts Inc.","W. Hoiland",,,
"f768877c-f590-4271-b3e9-c68887573208","D07","LECO","LECO.AOS.reach","2019-07-16T15:15Z","2019-10-26","LECO.20190716.CORE.2","A00000081127",,"LOPSP","Y","Lopescladius sp.",,"genus","Arthropoda","Hexapoda","Insecta","Pterygota","Neoptera","Holometabola","Diptera","Nematocera","Culicomorpha",,"Chironomidae","Orthocladiinae",,,"Lopescladius","sp.",,"pupa",2,,1,100,1,"N","N",,"condition OK","Y",,"Epler 2001","N","EcoAnalysts Inc.","W. Hoiland",,,
"8d7426f6-14eb-4853-9085-560ab2b4951f","D07","LECO","LECO.AOS.reach","2019-07-16T15:15Z","2019-10-27","LECO.20190716.SURBER.4","A00000081122",,"LOPSP","Y","Lopescladius sp.",,"genus","Arthropoda","Hexapoda","Insecta","Pterygota","Neoptera","Holometabola","Diptera","Nematocera","Culicomorpha",,"Chironomidae","Orthocladiinae",,,"Lopescladius","sp.",,"pupa",2,,1,50,2,"N","N",,"condition OK","Y",,"Epler 2001","N","EcoAnalysts Inc.","W. Hoiland",,,
"36aebf94-70ae-4b63-9a7e-0e4ba791bfc9","D07","LECO","LECO.AOS.reach","2019-07-16T15:15Z","2019-10-26","LECO.20190716.CORE.2","A00000081127",,"LEUSP8","Y","Leuctra sp.",,"genus","Arthropoda","Hexapoda","Insecta","Pterygota","Neoptera","Polyneoptera","Plecoptera","Euholognatha",,,"Leuctridae","Leuctrinae",,,"Leuctra","sp.",,"larva",6,,2,100,2,"N","N",,"condition OK","Y",,"Stewart and Stark, 2002","N","EcoAnalysts Inc.","A. Navesky",,,
"8e54a954-7094-48e1-8a59-09d442eb55ef","D07","LECO","LECO.AOS.reach","2019-07-16T15:15Z","2019-10-27","LECO.20190716.SURBER.5","A00000081125",,"OULSP","Y","Oulimnius sp.",,"genus","Arthropoda","Hexapoda","Insecta","Pterygota","Neoptera","Holometabola","Coleoptera","Polyphaga","Elateriformia","Byrrhoidea","Elmidae","Elminae","Elmini",,"Oulimnius","sp.",,"larva",2,,7,56,12,"N","N",,"condition OK","Y",,"Merritt and Cummins 2008","N","EcoAnalysts Inc.","A. Navesky",,,
"c6001e02-4bda-4d0b-875f-bc2e12b882ad","D07","LECO","LECO.AOS.reach","2019-07-16T15:15Z","2019-10-27","LECO.20190716.SURBER.1","A00000081119",,"STESP10","Y","Stempellinella sp.",,"genus","Arthropoda","Hexapoda","Insecta","Pterygota","Neoptera","Holometabola","Diptera","Nematocera","Culicomorpha",,"Chironomidae","Chironominae","Tanytarsini",,"Stempellinella","sp.",,"larva",2,,8,100,8,"N","N",,"condition OK","Y",,"Epler 2001","N","EcoAnalysts Inc.","W. Hoiland",,,
"9ee9367d-0bfc-45d4-9397-35d871c5ccb3","D07","LECO","LECO.AOS.reach","2019-07-16T15:15Z","2019-10-26","LECO.20190716.CORE.2","A00000081127",,"LEPSP4","Y","Leptophlebiidae sp.",,"family","Arthropoda","Hexapoda","Insecta","Pterygota","Palaeoptera",,"Ephemeroptera","Furcatergalia","Lanceolata",,"Leptophlebiidae",,,,,"sp.",,"larva",1,,1,100,1,"Y","N",,"condition OK","Y",,"Merritt and Cummins 2008","N","EcoAnalysts Inc.","A. Navesky",,,
"ba81ad87-89d8-42f6-b877-69fdba83dae3","D07","LECO","LECO.AOS.reach","2019-07-16T15:15Z","2019-10-26","LECO.20190716.CORE.1","A00000081126","LECO.20190716.CORE.1_OLIGOCHAETE_1/1","PRISP1","Y","Pristina sp.",,"genus","Annelida","Clitellata","Oligochaeta","Oligochaeta",,,"Tubificida",,,,"Naididae","Pristininae",,,"Pristina","sp.",,"none",1,,11,88,13,"N","N",,"condition OK","Y",,"Kathman and Brinkhurst, 1998","N","EcoAnalysts Inc.","L. Flaherty",,,
"fdb92734-1b10-45c2-97bb-2eff76efa429","D07","LECO","LECO.AOS.reach","2019-07-16T15:15Z","2019-10-27","LECO.20190716.SURBER.1","A00000081119","LECO.20190716.SURBER.1_OLIGOCHAETE_1/1","LUMSP2","Y","Lumbriculidae sp.",,"family","Annelida","Clitellata","Oligochaeta","Oligochaeta",,,"Lumbriculida",,,,"Lumbriculidae",,,,,"sp.",,"none",9,,1,100,1,"N","N",,"condition OK","Y",,"Kathman and Brinkhurst, 1999","N","EcoAnalysts Inc.","L. Flaherty",,,
"c49603ea-9bdd-498c-9336-4c304925ad7d","D07","LECO","LECO.AOS.reach","2019-07-16T15:15Z","2019-10-27","LECO.20190716.SURBER.5","A00000081125","LECO.20190716.SURBER.5_OLIGOCHAETE_1/1","LUMSP1","Y","Lumbricina sp.",,"suborder","Annelida","Clitellata","Oligochaeta","Oligochaeta",,,"Tubificida","Lumbricina",,,,,,,,"sp.",,"none",40,,1,56,2,"N","N",,"condition OK","Y",,"Kathman and Brinkhurst, 1999","N","EcoAnalysts Inc.","L. Flaherty",,,
"23d456f9-3528-442f-bdfd-2986487020d3","D07","LECO","LECO.AOS.reach","2019-07-16T15:15Z","2019-10-27","LECO.20190716.SURBER.2","A00000081120",,"PSYSP4","Y","Psychomyia sp.",,"genus","Arthropoda","Hexapoda","Insecta","Pterygota","Neoptera","Holometabola","Trichoptera",,,"Hydropsychoidea","Psychomyiidae","Psychomyiinae",,,"Psychomyia","sp.",,"larva",2,,2,100,2,"Y","N",,"condition OK","Y",,"Wiggins 1996","Y","EcoAnalysts Inc.","A. Navesky","2InRef.Coll., RC specimen",,
"5d2f39d0-23c0-424c-9854-33bd67047feb","D07","LECO","LECO.AOS.reach","2019-07-16T15:15Z","2019-10-27","LECO.20190716.SURBER.5","A00000081125",,"CAPSP2","Y","Capniidae sp.",,"family","Arthropoda","Hexapoda","Insecta","Pterygota","Neoptera","Polyneoptera","Plecoptera","Euholognatha",,,"Capniidae",,,,,"sp.",,"larva",1,,2,56,4,"Y","N",,"condition OK","Y",,"Stewart and Stark, 2002","N","EcoAnalysts Inc.","A. Navesky",,,
"738d931a-80a1-4f6c-9db9-86fc7a373478","D07","LECO","LECO.AOS.reach","2019-07-16T15:15Z","2019-10-26","LECO.20190716.CORE.3","A00000081128",,"LEUSP2","Y","Leuctridae sp.",,"family","Arthropoda","Hexapoda","Insecta","Pterygota","Neoptera","Polyneoptera","Plecoptera","Euholognatha",,,"Leuctridae",,,,,"sp.",,"larva",1,,7,100,7,"Y","N",,"condition OK","N",,"Stewart and Stark, 2002","N","EcoAnalysts Inc.","A. Navesky",,,
"66a88c78-ba5c-4030-abc4-11681cc3a1f7","D07","LECO","LECO.AOS.reach","2019-07-16T15:15Z","2019-10-26","LECO.20190716.CORE.3","A00000081128",,"HELSP10","Y","Heleniella sp.",,"genus","Arthropoda","Hexapoda","Insecta","Pterygota","Neoptera","Holometabola","Diptera","Nematocera","Culicomorpha",,"Chironomidae","Orthocladiinae",,,"Heleniella","sp.",,"larva",2,,12,100,12,"N","N",,"condition OK","Y",,"Epler 2001","N","EcoAnalysts Inc.","W. Hoiland",,,
"80b6d9f3-8358-40a1-bf1e-1da07e8b1aa7","D07","LECO","LECO.AOS.reach","2019-07-16T15:15Z","2019-10-26","LECO.20190716.CORE.3","A00000081128",,"HEXSP3","Y","Hexatoma sp.",,"genus","Arthropoda","Hexapoda","Insecta","Pterygota","Neoptera","Holometabola","Diptera","Nematocera","Tipulomorpha",,"Tipulidae","Limoniinae","Hexatomini",,"Hexatoma","sp.",,"larva",2,,1,100,1,"N","N",,"condition OK","Y",,"Merritt and Cummins 2008","N","EcoAnalysts Inc.","A. Navesky",,,
"b674832f-1211-433e-a4de-b2119578e86b","D07","LECO","LECO.AOS.reach","2019-07-16T15:15Z","2019-10-26","LECO.20190716.CORE.2","A00000081127",,"PARSP26","Y","Parametriocnemus sp.",,"genus","Arthropoda","Hexapoda","Insecta","Pterygota","Neoptera","Holometabola","Diptera","Nematocera","Culicomorpha",,"Chironomidae","Orthocladiinae",,,"Parametriocnemus","sp.",,"larva",1,,2,100,2,"N","N",,"condition OK","Y",,"Epler 2001","N","EcoAnalysts Inc.","W. Hoiland",,,
"06a8be42-840f-4971-9106-72782f4a8932","D07","LECO","LECO.AOS.reach","2019-07-16T15:15Z","2019-10-27","LECO.20190716.SURBER.2","A00000081120",,"OPTSP","Y","Optioservus sp.",,"genus","Arthropoda","Hexapoda","Insecta","Pterygota","Neoptera","Holometabola","Coleoptera","Polyphaga","Elateriformia","Byrrhoidea","Elmidae","Elminae","Elmini",,"Optioservus","sp.",,"larva",3,,1,100,1,"N","N",,"condition OK","Y",,"Merritt and Cummins 2008","Y","EcoAnalysts Inc.","A. Navesky",,,
"d0f858a9-221e-4d08-acd8-ccd1e3407d20","D07","LECO","LECO.AOS.reach","2019-07-16T15:15Z","2019-10-27","LECO.20190716.SURBER.1","A00000081119",,"ANTSP9","Y","Antocha sp.",,"genus","Arthropoda","Hexapoda","Insecta","Pterygota","Neoptera","Holometabola","Diptera","Nematocera","Tipulomorpha",,"Tipulidae","Limoniinae","Limoniini",,"Antocha","sp.",,"larva",1,,1,100,1,"N","N",,"condition OK","Y",,"Merritt and Cummins 2008","N","EcoAnalysts Inc.","A. Navesky",,,
"44410264-a6d4-4b63-8267-5ad46db1e180","D07","LECO","LECO.AOS.reach","2019-07-16T15:15Z","2019-10-27","LECO.20190716.SURBER.5","A00000081125",,"STESP10","Y","Stempellinella sp.",,"genus","Arthropoda","Hexapoda","Insecta","Pterygota","Neoptera","Holometabola","Diptera","Nematocera","Culicomorpha",,"Chironomidae","Chironominae","Tanytarsini",,"Stempellinella","sp.",,"larva",2,,14,56,25,"N","N",,"condition OK","Y",,"Epler 2001","N","EcoAnalysts Inc.","W. Hoiland",,,
"2aa72680-fa77-4f28-8f34-34d7d5e9e733","D07","LECO","LECO.AOS.reach","2019-07-16T15:15Z","2019-10-26","LECO.20190716.CORE.1","A00000081126",,"PARSP23","Y","Parachaetocladius sp.",,"genus","Arthropoda","Hexapoda","Insecta","Pterygota","Neoptera","Holometabola","Diptera","Nematocera","Culicomorpha",,"Chironomidae","Orthocladiinae",,,"Parachaetocladius","sp.",,"larva",3,,1,88,1,"N","N",,"damaged, affecting measurement","Y",,"Epler 2001","N","EcoAnalysts Inc.","W. Hoiland","Fragment measured",,
"ccc0f294-7b71-45c2-9dad-bccb3314d940","D07","LECO","LECO.AOS.reach","2019-07-16T15:15Z","2019-10-27","LECO.20190716.SURBER.1","A00000081119",,"PSEHER","Y","Psephenus herricki",,"species","Arthropoda","Hexapoda","Insecta","Pterygota","Neoptera","Holometabola","Coleoptera","Polyphaga","Elateriformia","Byrrhoidea","Psephenidae","Psepheninae",,,"Psephenus","herricki",,"larva",1,,1,100,1,"N","N",,"condition OK","Y",,"Brown 1972","N","EcoAnalysts Inc.","A. Navesky",,,
"de122fca-acdb-4eae-ab4e-3f9dd12ab5a9","D07","LECO","LECO.AOS.reach","2019-07-16T15:15Z","2019-10-27","LECO.20190716.SURBER.5","A00000081125",,"LEPSP4","Y","Leptophlebiidae sp.",,"family","Arthropoda","Hexapoda","Insecta","Pterygota","Palaeoptera",,"Ephemeroptera","Furcatergalia","Lanceolata",,"Leptophlebiidae",,,,,"sp.",,"larva",1,,2,56,4,"Y","N",,"condition OK","Y",,"Merritt and Cummins 2008","N","EcoAnalysts Inc.","A. Navesky",,,
"fb487fa5-6942-4955-826a-b0112f108b32","D07","LECO","LECO.AOS.reach","2019-07-16T15:15Z","2019-10-27","LECO.20190716.SURBER.4","A00000081122",,"STESP10","Y","Stempellinella sp.",,"genus","Arthropoda","Hexapoda","Insecta","Pterygota","Neoptera","Holometabola","Diptera","Nematocera","Culicomorpha",,"Chironomidae","Chironominae","Tanytarsini",,"Stempellinella","sp.",,"pupa",2,,1,50,2,"N","N",,"condition OK","Y",,"Epler 2001","N","EcoAnalysts Inc.","W. Hoiland",,,
"331614b5-c930-43f9-bc78-77c6a91b3c61","D07","LECO","LECO.AOS.reach","2019-07-16T15:15Z","2019-10-27","LECO.20190716.SURBER.5","A00000081125",,"PSEHER","Y","Psephenus herricki",,"species","Arthropoda","Hexapoda","Insecta","Pterygota","Neoptera","Holometabola","Coleoptera","Polyphaga","Elateriformia","Byrrhoidea","Psephenidae","Psepheninae",,,"Psephenus","herricki",,"larva",3,,2,56,4,"N","N",,"condition OK","Y",,"Brown 1972","N","EcoAnalysts Inc.","A. Navesky",,,
"e5e20b48-8614-4217-a67c-a2c354f61e50","D07","LECO","LECO.AOS.reach","2019-07-16T15:15Z","2019-10-27","LECO.20190716.SURBER.2","A00000081120",,"SPESP4","Y","Sperchon sp.",,"genus","Arthropoda","Chelicerata","Arachnida","Acari",,"Acariformes","Trombidiformes","Prostigmata",,"Lebertioidea","Sperchontidae",,,,"Sperchon","sp.",,"none",1,,1,100,1,"N","N",,"condition OK","Y",,"Thorp and Covich 2001","Y","EcoAnalysts Inc.","A. Navesky",,,
"0de59791-bf73-45fb-95b9-4e000b5bc51a","D07","LECO","LECO.AOS.reach","2019-07-16T15:15Z","2019-10-26","LECO.20190716.CORE.3","A00000081128","LECO.20190716.CORE.3_OLIGOCHAETE_1/1","LUMSP2","Y","Lumbriculidae sp.",,"family","Annelida","Clitellata","Oligochaeta","Oligochaeta",,,"Lumbriculida",,,,"Lumbriculidae",,,,,"sp.",,"none",3,,1,100,1,"N","N",,"damaged, affecting measurement","Y",,"Kathman and Brinkhurst, 1999","N","EcoAnalysts Inc.","L. Flaherty","Fragment measured",,
"706e4bc3-47cf-4226-b5c2-ac0e55769e71","D07","LECO","LECO.AOS.reach","2019-07-16T15:15Z","2019-10-27","LECO.20190716.SURBER.3","A00000081121",,"LEUSP7","Y","Leucrocuta sp.",,"genus","Arthropoda","Hexapoda","Insecta","Pterygota","Palaeoptera",,"Ephemeroptera","Pisciforma",,"Heptagenioidea","Heptageniidae",,,,"Leucrocuta","sp.",,"larva",3,,1,100,1,"N","N",,"condition OK","Y",,"Merritt and Cummins 2008","N","EcoAnalysts Inc.","A. Navesky",,,
"53baf95e-8387-4dc9-acd9-093ba6c4f88d","D07","LECO","LECO.AOS.reach","2019-07-16T15:15Z","2019-10-27","LECO.20190716.SURBER.3","A00000081121",,"OULSP","Y","Oulimnius sp.",,"genus","Arthropoda","Hexapoda","Insecta","Pterygota","Neoptera","Holometabola","Coleoptera","Polyphaga","Elateriformia","Byrrhoidea","Elmidae","Elminae","Elmini",,"Oulimnius","sp.",,"larva",2,,2,100,2,"N","N",,"condition OK","Y",,"Merritt and Cummins 2008","N","EcoAnalysts Inc.","A. Navesky",,,
"64b80c19-e93c-4469-b256-3a6e201a8184","D07","LECO","LECO.AOS.reach","2019-07-16T15:15Z","2019-10-26","LECO.20190716.CORE.3","A00000081128",,"LEBSP1","Y","Lebertia sp.",,"genus","Arthropoda","Chelicerata","Arachnida","Acari",,"Acariformes","Trombidiformes","Prostigmata",,"Lebertioidea","Lebertiidae",,,,"Lebertia","sp.",,"none",1,,1,100,1,"N","N",,"condition OK","Y",,"Thorp and Covich 2001","N","EcoAnalysts Inc.","A. Navesky",,,
"c9437569-5313-45d8-ad84-4e92d4ff3270","D07","LECO","LECO.AOS.reach","2019-07-16T15:15Z","2019-10-27","LECO.20190716.SURBER.2","A00000081120",,"DRUSP","Y","Drunella sp.",,"genus","Arthropoda","Hexapoda","Insecta","Pterygota","Palaeoptera",,"Ephemeroptera","Furcatergalia","Pannota","Ephemerelloidea","Ephemerellidae",,,,"Drunella","sp.",,"larva",3,,1,100,1,"Y","N",,"condition OK","Y",,"Merritt and Cummins 2008","Y","EcoAnalysts Inc.","A. Navesky","1InRef.Coll., RC specimen",,
"956a7126-8400-4a9c-936c-5f050fc5c4b3","D07","LECO","LECO.AOS.reach","2019-07-16T15:15Z","2019-10-27","LECO.20190716.SURBER.2","A00000081120",,"THISP2","Y","Thienemanniella sp.",,"genus","Arthropoda","Hexapoda","Insecta","Pterygota","Neoptera","Holometabola","Diptera","Nematocera","Culicomorpha",,"Chironomidae","Orthocladiinae",,,"Thienemanniella","sp.",,"larva",2,,4,100,4,"N","N",,"condition OK","Y",,"Epler 2001","Y","EcoAnalysts Inc.","W. Hoiland",,,
"c09ef4db-32f0-4a84-b709-d1fcdbb991a7","D07","LECO","LECO.AOS.reach","2019-07-16T15:15Z","2019-10-27","LECO.20190716.SURBER.1","A00000081119",,"PENSP6","Y","Pentaneurini sp.",,"tribe","Arthropoda","Hexapoda","Insecta","Pterygota","Neoptera","Holometabola","Diptera","Nematocera","Culicomorpha",,"Chironomidae","Tanypodinae","Pentaneurini",,,"sp.",,"larva",1,,1,100,1,"Y","N",,"condition OK","Y",,"Epler 2001","N","EcoAnalysts Inc.","W. Hoiland",,,
"404518fd-af80-4a54-ac9d-28796b820cb9","D07","LECO","LECO.AOS.reach","2019-07-16T15:15Z","2019-10-27","LECO.20190716.SURBER.5","A00000081125","LECO.20190716.SURBER.5_OLIGOCHAETE_1/1","LUMSP2","Y","Lumbriculidae sp.",,"family","Annelida","Clitellata","Oligochaeta","Oligochaeta",,,"Lumbriculida",,,,"Lumbriculidae",,,,,"sp.",,"none",5,,1,56,2,"N","N",,"condition OK","Y",,"Kathman and Brinkhurst, 1999","N","EcoAnalysts Inc.","L. Flaherty",,,
"4277f461-56f7-4c1c-9229-05270e0b8bae","D07","LECO","LECO.AOS.reach","2019-07-16T15:15Z","2019-10-27","LECO.20190716.SURBER.5","A00000081125",,"MACSP11","Y","Maccaffertium sp.",,"genus","Arthropoda","Hexapoda","Insecta","Pterygota","Palaeoptera",,"Ephemeroptera","Pisciforma",,"Heptagenioidea","Heptageniidae",,,,"Maccaffertium","sp.",,"larva",2,,1,56,2,"Y","N",,"condition OK","Y",,"Merritt and Cummins 2008","N","EcoAnalysts Inc.","A. Navesky",,,
"e30913d2-39ac-4764-8be6-b9d37001278b","D07","LECO","LECO.AOS.reach","2019-07-16T15:15Z","2019-10-26","LECO.20190716.CORE.3","A00000081128",,"TANSP11","Y","Tanytarsus sp.",,"genus","Arthropoda","Hexapoda","Insecta","Pterygota","Neoptera","Holometabola","Diptera","Nematocera","Culicomorpha",,"Chironomidae","Chironominae","Tanytarsini",,"Tanytarsus","sp.",,"larva",2,,10,100,10,"N","N",,"condition OK","Y",,"Epler 2001","N","EcoAnalysts Inc.","W. Hoiland",,,
"b5333cc1-79bb-416b-a3ae-b269769da9c6","D07","LECO","LECO.AOS.reach","2019-07-16T15:15Z","2019-10-27","LECO.20190716.SURBER.4","A00000081122",,"EUKBRE","Y","Eukiefferiella brehmi gr.",,"speciesGroup","Arthropoda","Hexapoda","Insecta","Pterygota","Neoptera","Holometabola","Diptera","Nematocera","Culicomorpha",,"Chironomidae","Orthocladiinae",,,"Eukiefferiella","brehmi gr.",,"larva",2,,10,50,20,"N","N",,"condition OK","Y",,"Epler 2001","N","EcoAnalysts Inc.","W. Hoiland",,,
"ea7495f2-b579-424d-a2b1-5670247040f3","D07","LECO","LECO.AOS.reach","2019-07-16T15:15Z","2019-10-27","LECO.20190716.SURBER.5","A00000081125",,"THISP2","Y","Thienemanniella sp.",,"genus","Arthropoda","Hexapoda","Insecta","Pterygota","Neoptera","Holometabola","Diptera","Nematocera","Culicomorpha",,"Chironomidae","Orthocladiinae",,,"Thienemanniella","sp.",,"larva",2,,34,56,60,"N","N",,"condition OK","Y",,"Epler 2001","N","EcoAnalysts Inc.","W. Hoiland",,,
"f58dcb64-ccc1-4bf3-ac4c-2b62a4566ec6","D07","LECO","LECO.AOS.reach","2019-07-16T15:15Z","2019-10-27","LECO.20190716.SURBER.1","A00000081119",,"HELSP10","Y","Heleniella sp.",,"genus","Arthropoda","Hexapoda","Insecta","Pterygota","Neoptera","Holometabola","Diptera","Nematocera","Culicomorpha",,"Chironomidae","Orthocladiinae",,,"Heleniella","sp.",,"larva",2,,2,100,2,"N","N",,"condition OK","Y",,"Epler 2001","N","EcoAnalysts Inc.","W. Hoiland",,,
"5c46705e-b900-4d8f-ad3a-135bc4ebd4bf","D07","LECO","LECO.AOS.reach","2019-07-16T15:15Z","2019-10-26","LECO.20190716.CORE.2","A00000081127",,"EUKBRE","Y","Eukiefferiella brehmi gr.",,"speciesGroup","Arthropoda","Hexapoda","Insecta","Pterygota","Neoptera","Holometabola","Diptera","Nematocera","Culicomorpha",,"Chironomidae","Orthocladiinae",,,"Eukiefferiella","brehmi gr.",,"larva",2,,1,100,1,"N","N",,"damaged, affecting measurement","Y",,"Epler 2001","N","EcoAnalysts Inc.","W. Hoiland","Fragment measured",,
"2736fadc-6c36-4d2e-9e32-b91ec26e366f","D07","LECO","LECO.AOS.reach","2019-07-16T15:15Z","2019-10-27","LECO.20190716.SURBER.3","A00000081121",,"STESP10","Y","Stempellinella sp.",,"genus","Arthropoda","Hexapoda","Insecta","Pterygota","Neoptera","Holometabola","Diptera","Nematocera","Culicomorpha",,"Chironomidae","Chironominae","Tanytarsini",,"Stempellinella","sp.",,"larva",1,,1,100,1,"N","N",,"condition OK","Y",,"Epler 2001","N","EcoAnalysts Inc.","W. Hoiland",,,
"2e8613fe-16bc-4a3c-8630-4e1ff3e9d1d7","D07","LECO","LECO.AOS.reach","2019-07-16T15:15Z","2019-10-27","LECO.20190716.SURBER.5","A00000081125",,"OPTSP","Y","Optioservus sp.",,"genus","Arthropoda","Hexapoda","Insecta","Pterygota","Neoptera","Holometabola","Coleoptera","Polyphaga","Elateriformia","Byrrhoidea","Elmidae","Elminae","Elmini",,"Optioservus","sp.",,"larva",2,,1,56,2,"N","N",,"condition OK","Y",,"Merritt and Cummins 2008","N","EcoAnalysts Inc.","A. Navesky",,,
"c6f1bf09-4fab-4534-9e7b-961485159aec","D07","LECO","LECO.AOS.reach","2019-07-16T15:15Z","2019-10-27","LECO.20190716.SURBER.4","A00000081122",,"OULSP","Y","Oulimnius sp.",,"genus","Arthropoda","Hexapoda","Insecta","Pterygota","Neoptera","Holometabola","Coleoptera","Polyphaga","Elateriformia","Byrrhoidea","Elmidae","Elminae","Elmini",,"Oulimnius","sp.",,"larva",4,,1,50,2,"N","N",,"condition OK","Y",,"Merritt and Cummins 2008","N","EcoAnalysts Inc.","A. Navesky",,,
"526a363f-5013-4734-b930-8f7bf6fb2196","D07","LECO","LECO.AOS.reach","2019-07-16T15:15Z","2019-10-26","LECO.20190716.CORE.3","A00000081128","LECO.20190716.CORE.3_OLIGOCHAETE_1/1","PRISP1","Y","Pristina sp.",,"genus","Annelida","Clitellata","Oligochaeta","Oligochaeta",,,"Tubificida",,,,"Naididae","Pristininae",,,"Pristina","sp.",,"none",1,,5,100,5,"N","N",,"damaged, affecting measurement","Y",,"Kathman and Brinkhurst, 1998","N","EcoAnalysts Inc.","L. Flaherty","Fragment measured",,
"b1e99eb9-f705-49fc-963a-ec98027d859e","D07","LECO","LECO.AOS.reach","2019-07-16T15:15Z","2019-10-27","LECO.20190716.SURBER.3","A00000081121",,"STESP10","Y","Stempellinella sp.",,"genus","Arthropoda","Hexapoda","Insecta","Pterygota","Neoptera","Holometabola","Diptera","Nematocera","Culicomorpha",,"Chironomidae","Chironominae","Tanytarsini",,"Stempellinella","sp.",,"larva",2,,1,100,1,"N","N",,"condition OK","Y",,"Epler 2001","N","EcoAnalysts Inc.","W. Hoiland",,,
"593bf547-21d1-4d36-9925-42f443dd20fe","D07","LECO","LECO.AOS.reach","2019-07-16T15:15Z","2019-10-26","LECO.20190716.CORE.3","A00000081128",,"LEUSP8","Y","Leuctra sp.",,"genus","Arthropoda","Hexapoda","Insecta","Pterygota","Neoptera","Polyneoptera","Plecoptera","Euholognatha",,,"Leuctridae","Leuctrinae",,,"Leuctra","sp.",,"larva",4,,1,100,1,"N","N",,"condition OK","Y",,"Stewart and Stark, 2002","N","EcoAnalysts Inc.","A. Navesky",,,
"b86fccc9-4800-4e17-a39e-f9f97ee8a5e5","D07","LECO","LECO.AOS.reach","2019-07-16T15:15Z","2019-10-27","LECO.20190716.SURBER.1","A00000081119",,"ACASP1","Y","Acari sp.",,"subclass","Arthropoda","Chelicerata","Arachnida","Acari",,,,,,,,,,,,"sp.",,"none",1,,4,100,4,"N","N",,"damaged, affecting taxonomy","Y",,"Thorp and Covich 2001","N","EcoAnalysts Inc.","A. Navesky",,,
"854a5b65-678a-44d6-b6be-80792ccbcc04","D07","LECO","LECO.AOS.reach","2019-07-16T15:15Z","2019-10-27","LECO.20190716.SURBER.3","A00000081121",,"PARSP26","Y","Parametriocnemus sp.",,"genus","Arthropoda","Hexapoda","Insecta","Pterygota","Neoptera","Holometabola","Diptera","Nematocera","Culicomorpha",,"Chironomidae","Orthocladiinae",,,"Parametriocnemus","sp.",,"larva",3,,3,100,3,"N","N",,"condition OK","Y",,"Epler 2001","N","EcoAnalysts Inc.","W. Hoiland",,,
"7d46fa4d-6c83-45ef-9531-937ec34f6e7a","D07","LECO","LECO.AOS.reach","2019-07-16T15:15Z","2019-10-27","LECO.20190716.SURBER.3","A00000081121",,"DICSP6","Y","Dicranota sp.",,"genus","Arthropoda","Hexapoda","Insecta","Pterygota","Neoptera","Holometabola","Diptera","Nematocera","Tipulomorpha",,"Tipulidae","Limoniinae","Pediciini",,"Dicranota","sp.",,"larva",7,,1,100,1,"N","N",,"condition OK","Y",,"Merritt and Cummins 2008","N","EcoAnalysts Inc.","A. Navesky",,,
"a288b93b-15eb-466f-b5b2-5504863d7f75","D07","LECO","LECO.AOS.reach","2019-07-16T15:15Z","2019-10-26","LECO.20190716.CORE.3","A00000081128","LECO.20190716.CORE.3_OLIGOCHAETE_1/1","ENCSP1","Y","Enchytraeidae sp.",,"family","Annelida","Clitellata","Oligochaeta","Oligochaeta",,,"Enchytraeida",,,,"Enchytraeidae",,,,,"sp.",,"none",5,,1,100,1,"N","N",,"condition OK","Y",,"Kathman and Brinkhurst, 1999","N","EcoAnalysts Inc.","L. Flaherty",,,
"6dc83edb-9a80-475f-bf67-cd4baa6bcd4a","D07","LECO","LECO.AOS.reach","2019-07-16T15:15Z","2019-10-26","LECO.20190716.CORE.2","A00000081127",,"DIPHAG","Y","Diphetor hageni",,"species","Arthropoda","Hexapoda","Insecta","Pterygota","Palaeoptera",,"Ephemeroptera","Pisciforma",,,"Baetidae",,,,"Diphetor","hageni",,"larva",2,,1,100,1,"N","N",,"condition OK","Y",,"Morihara and McCafferty 1979","N","EcoAnalysts Inc.","A. Navesky",,,
"69b27ed6-87d0-4a33-97fd-ea5fcb77f1a7","D07","LECO","LECO.AOS.reach","2019-07-16T15:15Z","2019-10-27","LECO.20190716.SURBER.1","A00000081119",,"HEPSP","Y","Heptageniidae sp.",,"family","Arthropoda","Hexapoda","Insecta","Pterygota","Palaeoptera",,"Ephemeroptera","Pisciforma",,"Heptagenioidea","Heptageniidae",,,,,"sp.",,"larva",1,,1,100,1,"Y","N",,"condition OK","Y",,"Merritt and Cummins 2008","N","EcoAnalysts Inc.","A. Navesky",,,
"85a0db23-73f1-495a-8e4c-e0e53c23a984","D07","LECO","LECO.AOS.reach","2019-07-16T15:15Z","2019-10-27","LECO.20190716.SURBER.3","A00000081121",,"TANSP11","Y","Tanytarsus sp.",,"genus","Arthropoda","Hexapoda","Insecta","Pterygota","Neoptera","Holometabola","Diptera","Nematocera","Culicomorpha",,"Chironomidae","Chironominae","Tanytarsini",,"Tanytarsus","sp.",,"larva",2,,11,100,11,"N","N",,"condition OK","Y",,"Epler 2001","N","EcoAnalysts Inc.","W. Hoiland",,,
"25d7c5dd-60c4-45de-ab91-90762d9f9acb","D07","LECO","LECO.AOS.reach","2019-07-16T15:15Z","2019-10-27","LECO.20190716.SURBER.2","A00000081120","LECO.20190716.SURBER.2_OLIGOCHAETE_1/1","LUMSP2","Y","Lumbriculidae sp.",,"family","Annelida","Clitellata","Oligochaeta","Oligochaeta",,,"Lumbriculida",,,,"Lumbriculidae",,,,,"sp.",,"none",6,,1,100,1,"N","N",,"condition OK","Y",,"Kathman and Brinkhurst, 1999","Y","EcoAnalysts Inc.","L. Flaherty",,,
"39172da8-6910-4051-82f7-6d70a945b0b6","D07","LECO","LECO.AOS.reach","2019-07-16T15:15Z","2019-10-26","LECO.20190716.CORE.1","A00000081126",,"CERSP10","Y","Ceratopogoninae sp.",,"subfamily","Arthropoda","Hexapoda","Insecta","Pterygota","Neoptera","Holometabola","Diptera","Nematocera","Culicomorpha",,"Ceratopogonidae","Ceratopogoninae",,,,"sp.",,"larva",6,,1,88,1,"N","Y",,"condition OK","Y",,"Merritt and Cummins 2008","N","EcoAnalysts Inc.","A. Navesky",,,
"790f3df2-53c8-446b-a3da-2391e1e8ea3a","D07","LECO","LECO.AOS.reach","2019-07-16T15:15Z","2019-10-26","LECO.20190716.CORE.1","A00000081126",,"BAESP2","Y","Baetis sp.",,"genus","Arthropoda","Hexapoda","Insecta","Pterygota","Palaeoptera",,"Ephemeroptera","Pisciforma",,,"Baetidae",,,,"Baetis","sp.",,"larva",2,,2,88,2,"Y","N",,"condition OK","Y",,"Merritt and Cummins 2008","N","EcoAnalysts Inc.","A. Navesky",,,
"13a180ca-bd66-4142-8153-449404083c6a","D07","LECO","LECO.AOS.reach","2019-07-16T15:15Z","2019-10-27","LECO.20190716.SURBER.1","A00000081119",,"LEUSP8","Y","Leuctra sp.",,"genus","Arthropoda","Hexapoda","Insecta","Pterygota","Neoptera","Polyneoptera","Plecoptera","Euholognatha",,,"Leuctridae","Leuctrinae",,,"Leuctra","sp.",,"larva",4,,2,100,2,"N","N",,"condition OK","Y",,"Stewart and Stark, 2002","N","EcoAnalysts Inc.","A. Navesky",,,
"55915bf5-8a7d-4a88-b82d-cfb9f528d486","D07","LECO","LECO.AOS.reach","2019-07-16T15:15Z","2019-10-27","LECO.20190716.SURBER.3","A00000081121",,"PSYSP4","Y","Psychomyia sp.",,"genus","Arthropoda","Hexapoda","Insecta","Pterygota","Neoptera","Holometabola","Trichoptera",,,"Hydropsychoidea","Psychomyiidae","Psychomyiinae",,,"Psychomyia","sp.",,"larva",1,,5,100,5,"Y","N",,"condition OK","N",,"Wiggins 1996","N","EcoAnalysts Inc.","A. Navesky",,,
"82cdc60b-4c07-41bb-b295-3446cb7dab52","D07","LECO","LECO.AOS.reach","2019-07-16T15:15Z","2019-10-27","LECO.20190716.SURBER.2","A00000081120",,"OULSP","Y","Oulimnius sp.",,"genus","Arthropoda","Hexapoda","Insecta","Pterygota","Neoptera","Holometabola","Coleoptera","Polyphaga","Elateriformia","Byrrhoidea","Elmidae","Elminae","Elmini",,"Oulimnius","sp.",,"adult",2,,1,100,1,"N","N",,"condition OK","Y",,"Merritt and Cummins 2008","Y","EcoAnalysts Inc.","A. Navesky",,,
"9b8bf8dc-a4f0-4795-b09a-8828aea4239d","D07","LECO","LECO.AOS.reach","2019-07-16T15:15Z","2019-10-27","LECO.20190716.SURBER.4","A00000081122",,"PARSP23","Y","Parachaetocladius sp.",,"genus","Arthropoda","Hexapoda","Insecta","Pterygota","Neoptera","Holometabola","Diptera","Nematocera","Culicomorpha",,"Chironomidae","Orthocladiinae",,,"Parachaetocladius","sp.",,"larva",3,,1,50,2,"N","N",,"condition OK","Y",,"Epler 2001","N","EcoAnalysts Inc.","W. Hoiland",,,
"77934ceb-3a72-44da-8191-ce1501f28212","D07","LECO","LECO.AOS.reach","2019-07-16T15:15Z","2019-10-27","LECO.20190716.SURBER.3","A00000081121",,"PERSP6","Y","Perlesta sp.",,"genus","Arthropoda","Hexapoda","Insecta","Pterygota","Neoptera","Polyneoptera","Plecoptera","Systellognatha",,,"Perlidae","Acroneuriinae","Acroneuriini",,"Perlesta","sp.",,"larva",9,,1,100,1,"N","N",,"condition OK","Y",,"Stewart and Stark, 2002","N","EcoAnalysts Inc.","A. Navesky",,,
"6fc37e23-b7c3-4f94-b73f-47123988c75b","D07","LECO","LECO.AOS.reach","2019-07-16T15:15Z","2019-10-27","LECO.20190716.SURBER.4","A00000081122","LECO.20190716.SURBER.4_OLIGOCHAETE_1/1","LUMSP1","Y","Lumbricina sp.",,"suborder","Annelida","Clitellata","Oligochaeta","Oligochaeta",,,"Tubificida","Lumbricina",,,,,,,,"sp.",,"none",12,,1,50,2,"N","N",,"condition OK","Y",,"Kathman and Brinkhurst, 1999","N","EcoAnalysts Inc.","L. Flaherty",,,
"999bb784-954b-4642-903b-12ca8327229a","D07","LECO","LECO.AOS.reach","2019-07-16T15:15Z","2019-10-27","LECO.20190716.SURBER.1","A00000081119",,"KRESP1","Y","Krenosmittia sp.",,"genus","Arthropoda","Hexapoda","Insecta","Pterygota","Neoptera","Holometabola","Diptera","Nematocera","Culicomorpha",,"Chironomidae","Orthocladiinae",,,"Krenosmittia","sp.",,"larva",1,,1,100,1,"N","N",,"condition OK","Y",,"Epler 2001","N","EcoAnalysts Inc.","W. Hoiland",,,
"346d149d-5cc0-40d8-9c01-c7660bace914","D07","LECO","LECO.AOS.reach","2019-07-16T15:15Z","2019-10-27","LECO.20190716.SURBER.5","A00000081125",,"LEBSP1","Y","Lebertia sp.",,"genus","Arthropoda","Chelicerata","Arachnida","Acari",,"Acariformes","Trombidiformes","Prostigmata",,"Lebertioidea","Lebertiidae",,,,"Lebertia","sp.",,"none",1,,1,56,2,"N","N",,"condition OK","Y",,"Thorp and Covich 2001","N","EcoAnalysts Inc.","A. Navesky",,,
"80872abb-e5ab-4a92-af98-13cb3162758f","D07","LECO","LECO.AOS.reach","2019-07-16T15:15Z","2019-10-27","LECO.20190716.SURBER.5","A00000081125",,"EUKSP","Y","Eukiefferiella sp.",,"genus","Arthropoda","Hexapoda","Insecta","Pterygota","Neoptera","Holometabola","Diptera","Nematocera","Culicomorpha",,"Chironomidae","Orthocladiinae",,,"Eukiefferiella","sp.",,"larva",1,,11,56,20,"Y","N",,"condition OK","N",,"Epler 2001","N","EcoAnalysts Inc.","W. Hoiland",,,
"60e06fee-2590-4f74-8dcd-f850b3c5e858","D07","LECO","LECO.AOS.reach","2019-07-16T15:15Z","2019-10-27","LECO.20190716.SURBER.5","A00000081125",,"GLOSP3","Y","Glossosoma sp.",,"genus","Arthropoda","Hexapoda","Insecta","Pterygota","Neoptera","Holometabola","Trichoptera",,,"Glossosomatoidea","Glossosomatidae","Glossosomatinae","Glossosomatini",,"Glossosoma","sp.",,"larva",1,,1,56,2,"N","N",,"condition OK","Y",,"Wiggins 1996","N","EcoAnalysts Inc.","A. Navesky",,,
"afc259b9-8ac4-4800-bbea-f1e3d6887eda","D07","LECO","LECO.AOS.reach","2019-07-16T15:15Z","2019-10-27","LECO.20190716.SURBER.4","A00000081122",,"BAEFLA","Y","Baetis flavistriga",,"species","Arthropoda","Hexapoda","Insecta","Pterygota","Palaeoptera",,"Ephemeroptera","Pisciforma",,,"Baetidae",,,,"Baetis","flavistriga",,"larva",3,,1,50,2,"N","N",,"condition OK","Y",,"Wiersema 2004","N","EcoAnalysts Inc.","A. Navesky",,,
"1ee4384e-2cd7-4476-be82-4c3ad5a7448a","D07","LECO","LECO.AOS.reach","2019-07-16T15:15Z","2019-10-27","LECO.20190716.SURBER.4","A00000081122",,"PSEHER","Y","Psephenus herricki",,"species","Arthropoda","Hexapoda","Insecta","Pterygota","Neoptera","Holometabola","Coleoptera","Polyphaga","Elateriformia","Byrrhoidea","Psephenidae","Psepheninae",,,"Psephenus","herricki",,"larva",4,,1,50,2,"N","N",,"condition OK","Y",,"Brown 1972","N","EcoAnalysts Inc.","A. Navesky",,,
"cef153e5-0845-484f-b19e-ec72f25b766b","D07","LECO","LECO.AOS.reach","2019-07-16T15:15Z","2019-10-26","LECO.20190716.CORE.2","A00000081127",,"OULSP","Y","Oulimnius sp.",,"genus","Arthropoda","Hexapoda","Insecta","Pterygota","Neoptera","Holometabola","Coleoptera","Polyphaga","Elateriformia","Byrrhoidea","Elmidae","Elminae","Elmini",,"Oulimnius","sp.",,"larva",2,,2,100,2,"N","N",,"condition OK","Y",,"Merritt and Cummins 2008","N","EcoAnalysts Inc.","A. Navesky",,,
"c4ff05d2-dade-4418-b5c5-b5b69f5f6a18","D07","LECO","LECO.AOS.reach","2019-07-16T15:15Z","2019-10-26","LECO.20190716.CORE.2","A00000081127",,"LOPSP","Y","Lopescladius sp.",,"genus","Arthropoda","Hexapoda","Insecta","Pterygota","Neoptera","Holometabola","Diptera","Nematocera","Culicomorpha",,"Chironomidae","Orthocladiinae",,,"Lopescladius","sp.",,"larva",1,,3,100,3,"N","N",,"condition OK","Y",,"Epler 2001","N","EcoAnalysts Inc.","W. Hoiland",,,
"f8bfc6c8-614a-4b40-8a1c-58db1b0b10fb","D07","LECO","LECO.AOS.reach","2019-07-16T15:15Z","2019-10-26","LECO.20190716.CORE.3","A00000081128",,"NEMSP","Y","Nematoda sp.",,"phylum","Nematoda",,,,,,,,,,,,,,,"sp.",,"none",3,,8,100,8,"N","Y",,"condition OK","Y",,"Thorp and Covich 2001","N","EcoAnalysts Inc.","A. Navesky",,,
"5225b188-075b-4731-9467-9544b4df5c83","D07","LECO","LECO.AOS.reach","2019-07-16T15:15Z","2019-10-27","LECO.20190716.SURBER.1","A00000081119",,"SWESP","Y","Sweltsa sp.",,"genus","Arthropoda","Hexapoda","Insecta","Pterygota","Neoptera","Polyneoptera","Plecoptera","Systellognatha",,,"Chloroperlidae","Chloroperlinae",,,"Sweltsa","sp.",,"larva",2,,13,100,13,"N","N",,"condition OK","Y",,"Stewart and Stark, 2002","N","EcoAnalysts Inc.","A. Navesky",,,
"cccd245e-e0b7-445a-bb8b-ccd1996c82ac","D07","LECO","LECO.AOS.reach","2019-07-16T15:15Z","2019-10-26","LECO.20190716.CORE.3","A00000081128",,"SWESP","Y","Sweltsa sp.",,"genus","Arthropoda","Hexapoda","Insecta","Pterygota","Neoptera","Polyneoptera","Plecoptera","Systellognatha",,,"Chloroperlidae","Chloroperlinae",,,"Sweltsa","sp.",,"larva",2,,3,100,3,"N","N",,"condition OK","Y",,"Stewart and Stark, 2002","N","EcoAnalysts Inc.","A. Navesky",,,
"37b71413-e9d3-4536-ab02-14025daef86a","D07","LECO","LECO.AOS.reach","2019-07-16T15:15Z","2019-10-26","LECO.20190716.CORE.3","A00000081128","LECO.20190716.CORE.3_OLIGOCHAETE_1/1","PRISP1","Y","Pristina sp.",,"genus","Annelida","Clitellata","Oligochaeta","Oligochaeta",,,"Tubificida",,,,"Naididae","Pristininae",,,"Pristina","sp.",,"none",3,,1,100,1,"N","N",,"damaged, affecting measurement","Y",,"Kathman and Brinkhurst, 1998","N","EcoAnalysts Inc.","L. Flaherty","Fragment measured",,
"ad86cdf0-b945-4c62-812e-e83122513dea","D07","LECO","LECO.AOS.reach","2019-07-16T15:15Z","2019-10-26","LECO.20190716.CORE.3","A00000081128",,"TANSP8","Y","Tanytarsini sp.",,"tribe","Arthropoda","Hexapoda","Insecta","Pterygota","Neoptera","Holometabola","Diptera","Nematocera","Culicomorpha",,"Chironomidae","Chironominae","Tanytarsini",,,"sp.",,"larva",3,,3,100,3,"N","N",,"condition OK","Y",,"Epler 2001","N","EcoAnalysts Inc.","W. Hoiland","2InRef.Coll.",,
"4da5961d-dde0-4505-a142-545f9f8acc67","D07","LECO","LECO.AOS.reach","2019-07-16T15:15Z","2019-10-27","LECO.20190716.SURBER.2","A00000081120",,"LOPSP","Y","Lopescladius sp.",,"genus","Arthropoda","Hexapoda","Insecta","Pterygota","Neoptera","Holometabola","Diptera","Nematocera","Culicomorpha",,"Chironomidae","Orthocladiinae",,,"Lopescladius","sp.",,"larva",3,,2,100,2,"N","N",,"condition OK","Y",,"Epler 2001","Y","EcoAnalysts Inc.","W. Hoiland",,,
"58e61305-91bb-4ec6-aa6a-fbb3fe0f1eef","D07","LECO","LECO.AOS.reach","2019-07-16T15:15Z","2019-10-26","LECO.20190716.CORE.2","A00000081127",,"TORSP6","Y","Torrenticola sp.",,"genus","Arthropoda","Chelicerata","Arachnida","Acari",,"Acariformes","Trombidiformes","Prostigmata",,"Lebertioidea","Torrenticolidae",,,,"Torrenticola","sp.",,"none",1,,3,100,3,"N","N",,"condition OK","Y",,"Thorp and Covich 2001","N","EcoAnalysts Inc.","A. Navesky",,,
"a7fde8d2-fea8-4237-8e8c-3c5a8e2c04bc","D07","LECO","LECO.AOS.reach","2019-07-16T15:15Z","2019-10-27","LECO.20190716.SURBER.4","A00000081122",,"LEBSP1","Y","Lebertia sp.",,"genus","Arthropoda","Chelicerata","Arachnida","Acari",,"Acariformes","Trombidiformes","Prostigmata",,"Lebertioidea","Lebertiidae",,,,"Lebertia","sp.",,"none",1,,3,50,6,"N","N",,"condition OK","Y",,"Thorp and Covich 2001","N","EcoAnalysts Inc.","A. Navesky",,,
"ba8d899f-5a09-4468-a322-11d1733024e4","D07","LECO","LECO.AOS.reach","2019-07-16T15:15Z","2019-10-27","LECO.20190716.SURBER.2","A00000081120","LECO.20190716.SURBER.2_OLIGOCHAETE_1/1","LUMSP2","Y","Lumbriculidae sp.",,"family","Annelida","Clitellata","Oligochaeta","Oligochaeta",,,"Lumbriculida",,,,"Lumbriculidae",,,,,"sp.",,"none",10,,1,100,1,"N","N",,"damaged, affecting measurement","Y",,"Kathman and Brinkhurst, 1999","Y","EcoAnalysts Inc.","L. Flaherty","Fragment measured",,
"263f0761-2d14-4009-b104-7e7cf8c69405","D07","LECO","LECO.AOS.reach","2019-07-16T15:15Z","2019-10-26","LECO.20190716.CORE.2","A00000081127",,"RHYSP3","Y","Rhyacophila sp.",,"genus","Arthropoda","Hexapoda","Insecta","Pterygota","Neoptera","Holometabola","Trichoptera",,,"Rhyacophiloidea","Rhyacophilidae",,,,"Rhyacophila","sp.",,"larva",2,,1,100,1,"Y","N",,"condition OK","Y",,"Wiggins 1996","N","EcoAnalysts Inc.","A. Navesky",,,
"01c98a63-63ab-47ff-85c9-4a869873ecb8","D07","LECO","LECO.AOS.reach","2019-07-16T15:15Z","2019-10-26","LECO.20190716.CORE.3","A00000081128",,"LEUSP8","Y","Leuctra sp.",,"genus","Arthropoda","Hexapoda","Insecta","Pterygota","Neoptera","Polyneoptera","Plecoptera","Euholognatha",,,"Leuctridae","Leuctrinae",,,"Leuctra","sp.",,"larva",2,,1,100,1,"N","N",,"condition OK","Y",,"Stewart and Stark, 2002","N","EcoAnalysts Inc.","A. Navesky",,,
"450f208b-90a2-47d4-ba47-28d64c15a6de","D07","LECO","LECO.AOS.reach","2019-07-16T15:15Z","2019-10-26","LECO.20190716.CORE.1","A00000081126",,"ORISP1","Y","Oribatida sp.",,"suborder","Arthropoda","Chelicerata","Arachnida","Acari",,"Acariformes","Sarcoptiformes","Oribatida",,,,,,,,"sp.",,"none",1,,2,88,2,"N","Y",,"condition OK","Y",,"Thorp and Covich 2001","N","EcoAnalysts Inc.","A. Navesky",,,
"04f4e8c2-de96-4e5f-ac8c-96e02244330c","D07","LECO","LECO.AOS.reach","2019-07-16T15:15Z","2019-10-27","LECO.20190716.SURBER.5","A00000081125",,"RHYSP3","Y","Rhyacophila sp.",,"genus","Arthropoda","Hexapoda","Insecta","Pterygota","Neoptera","Holometabola","Trichoptera",,,"Rhyacophiloidea","Rhyacophilidae",,,,"Rhyacophila","sp.",,"larva",1,,1,56,2,"Y","N",,"condition OK","Y",,"Wiggins 1996","N","EcoAnalysts Inc.","A. Navesky",,,
"51573dfc-7d30-4584-8629-0358531301b5","D07","LECO","LECO.AOS.reach","2019-07-16T15:15Z","2019-10-27","LECO.20190716.SURBER.2","A00000081120",,"EPHSP","Y","Ephemeroptera sp.",,"order","Arthropoda","Hexapoda","Insecta","Pterygota","Palaeoptera",,"Ephemeroptera",,,,,,,,,"sp.",,"larva",1,,1,100,1,"Y","N",,"condition OK","N",,"Merritt and Cummins 2008","Y","EcoAnalysts Inc.","A. Navesky",,,
"99ac6782-f965-49a7-b469-7c523703c4d1","D07","LECO","LECO.AOS.reach","2019-07-16T15:15Z","2019-10-27","LECO.20190716.SURBER.1","A00000081119",,"TIPSP","Y","Tipulidae sp.",,"family","Arthropoda","Hexapoda","Insecta","Pterygota","Neoptera","Holometabola","Diptera","Nematocera","Tipulomorpha",,"Tipulidae",,,,,"sp.",,"larva",2,,1,100,1,"Y","N",,"condition OK","Y",,"Merritt and Cummins 2008","N","EcoAnalysts Inc.","A. Navesky",,,
"6b3b114d-ba94-458b-98a7-a5af04038730","D07","LECO","LECO.AOS.reach","2019-07-16T15:15Z","2019-10-27","LECO.20190716.SURBER.5","A00000081125","LECO.20190716.SURBER.5_OLIGOCHAETE_1/1","LUMSP2","Y","Lumbriculidae sp.",,"family","Annelida","Clitellata","Oligochaeta","Oligochaeta",,,"Lumbriculida",,,,"Lumbriculidae",,,,,"sp.",,"none",3,,1,56,2,"N","N",,"condition OK","Y",,"Kathman and Brinkhurst, 1999","N","EcoAnalysts Inc.","L. Flaherty",,,
"cd81991d-3561-4a9c-81de-a8c690fa08b1","D07","LECO","LECO.AOS.reach","2019-07-16T15:15Z","2019-10-26","LECO.20190716.CORE.2","A00000081127",,"HELSP10","Y","Heleniella sp.",,"genus","Arthropoda","Hexapoda","Insecta","Pterygota","Neoptera","Holometabola","Diptera","Nematocera","Culicomorpha",,"Chironomidae","Orthocladiinae",,,"Heleniella","sp.",,"pupa",2,,2,100,2,"N","N",,"condition OK","Y",,"Epler 2001","N","EcoAnalysts Inc.","W. Hoiland",,,
"5879efd7-0f69-447f-9a13-b2afb87265c8","D07","LECO","LECO.AOS.reach","2019-07-16T15:15Z","2019-10-26","LECO.20190716.CORE.3","A00000081128",,"HELSP10","Y","Heleniella sp.",,"genus","Arthropoda","Hexapoda","Insecta","Pterygota","Neoptera","Holometabola","Diptera","Nematocera","Culicomorpha",,"Chironomidae","Orthocladiinae",,,"Heleniella","sp.",,"pupa",3,,1,100,1,"N","N",,"condition OK","Y",,"Epler 2001","N","EcoAnalysts Inc.","W. Hoiland",,,
"a93f8ad5-2427-4685-829b-4500dac58881","D07","LECO","LECO.AOS.reach","2019-07-16T15:15Z","2019-10-27","LECO.20190716.SURBER.3","A00000081121",,"BAESP2","Y","Baetis sp.",,"genus","Arthropoda","Hexapoda","Insecta","Pterygota","Palaeoptera",,"Ephemeroptera","Pisciforma",,,"Baetidae",,,,"Baetis","sp.",,"larva",2,,1,100,1,"Y","N",,"condition OK","N",,"Merritt and Cummins 2008","N","EcoAnalysts Inc.","A. Navesky",,,
"17d07d39-c6c2-4558-91e9-71fbef5cf447","D07","LECO","LECO.AOS.reach","2019-07-16T15:15Z","2019-10-26","LECO.20190716.CORE.1","A00000081126",,"CORSP19","Y","Corynoneura sp.",,"genus","Arthropoda","Hexapoda","Insecta","Pterygota","Neoptera","Holometabola","Diptera","Nematocera","Culicomorpha",,"Chironomidae","Orthocladiinae",,,"Corynoneura","sp.",,"larva",2,,12,88,14,"N","N",,"condition OK","Y",,"Epler 2001","N","EcoAnalysts Inc.","W. Hoiland",,,
"9aeaa996-6597-40bc-bb99-0d8931830437","D07","LECO","LECO.AOS.reach","2019-07-16T15:15Z","2019-10-27","LECO.20190716.SURBER.3","A00000081121",,"THISP2","Y","Thienemanniella sp.",,"genus","Arthropoda","Hexapoda","Insecta","Pterygota","Neoptera","Holometabola","Diptera","Nematocera","Culicomorpha",,"Chironomidae","Orthocladiinae",,,"Thienemanniella","sp.",,"pupa",2,,1,100,1,"N","N",,"condition OK","Y",,"Epler 2001","N","EcoAnalysts Inc.","W. Hoiland",,,
"ed64c8f8-23d4-4a4d-9443-f2013c525bf8","D07","LECO","LECO.AOS.reach","2019-07-16T15:15Z","2019-10-27","LECO.20190716.SURBER.1","A00000081119",,"LEUSP7","Y","Leucrocuta sp.",,"genus","Arthropoda","Hexapoda","Insecta","Pterygota","Palaeoptera",,"Ephemeroptera","Pisciforma",,"Heptagenioidea","Heptageniidae",,,,"Leucrocuta","sp.",,"larva",5,,1,100,1,"N","N",,"condition OK","Y",,"Merritt and Cummins 2008","N","EcoAnalysts Inc.","A. Navesky",,,
"c431795a-3a6e-477b-a608-64e56ff96a41","D07","LECO","LECO.AOS.reach","2019-07-16T15:15Z","2019-10-27","LECO.20190716.SURBER.2","A00000081120",,"TANSP11","Y","Tanytarsus sp.",,"genus","Arthropoda","Hexapoda","Insecta","Pterygota","Neoptera","Holometabola","Diptera","Nematocera","Culicomorpha",,"Chironomidae","Chironominae","Tanytarsini",,"Tanytarsus","sp.",,"pupa",2,,1,100,1,"N","N",,"condition OK","Y",,"Epler 2001","Y","EcoAnalysts Inc.","W. Hoiland",,,
"41ca6584-4f1b-4e76-b2eb-c44df8ef2f1f","D07","LECO","LECO.AOS.reach","2019-07-16T15:15Z","2019-10-26","LECO.20190716.CORE.2","A00000081127",,"STESP10","Y","Stempellinella sp.",,"genus","Arthropoda","Hexapoda","Insecta","Pterygota","Neoptera","Holometabola","Diptera","Nematocera","Culicomorpha",,"Chironomidae","Chironominae","Tanytarsini",,"Stempellinella","sp.",,"pupa",2,,4,100,4,"N","N",,"condition OK","Y",,"Epler 2001","N","EcoAnalysts Inc.","W. Hoiland",,,
"10a99afa-81f0-4f2f-b1f8-8d0cfde39f89","D07","LECO","LECO.AOS.reach","2019-07-16T15:15Z","2019-10-26","LECO.20190716.CORE.1","A00000081126",,"CERSP10","Y","Ceratopogoninae sp.",,"subfamily","Arthropoda","Hexapoda","Insecta","Pterygota","Neoptera","Holometabola","Diptera","Nematocera","Culicomorpha",,"Ceratopogonidae","Ceratopogoninae",,,,"sp.",,"larva",2,,1,88,1,"N","Y",,"condition OK","Y",,"Merritt and Cummins 2008","N","EcoAnalysts Inc.","A. Navesky",,,
"2cd3a4f2-9683-44d8-af5d-d4dc98656340","D07","LECO","LECO.AOS.reach","2019-07-16T15:15Z","2019-10-26","LECO.20190716.CORE.2","A00000081127",,"DIPHAG","Y","Diphetor hageni",,"species","Arthropoda","Hexapoda","Insecta","Pterygota","Palaeoptera",,"Ephemeroptera","Pisciforma",,,"Baetidae",,,,"Diphetor","hageni",,"larva",4,,1,100,1,"N","N",,"condition OK","Y",,"Morihara and McCafferty 1979","N","EcoAnalysts Inc.","A. Navesky",,,
"c42d8bff-f978-48a1-be10-66081e02196e","D07","LECO","LECO.AOS.reach","2019-07-16T15:15Z","2019-10-27","LECO.20190716.SURBER.1","A00000081119",,"CRISP6","Y","Cricotopus/Orthocladius sp.",,"speciesGroup","Arthropoda","Hexapoda","Insecta","Pterygota","Neoptera","Holometabola","Diptera","Nematocera","Culicomorpha",,"Chironomidae","Orthocladiinae",,,"Cricotopus/Orthocladius","sp.",,"larva",1,,1,100,1,"N","N",,"condition OK","Y",,"Epler 2001","N","EcoAnalysts Inc.","W. Hoiland",,,
"2aaadf6f-622c-4745-bcc3-aab2b509c534","D07","LECO","LECO.AOS.reach","2019-07-16T15:15Z","2019-10-27","LECO.20190716.SURBER.1","A00000081119",,"EUKSP","Y","Eukiefferiella sp.",,"genus","Arthropoda","Hexapoda","Insecta","Pterygota","Neoptera","Holometabola","Diptera","Nematocera","Culicomorpha",,"Chironomidae","Orthocladiinae",,,"Eukiefferiella","sp.",,"larva",1,,5,100,5,"Y","N",,"condition OK","Y",,"Epler 2001","N","EcoAnalysts Inc.","W. Hoiland",,,
"3497964b-c78e-4aa5-93ed-d1150c8c9dd3","D07","LECO","LECO.AOS.reach","2019-07-16T15:15Z","2019-10-27","LECO.20190716.SURBER.2","A00000081120",,"PARSP26","Y","Parametriocnemus sp.",,"genus","Arthropoda","Hexapoda","Insecta","Pterygota","Neoptera","Holometabola","Diptera","Nematocera","Culicomorpha",,"Chironomidae","Orthocladiinae",,,"Parametriocnemus","sp.",,"larva",3,,2,100,2,"N","N",,"condition OK","Y",,"Epler 2001","Y","EcoAnalysts Inc.","W. Hoiland",,,
"9a8ff4e1-02ee-4117-827c-5d6c10753c67","D07","LECO","LECO.AOS.reach","2019-07-16T15:15Z","2019-10-27","LECO.20190716.SURBER.4","A00000081122","LECO.20190716.SURBER.4_OLIGOCHAETE_1/1","LUMSP1","Y","Lumbricina sp.",,"suborder","Annelida","Clitellata","Oligochaeta","Oligochaeta",,,"Tubificida","Lumbricina",,,,,,,,"sp.",,"none",15,,1,50,2,"N","N",,"condition OK","Y",,"Kathman and Brinkhurst, 1999","N","EcoAnalysts Inc.","L. Flaherty",,,
"e1df0114-c7fa-48e4-8638-4a29e708601c","D07","LECO","LECO.AOS.reach","2019-07-16T15:15Z","2019-10-27","LECO.20190716.SURBER.5","A00000081125","LECO.20190716.SURBER.5_OLIGOCHAETE_1/1","PRISP1","Y","Pristina sp.",,"genus","Annelida","Clitellata","Oligochaeta","Oligochaeta",,,"Tubificida",,,,"Naididae","Pristininae",,,"Pristina","sp.",,"none",1,,3,56,5,"N","N",,"condition OK","Y",,"Kathman and Brinkhurst, 1998","N","EcoAnalysts Inc.","L. Flaherty",,,
"38f440e8-5664-477c-9e4a-67fe320faf08","D07","LECO","LECO.AOS.reach","2019-07-16T15:15Z","2019-10-27","LECO.20190716.SURBER.1","A00000081119",,"TANSP11","Y","Tanytarsus sp.",,"genus","Arthropoda","Hexapoda","Insecta","Pterygota","Neoptera","Holometabola","Diptera","Nematocera","Culicomorpha",,"Chironomidae","Chironominae","Tanytarsini",,"Tanytarsus","sp.",,"larva",2,,15,100,15,"N","N",,"condition OK","Y",,"Epler 2001","N","EcoAnalysts Inc.","W. Hoiland",,,
"f9822af2-7d9b-4d47-8528-ba082a3f8982","D07","LECO","LECO.AOS.reach","2019-07-16T15:15Z","2019-10-27","LECO.20190716.SURBER.5","A00000081125",,"PLASP17","Y","Plauditus sp.",,"genus","Arthropoda","Hexapoda","Insecta","Pterygota","Palaeoptera",,"Ephemeroptera","Pisciforma",,,"Baetidae",,,,"Plauditus","sp.",,"larva",1,,2,56,4,"N","N",,"condition OK","Y",,"Merritt and Cummins 2008","N","EcoAnalysts Inc.","A. Navesky",,,
"7c8febca-9c7c-489c-96d6-2877c5076593","D07","LECO","LECO.AOS.reach","2019-07-16T15:15Z","2019-10-27","LECO.20190716.SURBER.4","A00000081122",,"ANTSP9","Y","Antocha sp.",,"genus","Arthropoda","Hexapoda","Insecta","Pterygota","Neoptera","Holometabola","Diptera","Nematocera","Tipulomorpha",,"Tipulidae","Limoniinae","Limoniini",,"Antocha","sp.",,"larva",1,,1,50,2,"N","N",,"condition OK","Y",,"Merritt and Cummins 2008","N","EcoAnalysts Inc.","A. Navesky",,,
"f49d9854-6aab-42ab-b2aa-fbc63aaeaa5c","D07","LECO","LECO.AOS.reach","2019-07-16T15:15Z","2019-10-26","LECO.20190716.CORE.2","A00000081127",,"LIRSP","Y","Lirceus sp.",,"genus","Arthropoda","Crustacea","Malacostraca","Eumalacostraca",,"Peracarida","Isopoda","Asellota",,"Aselloidea","Asellidae",,,,"Lirceus","sp.",,"larva",3,,1,100,1,"N","N",,"condition OK","Y",,"Thorp and Covich 2001","N","EcoAnalysts Inc.","A. Navesky",,,
"dfb551b0-03a9-49b0-bc45-c326e9e379dd","D07","LECO","LECO.AOS.reach","2019-07-16T15:15Z","2019-10-27","LECO.20190716.SURBER.5","A00000081125",,"RHYSP3","Y","Rhyacophila sp.",,"genus","Arthropoda","Hexapoda","Insecta","Pterygota","Neoptera","Holometabola","Trichoptera",,,"Rhyacophiloidea","Rhyacophilidae",,,,"Rhyacophila","sp.",,"larva",2,,1,56,2,"Y","N",,"condition OK","Y",,"Wiggins 1996","N","EcoAnalysts Inc.","A. Navesky",,,
"20489229-4251-488e-a61d-5550ffbe6337","D07","LECO","LECO.AOS.reach","2019-07-16T15:15Z","2019-10-26","LECO.20190716.CORE.3","A00000081128",,"STESP10","Y","Stempellinella sp.",,"genus","Arthropoda","Hexapoda","Insecta","Pterygota","Neoptera","Holometabola","Diptera","Nematocera","Culicomorpha",,"Chironomidae","Chironominae","Tanytarsini",,"Stempellinella","sp.",,"pupa",2,,1,100,1,"N","N",,"condition OK","Y",,"Epler 2001","N","EcoAnalysts Inc.","W. Hoiland",,,
"cc67edd3-b4a4-48a6-b1fa-1ff2685ec761","D07","LECO","LECO.AOS.reach","2019-07-16T15:15Z","2019-10-27","LECO.20190716.SURBER.5","A00000081125",,"LOPSP","Y","Lopescladius sp.",,"genus","Arthropoda","Hexapoda","Insecta","Pterygota","Neoptera","Holometabola","Diptera","Nematocera","Culicomorpha",,"Chironomidae","Orthocladiinae",,,"Lopescladius","sp.",,"larva",2,,2,56,4,"N","N",,"condition OK","Y",,"Epler 2001","N","EcoAnalysts Inc.","W. Hoiland",,,
"42410222-6aad-4862-92b4-ea83a0a8f867","D07","LECO","LECO.AOS.reach","2019-07-16T15:15Z","2019-10-27","LECO.20190716.SURBER.5","A00000081125",,"SWESP","Y","Sweltsa sp.",,"genus","Arthropoda","Hexapoda","Insecta","Pterygota","Neoptera","Polyneoptera","Plecoptera","Systellognatha",,,"Chloroperlidae","Chloroperlinae",,,"Sweltsa","sp.",,"larva",2,,2,56,4,"N","N",,"condition OK","Y",,"Stewart and Stark, 2002","N","EcoAnalysts Inc.","A. Navesky",,,
"33701ca1-dded-43f1-8faf-774fea80ebf8","D07","LECO","LECO.AOS.reach","2019-07-16T15:15Z","2019-10-27","LECO.20190716.SURBER.2","A00000081120",,"GOESP1","Y","Goera sp.",,"genus","Arthropoda","Hexapoda","Insecta","Pterygota","Neoptera","Holometabola","Trichoptera",,,"Limnephiloidea","Goeridae","Goerinae",,,"Goera","sp.",,"larva",3,,1,100,1,"N","N",,"damaged, affecting measurement","Y",,"Wiggins 1996","Y","EcoAnalysts Inc.","A. Navesky","Fragment measured, damaged during sample processing",,
"15a6f500-0007-4122-b3d9-35d8bf1a2b1e","D07","LECO","LECO.AOS.reach","2019-07-16T15:15Z","2019-10-26","LECO.20190716.CORE.2","A00000081127",,"CAPSP2","Y","Capniidae sp.",,"family","Arthropoda","Hexapoda","Insecta","Pterygota","Neoptera","Polyneoptera","Plecoptera","Euholognatha",,,"Capniidae",,,,,"sp.",,"larva",1,,1,100,1,"Y","N",,"condition OK","Y",,"Stewart and Stark, 2002","N","EcoAnalysts Inc.","A. Navesky",,,
"74c6b924-e2da-481c-bf2f-74dc70726d9f","D07","LECO","LECO.AOS.reach","2019-07-16T15:15Z","2019-10-26","LECO.20190716.CORE.1","A00000081126",,"STESP10","Y","Stempellinella sp.",,"genus","Arthropoda","Hexapoda","Insecta","Pterygota","Neoptera","Holometabola","Diptera","Nematocera","Culicomorpha",,"Chironomidae","Chironominae","Tanytarsini",,"Stempellinella","sp.",,"larva",2,,12,88,14,"N","N",,"condition OK","Y",,"Epler 2001","N","EcoAnalysts Inc.","W. Hoiland",,,
"e733748a-b3be-49d2-bafc-5504e2e42598","D07","LECO","LECO.AOS.reach","2019-07-16T15:15Z","2019-10-26","LECO.20190716.CORE.1","A00000081126",,"ANCBIC","Y","Anchytarsus bicolor",,"species","Arthropoda","Hexapoda","Insecta","Pterygota","Neoptera","Holometabola","Coleoptera","Polyphaga","Elateriformia","Byrrhoidea","Ptilodactylidae","Anchytarsinae",,,"Anchytarsus","bicolor",,"larva",11,,1,88,1,"N","N",,"condition OK","Y",,"Merritt and Cummins 2008","N","EcoAnalysts Inc.","A. Navesky",,,
"ff42a8c1-e0dc-416f-90d9-626cf59be86b","D07","LECO","LECO.AOS.reach","2019-07-16T15:15Z","2019-10-27","LECO.20190716.SURBER.3","A00000081121",,"ELMSP","Y","Elmidae sp.",,"family","Arthropoda","Hexapoda","Insecta","Pterygota","Neoptera","Holometabola","Coleoptera","Polyphaga","Elateriformia","Byrrhoidea","Elmidae",,,,,"sp.",,"larva",1,,9,100,9,"Y","N",,"condition OK","N",,"Merritt and Cummins 2008","N","EcoAnalysts Inc.","A. Navesky",,,
"c43ca0c3-7634-412e-bd90-3f2a888d68ce","D07","LECO","LECO.AOS.reach","2019-07-16T15:15Z","2019-10-27","LECO.20190716.SURBER.5","A00000081125",,"CORSP19","Y","Corynoneura sp.",,"genus","Arthropoda","Hexapoda","Insecta","Pterygota","Neoptera","Holometabola","Diptera","Nematocera","Culicomorpha",,"Chironomidae","Orthocladiinae",,,"Corynoneura","sp.",,"larva",2,,4,56,7,"N","N",,"condition OK","Y",,"Epler 2001","N","EcoAnalysts Inc.","W. Hoiland",,,
"2b8131d5-f80f-4369-a461-8b913073b53e","D07","LECO","LECO.AOS.reach","2019-07-16T15:15Z","2019-10-27","LECO.20190716.SURBER.4","A00000081122",,"RHYSP3","Y","Rhyacophila sp.",,"genus","Arthropoda","Hexapoda","Insecta","Pterygota","Neoptera","Holometabola","Trichoptera",,,"Rhyacophiloidea","Rhyacophilidae",,,,"Rhyacophila","sp.",,"larva",2,,1,50,2,"Y","N",,"condition OK","Y",,"Wiggins 1996","N","EcoAnalysts Inc.","A. Navesky",,,
"8f6e8a5c-5472-4fe8-b5ad-4a7fcb053e6b","D07","LECO","LECO.AOS.reach","2019-07-16T15:15Z","2019-10-26","LECO.20190716.CORE.1","A00000081126",,"CERSP10","Y","Ceratopogoninae sp.",,"subfamily","Arthropoda","Hexapoda","Insecta","Pterygota","Neoptera","Holometabola","Diptera","Nematocera","Culicomorpha",,"Ceratopogonidae","Ceratopogoninae",,,,"sp.",,"larva",3,,2,88,2,"N","Y",,"condition OK","Y",,"Merritt and Cummins 2008","N","EcoAnalysts Inc.","A. Navesky",,,
"133c1c8f-894e-4522-94f5-bba2a700f299","D07","LECO","LECO.AOS.reach","2019-07-16T15:15Z","2019-10-26","LECO.20190716.CORE.1","A00000081126",,"NILFIM","Y","Nilotanypus fimbriatus",,"species","Arthropoda","Hexapoda","Insecta","Pterygota","Neoptera","Holometabola","Diptera","Nematocera","Culicomorpha",,"Chironomidae","Tanypodinae","Pentaneurini",,"Nilotanypus","fimbriatus",,"larva",2,,2,88,2,"N","N",,"condition OK","Y",,"Epler 2001","N","EcoAnalysts Inc.","W. Hoiland",,,
"71912ed9-2834-4267-a732-38a93efa1b82","D07","LECO","LECO.AOS.reach","2019-07-16T15:15Z","2019-10-27","LECO.20190716.SURBER.4","A00000081122",,"LEUSP8","Y","Leuctra sp.",,"genus","Arthropoda","Hexapoda","Insecta","Pterygota","Neoptera","Polyneoptera","Plecoptera","Euholognatha",,,"Leuctridae","Leuctrinae",,,"Leuctra","sp.",,"larva",3,,1,50,2,"N","N",,"condition OK","Y",,"Stewart and Stark, 2002","N","EcoAnalysts Inc.","A. Navesky",,,
"65b02c6a-e816-4dec-b7bb-e3e3fb70287d","D07","LECO","LECO.AOS.reach","2019-07-16T15:15Z","2019-10-27","LECO.20190716.SURBER.2","A00000081120",,"TANSP11","Y","Tanytarsus sp.",,"genus","Arthropoda","Hexapoda","Insecta","Pterygota","Neoptera","Holometabola","Diptera","Nematocera","Culicomorpha",,"Chironomidae","Chironominae","Tanytarsini",,"Tanytarsus","sp.",,"larva",2,,27,100,27,"N","N",,"condition OK","Y",,"Epler 2001","Y","EcoAnalysts Inc.","W. Hoiland",,,
"67a87ad1-736a-4a39-993c-bdb27cb71725","D07","LECO","LECO.AOS.reach","2019-07-16T15:15Z","2019-10-26","LECO.20190716.CORE.1","A00000081126",,"SWESP","Y","Sweltsa sp.",,"genus","Arthropoda","Hexapoda","Insecta","Pterygota","Neoptera","Polyneoptera","Plecoptera","Systellognatha",,,"Chloroperlidae","Chloroperlinae",,,"Sweltsa","sp.",,"larva",3,,4,88,5,"N","N",,"condition OK","Y",,"Stewart and Stark, 2002","N","EcoAnalysts Inc.","A. Navesky",,,
"042efd65-83a7-4ecf-8d7c-721c5928272c","D07","LECO","LECO.AOS.reach","2019-07-16T15:15Z","2019-10-27","LECO.20190716.SURBER.4","A00000081122",,"TORSP6","Y","Torrenticola sp.",,"genus","Arthropoda","Chelicerata","Arachnida","Acari",,"Acariformes","Trombidiformes","Prostigmata",,"Lebertioidea","Torrenticolidae",,,,"Torrenticola","sp.",,"none",1,,6,50,12,"N","N",,"condition OK","Y",,"Thorp and Covich 2001","N","EcoAnalysts Inc.","A. Navesky",,,
"84c92e0b-684d-4097-997b-c951508fed19","D07","LECO","LECO.AOS.reach","2019-07-16T15:15Z","2019-10-27","LECO.20190716.SURBER.1","A00000081119",,"PERSP1","Y","Perlidae sp.",,"family","Arthropoda","Hexapoda","Insecta","Pterygota","Neoptera","Polyneoptera","Plecoptera","Systellognatha",,,"Perlidae",,,,,"sp.",,"larva",2,,2,100,2,"Y","N",,"condition OK","Y",,"Stewart and Stark, 2002","N","EcoAnalysts Inc.","A. Navesky",,,
"09c445ec-0418-4b46-b9a7-344569c4f322","D07","LECO","LECO.AOS.reach","2019-07-16T15:15Z","2019-10-27","LECO.20190716.SURBER.2","A00000081120",,"LEUSP8","Y","Leuctra sp.",,"genus","Arthropoda","Hexapoda","Insecta","Pterygota","Neoptera","Polyneoptera","Plecoptera","Euholognatha",,,"Leuctridae","Leuctrinae",,,"Leuctra","sp.",,"larva",3,,4,100,4,"N","N",,"condition OK","Y",,"Stewart and Stark, 2002","Y","EcoAnalysts Inc.","A. Navesky",,,
"81815da9-0efb-4908-affd-309d554644a9","D07","LECO","LECO.AOS.reach","2019-07-16T15:15Z","2019-10-27","LECO.20190716.SURBER.1","A00000081119",,"THISP2","Y","Thienemanniella sp.",,"genus","Arthropoda","Hexapoda","Insecta","Pterygota","Neoptera","Holometabola","Diptera","Nematocera","Culicomorpha",,"Chironomidae","Orthocladiinae",,,"Thienemanniella","sp.",,"larva",2,,10,100,10,"N","N",,"condition OK","Y",,"Epler 2001","N","EcoAnalysts Inc.","W. Hoiland",,,
"249277be-dba7-4e50-8241-8dd1ebefa893","D07","LECO","LECO.AOS.reach","2019-07-16T15:15Z","2019-10-27","LECO.20190716.SURBER.3","A00000081121",,"SUBSP","Y","Sublettea sp.",,"genus","Arthropoda","Hexapoda","Insecta","Pterygota","Neoptera","Holometabola","Diptera","Nematocera","Culicomorpha",,"Chironomidae","Chironominae","Tanytarsini",,"Sublettea","sp.",,"larva",2,,1,100,1,"N","N",,"condition OK","Y",,"Epler 2001","N","EcoAnalysts Inc.","W. Hoiland",,,
"04e2d110-d9db-4138-8137-d27a1c11d7fc","D07","LECO","LECO.AOS.reach","2019-07-16T15:15Z","2019-10-27","LECO.20190716.SURBER.2","A00000081120",,"KRESP1","Y","Krenosmittia sp.",,"genus","Arthropoda","Hexapoda","Insecta","Pterygota","Neoptera","Holometabola","Diptera","Nematocera","Culicomorpha",,"Chironomidae","Orthocladiinae",,,"Krenosmittia","sp.",,"larva",3,,1,100,1,"N","N",,"condition OK","Y",,"Epler 2001","Y","EcoAnalysts Inc.","W. Hoiland",,,
"c9d9f1c8-a03b-4acf-be51-209a9538ccec","D07","LECO","LECO.AOS.reach","2019-07-16T15:15Z","2019-10-27","LECO.20190716.SURBER.3","A00000081121",,"PSYFLA","Y","Psychomyia flavida",,"species","Arthropoda","Hexapoda","Insecta","Pterygota","Neoptera","Holometabola","Trichoptera",,,"Hydropsychoidea","Psychomyiidae","Psychomyiinae",,,"Psychomyia","flavida",,"larva",2,,1,100,1,"N","N",,"condition OK","Y",,"Wiggins 1996","N","EcoAnalysts Inc.","A. Navesky",,,
"09623b20-6cfb-4549-aeaa-62aa9a61c010","D07","LECO","LECO.AOS.reach","2019-07-16T15:15Z","2019-10-27","LECO.20190716.SURBER.5","A00000081125","LECO.20190716.SURBER.5_OLIGOCHAETE_1/1","LUMSP2","Y","Lumbriculidae sp.",,"family","Annelida","Clitellata","Oligochaeta","Oligochaeta",,,"Lumbriculida",,,,"Lumbriculidae",,,,,"sp.",,"none",2,,1,56,2,"N","N",,"condition OK","Y",,"Kathman and Brinkhurst, 1999","N","EcoAnalysts Inc.","L. Flaherty",,,
"fec2396a-dadf-4bdc-8938-2dd8d87c45f1","D07","LECO","LECO.AOS.reach","2019-07-16T15:15Z","2019-10-26","LECO.20190716.CORE.1","A00000081126",,"NEMSP","Y","Nematoda sp.",,"phylum","Nematoda",,,,,,,,,,,,,,,"sp.",,"none",4,,1,88,1,"N","Y",,"condition OK","Y",,"Thorp and Covich 2001","N","EcoAnalysts Inc.","A. Navesky",,,
"13d9f0fc-7265-425c-ba7b-8d966bd3d214","D07","LECO","LECO.AOS.reach","2019-07-16T15:15Z","2019-10-27","LECO.20190716.SURBER.5","A00000081125",,"BAESP","Y","Baetidae sp.",,"family","Arthropoda","Hexapoda","Insecta","Pterygota","Palaeoptera",,"Ephemeroptera","Pisciforma",,,"Baetidae",,,,,"sp.",,"larva",1,,13,56,23,"Y","N",,"condition OK","N",,"Merritt and Cummins 2008","N","EcoAnalysts Inc.","A. Navesky",,,
"ae0a9ebf-1ab6-4e65-bbeb-2902c0d8d3b6","D07","LECO","LECO.AOS.reach","2019-07-16T15:15Z","2019-10-27","LECO.20190716.SURBER.3","A00000081121",,"LOPSP","Y","Lopescladius sp.",,"genus","Arthropoda","Hexapoda","Insecta","Pterygota","Neoptera","Holometabola","Diptera","Nematocera","Culicomorpha",,"Chironomidae","Orthocladiinae",,,"Lopescladius","sp.",,"larva",3,,2,100,2,"N","N",,"condition OK","Y",,"Epler 2001","N","EcoAnalysts Inc.","W. Hoiland",,,
"6998066f-cd8d-4a95-b542-30281c1f16ed","D07","LECO","LECO.AOS.reach","2019-07-16T15:15Z","2019-10-26","LECO.20190716.CORE.3","A00000081128",,"LEUSP7","Y","Leucrocuta sp.",,"genus","Arthropoda","Hexapoda","Insecta","Pterygota","Palaeoptera",,"Ephemeroptera","Pisciforma",,"Heptagenioidea","Heptageniidae",,,,"Leucrocuta","sp.",,"larva",2,,1,100,1,"N","N",,"condition OK","Y",,"Merritt and Cummins 2008","N","EcoAnalysts Inc.","A. Navesky",,,
"03a37db3-1ebb-4cde-84b0-5dbf63d03a6c","D07","LECO","LECO.AOS.reach","2019-07-16T15:15Z","2019-10-27","LECO.20190716.SURBER.2","A00000081120",,"THIGRO","Y","Thienemannimyia gr.",,"speciesGroup","Arthropoda","Hexapoda","Insecta","Pterygota","Neoptera","Holometabola","Diptera","Nematocera","Culicomorpha",,"Chironomidae","Tanypodinae","Pentaneurini",,"Thienemannimyia","gr.",,"larva",2,,2,100,2,"N","N",,"condition OK","Y",,"Epler 2001","Y","EcoAnalysts Inc.","W. Hoiland",,,
"b12c98ca-e461-47ec-8781-b8b917820cc8","D07","LECO","LECO.AOS.reach","2019-07-16T15:15Z","2019-10-27","LECO.20190716.SURBER.2","A00000081120",,"TANSP8","Y","Tanytarsini sp.",,"tribe","Arthropoda","Hexapoda","Insecta","Pterygota","Neoptera","Holometabola","Diptera","Nematocera","Culicomorpha",,"Chironomidae","Chironominae","Tanytarsini",,,"sp.",,"larva",3,,4,100,4,"N","N",,"damaged, affecting taxonomy","N",,"Epler 2001","Y","EcoAnalysts Inc.","W. Hoiland",,,
"112cdcb5-450f-4472-b044-3c3708eee3dd","D07","LECO","LECO.AOS.reach","2019-07-16T15:15Z","2019-10-26","LECO.20190716.CORE.3","A00000081128",,"DIASP8","Y","Diamesa sp.",,"genus","Arthropoda","Hexapoda","Insecta","Pterygota","Neoptera","Holometabola","Diptera","Nematocera","Culicomorpha",,"Chironomidae","Diamesinae","Diamesini",,"Diamesa","sp.",,"larva",4,,1,100,1,"N","N",,"condition OK","Y",,"Epler 2001","N","EcoAnalysts Inc.","W. Hoiland",,,
"7a5415d4-8c3c-4f26-a7ce-62e7e3ab2de1","D07","LECO","LECO.AOS.reach","2019-07-16T15:15Z","2019-10-27","LECO.20190716.SURBER.1","A00000081119",,"HYDSP4","Y","Hydropsychidae sp.",,"family","Arthropoda","Hexapoda","Insecta","Pterygota","Neoptera","Holometabola","Trichoptera",,,"Hydropsychoidea","Hydropsychidae",,,,,"sp.",,"larva",1,,2,100,2,"Y","N",,"condition OK","N",,"Wiggins 1996","N","EcoAnalysts Inc.","A. Navesky",,,
"8a9d1edf-27ed-40da-9131-9a0beb5a85c9","D07","LECO","LECO.AOS.reach","2019-07-16T15:15Z","2019-10-26","LECO.20190716.CORE.2","A00000081127",,"NILFIM","Y","Nilotanypus fimbriatus",,"species","Arthropoda","Hexapoda","Insecta","Pterygota","Neoptera","Holometabola","Diptera","Nematocera","Culicomorpha",,"Chironomidae","Tanypodinae","Pentaneurini",,"Nilotanypus","fimbriatus",,"larva",2,,9,100,9,"N","N",,"condition OK","Y",,"Epler 2001","N","EcoAnalysts Inc.","W. Hoiland",,,
"17f659bc-2add-4195-8ecd-5aa541387087","D07","LECO","LECO.AOS.reach","2019-07-16T15:15Z","2019-10-27","LECO.20190716.SURBER.1","A00000081119",,"ATRSP3","Y","Atractides sp.",,"genus","Arthropoda","Chelicerata","Arachnida","Acari",,"Acariformes","Trombidiformes","Prostigmata",,"Hygrobatoidea","Hygrobatidae",,,,"Atractides","sp.",,"none",1,,1,100,1,"N","N",,"condition OK","Y",,"Thorp and Covich 2001","N","EcoAnalysts Inc.","A. Navesky",,,
"5d7ac7ac-db6c-4971-9c2e-619528f0c6fe","D07","LECO","LECO.AOS.reach","2019-07-16T15:15Z","2019-10-26","LECO.20190716.CORE.2","A00000081127","LECO.20190716.CORE.2_STEMPELLINA SP.","STESP9","Y","Stempellina sp.",,"genus","Arthropoda","Hexapoda","Insecta","Pterygota","Neoptera","Holometabola","Diptera","Nematocera","Culicomorpha",,"Chironomidae","Chironominae","Tanytarsini",,"Stempellina","sp.",,"larva",2,,1,100,1,"N","N",,"condition OK","Y",,"Epler 2001","N","EcoAnalysts Inc.","W. Hoiland","1InRef.Coll., In RC",,
"0d2b5130-6897-4173-9221-7d7ae91b804b","D07","LECO","LECO.AOS.reach","2019-07-16T15:15Z","2019-10-26","LECO.20190716.CORE.2","A00000081127",,"SWESP","Y","Sweltsa sp.",,"genus","Arthropoda","Hexapoda","Insecta","Pterygota","Neoptera","Polyneoptera","Plecoptera","Systellognatha",,,"Chloroperlidae","Chloroperlinae",,,"Sweltsa","sp.",,"larva",3,,2,100,2,"N","N",,"condition OK","Y",,"Stewart and Stark, 2002","N","EcoAnalysts Inc.","A. Navesky",,,
"0fb5b41a-b508-4278-b3b4-3a058e602d3e","D07","LECO","LECO.AOS.reach","2019-07-16T15:15Z","2019-10-27","LECO.20190716.SURBER.1","A00000081119",,"KRESP1","Y","Krenosmittia sp.",,"genus","Arthropoda","Hexapoda","Insecta","Pterygota","Neoptera","Holometabola","Diptera","Nematocera","Culicomorpha",,"Chironomidae","Orthocladiinae",,,"Krenosmittia","sp.",,"pupa",2,,3,100,3,"N","N",,"condition OK","Y",,"Epler 2001","N","EcoAnalysts Inc.","W. Hoiland",,,
"075a943d-73c4-4bb7-a631-489b3ea25145","D07","LECO","LECO.AOS.reach","2019-07-16T15:15Z","2019-10-26","LECO.20190716.CORE.3","A00000081128",,"NEMSP","Y","Nematoda sp.",,"phylum","Nematoda",,,,,,,,,,,,,,,"sp.",,"none",6,,1,100,1,"N","Y",,"condition OK","Y",,"Thorp and Covich 2001","N","EcoAnalysts Inc.","A. Navesky",,,
"4347cec2-ebb3-46f5-a158-eee839021d5a","D07","LECO","LECO.AOS.reach","2019-07-16T15:15Z","2019-10-27","LECO.20190716.SURBER.4","A00000081122",,"TIPSP3","Y","Tipula sp.",,"genus","Arthropoda","Hexapoda","Insecta","Pterygota","Neoptera","Holometabola","Diptera","Nematocera","Tipulomorpha",,"Tipulidae","Tipulinae",,,"Tipula","sp.",,"larva",11,,1,50,2,"N","N",,"condition OK","Y",,"Merritt and Cummins 2008","N","EcoAnalysts Inc.","A. Navesky",,,
"ae7fd030-c0f9-47f3-921d-6c549b886285","D07","LECO","LECO.AOS.reach","2019-07-16T15:15Z","2019-10-27","LECO.20190716.SURBER.1","A00000081119","LECO.20190716.SURBER.1_OLIGOCHAETE_1/1","PRISP1","Y","Pristina sp.",,"genus","Annelida","Clitellata","Oligochaeta","Oligochaeta",,,"Tubificida",,,,"Naididae","Pristininae",,,"Pristina","sp.",,"none",2,,1,100,1,"N","N",,"condition OK","Y",,"Kathman and Brinkhurst, 1998","N","EcoAnalysts Inc.","L. Flaherty",,,
"2c296298-6a76-411f-8048-10559f93c883","D07","LECO","LECO.AOS.reach","2019-07-16T15:15Z","2019-10-26","LECO.20190716.CORE.3","A00000081128",,"ANCBIC","Y","Anchytarsus bicolor",,"species","Arthropoda","Hexapoda","Insecta","Pterygota","Neoptera","Holometabola","Coleoptera","Polyphaga","Elateriformia","Byrrhoidea","Ptilodactylidae","Anchytarsinae",,,"Anchytarsus","bicolor",,"larva",14,,1,100,1,"N","N",,"condition OK","Y",,"Merritt and Cummins 2008","N","EcoAnalysts Inc.","A. Navesky",,,
"fa58805e-6163-49d3-b020-4957bf04051d","D07","LECO","LECO.AOS.reach","2019-07-16T15:15Z","2019-10-27","LECO.20190716.SURBER.2","A00000081120",,"ELMSP","Y","Elmidae sp.",,"family","Arthropoda","Hexapoda","Insecta","Pterygota","Neoptera","Holometabola","Coleoptera","Polyphaga","Elateriformia","Byrrhoidea","Elmidae",,,,,"sp.",,"larva",1,,15,100,15,"Y","N",,"condition OK","N",,"Merritt and Cummins 2008","Y","EcoAnalysts Inc.","A. Navesky",,,
"17ea6896-51d1-4836-947b-874111956070","D07","LECO","LECO.AOS.reach","2019-07-16T15:15Z","2019-10-27","LECO.20190716.SURBER.4","A00000081122","LECO.20190716.SURBER.4_OLIGOCHAETE_1/1","LUMSP1","Y","Lumbricina sp.",,"suborder","Annelida","Clitellata","Oligochaeta","Oligochaeta",,,"Tubificida","Lumbricina",,,,,,,,"sp.",,"none",13,,2,50,4,"N","N",,"condition OK","Y",,"Kathman and Brinkhurst, 1999","N","EcoAnalysts Inc.","L. Flaherty",,,
"05c46fe4-c904-415b-ad24-6112263e3302","D07","LECO","LECO.AOS.reach","2019-07-16T15:15Z","2019-10-26","LECO.20190716.CORE.2","A00000081127",,"LEUSP8","Y","Leuctra sp.",,"genus","Arthropoda","Hexapoda","Insecta","Pterygota","Neoptera","Polyneoptera","Plecoptera","Euholognatha",,,"Leuctridae","Leuctrinae",,,"Leuctra","sp.",,"larva",5,,4,100,4,"N","N",,"condition OK","Y",,"Stewart and Stark, 2002","N","EcoAnalysts Inc.","A. Navesky",,,
"0c222bb5-f6a6-4bb0-b10a-d5676d497500","D07","LECO","LECO.AOS.reach","2019-07-16T15:15Z","2019-10-27","LECO.20190716.SURBER.1","A00000081119",,"OULSP","Y","Oulimnius sp.",,"genus","Arthropoda","Hexapoda","Insecta","Pterygota","Neoptera","Holometabola","Coleoptera","Polyphaga","Elateriformia","Byrrhoidea","Elmidae","Elminae","Elmini",,"Oulimnius","sp.",,"larva",2,,3,100,3,"N","N",,"condition OK","Y",,"Merritt and Cummins 2008","N","EcoAnalysts Inc.","A. Navesky",,,
"78790b86-b87a-4e7c-8e2c-ca0d2c6a5012","D07","LECO","LECO.AOS.reach","2019-07-16T15:15Z","2019-10-26","LECO.20190716.CORE.2","A00000081127",,"ELMSP","Y","Elmidae sp.",,"family","Arthropoda","Hexapoda","Insecta","Pterygota","Neoptera","Holometabola","Coleoptera","Polyphaga","Elateriformia","Byrrhoidea","Elmidae",,,,,"sp.",,"larva",1,,1,100,1,"Y","N",,"condition OK","N",,"Merritt and Cummins 2008","N","EcoAnalysts Inc.","A. Navesky",,,
"5555a53b-2773-46e1-8335-6d071288eae0","D07","LECO","LECO.AOS.reach","2019-07-16T15:15Z","2019-10-26","LECO.20190716.CORE.3","A00000081128","LECO.20190716.CORE.3_OLIGOCHAETE_1/1","PRISP1","Y","Pristina sp.",,"genus","Annelida","Clitellata","Oligochaeta","Oligochaeta",,,"Tubificida",,,,"Naididae","Pristininae",,,"Pristina","sp.",,"none",2,,2,100,2,"N","N",,"condition OK","Y",,"Kathman and Brinkhurst, 1998","N","EcoAnalysts Inc.","L. Flaherty",,,
"a5e4c12b-c6d4-4f94-8e89-07702338f5de","D07","LECO","LECO.AOS.reach","2019-07-16T15:15Z","2019-10-27","LECO.20190716.SURBER.3","A00000081121",,"CHESP5","Y","Cheumatopsyche sp.",,"genus","Arthropoda","Hexapoda","Insecta","Pterygota","Neoptera","Holometabola","Trichoptera",,,"Hydropsychoidea","Hydropsychidae","Hydropsychinae",,,"Cheumatopsyche","sp.",,"larva",2,,3,100,3,"N","N",,"condition OK","Y",,"Wiggins 1996","N","EcoAnalysts Inc.","A. Navesky",,,
"fbcc1c40-bde6-402a-9b3a-60147cf2022e","D07","LECO","LECO.AOS.reach","2019-07-16T15:15Z","2019-10-27","LECO.20190716.SURBER.2","A00000081120",,"SUBSP","Y","Sublettea sp.",,"genus","Arthropoda","Hexapoda","Insecta","Pterygota","Neoptera","Holometabola","Diptera","Nematocera","Culicomorpha",,"Chironomidae","Chironominae","Tanytarsini",,"Sublettea","sp.",,"larva",1,,1,100,1,"N","N",,"condition OK","Y",,"Epler 2001","Y","EcoAnalysts Inc.","W. Hoiland",,,
"d140656f-4c24-458d-9ae6-9f2cbee83cc4","D07","LECO","LECO.AOS.reach","2019-07-16T15:15Z","2019-10-26","LECO.20190716.CORE.1","A00000081126",,"DICSP6","Y","Dicranota sp.",,"genus","Arthropoda","Hexapoda","Insecta","Pterygota","Neoptera","Holometabola","Diptera","Nematocera","Tipulomorpha",,"Tipulidae","Limoniinae","Pediciini",,"Dicranota","sp.",,"larva",9,,1,88,1,"N","N",,"condition OK","Y",,"Merritt and Cummins 2008","N","EcoAnalysts Inc.","A. Navesky",,,
"e8e00bf7-2838-44c1-af97-3e3111597dd5","D07","LECO","LECO.AOS.reach","2019-07-16T15:15Z","2019-10-26","LECO.20190716.CORE.3","A00000081128",,"OULSP","Y","Oulimnius sp.",,"genus","Arthropoda","Hexapoda","Insecta","Pterygota","Neoptera","Holometabola","Coleoptera","Polyphaga","Elateriformia","Byrrhoidea","Elmidae","Elminae","Elmini",,"Oulimnius","sp.",,"larva",2,,1,100,1,"N","N",,"condition OK","Y",,"Merritt and Cummins 2008","N","EcoAnalysts Inc.","A. Navesky",,,
"e3637d8a-cb23-46f1-b971-78b7db60dfb1","D07","LECO","LECO.AOS.reach","2019-07-16T15:15Z","2019-10-27","LECO.20190716.SURBER.2","A00000081120",,"LOPSP","Y","Lopescladius sp.",,"genus","Arthropoda","Hexapoda","Insecta","Pterygota","Neoptera","Holometabola","Diptera","Nematocera","Culicomorpha",,"Chironomidae","Orthocladiinae",,,"Lopescladius","sp.",,"larva",4,,1,100,1,"N","N",,"condition OK","Y",,"Epler 2001","Y","EcoAnalysts Inc.","W. Hoiland",,,
"46635496-972b-4478-bae4-2e822ae278f7","D07","LECO","LECO.AOS.reach","2019-07-16T15:15Z","2019-10-27","LECO.20190716.SURBER.2","A00000081120",,"MACSP11","Y","Maccaffertium sp.",,"genus","Arthropoda","Hexapoda","Insecta","Pterygota","Palaeoptera",,"Ephemeroptera","Pisciforma",,"Heptagenioidea","Heptageniidae",,,,"Maccaffertium","sp.",,"larva",2,,4,100,4,"Y","N",,"condition OK","N",,"Merritt and Cummins 2008","Y","EcoAnalysts Inc.","A. Navesky",,,
"81481673-31f2-41b5-a09b-dcaaa480e0f9","D07","LECO","LECO.AOS.reach","2019-07-16T15:15Z","2019-10-26","LECO.20190716.CORE.3","A00000081128",,"PSYFLA","Y","Psychomyia flavida",,"species","Arthropoda","Hexapoda","Insecta","Pterygota","Neoptera","Holometabola","Trichoptera",,,"Hydropsychoidea","Psychomyiidae","Psychomyiinae",,,"Psychomyia","flavida",,"larva",1,,1,100,1,"N","N",,"condition OK","Y",,"Wiggins 1996","N","EcoAnalysts Inc.","A. Navesky",,,
"6a63c7f8-0855-4ab0-b810-1dea5ce4acee","D07","LECO","LECO.AOS.reach","2019-07-16T15:15Z","2019-10-26","LECO.20190716.CORE.1","A00000081126",,"HELSP10","Y","Heleniella sp.",,"genus","Arthropoda","Hexapoda","Insecta","Pterygota","Neoptera","Holometabola","Diptera","Nematocera","Culicomorpha",,"Chironomidae","Orthocladiinae",,,"Heleniella","sp.",,"larva",1,,2,88,2,"N","N",,"condition OK","Y",,"Epler 2001","N","EcoAnalysts Inc.","W. Hoiland",,,
"fae24422-9caf-4962-bf8a-10aba3dfa36b","D07","LECO","LECO.AOS.reach","2019-07-16T15:15Z","2019-10-26","LECO.20190716.CORE.3","A00000081128",,"PSYFLA","Y","Psychomyia flavida",,"species","Arthropoda","Hexapoda","Insecta","Pterygota","Neoptera","Holometabola","Trichoptera",,,"Hydropsychoidea","Psychomyiidae","Psychomyiinae",,,"Psychomyia","flavida",,"larva",2,,1,100,1,"N","N",,"condition OK","Y",,"Wiggins 1996","N","EcoAnalysts Inc.","A. Navesky",,,
"8ce27563-75a1-4a56-909f-394b7b76d677","D07","LECO","LECO.AOS.reach","2019-07-16T15:15Z","2019-10-27","LECO.20190716.SURBER.5","A00000081125",,"EUKBRE","Y","Eukiefferiella brehmi gr.",,"speciesGroup","Arthropoda","Hexapoda","Insecta","Pterygota","Neoptera","Holometabola","Diptera","Nematocera","Culicomorpha",,"Chironomidae","Orthocladiinae",,,"Eukiefferiella","brehmi gr.",,"larva",3,,2,56,4,"N","N",,"condition OK","Y",,"Epler 2001","N","EcoAnalysts Inc.","W. Hoiland",,,
"a4fd36aa-836f-4499-8f79-f4b934cc5193","D07","LECO","LECO.AOS.reach","2019-07-16T15:15Z","2019-10-27","LECO.20190716.SURBER.2","A00000081120",,"HYDSP4","Y","Hydropsychidae sp.",,"family","Arthropoda","Hexapoda","Insecta","Pterygota","Neoptera","Holometabola","Trichoptera",,,"Hydropsychoidea","Hydropsychidae",,,,,"sp.",,"larva",1,,1,100,1,"Y","N",,"condition OK","N",,"Wiggins 1996","Y","EcoAnalysts Inc.","A. Navesky",,,
"c0c23795-3245-4a4e-b743-8f5e55e86d75","D07","LECO","LECO.AOS.reach","2019-07-16T15:15Z","2019-10-27","LECO.20190716.SURBER.1","A00000081119",,"HELSP10","Y","Heleniella sp.",,"genus","Arthropoda","Hexapoda","Insecta","Pterygota","Neoptera","Holometabola","Diptera","Nematocera","Culicomorpha",,"Chironomidae","Orthocladiinae",,,"Heleniella","sp.",,"pupa",2,,1,100,1,"N","N",,"condition OK","Y",,"Epler 2001","N","EcoAnalysts Inc.","W. Hoiland",,,
"d72c5fa8-b0cf-47a3-ba85-69991eff4f90","D07","LECO","LECO.AOS.reach","2019-07-16T15:15Z","2019-10-27","LECO.20190716.SURBER.1","A00000081119",,"OPTSP","Y","Optioservus sp.",,"genus","Arthropoda","Hexapoda","Insecta","Pterygota","Neoptera","Holometabola","Coleoptera","Polyphaga","Elateriformia","Byrrhoidea","Elmidae","Elminae","Elmini",,"Optioservus","sp.",,"larva",2,,1,100,1,"N","N",,"condition OK","Y",,"Merritt and Cummins 2008","N","EcoAnalysts Inc.","A. Navesky",,,
"63097258-deb3-4c26-8054-d636ec6d4905","D07","LECO","LECO.AOS.reach","2019-07-16T15:15Z","2019-10-26","LECO.20190716.CORE.3","A00000081128","LECO.20190716.CORE.3_OLIGOCHAETE_1/1","PRISP1","Y","Pristina sp.",,"genus","Annelida","Clitellata","Oligochaeta","Oligochaeta",,,"Tubificida",,,,"Naididae","Pristininae",,,"Pristina","sp.",,"none",2,,1,100,1,"N","N",,"damaged, affecting measurement","Y",,"Kathman and Brinkhurst, 1998","N","EcoAnalysts Inc.","L. Flaherty","Fragment measured",,
"610b0d7a-6066-40b2-abc2-4cdb509a8f68","D07","LECO","LECO.AOS.reach","2019-07-16T15:15Z","2019-10-27","LECO.20190716.SURBER.2","A00000081120",,"HEPSP","Y","Heptageniidae sp.",,"family","Arthropoda","Hexapoda","Insecta","Pterygota","Palaeoptera",,"Ephemeroptera","Pisciforma",,"Heptagenioidea","Heptageniidae",,,,,"sp.",,"larva",1,,3,100,3,"Y","N",,"condition OK","N",,"Merritt and Cummins 2008","Y","EcoAnalysts Inc.","A. Navesky",,,
"4a057a9e-f59a-47fa-9c0c-221be33e903c","D07","LECO","LECO.AOS.reach","2019-07-16T15:15Z","2019-10-27","LECO.20190716.SURBER.5","A00000081125",,"HYDSP4","Y","Hydropsychidae sp.",,"family","Arthropoda","Hexapoda","Insecta","Pterygota","Neoptera","Holometabola","Trichoptera",,,"Hydropsychoidea","Hydropsychidae",,,,,"sp.",,"larva",1,,3,56,5,"Y","N",,"condition OK","Y",,"Wiggins 1996","N","EcoAnalysts Inc.","A. Navesky",,,
"f0d5f484-0afc-4476-8075-1ebd21ab73a6","D07","LECO","LECO.AOS.reach","2019-07-16T15:15Z","2019-10-27","LECO.20190716.SURBER.1","A00000081119","LECO.20190716.SURBER.1_OLIGOCHAETE_1/1","LUMSP2","Y","Lumbriculidae sp.",,"family","Annelida","Clitellata","Oligochaeta","Oligochaeta",,,"Lumbriculida",,,,"Lumbriculidae",,,,,"sp.",,"none",16,,1,100,1,"N","N",,"condition OK","Y",,"Kathman and Brinkhurst, 1999","N","EcoAnalysts Inc.","L. Flaherty",,,
"f1f437df-98c4-43b1-88c5-1b9110ca476a","D07","LECO","LECO.AOS.reach","2019-07-16T15:15Z","2019-10-26","LECO.20190716.CORE.2","A00000081127",,"TANSP11","Y","Tanytarsus sp.",,"genus","Arthropoda","Hexapoda","Insecta","Pterygota","Neoptera","Holometabola","Diptera","Nematocera","Culicomorpha",,"Chironomidae","Chironominae","Tanytarsini",,"Tanytarsus","sp.",,"larva",2,,11,100,11,"N","N",,"condition OK","Y",,"Epler 2001","N","EcoAnalysts Inc.","W. Hoiland",,,
"76203683-9faf-46a0-b923-460d6f5bbbea","D07","LECO","LECO.AOS.reach","2019-07-16T15:15Z","2019-10-27","LECO.20190716.SURBER.4","A00000081122",,"KRESP1","Y","Krenosmittia sp.",,"genus","Arthropoda","Hexapoda","Insecta","Pterygota","Neoptera","Holometabola","Diptera","Nematocera","Culicomorpha",,"Chironomidae","Orthocladiinae",,,"Krenosmittia","sp.",,"larva",3,,2,50,4,"N","N",,"condition OK","Y",,"Epler 2001","N","EcoAnalysts Inc.","W. Hoiland",,,
"33c8cc7e-fd64-48e4-864e-76486245eb19","D07","LECO","LECO.AOS.reach","2019-07-16T15:15Z","2019-10-26","LECO.20190716.CORE.3","A00000081128",,"NILFIM","Y","Nilotanypus fimbriatus",,"species","Arthropoda","Hexapoda","Insecta","Pterygota","Neoptera","Holometabola","Diptera","Nematocera","Culicomorpha",,"Chironomidae","Tanypodinae","Pentaneurini",,"Nilotanypus","fimbriatus",,"larva",1,,1,100,1,"N","N",,"condition OK","Y",,"Epler 2001","N","EcoAnalysts Inc.","W. Hoiland",,,
"0dadbf13-ea08-48ec-b5fb-768e66ebc822","D07","LECO","LECO.AOS.reach","2019-07-16T15:15Z","2019-10-27","LECO.20190716.SURBER.2","A00000081120",,"HELSP10","Y","Heleniella sp.",,"genus","Arthropoda","Hexapoda","Insecta","Pterygota","Neoptera","Holometabola","Diptera","Nematocera","Culicomorpha",,"Chironomidae","Orthocladiinae",,,"Heleniella","sp.",,"larva",2,,1,100,1,"N","N",,"condition OK","Y",,"Epler 2001","Y","EcoAnalysts Inc.","W. Hoiland",,,
"b869cace-c540-4e34-8343-387a7a463b5a","D07","LECO","LECO.AOS.reach","2019-07-16T15:15Z","2019-10-27","LECO.20190716.SURBER.4","A00000081122",,"THISP2","Y","Thienemanniella sp.",,"genus","Arthropoda","Hexapoda","Insecta","Pterygota","Neoptera","Holometabola","Diptera","Nematocera","Culicomorpha",,"Chironomidae","Orthocladiinae",,,"Thienemanniella","sp.",,"larva",2,,10,50,20,"N","N",,"condition OK","Y",,"Epler 2001","N","EcoAnalysts Inc.","W. Hoiland",,,
"a85ae929-6169-467f-bad8-5bb875161a03","D07","LECO","LECO.AOS.reach","2019-07-16T15:15Z","2019-10-27","LECO.20190716.SURBER.1","A00000081119",,"DIPHAG","Y","Diphetor hageni",,"species","Arthropoda","Hexapoda","Insecta","Pterygota","Palaeoptera",,"Ephemeroptera","Pisciforma",,,"Baetidae",,,,"Diphetor","hageni",,"larva",1,,1,100,1,"N","N",,"condition OK","Y",,"Morihara and McCafferty 1979","N","EcoAnalysts Inc.","A. Navesky",,,
"1d8c8c4d-8cbe-4b2d-8546-9f34fa0acd60","D07","LECO","LECO.AOS.reach","2019-07-16T15:15Z","2019-10-27","LECO.20190716.SURBER.2","A00000081120","LECO.20190716.SURBER.2_OLIGOCHAETE_1/1","LUMSP2","Y","Lumbriculidae sp.",,"family","Annelida","Clitellata","Oligochaeta","Oligochaeta",,,"Lumbriculida",,,,"Lumbriculidae",,,,,"sp.",,"none",7,,1,100,1,"N","N",,"damaged, affecting measurement","Y",,"Kathman and Brinkhurst, 1999","Y","EcoAnalysts Inc.","L. Flaherty","Fragment measured",,
"02bcc9b5-a22d-4157-a87b-9841be22b14f","D07","LECO","LECO.AOS.reach","2019-07-16T15:15Z","2019-10-27","LECO.20190716.SURBER.3","A00000081121",,"ACESP","Y","Acentrella sp.",,"genus","Arthropoda","Hexapoda","Insecta","Pterygota","Palaeoptera",,"Ephemeroptera","Pisciforma",,,"Baetidae",,,,"Acentrella","sp.",,"larva",1,,1,100,1,"Y","N",,"condition OK","Y",,"Merritt and Cummins 2008","N","EcoAnalysts Inc.","A. Navesky",,,
"afee483c-8672-457c-89ec-a00a6963cf16","D07","LECO","LECO.AOS.reach","2019-07-16T15:15Z","2019-10-27","LECO.20190716.SURBER.4","A00000081122",,"LOPSP","Y","Lopescladius sp.",,"genus","Arthropoda","Hexapoda","Insecta","Pterygota","Neoptera","Holometabola","Diptera","Nematocera","Culicomorpha",,"Chironomidae","Orthocladiinae",,,"Lopescladius","sp.",,"larva",3,,3,50,6,"N","N",,"condition OK","Y",,"Epler 2001","N","EcoAnalysts Inc.","W. Hoiland",,,
"a24446af-e08d-465e-a7e6-2623fe0df0bc","D07","LECO","LECO.AOS.reach","2019-07-16T15:15Z","2019-10-26","LECO.20190716.CORE.3","A00000081128",,"ANCBIC","Y","Anchytarsus bicolor",,"species","Arthropoda","Hexapoda","Insecta","Pterygota","Neoptera","Holometabola","Coleoptera","Polyphaga","Elateriformia","Byrrhoidea","Ptilodactylidae","Anchytarsinae",,,"Anchytarsus","bicolor",,"larva",6,,3,100,3,"N","N",,"condition OK","Y",,"Merritt and Cummins 2008","N","EcoAnalysts Inc.","A. Navesky",,,
"42ef63e2-9454-4437-8513-091f68997b0c","D07","LECO","LECO.AOS.reach","2019-07-16T15:15Z","2019-10-26","LECO.20190716.CORE.3","A00000081128",,"DEMSP1","Y","Demicryptochironomus sp.",,"genus","Arthropoda","Hexapoda","Insecta","Pterygota","Neoptera","Holometabola","Diptera","Nematocera","Culicomorpha",,"Chironomidae","Chironominae","Chironomini",,"Demicryptochironomus","sp.",,"larva",3,,1,100,1,"N","N",,"condition OK","Y",,"Epler 2001","N","EcoAnalysts Inc.","W. Hoiland",,,
"79080d3c-0d5c-4933-ba5c-faa9c13856a9","D07","LECO","LECO.AOS.reach","2019-07-16T15:15Z","2019-10-27","LECO.20190716.SURBER.4","A00000081122",,"PARSP26","Y","Parametriocnemus sp.",,"genus","Arthropoda","Hexapoda","Insecta","Pterygota","Neoptera","Holometabola","Diptera","Nematocera","Culicomorpha",,"Chironomidae","Orthocladiinae",,,"Parametriocnemus","sp.",,"pupa",3,,1,50,2,"N","N",,"condition OK","Y",,"Epler 2001","N","EcoAnalysts Inc.","W. Hoiland",,,
"2cd7e081-2866-4e68-a1d4-53d8c6b3ac0f","D07","LECO","LECO.AOS.reach","2019-07-16T15:15Z","2019-10-27","LECO.20190716.SURBER.1","A00000081119",,"NEOSP40","Y","Neostempellina sp.",,"genus","Arthropoda","Hexapoda","Insecta",,,,"Diptera","Nematocera",,,"Chironomidae","Chironominae","Tanytarsini",,"Neostempellina","sp.",,"larva",1,,8,100,8,"N","N",,"condition OK","Y",,"Epler 2001","N","EcoAnalysts Inc.","W. Hoiland",,,
"88ee9cfe-4cfd-486e-b63f-500d226eec78","D07","LECO","LECO.AOS.reach","2019-07-16T15:15Z","2019-10-27","LECO.20190716.SURBER.5","A00000081125",,"LEUSP7","Y","Leucrocuta sp.",,"genus","Arthropoda","Hexapoda","Insecta","Pterygota","Palaeoptera",,"Ephemeroptera","Pisciforma",,"Heptagenioidea","Heptageniidae",,,,"Leucrocuta","sp.",,"larva",2,,2,56,4,"N","N",,"condition OK","Y",,"Merritt and Cummins 2008","N","EcoAnalysts Inc.","A. Navesky",,,
"1c9569b2-4b89-48d3-8e96-30fb451357f6","D07","LECO","LECO.AOS.reach","2019-07-16T15:15Z","2019-10-27","LECO.20190716.SURBER.1","A00000081119",,"TIPSP","Y","Tipulidae sp.",,"family","Arthropoda","Hexapoda","Insecta","Pterygota","Neoptera","Holometabola","Diptera","Nematocera","Tipulomorpha",,"Tipulidae",,,,,"sp.",,"larva",1,,3,100,3,"Y","N",,"condition OK","Y",,"Merritt and Cummins 2008","N","EcoAnalysts Inc.","A. Navesky",,,
"78dd628d-edc1-4e97-ae8a-9ca0f439d680","D07","LECO","LECO.AOS.reach","2019-07-16T15:15Z","2019-10-26","LECO.20190716.CORE.3","A00000081128",,"CORSP3","Y","Cordulegastridae sp.",,"family","Arthropoda","Hexapoda","Insecta","Pterygota","Palaeoptera",,"Odonata","Anisoptera",,,"Cordulegastridae",,,,,"sp.",,"larva",4,,1,100,1,"Y","N",,"condition OK","Y",,"Tennessen 2019","N","EcoAnalysts Inc.","A. Navesky","1InRef.Coll., RC specimen",,
"b71071b4-4a5a-4451-ba65-cc22db4ba9e3","D07","LECO","LECO.AOS.reach","2019-07-16T15:15Z","2019-10-27","LECO.20190716.SURBER.2","A00000081120",,"DIPMOD","Y","Diplectrona modesta",,"species","Arthropoda","Hexapoda","Insecta","Pterygota","Neoptera","Holometabola","Trichoptera",,,"Hydropsychoidea","Hydropsychidae","Diplectroninae",,,"Diplectrona","modesta",,"larva",10,,1,100,1,"N","N",,"condition OK","Y",,"Wiggins 1996","Y","EcoAnalysts Inc.","A. Navesky",,,
"65ee80c4-767f-4392-920f-61fc505fa0dc","D07","LECO","LECO.AOS.reach","2019-07-16T15:15Z","2019-10-26","LECO.20190716.CORE.2","A00000081127",,"HEPSP","Y","Heptageniidae sp.",,"family","Arthropoda","Hexapoda","Insecta","Pterygota","Palaeoptera",,"Ephemeroptera","Pisciforma",,"Heptagenioidea","Heptageniidae",,,,,"sp.",,"larva",1,,6,100,6,"Y","N",,"condition OK","N",,"Merritt and Cummins 2008","N","EcoAnalysts Inc.","A. Navesky",,,
