uid,domainID,siteID,namedLocation,collectDate,identifiedDate,sampleID,sampleCode,slideID,acceptedTaxonID,targetTaxaPresent,scientificName,morphospeciesID,taxonRank,phylum,subphylum,class,subclass,infraclass,superorder,order,suborder,infraorder,superfamily,family,subfamily,tribe,subtribe,genus,specificEpithet,infraspecificEpithet,invertebrateLifeStage,sizeClass,sizeCategory,individualCount,subsamplePercent,estimatedTotalCount,immatureSpecimen,indeterminateSpecies,taxonRankQualifier,sampleCondition,distinctTaxon,identificationQualifier,identificationReferences,qcChecked,laboratoryName,identifiedBy,identificationRemarks,identificationHistoryID,dataQF
"abd47d19-c84c-4a1e-9c1f-bb30d296c069","D07","WALK","WALK.AOS.reach","2018-03-13T13:39Z","2018-08-16","WALK.20180313.SURBER.6",,,"THISP2","Y","Thienemanniella sp.",,"genus","Arthropoda","Hexapoda","Insecta","Pterygota","Neoptera","Holometabola","Diptera","Nematocera","Culicomorpha",,"Chironomidae","Orthocladiinae",,,"Thienemanniella","sp.",,"larva",2,,14,78,18,"N","N",,"condition OK","Y",,"Epler 2001","N","EcoAnalysts Inc.","G. Wallace",,,
"c68e72e5-d70f-40ee-a129-386feb2725ad","D07","WALK","WALK.AOS.reach","2018-03-13T13:39Z","2018-07-24","WALK.20180313.SURBER.2",,,"CHLSP","Y","Chloroperlidae sp.",,"family","Arthropoda","Hexapoda","Insecta","Pterygota","Neoptera","Polyneoptera","Plecoptera","Systellognatha",,,"Chloroperlidae",,,,,"sp.",,"larva",2,,1,31,3,"Y","N",,"condition OK","Y",,"Stewart and Stark, 2002","N","EcoAnalysts Inc.","A. Navesky",,,
"23e943cc-ae73-435f-8b3d-29b2cdeacec3","D07","WALK","WALK.AOS.reach","2018-03-13T13:39Z","2018-07-24","WALK.20180313.SURBER.2",,,"HABSP1","Y","Habrophlebiodes sp.",,"genus","Arthropoda","Hexapoda","Insecta","Pterygota","Palaeoptera",,"Ephemeroptera","Furcatergalia","Lanceolata",,"Leptophlebiidae",,,,"Habrophlebiodes","sp.",,"larva",1,,1,31,3,"N","N",,"damaged, affecting measurement","Y",,"Merritt and Cummins 2008","N","EcoAnalysts Inc.","A. Navesky",,,
"6c617db2-4093-4c54-be61-9bb158fc9a9d","D07","WALK","WALK.AOS.reach","2018-03-13T13:39Z","2018-07-24","WALK.20180313.SURBER.2",,,"BAETRI","Y","Baetis tricaudatus",,"species","Arthropoda","Hexapoda","Insecta","Pterygota","Palaeoptera",,"Ephemeroptera","Pisciforma",,,"Baetidae",,,,"Baetis","tricaudatus",,"larva",5,,1,31,3,"N","N",,"condition OK","Y",,"Wiersema 2004","N","EcoAnalysts Inc.","A. Navesky",,,
"063051b0-725c-447e-b8e7-7b44ae4e56cd","D07","WALK","WALK.AOS.reach","2018-03-13T13:39Z","2018-07-25","WALK.20180313.SURBER.3",,"WALK.20180313.SURBER.3_OLIGOCHAETE_1/1","NAISP","Y","Naididae sp.","tubificoid Naididae w/o cap setae","family","Annelida","Clitellata","Oligochaeta","Oligochaeta",,,"Tubificida",,,,"Naididae",,,,,"sp.",,"larva",4,,1,42,2,"N","N",,"condition OK","Y",,"Kathman and Brinkhurst, 1998","N","EcoAnalysts Inc.","L. Flaherty",,,
"06e05456-1e73-46ef-935b-0bc83c304b68","D07","WALK","WALK.AOS.reach","2018-03-13T13:39Z","2018-07-24","WALK.20180313.SURBER.1",,,"CHLSP","Y","Chloroperlidae sp.",,"family","Arthropoda","Hexapoda","Insecta","Pterygota","Neoptera","Polyneoptera","Plecoptera","Systellognatha",,,"Chloroperlidae",,,,,"sp.",,"larva",1,,8,63,13,"Y","N",,"condition OK","N",,"Stewart and Stark, 2002","Y","EcoAnalysts Inc.","A. Navesky",,,
"0085f397-b655-4519-8ebb-5275a0392207","D07","WALK","WALK.AOS.reach","2018-03-13T13:39Z","2018-07-24","WALK.20180313.SURBER.2",,,"DOLSP2","Y","Dolophilodes sp.",,"genus","Arthropoda","Hexapoda","Insecta","Pterygota","Neoptera","Holometabola","Trichoptera",,,"Philopotamoidea","Philopotamidae","Philopotaminae",,,"Dolophilodes","sp.",,"larva",2,,3,31,10,"N","N",,"condition OK","Y",,"Wiggins 1996","N","EcoAnalysts Inc.","A. Navesky",,,
"97ad51e6-d341-47a6-ad28-b3723efdda8d","D07","WALK","WALK.AOS.reach","2018-03-13T13:39Z","2018-07-24","WALK.20180313.SURBER.3",,,"OULSP","Y","Oulimnius sp.",,"genus","Arthropoda","Hexapoda","Insecta","Pterygota","Neoptera","Holometabola","Coleoptera","Polyphaga","Elateriformia","Byrrhoidea","Elmidae","Elminae","Elmini",,"Oulimnius","sp.",,"larva",2,,6,42,14,"N","N",,"condition OK","Y",,"Merritt and Cummins 2008","N","EcoAnalysts Inc.","A. Navesky",,,
"97d1122f-58fd-4090-a75e-639ce268942c","D07","WALK","WALK.AOS.reach","2018-03-13T13:39Z","2018-07-24","WALK.20180313.SURBER.1",,,"DIPMOD","Y","Diplectrona modesta",,"species","Arthropoda","Hexapoda","Insecta","Pterygota","Neoptera","Holometabola","Trichoptera",,,"Hydropsychoidea","Hydropsychidae","Diplectroninae",,,"Diplectrona","modesta",,"larva",9,,1,63,2,"N","N",,"condition OK","Y",,"Wiggins 1996","Y","EcoAnalysts Inc.","A. Navesky",,,
"df598c26-bd68-4c56-b042-59674e37ef50","D07","WALK","WALK.AOS.reach","2018-03-13T13:39Z","2018-07-24","WALK.20180313.SURBER.4",,,"OCHSP1","Y","Ochrotrichia sp.",,"genus","Arthropoda","Hexapoda","Insecta","Pterygota","Neoptera","Holometabola","Trichoptera",,,"Hydroptiloidea","Hydroptilidae","Hydroptilinae","Ochrotrichiini",,"Ochrotrichia","sp.",,"larva",1,,4,38,11,"N","N",,"condition OK","Y",,"Wiggins 1996","N","EcoAnalysts Inc.","A. Navesky",,,
"fe21554d-69d0-44d5-98b8-c29c3cfd8c1c","D07","WALK","WALK.AOS.reach","2018-03-13T13:39Z","2018-08-16","WALK.20180313.SURBER.6",,,"STESP10","Y","Stempellinella sp.",,"genus","Arthropoda","Hexapoda","Insecta","Pterygota","Neoptera","Holometabola","Diptera","Nematocera","Culicomorpha",,"Chironomidae","Chironominae","Tanytarsini",,"Stempellinella","sp.",,"larva",3,,7,78,9,"N","N",,"condition OK","Y",,"Epler 2001","N","EcoAnalysts Inc.","G. Wallace",,,
"f24031e4-fbcf-4094-8f82-17d2b20fd2a7","D07","WALK","WALK.AOS.reach","2018-03-13T13:39Z","2018-07-27","WALK.20180313.SURBER.6",,"WALK.20180313.SURBER.6_OLIGOCHAETE_2/2|WALK.20180313.SURBER.6_OLIGOCHAETE_1/2","NAISP","Y","Naididae sp.","tubificoid Naididae w/o cap setae","family","Annelida","Clitellata","Oligochaeta","Oligochaeta",,,"Tubificida",,,,"Naididae",,,,,"sp.",,"larva",3,,1,78,1,"N","N",,"damaged, affecting measurement","Y",,"Kathman and Brinkhurst, 1998","N","EcoAnalysts Inc.","L. Flaherty",,,
"7961f976-40b2-459a-bc85-302241b71d01","D07","WALK","WALK.AOS.reach","2018-03-13T13:39Z","2018-07-25","WALK.20180313.SURBER.7",,,"GAMSP3","Y","Gammarus sp.",,"genus","Arthropoda","Crustacea","Malacostraca","Eumalacostraca",,"Peracarida","Amphipoda","Gammaridea",,,"Gammaridae",,,,"Gammarus","sp.",,"larva",3,,1,100,1,"N","N",,"condition OK","Y",,"Thorp and Covich 2001","N","EcoAnalysts Inc.","A. Navesky",,,
"84e29439-01f8-41d7-ab21-3d56ca89af70","D07","WALK","WALK.AOS.reach","2018-03-13T13:39Z","2018-07-24","WALK.20180313.SURBER.3",,,"OCHSP1","Y","Ochrotrichia sp.",,"genus","Arthropoda","Hexapoda","Insecta","Pterygota","Neoptera","Holometabola","Trichoptera",,,"Hydroptiloidea","Hydroptilidae","Hydroptilinae","Ochrotrichiini",,"Ochrotrichia","sp.",,"larva",3,,1,42,2,"N","N",,"condition OK","Y",,"Wiggins 1996","N","EcoAnalysts Inc.","A. Navesky",,,
"8aa678f4-98b1-468c-b7dc-023080171843","D07","WALK","WALK.AOS.reach","2018-03-13T13:39Z","2018-07-25","WALK.20180313.SURBER.5",,,"GAMSP3","Y","Gammarus sp.",,"genus","Arthropoda","Crustacea","Malacostraca","Eumalacostraca",,"Peracarida","Amphipoda","Gammaridea",,,"Gammaridae",,,,"Gammarus","sp.",,"larva",1,,2,100,2,"N","N",,"condition OK","Y",,"Thorp and Covich 2001","N","EcoAnalysts Inc.","A. Navesky",,,
"34d0ec93-8e8e-4c2b-8490-76342651f032","D07","WALK","WALK.AOS.reach","2018-03-13T13:39Z","2018-07-25","WALK.20180313.SURBER.6",,,"LYPDIV","Y","Lype diversa",,"species","Arthropoda","Hexapoda","Insecta","Pterygota","Neoptera","Holometabola","Trichoptera",,,"Hydropsychoidea","Psychomyiidae","Psychomyiinae",,,"Lype","diversa",,"larva",3,,1,78,1,"N","N",,"damaged, affecting measurement","Y",,"Wiggins 1996","N","EcoAnalysts Inc.","A. Navesky",,,
"ddeb2962-0768-43e3-9a77-e12600716bf8","D07","WALK","WALK.AOS.reach","2018-03-13T13:39Z","2018-07-25","WALK.20180313.SURBER.5",,,"ATUSP1","Y","Aturus sp.",,"genus","Arthropoda","Chelicerata","Arachnida","Acari",,"Acariformes","Trombidiformes","Prostigmata",,"Hygrobatoidea","Aturidae",,,,"Aturus","sp.",,"adult",1,,1,100,1,"N","N",,"condition OK","Y",,"Thorp and Covich 2001","N","EcoAnalysts Inc.","A. Navesky",,,
"5eb7c442-9a4e-44b8-b3a4-5592b3ca5859","D07","WALK","WALK.AOS.reach","2018-03-13T13:39Z","2018-08-16","WALK.20180313.SURBER.4",,,"PARSP26","Y","Parametriocnemus sp.",,"genus","Arthropoda","Hexapoda","Insecta","Pterygota","Neoptera","Holometabola","Diptera","Nematocera","Culicomorpha",,"Chironomidae","Orthocladiinae",,,"Parametriocnemus","sp.",,"larva",2,,1,38,3,"N","N",,"condition OK","Y",,"Epler 2001","N","EcoAnalysts Inc.","G. Wallace",,,
"0b9255c5-4282-461e-b5dc-6a6d620cecec","D07","WALK","WALK.AOS.reach","2018-03-13T13:39Z","2018-07-24","WALK.20180313.SURBER.4",,,"LEPSP20","Y","Lepidostoma sp.",,"genus","Arthropoda","Hexapoda","Insecta","Pterygota","Neoptera","Holometabola","Trichoptera",,,"Limnephiloidea","Lepidostomatidae","Lepidostomatinae",,,"Lepidostoma","sp.",,"larva",1,,1,38,3,"N","N",,"condition OK","Y",,"Wiggins 1996","N","EcoAnalysts Inc.","A. Navesky",,,
"f19435ed-cf05-4142-8a25-b9e590ebd5a8","D07","WALK","WALK.AOS.reach","2018-03-13T13:39Z","2018-07-25","WALK.20180313.SURBER.5",,,"COLSP1","Y","Collembola sp.",,"order","Arthropoda","Hexapoda","Collembola",,,,"Collembola",,,,,,,,,"sp.",,"larva",1,,1,100,1,"N","N",,"condition OK","Y",,"Triplehorn and Johnson 2005","N","EcoAnalysts Inc.","A. Navesky",,,
"77bbd53f-5c0b-4a69-b37d-47cb57103e17","D07","WALK","WALK.AOS.reach","2018-03-13T13:39Z","2018-07-24","WALK.20180313.SURBER.3",,,"HEXSP3","Y","Hexatoma sp.",,"genus","Arthropoda","Hexapoda","Insecta","Pterygota","Neoptera","Holometabola","Diptera","Nematocera","Tipulomorpha",,"Tipulidae","Limoniinae","Hexatomini",,"Hexatoma","sp.",,"larva",7,,1,42,2,"N","N",,"condition OK","Y",,"Merritt and Cummins 2008","N","EcoAnalysts Inc.","A. Navesky",,,
"dd60afe9-6567-47e3-adc9-49b16e36d0aa","D07","WALK","WALK.AOS.reach","2018-03-13T13:39Z","2018-08-17","WALK.20180313.SURBER.6",,"WALK.20180313.SURBER.6.TANYTARSUS SP.","TANSP11","Y","Tanytarsus sp.",,"genus","Arthropoda","Hexapoda","Insecta","Pterygota","Neoptera","Holometabola","Diptera","Nematocera","Culicomorpha",,"Chironomidae","Chironominae","Tanytarsini",,"Tanytarsus","sp.",,"larva",4,,1,78,1,"N","N",,"condition OK","Y",,"Epler 2001","N","EcoAnalysts Inc.","G. Wallace",,,
"8753dd79-d47e-4e99-9835-7da4b67d876d","D07","WALK","WALK.AOS.reach","2018-03-13T13:39Z","2018-07-24","WALK.20180313.SURBER.1",,,"DOLSP2","Y","Dolophilodes sp.",,"genus","Arthropoda","Hexapoda","Insecta","Pterygota","Neoptera","Holometabola","Trichoptera",,,"Philopotamoidea","Philopotamidae","Philopotaminae",,,"Dolophilodes","sp.",,"larva",2,,1,63,2,"N","N",,"condition OK","Y",,"Wiggins 1996","Y","EcoAnalysts Inc.","A. Navesky",,,
"2f5cc008-41df-4ca6-a848-1f56b2d6e0e7","D07","WALK","WALK.AOS.reach","2018-03-13T13:39Z","2018-08-16","WALK.20180313.SURBER.7",,,"THISP2","Y","Thienemanniella sp.",,"genus","Arthropoda","Hexapoda","Insecta","Pterygota","Neoptera","Holometabola","Diptera","Nematocera","Culicomorpha",,"Chironomidae","Orthocladiinae",,,"Thienemanniella","sp.",,"larva",2,,2,100,2,"N","N",,"condition OK","Y",,"Epler 2001","N","EcoAnalysts Inc.","G. Wallace",,,
"cad3f171-dcf7-42e3-baf9-7764d90dbded","D07","WALK","WALK.AOS.reach","2018-03-13T13:39Z","2018-07-25","WALK.20180313.SURBER.6",,,"EURSP4","Y","Eurylophella sp.",,"genus","Arthropoda","Hexapoda","Insecta","Pterygota","Palaeoptera",,"Ephemeroptera","Furcatergalia","Pannota","Ephemerelloidea","Ephemerellidae",,,,"Eurylophella","sp.",,"larva",2,,4,78,5,"Y","N",,"condition OK","Y",,"Merritt and Cummins 2008","N","EcoAnalysts Inc.","A. Navesky",,,
"019567ab-b6d4-46fe-b214-57060e7d077a","D07","WALK","WALK.AOS.reach","2018-03-13T13:39Z","2018-07-25","WALK.20180313.SURBER.6",,,"LEUSP8","Y","Leuctra sp.",,"genus","Arthropoda","Hexapoda","Insecta","Pterygota","Neoptera","Polyneoptera","Plecoptera","Euholognatha",,,"Leuctridae","Leuctrinae",,,"Leuctra","sp.",,"larva",3,,2,78,3,"N","N",,"condition OK","Y",,"Stewart and Stark, 2002","N","EcoAnalysts Inc.","A. Navesky",,,
"b796f270-edc3-45c7-b03a-70f4ec4de7f2","D07","WALK","WALK.AOS.reach","2018-03-13T13:39Z","2018-08-16","WALK.20180313.SURBER.4",,,"POLAVI","Y","Polypedilum aviceps",,"species","Arthropoda","Hexapoda","Insecta","Pterygota","Neoptera","Holometabola","Diptera","Nematocera","Culicomorpha",,"Chironomidae","Chironominae","Chironomini",,"Polypedilum","aviceps",,"larva",1,,1,38,3,"N","N",,"damaged, affecting measurement","Y",,"Maschwitz and Cook 2000","N","EcoAnalysts Inc.","G. Wallace",,,
"17a93499-a4e6-4b4f-985d-8aefbc4f4d92","D07","WALK","WALK.AOS.reach","2018-03-13T13:39Z","2018-07-24","WALK.20180313.SURBER.1",,,"NEOSP13","Y","Neophylax sp.",,"genus","Arthropoda","Hexapoda","Insecta","Pterygota","Neoptera","Holometabola","Trichoptera",,,"Limnephiloidea","Uenoidae","Thremmatinae",,,"Neophylax","sp.",,"larva",3,,1,63,2,"N","N",,"condition OK","Y",,"Wiggins 1996","Y","EcoAnalysts Inc.","A. Navesky",,,
"9f27e0f3-492e-483c-9a9c-742be77b5e79","D07","WALK","WALK.AOS.reach","2018-03-13T13:39Z","2018-07-24","WALK.20180313.SURBER.3",,,"PLESP2","Y","Pleuroceridae sp.",,"family","Mollusca",,"Gastropoda",,,,"Neotaenioglossa",,,,"Pleuroceridae",,,,,"sp.",,"larva",3,,2,42,5,"Y","N",,"condition OK","Y",,"Thorp and Covich 2001","N","EcoAnalysts Inc.","A. Navesky",,,
"15aebde9-c5dc-48a8-82dc-50fd29914978","D07","WALK","WALK.AOS.reach","2018-03-13T13:39Z","2018-07-24","WALK.20180313.SURBER.4",,,"ECTSP2","Y","Ectopria sp.",,"genus","Arthropoda","Hexapoda","Insecta","Pterygota","Neoptera","Holometabola","Coleoptera","Polyphaga","Elateriformia","Byrrhoidea","Psephenidae","Eubriinae",,,"Ectopria","sp.",,"larva",2,,1,38,3,"N","N",,"condition OK","Y",,"Merritt and Cummins 2008","N","EcoAnalysts Inc.","A. Navesky",,,
"351ce6f3-16a2-49a3-a45c-dc871ff4492f","D07","WALK","WALK.AOS.reach","2018-03-13T13:39Z","2018-08-16","WALK.20180313.SURBER.8",,,"CORSP19","Y","Corynoneura sp.",,"genus","Arthropoda","Hexapoda","Insecta","Pterygota","Neoptera","Holometabola","Diptera","Nematocera","Culicomorpha",,"Chironomidae","Orthocladiinae",,,"Corynoneura","sp.",,"larva",1,,3,100,3,"N","N",,"condition OK","Y",,"Epler 2001","N","EcoAnalysts Inc.","G. Wallace",,,
"0c2c0b0e-31a0-4bef-81de-790b2a6fb27a","D07","WALK","WALK.AOS.reach","2018-03-13T13:39Z","2018-07-24","WALK.20180313.SURBER.1",,,"PSEHER","Y","Psephenus herricki",,"species","Arthropoda","Hexapoda","Insecta","Pterygota","Neoptera","Holometabola","Coleoptera","Polyphaga","Elateriformia","Byrrhoidea","Psephenidae","Psepheninae",,,"Psephenus","herricki",,"larva",3,,1,63,2,"N","N",,"condition OK","Y",,"Merritt and Cummins 2008","Y","EcoAnalysts Inc.","A. Navesky",,,
"f93ad76b-7280-406e-bda0-a98cf2b15eae","D07","WALK","WALK.AOS.reach","2018-03-13T13:39Z","2018-07-24","WALK.20180313.SURBER.3",,,"BAESP2","Y","Baetis sp.",,"genus","Arthropoda","Hexapoda","Insecta","Pterygota","Palaeoptera",,"Ephemeroptera","Pisciforma",,,"Baetidae",,,,"Baetis","sp.",,"larva",3,,1,42,2,"N","N",,"damaged, affecting taxonomy and measurement","N",,"Merritt and Cummins 2008","N","EcoAnalysts Inc.","A. Navesky",,,
"c1493626-46f6-46af-9e91-afcf3b4678c8","D07","WALK","WALK.AOS.reach","2018-03-13T13:39Z","2018-07-25","WALK.20180313.SURBER.7",,,"ORISP1","Y","Oribatida sp.",,"suborder","Arthropoda","Chelicerata","Arachnida","Acari",,"Acariformes","Sarcoptiformes","Oribatida",,,,,,,,"sp.",,"adult",1,,1,100,1,"N","N",,"condition OK","Y",,"Thorp and Covich 2001","N","EcoAnalysts Inc.","A. Navesky",,,
"adba601a-7d93-4b67-bcc0-9c1587773adc","D07","WALK","WALK.AOS.reach","2018-03-13T13:39Z","2018-07-24","WALK.20180313.SURBER.3",,,"GAMSP3","Y","Gammarus sp.",,"genus","Arthropoda","Crustacea","Malacostraca","Eumalacostraca",,"Peracarida","Amphipoda","Gammaridea",,,"Gammaridae",,,,"Gammarus","sp.",,"larva",1,,1,42,2,"N","N",,"condition OK","Y",,"Thorp and Covich 2001","N","EcoAnalysts Inc.","A. Navesky",,,
"fb48677d-7cd7-4035-a95f-ac82a1f4706b","D07","WALK","WALK.AOS.reach","2018-03-13T13:39Z","2018-07-25","WALK.20180313.SURBER.7",,,"OULSP","Y","Oulimnius sp.",,"genus","Arthropoda","Hexapoda","Insecta","Pterygota","Neoptera","Holometabola","Coleoptera","Polyphaga","Elateriformia","Byrrhoidea","Elmidae","Elminae","Elmini",,"Oulimnius","sp.",,"larva",2,,5,100,5,"N","N",,"condition OK","Y",,"Merritt and Cummins 2008","N","EcoAnalysts Inc.","A. Navesky",,,
"66da9771-a1eb-46ea-8bfb-d3f9f282f8ef","D07","WALK","WALK.AOS.reach","2018-03-13T13:39Z","2018-08-17","WALK.20180313.SURBER.6",,"WALK.20180313.SURBER.6.TANYTARSUS SP.","TANSP11","Y","Tanytarsus sp.",,"genus","Arthropoda","Hexapoda","Insecta","Pterygota","Neoptera","Holometabola","Diptera","Nematocera","Culicomorpha",,"Chironomidae","Chironominae","Tanytarsini",,"Tanytarsus","sp.",,"larva",5,,2,78,3,"N","N",,"condition OK","Y",,"Epler 2001","N","EcoAnalysts Inc.","G. Wallace",,,
"6eb3e526-a4cc-4e17-b5d4-74a0a81f9ef3","D07","WALK","WALK.AOS.reach","2018-03-13T13:39Z","2018-08-16","WALK.20180313.SURBER.6",,,"STESP10","Y","Stempellinella sp.",,"genus","Arthropoda","Hexapoda","Insecta","Pterygota","Neoptera","Holometabola","Diptera","Nematocera","Culicomorpha",,"Chironomidae","Chironominae","Tanytarsini",,"Stempellinella","sp.",,"larva",2,,34,78,44,"N","N",,"condition OK","Y",,"Epler 2001","N","EcoAnalysts Inc.","G. Wallace",,,
"e066afd5-3502-4dfa-a288-d628b4e43575","D07","WALK","WALK.AOS.reach","2018-03-13T13:39Z","2018-07-27","WALK.20180313.SURBER.6",,"WALK.20180313.SURBER.6_OLIGOCHAETE_1/2|WALK.20180313.SURBER.6_OLIGOCHAETE_2/2","LUMSP1","Y","Lumbricina sp.",,"suborder","Annelida","Clitellata","Oligochaeta","Oligochaeta",,,"Tubificida","Lumbricina",,,,,,,,"sp.",,"larva",15,,2,78,3,"N","N",,"condition OK","Y",,"Kathman and Brinkhurst, 1999","N","EcoAnalysts Inc.","L. Flaherty",,,
"93daccab-8696-4de8-979a-2e01dea8e703","D07","WALK","WALK.AOS.reach","2018-03-13T13:39Z","2018-07-25","WALK.20180313.SURBER.5",,,"OULSP","Y","Oulimnius sp.",,"genus","Arthropoda","Hexapoda","Insecta","Pterygota","Neoptera","Holometabola","Coleoptera","Polyphaga","Elateriformia","Byrrhoidea","Elmidae","Elminae","Elmini",,"Oulimnius","sp.",,"larva",3,,3,100,3,"N","N",,"condition OK","Y",,"Merritt and Cummins 2008","N","EcoAnalysts Inc.","A. Navesky",,,
"3a4ef94a-192f-4a75-8f87-f3506e3989b1","D07","WALK","WALK.AOS.reach","2018-03-13T13:39Z","2018-08-16","WALK.20180313.SURBER.3",,,"PARSP26","Y","Parametriocnemus sp.",,"genus","Arthropoda","Hexapoda","Insecta","Pterygota","Neoptera","Holometabola","Diptera","Nematocera","Culicomorpha",,"Chironomidae","Orthocladiinae",,,"Parametriocnemus","sp.",,"larva",4,,1,42,2,"N","N",,"condition OK","Y",,"Epler 2001","N","EcoAnalysts Inc.","G. Wallace",,,
"6511000e-1bc2-45a7-8bbc-bb7b701e180f","D07","WALK","WALK.AOS.reach","2018-03-13T13:39Z","2018-07-24","WALK.20180313.SURBER.3",,,"OCHSP1","Y","Ochrotrichia sp.",,"genus","Arthropoda","Hexapoda","Insecta","Pterygota","Neoptera","Holometabola","Trichoptera",,,"Hydroptiloidea","Hydroptilidae","Hydroptilinae","Ochrotrichiini",,"Ochrotrichia","sp.",,"larva",1,,1,42,2,"N","N",,"damaged, affecting measurement","Y",,"Wiggins 1996","N","EcoAnalysts Inc.","A. Navesky",,,
"3f6868b2-72bf-4ed3-9bf6-a061bc994670","D07","WALK","WALK.AOS.reach","2018-03-13T13:39Z","2018-07-25","WALK.20180313.SURBER.7",,,"SWESP","Y","Sweltsa sp.",,"genus","Arthropoda","Hexapoda","Insecta","Pterygota","Neoptera","Polyneoptera","Plecoptera","Systellognatha",,,"Chloroperlidae","Chloroperlinae",,,"Sweltsa","sp.",,"larva",5,,1,100,1,"N","N",,"condition OK","Y",,"Stewart and Stark, 2002","N","EcoAnalysts Inc.","A. Navesky",,,
"640fe0d8-05a6-490d-8a41-1a3f8696d4bb","D07","WALK","WALK.AOS.reach","2018-03-13T13:39Z","2018-07-25","WALK.20180313.SURBER.7",,,"GAMSP3","Y","Gammarus sp.",,"genus","Arthropoda","Crustacea","Malacostraca","Eumalacostraca",,"Peracarida","Amphipoda","Gammaridea",,,"Gammaridae",,,,"Gammarus","sp.",,"larva",2,,1,100,1,"N","N",,"damaged, affecting measurement","Y",,"Thorp and Covich 2001","N","EcoAnalysts Inc.","A. Navesky",,,
"7a1e2f1b-68bc-4fa4-96e6-64afeac24b81","D07","WALK","WALK.AOS.reach","2018-03-13T13:39Z","2018-07-24","WALK.20180313.SURBER.1",,,"OULSP","Y","Oulimnius sp.",,"genus","Arthropoda","Hexapoda","Insecta","Pterygota","Neoptera","Holometabola","Coleoptera","Polyphaga","Elateriformia","Byrrhoidea","Elmidae","Elminae","Elmini",,"Oulimnius","sp.",,"adult",1,,18,63,29,"N","N",,"condition OK","Y",,"Merritt and Cummins 2008","Y","EcoAnalysts Inc.","A. Navesky",,,
"9c51ba4b-163c-4865-88e4-d61d488ecd98","D07","WALK","WALK.AOS.reach","2018-03-13T13:39Z","2018-08-16","WALK.20180313.SURBER.6",,,"THISP2","Y","Thienemanniella sp.",,"genus","Arthropoda","Hexapoda","Insecta","Pterygota","Neoptera","Holometabola","Diptera","Nematocera","Culicomorpha",,"Chironomidae","Orthocladiinae",,,"Thienemanniella","sp.",,"larva",1,,1,78,1,"N","N",,"damaged, affecting measurement","Y",,"Epler 2001","N","EcoAnalysts Inc.","G. Wallace",,,
"7044ff02-49ed-4aa5-a72b-d7caf9b4825b","D07","WALK","WALK.AOS.reach","2018-03-13T13:39Z","2018-07-25","WALK.20180313.SURBER.6",,,"NEMSP","Y","Nematoda sp.",,"phylum","Nematoda",,,,,,,,,,,,,,,"sp.",,"larva",1,,1,78,1,"N","N",,"condition OK","Y",,"Thorp and Covich 2001","N","EcoAnalysts Inc.","A. Navesky",,,
"6308774b-af40-4a63-8852-922da4204ee4","D07","WALK","WALK.AOS.reach","2018-03-13T13:39Z","2018-07-24","WALK.20180313.SURBER.3",,,"HABSP1","Y","Habrophlebiodes sp.",,"genus","Arthropoda","Hexapoda","Insecta","Pterygota","Palaeoptera",,"Ephemeroptera","Furcatergalia","Lanceolata",,"Leptophlebiidae",,,,"Habrophlebiodes","sp.",,"larva",3,,1,42,2,"N","N",,"damaged, affecting measurement","Y",,"Merritt and Cummins 2008","N","EcoAnalysts Inc.","A. Navesky",,,
"50bd6832-b85e-4337-a661-f32eb17c5c1a","D07","WALK","WALK.AOS.reach","2018-03-13T13:39Z","2018-07-24","WALK.20180313.SURBER.4",,,"SIMSP1","Y","Simulium sp.",,"genus","Arthropoda","Hexapoda","Insecta","Pterygota","Neoptera","Holometabola","Diptera","Nematocera","Culicomorpha",,"Simuliidae","Simuliinae","Simuliini",,"Simulium","sp.",,"larva",3,,1,38,3,"N","N",,"condition OK","Y",,"Merritt and Cummins 2008","N","EcoAnalysts Inc.","A. Navesky",,,
"42a381fc-9681-4302-a225-a09e9cd01982","D07","WALK","WALK.AOS.reach","2018-03-13T13:39Z","2018-07-25","WALK.20180313.SURBER.4",,"WALK.20180313.SURBER.4_OLIGOCHAETE_1/1","LUMSP2","Y","Lumbriculidae sp.",,"family","Annelida","Clitellata","Oligochaeta","Oligochaeta",,,"Lumbriculida",,,,"Lumbriculidae",,,,,"sp.",,"larva",7,,1,38,3,"N","N",,"condition OK","Y",,"Kathman and Brinkhurst, 1999","N","EcoAnalysts Inc.","L. Flaherty",,,
"b0a5d5d7-d812-40f9-aade-66964492f594","D07","WALK","WALK.AOS.reach","2018-03-13T13:39Z","2018-07-24","WALK.20180313.SURBER.3",,,"ELISP","Y","Elimia sp.",,"genus","Mollusca",,"Gastropoda",,,,"Neotaenioglossa",,,,"Pleuroceridae",,,,"Elimia","sp.",,"larva",1,,1,42,2,"N","N",,"condition OK","Y",,"Pennak, 1997","N","EcoAnalysts Inc.","A. Navesky",,,
"39431872-084e-4ec3-ba7c-39c9c49fd6ea","D07","WALK","WALK.AOS.reach","2018-03-13T13:39Z","2018-07-24","WALK.20180313.SURBER.3",,,"CHESP5","Y","Cheumatopsyche sp.",,"genus","Arthropoda","Hexapoda","Insecta","Pterygota","Neoptera","Holometabola","Trichoptera",,,"Hydropsychoidea","Hydropsychidae","Hydropsychinae",,,"Cheumatopsyche","sp.",,"larva",7,,1,42,2,"N","N",,"condition OK","Y",,"Wiggins 1996","N","EcoAnalysts Inc.","A. Navesky",,,
"512303f3-132b-4434-ac84-8bfd4cc92e8b","D07","WALK","WALK.AOS.reach","2018-03-13T13:39Z","2018-07-24","WALK.20180313.SURBER.4",,,"SIMSP1","Y","Simulium sp.",,"genus","Arthropoda","Hexapoda","Insecta","Pterygota","Neoptera","Holometabola","Diptera","Nematocera","Culicomorpha",,"Simuliidae","Simuliinae","Simuliini",,"Simulium","sp.",,"larva",5,,4,38,11,"N","N",,"condition OK","Y",,"Merritt and Cummins 2008","N","EcoAnalysts Inc.","A. Navesky",,,
"f481cec0-8438-4c95-a95e-7b4eb4b7f9d5","D07","WALK","WALK.AOS.reach","2018-03-13T13:39Z","2018-07-24","WALK.20180313.SURBER.2",,,"OCHSP1","Y","Ochrotrichia sp.",,"genus","Arthropoda","Hexapoda","Insecta","Pterygota","Neoptera","Holometabola","Trichoptera",,,"Hydroptiloidea","Hydroptilidae","Hydroptilinae","Ochrotrichiini",,"Ochrotrichia","sp.",,"larva",1,,2,31,6,"N","N",,"condition OK","Y",,"Wiggins 1996","N","EcoAnalysts Inc.","A. Navesky",,,
"a4d03be1-1f36-4c2d-add9-5593252d58de","D07","WALK","WALK.AOS.reach","2018-03-13T13:39Z","2018-08-16","WALK.20180313.SURBER.4",,,"RHEEXI","Y","Rheotanytarsus exiguus gr.",,"speciesGroup","Arthropoda","Hexapoda","Insecta","Pterygota","Neoptera","Holometabola","Diptera","Nematocera","Culicomorpha",,"Chironomidae","Chironominae","Tanytarsini",,"Rheotanytarsus","exiguus gr.",,"larva",4,,1,38,3,"N","N",,"condition OK","Y",,"Epler 2001","N","EcoAnalysts Inc.","G. Wallace",,,
"42ccaeed-3dbe-4765-bfee-d570106975d5","D07","WALK","WALK.AOS.reach","2018-03-13T13:39Z","2018-07-24","WALK.20180313.SURBER.4",,,"PLESP2","Y","Pleuroceridae sp.",,"family","Mollusca",,"Gastropoda",,,,"Neotaenioglossa",,,,"Pleuroceridae",,,,,"sp.",,"larva",5,,3,38,8,"Y","N",,"condition OK","N",,"Thorp and Covich 2001","N","EcoAnalysts Inc.","A. Navesky",,,
"2ba3949d-9cdd-40ad-b122-94a52cb45631","D07","WALK","WALK.AOS.reach","2018-03-13T13:39Z","2018-08-16","WALK.20180313.SURBER.6",,,"PARNIG","Y","Paralauterborniella nigrohalteralis",,"species","Arthropoda",,"Insecta","Pterygota","Neoptera",,"Diptera","Nematocera","Culicomorpha","Chironomoidea","Chironomidae","Chironominae","Chironomini",,"Paralauterborniella","nigrohalteralis",,"larva",3,,2,78,3,"N","N",,"condition OK","Y",,"Epler 2001","N","EcoAnalysts Inc.","G. Wallace",,,
"4b2286e7-416d-414c-9d98-e985988c6fc3","D07","WALK","WALK.AOS.reach","2018-03-13T13:39Z","2018-07-25","WALK.20180313.SURBER.6",,,"BEZSP1","Y","Bezzia/Palpomyia sp.",,"speciesGroup","Arthropoda","Hexapoda","Insecta","Pterygota","Neoptera","Holometabola","Diptera","Nematocera","Culicomorpha",,"Ceratopogonidae","Ceratopogoninae","Palpomyiini",,"Bezzia/Palpomyia","sp.",,"larva",3,,1,78,1,"N","N",,"condition OK","Y",,"Merritt and Cummins 2008","N","EcoAnalysts Inc.","A. Navesky",,,
"b72d8533-6da6-4213-86a5-3c43075e1306","D07","WALK","WALK.AOS.reach","2018-03-13T13:39Z","2018-07-24","WALK.20180313.SURBER.3",,,"POLSP12","Y","Polycentropus sp.",,"genus","Arthropoda","Hexapoda","Insecta","Pterygota","Neoptera","Holometabola","Trichoptera",,,"Hydropsychoidea","Polycentropodidae","Polycentropodinae",,,"Polycentropus","sp.",,"larva",3,,1,42,2,"N","N",,"condition OK","Y",,"Wiggins 1996","N","EcoAnalysts Inc.","A. Navesky",,,
"ab30750d-22f6-4110-8ac6-f357c0e3d1e1","D07","WALK","WALK.AOS.reach","2018-03-13T13:39Z","2018-07-24","WALK.20180313.SURBER.3",,,"DIPMOD","Y","Diplectrona modesta",,"species","Arthropoda","Hexapoda","Insecta","Pterygota","Neoptera","Holometabola","Trichoptera",,,"Hydropsychoidea","Hydropsychidae","Diplectroninae",,,"Diplectrona","modesta",,"larva",3,,2,42,5,"N","N",,"condition OK","Y",,"Wiggins 1996","N","EcoAnalysts Inc.","A. Navesky",,,
"afd00ba9-9ef5-479c-a443-d363ac1992d2","D07","WALK","WALK.AOS.reach","2018-03-13T13:39Z","2018-08-15","WALK.20180313.SURBER.2",,,"THISP2","Y","Thienemanniella sp.",,"genus","Arthropoda","Hexapoda","Insecta","Pterygota","Neoptera","Holometabola","Diptera","Nematocera","Culicomorpha",,"Chironomidae","Orthocladiinae",,,"Thienemanniella","sp.",,"larva",1,,1,31,3,"N","N",,"condition OK","Y",,"Epler 2001","N","EcoAnalysts Inc.","G. Wallace",,,
"52545002-63b2-419c-aff8-0ad3d775e119","D07","WALK","WALK.AOS.reach","2018-03-13T13:39Z","2018-07-25","WALK.20180313.SURBER.4",,"WALK.20180313.SURBER.4_OLIGOCHAETE_1/1","NAISP","Y","Naididae sp.","tubificoid Naididae w/ cap setae","family","Annelida","Clitellata","Oligochaeta","Oligochaeta",,,"Tubificida",,,,"Naididae",,,,,"sp.",,"larva",1,,1,38,3,"N","N",,"damaged, affecting measurement","Y",,"Kathman and Brinkhurst, 1999","N","EcoAnalysts Inc.","L. Flaherty",,,
"6f02fa70-1627-4f95-97bb-0692f0f23e05","D07","WALK","WALK.AOS.reach","2018-03-13T13:39Z","2018-07-24","WALK.20180313.SURBER.1",,,"PSEHER","Y","Psephenus herricki",,"species","Arthropoda","Hexapoda","Insecta","Pterygota","Neoptera","Holometabola","Coleoptera","Polyphaga","Elateriformia","Byrrhoidea","Psephenidae","Psepheninae",,,"Psephenus","herricki",,"larva",6,,3,63,5,"N","N",,"condition OK","Y",,"Merritt and Cummins 2008","Y","EcoAnalysts Inc.","A. Navesky",,,
"9e248197-6c8b-40b5-aa05-cd0f4688e0f3","D07","WALK","WALK.AOS.reach","2018-03-13T13:39Z","2018-07-25","WALK.20180313.SURBER.5",,,"CHLSP","Y","Chloroperlidae sp.",,"family","Arthropoda","Hexapoda","Insecta","Pterygota","Neoptera","Polyneoptera","Plecoptera","Systellognatha",,,"Chloroperlidae",,,,,"sp.",,"larva",1,,1,100,1,"Y","N",,"condition OK","Y",,"Stewart and Stark, 2002","N","EcoAnalysts Inc.","A. Navesky",,,
"a28ad7f5-fcb0-4c6a-a7af-83f59df74a4b","D07","WALK","WALK.AOS.reach","2018-03-13T13:39Z","2018-07-25","WALK.20180313.SURBER.3",,"WALK.20180313.SURBER.3_OLIGOCHAETE_1/1","LUMSP2","Y","Lumbriculidae sp.",,"family","Annelida","Clitellata","Oligochaeta","Oligochaeta",,,"Lumbriculida",,,,"Lumbriculidae",,,,,"sp.",,"larva",5,,1,42,2,"N","N",,"condition OK","Y",,"Kathman and Brinkhurst, 1999","N","EcoAnalysts Inc.","L. Flaherty",,,
"53a30a00-750a-4c20-98d5-24590e3f90bb","D07","WALK","WALK.AOS.reach","2018-03-13T13:39Z","2018-07-24","WALK.20180313.SURBER.3",,,"PLESP2","Y","Pleuroceridae sp.",,"family","Mollusca",,"Gastropoda",,,,"Neotaenioglossa",,,,"Pleuroceridae",,,,,"sp.",,"larva",4,,4,42,10,"Y","N",,"condition OK","Y",,"Thorp and Covich 2001","N","EcoAnalysts Inc.","A. Navesky",,,
"9d80019f-c889-4875-81ab-aa8165948573","D07","WALK","WALK.AOS.reach","2018-03-13T13:39Z","2018-07-24","WALK.20180313.SURBER.2",,,"HABSP1","Y","Habrophlebiodes sp.",,"genus","Arthropoda","Hexapoda","Insecta","Pterygota","Palaeoptera",,"Ephemeroptera","Furcatergalia","Lanceolata",,"Leptophlebiidae",,,,"Habrophlebiodes","sp.",,"larva",1,,3,31,10,"N","N",,"condition OK","Y",,"Merritt and Cummins 2008","N","EcoAnalysts Inc.","A. Navesky",,,
"762184f4-79d7-44aa-ab62-292addcd46ca","D07","WALK","WALK.AOS.reach","2018-03-13T13:39Z","2018-08-21","WALK.20180313.SURBER.3",,,"LEUSP2","Y","Leuctridae sp.",,"family","Arthropoda","Hexapoda","Insecta","Pterygota","Neoptera","Polyneoptera","Plecoptera","Euholognatha",,,"Leuctridae",,,,,"sp.",,"larva",2,,35,42,84,"Y","N",,"condition OK","N",,"Stewart and Stark, 2002","N","EcoAnalysts Inc.","A. Navesky",,,
"d0492f49-8384-4d8d-9705-bf1097556d49","D07","WALK","WALK.AOS.reach","2018-03-13T13:39Z","2018-08-16","WALK.20180313.SURBER.7",,,"MICSP6","Y","Micropsectra sp.",,"genus","Arthropoda","Hexapoda","Insecta","Pterygota","Neoptera","Holometabola","Diptera","Nematocera","Culicomorpha",,"Chironomidae","Chironominae","Tanytarsini",,"Micropsectra","sp.",,"larva",3,,1,100,1,"N","N",,"condition OK","Y",,"Epler 2001","N","EcoAnalysts Inc.","G. Wallace",,,
"988d4a57-1bed-423e-99bb-3f5ec14b9f68","D07","WALK","WALK.AOS.reach","2018-03-13T13:39Z","2018-07-25","WALK.20180313.SURBER.7",,,"CHLSP","Y","Chloroperlidae sp.",,"family","Arthropoda","Hexapoda","Insecta","Pterygota","Neoptera","Polyneoptera","Plecoptera","Systellognatha",,,"Chloroperlidae",,,,,"sp.",,"larva",1,,5,100,5,"Y","N",,"condition OK","N",,"Stewart and Stark, 2002","N","EcoAnalysts Inc.","A. Navesky",,,
"1c97e920-6102-422c-bc89-eb27a4431571","D07","WALK","WALK.AOS.reach","2018-03-13T13:39Z","2018-07-24","WALK.20180313.SURBER.1",,,"BAETRI","Y","Baetis tricaudatus",,"species","Arthropoda","Hexapoda","Insecta","Pterygota","Palaeoptera",,"Ephemeroptera","Pisciforma",,,"Baetidae",,,,"Baetis","tricaudatus",,"larva",5,,1,63,2,"N","N",,"condition OK","Y",,"Wiersema 2004","Y","EcoAnalysts Inc.","A. Navesky",,,
"01690070-f5e3-47e9-93c4-da451314451e","D07","WALK","WALK.AOS.reach","2018-03-13T13:39Z","2018-07-24","WALK.20180313.SURBER.2",,,"POLSP5","Y","Polycentropodidae sp.",,"family","Arthropoda","Hexapoda","Insecta","Pterygota","Neoptera","Holometabola","Trichoptera",,,"Hydropsychoidea","Polycentropodidae",,,,,"sp.",,"larva",1,,1,31,3,"N","N",,"damaged, affecting taxonomy and measurement","N",,"Wiggins 1996","N","EcoAnalysts Inc.","A. Navesky",,,
"9165f72b-0d79-4e0e-b5da-288a0766c3c0","D07","WALK","WALK.AOS.reach","2018-03-13T13:39Z","2018-07-25","WALK.20180313.SURBER.6",,,"NEMSP","Y","Nematoda sp.",,"phylum","Nematoda",,,,,,,,,,,,,,,"sp.",,"larva",4,,1,78,1,"N","N",,"condition OK","Y",,"Thorp and Covich 2001","N","EcoAnalysts Inc.","A. Navesky",,,
"75b54640-512e-4e0f-9fd4-db891423283c","D07","WALK","WALK.AOS.reach","2018-03-13T13:39Z","2018-08-15","WALK.20180313.SURBER.1",,"WALK.20180313.SURBER.1.STEMPELLINELLA SP.","STESP10","Y","Stempellinella sp.",,"genus","Arthropoda","Hexapoda","Insecta","Pterygota","Neoptera","Holometabola","Diptera","Nematocera","Culicomorpha",,"Chironomidae","Chironominae","Tanytarsini",,"Stempellinella","sp.",,"larva",1,,21,63,34,"N","N",,"condition OK","Y",,"Epler 2001","Y","EcoAnalysts Inc.","G. Wallace",,,
"d5906b57-ea98-4f3c-8fd0-eccd7e8db581","D07","WALK","WALK.AOS.reach","2018-03-13T13:39Z","2018-08-16","WALK.20180313.SURBER.4",,,"TANSP11","Y","Tanytarsus sp.",,"genus","Arthropoda","Hexapoda","Insecta","Pterygota","Neoptera","Holometabola","Diptera","Nematocera","Culicomorpha",,"Chironomidae","Chironominae","Tanytarsini",,"Tanytarsus","sp.",,"larva",1,,1,38,3,"N","N",,"damaged, affecting measurement","Y",,"Epler 2001","N","EcoAnalysts Inc.","G. Wallace",,,
"50bc62bc-4e90-4bb7-be61-58aca95c7180","D07","WALK","WALK.AOS.reach","2018-03-13T13:39Z","2018-07-24","WALK.20180313.SURBER.1",,,"PSEHER","Y","Psephenus herricki",,"species","Arthropoda","Hexapoda","Insecta","Pterygota","Neoptera","Holometabola","Coleoptera","Polyphaga","Elateriformia","Byrrhoidea","Psephenidae","Psepheninae",,,"Psephenus","herricki",,"larva",7,,2,63,3,"N","N",,"condition OK","Y",,"Merritt and Cummins 2008","Y","EcoAnalysts Inc.","A. Navesky",,,
"795cba6e-b6c9-4dc4-80f3-a115df35cad2","D07","WALK","WALK.AOS.reach","2018-03-13T13:39Z","2018-07-24","WALK.20180313.SURBER.4",,,"LEUSP8","Y","Leuctra sp.",,"genus","Arthropoda","Hexapoda","Insecta","Pterygota","Neoptera","Polyneoptera","Plecoptera","Euholognatha",,,"Leuctridae","Leuctrinae",,,"Leuctra","sp.",,"larva",3,,3,38,8,"N","N",,"condition OK","Y",,"Stewart and Stark, 2002","N","EcoAnalysts Inc.","A. Navesky",,,
"b6d3bc90-2110-47c6-8949-d7abee6611a5","D07","WALK","WALK.AOS.reach","2018-03-13T13:39Z","2018-07-24","WALK.20180313.SURBER.3",,,"PSEHER","Y","Psephenus herricki",,"species","Arthropoda","Hexapoda","Insecta","Pterygota","Neoptera","Holometabola","Coleoptera","Polyphaga","Elateriformia","Byrrhoidea","Psephenidae","Psepheninae",,,"Psephenus","herricki",,"larva",7,,1,42,2,"N","N",,"condition OK","Y",,"Merritt and Cummins 2008","N","EcoAnalysts Inc.","A. Navesky",,,
"cc8920ae-59a0-464b-98be-fbe20bac1f3f","D07","WALK","WALK.AOS.reach","2018-03-13T13:39Z","2018-07-24","WALK.20180313.SURBER.3",,,"SIMSP1","Y","Simulium sp.",,"genus","Arthropoda","Hexapoda","Insecta","Pterygota","Neoptera","Holometabola","Diptera","Nematocera","Culicomorpha",,"Simuliidae","Simuliinae","Simuliini",,"Simulium","sp.",,"larva",1,,2,42,5,"N","N",,"condition OK","Y",,"Merritt and Cummins 2008","N","EcoAnalysts Inc.","A. Navesky",,,
"934b0e7a-b7fa-4b02-a237-622cf1f97ebc","D07","WALK","WALK.AOS.reach","2018-03-13T13:39Z","2018-08-16","WALK.20180313.SURBER.5",,,"STESP10","Y","Stempellinella sp.",,"genus","Arthropoda","Hexapoda","Insecta","Pterygota","Neoptera","Holometabola","Diptera","Nematocera","Culicomorpha",,"Chironomidae","Chironominae","Tanytarsini",,"Stempellinella","sp.",,"larva",1,,6,100,6,"N","N",,"condition OK","Y",,"Epler 2001","N","EcoAnalysts Inc.","G. Wallace",,,
"e0880bb8-0db4-4d8d-aa16-d484e246c22e","D07","WALK","WALK.AOS.reach","2018-03-13T13:39Z","2018-08-15","WALK.20180313.SURBER.1",,"WALK.20180313.SURBER.1.STEMPELLINELLA SP.","STESP10","Y","Stempellinella sp.",,"genus","Arthropoda","Hexapoda","Insecta","Pterygota","Neoptera","Holometabola","Diptera","Nematocera","Culicomorpha",,"Chironomidae","Chironominae","Tanytarsini",,"Stempellinella","sp.",,"larva",2,,13,63,21,"N","N",,"condition OK","Y",,"Epler 2001","Y","EcoAnalysts Inc.","G. Wallace",,,
"972626dc-7027-4cd4-9454-f4109f1b2698","D07","WALK","WALK.AOS.reach","2018-03-13T13:39Z","2018-07-25","WALK.20180313.SURBER.5",,,"HABSP1","Y","Habrophlebiodes sp.",,"genus","Arthropoda","Hexapoda","Insecta","Pterygota","Palaeoptera",,"Ephemeroptera","Furcatergalia","Lanceolata",,"Leptophlebiidae",,,,"Habrophlebiodes","sp.",,"larva",3,,1,100,1,"N","N",,"condition OK","Y",,"Merritt and Cummins 2008","N","EcoAnalysts Inc.","A. Navesky",,,
"4356c467-18f7-47b9-a58e-2fffdd72f367","D07","WALK","WALK.AOS.reach","2018-03-13T13:39Z","2018-08-16","WALK.20180313.SURBER.7",,,"STESP10","Y","Stempellinella sp.",,"genus","Arthropoda","Hexapoda","Insecta","Pterygota","Neoptera","Holometabola","Diptera","Nematocera","Culicomorpha",,"Chironomidae","Chironominae","Tanytarsini",,"Stempellinella","sp.",,"larva",1,,11,100,11,"N","N",,"condition OK","Y",,"Epler 2001","N","EcoAnalysts Inc.","G. Wallace",,,
"463c536c-67e4-4173-8d94-cf7f89460233","D07","WALK","WALK.AOS.reach","2018-03-13T13:39Z","2018-07-24","WALK.20180313.SURBER.2",,,"DIPMOD","Y","Diplectrona modesta",,"species","Arthropoda","Hexapoda","Insecta","Pterygota","Neoptera","Holometabola","Trichoptera",,,"Hydropsychoidea","Hydropsychidae","Diplectroninae",,,"Diplectrona","modesta",,"larva",9,,1,31,3,"N","N",,"condition OK","Y",,"Wiggins 1996","N","EcoAnalysts Inc.","A. Navesky",,,
"bde301ca-c9cb-4a1e-a7a4-1548b5b06244","D07","WALK","WALK.AOS.reach","2018-03-13T13:39Z","2018-07-25","WALK.20180313.SURBER.6",,,"CERSP10","Y","Ceratopogoninae sp.",,"subfamily","Arthropoda","Hexapoda","Insecta","Pterygota","Neoptera","Holometabola","Diptera","Nematocera","Culicomorpha",,"Ceratopogonidae","Ceratopogoninae",,,,"sp.",,"larva",6,,1,78,1,"N","N",,"condition OK","Y",,"Merritt and Cummins 2008","N","EcoAnalysts Inc.","A. Navesky",,,
"db2874c0-fb5b-4ffe-b27c-43c4e8172cbd","D07","WALK","WALK.AOS.reach","2018-03-13T13:39Z","2018-08-16","WALK.20180313.SURBER.4",,"WALK.20180313.SURBER.4.TVETENIA DISCOLORIPES GR.","EUKDIS","Y","Eukiefferiella discoloripes",,"species","Arthropoda","Hexapoda","Insecta","Pterygota","Neoptera","Holometabola","Diptera","Nematocera","Culicomorpha",,"Chironomidae","Orthocladiinae",,,"Eukiefferiella","discoloripes",,"larva",3,,2,38,5,"N","N",,"condition OK","Y",,"Epler 2001","N","EcoAnalysts Inc.","G. Wallace",,,
"6f33dff6-d1e6-4720-96c6-a9cda6f6fe09","D07","WALK","WALK.AOS.reach","2018-03-13T13:39Z","2018-07-24","WALK.20180313.SURBER.4",,,"GAMSP3","Y","Gammarus sp.",,"genus","Arthropoda","Crustacea","Malacostraca","Eumalacostraca",,"Peracarida","Amphipoda","Gammaridea",,,"Gammaridae",,,,"Gammarus","sp.",,"larva",3,,4,38,11,"N","N",,"condition OK","Y",,"Thorp and Covich 2001","N","EcoAnalysts Inc.","A. Navesky",,,
"4a4946e1-1a30-4be5-9aa5-07d33fb2421e","D07","WALK","WALK.AOS.reach","2018-03-13T13:39Z","2018-07-25","WALK.20180313.SURBER.6",,,"PLESP2","Y","Pleuroceridae sp.",,"family","Mollusca",,"Gastropoda",,,,"Neotaenioglossa",,,,"Pleuroceridae",,,,,"sp.",,"larva",4,,1,78,1,"Y","N",,"condition OK","N",,"Thorp and Covich 2001","N","EcoAnalysts Inc.","A. Navesky",,,
"283b2d9f-5e2a-4693-b93d-15b4011eb441","D07","WALK","WALK.AOS.reach","2018-03-13T13:39Z","2018-07-24","WALK.20180313.SURBER.1",,,"PLESP2","Y","Pleuroceridae sp.",,"family","Mollusca",,"Gastropoda",,,,"Neotaenioglossa",,,,"Pleuroceridae",,,,,"sp.",,"larva",6,,2,63,3,"Y","N",,"condition OK","Y",,"Thorp and Covich 2001","Y","EcoAnalysts Inc.","A. Navesky",,,
"b22d3720-755c-4213-8475-c303d4b048dd","D07","WALK","WALK.AOS.reach","2018-03-13T13:39Z","2018-07-24","WALK.20180313.SURBER.4",,,"PERSP1","Y","Perlidae sp.",,"family","Arthropoda","Hexapoda","Insecta","Pterygota","Neoptera","Polyneoptera","Plecoptera","Systellognatha",,,"Perlidae",,,,,"sp.",,"larva",1,,1,38,3,"Y","N",,"condition OK","Y",,"Stewart and Stark, 2002","N","EcoAnalysts Inc.","A. Navesky",,,
"3d9c09b7-3abc-4a76-aeda-95a40d824c25","D07","WALK","WALK.AOS.reach","2018-03-13T13:39Z","2018-07-25","WALK.20180313.SURBER.7",,,"ANTSP9","Y","Antocha sp.",,"genus","Arthropoda","Hexapoda","Insecta","Pterygota","Neoptera","Holometabola","Diptera","Nematocera","Tipulomorpha",,"Tipulidae","Limoniinae","Limoniini",,"Antocha","sp.",,"larva",2,,1,100,1,"N","N",,"condition OK","Y",,"Merritt and Cummins 2008","N","EcoAnalysts Inc.","A. Navesky",,,
"f8919b89-0c40-48da-a0ea-0d8e24519a55","D07","WALK","WALK.AOS.reach","2018-03-13T13:39Z","2018-07-25","WALK.20180313.SURBER.6",,,"MIDSP2","Y","Mideopsis sp.",,"genus","Arthropoda","Chelicerata","Arachnida","Acari",,"Acariformes","Trombidiformes","Prostigmata",,"Arrenuroidea","Mideopsidae",,,,"Mideopsis","sp.",,"adult",1,,1,78,1,"N","N",,"condition OK","Y",,"Thorp and Covich 2001","N","EcoAnalysts Inc.","A. Navesky",,,
"3268d947-8c91-4c91-b35d-ac268a170d8b","D07","WALK","WALK.AOS.reach","2018-03-13T13:39Z","2018-07-24","WALK.20180313.SURBER.3",,,"PSYSP4","Y","Psychomyia sp.",,"genus","Arthropoda","Hexapoda","Insecta","Pterygota","Neoptera","Holometabola","Trichoptera",,,"Hydropsychoidea","Psychomyiidae","Psychomyiinae",,,"Psychomyia","sp.",,"larva",3,,1,42,2,"N","N",,"condition OK","Y",,"Wiggins 1996","N","EcoAnalysts Inc.","A. Navesky",,,
"f18eceb0-0585-46fe-ba3a-c609e118a799","D07","WALK","WALK.AOS.reach","2018-03-13T13:39Z","2018-07-24","WALK.20180313.SURBER.3",,,"DIPMOD","Y","Diplectrona modesta",,"species","Arthropoda","Hexapoda","Insecta","Pterygota","Neoptera","Holometabola","Trichoptera",,,"Hydropsychoidea","Hydropsychidae","Diplectroninae",,,"Diplectrona","modesta",,"larva",12,,1,42,2,"N","N",,"condition OK","Y",,"Wiggins 1996","N","EcoAnalysts Inc.","A. Navesky",,,
"960e9471-0fdb-4f5d-8132-fc7f26b7356f","D07","WALK","WALK.AOS.reach","2018-03-13T13:39Z","2018-07-25","WALK.20180313.SURBER.8",,,"LEPSP20","Y","Lepidostoma sp.",,"genus","Arthropoda","Hexapoda","Insecta","Pterygota","Neoptera","Holometabola","Trichoptera",,,"Limnephiloidea","Lepidostomatidae","Lepidostomatinae",,,"Lepidostoma","sp.",,"larva",2,,2,100,2,"N","N",,"condition OK","Y",,"Wiggins 1996","N","EcoAnalysts Inc.","A. Navesky",,,
"50f14dd8-bb2d-490b-ba8d-74e7c6e2ded5","D07","WALK","WALK.AOS.reach","2018-03-13T13:39Z","2018-08-16","WALK.20180313.SURBER.4",,,"PENSP6","Y","Pentaneurini sp.",,"tribe","Arthropoda","Hexapoda","Insecta","Pterygota","Neoptera","Holometabola","Diptera","Nematocera","Culicomorpha",,"Chironomidae","Tanypodinae","Pentaneurini",,,"sp.",,"larva",1,,1,38,3,"Y","N",,"condition OK","N",,"Epler 2001","N","EcoAnalysts Inc.","G. Wallace",,,
"7d9c17ce-8a74-45f8-8e71-8ac1d194733e","D07","WALK","WALK.AOS.reach","2018-03-13T13:39Z","2018-07-25","WALK.20180313.SURBER.6",,,"GAMSP3","Y","Gammarus sp.",,"genus","Arthropoda","Crustacea","Malacostraca","Eumalacostraca",,"Peracarida","Amphipoda","Gammaridea",,,"Gammaridae",,,,"Gammarus","sp.",,"larva",3,,1,78,1,"N","N",,"condition OK","Y",,"Thorp and Covich 2001","N","EcoAnalysts Inc.","A. Navesky",,,
"2d97daac-2d71-4b97-a948-c71c57f4b29e","D07","WALK","WALK.AOS.reach","2018-03-13T13:39Z","2018-08-16","WALK.20180313.SURBER.4",,,"RHEEXI","Y","Rheotanytarsus exiguus gr.",,"speciesGroup","Arthropoda","Hexapoda","Insecta","Pterygota","Neoptera","Holometabola","Diptera","Nematocera","Culicomorpha",,"Chironomidae","Chironominae","Tanytarsini",,"Rheotanytarsus","exiguus gr.",,"larva",2,,9,38,24,"N","N",,"condition OK","Y",,"Epler 2001","N","EcoAnalysts Inc.","G. Wallace",,,
"3373a37a-5d26-4cca-8774-3d222214dd1e","D07","WALK","WALK.AOS.reach","2018-03-13T13:39Z","2018-07-25","WALK.20180313.SURBER.5",,,"ATRSP3","Y","Atractides sp.",,"genus","Arthropoda","Chelicerata","Arachnida","Acari",,"Acariformes","Trombidiformes","Prostigmata",,"Hygrobatoidea","Hygrobatidae",,,,"Atractides","sp.",,"adult",1,,1,100,1,"N","N",,"condition OK","Y",,"Thorp and Covich 2001","N","EcoAnalysts Inc.","A. Navesky",,,
"29601c6d-2573-4ef8-87d3-18617bd333b7","D07","WALK","WALK.AOS.reach","2018-03-13T13:39Z","2018-08-17","WALK.20180313.SURBER.3",,"WALK.20180313.SURBER.3.CRICOTOPUS/ORTHOCLADIUS SP.","CRISP6","Y","Cricotopus/Orthocladius sp.",,"speciesGroup","Arthropoda","Hexapoda","Insecta","Pterygota","Neoptera","Holometabola","Diptera","Nematocera","Culicomorpha",,"Chironomidae","Orthocladiinae",,,"Cricotopus/Orthocladius","sp.",,"larva",2,,1,42,2,"N","N",,"condition OK","Y",,"Epler 2001, and Maschwitz and Cook 2000","N","EcoAnalysts Inc.","G. Wallace",,,
"bb802bb5-ec58-4b3c-9bc3-6bfff9e23baf","D07","WALK","WALK.AOS.reach","2018-03-13T13:39Z","2018-07-24","WALK.20180313.SURBER.2",,,"RHYSP3","Y","Rhyacophila sp.",,"genus","Arthropoda","Hexapoda","Insecta","Pterygota","Neoptera","Holometabola","Trichoptera",,,"Rhyacophiloidea","Rhyacophilidae",,,,"Rhyacophila","sp.",,"larva",2,,2,31,6,"Y","N",,"condition OK","Y",,"Wiggins 1996","N","EcoAnalysts Inc.","A. Navesky",,,
"58b87dd0-dbb3-4590-89b7-51f5f99dac24","D07","WALK","WALK.AOS.reach","2018-03-13T13:39Z","2018-07-24","WALK.20180313.SURBER.1",,,"SIMSP1","Y","Simulium sp.",,"genus","Arthropoda","Hexapoda","Insecta","Pterygota","Neoptera","Holometabola","Diptera","Nematocera","Culicomorpha",,"Simuliidae","Simuliinae","Simuliini",,"Simulium","sp.",,"larva",2,,4,63,6,"N","N",,"condition OK","Y",,"Merritt and Cummins 2008","Y","EcoAnalysts Inc.","A. Navesky",,,
"a0540fdb-ca32-482a-9326-8b17bdb1b7b5","D07","WALK","WALK.AOS.reach","2018-03-13T13:39Z","2018-08-16","WALK.20180313.SURBER.4",,,"RHEEXI","Y","Rheotanytarsus exiguus gr.",,"speciesGroup","Arthropoda","Hexapoda","Insecta","Pterygota","Neoptera","Holometabola","Diptera","Nematocera","Culicomorpha",,"Chironomidae","Chironominae","Tanytarsini",,"Rheotanytarsus","exiguus gr.",,"larva",3,,10,38,27,"N","N",,"condition OK","Y",,"Epler 2001","N","EcoAnalysts Inc.","G. Wallace",,,
"97b9f439-b552-4ff4-a7c6-598e49b3f6ca","D07","WALK","WALK.AOS.reach","2018-03-13T13:39Z","2018-08-21","WALK.20180313.SURBER.6",,,"LEUSP2","Y","Leuctridae sp.",,"family","Arthropoda","Hexapoda","Insecta","Pterygota","Neoptera","Polyneoptera","Plecoptera","Euholognatha",,,"Leuctridae",,,,,"sp.",,"larva",1,,6,78,8,"Y","N",,"damaged, affecting measurement","N",,"Stewart and Stark, 2002","N","EcoAnalysts Inc.","A. Navesky",,,
"e751f8e3-7471-4f09-b719-dea6d2bcf575","D07","WALK","WALK.AOS.reach","2018-03-13T13:39Z","2018-08-16","WALK.20180313.SURBER.6",,,"POLAVI","Y","Polypedilum aviceps",,"species","Arthropoda","Hexapoda","Insecta","Pterygota","Neoptera","Holometabola","Diptera","Nematocera","Culicomorpha",,"Chironomidae","Chironominae","Chironomini",,"Polypedilum","aviceps",,"larva",3,,1,78,1,"N","N",,"condition OK","Y",,"Maschwitz and Cook 2000","N","EcoAnalysts Inc.","G. Wallace",,,
"f7ca5a1a-1edc-4bfe-ab3e-93dc1ef98356","D07","WALK","WALK.AOS.reach","2018-03-13T13:39Z","2018-08-16","WALK.20180313.SURBER.6",,,"TRISP16","Y","Trissopelopia sp.",,"genus","Arthropoda","Hexapoda","Insecta","Pterygota","Neoptera","Holometabola","Diptera","Nematocera","Culicomorpha",,"Chironomidae","Tanypodinae","Pentaneurini",,"Trissopelopia","sp.",,"larva",5,,1,78,1,"N","N",,"condition OK","Y",,"Epler 2001","N","EcoAnalysts Inc.","G. Wallace",,,
"2063e676-5f9b-46e9-ad57-63184fe9348a","D07","WALK","WALK.AOS.reach","2018-03-13T13:39Z","2018-07-24","WALK.20180313.SURBER.4",,,"LYPDIV","Y","Lype diversa",,"species","Arthropoda","Hexapoda","Insecta","Pterygota","Neoptera","Holometabola","Trichoptera",,,"Hydropsychoidea","Psychomyiidae","Psychomyiinae",,,"Lype","diversa",,"larva",2,,1,38,3,"N","N",,"damaged, affecting measurement","Y",,"Wiggins 1996","N","EcoAnalysts Inc.","A. Navesky",,,
"44af0bf4-737f-44ad-8ac3-114784926e77","D07","WALK","WALK.AOS.reach","2018-03-13T13:39Z","2018-07-25","WALK.20180313.SURBER.5",,,"LEBSP1","Y","Lebertia sp.",,"genus","Arthropoda","Chelicerata","Arachnida","Acari",,"Acariformes","Trombidiformes","Prostigmata",,"Lebertioidea","Lebertiidae",,,,"Lebertia","sp.",,"adult",1,,1,100,1,"N","N",,"condition OK","Y",,"Thorp and Covich 2001","N","EcoAnalysts Inc.","A. Navesky",,,
"9f96e16b-02e1-41bc-b590-b7805d49257f","D07","WALK","WALK.AOS.reach","2018-03-13T13:39Z","2018-07-24","WALK.20180313.SURBER.4",,,"RHYCAR2","Y","Rhyacophila carolina",,"species","Arthropoda","Hexapoda","Insecta","Pterygota","Neoptera","Holometabola","Trichoptera",,,"Rhyacophiloidea","Rhyacophilidae",,,,"Rhyacophila","carolina",,"larva",3,,2,38,5,"N","N",,"condition OK","Y",,"Prather and Morse 2001","N","EcoAnalysts Inc.","A. Navesky",,,
"40cb17da-e3a2-4f57-9f5f-14e45462a28a","D07","WALK","WALK.AOS.reach","2018-03-13T13:39Z","2018-07-24","WALK.20180313.SURBER.3",,,"HABSP1","Y","Habrophlebiodes sp.",,"genus","Arthropoda","Hexapoda","Insecta","Pterygota","Palaeoptera",,"Ephemeroptera","Furcatergalia","Lanceolata",,"Leptophlebiidae",,,,"Habrophlebiodes","sp.",,"larva",1,,1,42,2,"N","N",,"condition OK","Y",,"Merritt and Cummins 2008","N","EcoAnalysts Inc.","A. Navesky",,,
"8414ccd3-57a5-4478-a939-dbc0377fcec5","D07","WALK","WALK.AOS.reach","2018-03-13T13:39Z","2018-07-24","WALK.20180313.SURBER.2",,,"HABSP1","Y","Habrophlebiodes sp.",,"genus","Arthropoda","Hexapoda","Insecta","Pterygota","Palaeoptera",,"Ephemeroptera","Furcatergalia","Lanceolata",,"Leptophlebiidae",,,,"Habrophlebiodes","sp.",,"larva",3,,8,31,26,"N","N",,"condition OK","Y",,"Merritt and Cummins 2008","N","EcoAnalysts Inc.","A. Navesky",,,
"db7bea1a-acc4-470c-b2e7-47d997e75327","D07","WALK","WALK.AOS.reach","2018-03-13T13:39Z","2018-07-24","WALK.20180313.SURBER.4",,,"ANCBIC","Y","Anchytarsus bicolor",,"species","Arthropoda","Hexapoda","Insecta","Pterygota","Neoptera","Holometabola","Coleoptera","Polyphaga","Elateriformia","Byrrhoidea","Ptilodactylidae","Anchytarsinae",,,"Anchytarsus","bicolor",,"larva",3,,3,38,8,"N","N",,"condition OK","Y",,"Merritt and Cummins 2008","N","EcoAnalysts Inc.","A. Navesky",,,
"b5f9cf20-3ba5-48dd-be46-610139125df0","D07","WALK","WALK.AOS.reach","2018-03-13T13:39Z","2018-08-21","WALK.20180313.SURBER.7",,,"LEUSP2","Y","Leuctridae sp.",,"family","Arthropoda","Hexapoda","Insecta","Pterygota","Neoptera","Polyneoptera","Plecoptera","Euholognatha",,,"Leuctridae",,,,,"sp.",,"larva",2,,21,100,21,"Y","N",,"condition OK","N",,"Stewart and Stark, 2002","N","EcoAnalysts Inc.","A. Navesky",,,
"ae558bf4-1b37-4eba-a555-0df010572e81","D07","WALK","WALK.AOS.reach","2018-03-13T13:39Z","2018-07-25","WALK.20180313.SURBER.8",,,"OULSP","Y","Oulimnius sp.",,"genus","Arthropoda","Hexapoda","Insecta","Pterygota","Neoptera","Holometabola","Coleoptera","Polyphaga","Elateriformia","Byrrhoidea","Elmidae","Elminae","Elmini",,"Oulimnius","sp.",,"larva",3,,1,100,1,"N","N",,"condition OK","Y",,"Merritt and Cummins 2008","N","EcoAnalysts Inc.","A. Navesky",,,
"f0275852-48ee-4c85-85b0-d23a6017a726","D07","WALK","WALK.AOS.reach","2018-03-13T13:39Z","2018-08-16","WALK.20180313.SURBER.8",,,"RHEEXI","Y","Rheotanytarsus exiguus gr.",,"speciesGroup","Arthropoda","Hexapoda","Insecta","Pterygota","Neoptera","Holometabola","Diptera","Nematocera","Culicomorpha",,"Chironomidae","Chironominae","Tanytarsini",,"Rheotanytarsus","exiguus gr.",,"larva",1,,1,100,1,"N","N",,"condition OK","Y",,"Epler 2001","N","EcoAnalysts Inc.","G. Wallace",,,
"d38dd517-28a5-42cb-9123-9e7bc4b365b0","D07","WALK","WALK.AOS.reach","2018-03-13T13:39Z","2018-08-16","WALK.20180313.SURBER.7",,,"MICSP6","Y","Micropsectra sp.",,"genus","Arthropoda","Hexapoda","Insecta","Pterygota","Neoptera","Holometabola","Diptera","Nematocera","Culicomorpha",,"Chironomidae","Chironominae","Tanytarsini",,"Micropsectra","sp.",,"larva",4,,1,100,1,"N","N",,"condition OK","Y",,"Epler 2001","N","EcoAnalysts Inc.","G. Wallace",,,
"35f0f523-7952-42b4-9892-7cfbe54044b0","D07","WALK","WALK.AOS.reach","2018-03-13T13:39Z","2018-07-24","WALK.20180313.SURBER.2",,,"BAETRI","Y","Baetis tricaudatus",,"species","Arthropoda","Hexapoda","Insecta","Pterygota","Palaeoptera",,"Ephemeroptera","Pisciforma",,,"Baetidae",,,,"Baetis","tricaudatus",,"larva",3,,2,31,6,"N","N",,"condition OK","Y",,"Wiersema 2004","N","EcoAnalysts Inc.","A. Navesky",,,
"64f43c6e-4600-4f23-aa39-e2b1a85fb489","D07","WALK","WALK.AOS.reach","2018-03-13T13:39Z","2018-08-15","WALK.20180313.SURBER.1",,"WALK.20180313.SURBER.1.HELENIELLA SP.","HELSP10","Y","Heleniella sp.",,"genus","Arthropoda","Hexapoda","Insecta","Pterygota","Neoptera","Holometabola","Diptera","Nematocera","Culicomorpha",,"Chironomidae","Orthocladiinae",,,"Heleniella","sp.",,"larva",2,,1,63,2,"N","N",,"condition OK","Y",,"Epler 2001, and Maschwitz and Cook 2000","Y","EcoAnalysts Inc.","G. Wallace",,,
"112fb6cb-9a01-4476-ab2c-016207bc8e79","D07","WALK","WALK.AOS.reach","2018-03-13T13:39Z","2018-07-25","WALK.20180313.SURBER.6",,,"HABVIB","Y","Habrophlebia vibrans",,"species","Arthropoda","Hexapoda","Insecta","Pterygota","Palaeoptera",,"Ephemeroptera","Furcatergalia","Lanceolata",,"Leptophlebiidae",,,,"Habrophlebia","vibrans",,"larva",6,,1,78,1,"N","N",,"condition OK","Y",,"Merritt and Cummins 2008","N","EcoAnalysts Inc.","A. Navesky",,,
"282c3657-4a6b-4d4d-9dae-6f6a1e7eab78","D07","WALK","WALK.AOS.reach","2018-03-13T13:39Z","2018-07-24","WALK.20180313.SURBER.2",,,"LEPSP20","Y","Lepidostoma sp.",,"genus","Arthropoda","Hexapoda","Insecta","Pterygota","Neoptera","Holometabola","Trichoptera",,,"Limnephiloidea","Lepidostomatidae","Lepidostomatinae",,,"Lepidostoma","sp.",,"larva",2,,1,31,3,"N","N",,"condition OK","Y",,"Wiggins 1996","N","EcoAnalysts Inc.","A. Navesky",,,
"7c239193-7d3d-47a1-986d-1a74bd50b8e8","D07","WALK","WALK.AOS.reach","2018-03-13T13:39Z","2018-08-16","WALK.20180313.SURBER.4",,,"RHEEXI","Y","Rheotanytarsus exiguus gr.",,"speciesGroup","Arthropoda","Hexapoda","Insecta","Pterygota","Neoptera","Holometabola","Diptera","Nematocera","Culicomorpha",,"Chironomidae","Chironominae","Tanytarsini",,"Rheotanytarsus","exiguus gr.",,"larva",1,,12,38,32,"N","N",,"damaged, affecting measurement","Y",,"Epler 2001","N","EcoAnalysts Inc.","G. Wallace",,,
"812039bf-9340-4d2a-b4e1-43978ddc4caf","D07","WALK","WALK.AOS.reach","2018-03-13T13:39Z","2018-07-25","WALK.20180313.SURBER.7",,,"PSEHER","Y","Psephenus herricki",,"species","Arthropoda","Hexapoda","Insecta","Pterygota","Neoptera","Holometabola","Coleoptera","Polyphaga","Elateriformia","Byrrhoidea","Psephenidae","Psepheninae",,,"Psephenus","herricki",,"larva",2,,1,100,1,"N","N",,"condition OK","Y",,"Merritt and Cummins 2008","N","EcoAnalysts Inc.","A. Navesky",,,
"7cfe5563-5879-49ba-b8bd-24ab9ff4e2a3","D07","WALK","WALK.AOS.reach","2018-03-13T13:39Z","2018-08-16","WALK.20180313.SURBER.6",,,"PENSP6","Y","Pentaneurini sp.",,"tribe","Arthropoda","Hexapoda","Insecta","Pterygota","Neoptera","Holometabola","Diptera","Nematocera","Culicomorpha",,"Chironomidae","Tanypodinae","Pentaneurini",,,"sp.",,"larva",1,,2,78,3,"Y","N",,"condition OK","Y",,"Epler 2001","N","EcoAnalysts Inc.","G. Wallace",,,
"0f21a48c-afbf-43f6-bd7a-5c0581375de6","D07","WALK","WALK.AOS.reach","2018-03-13T13:39Z","2018-07-24","WALK.20180313.SURBER.2",,,"PELSP1","Y","Peltoperlidae sp.",,"family","Arthropoda","Hexapoda","Insecta","Pterygota","Neoptera","Polyneoptera","Plecoptera","Systellognatha",,,"Peltoperlidae",,,,,"sp.",,"larva",1,,23,31,74,"Y","N",,"condition OK","N",,"Stewart and Stark, 2002","N","EcoAnalysts Inc.","A. Navesky",,,
"b5724bbf-d356-4d69-8fb5-8651827f5a7c","D07","WALK","WALK.AOS.reach","2018-03-13T13:39Z","2018-07-24","WALK.20180313.SURBER.2",,,"ECTSP2","Y","Ectopria sp.",,"genus","Arthropoda","Hexapoda","Insecta","Pterygota","Neoptera","Holometabola","Coleoptera","Polyphaga","Elateriformia","Byrrhoidea","Psephenidae","Eubriinae",,,"Ectopria","sp.",,"larva",5,,1,31,3,"N","N",,"condition OK","Y",,"Merritt and Cummins 2008","N","EcoAnalysts Inc.","A. Navesky",,,
"5dc3659b-f684-490c-a2af-547db48829fe","D07","WALK","WALK.AOS.reach","2018-03-13T13:39Z","2018-08-16","WALK.20180313.SURBER.6",,,"TRIJUC","Y","Tribelos jucundum",,"species","Arthropoda","Hexapoda","Insecta",,,,"Diptera","Nematocera",,,"Chironomidae","Chironominae","Chironomini",,"Tribelos","jucundum",,"larva",11,,1,78,1,"N","N",,"condition OK","Y",,"Epler 2001","N","EcoAnalysts Inc.","G. Wallace",,,
"dbfb19da-4af8-4214-a4a1-cd8cf66b9b1d","D07","WALK","WALK.AOS.reach","2018-03-13T13:39Z","2018-07-27","WALK.20180313.SURBER.6",,"WALK.20180313.SURBER.6_OLIGOCHAETE_2/2|WALK.20180313.SURBER.6_OLIGOCHAETE_1/2","NAISP","Y","Naididae sp.","tubificoid Naididae w/o cap setae","family","Annelida","Clitellata","Oligochaeta","Oligochaeta",,,"Tubificida",,,,"Naididae",,,,,"sp.",,"larva",9,,1,78,1,"N","N",,"condition OK","Y",,"Kathman and Brinkhurst, 1998","N","EcoAnalysts Inc.","L. Flaherty",,,
"2f8c227e-0bd0-4b40-be11-96ca14a1d0a4","D07","WALK","WALK.AOS.reach","2018-03-13T13:39Z","2018-07-25","WALK.20180313.SURBER.5",,,"CLASP9","Y","Clathrosperchon sp.",,"genus","Arthropoda","Chelicerata","Arachnida","Acari",,"Acariformes","Trombidiformes","Prostigmata",,"Hydryphantoidea","Rhynchohydracaridae",,,,"Clathrosperchon","sp.",,"adult",1,,1,100,1,"N","N",,"condition OK","Y",,"Thorp and Covich 2001","N","EcoAnalysts Inc.","A. Navesky",,,
"784362da-f233-4fb4-b74a-86d1a10521c9","D07","WALK","WALK.AOS.reach","2018-03-13T13:39Z","2018-07-24","WALK.20180313.SURBER.2",,,"PHISP","Y","Philopotamidae sp.",,"family","Arthropoda","Hexapoda","Insecta","Pterygota","Neoptera","Holometabola","Trichoptera",,,"Philopotamoidea","Philopotamidae",,,,,"sp.",,"larva",1,,2,31,6,"Y","N",,"condition OK","N",,"Wiggins 1996","N","EcoAnalysts Inc.","A. Navesky",,,
"cb368844-ade5-48c8-b158-0febf91673f9","D07","WALK","WALK.AOS.reach","2018-03-13T13:39Z","2018-07-24","WALK.20180313.SURBER.3",,,"ANTSP9","Y","Antocha sp.",,"genus","Arthropoda","Hexapoda","Insecta","Pterygota","Neoptera","Holometabola","Diptera","Nematocera","Tipulomorpha",,"Tipulidae","Limoniinae","Limoniini",,"Antocha","sp.",,"pupa",3,,1,42,2,"N","N",,"condition OK","Y",,"Merritt and Cummins 2008","N","EcoAnalysts Inc.","A. Navesky",,,
"256432a3-fffc-4da7-a655-c18aec16edb9","D07","WALK","WALK.AOS.reach","2018-03-13T13:39Z","2018-07-24","WALK.20180313.SURBER.2",,,"BEZSP1","Y","Bezzia/Palpomyia sp.",,"speciesGroup","Arthropoda","Hexapoda","Insecta","Pterygota","Neoptera","Holometabola","Diptera","Nematocera","Culicomorpha",,"Ceratopogonidae","Ceratopogoninae","Palpomyiini",,"Bezzia/Palpomyia","sp.",,"larva",7,,1,31,3,"N","N",,"condition OK","Y",,"Merritt and Cummins 2008","N","EcoAnalysts Inc.","A. Navesky",,,
"91f0c749-8529-4b45-bf94-e2ae31da87de","D07","WALK","WALK.AOS.reach","2018-03-13T13:39Z","2018-08-21","WALK.20180313.SURBER.4",,,"LEUSP2","Y","Leuctridae sp.",,"family","Arthropoda","Hexapoda","Insecta","Pterygota","Neoptera","Polyneoptera","Plecoptera","Euholognatha",,,"Leuctridae",,,,,"sp.",,"larva",2,,33,38,88,"Y","N",,"condition OK","N",,"Stewart and Stark, 2002","N","EcoAnalysts Inc.","A. Navesky",,,
"8f26b1a3-cbc0-41c7-97b5-a5746fc6437a","D07","WALK","WALK.AOS.reach","2018-03-13T13:39Z","2018-08-15","WALK.20180313.SURBER.2",,,"POLAVI","Y","Polypedilum aviceps",,"species","Arthropoda","Hexapoda","Insecta","Pterygota","Neoptera","Holometabola","Diptera","Nematocera","Culicomorpha",,"Chironomidae","Chironominae","Chironomini",,"Polypedilum","aviceps",,"larva",2,,2,31,6,"N","N",,"condition OK","Y",,"Maschwitz and Cook 2000","N","EcoAnalysts Inc.","G. Wallace",,,
"8cb21ab7-ea9b-4010-9cae-73f001628aa0","D07","WALK","WALK.AOS.reach","2018-03-13T13:39Z","2018-07-24","WALK.20180313.SURBER.3",,,"BAETRI","Y","Baetis tricaudatus",,"species","Arthropoda","Hexapoda","Insecta","Pterygota","Palaeoptera",,"Ephemeroptera","Pisciforma",,,"Baetidae",,,,"Baetis","tricaudatus",,"larva",3,,2,42,5,"N","N",,"condition OK","Y",,"Wiersema 2004","N","EcoAnalysts Inc.","A. Navesky",,,
"fa41c7c4-22ba-4782-976b-f0f2165d1ded","D07","WALK","WALK.AOS.reach","2018-03-13T13:39Z","2018-07-24","WALK.20180313.SURBER.4",,,"POLSP12","Y","Polycentropus sp.",,"genus","Arthropoda","Hexapoda","Insecta","Pterygota","Neoptera","Holometabola","Trichoptera",,,"Hydropsychoidea","Polycentropodidae","Polycentropodinae",,,"Polycentropus","sp.",,"larva",4,,1,38,3,"N","N",,"condition OK","Y",,"Wiggins 1996","N","EcoAnalysts Inc.","A. Navesky",,,
"348740ac-9975-46a7-aae2-eca376d2f490","D07","WALK","WALK.AOS.reach","2018-03-13T13:39Z","2018-07-25","WALK.20180313.SURBER.5",,,"POLSP12","Y","Polycentropus sp.",,"genus","Arthropoda","Hexapoda","Insecta","Pterygota","Neoptera","Holometabola","Trichoptera",,,"Hydropsychoidea","Polycentropodidae","Polycentropodinae",,,"Polycentropus","sp.",,"larva",2,,1,100,1,"N","N",,"condition OK","Y",,"Wiggins 1996","N","EcoAnalysts Inc.","A. Navesky",,,
"ad3a50ac-bf00-4289-8dce-3493888a115e","D07","WALK","WALK.AOS.reach","2018-03-13T13:39Z","2018-08-15","WALK.20180313.SURBER.2",,"WALK.20180313.SURBER.2.PARAMETRIOCNEMUS SP.","PARSP26","Y","Parametriocnemus sp.",,"genus","Arthropoda","Hexapoda","Insecta","Pterygota","Neoptera","Holometabola","Diptera","Nematocera","Culicomorpha",,"Chironomidae","Orthocladiinae",,,"Parametriocnemus","sp.",,"larva",3,,1,31,3,"N","N",,"condition OK","Y",,"Epler 2001","N","EcoAnalysts Inc.","G. Wallace",,,
"f6a7d3af-e441-4a9d-a063-3a88026c61b9","D07","WALK","WALK.AOS.reach","2018-03-13T13:39Z","2018-08-16","WALK.20180313.SURBER.7",,,"EUKSP","Y","Eukiefferiella sp.",,"genus","Arthropoda","Hexapoda","Insecta","Pterygota","Neoptera","Holometabola","Diptera","Nematocera","Culicomorpha",,"Chironomidae","Orthocladiinae",,,"Eukiefferiella","sp.",,"larva",1,,1,100,1,"Y","N",,"condition OK","Y",,"Epler 2001","N","EcoAnalysts Inc.","G. Wallace",,,
"f4441070-1edf-4669-b072-8030e6bd9c82","D07","WALK","WALK.AOS.reach","2018-03-13T13:39Z","2018-07-24","WALK.20180313.SURBER.2",,,"PERSP1","Y","Perlidae sp.",,"family","Arthropoda","Hexapoda","Insecta","Pterygota","Neoptera","Polyneoptera","Plecoptera","Systellognatha",,,"Perlidae",,,,,"sp.",,"larva",1,,2,31,6,"Y","N",,"condition OK","Y",,"Stewart and Stark, 2002","N","EcoAnalysts Inc.","A. Navesky",,,
"b668484e-a178-4b7f-8b59-ad429ab4e673","D07","WALK","WALK.AOS.reach","2018-03-13T13:39Z","2018-08-16","WALK.20180313.SURBER.4",,,"TRISP16","Y","Trissopelopia sp.",,"genus","Arthropoda","Hexapoda","Insecta","Pterygota","Neoptera","Holometabola","Diptera","Nematocera","Culicomorpha",,"Chironomidae","Tanypodinae","Pentaneurini",,"Trissopelopia","sp.",,"larva",3,,1,38,3,"N","N",,"condition OK","Y",,"Epler 2001","N","EcoAnalysts Inc.","G. Wallace",,,
"4c44d5ff-4d9f-4662-91dc-5d78c98d48ca","D07","WALK","WALK.AOS.reach","2018-03-13T13:39Z","2018-07-24","WALK.20180313.SURBER.1",,,"BAESP","Y","Baetidae sp.",,"family","Arthropoda","Hexapoda","Insecta","Pterygota","Palaeoptera",,"Ephemeroptera","Pisciforma",,,"Baetidae",,,,,"sp.",,"larva",1,,3,63,5,"Y","N",,"condition OK","N",,"Merritt and Cummins 2008","Y","EcoAnalysts Inc.","A. Navesky",,,
"328952ab-0080-4be3-9f71-09a76a590709","D07","WALK","WALK.AOS.reach","2018-03-13T13:39Z","2018-07-25","WALK.20180313.SURBER.6",,,"PISSP4","Y","Pisidium sp.",,"genus","Mollusca",,"Bivalvia","Heterodonta",,,"Veneroida",,,"Corbiculoidea","Pisidiidae",,,,"Pisidium","sp.",,"larva",1,,3,78,4,"N","N",,"condition OK","Y",,"Thorp and Covich 2001","N","EcoAnalysts Inc.","A. Navesky",,,
"bcbebc55-35e4-4cd0-b33e-6ff9fce1a0bb","D07","WALK","WALK.AOS.reach","2018-03-13T13:39Z","2018-07-24","WALK.20180313.SURBER.1",,,"ORISP1","Y","Oribatida sp.",,"suborder","Arthropoda","Chelicerata","Arachnida","Acari",,"Acariformes","Sarcoptiformes","Oribatida",,,,,,,,"sp.",,"adult",1,,1,63,2,"N","N",,"condition OK","Y",,"Thorp and Covich 2001","Y","EcoAnalysts Inc.","A. Navesky",,,
"7939a63c-7079-4d05-8ad5-f70601238c9a","D07","WALK","WALK.AOS.reach","2018-03-13T13:39Z","2018-08-15","WALK.20180313.SURBER.1",,"WALK.20180313.SURBER.1.RHEOTANYTARSUS EXIGUUS GR.","RHEEXI","Y","Rheotanytarsus exiguus gr.",,"speciesGroup","Arthropoda","Hexapoda","Insecta","Pterygota","Neoptera","Holometabola","Diptera","Nematocera","Culicomorpha",,"Chironomidae","Chironominae","Tanytarsini",,"Rheotanytarsus","exiguus gr.",,"larva",2,,1,63,2,"N","N",,"condition OK","Y",,"Epler 2001","Y","EcoAnalysts Inc.","G. Wallace",,,
"4710f768-d21a-48b9-905e-c672b2afa475","D07","WALK","WALK.AOS.reach","2018-03-13T13:39Z","2018-07-24","WALK.20180313.SURBER.1",,,"AGASP4","Y","Agapetus sp.",,"genus","Arthropoda","Hexapoda","Insecta","Pterygota","Neoptera","Holometabola","Trichoptera",,,"Glossosomatoidea","Glossosomatidae","Agapetinae",,,"Agapetus","sp.",,"larva",3,,1,63,2,"N","N",,"condition OK","Y",,"Wiggins 1996","Y","EcoAnalysts Inc.","A. Navesky",,,
"d96c71da-7330-4b47-a444-2fc2fa57f36f","D07","WALK","WALK.AOS.reach","2018-03-13T13:39Z","2018-08-16","WALK.20180313.SURBER.6",,,"HETMAR","Y","Heterotrissocladius marcidus gr.",,"speciesGroup","Arthropoda","Hexapoda","Insecta","Pterygota","Neoptera","Holometabola","Diptera","Nematocera","Culicomorpha",,"Chironomidae","Orthocladiinae",,,"Heterotrissocladius","marcidus gr.",,"larva",5,,1,78,1,"N","N",,"condition OK","Y",,"Epler 2001","N","EcoAnalysts Inc.","G. Wallace",,,
"be535ecc-e904-4a47-ab34-76770d5419f0","D07","WALK","WALK.AOS.reach","2018-03-13T13:39Z","2018-07-24","WALK.20180313.SURBER.1",,,"CAPSP2","Y","Capniidae sp.",,"family","Arthropoda","Hexapoda","Insecta","Pterygota","Neoptera","Polyneoptera","Plecoptera","Euholognatha",,,"Capniidae",,,,,"sp.",,"larva",1,,1,63,2,"Y","N",,"condition OK","Y",,"Stewart and Stark, 2002","Y","EcoAnalysts Inc.","A. Navesky",,,
"dcf57f01-0fa9-40f3-83f3-5494a55a94d6","D07","WALK","WALK.AOS.reach","2018-03-13T13:39Z","2018-07-25","WALK.20180313.SURBER.6",,,"LYPDIV","Y","Lype diversa",,"species","Arthropoda","Hexapoda","Insecta","Pterygota","Neoptera","Holometabola","Trichoptera",,,"Hydropsychoidea","Psychomyiidae","Psychomyiinae",,,"Lype","diversa",,"larva",2,,1,78,1,"N","N",,"damaged, affecting measurement","Y",,"Wiggins 1996","N","EcoAnalysts Inc.","A. Navesky",,,
"38bf8f32-bddb-4187-b011-e0c9c243371c","D07","WALK","WALK.AOS.reach","2018-03-13T13:39Z","2018-07-24","WALK.20180313.SURBER.1",,,"PERSP1","Y","Perlidae sp.",,"family","Arthropoda","Hexapoda","Insecta","Pterygota","Neoptera","Polyneoptera","Plecoptera","Systellognatha",,,"Perlidae",,,,,"sp.",,"larva",1,,5,63,8,"Y","N",,"condition OK","Y",,"Stewart and Stark, 2002","Y","EcoAnalysts Inc.","A. Navesky",,,
"fc0b6c62-618a-4e31-b207-449d18c4995f","D07","WALK","WALK.AOS.reach","2018-03-13T13:39Z","2018-07-24","WALK.20180313.SURBER.2",,,"CHASP9","Y","Chauliodinae sp.",,"subfamily","Arthropoda","Hexapoda","Insecta","Pterygota","Neoptera","Neuropterida","Megaloptera",,,,"Corydalidae","Chauliodinae",,,,"sp.",,"larva",12,,1,31,3,"Y","N",,"condition OK","Y",,"Merritt and Cummins 2008","N","EcoAnalysts Inc.","A. Navesky",,,
"1376ab99-12a9-4234-8710-8d53419e6eb6","D07","WALK","WALK.AOS.reach","2018-03-13T13:39Z","2018-07-25","WALK.20180313.SURBER.5",,,"GAMSP3","Y","Gammarus sp.",,"genus","Arthropoda","Crustacea","Malacostraca","Eumalacostraca",,"Peracarida","Amphipoda","Gammaridea",,,"Gammaridae",,,,"Gammarus","sp.",,"larva",2,,9,100,9,"N","N",,"condition OK","Y",,"Thorp and Covich 2001","N","EcoAnalysts Inc.","A. Navesky",,,
"22f76628-9e0d-41fb-94f8-31aa8b0d4d7a","D07","WALK","WALK.AOS.reach","2018-03-13T13:39Z","2018-07-25","WALK.20180313.SURBER.5",,,"PLESP2","Y","Pleuroceridae sp.",,"family","Mollusca",,"Gastropoda",,,,"Neotaenioglossa",,,,"Pleuroceridae",,,,,"sp.",,"larva",1,,1,100,1,"Y","N",,"condition OK","Y",,"Thorp and Covich 2001","N","EcoAnalysts Inc.","A. Navesky",,,
"eb22dcd7-24c6-4f73-a1a8-6c88c144733c","D07","WALK","WALK.AOS.reach","2018-03-13T13:39Z","2018-07-25","WALK.20180313.SURBER.8",,,"DIPMOD","Y","Diplectrona modesta",,"species","Arthropoda","Hexapoda","Insecta","Pterygota","Neoptera","Holometabola","Trichoptera",,,"Hydropsychoidea","Hydropsychidae","Diplectroninae",,,"Diplectrona","modesta",,"larva",7,,1,100,1,"N","N",,"condition OK","Y",,"Wiggins 1996","N","EcoAnalysts Inc.","A. Navesky",,,
"d0098d95-e23b-4590-a8bd-09184289f1e1","D07","WALK","WALK.AOS.reach","2018-03-13T13:39Z","2018-07-24","WALK.20180313.SURBER.1",,,"GAMSP3","Y","Gammarus sp.",,"genus","Arthropoda","Crustacea","Malacostraca","Eumalacostraca",,"Peracarida","Amphipoda","Gammaridea",,,"Gammaridae",,,,"Gammarus","sp.",,"larva",3,,2,63,3,"N","N",,"condition OK","Y",,"Thorp and Covich 2001","Y","EcoAnalysts Inc.","A. Navesky",,,
"942bd647-355f-44ca-8550-99ed445d4e97","D07","WALK","WALK.AOS.reach","2018-03-13T13:39Z","2018-07-24","WALK.20180313.SURBER.1",,,"LEUSP8","Y","Leuctra sp.",,"genus","Arthropoda","Hexapoda","Insecta","Pterygota","Neoptera","Polyneoptera","Plecoptera","Euholognatha",,,"Leuctridae","Leuctrinae",,,"Leuctra","sp.",,"larva",2,,19,63,30,"N","N",,"condition OK","Y",,"Stewart and Stark, 2002","Y","EcoAnalysts Inc.","A. Navesky",,,
"ce2f48c9-92f8-4700-938f-fc31442e8757","D07","WALK","WALK.AOS.reach","2018-03-13T13:39Z","2018-07-25","WALK.20180313.SURBER.6",,,"LIMSP32","Y","Limnesia sp.",,"genus","Arthropoda","Chelicerata","Arachnida","Acari",,"Acariformes","Trombidiformes","Prostigmata",,"Hygrobatoidea","Limnesiidae",,,,"Limnesia","sp.",,"adult",1,,1,78,1,"N","N",,"condition OK","Y",,"Thorp and Covich 2001","N","EcoAnalysts Inc.","A. Navesky",,,
"eea748b8-33a5-4a02-a318-966b4363c5d7","D07","WALK","WALK.AOS.reach","2018-03-13T13:39Z","2018-07-24","WALK.20180313.SURBER.4",,,"DIPMOD","Y","Diplectrona modesta",,"species","Arthropoda","Hexapoda","Insecta","Pterygota","Neoptera","Holometabola","Trichoptera",,,"Hydropsychoidea","Hydropsychidae","Diplectroninae",,,"Diplectrona","modesta",,"larva",8,,1,38,3,"N","N",,"condition OK","Y",,"Wiggins 1996","N","EcoAnalysts Inc.","A. Navesky",,,
"f1b10500-493f-4682-a480-96b9923f0ca3","D07","WALK","WALK.AOS.reach","2018-03-13T13:39Z","2018-08-16","WALK.20180313.SURBER.6",,,"PARNIG","Y","Paralauterborniella nigrohalteralis",,"species","Arthropoda",,"Insecta","Pterygota","Neoptera",,"Diptera","Nematocera","Culicomorpha","Chironomoidea","Chironomidae","Chironominae","Chironomini",,"Paralauterborniella","nigrohalteralis",,"larva",2,,1,78,1,"N","N",,"condition OK","Y",,"Epler 2001","N","EcoAnalysts Inc.","G. Wallace",,,
"3db6f032-74ea-4436-95de-fba99d7ca936","D07","WALK","WALK.AOS.reach","2018-03-13T13:39Z","2018-08-16","WALK.20180313.SURBER.3",,,"STESP10","Y","Stempellinella sp.",,"genus","Arthropoda","Hexapoda","Insecta","Pterygota","Neoptera","Holometabola","Diptera","Nematocera","Culicomorpha",,"Chironomidae","Chironominae","Tanytarsini",,"Stempellinella","sp.",,"larva",1,,6,42,14,"N","N",,"condition OK","Y",,"Epler 2001","N","EcoAnalysts Inc.","G. Wallace",,,
"a22d68fa-8f54-4cba-8833-3b018f910e85","D07","WALK","WALK.AOS.reach","2018-03-13T13:39Z","2018-07-25","WALK.20180313.SURBER.6",,,"TURSP","Y","Turbellaria sp.",,"class","Platyhelminthes",,"Turbellaria",,,,,,,,,,,,,"sp.",,"larva",4,,1,78,1,"N","N",,"condition OK","Y",,"Thorp and Covich 2001","N","EcoAnalysts Inc.","A. Navesky",,,
"5e8b32fc-f5f7-4e09-856c-7990449e8432","D07","WALK","WALK.AOS.reach","2018-03-13T13:39Z","2018-07-24","WALK.20180313.SURBER.1",,,"PSEHER","Y","Psephenus herricki",,"species","Arthropoda","Hexapoda","Insecta","Pterygota","Neoptera","Holometabola","Coleoptera","Polyphaga","Elateriformia","Byrrhoidea","Psephenidae","Psepheninae",,,"Psephenus","herricki",,"larva",5,,2,63,3,"N","N",,"condition OK","Y",,"Merritt and Cummins 2008","Y","EcoAnalysts Inc.","A. Navesky",,,
"aba00df1-bbc0-44a2-a06b-770368de9ece","D07","WALK","WALK.AOS.reach","2018-03-13T13:39Z","2018-07-24","WALK.20180313.SURBER.1",,,"TURSP","Y","Turbellaria sp.",,"class","Platyhelminthes",,"Turbellaria",,,,,,,,,,,,,"sp.",,"larva",2,,1,63,2,"N","Y",,"condition OK","Y",,"Thorp and Covich 2001","Y","EcoAnalysts Inc.","A. Navesky",,,
"4a21e1f5-74b5-4f87-b93a-531703c99cc5","D07","WALK","WALK.AOS.reach","2018-03-13T13:39Z","2018-07-24","WALK.20180313.SURBER.1",,,"DOLSP2","Y","Dolophilodes sp.",,"genus","Arthropoda","Hexapoda","Insecta","Pterygota","Neoptera","Holometabola","Trichoptera",,,"Philopotamoidea","Philopotamidae","Philopotaminae",,,"Dolophilodes","sp.",,"larva",5,,1,63,2,"N","N",,"condition OK","Y",,"Wiggins 1996","Y","EcoAnalysts Inc.","A. Navesky",,,
"cdb13e9d-1ce6-4c46-b09c-f8a85fa34546","D07","WALK","WALK.AOS.reach","2018-03-13T13:39Z","2018-07-24","WALK.20180313.SURBER.4",,,"HYDSP5","Y","Hydroptilidae sp.",,"family","Arthropoda","Hexapoda","Insecta","Pterygota","Neoptera","Holometabola","Trichoptera",,,"Hydroptiloidea","Hydroptilidae",,,,,"sp.",,"larva",1,,3,38,8,"Y","N",,"condition OK","N",,"Wiggins 1996","N","EcoAnalysts Inc.","A. Navesky",,,
"be40929c-f0ae-48d1-84ec-55c73bd6950a","D07","WALK","WALK.AOS.reach","2018-03-13T13:39Z","2018-07-24","WALK.20180313.SURBER.4",,,"BEZSP1","Y","Bezzia/Palpomyia sp.",,"speciesGroup","Arthropoda","Hexapoda","Insecta","Pterygota","Neoptera","Holometabola","Diptera","Nematocera","Culicomorpha",,"Ceratopogonidae","Ceratopogoninae","Palpomyiini",,"Bezzia/Palpomyia","sp.",,"larva",1,,1,38,3,"N","N",,"damaged, affecting measurement","Y",,"Merritt and Cummins 2008","N","EcoAnalysts Inc.","A. Navesky",,,
"99c15ff8-6822-42bd-84b0-05948d7ca08e","D07","WALK","WALK.AOS.reach","2018-03-13T13:39Z","2018-08-15","WALK.20180313.SURBER.2",,,"RHEEXI","Y","Rheotanytarsus exiguus gr.",,"speciesGroup","Arthropoda","Hexapoda","Insecta","Pterygota","Neoptera","Holometabola","Diptera","Nematocera","Culicomorpha",,"Chironomidae","Chironominae","Tanytarsini",,"Rheotanytarsus","exiguus gr.",,"larva",4,,1,31,3,"N","N",,"condition OK","Y",,"Epler 2001","N","EcoAnalysts Inc.","G. Wallace",,,
"8cd70d94-c3c6-437b-9d82-4327a74084d8","D07","WALK","WALK.AOS.reach","2018-03-13T13:39Z","2018-08-16","WALK.20180313.SURBER.4",,,"POLAVI","Y","Polypedilum aviceps",,"species","Arthropoda","Hexapoda","Insecta","Pterygota","Neoptera","Holometabola","Diptera","Nematocera","Culicomorpha",,"Chironomidae","Chironominae","Chironomini",,"Polypedilum","aviceps",,"larva",2,,3,38,8,"N","N",,"condition OK","Y",,"Maschwitz and Cook 2000","N","EcoAnalysts Inc.","G. Wallace",,,
"59b5d964-9170-4153-86b1-cde907d61efa","D07","WALK","WALK.AOS.reach","2018-03-13T13:39Z","2018-08-16","WALK.20180313.SURBER.7",,,"THIGRO","Y","Thienemannimyia gr.",,"speciesGroup","Arthropoda","Hexapoda","Insecta","Pterygota","Neoptera","Holometabola","Diptera","Nematocera","Culicomorpha",,"Chironomidae","Tanypodinae","Pentaneurini",,"Thienemannimyia","gr.",,"larva",3,,1,100,1,"N","N",,"condition OK","Y",,"Epler 2001","N","EcoAnalysts Inc.","G. Wallace",,,
"2d885de0-bf8b-4b4d-a553-afa91d3677d1","D07","WALK","WALK.AOS.reach","2018-03-13T13:39Z","2018-08-16","WALK.20180313.SURBER.3",,,"CORSP19","Y","Corynoneura sp.",,"genus","Arthropoda","Hexapoda","Insecta","Pterygota","Neoptera","Holometabola","Diptera","Nematocera","Culicomorpha",,"Chironomidae","Orthocladiinae",,,"Corynoneura","sp.",,"larva",2,,1,42,2,"N","N",,"condition OK","Y",,"Epler 2001","N","EcoAnalysts Inc.","G. Wallace",,,
"6a4d18c9-fb6c-41b7-bad7-f6b25f55adbd","D07","WALK","WALK.AOS.reach","2018-03-13T13:39Z","2018-07-25","WALK.20180313.SURBER.6",,,"LEPSP20","Y","Lepidostoma sp.",,"genus","Arthropoda","Hexapoda","Insecta","Pterygota","Neoptera","Holometabola","Trichoptera",,,"Limnephiloidea","Lepidostomatidae","Lepidostomatinae",,,"Lepidostoma","sp.",,"larva",2,,2,78,3,"N","N",,"condition OK","Y",,"Wiggins 1996","N","EcoAnalysts Inc.","A. Navesky",,,
"5ce1fc22-89cc-4393-b240-b1b553a4a152","D07","WALK","WALK.AOS.reach","2018-03-13T13:39Z","2018-07-24","WALK.20180313.SURBER.3",,,"POLSP12","Y","Polycentropus sp.",,"genus","Arthropoda","Hexapoda","Insecta","Pterygota","Neoptera","Holometabola","Trichoptera",,,"Hydropsychoidea","Polycentropodidae","Polycentropodinae",,,"Polycentropus","sp.",,"larva",2,,1,42,2,"N","N",,"condition OK","Y",,"Wiggins 1996","N","EcoAnalysts Inc.","A. Navesky",,,
"2ff500a2-93de-4268-bee3-7a41331f9f10","D07","WALK","WALK.AOS.reach","2018-03-13T13:39Z","2018-07-25","WALK.20180313.SURBER.8",,,"CAPSP2","Y","Capniidae sp.",,"family","Arthropoda","Hexapoda","Insecta","Pterygota","Neoptera","Polyneoptera","Plecoptera","Euholognatha",,,"Capniidae",,,,,"sp.",,"larva",1,,2,100,2,"Y","N",,"condition OK","Y",,"Stewart and Stark, 2002","N","EcoAnalysts Inc.","A. Navesky",,,
"e2912886-241d-4228-9861-51b269d8cff4","D07","WALK","WALK.AOS.reach","2018-03-13T13:39Z","2018-07-24","WALK.20180313.SURBER.1",,,"CHLSP","Y","Chloroperlidae sp.",,"family","Arthropoda","Hexapoda","Insecta","Pterygota","Neoptera","Polyneoptera","Plecoptera","Systellognatha",,,"Chloroperlidae",,,,,"sp.",,"larva",2,,1,63,2,"Y","N",,"condition OK","N",,"Stewart and Stark, 2002","Y","EcoAnalysts Inc.","A. Navesky",,,
"849d8c27-02f4-4fdf-9e8d-ea7998c3b0d8","D07","WALK","WALK.AOS.reach","2018-03-13T13:39Z","2018-07-25","WALK.20180313.SURBER.6",,,"TORSP6","Y","Torrenticola sp.",,"genus","Arthropoda","Chelicerata","Arachnida","Acari",,"Acariformes","Trombidiformes","Prostigmata",,"Lebertioidea","Torrenticolidae",,,,"Torrenticola","sp.",,"adult",1,,2,78,3,"N","N",,"condition OK","Y",,"Thorp and Covich 2001","N","EcoAnalysts Inc.","A. Navesky",,,
"557a25f6-d2d3-43bd-a50c-86b036d1a5af","D07","WALK","WALK.AOS.reach","2018-03-13T13:39Z","2018-07-25","WALK.20180313.SURBER.6",,,"ACASP1","Y","Acari sp.",,"subclass","Arthropoda","Chelicerata","Arachnida","Acari",,,,,,,,,,,,"sp.",,"adult",1,,1,78,1,"Y","N",,"condition OK","Y",,"Thorp and Covich 2001","N","EcoAnalysts Inc.","A. Navesky",,,
"3b8062a8-eed3-41fe-93a4-ef64aea15ae3","D07","WALK","WALK.AOS.reach","2018-03-13T13:39Z","2018-07-24","WALK.20180313.SURBER.1",,,"POLSP12","Y","Polycentropus sp.",,"genus","Arthropoda","Hexapoda","Insecta","Pterygota","Neoptera","Holometabola","Trichoptera",,,"Hydropsychoidea","Polycentropodidae","Polycentropodinae",,,"Polycentropus","sp.",,"larva",4,,1,63,2,"N","N",,"condition OK","Y",,"Wiggins 1996","Y","EcoAnalysts Inc.","A. Navesky",,,
"21566f45-f147-423b-8752-7827bd4dcffc","D07","WALK","WALK.AOS.reach","2018-03-13T13:39Z","2018-07-24","WALK.20180313.SURBER.2",,,"DIPMOD","Y","Diplectrona modesta",,"species","Arthropoda","Hexapoda","Insecta","Pterygota","Neoptera","Holometabola","Trichoptera",,,"Hydropsychoidea","Hydropsychidae","Diplectroninae",,,"Diplectrona","modesta",,"larva",6,,2,31,6,"N","N",,"condition OK","Y",,"Wiggins 1996","N","EcoAnalysts Inc.","A. Navesky",,,
"37fa486e-5e9f-40aa-8a41-7a1130938daa","D07","WALK","WALK.AOS.reach","2018-03-13T13:39Z","2018-08-16","WALK.20180313.SURBER.8",,,"STESP10","Y","Stempellinella sp.",,"genus","Arthropoda","Hexapoda","Insecta","Pterygota","Neoptera","Holometabola","Diptera","Nematocera","Culicomorpha",,"Chironomidae","Chironominae","Tanytarsini",,"Stempellinella","sp.",,"larva",1,,6,100,6,"N","N",,"condition OK","Y",,"Epler 2001","N","EcoAnalysts Inc.","G. Wallace",,,
"775a2e57-a956-4bfd-8aab-cb6819e2cfbb","D07","WALK","WALK.AOS.reach","2018-03-13T13:39Z","2018-07-24","WALK.20180313.SURBER.1",,,"PSEHER","Y","Psephenus herricki",,"species","Arthropoda","Hexapoda","Insecta","Pterygota","Neoptera","Holometabola","Coleoptera","Polyphaga","Elateriformia","Byrrhoidea","Psephenidae","Psepheninae",,,"Psephenus","herricki",,"larva",2,,6,63,10,"N","N",,"condition OK","Y",,"Merritt and Cummins 2008","Y","EcoAnalysts Inc.","A. Navesky",,,
"6986eac8-dbd5-41ae-a5a4-8c086d581139","D07","WALK","WALK.AOS.reach","2018-03-13T13:39Z","2018-08-15","WALK.20180313.SURBER.1",,"WALK.20180313.SURBER.1.MICROPSECTRA SP.","MICSP6","Y","Micropsectra sp.",,"genus","Arthropoda","Hexapoda","Insecta","Pterygota","Neoptera","Holometabola","Diptera","Nematocera","Culicomorpha",,"Chironomidae","Chironominae","Tanytarsini",,"Micropsectra","sp.",,"larva",6,,1,63,2,"N","N",,"condition OK","Y",,"Epler 2001","Y","EcoAnalysts Inc.","G. Wallace",,,
"81c948f0-7d6f-474f-8fff-6652ca041e9c","D07","WALK","WALK.AOS.reach","2018-03-13T13:39Z","2018-07-24","WALK.20180313.SURBER.3",,,"LEPSP20","Y","Lepidostoma sp.",,"genus","Arthropoda","Hexapoda","Insecta","Pterygota","Neoptera","Holometabola","Trichoptera",,,"Limnephiloidea","Lepidostomatidae","Lepidostomatinae",,,"Lepidostoma","sp.",,"larva",5,,1,42,2,"N","N",,"condition OK","Y",,"Wiggins 1996","N","EcoAnalysts Inc.","A. Navesky",,,
"1b2aef5e-ed21-40ba-aa2b-30f205d28042","D07","WALK","WALK.AOS.reach","2018-03-13T13:39Z","2018-08-16","WALK.20180313.SURBER.3",,,"TANSP11","Y","Tanytarsus sp.",,"genus","Arthropoda","Hexapoda","Insecta","Pterygota","Neoptera","Holometabola","Diptera","Nematocera","Culicomorpha",,"Chironomidae","Chironominae","Tanytarsini",,"Tanytarsus","sp.",,"larva",4,,1,42,2,"N","N",,"condition OK","Y",,"Epler 2001","N","EcoAnalysts Inc.","G. Wallace",,,
"18a79f98-5388-4b42-978c-4da6d386d70d","D07","WALK","WALK.AOS.reach","2018-03-13T13:39Z","2018-07-24","WALK.20180313.SURBER.3",,,"PLESP2","Y","Pleuroceridae sp.",,"family","Mollusca",,"Gastropoda",,,,"Neotaenioglossa",,,,"Pleuroceridae",,,,,"sp.",,"larva",2,,1,42,2,"Y","N",,"damaged, affecting measurement","Y",,"Thorp and Covich 2001","N","EcoAnalysts Inc.","A. Navesky",,,
"65a61f1d-a873-4c7b-8747-e577d26a4f49","D07","WALK","WALK.AOS.reach","2018-03-13T13:39Z","2018-08-21","WALK.20180313.SURBER.5",,,"LEUSP2","Y","Leuctridae sp.",,"family","Arthropoda","Hexapoda","Insecta","Pterygota","Neoptera","Polyneoptera","Plecoptera","Euholognatha",,,"Leuctridae",,,,,"sp.",,"larva",1,,14,100,14,"Y","N",,"condition OK","N",,"Stewart and Stark, 2002","N","EcoAnalysts Inc.","A. Navesky",,,
"a737e7ca-e020-4cef-ba0a-89980a1e6e69","D07","WALK","WALK.AOS.reach","2018-03-13T13:39Z","2018-08-15","WALK.20180313.SURBER.2",,,"POLAVI","Y","Polypedilum aviceps",,"species","Arthropoda","Hexapoda","Insecta","Pterygota","Neoptera","Holometabola","Diptera","Nematocera","Culicomorpha",,"Chironomidae","Chironominae","Chironomini",,"Polypedilum","aviceps",,"larva",3,,4,31,13,"N","N",,"condition OK","Y",,"Maschwitz and Cook 2000","N","EcoAnalysts Inc.","G. Wallace",,,
"61d3cde6-edb5-4ce7-b1f0-c6d1f7f2a4ff","D07","WALK","WALK.AOS.reach","2018-03-13T13:39Z","2018-07-24","WALK.20180313.SURBER.1",,,"STYSP11","Y","Stygothrombium sp.",,"genus","Arthropoda","Chelicerata","Arachnida","Acari",,"Acariformes",,"Prostigmata","Anystina","Stygothrombidioidea","Stygothrombiidae",,,,"Stygothrombium","sp.",,"adult",2,,1,63,2,"N","N",,"condition OK","Y",,"Thorp and Covich 2001","Y","EcoAnalysts Inc.","A. Navesky",,,
"699ec9d2-6b7e-4891-9072-56eb9364bd7e","D07","WALK","WALK.AOS.reach","2018-03-13T13:39Z","2018-07-24","WALK.20180313.SURBER.1",,,"DIPMOD","Y","Diplectrona modesta",,"species","Arthropoda","Hexapoda","Insecta","Pterygota","Neoptera","Holometabola","Trichoptera",,,"Hydropsychoidea","Hydropsychidae","Diplectroninae",,,"Diplectrona","modesta",,"larva",3,,1,63,2,"N","N",,"condition OK","Y",,"Wiggins 1996","Y","EcoAnalysts Inc.","A. Navesky",,,
"4c34383f-52e6-4f7a-b1df-d4fc93fe3aa9","D07","WALK","WALK.AOS.reach","2018-03-13T13:39Z","2018-07-24","WALK.20180313.SURBER.4",,,"AMPSP13","Y","Amphinemura sp.",,"genus","Arthropoda","Hexapoda","Insecta","Pterygota","Neoptera","Polyneoptera","Plecoptera","Euholognatha",,,"Nemouridae","Amphinemurinae",,,"Amphinemura","sp.",,"larva",1,,5,38,13,"N","N",,"condition OK","Y",,"Stewart and Stark, 2002","N","EcoAnalysts Inc.","A. Navesky",,,
"6142ee92-abbb-4479-b23d-185ccc52ef3f","D07","WALK","WALK.AOS.reach","2018-03-13T13:39Z","2018-07-24","WALK.20180313.SURBER.3",,,"PERSP1","Y","Perlidae sp.",,"family","Arthropoda","Hexapoda","Insecta","Pterygota","Neoptera","Polyneoptera","Plecoptera","Systellognatha",,,"Perlidae",,,,,"sp.",,"larva",1,,1,42,2,"Y","N",,"condition OK","Y",,"Stewart and Stark, 2002","N","EcoAnalysts Inc.","A. Navesky",,,
"cac534ab-e0fb-455f-b917-b6c13ac077e4","D07","WALK","WALK.AOS.reach","2018-03-13T13:39Z","2018-07-25","WALK.20180313.SURBER.8",,,"OCHSP1","Y","Ochrotrichia sp.",,"genus","Arthropoda","Hexapoda","Insecta","Pterygota","Neoptera","Holometabola","Trichoptera",,,"Hydroptiloidea","Hydroptilidae","Hydroptilinae","Ochrotrichiini",,"Ochrotrichia","sp.",,"larva",2,,1,100,1,"N","N",,"condition OK","Y",,"Wiggins 1996","N","EcoAnalysts Inc.","A. Navesky",,,
"d4af7537-b756-431e-aa55-f28086d81b56","D07","WALK","WALK.AOS.reach","2018-03-13T13:39Z","2018-07-24","WALK.20180313.SURBER.1",,,"OCHSP1","Y","Ochrotrichia sp.",,"genus","Arthropoda","Hexapoda","Insecta","Pterygota","Neoptera","Holometabola","Trichoptera",,,"Hydroptiloidea","Hydroptilidae","Hydroptilinae","Ochrotrichiini",,"Ochrotrichia","sp.",,"larva",2,,3,63,5,"N","N",,"condition OK","Y",,"Wiggins 1996","Y","EcoAnalysts Inc.","A. Navesky",,,
"cf4230d3-d07a-4b80-b16f-361d0ec97566","D07","WALK","WALK.AOS.reach","2018-03-13T13:39Z","2018-07-24","WALK.20180313.SURBER.3",,,"ORISP1","Y","Oribatida sp.",,"suborder","Arthropoda","Chelicerata","Arachnida","Acari",,"Acariformes","Sarcoptiformes","Oribatida",,,,,,,,"sp.",,"adult",1,,2,42,5,"N","N",,"condition OK","Y",,"Thorp and Covich 2001","N","EcoAnalysts Inc.","A. Navesky",,,
"9bb4e952-894c-4c45-b17b-60dc580c5f83","D07","WALK","WALK.AOS.reach","2018-03-13T13:39Z","2018-07-24","WALK.20180313.SURBER.2",,,"HYDSP5","Y","Hydroptilidae sp.",,"family","Arthropoda","Hexapoda","Insecta","Pterygota","Neoptera","Holometabola","Trichoptera",,,"Hydroptiloidea","Hydroptilidae",,,,,"sp.",,"larva",1,,1,31,3,"Y","N",,"condition OK","N",,"Wiggins 1996","N","EcoAnalysts Inc.","A. Navesky",,,
"51b9f397-0404-42ce-b1df-8105281a669e","D07","WALK","WALK.AOS.reach","2018-03-13T13:39Z","2018-08-16","WALK.20180313.SURBER.3",,,"POLSP13","Y","Polypedilum sp.",,"genus","Arthropoda","Hexapoda","Insecta","Pterygota","Neoptera","Holometabola","Diptera","Nematocera","Culicomorpha",,"Chironomidae","Chironominae","Chironomini",,"Polypedilum","sp.",,"larva",2,,1,42,2,"N","N",,"condition OK","Y",,"Epler 2001, and Maschwitz and Cook 2000","N","EcoAnalysts Inc.","G. Wallace",,,
"52a6144d-dc79-4dce-a4ca-ef33e763d638","D07","WALK","WALK.AOS.reach","2018-03-13T13:39Z","2018-07-24","WALK.20180313.SURBER.4",,,"SIMSP1","Y","Simulium sp.",,"genus","Arthropoda","Hexapoda","Insecta","Pterygota","Neoptera","Holometabola","Diptera","Nematocera","Culicomorpha",,"Simuliidae","Simuliinae","Simuliini",,"Simulium","sp.",,"larva",4,,1,38,3,"N","N",,"condition OK","Y",,"Merritt and Cummins 2008","N","EcoAnalysts Inc.","A. Navesky",,,
"aef395c8-a052-4c68-8501-a471d250ae9c","D07","WALK","WALK.AOS.reach","2018-03-13T13:39Z","2018-08-15","WALK.20180313.SURBER.2",,,"NILFIM","Y","Nilotanypus fimbriatus",,"species","Arthropoda","Hexapoda","Insecta","Pterygota","Neoptera","Holometabola","Diptera","Nematocera","Culicomorpha",,"Chironomidae","Tanypodinae","Pentaneurini",,"Nilotanypus","fimbriatus",,"larva",1,,2,31,6,"N","N",,"condition OK","Y",,"Epler 2001","N","EcoAnalysts Inc.","G. Wallace",,,
"cf425389-f652-40a0-918b-4c3b231fba6a","D07","WALK","WALK.AOS.reach","2018-03-13T13:39Z","2018-07-25","WALK.20180313.SURBER.4",,"WALK.20180313.SURBER.4_OLIGOCHAETE_1/1","NAISP","Y","Naididae sp.","tubificoid Naididae w/o cap setae","family","Annelida","Clitellata","Oligochaeta","Oligochaeta",,,"Tubificida",,,,"Naididae",,,,,"sp.",,"larva",8,,1,38,3,"N","N",,"condition OK","Y",,"Kathman and Brinkhurst, 1998","N","EcoAnalysts Inc.","L. Flaherty",,,
"2b3390da-c4fa-437d-940b-2dbb9ed0fc56","D07","WALK","WALK.AOS.reach","2018-03-13T13:39Z","2018-07-24","WALK.20180313.SURBER.1",,,"OULSP","Y","Oulimnius sp.",,"genus","Arthropoda","Hexapoda","Insecta","Pterygota","Neoptera","Holometabola","Coleoptera","Polyphaga","Elateriformia","Byrrhoidea","Elmidae","Elminae","Elmini",,"Oulimnius","sp.",,"larva",3,,1,63,2,"N","N",,"condition OK","Y",,"Merritt and Cummins 2008","Y","EcoAnalysts Inc.","A. Navesky",,,
"1d47ad51-c609-4f9e-a4b7-2eb7c3db0443","D07","WALK","WALK.AOS.reach","2018-03-13T13:39Z","2018-07-24","WALK.20180313.SURBER.1",,,"TURSP","Y","Turbellaria sp.",,"class","Platyhelminthes",,"Turbellaria",,,,,,,,,,,,,"sp.",,"larva",1,,1,63,2,"N","Y",,"condition OK","Y",,"Thorp and Covich 2001","Y","EcoAnalysts Inc.","A. Navesky",,,
"a94c6b60-b75f-44b1-918b-fbafd0637096","D07","WALK","WALK.AOS.reach","2018-03-13T13:39Z","2018-08-16","WALK.20180313.SURBER.6",,,"CRISP6","Y","Cricotopus/Orthocladius sp.",,"speciesGroup","Arthropoda","Hexapoda","Insecta","Pterygota","Neoptera","Holometabola","Diptera","Nematocera","Culicomorpha",,"Chironomidae","Orthocladiinae",,,"Cricotopus/Orthocladius","sp.",,"larva",1,,2,78,3,"N","N",,"condition OK","Y",,"Epler 2001, and Maschwitz and Cook 2000","N","EcoAnalysts Inc.","G. Wallace",,,
"6b366724-e189-498b-8151-ef006f2c4a3e","D07","WALK","WALK.AOS.reach","2018-03-13T13:39Z","2018-07-25","WALK.20180313.SURBER.6",,,"LYPDIV","Y","Lype diversa",,"species","Arthropoda","Hexapoda","Insecta","Pterygota","Neoptera","Holometabola","Trichoptera",,,"Hydropsychoidea","Psychomyiidae","Psychomyiinae",,,"Lype","diversa",,"larva",1,,1,78,1,"N","N",,"damaged, affecting measurement","Y",,"Wiggins 1996","N","EcoAnalysts Inc.","A. Navesky",,,
"be81cce0-f7d3-4eac-8276-ef2106b12a2f","D07","WALK","WALK.AOS.reach","2018-03-13T13:39Z","2018-07-24","WALK.20180313.SURBER.3",,,"GAMSP3","Y","Gammarus sp.",,"genus","Arthropoda","Crustacea","Malacostraca","Eumalacostraca",,"Peracarida","Amphipoda","Gammaridea",,,"Gammaridae",,,,"Gammarus","sp.",,"larva",7,,2,42,5,"N","N",,"condition OK","Y",,"Thorp and Covich 2001","N","EcoAnalysts Inc.","A. Navesky",,,
"f36ceaec-a465-4a8a-b804-c12042e68b9f","D07","WALK","WALK.AOS.reach","2018-03-13T13:39Z","2018-08-15","WALK.20180313.SURBER.2",,,"TANSP11","Y","Tanytarsus sp.",,"genus","Arthropoda","Hexapoda","Insecta","Pterygota","Neoptera","Holometabola","Diptera","Nematocera","Culicomorpha",,"Chironomidae","Chironominae","Tanytarsini",,"Tanytarsus","sp.",,"larva",2,,2,31,6,"N","N",,"damaged, affecting measurement","Y",,"Epler 2001","N","EcoAnalysts Inc.","G. Wallace",,,
"2e8064a1-4c3a-40a5-857b-3b086dec0ff9","D07","WALK","WALK.AOS.reach","2018-03-13T13:39Z","2018-08-16","WALK.20180313.SURBER.8",,,"PENSP6","Y","Pentaneurini sp.",,"tribe","Arthropoda","Hexapoda","Insecta","Pterygota","Neoptera","Holometabola","Diptera","Nematocera","Culicomorpha",,"Chironomidae","Tanypodinae","Pentaneurini",,,"sp.",,"larva",2,,1,100,1,"Y","N",,"condition OK","Y",,"Epler 2001","N","EcoAnalysts Inc.","G. Wallace",,,
"66e70db2-6cbc-48a6-a3e6-a7cd173a4da1","D07","WALK","WALK.AOS.reach","2018-03-13T13:39Z","2018-07-24","WALK.20180313.SURBER.3",,,"SPESP4","Y","Sperchon sp.",,"genus","Arthropoda","Chelicerata","Arachnida","Acari",,"Acariformes","Trombidiformes","Prostigmata",,"Lebertioidea","Sperchontidae",,,,"Sperchon","sp.",,"adult",1,,2,42,5,"N","N",,"condition OK","Y",,"Thorp and Covich 2001","N","EcoAnalysts Inc.","A. Navesky",,,
"8660016c-dcca-42f4-9a57-21e33e91fc31","D07","WALK","WALK.AOS.reach","2018-03-13T13:39Z","2018-07-25","WALK.20180313.SURBER.5",,,"BEZSP1","Y","Bezzia/Palpomyia sp.",,"speciesGroup","Arthropoda","Hexapoda","Insecta","Pterygota","Neoptera","Holometabola","Diptera","Nematocera","Culicomorpha",,"Ceratopogonidae","Ceratopogoninae","Palpomyiini",,"Bezzia/Palpomyia","sp.",,"larva",4,,1,100,1,"N","N",,"condition OK","Y",,"Merritt and Cummins 2008","N","EcoAnalysts Inc.","A. Navesky",,,
"43c47430-a155-4e37-9607-28cd2e0756e2","D07","WALK","WALK.AOS.reach","2018-03-13T13:39Z","2018-07-24","WALK.20180313.SURBER.3",,,"TALSP1","Y","Tallaperla sp.",,"genus","Arthropoda","Hexapoda","Insecta","Pterygota","Neoptera","Polyneoptera","Plecoptera","Systellognatha",,,"Peltoperlidae","Peltoperlinae",,,"Tallaperla","sp.",,"larva",6,,1,42,2,"N","N",,"damaged, affecting measurement","Y",,"Stewart and Stark, 2002","N","EcoAnalysts Inc.","A. Navesky",,,
"b462f6fc-7ed7-4224-9781-a0671c64235d","D07","WALK","WALK.AOS.reach","2018-03-13T13:39Z","2018-07-25","WALK.20180313.SURBER.6",,,"POLSP12","Y","Polycentropus sp.",,"genus","Arthropoda","Hexapoda","Insecta","Pterygota","Neoptera","Holometabola","Trichoptera",,,"Hydropsychoidea","Polycentropodidae","Polycentropodinae",,,"Polycentropus","sp.",,"larva",3,,1,78,1,"N","N",,"condition OK","Y",,"Wiggins 1996","N","EcoAnalysts Inc.","A. Navesky",,,
"204f76ac-9789-40a9-8d2c-eb55f54f6707","D07","WALK","WALK.AOS.reach","2018-03-13T13:39Z","2018-08-21","WALK.20180313.SURBER.1",,,"BAESP2","Y","Baetis sp.",,"genus","Arthropoda","Hexapoda","Insecta","Pterygota","Palaeoptera",,"Ephemeroptera","Pisciforma",,,"Baetidae",,,,"Baetis","sp.",,"larva",1,,1,63,2,"N","N",,"damaged, affecting taxonomy","N",,"Merritt and Cummins 2008","Y","EcoAnalysts Inc.","A. Navesky",,,
"932ad77c-8382-4e48-9035-2b2442a6471a","D07","WALK","WALK.AOS.reach","2018-03-13T13:39Z","2018-07-27","WALK.20180313.SURBER.5",,"WALK.20180313.SURBER.5_OLIGOCHAETE_1/1","ENCSP1","Y","Enchytraeidae sp.",,"family","Annelida","Clitellata","Oligochaeta","Oligochaeta",,,"Enchytraeida",,,,"Enchytraeidae",,,,,"sp.",,"larva",1,,1,100,1,"N","N",,"condition OK","Y",,"Kathman and Brinkhurst, 1999","N","EcoAnalysts Inc.","L. Flaherty",,,
"d9bebe67-5128-473d-be96-e1006f148bb5","D07","WALK","WALK.AOS.reach","2018-03-13T13:39Z","2018-07-24","WALK.20180313.SURBER.3",,,"CHLSP","Y","Chloroperlidae sp.",,"family","Arthropoda","Hexapoda","Insecta","Pterygota","Neoptera","Polyneoptera","Plecoptera","Systellognatha",,,"Chloroperlidae",,,,,"sp.",,"larva",1,,1,42,2,"Y","N",,"condition OK","Y",,"Stewart and Stark, 2002","N","EcoAnalysts Inc.","A. Navesky",,,
"653a4cb7-7d17-4237-b075-206d13f258db","D07","WALK","WALK.AOS.reach","2018-03-13T13:39Z","2018-07-25","WALK.20180313.SURBER.7",,,"PLESP","Y","Plecoptera sp.",,"order","Arthropoda","Hexapoda","Insecta","Pterygota","Neoptera","Polyneoptera","Plecoptera",,,,,,,,,"sp.",,"larva",1,,1,100,1,"Y","N",,"condition OK","N",,"Stewart and Stark, 2002","N","EcoAnalysts Inc.","A. Navesky",,,
"f2e34b2f-0509-410c-bb36-c2b63f1b05d5","D07","WALK","WALK.AOS.reach","2018-03-13T13:39Z","2018-07-25","WALK.20180313.SURBER.5",,,"TURSP","Y","Turbellaria sp.",,"class","Platyhelminthes",,"Turbellaria",,,,,,,,,,,,,"sp.",,"larva",1,,2,100,2,"N","Y",,"condition OK","Y",,"Thorp and Covich 2001","N","EcoAnalysts Inc.","A. Navesky",,,
"8f87e1d0-3958-452f-bac5-5393b5c30090","D07","WALK","WALK.AOS.reach","2018-03-13T13:39Z","2018-08-16","WALK.20180313.SURBER.5",,,"TANSP11","Y","Tanytarsus sp.",,"genus","Arthropoda","Hexapoda","Insecta","Pterygota","Neoptera","Holometabola","Diptera","Nematocera","Culicomorpha",,"Chironomidae","Chironominae","Tanytarsini",,"Tanytarsus","sp.",,"larva",3,,2,100,2,"N","N",,"condition OK","Y",,"Epler 2001","N","EcoAnalysts Inc.","G. Wallace",,,
"11767eed-31ac-4ed1-8ca5-8e2f7e97518d","D07","WALK","WALK.AOS.reach","2018-03-13T13:39Z","2018-08-16","WALK.20180313.SURBER.6",,,"PARSP26","Y","Parametriocnemus sp.",,"genus","Arthropoda","Hexapoda","Insecta","Pterygota","Neoptera","Holometabola","Diptera","Nematocera","Culicomorpha",,"Chironomidae","Orthocladiinae",,,"Parametriocnemus","sp.",,"larva",4,,1,78,1,"N","N",,"condition OK","Y",,"Epler 2001","N","EcoAnalysts Inc.","G. Wallace",,,
"db697e3b-5c26-4968-b385-e3b2031fa6ba","D07","WALK","WALK.AOS.reach","2018-03-13T13:39Z","2018-07-27","WALK.20180313.SURBER.6",,"WALK.20180313.SURBER.6_OLIGOCHAETE_2/2|WALK.20180313.SURBER.6_OLIGOCHAETE_1/2","LUMSP2","Y","Lumbriculidae sp.",,"family","Annelida","Clitellata","Oligochaeta","Oligochaeta",,,"Lumbriculida",,,,"Lumbriculidae",,,,,"sp.",,"larva",4,,1,78,1,"N","N",,"damaged, affecting measurement","Y",,"Kathman and Brinkhurst, 1999","N","EcoAnalysts Inc.","L. Flaherty",,,
"efb68a89-7873-488a-8cc9-f13de176a3bf","D07","WALK","WALK.AOS.reach","2018-03-13T13:39Z","2018-07-24","WALK.20180313.SURBER.4",,,"OULSP","Y","Oulimnius sp.",,"genus","Arthropoda","Hexapoda","Insecta","Pterygota","Neoptera","Holometabola","Coleoptera","Polyphaga","Elateriformia","Byrrhoidea","Elmidae","Elminae","Elmini",,"Oulimnius","sp.",,"larva",2,,9,38,24,"N","N",,"condition OK","Y",,"Merritt and Cummins 2008","N","EcoAnalysts Inc.","A. Navesky",,,
"693ece73-e89f-474b-8655-dfb357015f3d","D07","WALK","WALK.AOS.reach","2018-03-13T13:39Z","2018-08-21","WALK.20180313.SURBER.1",,,"AMPSP1","Y","Amphipoda sp.",,"order","Arthropoda","Crustacea","Malacostraca","Eumalacostraca",,"Peracarida","Amphipoda",,,,,,,,,"sp.",,"larva",2,,1,63,2,"N","N",,"damaged, affecting taxonomy","N",,"Thorp and Covich 2001","Y","EcoAnalysts Inc.","A. Navesky",,,
"252a2be8-db18-4ce4-93ea-51c0b2a89131","D07","WALK","WALK.AOS.reach","2018-03-13T13:39Z","2018-07-25","WALK.20180313.SURBER.6",,,"HABSP1","Y","Habrophlebiodes sp.",,"genus","Arthropoda","Hexapoda","Insecta","Pterygota","Palaeoptera",,"Ephemeroptera","Furcatergalia","Lanceolata",,"Leptophlebiidae",,,,"Habrophlebiodes","sp.",,"larva",2,,1,78,1,"N","N",,"condition OK","Y",,"Merritt and Cummins 2008","N","EcoAnalysts Inc.","A. Navesky",,,
"ec869c56-dd4a-41eb-8983-5471e60b98db","D07","WALK","WALK.AOS.reach","2018-03-13T13:39Z","2018-07-24","WALK.20180313.SURBER.4",,,"ELISP","Y","Elimia sp.",,"genus","Mollusca",,"Gastropoda",,,,"Neotaenioglossa",,,,"Pleuroceridae",,,,"Elimia","sp.",,"larva",9,,1,38,3,"N","N",,"condition OK","Y",,"Pennak, 1997","N","EcoAnalysts Inc.","A. Navesky",,,
"a8f99819-20aa-49b6-9e7e-fcb72f628a80","D07","WALK","WALK.AOS.reach","2018-03-13T13:39Z","2018-07-24","WALK.20180313.SURBER.4",,,"POLSP12","Y","Polycentropus sp.",,"genus","Arthropoda","Hexapoda","Insecta","Pterygota","Neoptera","Holometabola","Trichoptera",,,"Hydropsychoidea","Polycentropodidae","Polycentropodinae",,,"Polycentropus","sp.",,"larva",2,,1,38,3,"N","N",,"condition OK","Y",,"Wiggins 1996","N","EcoAnalysts Inc.","A. Navesky",,,
"f28b6f77-e838-4be2-a208-0843c4aa577f","D07","WALK","WALK.AOS.reach","2018-03-13T13:39Z","2018-08-16","WALK.20180313.SURBER.4",,,"POLAVI","Y","Polypedilum aviceps",,"species","Arthropoda","Hexapoda","Insecta","Pterygota","Neoptera","Holometabola","Diptera","Nematocera","Culicomorpha",,"Chironomidae","Chironominae","Chironomini",,"Polypedilum","aviceps",,"larva",3,,1,38,3,"N","N",,"condition OK","Y",,"Maschwitz and Cook 2000","N","EcoAnalysts Inc.","G. Wallace",,,
"413436fb-8dad-4440-9fab-c145fe389220","D07","WALK","WALK.AOS.reach","2018-03-13T13:39Z","2018-07-24","WALK.20180313.SURBER.4",,,"PLESP2","Y","Pleuroceridae sp.",,"family","Mollusca",,"Gastropoda",,,,"Neotaenioglossa",,,,"Pleuroceridae",,,,,"sp.",,"larva",1,,1,38,3,"Y","N",,"condition OK","N",,"Thorp and Covich 2001","N","EcoAnalysts Inc.","A. Navesky",,,
"11572270-bf44-4ff1-b0c9-ec48fed50160","D07","WALK","WALK.AOS.reach","2018-03-13T13:39Z","2018-08-15","WALK.20180313.SURBER.2",,,"THIGRO","Y","Thienemannimyia gr.",,"speciesGroup","Arthropoda","Hexapoda","Insecta","Pterygota","Neoptera","Holometabola","Diptera","Nematocera","Culicomorpha",,"Chironomidae","Tanypodinae","Pentaneurini",,"Thienemannimyia","gr.",,"larva",1,,2,31,6,"N","N",,"condition OK","Y",,"Epler 2001","N","EcoAnalysts Inc.","G. Wallace",,,
"eb2415fe-fa4b-43e4-8349-c8d9ec37c3f6","D07","WALK","WALK.AOS.reach","2018-03-13T13:39Z","2018-07-24","WALK.20180313.SURBER.3",,,"AMPSP1","Y","Amphipoda sp.",,"order","Arthropoda","Crustacea","Malacostraca","Eumalacostraca",,"Peracarida","Amphipoda",,,,,,,,,"sp.",,"larva",1,,2,42,5,"N","N",,"damaged, affecting taxonomy and measurement","N",,"Thorp and Covich 2001","N","EcoAnalysts Inc.","A. Navesky",,,
"24c63ac1-1281-4e4f-a559-3106ae2cbe2c","D07","WALK","WALK.AOS.reach","2018-03-13T13:39Z","2018-07-25","WALK.20180313.SURBER.6",,,"PLESP2","Y","Pleuroceridae sp.",,"family","Mollusca",,"Gastropoda",,,,"Neotaenioglossa",,,,"Pleuroceridae",,,,,"sp.",,"larva",2,,1,78,1,"Y","N",,"condition OK","N",,"Thorp and Covich 2001","N","EcoAnalysts Inc.","A. Navesky",,,
"5c95468f-f91b-49cd-9c7d-cb97ad95fb47","D07","WALK","WALK.AOS.reach","2018-03-13T13:39Z","2018-08-16","WALK.20180313.SURBER.4",,,"MICSP6","Y","Micropsectra sp.",,"genus","Arthropoda","Hexapoda","Insecta","Pterygota","Neoptera","Holometabola","Diptera","Nematocera","Culicomorpha",,"Chironomidae","Chironominae","Tanytarsini",,"Micropsectra","sp.",,"larva",4,,1,38,3,"N","N",,"condition OK","Y",,"Epler 2001","N","EcoAnalysts Inc.","G. Wallace",,,
"d433cf84-c35b-4a46-9465-279472120d9f","D07","WALK","WALK.AOS.reach","2018-03-13T13:39Z","2018-07-24","WALK.20180313.SURBER.3",,,"DIPMOD","Y","Diplectrona modesta",,"species","Arthropoda","Hexapoda","Insecta","Pterygota","Neoptera","Holometabola","Trichoptera",,,"Hydropsychoidea","Hydropsychidae","Diplectroninae",,,"Diplectrona","modesta",,"larva",4,,4,42,10,"N","N",,"condition OK","Y",,"Wiggins 1996","N","EcoAnalysts Inc.","A. Navesky",,,
"80d1323a-2138-4207-92d1-1e7a579cbe98","D07","WALK","WALK.AOS.reach","2018-03-13T13:39Z","2018-08-21","WALK.20180313.SURBER.7",,,"LEUSP2","Y","Leuctridae sp.",,"family","Arthropoda","Hexapoda","Insecta","Pterygota","Neoptera","Polyneoptera","Plecoptera","Euholognatha",,,"Leuctridae",,,,,"sp.",,"larva",1,,23,100,23,"Y","N",,"condition OK","N",,"Stewart and Stark, 2002","N","EcoAnalysts Inc.","A. Navesky",,,
"96681d43-96ee-40a4-adb9-f93a188f28e4","D07","WALK","WALK.AOS.reach","2018-03-13T13:39Z","2018-07-24","WALK.20180313.SURBER.3",,,"SIMSP1","Y","Simulium sp.",,"genus","Arthropoda","Hexapoda","Insecta","Pterygota","Neoptera","Holometabola","Diptera","Nematocera","Culicomorpha",,"Simuliidae","Simuliinae","Simuliini",,"Simulium","sp.",,"larva",5,,1,42,2,"N","N",,"condition OK","Y",,"Merritt and Cummins 2008","N","EcoAnalysts Inc.","A. Navesky",,,
"2bc078f4-d8d2-4317-867f-26941d97fc5c","D07","WALK","WALK.AOS.reach","2018-03-13T13:39Z","2018-07-24","WALK.20180313.SURBER.1",,,"HEXSP3","Y","Hexatoma sp.",,"genus","Arthropoda","Hexapoda","Insecta","Pterygota","Neoptera","Holometabola","Diptera","Nematocera","Tipulomorpha",,"Tipulidae","Limoniinae","Hexatomini",,"Hexatoma","sp.",,"larva",6,,1,63,2,"N","N",,"condition OK","Y",,"Merritt and Cummins 2008","Y","EcoAnalysts Inc.","A. Navesky",,,
"b08d7218-2b81-4056-b17a-6d2441ef0f6e","D07","WALK","WALK.AOS.reach","2018-03-13T13:39Z","2018-07-24","WALK.20180313.SURBER.4",,,"OULSP","Y","Oulimnius sp.",,"genus","Arthropoda","Hexapoda","Insecta","Pterygota","Neoptera","Holometabola","Coleoptera","Polyphaga","Elateriformia","Byrrhoidea","Elmidae","Elminae","Elmini",,"Oulimnius","sp.",,"larva",3,,2,38,5,"N","N",,"condition OK","Y",,"Merritt and Cummins 2008","N","EcoAnalysts Inc.","A. Navesky",,,
"236a3a19-b9f2-4ab6-8dde-f001b2e3a831","D07","WALK","WALK.AOS.reach","2018-03-13T13:39Z","2018-07-27","WALK.20180313.SURBER.6",,"WALK.20180313.SURBER.6_OLIGOCHAETE_1/2|WALK.20180313.SURBER.6_OLIGOCHAETE_2/2","NAISP","Y","Naididae sp.","tubificoid Naididae w/o cap setae","family","Annelida","Clitellata","Oligochaeta","Oligochaeta",,,"Tubificida",,,,"Naididae",,,,,"sp.",,"larva",2,,1,78,1,"N","N",,"damaged, affecting measurement","Y",,"Kathman and Brinkhurst, 1998","N","EcoAnalysts Inc.","L. Flaherty",,,
"29105d61-415c-47bb-8226-d9a7b628aef0","D07","WALK","WALK.AOS.reach","2018-03-13T13:39Z","2018-07-24","WALK.20180313.SURBER.3",,,"TORSP1","Y","Torrenticolidae sp.",,"family","Arthropoda","Chelicerata","Arachnida","Acari",,"Acariformes","Trombidiformes","Prostigmata",,"Lebertioidea","Torrenticolidae",,,,,"sp.",,"adult",1,,2,42,5,"N","N",,"damaged, affecting taxonomy","N",,"Thorp and Covich 2001","N","EcoAnalysts Inc.","A. Navesky",,,
"b6bd4d62-3509-4f84-9273-1c89b691bac4","D07","WALK","WALK.AOS.reach","2018-03-13T13:39Z","2018-07-24","WALK.20180313.SURBER.4",,,"ECTSP2","Y","Ectopria sp.",,"genus","Arthropoda","Hexapoda","Insecta","Pterygota","Neoptera","Holometabola","Coleoptera","Polyphaga","Elateriformia","Byrrhoidea","Psephenidae","Eubriinae",,,"Ectopria","sp.",,"larva",5,,1,38,3,"N","N",,"condition OK","Y",,"Merritt and Cummins 2008","N","EcoAnalysts Inc.","A. Navesky",,,
"4c17dbbd-3406-47b3-92bf-9dd8c9f6c195","D07","WALK","WALK.AOS.reach","2018-03-13T13:39Z","2018-07-24","WALK.20180313.SURBER.1",,,"POLSP12","Y","Polycentropus sp.",,"genus","Arthropoda","Hexapoda","Insecta","Pterygota","Neoptera","Holometabola","Trichoptera",,,"Hydropsychoidea","Polycentropodidae","Polycentropodinae",,,"Polycentropus","sp.",,"larva",3,,1,63,2,"N","N",,"condition OK","Y",,"Wiggins 1996","Y","EcoAnalysts Inc.","A. Navesky",,,
"f4ae9137-b4f4-4aa1-88ac-fee14fe5d490","D07","WALK","WALK.AOS.reach","2018-03-13T13:39Z","2018-08-16","WALK.20180313.SURBER.3",,,"POLAVI","Y","Polypedilum aviceps",,"species","Arthropoda","Hexapoda","Insecta","Pterygota","Neoptera","Holometabola","Diptera","Nematocera","Culicomorpha",,"Chironomidae","Chironominae","Chironomini",,"Polypedilum","aviceps",,"larva",3,,1,42,2,"N","N",,"condition OK","Y",,"Maschwitz and Cook 2000","N","EcoAnalysts Inc.","G. Wallace",,,
"e726e777-4f21-4e3b-ade0-02ee4c3dab3b","D07","WALK","WALK.AOS.reach","2018-03-13T13:39Z","2018-07-25","WALK.20180313.SURBER.5",,,"DIPMOD","Y","Diplectrona modesta",,"species","Arthropoda","Hexapoda","Insecta","Pterygota","Neoptera","Holometabola","Trichoptera",,,"Hydropsychoidea","Hydropsychidae","Diplectroninae",,,"Diplectrona","modesta",,"larva",4,,1,100,1,"N","N",,"condition OK","Y",,"Wiggins 1996","N","EcoAnalysts Inc.","A. Navesky",,,
"16eb1494-2c3a-4a48-be61-e7e398d0b889","D07","WALK","WALK.AOS.reach","2018-03-13T13:39Z","2018-07-25","WALK.20180313.SURBER.7",,,"SIMSP","Y","Simuliidae sp.",,"family","Arthropoda","Hexapoda","Insecta","Pterygota","Neoptera","Holometabola","Diptera","Nematocera","Culicomorpha",,"Simuliidae",,,,,"sp.",,"larva",2,,1,100,1,"Y","N",,"condition OK","Y",,"Merritt and Cummins 2008","N","EcoAnalysts Inc.","A. Navesky",,,
"ce0d706b-8052-4e14-b8d4-5356c3133380","D07","WALK","WALK.AOS.reach","2018-03-13T13:39Z","2018-07-24","WALK.20180313.SURBER.4",,,"ECTSP2","Y","Ectopria sp.",,"genus","Arthropoda","Hexapoda","Insecta","Pterygota","Neoptera","Holometabola","Coleoptera","Polyphaga","Elateriformia","Byrrhoidea","Psephenidae","Eubriinae",,,"Ectopria","sp.",,"larva",1,,2,38,5,"N","N",,"condition OK","Y",,"Merritt and Cummins 2008","N","EcoAnalysts Inc.","A. Navesky",,,
"b08064df-61ef-4167-a8ae-b6465589edae","D07","WALK","WALK.AOS.reach","2018-03-13T13:39Z","2018-07-25","WALK.20180313.SURBER.6",,,"PSEHER","Y","Psephenus herricki",,"species","Arthropoda","Hexapoda","Insecta","Pterygota","Neoptera","Holometabola","Coleoptera","Polyphaga","Elateriformia","Byrrhoidea","Psephenidae","Psepheninae",,,"Psephenus","herricki",,"larva",3,,6,78,8,"N","N",,"condition OK","Y",,"Merritt and Cummins 2008","N","EcoAnalysts Inc.","A. Navesky",,,
"2bfdc512-19ab-46d8-acb1-0b3797c19888","D07","WALK","WALK.AOS.reach","2018-03-13T13:39Z","2018-07-25","WALK.20180313.SURBER.5",,,"BAESP","Y","Baetidae sp.",,"family","Arthropoda","Hexapoda","Insecta","Pterygota","Palaeoptera",,"Ephemeroptera","Pisciforma",,,"Baetidae",,,,,"sp.",,"larva",1,,1,100,1,"Y","N",,"condition OK","Y",,"Merritt and Cummins 2008","N","EcoAnalysts Inc.","A. Navesky",,,
"2f0319a5-2654-4150-ae35-5e4c51046d7e","D07","WALK","WALK.AOS.reach","2018-03-13T13:39Z","2018-08-16","WALK.20180313.SURBER.6",,,"ABLSP","Y","Ablabesmyia sp.",,"genus","Arthropoda","Hexapoda","Insecta","Pterygota","Neoptera","Holometabola","Diptera","Nematocera","Culicomorpha",,"Chironomidae","Tanypodinae","Pentaneurini",,"Ablabesmyia","sp.",,"larva",2,,1,78,1,"Y","N",,"condition OK","Y",,"Roback 1985 and Epler 2001","N","EcoAnalysts Inc.","G. Wallace",,,
"4daddb32-5a62-4611-902c-764a2226b07e","D07","WALK","WALK.AOS.reach","2018-03-13T13:39Z","2018-08-16","WALK.20180313.SURBER.6",,,"PARSP26","Y","Parametriocnemus sp.",,"genus","Arthropoda","Hexapoda","Insecta","Pterygota","Neoptera","Holometabola","Diptera","Nematocera","Culicomorpha",,"Chironomidae","Orthocladiinae",,,"Parametriocnemus","sp.",,"larva",5,,1,78,1,"N","N",,"condition OK","Y",,"Epler 2001","N","EcoAnalysts Inc.","G. Wallace",,,
"53d2252a-4c06-445f-973c-1259cfc147a1","D07","WALK","WALK.AOS.reach","2018-03-13T13:39Z","2018-07-25","WALK.20180313.SURBER.8",,,"CAMSP1","Y","Cambaridae sp.",,"family","Arthropoda","Crustacea","Malacostraca","Eumalacostraca",,"Eucarida","Decapoda","Pleocyemata","Astacidea","Astacoidea","Cambaridae",,,,,"sp.",,"larva",17,,1,100,1,"Y","N",,"condition OK","Y",,"EPA Identification Manual #9","N","EcoAnalysts Inc.","A. Navesky",,,
"c289b592-db5f-46fb-bcda-e8debf547d31","D07","WALK","WALK.AOS.reach","2018-03-13T13:39Z","2018-07-25","WALK.20180313.SURBER.8",,,"OULSP","Y","Oulimnius sp.",,"genus","Arthropoda","Hexapoda","Insecta","Pterygota","Neoptera","Holometabola","Coleoptera","Polyphaga","Elateriformia","Byrrhoidea","Elmidae","Elminae","Elmini",,"Oulimnius","sp.",,"larva",1,,1,100,1,"N","N",,"condition OK","Y",,"Merritt and Cummins 2008","N","EcoAnalysts Inc.","A. Navesky",,,
"0b7bfccd-d18d-4ba5-b702-98be6bedd0ef","D07","WALK","WALK.AOS.reach","2018-03-13T13:39Z","2018-07-25","WALK.20180313.SURBER.7",,,"LEUSP8","Y","Leuctra sp.",,"genus","Arthropoda","Hexapoda","Insecta","Pterygota","Neoptera","Polyneoptera","Plecoptera","Euholognatha",,,"Leuctridae","Leuctrinae",,,"Leuctra","sp.",,"larva",3,,1,100,1,"N","N",,"condition OK","Y",,"Stewart and Stark, 2002","N","EcoAnalysts Inc.","A. Navesky",,,
"8e85a0e4-fa9e-4b22-b6b0-4ee6ab5e655a","D07","WALK","WALK.AOS.reach","2018-03-13T13:39Z","2018-07-24","WALK.20180313.SURBER.1",,,"DIPMOD","Y","Diplectrona modesta",,"species","Arthropoda","Hexapoda","Insecta","Pterygota","Neoptera","Holometabola","Trichoptera",,,"Hydropsychoidea","Hydropsychidae","Diplectroninae",,,"Diplectrona","modesta",,"larva",2,,1,63,2,"N","N",,"damaged, affecting measurement","Y",,"Wiggins 1996","Y","EcoAnalysts Inc.","A. Navesky",,,
"4e7a0054-1e1f-4247-b76f-fdc5104b4bf8","D07","WALK","WALK.AOS.reach","2018-03-13T13:39Z","2018-07-25","WALK.20180313.SURBER.5",,,"DIPMOD","Y","Diplectrona modesta",,"species","Arthropoda","Hexapoda","Insecta","Pterygota","Neoptera","Holometabola","Trichoptera",,,"Hydropsychoidea","Hydropsychidae","Diplectroninae",,,"Diplectrona","modesta",,"larva",10,,1,100,1,"N","N",,"condition OK","Y",,"Wiggins 1996","N","EcoAnalysts Inc.","A. Navesky",,,
"2fa8cc63-c488-4fb1-97ed-f8d03bae6013","D07","WALK","WALK.AOS.reach","2018-03-13T13:39Z","2018-07-24","WALK.20180313.SURBER.3",,,"HABSP1","Y","Habrophlebiodes sp.",,"genus","Arthropoda","Hexapoda","Insecta","Pterygota","Palaeoptera",,"Ephemeroptera","Furcatergalia","Lanceolata",,"Leptophlebiidae",,,,"Habrophlebiodes","sp.",,"larva",3,,4,42,10,"N","N",,"condition OK","Y",,"Merritt and Cummins 2008","N","EcoAnalysts Inc.","A. Navesky",,,
"0ef4c1ba-a550-4b8b-9a01-71338377f15c","D07","WALK","WALK.AOS.reach","2018-03-13T13:39Z","2018-07-27","WALK.20180313.SURBER.6",,"WALK.20180313.SURBER.6_OLIGOCHAETE_2/2|WALK.20180313.SURBER.6_OLIGOCHAETE_1/2","NAISP","Y","Naididae sp.","tubificoid Naididae w/ cap setae","family","Annelida","Clitellata","Oligochaeta","Oligochaeta",,,"Tubificida",,,,"Naididae",,,,,"sp.",,"larva",3,,1,78,1,"N","N",,"damaged, affecting measurement","Y",,"Kathman and Brinkhurst, 1999","N","EcoAnalysts Inc.","L. Flaherty",,,
"96d7702c-5332-4fcc-9453-32eb28c56722","D07","WALK","WALK.AOS.reach","2018-03-13T13:39Z","2018-07-24","WALK.20180313.SURBER.2",,,"BAESP","Y","Baetidae sp.",,"family","Arthropoda","Hexapoda","Insecta","Pterygota","Palaeoptera",,"Ephemeroptera","Pisciforma",,,"Baetidae",,,,,"sp.",,"larva",1,,7,31,22,"Y","N",,"condition OK","N",,"Merritt and Cummins 2008","N","EcoAnalysts Inc.","A. Navesky",,,
"ff765a62-9ff0-46a8-9e20-7dd6808a5110","D07","WALK","WALK.AOS.reach","2018-03-13T13:39Z","2018-08-16","WALK.20180313.SURBER.3",,,"THISP2","Y","Thienemanniella sp.",,"genus","Arthropoda","Hexapoda","Insecta","Pterygota","Neoptera","Holometabola","Diptera","Nematocera","Culicomorpha",,"Chironomidae","Orthocladiinae",,,"Thienemanniella","sp.",,"larva",2,,2,42,5,"N","N",,"condition OK","Y",,"Epler 2001","N","EcoAnalysts Inc.","G. Wallace",,,
"f44f4f1e-5c80-4fad-bce0-4cf29848b52f","D07","WALK","WALK.AOS.reach","2018-03-13T13:39Z","2018-07-25","WALK.20180313.SURBER.5",,,"OULSP","Y","Oulimnius sp.",,"genus","Arthropoda","Hexapoda","Insecta","Pterygota","Neoptera","Holometabola","Coleoptera","Polyphaga","Elateriformia","Byrrhoidea","Elmidae","Elminae","Elmini",,"Oulimnius","sp.",,"larva",1,,2,100,2,"N","N",,"condition OK","Y",,"Merritt and Cummins 2008","N","EcoAnalysts Inc.","A. Navesky",,,
"87aa210b-9858-4b11-9c2f-886de6ea6b51","D07","WALK","WALK.AOS.reach","2018-03-13T13:39Z","2018-07-24","WALK.20180313.SURBER.1",,,"NEOSP13","Y","Neophylax sp.",,"genus","Arthropoda","Hexapoda","Insecta","Pterygota","Neoptera","Holometabola","Trichoptera",,,"Limnephiloidea","Uenoidae","Thremmatinae",,,"Neophylax","sp.",,"larva",7,,1,63,2,"N","N",,"condition OK","Y",,"Wiggins 1996","Y","EcoAnalysts Inc.","A. Navesky",,,
"be9ccc29-db12-45ac-b0ca-a934478a3562","D07","WALK","WALK.AOS.reach","2018-03-13T13:39Z","2018-08-21","WALK.20180313.SURBER.4",,"WALK.20180313.SURBER.4.CRICOTOPUS/ORTHOCLADIUS SP.","CRISP6","Y","Cricotopus/Orthocladius sp.",,"speciesGroup","Arthropoda","Hexapoda","Insecta","Pterygota","Neoptera","Holometabola","Diptera","Nematocera","Culicomorpha",,"Chironomidae","Orthocladiinae",,,"Cricotopus/Orthocladius","sp.",,,,,,38,,,,,"damaged, affecting taxonomy",,,"Epler 2001","N","EcoAnalysts Inc.","G. Wallace","fragments not identified",,
"ee74a6d0-80bd-46e8-ba17-bf7c1f48afc0","D07","WALK","WALK.AOS.reach","2018-03-13T13:39Z","2018-06-11","WALK.20180313.SURBER.4",,"TOOK.20170906.BENTHICSWEEP.3.ZALUTSCHIA SP.","ZALSP","Y","Zalutschia sp.",,"genus","Arthropoda","Hexapoda","Insecta","Pterygota","Neoptera","Holometabola","Diptera","Nematocera","Culicomorpha",,"Chironomidae","Orthocladiinae",,,"Zalutschia","sp.",,,,,,75,,,,,"damaged, affecting taxonomy",,,"Epler 2001","N","EcoAnalysts Inc.","W. Hoiland","fragments not identified",,
"c41a5f76-5438-4d99-ac40-0ceba9e147d8","D07","WALK","WALK.AOS.reach","2018-03-13T13:39Z","2018-07-24","WALK.20180313.SURBER.4",,,"ELISP","Y","Elimia sp.",,"genus","Mollusca",,"Gastropoda",,,,"Neotaenioglossa",,,,"Pleuroceridae",,,,"Elimia","sp.",,"larva",7,,4,38,11,"N","N",,"condition OK","Y",,"Pennak, 1997","N","EcoAnalysts Inc.","A. Navesky",,,
"be489e01-feae-4dac-a099-d3ce6ad23f89","D07","WALK","WALK.AOS.reach","2018-03-13T13:39Z","2018-07-25","WALK.20180313.SURBER.5",,,"GLOSP1","Y","Glossosomatidae sp.",,"family","Arthropoda","Hexapoda","Insecta","Pterygota","Neoptera","Holometabola","Trichoptera",,,"Glossosomatoidea","Glossosomatidae",,,,,"sp.",,"larva",1,,1,100,1,"Y","N",,"condition OK","N",,"Wiggins 1996","N","EcoAnalysts Inc.","A. Navesky",,,
"2a7f2a94-7806-4e12-b76b-25a01ff3e679","D07","WALK","WALK.AOS.reach","2018-03-13T13:39Z","2018-08-16","WALK.20180313.SURBER.3",,,"RHEEXI","Y","Rheotanytarsus exiguus gr.",,"speciesGroup","Arthropoda","Hexapoda","Insecta","Pterygota","Neoptera","Holometabola","Diptera","Nematocera","Culicomorpha",,"Chironomidae","Chironominae","Tanytarsini",,"Rheotanytarsus","exiguus gr.",,"larva",3,,1,42,2,"N","N",,"condition OK","Y",,"Epler 2001","N","EcoAnalysts Inc.","G. Wallace",,,
"ab9386c3-2b7b-4f8a-9391-61037d7d71d5","D07","WALK","WALK.AOS.reach","2018-03-13T13:39Z","2018-07-24","WALK.20180313.SURBER.4",,,"RHYSP3","Y","Rhyacophila sp.",,"genus","Arthropoda","Hexapoda","Insecta","Pterygota","Neoptera","Holometabola","Trichoptera",,,"Rhyacophiloidea","Rhyacophilidae",,,,"Rhyacophila","sp.",,"larva",2,,1,38,3,"Y","N",,"damaged, affecting measurement","Y",,"Wiggins 1996","N","EcoAnalysts Inc.","A. Navesky",,,
"e2aae985-c125-4981-bc22-b61b4479a92a","D07","WALK","WALK.AOS.reach","2018-03-13T13:39Z","2018-07-25","WALK.20180313.SURBER.8",,,"OULSP","Y","Oulimnius sp.",,"genus","Arthropoda","Hexapoda","Insecta","Pterygota","Neoptera","Holometabola","Coleoptera","Polyphaga","Elateriformia","Byrrhoidea","Elmidae","Elminae","Elmini",,"Oulimnius","sp.",,"larva",2,,2,100,2,"N","N",,"condition OK","Y",,"Merritt and Cummins 2008","N","EcoAnalysts Inc.","A. Navesky",,,
"a87511de-5cb4-4e0a-819b-303a047951d5","D07","WALK","WALK.AOS.reach","2018-03-13T13:39Z","2018-08-16","WALK.20180313.SURBER.7",,,"PARSP26","Y","Parametriocnemus sp.",,"genus","Arthropoda","Hexapoda","Insecta","Pterygota","Neoptera","Holometabola","Diptera","Nematocera","Culicomorpha",,"Chironomidae","Orthocladiinae",,,"Parametriocnemus","sp.",,"larva",4,,1,100,1,"N","N",,"condition OK","Y",,"Epler 2001","N","EcoAnalysts Inc.","G. Wallace",,,
"f093371d-d643-4e0c-88b6-0d57152e9567","D07","WALK","WALK.AOS.reach","2018-03-13T13:39Z","2018-07-24","WALK.20180313.SURBER.2",,,"CERSP10","Y","Ceratopogoninae sp.",,"subfamily","Arthropoda","Hexapoda","Insecta","Pterygota","Neoptera","Holometabola","Diptera","Nematocera","Culicomorpha",,"Ceratopogonidae","Ceratopogoninae",,,,"sp.",,"larva",2,,1,31,3,"N","Y",,"condition OK","Y",,"Merritt and Cummins 2008","N","EcoAnalysts Inc.","A. Navesky",,,
"79c74b54-8095-4b63-af1e-81ef942ff7ee","D07","WALK","WALK.AOS.reach","2018-03-13T13:39Z","2018-07-24","WALK.20180313.SURBER.3",,,"PSEHER","Y","Psephenus herricki",,"species","Arthropoda","Hexapoda","Insecta","Pterygota","Neoptera","Holometabola","Coleoptera","Polyphaga","Elateriformia","Byrrhoidea","Psephenidae","Psepheninae",,,"Psephenus","herricki",,"larva",1,,1,42,2,"N","N",,"condition OK","Y",,"Merritt and Cummins 2008","N","EcoAnalysts Inc.","A. Navesky",,,
"3f110de9-2945-4df1-a449-e7a0f72c5834","D07","WALK","WALK.AOS.reach","2018-03-13T13:39Z","2018-08-15","WALK.20180313.SURBER.1",,"WALK.20180313.SURBER.1.STILOCLADIUS SP.","STISP1","Y","Stilocladius sp.",,"genus","Arthropoda","Hexapoda","Insecta","Pterygota","Neoptera","Holometabola","Diptera","Nematocera","Culicomorpha",,"Chironomidae","Orthocladiinae",,,"Stilocladius","sp.",,"larva",1,,1,63,2,"N","N",,"condition OK","Y",,"Epler 2001","Y","EcoAnalysts Inc.","G. Wallace",,,
"95d061d8-9c06-492e-b399-9f9d62e69bac","D07","WALK","WALK.AOS.reach","2018-03-13T13:39Z","2018-08-15","WALK.20180313.SURBER.1",,"WALK.20180313.SURBER.1.NILOTANYPUS FIMBRIATUS","NILFIM","Y","Nilotanypus fimbriatus",,"species","Arthropoda","Hexapoda","Insecta","Pterygota","Neoptera","Holometabola","Diptera","Nematocera","Culicomorpha",,"Chironomidae","Tanypodinae","Pentaneurini",,"Nilotanypus","fimbriatus",,"larva",2,,1,63,2,"N","N",,"condition OK","Y",,"Epler 2001","Y","EcoAnalysts Inc.","G. Wallace",,,
"be8115fa-5da1-41e1-ab19-000e75770f12","D07","WALK","WALK.AOS.reach","2018-03-13T13:39Z","2018-08-16","WALK.20180313.SURBER.4",,,"TANSP11","Y","Tanytarsus sp.",,"genus","Arthropoda","Hexapoda","Insecta","Pterygota","Neoptera","Holometabola","Diptera","Nematocera","Culicomorpha",,"Chironomidae","Chironominae","Tanytarsini",,"Tanytarsus","sp.",,"larva",4,,1,38,3,"N","N",,"condition OK","Y",,"Epler 2001","N","EcoAnalysts Inc.","G. Wallace",,,
"7728f488-8432-443f-98c1-ba60dde9f838","D07","WALK","WALK.AOS.reach","2018-03-13T13:39Z","2018-07-24","WALK.20180313.SURBER.3",,,"PELSP1","Y","Peltoperlidae sp.",,"family","Arthropoda","Hexapoda","Insecta","Pterygota","Neoptera","Polyneoptera","Plecoptera","Systellognatha",,,"Peltoperlidae",,,,,"sp.",,"larva",2,,2,42,5,"Y","N",,"condition OK","Y",,"Stewart and Stark, 2002","N","EcoAnalysts Inc.","A. Navesky",,,
"bd035b68-fb0e-4728-bec3-22abe8e0077e","D07","WALK","WALK.AOS.reach","2018-03-13T13:39Z","2018-07-24","WALK.20180313.SURBER.3",,,"SIMSP1","Y","Simulium sp.",,"genus","Arthropoda","Hexapoda","Insecta","Pterygota","Neoptera","Holometabola","Diptera","Nematocera","Culicomorpha",,"Simuliidae","Simuliinae","Simuliini",,"Simulium","sp.",,"larva",2,,1,42,2,"N","N",,"condition OK","Y",,"Merritt and Cummins 2008","N","EcoAnalysts Inc.","A. Navesky",,,
"3506f85b-7125-4d57-b4db-2a8728180689","D07","WALK","WALK.AOS.reach","2018-03-13T13:39Z","2018-08-16","WALK.20180313.SURBER.5",,,"RHEEXI","Y","Rheotanytarsus exiguus gr.",,"speciesGroup","Arthropoda","Hexapoda","Insecta","Pterygota","Neoptera","Holometabola","Diptera","Nematocera","Culicomorpha",,"Chironomidae","Chironominae","Tanytarsini",,"Rheotanytarsus","exiguus gr.",,"larva",2,,1,100,1,"N","N",,"condition OK","Y",,"Epler 2001","N","EcoAnalysts Inc.","G. Wallace",,,
"070b60b0-b8be-43a5-b402-01a900c8b8ed","D07","WALK","WALK.AOS.reach","2018-03-13T13:39Z","2018-08-16","WALK.20180313.SURBER.3",,,"POLAVI","Y","Polypedilum aviceps",,"species","Arthropoda","Hexapoda","Insecta","Pterygota","Neoptera","Holometabola","Diptera","Nematocera","Culicomorpha",,"Chironomidae","Chironominae","Chironomini",,"Polypedilum","aviceps",,"larva",1,,2,42,5,"N","N",,"condition OK","Y",,"Maschwitz and Cook 2000","N","EcoAnalysts Inc.","G. Wallace",,,
"4ed5a7a1-7b0e-4913-9340-23f252b5adff","D07","WALK","WALK.AOS.reach","2018-03-13T13:39Z","2018-07-24","WALK.20180313.SURBER.2",,,"LEUSP8","Y","Leuctra sp.",,"genus","Arthropoda","Hexapoda","Insecta","Pterygota","Neoptera","Polyneoptera","Plecoptera","Euholognatha",,,"Leuctridae","Leuctrinae",,,"Leuctra","sp.",,"larva",3,,3,31,10,"N","N",,"condition OK","Y",,"Stewart and Stark, 2002","N","EcoAnalysts Inc.","A. Navesky",,,
"5746cd13-1be9-4005-8569-6239f9cccd92","D07","WALK","WALK.AOS.reach","2018-03-13T13:39Z","2018-07-24","WALK.20180313.SURBER.4",,,"GAMSP3","Y","Gammarus sp.",,"genus","Arthropoda","Crustacea","Malacostraca","Eumalacostraca",,"Peracarida","Amphipoda","Gammaridea",,,"Gammaridae",,,,"Gammarus","sp.",,"larva",8,,1,38,3,"N","N",,"condition OK","Y",,"Thorp and Covich 2001","N","EcoAnalysts Inc.","A. Navesky",,,
"303434d2-5efe-4138-beb6-c9b819033010","D07","WALK","WALK.AOS.reach","2018-03-13T13:39Z","2018-07-24","WALK.20180313.SURBER.3",,,"SPESP5","Y","Sperchonopsis sp.",,"genus","Arthropoda","Chelicerata","Arachnida","Acari",,"Acariformes","Trombidiformes","Prostigmata",,"Lebertioidea","Sperchontidae",,,,"Sperchonopsis","sp.",,"adult",1,,1,42,2,"N","N",,"condition OK","Y",,"Thorp and Covich 2001","N","EcoAnalysts Inc.","A. Navesky",,,
"75fedbc7-a3bc-4f3c-9ab0-8e2e2f7e3915","D07","WALK","WALK.AOS.reach","2018-03-13T13:39Z","2018-07-25","WALK.20180313.SURBER.6",,,"OULSP","Y","Oulimnius sp.",,"genus","Arthropoda","Hexapoda","Insecta","Pterygota","Neoptera","Holometabola","Coleoptera","Polyphaga","Elateriformia","Byrrhoidea","Elmidae","Elminae","Elmini",,"Oulimnius","sp.",,"larva",1,,3,78,4,"N","N",,"condition OK","Y",,"Merritt and Cummins 2008","N","EcoAnalysts Inc.","A. Navesky",,,
"17e3e97b-74a3-4f54-985d-2082edcd18ab","D07","WALK","WALK.AOS.reach","2018-03-13T13:39Z","2018-07-24","WALK.20180313.SURBER.3",,,"ATUSP1","Y","Aturus sp.",,"genus","Arthropoda","Chelicerata","Arachnida","Acari",,"Acariformes","Trombidiformes","Prostigmata",,"Hygrobatoidea","Aturidae",,,,"Aturus","sp.",,"adult",1,,2,42,5,"N","N",,"condition OK","Y",,"Thorp and Covich 2001","N","EcoAnalysts Inc.","A. Navesky",,,
"c3c9e43b-1551-4578-9532-de4a32176da0","D07","WALK","WALK.AOS.reach","2018-03-13T13:39Z","2018-07-25","WALK.20180313.SURBER.6",,,"PSEHER","Y","Psephenus herricki",,"species","Arthropoda","Hexapoda","Insecta","Pterygota","Neoptera","Holometabola","Coleoptera","Polyphaga","Elateriformia","Byrrhoidea","Psephenidae","Psepheninae",,,"Psephenus","herricki",,"larva",4,,1,78,1,"N","N",,"condition OK","Y",,"Merritt and Cummins 2008","N","EcoAnalysts Inc.","A. Navesky",,,
"24e5c4b8-758e-4cbc-b830-b22529f0ab94","D07","WALK","WALK.AOS.reach","2018-03-13T13:39Z","2018-07-24","WALK.20180313.SURBER.4",,,"RHYCAR2","Y","Rhyacophila carolina",,"species","Arthropoda","Hexapoda","Insecta","Pterygota","Neoptera","Holometabola","Trichoptera",,,"Rhyacophiloidea","Rhyacophilidae",,,,"Rhyacophila","carolina",,"larva",5,,1,38,3,"N","N",,"condition OK","Y",,"Prather and Morse 2001","N","EcoAnalysts Inc.","A. Navesky",,,
"72172ca5-62c1-4b58-8235-d942a20d0b41","D07","WALK","WALK.AOS.reach","2018-03-13T13:39Z","2018-07-24","WALK.20180313.SURBER.3",,,"PSEHER","Y","Psephenus herricki",,"species","Arthropoda","Hexapoda","Insecta","Pterygota","Neoptera","Holometabola","Coleoptera","Polyphaga","Elateriformia","Byrrhoidea","Psephenidae","Psepheninae",,,"Psephenus","herricki",,"larva",8,,1,42,2,"N","N",,"condition OK","Y",,"Merritt and Cummins 2008","N","EcoAnalysts Inc.","A. Navesky",,,
"fa378c05-1565-4f8e-ac88-1e3f8ddee4f7","D07","WALK","WALK.AOS.reach","2018-03-13T13:39Z","2018-07-25","WALK.20180313.SURBER.8",,,"HABVIB","Y","Habrophlebia vibrans",,"species","Arthropoda","Hexapoda","Insecta","Pterygota","Palaeoptera",,"Ephemeroptera","Furcatergalia","Lanceolata",,"Leptophlebiidae",,,,"Habrophlebia","vibrans",,"larva",2,,1,100,1,"N","N",,"condition OK","Y",,"Merritt and Cummins 2008","N","EcoAnalysts Inc.","A. Navesky",,,
"2404afb5-cb5d-40fa-9883-03a7011038df","D07","WALK","WALK.AOS.reach","2018-03-13T13:39Z","2018-07-24","WALK.20180313.SURBER.1",,,"BAETRI","Y","Baetis tricaudatus",,"species","Arthropoda","Hexapoda","Insecta","Pterygota","Palaeoptera",,"Ephemeroptera","Pisciforma",,,"Baetidae",,,,"Baetis","tricaudatus",,"larva",3,,1,63,2,"N","N",,"damaged, affecting measurement","Y",,"Wiersema 2004","Y","EcoAnalysts Inc.","A. Navesky",,,
"15974be6-c939-4bed-94fe-d358a6f553ce","D07","WALK","WALK.AOS.reach","2018-03-13T13:39Z","2018-07-24","WALK.20180313.SURBER.2",,,"PLESP2","Y","Pleuroceridae sp.",,"family","Mollusca",,"Gastropoda",,,,"Neotaenioglossa",,,,"Pleuroceridae",,,,,"sp.",,"larva",5,,2,31,6,"Y","N",,"condition OK","N",,"Thorp and Covich 2001","N","EcoAnalysts Inc.","A. Navesky",,,
"ac242381-b5a9-42de-be9c-082dfb09ea5b","D07","WALK","WALK.AOS.reach","2018-03-13T13:39Z","2018-07-24","WALK.20180313.SURBER.2",,,"CLASP9","Y","Clathrosperchon sp.",,"genus","Arthropoda","Chelicerata","Arachnida","Acari",,"Acariformes","Trombidiformes","Prostigmata",,"Hydryphantoidea","Rhynchohydracaridae",,,,"Clathrosperchon","sp.",,"adult",1,,3,31,10,"N","N",,"condition OK","Y",,"Thorp and Covich 2001","N","EcoAnalysts Inc.","A. Navesky",,,
"c04941dc-66d3-4a00-9ab1-2afecabda982","D07","WALK","WALK.AOS.reach","2018-03-13T13:39Z","2018-08-16","WALK.20180313.SURBER.5",,,"THIGRO","Y","Thienemannimyia gr.",,"speciesGroup","Arthropoda","Hexapoda","Insecta","Pterygota","Neoptera","Holometabola","Diptera","Nematocera","Culicomorpha",,"Chironomidae","Tanypodinae","Pentaneurini",,"Thienemannimyia","gr.",,"larva",2,,1,100,1,"N","N",,"condition OK","Y",,"Epler 2001","N","EcoAnalysts Inc.","G. Wallace",,,
"f1ee0ece-bd18-49b0-9633-b32428a2977d","D07","WALK","WALK.AOS.reach","2018-03-13T13:39Z","2018-07-24","WALK.20180313.SURBER.3",,,"BAESP","Y","Baetidae sp.",,"family","Arthropoda","Hexapoda","Insecta","Pterygota","Palaeoptera",,"Ephemeroptera","Pisciforma",,,"Baetidae",,,,,"sp.",,"larva",1,,6,42,14,"Y","N",,"condition OK","N",,"Merritt and Cummins 2008","N","EcoAnalysts Inc.","A. Navesky",,,
"2cb18aa4-d2ee-493f-8a08-2d4a93597e46","D07","WALK","WALK.AOS.reach","2018-03-13T13:39Z","2018-07-24","WALK.20180313.SURBER.1",,,"HABSP1","Y","Habrophlebiodes sp.",,"genus","Arthropoda","Hexapoda","Insecta","Pterygota","Palaeoptera",,"Ephemeroptera","Furcatergalia","Lanceolata",,"Leptophlebiidae",,,,"Habrophlebiodes","sp.",,"larva",2,,7,63,11,"N","N",,"condition OK","Y",,"Merritt and Cummins 2008","Y","EcoAnalysts Inc.","A. Navesky",,,
"e528fe69-e9f8-4e57-8fd8-993a7d7a5427","D07","WALK","WALK.AOS.reach","2018-03-13T13:39Z","2018-07-24","WALK.20180313.SURBER.3",,,"HYDSP5","Y","Hydroptilidae sp.",,"family","Arthropoda","Hexapoda","Insecta","Pterygota","Neoptera","Holometabola","Trichoptera",,,"Hydroptiloidea","Hydroptilidae",,,,,"sp.",,"larva",1,,2,42,5,"Y","N",,"condition OK","N",,"Wiggins 1996","N","EcoAnalysts Inc.","A. Navesky",,,
"2d6ebf2f-ef0f-4e43-87da-499a063022d2","D07","WALK","WALK.AOS.reach","2018-03-13T13:39Z","2018-07-25","WALK.20180313.SURBER.5",,,"TESSP1","Y","Testudacarus sp.",,"genus","Arthropoda","Chelicerata","Arachnida","Acari",,"Acariformes","Trombidiformes","Prostigmata",,"Lebertioidea","Torrenticolidae",,,,"Testudacarus","sp.",,"adult",1,,2,100,2,"N","N",,"condition OK","Y",,"Thorp and Covich 2001","N","EcoAnalysts Inc.","A. Navesky",,,
"045b11e3-0ff6-4bde-ba39-498f4e8f9f15","D07","WALK","WALK.AOS.reach","2018-03-13T13:39Z","2018-07-25","WALK.20180313.SURBER.5",,,"NEMSP","Y","Nematoda sp.",,"phylum","Nematoda",,,,,,,,,,,,,,,"sp.",,"larva",3,,1,100,1,"N","N",,"condition OK","Y",,"Thorp and Covich 2001","N","EcoAnalysts Inc.","A. Navesky",,,
"ebc8dc83-9299-46b8-b845-9d8beba74e76","D07","WALK","WALK.AOS.reach","2018-03-13T13:39Z","2018-08-16","WALK.20180313.SURBER.3",,,"THIGRO","Y","Thienemannimyia gr.",,"speciesGroup","Arthropoda","Hexapoda","Insecta","Pterygota","Neoptera","Holometabola","Diptera","Nematocera","Culicomorpha",,"Chironomidae","Tanypodinae","Pentaneurini",,"Thienemannimyia","gr.",,"larva",2,,3,42,7,"N","N",,"condition OK","Y",,"Epler 2001","N","EcoAnalysts Inc.","G. Wallace",,,
"eef1ed1f-2bb8-464c-8e7e-8f51d9df6db5","D07","WALK","WALK.AOS.reach","2018-03-13T13:39Z","2018-07-24","WALK.20180313.SURBER.3",,,"DIPMOD","Y","Diplectrona modesta",,"species","Arthropoda","Hexapoda","Insecta","Pterygota","Neoptera","Holometabola","Trichoptera",,,"Hydropsychoidea","Hydropsychidae","Diplectroninae",,,"Diplectrona","modesta",,"larva",6,,1,42,2,"N","N",,"condition OK","Y",,"Wiggins 1996","N","EcoAnalysts Inc.","A. Navesky",,,
"2d049c79-15f1-42be-8ac2-95aa7ba031a0","D07","WALK","WALK.AOS.reach","2018-03-13T13:39Z","2018-07-24","WALK.20180313.SURBER.2",,,"HABSP1","Y","Habrophlebiodes sp.",,"genus","Arthropoda","Hexapoda","Insecta","Pterygota","Palaeoptera",,"Ephemeroptera","Furcatergalia","Lanceolata",,"Leptophlebiidae",,,,"Habrophlebiodes","sp.",,"larva",4,,4,31,13,"N","N",,"condition OK","Y",,"Merritt and Cummins 2008","N","EcoAnalysts Inc.","A. Navesky",,,
"715549f1-73c3-4d94-8124-3d9ccc4aaa74","D07","WALK","WALK.AOS.reach","2018-03-13T13:39Z","2018-07-24","WALK.20180313.SURBER.1",,,"DIPHAG","Y","Diphetor hageni",,"species","Arthropoda","Hexapoda","Insecta","Pterygota","Palaeoptera",,"Ephemeroptera","Pisciforma",,,"Baetidae",,,,"Diphetor","hageni",,"larva",1,,1,63,2,"N","N",,"damaged, affecting measurement","Y",,"Merritt and Cummins 2008","Y","EcoAnalysts Inc.","A. Navesky",,,
"80bf3e12-ef26-4532-b386-856307335466","D07","WALK","WALK.AOS.reach","2018-03-13T13:39Z","2018-07-24","WALK.20180313.SURBER.1",,,"OULSP","Y","Oulimnius sp.",,"genus","Arthropoda","Hexapoda","Insecta","Pterygota","Neoptera","Holometabola","Coleoptera","Polyphaga","Elateriformia","Byrrhoidea","Elmidae","Elminae","Elmini",,"Oulimnius","sp.",,"larva",2,,15,63,24,"N","N",,"condition OK","Y",,"Merritt and Cummins 2008","Y","EcoAnalysts Inc.","A. Navesky",,,
"4697f42e-3865-407a-ae56-ba4924101d6b","D07","WALK","WALK.AOS.reach","2018-03-13T13:39Z","2018-08-16","WALK.20180313.SURBER.6",,,"PARSP25","Y","Parakiefferiella sp.",,"genus","Arthropoda","Hexapoda","Insecta","Pterygota","Neoptera","Holometabola","Diptera","Nematocera","Culicomorpha",,"Chironomidae","Orthocladiinae",,,"Parakiefferiella","sp.",,"larva",2,,1,78,1,"N","N",,"condition OK","Y",,"Epler 2001","N","EcoAnalysts Inc.","G. Wallace",,,
"ebd699d4-c043-4ac9-a64b-36a0b115caed","D07","WALK","WALK.AOS.reach","2018-03-13T13:39Z","2018-07-24","WALK.20180313.SURBER.1",,,"BAETRI","Y","Baetis tricaudatus",,"species","Arthropoda","Hexapoda","Insecta","Pterygota","Palaeoptera",,"Ephemeroptera","Pisciforma",,,"Baetidae",,,,"Baetis","tricaudatus",,"larva",2,,7,63,11,"N","N",,"condition OK","Y",,"Wiersema 2004","Y","EcoAnalysts Inc.","A. Navesky",,,
"dabbdcc9-96c7-4b2d-b9d3-879475e7f11b","D07","WALK","WALK.AOS.reach","2018-03-13T13:39Z","2018-07-24","WALK.20180313.SURBER.1",,,"TURSP","Y","Turbellaria sp.",,"class","Platyhelminthes",,"Turbellaria",,,,,,,,,,,,,"sp.",,"larva",3,,1,63,2,"N","Y",,"condition OK","Y",,"Thorp and Covich 2001","Y","EcoAnalysts Inc.","A. Navesky",,,
"cee30cc2-b3ee-41fd-852a-fdefdedb1c89","D07","WALK","WALK.AOS.reach","2018-03-13T13:39Z","2018-07-24","WALK.20180313.SURBER.3",,,"OULSP","Y","Oulimnius sp.",,"genus","Arthropoda","Hexapoda","Insecta","Pterygota","Neoptera","Holometabola","Coleoptera","Polyphaga","Elateriformia","Byrrhoidea","Elmidae","Elminae","Elmini",,"Oulimnius","sp.",,"larva",1,,5,42,12,"N","N",,"condition OK","Y",,"Merritt and Cummins 2008","N","EcoAnalysts Inc.","A. Navesky",,,
"051861ae-b4fa-4243-b8a2-d30c9ec8360b","D07","WALK","WALK.AOS.reach","2018-03-13T13:39Z","2018-07-25","WALK.20180313.SURBER.5",,,"AGASP4","Y","Agapetus sp.",,"genus","Arthropoda","Hexapoda","Insecta","Pterygota","Neoptera","Holometabola","Trichoptera",,,"Glossosomatoidea","Glossosomatidae","Agapetinae",,,"Agapetus","sp.",,"larva",3,,1,100,1,"N","N",,"condition OK","Y",,"Wiggins 1996","N","EcoAnalysts Inc.","A. Navesky",,,
"33729250-59ef-4e14-9aa2-883fc5e0c37a","D07","WALK","WALK.AOS.reach","2018-03-13T13:39Z","2018-07-24","WALK.20180313.SURBER.2",,,"OULSP","Y","Oulimnius sp.",,"genus","Arthropoda","Hexapoda","Insecta","Pterygota","Neoptera","Holometabola","Coleoptera","Polyphaga","Elateriformia","Byrrhoidea","Elmidae","Elminae","Elmini",,"Oulimnius","sp.",,"larva",2,,5,31,16,"N","N",,"condition OK","Y",,"Merritt and Cummins 2008","N","EcoAnalysts Inc.","A. Navesky",,,
"47ef9a48-155e-4cbd-afbc-9cb04f43216e","D07","WALK","WALK.AOS.reach","2018-03-13T13:39Z","2018-07-24","WALK.20180313.SURBER.4",,,"EPHSIM","Y","Ephemera simulans",,"species","Arthropoda","Hexapoda","Insecta","Pterygota","Palaeoptera",,"Ephemeroptera","Furcatergalia","Scapphodonta","Ephemeroidea","Ephemeridae",,,,"Ephemera","simulans",,"larva",16,,1,38,3,"N","N",,"condition OK","Y",,"McCafferty 1975","N","EcoAnalysts Inc.","A. Navesky",,,
"0dd50e6b-75a9-494e-bfcb-3bc5a57f069e","D07","WALK","WALK.AOS.reach","2018-03-13T13:39Z","2018-07-25","WALK.20180313.SURBER.6",,,"BEZSP1","Y","Bezzia/Palpomyia sp.",,"speciesGroup","Arthropoda","Hexapoda","Insecta","Pterygota","Neoptera","Holometabola","Diptera","Nematocera","Culicomorpha",,"Ceratopogonidae","Ceratopogoninae","Palpomyiini",,"Bezzia/Palpomyia","sp.",,"larva",2,,1,78,1,"N","N",,"condition OK","Y",,"Merritt and Cummins 2008","N","EcoAnalysts Inc.","A. Navesky",,,
"c0b6a938-723c-42f6-8c6f-9a4efa1fd843","D07","WALK","WALK.AOS.reach","2018-03-13T13:39Z","2018-07-25","WALK.20180313.SURBER.6",,,"LEPSP20","Y","Lepidostoma sp.",,"genus","Arthropoda","Hexapoda","Insecta","Pterygota","Neoptera","Holometabola","Trichoptera",,,"Limnephiloidea","Lepidostomatidae","Lepidostomatinae",,,"Lepidostoma","sp.",,"larva",1,,1,78,1,"N","N",,"damaged, affecting measurement","Y",,"Wiggins 1996","N","EcoAnalysts Inc.","A. Navesky",,,
"afbf979c-3e95-4898-8e76-f52c65190d23","D07","WALK","WALK.AOS.reach","2018-03-13T13:39Z","2018-07-24","WALK.20180313.SURBER.3",,,"LEUSP8","Y","Leuctra sp.",,"genus","Arthropoda","Hexapoda","Insecta","Pterygota","Neoptera","Polyneoptera","Plecoptera","Euholognatha",,,"Leuctridae","Leuctrinae",,,"Leuctra","sp.",,"larva",3,,8,42,19,"N","N",,"condition OK","Y",,"Stewart and Stark, 2002","N","EcoAnalysts Inc.","A. Navesky",,,
"c7235490-174a-467a-b66a-f0ea99fc309e","D07","WALK","WALK.AOS.reach","2018-03-13T13:39Z","2018-07-25","WALK.20180313.SURBER.2",,"WALK.20180313.SURBER.2_OLIGOCHAETE_1/1","ENCSP1","Y","Enchytraeidae sp.",,"family","Annelida","Clitellata","Oligochaeta","Oligochaeta",,,"Enchytraeida",,,,"Enchytraeidae",,,,,"sp.",,"larva",10,,1,31,3,"N","N",,"condition OK","Y",,"Kathman and Brinkhurst, 1999","N","EcoAnalysts Inc.","L. Flaherty",,,
"67d04b2c-f31f-4fa5-85cc-85379ff18562","D07","WALK","WALK.AOS.reach","2018-03-13T13:39Z","2018-08-16","WALK.20180313.SURBER.4",,,"THISP2","Y","Thienemanniella sp.",,"genus","Arthropoda","Hexapoda","Insecta","Pterygota","Neoptera","Holometabola","Diptera","Nematocera","Culicomorpha",,"Chironomidae","Orthocladiinae",,,"Thienemanniella","sp.",,"larva",2,,2,38,5,"N","N",,"condition OK","Y",,"Epler 2001","N","EcoAnalysts Inc.","G. Wallace",,,
"8dd36554-8b57-4f50-bb65-5c77b7f76daa","D07","WALK","WALK.AOS.reach","2018-03-13T13:39Z","2018-07-24","WALK.20180313.SURBER.4",,,"TORSP6","Y","Torrenticola sp.",,"genus","Arthropoda","Chelicerata","Arachnida","Acari",,"Acariformes","Trombidiformes","Prostigmata",,"Lebertioidea","Torrenticolidae",,,,"Torrenticola","sp.",,"adult",1,,1,38,3,"N","N",,"condition OK","Y",,"Thorp and Covich 2001","N","EcoAnalysts Inc.","A. Navesky",,,
"d48607e7-b8f7-44ef-b918-f01a834b4db0","D07","WALK","WALK.AOS.reach","2018-03-13T13:39Z","2018-07-24","WALK.20180313.SURBER.1",,,"NEMSP","Y","Nematoda sp.",,"phylum","Nematoda",,,,,,,,,,,,,,,"sp.",,"larva",7,,1,63,2,"N","Y",,"condition OK","Y",,"Thorp and Covich 2001","Y","EcoAnalysts Inc.","A. Navesky",,,
"2238e4cc-0e4b-4284-b867-96630284f1ab","D07","WALK","WALK.AOS.reach","2018-03-13T13:39Z","2018-07-25","WALK.20180313.SURBER.5",,,"DIPMOD","Y","Diplectrona modesta",,"species","Arthropoda","Hexapoda","Insecta","Pterygota","Neoptera","Holometabola","Trichoptera",,,"Hydropsychoidea","Hydropsychidae","Diplectroninae",,,"Diplectrona","modesta",,"larva",3,,1,100,1,"N","N",,"condition OK","Y",,"Wiggins 1996","N","EcoAnalysts Inc.","A. Navesky",,,
"b1e72ee1-0fd3-4451-b276-af0b6f020dee","D07","WALK","WALK.AOS.reach","2018-03-13T13:39Z","2018-07-25","WALK.20180313.SURBER.6",,,"HYDSP5","Y","Hydroptilidae sp.",,"family","Arthropoda","Hexapoda","Insecta","Pterygota","Neoptera","Holometabola","Trichoptera",,,"Hydroptiloidea","Hydroptilidae",,,,,"sp.",,"larva",1,,1,78,1,"Y","N",,"condition OK","Y",,"Wiggins 1996","N","EcoAnalysts Inc.","A. Navesky",,,
"bd0c10d8-68a7-424b-b3ce-4cbafbe50c66","D07","WALK","WALK.AOS.reach","2018-03-13T13:39Z","2018-07-24","WALK.20180313.SURBER.1",,,"ACASP1","Y","Acari sp.",,"subclass","Arthropoda","Chelicerata","Arachnida","Acari",,,,,,,,,,,,"sp.",,"adult",1,,1,63,2,"N","N",,"damaged, affecting taxonomy","Y",,"Thorp and Covich 2001","Y","EcoAnalysts Inc.","A. Navesky",,,
"4165b02a-eabf-4a76-b6ce-d4d0c5b3c2e4","D07","WALK","WALK.AOS.reach","2018-03-13T13:39Z","2018-07-24","WALK.20180313.SURBER.4",,,"BAESP","Y","Baetidae sp.",,"family","Arthropoda","Hexapoda","Insecta","Pterygota","Palaeoptera",,"Ephemeroptera","Pisciforma",,,"Baetidae",,,,,"sp.",,"larva",1,,2,38,5,"Y","N",,"condition OK","Y",,"Merritt and Cummins 2008","N","EcoAnalysts Inc.","A. Navesky",,,
"3e1fc949-28c2-4c07-82c2-cef381cd9b8d","D07","WALK","WALK.AOS.reach","2018-03-13T13:39Z","2018-07-24","WALK.20180313.SURBER.4",,,"BEZSP1","Y","Bezzia/Palpomyia sp.",,"speciesGroup","Arthropoda","Hexapoda","Insecta","Pterygota","Neoptera","Holometabola","Diptera","Nematocera","Culicomorpha",,"Ceratopogonidae","Ceratopogoninae","Palpomyiini",,"Bezzia/Palpomyia","sp.",,"larva",2,,1,38,3,"N","N",,"condition OK","Y",,"Merritt and Cummins 2008","N","EcoAnalysts Inc.","A. Navesky",,,
"0d8ea869-48a2-438e-ba15-cfd31f8cbf6c","D07","WALK","WALK.AOS.reach","2018-03-13T13:39Z","2018-07-25","WALK.20180313.SURBER.4",,,"PROSP37","Y","Prostoma sp.",,"genus","Nemertea",,"Enopla",,,,"Hoplonemertea","Monostilifera",,,"Tetrastemmatidae",,,,"Prostoma","sp.",,"larva",3,,1,38,3,"N","N",,"condition OK","Y",,"Pennak, 1997, Thorp and Covich 2001","N","EcoAnalysts Inc.","L. Flaherty",,,
"bf13658d-49dc-494c-b775-b53f09b4fbe5","D07","WALK","WALK.AOS.reach","2018-03-13T13:39Z","2018-07-24","WALK.20180313.SURBER.1",,,"SWESP","Y","Sweltsa sp.",,"genus","Arthropoda","Hexapoda","Insecta","Pterygota","Neoptera","Polyneoptera","Plecoptera","Systellognatha",,,"Chloroperlidae","Chloroperlinae",,,"Sweltsa","sp.",,"larva",6,,1,63,2,"N","N",,"condition OK","Y",,"Stewart and Stark, 2002","Y","EcoAnalysts Inc.","A. Navesky",,,
"84efeb46-1e7d-40c0-81e9-3fd5aacd7d32","D07","WALK","WALK.AOS.reach","2018-03-13T13:39Z","2018-08-17","WALK.20180313.SURBER.3",,"WALK.20180313.SURBER.3.CRICOTOPUS/ORTHOCLADIUS SP.","CRISP6","Y","Cricotopus/Orthocladius sp.",,"speciesGroup","Arthropoda","Hexapoda","Insecta","Pterygota","Neoptera","Holometabola","Diptera","Nematocera","Culicomorpha",,"Chironomidae","Orthocladiinae",,,"Cricotopus/Orthocladius","sp.",,"larva",1,,1,42,2,"N","N",,"condition OK","Y",,"Epler 2001, and Maschwitz and Cook 2000","N","EcoAnalysts Inc.","G. Wallace",,,
"7654278a-1de9-4dbe-850c-673682ba3353","D07","WALK","WALK.AOS.reach","2018-03-13T13:39Z","2018-07-25","WALK.20180313.SURBER.6",,,"HABSP1","Y","Habrophlebiodes sp.",,"genus","Arthropoda","Hexapoda","Insecta","Pterygota","Palaeoptera",,"Ephemeroptera","Furcatergalia","Lanceolata",,"Leptophlebiidae",,,,"Habrophlebiodes","sp.",,"larva",4,,3,78,4,"N","N",,"condition OK","Y",,"Merritt and Cummins 2008","N","EcoAnalysts Inc.","A. Navesky",,,
"40dbf291-e261-4b9b-8ce9-5da62348e9e1","D07","WALK","WALK.AOS.reach","2018-03-13T13:39Z","2018-07-24","WALK.20180313.SURBER.3",,,"ELISP","Y","Elimia sp.",,"genus","Mollusca",,"Gastropoda",,,,"Neotaenioglossa",,,,"Pleuroceridae",,,,"Elimia","sp.",,"larva",7,,1,42,2,"N","N",,"condition OK","Y",,"Pennak, 1997","N","EcoAnalysts Inc.","A. Navesky",,,
"9d6c896c-3f53-4833-afd1-fc277c096f33","D07","WALK","WALK.AOS.reach","2018-03-13T13:39Z","2018-07-27","WALK.20180313.SURBER.6",,"WALK.20180313.SURBER.6_OLIGOCHAETE_2/2|WALK.20180313.SURBER.6_OLIGOCHAETE_1/2","NAISP","Y","Naididae sp.","tubificoid Naididae w/o cap setae","family","Annelida","Clitellata","Oligochaeta","Oligochaeta",,,"Tubificida",,,,"Naididae",,,,,"sp.",,"larva",5,,1,78,1,"N","N",,"damaged, affecting measurement","Y",,"Kathman and Brinkhurst, 1998","N","EcoAnalysts Inc.","L. Flaherty",,,
"2ec9ea20-5816-4fc5-a264-1dfabfbd13d6","D07","WALK","WALK.AOS.reach","2018-03-13T13:39Z","2018-07-25","WALK.20180313.SURBER.5",,,"OULSP","Y","Oulimnius sp.",,"genus","Arthropoda","Hexapoda","Insecta","Pterygota","Neoptera","Holometabola","Coleoptera","Polyphaga","Elateriformia","Byrrhoidea","Elmidae","Elminae","Elmini",,"Oulimnius","sp.",,"adult",1,,4,100,4,"N","N",,"condition OK","Y",,"Merritt and Cummins 2008","N","EcoAnalysts Inc.","A. Navesky",,,
"5067dc94-89b2-483e-9c7c-89ed4c4ddd84","D07","WALK","WALK.AOS.reach","2018-03-13T13:39Z","2018-07-25","WALK.20180313.SURBER.8",,,"PELSP1","Y","Peltoperlidae sp.",,"family","Arthropoda","Hexapoda","Insecta","Pterygota","Neoptera","Polyneoptera","Plecoptera","Systellognatha",,,"Peltoperlidae",,,,,"sp.",,"larva",1,,1,100,1,"Y","N",,"condition OK","Y",,"Stewart and Stark, 2002","N","EcoAnalysts Inc.","A. Navesky",,,
"a956d497-b84d-450f-96e9-0757cc0e6fc8","D07","WALK","WALK.AOS.reach","2018-03-13T13:39Z","2018-07-25","WALK.20180313.SURBER.5",,,"LEUSP8","Y","Leuctra sp.",,"genus","Arthropoda","Hexapoda","Insecta","Pterygota","Neoptera","Polyneoptera","Plecoptera","Euholognatha",,,"Leuctridae","Leuctrinae",,,"Leuctra","sp.",,"larva",3,,3,100,3,"N","N",,"condition OK","Y",,"Stewart and Stark, 2002","N","EcoAnalysts Inc.","A. Navesky",,,
"9e1f0667-795e-4afe-abe4-9ed4c3503e57","D07","WALK","WALK.AOS.reach","2018-03-13T13:39Z","2018-08-16","WALK.20180313.SURBER.5",,,"TRISP16","Y","Trissopelopia sp.",,"genus","Arthropoda","Hexapoda","Insecta","Pterygota","Neoptera","Holometabola","Diptera","Nematocera","Culicomorpha",,"Chironomidae","Tanypodinae","Pentaneurini",,"Trissopelopia","sp.",,"larva",2,,1,100,1,"N","N",,"condition OK","Y",,"Epler 2001","N","EcoAnalysts Inc.","G. Wallace",,,
"eb69477f-39f0-4f49-bed6-20d24ccd9b5e","D07","WALK","WALK.AOS.reach","2018-03-13T13:39Z","2018-07-24","WALK.20180313.SURBER.3",,,"GAMSP3","Y","Gammarus sp.",,"genus","Arthropoda","Crustacea","Malacostraca","Eumalacostraca",,"Peracarida","Amphipoda","Gammaridea",,,"Gammaridae",,,,"Gammarus","sp.",,"larva",3,,5,42,12,"N","N",,"condition OK","Y",,"Thorp and Covich 2001","N","EcoAnalysts Inc.","A. Navesky",,,
"0a564515-4c1a-40db-bc7d-752135c7079d","D07","WALK","WALK.AOS.reach","2018-03-13T13:39Z","2018-08-16","WALK.20180313.SURBER.6",,,"THIGRO","Y","Thienemannimyia gr.",,"speciesGroup","Arthropoda","Hexapoda","Insecta","Pterygota","Neoptera","Holometabola","Diptera","Nematocera","Culicomorpha",,"Chironomidae","Tanypodinae","Pentaneurini",,"Thienemannimyia","gr.",,"larva",2,,1,78,1,"N","N",,"condition OK","Y",,"Epler 2001","N","EcoAnalysts Inc.","G. Wallace",,,
"b52e644a-c3cd-440f-8fb5-2f5f99c1e509","D07","WALK","WALK.AOS.reach","2018-03-13T13:39Z","2018-08-21","WALK.20180313.SURBER.4",,,"LEUSP2","Y","Leuctridae sp.",,"family","Arthropoda","Hexapoda","Insecta","Pterygota","Neoptera","Polyneoptera","Plecoptera","Euholognatha",,,"Leuctridae",,,,,"sp.",,"larva",1,,21,38,56,"Y","N",,"condition OK","N",,"Stewart and Stark, 2002","N","EcoAnalysts Inc.","A. Navesky",,,
"ce30724e-0acd-4f2a-8bb8-171291fac35c","D07","WALK","WALK.AOS.reach","2018-03-13T13:39Z","2018-07-24","WALK.20180313.SURBER.1",,,"DIPMOD","Y","Diplectrona modesta",,"species","Arthropoda","Hexapoda","Insecta","Pterygota","Neoptera","Holometabola","Trichoptera",,,"Hydropsychoidea","Hydropsychidae","Diplectroninae",,,"Diplectrona","modesta",,"larva",5,,2,63,3,"N","N",,"condition OK","Y",,"Wiggins 1996","Y","EcoAnalysts Inc.","A. Navesky",,,
"3c89ed06-f92d-4e3f-8164-781755ee1aa3","D07","WALK","WALK.AOS.reach","2018-03-13T13:39Z","2018-08-15","WALK.20180313.SURBER.2",,,"RHEEXI","Y","Rheotanytarsus exiguus gr.",,"speciesGroup","Arthropoda","Hexapoda","Insecta","Pterygota","Neoptera","Holometabola","Diptera","Nematocera","Culicomorpha",,"Chironomidae","Chironominae","Tanytarsini",,"Rheotanytarsus","exiguus gr.",,"larva",3,,5,31,16,"N","N",,"condition OK","Y",,"Epler 2001","N","EcoAnalysts Inc.","G. Wallace",,,
"a2cc3d7b-7814-4020-8836-9673880c1ee5","D07","WALK","WALK.AOS.reach","2018-03-13T13:39Z","2018-07-24","WALK.20180313.SURBER.2",,,"ELMSP","Y","Elmidae sp.",,"family","Arthropoda","Hexapoda","Insecta","Pterygota","Neoptera","Holometabola","Coleoptera","Polyphaga","Elateriformia","Byrrhoidea","Elmidae",,,,,"sp.",,"larva",1,,1,31,3,"Y","N",,"condition OK","N",,"Merritt and Cummins 2008","N","EcoAnalysts Inc.","A. Navesky",,,
"50b4b18e-3eba-464c-aa8d-dc5e06a924e7","D07","WALK","WALK.AOS.reach","2018-03-13T13:39Z","2018-07-27","WALK.20180313.SURBER.6",,"WALK.20180313.SURBER.6_OLIGOCHAETE_1/2|WALK.20180313.SURBER.6_OLIGOCHAETE_2/2","LUMSP2","Y","Lumbriculidae sp.",,"family","Annelida","Clitellata","Oligochaeta","Oligochaeta",,,"Lumbriculida",,,,"Lumbriculidae",,,,,"sp.",,"larva",2,,1,78,1,"N","N",,"damaged, affecting measurement","Y",,"Kathman and Brinkhurst, 1999","N","EcoAnalysts Inc.","L. Flaherty",,,
"dd405c84-9c7f-4bc9-b57b-97a9c91fdfc3","D07","WALK","WALK.AOS.reach","2018-03-13T13:39Z","2018-07-24","WALK.20180313.SURBER.2",,,"POLSP12","Y","Polycentropus sp.",,"genus","Arthropoda","Hexapoda","Insecta","Pterygota","Neoptera","Holometabola","Trichoptera",,,"Hydropsychoidea","Polycentropodidae","Polycentropodinae",,,"Polycentropus","sp.",,"larva",4,,3,31,10,"N","N",,"condition OK","Y",,"Wiggins 1996","N","EcoAnalysts Inc.","A. Navesky",,,
"e72ca08a-1136-44b5-b9cc-ac9d7780b182","D07","WALK","WALK.AOS.reach","2018-03-13T13:39Z","2018-08-21","WALK.20180313.SURBER.3",,,"LEUSP2","Y","Leuctridae sp.",,"family","Arthropoda","Hexapoda","Insecta","Pterygota","Neoptera","Polyneoptera","Plecoptera","Euholognatha",,,"Leuctridae",,,,,"sp.",,"larva",1,,2,42,5,"Y","N",,"damaged, affecting measurement","N",,"Stewart and Stark, 2002","N","EcoAnalysts Inc.","A. Navesky",,,
"643fd92a-d6c7-45a8-bdfe-b45076ddba7f","D07","WALK","WALK.AOS.reach","2018-03-13T13:39Z","2018-08-16","WALK.20180313.SURBER.4",,,"THISP2","Y","Thienemanniella sp.",,"genus","Arthropoda","Hexapoda","Insecta","Pterygota","Neoptera","Holometabola","Diptera","Nematocera","Culicomorpha",,"Chironomidae","Orthocladiinae",,,"Thienemanniella","sp.",,"larva",1,,7,38,19,"N","N",,"condition OK","Y",,"Epler 2001","N","EcoAnalysts Inc.","G. Wallace",,,
"21d3167a-27cb-4a13-89fe-d63869861e90","D07","WALK","WALK.AOS.reach","2018-03-13T13:39Z","2018-07-24","WALK.20180313.SURBER.2",,,"TORSP6","Y","Torrenticola sp.",,"genus","Arthropoda","Chelicerata","Arachnida","Acari",,"Acariformes","Trombidiformes","Prostigmata",,"Lebertioidea","Torrenticolidae",,,,"Torrenticola","sp.",,"adult",1,,2,31,6,"N","N",,"condition OK","Y",,"Thorp and Covich 2001","N","EcoAnalysts Inc.","A. Navesky",,,
"0ac57a9b-cbfd-4890-b69c-8fd3fe7675dd","D07","WALK","WALK.AOS.reach","2018-03-13T13:39Z","2018-07-25","WALK.20180313.SURBER.6",,,"PLESP2","Y","Pleuroceridae sp.",,"family","Mollusca",,"Gastropoda",,,,"Neotaenioglossa",,,,"Pleuroceridae",,,,,"sp.",,"larva",6,,1,78,1,"Y","N",,"condition OK","N",,"Thorp and Covich 2001","N","EcoAnalysts Inc.","A. Navesky",,,
"8406a312-8492-4455-809e-24030ce0d4c9","D07","WALK","WALK.AOS.reach","2018-03-13T13:39Z","2018-08-16","WALK.20180313.SURBER.6",,,"PSITRI","Y","Psilometriocnemus triannulatus",,"species","Arthropoda","Hexapoda","Insecta","Pterygota","Neoptera","Holometabola","Diptera","Nematocera","Culicomorpha",,"Chironomidae","Orthocladiinae",,,"Psilometriocnemus","triannulatus",,"larva",3,,1,78,1,"N","N",,"condition OK","Y",,"Epler 2001, and Maschwitz and Cook 2000","N","EcoAnalysts Inc.","G. Wallace",,,
"dc73fe9d-7423-4dc6-9f5d-770309ac81f9","D07","WALK","WALK.AOS.reach","2018-03-13T13:39Z","2018-08-15","WALK.20180313.SURBER.1",,"WALK.20180313.SURBER.1.TANYTARSUS SP.","TANSP11","Y","Tanytarsus sp.",,"genus","Arthropoda","Hexapoda","Insecta","Pterygota","Neoptera","Holometabola","Diptera","Nematocera","Culicomorpha",,"Chironomidae","Chironominae","Tanytarsini",,"Tanytarsus","sp.",,"larva",3,,1,63,2,"N","N",,"condition OK","Y",,"Epler 2001","Y","EcoAnalysts Inc.","G. Wallace",,,
"499b7911-1ab7-453e-9c87-2d320083ef53","D07","WALK","WALK.AOS.reach","2018-03-13T13:39Z","2018-07-24","WALK.20180313.SURBER.3",,,"BAESP2","Y","Baetis sp.",,"genus","Arthropoda","Hexapoda","Insecta","Pterygota","Palaeoptera",,"Ephemeroptera","Pisciforma",,,"Baetidae",,,,"Baetis","sp.",,"larva",1,,1,42,2,"N","N",,"damaged, affecting taxonomy and measurement","N",,"Merritt and Cummins 2008","N","EcoAnalysts Inc.","A. Navesky",,,
"5400fac3-9c47-463c-b43b-edf98d43c0db","D07","WALK","WALK.AOS.reach","2018-03-13T13:39Z","2018-08-16","WALK.20180313.SURBER.8",,,"THIGRO","Y","Thienemannimyia gr.",,"speciesGroup","Arthropoda","Hexapoda","Insecta","Pterygota","Neoptera","Holometabola","Diptera","Nematocera","Culicomorpha",,"Chironomidae","Tanypodinae","Pentaneurini",,"Thienemannimyia","gr.",,"larva",3,,1,100,1,"N","N",,"condition OK","Y",,"Epler 2001","N","EcoAnalysts Inc.","G. Wallace",,,
"833c0519-04e7-459d-b5d4-bd9f4060e7bf","D07","WALK","WALK.AOS.reach","2018-03-13T13:39Z","2018-07-24","WALK.20180313.SURBER.2",,,"TURSP","Y","Turbellaria sp.",,"class","Platyhelminthes",,"Turbellaria",,,,,,,,,,,,,"sp.",,"larva",1,,3,31,10,"N","Y",,"condition OK","Y",,"Thorp and Covich 2001","N","EcoAnalysts Inc.","A. Navesky",,,
"1cec342d-6482-415c-ab18-0269431abbd0","D07","WALK","WALK.AOS.reach","2018-03-13T13:39Z","2018-07-24","WALK.20180313.SURBER.3",,,"SIMSP1","Y","Simulium sp.",,"genus","Arthropoda","Hexapoda","Insecta","Pterygota","Neoptera","Holometabola","Diptera","Nematocera","Culicomorpha",,"Simuliidae","Simuliinae","Simuliini",,"Simulium","sp.",,"larva",4,,1,42,2,"N","N",,"condition OK","Y",,"Merritt and Cummins 2008","N","EcoAnalysts Inc.","A. Navesky",,,
"6da80da1-82e8-4056-b06a-338d73dc51ee","D07","WALK","WALK.AOS.reach","2018-03-13T13:39Z","2018-07-24","WALK.20180313.SURBER.2",,,"DIPHAG","Y","Diphetor hageni",,"species","Arthropoda","Hexapoda","Insecta","Pterygota","Palaeoptera",,"Ephemeroptera","Pisciforma",,,"Baetidae",,,,"Diphetor","hageni",,"larva",1,,1,31,3,"N","N",,"condition OK","Y",,"Merritt and Cummins 2008","N","EcoAnalysts Inc.","A. Navesky",,,
"0a4d0880-1e80-484f-98b8-b7b569aae05b","D07","WALK","WALK.AOS.reach","2018-03-13T13:39Z","2018-07-24","WALK.20180313.SURBER.1",,,"HABSP1","Y","Habrophlebiodes sp.",,"genus","Arthropoda","Hexapoda","Insecta","Pterygota","Palaeoptera",,"Ephemeroptera","Furcatergalia","Lanceolata",,"Leptophlebiidae",,,,"Habrophlebiodes","sp.",,"larva",3,,2,63,3,"N","N",,"condition OK","Y",,"Merritt and Cummins 2008","Y","EcoAnalysts Inc.","A. Navesky",,,
"75d03996-90ff-40fe-8b7c-1ad439b8f62e","D07","WALK","WALK.AOS.reach","2018-03-13T13:39Z","2018-08-16","WALK.20180313.SURBER.3",,"WALK.20180313.SURBER.3.EUKIEFFERIELLA SP._1/2|WALK.20180313.SURBER.3.EUKIEFFERIELLA SP._2/2","EUKSP","Y","Eukiefferiella sp.",,"genus","Arthropoda","Hexapoda","Insecta","Pterygota","Neoptera","Holometabola","Diptera","Nematocera","Culicomorpha",,"Chironomidae","Orthocladiinae",,,"Eukiefferiella","sp.",,"larva",20,,1,42,2,"Y","N",,"condition OK","N",,"Epler 2001","N","EcoAnalysts Inc.","G. Wallace",,,
"73dd389e-723a-49b9-82f3-bcc479be10f5","D07","WALK","WALK.AOS.reach","2018-03-13T13:39Z","2018-08-15","WALK.20180313.SURBER.1",,"WALK.20180313.SURBER.1.THIENEMANNIMYIA GR.","THIGRO","Y","Thienemannimyia gr.",,"speciesGroup","Arthropoda","Hexapoda","Insecta","Pterygota","Neoptera","Holometabola","Diptera","Nematocera","Culicomorpha",,"Chironomidae","Tanypodinae","Pentaneurini",,"Thienemannimyia","gr.",,"larva",1,,1,63,2,"N","N",,"condition OK","Y",,"Epler 2001","Y","EcoAnalysts Inc.","G. Wallace",,,
"8e65cfbc-100d-4535-b1dd-af68b8292138","D07","WALK","WALK.AOS.reach","2018-03-13T13:39Z","2018-07-24","WALK.20180313.SURBER.4",,,"HYDSP5","Y","Hydroptilidae sp.",,"family","Arthropoda","Hexapoda","Insecta","Pterygota","Neoptera","Holometabola","Trichoptera",,,"Hydroptiloidea","Hydroptilidae",,,,,"sp.",,"larva",1,,1,38,3,"Y","N",,"damaged, affecting measurement","N",,"Wiggins 1996","N","EcoAnalysts Inc.","A. Navesky",,,
"ff6919f5-2fbc-4df5-bba3-01a411f53f53","D07","WALK","WALK.AOS.reach","2018-03-13T13:39Z","2018-07-24","WALK.20180313.SURBER.1",,,"NEOSP13","Y","Neophylax sp.",,"genus","Arthropoda","Hexapoda","Insecta","Pterygota","Neoptera","Holometabola","Trichoptera",,,"Limnephiloidea","Uenoidae","Thremmatinae",,,"Neophylax","sp.",,"larva",2,,1,63,2,"N","N",,"condition OK","Y",,"Wiggins 1996","Y","EcoAnalysts Inc.","A. Navesky",,,
"f1e0e41f-cf39-462f-92c9-edd065d9d40a","D07","WALK","WALK.AOS.reach","2018-03-13T13:39Z","2018-08-16","WALK.20180313.SURBER.4",,,"NILFIM","Y","Nilotanypus fimbriatus",,"species","Arthropoda","Hexapoda","Insecta","Pterygota","Neoptera","Holometabola","Diptera","Nematocera","Culicomorpha",,"Chironomidae","Tanypodinae","Pentaneurini",,"Nilotanypus","fimbriatus",,"larva",2,,2,38,5,"N","N",,"condition OK","Y",,"Epler 2001","N","EcoAnalysts Inc.","G. Wallace",,,
"a3e06132-43c9-48f5-a33c-74b26ca904c2","D07","WALK","WALK.AOS.reach","2018-03-13T13:39Z","2018-08-21","WALK.20180313.SURBER.1",,,"GOMSP","Y","Gomphidae sp.",,"family","Arthropoda","Hexapoda","Insecta","Pterygota","Palaeoptera",,"Odonata","Anisoptera",,,"Gomphidae",,,,,"sp.",,"larva",4,,1,63,2,"Y","N",,"condition OK","Y",,"Needham, Westfall and May 2000","Y","EcoAnalysts Inc.","A. Navesky",,,
"4ff99617-be33-45f3-b194-809d6f0b0f8c","D07","WALK","WALK.AOS.reach","2018-03-13T13:39Z","2018-07-24","WALK.20180313.SURBER.3",,,"GAMSP3","Y","Gammarus sp.",,"genus","Arthropoda","Crustacea","Malacostraca","Eumalacostraca",,"Peracarida","Amphipoda","Gammaridea",,,"Gammaridae",,,,"Gammarus","sp.",,"larva",2,,19,42,46,"N","N",,"condition OK","Y",,"Thorp and Covich 2001","N","EcoAnalysts Inc.","A. Navesky",,,
"944ec0a4-171c-419d-95ff-07a1de86614e","D07","WALK","WALK.AOS.reach","2018-03-13T13:39Z","2018-07-24","WALK.20180313.SURBER.4",,,"OCHSP1","Y","Ochrotrichia sp.",,"genus","Arthropoda","Hexapoda","Insecta","Pterygota","Neoptera","Holometabola","Trichoptera",,,"Hydroptiloidea","Hydroptilidae","Hydroptilinae","Ochrotrichiini",,"Ochrotrichia","sp.",,"larva",2,,1,38,3,"N","N",,"condition OK","Y",,"Wiggins 1996","N","EcoAnalysts Inc.","A. Navesky",,,
"6d752098-9ebb-4319-ae87-3521dd18fa57","D07","WALK","WALK.AOS.reach","2018-03-13T13:39Z","2018-07-25","WALK.20180313.SURBER.8",,,"GAMSP3","Y","Gammarus sp.",,"genus","Arthropoda","Crustacea","Malacostraca","Eumalacostraca",,"Peracarida","Amphipoda","Gammaridea",,,"Gammaridae",,,,"Gammarus","sp.",,"larva",3,,2,100,2,"N","N",,"condition OK","Y",,"Thorp and Covich 2001","N","EcoAnalysts Inc.","A. Navesky",,,
"eff617a9-385e-452d-b39d-43435d7328fb","D07","WALK","WALK.AOS.reach","2018-03-13T13:39Z","2018-08-16","WALK.20180313.SURBER.6",,,"THIGRO","Y","Thienemannimyia gr.",,"speciesGroup","Arthropoda","Hexapoda","Insecta","Pterygota","Neoptera","Holometabola","Diptera","Nematocera","Culicomorpha",,"Chironomidae","Tanypodinae","Pentaneurini",,"Thienemannimyia","gr.",,"larva",4,,2,78,3,"N","N",,"condition OK","Y",,"Epler 2001","N","EcoAnalysts Inc.","G. Wallace",,,
"f08a1cac-00d5-4c57-b4a8-328026b8dcc3","D07","WALK","WALK.AOS.reach","2018-03-13T13:39Z","2018-07-24","WALK.20180313.SURBER.3",,,"EPHSP1","Y","Ephemerellidae sp.",,"family","Arthropoda","Hexapoda","Insecta","Pterygota","Palaeoptera",,"Ephemeroptera","Furcatergalia","Pannota","Ephemerelloidea","Ephemerellidae",,,,,"sp.",,"larva",2,,1,42,2,"Y","N",,"condition OK","Y",,"Merritt and Cummins 2008","N","EcoAnalysts Inc.","A. Navesky",,,
"939498a9-dce1-4a46-832a-eda50560a200","D07","WALK","WALK.AOS.reach","2018-03-13T13:39Z","2018-07-24","WALK.20180313.SURBER.2",,,"NEMSP","Y","Nematoda sp.",,"phylum","Nematoda",,,,,,,,,,,,,,,"sp.",,"larva",2,,1,31,3,"N","Y",,"condition OK","Y",,"Thorp and Covich 2001","N","EcoAnalysts Inc.","A. Navesky",,,
"dbb9b8f3-698d-4688-bd85-7e40884e25ab","D07","WALK","WALK.AOS.reach","2018-03-13T13:39Z","2018-07-25","WALK.20180313.SURBER.7",,,"GAMSP3","Y","Gammarus sp.",,"genus","Arthropoda","Crustacea","Malacostraca","Eumalacostraca",,"Peracarida","Amphipoda","Gammaridea",,,"Gammaridae",,,,"Gammarus","sp.",,"larva",2,,4,100,4,"N","N",,"condition OK","Y",,"Thorp and Covich 2001","N","EcoAnalysts Inc.","A. Navesky",,,
"9d5c4df8-fac2-41e7-a22b-5c1abb3a8610","D07","WALK","WALK.AOS.reach","2018-03-13T13:39Z","2018-07-24","WALK.20180313.SURBER.4",,,"SIMSP1","Y","Simulium sp.",,"genus","Arthropoda","Hexapoda","Insecta","Pterygota","Neoptera","Holometabola","Diptera","Nematocera","Culicomorpha",,"Simuliidae","Simuliinae","Simuliini",,"Simulium","sp.",,"larva",2,,8,38,21,"N","N",,"condition OK","Y",,"Merritt and Cummins 2008","N","EcoAnalysts Inc.","A. Navesky",,,
"eacfbff0-cad8-4073-987b-27c05d8a10b5","D07","WALK","WALK.AOS.reach","2018-03-13T13:39Z","2018-07-25","WALK.20180313.SURBER.5",,,"DIPMOD","Y","Diplectrona modesta",,"species","Arthropoda","Hexapoda","Insecta","Pterygota","Neoptera","Holometabola","Trichoptera",,,"Hydropsychoidea","Hydropsychidae","Diplectroninae",,,"Diplectrona","modesta",,"larva",9,,1,100,1,"N","N",,"condition OK","Y",,"Wiggins 1996","N","EcoAnalysts Inc.","A. Navesky",,,
"38758c22-d5ff-419f-9ebb-734c5d98095b","D07","WALK","WALK.AOS.reach","2018-03-13T13:39Z","2018-07-24","WALK.20180313.SURBER.2",,,"DIPMOD","Y","Diplectrona modesta",,"species","Arthropoda","Hexapoda","Insecta","Pterygota","Neoptera","Holometabola","Trichoptera",,,"Hydropsychoidea","Hydropsychidae","Diplectroninae",,,"Diplectrona","modesta",,"larva",12,,1,31,3,"N","N",,"condition OK","Y",,"Wiggins 1996","N","EcoAnalysts Inc.","A. Navesky",,,
"d99edc07-5fce-4aeb-b92c-f188896a7d29","D07","WALK","WALK.AOS.reach","2018-03-13T13:39Z","2018-08-16","WALK.20180313.SURBER.4",,,"STESP10","Y","Stempellinella sp.",,"genus","Arthropoda","Hexapoda","Insecta","Pterygota","Neoptera","Holometabola","Diptera","Nematocera","Culicomorpha",,"Chironomidae","Chironominae","Tanytarsini",,"Stempellinella","sp.",,"larva",1,,2,38,5,"N","N",,"condition OK","Y",,"Epler 2001","N","EcoAnalysts Inc.","G. Wallace",,,
"3cc61b12-11e9-421e-af2c-91c0f48e230a","D07","WALK","WALK.AOS.reach","2018-03-13T13:39Z","2018-07-25","WALK.20180313.SURBER.6",,,"LEPSP20","Y","Lepidostoma sp.",,"genus","Arthropoda","Hexapoda","Insecta","Pterygota","Neoptera","Holometabola","Trichoptera",,,"Limnephiloidea","Lepidostomatidae","Lepidostomatinae",,,"Lepidostoma","sp.",,"larva",3,,1,78,1,"N","N",,"condition OK","Y",,"Wiggins 1996","N","EcoAnalysts Inc.","A. Navesky",,,
"d34385bb-c5ac-4170-89f8-8531de3df6ae","D07","WALK","WALK.AOS.reach","2018-03-13T13:39Z","2018-07-25","WALK.20180313.SURBER.5",,,"OULSP","Y","Oulimnius sp.",,"genus","Arthropoda","Hexapoda","Insecta","Pterygota","Neoptera","Holometabola","Coleoptera","Polyphaga","Elateriformia","Byrrhoidea","Elmidae","Elminae","Elmini",,"Oulimnius","sp.",,"larva",2,,17,100,17,"N","N",,"condition OK","Y",,"Merritt and Cummins 2008","N","EcoAnalysts Inc.","A. Navesky",,,
"21700fa4-bd4d-437b-ba2d-c3ce64c69b23","D07","WALK","WALK.AOS.reach","2018-03-13T13:39Z","2018-07-24","WALK.20180313.SURBER.3",,,"HABSP1","Y","Habrophlebiodes sp.",,"genus","Arthropoda","Hexapoda","Insecta","Pterygota","Palaeoptera",,"Ephemeroptera","Furcatergalia","Lanceolata",,"Leptophlebiidae",,,,"Habrophlebiodes","sp.",,"larva",2,,10,42,24,"N","N",,"condition OK","Y",,"Merritt and Cummins 2008","N","EcoAnalysts Inc.","A. Navesky",,,
"83aac1f9-89d5-49fb-ae48-e5060b4545cc","D07","WALK","WALK.AOS.reach","2018-03-13T13:39Z","2018-07-25","WALK.20180313.SURBER.6",,,"HEPSP","Y","Heptageniidae sp.",,"family","Arthropoda","Hexapoda","Insecta","Pterygota","Palaeoptera",,"Ephemeroptera","Pisciforma",,"Heptagenioidea","Heptageniidae",,,,,"sp.",,"larva",1,,1,78,1,"Y","N",,"condition OK","Y",,"Merritt and Cummins 2008","N","EcoAnalysts Inc.","A. Navesky",,,
"030b1f52-28bb-4ba9-b241-7ae8b5fd9a4d","D07","WALK","WALK.AOS.reach","2018-03-13T13:39Z","2018-07-24","WALK.20180313.SURBER.4",,,"ORISP1","Y","Oribatida sp.",,"suborder","Arthropoda","Chelicerata","Arachnida","Acari",,"Acariformes","Sarcoptiformes","Oribatida",,,,,,,,"sp.",,"adult",1,,2,38,5,"N","N",,"condition OK","Y",,"Thorp and Covich 2001","N","EcoAnalysts Inc.","A. Navesky",,,
"26b7213d-6d04-4008-97a0-b87e110028cd","D07","WALK","WALK.AOS.reach","2018-03-13T13:39Z","2018-07-24","WALK.20180313.SURBER.3",,,"PELSP1","Y","Peltoperlidae sp.",,"family","Arthropoda","Hexapoda","Insecta","Pterygota","Neoptera","Polyneoptera","Plecoptera","Systellognatha",,,"Peltoperlidae",,,,,"sp.",,"larva",1,,3,42,7,"Y","N",,"damaged, affecting measurement","Y",,"Stewart and Stark, 2002","N","EcoAnalysts Inc.","A. Navesky",,,
"213cad44-2c7e-4bbd-b9b4-686f78ff4da3","D07","WALK","WALK.AOS.reach","2018-03-13T13:39Z","2018-07-25","WALK.20180313.SURBER.6",,,"OULSP","Y","Oulimnius sp.",,"genus","Arthropoda","Hexapoda","Insecta","Pterygota","Neoptera","Holometabola","Coleoptera","Polyphaga","Elateriformia","Byrrhoidea","Elmidae","Elminae","Elmini",,"Oulimnius","sp.",,"adult",2,,1,78,1,"N","N",,"condition OK","Y",,"Merritt and Cummins 2008","N","EcoAnalysts Inc.","A. Navesky",,,
"c95f9cb2-0c98-46c7-a6f9-190e84021e68","D07","WALK","WALK.AOS.reach","2018-03-13T13:39Z","2018-08-16","WALK.20180313.SURBER.7",,,"NILFIM","Y","Nilotanypus fimbriatus",,"species","Arthropoda","Hexapoda","Insecta","Pterygota","Neoptera","Holometabola","Diptera","Nematocera","Culicomorpha",,"Chironomidae","Tanypodinae","Pentaneurini",,"Nilotanypus","fimbriatus",,"larva",1,,1,100,1,"N","N",,"condition OK","Y",,"Epler 2001","N","EcoAnalysts Inc.","G. Wallace",,,
"c8bc8677-4df9-427f-8262-21e04450d929","D07","WALK","WALK.AOS.reach","2018-03-13T13:39Z","2018-07-25","WALK.20180313.SURBER.5",,,"GOMSP","Y","Gomphidae sp.",,"family","Arthropoda","Hexapoda","Insecta","Pterygota","Palaeoptera",,"Odonata","Anisoptera",,,"Gomphidae",,,,,"sp.",,"larva",1,,1,100,1,"Y","N",,"condition OK","Y",,"Needham, Westfall and May 2000","N","EcoAnalysts Inc.","A. Navesky",,,
"9e3980eb-2267-499b-8942-32786ca25439","D07","WALK","WALK.AOS.reach","2018-03-13T13:39Z","2018-07-24","WALK.20180313.SURBER.4",,,"BEZSP1","Y","Bezzia/Palpomyia sp.",,"speciesGroup","Arthropoda","Hexapoda","Insecta","Pterygota","Neoptera","Holometabola","Diptera","Nematocera","Culicomorpha",,"Ceratopogonidae","Ceratopogoninae","Palpomyiini",,"Bezzia/Palpomyia","sp.",,"larva",3,,1,38,3,"N","N",,"condition OK","Y",,"Merritt and Cummins 2008","N","EcoAnalysts Inc.","A. Navesky",,,
"b83c9f84-4a3a-4a19-90d3-845114f383a3","D07","WALK","WALK.AOS.reach","2018-03-13T13:39Z","2018-08-16","WALK.20180313.SURBER.7",,,"NILFIM","Y","Nilotanypus fimbriatus",,"species","Arthropoda","Hexapoda","Insecta","Pterygota","Neoptera","Holometabola","Diptera","Nematocera","Culicomorpha",,"Chironomidae","Tanypodinae","Pentaneurini",,"Nilotanypus","fimbriatus",,"larva",3,,1,100,1,"N","N",,"condition OK","Y",,"Epler 2001","N","EcoAnalysts Inc.","G. Wallace",,,
"f5146d79-1204-404f-a032-8e4fbfd27539","D07","WALK","WALK.AOS.reach","2018-03-13T13:39Z","2018-07-24","WALK.20180313.SURBER.1",,,"GAMSP3","Y","Gammarus sp.",,"genus","Arthropoda","Crustacea","Malacostraca","Eumalacostraca",,"Peracarida","Amphipoda","Gammaridea",,,"Gammaridae",,,,"Gammarus","sp.",,"larva",7,,1,63,2,"N","N",,"condition OK","Y",,"Thorp and Covich 2001","Y","EcoAnalysts Inc.","A. Navesky",,,
"ae099918-9c0e-41aa-b5f1-7bf988720538","D07","WALK","WALK.AOS.reach","2018-03-13T13:39Z","2018-07-27","WALK.20180313.SURBER.6",,"WALK.20180313.SURBER.6_OLIGOCHAETE_1/2|WALK.20180313.SURBER.6_OLIGOCHAETE_2/2","LUMSP1","Y","Lumbricina sp.",,"suborder","Annelida","Clitellata","Oligochaeta","Oligochaeta",,,"Tubificida","Lumbricina",,,,,,,,"sp.",,"larva",10,,1,78,1,"N","N",,"condition OK","Y",,"Kathman and Brinkhurst, 1999","N","EcoAnalysts Inc.","L. Flaherty",,,
"262805cc-f9fe-4509-99cf-dc78436117f0","D07","WALK","WALK.AOS.reach","2018-03-13T13:39Z","2018-07-24","WALK.20180313.SURBER.2",,,"DIPHAG","Y","Diphetor hageni",,"species","Arthropoda","Hexapoda","Insecta","Pterygota","Palaeoptera",,"Ephemeroptera","Pisciforma",,,"Baetidae",,,,"Diphetor","hageni",,"larva",3,,1,31,3,"N","N",,"condition OK","Y",,"Merritt and Cummins 2008","N","EcoAnalysts Inc.","A. Navesky",,,
"8e106e90-c740-47d8-b2d3-003d0af2d403","D07","WALK","WALK.AOS.reach","2018-03-13T13:39Z","2018-07-24","WALK.20180313.SURBER.3",,,"DIPMOD","Y","Diplectrona modesta",,"species","Arthropoda","Hexapoda","Insecta","Pterygota","Neoptera","Holometabola","Trichoptera",,,"Hydropsychoidea","Hydropsychidae","Diplectroninae",,,"Diplectrona","modesta",,"larva",1,,1,42,2,"N","N",,"damaged, affecting measurement","Y",,"Wiggins 1996","N","EcoAnalysts Inc.","A. Navesky",,,
"6e93636a-a5d5-49e0-843e-88f3bfb5b066","D07","WALK","WALK.AOS.reach","2018-03-13T13:39Z","2018-07-24","WALK.20180313.SURBER.3",,,"CAPSP2","Y","Capniidae sp.",,"family","Arthropoda","Hexapoda","Insecta","Pterygota","Neoptera","Polyneoptera","Plecoptera","Euholognatha",,,"Capniidae",,,,,"sp.",,"larva",1,,3,42,7,"Y","N",,"condition OK","Y",,"Stewart and Stark, 2002","N","EcoAnalysts Inc.","A. Navesky",,,
"ad632684-cc15-4ee9-a6aa-f21f8f08731e","D07","WALK","WALK.AOS.reach","2018-03-13T13:39Z","2018-07-24","WALK.20180313.SURBER.3",,,"GOMSP","Y","Gomphidae sp.",,"family","Arthropoda","Hexapoda","Insecta","Pterygota","Palaeoptera",,"Odonata","Anisoptera",,,"Gomphidae",,,,,"sp.",,"larva",1,,1,42,2,"Y","N",,"condition OK","Y",,"Needham, Westfall and May 2000","N","EcoAnalysts Inc.","A. Navesky",,,
"62c9d616-ff03-4222-99c6-a54baa16d0ef","D07","WALK","WALK.AOS.reach","2018-03-13T13:39Z","2018-07-25","WALK.20180313.SURBER.6",,,"PSEHER","Y","Psephenus herricki",,"species","Arthropoda","Hexapoda","Insecta","Pterygota","Neoptera","Holometabola","Coleoptera","Polyphaga","Elateriformia","Byrrhoidea","Psephenidae","Psepheninae",,,"Psephenus","herricki",,"larva",5,,1,78,1,"N","N",,"condition OK","Y",,"Merritt and Cummins 2008","N","EcoAnalysts Inc.","A. Navesky",,,
"e999df79-2113-4d74-9418-bcf35a913f87","D07","WALK","WALK.AOS.reach","2018-03-13T13:39Z","2018-07-24","WALK.20180313.SURBER.3",,,"ANTSP9","Y","Antocha sp.",,"genus","Arthropoda","Hexapoda","Insecta","Pterygota","Neoptera","Holometabola","Diptera","Nematocera","Tipulomorpha",,"Tipulidae","Limoniinae","Limoniini",,"Antocha","sp.",,"pupa",4,,1,42,2,"N","N",,"condition OK","Y",,"Merritt and Cummins 2008","N","EcoAnalysts Inc.","A. Navesky",,,
"74b862ce-0be8-4b6a-884c-a2683ca758f3","D07","WALK","WALK.AOS.reach","2018-03-13T13:39Z","2018-07-25","WALK.20180313.SURBER.6",,,"AGASP4","Y","Agapetus sp.",,"genus","Arthropoda","Hexapoda","Insecta","Pterygota","Neoptera","Holometabola","Trichoptera",,,"Glossosomatoidea","Glossosomatidae","Agapetinae",,,"Agapetus","sp.",,"larva",4,,1,78,1,"N","N",,"condition OK","Y",,"Wiggins 1996","N","EcoAnalysts Inc.","A. Navesky",,,
"d3166cb2-6714-408f-85a4-a8c61ffe1d60","D07","WALK","WALK.AOS.reach","2018-03-13T13:39Z","2018-07-24","WALK.20180313.SURBER.3",,,"PLESP2","Y","Pleuroceridae sp.",,"family","Mollusca",,"Gastropoda",,,,"Neotaenioglossa",,,,"Pleuroceridae",,,,,"sp.",,"larva",5,,4,42,10,"Y","N",,"condition OK","Y",,"Thorp and Covich 2001","N","EcoAnalysts Inc.","A. Navesky",,,
"3df7f2dd-70b2-45f3-a88c-42ccc31f5f38","D07","WALK","WALK.AOS.reach","2018-03-13T13:39Z","2018-08-16","WALK.20180313.SURBER.4",,,"CHISP6","Y","Chironomini sp.",,"tribe","Arthropoda","Hexapoda","Insecta","Pterygota","Neoptera","Holometabola","Diptera","Nematocera","Culicomorpha",,"Chironomidae","Chironominae","Chironomini",,,"sp.",,"larva",1,,1,38,3,"Y","N",,"condition OK","N",,"Epler 2001","N","EcoAnalysts Inc.","G. Wallace",,,
"ee437f59-0b97-4ccb-9086-14ce9e6fa437","D07","WALK","WALK.AOS.reach","2018-03-13T13:39Z","2018-08-21","WALK.20180313.SURBER.1",,,"POLSP5","Y","Polycentropodidae sp.",,"family","Arthropoda","Hexapoda","Insecta","Pterygota","Neoptera","Holometabola","Trichoptera",,,"Hydropsychoidea","Polycentropodidae",,,,,"sp.",,"larva",2,,4,63,6,"Y","N",,"condition OK","N",,"Wiggins 1996","Y","EcoAnalysts Inc.","A. Navesky",,,
"90a2e2eb-e960-41cc-aa21-329c82f1d123","D07","WALK","WALK.AOS.reach","2018-03-13T13:39Z","2018-08-16","WALK.20180313.SURBER.4",,,"THIGRO","Y","Thienemannimyia gr.",,"speciesGroup","Arthropoda","Hexapoda","Insecta","Pterygota","Neoptera","Holometabola","Diptera","Nematocera","Culicomorpha",,"Chironomidae","Tanypodinae","Pentaneurini",,"Thienemannimyia","gr.",,"larva",2,,1,38,3,"N","N",,"condition OK","Y",,"Epler 2001","N","EcoAnalysts Inc.","G. Wallace",,,
"cfc70fe0-5fa2-4c00-b787-6652c1e42b7b","D07","WALK","WALK.AOS.reach","2018-03-13T13:39Z","2018-08-16","WALK.20180313.SURBER.6",,,"CORSP19","Y","Corynoneura sp.",,"genus","Arthropoda","Hexapoda","Insecta","Pterygota","Neoptera","Holometabola","Diptera","Nematocera","Culicomorpha",,"Chironomidae","Orthocladiinae",,,"Corynoneura","sp.",,"larva",1,,1,78,1,"N","N",,"condition OK","Y",,"Epler 2001","N","EcoAnalysts Inc.","G. Wallace",,,
"3ef5da85-9380-40ed-a3fe-eb927091f4fa","D07","WALK","WALK.AOS.reach","2018-03-13T13:39Z","2018-07-25","WALK.20180313.SURBER.6",,,"PSEHER","Y","Psephenus herricki",,"species","Arthropoda","Hexapoda","Insecta","Pterygota","Neoptera","Holometabola","Coleoptera","Polyphaga","Elateriformia","Byrrhoidea","Psephenidae","Psepheninae",,,"Psephenus","herricki",,"larva",6,,1,78,1,"N","N",,"condition OK","Y",,"Merritt and Cummins 2008","N","EcoAnalysts Inc.","A. Navesky",,,
"dabc2576-c6f4-43f6-9766-262c14db1a48","D07","WALK","WALK.AOS.reach","2018-03-13T13:39Z","2018-07-24","WALK.20180313.SURBER.1",,,"ANCBIC","Y","Anchytarsus bicolor",,"species","Arthropoda","Hexapoda","Insecta","Pterygota","Neoptera","Holometabola","Coleoptera","Polyphaga","Elateriformia","Byrrhoidea","Ptilodactylidae","Anchytarsinae",,,"Anchytarsus","bicolor",,"larva",8,,1,63,2,"N","N",,"condition OK","Y",,"Merritt and Cummins 2008","Y","EcoAnalysts Inc.","A. Navesky",,,
"49186b40-a11b-4cae-bd47-883a414c886a","D07","WALK","WALK.AOS.reach","2018-03-13T13:39Z","2018-08-15","WALK.20180313.SURBER.2",,"WALK.20180313.SURBER.2.PARAMETRIOCNEMUS SP.","PARSP26","Y","Parametriocnemus sp.",,"genus","Arthropoda","Hexapoda","Insecta","Pterygota","Neoptera","Holometabola","Diptera","Nematocera","Culicomorpha",,"Chironomidae","Orthocladiinae",,,"Parametriocnemus","sp.",,"larva",6,,1,31,3,"N","N",,"condition OK","Y",,"Epler 2001","N","EcoAnalysts Inc.","G. Wallace",,,
"cf570c25-ac92-48c0-a038-996d95ded133","D07","WALK","WALK.AOS.reach","2018-03-13T13:39Z","2018-07-24","WALK.20180313.SURBER.3",,,"BAETRI","Y","Baetis tricaudatus",,"species","Arthropoda","Hexapoda","Insecta","Pterygota","Palaeoptera",,"Ephemeroptera","Pisciforma",,,"Baetidae",,,,"Baetis","tricaudatus",,"larva",4,,1,42,2,"N","N",,"condition OK","Y",,"Wiersema 2004","N","EcoAnalysts Inc.","A. Navesky",,,
"15c6567c-41a2-43d5-87ca-8ca5b11af3cb","D07","WALK","WALK.AOS.reach","2018-03-13T13:39Z","2018-07-27","WALK.20180313.SURBER.6",,"WALK.20180313.SURBER.6_OLIGOCHAETE_2/2|WALK.20180313.SURBER.6_OLIGOCHAETE_1/2","NAISP","Y","Naididae sp.","tubificoid Naididae w/o cap setae","family","Annelida","Clitellata","Oligochaeta","Oligochaeta",,,"Tubificida",,,,"Naididae",,,,,"sp.",,"larva",10,,1,78,1,"N","N",,"damaged, affecting measurement","Y",,"Kathman and Brinkhurst, 1998","N","EcoAnalysts Inc.","L. Flaherty",,,
"2a4408e6-2406-4ecc-93be-93fc4886fb10","D07","WALK","WALK.AOS.reach","2018-03-13T13:39Z","2018-08-16","WALK.20180313.SURBER.3",,,"RHEEXI","Y","Rheotanytarsus exiguus gr.",,"speciesGroup","Arthropoda","Hexapoda","Insecta","Pterygota","Neoptera","Holometabola","Diptera","Nematocera","Culicomorpha",,"Chironomidae","Chironominae","Tanytarsini",,"Rheotanytarsus","exiguus gr.",,"larva",2,,4,42,10,"N","N",,"condition OK","Y",,"Epler 2001","N","EcoAnalysts Inc.","G. Wallace",,,
"ed2f341e-d848-48d5-9909-facd3fbfc8e7","D07","WALK","WALK.AOS.reach","2018-03-13T13:39Z","2018-07-24","WALK.20180313.SURBER.1",,,"NEOSP13","Y","Neophylax sp.",,"genus","Arthropoda","Hexapoda","Insecta","Pterygota","Neoptera","Holometabola","Trichoptera",,,"Limnephiloidea","Uenoidae","Thremmatinae",,,"Neophylax","sp.",,"larva",6,,1,63,2,"N","N",,"condition OK","Y",,"Wiggins 1996","Y","EcoAnalysts Inc.","A. Navesky",,,
"7f4df92c-f531-4011-8087-3418f015b22e","D07","WALK","WALK.AOS.reach","2018-03-13T13:39Z","2018-08-15","WALK.20180313.SURBER.2",,,"CORSP19","Y","Corynoneura sp.",,"genus","Arthropoda","Hexapoda","Insecta","Pterygota","Neoptera","Holometabola","Diptera","Nematocera","Culicomorpha",,"Chironomidae","Orthocladiinae",,,"Corynoneura","sp.",,"larva",2,,1,31,3,"N","N",,"condition OK","Y",,"Epler 2001","N","EcoAnalysts Inc.","G. Wallace",,,
"731f0f79-f5a0-47ee-a7ea-408fcae1def2","D07","WALK","WALK.AOS.reach","2018-03-13T13:39Z","2018-07-25","WALK.20180313.SURBER.5",,,"ECTSP2","Y","Ectopria sp.",,"genus","Arthropoda","Hexapoda","Insecta","Pterygota","Neoptera","Holometabola","Coleoptera","Polyphaga","Elateriformia","Byrrhoidea","Psephenidae","Eubriinae",,,"Ectopria","sp.",,"larva",5,,1,100,1,"N","N",,"condition OK","Y",,"Merritt and Cummins 2008","N","EcoAnalysts Inc.","A. Navesky",,,
"8c5929b1-3c74-4db0-a6b8-3f2928e40766","D07","WALK","WALK.AOS.reach","2018-03-13T13:39Z","2018-08-21","WALK.20180313.SURBER.1",,,"BAESP2","Y","Baetis sp.",,"genus","Arthropoda","Hexapoda","Insecta","Pterygota","Palaeoptera",,"Ephemeroptera","Pisciforma",,,"Baetidae",,,,"Baetis","sp.",,"larva",3,,1,63,2,"N","N",,"damaged, affecting taxonomy and measurement","N",,"Merritt and Cummins 2008","Y","EcoAnalysts Inc.","A. Navesky",,,
"7d777498-d27c-4b86-b057-d6e4b669ba77","D07","WALK","WALK.AOS.reach","2018-03-13T13:39Z","2018-07-24","WALK.20180313.SURBER.1",,,"DOLSP2","Y","Dolophilodes sp.",,"genus","Arthropoda","Hexapoda","Insecta","Pterygota","Neoptera","Holometabola","Trichoptera",,,"Philopotamoidea","Philopotamidae","Philopotaminae",,,"Dolophilodes","sp.",,"larva",3,,1,63,2,"N","N",,"condition OK","Y",,"Wiggins 1996","Y","EcoAnalysts Inc.","A. Navesky",,,
"f4f43629-fdac-4952-947e-c2f18ed162f7","D07","WALK","WALK.AOS.reach","2018-03-13T13:39Z","2018-07-24","WALK.20180313.SURBER.1",,,"GAMSP3","Y","Gammarus sp.",,"genus","Arthropoda","Crustacea","Malacostraca","Eumalacostraca",,"Peracarida","Amphipoda","Gammaridea",,,"Gammaridae",,,,"Gammarus","sp.",,"larva",2,,6,63,10,"N","N",,"condition OK","Y",,"Thorp and Covich 2001","Y","EcoAnalysts Inc.","A. Navesky",,,
"3e839201-911f-4161-94e2-911fbc2f67b3","D07","WALK","WALK.AOS.reach","2018-03-13T13:39Z","2018-07-24","WALK.20180313.SURBER.4",,,"DASSP2","Y","Dasyhelea sp.",,"genus","Arthropoda","Hexapoda","Insecta","Pterygota","Neoptera","Holometabola","Diptera","Nematocera","Culicomorpha",,"Ceratopogonidae","Dasyheleinae",,,"Dasyhelea","sp.",,"larva",2,,2,38,5,"N","N",,"condition OK","Y",,"Merritt and Cummins 2008","N","EcoAnalysts Inc.","A. Navesky",,,
"fe3c1cf7-a687-4717-8f30-81327ea3c2b9","D07","WALK","WALK.AOS.reach","2018-03-13T13:39Z","2018-08-15","WALK.20180313.SURBER.1",,"WALK.20180313.SURBER.1.RHEOTANYTARSUS EXIGUUS GR.","RHEEXI","Y","Rheotanytarsus exiguus gr.",,"speciesGroup","Arthropoda","Hexapoda","Insecta","Pterygota","Neoptera","Holometabola","Diptera","Nematocera","Culicomorpha",,"Chironomidae","Chironominae","Tanytarsini",,"Rheotanytarsus","exiguus gr.",,"larva",1,,3,63,5,"N","N",,"damaged, affecting measurement","Y",,"Epler 2001","Y","EcoAnalysts Inc.","G. Wallace",,,
"e7247e3d-62c6-472f-8891-3618dca89749","D07","WALK","WALK.AOS.reach","2018-03-13T13:39Z","2018-07-27","WALK.20180313.SURBER.5",,"WALK.20180313.SURBER.5_OLIGOCHAETE_1/1","NAISP","Y","Naididae sp.","tubificoid Naididae w/o cap setae","family","Annelida","Clitellata","Oligochaeta","Oligochaeta",,,"Tubificida",,,,"Naididae",,,,,"sp.",,"larva",2,,1,100,1,"N","N",,"condition OK","Y",,"Kathman and Brinkhurst, 1998","N","EcoAnalysts Inc.","L. Flaherty",,,
"b7cdecae-39b5-45b3-b9ba-3141d08693b1","D07","WALK","WALK.AOS.reach","2018-03-13T13:39Z","2018-08-16","WALK.20180313.SURBER.4",,,"TANSP11","Y","Tanytarsus sp.",,"genus","Arthropoda","Hexapoda","Insecta","Pterygota","Neoptera","Holometabola","Diptera","Nematocera","Culicomorpha",,"Chironomidae","Chironominae","Tanytarsini",,"Tanytarsus","sp.",,"larva",2,,6,38,16,"N","N",,"condition OK","Y",,"Epler 2001","N","EcoAnalysts Inc.","G. Wallace",,,
"df316757-3d1c-44d1-8297-fe0ab56bb2c5","D07","WALK","WALK.AOS.reach","2018-03-13T13:39Z","2018-08-16","WALK.20180313.SURBER.6",,,"THIGRO","Y","Thienemannimyia gr.",,"speciesGroup","Arthropoda","Hexapoda","Insecta","Pterygota","Neoptera","Holometabola","Diptera","Nematocera","Culicomorpha",,"Chironomidae","Tanypodinae","Pentaneurini",,"Thienemannimyia","gr.",,"larva",3,,1,78,1,"N","N",,"condition OK","Y",,"Epler 2001","N","EcoAnalysts Inc.","G. Wallace",,,
"200fa20e-6661-44ab-82cf-e8b08c999c44","D07","WALK","WALK.AOS.reach","2018-03-13T13:39Z","2018-08-16","WALK.20180313.SURBER.4",,,"STESP10","Y","Stempellinella sp.",,"genus","Arthropoda","Hexapoda","Insecta","Pterygota","Neoptera","Holometabola","Diptera","Nematocera","Culicomorpha",,"Chironomidae","Chironominae","Tanytarsini",,"Stempellinella","sp.",,"larva",2,,2,38,5,"N","N",,"condition OK","Y",,"Epler 2001","N","EcoAnalysts Inc.","G. Wallace",,,
"066cd2db-00cd-43c0-964b-99feabd8e1dc","D07","WALK","WALK.AOS.reach","2018-03-13T13:39Z","2018-07-25","WALK.20180313.SURBER.6",,,"POLSP12","Y","Polycentropus sp.",,"genus","Arthropoda","Hexapoda","Insecta","Pterygota","Neoptera","Holometabola","Trichoptera",,,"Hydropsychoidea","Polycentropodidae","Polycentropodinae",,,"Polycentropus","sp.",,"larva",4,,1,78,1,"N","N",,"condition OK","Y",,"Wiggins 1996","N","EcoAnalysts Inc.","A. Navesky",,,
"b627849d-8fc2-4d73-82a4-8269e956aecb","D07","WALK","WALK.AOS.reach","2018-03-13T13:39Z","2018-07-24","WALK.20180313.SURBER.3",,,"LEPSP4","Y","Leptophlebiidae sp.",,"family","Arthropoda","Hexapoda","Insecta","Pterygota","Palaeoptera",,"Ephemeroptera","Furcatergalia","Lanceolata",,"Leptophlebiidae",,,,,"sp.",,"larva",1,,1,42,2,"N","N",,"damaged, affecting taxonomy and measurement","Y",,"Merritt and Cummins 2008","N","EcoAnalysts Inc.","A. Navesky",,,
"fcb664f5-8617-4dd9-8f26-f65b6922295d","D07","WALK","WALK.AOS.reach","2018-03-13T13:39Z","2018-07-25","WALK.20180313.SURBER.6",,,"EURSP4","Y","Eurylophella sp.",,"genus","Arthropoda","Hexapoda","Insecta","Pterygota","Palaeoptera",,"Ephemeroptera","Furcatergalia","Pannota","Ephemerelloidea","Ephemerellidae",,,,"Eurylophella","sp.",,"larva",1,,1,78,1,"Y","N",,"condition OK","Y",,"Merritt and Cummins 2008","N","EcoAnalysts Inc.","A. Navesky",,,
"a9a2883c-b2b3-48cb-8b06-71c4de6bcc93","D07","WALK","WALK.AOS.reach","2018-03-13T13:39Z","2018-07-24","WALK.20180313.SURBER.4",,,"EPHSP4","Y","Ephemerella sp.",,"genus","Arthropoda","Hexapoda","Insecta","Pterygota","Palaeoptera",,"Ephemeroptera","Furcatergalia","Pannota","Ephemerelloidea","Ephemerellidae",,,,"Ephemerella","sp.",,"larva",2,,1,38,3,"Y","N",,"condition OK","Y",,"Merritt and Cummins 2008","N","EcoAnalysts Inc.","A. Navesky",,,
"2d7eb303-2130-42ef-b6ca-cef09393a3f8","D07","WALK","WALK.AOS.reach","2018-03-13T13:39Z","2018-07-25","WALK.20180313.SURBER.5",,,"PELSP1","Y","Peltoperlidae sp.",,"family","Arthropoda","Hexapoda","Insecta","Pterygota","Neoptera","Polyneoptera","Plecoptera","Systellognatha",,,"Peltoperlidae",,,,,"sp.",,"larva",1,,7,100,7,"Y","N",,"condition OK","Y",,"Stewart and Stark, 2002","N","EcoAnalysts Inc.","A. Navesky",,,
"68f922a2-d4ee-4b6c-a410-92e79e144ee7","D07","WALK","WALK.AOS.reach","2018-03-13T13:39Z","2018-07-25","WALK.20180313.SURBER.5",,,"DIPMOD","Y","Diplectrona modesta",,"species","Arthropoda","Hexapoda","Insecta","Pterygota","Neoptera","Holometabola","Trichoptera",,,"Hydropsychoidea","Hydropsychidae","Diplectroninae",,,"Diplectrona","modesta",,"larva",11,,1,100,1,"N","N",,"condition OK","Y",,"Wiggins 1996","N","EcoAnalysts Inc.","A. Navesky",,,
"7e1da9fa-583d-4586-87f7-9d912ca70eaa","D07","WALK","WALK.AOS.reach","2018-03-13T13:39Z","2018-07-24","WALK.20180313.SURBER.3",,,"PLESP2","Y","Pleuroceridae sp.",,"family","Mollusca",,"Gastropoda",,,,"Neotaenioglossa",,,,"Pleuroceridae",,,,,"sp.",,"larva",1,,2,42,5,"Y","N",,"condition OK","Y",,"Thorp and Covich 2001","N","EcoAnalysts Inc.","A. Navesky",,,
"94368541-96f1-4428-a492-e963d3803952","D07","WALK","WALK.AOS.reach","2018-03-13T13:39Z","2018-07-24","WALK.20180313.SURBER.1",,,"PSEHER","Y","Psephenus herricki",,"species","Arthropoda","Hexapoda","Insecta","Pterygota","Neoptera","Holometabola","Coleoptera","Polyphaga","Elateriformia","Byrrhoidea","Psephenidae","Psepheninae",,,"Psephenus","herricki",,"larva",1,,1,63,2,"N","N",,"condition OK","Y",,"Merritt and Cummins 2008","Y","EcoAnalysts Inc.","A. Navesky",,,
"2a7e4b3f-b695-425a-9a09-f4b4e393978e","D07","WALK","WALK.AOS.reach","2018-03-13T13:39Z","2018-07-24","WALK.20180313.SURBER.4",,,"PELSP1","Y","Peltoperlidae sp.",,"family","Arthropoda","Hexapoda","Insecta","Pterygota","Neoptera","Polyneoptera","Plecoptera","Systellognatha",,,"Peltoperlidae",,,,,"sp.",,"larva",1,,51,38,136,"Y","N",,"condition OK","Y",,"Stewart and Stark, 2002","N","EcoAnalysts Inc.","A. Navesky",,,
"38d66ad7-4efe-4eeb-b50e-e73710f40300","D07","WALK","WALK.AOS.reach","2018-03-13T13:39Z","2018-08-15","WALK.20180313.SURBER.2",,,"POLAVI","Y","Polypedilum aviceps",,"species","Arthropoda","Hexapoda","Insecta","Pterygota","Neoptera","Holometabola","Diptera","Nematocera","Culicomorpha",,"Chironomidae","Chironominae","Chironomini",,"Polypedilum","aviceps",,"larva",1,,1,31,3,"N","N",,"condition OK","Y",,"Maschwitz and Cook 2000","N","EcoAnalysts Inc.","G. Wallace",,,
"23f45e1e-1f71-4816-ad9e-52bc3a2caa75","D07","WALK","WALK.AOS.reach","2018-03-13T13:39Z","2018-07-24","WALK.20180313.SURBER.1",,,"PLESP2","Y","Pleuroceridae sp.",,"family","Mollusca",,"Gastropoda",,,,"Neotaenioglossa",,,,"Pleuroceridae",,,,,"sp.",,"larva",7,,4,63,6,"Y","N",,"condition OK","Y",,"Thorp and Covich 2001","Y","EcoAnalysts Inc.","A. Navesky",,,
"51752d27-9152-4d2e-ad67-2c8ec05ab285","D07","WALK","WALK.AOS.reach","2018-03-13T13:39Z","2018-07-25","WALK.20180313.SURBER.6",,,"TURSP","Y","Turbellaria sp.",,"class","Platyhelminthes",,"Turbellaria",,,,,,,,,,,,,"sp.",,"larva",1,,3,78,4,"N","N",,"condition OK","Y",,"Thorp and Covich 2001","N","EcoAnalysts Inc.","A. Navesky",,,
"fb0b842b-a564-425b-a76c-6d878457bb15","D07","WALK","WALK.AOS.reach","2018-03-13T13:39Z","2018-07-25","WALK.20180313.SURBER.6",,,"PYCSP1","Y","Pycnopsyche sp.",,"genus","Arthropoda","Hexapoda","Insecta","Pterygota","Neoptera","Holometabola","Trichoptera",,,"Limnephiloidea","Limnephilidae","Limnephilinae","Stenophylacini",,"Pycnopsyche","sp.",,"larva",28,,1,78,1,"N","N",,"condition OK","Y",,"Wiggins 1996","N","EcoAnalysts Inc.","A. Navesky",,,
"d82ea33d-551e-40d0-a263-dffa78d90e19","D07","WALK","WALK.AOS.reach","2018-03-13T13:39Z","2018-07-24","WALK.20180313.SURBER.4",,,"DASSP2","Y","Dasyhelea sp.",,"genus","Arthropoda","Hexapoda","Insecta","Pterygota","Neoptera","Holometabola","Diptera","Nematocera","Culicomorpha",,"Ceratopogonidae","Dasyheleinae",,,"Dasyhelea","sp.",,"larva",1,,1,38,3,"N","N",,"condition OK","Y",,"Merritt and Cummins 2008","N","EcoAnalysts Inc.","A. Navesky",,,
"478ac2f1-810e-4fca-833c-b5c2fb9fb0e7","D07","WALK","WALK.AOS.reach","2018-03-13T13:39Z","2018-07-24","WALK.20180313.SURBER.2",,,"BAESP","Y","Baetidae sp.",,"family","Arthropoda","Hexapoda","Insecta","Pterygota","Palaeoptera",,"Ephemeroptera","Pisciforma",,,"Baetidae",,,,,"sp.",,"larva",1,,1,31,3,"Y","N",,"damaged, affecting measurement","N",,"Merritt and Cummins 2008","N","EcoAnalysts Inc.","A. Navesky",,,
"b89988be-c77c-4a1c-9b52-876abe8e44f4","D07","WALK","WALK.AOS.reach","2018-03-13T13:39Z","2018-07-25","WALK.20180313.SURBER.6",,,"ECTSP2","Y","Ectopria sp.",,"genus","Arthropoda","Hexapoda","Insecta","Pterygota","Neoptera","Holometabola","Coleoptera","Polyphaga","Elateriformia","Byrrhoidea","Psephenidae","Eubriinae",,,"Ectopria","sp.",,"larva",6,,1,78,1,"N","N",,"condition OK","Y",,"Merritt and Cummins 2008","N","EcoAnalysts Inc.","A. Navesky",,,
"5d37ec14-e767-4472-8244-747aff823d80","D07","WALK","WALK.AOS.reach","2018-03-13T13:39Z","2018-07-25","WALK.20180313.SURBER.5",,,"ACASP1","Y","Acari sp.",,"subclass","Arthropoda","Chelicerata","Arachnida","Acari",,,,,,,,,,,,"sp.",,"adult",1,,1,100,1,"N","N",,"damaged, affecting taxonomy","Y",,"Thorp and Covich 2001","N","EcoAnalysts Inc.","A. Navesky",,,
"53302c15-ba94-4258-beb8-b2d33d710e36","D07","WALK","WALK.AOS.reach","2018-03-13T13:39Z","2018-07-25","WALK.20180313.SURBER.6",,,"EURSP4","Y","Eurylophella sp.",,"genus","Arthropoda","Hexapoda","Insecta","Pterygota","Palaeoptera",,"Ephemeroptera","Furcatergalia","Pannota","Ephemerelloidea","Ephemerellidae",,,,"Eurylophella","sp.",,"larva",3,,1,78,1,"Y","N",,"condition OK","Y",,"Merritt and Cummins 2008","N","EcoAnalysts Inc.","A. Navesky",,,
"2aa5d057-5d83-43b5-b74a-0b2fb295abd2","D07","WALK","WALK.AOS.reach","2018-03-13T13:39Z","2018-08-21","WALK.20180313.SURBER.8",,,"LEUSP2","Y","Leuctridae sp.",,"family","Arthropoda","Hexapoda","Insecta","Pterygota","Neoptera","Polyneoptera","Plecoptera","Euholognatha",,,"Leuctridae",,,,,"sp.",,"larva",2,,24,100,24,"Y","N",,"condition OK","Y",,"Stewart and Stark, 2002","N","EcoAnalysts Inc.","A. Navesky",,,
"154df3c0-b2ac-4779-a6e6-84b6a133ff0a","D07","WALK","WALK.AOS.reach","2018-03-13T13:39Z","2018-07-24","WALK.20180313.SURBER.1",,,"PLESP2","Y","Pleuroceridae sp.",,"family","Mollusca",,"Gastropoda",,,,"Neotaenioglossa",,,,"Pleuroceridae",,,,,"sp.",,"larva",8,,3,63,5,"Y","N",,"condition OK","Y",,"Thorp and Covich 2001","Y","EcoAnalysts Inc.","A. Navesky",,,
"8a87ddb0-e136-499a-8966-c232b38e8af0","D07","WALK","WALK.AOS.reach","2018-03-13T13:39Z","2018-07-25","WALK.20180313.SURBER.6",,,"GAMSP3","Y","Gammarus sp.",,"genus","Arthropoda","Crustacea","Malacostraca","Eumalacostraca",,"Peracarida","Amphipoda","Gammaridea",,,"Gammaridae",,,,"Gammarus","sp.",,"larva",1,,3,78,4,"N","N",,"condition OK","Y",,"Thorp and Covich 2001","N","EcoAnalysts Inc.","A. Navesky",,,
"1418e6e0-4e95-4ffa-b659-e5aa39afb757","D07","WALK","WALK.AOS.reach","2018-03-13T13:39Z","2018-08-16","WALK.20180313.SURBER.4",,,"THISP2","Y","Thienemanniella sp.",,"genus","Arthropoda","Hexapoda","Insecta","Pterygota","Neoptera","Holometabola","Diptera","Nematocera","Culicomorpha",,"Chironomidae","Orthocladiinae",,,"Thienemanniella","sp.",,"larva",3,,1,38,3,"N","N",,"condition OK","Y",,"Epler 2001","N","EcoAnalysts Inc.","G. Wallace",,,
"7e9fffda-cca1-4444-9983-299e558c46dd","D07","WALK","WALK.AOS.reach","2018-03-13T13:39Z","2018-07-24","WALK.20180313.SURBER.1",,,"PLESP2","Y","Pleuroceridae sp.",,"family","Mollusca",,"Gastropoda",,,,"Neotaenioglossa",,,,"Pleuroceridae",,,,,"sp.",,"larva",5,,4,63,6,"Y","N",,"condition OK","Y",,"Thorp and Covich 2001","Y","EcoAnalysts Inc.","A. Navesky",,,
"16e95bf1-4207-44c6-8caf-5267de3d143a","D07","WALK","WALK.AOS.reach","2018-03-13T13:39Z","2018-07-24","WALK.20180313.SURBER.4",,,"AGASP4","Y","Agapetus sp.",,"genus","Arthropoda","Hexapoda","Insecta","Pterygota","Neoptera","Holometabola","Trichoptera",,,"Glossosomatoidea","Glossosomatidae","Agapetinae",,,"Agapetus","sp.",,"larva",5,,1,38,3,"N","N",,"condition OK","Y",,"Wiggins 1996","N","EcoAnalysts Inc.","A. Navesky",,,
"cad4c6aa-23a7-4b1d-9aac-c4a98faf659a","D07","WALK","WALK.AOS.reach","2018-03-13T13:39Z","2018-07-24","WALK.20180313.SURBER.4",,,"GAMSP3","Y","Gammarus sp.",,"genus","Arthropoda","Crustacea","Malacostraca","Eumalacostraca",,"Peracarida","Amphipoda","Gammaridea",,,"Gammaridae",,,,"Gammarus","sp.",,"larva",7,,1,38,3,"N","N",,"condition OK","Y",,"Thorp and Covich 2001","N","EcoAnalysts Inc.","A. Navesky",,,
"5635432e-a7ed-4a17-ab15-cee391921ace","D07","WALK","WALK.AOS.reach","2018-03-13T13:39Z","2018-08-16","WALK.20180313.SURBER.5",,,"TANSP11","Y","Tanytarsus sp.",,"genus","Arthropoda","Hexapoda","Insecta","Pterygota","Neoptera","Holometabola","Diptera","Nematocera","Culicomorpha",,"Chironomidae","Chironominae","Tanytarsini",,"Tanytarsus","sp.",,"larva",2,,7,100,7,"N","N",,"condition OK","Y",,"Epler 2001","N","EcoAnalysts Inc.","G. Wallace",,,
"1ec6ef21-a7a7-4dd6-b324-7f1379f0e80e","D07","WALK","WALK.AOS.reach","2018-03-13T13:39Z","2018-07-24","WALK.20180313.SURBER.2",,,"CHLSP","Y","Chloroperlidae sp.",,"family","Arthropoda","Hexapoda","Insecta","Pterygota","Neoptera","Polyneoptera","Plecoptera","Systellognatha",,,"Chloroperlidae",,,,,"sp.",,"larva",1,,8,31,26,"Y","N",,"condition OK","Y",,"Stewart and Stark, 2002","N","EcoAnalysts Inc.","A. Navesky",,,
"aef05cec-5514-45df-a74d-83a2bae5033f","D07","WALK","WALK.AOS.reach","2018-03-13T13:39Z","2018-08-21","WALK.20180313.SURBER.2",,,"LEUSP2","Y","Leuctridae sp.",,"family","Arthropoda","Hexapoda","Insecta","Pterygota","Neoptera","Polyneoptera","Plecoptera","Euholognatha",,,"Leuctridae",,,,,"sp.",,"larva",1,,21,31,67,"Y","N",,"condition OK","N",,"Stewart and Stark, 2002","N","EcoAnalysts Inc.","A. Navesky",,,
"65a31717-c78e-4974-93eb-72e308657e94","D07","WALK","WALK.AOS.reach","2018-03-13T13:39Z","2018-07-25","WALK.20180313.SURBER.8",,,"GAMSP3","Y","Gammarus sp.",,"genus","Arthropoda","Crustacea","Malacostraca","Eumalacostraca",,"Peracarida","Amphipoda","Gammaridea",,,"Gammaridae",,,,"Gammarus","sp.",,"larva",2,,7,100,7,"N","N",,"condition OK","Y",,"Thorp and Covich 2001","N","EcoAnalysts Inc.","A. Navesky",,,
"bb85d6d7-6a66-4399-8c84-3af658b63fe0","D07","WALK","WALK.AOS.reach","2018-03-13T13:39Z","2018-07-24","WALK.20180313.SURBER.4",,,"SIMSP1","Y","Simulium sp.",,"genus","Arthropoda","Hexapoda","Insecta","Pterygota","Neoptera","Holometabola","Diptera","Nematocera","Culicomorpha",,"Simuliidae","Simuliinae","Simuliini",,"Simulium","sp.",,"larva",1,,2,38,5,"N","N",,"condition OK","Y",,"Merritt and Cummins 2008","N","EcoAnalysts Inc.","A. Navesky",,,
"1a3833de-acd3-4887-a89d-8d90789041ed","D07","WALK","WALK.AOS.reach","2018-03-13T13:39Z","2018-07-24","WALK.20180313.SURBER.2",,,"GAMSP3","Y","Gammarus sp.",,"genus","Arthropoda","Crustacea","Malacostraca","Eumalacostraca",,"Peracarida","Amphipoda","Gammaridea",,,"Gammaridae",,,,"Gammarus","sp.",,"larva",6,,3,31,10,"N","N",,"condition OK","Y",,"Thorp and Covich 2001","N","EcoAnalysts Inc.","A. Navesky",,,
"388dc295-0763-45c6-b642-6d68852c421d","D07","WALK","WALK.AOS.reach","2018-03-13T13:39Z","2018-07-25","WALK.20180313.SURBER.7",,,"POLSP12","Y","Polycentropus sp.",,"genus","Arthropoda","Hexapoda","Insecta","Pterygota","Neoptera","Holometabola","Trichoptera",,,"Hydropsychoidea","Polycentropodidae","Polycentropodinae",,,"Polycentropus","sp.",,"larva",3,,1,100,1,"N","N",,"condition OK","Y",,"Wiggins 1996","N","EcoAnalysts Inc.","A. Navesky",,,
"519cb11c-0a65-478d-abb4-a334841180b1","D07","WALK","WALK.AOS.reach","2018-03-13T13:39Z","2018-07-24","WALK.20180313.SURBER.2",,,"DIPMOD","Y","Diplectrona modesta",,"species","Arthropoda","Hexapoda","Insecta","Pterygota","Neoptera","Holometabola","Trichoptera",,,"Hydropsychoidea","Hydropsychidae","Diplectroninae",,,"Diplectrona","modesta",,"larva",11,,1,31,3,"N","N",,"condition OK","Y",,"Wiggins 1996","N","EcoAnalysts Inc.","A. Navesky",,,
"c7a6dadc-35e1-46ee-9216-b9ec5f0cda62","D07","WALK","WALK.AOS.reach","2018-03-13T13:39Z","2018-07-27","WALK.20180313.SURBER.6",,"WALK.20180313.SURBER.6_OLIGOCHAETE_1/2|WALK.20180313.SURBER.6_OLIGOCHAETE_2/2","ENCSP1","Y","Enchytraeidae sp.",,"family","Annelida","Clitellata","Oligochaeta","Oligochaeta",,,"Enchytraeida",,,,"Enchytraeidae",,,,,"sp.",,"larva",1,,1,78,1,"N","N",,"damaged, affecting measurement","Y",,"Kathman and Brinkhurst, 1999","N","EcoAnalysts Inc.","L. Flaherty",,,
"a0c6096f-5d36-4b0f-9824-5afb6064312a","D07","WALK","WALK.AOS.reach","2018-03-13T13:39Z","2018-07-24","WALK.20180313.SURBER.2",,,"HEMSP4","Y","Hemerodromia sp.",,"genus","Arthropoda","Hexapoda","Insecta","Pterygota","Neoptera","Holometabola","Diptera","Brachycera","Muscomorpha",,"Empididae","Hemerodromiinae","Hemerodromiini",,"Hemerodromia","sp.",,"larva",2,,1,31,3,"N","N",,"condition OK","Y",,"Merritt and Cummins 2008","N","EcoAnalysts Inc.","A. Navesky",,,
"6b0d8eb6-5cdd-4b37-911e-8ee52eff1b02","D07","WALK","WALK.AOS.reach","2018-03-13T13:39Z","2018-08-16","WALK.20180313.SURBER.4",,,"TVEBAV","Y","Tvetenia bavarica gr.",,"speciesGroup","Arthropoda","Hexapoda","Insecta","Pterygota","Neoptera","Holometabola","Diptera","Nematocera","Culicomorpha",,"Chironomidae","Orthocladiinae",,,"Tvetenia","bavarica gr.",,"larva",1,,1,38,3,"N","N",,"condition OK","Y",,"Epler 2001","N","EcoAnalysts Inc.","G. Wallace",,,
"218de8f5-172f-4b36-aeeb-d60d25e0a4e5","D07","WALK","WALK.AOS.reach","2018-03-13T13:39Z","2018-07-24","WALK.20180313.SURBER.3",,,"TESSP1","Y","Testudacarus sp.",,"genus","Arthropoda","Chelicerata","Arachnida","Acari",,"Acariformes","Trombidiformes","Prostigmata",,"Lebertioidea","Torrenticolidae",,,,"Testudacarus","sp.",,"adult",1,,1,42,2,"N","N",,"condition OK","Y",,"Thorp and Covich 2001","N","EcoAnalysts Inc.","A. Navesky",,,
"ba54843a-dbf5-46ec-9be9-1dfef6cdf4e0","D07","WALK","WALK.AOS.reach","2018-03-13T13:39Z","2018-07-24","WALK.20180313.SURBER.4",,,"LEBSP1","Y","Lebertia sp.",,"genus","Arthropoda","Chelicerata","Arachnida","Acari",,"Acariformes","Trombidiformes","Prostigmata",,"Lebertioidea","Lebertiidae",,,,"Lebertia","sp.",,"adult",1,,1,38,3,"N","N",,"condition OK","Y",,"Thorp and Covich 2001","N","EcoAnalysts Inc.","A. Navesky",,,
"855e288e-29ee-4453-80cc-5007e990ce46","D07","WALK","WALK.AOS.reach","2018-03-13T13:39Z","2018-08-16","WALK.20180313.SURBER.3",,,"TANSP11","Y","Tanytarsus sp.",,"genus","Arthropoda","Hexapoda","Insecta","Pterygota","Neoptera","Holometabola","Diptera","Nematocera","Culicomorpha",,"Chironomidae","Chironominae","Tanytarsini",,"Tanytarsus","sp.",,"larva",3,,2,42,5,"N","N",,"condition OK","Y",,"Epler 2001","N","EcoAnalysts Inc.","G. Wallace",,,
"239597d3-d82b-41a8-b03f-acea084eb458","D07","WALK","WALK.AOS.reach","2018-03-13T13:39Z","2018-07-24","WALK.20180313.SURBER.4",,,"PLESP2","Y","Pleuroceridae sp.",,"family","Mollusca",,"Gastropoda",,,,"Neotaenioglossa",,,,"Pleuroceridae",,,,,"sp.",,"larva",6,,1,38,3,"Y","N",,"condition OK","N",,"Thorp and Covich 2001","N","EcoAnalysts Inc.","A. Navesky",,,
"cdd979cf-b82d-4638-be8f-33a7b953171e","D07","WALK","WALK.AOS.reach","2018-03-13T13:39Z","2018-07-25","WALK.20180313.SURBER.5",,,"BEZSP1","Y","Bezzia/Palpomyia sp.",,"speciesGroup","Arthropoda","Hexapoda","Insecta","Pterygota","Neoptera","Holometabola","Diptera","Nematocera","Culicomorpha",,"Ceratopogonidae","Ceratopogoninae","Palpomyiini",,"Bezzia/Palpomyia","sp.",,"larva",3,,1,100,1,"N","N",,"condition OK","Y",,"Merritt and Cummins 2008","N","EcoAnalysts Inc.","A. Navesky",,,
"f857d6b0-1589-4971-8639-f5695e3e953b","D07","WALK","WALK.AOS.reach","2018-03-13T13:39Z","2018-07-24","WALK.20180313.SURBER.3",,,"TALSP1","Y","Tallaperla sp.",,"genus","Arthropoda","Hexapoda","Insecta","Pterygota","Neoptera","Polyneoptera","Plecoptera","Systellognatha",,,"Peltoperlidae","Peltoperlinae",,,"Tallaperla","sp.",,"larva",4,,1,42,2,"N","N",,"damaged, affecting measurement","Y",,"Stewart and Stark, 2002","N","EcoAnalysts Inc.","A. Navesky",,,
"f41e4744-8d8d-48ff-aed5-b29695bcab58","D07","WALK","WALK.AOS.reach","2018-03-13T13:39Z","2018-07-27","WALK.20180313.SURBER.6",,"WALK.20180313.SURBER.6_OLIGOCHAETE_2/2|WALK.20180313.SURBER.6_OLIGOCHAETE_1/2","LUMSP2","Y","Lumbriculidae sp.",,"family","Annelida","Clitellata","Oligochaeta","Oligochaeta",,,"Lumbriculida",,,,"Lumbriculidae",,,,,"sp.",,"larva",15,,1,78,1,"N","N",,"damaged, affecting measurement","Y",,"Kathman and Brinkhurst, 1999","N","EcoAnalysts Inc.","L. Flaherty",,,
"3f91fdf9-760a-4af5-8be1-36b99b15568c","D07","WALK","WALK.AOS.reach","2018-03-13T13:39Z","2018-08-16","WALK.20180313.SURBER.3",,,"RHEEXI","Y","Rheotanytarsus exiguus gr.",,"speciesGroup","Arthropoda","Hexapoda","Insecta","Pterygota","Neoptera","Holometabola","Diptera","Nematocera","Culicomorpha",,"Chironomidae","Chironominae","Tanytarsini",,"Rheotanytarsus","exiguus gr.",,"larva",1,,1,42,2,"N","N",,"damaged, affecting measurement","Y",,"Epler 2001","N","EcoAnalysts Inc.","G. Wallace",,,
"28a9ba4c-1034-450d-a3ac-892f77433a64","D07","WALK","WALK.AOS.reach","2018-03-13T13:39Z","2018-08-21","WALK.20180313.SURBER.6",,,"LEUSP2","Y","Leuctridae sp.",,"family","Arthropoda","Hexapoda","Insecta","Pterygota","Neoptera","Polyneoptera","Plecoptera","Euholognatha",,,"Leuctridae",,,,,"sp.",,"larva",2,,43,78,55,"Y","N",,"condition OK","N",,"Stewart and Stark, 2002","N","EcoAnalysts Inc.","A. Navesky",,,
"6efa721f-e1e4-41cb-b1c0-023598c21dba","D07","WALK","WALK.AOS.reach","2018-03-13T13:39Z","2018-07-24","WALK.20180313.SURBER.2",,,"DIPMOD","Y","Diplectrona modesta",,"species","Arthropoda","Hexapoda","Insecta","Pterygota","Neoptera","Holometabola","Trichoptera",,,"Hydropsychoidea","Hydropsychidae","Diplectroninae",,,"Diplectrona","modesta",,"larva",14,,1,31,3,"N","N",,"condition OK","Y",,"Wiggins 1996","N","EcoAnalysts Inc.","A. Navesky",,,
"88e78213-e952-428a-87fe-3022d70362fd","D07","WALK","WALK.AOS.reach","2018-03-13T13:39Z","2018-07-24","WALK.20180313.SURBER.2",,,"POLSP12","Y","Polycentropus sp.",,"genus","Arthropoda","Hexapoda","Insecta","Pterygota","Neoptera","Holometabola","Trichoptera",,,"Hydropsychoidea","Polycentropodidae","Polycentropodinae",,,"Polycentropus","sp.",,"larva",2,,4,31,13,"N","N",,"condition OK","Y",,"Wiggins 1996","N","EcoAnalysts Inc.","A. Navesky",,,
"77ff7211-8432-4e37-9bca-a45211e7c8bd","D07","WALK","WALK.AOS.reach","2018-03-13T13:39Z","2018-08-16","WALK.20180313.SURBER.6",,,"TRISP16","Y","Trissopelopia sp.",,"genus","Arthropoda","Hexapoda","Insecta","Pterygota","Neoptera","Holometabola","Diptera","Nematocera","Culicomorpha",,"Chironomidae","Tanypodinae","Pentaneurini",,"Trissopelopia","sp.",,"larva",3,,1,78,1,"N","N",,"condition OK","Y",,"Epler 2001","N","EcoAnalysts Inc.","G. Wallace",,,
"9118e423-8108-4e59-929b-bc500610f4f3","D07","WALK","WALK.AOS.reach","2018-03-13T13:39Z","2018-07-24","WALK.20180313.SURBER.3",,,"OCHSP1","Y","Ochrotrichia sp.",,"genus","Arthropoda","Hexapoda","Insecta","Pterygota","Neoptera","Holometabola","Trichoptera",,,"Hydroptiloidea","Hydroptilidae","Hydroptilinae","Ochrotrichiini",,"Ochrotrichia","sp.",,"larva",2,,3,42,7,"N","N",,"condition OK","Y",,"Wiggins 1996","N","EcoAnalysts Inc.","A. Navesky",,,
"29ca7b35-7e8e-4c9c-bbf4-0bca1fb8ef2e","D07","WALK","WALK.AOS.reach","2018-03-13T13:39Z","2018-08-15","WALK.20180313.SURBER.2",,,"THIGRO","Y","Thienemannimyia gr.",,"speciesGroup","Arthropoda","Hexapoda","Insecta","Pterygota","Neoptera","Holometabola","Diptera","Nematocera","Culicomorpha",,"Chironomidae","Tanypodinae","Pentaneurini",,"Thienemannimyia","gr.",,"larva",3,,1,31,3,"N","N",,"condition OK","Y",,"Epler 2001","N","EcoAnalysts Inc.","G. Wallace",,,
"a1a59ea0-aee0-406d-a014-53da2edd9a6f","D07","WALK","WALK.AOS.reach","2018-03-13T13:39Z","2018-08-16","WALK.20180313.SURBER.3",,,"STESP10","Y","Stempellinella sp.",,"genus","Arthropoda","Hexapoda","Insecta","Pterygota","Neoptera","Holometabola","Diptera","Nematocera","Culicomorpha",,"Chironomidae","Chironominae","Tanytarsini",,"Stempellinella","sp.",,"larva",2,,2,42,5,"N","N",,"condition OK","Y",,"Epler 2001","N","EcoAnalysts Inc.","G. Wallace",,,
"437fc293-50f3-463d-b823-deeb1f1b09cc","D07","WALK","WALK.AOS.reach","2018-03-13T13:39Z","2018-07-24","WALK.20180313.SURBER.2",,,"GAMSP3","Y","Gammarus sp.",,"genus","Arthropoda","Crustacea","Malacostraca","Eumalacostraca",,"Peracarida","Amphipoda","Gammaridea",,,"Gammaridae",,,,"Gammarus","sp.",,"larva",1,,1,31,3,"N","N",,"condition OK","Y",,"Thorp and Covich 2001","N","EcoAnalysts Inc.","A. Navesky",,,
"973ae1af-8ea9-49bf-bf6b-995594865867","D07","WALK","WALK.AOS.reach","2018-03-13T13:39Z","2018-07-24","WALK.20180313.SURBER.3",,,"MICSP2","Y","Microcylloepus sp.",,"genus","Arthropoda","Hexapoda","Insecta","Pterygota","Neoptera","Holometabola","Coleoptera","Polyphaga","Elateriformia","Byrrhoidea","Elmidae","Elminae","Elmini",,"Microcylloepus","sp.",,"adult",2,,1,42,2,"N","N",,"condition OK","Y",,"Brown and White 1978","N","EcoAnalysts Inc.","A. Navesky",,,
"3b5d9d6c-7ce0-42c7-bef0-132e78ce0d3d","D07","WALK","WALK.AOS.reach","2018-03-13T13:39Z","2018-07-24","WALK.20180313.SURBER.4",,,"COLSP1","Y","Collembola sp.",,"order","Arthropoda","Hexapoda","Collembola",,,,"Collembola",,,,,,,,,"sp.",,"larva",1,,1,38,3,"N","N",,"condition OK","Y",,"Triplehorn and Johnson 2005","N","EcoAnalysts Inc.","A. Navesky",,,
"116d0adf-afee-44fd-b122-70c5f6976c35","D07","WALK","WALK.AOS.reach","2018-03-13T13:39Z","2018-07-24","WALK.20180313.SURBER.4",,,"CAPSP2","Y","Capniidae sp.",,"family","Arthropoda","Hexapoda","Insecta","Pterygota","Neoptera","Polyneoptera","Plecoptera","Euholognatha",,,"Capniidae",,,,,"sp.",,"larva",1,,1,38,3,"Y","N",,"condition OK","Y",,"Stewart and Stark, 2002","N","EcoAnalysts Inc.","A. Navesky",,,
"2da31926-5a96-4c12-ba18-08ebee52e0ef","D07","WALK","WALK.AOS.reach","2018-03-13T13:39Z","2018-08-21","WALK.20180313.SURBER.1",,,"POLSP5","Y","Polycentropodidae sp.",,"family","Arthropoda","Hexapoda","Insecta","Pterygota","Neoptera","Holometabola","Trichoptera",,,"Hydropsychoidea","Polycentropodidae",,,,,"sp.",,"larva",3,,3,63,5,"Y","N",,"condition OK","N",,"Wiggins 1996","Y","EcoAnalysts Inc.","A. Navesky",,,
"ac1af9e5-9a13-4aca-90ac-862a6b8021c7","D07","WALK","WALK.AOS.reach","2018-03-13T13:39Z","2018-08-16","WALK.20180313.SURBER.4",,,"TANSP11","Y","Tanytarsus sp.",,"genus","Arthropoda","Hexapoda","Insecta","Pterygota","Neoptera","Holometabola","Diptera","Nematocera","Culicomorpha",,"Chironomidae","Chironominae","Tanytarsini",,"Tanytarsus","sp.",,"larva",3,,5,38,13,"N","N",,"condition OK","Y",,"Epler 2001","N","EcoAnalysts Inc.","G. Wallace",,,
"e1e52a7c-ee71-49d7-b05a-7869930349d9","D07","WALK","WALK.AOS.reach","2018-03-13T13:39Z","2018-07-24","WALK.20180313.SURBER.1",,,"PELSP1","Y","Peltoperlidae sp.",,"family","Arthropoda","Hexapoda","Insecta","Pterygota","Neoptera","Polyneoptera","Plecoptera","Systellognatha",,,"Peltoperlidae",,,,,"sp.",,"larva",1,,25,63,40,"Y","N",,"condition OK","Y",,"Stewart and Stark, 2002","Y","EcoAnalysts Inc.","A. Navesky",,,
"6aac6c68-0939-4869-8eda-f46a2ccf2a37","D07","WALK","WALK.AOS.reach","2018-03-13T13:39Z","2018-07-24","WALK.20180313.SURBER.1",,,"NEMSP","Y","Nematoda sp.",,"phylum","Nematoda",,,,,,,,,,,,,,,"sp.",,"larva",3,,1,63,2,"N","Y",,"condition OK","Y",,"Thorp and Covich 2001","Y","EcoAnalysts Inc.","A. Navesky",,,
"c7075120-5078-4014-b7f4-eaa684657cba","D07","WALK","WALK.AOS.reach","2018-03-13T13:39Z","2018-07-24","WALK.20180313.SURBER.2",,,"PELSP1","Y","Peltoperlidae sp.",,"family","Arthropoda","Hexapoda","Insecta","Pterygota","Neoptera","Polyneoptera","Plecoptera","Systellognatha",,,"Peltoperlidae",,,,,"sp.",,"larva",2,,1,31,3,"Y","N",,"condition OK","N",,"Stewart and Stark, 2002","N","EcoAnalysts Inc.","A. Navesky",,,
"4b82b23b-86a3-4252-904d-a0f88bd4d49a","D07","WALK","WALK.AOS.reach","2018-03-13T13:39Z","2018-08-16","WALK.20180313.SURBER.4",,,"PARSP24","Y","Paracricotopus sp.",,"genus","Arthropoda","Hexapoda","Insecta","Pterygota","Neoptera","Holometabola","Diptera","Nematocera","Culicomorpha",,"Chironomidae","Orthocladiinae",,,"Paracricotopus","sp.",,"larva",2,,1,38,3,"N","N",,"condition OK","Y",,"Epler 2001, and Maschwitz and Cook 2000","N","EcoAnalysts Inc.","G. Wallace",,,
"d4400d5c-0a08-4def-80f8-c518e2c5be94","D07","WALK","WALK.AOS.reach","2018-03-13T13:39Z","2018-07-24","WALK.20180313.SURBER.2",,,"PSEHER","Y","Psephenus herricki",,"species","Arthropoda","Hexapoda","Insecta","Pterygota","Neoptera","Holometabola","Coleoptera","Polyphaga","Elateriformia","Byrrhoidea","Psephenidae","Psepheninae",,,"Psephenus","herricki",,"larva",6,,1,31,3,"N","N",,"condition OK","Y",,"Merritt and Cummins 2008","N","EcoAnalysts Inc.","A. Navesky",,,
"e2435600-6f2e-4e05-b42a-fcbc29b596ee","D07","WALK","WALK.AOS.reach","2018-03-13T13:39Z","2018-08-15","WALK.20180313.SURBER.1",,"WALK.20180313.SURBER.1.THIENEMANNIMYIA GR.","THIGRO","Y","Thienemannimyia gr.",,"speciesGroup","Arthropoda","Hexapoda","Insecta","Pterygota","Neoptera","Holometabola","Diptera","Nematocera","Culicomorpha",,"Chironomidae","Tanypodinae","Pentaneurini",,"Thienemannimyia","gr.",,"larva",3,,1,63,2,"N","N",,"condition OK","Y",,"Epler 2001","Y","EcoAnalysts Inc.","G. Wallace",,,
"4440dbe6-d84b-431b-932b-9986754edf5e","D07","WALK","WALK.AOS.reach","2018-03-13T13:39Z","2018-07-24","WALK.20180313.SURBER.3",,,"ATRSP3","Y","Atractides sp.",,"genus","Arthropoda","Chelicerata","Arachnida","Acari",,"Acariformes","Trombidiformes","Prostigmata",,"Hygrobatoidea","Hygrobatidae",,,,"Atractides","sp.",,"adult",1,,1,42,2,"N","N",,"condition OK","Y",,"Thorp and Covich 2001","N","EcoAnalysts Inc.","A. Navesky",,,
"bc9a7c80-a3d2-4b2f-b877-0c854c4119b9","D07","WALK","WALK.AOS.reach","2018-03-13T13:39Z","2018-07-25","WALK.20180313.SURBER.6",,,"OULSP","Y","Oulimnius sp.",,"genus","Arthropoda","Hexapoda","Insecta","Pterygota","Neoptera","Holometabola","Coleoptera","Polyphaga","Elateriformia","Byrrhoidea","Elmidae","Elminae","Elmini",,"Oulimnius","sp.",,"larva",2,,11,78,14,"N","N",,"condition OK","Y",,"Merritt and Cummins 2008","N","EcoAnalysts Inc.","A. Navesky",,,
"410771d6-b47b-42d0-90ec-6fd89cdd6438","D07","WALK","WALK.AOS.reach","2018-03-13T13:39Z","2018-07-24","WALK.20180313.SURBER.3",,,"DIPMOD","Y","Diplectrona modesta",,"species","Arthropoda","Hexapoda","Insecta","Pterygota","Neoptera","Holometabola","Trichoptera",,,"Hydropsychoidea","Hydropsychidae","Diplectroninae",,,"Diplectrona","modesta",,"larva",5,,3,42,7,"N","N",,"condition OK","Y",,"Wiggins 1996","N","EcoAnalysts Inc.","A. Navesky",,,
"efbc1cee-cc22-44c6-aab8-1edf8b30557b","D07","WALK","WALK.AOS.reach","2018-03-13T13:39Z","2018-07-24","WALK.20180313.SURBER.2",,,"GAMSP3","Y","Gammarus sp.",,"genus","Arthropoda","Crustacea","Malacostraca","Eumalacostraca",,"Peracarida","Amphipoda","Gammaridea",,,"Gammaridae",,,,"Gammarus","sp.",,"larva",2,,12,31,38,"N","N",,"condition OK","Y",,"Thorp and Covich 2001","N","EcoAnalysts Inc.","A. Navesky",,,
"55831f40-e925-4ae7-a3a4-4ca19dba6625","D07","WALK","WALK.AOS.reach","2018-03-13T13:39Z","2018-07-24","WALK.20180313.SURBER.4",,,"HABSP1","Y","Habrophlebiodes sp.",,"genus","Arthropoda","Hexapoda","Insecta","Pterygota","Palaeoptera",,"Ephemeroptera","Furcatergalia","Lanceolata",,"Leptophlebiidae",,,,"Habrophlebiodes","sp.",,"larva",2,,3,38,8,"N","N",,"condition OK","Y",,"Merritt and Cummins 2008","N","EcoAnalysts Inc.","A. Navesky",,,
"9ee454e0-f9bf-4079-a424-20eaf6092254","D07","WALK","WALK.AOS.reach","2018-03-13T13:39Z","2018-07-24","WALK.20180313.SURBER.4",,,"TORSP1","Y","Torrenticolidae sp.",,"family","Arthropoda","Chelicerata","Arachnida","Acari",,"Acariformes","Trombidiformes","Prostigmata",,"Lebertioidea","Torrenticolidae",,,,,"sp.",,"adult",1,,1,38,3,"N","N",,"damaged, affecting taxonomy","N",,"Thorp and Covich 2001","N","EcoAnalysts Inc.","A. Navesky",,,
"0c3f6c33-edcc-4a5e-8c3c-6fd51c547d37","D07","WALK","WALK.AOS.reach","2018-03-13T13:39Z","2018-07-24","WALK.20180313.SURBER.3",,,"GAMSP3","Y","Gammarus sp.",,"genus","Arthropoda","Crustacea","Malacostraca","Eumalacostraca",,"Peracarida","Amphipoda","Gammaridea",,,"Gammaridae",,,,"Gammarus","sp.",,"larva",1,,2,42,5,"N","N",,"damaged, affecting measurement","Y",,"Thorp and Covich 2001","N","EcoAnalysts Inc.","A. Navesky",,,
"0105c80b-1521-4278-94f1-e137e747003e","D07","WALK","WALK.AOS.reach","2018-03-13T13:39Z","2018-07-24","WALK.20180313.SURBER.2",,,"ELISP","Y","Elimia sp.",,"genus","Mollusca",,"Gastropoda",,,,"Neotaenioglossa",,,,"Pleuroceridae",,,,"Elimia","sp.",,"larva",7,,1,31,3,"N","N",,"condition OK","Y",,"Pennak, 1997","N","EcoAnalysts Inc.","A. Navesky",,,
"f27298e2-f40b-4279-844d-ec38dbab4987","D07","WALK","WALK.AOS.reach","2018-03-13T13:39Z","2018-07-24","WALK.20180313.SURBER.2",,,"OULSP","Y","Oulimnius sp.",,"genus","Arthropoda","Hexapoda","Insecta","Pterygota","Neoptera","Holometabola","Coleoptera","Polyphaga","Elateriformia","Byrrhoidea","Elmidae","Elminae","Elmini",,"Oulimnius","sp.",,"adult",1,,11,31,35,"N","N",,"condition OK","Y",,"Merritt and Cummins 2008","N","EcoAnalysts Inc.","A. Navesky",,,
"8889e327-08d8-47bb-8529-a2babfaafa21","D07","WALK","WALK.AOS.reach","2018-03-13T13:39Z","2018-07-25","WALK.20180313.SURBER.6",,,"GAMSP3","Y","Gammarus sp.",,"genus","Arthropoda","Crustacea","Malacostraca","Eumalacostraca",,"Peracarida","Amphipoda","Gammaridea",,,"Gammaridae",,,,"Gammarus","sp.",,"larva",1,,3,78,4,"N","N",,"damaged, affecting measurement","Y",,"Thorp and Covich 2001","N","EcoAnalysts Inc.","A. Navesky",,,
"e1ca2194-92e4-466c-8543-8b3d8b7074af","D07","WALK","WALK.AOS.reach","2018-03-13T13:39Z","2018-07-25","WALK.20180313.SURBER.6",,,"GAMSP3","Y","Gammarus sp.",,"genus","Arthropoda","Crustacea","Malacostraca","Eumalacostraca",,"Peracarida","Amphipoda","Gammaridea",,,"Gammaridae",,,,"Gammarus","sp.",,"larva",2,,19,78,24,"N","N",,"condition OK","Y",,"Thorp and Covich 2001","N","EcoAnalysts Inc.","A. Navesky",,,
"3dea4af3-d1f8-43ce-971a-0fba2a9bee5c","D07","WALK","WALK.AOS.reach","2018-03-13T13:39Z","2018-07-25","WALK.20180313.SURBER.7",,,"NEMSP","Y","Nematoda sp.",,"phylum","Nematoda",,,,,,,,,,,,,,,"sp.",,"larva",3,,1,100,1,"N","N",,"condition OK","Y",,"Thorp and Covich 2001","N","EcoAnalysts Inc.","A. Navesky",,,
"5a742971-ec39-4f91-8ede-a97d42c5f35d","D07","WALK","WALK.AOS.reach","2018-03-13T13:39Z","2018-07-24","WALK.20180313.SURBER.4",,,"GAMSP3","Y","Gammarus sp.",,"genus","Arthropoda","Crustacea","Malacostraca","Eumalacostraca",,"Peracarida","Amphipoda","Gammaridea",,,"Gammaridae",,,,"Gammarus","sp.",,"larva",2,,12,38,32,"N","N",,"condition OK","Y",,"Thorp and Covich 2001","N","EcoAnalysts Inc.","A. Navesky",,,
"ce45da7a-8151-4b3b-9366-31111cc0e3c4","D07","WALK","WALK.AOS.reach","2018-03-13T13:39Z","2018-07-27","WALK.20180313.SURBER.7",,"WALK.20180313.SURBER.7_OLIGOCHAETE_1/1","NAISP","Y","Naididae sp.","tubificoid Naididae w/ cap setae","family","Annelida","Clitellata","Oligochaeta","Oligochaeta",,,"Tubificida",,,,"Naididae",,,,,"sp.",,"larva",4,,1,100,1,"N","N",,"condition OK","Y",,"Kathman and Brinkhurst, 1999","N","EcoAnalysts Inc.","L. Flaherty",,,
"e7d35a01-18ba-4507-a3c9-f274740de95e","D07","WALK","WALK.AOS.reach","2018-03-13T13:39Z","2018-08-21","WALK.20180313.SURBER.8",,,"LEUSP2","Y","Leuctridae sp.",,"family","Arthropoda","Hexapoda","Insecta","Pterygota","Neoptera","Polyneoptera","Plecoptera","Euholognatha",,,"Leuctridae",,,,,"sp.",,"larva",1,,12,100,12,"Y","N",,"condition OK","Y",,"Stewart and Stark, 2002","N","EcoAnalysts Inc.","A. Navesky",,,
"240fb953-8325-4f80-a92c-3d7175fc02bb","D07","WALK","WALK.AOS.reach","2018-03-13T13:39Z","2018-07-25","WALK.20180313.SURBER.6",,,"ATRSP3","Y","Atractides sp.",,"genus","Arthropoda","Chelicerata","Arachnida","Acari",,"Acariformes","Trombidiformes","Prostigmata",,"Hygrobatoidea","Hygrobatidae",,,,"Atractides","sp.",,"adult",1,,4,78,5,"N","N",,"condition OK","Y",,"Thorp and Covich 2001","N","EcoAnalysts Inc.","A. Navesky",,,
"f5e81195-9255-4a71-8af0-3d59b1ba332d","D07","WALK","WALK.AOS.reach","2018-03-13T13:39Z","2018-08-16","WALK.20180313.SURBER.7",,,"TANSP11","Y","Tanytarsus sp.",,"genus","Arthropoda","Hexapoda","Insecta","Pterygota","Neoptera","Holometabola","Diptera","Nematocera","Culicomorpha",,"Chironomidae","Chironominae","Tanytarsini",,"Tanytarsus","sp.",,"larva",2,,1,100,1,"N","N",,"condition OK","Y",,"Epler 2001","N","EcoAnalysts Inc.","G. Wallace",,,
"6af785db-c259-49bf-9611-fa81f1d5ffcf","D07","WALK","WALK.AOS.reach","2018-03-13T13:39Z","2018-07-24","WALK.20180313.SURBER.3",,,"OULSP","Y","Oulimnius sp.",,"genus","Arthropoda","Hexapoda","Insecta","Pterygota","Neoptera","Holometabola","Coleoptera","Polyphaga","Elateriformia","Byrrhoidea","Elmidae","Elminae","Elmini",,"Oulimnius","sp.",,"adult",1,,4,42,10,"N","N",,"condition OK","Y",,"Merritt and Cummins 2008","N","EcoAnalysts Inc.","A. Navesky",,,
"b3227ccf-a9e2-4e4d-9730-f8fd0f5aa5f6","D07","WALK","WALK.AOS.reach","2018-03-13T13:39Z","2018-07-25","WALK.20180313.SURBER.6",,,"PSEHER","Y","Psephenus herricki",,"species","Arthropoda","Hexapoda","Insecta","Pterygota","Neoptera","Holometabola","Coleoptera","Polyphaga","Elateriformia","Byrrhoidea","Psephenidae","Psepheninae",,,"Psephenus","herricki",,"larva",2,,2,78,3,"N","N",,"condition OK","Y",,"Merritt and Cummins 2008","N","EcoAnalysts Inc.","A. Navesky",,,
"fd6490b8-4262-4bb9-bc6a-55bfd0022ce2","D07","WALK","WALK.AOS.reach","2018-03-13T13:39Z","2018-07-24","WALK.20180313.SURBER.3",,,"ELISP","Y","Elimia sp.",,"genus","Mollusca",,"Gastropoda",,,,"Neotaenioglossa",,,,"Pleuroceridae",,,,"Elimia","sp.",,"larva",6,,1,42,2,"N","N",,"condition OK","Y",,"Pennak, 1997","N","EcoAnalysts Inc.","A. Navesky",,,
"b00b9a01-04b8-4e8b-8018-308fa5aa6012","D07","WALK","WALK.AOS.reach","2018-03-13T13:39Z","2018-07-25","WALK.20180313.SURBER.6",,,"ECTSP2","Y","Ectopria sp.",,"genus","Arthropoda","Hexapoda","Insecta","Pterygota","Neoptera","Holometabola","Coleoptera","Polyphaga","Elateriformia","Byrrhoidea","Psephenidae","Eubriinae",,,"Ectopria","sp.",,"larva",2,,5,78,6,"N","N",,"condition OK","Y",,"Merritt and Cummins 2008","N","EcoAnalysts Inc.","A. Navesky",,,
"82172031-c5df-40a4-ad76-a5c4007fe185","D07","WALK","WALK.AOS.reach","2018-03-13T13:39Z","2018-08-15","WALK.20180313.SURBER.2",,,"THIGRO","Y","Thienemannimyia gr.",,"speciesGroup","Arthropoda","Hexapoda","Insecta","Pterygota","Neoptera","Holometabola","Diptera","Nematocera","Culicomorpha",,"Chironomidae","Tanypodinae","Pentaneurini",,"Thienemannimyia","gr.",,"larva",2,,1,31,3,"N","N",,"condition OK","Y",,"Epler 2001","N","EcoAnalysts Inc.","G. Wallace",,,
"fab51af9-6d50-40c5-b171-8b17827e2b48","D07","WALK","WALK.AOS.reach","2018-03-13T13:39Z","2018-07-24","WALK.20180313.SURBER.4",,,"AMPSP13","Y","Amphinemura sp.",,"genus","Arthropoda","Hexapoda","Insecta","Pterygota","Neoptera","Polyneoptera","Plecoptera","Euholognatha",,,"Nemouridae","Amphinemurinae",,,"Amphinemura","sp.",,"larva",2,,2,38,5,"N","N",,"condition OK","Y",,"Stewart and Stark, 2002","N","EcoAnalysts Inc.","A. Navesky",,,
"e09ec1d7-d5ec-4ca4-88be-3797a818bfe2","D07","WALK","WALK.AOS.reach","2018-03-13T13:39Z","2018-08-16","WALK.20180313.SURBER.3",,"WALK.20180313.SURBER.3.EUKIEFFERIELLA SP._1/2|WALK.20180313.SURBER.3.EUKIEFFERIELLA SP._2/2","EUKSP","Y","Eukiefferiella sp.",,"genus","Arthropoda","Hexapoda","Insecta","Pterygota","Neoptera","Holometabola","Diptera","Nematocera","Culicomorpha",,"Chironomidae","Orthocladiinae",,,"Eukiefferiella","sp.",,"larva",1,,1,42,2,"Y","N",,"condition OK","N",,"Epler 2001","N","EcoAnalysts Inc.","G. Wallace",,,
"5ef374df-e725-4a17-9a2b-e8b285bfe3f2","D07","WALK","WALK.AOS.reach","2018-03-13T13:39Z","2018-07-27","WALK.20180313.SURBER.6",,"WALK.20180313.SURBER.6_OLIGOCHAETE_2/2|WALK.20180313.SURBER.6_OLIGOCHAETE_1/2","NAISP1","Y","Nais sp.",,"genus","Annelida","Clitellata","Oligochaeta","Oligochaeta",,,"Tubificida",,,,"Naididae","Naidinae",,,"Nais","sp.",,"larva",1,,1,78,1,"N","N",,"damaged, affecting measurement","Y",,"Kathman and Brinkhurst, 1999","N","EcoAnalysts Inc.","L. Flaherty",,,
"68158408-0435-409d-ab6e-8930073852c7","D07","WALK","WALK.AOS.reach","2018-03-13T13:39Z","2018-08-16","WALK.20180313.SURBER.8",,,"RHEEXI","Y","Rheotanytarsus exiguus gr.",,"speciesGroup","Arthropoda","Hexapoda","Insecta","Pterygota","Neoptera","Holometabola","Diptera","Nematocera","Culicomorpha",,"Chironomidae","Chironominae","Tanytarsini",,"Rheotanytarsus","exiguus gr.",,"larva",2,,2,100,2,"N","N",,"condition OK","Y",,"Epler 2001","N","EcoAnalysts Inc.","G. Wallace",,,
"f9b7cc74-a79c-49f7-aacd-8f6973628b2f","D07","WALK","WALK.AOS.reach","2018-03-13T13:39Z","2018-07-24","WALK.20180313.SURBER.2",,,"DIPMOD","Y","Diplectrona modesta",,"species","Arthropoda","Hexapoda","Insecta","Pterygota","Neoptera","Holometabola","Trichoptera",,,"Hydropsychoidea","Hydropsychidae","Diplectroninae",,,"Diplectrona","modesta",,"larva",3,,1,31,3,"N","N",,"condition OK","Y",,"Wiggins 1996","N","EcoAnalysts Inc.","A. Navesky",,,
"232b164a-6c75-4e83-987e-84b6a40d1038","D07","WALK","WALK.AOS.reach","2018-03-13T13:39Z","2018-07-24","WALK.20180313.SURBER.2",,,"POLSP12","Y","Polycentropus sp.",,"genus","Arthropoda","Hexapoda","Insecta","Pterygota","Neoptera","Holometabola","Trichoptera",,,"Hydropsychoidea","Polycentropodidae","Polycentropodinae",,,"Polycentropus","sp.",,"larva",1,,2,31,6,"N","N",,"condition OK","Y",,"Wiggins 1996","N","EcoAnalysts Inc.","A. Navesky",,,
"b061271f-3c93-4fac-b498-54c1b7528013","D07","WALK","WALK.AOS.reach","2018-03-13T13:39Z","2018-07-25","WALK.20180313.SURBER.6",,,"NEMSP","Y","Nematoda sp.",,"phylum","Nematoda",,,,,,,,,,,,,,,"sp.",,"larva",20,,1,78,1,"N","N",,"condition OK","Y",,"Thorp and Covich 2001","N","EcoAnalysts Inc.","A. Navesky",,,
"657354c4-e4f9-495d-b8c4-951efd8625de","D07","WALK","WALK.AOS.reach","2018-03-13T13:39Z","2018-07-24","WALK.20180313.SURBER.3",,,"DOLSP2","Y","Dolophilodes sp.",,"genus","Arthropoda","Hexapoda","Insecta","Pterygota","Neoptera","Holometabola","Trichoptera",,,"Philopotamoidea","Philopotamidae","Philopotaminae",,,"Dolophilodes","sp.",,"larva",2,,1,42,2,"N","N",,"condition OK","Y",,"Wiggins 1996","N","EcoAnalysts Inc.","A. Navesky",,,
"6b2613fd-7882-4c1f-b307-c1fb7c8ab765","D07","WALK","WALK.AOS.reach","2018-03-13T13:39Z","2018-08-15","WALK.20180313.SURBER.2",,,"THISP2","Y","Thienemanniella sp.",,"genus","Arthropoda","Hexapoda","Insecta","Pterygota","Neoptera","Holometabola","Diptera","Nematocera","Culicomorpha",,"Chironomidae","Orthocladiinae",,,"Thienemanniella","sp.",,"larva",2,,4,31,13,"N","N",,"condition OK","Y",,"Epler 2001","N","EcoAnalysts Inc.","G. Wallace",,,
"438e6473-dc02-4557-80dc-85e45f6441a0","D07","WALK","WALK.AOS.reach","2018-03-13T13:39Z","2018-07-24","WALK.20180313.SURBER.4",,,"HEMSP4","Y","Hemerodromia sp.",,"genus","Arthropoda","Hexapoda","Insecta","Pterygota","Neoptera","Holometabola","Diptera","Brachycera","Muscomorpha",,"Empididae","Hemerodromiinae","Hemerodromiini",,"Hemerodromia","sp.",,"larva",1,,1,38,3,"N","N",,"condition OK","Y",,"Merritt and Cummins 2008","N","EcoAnalysts Inc.","A. Navesky",,,
"3b8cf711-59b7-4632-937b-bdfec4b9a2e4","D07","WALK","WALK.AOS.reach","2018-03-13T13:39Z","2018-07-24","WALK.20180313.SURBER.3",,,"AMPSP13","Y","Amphinemura sp.",,"genus","Arthropoda","Hexapoda","Insecta","Pterygota","Neoptera","Polyneoptera","Plecoptera","Euholognatha",,,"Nemouridae","Amphinemurinae",,,"Amphinemura","sp.",,"larva",4,,1,42,2,"N","N",,"condition OK","Y",,"Stewart and Stark, 2002","N","EcoAnalysts Inc.","A. Navesky",,,
"79eac089-0eb1-4d11-9e7d-0a348c70519c","D07","WALK","WALK.AOS.reach","2018-03-13T13:39Z","2018-08-15","WALK.20180313.SURBER.2",,,"STESP10","Y","Stempellinella sp.",,"genus","Arthropoda","Hexapoda","Insecta","Pterygota","Neoptera","Holometabola","Diptera","Nematocera","Culicomorpha",,"Chironomidae","Chironominae","Tanytarsini",,"Stempellinella","sp.",,"larva",1,,17,31,54,"N","N",,"condition OK","Y",,"Epler 2001","N","EcoAnalysts Inc.","G. Wallace",,,
"3ab91425-42c1-4b49-adca-78e86af36517","D07","WALK","WALK.AOS.reach","2018-03-13T13:39Z","2018-07-25","WALK.20180313.SURBER.5",,,"ECTSP2","Y","Ectopria sp.",,"genus","Arthropoda","Hexapoda","Insecta","Pterygota","Neoptera","Holometabola","Coleoptera","Polyphaga","Elateriformia","Byrrhoidea","Psephenidae","Eubriinae",,,"Ectopria","sp.",,"larva",4,,2,100,2,"N","N",,"condition OK","Y",,"Merritt and Cummins 2008","N","EcoAnalysts Inc.","A. Navesky",,,
"2a545e0a-3a9a-4f27-8383-76646bc0e282","D07","WALK","WALK.AOS.reach","2018-03-13T13:39Z","2018-07-24","WALK.20180313.SURBER.2",,,"DIPMOD","Y","Diplectrona modesta",,"species","Arthropoda","Hexapoda","Insecta","Pterygota","Neoptera","Holometabola","Trichoptera",,,"Hydropsychoidea","Hydropsychidae","Diplectroninae",,,"Diplectrona","modesta",,"larva",5,,3,31,10,"N","N",,"condition OK","Y",,"Wiggins 1996","N","EcoAnalysts Inc.","A. Navesky",,,
"e8131958-75d6-4d61-8af6-fe0a9cb74c40","D07","WALK","WALK.AOS.reach","2018-03-13T13:39Z","2018-08-16","WALK.20180313.SURBER.4",,,"PARSP24","Y","Paracricotopus sp.",,"genus","Arthropoda","Hexapoda","Insecta","Pterygota","Neoptera","Holometabola","Diptera","Nematocera","Culicomorpha",,"Chironomidae","Orthocladiinae",,,"Paracricotopus","sp.",,"larva",2,,1,38,3,"N","N",,"damaged, affecting measurement","Y",,"Epler 2001, and Maschwitz and Cook 2000","N","EcoAnalysts Inc.","G. Wallace",,,
"06546cc6-aa30-4321-a059-a0c4225944e5","D07","WALK","WALK.AOS.reach","2018-03-13T13:39Z","2018-07-24","WALK.20180313.SURBER.4",,,"ELMSP","Y","Elmidae sp.",,"family","Arthropoda","Hexapoda","Insecta","Pterygota","Neoptera","Holometabola","Coleoptera","Polyphaga","Elateriformia","Byrrhoidea","Elmidae",,,,,"sp.",,"larva",1,,1,38,3,"Y","N",,"condition OK","N",,"Merritt and Cummins 2008","N","EcoAnalysts Inc.","A. Navesky",,,
"d0b19acc-ec47-40bf-9a19-839e2f1aeec2","D07","WALK","WALK.AOS.reach","2018-03-13T13:39Z","2018-07-24","WALK.20180313.SURBER.4",,,"OULSP","Y","Oulimnius sp.",,"genus","Arthropoda","Hexapoda","Insecta","Pterygota","Neoptera","Holometabola","Coleoptera","Polyphaga","Elateriformia","Byrrhoidea","Elmidae","Elminae","Elmini",,"Oulimnius","sp.",,"adult",1,,3,38,8,"N","N",,"condition OK","Y",,"Merritt and Cummins 2008","N","EcoAnalysts Inc.","A. Navesky",,,
"f48bd4e4-8318-4ea5-a8a4-9e5e11b34007","D07","WALK","WALK.AOS.reach","2018-03-13T13:39Z","2018-07-25","WALK.20180313.SURBER.8",,,"ATUSP","Y","Aturidae sp.",,"family","Arthropoda","Chelicerata","Arachnida","Acari",,"Acariformes","Trombidiformes","Prostigmata",,"Hygrobatoidea","Aturidae",,,,,"sp.",,"adult",1,,1,100,1,"N","N",,"damaged, affecting taxonomy","Y",,"Thorp and Covich 2001","N","EcoAnalysts Inc.","A. Navesky",,,
"e09a3b84-2cab-4cfe-9800-7b843c6eed98","D07","WALK","WALK.AOS.reach","2018-03-13T13:39Z","2018-07-24","WALK.20180313.SURBER.4",,,"SIMSP1","Y","Simulium sp.",,"genus","Arthropoda","Hexapoda","Insecta","Pterygota","Neoptera","Holometabola","Diptera","Nematocera","Culicomorpha",,"Simuliidae","Simuliinae","Simuliini",,"Simulium","sp.",,"larva",6,,1,38,3,"N","N",,"condition OK","Y",,"Merritt and Cummins 2008","N","EcoAnalysts Inc.","A. Navesky",,,
"c905358b-91b3-4d21-be98-986ad32d037c","D07","WALK","WALK.AOS.reach","2018-03-13T13:39Z","2018-08-21","WALK.20180313.SURBER.6",,,"LEUSP2","Y","Leuctridae sp.",,"family","Arthropoda","Hexapoda","Insecta","Pterygota","Neoptera","Polyneoptera","Plecoptera","Euholognatha",,,"Leuctridae",,,,,"sp.",,"larva",1,,12,78,15,"Y","N",,"condition OK","N",,"Stewart and Stark, 2002","N","EcoAnalysts Inc.","A. Navesky",,,
"8f802be7-e687-48e3-a423-48a83904fe62","D07","WALK","WALK.AOS.reach","2018-03-13T13:39Z","2018-08-16","WALK.20180313.SURBER.6",,,"PARNIG","Y","Paralauterborniella nigrohalteralis",,"species","Arthropoda",,"Insecta","Pterygota","Neoptera",,"Diptera","Nematocera","Culicomorpha","Chironomoidea","Chironomidae","Chironominae","Chironomini",,"Paralauterborniella","nigrohalteralis",,"larva",4,,1,78,1,"N","N",,"condition OK","Y",,"Epler 2001","N","EcoAnalysts Inc.","G. Wallace",,,
"5e614c27-e9be-4906-a7c2-41099cbefad4","D07","WALK","WALK.AOS.reach","2018-03-13T13:39Z","2018-07-24","WALK.20180313.SURBER.1",,,"LEUSP8","Y","Leuctra sp.",,"genus","Arthropoda","Hexapoda","Insecta","Pterygota","Neoptera","Polyneoptera","Plecoptera","Euholognatha",,,"Leuctridae","Leuctrinae",,,"Leuctra","sp.",,"larva",3,,3,63,5,"N","N",,"condition OK","Y",,"Stewart and Stark, 2002","Y","EcoAnalysts Inc.","A. Navesky",,,
"0dd531e7-f241-40c6-b419-d1cb23ffe947","D07","WALK","WALK.AOS.reach","2018-03-13T13:39Z","2018-07-24","WALK.20180313.SURBER.2",,,"TURSP","Y","Turbellaria sp.",,"class","Platyhelminthes",,"Turbellaria",,,,,,,,,,,,,"sp.",,"larva",2,,3,31,10,"N","Y",,"condition OK","Y",,"Thorp and Covich 2001","N","EcoAnalysts Inc.","A. Navesky",,,
"927af72c-446b-466b-9aca-722a7c8c2a98","D07","WALK","WALK.AOS.reach","2018-03-13T13:39Z","2018-07-24","WALK.20180313.SURBER.3",,,"PELSP1","Y","Peltoperlidae sp.",,"family","Arthropoda","Hexapoda","Insecta","Pterygota","Neoptera","Polyneoptera","Plecoptera","Systellognatha",,,"Peltoperlidae",,,,,"sp.",,"larva",1,,24,42,58,"Y","N",,"condition OK","Y",,"Stewart and Stark, 2002","N","EcoAnalysts Inc.","A. Navesky",,,
"1db9f20b-4114-48d7-8c9a-9843081ac256","D07","WALK","WALK.AOS.reach","2018-03-13T13:39Z","2018-08-16","WALK.20180313.SURBER.8",,,"THISP2","Y","Thienemanniella sp.",,"genus","Arthropoda","Hexapoda","Insecta","Pterygota","Neoptera","Holometabola","Diptera","Nematocera","Culicomorpha",,"Chironomidae","Orthocladiinae",,,"Thienemanniella","sp.",,"larva",1,,1,100,1,"N","N",,"condition OK","Y",,"Epler 2001","N","EcoAnalysts Inc.","G. Wallace",,,
"ff7e5dc0-bf50-46f6-a5e2-3ec009708296","D07","WALK","WALK.AOS.reach","2018-03-13T13:39Z","2018-07-25","WALK.20180313.SURBER.5",,,"NEOSP13","Y","Neophylax sp.",,"genus","Arthropoda","Hexapoda","Insecta","Pterygota","Neoptera","Holometabola","Trichoptera",,,"Limnephiloidea","Uenoidae","Thremmatinae",,,"Neophylax","sp.",,"larva",6,,1,100,1,"N","N",,"condition OK","Y",,"Wiggins 1996","N","EcoAnalysts Inc.","A. Navesky",,,
"0de1b11c-de6a-46d7-84c0-82632fde1252","D07","WALK","WALK.AOS.reach","2018-03-13T13:39Z","2018-07-24","WALK.20180313.SURBER.3",,,"PSEHER","Y","Psephenus herricki",,"species","Arthropoda","Hexapoda","Insecta","Pterygota","Neoptera","Holometabola","Coleoptera","Polyphaga","Elateriformia","Byrrhoidea","Psephenidae","Psepheninae",,,"Psephenus","herricki",,"larva",2,,4,42,10,"N","N",,"condition OK","Y",,"Merritt and Cummins 2008","N","EcoAnalysts Inc.","A. Navesky",,,
"69dab45f-0dc4-41d9-b33c-48fbe84485cb","D07","WALK","WALK.AOS.reach","2018-03-13T13:39Z","2018-07-24","WALK.20180313.SURBER.3",,,"SIMSP1","Y","Simulium sp.",,"genus","Arthropoda","Hexapoda","Insecta","Pterygota","Neoptera","Holometabola","Diptera","Nematocera","Culicomorpha",,"Simuliidae","Simuliinae","Simuliini",,"Simulium","sp.",,"larva",3,,1,42,2,"N","N",,"condition OK","Y",,"Merritt and Cummins 2008","N","EcoAnalysts Inc.","A. Navesky",,,
"c10ae9a1-4d86-4a3d-a707-6d8dd3c18ccb","D07","WALK","WALK.AOS.reach","2018-03-13T13:39Z","2018-07-24","WALK.20180313.SURBER.3",,,"LEPSP4","Y","Leptophlebiidae sp.",,"family","Arthropoda","Hexapoda","Insecta","Pterygota","Palaeoptera",,"Ephemeroptera","Furcatergalia","Lanceolata",,"Leptophlebiidae",,,,,"sp.",,"larva",2,,1,42,2,"N","N",,"damaged, affecting taxonomy","Y",,"Merritt and Cummins 2008","N","EcoAnalysts Inc.","A. Navesky",,,
"a6d44196-2a80-42d7-b9b0-929b2c4013af","D07","WALK","WALK.AOS.reach","2018-03-13T13:39Z","2018-07-24","WALK.20180313.SURBER.2",,,"PLESP2","Y","Pleuroceridae sp.",,"family","Mollusca",,"Gastropoda",,,,"Neotaenioglossa",,,,"Pleuroceridae",,,,,"sp.",,"larva",4,,2,31,6,"Y","N",,"condition OK","N",,"Thorp and Covich 2001","N","EcoAnalysts Inc.","A. Navesky",,,
"0d0ebaa4-cb3c-4fe8-991b-22c7caf3806c","D07","WALK","WALK.AOS.reach","2018-03-13T13:39Z","2018-07-25","WALK.20180313.SURBER.6",,,"NEMSP","Y","Nematoda sp.",,"phylum","Nematoda",,,,,,,,,,,,,,,"sp.",,"larva",2,,3,78,4,"N","N",,"condition OK","Y",,"Thorp and Covich 2001","N","EcoAnalysts Inc.","A. Navesky",,,
"9cb3a514-e850-4155-85ca-0319298721b8","D07","WALK","WALK.AOS.reach","2018-03-13T13:39Z","2018-08-15","WALK.20180313.SURBER.2",,,"NILFIM","Y","Nilotanypus fimbriatus",,"species","Arthropoda","Hexapoda","Insecta","Pterygota","Neoptera","Holometabola","Diptera","Nematocera","Culicomorpha",,"Chironomidae","Tanypodinae","Pentaneurini",,"Nilotanypus","fimbriatus",,"larva",2,,2,31,6,"N","N",,"condition OK","Y",,"Epler 2001","N","EcoAnalysts Inc.","G. Wallace",,,
"a916152a-dd01-4c77-bc20-c4867aa0989e","D07","WALK","WALK.AOS.reach","2018-03-13T13:39Z","2018-07-24","WALK.20180313.SURBER.2",,,"HABSP1","Y","Habrophlebiodes sp.",,"genus","Arthropoda","Hexapoda","Insecta","Pterygota","Palaeoptera",,"Ephemeroptera","Furcatergalia","Lanceolata",,"Leptophlebiidae",,,,"Habrophlebiodes","sp.",,"larva",2,,10,31,32,"N","N",,"condition OK","Y",,"Merritt and Cummins 2008","N","EcoAnalysts Inc.","A. Navesky",,,
"f479dba4-619c-44b9-84a3-a89c6a1f353f","D07","WALK","WALK.AOS.reach","2018-03-13T13:39Z","2018-08-21","WALK.20180313.SURBER.1",,,"LEUSP2","Y","Leuctridae sp.",,"family","Arthropoda","Hexapoda","Insecta","Pterygota","Neoptera","Polyneoptera","Plecoptera","Euholognatha",,,"Leuctridae",,,,,"sp.",,"larva",1,,24,63,38,"Y","N",,"condition OK","N",,"Stewart and Stark, 2002","Y","EcoAnalysts Inc.","A. Navesky",,,
"4a382f06-e1d6-4d5c-9a22-085c7181134f","D07","WALK","WALK.AOS.reach","2018-03-13T13:39Z","2018-07-24","WALK.20180313.SURBER.4",,,"GOMSP","Y","Gomphidae sp.",,"family","Arthropoda","Hexapoda","Insecta","Pterygota","Palaeoptera",,"Odonata","Anisoptera",,,"Gomphidae",,,,,"sp.",,"larva",1,,1,38,3,"Y","N",,"condition OK","Y",,"Needham, Westfall and May 2000","N","EcoAnalysts Inc.","A. Navesky",,,
"8e3f2b6b-5ce3-4148-826d-f39a0ed5c103","D07","WALK","WALK.AOS.reach","2018-03-13T13:39Z","2018-07-24","WALK.20180313.SURBER.4",,,"AMPSP13","Y","Amphinemura sp.",,"genus","Arthropoda","Hexapoda","Insecta","Pterygota","Neoptera","Polyneoptera","Plecoptera","Euholognatha",,,"Nemouridae","Amphinemurinae",,,"Amphinemura","sp.",,"larva",4,,2,38,5,"N","N",,"condition OK","Y",,"Stewart and Stark, 2002","N","EcoAnalysts Inc.","A. Navesky",,,
"3e772c12-e211-40ef-8c39-f29a6bcd1f8f","D07","WALK","WALK.AOS.reach","2018-03-13T13:39Z","2018-07-24","WALK.20180313.SURBER.4",,,"TESSP1","Y","Testudacarus sp.",,"genus","Arthropoda","Chelicerata","Arachnida","Acari",,"Acariformes","Trombidiformes","Prostigmata",,"Lebertioidea","Torrenticolidae",,,,"Testudacarus","sp.",,"adult",1,,1,38,3,"N","N",,"condition OK","Y",,"Thorp and Covich 2001","N","EcoAnalysts Inc.","A. Navesky",,,
"e3fc27bf-0310-4b60-853f-48860598451d","D07","WALK","WALK.AOS.reach","2018-03-13T13:39Z","2018-08-16","WALK.20180313.SURBER.6",,,"PARSP26","Y","Parametriocnemus sp.",,"genus","Arthropoda","Hexapoda","Insecta","Pterygota","Neoptera","Holometabola","Diptera","Nematocera","Culicomorpha",,"Chironomidae","Orthocladiinae",,,"Parametriocnemus","sp.",,"larva",2,,1,78,1,"N","N",,"condition OK","Y",,"Epler 2001","N","EcoAnalysts Inc.","G. Wallace",,,
"34620321-37d3-4aa3-b365-5a98efef003c","D07","WALK","WALK.AOS.reach","2018-03-13T13:39Z","2018-07-25","WALK.20180313.SURBER.7",,,"ELMSP","Y","Elmidae sp.",,"family","Arthropoda","Hexapoda","Insecta","Pterygota","Neoptera","Holometabola","Coleoptera","Polyphaga","Elateriformia","Byrrhoidea","Elmidae",,,,,"sp.",,"larva",1,,1,100,1,"Y","N",,"condition OK","N",,"Merritt and Cummins 2008","N","EcoAnalysts Inc.","A. Navesky",,,
"9e429eae-5ac7-40c0-a518-4eb06d8021d9","D07","WALK","WALK.AOS.reach","2018-03-13T13:39Z","2018-08-15","WALK.20180313.SURBER.2",,,"RHEEXI","Y","Rheotanytarsus exiguus gr.",,"speciesGroup","Arthropoda","Hexapoda","Insecta","Pterygota","Neoptera","Holometabola","Diptera","Nematocera","Culicomorpha",,"Chironomidae","Chironominae","Tanytarsini",,"Rheotanytarsus","exiguus gr.",,"larva",2,,1,31,3,"N","N",,"condition OK","Y",,"Epler 2001","N","EcoAnalysts Inc.","G. Wallace",,,
"e314da53-cbb3-4230-82ae-4a25d86e146d","D07","WALK","WALK.AOS.reach","2018-03-13T13:39Z","2018-07-24","WALK.20180313.SURBER.1",,,"BAETRI","Y","Baetis tricaudatus",,"species","Arthropoda","Hexapoda","Insecta","Pterygota","Palaeoptera",,"Ephemeroptera","Pisciforma",,,"Baetidae",,,,"Baetis","tricaudatus",,"larva",4,,1,63,2,"N","N",,"condition OK","Y",,"Wiersema 2004","Y","EcoAnalysts Inc.","A. Navesky",,,
"3746816e-7694-450a-8c38-1133eeafd116","D07","WALK","WALK.AOS.reach","2018-03-13T13:39Z","2018-07-24","WALK.20180313.SURBER.2",,,"GAMSP3","Y","Gammarus sp.",,"genus","Arthropoda","Crustacea","Malacostraca","Eumalacostraca",,"Peracarida","Amphipoda","Gammaridea",,,"Gammaridae",,,,"Gammarus","sp.",,"larva",3,,4,31,13,"N","N",,"condition OK","Y",,"Thorp and Covich 2001","N","EcoAnalysts Inc.","A. Navesky",,,
"6fc0cd66-9b80-45f9-9cb0-8b5e1601e6f2","D07","WALK","WALK.AOS.reach","2018-03-13T13:39Z","2018-08-21","WALK.20180313.SURBER.2",,,"LEUSP2","Y","Leuctridae sp.",,"family","Arthropoda","Hexapoda","Insecta","Pterygota","Neoptera","Polyneoptera","Plecoptera","Euholognatha",,,"Leuctridae",,,,,"sp.",,"larva",2,,53,31,170,"Y","N",,"condition OK","N",,"Stewart and Stark, 2002","N","EcoAnalysts Inc.","A. Navesky",,,
"478b4183-b6f9-4d85-b809-d273dac1d4e7","D07","WALK","WALK.AOS.reach","2018-03-13T13:39Z","2018-07-24","WALK.20180313.SURBER.3",,,"ACASP1","Y","Acari sp.",,"subclass","Arthropoda","Chelicerata","Arachnida","Acari",,,,,,,,,,,,"sp.",,"adult",1,,1,42,2,"Y","N",,"condition OK","Y",,"Thorp and Covich 2001","N","EcoAnalysts Inc.","A. Navesky",,,
"b97c93b1-1b6e-46c3-9a06-afd834be14b0","D07","WALK","WALK.AOS.reach","2018-03-13T13:39Z","2018-08-16","WALK.20180313.SURBER.6",,,"THISP2","Y","Thienemanniella sp.",,"genus","Arthropoda","Hexapoda","Insecta","Pterygota","Neoptera","Holometabola","Diptera","Nematocera","Culicomorpha",,"Chironomidae","Orthocladiinae",,,"Thienemanniella","sp.",,"larva",1,,6,78,8,"N","N",,"condition OK","Y",,"Epler 2001","N","EcoAnalysts Inc.","G. Wallace",,,
"be414b0c-0a0d-490f-9aea-1acb4e5344c6","D07","WALK","WALK.AOS.reach","2018-03-13T13:39Z","2018-07-25","WALK.20180313.SURBER.6",,,"CAPSP2","Y","Capniidae sp.",,"family","Arthropoda","Hexapoda","Insecta","Pterygota","Neoptera","Polyneoptera","Plecoptera","Euholognatha",,,"Capniidae",,,,,"sp.",,"larva",1,,5,78,6,"Y","N",,"condition OK","Y",,"Stewart and Stark, 2002","N","EcoAnalysts Inc.","A. Navesky",,,
"cabf8f56-c98e-4386-94e2-01c4066e7e87","D07","WALK","WALK.AOS.reach","2018-03-13T13:39Z","2018-07-24","WALK.20180313.SURBER.2",,,"OULSP","Y","Oulimnius sp.",,"genus","Arthropoda","Hexapoda","Insecta","Pterygota","Neoptera","Holometabola","Coleoptera","Polyphaga","Elateriformia","Byrrhoidea","Elmidae","Elminae","Elmini",,"Oulimnius","sp.",,"larva",1,,4,31,13,"N","N",,"condition OK","Y",,"Merritt and Cummins 2008","N","EcoAnalysts Inc.","A. Navesky",,,
"6d45c672-f57d-4c44-bbad-425262d87833","D07","WALK","WALK.AOS.reach","2018-03-13T13:39Z","2018-07-25","WALK.20180313.SURBER.6",,,"LEBSP1","Y","Lebertia sp.",,"genus","Arthropoda","Chelicerata","Arachnida","Acari",,"Acariformes","Trombidiformes","Prostigmata",,"Lebertioidea","Lebertiidae",,,,"Lebertia","sp.",,"adult",1,,1,78,1,"N","N",,"condition OK","Y",,"Thorp and Covich 2001","N","EcoAnalysts Inc.","A. Navesky",,,
"fdaf6db8-fbcb-48b8-8bb0-30bb1735c4ef","D07","WALK","WALK.AOS.reach","2018-03-13T13:39Z","2018-07-24","WALK.20180313.SURBER.2",,,"HEXSP3","Y","Hexatoma sp.",,"genus","Arthropoda","Hexapoda","Insecta","Pterygota","Neoptera","Holometabola","Diptera","Nematocera","Tipulomorpha",,"Tipulidae","Limoniinae","Hexatomini",,"Hexatoma","sp.",,"larva",5,,1,31,3,"N","N",,"condition OK","Y",,"Merritt and Cummins 2008","N","EcoAnalysts Inc.","A. Navesky",,,
"05b5bbeb-05a8-49ce-afc1-9f4fe010a6c4","D07","WALK","WALK.AOS.reach","2018-03-13T13:39Z","2018-08-15","WALK.20180313.SURBER.1",,"WALK.20180313.SURBER.1.POLYPEDILUM AVICEPS","POLAVI","Y","Polypedilum aviceps",,"species","Arthropoda","Hexapoda","Insecta","Pterygota","Neoptera","Holometabola","Diptera","Nematocera","Culicomorpha",,"Chironomidae","Chironominae","Chironomini",,"Polypedilum","aviceps",,"larva",1,,2,63,3,"N","N",,"condition OK","Y",,"Maschwitz and Cook 2000","Y","EcoAnalysts Inc.","G. Wallace",,,
"6a496fa9-3118-4690-a5d5-6bab4f7f194a","D07","WALK","WALK.AOS.reach","2018-03-13T13:39Z","2018-08-15","WALK.20180313.SURBER.1",,"WALK.20180313.SURBER.1.STEMPELLINELLA SP.","STESP10","Y","Stempellinella sp.",,"genus","Arthropoda","Hexapoda","Insecta","Pterygota","Neoptera","Holometabola","Diptera","Nematocera","Culicomorpha",,"Chironomidae","Chironominae","Tanytarsini",,"Stempellinella","sp.",,"larva",3,,1,63,2,"N","N",,"condition OK","Y",,"Epler 2001","Y","EcoAnalysts Inc.","G. Wallace",,,
"4de3c08c-37b3-4a0b-98a3-99e274809470","D07","WALK","WALK.AOS.reach","2018-03-13T13:39Z","2018-07-25","WALK.20180313.SURBER.6",,,"ELISP","Y","Elimia sp.",,"genus","Mollusca",,"Gastropoda",,,,"Neotaenioglossa",,,,"Pleuroceridae",,,,"Elimia","sp.",,"larva",8,,2,78,3,"N","N",,"condition OK","Y",,"Pennak, 1997","N","EcoAnalysts Inc.","A. Navesky",,,
"1a1497e1-2c42-4dda-8a38-5358e7777b03","D07","WALK","WALK.AOS.reach","2018-03-13T13:39Z","2018-07-24","WALK.20180313.SURBER.1",,,"PLESP2","Y","Pleuroceridae sp.",,"family","Mollusca",,"Gastropoda",,,,"Neotaenioglossa",,,,"Pleuroceridae",,,,,"sp.",,"larva",4,,1,63,2,"Y","N",,"condition OK","Y",,"Thorp and Covich 2001","Y","EcoAnalysts Inc.","A. Navesky",,,
"b06f689a-5236-43d8-a7da-687169f2d108","D07","WALK","WALK.AOS.reach","2018-03-13T13:39Z","2018-07-24","WALK.20180313.SURBER.2",,,"ELISP","Y","Elimia sp.",,"genus","Mollusca",,"Gastropoda",,,,"Neotaenioglossa",,,,"Pleuroceridae",,,,"Elimia","sp.",,"larva",8,,2,31,6,"N","N",,"condition OK","Y",,"Pennak, 1997","N","EcoAnalysts Inc.","A. Navesky",,,
"8c42c922-3934-4d52-a64d-19e61f4f644c","D07","WALK","WALK.AOS.reach","2018-03-13T13:39Z","2018-08-15","WALK.20180313.SURBER.1",,"WALK.20180313.SURBER.1.TANYTARSUS SP.","TANSP11","Y","Tanytarsus sp.",,"genus","Arthropoda","Hexapoda","Insecta","Pterygota","Neoptera","Holometabola","Diptera","Nematocera","Culicomorpha",,"Chironomidae","Chironominae","Tanytarsini",,"Tanytarsus","sp.",,"larva",2,,3,63,5,"N","N",,"condition OK","Y",,"Epler 2001","Y","EcoAnalysts Inc.","G. Wallace",,,
"28593530-100b-4ca2-9d4b-3acf22235338","D07","WALK","WALK.AOS.reach","2018-03-13T13:39Z","2018-08-15","WALK.20180313.SURBER.1",,"WALK.20180313.SURBER.1.THIENEMANNIELLA SP.","THISP2","Y","Thienemanniella sp.",,"genus","Arthropoda","Hexapoda","Insecta","Pterygota","Neoptera","Holometabola","Diptera","Nematocera","Culicomorpha",,"Chironomidae","Orthocladiinae",,,"Thienemanniella","sp.",,"larva",2,,1,63,2,"N","N",,"condition OK","Y",,"Epler 2001","Y","EcoAnalysts Inc.","G. Wallace",,,
"d8a20e7f-1cad-490c-ae50-a9e08e31c022","D07","WALK","WALK.AOS.reach","2018-03-13T13:39Z","2018-07-24","WALK.20180313.SURBER.1",,,"AGASP4","Y","Agapetus sp.",,"genus","Arthropoda","Hexapoda","Insecta","Pterygota","Neoptera","Holometabola","Trichoptera",,,"Glossosomatoidea","Glossosomatidae","Agapetinae",,,"Agapetus","sp.",,"larva",1,,1,63,2,"N","N",,"condition OK","Y",,"Wiggins 1996","Y","EcoAnalysts Inc.","A. Navesky",,,
"e32687c8-5193-422d-89bf-f3771e29db17","D07","WALK","WALK.AOS.reach","2018-03-13T13:39Z","2018-07-25","WALK.20180313.SURBER.6",,,"TORSP1","Y","Torrenticolidae sp.",,"family","Arthropoda","Chelicerata","Arachnida","Acari",,"Acariformes","Trombidiformes","Prostigmata",,"Lebertioidea","Torrenticolidae",,,,,"sp.",,"adult",1,,1,78,1,"N","N",,"damaged, affecting taxonomy","Y",,"Thorp and Covich 2001","N","EcoAnalysts Inc.","A. Navesky",,,
"242a0ca4-82a9-4aad-8949-ca648e3a12fc","D07","WALK","WALK.AOS.reach","2018-03-13T13:39Z","2018-07-27","WALK.20180313.SURBER.6",,"WALK.20180313.SURBER.6_OLIGOCHAETE_1/2|WALK.20180313.SURBER.6_OLIGOCHAETE_2/2","NAISP","Y","Naididae sp.","tubificoid Naididae w/o cap setae","family","Annelida","Clitellata","Oligochaeta","Oligochaeta",,,"Tubificida",,,,"Naididae",,,,,"sp.",,"larva",1,,1,78,1,"N","N",,"damaged, affecting measurement","Y",,"Kathman and Brinkhurst, 1998","N","EcoAnalysts Inc.","L. Flaherty",,,
"8c9a939b-b305-4a0d-8ad7-7bd142f4756c","D07","WALK","WALK.AOS.reach","2018-03-13T13:39Z","2018-07-24","WALK.20180313.SURBER.2",,,"TESSP1","Y","Testudacarus sp.",,"genus","Arthropoda","Chelicerata","Arachnida","Acari",,"Acariformes","Trombidiformes","Prostigmata",,"Lebertioidea","Torrenticolidae",,,,"Testudacarus","sp.",,"adult",1,,2,31,6,"N","N",,"condition OK","Y",,"Thorp and Covich 2001","N","EcoAnalysts Inc.","A. Navesky",,,
"10857ee8-fdc0-473d-b9c4-baee5b5df469","D07","WALK","WALK.AOS.reach","2018-03-13T13:39Z","2018-08-15","WALK.20180313.SURBER.1",,"WALK.20180313.SURBER.1.TRISSOPELOPIA SP.","TRISP16","Y","Trissopelopia sp.",,"genus","Arthropoda","Hexapoda","Insecta","Pterygota","Neoptera","Holometabola","Diptera","Nematocera","Culicomorpha",,"Chironomidae","Tanypodinae","Pentaneurini",,"Trissopelopia","sp.",,"larva",3,,1,63,2,"N","N",,"condition OK","Y",,"Epler 2001","Y","EcoAnalysts Inc.","G. Wallace",,,
"4bd8e30e-7fcc-4aaa-8ae2-6046ec158289","D07","WALK","WALK.AOS.reach","2018-03-13T13:39Z","2018-08-21","WALK.20180313.SURBER.1",,,"LEUSP2","Y","Leuctridae sp.",,"family","Arthropoda","Hexapoda","Insecta","Pterygota","Neoptera","Polyneoptera","Plecoptera","Euholognatha",,,"Leuctridae",,,,,"sp.",,"larva",2,,39,63,62,"Y","N",,"condition OK","N",,"Stewart and Stark, 2002","Y","EcoAnalysts Inc.","A. Navesky",,,
"f4c09011-35be-42fd-b636-c6ef84d0870e","D07","WALK","WALK.AOS.reach","2018-03-13T13:39Z","2018-07-25","WALK.20180313.SURBER.6",,,"HABSP1","Y","Habrophlebiodes sp.",,"genus","Arthropoda","Hexapoda","Insecta","Pterygota","Palaeoptera",,"Ephemeroptera","Furcatergalia","Lanceolata",,"Leptophlebiidae",,,,"Habrophlebiodes","sp.",,"larva",3,,2,78,3,"N","N",,"condition OK","Y",,"Merritt and Cummins 2008","N","EcoAnalysts Inc.","A. Navesky",,,
"7009814a-52f5-4e2e-be3a-dd5340a8e2a5","D07","WALK","WALK.AOS.reach","2018-03-13T13:39Z","2018-08-16","WALK.20180313.SURBER.3",,"WALK.20180313.SURBER.3.ORTHOCLADIUS (SYMPOSIOCLADIUS) LIGNICOLA","ORTLIG","Y","Orthocladius lignicola","(Symposiocladius)","species","Arthropoda","Hexapoda","Insecta","Pterygota","Neoptera","Holometabola","Diptera","Nematocera","Culicomorpha",,"Chironomidae","Orthocladiinae",,,"Orthocladius","lignicola",,"larva",2,,1,42,2,"N","N",,"condition OK","Y",,"Epler 2001","N","EcoAnalysts Inc.","G. Wallace",,,
"596d41f1-5a6d-44bf-b9f1-c53d85ba4996","D07","WALK","WALK.AOS.reach","2018-03-13T13:39Z","2018-07-25","WALK.20180313.SURBER.6",,,"NEMSP","Y","Nematoda sp.",,"phylum","Nematoda",,,,,,,,,,,,,,,"sp.",,"larva",3,,6,78,8,"N","N",,"condition OK","Y",,"Thorp and Covich 2001","N","EcoAnalysts Inc.","A. Navesky",,,
"c50865b2-ea97-4541-a6e0-fbb49e02d2c1","D07","WALK","WALK.AOS.reach","2018-03-13T13:39Z","2018-08-21","WALK.20180313.SURBER.5",,,"LEUSP2","Y","Leuctridae sp.",,"family","Arthropoda","Hexapoda","Insecta","Pterygota","Neoptera","Polyneoptera","Plecoptera","Euholognatha",,,"Leuctridae",,,,,"sp.",,"larva",2,,14,100,14,"Y","N",,"condition OK","N",,"Stewart and Stark, 2002","N","EcoAnalysts Inc.","A. Navesky",,,
"0672daf3-8d5b-44f0-a62a-0b92dcee0c08","D07","WALK","WALK.AOS.reach","2018-03-13T13:39Z","2018-08-15","WALK.20180313.SURBER.1",,"WALK.20180313.SURBER.1.CORYNONEURA SP.","CORSP19","Y","Corynoneura sp.",,"genus","Arthropoda","Hexapoda","Insecta","Pterygota","Neoptera","Holometabola","Diptera","Nematocera","Culicomorpha",,"Chironomidae","Orthocladiinae",,,"Corynoneura","sp.",,"larva",2,,1,63,2,"N","N",,"condition OK","Y",,"Epler 2001","Y","EcoAnalysts Inc.","G. Wallace",,,
"b8ef886f-dfc7-482b-8b24-c3efb0dbf244","D07","WALK","WALK.AOS.reach","2018-03-13T13:39Z","2018-07-24","WALK.20180313.SURBER.3",,,"TURSP","Y","Turbellaria sp.",,"class","Platyhelminthes",,"Turbellaria",,,,,,,,,,,,,"sp.",,"larva",2,,1,42,2,"N","Y",,"condition OK","Y",,"Thorp and Covich 2001","N","EcoAnalysts Inc.","A. Navesky",,,
"5423d41a-feaa-4115-b38d-f20ef48cfb2a","D07","WALK","WALK.AOS.reach","2018-03-13T13:39Z","2018-07-25","WALK.20180313.SURBER.6",,,"PERSP1","Y","Perlidae sp.",,"family","Arthropoda","Hexapoda","Insecta","Pterygota","Neoptera","Polyneoptera","Plecoptera","Systellognatha",,,"Perlidae",,,,,"sp.",,"larva",1,,1,78,1,"Y","N",,"condition OK","Y",,"Stewart and Stark, 2002","N","EcoAnalysts Inc.","A. Navesky",,,
"139efc03-13ee-4a4c-bf57-198f09d77883","D07","WALK","WALK.AOS.reach","2018-03-13T13:39Z","2018-07-25","WALK.20180313.SURBER.5",,,"LEPSP20","Y","Lepidostoma sp.",,"genus","Arthropoda","Hexapoda","Insecta","Pterygota","Neoptera","Holometabola","Trichoptera",,,"Limnephiloidea","Lepidostomatidae","Lepidostomatinae",,,"Lepidostoma","sp.",,"larva",1,,1,100,1,"N","N",,"condition OK","Y",,"Wiggins 1996","N","EcoAnalysts Inc.","A. Navesky",,,
"4d70e17f-ac12-4a61-8b2b-c24e6b451f45","D07","WALK","WALK.AOS.reach","2018-03-13T13:39Z","2018-07-24","WALK.20180313.SURBER.3",,,"PSEHER","Y","Psephenus herricki",,"species","Arthropoda","Hexapoda","Insecta","Pterygota","Neoptera","Holometabola","Coleoptera","Polyphaga","Elateriformia","Byrrhoidea","Psephenidae","Psepheninae",,,"Psephenus","herricki",,"larva",3,,3,42,7,"N","N",,"condition OK","Y",,"Merritt and Cummins 2008","N","EcoAnalysts Inc.","A. Navesky",,,
"a53919aa-e293-4ca7-9de0-b5f3078d0201","D07","WALK","WALK.AOS.reach","2018-03-13T13:39Z","2018-08-21","WALK.20180313.SURBER.3",,,"LEUSP2","Y","Leuctridae sp.",,"family","Arthropoda","Hexapoda","Insecta","Pterygota","Neoptera","Polyneoptera","Plecoptera","Euholognatha",,,"Leuctridae",,,,,"sp.",,"larva",1,,25,42,60,"Y","N",,"condition OK","N",,"Stewart and Stark, 2002","N","EcoAnalysts Inc.","A. Navesky",,,
"99584787-ed96-4abd-9a49-b342bc1ca8b0","D07","WALK","WALK.AOS.reach","2018-03-13T13:39Z","2018-07-24","WALK.20180313.SURBER.1",,,"NEMSP","Y","Nematoda sp.",,"phylum","Nematoda",,,,,,,,,,,,,,,"sp.",,"larva",33,,1,63,2,"N","Y",,"condition OK","Y",,"Thorp and Covich 2001","Y","EcoAnalysts Inc.","A. Navesky",,,
"ff68c015-e00e-4147-83dd-0f2a80dada0b","D07","WALK","WALK.AOS.reach","2018-03-13T13:39Z","2018-07-24","WALK.20180313.SURBER.2",,,"PROSP37","Y","Prostoma sp.",,"genus","Nemertea",,"Enopla",,,,"Hoplonemertea","Monostilifera",,,"Tetrastemmatidae",,,,"Prostoma","sp.",,"larva",2,,1,31,3,"N","N",,"condition OK","Y",,"Pennak, 1997, Thorp and Covich 2001","N","EcoAnalysts Inc.","A. Navesky",,,
"07fc7c62-b0f2-4a5d-95a5-925526b51733","D07","WALK","WALK.AOS.reach","2018-03-13T13:39Z","2018-07-24","WALK.20180313.SURBER.2",,,"PSEHER","Y","Psephenus herricki",,"species","Arthropoda","Hexapoda","Insecta","Pterygota","Neoptera","Holometabola","Coleoptera","Polyphaga","Elateriformia","Byrrhoidea","Psephenidae","Psepheninae",,,"Psephenus","herricki",,"larva",3,,2,31,6,"N","N",,"condition OK","Y",,"Merritt and Cummins 2008","N","EcoAnalysts Inc.","A. Navesky",,,
"3d69ccbc-cd64-4cb5-9f0c-b82c89788679","D07","WALK","WALK.AOS.reach","2018-03-13T13:39Z","2018-07-24","WALK.20180313.SURBER.1",,,"CLASP9","Y","Clathrosperchon sp.",,"genus","Arthropoda","Chelicerata","Arachnida","Acari",,"Acariformes","Trombidiformes","Prostigmata",,"Hydryphantoidea","Rhynchohydracaridae",,,,"Clathrosperchon","sp.",,"adult",1,,1,63,2,"N","N",,"condition OK","Y",,"Thorp and Covich 2001","Y","EcoAnalysts Inc.","A. Navesky",,,
"df80451e-3db2-469e-aa72-83fb14f46661","D07","WALK","WALK.AOS.reach","2018-03-13T13:39Z","2018-07-24","WALK.20180313.SURBER.2",,,"PLESP2","Y","Pleuroceridae sp.",,"family","Mollusca",,"Gastropoda",,,,"Neotaenioglossa",,,,"Pleuroceridae",,,,,"sp.",,"larva",2,,1,31,3,"Y","N",,"condition OK","N",,"Thorp and Covich 2001","N","EcoAnalysts Inc.","A. Navesky",,,
"4ad98e2e-ae8e-425e-a09b-a6a743a2a13e","D07","WALK","WALK.AOS.reach","2018-03-13T13:39Z","2018-08-21","WALK.20180313.SURBER.1",,,"STASP4","Y","Stactobiella sp.",,"genus","Arthropoda","Hexapoda","Insecta","Pterygota","Neoptera","Holometabola","Trichoptera",,,"Hydroptiloidea","Hydroptilidae","Hydroptilinae","Stactobiini",,"Stactobiella","sp.",,"larva",1,,1,63,2,"N","N",,"condition OK","Y",,"Wiggins 1996","Y","EcoAnalysts Inc.","A. Navesky",,,
"39809fc1-589e-42e1-ac53-dee73b776cbc","D07","WALK","WALK.AOS.reach","2018-03-13T13:39Z","2018-07-25","WALK.20180313.SURBER.6",,,"CERSP10","Y","Ceratopogoninae sp.",,"subfamily","Arthropoda","Hexapoda","Insecta","Pterygota","Neoptera","Holometabola","Diptera","Nematocera","Culicomorpha",,"Ceratopogonidae","Ceratopogoninae",,,,"sp.",,"larva",3,,1,78,1,"N","N",,"condition OK","Y",,"Merritt and Cummins 2008","N","EcoAnalysts Inc.","A. Navesky",,,
"b9a00594-f159-48e1-8c3c-ba8d7b07e281","D07","WALK","WALK.AOS.reach","2018-03-13T13:39Z","2018-07-24","WALK.20180313.SURBER.3",,,"GAMSP3","Y","Gammarus sp.",,"genus","Arthropoda","Crustacea","Malacostraca","Eumalacostraca",,"Peracarida","Amphipoda","Gammaridea",,,"Gammaridae",,,,"Gammarus","sp.",,"larva",8,,2,42,5,"N","N",,"condition OK","Y",,"Thorp and Covich 2001","N","EcoAnalysts Inc.","A. Navesky",,,
"0b161afc-aa6d-4694-854f-c7cfb617d776","D07","WALK","WALK.AOS.reach","2018-03-13T13:39Z","2018-08-16","WALK.20180313.SURBER.3",,"WALK.20180313.SURBER.3.EUKIEFFERIELLA BREHMI GR.","EUKBRE","Y","Eukiefferiella brehmi gr.",,"speciesGroup","Arthropoda","Hexapoda","Insecta","Pterygota","Neoptera","Holometabola","Diptera","Nematocera","Culicomorpha",,"Chironomidae","Orthocladiinae",,,"Eukiefferiella","brehmi gr.",,"larva",2,,1,42,2,"N","N",,"condition OK","Y",,"Epler 2001","N","EcoAnalysts Inc.","G. Wallace",,,
"e0728215-7a24-4270-aaea-30f870aa228b","D07","WALK","WALK.AOS.reach","2018-03-13T13:39Z","2018-07-25","WALK.20180313.SURBER.6",,,"HABVIB","Y","Habrophlebia vibrans",,"species","Arthropoda","Hexapoda","Insecta","Pterygota","Palaeoptera",,"Ephemeroptera","Furcatergalia","Lanceolata",,"Leptophlebiidae",,,,"Habrophlebia","vibrans",,"larva",3,,1,78,1,"N","N",,"condition OK","Y",,"Merritt and Cummins 2008","N","EcoAnalysts Inc.","A. Navesky",,,
"c9e2e0b6-1ead-4d12-9b33-c689f046e3c8","D07","WALK","WALK.AOS.reach","2018-03-13T13:39Z","2018-08-16","WALK.20180313.SURBER.6",,,"STESP10","Y","Stempellinella sp.",,"genus","Arthropoda","Hexapoda","Insecta","Pterygota","Neoptera","Holometabola","Diptera","Nematocera","Culicomorpha",,"Chironomidae","Chironominae","Tanytarsini",,"Stempellinella","sp.",,"larva",1,,15,78,19,"N","N",,"condition OK","Y",,"Epler 2001","N","EcoAnalysts Inc.","G. Wallace",,,
"bf4b3d6b-d42f-4323-a706-d3812f92b2cc","D07","WALK","WALK.AOS.reach","2018-03-13T13:39Z","2018-07-24","WALK.20180313.SURBER.2",,,"BAETRI","Y","Baetis tricaudatus",,"species","Arthropoda","Hexapoda","Insecta","Pterygota","Palaeoptera",,"Ephemeroptera","Pisciforma",,,"Baetidae",,,,"Baetis","tricaudatus",,"larva",4,,2,31,6,"N","N",,"condition OK","Y",,"Wiersema 2004","N","EcoAnalysts Inc.","A. Navesky",,,
"399176de-13c6-43d3-838f-c68ae322ded7","D07","WALK","WALK.AOS.reach","2018-03-13T13:39Z","2018-07-24","WALK.20180313.SURBER.2",,,"GOMSP","Y","Gomphidae sp.",,"family","Arthropoda","Hexapoda","Insecta","Pterygota","Palaeoptera",,"Odonata","Anisoptera",,,"Gomphidae",,,,,"sp.",,"larva",2,,1,31,3,"Y","N",,"condition OK","Y",,"Needham, Westfall and May 2000","N","EcoAnalysts Inc.","A. Navesky",,,
"012ef9fe-2aa9-4c68-b96e-bdb7046c2629","D07","WALK","WALK.AOS.reach","2018-03-13T13:39Z","2018-08-16","WALK.20180313.SURBER.6",,,"TRIJUC","Y","Tribelos jucundum",,"species","Arthropoda","Hexapoda","Insecta",,,,"Diptera","Nematocera",,,"Chironomidae","Chironominae","Chironomini",,"Tribelos","jucundum",,"larva",10,,2,78,3,"N","N",,"condition OK","Y",,"Epler 2001","N","EcoAnalysts Inc.","G. Wallace",,,
"8b020ea5-e71d-43c7-b4f9-c83a2d779248","D07","WALK","WALK.AOS.reach","2018-03-13T13:39Z","2018-07-24","WALK.20180313.SURBER.4",,,"POLSP12","Y","Polycentropus sp.",,"genus","Arthropoda","Hexapoda","Insecta","Pterygota","Neoptera","Holometabola","Trichoptera",,,"Hydropsychoidea","Polycentropodidae","Polycentropodinae",,,"Polycentropus","sp.",,"larva",3,,2,38,5,"N","N",,"condition OK","Y",,"Wiggins 1996","N","EcoAnalysts Inc.","A. Navesky",,,
"50e6c073-0f31-40b8-a289-611efd4eca8f","D07","WALK","WALK.AOS.reach","2018-03-13T13:39Z","2018-07-24","WALK.20180313.SURBER.1",,,"HABSP1","Y","Habrophlebiodes sp.",,"genus","Arthropoda","Hexapoda","Insecta","Pterygota","Palaeoptera",,"Ephemeroptera","Furcatergalia","Lanceolata",,"Leptophlebiidae",,,,"Habrophlebiodes","sp.",,"larva",1,,4,63,6,"N","N",,"condition OK","Y",,"Merritt and Cummins 2008","Y","EcoAnalysts Inc.","A. Navesky",,,
"42339be8-7a96-4fa4-986d-a89dc9659c3c","D07","WALK","WALK.AOS.reach","2018-03-13T13:39Z","2018-07-24","WALK.20180313.SURBER.2",,,"TALSP1","Y","Tallaperla sp.",,"genus","Arthropoda","Hexapoda","Insecta","Pterygota","Neoptera","Polyneoptera","Plecoptera","Systellognatha",,,"Peltoperlidae","Peltoperlinae",,,"Tallaperla","sp.",,"larva",6,,1,31,3,"N","N",,"condition OK","Y",,"Stewart and Stark, 2002","N","EcoAnalysts Inc.","A. Navesky",,,
"e60ba954-d7a8-4e27-afc8-359381ed0cf0","D07","WALK","WALK.AOS.reach","2018-03-13T13:39Z","2018-07-25","WALK.20180313.SURBER.5",,,"EMPSP","Y","Empididae sp.",,"family","Arthropoda","Hexapoda","Insecta","Pterygota","Neoptera","Holometabola","Diptera","Brachycera","Muscomorpha",,"Empididae",,,,,"sp.",,"larva",2,,3,100,3,"N","N",,"damaged, affecting taxonomy","Y",,"Merritt and Cummins 2008","N","EcoAnalysts Inc.","A. Navesky",,,
"df80a85b-b023-491d-bec5-05ce4a786957","D07","WALK","WALK.AOS.reach","2018-03-13T13:39Z","2018-08-15","WALK.20180313.SURBER.2",,"WALK.20180313.SURBER.2.HYDROSMITTIA SP.","HYDSP52","Y","Hydrosmittia sp.",,"genus","Arthropoda",,"Insecta","Pterygota","Neoptera",,"Diptera","Nematocera","Culicomorpha","Chironomoidea","Chironomidae","Orthocladiinae",,,"Hydrosmittia","sp.",,"larva",4,,1,31,3,"N","N",,"condition OK","Y",,"Anderson et al. 2013","N","EcoAnalysts Inc.","G. Wallace",,,
"f04102a3-0dc3-4ae1-8444-1d07c8306136","D07","WALK","WALK.AOS.reach","2018-03-13T13:39Z","2018-07-24","WALK.20180313.SURBER.4",,,"PLESP2","Y","Pleuroceridae sp.",,"family","Mollusca",,"Gastropoda",,,,"Neotaenioglossa",,,,"Pleuroceridae",,,,,"sp.",,"larva",4,,2,38,5,"Y","N",,"condition OK","N",,"Thorp and Covich 2001","N","EcoAnalysts Inc.","A. Navesky",,,
"835404ea-06e8-45da-9838-cd38dfdd509b","D07","WALK","WALK.AOS.reach","2018-03-13T13:39Z","2018-07-27","WALK.20180313.SURBER.6",,"WALK.20180313.SURBER.6_OLIGOCHAETE_2/2|WALK.20180313.SURBER.6_OLIGOCHAETE_1/2","LUMSP1","Y","Lumbricina sp.",,"suborder","Annelida","Clitellata","Oligochaeta","Oligochaeta",,,"Tubificida","Lumbricina",,,,,,,,"sp.",,"larva",30,,1,78,1,"N","N",,"condition OK","Y",,"Kathman and Brinkhurst, 1999","N","EcoAnalysts Inc.","L. Flaherty",,,
"bfb08c3f-f547-493c-9769-6692e4b77e8b","D07","WALK","WALK.AOS.reach","2018-03-13T13:39Z","2018-07-25","WALK.20180313.SURBER.5",,,"GAMSP3","Y","Gammarus sp.",,"genus","Arthropoda","Crustacea","Malacostraca","Eumalacostraca",,"Peracarida","Amphipoda","Gammaridea",,,"Gammaridae",,,,"Gammarus","sp.",,"larva",3,,2,100,2,"N","N",,"condition OK","Y",,"Thorp and Covich 2001","N","EcoAnalysts Inc.","A. Navesky",,,
"13301142-db3d-4a18-80e9-a637a56160dc","D07","WALK","WALK.AOS.reach","2018-03-13T13:39Z","2018-07-24","WALK.20180313.SURBER.3",,,"OCHSP1","Y","Ochrotrichia sp.",,"genus","Arthropoda","Hexapoda","Insecta","Pterygota","Neoptera","Holometabola","Trichoptera",,,"Hydroptiloidea","Hydroptilidae","Hydroptilinae","Ochrotrichiini",,"Ochrotrichia","sp.",,"larva",1,,4,42,10,"N","N",,"condition OK","Y",,"Wiggins 1996","N","EcoAnalysts Inc.","A. Navesky",,,
"42766cad-30c6-48e6-a854-7d5a3c0d46b5","D07","WALK","WALK.AOS.reach","2018-03-13T13:39Z","2018-07-25","WALK.20180313.SURBER.8",,,"LEPSP4","Y","Leptophlebiidae sp.",,"family","Arthropoda","Hexapoda","Insecta","Pterygota","Palaeoptera",,"Ephemeroptera","Furcatergalia","Lanceolata",,"Leptophlebiidae",,,,,"sp.",,"larva",1,,1,100,1,"Y","N",,"damaged, affecting measurement","N",,"Merritt and Cummins 2008","N","EcoAnalysts Inc.","A. Navesky",,,
"ce269b47-b8bd-4fe6-afb3-bf7bc1374d12","D07","WALK","WALK.AOS.reach","2018-03-13T13:39Z","2018-07-24","WALK.20180313.SURBER.2",,,"SPESP5","Y","Sperchonopsis sp.",,"genus","Arthropoda","Chelicerata","Arachnida","Acari",,"Acariformes","Trombidiformes","Prostigmata",,"Lebertioidea","Sperchontidae",,,,"Sperchonopsis","sp.",,"adult",1,,1,31,3,"N","N",,"condition OK","Y",,"Thorp and Covich 2001","N","EcoAnalysts Inc.","A. Navesky",,,
"c8bcc428-5d33-4f71-8839-de3edbdea484","D07","WALK","WALK.AOS.reach","2018-03-13T13:39Z","2018-07-27","WALK.20180313.SURBER.6",,"WALK.20180313.SURBER.6_OLIGOCHAETE_1/2|WALK.20180313.SURBER.6_OLIGOCHAETE_2/2","LUMSP1","Y","Lumbricina sp.",,"suborder","Annelida","Clitellata","Oligochaeta","Oligochaeta",,,"Tubificida","Lumbricina",,,,,,,,"sp.",,"larva",25,,1,78,1,"N","N",,"condition OK","Y",,"Kathman and Brinkhurst, 1999","N","EcoAnalysts Inc.","L. Flaherty",,,
"7ed84d24-d83a-4de1-b1b7-70b83e70da15","D07","WALK","WALK.AOS.reach","2018-03-13T13:39Z","2018-07-24","WALK.20180313.SURBER.2",,,"HEPSP","Y","Heptageniidae sp.",,"family","Arthropoda","Hexapoda","Insecta","Pterygota","Palaeoptera",,"Ephemeroptera","Pisciforma",,"Heptagenioidea","Heptageniidae",,,,,"sp.",,"larva",1,,1,31,3,"Y","N",,"condition OK","Y",,"Merritt and Cummins 2008","N","EcoAnalysts Inc.","A. Navesky",,,
"ec04eb09-1962-48ed-a8e7-1383fb1d77d2","D07","WALK","WALK.AOS.reach","2018-03-13T13:39Z","2018-07-25","WALK.20180313.SURBER.7",,,"POLSP12","Y","Polycentropus sp.",,"genus","Arthropoda","Hexapoda","Insecta","Pterygota","Neoptera","Holometabola","Trichoptera",,,"Hydropsychoidea","Polycentropodidae","Polycentropodinae",,,"Polycentropus","sp.",,"larva",2,,4,100,4,"N","N",,"condition OK","Y",,"Wiggins 1996","N","EcoAnalysts Inc.","A. Navesky",,,
"5a42b465-3fb2-4dad-8869-6fde09a1a55c","D07","WALK","WALK.AOS.reach","2018-03-13T13:39Z","2018-08-16","WALK.20180313.SURBER.6",,,"PARSP33","Y","Paratendipes sp.",,"genus","Arthropoda","Hexapoda","Insecta","Pterygota","Neoptera","Holometabola","Diptera","Nematocera","Culicomorpha",,"Chironomidae","Chironominae","Chironomini",,"Paratendipes","sp.",,"larva",2,,4,78,5,"N","N",,"condition OK","Y",,"Epler 2001, and Maschwitz and Cook 2000","N","EcoAnalysts Inc.","G. Wallace",,,
